Dataset,Fold,Fold Accuracy,Training Time,Testing Time,Imputer Strategy_none,Imputer Strategy_simpleimputer,Categorical Strategy_none,Categorical Strategy_onehot,Categorical Strategy_ordinalencoder,Feature Selection_extra_tree,Feature Selection_fastica,Feature Selection_feature_agglomeration,Feature Selection_generic_univariate,Feature Selection_kernel_pca,Feature Selection_linear_svc,Feature Selection_none,Feature Selection_nystroem,Feature Selection_pca,Feature Selection_polynomial_features,Feature Selection_random_trees_embedding,Feature Selection_rbf_sampler,Feature Selection_select_percentile,Feature Selection_truncated_svd,Scaler_minmax,Scaler_none,Scaler_normalizer,Scaler_power,Scaler_quantile,Scaler_robust,Scaler_standard,n_estimators,criterion,max_depth,min_samples_split,min_samples_leaf,max_features,bootstrap,random_state
sick_38,0,0.9841059602649008,0.1799900531768798,0.0119795799255371,1,0,0,0,1,1,0,0,0,0,0,0,0,0,0,0,0,0,0,1,0,0,0,0,0,0,114,entropy,,2,1,log2,True,0
sick_38,0,0.9841059602649008,0.1720252037048339,0.0112347602844238,1,0,0,0,1,1,0,0,0,0,0,0,0,0,0,0,0,0,0,0,0,0,0,0,1,0,25,gini,31.0,3,2,,False,0
sick_38,0,0.9841059602649008,0.1740751266479492,0.0115432739257812,1,0,0,0,1,1,0,0,0,0,0,0,0,0,0,0,0,0,0,0,0,0,0,0,0,1,140,entropy,1.0,3,1,log2,False,0
sick_38,0,0.9841059602649008,0.1758427619934082,0.0118341445922851,1,0,0,0,1,1,0,0,0,0,0,0,0,0,0,0,0,0,0,0,1,0,0,0,0,0,106,log_loss,,2,1,sqrt,True,0
sick_38,0,0.9827814569536424,0.1699802875518798,0.0117390155792236,1,0,0,1,0,1,0,0,0,0,0,0,0,0,0,0,0,0,0,0,0,0,0,0,0,1,110,gini,,3,1,sqrt,False,0
sick_38,0,0.9827814569536424,0.1695513725280761,0.0116972923278808,1,0,0,1,0,1,0,0,0,0,0,0,0,0,0,0,0,0,0,0,1,0,0,0,0,0,54,gini,19.0,2,1,sqrt,True,0
sick_38,0,0.9827814569536424,0.1691370010375976,0.0116031169891357,1,0,0,1,0,1,0,0,0,0,0,0,0,0,0,0,0,0,0,0,0,0,0,0,1,0,121,gini,,2,1,log2,False,0
sick_38,0,0.9827814569536424,0.1747264862060547,0.0129640102386474,1,0,0,1,0,1,0,0,0,0,0,0,0,0,0,0,0,0,0,1,0,0,0,0,0,0,142,entropy,10.0,2,1,sqrt,False,0
sick_38,0,0.9788079470198676,0.1687264442443847,0.011589765548706,1,0,0,1,0,1,0,0,0,0,0,0,0,0,0,0,0,0,0,0,0,0,0,1,0,0,106,gini,,2,1,log2,False,0
sick_38,0,0.9788079470198676,0.2072236537933349,0.0140323638916015,1,0,0,0,1,0,0,0,0,0,0,1,0,0,0,0,0,0,0,0,1,0,0,0,0,0,74,gini,30.0,2,2,,True,0
sick_38,0,0.9788079470198676,0.211292028427124,0.0124628543853759,1,0,0,0,1,0,0,0,0,0,0,1,0,0,0,0,0,0,0,1,0,0,0,0,0,0,78,gini,11.0,2,1,sqrt,True,0
sick_38,0,0.9788079470198676,0.2072956562042236,0.0125868320465087,1,0,0,0,1,0,0,0,0,0,0,1,0,0,0,0,0,0,0,0,0,0,0,0,0,1,111,gini,1.0,3,2,sqrt,False,0
sick_38,0,0.9788079470198676,0.203773021697998,0.0124619007110595,1,0,0,0,1,0,0,0,0,0,0,1,0,0,0,0,0,0,0,0,0,0,0,0,1,0,102,entropy,1.0,3,1,log2,True,0
sick_38,0,0.9774834437086092,0.1695120334625244,0.0113885402679443,1,0,0,0,1,1,0,0,0,0,0,0,0,0,0,0,0,0,0,0,0,0,0,1,0,0,145,gini,,2,1,sqrt,False,0
sick_38,1,0.9774834437086092,0.1698768138885498,0.0111908912658691,1,0,0,0,1,1,0,0,0,0,0,0,0,0,0,0,0,0,0,0,0,0,0,1,0,0,76,entropy,,2,1,log2,False,0
sick_38,1,0.9774834437086092,0.1686339378356933,0.0116984844207763,1,0,0,1,0,1,0,0,0,0,0,0,0,0,0,0,0,0,0,0,0,0,0,1,0,0,39,gini,16.0,3,3,log2,True,0
sick_38,1,0.9774834437086092,0.1722772121429443,0.0119941234588623,1,0,0,1,0,1,0,0,0,0,0,0,0,0,0,0,0,0,0,1,0,0,0,0,0,0,118,gini,14.0,2,1,sqrt,True,0
sick_38,1,0.9774834437086092,0.1705777645111084,0.0117237567901611,1,0,0,1,0,1,0,0,0,0,0,0,0,0,0,0,0,0,0,0,0,0,0,0,1,0,76,log_loss,,4,1,,False,0
sick_38,1,0.9774834437086092,0.1690034866333007,0.0165607929229736,1,0,0,1,0,1,0,0,0,0,0,0,0,0,0,0,0,0,0,0,1,0,0,0,0,0,139,entropy,22.0,2,1,sqrt,False,0
sick_38,1,0.9774834437086092,0.1661503314971923,0.0114221572875976,1,0,0,1,0,1,0,0,0,0,0,0,0,0,0,0,0,0,0,0,0,0,0,0,0,1,100,log_loss,32.0,2,2,sqrt,True,0
autoUniv-au6-1000_1555,3,0.32,0.4277737140655517,0.0077395439147949,1,0,0,1,0,0,0,0,0,0,0,0,0,0,1,0,0,0,0,0,0,0,0,1,0,0,133,gini,1.0,4,1,,True,0
autoUniv-au6-1000_1555,3,0.32,0.1532707214355468,0.0074727535247802,0,1,0,1,0,0,0,0,0,0,1,0,0,0,0,0,0,0,0,0,0,0,0,0,0,1,49,gini,,2,3,sqrt,True,0
autoUniv-au6-1000_1555,3,0.32,0.4254548549652099,0.0077474117279052,0,1,0,1,0,0,0,0,0,0,0,0,0,0,1,0,0,0,0,0,0,0,0,1,0,0,107,entropy,5.0,2,2,sqrt,True,0
autoUniv-au6-1000_1555,3,0.32,0.1461527347564697,0.0072932243347167,1,0,0,1,0,0,0,0,0,0,1,0,0,0,0,0,0,0,0,0,0,0,0,0,0,1,65,log_loss,,2,1,,False,0
autoUniv-au6-1000_1555,1,0.32,0.1525013446807861,0.007648229598999,1,0,0,0,1,0,0,0,0,0,1,0,0,0,0,0,0,0,0,1,0,0,0,0,0,0,39,log_loss,4.0,2,2,sqrt,False,0
autoUniv-au6-1000_1555,1,0.32,0.1536273956298828,0.0079512596130371,0,1,0,0,1,0,0,0,0,0,1,0,0,0,0,0,0,0,0,1,0,0,0,0,0,0,57,log_loss,,4,1,sqrt,False,0
autoUniv-au6-1000_1555,3,0.31,0.1789190769195556,0.0076568126678466,0,1,0,1,0,0,0,0,0,0,0,1,0,0,0,0,0,0,0,0,1,0,0,0,0,0,73,gini,19.0,2,1,log2,False,0
autoUniv-au6-1000_1555,3,0.31,0.1821675300598144,0.0075330734252929,0,1,0,1,0,0,0,0,0,0,0,1,0,0,0,0,0,0,0,1,0,0,0,0,0,0,162,log_loss,,2,1,sqrt,False,0
autoUniv-au6-1000_1555,3,0.31,0.1696946620941162,0.0073418617248535,0,1,0,1,0,0,0,0,0,0,0,1,0,0,0,0,0,0,0,0,0,0,0,0,1,0,71,log_loss,,4,2,log2,False,0
autoUniv-au6-1000_1555,3,0.31,0.1722867488861084,0.007997989654541,0,1,0,1,0,0,0,0,0,0,0,1,0,0,0,0,0,0,0,0,0,0,0,0,0,1,36,gini,,3,2,sqrt,False,0
autoUniv-au6-1000_1555,3,0.31,0.2269556522369384,0.0084869861602783,1,0,0,0,1,0,0,0,0,0,0,0,1,0,0,0,0,0,0,0,1,0,0,0,0,0,107,gini,,2,1,log2,False,0
autoUniv-au6-1000_1555,3,0.31,0.2111473083496093,0.0082216262817382,0,1,0,0,1,0,0,0,0,0,0,0,1,0,0,0,0,0,0,0,1,0,0,0,0,0,101,entropy,1.0,2,1,sqrt,True,0
autoUniv-au6-1000_1555,3,0.31,0.1725056171417236,0.0078101158142089,1,0,0,1,0,0,0,0,0,0,0,1,0,0,0,0,0,0,0,0,0,0,0,0,1,0,75,gini,,2,1,,False,0
autoUniv-au6-1000_1555,3,0.31,0.1687722206115722,0.0075459480285644,1,0,0,1,0,0,0,0,0,0,0,1,0,0,0,0,0,0,0,1,0,0,0,0,0,0,92,entropy,21.0,2,1,sqrt,False,0
autoUniv-au6-1000_1555,3,0.31,0.2075328826904297,0.0082271099090576,0,1,0,1,0,0,0,0,0,0,0,0,1,0,0,0,0,0,0,0,1,0,0,0,0,0,149,log_loss,17.0,3,1,log2,False,0
autoUniv-au6-1000_1555,3,0.31,0.1706774234771728,0.00758957862854,1,0,0,1,0,0,0,0,0,0,0,1,0,0,0,0,0,0,0,0,0,0,0,0,0,1,134,log_loss,21.0,2,1,,False,0
autoUniv-au6-1000_1555,3,0.31,0.1673674583435058,0.0080218315124511,1,0,0,1,0,0,0,0,0,0,0,1,0,0,0,0,0,0,0,0,1,0,0,0,0,0,129,log_loss,,2,3,sqrt,True,0
autoUniv-au6-1000_1555,3,0.31,0.2107822895050048,0.0080409049987792,1,0,0,1,0,0,0,0,0,0,0,0,1,0,0,0,0,0,0,0,1,0,0,0,0,0,41,gini,23.0,2,2,sqrt,True,0
autoUniv-au6-1000_1555,3,0.305,0.4236228466033935,0.0081818103790283,0,1,0,1,0,0,0,0,0,0,0,0,0,0,1,0,0,0,0,1,0,0,0,0,0,0,244,gini,,4,1,sqrt,False,0
autoUniv-au6-1000_1555,3,0.305,0.1734712123870849,0.0074348449707031,1,0,0,0,1,0,0,0,0,0,0,1,0,0,0,0,0,0,0,0,0,0,1,0,0,0,153,entropy,26.0,2,1,,False,0
analcatdata_creditscore_461,3,1.0,0.0692248344421386,0.003993272781372,1,0,1,0,0,0,0,0,1,0,0,0,0,0,0,0,0,0,0,0,1,0,0,0,0,0,126,gini,,3,1,,False,0
analcatdata_creditscore_461,4,1.0,0.0780887603759765,0.0040414333343505,0,1,0,0,1,0,0,0,0,1,0,0,0,0,0,0,0,0,0,0,0,0,0,1,0,0,42,gini,13.0,2,1,,True,0
analcatdata_creditscore_461,4,1.0,0.0687100887298584,0.0039417743682861,1,0,1,0,0,0,0,0,0,0,0,0,0,0,0,0,0,1,0,0,1,0,0,0,0,0,147,entropy,,2,3,log2,True,0
analcatdata_creditscore_461,3,1.0,0.0688858032226562,0.0040783882141113,1,0,1,0,0,0,0,0,0,0,0,0,0,0,0,0,0,1,0,0,1,0,0,0,0,0,75,gini,15.0,2,1,sqrt,False,0
analcatdata_creditscore_461,1,1.0,0.0924170017242431,0.0043389797210693,1,0,1,0,0,0,0,0,0,0,0,0,1,0,0,0,0,0,0,0,1,0,0,0,0,0,90,gini,,4,3,sqrt,False,0
analcatdata_creditscore_461,0,1.0,0.1233394145965576,0.0046331882476806,1,0,1,0,0,0,0,0,0,0,0,0,1,0,0,0,0,0,0,0,1,0,0,0,0,0,16,gini,,4,3,,False,0
analcatdata_creditscore_461,3,1.0,0.0696227550506591,0.0038974285125732,1,0,1,0,0,0,0,0,0,0,0,0,0,0,1,0,0,0,0,0,1,0,0,0,0,0,38,log_loss,15.0,2,1,sqrt,False,0
analcatdata_creditscore_461,1,1.0,0.0686070919036865,0.0039951801300048,0,1,0,0,1,1,0,0,0,0,0,0,0,0,0,0,0,0,0,0,0,0,0,1,0,0,122,gini,13.0,2,1,sqrt,False,0
analcatdata_creditscore_461,3,1.0,0.0676155090332031,0.0040626525878906,0,1,0,0,1,1,0,0,0,0,0,0,0,0,0,0,0,0,0,0,0,0,0,1,0,0,150,gini,23.0,2,1,log2,False,0
analcatdata_creditscore_461,4,1.0,0.0673742294311523,0.0039052963256835,0,1,0,0,1,1,0,0,0,0,0,0,0,0,0,0,0,0,0,0,0,0,0,1,0,0,134,log_loss,,2,1,sqrt,True,0
analcatdata_creditscore_461,0,1.0,0.0671107769012451,0.0038814544677734,0,1,0,0,1,0,0,0,0,0,1,0,0,0,0,0,0,0,0,0,0,0,0,1,0,0,133,gini,12.0,2,1,sqrt,True,0
analcatdata_creditscore_461,1,1.0,0.0672194957733154,0.0038456916809082,0,1,0,0,1,0,0,0,0,0,1,0,0,0,0,0,0,0,0,0,0,0,0,1,0,0,97,gini,3.0,5,2,log2,False,0
analcatdata_creditscore_461,3,1.0,0.07881760597229,0.0045177936553955,0,1,0,0,1,0,0,0,0,0,0,0,0,0,0,1,0,0,0,0,0,0,0,1,0,0,80,entropy,,2,1,sqrt,True,0
analcatdata_creditscore_461,3,1.0,0.0792703628540039,0.0043039321899414,0,1,0,1,0,0,0,0,0,0,0,0,0,0,0,1,0,0,0,0,1,0,0,0,0,0,114,gini,,3,1,sqrt,False,0
analcatdata_creditscore_461,4,1.0,0.0803308486938476,0.0045173168182373,0,1,0,1,0,0,0,0,0,0,0,0,0,0,0,1,0,0,0,0,1,0,0,0,0,0,141,gini,28.0,2,1,log2,False,0
analcatdata_creditscore_461,0,1.0,0.0704472064971923,0.004124641418457,0,1,0,0,1,1,0,0,0,0,0,0,0,0,0,0,0,0,0,0,0,0,0,1,0,0,100,log_loss,12.0,2,2,log2,True,0
analcatdata_creditscore_461,4,1.0,0.0750167369842529,0.0043683052062988,0,1,0,1,0,0,0,1,0,0,0,0,0,0,0,0,0,0,0,0,1,0,0,0,0,0,161,gini,9.0,2,3,sqrt,True,0
analcatdata_creditscore_461,0,1.0,0.076993703842163,0.0044198036193847,0,1,0,1,0,1,0,0,0,0,0,0,0,0,0,0,0,0,0,0,1,0,0,0,0,0,89,entropy,1.0,2,1,sqrt,True,0
analcatdata_creditscore_461,1,1.0,0.0749208927154541,0.0043890476226806,0,1,0,1,0,1,0,0,0,0,0,0,0,0,0,0,0,0,0,0,1,0,0,0,0,0,51,entropy,,2,1,,False,0
analcatdata_creditscore_461,3,1.0,0.076611042022705,0.0043411254882812,0,1,0,1,0,1,0,0,0,0,0,0,0,0,0,0,0,0,0,0,1,0,0,0,0,0,99,gini,21.0,2,1,sqrt,True,0
sa-heart_1498,2,0.7934782608695652,0.1380743980407714,0.0051143169403076,1,0,0,0,1,0,0,0,0,0,0,0,1,0,0,0,0,0,0,0,0,0,0,0,1,0,105,entropy,23.0,3,1,sqrt,False,0
sa-heart_1498,2,0.7934782608695652,0.1114323139190673,0.0048165321350097,0,1,0,0,1,0,0,0,0,0,0,0,0,0,0,0,1,0,0,0,0,0,0,1,0,0,96,gini,25.0,4,1,sqrt,False,0
sa-heart_1498,2,0.7934782608695652,0.1471636295318603,0.0058133602142333,0,1,0,1,0,0,0,0,0,0,0,0,1,0,0,0,0,0,0,0,0,0,0,0,1,0,164,gini,13.0,2,1,sqrt,True,0
sa-heart_1498,2,0.7934782608695652,0.1116759777069091,0.0049052238464355,1,0,1,0,0,0,0,0,0,0,0,0,0,0,0,0,1,0,0,0,0,0,0,1,0,0,140,entropy,16.0,4,1,log2,True,0
sa-heart_1498,2,0.7934782608695652,0.1131470203399658,0.0051062107086181,0,1,0,1,0,0,0,0,0,0,0,0,0,0,0,0,1,0,0,0,0,0,0,1,0,0,28,gini,,2,1,,True,0
sa-heart_1498,2,0.7934782608695652,0.1360211372375488,0.0049703121185302,0,1,0,0,1,0,0,0,0,0,0,0,1,0,0,0,0,0,0,0,0,0,0,0,1,0,177,entropy,,3,1,sqrt,True,0
sa-heart_1498,2,0.7934782608695652,0.1345179080963134,0.0050189495086669,1,0,0,1,0,0,0,0,0,0,0,0,1,0,0,0,0,0,0,0,0,0,0,0,1,0,10,gini,,7,1,,False,0
sa-heart_1498,2,0.7934782608695652,0.1130211353302002,0.0050983428955078,1,0,0,0,1,0,0,0,0,0,0,0,0,0,0,0,1,0,0,0,0,0,0,1,0,0,208,gini,24.0,2,1,,False,0
sa-heart_1498,2,0.7934782608695652,0.135587453842163,0.0049972534179687,0,1,1,0,0,0,0,0,0,0,0,0,1,0,0,0,0,0,0,0,0,0,0,0,1,0,86,entropy,,2,1,sqrt,True,0
sa-heart_1498,2,0.7934782608695652,0.1104586124420166,0.0048904418945312,0,1,1,0,0,0,0,0,0,0,0,0,0,0,0,0,1,0,0,0,0,0,0,1,0,0,91,gini,14.0,2,1,sqrt,False,0
sa-heart_1498,2,0.7934782608695652,0.1334164142608642,0.0049936771392822,1,0,1,0,0,0,0,0,0,0,0,0,1,0,0,0,0,0,0,0,0,0,0,0,1,0,97,log_loss,,3,2,log2,False,0
sa-heart_1498,2,0.7934782608695652,0.1151161193847656,0.0048432350158691,1,0,0,1,0,0,0,0,0,0,0,0,0,0,0,0,1,0,0,0,0,0,0,1,0,0,119,entropy,,3,3,sqrt,False,0
sa-heart_1498,0,0.7849462365591398,0.2033250331878662,0.0060839653015136,0,1,0,1,0,0,0,0,0,0,0,0,0,0,0,1,0,0,0,0,0,0,0,1,0,0,100,log_loss,23.0,2,4,log2,False,0
sa-heart_1498,0,0.7849462365591398,0.2011454105377197,0.0061080455780029,0,1,0,0,1,0,0,0,0,0,0,0,0,0,0,1,0,0,0,0,0,0,0,1,0,0,93,gini,27.0,2,2,log2,False,0
sa-heart_1498,0,0.7849462365591398,0.0915148258209228,0.0049774646759033,1,0,1,0,0,0,0,0,0,0,0,0,0,1,0,0,0,0,0,0,0,0,0,0,1,0,165,log_loss,,2,2,sqrt,True,0
sa-heart_1498,0,0.7849462365591398,0.1013050079345703,0.0053226947784423,1,0,0,0,1,0,0,0,0,0,0,0,0,1,0,0,0,0,0,0,0,0,0,0,1,0,128,entropy,21.0,2,1,sqrt,True,0
sa-heart_1498,0,0.7849462365591398,0.2019343376159668,0.0062065124511718,1,0,0,1,0,0,0,0,0,0,0,0,0,0,0,1,0,0,0,0,0,0,0,1,0,0,52,entropy,11.0,2,1,sqrt,False,0
sa-heart_1498,0,0.7849462365591398,0.0923454761505127,0.0049610137939453,0,1,0,0,1,0,0,0,0,0,0,0,0,1,0,0,0,0,0,0,0,0,0,0,1,0,137,log_loss,,2,1,sqrt,True,0
sa-heart_1498,0,0.7849462365591398,0.2042996883392334,0.0060858726501464,1,0,0,0,1,0,0,0,0,0,0,0,0,0,0,1,0,0,0,0,0,0,0,1,0,0,126,entropy,,2,1,sqrt,False,0
sa-heart_1498,0,0.7849462365591398,0.0912692546844482,0.00498628616333,0,1,1,0,0,0,0,0,0,0,0,0,0,1,0,0,0,0,0,0,0,0,0,0,1,0,73,log_loss,9.0,2,2,,False,0
autoUniv-au6-400_1551,0,0.4375,0.1074590682983398,0.0055477619171142,1,0,0,1,0,1,0,0,0,0,0,0,0,0,0,0,0,0,0,0,0,0,0,0,0,1,140,entropy,,2,1,sqrt,True,0
autoUniv-au6-400_1551,0,0.4375,0.1080343723297119,0.00543212890625,1,0,0,1,0,1,0,0,0,0,0,0,0,0,0,0,0,0,0,1,0,0,0,0,0,0,92,entropy,29.0,2,1,log2,False,0
autoUniv-au6-400_1551,0,0.4375,0.1114249229431152,0.0055274963378906,0,1,0,1,0,1,0,0,0,0,0,0,0,0,0,0,0,0,0,0,0,0,0,0,0,1,89,gini,27.0,3,1,sqrt,False,0
autoUniv-au6-400_1551,0,0.4375,0.1159117221832275,0.0062243938446044,0,1,0,1,0,1,0,0,0,0,0,0,0,0,0,0,0,0,0,0,1,0,0,0,0,0,88,gini,,2,1,,False,0
autoUniv-au6-400_1551,0,0.4375,0.1130356788635253,0.0058891773223876,0,1,0,1,0,1,0,0,0,0,0,0,0,0,0,0,0,0,0,1,0,0,0,0,0,0,10,entropy,,2,1,,True,0
autoUniv-au6-400_1551,0,0.4375,0.1113650798797607,0.0055806636810302,0,1,0,1,0,1,0,0,0,0,0,0,0,0,0,0,0,0,0,0,0,0,0,0,1,0,74,log_loss,,2,1,,True,0
autoUniv-au6-400_1551,0,0.4375,0.1091434955596923,0.0055334568023681,1,0,0,1,0,1,0,0,0,0,0,0,0,0,0,0,0,0,0,0,1,0,0,0,0,0,136,log_loss,24.0,2,2,sqrt,False,0
autoUniv-au6-400_1551,0,0.4375,0.1136107444763183,0.0057399272918701,1,0,0,1,0,1,0,0,0,0,0,0,0,0,0,0,0,0,0,0,0,0,0,0,1,0,99,entropy,15.0,4,2,sqrt,False,0
autoUniv-au6-400_1551,0,0.4125,0.1055779457092285,0.005617618560791,1,0,0,1,0,0,0,0,0,0,1,0,0,0,0,0,0,0,0,0,0,0,0,1,0,0,36,entropy,9.0,4,2,sqrt,False,0
autoUniv-au6-400_1551,0,0.4125,0.106220006942749,0.0057106018066406,0,1,0,1,0,0,0,0,0,0,1,0,0,0,0,0,0,0,0,0,0,0,0,1,0,0,148,gini,,2,1,sqrt,False,0
autoUniv-au6-400_1551,0,0.4125,0.1029636859893798,0.005528450012207,1,0,0,1,0,0,0,0,0,0,1,0,0,0,0,0,0,0,0,0,0,0,1,0,0,0,85,gini,,3,1,,True,0
autoUniv-au6-400_1551,0,0.4125,0.1112339496612548,0.0058577060699462,0,1,0,1,0,0,0,0,0,0,1,0,0,0,0,0,0,0,0,0,0,0,1,0,0,0,39,gini,,4,1,log2,False,0
autoUniv-au6-400_1551,3,0.4125,0.1312189102172851,0.0058376789093017,0,1,0,0,1,0,0,0,0,0,0,0,0,0,0,0,1,0,0,1,0,0,0,0,0,0,210,gini,,2,1,log2,False,0
autoUniv-au6-400_1551,3,0.4125,0.1508734226226806,0.0056555271148681,1,0,0,0,1,0,0,0,0,0,0,0,0,0,0,0,1,0,0,1,0,0,0,0,0,0,47,entropy,25.0,3,2,,False,0
autoUniv-au6-400_1551,0,0.4,0.114304780960083,0.0058028697967529,0,1,0,0,1,1,0,0,0,0,0,0,0,0,0,0,0,0,0,0,0,0,1,0,0,0,144,log_loss,5.0,4,1,log2,True,0
autoUniv-au6-400_1551,0,0.4,0.1121854782104492,0.0058107376098632,1,0,0,0,1,1,0,0,0,0,0,0,0,0,0,0,0,0,0,0,0,0,1,0,0,0,62,gini,13.0,2,2,log2,False,0
autoUniv-au6-400_1551,0,0.3875,0.1971979141235351,0.0058181285858154,1,0,0,0,1,0,0,0,0,0,0,0,0,0,1,0,0,0,0,0,0,0,0,0,1,0,107,gini,13.0,2,1,sqrt,False,0
autoUniv-au6-400_1551,2,0.3875,0.1949810981750488,0.0057306289672851,0,1,0,0,1,0,0,0,0,0,0,0,0,0,1,0,0,0,0,0,0,0,0,0,1,0,55,gini,,2,1,sqrt,False,0
autoUniv-au6-400_1551,3,0.3875,0.115896463394165,0.0056264400482177,1,0,0,0,1,0,0,0,0,0,0,1,0,0,0,0,0,0,0,0,0,0,0,1,0,0,38,gini,,3,1,log2,True,0
autoUniv-au6-400_1551,0,0.3875,0.1918723583221435,0.0056953430175781,0,1,0,0,1,0,0,0,0,0,0,0,0,0,1,0,0,0,0,0,0,0,0,0,1,0,126,gini,,2,2,,True,0
analcatdata_marketing_986,0,0.684931506849315,0.0857443809509277,0.005122423171997,0,1,0,0,1,0,0,0,0,0,0,0,0,0,0,0,0,0,1,0,0,0,0,0,1,0,120,gini,,4,1,sqrt,False,0
analcatdata_marketing_986,0,0.684931506849315,0.0877671241760253,0.0053246021270751,0,1,0,1,0,0,0,0,0,0,0,0,0,0,0,0,0,0,1,0,0,0,0,0,1,0,157,gini,25.0,2,1,log2,False,0
analcatdata_marketing_986,0,0.684931506849315,0.0837960243225097,0.004955768585205,0,1,1,0,0,0,0,0,0,0,0,0,0,0,0,0,0,0,1,0,0,0,0,0,1,0,98,log_loss,,5,1,sqrt,False,0
analcatdata_marketing_986,0,0.6712328767123288,0.1002840995788574,0.004817247390747,0,1,1,0,0,0,1,0,0,0,0,0,0,0,0,0,0,0,0,0,0,1,0,0,0,0,211,gini,18.0,3,1,sqrt,True,0
analcatdata_marketing_986,0,0.6712328767123288,0.0822963714599609,0.0048305988311767,0,1,0,0,1,0,0,0,0,0,0,0,0,0,0,0,0,0,1,0,1,0,0,0,0,0,113,log_loss,14.0,2,1,sqrt,False,0
analcatdata_marketing_986,0,0.6712328767123288,0.0764303207397461,0.0045943260192871,0,1,0,1,0,0,0,0,0,0,0,0,0,0,0,0,0,0,1,0,1,0,0,0,0,0,128,entropy,,4,1,,False,0
analcatdata_marketing_986,0,0.6712328767123288,0.0813310146331787,0.0048563480377197,0,1,1,0,0,0,0,0,0,0,0,0,0,0,0,0,0,0,1,0,1,0,0,0,0,0,32,gini,32.0,2,1,sqrt,True,0
analcatdata_marketing_986,0,0.6712328767123288,0.0956873893737793,0.004765510559082,0,1,0,1,0,0,1,0,0,0,0,0,0,0,0,0,0,0,0,0,0,1,0,0,0,0,69,log_loss,45.0,2,1,log2,True,0
analcatdata_marketing_986,0,0.6712328767123288,0.1070497035980224,0.0051794052124023,0,1,0,0,1,0,1,0,0,0,0,0,0,0,0,0,0,0,0,0,0,1,0,0,0,0,126,entropy,,2,2,sqrt,False,0
analcatdata_marketing_986,0,0.6575342465753424,0.1087503433227539,0.0048902034759521,0,1,0,0,1,0,0,0,0,1,0,0,0,0,0,0,0,0,0,0,0,0,0,0,0,1,96,gini,25.0,2,2,log2,True,0
analcatdata_marketing_986,0,0.6575342465753424,0.1114206314086914,0.0049796104431152,0,1,0,1,0,0,0,0,0,1,0,0,0,0,0,0,0,0,0,0,0,1,0,0,0,0,109,gini,,2,2,sqrt,True,0
analcatdata_marketing_986,0,0.6575342465753424,0.1167542934417724,0.0055339336395263,0,1,0,0,1,0,0,0,0,0,0,0,0,1,0,0,0,0,0,0,1,0,0,0,0,0,59,log_loss,25.0,2,1,sqrt,False,0
analcatdata_marketing_986,0,0.6575342465753424,0.0827240943908691,0.0047643184661865,0,1,1,0,0,0,0,0,0,0,0,0,0,0,0,0,0,1,0,0,0,1,0,0,0,0,106,gini,,2,1,sqrt,True,0
analcatdata_marketing_986,0,0.6575342465753424,0.0961549282073974,0.0047895908355712,0,1,1,0,0,0,0,0,0,0,0,0,0,1,0,0,0,0,0,0,0,1,0,0,0,0,106,gini,,2,1,sqrt,True,0
analcatdata_marketing_986,0,0.6575342465753424,0.1080219745635986,0.0050582885742187,0,1,1,0,0,0,0,0,0,0,0,0,0,0,0,0,1,0,0,0,0,1,0,0,0,0,41,gini,18.0,3,1,sqrt,False,0
analcatdata_marketing_986,0,0.6575342465753424,0.1114020347595214,0.0051178932189941,0,1,1,0,0,0,0,0,0,1,0,0,0,0,0,0,0,0,0,0,0,0,1,0,0,0,132,gini,6.0,2,2,,False,0
analcatdata_marketing_986,0,0.6575342465753424,0.0975153446197509,0.0046122074127197,0,1,0,1,0,0,0,0,0,0,0,0,0,1,0,0,0,0,0,0,1,0,0,0,0,0,15,log_loss,,4,1,sqrt,True,0
analcatdata_marketing_986,0,0.6575342465753424,0.1140506267547607,0.0050957202911376,0,1,0,1,0,0,0,0,0,1,0,0,0,0,0,0,0,0,0,0,0,0,0,0,0,1,109,log_loss,,5,1,log2,True,0
analcatdata_marketing_986,0,0.6575342465753424,0.0935144424438476,0.0046708583831787,0,1,0,0,1,0,0,0,0,1,0,0,0,0,0,0,0,0,0,0,1,0,0,0,0,0,188,entropy,13.0,2,1,log2,False,0
analcatdata_marketing_986,0,0.6575342465753424,0.0977866649627685,0.0048182010650634,0,1,1,0,0,0,0,0,0,1,0,0,0,0,0,0,0,0,0,0,1,0,0,0,0,0,134,gini,,4,3,log2,True,0
badges2_1121,1,1.0,0.0756595134735107,0.0043654441833496,1,0,1,0,0,0,1,0,0,0,0,0,0,0,0,0,0,0,0,0,1,0,0,0,0,0,134,log_loss,25.0,2,2,log2,False,0
badges2_1121,4,1.0,0.0944607257843017,0.0047166347503662,0,1,0,0,1,0,0,0,0,1,0,0,0,0,0,0,0,0,0,0,0,0,0,1,0,0,55,entropy,31.0,2,1,,False,0
badges2_1121,0,1.0,0.0752992630004882,0.0051760673522949,1,0,1,0,0,0,0,0,0,0,0,1,0,0,0,0,0,0,0,0,1,0,0,0,0,0,188,log_loss,3.0,2,1,,False,0
badges2_1121,1,1.0,0.0749006271362304,0.0051271915435791,1,0,1,0,0,0,0,0,0,0,0,1,0,0,0,0,0,0,0,0,1,0,0,0,0,0,169,gini,21.0,2,3,sqrt,True,0
badges2_1121,2,1.0,0.0738608837127685,0.0051267147064208,1,0,1,0,0,0,0,0,0,0,0,1,0,0,0,0,0,0,0,0,1,0,0,0,0,0,58,gini,11.0,2,2,log2,True,0
badges2_1121,0,1.0,0.0761289596557617,0.0077006816864013,0,1,0,0,1,0,0,0,0,0,0,0,0,0,1,0,0,0,0,0,0,0,0,1,0,0,76,log_loss,1.0,3,1,sqrt,True,0
badges2_1121,1,1.0,0.0760791301727294,0.0042698383331298,0,1,0,0,1,0,0,0,0,0,0,0,0,0,1,0,0,0,0,0,0,0,0,1,0,0,163,gini,16.0,2,1,sqrt,True,0
badges2_1121,2,1.0,0.0759775638580322,0.0043420791625976,0,1,0,0,1,0,0,0,0,0,0,0,0,0,1,0,0,0,0,0,0,0,0,1,0,0,190,entropy,,4,1,sqrt,True,0
badges2_1121,3,1.0,0.0761787891387939,0.0047225952148437,0,1,0,0,1,0,0,0,0,0,0,0,0,0,1,0,0,0,0,0,0,0,0,1,0,0,37,entropy,1.0,3,2,,True,0
badges2_1121,4,1.0,0.0760164260864257,0.0042557716369628,0,1,0,0,1,0,0,0,0,0,0,0,0,0,1,0,0,0,0,0,0,0,0,1,0,0,50,gini,7.0,2,2,log2,False,0
badges2_1121,0,1.0,0.0958020687103271,0.0046813488006591,0,1,0,0,1,0,0,0,0,0,0,0,1,0,0,0,0,0,0,0,0,0,0,1,0,0,93,log_loss,5.0,2,1,log2,False,0
badges2_1121,0,1.0,0.075556993484497,0.0043725967407226,1,0,1,0,0,0,1,0,0,0,0,0,0,0,0,0,0,0,0,0,1,0,0,0,0,0,10,gini,9.0,5,1,sqrt,False,0
badges2_1121,2,1.0,0.0982725620269775,0.0047113895416259,0,1,0,0,1,0,0,0,0,0,0,0,1,0,0,0,0,0,0,0,0,0,0,1,0,0,101,entropy,,6,1,sqrt,True,0
badges2_1121,4,1.0,0.0742859840393066,0.0043723583221435,1,0,1,0,0,0,0,0,0,0,0,0,0,1,0,0,0,0,0,0,1,0,0,0,0,0,159,log_loss,11.0,2,1,sqrt,False,0
badges2_1121,3,1.0,0.0736904144287109,0.0042862892150878,1,0,1,0,0,0,0,0,0,0,0,0,0,1,0,0,0,0,0,0,1,0,0,0,0,0,28,log_loss,8.0,4,1,,True,0
badges2_1121,0,1.0,0.0722122192382812,0.0041780471801757,0,1,0,0,1,0,0,0,0,0,0,0,0,0,0,0,0,1,0,0,0,0,0,1,0,0,106,log_loss,,2,1,sqrt,True,0
badges2_1121,1,1.0,0.0717453956604003,0.0041444301605224,0,1,0,0,1,0,0,0,0,0,0,0,0,0,0,0,0,1,0,0,0,0,0,1,0,0,71,entropy,,2,1,log2,True,0
badges2_1121,2,1.0,0.0723931789398193,0.0041642189025878,0,1,0,0,1,0,0,0,0,0,0,0,0,0,0,0,0,1,0,0,0,0,0,1,0,0,182,entropy,,2,2,,False,0
badges2_1121,3,1.0,0.0759167671203613,0.0042109489440917,0,1,0,0,1,0,0,0,0,0,0,0,0,0,0,0,0,1,0,0,0,0,0,1,0,0,72,entropy,13.0,3,1,,True,0
badges2_1121,4,1.0,0.0728054046630859,0.0041642189025878,0,1,0,0,1,0,0,0,0,0,0,0,0,0,0,0,0,1,0,0,0,0,0,1,0,0,176,gini,12.0,2,1,,True,0
sensory_826,1,0.7478260869565218,0.1003615856170654,0.0054712295532226,0,1,0,1,0,0,1,0,0,0,0,0,0,0,0,0,0,0,0,0,0,0,1,0,0,0,70,gini,7.0,5,1,sqrt,True,0
sensory_826,1,0.7478260869565218,0.102612018585205,0.0055124759674072,1,0,0,0,1,0,1,0,0,0,0,0,0,0,0,0,0,0,0,0,0,0,1,0,0,0,139,entropy,7.0,4,1,,False,0
sensory_826,1,0.7478260869565218,0.0950303077697753,0.0051324367523193,0,1,1,0,0,0,1,0,0,0,0,0,0,0,0,0,0,0,0,0,0,0,1,0,0,0,113,gini,22.0,3,1,,True,0
sensory_826,1,0.7478260869565218,0.095980167388916,0.0050256252288818,1,0,0,1,0,0,1,0,0,0,0,0,0,0,0,0,0,0,0,0,0,0,1,0,0,0,93,log_loss,1.0,2,1,,True,0
sensory_826,1,0.7478260869565218,0.0962610244750976,0.0049834251403808,0,1,0,0,1,0,1,0,0,0,0,0,0,0,0,0,0,0,0,0,0,0,1,0,0,0,60,gini,,4,2,,False,0
sensory_826,1,0.7478260869565218,0.1008121967315673,0.0054597854614257,1,0,1,0,0,0,1,0,0,0,0,0,0,0,0,0,0,0,0,0,0,0,1,0,0,0,116,gini,,2,1,,True,0
sensory_826,1,0.7391304347826086,0.1256694793701172,0.0058465003967285,0,1,0,1,0,0,0,0,0,1,0,0,0,0,0,0,0,0,0,0,0,0,0,0,1,0,78,gini,21.0,3,3,sqrt,False,0
sensory_826,1,0.7391304347826086,0.11956787109375,0.005610704421997,1,0,0,0,1,0,0,0,0,1,0,0,0,0,0,0,0,0,0,0,0,0,0,0,1,0,66,log_loss,,2,1,sqrt,True,0
sensory_826,1,0.7391304347826086,0.1181395053863525,0.0054562091827392,1,0,1,0,0,0,0,0,0,1,0,0,0,0,0,0,0,0,0,0,0,0,0,0,1,0,174,log_loss,,2,2,log2,False,0
sensory_826,1,0.7391304347826086,0.1013178825378418,0.0056848526000976,1,0,0,0,1,0,1,0,0,0,0,0,0,0,0,0,0,0,0,1,0,0,0,0,0,0,127,gini,,3,1,log2,False,0
sensory_826,1,0.7391304347826086,0.1247522830963134,0.0055925846099853,1,0,0,1,0,0,0,0,0,1,0,0,0,0,0,0,0,0,0,0,0,0,0,0,1,0,132,log_loss,,3,3,sqrt,False,0
sensory_826,1,0.7391304347826086,0.1004700660705566,0.0051233768463134,0,1,0,1,0,0,1,0,0,0,0,0,0,0,0,0,0,0,0,1,0,0,0,0,0,0,80,entropy,4.0,2,2,log2,True,0
sensory_826,1,0.7391304347826086,0.0973260402679443,0.0052268505096435,0,1,1,0,0,0,1,0,0,0,0,0,0,0,0,0,0,0,0,1,0,0,0,0,0,0,91,entropy,14.0,2,1,sqrt,False,0
sensory_826,1,0.7391304347826086,0.1016812324523925,0.0053129196166992,1,0,1,0,0,0,1,0,0,0,0,0,0,0,0,0,0,0,0,1,0,0,0,0,0,0,88,log_loss,20.0,6,2,sqrt,False,0
sensory_826,1,0.7391304347826086,0.0931406021118164,0.0051207542419433,1,0,0,1,0,0,1,0,0,0,0,0,0,0,0,0,0,0,0,1,0,0,0,0,0,0,117,gini,17.0,2,1,sqrt,False,0
sensory_826,1,0.7391304347826086,0.1313180923461914,0.0056507587432861,0,1,1,0,0,0,0,0,0,1,0,0,0,0,0,0,0,0,0,0,0,0,0,0,1,0,132,entropy,21.0,4,1,sqrt,False,0
sensory_826,1,0.7391304347826086,0.0991120338439941,0.0053901672363281,1,0,0,0,1,0,0,0,0,0,0,0,0,1,0,0,0,0,0,0,1,0,0,0,0,0,98,gini,4.0,4,1,log2,False,0
sensory_826,1,0.7391304347826086,0.0996196269989013,0.0054302215576171,1,0,1,0,0,0,0,0,0,0,0,0,0,1,0,0,0,0,0,0,1,0,0,0,0,0,60,gini,,3,1,,False,0
sensory_826,1,0.7391304347826086,0.0979447364807128,0.005368947982788,0,1,1,0,0,0,0,0,0,0,0,0,0,1,0,0,0,0,0,0,1,0,0,0,0,0,138,gini,16.0,4,3,log2,True,0
sensory_826,1,0.7391304347826086,0.0939743518829345,0.0051770210266113,1,0,0,1,0,0,0,0,0,0,0,0,0,1,0,0,0,0,0,0,1,0,0,0,0,0,102,gini,,2,1,log2,False,0
breastTumor_844,4,0.7368421052631579,0.0844879150390625,0.0047249794006347,0,1,0,1,0,0,0,1,0,0,0,0,0,0,0,0,0,0,0,0,1,0,0,0,0,0,127,entropy,9.0,2,2,sqrt,False,0
breastTumor_844,4,0.7368421052631579,0.0876204967498779,0.005117654800415,1,0,0,1,0,0,0,0,0,0,1,0,0,0,0,0,0,0,0,0,0,0,1,0,0,0,174,log_loss,,3,1,sqrt,False,0
breastTumor_844,4,0.7368421052631579,0.0890371799468994,0.0050451755523681,0,1,0,1,0,0,0,0,0,0,1,0,0,0,0,0,0,0,0,1,0,0,0,0,0,0,17,gini,8.0,2,1,sqrt,False,0
breastTumor_844,4,0.7368421052631579,0.0898396968841552,0.0052249431610107,1,0,0,1,0,0,0,0,0,0,1,0,0,0,0,0,0,0,0,0,0,1,0,0,0,0,82,gini,,2,2,,True,0
breastTumor_844,4,0.7368421052631579,0.0966730117797851,0.004871129989624,1,0,0,1,0,0,1,0,0,0,0,0,0,0,0,0,0,0,0,0,0,0,1,0,0,0,88,gini,15.0,5,1,log2,True,0
breastTumor_844,4,0.7368421052631579,0.0890150070190429,0.0049247741699218,0,1,0,1,0,0,0,0,0,0,1,0,0,0,0,0,0,0,0,0,0,1,0,0,0,0,137,gini,11.0,2,3,sqrt,True,0
breastTumor_844,4,0.7368421052631579,0.0835857391357421,0.0047345161437988,1,0,0,1,0,0,0,1,0,0,0,0,0,0,0,0,0,0,0,0,1,0,0,0,0,0,65,log_loss,15.0,2,1,log2,True,0
breastTumor_844,4,0.7192982456140351,0.088533878326416,0.0050482749938964,1,0,0,1,0,0,0,0,0,0,1,0,0,0,0,0,0,0,0,1,0,0,0,0,0,0,40,entropy,,2,1,sqrt,False,0
breastTumor_844,4,0.7192982456140351,0.088069200515747,0.0048809051513671,0,1,0,1,0,0,0,0,0,0,1,0,0,0,0,0,0,0,0,0,0,0,1,0,0,0,39,log_loss,,7,2,sqrt,True,0
breastTumor_844,3,0.7017543859649122,0.0852484703063964,0.0047879219055175,0,1,0,1,0,0,0,1,0,0,0,0,0,0,0,0,0,0,0,0,0,1,0,0,0,0,157,gini,26.0,2,2,,False,0
breastTumor_844,3,0.7017543859649122,0.0886323451995849,0.0050182342529296,1,0,0,1,0,0,0,1,0,0,0,0,0,0,0,0,0,0,0,0,0,1,0,0,0,0,63,entropy,,2,1,sqrt,True,0
breastTumor_844,1,0.7017543859649122,0.0857627391815185,0.004859447479248,0,1,0,0,1,0,0,0,0,0,0,0,0,0,0,0,0,0,1,0,1,0,0,0,0,0,72,gini,26.0,2,4,sqrt,False,0
breastTumor_844,4,0.6842105263157895,0.0784869194030761,0.0042886734008789,0,1,0,1,0,0,0,0,1,0,0,0,0,0,0,0,0,0,0,0,0,0,0,1,0,0,132,log_loss,,4,1,sqrt,True,0
breastTumor_844,4,0.6842105263157895,0.0804009437561035,0.0043604373931884,1,0,0,1,0,0,0,0,1,0,0,0,0,0,0,0,0,0,0,0,0,0,1,0,0,0,65,gini,1.0,2,1,sqrt,False,0
breastTumor_844,4,0.6842105263157895,0.0789713859558105,0.004343032836914,0,1,0,1,0,0,0,0,1,0,0,0,0,0,0,0,0,0,0,0,0,0,1,0,0,0,15,log_loss,,3,1,log2,False,0
breastTumor_844,4,0.6842105263157895,0.097339391708374,0.0046358108520507,0,1,0,0,1,0,0,0,0,0,0,0,0,1,0,0,0,0,0,0,1,0,0,0,0,0,21,gini,10.0,2,1,log2,False,0
breastTumor_844,4,0.6842105263157895,0.0931034088134765,0.004922866821289,0,1,0,0,1,0,0,0,0,0,0,0,0,1,0,0,0,0,0,0,0,0,0,0,1,0,97,entropy,1.0,2,3,sqrt,True,0
breastTumor_844,4,0.6842105263157895,0.0780646800994873,0.0043306350708007,0,1,0,0,1,0,0,0,1,0,0,0,0,0,0,0,0,0,0,0,0,0,0,1,0,0,125,gini,16.0,2,1,sqrt,True,0
breastTumor_844,4,0.6842105263157895,0.0857901573181152,0.0052356719970703,1,0,0,1,0,0,0,0,0,0,0,0,0,0,0,0,0,0,1,0,1,0,0,0,0,0,90,log_loss,,2,3,sqrt,True,0
breastTumor_844,4,0.6842105263157895,0.079453706741333,0.0044436454772949,0,1,0,0,1,0,0,0,0,0,0,0,0,0,0,0,0,1,0,0,0,0,0,1,0,0,122,entropy,17.0,5,1,sqrt,False,0
arsenic-male-lung_951,4,1.0,0.1003530025482177,0.0050618648529052,0,1,0,0,1,0,0,0,0,1,0,0,0,0,0,0,0,0,0,0,0,0,0,1,0,0,19,entropy,14.0,4,2,log2,True,0
arsenic-male-lung_951,0,1.0,0.0784742832183837,0.0054931640625,1,0,1,0,0,0,0,0,0,0,0,1,0,0,0,0,0,0,0,0,1,0,0,0,0,0,23,entropy,,2,1,sqrt,False,0
arsenic-male-lung_951,1,1.0,0.0782041549682617,0.0055179595947265,1,0,1,0,0,0,0,0,0,0,0,1,0,0,0,0,0,0,0,0,1,0,0,0,0,0,213,gini,40.0,4,1,sqrt,True,0
arsenic-male-lung_951,2,1.0,0.0784528255462646,0.005481481552124,1,0,1,0,0,0,0,0,0,0,0,1,0,0,0,0,0,0,0,0,1,0,0,0,0,0,162,gini,3.0,2,2,sqrt,True,0
arsenic-male-lung_951,3,1.0,0.0768699645996093,0.0055658817291259,1,0,1,0,0,0,0,0,0,0,0,1,0,0,0,0,0,0,0,0,1,0,0,0,0,0,138,log_loss,,2,1,sqrt,False,0
arsenic-male-lung_951,4,1.0,0.0767536163330078,0.0054821968078613,1,0,1,0,0,0,0,0,0,0,0,1,0,0,0,0,0,0,0,0,1,0,0,0,0,0,67,gini,15.0,2,1,sqrt,False,0
arsenic-male-lung_951,0,1.0,0.0770378112792968,0.0046515464782714,1,0,1,0,0,0,0,0,0,0,0,0,0,1,0,0,0,0,0,0,1,0,0,0,0,0,88,log_loss,6.0,2,1,log2,True,0
arsenic-male-lung_951,1,1.0,0.0791010856628418,0.0045993328094482,1,0,1,0,0,0,0,0,0,0,0,0,0,1,0,0,0,0,0,0,1,0,0,0,0,0,100,entropy,,4,3,sqrt,False,0
arsenic-male-lung_951,2,1.0,0.0834033489227294,0.0045318603515625,1,0,1,0,0,0,0,0,0,0,0,0,0,1,0,0,0,0,0,0,1,0,0,0,0,0,166,gini,,4,1,sqrt,False,0
arsenic-male-lung_951,3,1.0,0.0982942581176757,0.0050110816955566,0,1,0,0,1,0,0,0,0,1,0,0,0,0,0,0,0,0,0,0,0,0,0,1,0,0,120,entropy,9.0,2,1,log2,True,0
arsenic-male-lung_951,4,1.0,0.0772461891174316,0.0045258998870849,1,0,1,0,0,0,0,0,0,0,0,0,0,1,0,0,0,0,0,0,1,0,0,0,0,0,126,entropy,15.0,2,1,log2,True,0
arsenic-male-lung_951,0,1.0,0.0764052867889404,0.0045576095581054,1,0,1,0,0,0,1,0,0,0,0,0,0,0,0,0,0,0,0,0,1,0,0,0,0,0,92,entropy,1.0,2,2,sqrt,False,0
arsenic-male-lung_951,1,1.0,0.0779421329498291,0.0047965049743652,1,0,1,0,0,0,1,0,0,0,0,0,0,0,0,0,0,0,0,0,1,0,0,0,0,0,140,log_loss,20.0,4,1,sqrt,False,0
arsenic-male-lung_951,2,1.0,0.0784265995025634,0.0045802593231201,1,0,1,0,0,0,1,0,0,0,0,0,0,0,0,0,0,0,0,0,1,0,0,0,0,0,115,gini,,2,1,,True,0
arsenic-male-lung_951,2,1.0,0.1006190776824951,0.0051922798156738,0,1,0,0,1,0,0,0,0,1,0,0,0,0,0,0,0,0,0,0,0,0,0,1,0,0,102,log_loss,,3,1,log2,False,0
arsenic-male-lung_951,4,1.0,0.0767152309417724,0.0044920444488525,1,0,1,0,0,0,1,0,0,0,0,0,0,0,0,0,0,0,0,0,1,0,0,0,0,0,63,gini,4.0,2,1,sqrt,False,0
arsenic-male-lung_951,0,1.0,0.0793907642364502,0.0044124126434326,1,0,1,0,0,0,0,0,0,0,0,0,0,0,0,0,0,0,1,0,1,0,0,0,0,0,94,log_loss,37.0,4,2,sqrt,False,0
arsenic-male-lung_951,1,1.0,0.0756399631500244,0.0043885707855224,1,0,1,0,0,0,0,0,0,0,0,0,0,0,0,0,0,0,1,0,1,0,0,0,0,0,46,gini,,4,1,sqrt,True,0
arsenic-male-lung_951,2,1.0,0.0775189399719238,0.0045580863952636,1,0,1,0,0,0,0,0,0,0,0,0,0,0,0,0,0,0,1,0,1,0,0,0,0,0,98,gini,19.0,2,1,,False,0
arsenic-male-lung_951,3,1.0,0.0759553909301757,0.0044286251068115,1,0,1,0,0,0,0,0,0,0,0,0,0,0,0,0,0,0,1,0,1,0,0,0,0,0,104,entropy,7.0,4,1,log2,True,0
analcatdata_lawsuit_450,1,1.0,0.0746107101440429,0.0040652751922607,0,1,1,0,0,0,0,0,0,0,0,0,0,0,0,0,1,0,0,1,0,0,0,0,0,0,142,entropy,13.0,6,1,sqrt,True,0
analcatdata_lawsuit_450,1,1.0,0.0779938697814941,0.0045258998870849,1,0,1,0,0,0,0,0,0,0,0,0,0,1,0,0,0,0,0,0,1,0,0,0,0,0,101,gini,,2,1,,False,0
analcatdata_lawsuit_450,2,1.0,0.0908701419830322,0.0043673515319824,0,1,1,0,0,0,0,0,0,0,0,0,1,0,0,0,0,0,0,1,0,0,0,0,0,0,114,entropy,,2,1,sqrt,True,0
analcatdata_lawsuit_450,1,1.0,0.0707185268402099,0.0042228698730468,0,1,1,0,0,0,1,0,0,0,0,0,0,0,0,0,0,0,0,1,0,0,0,0,0,0,70,log_loss,31.0,2,1,sqrt,False,0
analcatdata_lawsuit_450,1,1.0,0.1143217086791992,0.0042939186096191,0,1,0,0,1,0,0,0,0,1,0,0,0,0,0,0,0,0,0,0,0,0,0,1,0,0,118,log_loss,20.0,2,1,log2,True,0
analcatdata_lawsuit_450,1,1.0,0.0710692405700683,0.0041813850402832,0,1,1,0,0,0,0,0,0,0,0,1,0,0,0,0,0,0,0,1,0,0,0,0,0,0,107,gini,,2,1,log2,True,0
analcatdata_lawsuit_450,2,1.0,0.0740237236022949,0.0040400028228759,0,1,1,0,0,0,0,0,0,0,0,0,0,0,0,0,1,0,0,1,0,0,0,0,0,0,27,log_loss,,2,2,,False,0
analcatdata_lawsuit_450,1,1.0,0.0754518508911132,0.0043139457702636,1,0,1,0,0,0,0,0,0,0,0,0,0,0,1,0,0,0,0,0,0,0,0,0,0,1,52,log_loss,8.0,2,1,sqrt,False,0
analcatdata_lawsuit_450,1,1.0,0.0738594532012939,0.0042459964752197,0,1,1,0,0,0,0,0,0,0,0,0,0,0,1,0,0,0,0,1,0,0,0,0,0,0,73,gini,,2,2,sqrt,False,0
analcatdata_lawsuit_450,2,1.0,0.0733358860015869,0.0040616989135742,0,1,1,0,0,0,0,0,0,0,0,0,0,0,1,0,0,0,0,1,0,0,0,0,0,0,62,log_loss,,3,1,log2,True,0
analcatdata_lawsuit_450,1,1.0,0.0948381423950195,0.0052020549774169,1,0,1,0,0,0,0,0,0,0,0,0,0,0,0,1,0,0,0,0,0,0,0,0,0,1,163,log_loss,,4,1,sqrt,False,0
analcatdata_lawsuit_450,4,1.0,0.0710325241088867,0.0039606094360351,0,1,1,0,0,0,0,0,0,0,0,0,0,0,1,0,0,0,0,1,0,0,0,0,0,0,100,gini,22.0,2,1,sqrt,False,0
analcatdata_lawsuit_450,1,1.0,0.0840771198272705,0.0045280456542968,0,1,0,1,0,0,0,0,0,1,0,0,0,0,0,0,0,0,0,0,0,0,0,0,0,1,61,entropy,,2,1,,False,0
analcatdata_lawsuit_450,1,1.0,0.0739223957061767,0.0042428970336914,1,0,0,0,1,0,0,0,0,0,0,0,0,1,0,0,0,0,0,0,0,0,0,1,0,0,75,gini,4.0,5,3,sqrt,False,0
analcatdata_lawsuit_450,1,1.0,0.0734264850616455,0.0041697025299072,1,0,0,0,1,0,1,0,0,0,0,0,0,0,0,0,0,0,0,0,0,0,0,1,0,0,75,entropy,,2,1,log2,False,0
analcatdata_lawsuit_450,1,1.0,0.0710453987121582,0.0041687488555908,1,0,0,0,1,0,0,0,0,0,0,1,0,0,0,0,0,0,0,0,0,0,0,1,0,0,86,log_loss,5.0,2,1,log2,False,0
analcatdata_lawsuit_450,4,1.0,0.0748755931854248,0.0043253898620605,1,0,0,0,1,0,0,1,0,0,0,0,0,0,0,0,0,0,0,0,1,0,0,0,0,0,46,gini,1.0,2,1,sqrt,True,0
analcatdata_lawsuit_450,1,1.0,0.0920329093933105,0.0049490928649902,1,0,0,0,1,0,0,0,0,0,0,0,0,0,0,1,0,0,0,0,1,0,0,0,0,0,59,gini,13.0,3,1,sqrt,False,0
analcatdata_lawsuit_450,1,1.0,0.0823876857757568,0.004404067993164,0,1,0,1,0,0,0,0,0,0,0,0,0,0,0,0,1,0,0,0,0,0,0,0,0,1,138,log_loss,18.0,5,2,sqrt,False,0
analcatdata_lawsuit_450,2,1.0,0.0822715759277343,0.0042948722839355,0,1,0,1,0,0,0,0,0,0,0,0,0,0,0,0,1,0,0,0,0,0,0,0,0,1,109,log_loss,14.0,2,2,sqrt,True,0
arsenic-male-bladder_947,2,1.0,0.0818502902984619,0.0050022602081298,0,1,0,0,1,1,0,0,0,0,0,0,0,0,0,0,0,0,0,0,0,0,1,0,0,0,92,gini,,2,1,,True,0
arsenic-male-bladder_947,2,1.0,0.1027476787567138,0.0054030418395996,1,0,0,0,1,0,0,0,0,0,0,0,0,0,1,0,0,0,0,0,0,0,0,1,0,0,100,log_loss,,3,1,log2,False,0
arsenic-male-bladder_947,2,1.0,0.0878479480743408,0.0050833225250244,1,0,1,0,0,0,0,0,0,0,0,0,0,1,0,0,0,0,0,0,1,0,0,0,0,0,98,gini,,6,1,sqrt,True,0
arsenic-male-bladder_947,2,1.0,0.0787904262542724,0.0047523975372314,0,1,0,0,1,0,0,0,0,0,0,0,0,0,0,0,0,1,0,0,0,0,0,1,0,0,90,gini,,2,1,sqrt,True,0
arsenic-male-bladder_947,2,1.0,0.0901606082916259,0.0052988529205322,1,0,0,0,1,0,0,1,0,0,0,0,0,0,0,0,0,0,0,0,0,0,0,1,0,0,126,log_loss,11.0,3,1,sqrt,False,0
arsenic-male-bladder_947,2,1.0,0.1041083335876464,0.0054106712341308,0,1,0,0,1,1,0,0,0,0,0,0,0,0,0,0,0,0,0,0,0,0,0,1,0,0,122,log_loss,24.0,3,1,,True,0
arsenic-male-bladder_947,2,1.0,0.0845146179199218,0.0051474571228027,1,0,0,0,1,0,0,0,1,0,0,0,0,0,0,0,0,0,0,0,0,0,0,1,0,0,21,entropy,19.0,2,2,,True,0
arsenic-male-bladder_947,2,1.0,0.1206405162811279,0.0050389766693115,1,0,0,0,1,0,0,0,0,0,0,0,1,0,0,0,0,0,0,0,0,0,0,1,0,0,93,gini,18.0,3,1,sqrt,False,0
arsenic-male-bladder_947,2,1.0,0.0865120887756347,0.0050430297851562,1,0,1,0,0,0,0,0,0,0,0,0,0,0,1,0,0,0,0,0,1,0,0,0,0,0,25,gini,9.0,3,1,,False,0
arsenic-male-bladder_947,2,1.0,0.078702688217163,0.0047705173492431,0,1,0,0,1,0,0,0,1,0,0,0,0,0,0,0,0,0,0,0,0,0,0,1,0,0,132,log_loss,,3,2,sqrt,True,0
arsenic-male-bladder_947,2,1.0,0.1200675964355468,0.0049190521240234,0,1,1,0,0,0,0,0,0,0,0,0,1,0,0,0,0,0,0,0,0,0,0,1,0,0,138,gini,10.0,6,1,sqrt,False,0
arsenic-male-bladder_947,2,1.0,0.0855605602264404,0.0049703121185302,1,0,1,0,0,0,1,0,0,0,0,0,0,0,0,0,0,0,0,0,0,0,1,0,0,0,69,gini,18.0,2,3,sqrt,False,0
arsenic-male-bladder_947,2,1.0,0.0827212333679199,0.0046792030334472,0,1,1,0,0,0,0,0,1,0,0,0,0,0,0,0,0,0,0,0,0,0,0,1,0,0,94,log_loss,,2,2,,True,0
arsenic-male-bladder_947,2,1.0,0.0797119140625,0.0049848556518554,1,0,0,0,1,0,0,0,0,0,1,0,0,0,0,0,0,0,0,0,1,0,0,0,0,0,10,entropy,18.0,2,2,sqrt,True,0
arsenic-male-bladder_947,2,1.0,0.085569143295288,0.0049688816070556,0,1,1,0,0,0,0,0,0,0,0,1,0,0,0,0,0,0,0,0,0,0,0,1,0,0,149,gini,13.0,3,2,,False,0
arsenic-male-bladder_947,2,1.0,0.1068372726440429,0.0052356719970703,0,1,0,0,1,0,0,0,0,1,0,0,0,0,0,0,0,0,0,0,0,0,0,0,0,1,135,gini,19.0,2,2,sqrt,True,0
arsenic-male-bladder_947,2,1.0,0.0797560214996337,0.0046896934509277,0,1,1,0,0,0,0,0,0,0,0,0,0,0,0,0,0,1,0,0,0,0,0,1,0,0,158,log_loss,5.0,2,1,log2,False,0
arsenic-male-bladder_947,2,1.0,0.087723970413208,0.0051813125610351,1,0,0,0,1,0,0,0,0,0,0,0,0,1,0,0,0,0,0,0,1,0,0,0,0,0,174,log_loss,17.0,2,2,sqrt,True,0
arsenic-male-bladder_947,2,1.0,0.1011354923248291,0.0052134990692138,0,1,1,0,0,0,0,0,0,0,0,0,0,0,0,0,1,0,0,0,0,0,0,1,0,0,39,gini,,2,1,sqrt,False,0
arsenic-male-bladder_947,2,1.0,0.0931456089019775,0.0048685073852539,0,1,1,0,0,0,0,0,0,0,0,0,0,0,1,0,0,0,0,0,0,0,0,1,0,0,144,entropy,1.0,2,1,sqrt,False,0
MindCave2_1450,0,0.88,0.0847010612487793,0.0047760009765625,0,1,1,0,0,0,0,0,0,0,0,0,0,0,0,0,1,0,0,0,0,0,0,1,0,0,174,gini,13.0,3,2,,False,0
MindCave2_1450,0,0.88,0.0815751552581787,0.0043005943298339,0,1,0,1,0,0,0,0,0,0,0,0,0,0,0,0,1,0,0,0,0,0,0,1,0,0,25,log_loss,30.0,2,1,log2,True,0
MindCave2_1450,2,0.88,0.0760159492492675,0.0044050216674804,1,0,0,1,0,0,0,0,0,0,0,0,0,0,0,0,0,0,1,0,0,0,1,0,0,0,91,gini,1.0,3,1,sqrt,False,0
MindCave2_1450,0,0.88,0.0848290920257568,0.0048291683197021,0,1,0,0,1,0,0,0,0,0,0,0,0,1,0,0,0,0,0,0,0,1,0,0,0,0,82,entropy,16.0,2,2,sqrt,True,0
MindCave2_1450,2,0.88,0.0740587711334228,0.0043036937713623,1,0,0,0,1,0,0,1,0,0,0,0,0,0,0,0,0,0,0,0,0,0,0,0,0,1,143,entropy,,2,1,,False,0
MindCave2_1450,0,0.88,0.0825867652893066,0.0043354034423828,0,1,0,0,1,0,0,0,0,0,0,0,0,0,0,0,1,0,0,0,0,0,0,1,0,0,10,entropy,38.0,5,1,sqrt,False,0
MindCave2_1450,0,0.88,0.095250129699707,0.004396915435791,1,0,0,1,0,0,0,0,0,1,0,0,0,0,0,0,0,0,0,0,0,1,0,0,0,0,191,log_loss,10.0,2,1,,True,0
MindCave2_1450,0,0.88,0.1016798019409179,0.0047845840454101,0,1,0,1,0,0,0,0,0,1,0,0,0,0,0,0,0,0,0,0,0,1,0,0,0,0,94,gini,9.0,3,1,,False,0
MindCave2_1450,2,0.88,0.0755901336669921,0.0044574737548828,1,0,1,0,0,0,0,0,0,0,0,0,0,0,0,0,0,0,1,0,0,0,1,0,0,0,146,log_loss,3.0,2,1,log2,True,0
MindCave2_1450,2,0.88,0.0797514915466308,0.0044102668762207,0,1,1,0,0,0,0,0,0,0,0,0,0,0,0,0,0,0,1,0,0,0,1,0,0,0,97,gini,26.0,2,1,log2,True,0
MindCave2_1450,0,0.88,0.0813415050506591,0.0044395923614501,1,0,1,0,0,0,0,0,0,0,0,0,0,1,0,0,0,0,0,0,0,1,0,0,0,0,125,gini,,2,2,log2,False,0
MindCave2_1450,2,0.88,0.0771479606628418,0.004396915435791,0,1,1,0,0,0,0,1,0,0,0,0,0,0,0,0,0,0,0,0,0,0,0,0,0,1,10,gini,11.0,2,1,sqrt,True,0
MindCave2_1450,0,0.88,0.0791358947753906,0.0043280124664306,0,1,0,1,0,0,0,0,0,0,0,0,0,1,0,0,0,0,0,0,0,1,0,0,0,0,81,gini,1.0,2,1,sqrt,False,0
MindCave2_1450,0,0.88,0.0853972434997558,0.0045690536499023,1,0,0,1,0,0,0,0,0,0,0,0,0,0,0,0,1,0,0,0,0,0,0,1,0,0,142,gini,24.0,5,2,sqrt,True,0
MindCave2_1450,0,0.88,0.0785315036773681,0.0044212341308593,1,0,0,0,1,0,0,0,0,0,0,0,0,1,0,0,0,0,0,0,0,1,0,0,0,0,114,log_loss,,2,1,,False,0
MindCave2_1450,2,0.88,0.0747113227844238,0.004298448562622,1,0,1,0,0,0,0,1,0,0,0,0,0,0,0,0,0,0,0,0,0,0,0,0,0,1,18,entropy,23.0,2,1,log2,False,0
MindCave2_1450,0,0.88,0.0820887088775634,0.0044386386871337,1,0,1,0,0,0,0,0,0,0,0,0,0,0,0,0,1,0,0,0,0,0,0,1,0,0,103,log_loss,1.0,5,1,sqrt,True,0
MindCave2_1450,2,0.88,0.0729341506958007,0.0041594505310058,1,0,0,1,0,0,0,1,0,0,0,0,0,0,0,0,0,0,0,0,0,0,0,0,0,1,59,entropy,21.0,2,1,log2,True,0
MindCave2_1450,2,0.88,0.0772931575775146,0.0044522285461425,0,1,0,1,0,0,0,1,0,0,0,0,0,0,0,0,0,0,0,0,0,0,0,0,0,1,55,gini,1.0,2,3,sqrt,True,0
MindCave2_1450,0,0.88,0.0978434085845947,0.0046947002410888,0,1,1,0,0,0,0,0,0,1,0,0,0,0,0,0,0,0,0,0,0,1,0,0,0,0,24,gini,16.0,4,1,,False,0
PieChart3_1453,3,0.9302325581395348,0.1505360603332519,0.0066077709197998,0,1,1,0,0,0,0,0,0,0,0,0,0,1,0,0,0,0,0,0,0,1,0,0,0,0,131,log_loss,,3,1,sqrt,False,0
PieChart3_1453,3,0.9302325581395348,0.1385588645935058,0.0071759223937988,1,0,0,1,0,0,1,0,0,0,0,0,0,0,0,0,0,0,0,1,0,0,0,0,0,0,156,gini,18.0,4,2,log2,True,0
PieChart3_1453,3,0.9302325581395348,0.1533789634704589,0.0066792964935302,0,1,1,0,0,0,0,0,0,0,0,0,0,1,0,0,0,0,0,0,0,0,0,0,1,0,206,gini,,4,1,sqrt,True,0
PieChart3_1453,3,0.9302325581395348,0.1430592536926269,0.0065610408782958,0,1,0,1,0,0,0,0,0,0,0,0,0,1,0,0,0,0,0,0,0,1,0,0,0,0,26,gini,,2,1,log2,False,0
PieChart3_1453,3,0.9302325581395348,0.1339151859283447,0.0063698291778564,0,1,1,0,0,0,0,0,0,0,0,0,0,1,0,0,0,0,0,0,0,0,1,0,0,0,138,gini,,2,3,sqrt,False,0
PieChart3_1453,3,0.9302325581395348,0.1343269348144531,0.0067396163940429,1,0,0,1,0,0,1,0,0,0,0,0,0,0,0,0,0,0,0,0,0,0,0,1,0,0,142,entropy,20.0,4,1,sqrt,False,0
PieChart3_1453,3,0.9302325581395348,0.1390576362609863,0.0066010951995849,0,1,0,0,1,0,0,0,0,0,0,0,0,1,0,0,0,0,0,0,0,1,0,0,0,0,71,gini,,2,3,log2,False,0
PieChart3_1453,3,0.9302325581395348,0.1331312656402588,0.0065782070159912,1,0,0,0,1,0,1,0,0,0,0,0,0,0,0,0,0,0,0,0,0,0,0,1,0,0,54,entropy,,2,2,log2,False,0
PieChart3_1453,3,0.9302325581395348,0.1498317718505859,0.0065383911132812,0,1,0,0,1,0,0,0,0,0,0,0,0,1,0,0,0,0,0,0,0,0,1,0,0,0,46,gini,,2,1,,False,0
PieChart3_1453,3,0.9302325581395348,0.161355972290039,0.0063719749450683,1,0,0,0,1,0,0,0,0,1,0,0,0,0,0,0,0,0,0,0,0,0,0,1,0,0,74,log_loss,30.0,2,1,log2,False,0
PieChart3_1453,3,0.9302325581395348,0.1498811244964599,0.0065028667449951,0,1,0,1,0,0,0,0,0,0,0,0,0,1,0,0,0,0,0,0,0,0,1,0,0,0,110,log_loss,27.0,2,4,log2,False,0
PieChart3_1453,3,0.9302325581395348,0.1334695816040039,0.0066926479339599,1,0,0,1,0,0,0,0,0,1,0,0,0,0,0,0,0,0,0,0,0,0,0,1,0,0,168,entropy,22.0,2,2,,False,0
PieChart3_1453,3,0.9302325581395348,0.1345777511596679,0.0067832469940185,1,0,1,0,0,0,1,0,0,0,0,0,0,0,0,0,0,0,0,0,0,0,0,1,0,0,155,gini,8.0,2,1,,True,0
PieChart3_1453,3,0.9302325581395348,0.1564347743988037,0.0068516731262207,0,1,0,1,0,0,1,0,0,0,0,0,0,0,0,0,0,0,0,0,0,0,0,1,0,0,19,gini,,3,1,log2,True,0
PieChart3_1453,3,0.9302325581395348,0.1451833248138427,0.0067114830017089,1,0,1,0,0,0,1,0,0,0,0,0,0,0,0,0,0,0,0,1,0,0,0,0,0,0,61,log_loss,,2,1,log2,False,0
PieChart3_1453,3,0.9302325581395348,0.1553499698638916,0.0064728260040283,1,0,1,0,0,0,0,0,0,1,0,0,0,0,0,0,0,0,0,0,0,0,0,1,0,0,165,gini,,2,1,,True,0
PieChart3_1453,3,0.9302325581395348,0.1325404644012451,0.0064306259155273,1,0,0,1,0,0,0,0,0,0,0,0,0,1,0,0,0,0,0,0,0,0,1,0,0,0,63,gini,11.0,2,1,log2,False,0
PieChart3_1453,3,0.9302325581395348,0.1357321739196777,0.0067360401153564,1,0,0,1,0,0,0,0,0,0,0,0,0,1,0,0,0,0,0,0,0,0,0,0,1,0,97,log_loss,26.0,6,2,log2,False,0
PieChart3_1453,3,0.9302325581395348,0.1342487335205078,0.0066804885864257,1,0,0,0,1,0,0,0,0,0,0,0,0,1,0,0,0,0,0,0,0,0,1,0,0,0,15,log_loss,,4,1,sqrt,False,0
PieChart3_1453,3,0.9302325581395348,0.1485083103179931,0.0068051815032958,0,1,1,0,0,0,1,0,0,0,0,0,0,0,0,0,0,0,0,1,0,0,0,0,0,0,158,log_loss,17.0,2,2,log2,True,0
appendicitis_test_edsa_45613,3,1.0,0.0818514823913574,0.0041224956512451,0,1,0,0,1,0,0,0,0,1,0,0,0,0,0,0,0,0,0,0,0,0,0,1,0,0,10,log_loss,15.0,2,2,sqrt,True,0
appendicitis_test_edsa_45613,3,1.0,0.0781741142272949,0.0045456886291503,1,0,0,0,1,0,1,0,0,0,0,0,0,0,0,0,0,0,0,0,1,0,0,0,0,0,18,log_loss,,2,1,sqrt,True,0
appendicitis_test_edsa_45613,3,1.0,0.102524995803833,0.0048193931579589,1,0,0,1,0,0,0,0,0,0,0,0,1,0,0,0,0,0,0,0,0,0,0,1,0,0,153,entropy,,2,2,,False,0
appendicitis_test_edsa_45613,3,1.0,0.0953338146209716,0.004958152770996,1,0,0,1,0,0,0,0,0,0,0,0,0,0,0,1,0,0,0,0,0,0,0,1,0,0,196,gini,6.0,2,2,log2,True,0
appendicitis_test_edsa_45613,3,1.0,0.0949101448059082,0.0048954486846923,1,0,0,1,0,0,0,0,0,1,0,0,0,0,0,0,0,0,0,0,0,0,0,1,0,0,85,log_loss,,2,1,sqrt,False,0
appendicitis_test_edsa_45613,3,1.0,0.0794999599456787,0.004615306854248,0,1,0,0,1,0,0,0,0,0,0,1,0,0,0,0,0,0,0,0,0,0,0,1,0,0,98,log_loss,,2,3,sqrt,True,0
appendicitis_test_edsa_45613,3,1.0,0.0793473720550537,0.0045814514160156,0,1,0,0,1,0,0,0,0,0,0,0,0,1,0,0,0,0,0,0,0,0,0,1,0,0,145,gini,,2,1,sqrt,False,0
appendicitis_test_edsa_45613,3,1.0,0.0959894657135009,0.0049996376037597,0,1,0,0,1,0,0,0,0,0,0,0,0,0,0,1,0,0,0,0,0,0,0,1,0,0,114,gini,20.0,2,2,sqrt,True,0
appendicitis_test_edsa_45613,3,1.0,0.0780589580535888,0.0045835971832275,1,0,1,0,0,0,0,0,0,0,0,0,0,1,0,0,0,0,0,0,0,0,0,1,0,0,81,gini,8.0,2,2,sqrt,False,0
appendicitis_test_edsa_45613,3,1.0,0.0794823169708252,0.0045905113220214,0,1,0,1,0,0,1,0,0,0,0,0,0,0,0,0,0,0,0,1,0,0,0,0,0,0,76,log_loss,,2,1,sqrt,True,0
appendicitis_test_edsa_45613,3,1.0,0.0788240432739257,0.0045146942138671,1,0,1,0,0,0,0,0,0,0,0,1,0,0,0,0,0,0,0,0,0,0,0,1,0,0,22,entropy,,2,1,sqrt,True,0
appendicitis_test_edsa_45613,3,1.0,0.074582815170288,0.0042314529418945,0,1,0,1,0,0,1,0,0,0,0,0,0,0,0,0,0,0,0,0,0,0,0,0,1,0,112,gini,,6,2,,False,0
appendicitis_test_edsa_45613,3,1.0,0.0944490432739257,0.0048902034759521,1,0,1,0,0,0,0,0,0,0,0,0,0,0,0,1,0,0,0,0,0,0,1,0,0,0,95,gini,,4,1,sqrt,False,0
appendicitis_test_edsa_45613,3,1.0,0.0822024345397949,0.004502534866333,0,1,0,1,0,0,0,0,0,0,0,0,0,0,0,0,1,0,0,0,0,0,1,0,0,0,78,log_loss,22.0,2,2,sqrt,True,0
appendicitis_test_edsa_45613,3,1.0,0.1309442520141601,0.0050404071807861,1,0,1,0,0,0,0,0,0,0,0,0,1,0,0,0,0,0,0,0,0,0,0,1,0,0,50,entropy,31.0,7,1,,True,0
appendicitis_test_edsa_45613,3,1.0,0.0827610492706298,0.0044736862182617,1,0,1,0,0,0,1,0,0,0,0,0,0,0,0,0,0,0,0,0,0,0,0,1,0,0,55,gini,,2,2,log2,False,0
appendicitis_test_edsa_45613,3,1.0,0.0783917903900146,0.004512071609497,0,1,0,1,0,0,1,0,0,0,0,0,0,0,0,0,0,0,0,0,0,0,0,0,0,1,131,gini,,2,1,sqrt,False,0
appendicitis_test_edsa_45613,3,1.0,0.0872871875762939,0.004634141921997,0,1,0,1,0,0,0,0,0,0,0,0,0,0,0,1,0,0,0,0,0,0,0,1,0,0,144,gini,,2,2,sqrt,True,0
appendicitis_test_edsa_45613,3,1.0,0.095252513885498,0.0048770904541015,0,1,0,1,0,0,0,0,0,1,0,0,0,0,0,0,0,0,0,0,0,0,0,1,0,0,84,gini,,2,1,log2,True,0
appendicitis_test_edsa_45613,3,1.0,0.0816681385040283,0.004648208618164,0,1,0,1,0,0,1,0,0,0,0,0,0,0,0,0,0,0,0,0,0,0,0,1,0,0,78,entropy,16.0,6,1,sqrt,True,0
DiabeticMellitus_41430,0,1.0,0.0783362388610839,0.0046625137329101,0,1,0,1,0,0,0,0,1,0,0,0,0,0,0,0,0,0,0,0,0,0,0,0,1,0,57,entropy,,2,1,log2,True,0
DiabeticMellitus_41430,4,1.0,0.0783205032348632,0.0046947002410888,0,1,0,1,0,0,0,0,1,0,0,0,0,0,0,0,0,0,0,0,0,0,0,0,1,0,147,gini,,2,1,sqrt,True,0
DiabeticMellitus_41430,4,1.0,0.0823695659637451,0.0049009323120117,0,1,0,0,1,0,0,0,0,0,0,0,0,0,0,0,0,1,0,0,0,0,1,0,0,0,102,entropy,,3,1,,True,0
DiabeticMellitus_41430,0,1.0,0.0779831409454345,0.0045738220214843,0,1,0,0,1,0,0,0,1,0,0,0,0,0,0,0,0,0,0,0,0,0,1,0,0,0,118,gini,1.0,2,1,log2,False,0
DiabeticMellitus_41430,4,1.0,0.0784132480621337,0.004626989364624,0,1,0,0,1,0,0,0,1,0,0,0,0,0,0,0,0,0,0,0,0,0,1,0,0,0,118,log_loss,13.0,2,1,sqrt,False,0
DiabeticMellitus_41430,4,1.0,0.08091402053833,0.0047521591186523,0,1,0,1,0,0,0,0,1,0,0,0,0,0,0,0,0,0,0,1,0,0,0,0,0,0,85,gini,,2,1,sqrt,True,0
DiabeticMellitus_41430,0,1.0,0.0878891944885253,0.0048110485076904,0,1,0,1,0,0,0,0,0,0,0,0,0,0,0,0,0,1,0,0,0,1,0,0,0,0,42,gini,5.0,2,1,log2,False,0
DiabeticMellitus_41430,4,1.0,0.0795173645019531,0.0047497749328613,0,1,1,0,0,0,0,0,1,0,0,0,0,0,0,0,0,0,0,1,0,0,0,0,0,0,50,gini,,6,1,sqrt,True,0
DiabeticMellitus_41430,0,1.0,0.0796337127685546,0.0047266483306884,0,1,0,1,0,0,0,0,1,0,0,0,0,0,0,0,0,0,0,0,0,0,0,0,0,1,156,gini,9.0,2,1,sqrt,True,0
DiabeticMellitus_41430,0,1.0,0.0800104141235351,0.0048108100891113,0,1,0,1,0,0,0,0,1,0,0,0,0,0,0,0,0,0,0,1,0,0,0,0,0,0,64,gini,23.0,5,1,sqrt,True,0
DiabeticMellitus_41430,4,1.0,0.080742597579956,0.0047047138214111,0,1,1,0,0,0,0,0,1,0,0,0,0,0,0,0,0,0,0,0,0,0,0,0,0,1,79,gini,25.0,2,1,log2,True,0
DiabeticMellitus_41430,4,1.0,0.0799086093902587,0.0048470497131347,0,1,1,0,0,0,0,0,1,0,0,0,0,0,0,0,0,0,0,0,0,0,0,1,0,0,43,entropy,20.0,4,1,log2,False,0
DiabeticMellitus_41430,4,1.0,0.0773077011108398,0.004645824432373,0,1,1,0,0,0,0,0,1,0,0,0,0,0,0,0,0,0,0,0,0,0,1,0,0,0,39,gini,21.0,3,1,sqrt,True,0
DiabeticMellitus_41430,4,1.0,0.0797135829925537,0.0047221183776855,0,1,0,1,0,0,0,0,1,0,0,0,0,0,0,0,0,0,0,0,1,0,0,0,0,0,62,gini,22.0,3,2,log2,False,0
DiabeticMellitus_41430,4,1.0,0.0782427787780761,0.0046544075012207,0,1,0,1,0,0,0,0,1,0,0,0,0,0,0,0,0,0,0,0,0,0,0,1,0,0,184,log_loss,1.0,3,1,log2,False,0
DiabeticMellitus_41430,0,1.0,0.0794715881347656,0.00484299659729,0,1,1,0,0,0,0,0,1,0,0,0,0,0,0,0,0,0,0,1,0,0,0,0,0,0,133,gini,15.0,2,3,,False,0
DiabeticMellitus_41430,0,1.0,0.0855095386505127,0.0049502849578857,0,1,0,0,1,0,0,0,0,0,0,0,0,0,0,0,0,1,0,0,0,1,0,0,0,0,74,log_loss,1.0,2,2,,False,0
DiabeticMellitus_41430,0,1.0,0.0795619487762451,0.0046889781951904,0,1,0,1,0,0,0,0,1,0,0,0,0,0,0,0,0,0,0,0,1,0,0,0,0,0,154,gini,,2,1,,True,0
DiabeticMellitus_41430,0,1.0,0.078822374343872,0.0047285556793212,0,1,0,1,0,0,0,0,1,0,0,0,0,0,0,0,0,0,0,0,0,0,0,1,0,0,92,gini,,2,1,,True,0
DiabeticMellitus_41430,0,1.0,0.0788309574127197,0.0046846866607666,0,1,0,1,0,0,0,0,1,0,0,0,0,0,0,0,0,0,0,0,0,0,1,0,0,0,168,gini,,2,3,sqrt,True,0
tae_48,3,0.7666666666666667,0.0764148235321044,0.0045931339263916,1,0,0,1,0,0,0,0,0,0,0,0,0,0,0,0,0,1,0,0,0,1,0,0,0,0,211,gini,20.0,2,1,sqrt,False,0
tae_48,3,0.7666666666666667,0.0807240009307861,0.0048103332519531,0,1,1,0,0,0,0,0,0,0,0,0,0,0,0,0,0,1,0,0,0,1,0,0,0,0,151,log_loss,4.0,2,1,sqrt,False,0
tae_48,3,0.7666666666666667,0.0775022506713867,0.0046977996826171,1,0,0,0,1,0,0,0,1,0,0,0,0,0,0,0,0,0,0,0,0,1,0,0,0,0,105,gini,,2,2,log2,False,0
tae_48,3,0.7666666666666667,0.0803525447845459,0.0047857761383056,1,0,1,0,0,0,0,0,1,0,0,0,0,0,0,0,0,0,0,0,0,1,0,0,0,0,135,entropy,20.0,3,1,sqrt,True,0
tae_48,3,0.7666666666666667,0.0788674354553222,0.0047097206115722,0,1,0,1,0,0,0,0,1,0,0,0,0,0,0,0,0,0,0,0,0,1,0,0,0,0,101,entropy,19.0,2,2,log2,False,0
tae_48,3,0.7666666666666667,0.0774641036987304,0.0046191215515136,0,1,0,1,0,0,0,0,0,0,0,0,0,0,0,0,0,1,0,0,0,1,0,0,0,0,10,gini,,2,1,sqrt,True,0
tae_48,3,0.7666666666666667,0.0817348957061767,0.0047519207000732,1,0,0,1,0,0,0,0,1,0,0,0,0,0,0,0,0,0,0,0,0,1,0,0,0,0,67,entropy,,2,1,sqrt,True,0
tae_48,3,0.7666666666666667,0.0793814659118652,0.0046780109405517,1,0,1,0,0,0,0,0,0,0,0,0,0,0,0,0,0,1,0,0,0,1,0,0,0,0,52,gini,17.0,5,2,sqrt,False,0
tae_48,3,0.7666666666666667,0.0798895359039306,0.0046343803405761,0,1,0,0,1,0,0,0,1,0,0,0,0,0,0,0,0,0,0,0,0,1,0,0,0,0,66,entropy,15.0,2,1,,True,0
tae_48,3,0.7666666666666667,0.0768349170684814,0.00465989112854,0,1,0,0,1,0,0,0,0,0,0,0,0,0,0,0,0,1,0,0,0,1,0,0,0,0,190,log_loss,,2,2,sqrt,False,0
tae_48,3,0.7666666666666667,0.0802969932556152,0.0048551559448242,0,1,1,0,0,0,0,0,1,0,0,0,0,0,0,0,0,0,0,0,0,1,0,0,0,0,156,gini,8.0,2,1,,True,0
tae_48,3,0.7666666666666667,0.0781080722808837,0.0047457218170166,1,0,0,0,1,0,0,0,0,0,0,0,0,0,0,0,0,1,0,0,0,1,0,0,0,0,122,gini,3.0,2,1,sqrt,True,0
tae_48,0,0.7419354838709677,0.1141347885131836,0.0048491954803466,0,1,0,1,0,0,0,0,0,1,0,0,0,0,0,0,0,0,0,0,0,0,0,1,0,0,141,gini,12.0,6,2,log2,True,0
tae_48,0,0.7419354838709677,0.0985393524169921,0.005284309387207,0,1,0,0,1,0,0,0,0,1,0,0,0,0,0,0,0,0,0,0,0,0,1,0,0,0,10,gini,11.0,3,1,sqrt,False,0
tae_48,0,0.7419354838709677,0.0981645584106445,0.0050110816955566,1,0,1,0,0,0,0,0,0,1,0,0,0,0,0,0,0,0,0,0,0,0,0,1,0,0,136,gini,8.0,2,1,sqrt,False,0
tae_48,0,0.7419354838709677,0.099283218383789,0.0050647258758544,0,1,1,0,0,0,0,0,0,1,0,0,0,0,0,0,0,0,0,0,0,0,1,0,0,0,147,log_loss,24.0,2,1,,True,0
tae_48,0,0.7419354838709677,0.0782394409179687,0.004702091217041,1,0,0,1,0,1,0,0,0,0,0,0,0,0,0,0,0,0,0,0,0,1,0,0,0,0,10,gini,,2,3,sqrt,True,0
tae_48,0,0.7419354838709677,0.098095417022705,0.0049762725830078,0,1,1,0,0,0,0,0,0,1,0,0,0,0,0,0,0,0,0,0,0,0,0,1,0,0,138,gini,13.0,2,2,sqrt,True,0
tae_48,0,0.7419354838709677,0.0781989097595214,0.0047171115875244,0,1,1,0,0,1,0,0,0,0,0,0,0,0,0,0,0,0,0,0,0,1,0,0,0,0,29,gini,27.0,3,1,log2,True,0
tae_48,0,0.7419354838709677,0.0775935649871826,0.0046985149383544,1,0,0,0,1,0,0,1,0,0,0,0,0,0,0,0,0,0,0,0,0,0,1,0,0,0,10,gini,,2,1,log2,False,0
fri_c1_500_50_766,3,0.93,0.0968937873840332,0.0054008960723876,1,0,0,0,1,0,0,0,0,0,0,0,0,0,0,0,0,1,0,0,0,0,1,0,0,0,166,gini,27.0,2,2,,True,0
fri_c1_500_50_766,3,0.93,0.0927331447601318,0.005542516708374,1,0,1,0,0,0,0,0,0,0,0,0,0,0,0,0,0,1,0,0,0,0,1,0,0,0,50,gini,,2,1,log2,False,0
fri_c1_500_50_766,3,0.93,0.0987193584442138,0.0054073333740234,0,1,0,1,0,0,0,0,0,0,0,0,0,0,0,0,0,1,0,0,0,0,1,0,0,0,64,gini,,2,1,log2,True,0
fri_c1_500_50_766,3,0.93,0.0937421321868896,0.0054132938385009,0,1,1,0,0,0,0,0,0,0,0,0,0,0,0,0,0,1,0,0,0,0,1,0,0,0,149,gini,4.0,2,2,sqrt,True,0
fri_c1_500_50_766,3,0.93,0.0930583477020263,0.0054728984832763,1,0,0,1,0,0,0,0,0,0,0,0,0,0,0,0,0,1,0,0,0,0,1,0,0,0,85,entropy,,2,2,log2,False,0
fri_c1_500_50_766,3,0.93,0.0990409851074218,0.0054953098297119,0,1,0,0,1,0,0,0,0,0,0,0,0,0,0,0,0,1,0,0,0,0,1,0,0,0,91,log_loss,,3,1,log2,False,0
fri_c1_500_50_766,3,0.92,0.090933084487915,0.0058658123016357,1,0,1,0,0,1,0,0,0,0,0,0,0,0,0,0,0,0,0,0,0,0,0,1,0,0,90,gini,9.0,4,1,sqrt,False,0
fri_c1_500_50_766,3,0.92,0.0930531024932861,0.0056953430175781,0,1,1,0,0,1,0,0,0,0,0,0,0,0,0,0,0,0,0,0,0,0,0,1,0,0,117,log_loss,11.0,2,3,log2,False,0
fri_c1_500_50_766,3,0.92,0.1045670509338378,0.0058567523956298,1,0,1,0,0,0,0,0,0,0,1,0,0,0,0,0,0,0,0,0,0,0,1,0,0,0,89,gini,10.0,2,2,sqrt,True,0
fri_c1_500_50_766,3,0.92,0.0968916416168212,0.0054666996002197,0,1,0,1,0,0,0,0,0,0,1,0,0,0,0,0,0,0,0,0,0,0,1,0,0,0,106,log_loss,,2,1,sqrt,True,0
fri_c1_500_50_766,3,0.92,0.0987706184387207,0.00547456741333,1,0,0,0,1,0,0,0,0,0,1,0,0,0,0,0,0,0,0,0,0,0,1,0,0,0,75,gini,,4,1,sqrt,False,0
fri_c1_500_50_766,3,0.92,0.0995445251464843,0.0054483413696289,0,1,1,0,0,0,0,0,0,0,1,0,0,0,0,0,0,0,0,0,0,0,1,0,0,0,118,log_loss,,2,1,sqrt,True,0
fri_c1_500_50_766,3,0.92,0.0948390960693359,0.0058522224426269,0,1,0,1,0,1,0,0,0,0,0,0,0,0,0,0,0,0,0,0,0,0,0,1,0,0,116,log_loss,17.0,6,1,log2,False,0
fri_c1_500_50_766,3,0.92,0.0967543125152587,0.0053181648254394,1,0,0,1,0,0,0,0,0,0,1,0,0,0,0,0,0,0,0,0,0,0,1,0,0,0,195,log_loss,17.0,2,3,sqrt,False,0
fri_c1_500_50_766,3,0.92,0.0937252044677734,0.0058989524841308,0,1,0,0,1,1,0,0,0,0,0,0,0,0,0,0,0,0,0,0,0,0,0,1,0,0,81,log_loss,16.0,4,1,sqrt,False,0
fri_c1_500_50_766,3,0.92,0.0940444469451904,0.005401611328125,1,0,0,0,1,1,0,0,0,0,0,0,0,0,0,0,0,0,0,0,0,0,0,1,0,0,91,entropy,16.0,2,1,sqrt,False,0
fri_c1_500_50_766,3,0.92,0.0946083068847656,0.0056953430175781,1,0,0,1,0,1,0,0,0,0,0,0,0,0,0,0,0,0,0,0,0,0,0,1,0,0,112,gini,,2,3,sqrt,False,0
fri_c1_500_50_766,3,0.92,0.0963804721832275,0.005821943283081,0,1,0,0,1,0,0,0,0,0,1,0,0,0,0,0,0,0,0,0,0,0,1,0,0,0,148,entropy,29.0,3,1,sqrt,True,0
fri_c1_500_50_766,1,0.91,0.096238374710083,0.0054571628570556,0,1,0,0,1,1,0,0,0,0,0,0,0,0,0,0,0,0,0,1,0,0,0,0,0,0,45,gini,,2,2,,False,0
fri_c1_500_50_766,1,0.91,0.0931437015533447,0.0057528018951416,1,0,0,0,1,1,0,0,0,0,0,0,0,0,0,0,0,0,0,0,0,0,0,0,1,0,105,gini,,2,2,sqrt,True,0
tokyo1_40705,1,0.9635416666666666,0.1384193897247314,0.0057883262634277,1,0,0,0,1,0,0,0,0,1,0,0,0,0,0,0,0,0,0,0,0,0,1,0,0,0,10,gini,11.0,4,1,sqrt,False,0
tokyo1_40705,1,0.9635416666666666,0.1409807205200195,0.0057220458984375,1,0,1,0,0,0,0,0,0,1,0,0,0,0,0,0,0,0,0,0,0,0,1,0,0,0,86,entropy,,2,1,log2,False,0
tokyo1_40705,1,0.9635416666666666,0.1404032707214355,0.0058372020721435,1,0,0,1,0,0,0,0,0,1,0,0,0,0,0,0,0,0,0,0,0,0,1,0,0,0,154,gini,19.0,2,1,log2,False,0
tokyo1_40705,1,0.9635416666666666,0.1477565765380859,0.0057361125946044,0,1,1,0,0,0,0,0,0,1,0,0,0,0,0,0,0,0,0,0,0,0,1,0,0,0,64,entropy,,6,1,sqrt,False,0
tokyo1_40705,1,0.9635416666666666,0.1388678550720214,0.0057888031005859,0,1,0,0,1,0,0,0,0,1,0,0,0,0,0,0,0,0,0,0,0,0,1,0,0,0,109,entropy,1.0,2,1,,False,0
tokyo1_40705,1,0.9635416666666666,0.16982102394104,0.0058679580688476,0,1,0,1,0,0,0,0,0,1,0,0,0,0,0,0,0,0,0,0,0,0,1,0,0,0,74,gini,,2,2,,True,0
tokyo1_40705,1,0.9583333333333334,0.133577823638916,0.0058088302612304,0,1,0,0,1,0,0,0,0,1,0,0,0,0,0,0,0,0,0,0,0,0,0,0,0,1,57,gini,26.0,2,3,sqrt,False,0
tokyo1_40705,2,0.9583333333333334,0.1052486896514892,0.0057497024536132,0,1,0,1,0,1,0,0,0,0,0,0,0,0,0,0,0,0,0,1,0,0,0,0,0,0,149,log_loss,,2,1,log2,True,0
tokyo1_40705,2,0.9583333333333334,0.2371561527252197,0.0073916912078857,0,1,0,1,0,0,0,0,0,0,0,0,0,0,0,1,0,0,0,1,0,0,0,0,0,0,48,log_loss,13.0,3,1,sqrt,False,0
tokyo1_40705,2,0.9583333333333334,0.0946879386901855,0.0052757263183593,0,1,0,0,1,1,0,0,0,0,0,0,0,0,0,0,0,0,0,0,0,0,0,1,0,0,115,gini,4.0,2,1,sqrt,False,0
tokyo1_40705,1,0.9583333333333334,0.146259069442749,0.0053398609161376,1,0,0,0,1,0,0,0,0,0,0,0,1,0,0,0,0,0,0,0,0,0,1,0,0,0,115,gini,19.0,3,1,sqrt,False,0
tokyo1_40705,2,0.9583333333333334,0.0933225154876709,0.0056779384613037,1,0,0,1,0,1,0,0,0,0,0,0,0,0,0,0,0,0,0,0,0,0,0,1,0,0,57,gini,11.0,2,1,,False,0
tokyo1_40705,2,0.9583333333333334,0.0949339866638183,0.0052759647369384,0,1,0,1,0,1,0,0,0,0,0,0,0,0,0,0,0,0,0,0,0,0,0,1,0,0,108,gini,14.0,3,1,log2,False,0
tokyo1_40705,1,0.9583333333333334,0.134012222290039,0.0055131912231445,1,0,1,0,0,0,0,0,0,1,0,0,0,0,0,0,0,0,0,0,0,0,0,0,0,1,53,gini,11.0,2,1,sqrt,True,0
tokyo1_40705,2,0.9583333333333334,0.1109521389007568,0.0059261322021484,1,0,0,1,0,0,0,0,0,0,0,0,0,1,0,0,0,0,0,0,0,1,0,0,0,0,126,log_loss,22.0,2,1,sqrt,False,0
tokyo1_40705,1,0.9583333333333334,0.0972416400909423,0.0053868293762207,1,0,1,0,0,0,0,0,0,0,1,0,0,0,0,0,0,0,0,0,0,0,1,0,0,0,34,log_loss,,6,1,sqrt,True,0
tokyo1_40705,1,0.9583333333333334,0.1356675624847412,0.0055775642395019,0,1,0,1,0,0,0,0,0,1,0,0,0,0,0,0,0,0,0,0,0,0,0,0,0,1,83,log_loss,17.0,3,3,sqrt,False,0
tokyo1_40705,2,0.9583333333333334,0.0951869487762451,0.0052077770233154,1,0,0,1,0,0,0,0,0,0,1,0,0,0,0,0,0,0,0,0,0,0,0,0,1,0,87,gini,17.0,2,1,,True,0
tokyo1_40705,2,0.9583333333333334,0.0934398174285888,0.0055263042449951,0,1,1,0,0,1,0,0,0,0,0,0,0,0,0,0,0,0,0,0,0,0,0,1,0,0,156,gini,21.0,4,1,log2,False,0
tokyo1_40705,2,0.9583333333333334,0.1059136390686035,0.0059297084808349,1,0,0,0,1,0,0,0,0,0,0,0,0,1,0,0,0,0,0,0,0,1,0,0,0,0,107,entropy,,2,2,sqrt,True,0
glass_1005,4,0.9523809523809524,0.0778114795684814,0.0043780803680419,0,1,1,0,0,0,0,0,0,0,0,1,0,0,0,0,0,0,0,0,0,1,0,0,0,0,83,entropy,,2,1,,False,0
glass_1005,4,0.9523809523809524,0.0820639133453369,0.0043795108795166,1,0,0,1,0,0,0,0,0,0,0,0,0,0,1,0,0,0,0,0,0,0,0,0,1,0,104,gini,,2,1,,True,0
glass_1005,4,0.9523809523809524,0.0796968936920166,0.0045282840728759,1,0,0,1,0,0,0,0,0,0,0,1,0,0,0,0,0,0,0,0,0,1,0,0,0,0,225,log_loss,,2,1,sqrt,True,0
glass_1005,4,0.9523809523809524,0.0813748836517334,0.0043530464172363,0,1,0,1,0,0,0,0,0,0,0,0,0,0,1,0,0,0,0,0,0,0,0,0,1,0,102,gini,1.0,2,2,sqrt,False,0
glass_1005,4,0.9523809523809524,0.0784797668457031,0.004486083984375,1,0,0,0,1,0,0,0,0,0,0,1,0,0,0,0,0,0,0,0,0,1,0,0,0,0,57,entropy,19.0,2,1,,False,0
glass_1005,4,0.9523809523809524,0.0797209739685058,0.0042533874511718,0,1,0,0,1,0,0,0,0,0,0,0,0,0,1,0,0,0,0,0,0,0,0,0,1,0,42,gini,,2,1,sqrt,True,0
glass_1005,4,0.9523809523809524,0.0828211307525634,0.0044693946838378,1,0,0,0,1,0,0,0,0,0,0,0,0,0,1,0,0,0,0,0,0,0,0,0,1,0,163,entropy,34.0,2,3,,True,0
glass_1005,4,0.9523809523809524,0.0733489990234375,0.0040991306304931,0,1,0,0,1,0,0,0,0,0,0,1,0,0,0,0,0,0,0,0,0,1,0,0,0,0,57,entropy,1.0,2,1,,True,0
glass_1005,4,0.9523809523809524,0.0753068923950195,0.0041565895080566,1,0,1,0,0,0,0,0,0,0,0,1,0,0,0,0,0,0,0,0,0,1,0,0,0,0,133,gini,29.0,2,2,log2,True,0
glass_1005,4,0.9523809523809524,0.0839142799377441,0.0044610500335693,1,0,1,0,0,0,0,0,0,0,0,0,0,0,1,0,0,0,0,0,0,0,0,0,1,0,66,gini,1.0,2,1,sqrt,False,0
glass_1005,4,0.9523809523809524,0.0778055191040039,0.0045170783996582,0,1,0,1,0,0,0,0,0,0,0,1,0,0,0,0,0,0,0,0,0,1,0,0,0,0,37,entropy,2.0,3,1,sqrt,False,0
glass_1005,4,0.9523809523809524,0.0815062522888183,0.0043189525604248,0,1,1,0,0,0,0,0,0,0,0,0,0,0,1,0,0,0,0,0,0,0,0,0,1,0,130,log_loss,,5,2,,True,0
glass_1005,4,0.9285714285714286,0.0768530368804931,0.0042724609375,0,1,0,0,1,1,0,0,0,0,0,0,0,0,0,0,0,0,0,0,0,0,0,0,0,1,68,gini,,2,1,,False,0
glass_1005,4,0.9285714285714286,0.0755400657653808,0.004338264465332,0,1,0,1,0,1,0,0,0,0,0,0,0,0,0,0,0,0,0,1,0,0,0,0,0,0,121,log_loss,3.0,5,2,sqrt,True,0
glass_1005,4,0.9285714285714286,0.0755102634429931,0.0042572021484375,1,0,1,0,0,1,0,0,0,0,0,0,0,0,0,0,0,0,0,0,0,0,0,0,0,1,125,entropy,2.0,6,1,sqrt,False,0
glass_1005,4,0.9285714285714286,0.0985763072967529,0.0047404766082763,0,1,0,1,0,0,0,0,0,1,0,0,0,0,0,0,0,0,0,0,0,1,0,0,0,0,127,entropy,17.0,7,1,log2,False,0
glass_1005,4,0.9285714285714286,0.0761828422546386,0.0042927265167236,0,1,0,1,0,1,0,0,0,0,0,0,0,0,0,0,0,0,0,0,0,0,0,0,0,1,87,log_loss,,2,2,,True,0
glass_1005,4,0.9285714285714286,0.0762410163879394,0.0043337345123291,1,0,0,0,1,1,0,0,0,0,0,0,0,0,0,0,0,0,0,0,1,0,0,0,0,0,134,entropy,15.0,2,1,log2,True,0
glass_1005,4,0.9285714285714286,0.0762743949890136,0.0043690204620361,0,1,1,0,0,1,0,0,0,0,0,0,0,0,0,0,0,0,0,0,0,0,0,0,1,0,54,log_loss,13.0,2,2,sqrt,True,0
glass_1005,4,0.9285714285714286,0.0761492252349853,0.0042974948883056,0,1,0,0,1,1,0,0,0,0,0,0,0,0,0,0,0,0,0,0,1,0,0,0,0,0,10,entropy,33.0,2,2,sqrt,False,0
backache_463,1,0.9722222222222222,0.085216999053955,0.0047013759613037,1,0,0,1,0,0,0,0,0,0,0,1,0,0,0,0,0,0,0,0,0,0,0,0,0,1,135,gini,16.0,5,2,sqrt,False,0
backache_463,1,0.9722222222222222,0.0841455459594726,0.0047159194946289,1,0,0,0,1,0,0,0,0,0,0,1,0,0,0,0,0,0,0,0,0,0,0,0,0,1,108,entropy,,3,1,,True,0
backache_463,1,0.9722222222222222,0.0840988159179687,0.0046908855438232,0,1,1,0,0,0,0,0,0,0,0,1,0,0,0,0,0,0,0,0,0,0,0,0,1,0,69,log_loss,16.0,2,1,sqrt,False,0
backache_463,1,0.9722222222222222,0.0778367519378662,0.0043473243713378,1,0,1,0,0,0,0,0,0,0,0,1,0,0,0,0,0,0,0,1,0,0,0,0,0,0,26,log_loss,4.0,2,1,log2,False,0
backache_463,1,0.9722222222222222,0.084705114364624,0.0047104358673095,1,0,0,1,0,0,0,0,0,0,0,1,0,0,0,0,0,0,0,0,0,0,0,0,1,0,10,gini,20.0,2,1,sqrt,True,0
backache_463,1,0.9722222222222222,0.0860307216644287,0.0047483444213867,0,1,0,1,0,0,0,0,0,0,0,1,0,0,0,0,0,0,0,1,0,0,0,0,0,0,103,gini,,2,1,sqrt,False,0
backache_463,1,0.9722222222222222,0.0825018882751464,0.0051612854003906,0,1,0,0,1,0,0,0,0,0,0,1,0,0,0,0,0,0,0,0,1,0,0,0,0,0,182,entropy,14.0,2,1,log2,False,0
backache_463,1,0.9722222222222222,0.0809171199798584,0.0044913291931152,1,0,0,0,1,0,0,0,0,0,0,1,0,0,0,0,0,0,0,1,0,0,0,0,0,0,93,entropy,,2,1,,True,0
backache_463,1,0.9722222222222222,0.0828325748443603,0.0046882629394531,1,0,1,0,0,0,0,0,0,0,0,1,0,0,0,0,0,0,0,0,0,0,0,0,0,1,82,gini,,2,1,sqrt,False,0
backache_463,1,0.9722222222222222,0.0838234424591064,0.0056526660919189,1,0,1,0,0,0,0,0,0,0,0,1,0,0,0,0,0,0,0,0,1,0,0,0,0,0,99,gini,,2,1,sqrt,False,0
backache_463,1,0.9722222222222222,0.0851244926452636,0.0056135654449462,0,1,1,0,0,0,0,0,0,0,0,1,0,0,0,0,0,0,0,0,1,0,0,0,0,0,209,log_loss,,3,1,log2,True,0
backache_463,1,0.9722222222222222,0.0840046405792236,0.0047738552093505,0,1,0,0,1,0,0,0,0,0,0,1,0,0,0,0,0,0,0,1,0,0,0,0,0,0,138,entropy,8.0,3,1,,False,0
backache_463,1,0.9722222222222222,0.077885627746582,0.0043532848358154,0,1,1,0,0,0,0,0,0,0,0,1,0,0,0,0,0,0,0,0,0,0,0,0,0,1,53,log_loss,,2,1,log2,True,0
backache_463,1,0.9722222222222222,0.0872595310211181,0.0046479701995849,0,1,0,0,1,0,0,0,0,0,0,1,0,0,0,0,0,0,0,0,0,0,0,0,0,1,101,log_loss,17.0,4,1,sqrt,False,0
backache_463,1,0.9722222222222222,0.0837175846099853,0.0056452751159667,1,0,0,0,1,0,0,0,0,0,0,1,0,0,0,0,0,0,0,0,1,0,0,0,0,0,117,gini,,4,1,log2,True,0
backache_463,1,0.9722222222222222,0.0816514492034912,0.0045540332794189,0,1,0,0,1,0,0,0,0,0,0,1,0,0,0,0,0,0,0,0,0,0,0,0,1,0,47,log_loss,,2,3,,False,0
backache_463,1,0.9722222222222222,0.0783865451812744,0.0042884349822998,0,1,0,1,0,0,0,0,0,0,0,1,0,0,0,0,0,0,0,0,0,0,0,0,0,1,138,entropy,14.0,2,1,,False,0
backache_463,1,0.9722222222222222,0.0778696537017822,0.0043022632598876,1,0,1,0,0,0,0,0,0,0,0,1,0,0,0,0,0,0,0,0,0,0,0,0,1,0,59,log_loss,,2,1,log2,True,0
backache_463,1,0.9722222222222222,0.0790250301361084,0.0053060054779052,0,1,0,1,0,0,0,0,0,0,0,1,0,0,0,0,0,0,0,0,1,0,0,0,0,0,24,gini,,2,1,,True,0
backache_463,1,0.9722222222222222,0.0834879875183105,0.0046353340148925,1,0,0,0,1,0,0,0,0,0,0,1,0,0,0,0,0,0,0,0,0,0,0,0,1,0,104,gini,,2,1,sqrt,False,0
parkinsons_1488,2,1.0,0.0793991088867187,0.0045068264007568,0,1,0,1,0,0,1,0,0,0,0,0,0,0,0,0,0,0,0,0,0,0,0,1,0,0,96,entropy,26.0,4,1,sqrt,False,0
parkinsons_1488,2,1.0,0.0917210578918457,0.0046992301940917,1,0,0,1,0,0,0,0,0,1,0,0,0,0,0,0,0,0,0,0,0,0,1,0,0,0,100,log_loss,9.0,3,1,,True,0
parkinsons_1488,2,1.0,0.0859081745147705,0.0043809413909912,1,0,0,0,1,0,1,0,0,0,0,0,0,0,0,0,0,0,0,0,0,0,0,1,0,0,62,log_loss,,2,1,sqrt,False,0
parkinsons_1488,2,1.0,0.0935266017913818,0.0045650005340576,1,0,0,0,1,0,0,0,0,1,0,0,0,0,0,0,0,0,0,0,0,0,1,0,0,0,69,entropy,14.0,5,2,,False,0
parkinsons_1488,2,1.0,0.0801184177398681,0.004606008529663,1,0,1,0,0,0,0,0,0,0,0,1,0,0,0,0,0,0,0,0,0,1,0,0,0,0,156,gini,22.0,2,1,sqrt,True,0
parkinsons_1488,2,1.0,0.0958771705627441,0.0047037601470947,1,0,1,0,0,0,0,0,0,1,0,0,0,0,0,0,0,0,0,0,0,0,1,0,0,0,122,entropy,16.0,2,1,sqrt,False,0
parkinsons_1488,2,1.0,0.0791893005371093,0.0043303966522216,0,1,1,0,0,0,1,0,0,0,0,0,0,0,0,0,0,0,0,0,0,0,0,1,0,0,52,log_loss,,4,1,sqrt,False,0
parkinsons_1488,2,1.0,0.0800745487213134,0.0043625831604003,0,1,0,1,0,0,0,0,0,0,0,1,0,0,0,0,0,0,0,0,0,1,0,0,0,0,10,log_loss,18.0,2,2,sqrt,False,0
parkinsons_1488,2,1.0,1.4982798099517822,0.0045971870422363,0,1,1,0,0,0,0,0,0,1,0,0,0,0,0,0,0,0,0,0,0,0,1,0,0,0,54,entropy,,5,2,log2,True,0
parkinsons_1488,2,1.0,0.0837941169738769,0.0045099258422851,0,1,0,0,1,0,1,0,0,0,0,0,0,0,0,0,0,0,0,0,0,0,0,1,0,0,108,gini,,2,2,sqrt,True,0
parkinsons_1488,2,1.0,0.0790808200836181,0.0043964385986328,1,0,1,0,0,0,1,0,0,0,0,0,0,0,0,0,0,0,0,0,0,0,0,1,0,0,68,entropy,,5,1,sqrt,True,0
parkinsons_1488,2,1.0,0.0976691246032714,0.0045666694641113,0,1,0,1,0,0,0,0,0,1,0,0,0,0,0,0,0,0,0,0,0,0,1,0,0,0,65,gini,11.0,2,1,,False,0
parkinsons_1488,2,1.0,0.0781419277191162,0.0043845176696777,1,0,0,1,0,0,0,0,0,0,0,1,0,0,0,0,0,0,0,0,0,1,0,0,0,0,71,log_loss,31.0,5,1,sqrt,True,0
parkinsons_1488,2,1.0,0.0786507129669189,0.00435471534729,1,0,0,0,1,0,0,0,0,0,0,1,0,0,0,0,0,0,0,0,0,1,0,0,0,0,96,entropy,21.0,2,1,,True,0
parkinsons_1488,2,1.0,0.0783123970031738,0.0042965412139892,0,1,1,0,0,0,0,0,0,0,0,1,0,0,0,0,0,0,0,0,0,1,0,0,0,0,139,entropy,16.0,2,1,sqrt,False,0
parkinsons_1488,2,1.0,0.0781493186950683,0.0043330192565917,0,1,0,0,1,0,0,0,0,0,0,1,0,0,0,0,0,0,0,0,0,1,0,0,0,0,100,log_loss,14.0,3,1,sqrt,True,0
parkinsons_1488,2,1.0,0.1010010242462158,0.0047686100006103,0,1,0,0,1,0,0,0,0,1,0,0,0,0,0,0,0,0,0,0,0,0,1,0,0,0,103,gini,25.0,2,1,sqrt,True,0
parkinsons_1488,2,1.0,0.0920932292938232,0.0044982433319091,1,0,0,1,0,0,1,0,0,0,0,0,0,0,0,0,0,0,0,0,0,0,0,1,0,0,89,gini,,2,2,log2,False,0
parkinsons_1488,2,0.9743589743589745,0.0792806148529052,0.0044207572937011,0,1,0,0,1,0,0,0,0,0,0,1,0,0,0,0,0,0,0,0,0,0,0,0,0,1,75,entropy,1.0,2,1,,True,0
parkinsons_1488,1,0.9743589743589745,0.0794389247894287,0.0045454502105712,0,1,0,0,1,0,0,0,0,0,0,1,0,0,0,0,0,0,0,0,0,0,0,0,0,1,145,gini,,2,1,,False,0
PieChart1_1451,1,0.9574468085106383,0.0982513427734375,0.0053765773773193,1,0,1,0,0,0,0,0,0,0,0,1,0,0,0,0,0,0,0,1,0,0,0,0,0,0,137,gini,27.0,2,1,sqrt,True,0
PieChart1_1451,3,0.9574468085106383,0.1997723579406738,0.0082266330718994,1,0,1,0,0,0,0,0,0,0,0,0,0,0,0,1,0,0,0,0,1,0,0,0,0,0,202,log_loss,31.0,2,2,log2,False,0
PieChart1_1451,3,0.9574468085106383,0.2021706104278564,0.0065357685089111,1,0,0,0,1,0,0,0,0,0,0,0,0,0,0,1,0,0,0,0,0,0,0,0,1,0,131,entropy,14.0,2,1,sqrt,True,0
PieChart1_1451,3,0.9574468085106383,0.1977758407592773,0.0064582824707031,1,0,1,0,0,0,0,0,0,0,0,0,0,0,0,1,0,0,0,0,0,0,0,0,0,1,75,gini,15.0,5,1,,False,0
PieChart1_1451,1,0.9574468085106383,0.093057632446289,0.0050108432769775,1,0,0,1,0,0,0,0,0,0,0,1,0,0,0,0,0,0,0,0,0,0,0,0,0,1,55,gini,,2,1,,True,0
PieChart1_1451,3,0.9574468085106383,0.2042479515075683,0.0076029300689697,0,1,0,1,0,0,0,0,0,0,0,0,0,0,0,1,0,0,0,0,0,0,0,0,0,1,148,gini,12.0,3,1,sqrt,True,0
PieChart1_1451,1,0.9574468085106383,0.1236791610717773,0.0055575370788574,0,1,0,1,0,0,0,0,0,0,0,0,0,0,0,0,1,0,0,0,0,1,0,0,0,0,59,entropy,,3,1,sqrt,True,0
PieChart1_1451,3,0.9574468085106383,0.1881992816925048,0.0061380863189697,0,1,0,0,1,0,0,0,0,0,0,0,0,0,0,1,0,0,0,1,0,0,0,0,0,0,140,gini,14.0,2,2,sqrt,False,0
PieChart1_1451,3,0.9574468085106383,0.2018167972564697,0.0072443485260009,1,0,0,1,0,0,0,0,0,0,0,0,0,0,0,1,0,0,0,0,1,0,0,0,0,0,62,log_loss,,2,1,,True,0
PieChart1_1451,3,0.9574468085106383,0.1894562244415283,0.0063543319702148,0,1,1,0,0,0,0,0,0,0,0,0,0,0,0,1,0,0,0,1,0,0,0,0,0,0,117,entropy,22.0,4,1,,False,0
PieChart1_1451,1,0.9574468085106383,0.099069595336914,0.0053610801696777,0,1,1,0,0,0,0,0,0,0,0,1,0,0,0,0,0,0,0,0,0,0,0,0,1,0,47,gini,23.0,2,1,,False,0
PieChart1_1451,1,0.9574468085106383,0.0992088317871093,0.0056419372558593,1,0,1,0,0,0,0,0,0,0,0,1,0,0,0,0,0,0,0,0,0,0,0,0,1,0,139,gini,13.0,2,1,log2,False,0
PieChart1_1451,3,0.9574468085106383,0.1940319538116455,0.0062277317047119,1,0,1,0,0,0,0,0,0,0,0,0,0,0,0,1,0,0,0,0,0,0,0,0,1,0,38,entropy,34.0,2,1,log2,True,0
PieChart1_1451,3,0.9574468085106383,0.198993444442749,0.0064387321472167,1,0,1,0,0,0,0,0,0,0,0,0,0,0,0,1,0,0,0,1,0,0,0,0,0,0,114,gini,,2,1,sqrt,False,0
PieChart1_1451,1,0.9574468085106383,0.095588207244873,0.0060296058654785,0,1,0,1,0,0,0,0,0,0,0,1,0,0,0,0,0,0,0,0,1,0,0,0,0,0,90,entropy,17.0,4,1,log2,False,0
PieChart1_1451,1,0.9574468085106383,0.10042405128479,0.0068106651306152,1,0,0,0,1,0,0,0,0,0,0,1,0,0,0,0,0,0,0,0,1,0,0,0,0,0,105,log_loss,,2,1,sqrt,True,0
PieChart1_1451,1,0.9574468085106383,0.1001880168914794,0.006314992904663,1,0,0,1,0,0,0,0,0,0,0,1,0,0,0,0,0,0,0,0,1,0,0,0,0,0,80,gini,14.0,2,1,log2,True,0
PieChart1_1451,1,0.9574468085106383,0.1054780483245849,0.0054636001586914,1,0,0,0,1,0,0,0,0,0,0,1,0,0,0,0,0,0,0,0,0,0,0,0,1,0,79,gini,16.0,4,2,sqrt,True,0
PieChart1_1451,1,0.9574468085106383,0.0948362350463867,0.0050854682922363,0,1,1,0,0,0,0,0,0,0,0,1,0,0,0,0,0,0,0,0,0,0,0,0,0,1,108,log_loss,,3,1,sqrt,False,0
PieChart1_1451,1,0.9574468085106383,0.1031742095947265,0.0054731369018554,0,1,0,0,1,0,0,0,0,0,0,1,0,0,0,0,0,0,0,0,0,0,0,0,0,1,50,gini,12.0,2,1,log2,True,0
bridges_327,0,0.9047619047619048,0.0770909786224365,0.0044221878051757,0,1,0,0,1,0,1,0,0,0,0,0,0,0,0,0,0,0,0,0,0,1,0,0,0,0,50,gini,13.0,2,1,,False,0
bridges_327,0,0.9047619047619048,0.0802607536315918,0.0043590068817138,0,1,0,0,1,0,0,0,0,0,0,0,0,1,0,0,0,0,0,0,0,1,0,0,0,0,82,gini,,2,1,log2,False,0
bridges_327,0,0.9047619047619048,0.1087172031402587,0.004657506942749,0,1,0,0,1,0,0,0,0,0,0,0,1,0,0,0,0,0,0,0,0,0,0,0,1,0,80,log_loss,1.0,2,1,log2,True,0
bridges_327,0,0.9047619047619048,0.0757744312286377,0.0043375492095947,0,1,0,0,1,0,0,0,0,0,0,0,0,1,0,0,0,0,0,0,0,0,0,0,1,0,50,log_loss,14.0,2,2,,False,0
bridges_327,0,0.9047619047619048,0.0888895988464355,0.0047576427459716,0,1,0,1,0,0,0,0,0,1,0,0,0,0,0,0,0,0,0,0,0,1,0,0,0,0,146,gini,11.0,2,1,sqrt,True,0
bridges_327,0,0.8571428571428571,0.1028010845184326,0.0049381256103515,0,1,0,0,1,0,0,0,0,0,0,0,1,0,0,0,0,0,0,0,0,0,0,0,0,1,83,entropy,15.0,2,3,sqrt,True,0
bridges_327,0,0.8571428571428571,0.0978298187255859,0.0047922134399414,0,1,0,1,0,0,0,0,0,1,0,0,0,0,0,0,0,0,0,0,0,0,0,0,1,0,89,gini,,2,1,,True,0
bridges_327,4,0.8571428571428571,0.1068108081817627,0.0048775672912597,0,1,0,1,0,0,0,0,0,0,0,0,0,0,0,1,0,0,0,0,0,0,0,0,1,0,34,entropy,,2,2,,True,0
bridges_327,0,0.8571428571428571,0.0795211791992187,0.00443696975708,0,1,0,1,0,0,0,0,0,0,0,0,0,1,0,0,0,0,0,0,0,0,0,0,1,0,204,gini,22.0,2,1,sqrt,False,0
bridges_327,4,0.8571428571428571,0.1064798831939697,0.0049688816070556,0,1,0,1,0,0,0,0,0,0,0,0,0,0,0,1,0,0,0,1,0,0,0,0,0,0,221,gini,,2,1,sqrt,True,0
bridges_327,4,0.8571428571428571,0.1116020679473877,0.0049195289611816,0,1,0,1,0,0,0,0,0,0,0,0,0,0,0,1,0,0,0,0,0,0,0,1,0,0,61,log_loss,,4,1,,False,0
bridges_327,4,0.8571428571428571,0.0791738033294677,0.0045220851898193,0,1,0,0,1,0,0,0,0,0,0,0,0,0,1,0,0,0,0,0,0,1,0,0,0,0,161,gini,21.0,2,1,log2,False,0
bridges_327,0,0.8571428571428571,0.086846113204956,0.0044083595275878,0,1,0,0,1,0,0,0,0,1,0,0,0,0,0,0,0,0,0,0,0,1,0,0,0,0,95,gini,20.0,2,3,sqrt,True,0
bridges_327,0,0.8571428571428571,0.0784451961517334,0.0044169425964355,0,1,0,1,0,0,0,0,0,0,0,0,0,1,0,0,0,0,0,0,0,1,0,0,0,0,180,log_loss,25.0,2,1,sqrt,False,0
bridges_327,0,0.8571428571428571,0.0776021480560302,0.0043883323669433,0,1,0,0,1,0,0,0,0,1,0,0,0,0,0,0,0,0,0,0,0,0,0,0,1,0,117,log_loss,,2,1,,False,0
bridges_327,4,0.8571428571428571,0.0766401290893554,0.0043737888336181,0,1,0,1,0,0,0,0,0,0,0,1,0,0,0,0,0,0,0,0,0,0,0,0,1,0,105,entropy,,2,1,sqrt,False,0
bridges_327,0,0.8571428571428571,0.0771403312683105,0.0043976306915283,0,1,0,0,1,0,1,0,0,0,0,0,0,0,0,0,0,0,0,1,0,0,0,0,0,0,10,log_loss,33.0,3,1,sqrt,True,0
bridges_327,0,0.8571428571428571,0.0893518924713134,0.0047101974487304,0,1,0,0,1,0,0,0,0,1,0,0,0,0,0,0,0,0,0,0,1,0,0,0,0,0,56,gini,16.0,2,2,log2,True,0
bridges_327,4,0.8571428571428571,0.1057569980621337,0.0049028396606445,0,1,0,1,0,0,0,0,0,0,0,0,0,0,0,1,0,0,0,0,0,0,0,0,0,1,101,gini,5.0,2,1,sqrt,False,0
bridges_327,4,0.8571428571428571,0.0768938064575195,0.0044875144958496,0,1,0,1,0,0,0,0,0,0,0,1,0,0,0,0,0,0,0,1,0,0,0,0,0,0,110,gini,30.0,2,1,sqrt,True,0
analcatdata_authorship_458,3,1.0,0.1616017818450927,0.0060610771179199,0,1,0,0,1,0,0,0,0,1,0,0,0,0,0,0,0,0,0,0,0,0,0,1,0,0,56,gini,,3,1,sqrt,False,0
analcatdata_authorship_458,2,1.0,0.0949547290802002,0.0052840709686279,1,0,0,0,1,0,0,0,0,0,1,0,0,0,0,0,0,0,0,0,0,0,0,1,0,0,73,gini,,5,1,log2,True,0
analcatdata_authorship_458,4,1.0,0.1617717742919922,0.0060145854949951,0,1,0,1,0,0,0,0,0,1,0,0,0,0,0,0,0,0,0,0,0,0,0,1,0,0,89,log_loss,27.0,2,2,sqrt,True,0
analcatdata_authorship_458,2,1.0,0.114434003829956,0.0065124034881591,0,1,0,0,1,0,0,0,0,0,0,1,0,0,0,0,0,0,0,0,1,0,0,0,0,0,152,gini,18.0,2,1,log2,True,0
analcatdata_authorship_458,0,1.0,0.1653003692626953,0.0061593055725097,0,1,0,0,1,0,0,0,0,0,0,0,0,1,0,0,0,0,0,0,1,0,0,0,0,0,104,gini,10.0,4,2,sqrt,True,0
analcatdata_authorship_458,2,1.0,0.1031026840209961,0.0054259300231933,0,1,0,1,0,0,0,0,0,0,1,0,0,0,0,0,0,0,0,0,0,0,0,1,0,0,124,entropy,,2,1,sqrt,False,0
analcatdata_authorship_458,2,1.0,0.1056764125823974,0.005389928817749,1,0,0,1,0,0,0,0,0,0,1,0,0,0,0,0,0,0,0,0,1,0,0,0,0,0,107,entropy,,2,1,sqrt,False,0
analcatdata_authorship_458,3,1.0,0.155029296875,0.0057535171508789,0,1,0,1,0,0,0,0,0,0,0,0,1,0,0,0,0,0,0,0,0,0,0,1,0,0,44,entropy,2.0,2,1,sqrt,True,0
analcatdata_authorship_458,4,1.0,0.099705696105957,0.0055696964263916,0,1,0,1,0,1,0,0,0,0,0,0,0,0,0,0,0,0,0,0,0,0,0,1,0,0,101,gini,,2,2,sqrt,False,0
analcatdata_authorship_458,3,1.0,0.163210391998291,0.0061409473419189,0,1,0,1,0,0,0,0,0,1,0,0,0,0,0,0,0,0,0,0,0,0,0,1,0,0,107,gini,15.0,4,1,log2,True,0
analcatdata_authorship_458,4,1.0,0.1626245975494384,0.0060267448425292,0,1,0,1,0,0,0,0,0,0,0,0,0,1,0,0,0,0,0,0,0,0,0,1,0,0,138,log_loss,7.0,2,1,sqrt,False,0
analcatdata_authorship_458,2,1.0,0.1132886409759521,0.0054032802581787,1,0,0,1,0,0,0,0,0,0,0,1,0,0,0,0,0,0,0,0,0,0,0,0,0,1,47,gini,18.0,4,1,,True,0
analcatdata_authorship_458,2,1.0,0.3201014995574951,0.0056831836700439,0,1,0,1,0,0,0,0,0,0,0,0,0,0,1,0,0,0,0,0,0,0,0,1,0,0,10,gini,,3,1,log2,True,0
analcatdata_authorship_458,4,1.0,0.3261651992797851,0.0059447288513183,0,1,0,1,0,0,0,0,0,0,0,0,0,0,1,0,0,0,0,0,0,0,0,1,0,0,109,log_loss,9.0,2,1,log2,False,0
analcatdata_authorship_458,3,1.0,0.1065084934234619,0.005455732345581,1,0,0,1,0,0,0,0,0,0,1,0,0,0,0,0,0,0,0,0,1,0,0,0,0,0,118,gini,,2,1,sqrt,True,0
analcatdata_authorship_458,2,1.0,0.1097126007080078,0.0062735080718994,1,0,0,1,0,0,0,0,0,0,0,1,0,0,0,0,0,0,0,0,1,0,0,0,0,0,91,gini,,2,1,,True,0
analcatdata_authorship_458,2,1.0,0.1056423187255859,0.0058908462524414,0,1,0,0,1,0,0,0,0,0,1,0,0,0,0,0,0,0,0,0,1,0,0,0,0,0,101,gini,7.0,2,1,log2,True,0
analcatdata_authorship_458,3,1.0,0.1092054843902587,0.0056004524230957,0,1,0,0,1,0,0,0,0,0,1,0,0,0,0,0,0,0,0,0,1,0,0,0,0,0,144,gini,,2,4,,True,0
analcatdata_authorship_458,3,1.0,0.1634547710418701,0.0063025951385498,0,1,0,1,0,0,0,0,0,0,0,0,0,1,0,0,0,0,0,0,0,0,0,1,0,0,77,gini,,5,1,sqrt,False,0
analcatdata_authorship_458,2,1.0,0.0946695804595947,0.0050001144409179,1,0,0,0,1,0,0,0,0,0,1,0,0,0,0,0,0,0,0,0,0,0,1,0,0,0,86,gini,,2,1,sqrt,False,0
Loan-Predication_43595,4,0.8524590163934426,0.10648775100708,0.0060696601867675,0,1,0,0,1,0,0,0,0,0,0,1,0,0,0,0,0,0,0,0,0,1,0,0,0,0,104,gini,13.0,2,3,sqrt,True,0
Loan-Predication_43595,4,0.8524590163934426,0.1079907417297363,0.0052161216735839,0,1,0,0,1,0,0,0,0,0,0,0,0,0,1,0,0,0,0,0,0,1,0,0,0,0,39,gini,17.0,6,2,sqrt,True,0
Loan-Predication_43595,2,0.8455284552845529,0.0765800476074218,0.0043678283691406,0,1,0,0,1,0,0,0,1,0,0,0,0,0,0,0,0,0,0,0,0,0,0,1,0,0,92,gini,7.0,2,2,sqrt,False,0
Loan-Predication_43595,2,0.8455284552845529,0.0897119045257568,0.006176471710205,0,1,0,0,1,1,0,0,0,0,0,0,0,0,0,0,0,0,0,0,0,1,0,0,0,0,97,log_loss,19.0,2,1,,True,0
Loan-Predication_43595,2,0.8455284552845529,0.0740842819213867,0.0043041706085205,0,1,0,1,0,0,0,0,1,0,0,0,0,0,0,0,0,0,0,0,1,0,0,0,0,0,182,log_loss,,4,2,log2,False,0
Loan-Predication_43595,2,0.8455284552845529,0.0772743225097656,0.0047485828399658,0,1,0,1,0,0,0,0,1,0,0,0,0,0,0,0,0,0,0,0,0,0,0,0,0,1,85,gini,,3,2,sqrt,False,0
Loan-Predication_43595,2,0.8455284552845529,0.0754957199096679,0.0045192241668701,0,1,0,0,1,0,0,0,0,0,0,0,0,0,0,0,0,1,0,1,0,0,0,0,0,0,110,log_loss,,2,1,log2,True,0
Loan-Predication_43595,2,0.8455284552845529,0.0792982578277587,0.0045185089111328,0,1,0,0,1,0,0,0,0,0,1,0,0,0,0,0,0,0,0,0,0,0,0,0,1,0,146,entropy,22.0,4,1,sqrt,True,0
Loan-Predication_43595,2,0.8455284552845529,0.0765004158020019,0.0045173168182373,0,1,0,1,0,0,0,0,0,0,0,0,0,0,0,0,0,1,0,0,1,0,0,0,0,0,58,entropy,,3,1,sqrt,False,0
Loan-Predication_43595,2,0.8455284552845529,0.0755872726440429,0.0045638084411621,0,1,0,1,0,0,0,0,0,0,0,0,0,0,0,0,0,1,0,1,0,0,0,0,0,0,169,gini,31.0,2,3,log2,True,0
Loan-Predication_43595,2,0.8455284552845529,0.076693058013916,0.00453782081604,0,1,0,0,1,0,0,0,0,0,0,0,0,0,0,0,0,1,0,0,1,0,0,0,0,0,188,log_loss,,2,1,log2,True,0
Loan-Predication_43595,2,0.8455284552845529,0.072871446609497,0.0043346881866455,0,1,0,0,1,0,0,0,1,0,0,0,0,0,0,0,0,0,0,0,0,0,0,0,1,0,99,log_loss,14.0,2,1,log2,False,0
Loan-Predication_43595,2,0.8455284552845529,0.0795032978057861,0.0051441192626953,0,1,0,0,1,0,0,0,0,0,1,0,0,0,0,0,0,0,0,0,1,0,0,0,0,0,73,gini,5.0,4,1,sqrt,True,0
Loan-Predication_43595,2,0.8455284552845529,0.0735061168670654,0.0044105052947998,0,1,0,1,0,0,0,0,0,0,0,0,0,0,0,0,0,1,0,0,0,0,0,0,1,0,181,entropy,,2,1,sqrt,False,0
Loan-Predication_43595,2,0.8455284552845529,0.0777182579040527,0.0048155784606933,0,1,0,0,1,0,0,0,1,0,0,0,0,0,0,0,0,0,0,1,0,0,0,0,0,0,140,entropy,17.0,3,1,,True,0
Loan-Predication_43595,2,0.8455284552845529,0.0775740146636962,0.0047402381896972,0,1,0,1,0,0,0,0,0,0,0,0,0,0,0,0,0,1,0,0,0,0,1,0,0,0,104,gini,,2,1,,False,0
Loan-Predication_43595,2,0.8455284552845529,0.0745553970336914,0.0045385360717773,0,1,0,0,1,0,0,0,0,0,0,0,0,0,0,0,0,1,0,0,0,0,1,0,0,0,171,gini,,2,2,sqrt,False,0
Loan-Predication_43595,2,0.8455284552845529,0.0791752338409423,0.0045735836029052,0,1,0,1,0,0,0,0,0,0,0,0,0,0,0,0,0,1,0,0,0,0,0,0,0,1,166,gini,,2,2,log2,False,0
Loan-Predication_43595,2,0.8455284552845529,0.0747618675231933,0.0043880939483642,0,1,0,1,0,0,0,0,1,0,0,0,0,0,0,0,0,0,0,1,0,0,0,0,0,0,83,gini,20.0,3,1,sqrt,False,0
Loan-Predication_43595,2,0.8455284552845529,0.0777666568756103,0.004838228225708,0,1,0,0,1,0,0,0,0,0,1,0,0,0,0,0,0,0,0,0,0,0,0,0,0,1,112,gini,,2,2,sqrt,False,0
xd6_40693,4,1.0,0.0960669517517089,0.0050797462463378,1,0,1,0,0,0,0,0,0,0,0,0,0,0,1,0,0,0,0,0,1,0,0,0,0,0,129,entropy,,2,2,,False,0
xd6_40693,3,1.0,0.0973398685455322,0.0051112174987792,1,0,1,0,0,0,0,0,0,0,0,0,0,0,1,0,0,0,0,0,1,0,0,0,0,0,101,entropy,20.0,3,2,log2,True,0
xd6_40693,0,1.0,0.0952246189117431,0.0065147876739501,1,0,1,0,0,0,0,0,0,0,0,1,0,0,0,0,0,0,0,0,1,0,0,0,0,0,30,log_loss,,2,1,,False,0
xd6_40693,1,1.0,0.0965728759765625,0.0069851875305175,1,0,1,0,0,0,0,0,0,0,0,1,0,0,0,0,0,0,0,0,1,0,0,0,0,0,53,entropy,10.0,4,1,log2,True,0
xd6_40693,2,1.0,0.098942756652832,0.0066471099853515,1,0,1,0,0,0,0,0,0,0,0,1,0,0,0,0,0,0,0,0,1,0,0,0,0,0,32,gini,7.0,3,1,log2,False,0
xd6_40693,3,1.0,0.0963218212127685,0.0069825649261474,1,0,1,0,0,0,0,0,0,0,0,1,0,0,0,0,0,0,0,0,1,0,0,0,0,0,125,gini,,2,2,sqrt,True,0
xd6_40693,4,1.0,0.0950427055358886,0.0068988800048828,1,0,1,0,0,0,0,0,0,0,0,1,0,0,0,0,0,0,0,0,1,0,0,0,0,0,41,log_loss,,2,1,log2,False,0
xd6_40693,2,1.0,0.10030198097229,0.0053071975708007,1,0,1,0,0,0,0,0,0,0,0,0,0,0,1,0,0,0,0,0,1,0,0,0,0,0,110,gini,16.0,2,1,,True,0
xd6_40693,1,1.0,0.1014373302459716,0.0054793357849121,1,0,1,0,0,0,0,0,0,0,0,0,0,0,1,0,0,0,0,0,1,0,0,0,0,0,192,entropy,,5,1,sqrt,False,0
xd6_40693,0,1.0,0.1066694259643554,0.0100178718566894,1,0,1,0,0,0,0,0,0,0,0,0,0,0,1,0,0,0,0,0,1,0,0,0,0,0,171,gini,,2,1,sqrt,True,0
xd6_40693,1,1.0,0.099656343460083,0.0058276653289794,1,0,0,0,1,0,1,0,0,0,0,0,0,0,0,0,0,0,0,0,0,0,0,1,0,0,10,gini,9.0,2,2,,False,0
xd6_40693,2,1.0,0.0990705490112304,0.005448579788208,1,0,0,0,1,0,1,0,0,0,0,0,0,0,0,0,0,0,0,0,0,0,0,1,0,0,36,gini,13.0,3,1,sqrt,False,0
xd6_40693,3,1.0,0.0947232246398925,0.0053718090057373,1,0,0,0,1,0,1,0,0,0,0,0,0,0,0,0,0,0,0,0,0,0,0,1,0,0,61,gini,,2,1,sqrt,False,0
xd6_40693,4,1.0,0.0946466922760009,0.0054261684417724,1,0,0,0,1,0,1,0,0,0,0,0,0,0,0,0,0,0,0,0,0,0,0,1,0,0,42,log_loss,,2,1,sqrt,False,0
xd6_40693,3,1.0,0.0963084697723388,0.005716323852539,1,0,0,0,1,0,0,0,0,0,0,1,0,0,0,0,0,0,0,0,0,0,0,1,0,0,17,entropy,,2,1,sqrt,False,0
xd6_40693,4,1.0,0.0935084819793701,0.0054309368133544,1,0,0,0,1,0,0,0,0,0,0,1,0,0,0,0,0,0,0,0,0,0,0,1,0,0,99,gini,,4,1,sqrt,False,0
xd6_40693,3,1.0,0.1766068935394287,0.0076618194580078,1,0,0,0,1,0,0,0,0,0,0,0,0,0,0,1,0,0,0,0,0,0,1,0,0,0,135,log_loss,21.0,2,1,log2,False,0
xd6_40693,3,1.0,0.1053018569946289,0.0055141448974609,1,0,0,0,1,0,0,0,0,0,0,0,0,0,1,0,0,0,0,0,0,0,1,0,0,0,148,gini,,3,1,log2,True,0
xd6_40693,4,1.0,0.1056458950042724,0.0054411888122558,1,0,0,0,1,0,0,0,0,0,0,0,0,0,1,0,0,0,0,0,0,0,1,0,0,0,76,gini,1.0,3,1,log2,False,0
xd6_40693,0,1.0,0.16717529296875,0.0061423778533935,1,0,0,0,1,0,0,0,0,0,0,0,1,0,0,0,0,0,0,0,0,0,1,0,0,0,86,log_loss,19.0,4,1,log2,True,0
wisconsin_753,1,0.7692307692307693,0.0856339931488037,0.0047402381896972,0,1,1,0,0,0,0,0,0,0,1,0,0,0,0,0,0,0,0,0,0,1,0,0,0,0,118,gini,,2,2,sqrt,True,0
wisconsin_753,1,0.7692307692307693,0.0917189121246337,0.0048255920410156,1,0,0,0,1,0,0,0,0,0,1,0,0,0,0,0,0,0,0,0,0,1,0,0,0,0,95,log_loss,,2,1,,False,0
wisconsin_753,1,0.7692307692307693,0.0845696926116943,0.0048568248748779,0,1,0,1,0,0,0,0,0,0,1,0,0,0,0,0,0,0,0,0,0,1,0,0,0,0,141,log_loss,,2,1,,True,0
wisconsin_753,1,0.7692307692307693,0.0798611640930175,0.0044476985931396,1,0,1,0,0,0,0,0,0,0,1,0,0,0,0,0,0,0,0,0,0,1,0,0,0,0,122,gini,,4,2,sqrt,True,0
wisconsin_753,1,0.7692307692307693,0.082789659500122,0.0050048828125,0,1,0,0,1,0,0,0,0,0,1,0,0,0,0,0,0,0,0,0,0,1,0,0,0,0,81,gini,1.0,3,1,sqrt,True,0
wisconsin_753,1,0.7692307692307693,0.0856406688690185,0.0048508644104003,1,0,0,1,0,0,0,0,0,0,1,0,0,0,0,0,0,0,0,0,0,1,0,0,0,0,10,gini,16.0,2,3,sqrt,True,0
wisconsin_753,2,0.7435897435897436,0.090233564376831,0.0047335624694824,1,0,0,0,1,0,1,0,0,0,0,0,0,0,0,0,0,0,0,1,0,0,0,0,0,0,175,gini,,6,2,sqrt,True,0
wisconsin_753,2,0.7435897435897436,0.08433198928833,0.0043931007385253,0,1,1,0,0,0,1,0,0,0,0,0,0,0,0,0,0,0,0,1,0,0,0,0,0,0,66,entropy,10.0,2,1,,True,0
wisconsin_753,2,0.7435897435897436,0.0870954990386962,0.0045685768127441,0,1,0,1,0,0,1,0,0,0,0,0,0,0,0,0,0,0,0,1,0,0,0,0,0,0,118,gini,27.0,4,1,sqrt,True,0
wisconsin_753,2,0.7435897435897436,0.0919911861419677,0.0048942565917968,1,0,1,0,0,0,1,0,0,0,0,0,0,0,0,0,0,0,0,1,0,0,0,0,0,0,10,gini,,5,1,log2,False,0
wisconsin_753,2,0.7435897435897436,0.0882954597473144,0.0047049522399902,0,1,0,0,1,0,1,0,0,0,0,0,0,0,0,0,0,0,0,1,0,0,0,0,0,0,99,entropy,21.0,2,1,sqrt,True,0
wisconsin_753,2,0.7435897435897436,0.0906007289886474,0.0046780109405517,1,0,0,1,0,0,1,0,0,0,0,0,0,0,0,0,0,0,0,1,0,0,0,0,0,0,105,entropy,2.0,2,2,log2,False,0
wisconsin_753,0,0.717948717948718,0.1314883232116699,0.0046985149383544,1,0,0,1,0,0,0,0,0,0,0,0,1,0,0,0,0,0,0,0,0,0,0,1,0,0,107,entropy,,2,1,sqrt,False,0
wisconsin_753,1,0.717948717948718,0.0818080902099609,0.0047574043273925,1,0,0,1,0,0,0,1,0,0,0,0,0,0,0,0,0,0,0,0,0,0,1,0,0,0,251,log_loss,24.0,2,1,,True,0
wisconsin_753,1,0.717948717948718,0.0845277309417724,0.0045433044433593,1,0,1,0,0,1,0,0,0,0,0,0,0,0,0,0,0,0,0,0,0,0,0,1,0,0,68,entropy,20.0,4,1,,True,0
wisconsin_753,1,0.717948717948718,0.0822534561157226,0.0045993328094482,0,1,0,1,0,1,0,0,0,0,0,0,0,0,0,0,0,0,0,0,0,0,0,1,0,0,141,log_loss,,2,3,sqrt,True,0
wisconsin_753,1,0.717948717948718,0.0795488357543945,0.0042717456817626,1,0,0,1,0,1,0,0,0,0,0,0,0,0,0,0,0,0,0,0,0,0,0,1,0,0,126,gini,1.0,2,2,sqrt,False,0
wisconsin_753,0,0.717948717948718,0.1084871292114257,0.004606008529663,0,1,0,0,1,0,0,0,0,0,0,0,1,0,0,0,0,0,0,0,0,0,0,1,0,0,66,entropy,,3,2,sqrt,False,0
wisconsin_753,1,0.717948717948718,0.0823523998260498,0.0046851634979248,1,0,1,0,0,0,0,1,0,0,0,0,0,0,0,0,0,0,0,0,0,0,1,0,0,0,140,gini,,3,2,log2,False,0
wisconsin_753,0,0.717948717948718,0.1030945777893066,0.004645824432373,1,0,1,0,0,0,0,0,0,0,0,0,1,0,0,0,0,0,0,0,0,0,0,1,0,0,92,log_loss,16.0,6,1,sqrt,False,0
mc2_1054,1,0.875,0.0759840011596679,0.0041282176971435,1,0,0,0,1,0,0,0,0,0,0,1,0,0,0,0,0,0,0,0,0,0,0,1,0,0,144,gini,,2,2,,False,0
mc2_1054,1,0.875,0.0768601894378662,0.0043280124664306,0,1,0,0,1,0,0,0,0,0,0,1,0,0,0,0,0,0,0,0,0,0,0,1,0,0,198,log_loss,4.0,2,1,sqrt,False,0
mc2_1054,1,0.875,0.0768699645996093,0.0041456222534179,1,0,1,0,0,0,0,0,0,0,0,1,0,0,0,0,0,0,0,0,0,0,0,1,0,0,108,log_loss,,4,1,sqrt,False,0
mc2_1054,1,0.875,0.0789344310760498,0.0045397281646728,0,1,1,0,0,0,0,0,0,0,0,1,0,0,0,0,0,0,0,0,0,0,0,1,0,0,86,entropy,20.0,2,1,log2,False,0
mc2_1054,1,0.875,0.0760550498962402,0.0041615962982177,1,0,0,1,0,0,0,0,0,0,0,1,0,0,0,0,0,0,0,0,0,0,0,1,0,0,153,gini,3.0,2,1,sqrt,False,0
mc2_1054,1,0.875,0.0797901153564453,0.0046234130859375,0,1,0,1,0,0,0,0,0,0,0,1,0,0,0,0,0,0,0,0,0,0,0,1,0,0,170,gini,1.0,4,2,log2,True,0
mc2_1054,0,0.8484848484848485,0.1002135276794433,0.0046160221099853,0,1,0,1,0,0,0,0,0,1,0,0,0,0,0,0,0,0,0,0,0,0,0,1,0,0,56,entropy,,2,1,sqrt,False,0
mc2_1054,0,0.8484848484848485,0.0942859649658203,0.0044996738433837,1,0,1,0,0,0,0,0,0,1,0,0,0,0,0,0,0,0,0,0,0,0,0,1,0,0,77,gini,,4,1,,False,0
mc2_1054,0,0.8484848484848485,0.0975964069366455,0.0044553279876708,0,1,1,0,0,0,0,0,0,1,0,0,0,0,0,0,0,0,0,0,0,0,0,1,0,0,134,log_loss,,2,1,sqrt,True,0
mc2_1054,0,0.8484848484848485,0.105118989944458,0.0049617290496826,0,1,0,0,1,0,0,0,0,1,0,0,0,0,0,0,0,0,0,0,0,0,0,1,0,0,93,log_loss,40.0,2,1,log2,False,0
mc2_1054,0,0.8484848484848485,0.097318410873413,0.0045971870422363,1,0,0,1,0,0,0,0,0,1,0,0,0,0,0,0,0,0,0,0,0,0,0,1,0,0,52,log_loss,,2,1,sqrt,False,0
mc2_1054,0,0.8484848484848485,0.0958302021026611,0.0046644210815429,1,0,0,0,1,0,0,0,0,1,0,0,0,0,0,0,0,0,0,0,0,0,0,1,0,0,127,gini,13.0,2,1,sqrt,True,0
mc2_1054,1,0.84375,0.0951747894287109,0.0042357444763183,1,0,0,0,1,0,0,0,0,0,0,0,0,0,1,0,0,0,0,0,0,0,1,0,0,0,134,gini,,2,1,log2,False,0
mc2_1054,1,0.84375,0.0740942955017089,0.0042145252227783,1,0,0,0,1,0,0,0,0,0,1,0,0,0,0,0,0,0,0,0,0,0,1,0,0,0,83,entropy,22.0,2,1,sqrt,True,0
mc2_1054,1,0.84375,0.0987148284912109,0.0046384334564208,1,0,0,0,1,0,0,0,0,0,0,0,1,0,0,0,0,0,0,0,0,0,0,1,0,0,103,gini,14.0,3,1,sqrt,False,0
mc2_1054,3,0.84375,0.1178839206695556,0.0042309761047363,1,0,0,0,1,0,0,0,0,0,0,0,1,0,0,0,0,0,0,0,0,0,0,1,0,0,71,log_loss,14.0,2,1,sqrt,True,0
mc2_1054,1,0.84375,0.0926313400268554,0.0043153762817382,0,1,0,1,0,0,0,0,0,0,0,0,1,0,0,0,0,0,0,0,0,0,1,0,0,0,45,log_loss,3.0,2,1,sqrt,True,0
mc2_1054,1,0.84375,0.099696397781372,0.0046017169952392,1,0,1,0,0,0,0,0,0,0,0,0,1,0,0,0,0,0,0,0,0,0,1,0,0,0,75,gini,12.0,3,1,,False,0
mc2_1054,1,0.84375,0.1314153671264648,0.0047335624694824,1,0,1,0,0,0,0,0,0,0,0,0,0,0,0,1,0,0,0,0,0,0,1,0,0,0,104,entropy,17.0,2,1,,True,0
mc2_1054,1,0.84375,0.0999624729156494,0.0044169425964355,1,0,1,0,0,0,0,0,0,0,0,0,0,0,1,0,0,0,0,0,0,0,1,0,0,0,26,entropy,26.0,2,1,sqrt,False,0
chscase_census5_906,1,0.6875,0.0852911472320556,0.0053484439849853,0,1,1,0,0,0,0,1,0,0,0,0,0,0,0,0,0,0,0,0,1,0,0,0,0,0,79,entropy,9.0,6,2,,True,0
chscase_census5_906,1,0.6875,0.0857996940612793,0.0053286552429199,1,0,1,0,0,0,0,1,0,0,0,0,0,0,0,0,0,0,0,0,1,0,0,0,0,0,104,entropy,13.0,3,1,,False,0
chscase_census5_906,1,0.6875,0.0856659412384033,0.0054678916931152,1,0,0,0,1,0,0,1,0,0,0,0,0,0,0,0,0,0,0,0,1,0,0,0,0,0,160,gini,6.0,4,4,sqrt,True,0
chscase_census5_906,1,0.6875,0.0797059535980224,0.0050234794616699,0,1,0,0,1,0,0,1,0,0,0,0,0,0,0,0,0,0,0,0,1,0,0,0,0,0,84,gini,17.0,4,2,sqrt,True,0
chscase_census5_906,1,0.6875,0.0867271423339843,0.0053126811981201,0,1,0,1,0,0,0,1,0,0,0,0,0,0,0,0,0,0,0,0,1,0,0,0,0,0,38,log_loss,,3,1,sqrt,False,0
chscase_census5_906,1,0.6875,0.0854487419128418,0.0052330493927001,1,0,0,1,0,0,0,1,0,0,0,0,0,0,0,0,0,0,0,0,1,0,0,0,0,0,90,gini,21.0,6,2,log2,True,0
chscase_census5_906,2,0.675,0.0897848606109619,0.0054295063018798,1,0,0,1,0,0,0,0,0,0,0,0,0,1,0,0,0,0,0,0,0,0,1,0,0,0,72,log_loss,,2,1,sqrt,False,0
chscase_census5_906,3,0.675,0.0843701362609863,0.0051853656768798,0,1,1,0,0,0,0,0,1,0,0,0,0,0,0,0,0,0,0,0,1,0,0,0,0,0,128,entropy,16.0,2,2,sqrt,False,0
chscase_census5_906,2,0.675,0.0933094024658203,0.0055007934570312,0,1,1,0,0,0,0,0,0,0,0,0,0,1,0,0,0,0,0,0,0,0,1,0,0,0,83,log_loss,8.0,2,1,sqrt,True,0
chscase_census5_906,3,0.675,0.0913732051849365,0.00518798828125,1,0,0,1,0,0,0,0,1,0,0,0,0,0,0,0,0,0,0,1,0,0,0,0,0,0,10,log_loss,25.0,2,1,log2,False,0
chscase_census5_906,3,0.675,0.0836610794067382,0.0052933692932128,1,0,0,1,0,0,0,0,1,0,0,0,0,0,0,0,0,0,0,0,0,0,0,0,1,0,285,entropy,13.0,2,1,sqrt,True,0
chscase_census5_906,3,0.675,0.0840427875518798,0.0051705837249755,1,0,0,1,0,0,0,0,0,0,0,0,0,0,0,0,0,1,0,0,0,0,0,0,1,0,107,gini,1.0,3,1,log2,True,0
chscase_census5_906,3,0.675,0.0833072662353515,0.0051178932189941,0,1,0,0,1,0,0,0,1,0,0,0,0,0,0,0,0,0,0,0,0,0,0,0,0,1,104,gini,,2,1,,True,0
chscase_census5_906,3,0.675,0.0837986469268798,0.0052235126495361,0,1,0,1,0,0,0,0,1,0,0,0,0,0,0,0,0,0,0,1,0,0,0,0,0,0,23,gini,,2,1,,False,0
chscase_census5_906,3,0.675,0.083348274230957,0.005328893661499,0,1,0,1,0,0,0,0,0,0,0,0,0,0,0,0,0,1,0,1,0,0,0,0,0,0,27,gini,17.0,3,1,sqrt,False,0
chscase_census5_906,3,0.675,0.0842587947845459,0.0051651000976562,0,1,0,1,0,0,0,0,0,0,0,0,0,0,0,0,0,1,0,0,1,0,0,0,0,0,95,entropy,10.0,2,1,sqrt,True,0
chscase_census5_906,3,0.675,0.0846233367919921,0.0052108764648437,0,1,1,0,0,0,0,0,0,0,0,0,0,0,0,0,0,1,0,0,0,0,0,0,0,1,117,log_loss,9.0,2,1,sqrt,True,0
chscase_census5_906,3,0.675,0.0862588882446289,0.0054538249969482,1,0,0,0,1,0,0,0,0,0,0,0,0,0,0,0,0,1,0,0,0,0,0,0,1,0,135,gini,,3,3,,False,0
chscase_census5_906,3,0.675,0.0843796730041503,0.005213975906372,1,0,0,1,0,0,0,0,1,0,0,0,0,0,0,0,0,0,0,0,1,0,0,0,0,0,112,gini,,2,1,,True,0
chscase_census5_906,3,0.675,0.0845985412597656,0.0051853656768798,1,0,0,1,0,0,0,0,0,0,0,0,0,0,0,0,0,1,0,0,1,0,0,0,0,0,41,entropy,6.0,2,1,log2,False,0
strikes_770,1,1.0,0.0772483348846435,0.0047008991241455,1,0,0,1,0,1,0,0,0,0,0,0,0,0,0,0,0,0,0,0,0,0,0,0,0,1,10,log_loss,25.0,2,1,sqrt,False,0
strikes_770,4,1.0,0.0760822296142578,0.0047476291656494,0,1,0,1,0,1,0,0,0,0,0,0,0,0,0,0,0,0,0,0,1,0,0,0,0,0,95,gini,,5,1,log2,False,0
strikes_770,4,1.0,0.0770294666290283,0.0048108100891113,1,0,0,1,0,1,0,0,0,0,0,0,0,0,0,0,0,0,0,0,0,0,0,0,0,1,73,gini,16.0,5,1,,False,0
strikes_770,3,1.0,0.079841136932373,0.004749059677124,1,0,0,1,0,1,0,0,0,0,0,0,0,0,0,0,0,0,0,0,0,0,0,0,0,1,37,log_loss,,3,1,,True,0
strikes_770,4,1.0,0.0938084125518798,0.0064814090728759,1,0,0,1,0,0,0,0,0,0,0,1,0,0,0,0,0,0,0,0,1,0,0,0,0,0,141,gini,,4,2,log2,False,0
strikes_770,4,1.0,0.0830895900726318,0.0049858093261718,0,1,0,0,1,0,0,0,0,0,0,1,0,0,0,0,0,0,0,0,0,0,0,0,1,0,21,entropy,,2,3,log2,False,0
strikes_770,3,1.0,0.0757102966308593,0.0045368671417236,0,1,0,0,1,1,0,0,0,0,0,0,0,0,0,0,0,0,0,1,0,0,0,0,0,0,131,entropy,22.0,2,2,log2,False,0
strikes_770,2,1.0,0.0922760963439941,0.0049962997436523,1,0,1,0,0,0,0,0,0,0,0,0,0,0,1,0,0,0,0,0,1,0,0,0,0,0,29,gini,19.0,4,1,,True,0
strikes_770,1,1.0,0.0813410282135009,0.0049102306365966,0,1,0,0,1,1,0,0,0,0,0,0,0,0,0,0,0,0,0,1,0,0,0,0,0,0,107,gini,,3,1,log2,False,0
strikes_770,4,1.0,0.0917634963989257,0.0064961910247802,1,0,1,0,0,0,0,0,0,0,0,1,0,0,0,0,0,0,0,0,1,0,0,0,0,0,147,log_loss,,2,1,sqrt,False,0
strikes_770,1,1.0,0.0797982215881347,0.0049319267272949,0,1,0,1,0,0,0,0,0,0,1,0,0,0,0,0,0,0,0,0,1,0,0,0,0,0,83,gini,7.0,2,1,log2,True,0
strikes_770,1,1.0,0.075385570526123,0.0048563480377197,0,1,0,1,0,1,0,0,0,0,0,0,0,0,0,0,0,0,0,0,1,0,0,0,0,0,184,gini,23.0,4,1,,True,0
strikes_770,3,1.0,0.0786144733428955,0.0046241283416748,0,1,0,1,0,1,0,0,0,0,0,0,0,0,0,0,0,0,0,0,0,0,0,0,0,1,196,entropy,,4,1,log2,False,0
strikes_770,4,1.0,0.076340913772583,0.0046782493591308,0,1,0,1,0,1,0,0,0,0,0,0,0,0,0,0,0,0,0,0,0,0,0,0,0,1,112,gini,,3,2,log2,True,0
strikes_770,1,1.0,0.0734400749206543,0.00455904006958,1,0,0,1,0,1,0,0,0,0,0,0,0,0,0,0,0,0,0,0,0,0,0,0,1,0,127,entropy,,2,1,log2,True,0
strikes_770,4,1.0,0.0821118354797363,0.0047991275787353,1,0,0,1,0,0,0,0,0,0,0,1,0,0,0,0,0,0,0,0,0,0,0,0,1,0,153,log_loss,,2,1,log2,True,0
strikes_770,2,1.0,0.07688570022583,0.0046675205230712,1,0,1,0,0,1,0,0,0,0,0,0,0,0,0,0,0,0,0,0,0,0,1,0,0,0,127,log_loss,15.0,3,1,sqrt,True,0
strikes_770,3,1.0,0.0768687725067138,0.0046658515930175,1,0,1,0,0,1,0,0,0,0,0,0,0,0,0,0,0,0,0,0,0,0,1,0,0,0,122,gini,15.0,2,1,log2,True,0
strikes_770,4,1.0,0.0763297080993652,0.0045647621154785,1,0,1,0,0,1,0,0,0,0,0,0,0,0,0,0,0,0,0,0,0,0,1,0,0,0,74,gini,12.0,2,1,sqrt,False,0
strikes_770,1,1.0,0.0764663219451904,0.0046899318695068,0,1,0,0,1,1,0,0,0,0,0,0,0,0,0,0,0,0,0,0,0,0,0,0,1,0,16,gini,10.0,2,1,,False,0
analcatdata_dmft_1014,4,0.8301886792452831,0.0743618011474609,0.0045101642608642,0,1,0,0,1,0,0,0,1,0,0,0,0,0,0,0,0,0,0,0,0,0,0,1,0,0,155,log_loss,26.0,2,1,log2,False,0
analcatdata_dmft_1014,2,0.8301886792452831,0.0706362724304199,0.0041244029998779,0,1,0,0,1,0,0,0,1,0,0,0,0,0,0,0,0,0,0,0,0,0,0,1,0,0,164,gini,16.0,2,1,sqrt,False,0
analcatdata_dmft_1014,4,0.8301886792452831,0.0720007419586181,0.0042922496795654,0,1,0,0,1,0,0,0,0,0,0,0,0,0,0,0,0,1,0,0,0,0,0,1,0,0,10,log_loss,1.0,2,1,sqrt,True,0
analcatdata_dmft_1014,4,0.8301886792452831,0.0701372623443603,0.0042247772216796,1,0,0,0,1,0,0,0,1,0,0,0,0,0,0,0,0,0,0,0,0,0,0,0,1,0,125,log_loss,,2,1,,True,0
analcatdata_dmft_1014,4,0.8301886792452831,0.0788130760192871,0.0052497386932373,0,1,0,0,1,0,0,0,0,0,1,0,0,0,0,0,0,0,0,0,0,0,0,0,1,0,25,entropy,9.0,3,1,sqrt,True,0
analcatdata_dmft_1014,2,0.8301886792452831,0.0706551074981689,0.0041987895965576,0,1,0,0,1,0,0,0,1,0,0,0,0,0,0,0,0,0,0,0,0,0,0,0,1,0,50,entropy,24.0,2,3,log2,False,0
analcatdata_dmft_1014,4,0.8301886792452831,0.0694475173950195,0.0041344165802001,0,1,0,0,1,0,0,0,0,0,0,0,0,0,0,0,0,1,0,0,0,0,0,0,1,0,141,gini,15.0,4,1,log2,False,0
analcatdata_dmft_1014,4,0.8301886792452831,0.072852611541748,0.0045175552368164,1,0,0,0,1,0,0,0,0,0,1,0,0,0,0,0,0,0,0,0,0,0,0,0,1,0,108,entropy,,2,3,,False,0
analcatdata_dmft_1014,2,0.8301886792452831,0.0700368881225586,0.0040314197540283,1,0,0,0,1,0,0,0,0,0,0,0,0,0,0,0,0,1,0,0,0,0,0,0,1,0,136,entropy,,2,1,sqrt,False,0
analcatdata_dmft_1014,4,0.8301886792452831,0.0699365139007568,0.004056692123413,1,0,0,0,1,0,0,0,0,0,0,0,0,0,0,0,0,1,0,0,0,0,0,0,1,0,54,gini,15.0,3,1,log2,False,0
analcatdata_dmft_1014,2,0.8301886792452831,0.0746603012084961,0.0041580200195312,1,0,0,0,1,0,0,0,1,0,0,0,0,0,0,0,0,0,0,0,0,0,0,0,1,0,174,gini,1.0,5,3,log2,False,0
analcatdata_dmft_1014,4,0.8301886792452831,0.0695655345916748,0.0040597915649414,1,0,0,0,1,0,0,0,0,0,0,0,0,0,0,0,0,1,0,0,0,0,0,0,0,1,134,gini,10.0,5,1,sqrt,True,0
analcatdata_dmft_1014,4,0.8301886792452831,0.0693886280059814,0.0040180683135986,0,1,0,0,1,0,0,0,0,0,1,0,0,0,0,0,0,0,0,0,1,0,0,0,0,0,144,log_loss,17.0,2,1,sqrt,False,0
analcatdata_dmft_1014,4,0.8301886792452831,0.0756993293762207,0.0049748420715332,0,1,0,1,0,0,0,0,0,0,1,0,0,0,0,0,0,0,0,0,0,0,0,1,0,0,46,entropy,4.0,2,3,sqrt,True,0
analcatdata_dmft_1014,4,0.8301886792452831,0.0890002250671386,0.0052249431610107,0,1,0,1,0,0,1,0,0,0,0,0,0,0,0,0,0,0,0,0,0,0,0,1,0,0,159,gini,,3,1,sqrt,True,0
analcatdata_dmft_1014,2,0.8301886792452831,0.0936567783355712,0.0050408840179443,0,1,0,1,0,0,1,0,0,0,0,0,0,0,0,0,0,0,0,0,0,0,0,1,0,0,84,log_loss,27.0,2,1,sqrt,False,0
analcatdata_dmft_1014,4,0.8301886792452831,0.0741820335388183,0.0041885375976562,0,1,0,0,1,0,0,0,1,0,0,0,0,0,0,0,0,0,0,0,0,0,0,0,0,1,69,entropy,5.0,2,1,log2,True,0
analcatdata_dmft_1014,4,0.8301886792452831,0.0705041885375976,0.0041263103485107,1,0,0,0,1,0,0,0,0,0,1,0,0,0,0,0,0,0,0,0,1,0,0,0,0,0,131,log_loss,12.0,2,1,,False,0
analcatdata_dmft_1014,2,0.8301886792452831,0.0696098804473877,0.0041146278381347,1,0,0,0,1,0,0,0,0,0,1,0,0,0,0,0,0,0,0,0,1,0,0,0,0,0,129,gini,25.0,2,2,,False,0
analcatdata_dmft_1014,2,0.8301886792452831,0.0706560611724853,0.0040342807769775,0,1,0,0,1,0,0,0,0,0,0,0,0,0,0,0,0,1,0,0,0,0,0,0,1,0,58,entropy,,2,1,sqrt,True,0
teachingAssistant_1115,0,1.0,0.0783886909484863,0.0046854019165039,1,0,1,0,0,0,0,0,1,0,0,0,0,0,0,0,0,0,0,0,0,0,0,1,0,0,203,entropy,,4,2,sqrt,True,0
teachingAssistant_1115,4,1.0,0.0860576629638671,0.005023717880249,1,0,0,1,0,0,0,0,0,0,0,0,0,0,0,0,0,1,0,0,0,0,1,0,0,0,191,gini,14.0,2,1,,True,0
teachingAssistant_1115,4,1.0,0.0778326988220214,0.0046558380126953,0,1,0,0,1,0,0,0,1,0,0,0,0,0,0,0,0,0,0,0,0,0,1,0,0,0,130,gini,,5,1,,False,0
teachingAssistant_1115,4,1.0,0.0827188491821289,0.004650592803955,1,0,1,0,0,0,0,0,1,0,0,0,0,0,0,0,0,0,0,0,0,0,1,0,0,0,122,gini,26.0,3,3,log2,False,0
teachingAssistant_1115,4,1.0,0.0839071273803711,0.005070686340332,0,1,0,1,0,0,0,0,0,0,0,0,0,0,0,0,0,1,0,0,0,0,1,0,0,0,116,log_loss,21.0,5,1,sqrt,False,0
teachingAssistant_1115,4,1.0,0.0772771835327148,0.004504919052124,1,0,0,1,0,0,0,0,1,0,0,0,0,0,0,0,0,0,0,0,0,0,1,0,0,0,23,gini,,4,1,,True,0
teachingAssistant_1115,4,1.0,0.0783073902130127,0.0046429634094238,0,1,0,1,0,0,0,0,1,0,0,0,0,0,0,0,0,0,0,0,0,0,1,0,0,0,106,gini,16.0,4,1,sqrt,True,0
teachingAssistant_1115,4,1.0,0.0933895111083984,0.0051600933074951,0,1,0,0,1,0,0,0,0,0,0,0,0,0,0,0,0,1,0,0,0,0,1,0,0,0,105,gini,,2,2,sqrt,True,0
teachingAssistant_1115,0,1.0,0.0771577358245849,0.0046288967132568,0,1,0,1,0,0,0,0,0,0,0,0,0,0,0,0,0,1,0,0,0,0,0,1,0,0,71,gini,7.0,8,3,,False,0
teachingAssistant_1115,4,1.0,0.0784742832183837,0.0046198368072509,1,0,0,0,1,0,0,0,0,0,0,0,0,0,0,0,0,1,0,0,0,0,1,0,0,0,85,log_loss,,2,1,log2,True,0
teachingAssistant_1115,4,1.0,0.0804133415222168,0.0050435066223144,1,0,0,0,1,0,0,0,1,0,0,0,0,0,0,0,0,0,0,0,0,0,1,0,0,0,10,gini,16.0,2,2,sqrt,False,0
teachingAssistant_1115,4,1.0,0.0814390182495117,0.0047235488891601,0,1,1,0,0,0,0,0,0,0,0,0,0,0,0,0,0,1,0,0,0,0,1,0,0,0,45,entropy,24.0,3,3,log2,False,0
teachingAssistant_1115,0,1.0,0.0800185203552246,0.0053985118865966,0,1,0,0,1,0,0,0,1,0,0,0,0,0,0,0,0,0,0,0,0,0,0,1,0,0,146,gini,17.0,2,2,,True,0
teachingAssistant_1115,0,1.0,0.0807280540466308,0.0050926208496093,0,1,0,0,1,0,0,0,0,0,0,0,0,0,0,0,0,1,0,0,0,0,0,1,0,0,187,gini,28.0,4,1,,False,0
teachingAssistant_1115,0,1.0,0.0768585205078125,0.0046117305755615,0,1,1,0,0,0,0,0,0,0,0,0,0,0,0,0,0,1,0,0,0,0,0,1,0,0,53,log_loss,1.0,3,1,sqrt,False,0
teachingAssistant_1115,0,1.0,0.0889286994934082,0.0072598457336425,0,1,0,1,0,0,0,0,1,0,0,0,0,0,0,0,0,0,0,0,0,0,0,1,0,0,109,log_loss,13.0,2,3,sqrt,True,0
teachingAssistant_1115,4,1.0,0.0780231952667236,0.0045924186706542,1,0,1,0,0,0,0,0,0,0,0,0,0,0,0,0,0,1,0,0,0,0,1,0,0,0,155,gini,31.0,2,1,log2,False,0
teachingAssistant_1115,0,1.0,0.0802013874053955,0.0046908855438232,1,0,0,0,1,0,0,0,1,0,0,0,0,0,0,0,0,0,0,0,0,0,0,1,0,0,74,gini,25.0,2,3,,False,0
teachingAssistant_1115,0,1.0,0.0885872840881347,0.0051639080047607,0,1,1,0,0,0,0,0,1,0,0,0,0,0,0,0,0,0,0,0,0,0,0,1,0,0,134,gini,28.0,2,1,sqrt,True,0
teachingAssistant_1115,0,1.0,0.0802245140075683,0.004655122756958,1,0,0,0,1,0,0,0,0,0,0,0,0,0,0,0,0,1,0,0,0,0,0,1,0,0,98,gini,,4,3,sqrt,True,0
MeanWhile1_1449,2,0.9607843137254902,0.1359829902648925,0.0048537254333496,1,0,0,0,1,0,0,0,0,0,0,0,1,0,0,0,0,0,0,0,0,0,0,0,1,0,160,entropy,10.0,3,1,sqrt,True,0
MeanWhile1_1449,2,0.9607843137254902,0.1121304035186767,0.0048210620880126,1,0,0,1,0,0,0,0,0,0,0,0,1,0,0,0,0,0,0,0,0,0,0,0,1,0,36,gini,,8,1,sqrt,False,0
MeanWhile1_1449,2,0.9607843137254902,0.1232180595397949,0.0049488544464111,0,1,0,0,1,0,0,0,0,0,0,0,1,0,0,0,0,0,0,0,0,0,0,0,1,0,45,log_loss,,2,1,,True,0
MeanWhile1_1449,2,0.9607843137254902,0.1155347824096679,0.0051770210266113,1,0,1,0,0,0,0,0,0,0,0,0,1,0,0,0,0,0,0,0,0,0,0,0,1,0,114,entropy,,2,1,sqrt,True,0
MeanWhile1_1449,2,0.9607843137254902,0.108583927154541,0.0053083896636962,0,1,0,1,0,0,0,0,0,0,0,0,1,0,0,0,0,0,0,0,0,0,0,0,1,0,105,gini,,2,4,,True,0
MeanWhile1_1449,2,0.9607843137254902,0.1113970279693603,0.0046999454498291,0,1,1,0,0,0,0,0,0,0,0,0,1,0,0,0,0,0,0,0,0,0,0,0,1,0,97,log_loss,14.0,2,2,sqrt,True,0
MeanWhile1_1449,3,0.96,0.1344962120056152,0.0056478977203369,0,1,0,0,1,0,0,0,0,0,0,0,0,0,0,1,0,0,0,0,0,1,0,0,0,0,129,log_loss,,4,2,sqrt,True,0
MeanWhile1_1449,3,0.96,0.1346516609191894,0.0055391788482666,0,1,0,1,0,0,0,0,0,0,0,0,0,0,0,1,0,0,0,0,0,1,0,0,0,0,53,entropy,16.0,2,2,,False,0
MeanWhile1_1449,3,0.96,0.1432054042816162,0.0054786205291748,1,0,0,1,0,0,0,0,0,0,0,0,1,0,0,0,0,0,0,0,1,0,0,0,0,0,32,log_loss,25.0,6,1,log2,True,0
MeanWhile1_1449,3,0.96,0.0972774028778076,0.0048046112060546,1,0,0,1,0,0,0,0,0,0,0,0,0,0,0,0,1,0,0,0,1,0,0,0,0,0,75,log_loss,25.0,3,1,log2,False,0
MeanWhile1_1449,3,0.96,0.1353716850280761,0.0056092739105224,1,0,0,0,1,0,0,0,0,0,0,0,0,0,0,1,0,0,0,0,0,1,0,0,0,0,81,entropy,4.0,2,1,,False,0
MeanWhile1_1449,3,0.96,0.0859456062316894,0.004387617111206,1,0,0,1,0,0,1,0,0,0,0,0,0,0,0,0,0,0,0,0,0,0,0,1,0,0,86,log_loss,,2,3,sqrt,False,0
MeanWhile1_1449,3,0.96,0.0955729484558105,0.0047626495361328,0,1,0,0,1,0,0,0,0,0,0,0,0,0,0,0,1,0,0,0,1,0,0,0,0,0,163,entropy,1.0,4,1,log2,False,0
MeanWhile1_1449,3,0.96,0.133462905883789,0.0057222843170166,0,1,1,0,0,0,0,0,0,0,0,0,0,0,0,1,0,0,0,0,0,1,0,0,0,0,139,entropy,16.0,2,1,sqrt,False,0
MeanWhile1_1449,3,0.96,0.0919098854064941,0.0046758651733398,0,1,0,1,0,0,0,0,0,0,0,0,0,0,0,0,1,0,0,0,1,0,0,0,0,0,127,gini,,2,1,,False,0
MeanWhile1_1449,3,0.96,0.0938067436218261,0.0047698020935058,0,1,0,1,0,0,0,0,0,0,0,0,0,0,0,0,1,0,0,0,0,0,0,0,0,1,111,log_loss,,2,1,log2,True,0
MeanWhile1_1449,3,0.96,0.141660451889038,0.0055391788482666,1,0,1,0,0,0,0,0,0,0,0,0,1,0,0,0,0,0,0,0,1,0,0,0,0,0,78,gini,,2,1,sqrt,True,0
MeanWhile1_1449,3,0.96,0.096902847290039,0.004561424255371,0,1,1,0,0,0,0,0,0,0,0,0,0,0,0,0,1,0,0,0,1,0,0,0,0,0,57,gini,,2,1,,True,0
MeanWhile1_1449,3,0.96,0.1411798000335693,0.0054726600646972,0,1,0,0,1,0,0,0,0,0,0,0,1,0,0,0,0,0,0,0,1,0,0,0,0,0,40,entropy,17.0,5,1,log2,True,0
MeanWhile1_1449,3,0.96,0.1382889747619629,0.0056231021881103,0,1,1,0,0,0,0,0,0,0,0,0,1,0,0,0,0,0,0,0,1,0,0,0,0,0,65,entropy,,3,2,sqrt,False,0
veteran_719,1,0.9285714285714286,0.0766985416412353,0.0042829513549804,0,1,0,0,1,0,0,0,0,0,0,0,0,0,1,0,0,0,0,0,0,0,0,1,0,0,98,entropy,3.0,2,1,sqrt,True,0
veteran_719,1,0.9285714285714286,0.0744202136993408,0.0042560100555419,0,1,1,0,0,0,0,0,0,0,0,1,0,0,0,0,0,0,0,0,0,1,0,0,0,0,42,entropy,14.0,2,2,,True,0
veteran_719,1,0.9285714285714286,0.0810461044311523,0.0044667720794677,0,1,1,0,0,0,0,0,0,0,0,0,0,0,1,0,0,0,0,0,0,0,0,1,0,0,108,gini,,2,1,,False,0
veteran_719,1,0.9285714285714286,0.1058051586151123,0.0048348903656005,0,1,0,1,0,0,0,0,0,0,0,0,0,0,0,1,0,0,0,0,0,0,0,1,0,0,90,log_loss,13.0,2,1,log2,False,0
veteran_719,1,0.9285714285714286,0.0762801170349121,0.0042076110839843,0,1,0,1,0,0,0,0,0,0,0,0,0,0,1,0,0,0,0,0,0,0,0,1,0,0,80,entropy,,2,3,sqrt,False,0
veteran_719,1,0.9285714285714286,0.0740802288055419,0.0041830539703369,1,0,1,0,0,0,0,0,0,0,0,0,0,0,1,0,0,0,0,0,0,0,0,1,0,0,158,log_loss,,2,3,sqrt,True,0
veteran_719,1,0.9285714285714286,0.0817470550537109,0.0044529438018798,1,0,1,0,0,0,0,0,0,0,0,0,0,0,1,0,0,0,0,1,0,0,0,0,0,0,10,gini,9.0,2,2,sqrt,False,0
veteran_719,1,0.9285714285714286,0.0754637718200683,0.0040855407714843,0,1,0,1,0,0,0,0,0,0,0,0,0,0,1,0,0,0,0,1,0,0,0,0,0,0,81,entropy,,2,1,log2,True,0
veteran_719,1,0.9285714285714286,0.1080110073089599,0.0049741268157958,1,0,0,1,0,0,0,0,0,0,0,0,0,0,0,1,0,0,0,0,0,0,0,1,0,0,10,entropy,,2,2,sqrt,False,0
veteran_719,1,0.9285714285714286,0.0830566883087158,0.004631757736206,0,1,0,0,1,0,0,0,0,0,0,0,0,0,1,0,0,0,0,1,0,0,0,0,0,0,112,gini,,4,1,,False,0
veteran_719,1,0.9285714285714286,0.1032822132110595,0.0047669410705566,1,0,1,0,0,0,0,0,0,0,0,0,0,0,0,1,0,0,0,0,0,0,0,1,0,0,138,log_loss,28.0,2,1,sqrt,False,0
veteran_719,1,0.9285714285714286,0.0838308334350586,0.004805564880371,1,0,0,0,1,0,0,0,0,0,0,1,0,0,0,0,0,0,0,0,0,1,0,0,0,0,32,gini,39.0,6,1,log2,False,0
veteran_719,1,0.9285714285714286,0.0757637023925781,0.0041847229003906,1,0,0,1,0,0,0,0,0,0,0,0,0,0,1,0,0,0,0,0,0,0,0,1,0,0,39,entropy,32.0,2,2,sqrt,True,0
veteran_719,1,0.9285714285714286,0.1009001731872558,0.0045235157012939,1,0,0,0,1,0,0,0,0,0,0,0,0,0,0,1,0,0,0,0,0,0,0,1,0,0,15,entropy,3.0,2,1,sqrt,False,0
veteran_719,1,0.9285714285714286,0.1104910373687744,0.0049226284027099,0,1,1,0,0,0,0,0,0,0,0,0,0,0,0,1,0,0,0,0,0,0,0,1,0,0,103,entropy,,2,2,log2,False,0
veteran_719,1,0.9285714285714286,0.1110162734985351,0.0051302909851074,0,1,0,0,1,0,0,0,0,0,0,0,0,0,0,1,0,0,0,0,0,0,0,1,0,0,83,entropy,,3,1,,False,0
veteran_719,1,0.9285714285714286,0.0769004821777343,0.0043022632598876,1,0,0,1,0,0,0,0,0,0,0,0,0,0,1,0,0,0,0,1,0,0,0,0,0,0,86,gini,,4,1,log2,False,0
veteran_719,1,0.9285714285714286,0.0770063400268554,0.0045444965362548,0,1,1,0,0,0,0,0,0,0,0,0,0,0,1,0,0,0,0,1,0,0,0,0,0,0,82,entropy,16.0,3,1,sqrt,False,0
veteran_719,1,0.9285714285714286,0.074242353439331,0.0042462348937988,0,1,0,1,0,0,0,0,0,0,0,1,0,0,0,0,0,0,0,0,0,1,0,0,0,0,51,gini,39.0,2,1,sqrt,False,0
veteran_719,1,0.9285714285714286,0.0775959491729736,0.0042512416839599,1,0,0,0,1,0,0,0,0,0,0,0,0,0,1,0,0,0,0,1,0,0,0,0,0,0,157,gini,,3,1,,True,0
autoUniv-au6-750_1549,4,0.3133333333333333,0.1487531661987304,0.0068867206573486,0,1,0,1,0,0,0,0,0,0,0,0,0,1,0,0,0,0,0,0,0,1,0,0,0,0,114,gini,,2,1,log2,False,0
autoUniv-au6-750_1549,4,0.3133333333333333,0.1536169052124023,0.0072109699249267,1,0,0,1,0,0,0,0,0,0,0,0,0,1,0,0,0,0,0,0,0,1,0,0,0,0,41,gini,,2,1,log2,False,0
autoUniv-au6-750_1549,4,0.3066666666666666,0.1334316730499267,0.0070619583129882,0,1,0,0,1,1,0,0,0,0,0,0,0,0,0,0,0,0,0,0,1,0,0,0,0,0,65,entropy,9.0,3,1,sqrt,False,0
autoUniv-au6-750_1549,3,0.3066666666666666,0.1305437088012695,0.007178783416748,0,1,0,0,1,0,0,0,0,0,1,0,0,0,0,0,0,0,0,1,0,0,0,0,0,0,56,log_loss,19.0,2,1,,False,0
autoUniv-au6-750_1549,4,0.3066666666666666,0.1368443965911865,0.0071697235107421,1,0,0,0,1,1,0,0,0,0,0,0,0,0,0,0,0,0,0,1,0,0,0,0,0,0,170,gini,,4,2,sqrt,True,0
autoUniv-au6-750_1549,3,0.3066666666666666,0.1316714286804199,0.0074758529663085,1,0,0,0,1,0,0,0,0,0,1,0,0,0,0,0,0,0,0,1,0,0,0,0,0,0,136,gini,,2,1,sqrt,False,0
autoUniv-au6-750_1549,4,0.3066666666666666,0.1414449214935302,0.0068452358245849,1,0,0,0,1,1,0,0,0,0,0,0,0,0,0,0,0,0,0,0,0,0,0,0,1,0,94,gini,,6,1,sqrt,False,0
autoUniv-au6-750_1549,4,0.3066666666666666,0.1383018493652343,0.0071120262145996,0,1,0,0,1,1,0,0,0,0,0,0,0,0,0,0,0,0,0,0,0,0,0,0,0,1,185,entropy,24.0,2,1,sqrt,False,0
autoUniv-au6-750_1549,4,0.3066666666666666,0.1358015537261963,0.0071363449096679,1,0,0,0,1,1,0,0,0,0,0,0,0,0,0,0,0,0,0,0,1,0,0,0,0,0,173,gini,6.0,5,2,sqrt,False,0
autoUniv-au6-750_1549,4,0.3066666666666666,0.131141185760498,0.0069420337677001,0,1,0,0,1,1,0,0,0,0,0,0,0,0,0,0,0,0,0,0,0,0,0,0,1,0,88,gini,,4,1,sqrt,True,0
autoUniv-au6-750_1549,4,0.3066666666666666,0.1328992843627929,0.0068953037261962,1,0,0,0,1,1,0,0,0,0,0,0,0,0,0,0,0,0,0,0,0,0,0,0,0,1,79,entropy,,2,1,sqrt,True,0
autoUniv-au6-750_1549,4,0.3066666666666666,0.1306760311126709,0.0067064762115478,0,1,0,0,1,1,0,0,0,0,0,0,0,0,0,0,0,0,0,1,0,0,0,0,0,0,82,gini,,2,1,log2,False,0
autoUniv-au6-750_1549,3,0.3,0.1477091312408447,0.006974458694458,0,1,0,0,1,0,0,0,0,0,0,1,0,0,0,0,0,0,0,0,0,0,0,1,0,0,52,gini,29.0,2,1,,False,0
autoUniv-au6-750_1549,3,0.3,0.1545643806457519,0.0069384574890136,1,0,0,0,1,0,0,0,0,0,0,1,0,0,0,0,0,0,0,0,0,0,0,1,0,0,187,gini,18.0,2,2,sqrt,False,0
autoUniv-au6-750_1549,3,0.3,0.1463007926940918,0.0071163177490234,0,1,0,1,0,1,0,0,0,0,0,0,0,0,0,0,0,0,0,0,0,0,0,1,0,0,50,gini,17.0,5,1,sqrt,True,0
autoUniv-au6-750_1549,3,0.3,0.1464235782623291,0.0074045658111572,1,0,0,1,0,1,0,0,0,0,0,0,0,0,0,0,0,0,0,0,0,0,0,1,0,0,143,gini,1.0,2,1,sqrt,False,0
autoUniv-au6-750_1549,2,0.2933333333333333,0.1324756145477295,0.0069713592529296,1,0,0,0,1,1,0,0,0,0,0,0,0,0,0,0,0,0,0,0,0,0,0,0,0,1,135,entropy,,2,1,sqrt,False,0
autoUniv-au6-750_1549,2,0.2933333333333333,0.1320815086364746,0.0069081783294677,1,0,0,0,1,0,0,0,0,0,1,0,0,0,0,0,0,0,0,0,0,0,0,0,0,1,85,gini,11.0,2,1,sqrt,False,0
autoUniv-au6-750_1549,2,0.2933333333333333,0.3175671100616455,0.0068492889404296,1,0,0,0,1,0,0,0,0,0,0,0,0,0,1,0,0,0,0,0,0,0,0,1,0,0,191,gini,,3,1,sqrt,False,0
autoUniv-au6-750_1549,2,0.2933333333333333,1.4548060894012451,0.0071992874145507,0,1,0,0,1,0,0,0,0,0,0,0,0,0,1,0,0,0,0,0,0,0,0,1,0,0,22,gini,,2,1,log2,True,0
PieChart2_1452,3,1.0,0.0826103687286377,0.0045347213745117,0,1,0,0,1,1,0,0,0,0,0,0,0,0,0,0,0,0,0,0,0,0,0,1,0,0,100,log_loss,14.0,3,1,,False,0
PieChart2_1452,3,1.0,0.0892298221588134,0.0049123764038085,0,1,0,1,0,0,1,0,0,0,0,0,0,0,0,0,0,0,0,0,0,0,0,0,0,1,120,gini,,2,1,sqrt,False,0
PieChart2_1452,3,1.0,0.1080172061920166,0.0049009323120117,1,0,1,0,0,0,0,0,0,1,0,0,0,0,0,0,0,0,0,0,1,0,0,0,0,0,143,gini,29.0,2,2,sqrt,True,0
PieChart2_1452,3,1.0,0.1133441925048828,0.0047762393951416,0,1,0,0,1,0,0,0,0,0,0,0,0,0,1,0,0,0,0,0,1,0,0,0,0,0,152,gini,16.0,2,2,sqrt,False,0
PieChart2_1452,3,1.0,0.0814342498779296,0.0046694278717041,1,0,1,0,0,1,0,0,0,0,0,0,0,0,0,0,0,0,0,0,1,0,0,0,0,0,19,log_loss,23.0,2,1,sqrt,False,0
PieChart2_1452,3,1.0,0.0878117084503173,0.0047469139099121,1,0,1,0,0,0,0,0,0,0,0,0,0,1,0,0,0,0,0,0,0,0,0,0,0,1,97,gini,30.0,4,2,sqrt,False,0
PieChart2_1452,3,1.0,0.1188936233520507,0.0049014091491699,0,1,0,0,1,0,0,0,0,1,0,0,0,0,0,0,0,0,0,0,0,0,0,1,0,0,201,gini,29.0,3,1,sqrt,False,0
PieChart2_1452,3,1.0,0.08717942237854,0.0047969818115234,0,1,0,0,1,0,0,0,0,0,0,1,0,0,0,0,0,0,0,0,0,0,0,1,0,0,106,log_loss,11.0,3,1,,True,0
PieChart2_1452,3,1.0,0.1002719402313232,0.0063011646270751,1,0,1,0,0,0,0,0,0,0,0,1,0,0,0,0,0,0,0,0,1,0,0,0,0,0,58,gini,25.0,2,1,,True,0
PieChart2_1452,3,1.0,0.083442211151123,0.0045685768127441,1,0,1,0,0,0,0,0,0,0,0,1,0,0,0,0,0,0,0,0,0,0,0,0,0,1,96,log_loss,,3,1,,True,0
PieChart2_1452,3,1.0,0.0895464420318603,0.0047826766967773,1,0,1,0,0,0,1,0,0,0,0,0,0,0,0,0,0,0,0,0,0,0,0,0,0,1,81,log_loss,,3,1,log2,True,0
PieChart2_1452,3,1.0,0.1209816932678222,0.0048210620880126,0,1,0,1,0,0,0,0,0,0,0,0,1,0,0,0,0,0,0,0,0,0,0,0,0,1,41,gini,,2,1,,True,0
PieChart2_1452,3,1.0,0.1277110576629638,0.0052714347839355,0,1,0,1,0,0,0,0,0,0,0,0,0,0,1,0,0,0,0,0,0,0,0,0,0,1,143,gini,18.0,4,1,log2,False,0
PieChart2_1452,3,1.0,0.0920994281768798,0.0049912929534912,0,1,0,1,0,0,1,0,0,0,0,0,0,0,0,0,0,0,0,0,0,1,0,0,0,0,129,entropy,,4,2,sqrt,False,0
PieChart2_1452,3,1.0,0.083573579788208,0.0051081180572509,0,1,0,0,1,0,0,0,0,0,1,0,0,0,0,0,0,0,0,1,0,0,0,0,0,0,33,log_loss,,2,3,log2,False,0
PieChart2_1452,3,1.0,0.1106610298156738,0.0051705837249755,0,1,0,0,1,0,0,0,0,1,0,0,0,0,0,0,0,0,0,1,0,0,0,0,0,0,95,log_loss,18.0,2,1,,False,0
PieChart2_1452,3,1.0,0.0919992923736572,0.0049695968627929,0,1,0,0,1,0,1,0,0,0,0,0,0,0,0,0,0,0,0,0,0,0,0,0,1,0,72,gini,13.0,2,1,sqrt,False,0
PieChart2_1452,3,1.0,0.0863933563232421,0.0048425197601318,0,1,0,0,1,0,0,0,0,0,0,1,0,0,0,0,0,0,0,0,0,0,0,0,1,0,20,gini,12.0,3,2,sqrt,True,0
PieChart2_1452,3,1.0,0.0890650749206543,0.0047478675842285,0,1,0,0,1,0,0,0,0,0,0,0,0,1,0,0,0,0,0,0,0,0,0,0,1,0,29,gini,,2,4,sqrt,False,0
PieChart2_1452,3,1.0,0.0931005477905273,0.0078790187835693,1,0,0,1,0,0,0,0,0,0,0,0,0,1,0,0,0,0,0,0,0,0,0,0,0,1,37,entropy,,2,2,sqrt,True,0
analcatdata_germangss_1025,3,0.9625,0.0866107940673828,0.0050292015075683,0,1,0,0,1,0,0,0,0,0,0,0,0,0,1,0,0,0,0,0,0,0,0,1,0,0,161,gini,10.0,6,2,,True,0
analcatdata_germangss_1025,3,0.9625,0.1496291160583496,0.0060188770294189,1,0,0,1,0,0,0,0,0,0,0,0,0,0,0,1,0,0,0,0,0,0,0,1,0,0,130,log_loss,7.0,5,1,sqrt,False,0
analcatdata_germangss_1025,3,0.9625,0.0859158039093017,0.0052070617675781,1,0,0,0,1,0,0,0,0,0,0,1,0,0,0,0,0,0,0,0,0,1,0,0,0,0,112,gini,32.0,4,1,sqrt,False,0
analcatdata_germangss_1025,3,0.9625,0.0878345966339111,0.0049138069152832,0,1,0,0,1,0,0,0,0,0,0,1,0,0,0,0,0,0,0,0,0,1,0,0,0,0,77,entropy,4.0,2,2,log2,False,0
analcatdata_germangss_1025,3,0.9625,0.08758544921875,0.0049808025360107,1,0,0,0,1,0,0,0,0,0,0,0,0,0,1,0,0,0,0,0,0,0,0,1,0,0,120,gini,,2,2,sqrt,False,0
analcatdata_germangss_1025,3,0.9625,0.085669994354248,0.0049042701721191,1,0,0,0,1,0,0,0,0,0,0,1,0,0,0,0,0,0,0,0,0,0,1,0,0,0,181,gini,,4,2,,False,0
analcatdata_germangss_1025,2,0.9625,0.0867757797241211,0.0047276020050048,1,0,0,0,1,0,0,0,0,0,0,0,0,0,1,0,0,0,0,0,0,0,1,0,0,0,110,gini,6.0,2,1,,False,0
analcatdata_germangss_1025,3,0.9625,0.0866501331329345,0.0050008296966552,0,1,0,0,1,0,0,0,0,0,0,0,0,0,1,0,0,0,0,1,0,0,0,0,0,0,26,gini,22.0,2,1,,True,0
analcatdata_germangss_1025,3,0.9625,0.0908570289611816,0.0049655437469482,1,0,0,0,1,0,0,0,0,0,0,0,0,0,1,0,0,0,0,0,0,1,0,0,0,0,10,gini,,2,3,sqrt,True,0
analcatdata_germangss_1025,3,0.9625,0.1425056457519531,0.005716323852539,0,1,0,1,0,0,0,0,0,0,0,0,0,0,0,1,0,0,0,0,1,0,0,0,0,0,119,gini,22.0,2,1,sqrt,True,0
analcatdata_germangss_1025,3,0.9625,0.142923355102539,0.0057051181793212,1,0,0,1,0,0,0,0,0,0,0,0,0,0,0,1,0,0,0,0,0,0,1,0,0,0,51,gini,21.0,4,1,,False,0
analcatdata_germangss_1025,3,0.9625,0.1468091011047363,0.0059468746185302,1,0,0,1,0,0,0,0,0,0,0,0,0,0,0,1,0,0,0,0,1,0,0,0,0,0,95,entropy,,2,1,sqrt,False,0
analcatdata_germangss_1025,3,0.9625,0.1404149532318115,0.0056629180908203,0,1,0,1,0,0,0,0,0,0,0,0,0,0,0,1,0,0,0,0,0,0,0,0,1,0,60,gini,32.0,3,1,,False,0
analcatdata_germangss_1025,3,0.9625,0.1428179740905761,0.0057525634765625,0,1,0,1,0,0,0,0,0,0,0,0,0,0,0,1,0,0,0,0,0,0,1,0,0,0,56,log_loss,8.0,3,2,,True,0
analcatdata_germangss_1025,3,0.9625,0.1455540657043457,0.0060861110687255,1,0,0,1,0,0,0,0,0,0,0,0,0,0,0,1,0,0,0,0,0,0,0,0,1,0,62,entropy,28.0,3,1,log2,False,0
analcatdata_germangss_1025,3,0.9625,0.0850472450256347,0.005002737045288,0,1,0,0,1,0,0,0,0,0,0,1,0,0,0,0,0,0,0,0,0,0,1,0,0,0,66,gini,27.0,3,2,sqrt,False,0
analcatdata_germangss_1025,2,0.9625,0.0863971710205078,0.0046656131744384,0,1,0,0,1,0,0,0,0,0,0,0,0,0,1,0,0,0,0,0,0,0,1,0,0,0,139,gini,,3,1,log2,False,0
analcatdata_germangss_1025,3,0.9625,0.0878996849060058,0.0048780441284179,0,1,0,0,1,0,0,0,0,0,0,0,0,0,1,0,0,0,0,0,0,1,0,0,0,0,129,gini,17.0,2,1,sqrt,False,0
analcatdata_germangss_1025,3,0.9625,0.0869312286376953,0.0047922134399414,1,0,0,0,1,0,0,0,0,0,0,0,0,0,1,0,0,0,0,0,0,0,0,0,0,1,40,log_loss,7.0,2,1,sqrt,True,0
analcatdata_germangss_1025,3,0.9625,0.0883362293243408,0.0048611164093017,1,0,0,0,1,0,0,0,0,0,0,0,0,0,1,0,0,0,0,1,0,0,0,0,0,0,46,log_loss,36.0,2,2,sqrt,False,0
chscase_census6_900,4,0.6625,0.0874354839324951,0.0053365230560302,0,1,0,0,1,0,0,0,0,0,0,0,0,0,0,0,0,0,1,0,0,0,0,0,0,1,119,gini,,3,1,sqrt,False,0
chscase_census6_900,4,0.6625,0.086414098739624,0.0053267478942871,1,0,0,0,1,0,0,0,0,0,0,0,0,0,0,0,0,0,1,0,0,0,0,0,0,1,153,entropy,7.0,2,2,log2,True,0
chscase_census6_900,4,0.6625,0.0842428207397461,0.0052261352539062,0,1,1,0,0,0,0,0,0,0,0,0,0,0,0,0,0,0,1,0,0,0,0,0,0,1,152,log_loss,13.0,2,1,log2,False,0
chscase_census6_900,4,0.6625,0.0864136219024658,0.0053505897521972,1,0,1,0,0,0,0,0,0,0,0,0,0,0,0,0,0,0,1,0,0,0,0,0,0,1,50,entropy,,2,1,,True,0
chscase_census6_900,4,0.6625,0.0843276977539062,0.0051825046539306,1,0,0,1,0,0,0,0,0,0,0,0,0,0,0,0,0,0,1,0,0,0,0,0,0,1,149,gini,20.0,2,3,,True,0
chscase_census6_900,4,0.6625,0.0851056575775146,0.005164623260498,0,1,0,1,0,0,0,0,0,0,0,0,0,0,0,0,0,0,1,0,0,0,0,0,0,1,11,gini,,2,2,sqrt,False,0
chscase_census6_900,3,0.6375,0.1092534065246582,0.0049984455108642,1,0,0,1,0,0,0,0,0,0,0,0,0,0,0,0,1,0,0,0,0,0,0,0,0,1,90,gini,12.0,4,2,,False,0
chscase_census6_900,3,0.6375,0.1091246604919433,0.004946231842041,0,1,0,0,1,0,0,0,0,0,0,0,0,0,0,0,1,0,0,0,0,0,0,0,0,1,124,entropy,25.0,2,1,sqrt,True,0
chscase_census6_900,0,0.6375,0.1579096317291259,0.005373477935791,1,0,1,0,0,0,0,0,0,0,0,0,1,0,0,0,0,0,0,1,0,0,0,0,0,0,10,log_loss,21.0,2,2,log2,False,0
chscase_census6_900,2,0.6375,0.0826849937438964,0.0051941871643066,0,1,0,1,0,1,0,0,0,0,0,0,0,0,0,0,0,0,0,0,0,0,0,1,0,0,205,entropy,15.0,2,1,,False,0
chscase_census6_900,0,0.6375,0.1260983943939209,0.005671739578247,0,1,0,0,1,0,0,0,0,0,0,0,1,0,0,0,0,0,0,1,0,0,0,0,0,0,166,gini,17.0,3,1,sqrt,False,0
chscase_census6_900,2,0.6375,0.0868973731994628,0.0053670406341552,0,1,1,0,0,1,0,0,0,0,0,0,0,0,0,0,0,0,0,0,0,0,0,1,0,0,132,log_loss,15.0,2,2,log2,True,0
chscase_census6_900,3,0.6375,0.1077609062194824,0.0048449039459228,1,0,1,0,0,0,0,0,0,0,0,0,0,0,0,0,1,0,0,0,0,0,0,0,0,1,52,log_loss,,4,1,sqrt,False,0
chscase_census6_900,2,0.6375,0.0835671424865722,0.0051691532135009,1,0,0,1,0,1,0,0,0,0,0,0,0,0,0,0,0,0,0,0,0,0,0,1,0,0,97,gini,15.0,2,2,,False,0
chscase_census6_900,2,0.6375,0.0841274261474609,0.0051190853118896,1,0,1,0,0,1,0,0,0,0,0,0,0,0,0,0,0,0,0,0,0,0,0,1,0,0,140,gini,20.0,2,1,log2,False,0
chscase_census6_900,3,0.6375,0.1122364997863769,0.0052294731140136,0,1,0,1,0,0,0,0,0,0,0,0,0,0,0,0,1,0,0,0,0,0,0,0,0,1,44,entropy,,2,3,,False,0
chscase_census6_900,0,0.6375,0.1359310150146484,0.0051875114440917,0,1,0,1,0,0,0,0,0,0,0,0,1,0,0,0,0,0,0,1,0,0,0,0,0,0,91,gini,,2,1,sqrt,True,0
chscase_census6_900,2,0.6375,0.0845372676849365,0.0052292346954345,1,0,0,0,1,1,0,0,0,0,0,0,0,0,0,0,0,0,0,0,0,0,0,1,0,0,146,gini,7.0,2,1,log2,True,0
chscase_census6_900,3,0.6375,0.1079933643341064,0.0050647258758544,1,0,0,0,1,0,0,0,0,0,0,0,0,0,0,0,1,0,0,0,0,0,0,0,0,1,25,gini,,4,1,log2,False,0
chscase_census6_900,0,0.6375,0.1376075744628906,0.0051243305206298,1,0,0,0,1,0,0,0,0,0,0,0,1,0,0,0,0,0,0,1,0,0,0,0,0,0,117,log_loss,,2,1,sqrt,False,0
MegaWatt1_1442,2,0.9607843137254902,0.9115934371948242,0.0050959587097167,1,0,0,0,1,0,0,0,0,0,0,0,1,0,0,0,0,0,0,0,0,0,0,0,1,0,119,entropy,,2,1,,False,0
MegaWatt1_1442,2,0.9607843137254902,0.1113793849945068,0.0047526359558105,1,0,0,1,0,0,0,0,0,0,0,0,1,0,0,0,0,0,0,0,0,0,0,0,1,0,33,gini,18.0,7,3,sqrt,False,0
MegaWatt1_1442,2,0.9607843137254902,0.1181931495666503,0.00508713722229,0,1,0,0,1,0,0,0,0,0,0,0,1,0,0,0,0,0,0,0,0,0,0,0,1,0,60,log_loss,15.0,4,1,log2,True,0
MegaWatt1_1442,2,0.9607843137254902,0.1297459602355957,0.0047826766967773,1,0,1,0,0,0,0,0,0,0,0,0,1,0,0,0,0,0,0,0,0,0,0,0,1,0,142,gini,,2,1,,True,0
MegaWatt1_1442,2,0.9607843137254902,0.1119163036346435,0.0048081874847412,0,1,0,1,0,0,0,0,0,0,0,0,1,0,0,0,0,0,0,0,0,0,0,0,1,0,10,log_loss,17.0,3,1,sqrt,True,0
MegaWatt1_1442,2,0.9607843137254902,0.110443115234375,0.0050704479217529,0,1,1,0,0,0,0,0,0,0,0,0,1,0,0,0,0,0,0,0,0,0,0,0,1,0,115,log_loss,,2,1,sqrt,False,0
MegaWatt1_1442,3,0.96,0.1323015689849853,0.005429983139038,0,1,0,0,1,0,0,0,0,0,0,0,0,0,0,1,0,0,0,0,0,1,0,0,0,0,94,gini,,2,2,log2,True,0
MegaWatt1_1442,3,0.96,0.132979154586792,0.0056631565093994,0,1,0,1,0,0,0,0,0,0,0,0,0,0,0,1,0,0,0,0,0,1,0,0,0,0,142,log_loss,,2,1,log2,False,0
MegaWatt1_1442,3,0.96,0.1364309787750244,0.0054447650909423,1,0,0,1,0,0,0,0,0,0,0,0,1,0,0,0,0,0,0,0,1,0,0,0,0,0,121,gini,,3,1,log2,True,0
MegaWatt1_1442,3,0.96,0.0890898704528808,0.0046143531799316,1,0,0,1,0,0,0,0,0,0,0,0,0,0,0,0,1,0,0,0,1,0,0,0,0,0,67,gini,,3,1,sqrt,True,0
MegaWatt1_1442,3,0.96,0.1341834068298339,0.0054075717926025,1,0,0,0,1,0,0,0,0,0,0,0,0,0,0,1,0,0,0,0,0,1,0,0,0,0,65,log_loss,18.0,2,1,sqrt,True,0
MegaWatt1_1442,3,0.96,0.0848517417907714,0.0044977664947509,1,0,0,1,0,0,1,0,0,0,0,0,0,0,0,0,0,0,0,0,0,0,0,1,0,0,74,gini,12.0,4,1,sqrt,False,0
MegaWatt1_1442,3,0.96,0.0920910835266113,0.0048997402191162,0,1,0,0,1,0,0,0,0,0,0,0,0,0,0,0,1,0,0,0,1,0,0,0,0,0,129,gini,4.0,3,2,,True,0
MegaWatt1_1442,3,0.96,0.1343517303466797,0.0054874420166015,0,1,1,0,0,0,0,0,0,0,0,0,0,0,0,1,0,0,0,0,0,1,0,0,0,0,10,gini,,4,2,,False,0
MegaWatt1_1442,3,0.96,0.0947647094726562,0.0048201084136962,0,1,0,1,0,0,0,0,0,0,0,0,0,0,0,0,1,0,0,0,1,0,0,0,0,0,108,gini,5.0,4,2,sqrt,False,0
MegaWatt1_1442,3,0.96,0.0898008346557617,0.0046396255493164,0,1,0,1,0,0,0,0,0,0,0,0,0,0,0,0,1,0,0,0,0,0,0,0,0,1,56,log_loss,4.0,2,3,sqrt,False,0
MegaWatt1_1442,3,0.96,0.1331665515899658,0.0053963661193847,1,0,1,0,0,0,0,0,0,0,0,0,1,0,0,0,0,0,0,0,1,0,0,0,0,0,110,log_loss,27.0,5,1,sqrt,False,0
MegaWatt1_1442,3,0.96,0.0890393257141113,0.0045771598815917,0,1,1,0,0,0,0,0,0,0,0,0,0,0,0,0,1,0,0,0,1,0,0,0,0,0,117,gini,,2,1,sqrt,False,0
MegaWatt1_1442,3,0.96,0.1363770961761474,0.0054404735565185,0,1,0,0,1,0,0,0,0,0,0,0,1,0,0,0,0,0,0,0,1,0,0,0,0,0,17,gini,8.0,7,1,sqrt,False,0
MegaWatt1_1442,3,0.96,0.1330962181091308,0.0054032802581787,0,1,1,0,0,0,0,0,0,0,0,0,1,0,0,0,0,0,0,0,1,0,0,0,0,0,89,entropy,,2,1,sqrt,True,0
autoUniv-au7-1100_1552,0,0.4590909090909091,0.2005727291107177,0.0072898864746093,1,0,0,1,0,0,0,0,0,0,0,0,0,0,1,0,0,0,0,0,0,0,0,1,0,0,97,gini,,2,1,,True,0
autoUniv-au7-1100_1552,0,0.4590909090909091,0.1455805301666259,0.0079381465911865,1,0,0,0,1,0,0,0,0,0,0,1,0,0,0,0,0,0,0,0,0,0,0,1,0,0,117,log_loss,20.0,4,1,,True,0
autoUniv-au7-1100_1552,0,0.4590909090909091,0.1405756473541259,0.0076520442962646,0,1,0,0,1,0,0,0,0,0,0,1,0,0,0,0,0,0,0,0,0,0,0,1,0,0,72,gini,,2,1,sqrt,False,0
autoUniv-au7-1100_1552,0,0.4590909090909091,0.1942682266235351,0.0071241855621337,0,1,0,1,0,0,0,0,0,0,0,0,0,0,1,0,0,0,0,0,0,0,0,1,0,0,45,gini,16.0,2,1,sqrt,True,0
autoUniv-au7-1100_1552,0,0.4545454545454545,0.1865711212158203,0.0073797702789306,0,1,0,0,1,0,0,0,0,0,0,0,0,0,1,0,0,0,0,0,0,0,0,0,1,0,142,entropy,10.0,2,2,sqrt,False,0
autoUniv-au7-1100_1552,0,0.4545454545454545,0.2420911788940429,0.0099718570709228,0,1,0,0,1,0,0,0,0,0,0,0,0,0,1,0,0,0,0,0,0,0,0,0,0,1,162,gini,,2,2,sqrt,False,0
autoUniv-au7-1100_1552,0,0.4545454545454545,0.1831498146057129,0.0074424743652343,1,0,0,0,1,0,0,0,0,0,0,0,0,0,1,0,0,0,0,0,0,0,0,0,1,0,135,log_loss,,3,1,sqrt,False,0
autoUniv-au7-1100_1552,0,0.4545454545454545,0.1912293434143066,0.0071070194244384,1,0,0,0,1,0,0,0,0,0,0,0,0,0,1,0,0,0,0,0,0,0,0,0,0,1,107,log_loss,33.0,2,1,sqrt,True,0
autoUniv-au7-1100_1552,0,0.4363636363636363,0.2172796726226806,0.0069565773010253,1,0,0,1,0,0,0,0,0,0,0,0,0,0,1,0,0,0,0,0,0,0,0,0,0,1,51,gini,,2,1,sqrt,False,0
autoUniv-au7-1100_1552,0,0.4363636363636363,0.2279310226440429,0.0072696208953857,0,1,0,1,0,0,0,0,0,0,0,0,0,0,1,0,0,0,0,0,0,0,0,0,0,1,157,log_loss,9.0,2,1,,True,0
autoUniv-au7-1100_1552,0,0.4363636363636363,0.2033393383026123,0.0073390007019042,0,1,0,1,0,0,0,0,0,0,0,0,0,0,1,0,0,0,0,1,0,0,0,0,0,0,129,entropy,18.0,2,1,,True,0
autoUniv-au7-1100_1552,2,0.4363636363636363,0.195988655090332,0.0076093673706054,0,1,0,0,1,0,0,0,0,0,0,0,0,0,1,0,0,0,0,0,0,0,0,0,0,1,201,entropy,,3,1,sqrt,True,0
autoUniv-au7-1100_1552,2,0.4363636363636363,0.1884787082672119,0.0072722434997558,1,0,0,0,1,0,0,0,0,0,0,0,0,0,1,0,0,0,0,0,0,0,0,0,0,1,42,log_loss,14.0,4,2,sqrt,True,0
autoUniv-au7-1100_1552,1,0.4363636363636363,0.1817498207092285,0.0072767734527587,0,1,0,0,1,0,0,0,0,0,0,0,0,0,1,0,0,0,0,0,0,0,0,1,0,0,143,entropy,26.0,2,1,sqrt,False,0
autoUniv-au7-1100_1552,0,0.4363636363636363,0.200324535369873,0.0074694156646728,1,0,0,1,0,0,0,0,0,0,0,0,0,0,1,0,0,0,0,1,0,0,0,0,0,0,127,gini,1.0,2,1,,False,0
autoUniv-au7-1100_1552,1,0.4363636363636363,0.212146520614624,0.0073919296264648,1,0,0,0,1,0,0,0,0,0,0,0,0,0,1,0,0,0,0,0,0,0,0,1,0,0,83,gini,9.0,2,3,sqrt,False,0
autoUniv-au7-1100_1552,0,0.4318181818181818,0.1393501758575439,0.0074532032012939,1,0,0,0,1,0,0,0,0,0,0,0,0,1,0,0,0,0,0,0,1,0,0,0,0,0,168,entropy,,4,2,,False,0
autoUniv-au7-1100_1552,0,0.4318181818181818,0.1322157382965088,0.0073013305664062,1,0,0,0,1,0,0,0,0,0,0,1,0,0,0,0,0,0,0,0,0,0,0,0,1,0,120,log_loss,3.0,5,2,,False,0
autoUniv-au7-1100_1552,0,0.4318181818181818,0.1403663158416748,0.0086543560028076,1,0,0,0,1,0,0,0,0,0,0,1,0,0,0,0,0,0,0,0,1,0,0,0,0,0,53,gini,39.0,2,1,,False,0
autoUniv-au7-1100_1552,0,0.4318181818181818,0.1659893989562988,0.0076909065246582,1,0,0,0,1,0,1,0,0,0,0,0,0,0,0,0,0,0,0,1,0,0,0,0,0,0,94,gini,21.0,2,1,sqrt,False,0
robot-failures-lp4_1519,3,1.0,0.0753908157348632,0.0043292045593261,1,0,1,0,0,0,0,0,0,0,1,0,0,0,0,0,0,0,0,0,1,0,0,0,0,0,53,entropy,,2,1,sqrt,True,0
robot-failures-lp4_1519,4,1.0,0.1008129119873046,0.0040385723114013,1,0,1,0,0,0,0,0,0,0,0,0,0,0,1,0,0,0,0,0,1,0,0,0,0,0,77,entropy,,2,1,,False,0
robot-failures-lp4_1519,4,1.0,0.0756022930145263,0.0039324760437011,0,1,0,0,1,0,0,0,0,0,1,0,0,0,0,0,0,0,0,0,0,0,0,1,0,0,135,gini,,6,1,sqrt,True,0
robot-failures-lp4_1519,0,1.0,0.076648473739624,0.0051436424255371,1,0,1,0,0,0,0,0,0,0,0,1,0,0,0,0,0,0,0,0,1,0,0,0,0,0,149,log_loss,1.0,5,1,log2,False,0
robot-failures-lp4_1519,3,1.0,0.1020996570587158,0.0040962696075439,1,0,1,0,0,0,0,0,0,0,0,0,0,0,1,0,0,0,0,0,1,0,0,0,0,0,111,log_loss,25.0,2,1,sqrt,True,0
robot-failures-lp4_1519,3,1.0,0.0798606872558593,0.0043137073516845,0,1,0,0,1,1,0,0,0,0,0,0,0,0,0,0,0,0,0,0,0,0,0,1,0,0,62,entropy,7.0,3,1,sqrt,False,0
robot-failures-lp4_1519,3,1.0,0.0835504531860351,0.0054037570953369,1,0,1,0,0,0,0,0,0,0,0,1,0,0,0,0,0,0,0,0,1,0,0,0,0,0,119,gini,,2,1,,True,0
robot-failures-lp4_1519,4,1.0,0.0778806209564209,0.0054476261138916,1,0,1,0,0,0,0,0,0,0,0,1,0,0,0,0,0,0,0,0,1,0,0,0,0,0,136,entropy,,2,2,log2,False,0
robot-failures-lp4_1519,0,1.0,0.0991919040679931,0.0042665004730224,1,0,1,0,0,0,0,0,0,0,0,0,0,0,1,0,0,0,0,0,1,0,0,0,0,0,10,gini,,2,1,,False,0
robot-failures-lp4_1519,4,1.0,0.0735187530517578,0.0039443969726562,1,0,0,1,0,0,0,0,0,0,0,1,0,0,0,0,0,0,0,0,0,0,1,0,0,0,106,entropy,16.0,2,1,log2,True,0
robot-failures-lp4_1519,2,1.0,0.1057713031768798,0.004239797592163,1,0,0,1,0,0,0,0,0,0,0,0,0,0,1,0,0,0,0,0,0,1,0,0,0,0,90,gini,1.0,4,1,log2,True,0
robot-failures-lp4_1519,4,1.0,0.0723354816436767,0.0039920806884765,0,1,0,0,1,1,0,0,0,0,0,0,0,0,0,0,0,0,0,0,0,0,1,0,0,0,148,entropy,,4,1,,True,0
robot-failures-lp4_1519,2,1.0,0.0748498439788818,0.0040130615234375,0,1,0,0,1,1,0,0,0,0,0,0,0,0,0,0,0,0,0,0,0,0,1,0,0,0,119,gini,25.0,3,2,,False,0
robot-failures-lp4_1519,4,1.0,0.0722115039825439,0.0039732456207275,0,1,0,0,1,0,0,0,0,0,1,0,0,0,0,0,0,0,0,0,0,0,1,0,0,0,124,log_loss,,2,1,,False,0
robot-failures-lp4_1519,3,1.0,0.0974161624908447,0.0039680004119873,1,0,0,1,0,0,0,0,0,0,0,0,0,0,1,0,0,0,0,0,0,0,1,0,0,0,76,log_loss,28.0,2,2,,False,0
robot-failures-lp4_1519,4,1.0,0.0983123779296875,0.0040490627288818,1,0,0,1,0,0,0,0,0,0,0,0,0,0,1,0,0,0,0,0,0,0,1,0,0,0,100,log_loss,6.0,2,1,sqrt,False,0
robot-failures-lp4_1519,0,1.0,0.0871603488922119,0.0040044784545898,1,0,0,1,0,0,0,0,0,0,0,0,1,0,0,0,0,0,0,0,0,0,1,0,0,0,147,gini,,2,2,sqrt,False,0
robot-failures-lp4_1519,4,1.0,0.0879569053649902,0.0043854713439941,1,0,1,0,0,0,0,0,0,0,0,0,0,0,0,1,0,0,0,0,1,0,0,0,0,0,97,gini,,2,1,sqrt,False,0
robot-failures-lp4_1519,4,1.0,0.0900714397430419,0.0042316913604736,1,0,0,1,0,0,0,0,0,0,0,0,1,0,0,0,0,0,0,1,0,0,0,0,0,0,109,gini,,2,1,sqrt,True,0
robot-failures-lp4_1519,0,1.0,0.1022160053253173,0.0043642520904541,1,0,0,1,0,0,0,0,0,0,0,0,0,0,1,0,0,0,0,1,0,0,0,0,0,0,23,gini,,5,1,sqrt,False,0
Sick_numeric_41946,1,0.9841059602649008,0.3911514282226562,0.01092529296875,1,0,0,0,1,0,0,0,0,0,0,0,0,0,1,0,0,0,0,0,0,0,1,0,0,0,97,gini,35.0,3,2,sqrt,True,0
Sick_numeric_41946,0,0.9841059602649008,0.3687219619750976,0.0112953186035156,0,1,0,1,0,0,0,0,0,0,0,0,0,0,1,0,0,0,0,0,1,0,0,0,0,0,10,entropy,17.0,2,1,sqrt,False,0
Sick_numeric_41946,0,0.9841059602649008,0.4169564247131347,0.0118224620819091,0,1,0,0,1,0,0,0,0,0,0,0,0,0,1,0,0,0,0,0,1,0,0,0,0,0,74,entropy,10.0,2,2,sqrt,False,0
Sick_numeric_41946,0,0.9841059602649008,0.3552720546722412,0.0112905502319335,0,1,1,0,0,0,0,0,0,0,0,0,0,0,1,0,0,0,0,0,1,0,0,0,0,0,103,gini,7.0,4,2,log2,False,0
Sick_numeric_41946,0,0.9841059602649008,0.3733448982238769,0.0109806060791015,1,0,0,0,1,0,0,0,0,0,0,0,0,0,1,0,0,0,0,1,0,0,0,0,0,0,138,gini,,3,2,sqrt,True,0
Sick_numeric_41946,0,0.9841059602649008,0.3325810432434082,0.0110669136047363,1,0,1,0,0,0,0,0,0,0,0,0,0,0,1,0,0,0,0,1,0,0,0,0,0,0,50,entropy,,2,1,log2,True,0
Sick_numeric_41946,0,0.9841059602649008,0.3729145526885986,0.0113999843597412,0,1,0,1,0,0,0,0,0,0,0,0,0,0,1,0,0,0,0,1,0,0,0,0,0,0,119,gini,29.0,2,1,sqrt,True,0
Sick_numeric_41946,0,0.9841059602649008,0.3347055912017822,0.0114412307739257,1,0,0,1,0,0,0,0,0,0,0,0,0,0,1,0,0,0,0,1,0,0,0,0,0,0,173,log_loss,15.0,2,1,log2,False,0
Sick_numeric_41946,0,0.9841059602649008,0.3343527317047119,0.0114674568176269,1,0,0,0,1,0,0,0,0,0,0,0,0,0,1,0,0,0,0,0,1,0,0,0,0,0,68,gini,25.0,2,1,,False,0
Sick_numeric_41946,0,0.9841059602649008,0.3487734794616699,0.0113706588745117,1,0,1,0,0,0,0,0,0,0,0,0,0,0,1,0,0,0,0,0,1,0,0,0,0,0,23,gini,15.0,4,1,sqrt,True,0
Sick_numeric_41946,1,0.9841059602649008,0.3937709331512451,0.0110869407653808,1,0,0,1,0,0,0,0,0,0,0,0,0,0,1,0,0,0,0,0,0,0,1,0,0,0,114,gini,6.0,4,1,,False,0
Sick_numeric_41946,1,0.9841059602649008,0.3920040130615234,0.0105419158935546,1,0,1,0,0,0,0,0,0,0,0,0,0,0,1,0,0,0,0,0,0,0,1,0,0,0,40,gini,,2,2,log2,True,0
Sick_numeric_41946,1,0.9841059602649008,0.4295125007629394,0.0114614963531494,0,1,0,0,1,0,0,0,0,0,0,0,0,0,1,0,0,0,0,0,0,0,1,0,0,0,59,log_loss,31.0,2,1,sqrt,False,0
Sick_numeric_41946,1,0.9841059602649008,0.3780539035797119,0.0106170177459716,0,1,1,0,0,0,0,0,0,0,0,0,0,0,1,0,0,0,0,0,0,0,1,0,0,0,146,gini,5.0,5,1,sqrt,False,0
Sick_numeric_41946,0,0.9841059602649008,0.3894295692443847,0.0117022991180419,0,1,0,0,1,0,0,0,0,0,0,0,0,0,1,0,0,0,0,1,0,0,0,0,0,0,194,entropy,5.0,2,1,,False,0
Sick_numeric_41946,1,0.9841059602649008,0.4184887409210205,0.0113763809204101,0,1,0,1,0,0,0,0,0,0,0,0,0,0,1,0,0,0,0,0,0,0,1,0,0,0,50,gini,15.0,2,1,log2,False,0
Sick_numeric_41946,0,0.9841059602649008,0.3577389717102051,0.0110890865325927,1,0,0,1,0,0,0,0,0,0,0,0,0,0,1,0,0,0,0,0,1,0,0,0,0,0,63,entropy,,4,1,sqrt,True,0
Sick_numeric_41946,0,0.9841059602649008,0.3619987964630127,0.0118050575256347,0,1,1,0,0,0,0,0,0,0,0,0,0,0,1,0,0,0,0,1,0,0,0,0,0,0,78,log_loss,,3,1,,True,0
Sick_numeric_41946,0,0.9827814569536424,0.4087281227111816,0.0112130641937255,1,0,0,0,1,0,0,0,0,0,0,0,0,0,1,0,0,0,0,0,0,0,1,0,0,0,73,log_loss,17.0,6,1,,False,0
Sick_numeric_41946,0,0.9827814569536424,0.4486923217773437,0.0112645626068115,1,0,0,1,0,0,0,0,0,0,0,0,0,0,1,0,0,0,0,0,0,0,1,0,0,0,197,gini,9.0,2,2,log2,True,0
steel-plates-fault_40982,1,0.8221649484536082,0.34944748878479,0.0091316699981689,0,1,0,1,0,0,0,0,0,0,0,0,0,0,1,0,0,0,0,0,0,0,0,0,1,0,73,log_loss,22.0,4,1,,False,0
steel-plates-fault_40982,1,0.8221649484536082,0.3489196300506592,0.0091817378997802,1,0,1,0,0,0,0,0,0,0,0,0,0,0,1,0,0,0,0,0,0,0,0,0,1,0,81,gini,7.0,2,1,,True,0
steel-plates-fault_40982,1,0.8221649484536082,0.3541426658630371,0.0091433525085449,1,0,0,0,1,0,0,0,0,0,0,0,0,0,1,0,0,0,0,0,0,0,0,0,1,0,181,gini,23.0,5,1,sqrt,True,0
steel-plates-fault_40982,1,0.8221649484536082,0.3439772129058838,0.0091409683227539,0,1,0,0,1,0,0,0,0,0,0,0,0,0,1,0,0,0,0,0,0,0,0,0,1,0,129,entropy,,4,1,log2,False,0
steel-plates-fault_40982,1,0.8221649484536082,0.3555150032043457,0.0093908309936523,0,1,1,0,0,0,0,0,0,0,0,0,0,0,1,0,0,0,0,0,0,0,0,0,1,0,149,log_loss,,5,1,,True,0
steel-plates-fault_40982,1,0.8221649484536082,0.3449254035949707,0.0090909004211425,1,0,0,1,0,0,0,0,0,0,0,0,0,0,1,0,0,0,0,0,0,0,0,0,1,0,55,gini,,4,1,sqrt,True,0
steel-plates-fault_40982,4,0.8195876288659794,0.3609788417816162,0.0087325572967529,1,0,0,0,1,0,0,0,0,0,0,0,0,0,1,0,0,0,0,0,0,0,0,1,0,0,73,log_loss,,2,2,sqrt,False,0
steel-plates-fault_40982,1,0.8195876288659794,0.335460901260376,0.0086941719055175,0,1,1,0,0,0,0,0,0,0,0,0,0,0,1,0,0,0,0,1,0,0,0,0,0,0,48,gini,9.0,2,2,sqrt,True,0
steel-plates-fault_40982,1,0.8195876288659794,0.3382785320281982,0.0087625980377197,1,0,1,0,0,0,0,0,0,0,0,0,0,0,1,0,0,0,0,1,0,0,0,0,0,0,140,gini,,2,1,sqrt,False,0
steel-plates-fault_40982,4,0.8195876288659794,0.3651406764984131,0.0085763931274414,0,1,0,1,0,0,0,0,0,0,0,0,0,0,1,0,0,0,0,0,0,0,0,1,0,0,161,log_loss,,2,1,sqrt,True,0
steel-plates-fault_40982,1,0.8195876288659794,0.3373506069183349,0.0089061260223388,0,1,0,0,1,0,0,0,0,0,0,0,0,0,1,0,0,0,0,1,0,0,0,0,0,0,70,entropy,,2,1,,True,0
steel-plates-fault_40982,1,0.8195876288659794,0.3288064002990722,0.0085296630859375,1,0,0,0,1,0,0,0,0,0,0,0,0,0,1,0,0,0,0,1,0,0,0,0,0,0,82,gini,,3,1,,True,0
steel-plates-fault_40982,4,0.8195876288659794,0.3603317737579345,0.0086181163787841,1,0,0,1,0,0,0,0,0,0,0,0,0,0,1,0,0,0,0,0,0,0,0,1,0,0,84,entropy,28.0,2,1,sqrt,True,0
steel-plates-fault_40982,4,0.8195876288659794,0.3669652938842773,0.0087101459503173,1,0,1,0,0,0,0,0,0,0,0,0,0,0,1,0,0,0,0,0,0,0,0,1,0,0,23,log_loss,,2,1,log2,True,0
steel-plates-fault_40982,1,0.8195876288659794,0.3352706432342529,0.0087168216705322,1,0,0,1,0,0,0,0,0,0,0,0,0,0,1,0,0,0,0,1,0,0,0,0,0,0,66,entropy,10.0,2,1,log2,False,0
steel-plates-fault_40982,4,0.8195876288659794,0.3580825328826904,0.0086829662322998,0,1,0,0,1,0,0,0,0,0,0,0,0,0,1,0,0,0,0,0,0,0,0,1,0,0,139,gini,,2,2,sqrt,False,0
steel-plates-fault_40982,4,0.8195876288659794,0.3620498180389404,0.0087068080902099,0,1,1,0,0,0,0,0,0,0,0,0,0,0,1,0,0,0,0,0,0,0,0,1,0,0,56,gini,11.0,2,1,sqrt,False,0
steel-plates-fault_40982,1,0.8195876288659794,0.3398315906524658,0.0087811946868896,0,1,0,1,0,0,0,0,0,0,0,0,0,0,1,0,0,0,0,1,0,0,0,0,0,0,105,log_loss,18.0,3,1,sqrt,True,0
steel-plates-fault_40982,1,0.8170103092783505,0.1562249660491943,0.0093286037445068,0,1,1,0,0,0,0,0,0,0,1,0,0,0,0,0,0,0,0,1,0,0,0,0,0,0,35,entropy,15.0,2,2,log2,True,0
steel-plates-fault_40982,1,0.8170103092783505,0.8197829723358154,0.0109105110168457,0,1,1,0,0,0,0,0,0,0,0,0,0,0,0,1,0,0,0,1,0,0,0,0,0,0,93,entropy,10.0,2,1,sqrt,False,0
analcatdata_supreme_728,0,0.995067817509248,0.1371347904205322,0.006685733795166,0,1,0,0,1,0,0,0,0,0,0,0,0,0,1,0,0,0,0,0,0,0,0,1,0,0,72,log_loss,,5,1,sqrt,False,0
analcatdata_supreme_728,0,0.995067817509248,0.1422309875488281,0.0069689750671386,1,0,0,0,1,0,0,0,0,0,0,0,0,0,1,0,0,0,0,0,0,0,0,1,0,0,39,gini,,4,2,sqrt,True,0
analcatdata_supreme_728,0,0.995067817509248,0.1212680339813232,0.0057590007781982,1,0,1,0,0,0,0,0,0,0,0,0,0,0,0,0,0,0,1,0,1,0,0,0,0,0,140,entropy,,2,1,,True,0
analcatdata_supreme_728,0,0.995067817509248,0.2354333400726318,0.0067005157470703,1,0,1,0,0,0,0,0,0,0,0,0,1,0,0,0,0,0,0,0,1,0,0,0,0,0,142,gini,,2,2,,True,0
analcatdata_supreme_728,0,0.995067817509248,0.242999792098999,0.007077932357788,0,1,0,1,0,0,0,0,0,0,0,0,1,0,0,0,0,0,0,0,1,0,0,0,0,0,52,gini,,5,1,sqrt,True,0
analcatdata_supreme_728,0,0.995067817509248,0.2671685218811035,0.0076620578765869,0,1,1,0,0,0,0,0,0,0,0,0,1,0,0,0,0,0,0,0,1,0,0,0,0,0,89,gini,,2,1,,False,0
analcatdata_supreme_728,0,0.995067817509248,0.1017789840698242,0.0057876110076904,0,1,0,0,1,0,0,0,0,0,0,0,0,0,0,0,0,0,1,0,1,0,0,0,0,0,102,log_loss,18.0,2,1,sqrt,True,0
analcatdata_supreme_728,0,0.995067817509248,0.1011545658111572,0.0056829452514648,0,1,0,1,0,0,0,0,0,0,0,0,0,0,0,0,0,0,1,0,1,0,0,0,0,0,10,gini,3.0,4,2,log2,True,0
analcatdata_supreme_728,0,0.995067817509248,0.1367790699005127,0.0066900253295898,1,0,1,0,0,0,0,0,0,0,0,0,0,0,1,0,0,0,0,0,0,0,0,1,0,0,30,gini,,4,1,sqrt,False,0
analcatdata_supreme_728,0,0.995067817509248,0.1008391380310058,0.0057885646820068,0,1,1,0,0,0,0,0,0,0,0,0,0,0,0,0,0,0,1,0,1,0,0,0,0,0,164,gini,,4,2,sqrt,True,0
analcatdata_supreme_728,0,0.995067817509248,0.2431855201721191,0.0069284439086914,1,0,0,1,0,0,0,0,0,0,0,0,1,0,0,0,0,0,0,0,1,0,0,0,0,0,47,gini,16.0,2,1,,False,0
analcatdata_supreme_728,0,0.995067817509248,0.1009516716003418,0.0056719779968261,1,0,0,0,1,0,0,0,0,0,0,0,0,0,0,0,0,0,1,0,1,0,0,0,0,0,163,gini,22.0,3,3,,False,0
analcatdata_supreme_728,0,0.995067817509248,0.1407978534698486,0.0066924095153808,0,1,1,0,0,0,0,0,0,0,0,0,0,0,1,0,0,0,0,0,0,0,0,1,0,0,33,log_loss,,5,1,sqrt,True,0
analcatdata_supreme_728,0,0.995067817509248,0.2339019775390625,0.0071215629577636,0,1,0,0,1,0,0,0,0,0,0,0,1,0,0,0,0,0,0,0,1,0,0,0,0,0,133,gini,,2,3,sqrt,False,0
analcatdata_supreme_728,0,0.995067817509248,0.1372373104095459,0.0066468715667724,0,1,0,1,0,0,0,0,0,0,0,0,0,0,1,0,0,0,0,0,0,0,0,1,0,0,84,gini,18.0,2,1,sqrt,False,0
analcatdata_supreme_728,0,0.995067817509248,0.1048517227172851,0.0056917667388916,1,0,0,1,0,0,0,0,0,0,0,0,0,0,0,0,0,0,1,0,1,0,0,0,0,0,91,entropy,,4,1,,True,0
analcatdata_supreme_728,0,0.995067817509248,0.1357004642486572,0.0066962242126464,1,0,0,1,0,0,0,0,0,0,0,0,0,0,1,0,0,0,0,0,0,0,0,1,0,0,193,entropy,6.0,6,2,sqrt,False,0
analcatdata_supreme_728,0,0.995067817509248,0.2438185214996338,0.0069725513458251,1,0,0,0,1,0,0,0,0,0,0,0,1,0,0,0,0,0,0,0,1,0,0,0,0,0,37,entropy,,6,1,log2,False,0
analcatdata_supreme_728,2,0.9950617283950616,0.1470859050750732,0.0081040859222412,1,0,0,0,1,0,1,0,0,0,0,0,0,0,0,0,0,0,0,0,0,0,0,0,1,0,130,gini,,2,1,,False,0
analcatdata_supreme_728,2,0.9950617283950616,0.1457686424255371,0.0075900554656982,1,0,1,0,0,0,0,0,0,1,0,0,0,0,0,0,0,0,0,0,1,0,0,0,0,0,128,log_loss,16.0,2,1,sqrt,False,0
KungChi3_1441,4,1.0,0.0754234790802002,0.004080057144165,0,1,0,0,1,0,0,0,1,0,0,0,0,0,0,0,0,0,0,0,0,0,0,1,0,0,182,log_loss,,3,2,sqrt,True,0
KungChi3_1441,4,1.0,0.07430100440979,0.0040488243103027,0,1,1,0,0,0,0,0,1,0,0,0,0,0,0,0,0,0,0,0,0,1,0,0,0,0,111,log_loss,15.0,3,1,sqrt,True,0
KungChi3_1441,4,1.0,0.0779891014099121,0.0042996406555175,0,1,1,0,0,0,0,0,0,0,0,0,0,1,0,0,0,0,0,0,0,0,1,0,0,0,61,gini,8.0,4,1,sqrt,False,0
KungChi3_1441,4,1.0,0.0969810485839843,0.004695177078247,0,1,0,0,1,0,0,0,0,1,0,0,0,0,0,0,0,0,0,0,0,0,1,0,0,0,46,entropy,18.0,2,2,log2,False,0
KungChi3_1441,4,1.0,0.071378469467163,0.0040345191955566,0,1,1,0,0,0,0,0,1,0,0,0,0,0,0,0,0,0,0,0,0,0,0,0,0,1,151,entropy,,4,2,sqrt,False,0
KungChi3_1441,4,1.0,0.0718421936035156,0.0039710998535156,1,0,0,1,0,0,0,0,1,0,0,0,0,0,0,0,0,0,0,0,1,0,0,0,0,0,106,gini,,3,1,sqrt,True,0
KungChi3_1441,4,1.0,0.0756187438964843,0.0042500495910644,1,0,0,1,0,0,0,0,0,0,0,0,0,1,0,0,0,0,0,0,1,0,0,0,0,0,134,gini,,2,1,log2,False,0
KungChi3_1441,4,1.0,0.0954914093017578,0.0046510696411132,0,1,0,0,1,0,0,0,0,1,0,0,0,0,0,0,0,0,0,0,0,0,0,0,0,1,10,log_loss,31.0,5,2,,False,0
KungChi3_1441,4,1.0,0.0718863010406494,0.0040366649627685,1,0,1,0,0,0,0,0,1,0,0,0,0,0,0,0,0,0,0,0,0,0,0,1,0,0,112,gini,14.0,5,1,sqrt,True,0
KungChi3_1441,4,1.0,0.0773036479949951,0.0042281150817871,1,0,1,0,0,0,0,0,0,0,0,0,0,1,0,0,0,0,0,0,0,0,0,1,0,0,74,gini,,2,1,log2,True,0
KungChi3_1441,4,1.0,0.0765104293823242,0.0041725635528564,0,1,0,0,1,0,0,0,0,0,0,0,0,1,0,0,0,0,0,1,0,0,0,0,0,0,30,log_loss,21.0,2,1,log2,False,0
KungChi3_1441,4,1.0,0.0746183395385742,0.0041487216949462,0,1,0,0,1,0,0,1,0,0,0,0,0,0,0,0,0,0,0,0,0,0,0,0,0,1,97,entropy,19.0,2,1,,False,0
KungChi3_1441,4,1.0,0.0769379138946533,0.0042459964752197,0,1,1,0,0,0,0,0,0,0,0,0,0,1,0,0,0,0,0,0,0,0,0,0,0,1,155,gini,14.0,5,1,log2,True,0
KungChi3_1441,4,1.0,0.0713014602661132,0.0041346549987792,1,0,0,0,1,0,0,0,1,0,0,0,0,0,0,0,0,0,0,0,0,0,1,0,0,0,213,gini,,2,1,log2,True,0
KungChi3_1441,4,1.0,0.0788509845733642,0.0041213035583496,1,0,0,0,1,0,0,0,0,0,0,0,0,0,0,0,1,0,0,0,1,0,0,0,0,0,112,gini,16.0,9,1,,False,0
KungChi3_1441,4,1.0,0.0769529342651367,0.0042855739593505,1,0,0,0,1,0,0,0,0,0,0,0,0,1,0,0,0,0,0,0,0,0,1,0,0,0,65,log_loss,6.0,2,1,sqrt,False,0
KungChi3_1441,4,1.0,0.0973124504089355,0.0044665336608886,0,1,0,1,0,0,0,0,0,1,0,0,0,0,0,0,0,0,0,1,0,0,0,0,0,0,62,log_loss,5.0,3,1,log2,False,0
KungChi3_1441,4,1.0,0.0952334403991699,0.0045094490051269,0,1,0,1,0,0,0,0,0,1,0,0,0,0,0,0,0,0,0,0,0,0,0,0,0,1,148,gini,,5,1,log2,False,0
KungChi3_1441,4,1.0,0.0707337856292724,0.004030704498291,0,1,0,0,1,0,0,0,1,0,0,0,0,0,0,0,0,0,0,0,0,0,1,0,0,0,50,log_loss,6.0,2,1,sqrt,True,0
KungChi3_1441,4,1.0,0.0767970085144043,0.0040690898895263,0,1,0,0,1,0,0,0,0,0,0,0,0,1,0,0,0,0,0,0,0,0,1,0,0,0,131,gini,,2,1,sqrt,False,0
autoUniv-au7-700_1553,0,0.55,0.1027805805206298,0.0063884258270263,0,1,0,1,0,0,0,0,0,0,1,0,0,0,0,0,0,0,0,0,0,0,0,0,0,1,115,entropy,26.0,2,1,sqrt,True,0
autoUniv-au7-700_1553,0,0.55,0.1026298999786377,0.0064172744750976,1,0,0,1,0,0,0,0,0,0,1,0,0,0,0,0,0,0,0,0,0,0,0,0,0,1,109,gini,18.0,2,1,sqrt,True,0
autoUniv-au7-700_1553,2,0.55,0.1056241989135742,0.0064060688018798,1,0,0,1,0,0,0,0,0,0,1,0,0,0,0,0,0,0,0,0,0,0,0,0,1,0,22,entropy,8.0,3,2,log2,True,0
autoUniv-au7-700_1553,2,0.55,0.1070713996887207,0.0066282749176025,0,1,0,1,0,0,0,0,0,0,1,0,0,0,0,0,0,0,0,0,0,0,0,0,1,0,82,gini,29.0,2,3,,True,0
autoUniv-au7-700_1553,0,0.5357142857142857,0.1020176410675048,0.0063295364379882,0,1,0,1,0,0,0,0,0,0,1,0,0,0,0,0,0,0,0,0,0,0,0,0,1,0,27,gini,,2,1,sqrt,False,0
autoUniv-au7-700_1553,0,0.5357142857142857,0.1031949520111084,0.0063240528106689,1,0,0,1,0,0,0,0,0,0,1,0,0,0,0,0,0,0,0,0,0,0,0,0,1,0,71,gini,25.0,2,1,sqrt,False,0
autoUniv-au7-700_1553,0,0.5285714285714286,0.10418701171875,0.0063285827636718,0,1,0,1,0,0,0,0,0,0,1,0,0,0,0,0,0,0,0,0,0,0,0,1,0,0,146,gini,1.0,3,2,,True,0
autoUniv-au7-700_1553,0,0.5285714285714286,0.1040527820587158,0.006540298461914,1,0,0,1,0,0,0,0,0,0,1,0,0,0,0,0,0,0,0,0,0,0,0,1,0,0,162,log_loss,18.0,2,1,log2,False,0
autoUniv-au7-700_1553,4,0.5214285714285715,0.1055076122283935,0.0063059329986572,1,0,0,0,1,0,0,0,0,0,1,0,0,0,0,0,0,0,0,0,0,0,0,0,1,0,111,log_loss,,2,1,,False,0
autoUniv-au7-700_1553,4,0.5214285714285715,0.1039738655090332,0.0065381526947021,0,1,0,0,1,0,0,0,0,0,1,0,0,0,0,0,0,0,0,0,0,0,0,0,1,0,71,log_loss,32.0,4,1,sqrt,False,0
autoUniv-au7-700_1553,4,0.5142857142857142,0.1036009788513183,0.0063643455505371,1,0,0,0,1,0,0,0,0,0,1,0,0,0,0,0,0,0,0,0,0,0,0,0,0,1,179,gini,1.0,2,3,,False,0
autoUniv-au7-700_1553,1,0.5142857142857142,0.1176164150238037,0.0063424110412597,1,0,0,1,0,0,0,0,0,0,0,0,0,1,0,0,0,0,0,0,0,0,0,1,0,0,71,gini,27.0,2,1,,True,0
autoUniv-au7-700_1553,4,0.5142857142857142,0.1016385555267334,0.0061948299407958,1,0,0,0,1,0,0,0,0,0,1,0,0,0,0,0,0,0,0,1,0,0,0,0,0,0,43,gini,31.0,2,1,sqrt,False,0
autoUniv-au7-700_1553,4,0.5142857142857142,0.1597926616668701,0.0062255859375,1,0,0,1,0,0,0,0,0,0,0,0,0,0,1,0,0,0,0,0,0,0,0,1,0,0,135,gini,,3,1,sqrt,True,0
autoUniv-au7-700_1553,4,0.5142857142857142,0.1006786823272705,0.0062108039855957,0,1,0,0,1,0,0,0,0,0,1,0,0,0,0,0,0,0,0,1,0,0,0,0,0,0,123,gini,,4,1,sqrt,True,0
autoUniv-au7-700_1553,4,0.5142857142857142,0.1615734100341797,0.006667137145996,0,1,0,1,0,0,0,0,0,0,0,0,0,0,1,0,0,0,0,0,0,0,0,0,1,0,73,entropy,21.0,2,1,sqrt,True,0
autoUniv-au7-700_1553,1,0.5142857142857142,0.1402812004089355,0.006009817123413,0,1,0,0,1,0,0,0,0,0,0,0,0,0,1,0,0,0,0,1,0,0,0,0,0,0,105,gini,12.0,2,1,,True,0
autoUniv-au7-700_1553,4,0.5142857142857142,0.1624355316162109,0.0066344738006591,1,0,0,1,0,0,0,0,0,0,0,0,0,0,1,0,0,0,0,0,0,0,0,0,1,0,122,log_loss,,2,1,sqrt,False,0
autoUniv-au7-700_1553,1,0.5142857142857142,0.1180174350738525,0.006253957748413,0,1,0,1,0,0,0,0,0,0,0,0,0,1,0,0,0,0,0,0,0,0,0,1,0,0,110,entropy,22.0,2,1,,False,0
autoUniv-au7-700_1553,1,0.5142857142857142,0.1424953937530517,0.0059065818786621,1,0,0,0,1,0,0,0,0,0,0,0,0,0,1,0,0,0,0,1,0,0,0,0,0,0,123,gini,9.0,3,1,,False,0
pm10_750,3,0.75,0.0975799560546875,0.005591869354248,0,1,0,1,0,0,1,0,0,0,0,0,0,0,0,0,0,0,0,0,0,0,0,1,0,0,75,entropy,13.0,3,1,sqrt,False,0
pm10_750,3,0.75,0.0940444469451904,0.0052137374877929,0,1,0,0,1,0,1,0,0,0,0,0,0,0,0,0,0,0,0,0,0,0,0,1,0,0,126,gini,,4,2,log2,True,0
pm10_750,3,0.75,0.0918109416961669,0.0052235126495361,1,0,1,0,0,0,1,0,0,0,0,0,0,0,0,0,0,0,0,0,0,0,0,1,0,0,101,gini,33.0,2,1,sqrt,True,0
pm10_750,3,0.75,0.0922694206237793,0.0051279067993164,0,1,1,0,0,0,1,0,0,0,0,0,0,0,0,0,0,0,0,0,0,0,0,1,0,0,76,gini,20.0,2,1,sqrt,False,0
pm10_750,3,0.75,0.0930047035217285,0.0053517818450927,1,0,0,0,1,0,1,0,0,0,0,0,0,0,0,0,0,0,0,0,0,0,0,1,0,0,88,log_loss,16.0,3,1,,False,0
pm10_750,3,0.75,0.091796875,0.005307912826538,1,0,0,1,0,0,1,0,0,0,0,0,0,0,0,0,0,0,0,0,0,0,0,1,0,0,95,gini,10.0,2,2,sqrt,False,0
pm10_750,0,0.7,0.1068978309631347,0.005009651184082,1,0,0,0,1,0,0,0,0,0,0,0,0,0,1,0,0,0,0,0,0,0,0,1,0,0,28,entropy,5.0,2,2,sqrt,True,0
pm10_750,0,0.7,0.1071879863739013,0.0049676895141601,0,1,0,1,0,0,0,0,0,0,0,0,0,0,1,0,0,0,0,0,0,0,0,1,0,0,68,gini,,2,2,,False,0
pm10_750,0,0.7,0.1072456836700439,0.0049254894256591,1,0,1,0,0,0,0,0,0,0,0,0,0,0,1,0,0,0,0,0,0,0,0,1,0,0,103,gini,,2,1,log2,False,0
pm10_750,0,0.7,0.1056768894195556,0.0051023960113525,0,1,0,0,1,0,0,0,0,0,0,0,0,0,1,0,0,0,0,0,0,0,0,1,0,0,32,gini,,2,1,log2,True,0
pm10_750,0,0.7,0.1056959629058837,0.0051307678222656,1,0,0,1,0,0,0,0,0,0,0,0,0,0,1,0,0,0,0,0,0,0,0,1,0,0,69,entropy,,3,1,,False,0
pm10_750,0,0.7,0.1052515506744384,0.0050177574157714,0,1,1,0,0,0,0,0,0,0,0,0,0,0,1,0,0,0,0,0,0,0,0,1,0,0,219,entropy,9.0,2,1,sqrt,True,0
pm10_750,1,0.69,0.0940911769866943,0.0055310726165771,0,1,1,0,0,0,0,0,0,0,0,1,0,0,0,0,0,0,0,0,0,0,0,0,1,0,44,entropy,19.0,2,1,,False,0
pm10_750,1,0.69,2.2494165897369385,0.0063412189483642,0,1,0,1,0,0,0,0,0,0,0,1,0,0,0,0,0,0,0,0,1,0,0,0,0,0,81,gini,14.0,2,2,,False,0
pm10_750,1,0.69,0.0940651893615722,0.0054872035980224,1,0,0,0,1,0,0,0,0,0,0,1,0,0,0,0,0,0,0,1,0,0,0,0,0,0,58,gini,,4,3,sqrt,False,0
pm10_750,1,0.69,0.0970716476440429,0.0063693523406982,1,0,0,1,0,0,0,0,0,0,0,1,0,0,0,0,0,0,0,0,1,0,0,0,0,0,94,entropy,,2,2,log2,False,0
pm10_750,1,0.69,0.0927348136901855,0.0063474178314208,1,0,1,0,0,0,0,0,0,0,0,1,0,0,0,0,0,0,0,0,1,0,0,0,0,0,59,gini,9.0,2,2,sqrt,False,0
pm10_750,1,0.69,0.0948305130004882,0.0054616928100585,0,1,1,0,0,0,0,0,0,0,0,1,0,0,0,0,0,0,0,0,0,0,0,0,0,1,88,gini,24.0,2,1,sqrt,True,0
pm10_750,1,0.69,0.0917589664459228,0.0054192543029785,0,1,0,1,0,0,0,0,0,0,0,1,0,0,0,0,0,0,0,0,0,0,0,0,0,1,64,gini,,2,1,sqrt,True,0
pm10_750,1,0.69,0.1098690032958984,0.0051977634429931,0,1,0,0,1,0,0,0,0,0,0,0,0,0,1,0,0,0,0,0,0,1,0,0,0,0,153,entropy,2.0,2,1,log2,True,0
fri_c3_500_50_937,2,0.94,0.0849685668945312,0.0049891471862792,0,1,1,0,0,1,0,0,0,0,0,0,0,0,0,0,0,0,0,0,0,0,0,0,1,0,104,gini,,5,1,sqrt,True,0
fri_c3_500_50_937,2,0.94,0.0821413993835449,0.0049176216125488,0,1,1,0,0,1,0,0,0,0,0,0,0,0,0,0,0,0,0,1,0,0,0,0,0,0,105,entropy,20.0,2,1,,True,0
fri_c3_500_50_937,2,0.94,0.0885162353515625,0.0053381919860839,0,1,0,1,0,1,0,0,0,0,0,0,0,0,0,0,0,0,0,1,0,0,0,0,0,0,117,gini,,2,2,log2,False,0
fri_c3_500_50_937,2,0.94,0.088090181350708,0.0051658153533935,0,1,0,0,1,1,0,0,0,0,0,0,0,0,0,0,0,0,0,0,0,0,0,0,0,1,82,gini,8.0,4,1,sqrt,True,0
fri_c3_500_50_937,2,0.94,0.0809299945831298,0.0047955513000488,1,0,1,0,0,1,0,0,0,0,0,0,0,0,0,0,0,0,0,0,0,0,0,0,0,1,104,gini,28.0,3,2,sqrt,False,0
fri_c3_500_50_937,2,0.94,0.0823707580566406,0.0049085617065429,0,1,1,0,0,1,0,0,0,0,0,0,0,0,0,0,0,0,0,0,1,0,0,0,0,0,112,gini,3.0,2,1,,False,0
fri_c3_500_50_937,2,0.94,0.0815505981445312,0.00484299659729,0,1,1,0,0,1,0,0,0,0,0,0,0,0,0,0,0,0,0,0,0,0,0,0,0,1,137,gini,,2,1,sqrt,False,0
fri_c3_500_50_937,2,0.94,0.0813453197479248,0.0047838687896728,1,0,1,0,0,1,0,0,0,0,0,0,0,0,0,0,0,0,0,1,0,0,0,0,0,0,24,gini,,4,1,log2,False,0
fri_c3_500_50_937,2,0.94,0.0811800956726074,0.0047454833984375,1,0,0,0,1,1,0,0,0,0,0,0,0,0,0,0,0,0,0,0,0,0,0,0,0,1,165,log_loss,,7,1,sqrt,False,0
fri_c3_500_50_937,2,0.94,0.0805501937866211,0.0047128200531005,1,0,0,0,1,1,0,0,0,0,0,0,0,0,0,0,0,0,0,1,0,0,0,0,0,0,42,log_loss,,2,2,sqrt,True,0
fri_c3_500_50_937,2,0.94,0.0802986621856689,0.0048205852508544,1,0,0,0,1,1,0,0,0,0,0,0,0,0,0,0,0,0,0,0,1,0,0,0,0,0,138,log_loss,,5,1,,False,0
fri_c3_500_50_937,2,0.94,0.0825903415679931,3.1058390140533447,1,0,0,1,0,1,0,0,0,0,0,0,0,0,0,0,0,0,0,0,0,0,0,0,0,1,104,entropy,,2,1,,False,0
fri_c3_500_50_937,2,0.94,0.0834119319915771,0.0049631595611572,0,1,0,1,0,1,0,0,0,0,0,0,0,0,0,0,0,0,0,0,0,0,0,0,0,1,36,log_loss,,2,1,sqrt,True,0
fri_c3_500_50_937,2,0.94,0.0822651386260986,0.0047724246978759,1,0,0,0,1,1,0,0,0,0,0,0,0,0,0,0,0,0,0,0,0,0,0,0,1,0,126,gini,13.0,3,1,sqrt,True,0
fri_c3_500_50_937,2,0.94,0.0887289047241211,0.0051949024200439,0,1,0,0,1,1,0,0,0,0,0,0,0,0,0,0,0,0,0,0,0,0,0,0,1,0,53,entropy,16.0,2,2,log2,False,0
fri_c3_500_50_937,2,0.94,0.0837395191192627,0.0048022270202636,0,1,0,1,0,1,0,0,0,0,0,0,0,0,0,0,0,0,0,0,1,0,0,0,0,0,153,gini,8.0,2,2,sqrt,False,0
fri_c3_500_50_937,2,0.94,0.0804724693298339,0.0048408508300781,1,0,0,1,0,1,0,0,0,0,0,0,0,0,0,0,0,0,0,0,1,0,0,0,0,0,64,gini,,2,1,,True,0
fri_c3_500_50_937,2,0.94,0.0819058418273925,0.0047571659088134,1,0,0,1,0,1,0,0,0,0,0,0,0,0,0,0,0,0,0,1,0,0,0,0,0,0,25,gini,,3,1,sqrt,False,0
fri_c3_500_50_937,2,0.94,0.0863621234893798,0.0051734447479248,1,0,0,1,0,1,0,0,0,0,0,0,0,0,0,0,0,0,0,0,0,0,0,0,1,0,177,entropy,1.0,6,1,,False,0
fri_c3_500_50_937,2,0.94,0.080906867980957,0.0048913955688476,1,0,1,0,0,1,0,0,0,0,0,0,0,0,0,0,0,0,0,0,1,0,0,0,0,0,109,gini,4.0,2,1,log2,False,0
fruitfly_714,4,0.8,0.0780792236328125,0.004608154296875,0,1,1,0,0,0,0,1,0,0,0,0,0,0,0,0,0,0,0,0,0,0,1,0,0,0,59,entropy,16.0,3,1,log2,True,0
fruitfly_714,4,0.8,0.0692665576934814,0.0041444301605224,1,0,0,1,0,0,0,1,0,0,0,0,0,0,0,0,0,0,0,0,0,0,1,0,0,0,90,gini,10.0,2,1,sqrt,False,0
fruitfly_714,4,0.8,0.0692300796508789,0.0040910243988037,0,1,0,0,1,0,0,1,0,0,0,0,0,0,0,0,0,0,0,0,0,0,1,0,0,0,210,gini,5.0,2,1,sqrt,False,0
fruitfly_714,4,0.8,0.0755996704101562,0.0043346881866455,0,1,0,1,0,0,0,1,0,0,0,0,0,0,0,0,0,0,0,0,0,0,1,0,0,0,165,entropy,20.0,2,2,,True,0
fruitfly_714,4,0.8,0.0693371295928955,0.0040569305419921,1,0,1,0,0,0,0,1,0,0,0,0,0,0,0,0,0,0,0,0,0,0,1,0,0,0,56,gini,,3,2,sqrt,False,0
fruitfly_714,4,0.8,0.0724022388458252,0.0044360160827636,1,0,0,0,1,0,0,1,0,0,0,0,0,0,0,0,0,0,0,0,0,0,1,0,0,0,113,log_loss,1.0,3,3,,False,0
fruitfly_714,1,0.76,0.0771076679229736,0.0048003196716308,0,1,1,0,0,0,0,1,0,0,0,0,0,0,0,0,0,0,0,0,0,0,0,0,0,1,105,log_loss,1.0,5,1,sqrt,True,0
fruitfly_714,1,0.76,0.0696249008178711,0.0039458274841308,1,0,1,0,0,0,0,1,0,0,0,0,0,0,0,0,0,0,0,0,0,0,0,0,0,1,93,gini,9.0,2,1,sqrt,True,0
fruitfly_714,1,0.76,0.0742483139038086,0.004016637802124,1,0,0,1,0,0,0,1,0,0,0,0,0,0,0,0,0,0,0,0,0,0,0,0,0,1,50,gini,,2,1,,True,0
fruitfly_714,1,0.76,0.0725314617156982,0.0041022300720214,0,1,0,0,1,0,0,1,0,0,0,0,0,0,0,0,0,0,0,0,0,0,0,0,0,1,122,gini,1.0,4,1,,False,0
fruitfly_714,1,0.76,0.0744495391845703,0.004274845123291,1,0,0,0,1,0,0,1,0,0,0,0,0,0,0,0,0,0,0,0,0,0,0,0,0,1,142,gini,26.0,2,3,sqrt,False,0
fruitfly_714,1,0.76,0.0740714073181152,0.0041992664337158,0,1,0,1,0,0,0,1,0,0,0,0,0,0,0,0,0,0,0,0,0,0,0,0,0,1,58,entropy,14.0,3,1,log2,False,0
fruitfly_714,1,0.72,0.0729899406433105,0.0042824745178222,1,0,0,0,1,1,0,0,0,0,0,0,0,0,0,0,0,0,0,0,0,1,0,0,0,0,198,entropy,12.0,4,1,sqrt,False,0
fruitfly_714,1,0.72,0.0730829238891601,0.0042088031768798,1,0,0,0,1,0,0,1,0,0,0,0,0,0,0,0,0,0,0,0,0,1,0,0,0,0,176,log_loss,13.0,5,1,log2,False,0
fruitfly_714,1,0.72,0.0725502967834472,0.0041685104370117,0,1,1,0,0,1,0,0,0,0,0,0,0,0,0,0,0,0,0,0,0,1,0,0,0,0,127,entropy,4.0,2,1,log2,True,0
fruitfly_714,1,0.72,0.0695490837097168,0.0041520595550537,1,0,0,0,1,0,0,1,0,0,0,0,0,0,0,0,0,0,0,0,0,0,0,0,1,0,38,gini,19.0,4,2,sqrt,False,0
fruitfly_714,1,0.72,0.0689458847045898,0.0039930343627929,1,0,1,0,0,0,0,1,0,0,0,0,0,0,0,0,0,0,0,0,0,1,0,0,0,0,120,gini,,3,2,sqrt,True,0
fruitfly_714,1,0.72,0.0693655014038086,0.0040452480316162,0,1,0,0,1,1,0,0,0,0,0,0,0,0,0,0,0,0,0,0,0,1,0,0,0,0,114,gini,7.0,2,2,log2,False,0
fruitfly_714,1,0.72,0.069101333618164,0.0039482116699218,0,1,0,1,0,0,0,0,0,0,0,0,0,0,0,0,0,0,1,0,0,1,0,0,0,0,126,gini,9.0,2,1,sqrt,False,0
fruitfly_714,1,0.72,0.0786266326904296,0.0044949054718017,1,0,0,1,0,0,0,0,0,0,0,0,0,0,0,0,0,0,1,0,0,1,0,0,0,0,180,gini,,3,1,sqrt,False,0
analcatdata_draft_984,0,0.9864864864864864,0.0821421146392822,0.0049118995666503,0,1,0,0,1,0,0,0,0,0,0,0,0,0,0,0,0,0,1,0,0,0,1,0,0,0,91,gini,11.0,2,1,sqrt,False,0
analcatdata_draft_984,0,0.9864864864864864,0.0808353424072265,0.004826545715332,0,1,0,1,0,0,0,0,0,0,0,0,0,0,0,0,0,0,1,0,0,0,1,0,0,0,202,log_loss,,4,1,log2,False,0
analcatdata_draft_984,0,0.9864864864864864,0.0834250450134277,0.0049934387207031,0,1,1,0,0,0,0,0,0,0,0,0,0,0,0,0,0,0,1,0,0,0,1,0,0,0,120,gini,,2,2,log2,True,0
analcatdata_draft_984,0,0.972972972972973,0.0825865268707275,0.0046627521514892,0,1,1,0,0,0,0,0,0,0,0,0,0,0,0,0,0,1,0,0,1,0,0,0,0,0,85,entropy,16.0,3,2,sqrt,True,0
analcatdata_draft_984,0,0.972972972972973,0.1053450107574462,0.0053944587707519,0,1,0,1,0,0,0,0,0,1,0,0,0,0,0,0,0,0,0,0,1,0,0,0,0,0,220,gini,14.0,5,2,,False,0
analcatdata_draft_984,0,0.972972972972973,0.0780310630798339,0.0047297477722167,0,1,1,0,0,0,0,0,1,0,0,0,0,0,0,0,0,0,0,0,0,0,0,0,0,1,141,gini,17.0,3,3,log2,False,0
analcatdata_draft_984,0,0.972972972972973,0.0781090259552002,0.0044786930084228,0,1,0,1,0,0,0,0,1,0,0,0,0,0,0,0,0,0,0,0,0,0,1,0,0,0,77,gini,24.0,2,1,sqrt,False,0
analcatdata_draft_984,0,0.972972972972973,0.0983049869537353,0.0049576759338378,0,1,0,1,0,0,0,0,0,0,0,0,0,0,0,0,1,0,0,0,0,0,1,0,0,0,104,gini,,2,1,,False,0
analcatdata_draft_984,0,0.972972972972973,0.0969302654266357,0.0047893524169921,0,1,1,0,0,0,0,0,0,0,0,0,0,0,0,0,1,0,0,0,1,0,0,0,0,0,132,gini,,2,1,,False,0
analcatdata_draft_984,0,0.972972972972973,0.0745956897735595,0.0043566226959228,0,1,0,1,0,0,0,0,0,0,0,0,0,0,0,0,0,1,0,0,0,0,1,0,0,0,92,entropy,7.0,3,1,sqrt,False,0
analcatdata_draft_984,0,0.972972972972973,0.0886497497558593,0.0050206184387207,0,1,1,0,0,0,0,0,0,0,0,0,0,0,1,0,0,0,0,1,0,0,0,0,0,0,107,entropy,10.0,5,1,log2,True,0
analcatdata_draft_984,0,0.972972972972973,0.0750596523284912,0.0043451786041259,0,1,1,0,0,0,0,0,0,0,0,0,0,0,0,0,0,1,0,1,0,0,0,0,0,0,59,entropy,,2,1,log2,False,0
analcatdata_draft_984,0,0.972972972972973,0.0777719020843505,0.0046401023864746,0,1,0,1,0,0,0,0,0,0,1,0,0,0,0,0,0,0,0,0,0,0,0,0,1,0,16,log_loss,22.0,2,1,sqrt,False,0
analcatdata_draft_984,0,0.972972972972973,0.0783312320709228,0.0047547817230224,0,1,0,0,1,0,0,0,1,0,0,0,0,0,0,0,0,0,0,0,0,0,1,0,0,0,105,log_loss,8.0,5,2,sqrt,False,0
analcatdata_draft_984,0,0.972972972972973,0.0840928554534912,0.0047578811645507,0,1,0,0,1,0,0,0,0,0,0,0,0,0,1,0,0,0,0,0,0,0,1,0,0,0,107,entropy,21.0,2,2,log2,False,0
analcatdata_draft_984,0,0.972972972972973,0.0748844146728515,0.0044019222259521,0,1,0,0,1,0,0,0,0,0,0,0,0,0,0,0,0,1,0,0,0,0,1,0,0,0,126,gini,6.0,2,1,sqrt,False,0
analcatdata_draft_984,0,0.972972972972973,0.0986018180847168,0.0047616958618164,0,1,0,0,1,0,0,0,0,0,0,0,0,0,0,0,1,0,0,0,0,0,1,0,0,0,71,log_loss,,2,1,,False,0
analcatdata_draft_984,0,0.972972972972973,0.0878396034240722,0.0050442218780517,0,1,1,0,0,0,0,0,0,0,0,0,0,0,1,0,0,0,0,0,0,0,0,0,0,1,33,log_loss,,2,2,sqrt,False,0
analcatdata_draft_984,0,0.972972972972973,0.0876548290252685,0.005009651184082,0,1,0,1,0,0,0,0,0,0,0,0,0,0,1,0,0,0,0,1,0,0,0,0,0,0,52,entropy,1.0,2,1,,False,0
analcatdata_draft_984,0,0.972972972972973,0.0760164260864257,0.0044755935668945,0,1,1,0,0,0,0,0,0,0,1,0,0,0,0,0,0,0,0,1,0,0,0,0,0,0,153,entropy,11.0,4,1,,False,0
fri_c0_1000_50_904,0,0.92,0.0997483730316162,0.0063889026641845,1,0,0,1,0,1,0,0,0,0,0,0,0,0,0,0,0,0,0,0,0,0,1,0,0,0,67,gini,,2,1,log2,False,0
fri_c0_1000_50_904,0,0.92,0.1024177074432373,0.0062501430511474,0,1,1,0,0,1,0,0,0,0,0,0,0,0,0,0,0,0,0,0,0,0,1,0,0,0,78,log_loss,17.0,2,1,sqrt,True,0
fri_c0_1000_50_904,3,0.92,0.10561203956604,0.0063931941986083,1,0,0,1,0,1,0,0,0,0,0,0,0,0,0,0,0,0,0,0,1,0,0,0,0,0,84,log_loss,38.0,2,2,log2,False,0
fri_c0_1000_50_904,3,0.92,0.1086900234222412,0.0061309337615966,0,1,0,0,1,1,0,0,0,0,0,0,0,0,0,0,0,0,0,0,0,0,0,0,0,1,69,entropy,,2,1,sqrt,True,0
fri_c0_1000_50_904,3,0.92,0.1076834201812744,0.0060694217681884,0,1,1,0,0,1,0,0,0,0,0,0,0,0,0,0,0,0,0,0,0,0,0,0,0,1,65,entropy,23.0,2,1,log2,False,0
fri_c0_1000_50_904,3,0.92,0.1037006378173828,0.0061619281768798,0,1,0,1,0,1,0,0,0,0,0,0,0,0,0,0,0,0,0,1,0,0,0,0,0,0,56,gini,,2,2,sqrt,False,0
fri_c0_1000_50_904,3,0.92,0.0998566150665283,0.0061123371124267,1,0,1,0,0,1,0,0,0,0,0,0,0,0,0,0,0,0,0,0,0,0,0,0,0,1,170,gini,,3,1,,True,0
fri_c0_1000_50_904,0,0.92,0.1021540164947509,0.0061309337615966,0,1,0,0,1,1,0,0,0,0,0,0,0,0,0,0,0,0,0,0,0,1,0,0,0,0,134,entropy,21.0,4,2,sqrt,False,0
fri_c0_1000_50_904,0,0.92,0.0970416069030761,0.0058796405792236,0,1,0,1,0,1,0,0,0,0,0,0,0,0,0,0,0,0,0,0,0,0,1,0,0,0,162,gini,,6,1,log2,True,0
fri_c0_1000_50_904,3,0.92,0.0982041358947753,0.0057680606842041,0,1,1,0,0,1,0,0,0,0,0,0,0,0,0,0,0,0,0,0,1,0,0,0,0,0,172,entropy,,3,2,,True,0
fri_c0_1000_50_904,3,0.92,0.1056921482086181,0.0061376094818115,1,0,0,1,0,1,0,0,0,0,0,0,0,0,0,0,0,0,0,1,0,0,0,0,0,0,10,log_loss,25.0,4,1,log2,True,0
fri_c0_1000_50_904,3,0.92,0.1031329631805419,0.0061120986938476,0,1,0,0,1,1,0,0,0,0,0,0,0,0,0,0,0,0,0,0,1,0,0,0,0,0,117,gini,10.0,2,2,sqrt,False,0
fri_c0_1000_50_904,3,0.92,0.1002984046936035,0.0059592723846435,0,1,0,0,1,1,0,0,0,0,0,0,0,0,0,0,0,0,0,1,0,0,0,0,0,0,71,gini,13.0,5,1,sqrt,True,0
fri_c0_1000_50_904,3,0.92,0.1085195541381836,0.0066225528717041,0,1,1,0,0,1,0,0,0,0,0,0,0,0,0,0,0,0,0,0,0,0,0,0,1,0,156,log_loss,,5,1,log2,True,0
fri_c0_1000_50_904,3,0.92,0.1059496402740478,0.0061507225036621,0,1,0,1,0,1,0,0,0,0,0,0,0,0,0,0,0,0,0,0,0,0,0,0,0,1,63,gini,,2,1,sqrt,True,0
fri_c0_1000_50_904,3,0.92,0.1123735904693603,0.0067164897918701,1,0,0,0,1,1,0,0,0,0,0,0,0,0,0,0,0,0,0,0,0,0,0,0,0,1,47,gini,31.0,3,1,sqrt,True,0
fri_c0_1000_50_904,3,0.92,0.1076295375823974,0.0066754817962646,1,0,0,0,1,1,0,0,0,0,0,0,0,0,0,0,0,0,0,0,1,0,0,0,0,0,28,entropy,,3,1,sqrt,True,0
fri_c0_1000_50_904,0,0.92,0.0974113941192627,0.0057778358459472,1,0,1,0,0,1,0,0,0,0,0,0,0,0,0,0,0,0,0,0,0,0,1,0,0,0,85,log_loss,26.0,5,1,,False,0
fri_c0_1000_50_904,0,0.92,0.1044113636016845,0.006387710571289,0,1,1,0,0,1,0,0,0,0,0,0,0,0,0,0,0,0,0,0,0,1,0,0,0,0,146,log_loss,25.0,2,1,sqrt,False,0
fri_c0_1000_50_904,0,0.92,0.100656509399414,0.0060305595397949,1,0,1,0,0,1,0,0,0,0,0,0,0,0,0,0,0,0,0,0,0,1,0,0,0,0,113,entropy,5.0,2,3,,False,0
breast-w_15,0,0.9928571428571428,0.1273496150970459,0.0063297748565673,0,1,1,0,0,0,0,0,0,0,0,0,0,0,0,1,0,0,0,0,0,0,0,1,0,0,40,gini,,2,1,sqrt,True,0
breast-w_15,0,0.9928571428571428,0.1397333145141601,0.0066795349121093,0,1,0,0,1,0,0,0,0,0,0,0,0,0,0,1,0,0,0,0,0,0,0,1,0,0,208,log_loss,,4,1,,False,0
breast-w_15,0,0.9928571428571428,0.1378889083862304,0.0065264701843261,0,1,0,1,0,0,0,0,0,0,0,0,0,0,0,1,0,0,0,0,0,0,0,1,0,0,132,entropy,5.0,2,1,sqrt,True,0
breast-w_15,1,0.9857142857142858,0.083686351776123,0.0048220157623291,0,1,0,1,0,0,0,0,0,0,0,0,0,1,0,0,0,0,0,0,0,0,0,0,0,1,139,entropy,19.0,2,1,,True,0
breast-w_15,0,0.9857142857142858,0.1293246746063232,0.0068659782409667,0,1,1,0,0,0,0,0,0,0,0,0,0,0,0,1,0,0,0,0,1,0,0,0,0,0,164,gini,5.0,4,2,sqrt,True,0
breast-w_15,1,0.9857142857142858,0.1039671897888183,0.0057697296142578,0,1,0,1,0,0,0,0,0,0,0,0,0,0,0,0,1,0,0,1,0,0,0,0,0,0,18,gini,31.0,3,1,sqrt,True,0
breast-w_15,0,0.9857142857142858,0.1208729743957519,0.0059578418731689,0,1,0,1,0,0,0,0,0,0,0,0,0,0,0,1,0,0,0,0,0,0,0,0,0,1,54,gini,23.0,2,2,sqrt,False,0
breast-w_15,0,0.9857142857142858,0.1017050743103027,0.0053153038024902,0,1,0,0,1,0,0,0,0,1,0,0,0,0,0,0,0,0,0,0,0,0,0,1,0,0,141,gini,,2,1,sqrt,False,0
breast-w_15,3,0.9857142857142858,0.0909535884857177,0.0059409141540527,0,1,1,0,0,0,0,0,0,0,0,1,0,0,0,0,0,0,0,0,1,0,0,0,0,0,59,gini,,2,1,sqrt,False,0
breast-w_15,1,0.9857142857142858,0.0863738059997558,0.0049655437469482,0,1,0,1,0,0,1,0,0,0,0,0,0,0,0,0,0,0,0,0,0,0,0,0,0,1,86,log_loss,,2,1,,False,0
breast-w_15,1,0.9857142857142858,0.0873348712921142,0.0049684047698974,0,1,1,0,0,0,1,0,0,0,0,0,0,0,0,0,0,0,0,0,0,0,0,0,0,1,96,gini,8.0,3,2,sqrt,False,0
breast-w_15,1,0.9857142857142858,0.1191537380218505,0.0054490566253662,0,1,0,0,1,0,0,0,0,0,0,0,1,0,0,0,0,0,0,0,0,0,1,0,0,0,36,gini,12.0,2,1,log2,False,0
breast-w_15,3,0.9857142857142858,0.0991623401641845,0.0052204132080078,0,1,0,0,1,0,0,0,0,0,0,0,0,0,1,0,0,0,0,0,0,0,1,0,0,0,82,gini,37.0,4,1,,False,0
breast-w_15,0,0.9857142857142858,0.119927167892456,0.0059945583343505,0,1,0,1,0,0,0,0,0,0,0,0,0,0,0,1,0,0,0,0,1,0,0,0,0,0,146,entropy,4.0,2,1,,False,0
breast-w_15,0,0.9857142857142858,0.1262822151184082,0.0051803588867187,0,1,1,0,0,0,0,0,0,1,0,0,0,0,0,0,0,0,0,0,0,0,0,1,0,0,136,log_loss,1.0,2,1,sqrt,False,0
breast-w_15,3,0.9857142857142858,0.081416368484497,0.0046472549438476,0,1,0,1,0,0,0,0,0,0,0,1,0,0,0,0,0,0,0,0,0,0,0,0,0,1,156,log_loss,1.0,3,1,sqrt,True,0
breast-w_15,0,0.9857142857142858,0.1543402671813964,0.0071074962615966,0,1,0,1,0,0,0,0,0,0,0,0,0,0,0,1,0,0,0,1,0,0,0,0,0,0,150,log_loss,24.0,2,1,sqrt,False,0
breast-w_15,0,0.9857142857142858,0.1287050247192382,0.0065925121307373,0,1,1,0,0,0,0,0,0,0,0,0,0,0,0,1,0,0,0,0,0,0,0,0,0,1,120,log_loss,,2,1,sqrt,False,0
breast-w_15,0,0.9857142857142858,0.0898869037628173,0.0050923824310302,0,1,0,1,0,0,0,0,0,0,0,0,0,1,0,0,0,0,0,0,0,0,1,0,0,0,116,log_loss,,2,1,sqrt,False,0
breast-w_15,3,0.9857142857142858,0.0930922031402587,0.0050225257873535,0,1,0,1,0,0,0,0,0,0,0,0,0,0,1,0,0,0,0,0,1,0,0,0,0,0,113,gini,23.0,2,2,sqrt,False,0
autoUniv-au1-1000_1547,3,0.835,0.1905493736267089,0.0063292980194091,1,0,1,0,0,0,0,0,0,0,0,0,0,0,1,0,0,0,0,0,0,0,0,0,0,1,145,gini,,4,1,sqrt,False,0
autoUniv-au1-1000_1547,3,0.835,0.1813898086547851,0.0059869289398193,0,1,0,0,1,0,0,0,0,0,0,0,0,0,1,0,0,0,0,0,0,0,1,0,0,0,52,log_loss,24.0,6,2,log2,True,0
autoUniv-au1-1000_1547,3,0.835,0.1861560344696045,0.0063169002532958,0,1,0,1,0,0,0,0,0,0,0,0,0,0,1,0,0,0,0,0,0,0,0,0,0,1,181,entropy,,2,1,sqrt,False,0
autoUniv-au1-1000_1547,3,0.835,0.1901180744171142,0.0063662528991699,0,1,0,0,1,0,0,0,0,0,0,0,0,0,1,0,0,0,0,0,0,0,0,0,0,1,92,gini,2.0,2,2,sqrt,True,0
autoUniv-au1-1000_1547,3,0.835,0.2200100421905517,0.0070264339447021,1,0,0,0,1,0,0,0,0,0,0,0,0,0,1,0,0,0,0,0,0,0,0,0,0,1,243,gini,,4,1,log2,True,0
autoUniv-au1-1000_1547,3,0.835,0.2064883708953857,0.0066511631011962,1,0,0,1,0,0,0,0,0,0,0,0,0,0,1,0,0,0,0,0,0,0,1,0,0,0,65,entropy,18.0,4,1,sqrt,True,0
autoUniv-au1-1000_1547,3,0.835,0.1812841892242431,0.0060944557189941,0,1,0,1,0,0,0,0,0,0,0,0,0,0,1,0,0,0,0,0,0,0,1,0,0,0,113,entropy,,2,1,sqrt,True,0
autoUniv-au1-1000_1547,3,0.835,0.1953964233398437,0.0064291954040527,1,0,0,0,1,0,0,0,0,0,0,0,0,0,1,0,0,0,0,0,0,0,1,0,0,0,82,entropy,9.0,2,3,log2,False,0
autoUniv-au1-1000_1547,3,0.835,0.1853041648864746,0.0064592361450195,1,0,0,1,0,0,0,0,0,0,0,0,0,0,1,0,0,0,0,0,0,0,0,0,0,1,60,entropy,13.0,4,1,,False,0
autoUniv-au1-1000_1547,3,0.835,0.190784215927124,0.0063493251800537,1,0,1,0,0,0,0,0,0,0,0,0,0,0,1,0,0,0,0,0,0,0,1,0,0,0,153,entropy,,2,1,sqrt,False,0
autoUniv-au1-1000_1547,3,0.835,0.2005534172058105,0.0065155029296875,0,1,1,0,0,0,0,0,0,0,0,0,0,0,1,0,0,0,0,0,0,0,1,0,0,0,45,gini,30.0,3,2,log2,True,0
autoUniv-au1-1000_1547,3,0.835,0.1912488937377929,0.0062084197998046,0,1,1,0,0,0,0,0,0,0,0,0,0,0,1,0,0,0,0,0,0,0,0,0,0,1,66,log_loss,,5,1,log2,False,0
autoUniv-au1-1000_1547,3,0.83,0.1281397342681884,0.0072369575500488,1,0,0,1,0,0,0,0,0,0,0,1,0,0,0,0,0,0,0,0,0,0,0,0,1,0,129,gini,12.0,2,2,sqrt,True,0
autoUniv-au1-1000_1547,3,0.83,0.1223611831665039,0.0065078735351562,1,0,0,1,0,0,0,0,0,0,0,1,0,0,0,0,0,0,0,0,0,0,1,0,0,0,137,gini,36.0,4,1,sqrt,True,0
autoUniv-au1-1000_1547,3,0.83,0.1254553794860839,0.0070216655731201,0,1,0,0,1,0,0,0,0,0,0,1,0,0,0,0,0,0,0,0,0,0,0,0,0,1,30,gini,20.0,2,1,sqrt,True,0
autoUniv-au1-1000_1547,3,0.83,0.1135897636413574,0.0062360763549804,1,0,0,1,0,0,0,0,0,0,0,1,0,0,0,0,0,0,0,1,0,0,0,0,0,0,129,gini,5.0,2,1,log2,False,0
autoUniv-au1-1000_1547,3,0.83,0.1244738101959228,0.0068356990814208,0,1,0,1,0,0,0,0,0,0,0,1,0,0,0,0,0,0,0,0,0,0,0,1,0,0,106,gini,,3,1,log2,False,0
autoUniv-au1-1000_1547,3,0.83,0.1209549903869628,0.0076932907104492,1,0,1,0,0,0,0,0,0,0,0,1,0,0,0,0,0,0,0,0,1,0,0,0,0,0,54,entropy,,2,1,sqrt,True,0
autoUniv-au1-1000_1547,3,0.83,0.1241474151611328,0.0068297386169433,1,0,0,0,1,0,0,0,0,0,0,1,0,0,0,0,0,0,0,0,0,0,0,0,0,1,61,gini,,2,2,log2,False,0
autoUniv-au1-1000_1547,3,0.83,0.1184723377227783,0.0062437057495117,1,0,0,1,0,0,0,0,0,0,0,1,0,0,0,0,0,0,0,0,0,0,0,1,0,0,10,log_loss,4.0,2,2,,True,0
blogger_1463,3,0.95,0.0867745876312255,0.0045220851898193,1,0,0,1,0,0,0,0,0,1,0,0,0,0,0,0,0,0,0,0,1,0,0,0,0,0,186,entropy,16.0,4,2,sqrt,False,0
blogger_1463,3,0.95,0.0807523727416992,0.0045475959777832,1,0,0,1,0,0,1,0,0,0,0,0,0,0,0,0,0,0,0,0,1,0,0,0,0,0,151,gini,,2,1,,True,0
blogger_1463,3,0.95,0.0945556163787841,0.0045444965362548,0,1,0,0,1,0,0,0,0,1,0,0,0,0,0,0,0,0,0,0,0,0,0,1,0,0,36,gini,,3,1,,False,0
blogger_1463,3,0.95,0.0807867050170898,0.0045855045318603,0,1,0,0,1,0,0,0,0,0,0,0,0,1,0,0,0,0,0,0,0,0,0,1,0,0,140,gini,,2,1,,False,0
blogger_1463,1,0.95,0.0826916694641113,0.0045487880706787,1,0,0,1,0,0,0,0,0,0,0,1,0,0,0,0,0,0,0,0,1,0,0,0,0,0,71,gini,,2,2,,False,0
blogger_1463,3,0.95,0.0815169811248779,0.0046210289001464,1,0,0,1,0,0,0,0,0,0,0,0,0,1,0,0,0,0,0,0,1,0,0,0,0,0,146,gini,,3,1,sqrt,True,0
blogger_1463,3,0.95,0.080782413482666,0.004580020904541,1,0,0,1,0,0,0,0,0,0,0,1,0,0,0,0,0,0,0,0,1,0,0,0,0,0,75,gini,28.0,3,1,sqrt,False,0
blogger_1463,4,0.95,0.0837948322296142,0.0044379234313964,1,0,0,1,0,0,0,0,0,0,0,0,0,0,0,0,0,0,1,0,1,0,0,0,0,0,82,gini,1.0,2,1,,False,0
blogger_1463,3,0.95,0.1177716255187988,0.0048894882202148,1,0,0,1,0,0,0,0,0,0,0,0,1,0,0,0,0,0,0,0,1,0,0,0,0,0,86,gini,5.0,3,1,sqrt,False,0
blogger_1463,3,0.95,0.0799164772033691,0.00453782081604,1,0,0,1,0,0,0,0,0,0,0,0,0,0,0,0,0,0,1,0,1,0,0,0,0,0,67,gini,15.0,2,1,sqrt,True,0
blogger_1463,3,0.95,0.0806949138641357,0.0045840740203857,0,1,0,0,1,0,0,0,0,0,0,0,0,0,1,0,0,0,0,0,0,0,0,1,0,0,170,log_loss,15.0,4,2,sqrt,True,0
blogger_1463,1,0.95,0.0796990394592285,0.0046138763427734,1,0,0,1,0,0,0,0,0,0,0,0,0,0,0,0,0,0,1,0,1,0,0,0,0,0,145,gini,14.0,5,1,log2,True,0
blogger_1463,3,0.95,0.0801165103912353,0.0045826435089111,0,1,0,0,1,0,1,0,0,0,0,0,0,0,0,0,0,0,0,0,0,0,0,1,0,0,105,entropy,12.0,4,1,sqrt,True,0
blogger_1463,3,0.95,0.2212727069854736,0.0050656795501708,1,0,0,1,0,0,0,0,0,0,0,0,0,0,0,1,0,0,0,0,1,0,0,0,0,0,151,gini,,2,1,sqrt,True,0
blogger_1463,3,0.95,0.0792062282562255,0.0044260025024414,0,1,0,0,1,0,0,0,0,0,0,0,0,0,0,0,0,0,1,0,0,0,0,1,0,0,19,gini,,2,3,,True,0
blogger_1463,4,0.95,0.0810809135437011,0.0045976638793945,1,0,0,1,0,0,1,0,0,0,0,0,0,0,0,0,0,0,0,0,1,0,0,0,0,0,39,entropy,26.0,5,1,sqrt,False,0
blogger_1463,3,0.95,0.2381713390350341,0.0049452781677246,1,0,0,0,1,0,0,0,0,0,0,0,0,0,0,1,0,0,0,0,0,0,0,1,0,0,124,gini,10.0,5,1,log2,False,0
blogger_1463,1,0.95,0.1168994903564453,0.0045430660247802,0,1,0,1,0,0,0,0,0,0,0,0,1,0,0,0,0,0,0,0,0,0,1,0,0,0,137,gini,39.0,6,2,sqrt,False,0
blogger_1463,3,0.95,0.1030597686767578,0.0048613548278808,0,1,0,1,0,0,0,0,0,0,0,0,1,0,0,0,0,0,0,0,0,0,1,0,0,0,114,entropy,35.0,2,1,sqrt,False,0
blogger_1463,3,0.95,0.085484504699707,0.0045535564422607,1,0,0,0,1,0,0,0,0,0,0,0,0,0,0,0,1,0,0,0,1,0,0,0,0,0,10,gini,,2,2,sqrt,False,0
analcatdata_reviewer_1008,0,0.6973684210526315,0.0744118690490722,0.0044405460357666,0,1,0,0,1,0,0,1,0,0,0,0,0,0,0,0,0,0,0,0,1,0,0,0,0,0,47,gini,21.0,2,1,log2,False,0
analcatdata_reviewer_1008,0,0.6973684210526315,0.0753400325775146,0.004549503326416,0,1,0,0,1,0,0,1,0,0,0,0,0,0,0,0,0,0,0,1,0,0,0,0,0,0,121,gini,35.0,3,1,,False,0
analcatdata_reviewer_1008,4,0.6933333333333334,0.0812685489654541,0.0049226284027099,0,1,0,1,0,0,0,0,0,0,0,0,0,0,0,0,0,0,1,0,0,0,0,0,0,1,221,gini,12.0,2,1,log2,False,0
analcatdata_reviewer_1008,4,0.6933333333333334,0.0813965797424316,0.0047297477722167,1,0,0,1,0,0,0,0,0,0,0,0,0,0,0,0,0,0,1,0,0,0,0,0,0,1,161,gini,7.0,2,1,sqrt,False,0
analcatdata_reviewer_1008,4,0.6933333333333334,0.0798826217651367,0.0049996376037597,0,1,0,1,0,0,0,0,0,0,0,0,0,0,0,0,0,0,1,0,0,0,1,0,0,0,179,log_loss,10.0,5,1,,False,0
analcatdata_reviewer_1008,4,0.6933333333333334,0.0804054737091064,0.0048120021820068,1,0,0,1,0,0,0,0,0,0,0,0,0,0,0,0,0,0,1,0,0,0,1,0,0,0,117,entropy,,2,1,sqrt,True,0
analcatdata_reviewer_1008,0,0.6842105263157895,0.1155221462249755,0.0049035549163818,0,1,0,1,0,0,0,0,0,0,0,0,0,0,0,0,1,0,0,0,0,0,0,1,0,0,117,entropy,,2,1,sqrt,False,0
analcatdata_reviewer_1008,3,0.6842105263157895,0.0798273086547851,0.0047395229339599,0,1,0,0,1,0,0,0,0,0,0,0,0,0,0,0,0,0,1,1,0,0,0,0,0,0,48,entropy,18.0,2,2,,True,0
analcatdata_reviewer_1008,0,0.6842105263157895,0.1153264045715332,0.004756212234497,1,0,0,1,0,0,0,0,0,0,0,0,0,0,0,0,1,0,0,0,1,0,0,0,0,0,148,log_loss,17.0,2,2,sqrt,False,0
analcatdata_reviewer_1008,0,0.6842105263157895,0.1151566505432128,0.0048696994781494,0,1,0,1,0,0,0,0,0,0,0,0,0,0,0,0,1,0,0,0,1,0,0,0,0,0,96,entropy,,8,1,log2,False,0
analcatdata_reviewer_1008,0,0.6842105263157895,0.0793471336364746,0.0048263072967529,0,1,0,0,1,0,0,1,0,0,0,0,0,0,0,0,0,0,0,0,0,1,0,0,0,0,135,log_loss,16.0,2,1,sqrt,False,0
analcatdata_reviewer_1008,0,0.6842105263157895,0.1148104667663574,0.0047848224639892,0,1,0,1,0,0,0,0,0,0,0,0,0,0,0,0,1,0,0,1,0,0,0,0,0,0,102,gini,32.0,2,2,sqrt,False,0
analcatdata_reviewer_1008,3,0.6842105263157895,0.0844666957855224,0.0052206516265869,0,1,0,0,1,0,0,0,0,0,0,0,0,0,0,0,0,0,1,0,1,0,0,0,0,0,114,gini,,7,2,log2,False,0
analcatdata_reviewer_1008,0,0.6842105263157895,0.1141064167022705,1.8567852973937988,1,0,0,1,0,0,0,0,0,0,0,0,0,0,0,0,1,0,0,0,0,0,0,1,0,0,96,log_loss,,2,2,sqrt,False,0
analcatdata_reviewer_1008,0,0.6842105263157895,0.1345326900482177,0.0048441886901855,1,0,0,1,0,0,0,0,0,0,0,0,0,0,0,0,1,0,0,1,0,0,0,0,0,0,111,log_loss,,3,1,sqrt,False,0
analcatdata_reviewer_1008,4,0.68,0.0710268020629882,0.0040786266326904,0,1,0,1,0,0,0,0,1,0,0,0,0,0,0,0,0,0,0,1,0,0,0,0,0,0,150,gini,,6,3,sqrt,False,0
analcatdata_reviewer_1008,4,0.68,0.0709331035614013,0.0045945644378662,0,1,0,1,0,0,0,0,1,0,0,0,0,0,0,0,0,0,0,0,0,0,0,1,0,0,37,entropy,,2,1,sqrt,False,0
analcatdata_reviewer_1008,4,0.68,0.0737502574920654,0.0043311119079589,0,1,0,1,0,0,0,0,1,0,0,0,0,0,0,0,0,0,0,0,0,0,1,0,0,0,25,entropy,,2,1,,False,0
analcatdata_reviewer_1008,4,0.68,0.0714645385742187,0.0042083263397216,1,0,0,1,0,0,0,0,1,0,0,0,0,0,0,0,0,0,0,0,0,0,0,0,0,1,121,gini,,2,1,,False,0
analcatdata_reviewer_1008,4,0.68,0.0725798606872558,0.0043139457702636,0,1,0,1,0,0,0,0,1,0,0,0,0,0,0,0,0,0,0,0,0,1,0,0,0,0,172,log_loss,9.0,2,3,log2,True,0
chscase_whale_939,2,1.0,0.0738673210144043,0.0042433738708496,0,1,1,0,0,0,0,0,1,0,0,0,0,0,0,0,0,0,0,0,1,0,0,0,0,0,185,entropy,17.0,5,1,sqrt,True,0
chscase_whale_939,2,1.0,0.0693066120147705,0.0040819644927978,0,1,0,0,1,0,0,1,0,0,0,0,0,0,0,0,0,0,0,0,0,0,0,1,0,0,39,entropy,21.0,2,1,sqrt,False,0
chscase_whale_939,3,1.0,0.0694830417633056,0.004016637802124,0,1,0,0,1,0,0,1,0,0,0,0,0,0,0,0,0,0,0,0,0,0,0,1,0,0,80,gini,22.0,2,1,log2,False,0
chscase_whale_939,1,1.0,0.0706152915954589,0.0040194988250732,0,1,0,0,1,1,0,0,0,0,0,0,0,0,0,0,0,0,0,0,0,0,0,1,0,0,26,gini,33.0,2,1,sqrt,False,0
chscase_whale_939,2,1.0,0.0689702033996582,0.003861665725708,0,1,0,0,1,1,0,0,0,0,0,0,0,0,0,0,0,0,0,0,0,0,0,1,0,0,72,gini,30.0,4,1,sqrt,False,0
chscase_whale_939,3,1.0,0.0677499771118164,0.0039231777191162,0,1,0,0,1,1,0,0,0,0,0,0,0,0,0,0,0,0,0,0,0,0,0,1,0,0,156,gini,7.0,2,1,,True,0
chscase_whale_939,1,1.0,0.086604356765747,0.0047225952148437,0,1,0,0,1,0,0,0,0,0,0,0,0,0,0,1,0,0,0,0,0,0,0,1,0,0,99,gini,,2,1,sqrt,False,0
chscase_whale_939,1,1.0,0.0738778114318847,0.0042433738708496,0,1,0,1,0,0,0,0,0,0,0,0,0,0,0,0,0,1,0,0,0,0,1,0,0,0,81,log_loss,11.0,3,1,log2,True,0
chscase_whale_939,2,1.0,0.0741162300109863,0.0041790008544921,0,1,0,1,0,0,0,0,0,0,0,0,0,0,0,0,0,1,0,0,0,0,1,0,0,0,127,entropy,14.0,4,1,sqrt,False,0
chscase_whale_939,3,1.0,0.0741558074951171,0.0041418075561523,0,1,0,1,0,0,0,0,0,0,0,0,0,0,0,0,0,1,0,0,0,0,1,0,0,0,60,gini,,2,1,,False,0
chscase_whale_939,1,1.0,0.0742197036743164,0.0041956901550292,0,1,0,1,0,0,0,0,1,0,0,0,0,0,0,0,0,0,0,0,0,0,1,0,0,0,180,gini,,2,1,sqrt,False,0
chscase_whale_939,2,1.0,0.0746181011199951,0.0042035579681396,0,1,0,1,0,0,0,0,1,0,0,0,0,0,0,0,0,0,0,0,0,0,1,0,0,0,100,entropy,15.0,4,2,,False,0
chscase_whale_939,2,1.0,0.0790705680847168,0.0046441555023193,0,1,0,1,0,0,1,0,0,0,0,0,0,0,0,0,0,0,0,0,0,0,1,0,0,0,80,gini,,2,1,sqrt,True,0
chscase_whale_939,3,1.0,0.0778777599334716,0.0044302940368652,0,1,0,1,0,0,1,0,0,0,0,0,0,0,0,0,0,0,0,0,0,0,1,0,0,0,129,log_loss,,5,1,,False,0
chscase_whale_939,3,1.0,1.3898866176605225,0.0050063133239746,0,1,0,1,0,0,0,0,0,0,0,0,1,0,0,0,0,0,0,0,0,0,1,0,0,0,147,log_loss,12.0,2,3,sqrt,True,0
chscase_whale_939,3,1.0,0.0743460655212402,0.0042786598205566,0,1,0,1,0,0,0,0,1,0,0,0,0,0,0,0,0,0,0,0,0,0,1,0,0,0,180,log_loss,18.0,2,1,log2,False,0
chscase_whale_939,1,1.0,0.0800864696502685,0.0043616294860839,0,1,0,1,0,0,0,0,0,0,0,0,0,0,1,0,0,0,0,0,0,0,1,0,0,0,90,gini,29.0,2,1,,True,0
chscase_whale_939,2,1.0,0.0788946151733398,0.0044655799865722,0,1,0,1,0,0,0,0,0,0,0,0,0,0,1,0,0,0,0,0,0,0,1,0,0,0,154,log_loss,1.0,2,1,sqrt,False,0
chscase_whale_939,3,1.0,0.079324722290039,0.0043518543243408,0,1,0,1,0,0,0,0,0,0,0,0,0,0,1,0,0,0,0,0,0,0,1,0,0,0,105,gini,8.0,2,1,sqrt,True,0
chscase_whale_939,1,1.0,0.0747363567352294,0.0042698383331298,0,1,0,1,0,1,0,0,0,0,0,0,0,0,0,0,0,0,0,0,0,0,1,0,0,0,69,entropy,,2,2,,False,0
Smartphone-Based_Recognition_of_Human_Activities_4153,0,1.0,0.109166145324707,0.0063519477844238,1,0,0,1,0,0,0,0,0,0,0,0,0,0,1,0,0,0,0,1,0,0,0,0,0,0,61,gini,18.0,2,2,sqrt,False,0
Smartphone-Based_Recognition_of_Human_Activities_4153,0,1.0,0.0786397457122802,0.0062675476074218,0,1,0,0,1,1,0,0,0,0,0,0,0,0,0,0,0,0,0,0,1,0,0,0,0,0,45,entropy,26.0,3,2,log2,False,0
Smartphone-Based_Recognition_of_Human_Activities_4153,3,1.0,0.0870354175567627,0.0064544677734375,0,1,0,0,1,1,0,0,0,0,0,0,0,0,0,0,0,0,0,0,1,0,0,0,0,0,63,gini,24.0,2,2,sqrt,True,0
Smartphone-Based_Recognition_of_Human_Activities_4153,3,1.0,0.101252794265747,0.0063288211822509,0,1,0,0,1,0,0,0,0,0,0,0,1,0,0,0,0,0,0,0,0,0,0,1,0,0,156,gini,,2,2,log2,False,0
Smartphone-Based_Recognition_of_Human_Activities_4153,0,1.0,0.0817213058471679,0.0060677528381347,1,0,0,1,0,0,0,0,0,0,0,1,0,0,0,0,0,0,0,0,0,0,0,0,1,0,135,gini,18.0,3,1,sqrt,False,0
Smartphone-Based_Recognition_of_Human_Activities_4153,3,1.0,0.0931854248046875,0.006258487701416,1,0,0,1,0,0,0,0,0,0,1,0,0,0,0,0,0,0,0,0,0,0,0,0,1,0,38,gini,18.0,2,1,log2,True,0
Smartphone-Based_Recognition_of_Human_Activities_4153,0,1.0,0.1034553050994873,0.0060310363769531,1,0,0,1,0,0,0,0,0,0,0,0,0,0,1,0,0,0,0,0,0,0,0,0,1,0,13,entropy,1.0,2,1,sqrt,True,0
Smartphone-Based_Recognition_of_Human_Activities_4153,0,1.0,0.1089508533477783,0.0064070224761962,0,1,0,0,1,0,0,0,0,0,0,0,0,0,1,0,0,0,0,0,1,0,0,0,0,0,44,log_loss,13.0,4,1,sqrt,True,0
Smartphone-Based_Recognition_of_Human_Activities_4153,1,1.0,0.1125245094299316,0.0062370300292968,1,0,0,1,0,0,0,0,0,0,0,0,0,0,1,0,0,0,0,0,0,0,0,0,1,0,61,log_loss,,6,1,sqrt,False,0
Smartphone-Based_Recognition_of_Human_Activities_4153,3,1.0,0.0780043601989746,0.006127119064331,1,0,0,1,0,0,0,0,0,0,1,0,0,0,0,0,0,0,0,1,0,0,0,0,0,0,85,gini,20.0,3,1,log2,False,0
Smartphone-Based_Recognition_of_Human_Activities_4153,3,1.0,0.0758495330810546,0.0059244632720947,1,0,0,1,0,1,0,0,0,0,0,0,0,0,0,0,0,0,0,0,0,0,0,0,0,1,159,gini,6.0,2,1,sqrt,False,0
Smartphone-Based_Recognition_of_Human_Activities_4153,3,1.0,0.1232731342315673,0.0066032409667968,1,0,0,1,0,0,0,0,0,0,0,0,1,0,0,0,0,0,0,0,0,1,0,0,0,0,73,gini,2.0,2,1,sqrt,False,0
Smartphone-Based_Recognition_of_Human_Activities_4153,3,1.0,0.0778777599334716,0.0062136650085449,0,1,1,0,0,1,0,0,0,0,0,0,0,0,0,0,0,0,0,0,0,0,0,0,1,0,184,gini,13.0,4,1,log2,False,0
Smartphone-Based_Recognition_of_Human_Activities_4153,1,1.0,0.0778391361236572,0.006117820739746,0,1,1,0,0,0,0,0,0,0,1,0,0,0,0,0,0,0,0,0,0,0,0,0,1,0,16,log_loss,,4,1,sqrt,False,0
Smartphone-Based_Recognition_of_Human_Activities_4153,3,1.0,0.0799562931060791,0.0060722827911376,0,1,1,0,0,0,0,0,0,0,1,0,0,0,0,0,0,0,0,0,0,0,0,0,1,0,83,gini,,2,2,,False,0
Smartphone-Based_Recognition_of_Human_Activities_4153,0,1.0,0.0823783874511718,0.0060982704162597,0,1,1,0,0,1,0,0,0,0,0,0,0,0,0,0,0,0,0,0,0,0,0,0,1,0,139,log_loss,27.0,4,1,log2,True,0
Smartphone-Based_Recognition_of_Human_Activities_4153,3,1.0,0.0899312496185302,0.0061750411987304,1,0,1,0,0,0,0,0,0,0,0,0,1,0,0,0,0,0,0,1,0,0,0,0,0,0,142,entropy,31.0,2,1,log2,True,0
Smartphone-Based_Recognition_of_Human_Activities_4153,0,1.0,0.0804207324981689,0.0061168670654296,0,1,1,0,0,0,0,0,0,0,1,0,0,0,0,0,0,0,0,0,0,0,1,0,0,0,83,entropy,,2,2,sqrt,True,0
Smartphone-Based_Recognition_of_Human_Activities_4153,0,1.0,0.0785968303680419,0.0061671733856201,0,1,1,0,0,0,0,0,0,0,1,0,0,0,0,0,0,0,0,0,0,0,0,0,1,0,150,log_loss,,2,2,log2,False,0
Smartphone-Based_Recognition_of_Human_Activities_4153,0,1.0,0.0828168392181396,0.0062315464019775,0,1,1,0,0,0,0,0,0,0,0,1,0,0,0,0,0,0,0,0,0,0,0,1,0,0,141,gini,20.0,4,1,sqrt,False,0
bodyfat_778,1,1.0,0.0757665634155273,0.0045199394226074,0,1,0,0,1,0,0,0,0,0,1,0,0,0,0,0,0,0,0,0,0,0,0,1,0,0,66,gini,17.0,3,1,,True,0
bodyfat_778,1,1.0,0.0752179622650146,0.0044798851013183,1,0,1,0,0,0,0,0,1,0,0,0,0,0,0,0,0,0,0,0,1,0,0,0,0,0,116,log_loss,6.0,3,2,sqrt,True,0
bodyfat_778,4,1.0,0.0775866508483886,0.0047760009765625,1,0,0,1,0,0,0,0,0,0,0,0,0,0,0,0,0,1,0,0,0,0,0,0,1,0,135,entropy,8.0,3,1,sqrt,False,0
bodyfat_778,0,1.0,0.0763700008392334,0.0046348571777343,1,0,0,1,0,0,0,0,1,0,0,0,0,0,0,0,0,0,0,0,0,0,0,0,1,0,69,gini,20.0,3,2,sqrt,False,0
bodyfat_778,1,1.0,0.0764822959899902,0.0046854019165039,1,0,0,1,0,0,0,0,1,0,0,0,0,0,0,0,0,0,0,0,0,0,0,0,1,0,185,gini,,2,1,,True,0
bodyfat_778,3,1.0,0.0832071304321289,0.0046062469482421,1,0,0,1,0,0,0,0,1,0,0,0,0,0,0,0,0,0,0,0,0,0,0,0,1,0,58,log_loss,12.0,3,1,,True,0
bodyfat_778,1,1.0,0.0748560428619384,0.0045447349548339,1,0,0,1,0,0,0,0,0,0,0,0,0,0,0,0,0,1,0,1,0,0,0,0,0,0,107,gini,,2,2,sqrt,True,0
bodyfat_778,1,1.0,0.0783958435058593,0.0046768188476562,1,0,0,1,0,1,0,0,0,0,0,0,0,0,0,0,0,0,0,0,0,0,0,0,1,0,38,log_loss,22.0,3,1,,False,0
bodyfat_778,3,1.0,0.0780224800109863,0.0047223567962646,1,0,0,1,0,1,0,0,0,0,0,0,0,0,0,0,0,0,0,0,0,0,0,0,1,0,105,gini,13.0,4,1,sqrt,True,0
bodyfat_778,4,1.0,0.0785841941833496,0.0047581195831298,1,0,0,1,0,1,0,0,0,0,0,0,0,0,0,0,0,0,0,0,0,0,0,0,1,0,47,entropy,12.0,3,1,log2,False,0
bodyfat_778,1,1.0,0.0807125568389892,0.0045878887176513,1,0,0,1,0,0,0,0,0,0,1,0,0,0,0,0,0,0,0,0,0,0,0,0,1,0,85,entropy,7.0,4,1,log2,False,0
bodyfat_778,2,1.0,0.0800464153289794,0.0048861503601074,1,0,0,1,0,0,0,0,0,0,1,0,0,0,0,0,0,0,0,0,0,0,0,0,1,0,21,entropy,7.0,3,1,,True,0
bodyfat_778,3,1.0,0.0830903053283691,0.004725694656372,1,0,0,1,0,0,0,0,0,0,1,0,0,0,0,0,0,0,0,0,0,0,0,0,1,0,140,gini,42.0,4,1,sqrt,True,0
bodyfat_778,1,1.0,0.0774290561676025,0.0066747665405273,1,0,0,1,0,0,0,0,0,0,1,0,0,0,0,0,0,0,0,1,0,0,0,0,0,0,118,log_loss,,2,1,sqrt,True,0
bodyfat_778,1,1.0,0.0728201866149902,0.0044293403625488,1,0,0,1,0,1,0,0,0,0,0,0,0,0,0,0,0,0,0,1,0,0,0,0,0,0,154,entropy,29.0,4,1,log2,False,0
bodyfat_778,3,1.0,0.0735969543457031,0.004448652267456,1,0,0,1,0,0,0,0,1,0,0,0,0,0,0,0,0,0,0,1,0,0,0,0,0,0,83,log_loss,,6,1,sqrt,False,0
bodyfat_778,1,1.0,0.0791239738464355,0.0046977996826171,1,0,0,1,0,0,0,0,0,0,0,0,0,0,0,0,0,0,1,1,0,0,0,0,0,0,157,gini,13.0,2,1,sqrt,True,0
bodyfat_778,4,1.0,0.0764801502227783,0.0045065879821777,0,1,0,0,1,1,0,0,0,0,0,0,0,0,0,0,0,0,0,0,1,0,0,0,0,0,102,gini,,2,1,log2,True,0
bodyfat_778,0,1.0,0.0769386291503906,0.0046234130859375,0,1,0,0,1,0,0,0,0,0,1,0,0,0,0,0,0,0,0,0,1,0,0,0,0,0,106,gini,,5,1,log2,False,0
bodyfat_778,1,1.0,0.0770237445831298,0.0047745704650878,0,1,0,0,1,0,0,0,0,0,1,0,0,0,0,0,0,0,0,0,1,0,0,0,0,0,206,gini,1.0,2,3,sqrt,False,0
KnuggetChase3_1448,4,0.9473684210526316,0.1208720207214355,0.0066621303558349,1,0,0,1,0,0,0,0,0,0,0,0,0,0,0,1,0,0,0,0,0,0,0,0,0,1,115,gini,,2,1,sqrt,False,0
KnuggetChase3_1448,4,0.9473684210526316,0.1207351684570312,0.0064270496368408,1,0,0,0,1,0,0,0,0,0,0,0,0,0,0,1,0,0,0,0,0,0,0,0,0,1,143,entropy,5.0,2,1,,True,0
KnuggetChase3_1448,4,0.9473684210526316,0.1234872341156005,0.0066685676574707,0,1,0,1,0,0,0,0,0,0,0,0,0,0,0,1,0,0,0,0,1,0,0,0,0,0,64,log_loss,19.0,2,1,log2,False,0
KnuggetChase3_1448,4,0.9473684210526316,0.1254231929779052,0.0075376033782958,1,0,0,0,1,0,0,0,0,0,0,0,0,0,0,1,0,0,0,0,1,0,0,0,0,0,115,entropy,,2,3,log2,False,0
KnuggetChase3_1448,4,0.9473684210526316,0.12353515625,0.0067002773284912,0,1,0,1,0,0,0,0,0,0,0,0,0,0,0,1,0,0,0,0,0,0,0,0,1,0,72,gini,,2,1,log2,False,0
KnuggetChase3_1448,4,0.9473684210526316,0.1233301162719726,0.0067112445831298,1,0,1,0,0,0,0,0,0,0,0,0,0,0,0,1,0,0,0,0,1,0,0,0,0,0,200,gini,12.0,3,1,,True,0
KnuggetChase3_1448,4,0.9473684210526316,0.1218464374542236,0.0066423416137695,0,1,0,1,0,0,0,0,0,0,0,0,0,0,0,1,0,0,0,0,0,0,0,0,0,1,34,log_loss,14.0,4,1,sqrt,False,0
KnuggetChase3_1448,4,0.9473684210526316,0.1221091747283935,0.0065243244171142,0,1,0,0,1,0,0,0,0,0,0,0,0,0,0,1,0,0,0,1,0,0,0,0,0,0,158,entropy,17.0,3,1,sqrt,True,0
KnuggetChase3_1448,4,0.9473684210526316,0.122887372970581,0.0067582130432128,0,1,0,1,0,0,0,0,0,0,0,0,0,0,0,1,0,0,0,1,0,0,0,0,0,0,16,entropy,,2,1,sqrt,False,0
KnuggetChase3_1448,4,0.9473684210526316,0.1215958595275878,0.0066578388214111,1,0,1,0,0,0,0,0,0,0,0,0,0,0,0,1,0,0,0,0,0,0,0,0,0,1,190,gini,8.0,3,1,sqrt,False,0
KnuggetChase3_1448,4,0.9473684210526316,0.1162860393524169,0.0065159797668457,0,1,0,0,1,0,0,0,0,0,0,0,0,0,0,1,0,0,0,0,0,0,0,0,1,0,43,entropy,26.0,2,2,sqrt,False,0
KnuggetChase3_1448,4,0.9473684210526316,0.1212954521179199,0.0065548419952392,0,1,1,0,0,0,0,0,0,0,0,0,0,0,0,1,0,0,0,1,0,0,0,0,0,0,109,gini,10.0,3,2,sqrt,False,0
KnuggetChase3_1448,4,0.9473684210526316,0.1216750144958496,0.0066835880279541,1,0,1,0,0,0,0,0,0,0,0,0,0,0,0,1,0,0,0,1,0,0,0,0,0,0,19,gini,,4,1,,True,0
KnuggetChase3_1448,4,0.9473684210526316,0.1274430751800537,0.0066883563995361,0,1,1,0,0,0,0,0,0,0,0,0,0,0,0,1,0,0,0,0,0,0,0,0,0,1,33,log_loss,21.0,3,2,,False,0
KnuggetChase3_1448,4,0.9473684210526316,0.1238496303558349,0.0066568851470947,0,1,0,0,1,0,0,0,0,0,0,0,0,0,0,1,0,0,0,0,0,0,0,0,0,1,145,gini,,5,1,sqrt,True,0
KnuggetChase3_1448,4,0.9473684210526316,0.1233251094818115,0.006737470626831,1,0,0,1,0,0,0,0,0,0,0,0,0,0,0,1,0,0,0,1,0,0,0,0,0,0,151,gini,,2,1,sqrt,False,0
KnuggetChase3_1448,4,0.9473684210526316,0.118492841720581,0.0070326328277587,0,1,0,0,1,0,0,0,0,0,0,0,0,0,0,1,0,0,0,0,1,0,0,0,0,0,112,log_loss,20.0,2,1,sqrt,True,0
KnuggetChase3_1448,4,0.9473684210526316,0.1222412586212158,0.0067451000213623,0,1,1,0,0,0,0,0,0,0,0,0,0,0,0,1,0,0,0,0,0,0,0,0,1,0,137,gini,,2,1,sqrt,True,0
KnuggetChase3_1448,4,0.9473684210526316,0.1225061416625976,0.0066585540771484,1,0,0,0,1,0,0,0,0,0,0,0,0,0,0,1,0,0,0,0,0,0,0,0,1,0,152,entropy,14.0,2,2,,False,0
KnuggetChase3_1448,4,0.9473684210526316,0.1215407848358154,0.0066015720367431,1,0,0,0,1,0,0,0,0,0,0,0,0,0,0,1,0,0,0,1,0,0,0,0,0,0,66,entropy,6.0,2,3,sqrt,True,0
analcatdata_wildcat_748,1,0.9090909090909092,0.0748434066772461,0.0042200088500976,0,1,0,1,0,1,0,0,0,0,0,0,0,0,0,0,0,0,0,0,0,1,0,0,0,0,30,log_loss,28.0,2,1,,True,0
analcatdata_wildcat_748,1,0.9090909090909092,0.0768852233886718,0.0045311450958251,0,1,0,1,0,0,0,0,0,0,1,0,0,0,0,0,0,0,0,0,0,1,0,0,0,0,99,log_loss,,2,1,sqrt,True,0
analcatdata_wildcat_748,1,0.9090909090909092,0.0768709182739257,0.0044572353363037,1,0,0,1,0,0,0,0,0,0,1,0,0,0,0,0,0,0,0,0,0,1,0,0,0,0,71,entropy,,3,2,sqrt,False,0
analcatdata_wildcat_748,1,0.9090909090909092,0.0758187770843505,0.0052707195281982,0,1,1,0,0,0,0,0,0,0,1,0,0,0,0,0,0,0,0,0,0,1,0,0,0,0,119,gini,,2,1,,True,0
analcatdata_wildcat_748,1,0.9090909090909092,0.0773758888244628,0.0045008659362792,1,0,0,0,1,0,0,0,0,0,1,0,0,0,0,0,0,0,0,0,0,1,0,0,0,0,127,gini,8.0,2,1,sqrt,False,0
analcatdata_wildcat_748,1,0.9090909090909092,0.0763773918151855,0.0043201446533203,1,0,1,0,0,0,0,0,0,0,1,0,0,0,0,0,0,0,0,0,0,1,0,0,0,0,66,log_loss,6.0,4,1,sqrt,False,0
analcatdata_wildcat_748,1,0.9090909090909092,0.0723757743835449,0.004152774810791,1,0,1,0,0,1,0,0,0,0,0,0,0,0,0,0,0,0,0,0,0,1,0,0,0,0,135,gini,,2,1,sqrt,False,0
analcatdata_wildcat_748,1,0.9090909090909092,0.0759527683258056,0.0043392181396484,0,1,0,0,1,0,0,0,0,0,1,0,0,0,0,0,0,0,0,0,0,1,0,0,0,0,133,log_loss,8.0,3,1,log2,True,0
analcatdata_wildcat_748,1,0.9090909090909092,0.0742583274841308,0.0041983127593994,0,1,0,0,1,1,0,0,0,0,0,0,0,0,0,0,0,0,0,0,0,1,0,0,0,0,136,gini,6.0,2,1,sqrt,False,0
analcatdata_wildcat_748,1,0.9090909090909092,0.0753719806671142,0.0043482780456542,0,1,1,0,0,1,0,0,0,0,0,0,0,0,0,0,0,0,0,0,0,1,0,0,0,0,80,gini,,2,1,,False,0
analcatdata_wildcat_748,1,0.9090909090909092,0.0759890079498291,0.0045549869537353,1,0,0,1,0,1,0,0,0,0,0,0,0,0,0,0,0,0,0,0,0,1,0,0,0,0,139,gini,14.0,5,1,,False,0
analcatdata_wildcat_748,1,0.9090909090909092,0.0769500732421875,0.0046005249023437,1,0,0,0,1,1,0,0,0,0,0,0,0,0,0,0,0,0,0,0,0,1,0,0,0,0,126,gini,28.0,2,1,,False,0
analcatdata_wildcat_748,0,0.8787878787878788,0.0766637325286865,0.0043036937713623,0,1,1,0,0,0,0,0,0,0,0,0,0,1,0,0,0,0,0,0,0,0,0,0,0,1,132,log_loss,6.0,3,1,sqrt,True,0
analcatdata_wildcat_748,0,0.8787878787878788,0.0779581069946289,0.0044467449188232,1,0,1,0,0,0,0,0,0,0,0,0,0,1,0,0,0,0,0,0,0,0,0,0,0,1,184,log_loss,1.0,2,1,,False,0
analcatdata_wildcat_748,0,0.8787878787878788,0.0799500942230224,0.0045957565307617,0,1,1,0,0,0,0,0,0,0,0,0,0,0,1,0,0,0,0,0,0,1,0,0,0,0,116,entropy,,2,1,log2,True,0
analcatdata_wildcat_748,0,0.8787878787878788,0.0837974548339843,0.0043516159057617,0,1,0,1,0,0,0,0,0,0,0,0,0,0,0,0,1,0,0,0,0,0,0,0,1,0,70,entropy,34.0,2,1,sqrt,True,0
analcatdata_wildcat_748,1,0.8787878787878788,0.1169941425323486,0.0049164295196533,1,0,1,0,0,0,0,0,0,0,0,0,0,0,0,1,0,0,0,0,0,1,0,0,0,0,44,entropy,20.0,3,1,sqrt,True,0
analcatdata_wildcat_748,0,0.8787878787878788,0.0773761272430419,0.0045034885406494,1,0,0,0,1,0,0,0,0,0,0,0,0,1,0,0,0,0,0,0,0,0,0,0,0,1,156,log_loss,,2,2,log2,False,0
analcatdata_wildcat_748,0,0.8787878787878788,0.0845613479614257,0.0050578117370605,0,1,0,0,1,0,0,0,0,0,0,0,0,1,0,0,0,0,0,0,0,0,0,0,0,1,118,log_loss,18.0,2,1,log2,False,0
analcatdata_wildcat_748,0,0.8787878787878788,0.0801520347595214,0.0044703483581542,1,0,0,0,1,0,0,0,0,0,0,0,0,0,1,0,0,0,0,0,0,1,0,0,0,0,184,gini,,2,1,sqrt,False,0
qualitative-bankruptcy_1495,2,1.0,0.0952579975128173,0.0045943260192871,0,1,0,0,1,0,0,0,0,1,0,0,0,0,0,0,0,0,0,0,0,0,0,1,0,0,10,gini,1.0,2,1,log2,False,0
qualitative-bankruptcy_1495,0,1.0,0.0723528861999511,0.0049409866333007,1,0,1,0,0,0,0,0,0,0,0,1,0,0,0,0,0,0,0,0,1,0,0,0,0,0,146,entropy,19.0,2,1,,False,0
qualitative-bankruptcy_1495,1,1.0,0.0719091892242431,0.0049312114715576,1,0,1,0,0,0,0,0,0,0,0,1,0,0,0,0,0,0,0,0,1,0,0,0,0,0,87,log_loss,17.0,2,2,sqrt,True,0
qualitative-bankruptcy_1495,2,1.0,0.0735700130462646,0.0057654380798339,1,0,1,0,0,0,0,0,0,0,0,1,0,0,0,0,0,0,0,0,1,0,0,0,0,0,82,entropy,11.0,2,1,sqrt,False,0
qualitative-bankruptcy_1495,1,1.0,0.0961999893188476,0.0048508644104003,0,1,0,0,1,0,0,0,0,1,0,0,0,0,0,0,0,0,0,0,0,0,0,1,0,0,62,log_loss,,3,1,,False,0
qualitative-bankruptcy_1495,4,1.0,0.0742461681365966,0.0049555301666259,1,0,1,0,0,0,0,0,0,0,0,1,0,0,0,0,0,0,0,0,1,0,0,0,0,0,145,log_loss,,2,1,sqrt,False,0
qualitative-bankruptcy_1495,0,1.0,0.0746252536773681,0.004230260848999,1,0,1,0,0,0,0,0,0,0,0,0,0,1,0,0,0,0,0,0,1,0,0,0,0,0,131,entropy,13.0,6,1,,True,0
qualitative-bankruptcy_1495,1,1.0,0.074815034866333,0.0043799877166748,1,0,1,0,0,0,0,0,0,0,0,0,0,1,0,0,0,0,0,0,1,0,0,0,0,0,43,log_loss,36.0,2,1,,True,0
qualitative-bankruptcy_1495,2,1.0,0.0733242034912109,0.0043120384216308,1,0,1,0,0,0,0,0,0,0,0,0,0,1,0,0,0,0,0,0,1,0,0,0,0,0,108,gini,,2,2,sqrt,False,0
qualitative-bankruptcy_1495,0,1.0,0.096736192703247,0.0046222209930419,0,1,0,0,1,0,0,0,0,1,0,0,0,0,0,0,0,0,0,0,0,0,0,1,0,0,135,gini,17.0,2,1,sqrt,False,0
qualitative-bankruptcy_1495,3,1.0,0.0727760791778564,0.0040771961212158,0,1,0,0,1,0,0,0,0,0,1,0,0,0,0,0,0,0,0,0,0,0,0,1,0,0,109,log_loss,,3,2,sqrt,False,0
qualitative-bankruptcy_1495,0,1.0,0.0761375427246093,0.0044338703155517,1,0,1,0,0,0,1,0,0,0,0,0,0,0,0,0,0,0,0,0,1,0,0,0,0,0,155,gini,23.0,4,1,sqrt,True,0
qualitative-bankruptcy_1495,1,1.0,0.0761196613311767,0.0041847229003906,1,0,1,0,0,0,1,0,0,0,0,0,0,0,0,0,0,0,0,0,1,0,0,0,0,0,85,gini,17.0,2,1,log2,False,0
qualitative-bankruptcy_1495,2,1.0,0.0747792720794677,0.0041334629058837,1,0,1,0,0,0,1,0,0,0,0,0,0,0,0,0,0,0,0,0,1,0,0,0,0,0,10,entropy,12.0,2,1,sqrt,True,0
qualitative-bankruptcy_1495,0,1.0,0.071685791015625,0.0041217803955078,0,1,0,0,1,0,0,0,0,0,1,0,0,0,0,0,0,0,0,0,0,0,0,1,0,0,109,gini,1.0,2,1,log2,False,0
qualitative-bankruptcy_1495,2,1.0,0.0741651058197021,0.0042152404785156,0,1,0,0,1,1,0,0,0,0,0,0,0,0,0,0,0,0,0,0,0,0,0,1,0,0,109,log_loss,,3,1,log2,False,0
qualitative-bankruptcy_1495,0,1.0,0.0701837539672851,0.0039811134338378,0,1,0,0,1,0,0,0,0,0,0,0,0,0,0,0,0,1,0,0,0,0,0,1,0,0,116,log_loss,12.0,4,1,log2,False,0
qualitative-bankruptcy_1495,1,1.0,0.0700914859771728,0.0040371417999267,0,1,0,0,1,0,0,0,0,0,0,0,0,0,0,0,0,1,0,0,0,0,0,1,0,0,155,entropy,14.0,4,1,,False,0
qualitative-bankruptcy_1495,3,1.0,0.0719697475433349,0.0041048526763916,0,1,0,0,1,0,0,0,0,0,0,0,0,0,0,0,0,1,0,0,0,0,0,1,0,0,10,entropy,3.0,2,2,log2,False,0
qualitative-bankruptcy_1495,0,1.0,0.0713529586791992,0.0039625167846679,0,1,0,0,1,0,0,0,1,0,0,0,0,0,0,0,0,0,0,0,0,0,0,1,0,0,88,entropy,29.0,4,1,,False,0
wilt_40983,3,0.9927685950413224,0.1658108234405517,0.00887131690979,1,0,1,0,0,0,0,0,0,1,0,0,0,0,0,0,0,0,0,0,0,0,1,0,0,0,54,gini,,6,2,sqrt,True,0
wilt_40983,3,0.9927685950413224,0.1676185131072998,0.0088679790496826,1,0,0,1,0,0,0,0,0,1,0,0,0,0,0,0,0,0,0,0,0,0,1,0,0,0,40,gini,29.0,4,1,log2,False,0
wilt_40983,3,0.9927685950413224,0.1758320331573486,0.008840799331665,0,1,0,0,1,0,0,0,0,1,0,0,0,0,0,0,0,0,0,0,0,0,1,0,0,0,96,entropy,26.0,4,2,log2,True,0
wilt_40983,3,0.9927685950413224,0.1626195907592773,0.0087246894836425,1,0,0,0,1,0,0,0,0,1,0,0,0,0,0,0,0,0,0,0,0,0,1,0,0,0,135,entropy,21.0,2,1,,False,0
wilt_40983,3,0.9927685950413224,0.1627230644226074,0.0086607933044433,0,1,0,1,0,0,0,0,0,1,0,0,0,0,0,0,0,0,0,0,0,0,1,0,0,0,115,gini,4.0,4,2,log2,False,0
wilt_40983,3,0.9927685950413224,0.1675598621368408,0.008934736251831,0,1,1,0,0,0,0,0,0,1,0,0,0,0,0,0,0,0,0,0,0,0,1,0,0,0,66,log_loss,33.0,3,1,sqrt,True,0
wilt_40983,3,0.9917355371900828,0.1939465999603271,0.0107786655426025,0,1,0,0,1,0,1,0,0,0,0,0,0,0,0,0,0,0,0,0,0,0,0,0,0,1,93,entropy,,3,1,sqrt,False,0
wilt_40983,3,0.9917355371900828,0.1803882122039795,0.0103399753570556,0,1,1,0,0,0,1,0,0,0,0,0,0,0,0,0,0,0,0,0,1,0,0,0,0,0,146,gini,12.0,5,1,sqrt,False,0
wilt_40983,3,0.9917355371900828,0.138404369354248,0.0088474750518798,0,1,0,1,0,0,0,0,0,0,0,0,0,1,0,0,0,0,0,0,0,0,1,0,0,0,134,entropy,,3,2,sqrt,False,0
wilt_40983,3,0.9917355371900828,0.163114309310913,0.0102486610412597,0,1,0,0,1,0,0,0,0,0,0,0,0,1,0,0,0,0,0,0,0,0,1,0,0,0,72,gini,23.0,2,2,sqrt,True,0
wilt_40983,3,0.9917355371900828,0.1693453788757324,0.009810447692871,0,1,0,0,1,0,1,0,0,0,0,0,0,0,0,0,0,0,0,0,1,0,0,0,0,0,69,gini,,2,1,,False,0
wilt_40983,3,0.9917355371900828,0.1396729946136474,0.0086798667907714,1,0,0,0,1,0,0,0,0,0,0,0,0,1,0,0,0,0,0,0,0,0,1,0,0,0,14,log_loss,,2,1,sqrt,True,0
wilt_40983,3,0.9917355371900828,0.1400251388549804,0.0088453292846679,1,0,1,0,0,0,0,0,0,0,0,0,0,1,0,0,0,0,0,0,0,0,1,0,0,0,79,log_loss,,2,1,sqrt,True,0
wilt_40983,3,0.9917355371900828,0.1722707748413086,0.010040283203125,1,0,0,1,0,0,1,0,0,0,0,0,0,0,0,0,0,0,0,0,1,0,0,0,0,0,13,gini,,3,1,,True,0
wilt_40983,3,0.9917355371900828,0.174534797668457,0.0104448795318603,1,0,0,0,1,0,1,0,0,0,0,0,0,0,0,0,0,0,0,0,0,0,0,0,0,1,203,log_loss,,2,1,sqrt,True,0
wilt_40983,3,0.9917355371900828,0.1740665435791015,0.0100264549255371,1,0,0,0,1,0,1,0,0,0,0,0,0,0,0,0,0,0,0,0,1,0,0,0,0,0,57,gini,13.0,4,1,,False,0
wilt_40983,3,0.9917355371900828,0.1403167247772216,0.0087690353393554,0,1,1,0,0,0,0,0,0,0,0,0,0,1,0,0,0,0,0,0,0,0,1,0,0,0,155,gini,,4,1,sqrt,False,0
wilt_40983,3,0.9917355371900828,0.1839210987091064,0.0108728408813476,0,1,0,1,0,0,1,0,0,0,0,0,0,0,0,0,0,0,0,0,0,0,0,0,0,1,191,gini,17.0,2,1,sqrt,False,0
wilt_40983,3,0.9917355371900828,0.1741628646850586,0.0106723308563232,1,0,0,1,0,0,1,0,0,0,0,0,0,0,0,0,0,0,0,0,0,0,0,0,0,1,111,gini,,2,2,sqrt,False,0
wilt_40983,3,0.9917355371900828,0.1344807147979736,0.0086750984191894,1,0,0,1,0,0,0,0,0,0,0,0,0,1,0,0,0,0,0,0,0,0,1,0,0,0,95,gini,,3,1,,False,0
boston_853,0,0.9411764705882352,0.1161491870880127,0.0056359767913818,1,0,0,0,1,0,0,0,0,1,0,0,0,0,0,0,0,0,0,0,1,0,0,0,0,0,34,log_loss,19.0,6,1,,True,0
boston_853,0,0.9411764705882352,0.1189298629760742,0.0055136680603027,0,1,0,1,0,0,0,0,0,1,0,0,0,0,0,0,0,0,0,0,1,0,0,0,0,0,75,gini,,3,1,,False,0
boston_853,0,0.9411764705882352,0.1092610359191894,0.0052716732025146,0,1,0,0,1,0,0,0,0,1,0,0,0,0,0,0,0,0,0,0,1,0,0,0,0,0,180,gini,,2,1,sqrt,False,0
boston_853,0,0.9411764705882352,0.1138474941253662,0.0053992271423339,1,0,0,1,0,0,0,0,0,1,0,0,0,0,0,0,0,0,0,0,1,0,0,0,0,0,118,entropy,15.0,3,1,,True,0
boston_853,0,0.9411764705882352,0.1205410957336425,0.0053410530090332,0,1,1,0,0,0,0,0,0,1,0,0,0,0,0,0,0,0,0,0,1,0,0,0,0,0,101,gini,,3,1,,False,0
boston_853,0,0.9411764705882352,0.1162002086639404,0.0056159496307373,1,0,1,0,0,0,0,0,0,1,0,0,0,0,0,0,0,0,0,0,1,0,0,0,0,0,166,entropy,18.0,3,1,sqrt,False,0
boston_853,0,0.931372549019608,0.1149168014526367,0.0056695938110351,0,1,0,1,0,0,0,0,0,1,0,0,0,0,0,0,0,0,0,1,0,0,0,0,0,0,135,gini,,5,2,log2,True,0
boston_853,0,0.931372549019608,0.1350467205047607,0.0088183879852294,0,1,1,0,0,0,0,0,0,1,0,0,0,0,0,0,0,0,0,1,0,0,0,0,0,0,93,gini,10.0,3,1,,True,0
boston_853,0,0.931372549019608,0.1158893108367919,0.0055043697357177,1,0,0,1,0,0,0,0,0,1,0,0,0,0,0,0,0,0,0,1,0,0,0,0,0,0,111,entropy,,5,2,sqrt,False,0
boston_853,0,0.931372549019608,0.1197836399078369,0.0051896572113037,1,0,0,0,1,0,0,0,0,1,0,0,0,0,0,0,0,0,0,1,0,0,0,0,0,0,62,gini,16.0,2,3,sqrt,False,0
boston_853,0,0.931372549019608,0.116661787033081,0.0055296421051025,1,0,1,0,0,0,0,0,0,1,0,0,0,0,0,0,0,0,0,1,0,0,0,0,0,0,72,gini,,5,1,,True,0
boston_853,0,0.931372549019608,0.1132972240447998,0.0055322647094726,0,1,0,0,1,0,0,0,0,1,0,0,0,0,0,0,0,0,0,1,0,0,0,0,0,0,90,gini,,4,2,sqrt,False,0
boston_853,0,0.9215686274509804,0.0964994430541992,0.0055484771728515,0,1,0,1,0,0,0,0,0,0,0,0,0,1,0,0,0,0,0,0,0,0,0,0,1,0,128,gini,20.0,4,2,,False,0
boston_853,0,0.9215686274509804,0.0948739051818847,0.0055279731750488,0,1,0,1,0,0,1,0,0,0,0,0,0,0,0,0,0,0,0,0,0,0,0,0,1,0,38,entropy,11.0,4,1,log2,True,0
boston_853,0,0.9215686274509804,0.0914244651794433,0.0051691532135009,0,1,0,1,0,0,0,0,0,0,0,0,0,1,0,0,0,0,0,1,0,0,0,0,0,0,104,gini,,7,1,sqrt,False,0
boston_853,0,0.9215686274509804,0.094623327255249,0.005505084991455,0,1,1,0,0,0,0,0,0,0,0,0,0,1,0,0,0,0,0,1,0,0,0,0,0,0,81,entropy,,4,2,sqrt,False,0
boston_853,0,0.9215686274509804,0.1127524375915527,0.0055229663848876,0,1,1,0,0,0,0,0,0,0,0,0,0,0,0,0,1,0,0,1,0,0,0,0,0,0,55,entropy,2.0,2,2,log2,True,0
boston_853,0,0.9215686274509804,0.1029765605926513,0.005350112915039,1,0,1,0,0,0,0,0,0,0,0,0,0,0,1,0,0,0,0,0,1,0,0,0,0,0,81,gini,,2,1,sqrt,False,0
boston_853,0,0.9215686274509804,0.0948901176452636,0.0052723884582519,1,0,0,1,0,0,1,0,0,0,0,0,0,0,0,0,0,0,0,0,0,0,0,0,1,0,10,log_loss,18.0,2,1,sqrt,True,0
boston_853,0,0.9215686274509804,0.0953748226165771,0.0053238868713378,1,0,0,1,0,0,0,0,0,0,0,0,0,1,0,0,0,0,0,0,0,0,0,0,1,0,62,log_loss,9.0,6,1,sqrt,True,0
seeds_1499,4,1.0,0.0992767810821533,0.0049545764923095,1,0,1,0,0,0,0,0,0,0,0,0,0,0,0,1,0,0,0,0,1,0,0,0,0,0,45,entropy,5.0,5,1,log2,True,0
seeds_1499,4,1.0,0.0837175846099853,0.0047221183776855,1,0,0,1,0,0,0,0,0,0,0,0,0,1,0,0,0,0,0,0,1,0,0,0,0,0,86,gini,,6,1,,False,0
seeds_1499,4,1.0,0.1091487407684326,0.005847692489624,1,0,0,0,1,0,0,0,0,0,0,0,0,0,0,1,0,0,0,0,1,0,0,0,0,0,10,gini,9.0,2,1,log2,False,0
seeds_1499,2,1.0,0.082385778427124,0.0043184757232666,0,1,1,0,0,0,0,0,0,0,0,0,0,0,0,0,1,0,0,1,0,0,0,0,0,0,110,gini,,4,1,log2,False,0
seeds_1499,0,1.0,0.078345775604248,0.0042586326599121,1,0,1,0,0,0,0,0,0,0,1,0,0,0,0,0,0,0,0,0,0,0,1,0,0,0,145,gini,,2,1,sqrt,False,0
seeds_1499,4,1.0,0.0967803001403808,0.0048005580902099,0,1,1,0,0,0,0,0,0,1,0,0,0,0,0,0,0,0,0,1,0,0,0,0,0,0,94,gini,1.0,2,1,log2,True,0
seeds_1499,4,1.0,0.0981495380401611,0.0048072338104248,1,0,0,1,0,0,0,0,0,1,0,0,0,0,0,0,0,0,0,0,1,0,0,0,0,0,125,entropy,38.0,2,1,log2,False,0
seeds_1499,4,1.0,0.1014997959136962,0.0049700736999511,0,1,1,0,0,0,0,0,0,1,0,0,0,0,0,0,0,0,0,0,0,0,0,0,0,1,74,gini,,5,1,,True,0
seeds_1499,4,1.0,0.0765233039855957,0.0048663616180419,0,1,1,0,0,1,0,0,0,0,0,0,0,0,0,0,0,0,0,0,0,0,0,0,0,1,22,log_loss,,2,1,,False,0
seeds_1499,0,1.0,0.0792105197906494,0.0046048164367675,0,1,1,0,0,0,0,0,0,0,1,0,0,0,0,0,0,0,0,0,0,0,0,0,0,1,100,gini,28.0,2,1,log2,False,0
seeds_1499,4,1.0,0.0761313438415527,0.0043151378631591,0,1,1,0,0,0,0,0,0,0,0,0,0,1,0,0,0,0,0,1,0,0,0,0,0,0,134,entropy,,4,1,,True,0
seeds_1499,1,1.0,0.0796015262603759,0.0045125484466552,0,1,1,0,0,0,1,0,0,0,0,0,0,0,0,0,0,0,0,1,0,0,0,0,0,0,34,log_loss,10.0,4,1,,False,0
seeds_1499,4,1.0,0.0993528366088867,0.0049777030944824,1,0,0,1,0,0,0,0,0,0,0,0,0,0,0,1,0,0,0,0,1,0,0,0,0,0,77,gini,3.0,6,1,sqrt,False,0
seeds_1499,4,1.0,0.0776615142822265,0.0044865608215332,0,1,1,0,0,1,0,0,0,0,0,0,0,0,0,0,0,0,0,1,0,0,0,0,0,0,88,log_loss,5.0,2,2,log2,True,0
seeds_1499,0,1.0,0.0755538940429687,0.0043778419494628,1,0,0,0,1,0,0,0,0,0,1,0,0,0,0,0,0,0,0,0,0,0,0,0,0,1,243,gini,,2,2,,False,0
seeds_1499,4,1.0,0.0955805778503418,0.0047457218170166,0,1,0,0,1,0,0,0,0,1,0,0,0,0,0,0,0,0,0,0,0,0,0,0,0,1,111,log_loss,15.0,2,1,,False,0
seeds_1499,1,1.0,0.0786883831024169,0.0044722557067871,0,1,0,1,0,0,1,0,0,0,0,0,0,0,0,0,0,0,0,1,0,0,0,0,0,0,10,log_loss,17.0,2,1,sqrt,False,0
seeds_1499,4,1.0,0.0825707912445068,0.0047910213470458,0,1,0,1,0,0,0,0,0,0,0,0,0,1,0,0,0,0,0,1,0,0,0,0,0,0,10,gini,,2,2,log2,True,0
seeds_1499,4,1.0,0.0740766525268554,0.0044836997985839,0,1,0,1,0,1,0,0,0,0,0,0,0,0,0,0,0,0,0,1,0,0,0,0,0,0,137,log_loss,15.0,2,1,sqrt,False,0
seeds_1499,2,1.0,0.0804402828216552,0.0043301582336425,0,1,0,1,0,0,0,0,0,0,0,0,0,0,0,0,1,0,0,1,0,0,0,0,0,0,224,gini,,6,1,sqrt,False,0
analcatdata_gsssexsurvey_852,1,0.84375,0.0837898254394531,0.0046355724334716,0,1,0,0,1,0,0,0,0,0,0,0,0,1,0,0,0,0,0,0,0,0,0,1,0,0,86,gini,,2,1,,False,0
analcatdata_gsssexsurvey_852,1,0.84375,0.0756409168243408,0.0042610168457031,0,1,0,0,1,0,0,0,0,0,0,0,0,0,0,0,0,1,0,0,0,0,1,0,0,0,83,gini,28.0,7,2,,False,0
analcatdata_gsssexsurvey_852,1,0.84375,0.085094928741455,0.004387617111206,0,1,1,0,0,0,0,0,0,0,0,0,0,0,0,0,1,0,0,0,1,0,0,0,0,0,122,gini,13.0,2,2,log2,True,0
analcatdata_gsssexsurvey_852,1,0.84375,0.0877077579498291,0.0045130252838134,0,1,0,0,1,0,0,0,0,0,0,0,0,0,0,0,1,0,0,0,0,0,1,0,0,0,60,entropy,,2,1,sqrt,True,0
analcatdata_gsssexsurvey_852,1,0.84375,0.0756671428680419,0.0043723583221435,0,1,0,0,1,0,0,0,1,0,0,0,0,0,0,0,0,0,0,0,0,0,0,0,1,0,10,gini,16.0,2,3,,False,0
analcatdata_gsssexsurvey_852,0,0.84375,0.0863375663757324,0.0046467781066894,0,1,0,0,1,0,1,0,0,0,0,0,0,0,0,0,0,0,0,0,0,0,0,0,1,0,152,log_loss,26.0,2,1,sqrt,True,0
analcatdata_gsssexsurvey_852,1,0.84375,0.0724306106567382,0.0041217803955078,0,1,0,0,1,0,0,0,0,0,0,0,0,0,0,0,0,1,0,0,0,1,0,0,0,0,69,gini,6.0,4,1,sqrt,False,0
analcatdata_gsssexsurvey_852,1,0.84375,0.0773801803588867,0.0042464733123779,0,1,0,0,1,0,0,0,1,0,0,0,0,0,0,0,0,0,0,0,0,0,1,0,0,0,153,log_loss,,3,1,sqrt,True,0
analcatdata_gsssexsurvey_852,1,0.84375,0.0784316062927246,0.0041632652282714,0,1,0,0,1,0,0,0,0,0,1,0,0,0,0,0,0,0,0,0,0,0,0,0,1,0,62,gini,,4,1,sqrt,True,0
analcatdata_gsssexsurvey_852,1,0.84375,0.07375168800354,0.0041823387145996,0,1,0,0,1,0,0,0,1,0,0,0,0,0,0,0,0,0,0,0,0,1,0,0,0,0,106,gini,,5,1,log2,True,0
analcatdata_gsssexsurvey_852,1,0.84375,0.0768859386444091,0.0043122768402099,0,1,0,0,1,0,0,0,0,0,0,0,0,0,0,0,0,1,0,0,0,0,0,0,1,0,143,entropy,27.0,4,1,sqrt,False,0
analcatdata_gsssexsurvey_852,0,0.84375,0.0801589488983154,0.004408836364746,0,1,0,0,1,0,1,0,0,0,0,0,0,0,0,0,0,0,0,0,0,0,0,0,0,1,154,log_loss,,2,1,sqrt,False,0
analcatdata_gsssexsurvey_852,1,0.84375,0.074308156967163,0.0044553279876708,0,1,0,0,1,0,0,0,1,0,0,0,0,0,0,0,0,0,0,0,0,0,0,0,0,1,112,log_loss,,2,2,,False,0
analcatdata_gsssexsurvey_852,1,0.84375,0.076167345046997,0.0043821334838867,0,1,0,0,1,0,0,0,0,0,0,0,0,0,0,0,0,1,0,0,0,0,0,0,0,1,109,gini,19.0,2,1,,True,0
analcatdata_gsssexsurvey_852,1,0.84375,0.081780195236206,0.0040969848632812,0,1,0,0,1,0,0,0,0,0,0,0,0,0,0,0,1,0,0,0,1,0,0,0,0,0,131,gini,6.0,9,1,sqrt,True,0
analcatdata_gsssexsurvey_852,1,0.84375,0.0701947212219238,0.0039467811584472,0,1,0,0,1,0,0,0,1,0,0,0,0,0,0,0,0,0,0,1,0,0,0,0,0,0,123,gini,20.0,4,1,sqrt,False,0
analcatdata_gsssexsurvey_852,1,0.84375,0.0691690444946289,0.0038902759552001,0,1,0,0,1,0,0,0,0,0,0,0,0,0,0,0,0,1,0,1,0,0,0,0,0,0,35,entropy,18.0,2,1,log2,False,0
analcatdata_gsssexsurvey_852,0,0.84375,0.0988900661468505,0.0044269561767578,0,1,1,0,0,0,1,0,0,0,0,0,0,0,0,0,0,0,0,0,0,0,0,0,0,1,36,gini,13.0,3,1,sqrt,True,0
analcatdata_gsssexsurvey_852,1,0.84375,0.0741603374481201,0.0042502880096435,0,1,1,0,0,0,0,0,1,0,0,0,0,0,0,0,0,0,0,0,0,0,0,0,0,1,10,gini,24.0,2,1,sqrt,True,0
analcatdata_gsssexsurvey_852,1,0.84375,0.1088643074035644,0.0048871040344238,0,1,0,1,0,0,0,0,0,0,0,0,1,0,0,0,0,0,0,0,0,0,0,1,0,0,138,entropy,9.0,3,1,sqrt,True,0
autoUniv-au7-500_1554,1,0.59,0.1221721172332763,0.0062377452850341,0,1,0,1,0,0,0,0,0,0,0,0,0,0,1,0,0,0,0,0,0,1,0,0,0,0,80,entropy,18.0,4,1,,False,0
autoUniv-au7-500_1554,1,0.59,0.1228742599487304,0.0061583518981933,1,0,0,1,0,0,0,0,0,0,0,0,0,0,1,0,0,0,0,0,0,1,0,0,0,0,141,entropy,14.0,2,1,,False,0
autoUniv-au7-500_1554,0,0.59,0.109978437423706,0.0063607692718505,0,1,0,1,0,0,0,0,0,0,0,1,0,0,0,0,0,0,0,0,0,1,0,0,0,0,120,gini,,2,1,,False,0
autoUniv-au7-500_1554,0,0.59,0.1115126609802246,0.0060334205627441,1,0,0,1,0,0,0,0,0,0,0,1,0,0,0,0,0,0,0,0,0,1,0,0,0,0,50,entropy,,2,1,log2,True,0
autoUniv-au7-500_1554,0,0.58,0.1396985054016113,0.0060336589813232,1,0,0,1,0,0,0,0,0,0,0,0,0,0,1,0,0,0,0,0,0,0,1,0,0,0,94,gini,13.0,2,2,log2,False,0
autoUniv-au7-500_1554,1,0.58,0.1050572395324707,0.0059735774993896,0,1,0,1,0,1,0,0,0,0,0,0,0,0,0,0,0,0,0,0,0,1,0,0,0,0,77,gini,1.0,2,2,sqrt,True,0
autoUniv-au7-500_1554,0,0.58,0.136615514755249,0.0059659481048583,0,1,0,1,0,0,0,0,0,0,0,0,0,0,1,0,0,0,0,0,0,0,1,0,0,0,70,log_loss,1.0,2,1,log2,True,0
autoUniv-au7-500_1554,1,0.58,0.1266417503356933,0.0064284801483154,1,0,0,0,1,0,0,0,0,0,0,0,0,0,1,0,0,0,0,0,0,0,1,0,0,0,146,entropy,23.0,2,2,log2,False,0
autoUniv-au7-500_1554,1,0.58,0.1065509319305419,0.0060997009277343,1,0,0,1,0,1,0,0,0,0,0,0,0,0,0,0,0,0,0,0,0,1,0,0,0,0,226,log_loss,3.0,2,1,log2,False,0
autoUniv-au7-500_1554,3,0.58,0.1046483516693115,0.00594162940979,1,0,0,1,0,1,0,0,0,0,0,0,0,0,0,0,0,0,0,0,0,1,0,0,0,0,156,gini,,2,1,sqrt,True,0
autoUniv-au7-500_1554,1,0.58,0.1254680156707763,0.0064389705657958,0,1,0,0,1,0,0,0,0,0,0,0,0,0,1,0,0,0,0,0,0,0,1,0,0,0,99,log_loss,16.0,4,2,sqrt,False,0
autoUniv-au7-500_1554,3,0.58,0.104935884475708,0.0060467720031738,0,1,0,1,0,1,0,0,0,0,0,0,0,0,0,0,0,0,0,0,0,1,0,0,0,0,163,gini,,5,1,,False,0
autoUniv-au7-500_1554,1,0.57,0.1341900825500488,0.0061209201812744,1,0,0,1,0,0,0,0,0,0,0,0,0,0,1,0,0,0,0,0,0,0,0,1,0,0,186,log_loss,35.0,2,1,sqrt,True,0
autoUniv-au7-500_1554,1,0.57,0.1363248825073242,0.0062010288238525,0,1,0,1,0,0,0,0,0,0,0,0,0,0,1,0,0,0,0,0,0,0,0,1,0,0,30,gini,17.0,5,3,sqrt,False,0
autoUniv-au7-500_1554,1,0.56,0.1441586017608642,0.0059711933135986,0,1,0,1,0,0,0,0,0,0,0,0,0,0,1,0,0,0,0,0,0,0,0,0,0,1,161,gini,23.0,2,1,sqrt,False,0
autoUniv-au7-500_1554,1,0.56,0.108454942703247,0.006484031677246,1,0,0,1,0,0,0,0,0,0,0,1,0,0,0,0,0,0,0,0,0,0,0,0,1,0,138,gini,18.0,3,3,sqrt,False,0
autoUniv-au7-500_1554,1,0.56,0.1090991497039794,0.0061779022216796,1,0,0,1,0,0,0,0,0,0,0,1,0,0,0,0,0,0,0,1,0,0,0,0,0,0,159,gini,,3,1,sqrt,False,0
autoUniv-au7-500_1554,1,0.56,0.1099996566772461,0.0061101913452148,0,1,0,0,1,0,0,0,0,0,0,0,0,1,0,0,0,0,0,1,0,0,0,0,0,0,141,gini,15.0,3,1,sqrt,False,0
autoUniv-au7-500_1554,1,0.56,0.1066842079162597,0.0060369968414306,1,0,0,1,0,0,0,0,0,0,0,1,0,0,0,0,0,0,0,0,1,0,0,0,0,0,89,log_loss,,2,1,log2,True,0
autoUniv-au7-500_1554,0,0.56,0.1093556880950927,0.006681203842163,1,0,0,1,0,0,0,0,0,0,0,1,0,0,0,0,0,0,0,0,0,0,1,0,0,0,202,gini,26.0,2,1,sqrt,False,0
solar-flare_40687,4,0.8169014084507042,0.0950374603271484,0.0073952674865722,0,1,1,0,0,0,0,0,0,0,1,0,0,0,0,0,0,0,0,0,0,1,0,0,0,0,93,log_loss,21.0,5,1,sqrt,False,0
solar-flare_40687,4,0.8169014084507042,0.0943431854248046,0.0073475837707519,1,0,0,0,1,0,0,0,0,0,1,0,0,0,0,0,0,0,0,0,0,1,0,0,0,0,79,log_loss,3.0,6,1,log2,False,0
solar-flare_40687,4,0.8169014084507042,0.0949800014495849,0.0073723793029785,1,0,0,1,0,0,0,0,0,0,1,0,0,0,0,0,0,0,0,0,0,1,0,0,0,0,156,entropy,16.0,2,1,sqrt,True,0
solar-flare_40687,4,0.8169014084507042,0.0974407196044921,0.0084691047668457,0,1,0,0,1,0,0,0,0,0,1,0,0,0,0,0,0,0,0,0,0,1,0,0,0,0,125,gini,,3,1,,False,0
solar-flare_40687,4,0.8169014084507042,0.0955884456634521,0.0074915885925292,0,1,0,1,0,0,0,0,0,0,1,0,0,0,0,0,0,0,0,0,0,1,0,0,0,0,13,gini,,2,2,log2,False,0
solar-flare_40687,4,0.8169014084507042,0.0970544815063476,0.007688283920288,1,0,1,0,0,0,0,0,0,0,1,0,0,0,0,0,0,0,0,0,0,1,0,0,0,0,69,entropy,,5,2,,True,0
solar-flare_40687,4,0.812206572769953,0.1274936199188232,0.0080015659332275,0,1,0,0,1,0,1,0,0,0,0,0,0,0,0,0,0,0,0,0,0,1,0,0,0,0,116,entropy,,2,1,,False,0
solar-flare_40687,4,0.812206572769953,0.1425890922546386,0.0074784755706787,0,1,0,1,0,0,0,0,0,0,0,0,0,0,1,0,0,0,0,0,0,1,0,0,0,0,53,log_loss,,2,2,sqrt,True,0
solar-flare_40687,4,0.812206572769953,0.1501688957214355,0.0085036754608154,1,0,0,1,0,0,0,0,0,0,0,0,0,0,1,0,0,0,0,0,0,1,0,0,0,0,201,gini,13.0,2,1,sqrt,False,0
solar-flare_40687,4,0.812206572769953,0.139972448348999,0.0075252056121826,1,0,1,0,0,0,0,0,0,0,0,0,0,0,1,0,0,0,0,0,0,1,0,0,0,0,106,gini,4.0,2,2,,False,0
solar-flare_40687,4,0.812206572769953,0.1439971923828125,0.0080528259277343,1,0,1,0,0,0,1,0,0,0,0,0,0,0,0,0,0,0,0,0,0,1,0,0,0,0,62,gini,15.0,4,2,log2,False,0
solar-flare_40687,4,0.812206572769953,0.1460952758789062,0.0076782703399658,0,1,1,0,0,0,0,0,0,0,0,0,0,0,1,0,0,0,0,0,0,1,0,0,0,0,44,log_loss,23.0,3,1,sqrt,True,0
solar-flare_40687,4,0.812206572769953,0.1268622875213623,0.0079512596130371,0,1,0,1,0,0,1,0,0,0,0,0,0,0,0,0,0,0,0,0,0,1,0,0,0,0,146,log_loss,23.0,3,2,,True,0
solar-flare_40687,4,0.812206572769953,0.1588160991668701,0.0084924697875976,1,0,0,0,1,0,0,0,0,0,0,0,0,0,1,0,0,0,0,0,0,1,0,0,0,0,68,gini,20.0,2,1,sqrt,False,0
solar-flare_40687,4,0.812206572769953,0.1238532066345214,0.0077688694000244,0,1,1,0,0,0,1,0,0,0,0,0,0,0,0,0,0,0,0,0,0,1,0,0,0,0,119,log_loss,9.0,2,2,sqrt,False,0
solar-flare_40687,4,0.812206572769953,0.1409838199615478,0.0076098442077636,0,1,0,0,1,0,0,0,0,0,0,0,0,0,1,0,0,0,0,0,0,1,0,0,0,0,42,gini,8.0,4,1,log2,False,0
solar-flare_40687,4,0.812206572769953,0.1366147994995117,0.0080378055572509,1,0,0,0,1,0,1,0,0,0,0,0,0,0,0,0,0,0,0,0,0,1,0,0,0,0,104,gini,,4,2,,True,0
solar-flare_40687,4,0.812206572769953,0.1372628211975097,0.0084083080291748,1,0,0,1,0,0,1,0,0,0,0,0,0,0,0,0,0,0,0,0,0,1,0,0,0,0,68,gini,,2,3,sqrt,False,0
solar-flare_40687,4,0.8075117370892019,0.0938434600830078,0.0077612400054931,1,0,1,0,0,0,0,1,0,0,0,0,0,0,0,0,0,0,0,0,0,0,0,0,0,1,84,entropy,13.0,2,2,sqrt,True,0
solar-flare_40687,4,0.8075117370892019,0.110203742980957,0.007810354232788,0,1,0,0,1,0,0,0,0,0,0,0,0,1,0,0,0,0,0,0,0,0,0,1,0,0,60,entropy,,2,1,sqrt,False,0
arsenic-female-lung_950,2,1.0,0.0765151977539062,0.0045220851898193,1,0,1,0,0,0,0,0,0,0,0,0,0,0,0,0,0,0,1,0,1,0,0,0,0,0,151,entropy,27.0,2,1,,True,0
arsenic-female-lung_950,2,1.0,0.077157974243164,0.0047240257263183,1,0,1,0,0,0,1,0,0,0,0,0,0,0,0,0,0,0,0,0,1,0,0,0,0,0,75,entropy,11.0,4,1,,False,0
arsenic-female-lung_950,2,1.0,0.0797617435455322,0.0048053264617919,1,0,1,0,0,0,0,0,0,0,0,0,0,0,0,0,0,1,0,0,1,0,0,0,0,0,93,gini,22.0,2,1,sqrt,True,0
arsenic-female-lung_950,2,1.0,0.095674991607666,0.005077838897705,0,1,0,0,1,0,0,0,0,1,0,0,0,0,0,0,0,0,0,0,0,0,0,1,0,0,95,gini,,2,2,log2,False,0
arsenic-female-lung_950,2,1.0,0.0761537551879882,0.0052828788757324,1,0,1,0,0,0,0,0,0,0,0,1,0,0,0,0,0,0,0,0,1,0,0,0,0,0,181,log_loss,5.0,2,2,sqrt,True,0
arsenic-female-lung_950,2,1.0,0.0778441429138183,0.0045280456542968,1,0,1,0,0,0,0,0,0,0,0,0,0,0,1,0,0,0,0,0,1,0,0,0,0,0,145,entropy,31.0,7,1,log2,False,0
arsenic-female-lung_950,2,1.0,0.077883243560791,0.0047805309295654,1,0,1,0,0,0,0,0,1,0,0,0,0,0,0,0,0,0,0,0,1,0,0,0,0,0,140,gini,16.0,4,1,,False,0
arsenic-female-lung_950,2,1.0,0.0772535800933837,0.0048015117645263,0,1,0,0,1,0,0,0,1,0,0,0,0,0,0,0,0,0,0,0,0,0,0,1,0,0,21,gini,,3,1,log2,True,0
arsenic-female-lung_950,2,1.0,0.0749986171722412,0.0045433044433593,0,1,0,0,1,1,0,0,0,0,0,0,0,0,0,0,0,0,0,0,0,0,0,1,0,0,67,gini,1.0,3,2,,True,0
arsenic-female-lung_950,2,1.0,0.0792651176452636,0.0045571327209472,1,0,1,0,0,0,0,0,0,0,0,0,0,1,0,0,0,0,0,0,1,0,0,0,0,0,159,gini,2.0,2,3,log2,True,0
arsenic-female-lung_950,2,1.0,0.0754892826080322,0.0048160552978515,0,1,0,0,1,0,0,1,0,0,0,0,0,0,0,0,0,0,0,0,0,0,0,1,0,0,41,gini,11.0,2,2,sqrt,True,0
arsenic-female-lung_950,2,1.0,0.0767040252685546,0.0045337677001953,0,1,0,0,1,0,1,0,0,0,0,0,0,0,0,0,0,0,0,0,0,0,0,1,0,0,104,gini,34.0,2,1,,True,0
arsenic-female-lung_950,2,1.0,0.0758059024810791,0.0048253536224365,0,1,0,0,1,0,0,0,0,0,0,0,0,0,0,0,0,1,0,0,0,0,0,1,0,0,47,log_loss,9.0,2,1,sqrt,False,0
arsenic-female-lung_950,2,1.0,0.1052436828613281,0.0047965049743652,1,0,0,0,1,0,0,0,0,0,0,0,1,0,0,0,0,0,0,0,0,0,0,0,1,0,52,gini,,2,2,log2,False,0
arsenic-female-lung_950,2,1.0,0.0952780246734619,0.0044801235198974,1,0,0,0,1,0,0,0,0,0,0,0,0,0,0,0,1,0,0,0,0,0,0,0,1,0,184,log_loss,14.0,2,1,log2,False,0
arsenic-female-lung_950,2,1.0,0.0805261135101318,0.0046894550323486,1,0,0,0,1,0,0,0,0,0,0,0,0,0,1,0,0,0,0,0,0,0,0,0,1,0,136,entropy,,2,1,,True,0
arsenic-female-lung_950,2,1.0,0.0987989902496337,0.00508713722229,1,0,0,0,1,0,0,0,0,1,0,0,0,0,0,0,0,0,0,0,0,0,0,0,1,0,149,gini,10.0,2,2,sqrt,True,0
arsenic-female-lung_950,2,1.0,0.076890230178833,0.0046803951263427,1,0,0,0,1,0,0,1,0,0,0,0,0,0,0,0,0,0,0,0,0,0,0,0,1,0,139,entropy,,2,2,,False,0
arsenic-female-lung_950,2,1.0,0.0759632587432861,0.0047411918640136,1,0,0,0,1,1,0,0,0,0,0,0,0,0,0,0,0,0,0,0,0,0,0,0,1,0,93,gini,6.0,3,2,,False,0
arsenic-female-lung_950,2,1.0,0.1022446155548095,0.005739688873291,1,0,0,0,1,0,0,0,0,0,0,0,0,0,0,1,0,0,0,0,0,0,0,0,1,0,65,entropy,6.0,2,1,sqrt,True,0
chscase_census3_908,1,0.6125,0.0844011306762695,0.0051867961883544,1,0,0,1,0,0,0,0,0,0,0,0,0,0,0,0,0,0,1,0,0,1,0,0,0,0,80,gini,1.0,2,2,,True,0
chscase_census3_908,4,0.6125,0.0855512619018554,0.0051968097686767,0,1,0,1,0,0,0,0,0,0,0,0,0,0,0,0,0,0,1,0,0,0,1,0,0,0,90,gini,30.0,2,1,sqrt,True,0
chscase_census3_908,1,0.6125,0.0856895446777343,0.0052006244659423,0,1,0,0,1,0,0,0,0,0,0,0,0,0,0,0,0,0,1,0,0,1,0,0,0,0,189,entropy,17.0,3,1,sqrt,True,0
chscase_census3_908,4,0.6125,0.0853469371795654,0.005225658416748,1,0,0,1,0,0,0,0,0,0,0,0,0,0,0,0,0,0,1,0,0,0,1,0,0,0,33,gini,,2,1,,False,0
chscase_census3_908,1,0.6125,0.0850975513458252,0.00514817237854,1,0,0,0,1,0,0,0,0,0,0,0,0,0,0,0,0,0,1,0,0,1,0,0,0,0,72,gini,17.0,5,1,sqrt,True,0
chscase_census3_908,4,0.6125,0.0851287841796875,0.0054850578308105,1,0,0,0,1,0,0,0,0,0,0,0,0,0,0,0,0,0,1,0,0,0,1,0,0,0,54,gini,7.0,2,1,log2,False,0
chscase_census3_908,4,0.6125,0.0854589939117431,0.0052323341369628,1,0,1,0,0,0,0,0,0,0,0,0,0,0,0,0,0,0,1,0,0,0,1,0,0,0,153,gini,1.0,2,3,log2,False,0
chscase_census3_908,1,0.6125,0.0828828811645507,0.0051279067993164,0,1,0,1,0,0,0,0,0,0,0,0,0,0,0,0,0,0,1,0,0,1,0,0,0,0,193,log_loss,45.0,3,1,sqrt,False,0
chscase_census3_908,4,0.6125,0.0831952095031738,0.005192756652832,0,1,0,0,1,0,0,0,0,0,0,0,0,0,0,0,0,0,1,0,0,0,1,0,0,0,115,gini,,4,2,log2,True,0
chscase_census3_908,1,0.6125,0.08494234085083,0.0052530765533447,0,1,1,0,0,0,0,0,0,0,0,0,0,0,0,0,0,0,1,0,0,1,0,0,0,0,120,gini,9.0,4,1,sqrt,True,0
chscase_census3_908,1,0.6125,0.0843312740325927,0.0052344799041748,1,0,1,0,0,0,0,0,0,0,0,0,0,0,0,0,0,0,1,0,0,1,0,0,0,0,105,gini,1.0,6,2,sqrt,False,0
chscase_census3_908,4,0.6125,0.0836801528930664,0.0050358772277832,0,1,1,0,0,0,0,0,0,0,0,0,0,0,0,0,0,0,1,0,0,0,1,0,0,0,122,gini,,3,1,,True,0
chscase_census3_908,1,0.6,0.0855422019958496,0.0051867961883544,0,1,1,0,0,0,0,0,0,0,0,0,0,0,0,0,0,0,1,0,1,0,0,0,0,0,139,entropy,,2,1,,False,0
chscase_census3_908,3,0.6,0.0884594917297363,0.0053026676177978,0,1,1,0,0,0,0,1,0,0,0,0,0,0,0,0,0,0,0,0,0,0,0,0,1,0,121,gini,30.0,2,1,sqrt,True,0
chscase_census3_908,1,0.6,0.0860805511474609,0.0051672458648681,1,0,1,0,0,0,0,0,0,0,0,0,0,0,0,0,0,0,1,0,1,0,0,0,0,0,125,log_loss,,2,3,sqrt,False,0
chscase_census3_908,3,0.6,0.0847144126892089,0.0052919387817382,1,0,0,1,0,0,0,1,0,0,0,0,0,0,0,0,0,0,0,0,0,0,0,0,1,0,139,entropy,4.0,5,2,sqrt,False,0
chscase_census3_908,1,0.6,0.0863494873046875,0.0052549839019775,0,1,0,1,0,0,0,0,0,0,0,0,0,0,0,0,0,0,1,0,1,0,0,0,0,0,11,gini,30.0,2,1,,False,0
chscase_census3_908,3,0.6,0.0877518653869628,0.0054280757904052,1,0,1,0,0,0,0,1,0,0,0,0,0,0,0,0,0,0,0,0,0,0,0,0,1,0,100,entropy,19.0,2,2,sqrt,False,0
chscase_census3_908,3,0.6,0.0836493968963623,0.005105972290039,0,1,0,1,0,0,0,1,0,0,0,0,0,0,0,0,0,0,0,0,0,0,0,0,1,0,115,entropy,22.0,2,1,sqrt,False,0
chscase_census3_908,1,0.6,0.0845153331756591,0.0051820278167724,0,1,0,0,1,0,0,0,0,0,0,0,0,0,0,0,0,0,1,0,1,0,0,0,0,0,121,gini,19.0,2,1,,False,0
PopularKids_1100,2,0.6145833333333334,0.0891425609588623,0.005037784576416,1,0,0,0,1,0,0,0,0,0,1,0,0,0,0,0,0,0,0,0,0,0,0,0,1,0,91,gini,,2,2,sqrt,True,0
PopularKids_1100,2,0.6145833333333334,0.0954456329345703,0.0057358741760253,1,0,0,0,1,0,0,0,0,0,1,0,0,0,0,0,0,0,0,0,0,0,0,0,0,1,108,gini,3.0,6,2,sqrt,True,0
PopularKids_1100,2,0.6145833333333334,0.0863814353942871,0.004988670349121,0,1,0,0,1,0,0,0,0,0,1,0,0,0,0,0,0,0,0,0,0,0,0,0,1,0,64,gini,10.0,2,1,sqrt,True,0
PopularKids_1100,2,0.6145833333333334,0.0893862247467041,0.0051198005676269,0,1,0,0,1,0,0,0,0,0,1,0,0,0,0,0,0,0,0,0,0,0,0,0,0,1,11,gini,,3,1,,False,0
PopularKids_1100,4,0.6,0.0822169780731201,0.0050325393676757,0,1,0,1,0,0,0,0,1,0,0,0,0,0,0,0,0,0,0,0,0,1,0,0,0,0,149,entropy,1.0,2,1,sqrt,True,0
PopularKids_1100,4,0.6,0.0849192142486572,0.0048291683197021,1,0,0,1,0,0,0,0,1,0,0,0,0,0,0,0,0,0,0,0,0,1,0,0,0,0,43,entropy,13.0,2,1,sqrt,True,0
PopularKids_1100,2,0.59375,0.146005630493164,0.0054781436920166,1,0,0,0,1,0,0,0,0,0,0,0,0,0,0,0,1,0,0,0,0,1,0,0,0,0,92,log_loss,,4,1,,True,0
PopularKids_1100,2,0.59375,0.1442794799804687,0.005427598953247,0,1,0,0,1,0,0,0,0,0,0,0,0,0,0,0,1,0,0,0,0,1,0,0,0,0,63,entropy,23.0,5,1,,False,0
PopularKids_1100,3,0.5894736842105263,0.0772798061370849,0.004518985748291,1,0,0,0,1,0,0,0,1,0,0,0,0,0,0,0,0,0,0,0,0,0,0,0,1,0,179,entropy,22.0,2,1,sqrt,False,0
PopularKids_1100,3,0.5894736842105263,0.0774488449096679,0.0045282840728759,1,0,0,1,0,0,0,0,1,0,0,0,0,0,0,0,0,0,0,0,0,0,0,0,0,1,96,entropy,5.0,2,3,log2,False,0
PopularKids_1100,3,0.5894736842105263,0.0772092342376709,0.0043160915374755,0,1,0,1,0,0,0,0,1,0,0,0,0,0,0,0,0,0,0,0,0,0,0,0,0,1,84,log_loss,29.0,3,1,sqrt,True,0
PopularKids_1100,3,0.5894736842105263,0.0754730701446533,0.0044090747833251,1,0,0,0,1,0,0,0,1,0,0,0,0,0,0,0,0,0,0,0,0,0,0,0,0,1,137,gini,3.0,2,1,log2,False,0
PopularKids_1100,3,0.5894736842105263,0.0772714614868164,0.0046350955963134,1,0,0,0,1,0,0,0,0,0,0,0,0,0,0,0,0,1,0,0,0,0,0,0,0,1,208,gini,26.0,2,1,sqrt,False,0
PopularKids_1100,3,0.5894736842105263,0.0774624347686767,0.0044605731964111,1,0,0,0,1,0,0,0,1,0,0,0,0,0,0,0,0,0,0,0,1,0,0,0,0,0,120,gini,,2,1,sqrt,False,0
PopularKids_1100,3,0.5894736842105263,0.0769340991973877,0.0044665336608886,0,1,0,0,1,0,0,0,1,0,0,0,0,0,0,0,0,0,0,0,0,0,0,0,1,0,81,gini,17.0,4,2,log2,True,0
PopularKids_1100,3,0.5894736842105263,0.0771934986114502,0.0047347545623779,1,0,0,0,1,0,0,0,0,0,0,0,0,0,0,0,0,1,0,0,1,0,0,0,0,0,135,gini,17.0,2,1,log2,True,0
PopularKids_1100,3,0.5894736842105263,0.081838846206665,0.0043208599090576,0,1,0,1,0,0,0,0,1,0,0,0,0,0,0,0,0,0,0,0,0,0,0,0,1,0,21,gini,17.0,2,1,sqrt,False,0
PopularKids_1100,3,0.5894736842105263,0.0775818824768066,0.0043997764587402,0,1,0,1,0,0,0,0,1,0,0,0,0,0,0,0,0,0,0,1,0,0,0,0,0,0,102,gini,22.0,2,1,sqrt,False,0
PopularKids_1100,3,0.5894736842105263,0.0785737037658691,0.0045514106750488,0,1,0,0,1,0,0,0,1,0,0,0,0,0,0,0,0,0,0,1,0,0,0,0,0,0,200,log_loss,,2,1,,True,0
PopularKids_1100,3,0.5894736842105263,0.0778076648712158,0.0044081211090087,0,1,0,0,1,0,0,0,0,0,0,0,0,0,0,0,0,1,0,0,0,0,0,0,1,0,108,log_loss,,2,2,sqrt,False,0
fri_c0_500_50_888,4,0.92,0.1090567111968994,0.0063197612762451,1,0,1,0,0,0,0,0,0,0,0,1,0,0,0,0,0,0,0,0,1,0,0,0,0,0,105,entropy,20.0,4,4,log2,True,0
fri_c0_500_50_888,4,0.92,0.1092236042022705,0.0053532123565673,1,0,0,1,0,0,0,0,0,0,0,1,0,0,0,0,0,0,0,0,0,0,0,0,0,1,101,gini,2.0,2,1,sqrt,False,0
fri_c0_500_50_888,4,0.92,0.108353853225708,0.0052952766418457,0,1,0,1,0,0,0,0,0,0,0,1,0,0,0,0,0,0,0,0,0,0,0,0,0,1,80,log_loss,18.0,2,1,log2,False,0
fri_c0_500_50_888,4,0.92,0.1112487316131591,0.0053141117095947,0,1,1,0,0,0,0,0,0,0,0,1,0,0,0,0,0,0,0,0,0,0,0,0,0,1,116,log_loss,9.0,4,1,sqrt,True,0
fri_c0_500_50_888,4,0.92,0.108750581741333,0.0062112808227539,1,0,0,1,0,0,0,0,0,0,0,1,0,0,0,0,0,0,0,0,1,0,0,0,0,0,139,log_loss,,3,1,sqrt,True,0
fri_c0_500_50_888,4,0.92,0.1092734336853027,0.005375862121582,0,1,1,0,0,0,0,0,0,0,0,1,0,0,0,0,0,0,0,0,0,0,0,0,1,0,83,entropy,,3,2,log2,False,0
fri_c0_500_50_888,4,0.92,0.1122632026672363,0.0064866542816162,0,1,0,0,1,0,0,0,0,0,0,1,0,0,0,0,0,0,0,0,1,0,0,0,0,0,10,gini,,2,1,sqrt,False,0
fri_c0_500_50_888,4,0.92,0.1103746891021728,0.0054395198822021,1,0,0,0,1,0,0,0,0,0,0,1,0,0,0,0,0,0,0,1,0,0,0,0,0,0,123,gini,17.0,2,1,log2,True,0
fri_c0_500_50_888,4,0.92,0.1097431182861328,0.0062634944915771,1,0,0,0,1,0,0,0,0,0,0,1,0,0,0,0,0,0,0,0,1,0,0,0,0,0,207,log_loss,,2,1,sqrt,True,0
fri_c0_500_50_888,4,0.92,0.1093814373016357,0.0051865577697753,0,1,0,0,1,0,0,0,0,0,0,1,0,0,0,0,0,0,0,1,0,0,0,0,0,0,81,gini,28.0,2,1,sqrt,False,0
fri_c0_500_50_888,4,0.92,0.1102960109710693,0.0052781105041503,1,0,0,1,0,0,0,0,0,0,0,1,0,0,0,0,0,0,0,1,0,0,0,0,0,0,26,gini,18.0,2,1,log2,True,0
fri_c0_500_50_888,4,0.92,0.1093575954437255,0.0052118301391601,0,1,0,0,1,0,0,0,0,0,0,1,0,0,0,0,0,0,0,0,0,0,0,0,0,1,134,gini,20.0,2,1,sqrt,True,0
fri_c0_500_50_888,4,0.92,0.1049425601959228,0.0051145553588867,1,0,0,0,1,0,0,0,0,0,0,1,0,0,0,0,0,0,0,0,0,0,0,0,0,1,187,gini,16.0,2,1,sqrt,False,0
fri_c0_500_50_888,4,0.92,0.1084067821502685,0.0051910877227783,1,0,1,0,0,0,0,0,0,0,0,1,0,0,0,0,0,0,0,1,0,0,0,0,0,0,126,log_loss,23.0,4,1,sqrt,True,0
fri_c0_500_50_888,4,0.92,0.1104538440704345,0.005317211151123,0,1,0,1,0,0,0,0,0,0,0,1,0,0,0,0,0,0,0,0,0,0,0,0,1,0,186,gini,20.0,4,3,sqrt,True,0
fri_c0_500_50_888,4,0.92,0.1120970249176025,0.005744457244873,0,1,0,1,0,0,0,0,0,0,0,1,0,0,0,0,0,0,0,1,0,0,0,0,0,0,140,gini,14.0,4,1,sqrt,False,0
fri_c0_500_50_888,4,0.92,0.1080338954925537,0.0053250789642333,1,0,1,0,0,0,0,0,0,0,0,1,0,0,0,0,0,0,0,0,0,0,0,0,0,1,135,log_loss,37.0,2,1,sqrt,False,0
fri_c0_500_50_888,4,0.92,0.1101546287536621,0.0067403316497802,0,1,0,1,0,0,0,0,0,0,0,1,0,0,0,0,0,0,0,0,1,0,0,0,0,0,74,gini,10.0,2,3,sqrt,True,0
fri_c0_500_50_888,4,0.92,0.1099612712860107,0.0066070556640625,0,1,1,0,0,0,0,0,0,0,0,1,0,0,0,0,0,0,0,0,1,0,0,0,0,0,114,log_loss,30.0,5,1,,False,0
fri_c0_500_50_888,4,0.92,0.1097667217254638,0.0053026676177978,1,0,0,0,1,0,0,0,0,0,0,1,0,0,0,0,0,0,0,0,0,0,0,0,1,0,99,gini,1.0,2,2,sqrt,False,0
fri_c2_500_50_920,4,0.99,0.0840179920196533,0.0048742294311523,1,0,1,0,0,1,0,0,0,0,0,0,0,0,0,0,0,0,0,0,0,0,1,0,0,0,97,entropy,23.0,5,1,,False,0
fri_c2_500_50_920,4,0.99,0.0831789970397949,0.0047836303710937,1,0,0,0,1,0,0,0,0,0,0,0,0,0,0,0,0,1,0,0,0,0,1,0,0,0,87,gini,29.0,2,2,,False,0
fri_c2_500_50_920,4,0.99,0.0804803371429443,0.0046420097351074,0,1,0,1,0,0,0,0,0,0,0,0,0,0,0,0,0,1,0,0,0,0,1,0,0,0,111,entropy,1.0,3,2,sqrt,True,0
fri_c2_500_50_920,4,0.99,0.0882015228271484,0.0048372745513916,1,0,0,1,0,0,0,0,0,0,0,0,0,0,0,0,0,1,0,0,0,0,1,0,0,0,35,gini,16.0,3,1,sqrt,True,0
fri_c2_500_50_920,4,0.99,0.0862009525299072,0.0046989917755126,0,1,0,1,0,1,0,0,0,0,0,0,0,0,0,0,0,0,0,0,0,0,1,0,0,0,141,log_loss,22.0,2,1,sqrt,False,0
fri_c2_500_50_920,4,0.99,0.0808868408203125,0.0047118663787841,0,1,0,0,1,0,0,0,0,0,0,0,0,0,0,0,0,1,0,0,0,0,1,0,0,0,56,gini,18.0,6,2,log2,False,0
fri_c2_500_50_920,4,0.99,0.0842881202697753,0.0052845478057861,1,0,0,0,1,1,0,0,0,0,0,0,0,0,0,0,0,0,0,0,0,0,1,0,0,0,87,gini,,2,1,log2,False,0
fri_c2_500_50_920,4,0.99,0.0889747142791748,0.0048189163208007,0,1,1,0,0,1,0,0,0,0,0,0,0,0,0,0,0,0,0,0,0,0,1,0,0,0,117,log_loss,16.0,2,1,log2,True,0
fri_c2_500_50_920,4,0.99,0.0840950012207031,0.0048532485961914,1,0,1,0,0,0,0,0,0,0,0,0,0,0,0,0,0,1,0,0,0,0,1,0,0,0,54,gini,,3,2,log2,True,0
fri_c2_500_50_920,4,0.99,0.0845115184783935,0.0047113895416259,0,1,0,0,1,1,0,0,0,0,0,0,0,0,0,0,0,0,0,0,0,0,1,0,0,0,10,entropy,,2,1,sqrt,False,0
fri_c2_500_50_920,4,0.99,0.0828332901000976,0.0048239231109619,0,1,1,0,0,0,0,0,0,0,0,0,0,0,0,0,0,1,0,0,0,0,1,0,0,0,81,entropy,10.0,3,1,,False,0
fri_c2_500_50_920,4,0.99,0.105762243270874,0.0053508281707763,1,0,0,1,0,1,0,0,0,0,0,0,0,0,0,0,0,0,0,0,0,0,1,0,0,0,28,gini,,4,1,sqrt,True,0
fri_c2_500_50_920,4,0.97,0.0874013900756836,0.0046086311340332,0,1,1,0,0,1,0,0,0,0,0,0,0,0,0,0,0,0,0,1,0,0,0,0,0,0,136,gini,,2,1,,False,0
fri_c2_500_50_920,4,0.97,0.0823256969451904,0.0048341751098632,1,0,1,0,0,1,0,0,0,0,0,0,0,0,0,0,0,0,0,1,0,0,0,0,0,0,42,log_loss,,3,2,sqrt,False,0
fri_c2_500_50_920,4,0.97,0.0834889411926269,0.0046379566192626,1,0,1,0,0,1,0,0,0,0,0,0,0,0,0,0,0,0,0,0,1,0,0,0,0,0,174,gini,,2,1,sqrt,True,0
fri_c2_500_50_920,4,0.97,0.0859837532043457,0.0049037933349609,0,1,1,0,0,1,0,0,0,0,0,0,0,0,0,0,0,0,0,0,0,0,0,0,1,0,100,gini,1.0,6,1,,True,0
fri_c2_500_50_920,4,0.97,0.0849440097808837,0.004786729812622,0,1,1,0,0,0,0,0,0,0,0,0,0,0,0,0,0,1,0,0,0,0,0,0,1,0,103,entropy,,2,2,log2,True,0
fri_c2_500_50_920,4,0.97,0.093987226486206,0.0048186779022216,0,1,1,0,0,0,0,0,0,0,0,0,0,0,0,0,0,1,0,1,0,0,0,0,0,0,10,gini,9.0,2,2,log2,False,0
fri_c2_500_50_920,4,0.97,0.0816791057586669,0.0047609806060791,0,1,0,0,1,0,0,0,0,0,0,0,0,0,0,0,0,1,0,0,0,0,0,1,0,0,107,entropy,,4,1,sqrt,False,0
fri_c2_500_50_920,4,0.97,0.083453893661499,0.0049757957458496,1,0,0,0,1,0,0,0,0,0,0,0,0,0,0,0,0,1,0,0,0,0,0,0,1,0,96,gini,4.0,2,1,,False,0
blood-transfusion-service-center_1464,3,0.8456375838926175,0.106464147567749,0.0064878463745117,0,1,0,0,1,0,1,0,0,0,0,0,0,0,0,0,0,0,0,0,0,0,0,0,1,0,35,log_loss,,3,1,,False,0
blood-transfusion-service-center_1464,3,0.8456375838926175,0.0911529064178466,0.0064272880554199,0,1,1,0,0,0,0,0,0,0,0,0,0,0,0,0,0,1,0,0,0,1,0,0,0,0,104,gini,,2,1,sqrt,True,0
blood-transfusion-service-center_1464,3,0.8456375838926175,0.1174254417419433,0.0064780712127685,0,1,1,0,0,0,0,0,1,0,0,0,0,0,0,0,0,0,0,0,0,1,0,0,0,0,80,gini,,2,1,sqrt,True,0
blood-transfusion-service-center_1464,3,0.8456375838926175,0.1273984909057617,0.0081758499145507,0,1,0,0,1,0,0,0,0,1,0,0,0,0,0,0,0,0,0,1,0,0,0,0,0,0,89,log_loss,18.0,7,1,log2,False,0
blood-transfusion-service-center_1464,3,0.8456375838926175,0.1076240539550781,0.0063731670379638,1,0,0,1,0,0,1,0,0,0,0,0,0,0,0,0,0,0,0,0,0,0,0,0,1,0,101,gini,9.0,4,2,,False,0
blood-transfusion-service-center_1464,3,0.8456375838926175,0.1135218143463134,0.0061149597167968,1,0,0,1,0,0,0,0,0,1,0,0,0,0,0,0,0,0,0,1,0,0,0,0,0,0,76,gini,24.0,4,2,log2,True,0
blood-transfusion-service-center_1464,3,0.8456375838926175,0.1108665466308593,0.005974531173706,0,1,0,1,0,0,0,0,0,1,0,0,0,0,0,0,0,0,0,1,0,0,0,0,0,0,112,log_loss,15.0,3,1,,True,0
blood-transfusion-service-center_1464,3,0.8456375838926175,0.1317570209503173,0.0065209865570068,1,0,1,0,0,0,0,0,0,1,0,0,0,0,0,0,0,0,0,1,0,0,0,0,0,0,96,entropy,15.0,2,1,sqrt,False,0
blood-transfusion-service-center_1464,3,0.8456375838926175,0.0968239307403564,0.0065526962280273,1,0,0,1,0,0,0,0,0,0,0,0,0,0,0,0,0,1,0,0,0,1,0,0,0,0,124,gini,1.0,3,1,,False,0
blood-transfusion-service-center_1464,3,0.8456375838926175,0.105860948562622,0.0063812732696533,0,1,1,0,0,0,1,0,0,0,0,0,0,0,0,0,0,0,0,0,0,0,0,0,1,0,74,gini,,3,2,sqrt,True,0
blood-transfusion-service-center_1464,3,0.8456375838926175,0.1172373294830322,0.0062835216522216,0,1,1,0,0,0,0,0,0,1,0,0,0,0,0,0,0,0,0,1,0,0,0,0,0,0,47,log_loss,18.0,2,1,sqrt,False,0
blood-transfusion-service-center_1464,3,0.8456375838926175,0.0958626270294189,0.0062260627746582,1,0,0,1,0,0,0,0,1,0,0,0,0,0,0,0,0,0,0,0,0,1,0,0,0,0,65,gini,,2,1,sqrt,False,0
blood-transfusion-service-center_1464,3,0.8456375838926175,0.0960834026336669,0.0064272880554199,0,1,0,0,1,0,0,0,0,0,0,0,0,0,0,0,0,1,0,0,0,1,0,0,0,0,172,log_loss,7.0,2,1,log2,True,0
blood-transfusion-service-center_1464,3,0.8456375838926175,0.1096754074096679,0.0096466541290283,1,0,0,0,1,0,1,0,0,0,0,0,0,0,0,0,0,0,0,0,0,0,0,0,1,0,148,gini,,3,2,sqrt,False,0
blood-transfusion-service-center_1464,3,0.8456375838926175,0.1024401187896728,0.0065128803253173,0,1,0,1,0,0,0,0,1,0,0,0,0,0,0,0,0,0,0,0,0,1,0,0,0,0,161,log_loss,21.0,2,2,,False,0
blood-transfusion-service-center_1464,3,0.8456375838926175,0.1112415790557861,0.0064804553985595,0,1,0,0,1,0,0,0,1,0,0,0,0,0,0,0,0,0,0,0,0,1,0,0,0,0,164,gini,1.0,3,1,,True,0
blood-transfusion-service-center_1464,3,0.8456375838926175,0.1029987335205078,0.0062041282653808,1,0,1,0,0,0,1,0,0,0,0,0,0,0,0,0,0,0,0,0,0,0,0,0,1,0,77,gini,7.0,2,2,,False,0
blood-transfusion-service-center_1464,3,0.8456375838926175,0.0997226238250732,0.0063061714172363,0,1,0,1,0,0,1,0,0,0,0,0,0,0,0,0,0,0,0,0,0,0,0,0,1,0,115,gini,29.0,5,1,sqrt,False,0
blood-transfusion-service-center_1464,3,0.8456375838926175,0.1179111003875732,0.00636887550354,1,0,0,0,1,0,0,0,0,1,0,0,0,0,0,0,0,0,0,1,0,0,0,0,0,0,104,gini,27.0,2,2,sqrt,False,0
blood-transfusion-service-center_1464,3,0.8456375838926175,0.0954430103302002,0.0063033103942871,1,0,1,0,0,0,0,0,1,0,0,0,0,0,0,0,0,0,0,0,0,1,0,0,0,0,133,gini,,2,1,sqrt,True,0
fri_c1_1000_50_837,1,0.955,0.1009070873260498,0.0059859752655029,1,0,1,0,0,0,0,0,0,0,0,0,0,0,0,0,0,1,0,0,1,0,0,0,0,0,135,entropy,4.0,2,1,,True,0
fri_c1_1000_50_837,1,0.955,0.0976877212524414,0.0057663917541503,0,1,0,0,1,0,0,0,0,0,0,0,0,0,0,0,0,1,0,0,0,0,0,0,1,0,133,log_loss,15.0,3,2,log2,True,0
fri_c1_1000_50_837,1,0.955,0.1037395000457763,0.0062315464019775,1,0,0,0,1,0,0,0,0,0,0,0,0,0,0,0,0,1,0,0,0,0,0,0,1,0,111,entropy,1.0,3,1,,True,0
fri_c1_1000_50_837,1,0.955,0.1032862663269043,0.0062158107757568,1,0,0,0,1,0,0,0,0,0,0,0,0,0,0,0,0,1,0,1,0,0,0,0,0,0,186,entropy,,2,3,sqrt,True,0
fri_c1_1000_50_837,1,0.955,0.1016008853912353,0.0065155029296875,1,0,1,0,0,0,0,0,0,0,0,0,0,0,0,0,0,1,0,1,0,0,0,0,0,0,166,entropy,,2,2,log2,True,0
fri_c1_1000_50_837,1,0.955,0.104011058807373,0.0062835216522216,1,0,0,0,1,0,0,0,0,0,0,0,0,0,0,0,0,1,0,0,0,0,0,0,0,1,150,gini,12.0,2,2,log2,True,0
fri_c1_1000_50_837,1,0.955,0.099790334701538,0.0063517093658447,0,1,1,0,0,0,0,0,0,0,0,0,0,0,0,0,0,1,0,0,1,0,0,0,0,0,228,gini,,2,1,sqrt,True,0
fri_c1_1000_50_837,1,0.955,0.1018273830413818,0.0064597129821777,1,0,0,1,0,0,0,0,0,0,0,0,0,0,0,0,0,1,0,0,0,0,0,0,0,1,93,log_loss,19.0,2,3,,False,0
fri_c1_1000_50_837,1,0.955,0.1047413349151611,0.0069243907928466,1,0,0,1,0,0,0,0,0,0,0,0,0,0,0,0,0,1,0,1,0,0,0,0,0,0,77,log_loss,20.0,4,1,,True,0
fri_c1_1000_50_837,1,0.955,0.1010007858276367,0.0062954425811767,1,0,1,0,0,0,0,0,0,0,0,0,0,0,0,0,0,1,0,0,0,0,0,0,0,1,143,entropy,4.0,2,1,,False,0
fri_c1_1000_50_837,1,0.955,0.1036522388458252,0.0063397884368896,0,1,0,1,0,0,0,0,0,0,0,0,0,0,0,0,0,1,0,0,0,0,0,0,1,0,87,gini,11.0,3,2,sqrt,False,0
fri_c1_1000_50_837,1,0.955,0.1021258831024169,0.006190538406372,1,0,1,0,0,0,0,0,0,0,0,0,0,0,0,0,0,1,0,0,0,0,0,0,1,0,101,gini,8.0,2,2,sqrt,True,0
fri_c1_1000_50_837,1,0.955,0.1036691665649414,0.0060944557189941,0,1,0,1,0,0,0,0,0,0,0,0,0,0,0,0,0,1,0,1,0,0,0,0,0,0,51,gini,,4,1,sqrt,True,0
fri_c1_1000_50_837,1,0.955,0.1026690006256103,0.0061542987823486,0,1,1,0,0,0,0,0,0,0,0,0,0,0,0,0,0,1,0,1,0,0,0,0,0,0,130,log_loss,,2,2,sqrt,False,0
fri_c1_1000_50_837,1,0.955,0.1014575958251953,0.0063366889953613,0,1,1,0,0,0,0,0,0,0,0,0,0,0,0,0,0,1,0,0,0,0,0,0,0,1,26,entropy,24.0,2,1,,False,0
fri_c1_1000_50_837,1,0.955,0.1023566722869873,0.0062830448150634,0,1,0,1,0,0,0,0,0,0,0,0,0,0,0,0,0,1,0,0,0,0,0,0,0,1,95,entropy,,5,1,sqrt,True,0
fri_c1_1000_50_837,1,0.955,0.1016089916229248,0.006054401397705,0,1,0,0,1,0,0,0,0,0,0,0,0,0,0,0,0,1,0,0,1,0,0,0,0,0,99,entropy,,2,1,,True,0
fri_c1_1000_50_837,1,0.955,0.1083719730377197,0.0061995983123779,0,1,0,0,1,0,0,0,0,0,0,0,0,0,0,0,0,1,0,0,0,0,0,0,0,1,78,gini,,2,1,sqrt,True,0
fri_c1_1000_50_837,1,0.955,0.0999197959899902,0.0058825016021728,1,0,0,0,1,0,0,0,0,0,0,0,0,0,0,0,0,1,0,0,1,0,0,0,0,0,12,log_loss,1.0,5,1,log2,False,0
fri_c1_1000_50_837,1,0.955,0.1024129390716552,0.0064218044281005,1,0,0,1,0,0,0,0,0,0,0,0,0,0,0,0,0,1,0,0,0,0,0,0,1,0,12,gini,28.0,4,1,sqrt,False,0
PizzaCutter3_1444,0,0.9186602870813396,0.4450716972351074,0.0075428485870361,0,1,1,0,0,0,0,0,0,0,0,0,0,0,0,1,0,0,0,0,0,1,0,0,0,0,79,log_loss,9.0,4,1,,False,0
PizzaCutter3_1444,0,0.9186602870813396,0.4578032493591308,0.0078396797180175,1,0,0,1,0,0,0,0,0,0,0,0,0,0,0,1,0,0,0,0,0,1,0,0,0,0,96,gini,8.0,2,1,log2,True,0
PizzaCutter3_1444,0,0.9186602870813396,0.4516215324401855,0.0075917243957519,1,0,0,0,1,0,0,0,0,0,0,0,0,0,0,1,0,0,0,0,0,1,0,0,0,0,163,log_loss,17.0,2,1,,False,0
PizzaCutter3_1444,0,0.9186602870813396,0.4522480964660644,0.0077219009399414,0,1,0,0,1,0,0,0,0,0,0,0,0,0,0,1,0,0,0,0,0,1,0,0,0,0,10,gini,,2,1,sqrt,False,0
PizzaCutter3_1444,0,0.9186602870813396,0.4704294204711914,0.0076582431793212,1,0,1,0,0,0,0,0,0,0,0,0,0,0,0,1,0,0,0,0,0,1,0,0,0,0,83,log_loss,,2,1,sqrt,False,0
PizzaCutter3_1444,0,0.9186602870813396,0.4580025672912597,0.0078284740447998,0,1,0,1,0,0,0,0,0,0,0,0,0,0,0,1,0,0,0,0,0,1,0,0,0,0,82,gini,,3,1,,True,0
PizzaCutter3_1444,0,0.9138755980861244,0.1107392311096191,0.0058910846710205,1,0,0,0,1,0,0,0,0,0,0,1,0,0,0,0,0,0,0,1,0,0,0,0,0,0,10,gini,20.0,2,1,log2,False,0
PizzaCutter3_1444,0,0.9138755980861244,0.2014136314392089,0.0061182975769042,0,1,1,0,0,0,0,0,0,0,0,0,0,0,1,0,0,0,0,1,0,0,0,0,0,0,77,log_loss,,2,1,sqrt,False,0
PizzaCutter3_1444,0,0.9138755980861244,0.1105773448944091,0.005810260772705,1,0,0,1,0,0,0,0,0,0,0,1,0,0,0,0,0,0,0,0,0,0,0,0,0,1,23,log_loss,1.0,2,1,,False,0
PizzaCutter3_1444,0,0.9138755980861244,0.1141359806060791,0.0069637298583984,1,0,1,0,0,0,0,0,0,0,0,1,0,0,0,0,0,0,0,0,1,0,0,0,0,0,10,gini,,3,2,sqrt,False,0
PizzaCutter3_1444,0,0.9138755980861244,0.2159826755523681,0.0063099861145019,1,0,1,0,0,0,0,0,0,0,0,0,0,0,1,0,0,0,0,1,0,0,0,0,0,0,87,log_loss,14.0,2,1,sqrt,True,0
PizzaCutter3_1444,0,0.9138755980861244,0.1109273433685302,0.0058169364929199,1,0,1,0,0,0,0,0,0,0,0,1,0,0,0,0,0,0,0,1,0,0,0,0,0,0,85,entropy,3.0,2,1,log2,False,0
PizzaCutter3_1444,0,0.9138755980861244,0.1118297576904296,0.0060715675354003,1,0,1,0,0,0,0,0,0,0,0,1,0,0,0,0,0,0,0,0,0,0,0,0,0,1,88,gini,,2,1,log2,False,0
PizzaCutter3_1444,0,0.9138755980861244,0.1135551929473877,0.0056929588317871,1,0,0,0,1,0,0,0,0,0,0,1,0,0,0,0,0,0,0,0,0,0,0,0,0,1,113,gini,16.0,2,1,log2,False,0
PizzaCutter3_1444,0,0.9138755980861244,0.2201011180877685,0.006272554397583,0,1,0,1,0,0,0,0,0,0,0,0,0,0,1,0,0,0,0,0,0,0,0,0,1,0,56,gini,20.0,2,2,sqrt,True,0
PizzaCutter3_1444,0,0.9138755980861244,3.594088077545166,0.0079298019409179,1,0,0,0,1,0,0,0,0,0,0,1,0,0,0,0,0,0,0,0,1,0,0,0,0,0,190,log_loss,,2,1,,True,0
PizzaCutter3_1444,0,0.9138755980861244,0.1178791522979736,0.0061616897583007,1,0,1,0,0,0,0,0,0,0,0,1,0,0,0,0,0,0,0,0,0,0,0,0,1,0,98,log_loss,6.0,2,2,,False,0
PizzaCutter3_1444,0,0.9138755980861244,0.1158220767974853,0.0058488845825195,0,1,0,1,0,0,0,0,0,0,0,1,0,0,0,0,0,0,0,1,0,0,0,0,0,0,164,entropy,35.0,2,1,sqrt,True,0
PizzaCutter3_1444,0,0.9138755980861244,0.1135294437408447,0.0060987472534179,0,1,0,0,1,0,0,0,0,0,0,1,0,0,0,0,0,0,0,0,0,0,0,0,0,1,16,entropy,23.0,2,2,sqrt,False,0
PizzaCutter3_1444,0,0.9138755980861244,0.1106312274932861,0.0070583820343017,0,1,1,0,0,0,0,0,0,0,0,1,0,0,0,0,0,0,0,0,1,0,0,0,0,0,58,entropy,,2,1,sqrt,True,0
robot-failures-lp5_1520,3,0.9090909090909092,0.0871491432189941,0.0048029422760009,0,1,1,0,0,1,0,0,0,0,0,0,0,0,0,0,0,0,0,0,1,0,0,0,0,0,134,gini,25.0,2,1,,True,0
robot-failures-lp5_1520,3,0.9090909090909092,0.0959622859954834,0.0054316520690917,1,0,1,0,0,1,0,0,0,0,0,0,0,0,0,0,0,0,0,0,1,0,0,0,0,0,89,gini,17.0,4,1,,True,0
robot-failures-lp5_1520,3,0.9090909090909092,0.0847957134246826,0.0046119689941406,0,1,0,0,1,1,0,0,0,0,0,0,0,0,0,0,0,0,0,0,0,0,0,0,0,1,46,gini,28.0,4,2,log2,False,0
robot-failures-lp5_1520,3,0.9090909090909092,0.0850040912628173,0.004617691040039,1,0,1,0,0,1,0,0,0,0,0,0,0,0,0,0,0,0,0,1,0,0,0,0,0,0,10,entropy,16.0,2,1,,True,0
robot-failures-lp5_1520,3,0.9090909090909092,0.0847988128662109,0.0048682689666748,0,1,0,0,1,1,0,0,0,0,0,0,0,0,0,0,0,0,0,1,0,0,0,0,0,0,137,log_loss,15.0,2,1,log2,True,0
robot-failures-lp5_1520,3,0.9090909090909092,0.0843560695648193,0.0045831203460693,0,1,0,1,0,1,0,0,0,0,0,0,0,0,0,0,0,0,0,0,1,0,0,0,0,0,133,gini,,2,1,sqrt,True,0
robot-failures-lp5_1520,3,0.9090909090909092,0.0839772224426269,0.0046069622039794,0,1,0,0,1,1,0,0,0,0,0,0,0,0,0,0,0,0,0,0,1,0,0,0,0,0,112,gini,,4,1,sqrt,True,0
robot-failures-lp5_1520,3,0.9090909090909092,0.0840284824371337,0.0045680999755859,1,0,0,1,0,1,0,0,0,0,0,0,0,0,0,0,0,0,0,0,0,0,0,0,1,0,75,log_loss,,5,2,sqrt,False,0
robot-failures-lp5_1520,3,0.9090909090909092,0.0855612754821777,0.0046706199645996,1,0,0,0,1,1,0,0,0,0,0,0,0,0,0,0,0,0,0,0,0,0,0,0,0,1,44,gini,21.0,2,3,sqrt,True,0
robot-failures-lp5_1520,3,0.9090909090909092,0.0854787826538086,0.004777193069458,0,1,0,0,1,1,0,0,0,0,0,0,0,0,0,0,0,0,0,0,0,0,0,0,1,0,97,entropy,,2,3,log2,True,0
robot-failures-lp5_1520,3,0.9090909090909092,0.0877425670623779,0.0049571990966796,1,0,0,0,1,1,0,0,0,0,0,0,0,0,0,0,0,0,0,0,0,0,0,0,1,0,34,gini,,3,2,sqrt,True,0
robot-failures-lp5_1520,3,0.9090909090909092,0.0842707157135009,0.0046126842498779,1,0,0,0,1,1,0,0,0,0,0,0,0,0,0,0,0,0,0,0,1,0,0,0,0,0,62,entropy,,2,1,sqrt,False,0
robot-failures-lp5_1520,3,0.9090909090909092,0.0901930332183837,0.0048258304595947,0,1,1,0,0,1,0,0,0,0,0,0,0,0,0,0,0,0,0,0,0,0,0,0,0,1,163,log_loss,28.0,2,1,sqrt,True,0
robot-failures-lp5_1520,3,0.9090909090909092,0.0853862762451171,0.0046603679656982,1,0,0,0,1,1,0,0,0,0,0,0,0,0,0,0,0,0,0,1,0,0,0,0,0,0,10,gini,13.0,3,3,log2,False,0
robot-failures-lp5_1520,3,0.9090909090909092,0.0860767364501953,0.00502610206604,1,0,1,0,0,1,0,0,0,0,0,0,0,0,0,0,0,0,0,0,0,0,0,0,1,0,134,log_loss,28.0,4,1,,True,0
robot-failures-lp5_1520,3,0.9090909090909092,0.0855302810668945,0.004737377166748,0,1,0,1,0,1,0,0,0,0,0,0,0,0,0,0,0,0,0,0,0,0,0,0,0,1,175,gini,18.0,2,1,,True,0
robot-failures-lp5_1520,3,0.9090909090909092,0.0839521884918212,0.0046525001525878,1,0,0,1,0,1,0,0,0,0,0,0,0,0,0,0,0,0,0,0,1,0,0,0,0,0,141,gini,22.0,7,1,log2,False,0
robot-failures-lp5_1520,3,0.9090909090909092,0.084291934967041,0.0045661926269531,0,1,1,0,0,1,0,0,0,0,0,0,0,0,0,0,0,0,0,0,0,0,0,0,1,0,120,gini,,2,1,,False,0
robot-failures-lp5_1520,3,0.9090909090909092,0.0878174304962158,0.0048375129699707,1,0,0,1,0,1,0,0,0,0,0,0,0,0,0,0,0,0,0,0,0,0,0,0,0,1,77,log_loss,,2,1,sqrt,True,0
robot-failures-lp5_1520,3,0.9090909090909092,0.0865867137908935,0.0051348209381103,1,0,0,1,0,1,0,0,0,0,0,0,0,0,0,0,0,0,0,1,0,0,0,0,0,0,68,gini,,2,2,sqrt,False,0
fri_c4_500_50_805,1,0.91,0.0973351001739502,0.0054047107696533,1,0,0,1,0,1,0,0,0,0,0,0,0,0,0,0,0,0,0,0,1,0,0,0,0,0,179,entropy,23.0,2,1,log2,False,0
fri_c4_500_50_805,1,0.91,0.0832116603851318,0.0049471855163574,0,1,0,1,0,1,0,0,0,0,0,0,0,0,0,0,0,0,0,1,0,0,0,0,0,0,157,gini,40.0,2,2,sqrt,False,0
fri_c4_500_50_805,1,0.91,0.0843739509582519,0.0047888755798339,1,0,0,1,0,1,0,0,0,0,0,0,0,0,0,0,0,0,0,0,0,0,0,0,0,1,102,log_loss,,2,1,sqrt,False,0
fri_c4_500_50_805,1,0.91,0.090317964553833,0.0053861141204833,1,0,1,0,0,1,0,0,0,0,0,0,0,0,0,0,0,0,0,0,0,0,0,0,0,1,78,log_loss,7.0,3,1,sqrt,False,0
fri_c4_500_50_805,1,0.91,0.0829870700836181,0.0047481060028076,1,0,0,0,1,1,0,0,0,0,0,0,0,0,0,0,0,0,0,1,0,0,0,0,0,0,13,log_loss,30.0,2,2,sqrt,False,0
fri_c4_500_50_805,1,0.91,0.0894937515258789,0.0052161216735839,0,1,0,1,0,1,0,0,0,0,0,0,0,0,0,0,0,0,0,0,0,0,0,0,1,0,56,gini,,3,1,sqrt,False,0
fri_c4_500_50_805,1,0.91,0.0826921463012695,0.0051453113555908,0,1,0,1,0,1,0,0,0,0,0,0,0,0,0,0,0,0,0,0,1,0,0,0,0,0,133,gini,,2,1,,False,0
fri_c4_500_50_805,1,0.91,0.0862221717834472,0.0049777030944824,1,0,0,1,0,1,0,0,0,0,0,0,0,0,0,0,0,0,0,1,0,0,0,0,0,0,85,gini,12.0,4,2,,True,0
fri_c4_500_50_805,1,0.91,0.0828230381011962,0.0049049854278564,0,1,0,0,1,1,0,0,0,0,0,0,0,0,0,0,0,0,0,0,1,0,0,0,0,0,119,gini,,2,1,,True,0
fri_c4_500_50_805,1,0.91,0.0877325534820556,0.0049386024475097,0,1,0,1,0,1,0,0,0,0,0,0,0,0,0,0,0,0,0,0,0,0,0,0,0,1,10,gini,9.0,4,2,sqrt,False,0
fri_c4_500_50_805,1,0.91,0.0832128524780273,0.0048966407775878,0,1,1,0,0,1,0,0,0,0,0,0,0,0,0,0,0,0,0,1,0,0,0,0,0,0,123,gini,,2,1,sqrt,False,0
fri_c4_500_50_805,1,0.91,0.0894489288330078,0.0053136348724365,1,0,1,0,0,1,0,0,0,0,0,0,0,0,0,0,0,0,0,0,1,0,0,0,0,0,155,gini,13.0,2,1,sqrt,False,0
fri_c4_500_50_805,1,0.91,0.0919530391693115,0.005281925201416,1,0,0,0,1,1,0,0,0,0,0,0,0,0,0,0,0,0,0,0,0,0,0,0,1,0,11,gini,,5,1,log2,True,0
fri_c4_500_50_805,1,0.91,0.0838763713836669,0.0048885345458984,1,0,1,0,0,1,0,0,0,0,0,0,0,0,0,0,0,0,0,1,0,0,0,0,0,0,119,gini,,5,1,sqrt,False,0
fri_c4_500_50_805,1,0.91,0.0853755474090576,0.0048840045928955,1,0,0,0,1,1,0,0,0,0,0,0,0,0,0,0,0,0,0,0,0,0,0,0,0,1,167,gini,1.0,3,1,sqrt,False,0
fri_c4_500_50_805,1,0.91,0.0864484310150146,0.0048873424530029,0,1,1,0,0,1,0,0,0,0,0,0,0,0,0,0,0,0,0,0,0,0,0,0,0,1,184,gini,16.0,2,1,sqrt,False,0
fri_c4_500_50_805,1,0.91,0.083585500717163,0.0048732757568359,0,1,0,0,1,1,0,0,0,0,0,0,0,0,0,0,0,0,0,1,0,0,0,0,0,0,75,entropy,,2,1,,False,0
fri_c4_500_50_805,1,0.91,0.0818006992340087,0.0047187805175781,0,1,1,0,0,1,0,0,0,0,0,0,0,0,0,0,0,0,0,0,0,0,0,0,1,0,139,gini,,5,1,log2,True,0
fri_c4_500_50_805,1,0.91,0.0867125988006591,0.0050451755523681,1,0,1,0,0,1,0,0,0,0,0,0,0,0,0,0,0,0,0,0,0,0,0,0,1,0,171,log_loss,26.0,5,1,sqrt,False,0
fri_c4_500_50_805,1,0.91,0.0826132297515869,0.0049912929534912,0,1,0,0,1,1,0,0,0,0,0,0,0,0,0,0,0,0,0,0,0,0,0,0,0,1,120,entropy,1.0,2,1,,False,0
SPECT_336,4,0.8679245283018868,0.0787057876586914,0.0043649673461914,0,1,1,0,0,0,0,1,0,0,0,0,0,0,0,0,0,0,0,0,0,0,0,1,0,0,164,log_loss,8.0,7,2,,False,0
SPECT_336,4,0.8679245283018868,0.0781698226928711,0.0043754577636718,0,1,1,0,0,0,0,0,0,0,1,0,0,0,0,0,0,0,0,0,0,0,0,1,0,0,98,log_loss,12.0,3,1,sqrt,False,0
SPECT_336,4,0.8679245283018868,0.1122920513153076,0.0048198699951171,0,1,1,0,0,0,0,0,0,0,0,0,1,0,0,0,0,0,0,0,0,0,0,1,0,0,120,gini,,2,1,sqrt,False,0
SPECT_336,4,0.8679245283018868,0.1245093345642089,0.0044372081756591,0,1,0,1,0,0,0,0,0,0,0,0,1,0,0,0,0,0,0,0,0,0,0,0,1,0,69,gini,17.0,2,1,,True,0
SPECT_336,4,0.8679245283018868,0.1229138374328613,0.0044441223144531,0,1,1,0,0,0,0,0,0,0,0,0,1,0,0,0,0,0,0,0,1,0,0,0,0,0,92,gini,36.0,2,1,sqrt,False,0
SPECT_336,4,0.8679245283018868,0.1176533699035644,0.0043976306915283,1,0,0,1,0,0,0,0,0,0,0,0,1,0,0,0,0,0,0,0,0,0,0,0,0,1,122,gini,7.0,2,1,,True,0
SPECT_336,4,0.8679245283018868,0.0801079273223877,0.0043792724609375,0,1,0,1,0,0,0,0,0,0,1,0,0,0,0,0,0,0,0,1,0,0,0,0,0,0,65,gini,1.0,5,2,sqrt,True,0
SPECT_336,4,0.8679245283018868,0.1123163700103759,0.0049829483032226,1,0,0,0,1,0,0,0,0,0,0,0,1,0,0,0,0,0,0,1,0,0,0,0,0,0,89,log_loss,33.0,2,1,sqrt,False,0
SPECT_336,4,0.8679245283018868,0.1104152202606201,0.0048413276672363,1,0,1,0,0,0,0,0,0,0,0,0,1,0,0,0,0,0,0,0,0,0,0,0,1,0,138,gini,1.0,2,2,sqrt,False,0
SPECT_336,4,0.8679245283018868,0.0794160366058349,0.0043301582336425,0,1,0,0,1,0,0,0,0,0,1,0,0,0,0,0,0,0,0,0,0,0,0,0,1,0,203,log_loss,22.0,3,1,log2,False,0
SPECT_336,4,0.8679245283018868,0.0773060321807861,0.0044724941253662,1,0,1,0,0,0,0,1,0,0,0,0,0,0,0,0,0,0,0,0,0,0,0,0,1,0,10,log_loss,5.0,2,1,,False,0
SPECT_336,4,0.8679245283018868,0.0770661830902099,0.0044381618499755,0,1,0,0,1,0,0,1,0,0,0,0,0,0,0,0,0,0,0,1,0,0,0,0,0,0,199,entropy,1.0,7,1,sqrt,False,0
SPECT_336,4,0.8679245283018868,0.0760481357574462,0.0044333934783935,1,0,0,1,0,0,0,1,0,0,0,0,0,0,0,0,0,0,0,0,0,1,0,0,0,0,87,gini,11.0,4,1,sqrt,True,0
SPECT_336,4,0.8679245283018868,0.0807416439056396,0.004451036453247,0,1,1,0,0,0,0,0,0,0,1,0,0,0,0,0,0,0,0,0,1,0,0,0,0,0,148,entropy,24.0,2,1,sqrt,False,0
SPECT_336,4,0.8679245283018868,0.0811085700988769,0.0047426223754882,0,1,1,0,0,0,0,0,0,0,1,0,0,0,0,0,0,0,0,0,0,0,1,0,0,0,158,gini,,4,1,,False,0
SPECT_336,4,0.8679245283018868,0.0771205425262451,0.0044207572937011,0,1,1,0,0,0,0,1,0,0,0,0,0,0,0,0,0,0,0,0,1,0,0,0,0,0,178,gini,21.0,3,1,,False,0
SPECT_336,4,0.8679245283018868,0.0803916454315185,0.0046260356903076,1,0,0,0,1,0,0,0,0,0,1,0,0,0,0,0,0,0,0,0,0,0,0,0,0,1,64,log_loss,23.0,3,1,sqrt,True,0
SPECT_336,4,0.8679245283018868,0.0849032402038574,0.0044476985931396,0,1,0,1,0,0,0,0,0,0,1,0,0,0,0,0,0,0,0,0,0,0,0,0,1,0,89,gini,2.0,2,1,,False,0
SPECT_336,4,0.8679245283018868,0.0771267414093017,0.0043401718139648,0,1,0,1,0,0,0,1,0,0,0,0,0,0,0,0,0,0,0,0,0,0,0,0,1,0,97,gini,,3,1,log2,True,0
SPECT_336,4,0.8679245283018868,0.1231091022491455,0.0047414302825927,0,1,0,0,1,0,0,0,0,0,0,0,1,0,0,0,0,0,0,1,0,0,0,0,0,0,82,log_loss,,2,1,sqrt,False,0
LED-display-domain-7digit_40496,4,0.78,0.0995750427246093,0.0052700042724609,1,0,1,0,0,0,0,0,0,1,0,0,0,0,0,0,0,0,0,0,0,0,0,0,1,0,166,gini,,5,1,log2,True,0
LED-display-domain-7digit_40496,4,0.78,0.0809917449951171,0.0046582221984863,0,1,0,0,1,0,0,0,0,0,0,0,0,1,0,0,0,0,0,0,0,0,0,0,0,1,96,entropy,,2,1,sqrt,False,0
LED-display-domain-7digit_40496,4,0.78,0.0821437835693359,0.0049877166748046,1,0,1,0,0,0,0,0,0,0,0,0,0,1,0,0,0,0,0,0,0,1,0,0,0,0,19,entropy,,2,2,,True,0
LED-display-domain-7digit_40496,4,0.78,0.0815377235412597,0.0049118995666503,1,0,1,0,0,0,1,0,0,0,0,0,0,0,0,0,0,0,0,0,0,1,0,0,0,0,68,gini,8.0,2,3,sqrt,True,0
LED-display-domain-7digit_40496,4,0.78,0.077571153640747,0.0050053596496582,0,1,0,0,1,0,0,0,0,0,0,0,0,0,0,0,0,0,1,0,0,0,0,0,0,1,21,log_loss,26.0,2,1,,True,0
LED-display-domain-7digit_40496,4,0.78,0.1076667308807373,0.0049850940704345,0,1,1,0,0,0,0,0,0,0,0,0,0,0,0,0,1,0,0,0,0,1,0,0,0,0,89,log_loss,26.0,2,1,,True,0
LED-display-domain-7digit_40496,4,0.78,0.1050186157226562,0.0053925514221191,0,1,1,0,0,0,0,0,0,1,0,0,0,0,0,0,0,0,0,1,0,0,0,0,0,0,134,gini,,2,1,log2,False,0
LED-display-domain-7digit_40496,4,0.78,0.1028950214385986,0.004929780960083,0,1,0,0,1,0,0,0,0,1,0,0,0,0,0,0,0,0,0,0,1,0,0,0,0,0,67,gini,17.0,2,1,sqrt,True,0
LED-display-domain-7digit_40496,4,0.78,0.0790286064147949,0.0049443244934082,0,1,1,0,0,0,0,0,0,0,0,0,0,0,0,0,0,0,1,0,0,0,1,0,0,0,80,entropy,5.0,2,1,,False,0
LED-display-domain-7digit_40496,4,0.78,0.0799674987792968,0.0047473907470703,1,0,0,1,0,0,0,0,0,0,0,1,0,0,0,0,0,0,0,0,0,1,0,0,0,0,86,entropy,,6,1,log2,False,0
LED-display-domain-7digit_40496,4,0.78,0.1158690452575683,0.0046746730804443,0,1,0,0,1,0,0,0,0,0,0,0,0,0,0,0,1,0,0,0,0,0,0,0,1,0,107,entropy,,2,1,,True,0
LED-display-domain-7digit_40496,4,0.78,0.0989151000976562,0.0051414966583251,1,0,0,1,0,0,0,0,0,1,0,0,0,0,0,0,0,0,0,0,0,0,0,0,1,0,126,gini,14.0,4,1,sqrt,True,0
LED-display-domain-7digit_40496,4,0.78,0.1257739067077636,0.004983901977539,0,1,0,0,1,0,0,0,0,0,0,0,1,0,0,0,0,0,0,0,1,0,0,0,0,0,140,gini,26.0,5,1,,False,0
LED-display-domain-7digit_40496,4,0.78,0.0788531303405761,0.0051052570343017,1,0,1,0,0,0,0,0,0,0,0,0,0,0,0,0,0,0,1,0,0,1,0,0,0,0,213,log_loss,24.0,2,2,,False,0
LED-display-domain-7digit_40496,4,0.78,0.0803256034851074,0.004758596420288,0,1,1,0,0,0,0,0,0,0,0,1,0,0,0,0,0,0,0,0,0,1,0,0,0,0,106,gini,,2,2,,False,0
LED-display-domain-7digit_40496,4,0.78,0.0808386802673339,0.005059003829956,0,1,1,0,0,0,0,0,0,0,0,0,0,1,0,0,0,0,0,0,0,1,0,0,0,0,137,entropy,27.0,2,1,sqrt,False,0
LED-display-domain-7digit_40496,4,0.78,0.1145589351654052,0.0049591064453125,1,0,1,0,0,0,0,0,0,0,0,0,0,0,0,0,1,0,0,0,0,1,0,0,0,0,21,log_loss,,2,1,sqrt,False,0
LED-display-domain-7digit_40496,4,0.78,0.1095833778381347,0.0049741268157958,0,1,1,0,0,0,0,0,0,1,0,0,0,0,0,0,0,0,0,0,0,0,1,0,0,0,81,gini,26.0,5,1,sqrt,False,0
LED-display-domain-7digit_40496,4,0.78,0.07859468460083,0.0055315494537353,0,1,1,0,0,0,0,0,0,0,0,0,0,0,0,0,0,0,1,0,0,1,0,0,0,0,86,entropy,7.0,2,1,sqrt,False,0
LED-display-domain-7digit_40496,4,0.78,0.0836145877838134,0.0049912929534912,1,0,0,1,0,0,0,0,0,0,0,0,0,1,0,0,0,0,0,0,0,0,1,0,0,0,49,gini,,4,2,sqrt,False,0
Mammographic-Mass-Data-Set_45557,0,0.8341968911917098,0.0946118831634521,0.0066518783569335,0,1,0,1,0,0,0,0,0,0,0,0,0,0,0,0,0,0,1,0,1,0,0,0,0,0,73,log_loss,,2,2,,True,0
Mammographic-Mass-Data-Set_45557,0,0.8341968911917098,0.0967347621917724,0.0065374374389648,0,1,1,0,0,0,0,0,0,0,0,0,0,0,0,0,0,0,1,0,1,0,0,0,0,0,95,gini,,2,2,log2,False,0
Mammographic-Mass-Data-Set_45557,0,0.8341968911917098,2.4241318702697754,0.008047342300415,0,1,0,0,1,0,0,0,0,0,0,0,0,0,0,1,0,0,0,0,0,0,0,1,0,0,75,gini,,3,1,sqrt,True,0
Mammographic-Mass-Data-Set_45557,0,0.8341968911917098,2.6214799880981445,0.0085408687591552,0,1,1,0,0,0,0,0,0,0,0,0,0,0,0,1,0,0,0,0,0,0,0,1,0,0,230,entropy,,5,1,,False,0
Mammographic-Mass-Data-Set_45557,0,0.8341968911917098,0.1019239425659179,0.0070903301239013,0,1,0,0,1,0,0,0,0,0,0,0,0,0,0,0,0,0,1,0,1,0,0,0,0,0,126,log_loss,10.0,3,2,log2,False,0
Mammographic-Mass-Data-Set_45557,0,0.8341968911917098,2.416512012481689,0.0079483985900878,0,1,0,1,0,0,0,0,0,0,0,0,0,0,0,1,0,0,0,0,0,0,0,1,0,0,200,gini,11.0,3,1,,False,0
Mammographic-Mass-Data-Set_45557,1,0.828125,0.0757031440734863,0.0048387050628662,0,1,0,1,0,0,0,0,0,0,1,0,0,0,0,0,0,0,0,0,1,0,0,0,0,0,175,gini,13.0,2,2,,False,0
Mammographic-Mass-Data-Set_45557,1,0.828125,0.0759925842285156,0.0048780441284179,0,1,1,0,0,0,0,0,0,0,1,0,0,0,0,0,0,0,0,0,1,0,0,0,0,0,68,gini,1.0,3,3,,True,0
Mammographic-Mass-Data-Set_45557,1,0.828125,0.0759394168853759,0.0051264762878417,0,1,0,0,1,0,0,0,0,0,1,0,0,0,0,0,0,0,0,0,1,0,0,0,0,0,102,gini,1.0,5,2,sqrt,False,0
Mammographic-Mass-Data-Set_45557,0,0.8238341968911918,0.0928285121917724,0.0065448284149169,0,1,0,0,1,0,0,0,0,0,0,0,0,0,0,0,0,0,1,0,0,0,0,0,1,0,78,log_loss,28.0,3,2,,True,0
Mammographic-Mass-Data-Set_45557,0,0.8238341968911918,0.1029582023620605,0.0071282386779785,0,1,1,0,0,0,0,0,0,0,0,0,0,0,0,0,0,0,1,0,0,0,0,0,1,0,92,gini,,2,1,sqrt,True,0
Mammographic-Mass-Data-Set_45557,0,0.8238341968911918,0.0953211784362793,0.0102636814117431,0,1,0,1,0,0,0,0,0,0,0,0,0,0,0,0,0,0,1,0,0,0,0,0,1,0,51,entropy,34.0,5,1,log2,False,0
Mammographic-Mass-Data-Set_45557,0,0.8238341968911918,0.101236343383789,0.006284475326538,0,1,0,0,1,0,0,0,0,0,0,0,0,1,0,0,0,0,0,0,0,0,0,0,1,0,78,log_loss,,2,1,,False,0
Mammographic-Mass-Data-Set_45557,0,0.8238341968911918,0.110926866531372,0.0070836544036865,0,1,1,0,0,0,0,0,0,0,0,0,0,1,0,0,0,0,0,0,0,0,0,0,1,0,118,log_loss,,3,1,sqrt,False,0
Mammographic-Mass-Data-Set_45557,0,0.8238341968911918,0.1006655693054199,0.0062460899353027,0,1,0,1,0,0,0,0,0,0,0,0,0,1,0,0,0,0,0,0,0,0,0,0,1,0,117,entropy,8.0,4,1,log2,False,0
Mammographic-Mass-Data-Set_45557,0,0.8186528497409327,0.2135748863220214,0.0070602893829345,0,1,1,0,0,0,0,0,0,0,0,0,1,0,0,0,0,0,0,0,0,0,0,1,0,0,113,gini,1.0,4,1,sqrt,False,0
Mammographic-Mass-Data-Set_45557,0,0.8186528497409327,0.2009415626525879,0.006305456161499,0,1,0,0,1,0,0,0,0,0,0,0,1,0,0,0,0,0,0,0,0,0,0,1,0,0,97,gini,4.0,2,1,sqrt,True,0
Mammographic-Mass-Data-Set_45557,0,0.8186528497409327,0.2123417854309082,0.0063400268554687,0,1,0,1,0,0,0,0,0,0,0,0,1,0,0,0,0,0,0,0,0,0,0,1,0,0,143,log_loss,11.0,2,1,sqrt,False,0
Mammographic-Mass-Data-Set_45557,0,0.8134715025906736,0.1059675216674804,0.0065281391143798,0,1,1,0,0,0,0,0,0,0,0,0,0,0,1,0,0,0,0,0,0,0,0,0,0,1,87,log_loss,,2,2,,True,0
Mammographic-Mass-Data-Set_45557,0,0.8134715025906736,0.1012752056121826,0.0062975883483886,0,1,0,0,1,0,0,0,0,0,0,0,0,1,0,0,0,0,0,0,0,0,1,0,0,0,170,gini,10.0,5,1,sqrt,False,0
vote_56,1,0.9885057471264368,0.0793907642364502,0.0046112537384033,0,1,0,0,1,0,0,0,0,0,0,1,0,0,0,0,0,0,0,0,0,0,0,0,0,1,10,log_loss,,3,1,,True,0
vote_56,1,0.9885057471264368,0.1235785484313964,0.0055294036865234,0,1,0,0,1,0,0,0,0,0,0,0,0,0,0,1,0,0,0,0,0,1,0,0,0,0,133,log_loss,,5,1,log2,True,0
vote_56,4,0.9885057471264368,0.0798337459564209,0.0048487186431884,0,1,0,0,1,1,0,0,0,0,0,0,0,0,0,0,0,0,0,0,0,1,0,0,0,0,124,log_loss,,3,1,log2,False,0
vote_56,0,0.9885057471264368,0.0795619487762451,0.0048658847808837,0,1,0,0,1,0,0,0,0,0,1,0,0,0,0,0,0,0,0,0,0,0,0,0,0,1,66,entropy,13.0,2,2,,False,0
vote_56,1,0.9885057471264368,0.0768296718597412,0.0044083595275878,0,1,0,0,1,0,0,0,0,0,0,1,0,0,0,0,0,0,0,0,0,0,0,0,1,0,82,log_loss,19.0,2,2,log2,False,0
vote_56,1,0.9885057471264368,0.0827507972717285,0.0050318241119384,0,1,0,0,1,0,0,0,0,0,1,0,0,0,0,0,0,0,0,0,0,1,0,0,0,0,123,log_loss,6.0,5,2,sqrt,True,0
vote_56,1,0.9885057471264368,0.083397626876831,0.0047719478607177,0,1,0,0,1,0,0,0,0,0,0,1,0,0,0,0,0,0,0,0,0,0,1,0,0,0,146,gini,18.0,2,1,sqrt,True,0
vote_56,1,0.9885057471264368,0.0894818305969238,0.004573106765747,0,1,0,0,1,0,0,0,0,0,0,0,0,0,1,0,0,0,0,0,0,1,0,0,0,0,13,log_loss,16.0,4,1,log2,False,0
vote_56,0,0.9885057471264368,0.0734620094299316,0.0065336227416992,0,1,0,0,1,0,0,0,0,0,1,0,0,0,0,0,0,0,0,0,0,0,0,0,1,0,131,gini,15.0,2,1,log2,False,0
vote_56,1,0.9885057471264368,0.0826878547668457,0.004728078842163,0,1,0,0,1,0,0,0,0,0,0,1,0,0,0,0,0,0,0,1,0,0,0,0,0,0,77,gini,8.0,2,1,sqrt,False,0
vote_56,0,0.9885057471264368,0.0731701850891113,0.0046570301055908,0,1,0,0,1,0,0,0,0,0,1,0,0,0,0,0,0,0,0,0,1,0,0,0,0,0,156,log_loss,2.0,4,1,log2,False,0
vote_56,1,0.9885057471264368,0.0840859413146972,0.0043623447418212,0,1,0,0,1,0,0,0,0,0,0,0,0,0,1,0,0,0,0,0,0,0,0,0,0,1,10,entropy,32.0,2,1,sqrt,False,0
vote_56,1,0.9885057471264368,0.0798442363739013,0.0056533813476562,0,1,0,0,1,0,0,0,0,0,0,1,0,0,0,0,0,0,0,0,1,0,0,0,0,0,222,log_loss,21.0,3,1,,False,0
vote_56,1,0.9885057471264368,0.0781497955322265,0.0044326782226562,0,1,0,0,1,0,0,0,0,0,0,1,0,0,0,0,0,0,0,0,0,1,0,0,0,0,56,gini,,2,1,log2,False,0
vote_56,1,0.9770114942528736,0.0737614631652832,0.0042324066162109,1,0,0,1,0,0,0,0,1,0,0,0,0,0,0,0,0,0,0,0,0,0,0,0,1,0,171,gini,14.0,2,1,,True,0
vote_56,1,0.9770114942528736,0.0733439922332763,0.0042619705200195,0,1,0,1,0,0,0,0,1,0,0,0,0,0,0,0,0,0,0,0,0,1,0,0,0,0,97,gini,13.0,3,1,log2,False,0
vote_56,4,0.9770114942528736,0.0767595767974853,0.0043320655822753,0,1,0,1,0,0,0,0,1,0,0,0,0,0,0,0,0,0,0,0,0,1,0,0,0,0,59,gini,20.0,2,2,,True,0
vote_56,4,0.9770114942528736,0.0782582759857177,0.0047559738159179,1,0,0,1,0,0,0,0,0,0,0,0,0,0,0,0,0,1,0,0,0,0,0,0,1,0,113,entropy,1.0,2,2,log2,False,0
vote_56,1,0.9770114942528736,0.0673201084136962,0.0039849281311035,0,1,0,1,0,0,0,0,1,0,0,0,0,0,0,0,0,0,0,0,0,0,0,0,0,1,151,gini,4.0,2,1,log2,False,0
vote_56,4,0.9770114942528736,0.0771491527557373,0.0045030117034912,0,1,0,1,0,0,0,0,1,0,0,0,0,0,0,0,0,0,0,0,1,0,0,0,0,0,22,gini,,2,1,sqrt,True,0
chscase_census2_909,2,0.675,0.0879898071289062,0.0050539970397949,0,1,1,0,0,0,0,0,0,0,0,0,0,1,0,0,0,0,0,0,0,0,0,1,0,0,135,gini,,3,1,sqrt,False,0
chscase_census2_909,2,0.675,0.0880484580993652,0.0050792694091796,0,1,0,1,0,0,0,0,0,0,0,0,0,1,0,0,0,0,0,0,0,0,0,1,0,0,99,log_loss,6.0,5,2,,True,0
chscase_census2_909,2,0.675,0.08803391456604,0.0050635337829589,1,0,0,0,1,0,0,0,0,0,0,0,0,1,0,0,0,0,0,0,0,0,0,1,0,0,129,gini,,4,1,sqrt,False,0
chscase_census2_909,2,0.675,0.0881168842315673,0.004934549331665,1,0,1,0,0,0,0,0,0,0,0,0,0,1,0,0,0,0,0,0,0,0,0,1,0,0,101,entropy,16.0,4,3,sqrt,True,0
chscase_census2_909,2,0.675,0.0874722003936767,0.0050861835479736,0,1,0,0,1,0,0,0,0,0,0,0,0,1,0,0,0,0,0,0,0,0,0,1,0,0,71,gini,29.0,2,1,,False,0
chscase_census2_909,2,0.675,0.0877826213836669,0.0050182342529296,1,0,0,1,0,0,0,0,0,0,0,0,0,1,0,0,0,0,0,0,0,0,0,1,0,0,44,gini,,3,1,log2,False,0
chscase_census2_909,2,0.65,0.1103639602661132,0.0054576396942138,0,1,0,0,1,0,0,0,0,1,0,0,0,0,0,0,0,0,0,0,0,0,1,0,0,0,134,log_loss,,2,2,sqrt,True,0
chscase_census2_909,2,0.65,0.1101562976837158,0.0057568550109863,1,0,1,0,0,0,0,0,0,1,0,0,0,0,0,0,0,0,0,0,0,0,1,0,0,0,133,gini,16.0,2,3,sqrt,True,0
chscase_census2_909,2,0.65,0.1096627712249755,0.005505084991455,0,1,0,1,0,0,0,0,0,1,0,0,0,0,0,0,0,0,0,0,0,0,1,0,0,0,133,entropy,16.0,4,2,log2,True,0
chscase_census2_909,2,0.65,0.1107316017150878,0.0055251121520996,1,0,0,0,1,0,0,0,0,1,0,0,0,0,0,0,0,0,0,0,0,0,1,0,0,0,121,entropy,,4,1,log2,True,0
chscase_census2_909,2,0.65,0.1096434593200683,0.0055675506591796,1,0,0,1,0,0,0,0,0,1,0,0,0,0,0,0,0,0,0,0,0,0,1,0,0,0,147,entropy,4.0,2,1,,True,0
chscase_census2_909,2,0.65,0.1129488945007324,0.0056009292602539,0,1,1,0,0,0,0,0,0,1,0,0,0,0,0,0,0,0,0,0,0,0,1,0,0,0,170,entropy,6.0,2,1,sqrt,True,0
chscase_census2_909,3,0.6375,0.0836009979248046,0.0052988529205322,1,0,0,1,0,0,0,0,0,0,0,0,0,0,0,0,0,0,1,0,0,0,0,0,0,1,10,log_loss,,2,1,log2,True,0
chscase_census2_909,2,0.6375,0.0905854701995849,0.0051772594451904,0,1,0,0,1,0,0,0,0,0,0,1,0,0,0,0,0,0,0,0,0,0,1,0,0,0,10,entropy,,2,1,,False,0
chscase_census2_909,3,0.6375,0.0952339172363281,0.0053470134735107,1,0,0,0,1,0,0,0,0,0,0,0,0,0,0,0,0,0,1,0,0,0,0,0,0,1,186,gini,,3,2,,True,0
chscase_census2_909,2,0.6375,1.4845023155212402,0.005263328552246,1,0,0,1,0,0,0,0,0,0,0,1,0,0,0,0,0,0,0,0,0,0,1,0,0,0,33,gini,13.0,4,1,sqrt,False,0
chscase_census2_909,2,0.6375,0.0887374877929687,0.0051081180572509,0,1,0,0,1,0,1,0,0,0,0,0,0,0,0,0,0,0,0,0,0,1,0,0,0,0,46,log_loss,16.0,2,2,sqrt,True,0
chscase_census2_909,2,0.6375,0.0879602432250976,0.0050292015075683,1,0,1,0,0,0,0,0,0,0,0,1,0,0,0,0,0,0,0,0,0,0,1,0,0,0,86,log_loss,5.0,2,1,log2,False,0
chscase_census2_909,2,0.6375,0.088414192199707,0.0050091743469238,0,1,0,0,1,0,0,0,0,0,0,0,0,1,0,0,0,0,0,1,0,0,0,0,0,0,17,gini,17.0,2,2,,False,0
chscase_census2_909,2,0.6375,0.0887534618377685,0.0050580501556396,0,1,0,1,0,0,1,0,0,0,0,0,0,0,0,0,0,0,0,0,0,1,0,0,0,0,81,gini,,5,2,,False,0
autoPrice_756,1,1.0,0.0715744495391845,0.0043168067932128,1,0,1,0,0,0,0,0,0,0,0,0,0,0,0,0,0,1,0,0,1,0,0,0,0,0,53,gini,,2,2,log2,True,0
autoPrice_756,3,1.0,0.1168222427368164,0.0046935081481933,0,1,0,0,1,0,0,0,0,1,0,0,0,0,0,0,0,0,0,0,0,0,0,1,0,0,88,entropy,,2,2,,False,0
autoPrice_756,0,1.0,0.0715665817260742,0.0042605400085449,1,0,1,0,0,0,0,0,0,0,0,0,0,0,0,0,0,1,0,0,1,0,0,0,0,0,114,gini,,3,2,sqrt,True,0
autoPrice_756,1,1.0,0.0741288661956787,0.0052583217620849,1,0,1,0,0,0,0,0,0,0,0,1,0,0,0,0,0,0,0,0,1,0,0,0,0,0,83,log_loss,18.0,2,2,,False,0
autoPrice_756,1,1.0,0.0982184410095214,0.0049724578857421,0,1,0,0,1,0,0,0,0,1,0,0,0,0,0,0,0,0,0,0,0,0,0,1,0,0,80,log_loss,23.0,2,3,,False,0
autoPrice_756,3,1.0,0.0739133358001709,0.0053672790527343,1,0,1,0,0,0,0,0,0,0,0,1,0,0,0,0,0,0,0,0,1,0,0,0,0,0,113,log_loss,,6,3,,False,0
autoPrice_756,1,1.0,0.0841472148895263,0.0047848224639892,1,0,0,0,1,0,1,0,0,0,0,0,0,0,0,0,0,0,0,0,0,0,0,1,0,0,152,gini,,6,1,,False,0
autoPrice_756,1,1.0,0.0757308006286621,0.0045452117919921,1,0,0,0,1,0,0,0,0,0,0,1,0,0,0,0,0,0,0,0,0,0,0,1,0,0,180,log_loss,,2,1,sqrt,False,0
autoPrice_756,3,1.0,0.0824601650238037,0.0044515132904052,1,0,0,0,1,0,0,0,0,0,0,1,0,0,0,0,0,0,0,0,0,0,0,1,0,0,89,entropy,24.0,2,1,sqrt,True,0
autoPrice_756,1,1.0,0.0776221752166748,0.0046396255493164,1,0,0,0,1,0,0,0,0,0,0,0,0,1,0,0,0,0,0,0,0,0,0,1,0,0,191,gini,22.0,2,1,sqrt,False,0
autoPrice_756,1,1.0,0.076481819152832,0.0044600963592529,1,0,0,0,1,0,0,0,0,0,1,0,0,0,0,0,0,0,0,0,0,0,1,0,0,0,144,gini,6.0,2,2,,True,0
autoPrice_756,1,1.0,0.0984115600585937,0.0051400661468505,1,0,0,0,1,0,0,0,0,0,0,0,0,0,0,1,0,0,0,0,0,0,0,1,0,0,38,entropy,,4,1,,False,0
autoPrice_756,1,1.0,0.081972599029541,0.0047304630279541,1,0,0,0,1,0,0,0,0,0,0,0,0,0,1,0,0,0,0,0,0,0,0,1,0,0,37,log_loss,20.0,7,2,sqrt,True,0
autoPrice_756,3,1.0,0.0819842815399169,0.0046489238739013,1,0,0,0,1,0,0,0,0,0,0,0,0,0,1,0,0,0,0,0,0,0,0,1,0,0,71,gini,,2,3,sqrt,True,0
autoPrice_756,1,1.0,0.0970184803009033,0.0048880577087402,1,0,0,0,1,0,0,0,0,0,0,0,1,0,0,0,0,0,0,0,0,0,0,1,0,0,172,gini,17.0,2,1,log2,False,0
autoPrice_756,3,1.0,0.0969531536102294,0.0049731731414794,1,0,0,0,1,0,0,0,0,0,0,0,1,0,0,0,0,0,0,0,0,0,0,1,0,0,75,gini,14.0,2,1,sqrt,True,0
autoPrice_756,1,1.0,0.0786585807800293,0.0046782493591308,1,0,0,0,1,0,0,0,1,0,0,0,0,0,0,0,0,0,0,0,0,0,0,1,0,0,10,log_loss,10.0,2,1,sqrt,False,0
autoPrice_756,3,1.0,0.094611644744873,0.0050446987152099,1,0,0,0,1,0,0,0,0,0,0,0,0,0,0,1,0,0,0,0,0,0,0,1,0,0,89,log_loss,1.0,2,1,,False,0
autoPrice_756,1,1.0,0.0850579738616943,0.0049910545349121,1,0,0,0,1,0,0,0,0,0,0,0,0,0,0,0,1,0,0,0,0,0,0,1,0,0,10,gini,12.0,2,1,sqrt,False,0
autoPrice_756,3,1.0,0.0805325508117675,0.0044736862182617,1,0,0,0,1,0,0,0,0,0,0,0,0,0,0,0,1,0,0,0,0,0,0,1,0,0,47,gini,,4,2,log2,True,0
