target_dataset,neighbor_id,distance_l1,rank
40701.0,1067,1.7210678772663908,1
40701.0,1480,1.7376614978712008,2
40701.0,31,1.916136926407093,3
40701.0,1487,1.9824306303977206,4
40701.0,1489,2.0156949750271744,5
