dataset_id,num_max_mean,instance_count,num_mean_mean,kurtosis_mean,number_of_features,number_of_numeric_features,num_min_mean,number_of_categorical_features,skewness_max,skewness_min,skewness_std,number_of_classes,skewness_mean,kurtosis_min,log_number_of_features,log_instance_count,class_entropy,ratio_numerical_features,ratio_outlier_features,class_max_prob,canonical_corr_attr_class,mean_categorical_imbalance,num_zero_frac,class_entropy_norm
40701,0.00028378955383957056,0.046963055729492796,0.0017288394242566604,0.0003383446213978646,0.005215123859191656,0.005208333333333333,0.3578866828700943,0.002572347266881029,0.009503493735259615,0.9648534903632842,0.007843172039116072,0.0,0.19786027878256773,0.050922260894677225,0.24224696702910045,0.43768532452741754,0.05459130120817148,0.8,0.875,0.9053760086318768,0.2379566151684276,0.5354536900405952,0.048315513705686694,0.40883560360350824
