Dataset,Fold,Fold Accuracy,Training Time,Testing Time,Imputer Strategy_none,Imputer Strategy_simpleimputer,Categorical Strategy_none,Categorical Strategy_onehot,Categorical Strategy_ordinalencoder,Feature Selection_extra_tree,Feature Selection_fastica,Feature Selection_feature_agglomeration,Feature Selection_generic_univariate,Feature Selection_kernel_pca,Feature Selection_linear_svc,Feature Selection_none,Feature Selection_nystroem,Feature Selection_pca,Feature Selection_polynomial_features,Feature Selection_rbf_sampler,Feature Selection_select_percentile,Feature Selection_truncated_svd,Scaler_minmax,Scaler_none,Scaler_normalizer,Scaler_power,Scaler_quantile,Scaler_robust,Scaler_standard,var_smoothing
autoUniv-au6-1000_1555,3,0.325,0.0015628337860107,0.000317096710205,0,1,0,0,1,0,0,0,0,0,0,0,0,0,0,0,1,0,0,0,0,0,1,0,0,7.716801450367001e-09
autoUniv-au6-1000_1555,3,0.325,0.001805305480957,0.000309944152832,1,0,0,0,1,0,0,0,1,0,0,0,0,0,0,0,0,0,0,0,0,0,1,0,0,2.204787092226468e-08
autoUniv-au6-1000_1555,3,0.325,0.0017440319061279,0.0003364086151123,0,1,0,1,0,0,0,0,1,0,0,0,0,0,0,0,0,0,0,0,0,0,1,0,0,1.033882414607629e-10
autoUniv-au6-1000_1555,3,0.325,0.0017659664154052,0.0002944469451904,1,0,0,1,0,0,0,0,1,0,0,0,0,0,0,0,0,0,0,0,0,0,1,0,0,1.0387855581868608e-08
autoUniv-au6-1000_1555,3,0.325,0.0016078948974609,0.0003151893615722,1,0,0,0,1,0,0,0,0,0,0,0,0,0,0,0,1,0,0,0,0,0,1,0,0,3.743311771161058e-10
autoUniv-au6-1000_1555,3,0.325,0.0017182826995849,0.0003597736358642,0,1,0,0,1,0,0,0,1,0,0,0,0,0,0,0,0,0,0,0,0,0,1,0,0,3.272718161465425e-11
autoUniv-au6-1000_1555,3,0.32,0.0017080307006835,0.0003259181976318,0,1,0,1,0,0,0,0,0,0,0,0,0,0,0,0,1,0,0,0,0,0,1,0,0,1.0341613666669687e-11
autoUniv-au6-1000_1555,3,0.32,0.0016007423400878,0.0003209114074707,1,0,0,1,0,0,0,0,0,0,0,0,0,0,0,0,1,0,0,0,0,0,1,0,0,9.441265496713335e-09
autoUniv-au6-1000_1555,3,0.315,0.0015475749969482,0.0002946853637695,0,1,0,0,1,0,0,0,1,0,0,0,0,0,0,0,0,0,0,0,0,1,0,0,0,5.558739415554296e-11
autoUniv-au6-1000_1555,3,0.315,0.001800537109375,0.0003325939178466,1,0,0,0,1,0,0,0,1,0,0,0,0,0,0,0,0,0,0,0,0,1,0,0,0,1.6024132848901866e-11
autoUniv-au6-1000_1555,3,0.315,0.0017390251159667,0.0002961158752441,1,0,0,1,0,0,0,0,1,0,0,0,0,0,0,0,0,0,0,0,0,1,0,0,0,9.74622313590312e-10
autoUniv-au6-1000_1555,3,0.315,0.0015671253204345,0.0002939701080322,0,1,0,1,0,0,0,0,1,0,0,0,0,0,0,0,0,0,0,0,0,1,0,0,0,2.4366443155779073e-10
autoUniv-au6-1000_1555,3,0.31,0.0015792846679687,0.0002956390380859,0,1,0,0,1,0,0,0,1,0,0,0,0,0,0,0,0,0,0,0,1,0,0,0,0,5.8509558078652565e-09
autoUniv-au6-1000_1555,3,0.31,0.0015811920166015,0.0003392696380615,0,1,0,0,1,0,0,0,0,0,0,0,0,0,0,0,0,1,0,0,1,0,0,0,0,2.688172794726884e-11
autoUniv-au6-1000_1555,3,0.31,0.0017275810241699,0.0003225803375244,0,1,0,1,0,0,0,0,0,0,0,0,0,0,0,0,1,0,0,1,0,0,0,0,0,3.3932251598710574e-11
autoUniv-au6-1000_1555,3,0.31,0.0016403198242187,0.0003724098205566,0,1,0,1,0,0,0,0,0,0,0,0,0,0,0,0,0,1,0,0,1,0,0,0,0,4.1345746086090734e-10
autoUniv-au6-1000_1555,3,0.31,0.0015537738800048,0.0002906322479248,1,0,0,0,1,0,0,0,1,0,0,0,0,0,0,0,0,0,0,0,1,0,0,0,0,1.2067927329337438e-09
autoUniv-au6-1000_1555,3,0.31,0.0021014213562011,0.0003952980041503,1,0,0,0,1,0,0,0,0,0,0,0,0,0,0,0,0,1,0,0,1,0,0,0,0,1.9805037765735893e-08
autoUniv-au6-1000_1555,3,0.31,0.0019357204437255,0.0003767013549804,0,1,0,0,1,0,0,0,0,0,0,0,0,0,0,0,1,0,0,1,0,0,0,0,0,2.200395579196372e-09
autoUniv-au6-1000_1555,3,0.31,0.0015559196472167,0.0002925395965576,1,0,0,1,0,0,0,0,1,0,0,0,0,0,0,0,0,0,0,0,1,0,0,0,0,4.0774606693399865e-08
analcatdata_creditscore_461,1,1.0,0.0006439685821533,0.0001344680786132,1,0,1,0,0,0,0,0,0,0,0,0,0,0,0,0,0,1,0,1,0,0,0,0,0,7.431412088076236e-11
analcatdata_creditscore_461,3,1.0,0.0008783340454101,0.0001618862152099,0,1,0,0,1,0,0,0,0,1,0,0,0,0,0,0,0,0,0,0,0,0,1,0,0,2.4259288761812687e-09
analcatdata_creditscore_461,0,1.0,0.001645803451538,0.0008032321929931,1,0,1,0,0,0,0,0,0,0,0,1,0,0,0,0,0,0,0,1,0,0,0,0,0,4.177857657378961e-09
analcatdata_creditscore_461,1,1.0,0.0014512538909912,0.0008184909820556,1,0,1,0,0,0,0,0,0,0,0,1,0,0,0,0,0,0,0,1,0,0,0,0,0,8.002399098297243e-09
analcatdata_creditscore_461,0,1.0,0.0007209777832031,0.0001399517059326,1,0,1,0,0,0,0,0,0,0,0,0,0,0,0,0,0,1,0,1,0,0,0,0,0,9.007469348030845e-08
analcatdata_creditscore_461,3,1.0,0.0013856887817382,0.0007808208465576,1,0,1,0,0,0,0,0,0,0,0,1,0,0,0,0,0,0,0,1,0,0,0,0,0,7.449640059165968e-10
analcatdata_creditscore_461,4,1.0,0.0015158653259277,0.000817060470581,1,0,1,0,0,0,0,0,0,0,0,1,0,0,0,0,0,0,0,1,0,0,0,0,0,3.0010851609460946e-10
analcatdata_creditscore_461,3,1.0,0.0007326602935791,0.0001468658447265,0,1,1,0,0,0,0,0,0,0,0,0,0,0,0,0,1,0,0,0,1,0,0,0,0,2.5634609177232958e-08
analcatdata_creditscore_461,1,1.0,0.0007078647613525,0.0001344680786132,0,1,0,0,1,0,0,0,0,0,1,0,0,0,0,0,0,0,0,0,0,0,1,0,0,5.095227974918121e-11
analcatdata_creditscore_461,3,1.0,0.0007445812225341,0.0001361370086669,0,1,0,0,1,0,0,0,0,0,1,0,0,0,0,0,0,0,0,0,0,0,1,0,0,1.4064114359413782e-11
analcatdata_creditscore_461,4,1.0,0.0006327629089355,0.0001349449157714,0,1,0,0,1,0,0,0,0,0,1,0,0,0,0,0,0,0,0,0,0,0,1,0,0,5.947798049285631e-10
analcatdata_creditscore_461,3,1.0,0.00067138671875,0.0001347064971923,1,0,1,0,0,0,0,0,0,0,0,0,0,1,0,0,0,0,0,1,0,0,0,0,0,9.745932926368312e-11
analcatdata_creditscore_461,0,1.0,0.000760793685913,0.000138521194458,0,1,0,0,1,1,0,0,0,0,0,0,0,0,0,0,0,0,0,0,0,0,1,0,0,3.855685524989028e-10
analcatdata_creditscore_461,0,1.0,0.0007219314575195,0.0001473426818847,0,1,1,0,0,0,0,0,0,0,0,0,0,0,1,0,0,0,0,0,1,0,0,0,0,8.796972731922742e-08
analcatdata_creditscore_461,1,1.0,0.0007002353668212,0.000148057937622,0,1,1,0,0,0,0,0,0,0,0,0,0,0,1,0,0,0,0,0,1,0,0,0,0,2.4771535105045167e-10
analcatdata_creditscore_461,1,1.0,0.0006897449493408,0.0001368522644042,0,1,1,0,0,0,0,0,0,0,0,0,0,0,0,0,0,1,0,0,1,0,0,0,0,6.789891486017468e-09
analcatdata_creditscore_461,3,1.0,0.0007491111755371,0.0001587867736816,0,1,1,0,0,0,0,0,0,0,0,0,0,0,0,0,0,1,0,0,1,0,0,0,0,1.0037095098988191e-10
analcatdata_creditscore_461,4,1.0,0.0007071495056152,0.0001380443572998,0,1,1,0,0,0,0,0,0,0,0,0,0,0,0,0,0,1,0,0,1,0,0,0,0,1.6356552617257839e-10
analcatdata_creditscore_461,0,1.0,0.0007073879241943,0.0001356601715087,0,1,1,0,0,0,0,0,0,0,0,0,0,0,0,0,1,0,0,0,1,0,0,0,0,9.389031018549504e-11
analcatdata_creditscore_461,1,1.0,0.0006716251373291,0.0001673698425292,0,1,1,0,0,0,0,0,0,0,0,0,0,0,0,0,1,0,0,0,1,0,0,0,0,1.9437637605775682e-09
sa-heart_1498,2,0.8260869565217391,0.0015931129455566,0.0002074241638183,0,1,1,0,0,0,0,0,0,1,0,0,0,0,0,0,0,0,0,0,0,0,1,0,0,8.024802353741036e-11
sa-heart_1498,2,0.8260869565217391,0.0038034915924072,0.0002274513244628,1,0,0,1,0,0,0,0,0,1,0,0,0,0,0,0,0,0,0,0,0,0,1,0,0,7.472336319370694e-09
sa-heart_1498,2,0.8260869565217391,0.0009098052978515,0.0001740455627441,1,0,1,0,0,0,0,0,0,0,0,0,0,1,0,0,0,0,0,0,0,0,1,0,0,5.261345164756238e-09
sa-heart_1498,2,0.8260869565217391,0.0009021759033203,0.0001659393310546,0,1,1,0,0,0,0,0,0,0,0,0,0,1,0,0,0,0,0,0,0,0,1,0,0,4.842601184908002e-10
sa-heart_1498,2,0.8260869565217391,0.0010900497436523,0.0001935958862304,1,0,1,0,0,0,0,0,0,1,0,0,0,0,0,0,0,0,0,0,0,0,1,0,0,1.2656338570603023e-11
sa-heart_1498,2,0.8260869565217391,0.0011305809020996,0.000192642211914,1,0,0,0,1,0,0,0,0,1,0,0,0,0,0,0,0,0,0,0,0,0,1,0,0,1.2319824718498164e-11
sa-heart_1498,2,0.8260869565217391,0.0008466243743896,0.0001654624938964,1,0,0,1,0,0,0,0,0,0,0,0,0,1,0,0,0,0,0,0,0,0,1,0,0,1.3527802945717832e-09
sa-heart_1498,2,0.8260869565217391,0.00091552734375,0.0001697540283203,1,0,0,0,1,0,0,0,0,0,0,0,0,1,0,0,0,0,0,0,0,0,1,0,0,2.2740254154127977e-08
sa-heart_1498,2,0.8260869565217391,0.0008482933044433,0.0001661777496337,0,1,0,1,0,0,0,0,0,0,0,0,0,1,0,0,0,0,0,0,0,0,1,0,0,2.4859631431138212e-09
sa-heart_1498,2,0.8260869565217391,0.0010757446289062,0.0001938343048095,0,1,0,0,1,0,0,0,0,1,0,0,0,0,0,0,0,0,0,0,0,0,1,0,0,5.528430398904744e-10
sa-heart_1498,2,0.8260869565217391,0.0008864402770996,0.0001676082611083,0,1,0,0,1,0,0,0,0,0,0,0,0,1,0,0,0,0,0,0,0,0,1,0,0,3.376566706419616e-08
sa-heart_1498,2,0.8260869565217391,0.0010898113250732,0.0002264976501464,0,1,0,1,0,0,0,0,0,1,0,0,0,0,0,0,0,0,0,0,0,0,1,0,0,6.13736279248143e-11
sa-heart_1498,2,0.8043478260869565,0.0008556842803955,0.0001599788665771,1,0,0,1,0,0,0,1,0,0,0,0,0,0,0,0,0,0,0,0,0,0,0,0,1,2.739666613281939e-10
sa-heart_1498,2,0.8043478260869565,0.0011115074157714,0.000190258026123,0,1,0,0,1,0,0,0,0,0,0,0,0,0,1,0,0,0,0,0,0,0,0,1,0,1.8248946899555158e-09
sa-heart_1498,2,0.8043478260869565,0.0008933544158935,0.0001859664916992,1,0,0,0,1,0,0,0,0,0,0,0,0,0,1,0,0,0,0,0,0,0,0,1,0,1.4678371546676154e-10
sa-heart_1498,2,0.8043478260869565,0.000868797302246,0.0001606941223144,1,0,1,0,0,0,0,1,0,0,0,0,0,0,0,0,0,0,0,0,0,0,0,0,1,9.79151576376613e-08
sa-heart_1498,2,0.8043478260869565,0.0009040832519531,0.0001866817474365,0,1,0,1,0,0,0,0,0,0,0,0,0,0,1,0,0,0,0,0,0,0,0,1,0,6.445901544229981e-10
sa-heart_1498,2,0.8043478260869565,0.0008521080017089,0.0001630783081054,0,1,0,1,0,0,0,1,0,0,0,0,0,0,0,0,0,0,0,0,0,0,0,0,1,1.6102336324112702e-11
sa-heart_1498,2,0.8043478260869565,0.0009665489196777,0.0001990795135498,1,0,1,0,0,0,0,0,0,0,0,0,0,0,1,0,0,0,0,0,0,0,0,1,0,5.062134440649452e-11
sa-heart_1498,2,0.8043478260869565,0.0009272098541259,0.0001885890960693,0,1,1,0,0,0,0,0,0,0,0,0,0,0,1,0,0,0,0,0,0,0,0,1,0,1.348725203185338e-09
autoUniv-au6-400_1551,3,0.4,0.0014054775238037,0.0002954006195068,1,0,0,1,0,0,0,0,1,0,0,0,0,0,0,0,0,0,0,0,0,0,1,0,0,1.585713774431073e-09
autoUniv-au6-400_1551,3,0.4,0.0013554096221923,0.000295877456665,0,1,0,0,1,0,0,0,1,0,0,0,0,0,0,0,0,0,0,0,0,0,1,0,0,8.64125992649244e-08
autoUniv-au6-400_1551,3,0.4,0.0013737678527832,0.0002884864807128,0,1,0,1,0,0,0,0,1,0,0,0,0,0,0,0,0,0,0,0,0,0,1,0,0,2.5111096308901582e-09
autoUniv-au6-400_1551,3,0.4,0.0014982223510742,0.0002951622009277,1,0,0,0,1,0,0,0,1,0,0,0,0,0,0,0,0,0,0,0,0,0,1,0,0,4.6399070595989585e-09
autoUniv-au6-400_1551,3,0.3875,0.0013141632080078,0.0002989768981933,0,1,0,1,0,0,0,0,1,0,0,0,0,0,0,0,0,0,1,0,0,0,0,0,0,7.159638252737728e-11
autoUniv-au6-400_1551,3,0.3875,0.001380443572998,0.0003581047058105,1,0,0,1,0,0,0,0,1,0,0,0,0,0,0,0,0,0,0,1,0,0,0,0,0,2.6758362108090774e-11
autoUniv-au6-400_1551,3,0.3875,0.0013313293457031,0.000317096710205,0,1,0,0,1,0,0,0,1,0,0,0,0,0,0,0,0,0,1,0,0,0,0,0,0,2.558821744258178e-09
autoUniv-au6-400_1551,3,0.3875,0.0014176368713378,0.0002946853637695,0,1,0,0,1,0,0,0,1,0,0,0,0,0,0,0,0,0,0,0,0,0,0,1,0,2.88084509376513e-08
autoUniv-au6-400_1551,3,0.3875,0.001408576965332,0.0002954006195068,1,0,0,1,0,0,0,0,1,0,0,0,0,0,0,0,0,0,0,0,0,0,0,0,1,2.2361030148914123e-09
autoUniv-au6-400_1551,3,0.3875,0.0014395713806152,0.0003049373626708,1,0,0,0,1,0,0,0,1,0,0,0,0,0,0,0,0,0,0,0,0,0,0,1,0,5.903816802827115e-10
autoUniv-au6-400_1551,3,0.3875,0.0013999938964843,0.0003063678741455,0,1,0,0,1,0,0,0,1,0,0,0,0,0,0,0,0,0,0,1,0,0,0,0,0,2.0550697437181157e-09
autoUniv-au6-400_1551,3,0.3875,0.0013420581817626,0.0002882480621337,1,0,0,0,1,0,0,0,1,0,0,0,0,0,0,0,0,0,1,0,0,0,0,0,0,7.500432620169801e-10
autoUniv-au6-400_1551,3,0.3875,0.001396894454956,0.0003261566162109,1,0,0,1,0,0,0,0,1,0,0,0,0,0,0,0,0,0,1,0,0,0,0,0,0,3.6942501877117765e-11
autoUniv-au6-400_1551,3,0.3875,0.0013463497161865,0.0003092288970947,1,0,0,0,1,0,0,0,1,0,0,0,0,0,0,0,0,0,0,1,0,0,0,0,0,9.220143938509705e-09
autoUniv-au6-400_1551,3,0.3875,0.0015637874603271,0.0003292560577392,0,1,0,0,1,0,0,0,1,0,0,0,0,0,0,0,0,0,0,0,0,1,0,0,0,1.3556658431233343e-09
autoUniv-au6-400_1551,3,0.3875,0.0014810562133789,0.0003004074096679,1,0,0,0,1,0,0,0,1,0,0,0,0,0,0,0,0,0,0,0,0,1,0,0,0,3.956320844837798e-10
autoUniv-au6-400_1551,3,0.3875,0.0014619827270507,0.000298261642456,0,1,0,1,0,0,0,0,1,0,0,0,0,0,0,0,0,0,0,0,0,1,0,0,0,1.7320244091465543e-09
autoUniv-au6-400_1551,3,0.3875,0.0013887882232666,0.0002903938293457,0,1,0,1,0,0,0,0,1,0,0,0,0,0,0,0,0,0,0,0,0,0,0,0,1,9.223756253888825e-11
autoUniv-au6-400_1551,3,0.3875,0.0013020038604736,0.0002861022949218,1,0,0,0,1,0,0,0,1,0,0,0,0,0,0,0,0,0,0,0,0,0,0,0,1,5.150280253250732e-10
autoUniv-au6-400_1551,3,0.3875,0.0013103485107421,0.0002908706665039,0,1,0,0,1,0,0,0,1,0,0,0,0,0,0,0,0,0,0,0,0,0,0,0,1,3.088736100158034e-09
analcatdata_marketing_986,4,0.6805555555555556,0.0008587837219238,0.000154972076416,0,1,0,1,0,1,0,0,0,0,0,0,0,0,0,0,0,0,1,0,0,0,0,0,0,8.031086335501347e-11
analcatdata_marketing_986,4,0.6805555555555556,0.0009300708770751,0.0001673698425292,0,1,0,1,0,1,0,0,0,0,0,0,0,0,0,0,0,0,0,0,0,0,0,0,1,9.907870890511185e-09
analcatdata_marketing_986,4,0.6805555555555556,0.0009596347808837,0.0001552104949951,0,1,0,1,0,1,0,0,0,0,0,0,0,0,0,0,0,0,0,0,0,0,0,1,0,1.2135108044941704e-09
analcatdata_marketing_986,4,0.6805555555555556,0.0008707046508789,0.0001506805419921,0,1,1,0,0,1,0,0,0,0,0,0,0,0,0,0,0,0,0,1,0,0,0,0,0,2.7978655552591213e-08
analcatdata_marketing_986,4,0.6805555555555556,0.0008399486541748,0.000150442123413,0,1,1,0,0,1,0,0,0,0,0,0,0,0,0,0,0,0,0,0,0,0,0,1,0,2.4487604976019783e-08
analcatdata_marketing_986,4,0.6805555555555556,0.0008809566497802,0.0002260208129882,0,1,0,0,1,1,0,0,0,0,0,0,0,0,0,0,0,0,0,0,0,0,0,0,1,9.507540298427571e-10
analcatdata_marketing_986,4,0.6805555555555556,0.000845193862915,0.0001544952392578,0,1,0,0,1,1,0,0,0,0,0,0,0,0,0,0,0,0,0,1,0,0,0,0,0,6.051491707889847e-11
analcatdata_marketing_986,4,0.6805555555555556,0.0008456707000732,0.0001499652862548,0,1,1,0,0,1,0,0,0,0,0,0,0,0,0,0,0,0,0,0,0,0,0,0,1,8.842338703783993e-09
analcatdata_marketing_986,4,0.6805555555555556,0.0008738040924072,0.0002295970916748,0,1,0,0,1,1,0,0,0,0,0,0,0,0,0,0,0,0,1,0,0,0,0,0,0,4.728381862173483e-10
analcatdata_marketing_986,4,0.6805555555555556,0.0008506774902343,0.0001490116119384,0,1,0,1,0,1,0,0,0,0,0,0,0,0,0,0,0,0,0,0,0,1,0,0,0,2.3906166163516798e-09
analcatdata_marketing_986,4,0.6805555555555556,0.0008301734924316,0.0001509189605712,0,1,0,0,1,1,0,0,0,0,0,0,0,0,0,0,0,0,0,0,0,0,0,1,0,2.6857226431871944e-11
analcatdata_marketing_986,4,0.6805555555555556,0.0009791851043701,0.0001711845397949,0,1,1,0,0,1,0,0,0,0,0,0,0,0,0,0,0,0,1,0,0,0,0,0,0,3.359974319516393e-09
analcatdata_marketing_986,4,0.6805555555555556,0.0008752346038818,0.0001552104949951,0,1,0,0,1,1,0,0,0,0,0,0,0,0,0,0,0,0,0,0,0,1,0,0,0,3.1203402685538907e-10
analcatdata_marketing_986,4,0.6805555555555556,0.0008656978607177,0.0001497268676757,0,1,1,0,0,1,0,0,0,0,0,0,0,0,0,0,0,0,0,0,0,1,0,0,0,2.1714958258296202e-10
analcatdata_marketing_986,4,0.6805555555555556,0.0009548664093017,0.0001666545867919,0,1,0,1,0,1,0,0,0,0,0,0,0,0,0,0,0,0,0,1,0,0,0,0,0,8.311172860562624e-08
analcatdata_marketing_986,0,0.6712328767123288,0.0008735656738281,0.0001780986785888,0,1,0,1,0,0,1,0,0,0,0,0,0,0,0,0,0,0,0,0,0,0,1,0,0,5.366888479758876e-10
analcatdata_marketing_986,0,0.6712328767123288,0.000823974609375,0.0001583099365234,0,1,1,0,0,0,0,0,0,0,1,0,0,0,0,0,0,0,0,0,0,1,0,0,0,5.154107974804193e-09
analcatdata_marketing_986,0,0.6712328767123288,0.0008711814880371,0.0001871585845947,0,1,1,0,0,0,1,0,0,0,0,0,0,0,0,0,0,0,0,0,0,0,1,0,0,3.242725167991528e-09
analcatdata_marketing_986,0,0.6712328767123288,0.0008342266082763,0.000150442123413,0,1,0,0,1,0,0,0,0,0,1,0,0,0,0,0,0,0,0,0,0,1,0,0,0,2.6134500473116757e-11
analcatdata_marketing_986,0,0.6712328767123288,0.0007941722869873,0.0001535415649414,0,1,0,1,0,0,0,0,0,0,1,0,0,0,0,0,0,0,0,0,0,1,0,0,0,9.810929348955846e-09
badges2_1121,3,1.0,0.0008177757263183,0.0001420974731445,1,0,1,0,0,0,0,0,0,0,0,0,0,0,0,0,1,0,0,1,0,0,0,0,0,1.9617190692147536e-10
badges2_1121,2,1.0,0.0008895397186279,0.0001511573791503,1,0,1,0,0,0,0,0,0,0,0,0,0,0,0,0,1,0,0,1,0,0,0,0,0,1.5694887129077742e-08
badges2_1121,0,1.0,0.0018355846405029,0.0009198188781738,1,0,1,0,0,0,0,0,0,0,0,1,0,0,0,0,0,0,0,1,0,0,0,0,0,2.6950270617967493e-09
badges2_1121,1,1.0,0.0017037391662597,0.0009393692016601,1,0,1,0,0,0,0,0,0,0,0,1,0,0,0,0,0,0,0,1,0,0,0,0,0,1.8550941667816587e-10
badges2_1121,2,1.0,0.0019311904907226,0.0008974075317382,1,0,1,0,0,0,0,0,0,0,0,1,0,0,0,0,0,0,0,1,0,0,0,0,0,2.661778061864349e-10
badges2_1121,3,1.0,0.0017039775848388,0.0008652210235595,1,0,1,0,0,0,0,0,0,0,0,1,0,0,0,0,0,0,0,1,0,0,0,0,0,8.433920028547868e-09
badges2_1121,4,1.0,0.0016472339630126,0.0008635520935058,1,0,1,0,0,0,0,0,0,0,0,1,0,0,0,0,0,0,0,1,0,0,0,0,0,1.5857592759318344e-09
badges2_1121,0,1.0,0.0008556842803955,0.0001544952392578,1,0,1,0,0,0,0,0,0,0,0,0,0,1,0,0,0,0,0,1,0,0,0,0,0,4.7141583084195795e-09
badges2_1121,1,1.0,0.0008916854858398,0.0001454353332519,1,0,1,0,0,0,0,0,0,0,0,0,0,0,0,0,1,0,0,1,0,0,0,0,0,4.29806802069474e-11
badges2_1121,0,1.0,0.0008802413940429,0.00014328956604,1,0,1,0,0,0,0,0,0,0,0,0,0,0,0,0,1,0,0,1,0,0,0,0,0,1.4057454578274486e-08
badges2_1121,3,1.0,0.000887393951416,0.0001544952392578,1,0,1,0,0,0,0,0,0,0,0,0,0,1,0,0,0,0,0,1,0,0,0,0,0,1.9123407330988583e-10
badges2_1121,4,1.0,0.0008809566497802,0.0001664161682128,1,0,1,0,0,0,0,0,0,0,0,0,0,0,1,0,0,0,0,1,0,0,0,0,0,3.01609536077072e-09
badges2_1121,3,1.0,0.0010545253753662,0.0002460479736328,1,0,1,0,0,0,0,0,0,0,0,0,0,0,1,0,0,0,0,1,0,0,0,0,0,2.8755392568986885e-11
badges2_1121,2,1.0,0.0009815692901611,0.0001795291900634,1,0,1,0,0,0,0,0,0,0,0,0,0,0,1,0,0,0,0,1,0,0,0,0,0,1.9305496024836448e-10
badges2_1121,1,1.0,0.0010209083557128,0.0001821517944335,1,0,1,0,0,0,0,0,0,0,0,0,0,0,1,0,0,0,0,1,0,0,0,0,0,3.93975460903135e-09
badges2_1121,0,1.0,0.0010452270507812,0.0002069473266601,1,0,1,0,0,0,0,0,0,0,0,0,0,0,1,0,0,0,0,1,0,0,0,0,0,1.2497539819232354e-10
badges2_1121,3,1.0,0.0011279582977294,0.0002145767211914,0,1,0,0,1,0,0,0,0,1,0,0,0,0,0,0,0,0,0,0,0,0,1,0,0,3.320846388343592e-08
badges2_1121,0,1.0,0.0008599758148193,0.0001852512359619,0,1,0,0,1,0,0,0,0,0,0,0,0,0,0,0,1,0,0,0,0,0,1,0,0,4.414826063229486e-09
badges2_1121,1,1.0,0.0009069442749023,0.0001606941223144,0,1,0,0,1,0,0,0,0,0,0,0,0,0,0,0,1,0,0,0,0,0,1,0,0,3.0277051055791195e-08
badges2_1121,2,1.0,0.0009093284606933,0.0001530647277832,0,1,0,0,1,0,0,0,0,0,0,0,0,0,0,0,1,0,0,0,0,0,1,0,0,3.8155997266677745e-10
sensory_826,3,0.6956521739130435,0.0013289451599121,0.0001873970031738,1,0,1,0,0,0,0,0,0,1,0,0,0,0,0,0,0,0,0,1,0,0,0,0,0,1.3675416763591295e-11
sensory_826,3,0.6956521739130435,0.0012376308441162,0.0001807212829589,0,1,0,1,0,0,0,0,0,1,0,0,0,0,0,0,0,0,0,1,0,0,0,0,0,2.016321836139933e-09
sensory_826,3,0.6956521739130435,0.0009739398956298,0.0001585483551025,0,1,0,1,0,0,0,0,0,0,0,0,0,1,0,0,0,0,0,1,0,0,0,0,0,2.2739138710184324e-10
sensory_826,3,0.6956521739130435,0.001328706741333,0.0002033710479736,1,0,0,1,0,0,0,0,0,1,0,0,0,0,0,0,0,0,0,1,0,0,0,0,0,6.205167421581733e-10
sensory_826,3,0.6956521739130435,0.001051902770996,0.0001633167266845,0,1,0,0,1,0,0,0,0,0,0,0,0,1,0,0,0,0,0,1,0,0,0,0,0,5.302013823408855e-09
sensory_826,3,0.6956521739130435,0.001209020614624,0.0001904964447021,0,1,1,0,0,0,0,0,0,1,0,0,0,0,0,0,0,0,0,1,0,0,0,0,0,6.3483179265155405e-09
sensory_826,3,0.6956521739130435,0.0009772777557373,0.0001678466796875,1,0,1,0,0,0,0,0,0,0,0,0,0,1,0,0,0,0,0,1,0,0,0,0,0,1.2889191002435722e-11
sensory_826,3,0.6956521739130435,0.0013487339019775,0.0002164840698242,1,0,0,0,1,0,0,0,0,1,0,0,0,0,0,0,0,0,0,1,0,0,0,0,0,1.194567490150798e-08
sensory_826,3,0.6956521739130435,0.0009791851043701,0.0001659393310546,1,0,0,1,0,0,0,0,0,0,0,0,0,1,0,0,0,0,0,1,0,0,0,0,0,9.42053700402171e-10
sensory_826,3,0.6956521739130435,0.0009071826934814,0.0001554489135742,0,1,1,0,0,0,0,0,0,0,0,0,0,1,0,0,0,0,0,1,0,0,0,0,0,1.6857574718675535e-09
sensory_826,3,0.6956521739130435,0.0010154247283935,0.0001699924468994,1,0,0,0,1,0,0,0,0,0,0,0,0,1,0,0,0,0,0,1,0,0,0,0,0,1.5558823019488556e-10
sensory_826,3,0.6956521739130435,0.0012209415435791,0.0001897811889648,0,1,0,0,1,0,0,0,0,1,0,0,0,0,0,0,0,0,0,1,0,0,0,0,0,4.823198591170647e-10
sensory_826,1,0.6869565217391305,0.0011851787567138,0.0002079010009765,1,0,0,0,1,0,0,0,0,0,0,0,0,0,1,0,0,0,0,0,0,1,0,0,0,6.9422545838450744e-09
sensory_826,1,0.6869565217391305,0.0010516643524169,0.0001924037933349,0,1,1,0,0,0,0,0,0,0,0,0,0,0,1,0,0,0,0,0,0,1,0,0,0,1.2789548458936963e-08
sensory_826,1,0.6869565217391305,0.0010762214660644,0.0001907348632812,1,0,0,1,0,0,0,0,0,0,0,0,0,0,1,0,0,0,0,0,0,1,0,0,0,3.5352873941390416e-10
sensory_826,1,0.6869565217391305,0.0010523796081542,0.0001897811889648,1,0,1,0,0,0,0,0,0,0,0,0,0,0,1,0,0,0,0,0,0,1,0,0,0,5.813934445393614e-09
sensory_826,1,0.6869565217391305,0.0012080669403076,0.0002393722534179,0,1,0,0,1,0,0,0,0,0,0,0,0,0,1,0,0,0,0,0,0,1,0,0,0,1.0768966023647318e-10
sensory_826,1,0.6869565217391305,0.0011234283447265,0.0002050399780273,0,1,0,1,0,0,0,0,0,0,0,0,0,0,1,0,0,0,0,0,0,1,0,0,0,2.128583349893561e-08
sensory_826,1,0.6695652173913044,0.0010528564453125,0.0001893043518066,1,0,1,0,0,0,0,0,0,0,0,0,0,0,1,0,0,0,0,0,0,0,0,0,1,2.749520459272272e-09
sensory_826,1,0.6695652173913044,0.0021717548370361,0.0009684562683105,0,1,0,1,0,0,0,0,0,0,0,1,0,0,0,0,0,0,0,1,0,0,0,0,0,1.2610899487964428e-08
balance-scale_11,2,0.96,0.0010504722595214,0.0001842975616455,0,1,0,0,1,0,1,0,0,0,0,0,0,0,0,0,0,0,0,0,0,1,0,0,0,8.102506894904652e-10
balance-scale_11,2,0.96,0.0011248588562011,0.0002510547637939,0,1,0,1,0,0,1,0,0,0,0,0,0,0,0,0,0,0,0,0,0,1,0,0,0,8.249680704096723e-11
balance-scale_11,2,0.96,0.000988483428955,0.0001788139343261,1,0,0,0,1,0,1,0,0,0,0,0,0,0,0,0,0,0,0,0,0,1,0,0,0,5.211040557057188e-10
balance-scale_11,2,0.96,0.0010905265808105,0.0002052783966064,0,1,0,1,0,0,0,0,0,0,0,1,0,0,0,0,0,0,0,0,0,1,0,0,0,3.356924532436752e-10
balance-scale_11,2,0.96,0.0010657310485839,0.0001842975616455,1,0,1,0,0,0,1,0,0,0,0,0,0,0,0,0,0,0,0,0,1,0,0,0,0,2.142230379029574e-10
balance-scale_11,2,0.96,0.0010473728179931,0.0001852512359619,0,1,0,0,1,0,1,0,0,0,0,0,0,0,0,0,0,0,0,0,1,0,0,0,0,7.058216750582107e-11
balance-scale_11,2,0.96,0.0011146068572998,0.0001857280731201,1,0,0,0,1,0,0,0,0,0,0,1,0,0,0,0,0,0,0,0,0,1,0,0,0,1.0880993917265704e-08
balance-scale_11,2,0.96,0.0010290145874023,0.0001840591430664,1,0,0,0,1,0,1,0,0,0,0,0,0,0,0,0,0,0,0,0,1,0,0,0,0,2.2151678788877825e-11
balance-scale_11,2,0.96,0.0010151863098144,0.0001819133758544,0,1,1,0,0,0,1,0,0,0,0,0,0,0,0,0,0,0,0,0,1,0,0,0,0,3.5501256106181863e-08
balance-scale_11,2,0.96,0.0010192394256591,0.0001816749572753,0,1,0,1,0,0,1,0,0,0,0,0,0,0,0,0,0,0,0,0,1,0,0,0,0,5.013013701138037e-11
balance-scale_11,2,0.96,0.001155138015747,0.0002298355102539,1,0,1,0,0,0,1,0,0,0,0,0,0,0,0,0,0,0,0,0,0,1,0,0,0,8.307964027168848e-08
balance-scale_11,2,0.96,0.0010623931884765,0.0001845359802246,1,0,0,1,0,0,1,0,0,0,0,0,0,0,0,0,0,0,0,0,0,1,0,0,0,8.99232909138397e-08
balance-scale_11,2,0.96,0.0010623931884765,0.0001871585845947,0,1,1,0,0,0,1,0,0,0,0,0,0,0,0,0,0,0,0,0,0,1,0,0,0,3.922366445057192e-10
balance-scale_11,2,0.96,0.0015120506286621,0.0002694129943847,1,0,1,0,0,0,0,0,0,0,0,1,0,0,0,0,0,0,0,0,0,1,0,0,0,8.9389043573763e-08
balance-scale_11,2,0.96,0.0011706352233886,0.0001888275146484,1,0,0,1,0,0,0,0,0,0,0,1,0,0,0,0,0,0,0,0,0,1,0,0,0,2.9941535534567904e-08
balance-scale_11,2,0.96,0.0011060237884521,0.0001871585845947,0,1,0,0,1,0,0,0,0,0,0,1,0,0,0,0,0,0,0,0,0,1,0,0,0,2.136589588598764e-11
balance-scale_11,2,0.96,0.0011169910430908,0.0003013610839843,1,0,0,1,0,0,1,0,0,0,0,0,0,0,0,0,0,0,0,0,1,0,0,0,0,6.156221744074557e-08
balance-scale_11,2,0.96,0.0012640953063964,0.0001924037933349,0,1,1,0,0,0,0,0,0,0,0,1,0,0,0,0,0,0,0,0,0,1,0,0,0,1.479304381649903e-11
balance-scale_11,2,0.944,0.0009992122650146,0.0001807212829589,1,0,0,1,0,0,1,0,0,0,0,0,0,0,0,0,0,0,1,0,0,0,0,0,0,5.341425494398693e-11
balance-scale_11,2,0.944,0.0011367797851562,0.0002083778381347,1,0,1,0,0,0,1,0,0,0,0,0,0,0,0,0,0,0,0,1,0,0,0,0,0,2.1796269213266875e-09
breastTumor_844,4,0.7719298245614035,0.0008127689361572,0.0001556873321533,0,1,0,0,1,0,0,1,0,0,0,0,0,0,0,0,0,0,0,1,0,0,0,0,0,2.103530016504232e-11
breastTumor_844,4,0.7719298245614035,0.0012447834014892,0.0002241134643554,0,1,0,0,1,0,0,0,0,0,0,0,1,0,0,0,0,0,0,0,0,0,1,0,0,4.4351777304507626e-11
breastTumor_844,4,0.7543859649122807,0.0008749961853027,0.0001676082611083,0,1,0,0,1,0,1,0,0,0,0,0,0,0,0,0,0,0,0,0,0,0,0,1,0,6.515791044780543e-08
breastTumor_844,4,0.7543859649122807,0.0007987022399902,0.0001587867736816,0,1,0,1,0,0,0,0,0,0,1,0,0,0,0,0,0,0,0,0,1,0,0,0,0,9.522512239688261e-08
breastTumor_844,4,0.7543859649122807,0.0007843971252441,0.0001559257507324,1,0,0,1,0,0,0,0,0,0,1,0,0,0,0,0,0,0,0,0,1,0,0,0,0,1.5579236391154312e-08
breastTumor_844,4,0.7543859649122807,0.000798225402832,0.0001749992370605,0,1,0,1,0,0,0,0,0,0,0,0,0,0,0,0,0,1,0,0,0,0,0,0,1,1.1503700488698831e-09
breastTumor_844,1,0.7543859649122807,0.0008864402770996,0.0001544952392578,1,0,0,1,0,0,0,1,0,0,0,0,0,0,0,0,0,0,0,0,0,0,1,0,0,3.992121428497248e-08
breastTumor_844,4,0.7543859649122807,0.0009210109710693,0.0001666545867919,1,0,0,1,0,1,0,0,0,0,0,0,0,0,0,0,0,0,0,0,1,0,0,0,0,2.8028191979261983e-11
breastTumor_844,1,0.7543859649122807,0.0007948875427246,0.0001759529113769,0,1,0,1,0,0,0,1,0,0,0,0,0,0,0,0,0,0,0,0,0,0,1,0,0,5.909727787622305e-08
breastTumor_844,4,0.7543859649122807,0.0008237361907958,0.0001540184020996,1,0,0,1,0,0,0,0,0,0,0,0,0,0,0,0,0,1,0,0,0,0,0,0,1,2.5480720837490727e-10
breastTumor_844,4,0.7543859649122807,0.0009276866912841,0.0001659393310546,0,1,0,1,0,1,0,0,0,0,0,0,0,0,0,0,0,0,0,0,1,0,0,0,0,2.7922709941224746e-08
breastTumor_844,4,0.7368421052631579,0.0008175373077392,0.0001521110534667,1,0,0,1,0,0,0,0,0,0,0,0,0,0,0,0,0,1,0,0,0,1,0,0,0,4.715129488073586e-09
breastTumor_844,4,0.7368421052631579,0.0011110305786132,0.0001971721649169,0,1,0,0,1,0,0,0,0,1,0,0,0,0,0,0,0,0,0,0,0,0,1,0,0,6.935810458046723e-08
breastTumor_844,4,0.7368421052631579,0.0008485317230224,0.0001540184020996,0,1,0,0,1,0,0,0,0,0,0,0,0,0,0,0,0,1,0,0,0,0,1,0,0,2.8754895337382843e-08
breastTumor_844,4,0.7368421052631579,0.0009210109710693,0.0001702308654785,0,1,0,0,1,0,0,0,0,0,0,1,0,0,0,0,0,0,0,0,0,0,1,0,0,3.561158094316212e-08
breastTumor_844,4,0.7368421052631579,0.0008163452148437,0.0001592636108398,0,1,0,0,1,0,0,0,0,0,0,0,0,1,0,0,0,0,0,0,0,0,0,0,1,3.365250709441817e-09
breastTumor_844,4,0.7368421052631579,0.0010445117950439,0.0002593994140625,0,1,0,0,1,0,0,0,0,1,0,0,0,0,0,0,0,0,0,0,0,0,0,0,1,2.150968864154964e-08
breastTumor_844,4,0.7368421052631579,0.0008277893066406,0.0001590251922607,0,1,0,0,1,0,0,0,0,0,0,1,0,0,0,0,0,0,0,0,0,0,0,0,1,1.0678852871736493e-08
breastTumor_844,4,0.7368421052631579,0.0009174346923828,0.0001852512359619,0,1,0,0,1,0,0,0,0,0,0,0,0,0,0,1,0,0,0,0,0,0,1,0,0,4.430905866141478e-11
breastTumor_844,4,0.7368421052631579,0.0009348392486572,0.0001590251922607,1,0,0,1,0,1,0,0,0,0,0,0,0,0,0,0,0,0,0,0,0,0,0,1,0,3.929954890538962e-09
arsenic-male-lung_951,3,1.0,0.0013589859008789,0.0001981258392333,0,1,0,0,1,0,0,0,0,1,0,0,0,0,0,0,0,0,0,0,0,0,1,0,0,3.914733353777857e-11
arsenic-male-lung_951,0,1.0,0.0019924640655517,0.0009682178497314,1,0,1,0,0,0,0,0,0,0,0,1,0,0,0,0,0,0,0,1,0,0,0,0,0,3.0048616953378e-08
arsenic-male-lung_951,1,1.0,0.0018751621246337,0.0008490085601806,1,0,1,0,0,0,0,0,0,0,0,1,0,0,0,0,0,0,0,1,0,0,0,0,0,1.8356893882714974e-11
arsenic-male-lung_951,2,1.0,0.0018234252929687,0.0008609294891357,1,0,1,0,0,0,0,0,0,0,0,1,0,0,0,0,0,0,0,1,0,0,0,0,0,8.87537436570977e-08
arsenic-male-lung_951,3,1.0,0.001802921295166,0.0009956359863281,1,0,1,0,0,0,0,0,0,0,0,1,0,0,0,0,0,0,0,1,0,0,0,0,0,4.0041161287805717e-10
arsenic-male-lung_951,4,1.0,0.0017390251159667,0.0008900165557861,1,0,1,0,0,0,0,0,0,0,0,1,0,0,0,0,0,0,0,1,0,0,0,0,0,4.81412557809974e-11
arsenic-male-lung_951,0,1.0,0.0010304450988769,0.0001666545867919,1,0,1,0,0,0,0,0,0,0,0,0,0,1,0,0,0,0,0,1,0,0,0,0,0,5.5296791727903294e-08
arsenic-male-lung_951,1,1.0,0.0009546279907226,0.0001602172851562,1,0,1,0,0,0,0,0,0,0,0,0,0,1,0,0,0,0,0,1,0,0,0,0,0,1.5195113378445657e-11
arsenic-male-lung_951,2,1.0,0.0010390281677246,0.0001618862152099,1,0,1,0,0,0,0,0,0,0,0,0,0,1,0,0,0,0,0,1,0,0,0,0,0,7.593159768928015e-10
arsenic-male-lung_951,4,1.0,0.000974416732788,0.0001499652862548,0,1,0,0,1,0,0,0,0,0,0,0,0,0,0,0,1,0,0,0,0,0,1,0,0,1.2047821147185392e-08
arsenic-male-lung_951,0,1.0,0.0009422302246093,0.0001499652862548,0,1,0,0,1,0,0,0,1,0,0,0,0,0,0,0,0,0,0,0,0,0,1,0,0,1.849276716735583e-10
arsenic-male-lung_951,1,1.0,0.0009000301361083,0.0001554489135742,0,1,0,0,1,0,0,0,1,0,0,0,0,0,0,0,0,0,0,0,0,0,1,0,0,1.3041834346020695e-09
arsenic-male-lung_951,2,1.0,0.0009641647338867,0.0001747608184814,0,1,0,0,1,0,0,0,1,0,0,0,0,0,0,0,0,0,0,0,0,0,1,0,0,6.3336209031277235e-09
arsenic-male-lung_951,3,1.0,0.0009503364562988,0.0001492500305175,0,1,0,0,1,0,0,0,1,0,0,0,0,0,0,0,0,0,0,0,0,0,1,0,0,6.425481595920755e-08
arsenic-male-lung_951,4,1.0,0.0010075569152832,0.000157356262207,0,1,0,0,1,0,0,0,1,0,0,0,0,0,0,0,0,0,0,0,0,0,1,0,0,2.5751975890577177e-11
arsenic-male-lung_951,0,1.0,0.0009591579437255,0.0001697540283203,0,1,0,0,1,0,0,0,0,0,0,0,0,0,1,0,0,0,0,0,0,0,1,0,0,4.255071036766665e-11
arsenic-male-lung_951,1,1.0,0.0009815692901611,0.0001704692840576,0,1,0,0,1,0,0,0,0,0,0,0,0,0,1,0,0,0,0,0,0,0,1,0,0,1.0851345235454808e-09
arsenic-male-lung_951,0,1.0,0.0009160041809082,0.000150442123413,0,1,0,0,1,0,0,0,0,0,0,0,0,0,0,0,1,0,0,0,0,0,1,0,0,4.719541883693168e-10
arsenic-male-lung_951,1,1.0,0.0008656978607177,0.0001475811004638,0,1,0,0,1,0,0,0,0,0,0,0,0,0,0,0,1,0,0,0,0,0,1,0,0,4.3972852875154686e-10
arsenic-male-lung_951,2,1.0,0.0009479522705078,0.0001499652862548,0,1,0,0,1,0,0,0,0,0,0,0,0,0,0,0,1,0,0,0,0,0,1,0,0,1.5411539074840008e-10
rmftsa_ladata_717,2,0.931372549019608,0.0008397102355957,0.0001745223999023,0,1,0,1,0,0,0,0,0,0,0,0,0,0,0,0,1,0,0,0,1,0,0,0,0,1.7487961722869572e-09
rmftsa_ladata_717,2,0.931372549019608,0.0007658004760742,0.000171422958374,0,1,0,1,0,0,0,0,1,0,0,0,0,0,0,0,0,0,0,0,1,0,0,0,0,3.413134044029884e-08
rmftsa_ladata_717,2,0.931372549019608,0.0007984638214111,0.0001842975616455,1,0,0,0,1,0,0,0,0,0,0,0,0,0,0,0,1,0,0,0,1,0,0,0,0,4.4024797005653046e-11
rmftsa_ladata_717,2,0.931372549019608,0.0008060932159423,0.0001749992370605,1,0,0,0,1,0,0,0,1,0,0,0,0,0,0,0,0,0,0,0,1,0,0,0,0,7.26348958239464e-11
rmftsa_ladata_717,2,0.931372549019608,0.0008563995361328,0.0001790523529052,1,0,1,0,0,0,0,0,0,0,0,0,0,0,0,0,1,0,0,0,1,0,0,0,0,4.822741576977286e-09
rmftsa_ladata_717,2,0.931372549019608,0.0008516311645507,0.000178575515747,1,0,1,0,0,0,0,0,1,0,0,0,0,0,0,0,0,0,0,0,1,0,0,0,0,1.6779948251360208e-11
rmftsa_ladata_717,2,0.931372549019608,0.0008115768432617,0.0001788139343261,0,1,1,0,0,0,0,0,1,0,0,0,0,0,0,0,0,0,0,0,1,0,0,0,0,4.955149914094863e-09
rmftsa_ladata_717,2,0.931372549019608,0.0008268356323242,0.0001766681671142,0,1,0,0,1,0,0,0,0,0,0,0,0,0,0,0,1,0,0,0,1,0,0,0,0,1.8106087025966256e-10
rmftsa_ladata_717,2,0.931372549019608,0.000901460647583,0.0001847743988037,0,1,1,0,0,0,0,0,0,0,0,0,0,0,0,0,1,0,0,0,1,0,0,0,0,2.7003230625531113e-10
rmftsa_ladata_717,2,0.931372549019608,0.0007870197296142,0.0001766681671142,0,1,0,0,1,0,0,0,1,0,0,0,0,0,0,0,0,0,0,0,1,0,0,0,0,4.189840546812935e-10
rmftsa_ladata_717,2,0.931372549019608,0.0009052753448486,0.0001783370971679,1,0,0,1,0,0,0,0,1,0,0,0,0,0,0,0,0,0,0,0,1,0,0,0,0,2.5023626314016666e-10
rmftsa_ladata_717,2,0.931372549019608,0.0009925365447998,0.0001993179321289,1,0,0,1,0,0,0,0,0,0,0,0,0,0,0,0,1,0,0,0,1,0,0,0,0,2.3165329670618072e-08
rmftsa_ladata_717,3,0.9306930693069309,0.0009033679962158,0.0001909732818603,1,0,1,0,0,0,0,0,0,0,0,0,0,1,0,0,0,0,0,0,0,0,1,0,0,6.085185610090959e-08
rmftsa_ladata_717,3,0.9306930693069309,0.0008203983306884,0.0001957416534423,0,1,1,0,0,0,0,0,1,0,0,0,0,0,0,0,0,0,0,0,0,1,0,0,0,1.556130092743312e-09
rmftsa_ladata_717,3,0.9306930693069309,0.0008635520935058,0.0001769065856933,1,0,0,1,0,0,0,0,0,0,0,0,0,0,0,0,1,0,0,0,0,1,0,0,0,2.125758847671537e-09
rmftsa_ladata_717,3,0.9306930693069309,0.0008254051208496,0.0001862049102783,1,0,0,1,0,0,0,0,0,0,0,0,0,1,0,0,0,0,0,0,0,0,1,0,0,1.9139581264402197e-11
rmftsa_ladata_717,3,0.9306930693069309,0.0009036064147949,0.0001800060272216,0,1,0,1,0,0,0,0,1,0,0,0,0,0,0,0,0,0,0,0,0,0,1,0,0,7.124718558141156e-09
rmftsa_ladata_717,3,0.9306930693069309,0.0010275840759277,0.0001955032348632,0,1,0,0,1,0,0,0,1,0,0,0,0,0,0,0,0,0,0,0,0,1,0,0,0,2.1696790315815846e-09
rmftsa_ladata_717,3,0.9306930693069309,0.0008614063262939,0.0001757144927978,1,0,0,1,0,0,0,0,1,0,0,0,0,0,0,0,0,0,0,0,0,1,0,0,0,1.5906626925247327e-11
rmftsa_ladata_717,3,0.9306930693069309,0.0009098052978515,0.0002603530883789,0,1,0,1,0,0,0,0,0,0,0,0,0,1,0,0,0,0,0,0,0,0,1,0,0,6.218743845567643e-11
analcatdata_lawsuit_450,4,1.0,0.0006909370422363,0.0001366138458251,1,0,0,0,1,0,0,0,0,0,0,0,0,0,0,0,1,0,0,0,0,0,0,0,1,6.423528887874435e-11
analcatdata_lawsuit_450,1,1.0,0.0007429122924804,0.000145673751831,0,1,1,0,0,0,0,0,0,0,0,0,0,0,0,0,0,1,0,0,0,1,0,0,0,4.829162369194335e-11
analcatdata_lawsuit_450,4,1.0,0.0007238388061523,0.0001406669616699,1,0,1,0,0,0,0,0,1,0,0,0,0,0,0,0,0,0,0,1,0,0,0,0,0,4.311057530454121e-09
analcatdata_lawsuit_450,4,1.0,0.0008094310760498,0.0001454353332519,0,1,0,0,1,0,0,0,0,0,0,0,0,0,0,0,1,0,0,0,0,0,1,0,0,5.1731903815412296e-08
analcatdata_lawsuit_450,4,1.0,0.0008041858673095,0.0002264976501464,0,1,0,1,0,1,0,0,0,0,0,0,0,0,0,0,0,0,0,0,0,1,0,0,0,1.1269413163049949e-08
analcatdata_lawsuit_450,1,1.0,0.0006999969482421,0.000173807144165,1,0,0,0,1,0,0,0,0,0,0,0,0,0,0,0,0,1,0,0,0,0,0,0,1,8.118839216994407e-10
analcatdata_lawsuit_450,2,1.0,0.0007624626159667,0.0001454353332519,1,0,1,0,0,0,0,1,0,0,0,0,0,0,0,0,0,0,0,1,0,0,0,0,0,4.1324270143666806e-10
analcatdata_lawsuit_450,1,1.0,0.0007362365722656,0.0001459121704101,1,0,1,0,0,0,0,0,0,0,0,0,0,0,1,0,0,0,0,0,0,0,0,0,1,3.51424812052046e-10
analcatdata_lawsuit_450,4,1.0,0.0006711483001708,0.0001327991485595,1,0,1,0,0,0,0,0,0,0,0,0,0,0,0,0,1,0,0,0,0,0,0,0,1,2.540901506822285e-09
analcatdata_lawsuit_450,4,1.0,0.0007021427154541,0.0001430511474609,0,1,1,0,0,0,0,0,1,0,0,0,0,0,0,0,0,0,0,0,0,1,0,0,0,2.734529644125961e-10
analcatdata_lawsuit_450,4,1.0,0.0007112026214599,0.0001392364501953,1,0,1,0,0,0,0,1,0,0,0,0,0,0,0,0,0,0,0,1,0,0,0,0,0,8.025791715045089e-11
analcatdata_lawsuit_450,1,1.0,0.0007591247558593,0.0001485347747802,0,1,1,0,0,0,0,0,0,0,0,0,0,1,0,0,0,0,0,0,0,0,1,0,0,2.578526661558616e-09
analcatdata_lawsuit_450,4,1.0,0.0006732940673828,0.000133991241455,1,0,1,0,0,0,0,0,1,0,0,0,0,0,0,0,0,0,0,0,0,0,0,0,1,3.6544468818969474e-10
analcatdata_lawsuit_450,1,1.0,0.0007567405700683,0.000140905380249,1,0,1,0,0,0,0,0,0,0,0,0,0,0,0,0,0,1,0,0,0,0,0,0,1,1.1389359895951396e-11
analcatdata_lawsuit_450,1,1.0,0.0007407665252685,0.0001509189605712,0,1,1,0,0,0,1,0,0,0,0,0,0,0,0,0,0,0,0,0,0,0,1,0,0,1.22722573608624e-11
analcatdata_lawsuit_450,4,1.0,0.0008084774017333,0.0001471042633056,1,0,0,0,1,1,0,0,0,0,0,0,0,0,0,0,0,0,1,0,0,0,0,0,0,1.2489540039424223e-10
analcatdata_lawsuit_450,1,1.0,0.0012142658233642,0.0002748966217041,0,1,0,1,0,0,0,0,0,1,0,0,0,0,0,0,0,0,0,0,0,0,1,0,0,1.121214738627766e-09
analcatdata_lawsuit_450,4,1.0,0.0007333755493164,0.0001440048217773,0,1,0,1,0,1,0,0,0,0,0,0,0,0,0,0,0,0,0,0,0,0,1,0,0,2.611908932680102e-10
analcatdata_lawsuit_450,4,1.0,0.00069260597229,0.0001347064971923,1,0,1,0,0,0,0,0,0,0,1,0,0,0,0,0,0,0,0,0,0,0,0,0,1,1.2480173114299198e-11
analcatdata_lawsuit_450,1,1.0,0.0007891654968261,0.0001473426818847,0,1,0,0,1,0,0,0,0,0,1,0,0,0,0,0,0,0,0,0,0,1,0,0,0,7.809209159788153e-11
arsenic-male-bladder_947,2,1.0,0.0019667148590087,0.0011606216430664,1,0,0,0,1,0,0,0,0,0,0,1,0,0,0,0,0,0,0,1,0,0,0,0,0,2.4303970797898157e-11
arsenic-male-bladder_947,2,1.0,0.0011403560638427,0.000176191329956,1,0,1,0,0,0,0,1,0,0,0,0,0,0,0,0,0,0,0,1,0,0,0,0,0,6.230573239364184e-08
arsenic-male-bladder_947,2,1.0,0.0010671615600585,0.0001711845397949,1,0,1,0,0,1,0,0,0,0,0,0,0,0,0,0,0,0,0,1,0,0,0,0,0,1.7837595139918974e-10
arsenic-male-bladder_947,2,1.0,0.0011370182037353,0.0001881122589111,1,0,0,0,1,0,1,0,0,0,0,0,0,0,0,0,0,0,0,1,0,0,0,0,0,1.1456856840365147e-11
arsenic-male-bladder_947,2,1.0,0.0010592937469482,0.0001647472381591,0,1,0,1,0,0,0,0,0,0,0,0,0,0,0,0,0,1,0,1,0,0,0,0,0,4.3878624805076636e-09
arsenic-male-bladder_947,2,1.0,0.0009384155273437,0.0001804828643798,0,1,0,1,0,0,0,0,0,0,0,0,0,0,0,0,1,0,0,1,0,0,0,0,0,8.507300275586305e-11
arsenic-male-bladder_947,2,1.0,0.0010707378387451,0.0001733303070068,0,1,0,1,0,0,0,0,0,0,0,0,0,1,0,0,0,0,0,1,0,0,0,0,0,1.8490345240766278e-09
arsenic-male-bladder_947,2,1.0,0.0010137557983398,0.0001678466796875,0,1,0,1,0,0,1,0,0,0,0,0,0,0,0,0,0,0,0,1,0,0,0,0,0,4.0084993585630825e-11
arsenic-male-bladder_947,2,1.0,0.0013296604156494,0.0002408027648925,1,0,1,0,0,0,0,0,0,1,0,0,0,0,0,0,0,0,0,0,0,1,0,0,0,8.630837512490888e-08
arsenic-male-bladder_947,2,1.0,0.0018939971923828,0.0009315013885498,0,1,0,1,0,0,0,0,0,0,0,1,0,0,0,0,0,0,0,1,0,0,0,0,0,7.603906119277364e-08
arsenic-male-bladder_947,2,1.0,0.0010175704956054,0.0001766681671142,0,1,0,1,0,0,1,0,0,0,0,0,0,0,0,0,0,0,1,0,0,0,0,0,0,4.2066212054001345e-09
arsenic-male-bladder_947,2,1.0,0.0010054111480712,0.0001583099365234,0,1,0,1,0,1,0,0,0,0,0,0,0,0,0,0,0,0,0,1,0,0,0,0,0,6.7423374869098885e-09
arsenic-male-bladder_947,2,1.0,0.0011372566223144,0.0001606941223144,0,1,0,1,0,0,0,0,0,0,1,0,0,0,0,0,0,0,0,0,0,0,0,0,1,5.05260753221979e-10
arsenic-male-bladder_947,2,1.0,0.0010468959808349,0.0001683235168457,0,1,0,1,0,0,0,1,0,0,0,0,0,0,0,0,0,0,0,0,0,0,0,0,1,7.058580656968542e-08
arsenic-male-bladder_947,2,1.0,0.0010337829589843,0.0001964569091796,1,0,1,0,0,0,0,0,0,0,0,0,0,1,0,0,0,0,0,0,0,1,0,0,0,4.954028280730437e-10
arsenic-male-bladder_947,2,1.0,0.0012176036834716,0.0001888275146484,0,1,0,1,0,0,0,0,0,0,0,1,0,0,0,0,0,0,0,0,0,0,0,0,1,9.075529851835763e-11
arsenic-male-bladder_947,2,1.0,0.0015156269073486,0.0002470016479492,0,1,0,1,0,0,0,0,0,1,0,0,0,0,0,0,0,0,0,1,0,0,0,0,0,2.8941060319903197e-11
arsenic-male-bladder_947,2,1.0,0.0010035037994384,0.0001664161682128,0,1,0,1,0,0,0,1,0,0,0,0,0,0,0,0,0,0,0,1,0,0,0,0,0,6.799879258457651e-11
arsenic-male-bladder_947,2,1.0,0.0010859966278076,0.0001671314239501,0,1,0,1,0,0,0,0,1,0,0,0,0,0,0,0,0,0,0,0,0,0,0,0,1,1.9447062757667973e-09
arsenic-male-bladder_947,2,1.0,0.0010068416595458,0.0002572536468505,0,1,0,1,0,0,1,0,0,0,0,0,0,0,0,0,0,0,0,0,0,0,0,0,1,9.557996601341719e-11
MindCave2_1450,0,0.96,0.0009589195251464,0.0001540184020996,1,0,1,0,0,0,0,1,0,0,0,0,0,0,0,0,0,0,0,1,0,0,0,0,0,4.139974954514192e-09
MindCave2_1450,0,0.96,0.0007643699645996,0.0001463890075683,0,1,1,0,0,0,0,1,0,0,0,0,0,0,0,0,0,0,0,1,0,0,0,0,0,3.3786101275073465e-10
MindCave2_1450,0,0.96,0.0008623600006103,0.0001497268676757,0,1,0,1,0,0,0,1,0,0,0,0,0,0,0,0,0,0,0,1,0,0,0,0,0,3.5276998097821206e-08
MindCave2_1450,0,0.96,0.0008213520050048,0.0001506805419921,0,1,0,0,1,0,0,1,0,0,0,0,0,0,0,0,0,0,0,1,0,0,0,0,0,1.7136111126326535e-09
MindCave2_1450,0,0.96,0.000739574432373,0.0001468658447265,1,0,0,0,1,0,0,1,0,0,0,0,0,0,0,0,0,0,0,1,0,0,0,0,0,3.0932584815009717e-09
MindCave2_1450,0,0.96,0.0008373260498046,0.0001783370971679,1,0,0,1,0,0,0,1,0,0,0,0,0,0,0,0,0,0,0,1,0,0,0,0,0,1.6836011431987856e-09
MindCave2_1450,0,0.92,0.0009057521820068,0.0001826286315917,1,0,0,0,1,0,0,0,0,0,0,0,0,1,0,0,0,0,0,1,0,0,0,0,0,3.4855803353104595e-08
MindCave2_1450,1,0.92,0.0010781288146972,0.0002055168151855,1,0,0,1,0,0,0,0,0,1,0,0,0,0,0,0,0,0,0,0,0,0,1,0,0,1.793404568397671e-11
MindCave2_1450,0,0.92,0.0022637844085693,0.0010979175567626,1,0,1,0,0,0,0,0,0,0,0,1,0,0,0,0,0,0,0,1,0,0,0,0,0,1.8594942012239307e-11
MindCave2_1450,0,0.92,0.0020263195037841,0.0011436939239501,1,0,0,0,1,0,0,0,0,0,0,1,0,0,0,0,0,0,0,1,0,0,0,0,0,6.411519680550947e-09
MindCave2_1450,0,0.92,0.0008721351623535,0.0001664161682128,1,0,1,0,0,0,0,0,0,0,1,0,0,0,0,0,0,0,0,1,0,0,0,0,0,1.1799282744580712e-08
MindCave2_1450,1,0.92,0.0007903575897216,0.0001482963562011,0,1,0,0,1,0,0,0,0,0,0,0,0,1,0,0,0,0,0,0,0,0,1,0,0,5.424474514617882e-10
MindCave2_1450,1,0.92,0.0010054111480712,0.0001864433288574,0,1,0,1,0,0,0,0,0,1,0,0,0,0,0,0,0,0,0,0,0,0,1,0,0,2.565788369697559e-10
MindCave2_1450,0,0.92,0.0019524097442626,0.0011346340179443,0,1,0,0,1,0,0,0,0,0,0,1,0,0,0,0,0,0,0,1,0,0,0,0,0,1.2935411971115812e-10
MindCave2_1450,0,0.92,0.001953125,0.0010948181152343,0,1,1,0,0,0,0,0,0,0,0,1,0,0,0,0,0,0,0,1,0,0,0,0,0,8.661229438372949e-11
MindCave2_1450,1,0.92,0.0009715557098388,0.0001633167266845,1,0,0,0,1,0,0,0,0,0,0,0,0,1,0,0,0,0,0,0,0,0,1,0,0,4.4446171603668336e-08
MindCave2_1450,0,0.92,0.0008232593536376,0.0001497268676757,1,0,0,0,1,0,0,0,0,0,0,0,0,0,0,0,0,1,0,1,0,0,0,0,0,1.5155078331961166e-10
MindCave2_1450,1,0.92,0.0008699893951416,0.000159740447998,1,0,1,0,0,0,0,0,0,0,0,0,0,1,0,0,0,0,0,0,0,0,1,0,0,3.91124646146449e-09
MindCave2_1450,0,0.92,0.0012621879577636,0.0002720355987548,1,0,0,1,0,0,0,0,0,0,0,0,0,0,1,0,0,0,0,0,0,0,0,1,0,1.4072754827064932e-08
MindCave2_1450,0,0.92,0.0008685588836669,0.0001664161682128,0,1,1,0,0,0,0,0,0,0,0,0,0,1,0,0,0,0,0,1,0,0,0,0,0,1.2242392911766196e-11
PieChart3_1453,3,0.916279069767442,0.0010592937469482,0.0001440048217773,1,0,0,1,0,0,0,0,1,0,0,0,0,0,0,0,0,0,0,0,0,0,1,0,0,1.3661443789221907e-11
PieChart3_1453,3,0.916279069767442,0.0011868476867675,0.0001680850982666,0,1,1,0,0,0,0,1,0,0,0,0,0,0,0,0,0,0,0,0,0,0,1,0,0,2.1505503676895292e-10
PieChart3_1453,3,0.916279069767442,0.0013599395751953,0.0001780986785888,1,0,0,0,1,0,0,1,0,0,0,0,0,0,0,0,0,0,0,0,0,0,0,0,1,6.082231936263547e-09
PieChart3_1453,3,0.916279069767442,0.0011873245239257,0.0001580715179443,0,1,0,0,1,0,0,0,1,0,0,0,0,0,0,0,0,0,0,0,0,1,0,0,0,1.1045732997482636e-10
PieChart3_1453,3,0.916279069767442,0.0011239051818847,0.0001564025878906,1,0,0,0,1,0,0,0,1,0,0,0,0,0,0,0,0,0,0,0,0,0,1,0,0,1.0137553559636111e-11
PieChart3_1453,3,0.916279069767442,0.0013306140899658,0.0001626014709472,1,0,0,1,0,0,0,1,0,0,0,0,0,0,0,0,0,0,0,0,0,0,1,0,0,1.4209918915763128e-10
PieChart3_1453,3,0.916279069767442,0.0013597011566162,0.0001757144927978,1,0,1,0,0,0,0,0,0,0,0,0,0,0,0,0,0,1,1,0,0,0,0,0,0,2.2936295043810423e-11
PieChart3_1453,3,0.916279069767442,0.0013854503631591,0.0001997947692871,1,0,0,1,0,0,0,0,0,0,0,0,0,0,0,0,0,1,0,0,0,0,0,0,1,7.544895398866977e-11
PieChart3_1453,3,0.916279069767442,0.0013425350189208,0.0001728534698486,1,0,0,0,1,0,0,1,0,0,0,0,0,0,0,0,0,0,0,0,0,0,1,0,0,2.1515924060886168e-10
PieChart3_1453,3,0.916279069767442,0.0011582374572753,0.0001609325408935,1,0,1,0,0,0,0,1,0,0,0,0,0,0,0,0,0,0,0,0,0,1,0,0,0,3.252590732724805e-11
PieChart3_1453,3,0.916279069767442,0.0011124610900878,0.0001783370971679,0,1,0,1,0,0,0,0,1,0,0,0,0,0,0,0,0,0,0,0,0,0,1,0,0,6.690505157040312e-09
PieChart3_1453,3,0.916279069767442,0.0013022422790527,0.0001721382141113,0,1,0,0,1,0,0,0,0,0,0,0,0,0,0,0,0,1,1,0,0,0,0,0,0,1.056041360712106e-10
PieChart3_1453,3,0.916279069767442,0.0011806488037109,0.000157356262207,1,0,0,1,0,0,0,0,1,0,0,0,0,0,0,0,0,0,0,0,1,0,0,0,0,4.409396948577866e-09
PieChart3_1453,3,0.916279069767442,0.0011882781982421,0.0001571178436279,1,0,0,1,0,0,0,0,1,0,0,0,0,0,0,0,0,0,0,0,0,1,0,0,0,2.4896105247784974e-09
PieChart3_1453,3,0.916279069767442,0.0012543201446533,0.0001702308654785,1,0,0,1,0,0,0,1,0,0,0,0,0,0,0,0,0,0,0,0,0,0,0,0,1,3.9100467568307855e-08
PieChart3_1453,3,0.916279069767442,0.0011811256408691,0.0001559257507324,1,0,0,0,1,0,0,0,1,0,0,0,0,0,0,0,0,0,0,0,1,0,0,0,0,2.2476707264007212e-11
PieChart3_1453,3,0.916279069767442,0.0012650489807128,0.0001735687255859,0,1,0,0,1,0,0,0,0,0,0,0,0,0,0,0,0,1,0,0,0,0,0,0,1,7.218258741251072e-11
PieChart3_1453,3,0.916279069767442,0.0016608238220214,0.0002176761627197,1,0,0,0,1,0,0,0,0,0,0,0,0,0,0,0,0,1,1,0,0,0,0,0,0,2.888774994723068e-08
PieChart3_1453,3,0.916279069767442,0.0011343955993652,0.0001494884490966,1,0,0,0,1,0,0,0,1,0,0,0,0,0,0,0,0,0,0,0,0,1,0,0,0,1.943237243986096e-08
PieChart3_1453,3,0.916279069767442,0.0012178421020507,0.0001657009124755,1,0,0,0,1,0,0,1,0,0,0,0,0,0,0,0,0,0,0,0,0,1,0,0,0,5.867082954399228e-11
appendicitis_test_edsa_45613,3,0.9523809523809524,0.0007336139678955,0.0001475811004638,1,0,1,0,0,0,0,0,0,0,0,0,0,1,0,0,0,0,0,1,0,0,0,0,0,2.697391892281832e-11
appendicitis_test_edsa_45613,3,0.9523809523809524,0.0008444786071777,0.0001528263092041,0,1,0,0,1,0,0,0,0,1,0,0,0,0,0,0,0,0,0,0,0,0,1,0,0,2.6605158984371607e-08
appendicitis_test_edsa_45613,1,0.9523809523809524,0.0008509159088134,0.0001478195190429,1,0,1,0,0,0,0,0,0,0,0,0,0,1,0,0,0,0,0,1,0,0,0,0,0,5.158842004409608e-11
appendicitis_test_edsa_45613,3,0.9523809523809524,0.000823974609375,0.0001418590545654,1,0,1,0,0,0,0,0,0,0,0,0,0,0,0,0,0,1,0,1,0,0,0,0,0,3.050976231360924e-08
appendicitis_test_edsa_45613,3,0.9523809523809524,0.0009829998016357,0.000150442123413,0,1,0,0,1,0,0,0,0,0,0,0,0,0,0,0,0,1,0,0,0,0,1,0,0,6.989704207288049e-08
appendicitis_test_edsa_45613,1,0.9523809523809524,0.0007317066192626,0.0001661777496337,1,0,0,1,0,0,0,1,0,0,0,0,0,0,0,0,0,0,0,0,0,0,1,0,0,7.642343505296724e-11
appendicitis_test_edsa_45613,3,0.9523809523809524,0.0008096694946289,0.0001375675201416,1,0,0,1,0,0,0,1,0,0,0,0,0,0,0,0,0,0,0,0,0,0,1,0,0,2.2990604987441096e-08
appendicitis_test_edsa_45613,1,0.9523809523809524,0.0007498264312744,0.0001404285430908,1,0,0,0,1,0,0,0,0,0,0,0,0,0,0,0,0,1,0,1,0,0,0,0,0,4.95820364091936e-10
appendicitis_test_edsa_45613,3,0.9523809523809524,0.000701904296875,0.0001378059387207,1,0,0,0,1,0,0,0,0,0,0,0,0,0,0,0,0,1,0,1,0,0,0,0,0,1.4292680942863552e-08
appendicitis_test_edsa_45613,1,0.9523809523809524,0.0007493495941162,0.0002009868621826,1,0,0,0,1,0,0,0,0,0,0,0,0,1,0,0,0,0,0,1,0,0,0,0,0,4.261693026739428e-10
appendicitis_test_edsa_45613,3,0.9523809523809524,0.0007936954498291,0.0001659393310546,1,0,0,0,1,0,0,0,0,0,0,0,0,1,0,0,0,0,0,1,0,0,0,0,0,1.9124161163537658e-11
appendicitis_test_edsa_45613,3,0.9523809523809524,0.0009491443634033,0.0001471042633056,1,0,0,1,0,0,0,0,0,1,0,0,0,0,0,0,0,0,0,0,0,0,1,0,0,7.092201898427326e-09
appendicitis_test_edsa_45613,3,0.9523809523809524,0.0008144378662109,0.0001633167266845,1,0,0,0,1,0,1,0,0,0,0,0,0,0,0,0,0,0,0,1,0,0,0,0,0,4.006402328594581e-11
appendicitis_test_edsa_45613,1,0.9523809523809524,0.0008420944213867,0.0001599788665771,1,0,0,1,0,0,0,0,0,0,0,0,0,0,0,0,0,1,0,0,0,1,0,0,0,5.10622981687244e-08
appendicitis_test_edsa_45613,3,0.9523809523809524,0.000823974609375,0.0001473426818847,1,0,0,1,0,0,0,0,0,0,0,0,0,0,0,0,0,1,0,0,0,1,0,0,0,4.687973327605157e-10
appendicitis_test_edsa_45613,3,0.9523809523809524,0.0007870197296142,0.0001471042633056,1,0,0,1,0,0,0,0,0,0,0,0,0,1,0,0,0,0,0,0,0,1,0,0,0,2.1281419451433417e-11
appendicitis_test_edsa_45613,1,0.9523809523809524,0.000833511352539,0.000150442123413,1,0,0,0,1,0,0,1,0,0,0,0,0,0,0,0,0,0,0,1,0,0,0,0,0,8.202005555157157e-11
appendicitis_test_edsa_45613,3,0.9523809523809524,0.0010278224945068,0.0001792907714843,0,1,0,0,1,0,0,0,0,1,0,0,0,0,0,0,0,0,0,0,0,0,0,1,0,2.8188402872837425e-08
appendicitis_test_edsa_45613,1,0.9523809523809524,0.0009629726409912,0.0001547336578369,0,1,0,0,1,0,0,1,0,0,0,0,0,0,0,0,0,0,0,0,0,0,0,1,0,1.9246061910633516e-10
appendicitis_test_edsa_45613,3,0.9523809523809524,0.001432180404663,0.0001862049102783,0,1,0,0,1,0,0,1,0,0,0,0,0,0,0,0,0,0,0,0,0,0,0,1,0,2.6626371057649882e-08
DiabeticMellitus_41430,4,1.0,0.0008392333984375,0.0001571178436279,0,1,0,1,0,0,0,0,0,0,0,0,0,0,0,0,1,0,0,0,0,0,0,1,0,4.888177341323444e-11
DiabeticMellitus_41430,4,1.0,0.0008721351623535,0.0001587867736816,0,1,0,1,0,0,0,0,0,0,0,0,0,0,0,0,1,0,1,0,0,0,0,0,0,7.462296386690167e-10
DiabeticMellitus_41430,4,1.0,0.0009348392486572,0.0001897811889648,0,1,0,1,0,1,0,0,0,0,0,0,0,0,0,0,0,0,1,0,0,0,0,0,0,3.258651877340258e-08
DiabeticMellitus_41430,4,1.0,0.0008134841918945,0.000190258026123,0,1,1,0,0,0,0,0,0,0,0,0,0,0,0,0,1,0,1,0,0,0,0,0,0,1.5617781023106242e-11
DiabeticMellitus_41430,4,1.0,0.0008668899536132,0.0001606941223144,0,1,1,0,0,1,0,0,0,0,0,0,0,0,0,0,0,0,0,0,0,0,0,0,1,1.6485750814926228e-10
DiabeticMellitus_41430,4,1.0,0.0008323192596435,0.0001623630523681,0,1,1,0,0,0,0,0,0,0,0,0,0,0,0,0,1,0,0,0,0,0,0,0,1,4.3591956122313996e-08
DiabeticMellitus_41430,4,1.0,0.0007665157318115,0.0001769065856933,0,1,1,0,0,0,0,0,0,0,0,0,0,0,0,0,1,0,0,0,0,0,0,1,0,2.432793858810364e-09
DiabeticMellitus_41430,4,1.0,0.0008375644683837,0.0001509189605712,0,1,0,0,1,1,0,0,0,0,0,0,0,0,0,0,0,0,1,0,0,0,0,0,0,7.327039352644433e-09
DiabeticMellitus_41430,4,1.0,0.0008995532989501,0.0001592636108398,0,1,0,1,0,1,0,0,0,0,0,0,0,0,0,0,0,0,0,1,0,0,0,0,0,2.3362200905544152e-08
DiabeticMellitus_41430,4,1.0,0.0008559226989746,0.0001924037933349,0,1,0,1,0,0,0,0,0,0,0,0,0,0,0,0,1,0,0,0,0,0,0,0,1,1.2427555321240802e-09
DiabeticMellitus_41430,4,1.0,0.0011532306671142,0.0001642704010009,0,1,0,0,1,1,0,0,0,0,0,0,0,0,0,0,0,0,0,0,0,0,0,1,0,2.4069307985128716e-08
DiabeticMellitus_41430,4,1.0,0.0009627342224121,0.0002012252807617,0,1,1,0,0,1,0,0,0,0,0,0,0,0,0,0,0,0,1,0,0,0,0,0,0,3.5897010549354203e-09
DiabeticMellitus_41430,4,1.0,0.0008368492126464,0.000187873840332,0,1,0,1,0,1,0,0,0,0,0,0,0,0,0,0,0,0,0,0,0,0,0,1,0,5.528429837700372e-09
DiabeticMellitus_41430,4,1.0,0.0008628368377685,0.0001626014709472,0,1,0,1,0,1,0,0,0,0,0,0,0,0,0,0,0,0,0,0,0,0,0,0,1,4.087124062315905e-11
DiabeticMellitus_41430,0,1.0,0.0007164478302001,0.0001406669616699,0,1,1,0,0,0,0,0,1,0,0,0,0,0,0,0,0,0,0,0,0,0,1,0,0,5.702631608305292e-08
DiabeticMellitus_41430,4,1.0,0.0008351802825927,0.0001463890075683,0,1,0,1,0,0,0,0,1,0,0,0,0,0,0,0,0,0,0,0,0,0,1,0,0,1.5287532796427467e-08
DiabeticMellitus_41430,4,1.0,0.0008735656738281,0.0001599788665771,0,1,1,0,0,1,0,0,0,0,0,0,0,0,0,0,0,0,0,0,0,0,0,1,0,1.0394030445344308e-10
DiabeticMellitus_41430,4,1.0,0.0008220672607421,0.000154972076416,0,1,0,0,1,0,0,0,0,0,0,0,0,0,0,0,1,0,1,0,0,0,0,0,0,2.089193497898652e-09
DiabeticMellitus_41430,4,1.0,0.0007760524749755,0.000157356262207,0,1,0,1,0,0,0,0,0,0,0,0,0,0,0,0,1,0,0,1,0,0,0,0,0,3.2052626247692593e-10
DiabeticMellitus_41430,0,1.0,0.000781774520874,0.0001444816589355,0,1,0,1,0,0,0,0,1,0,0,0,0,0,0,0,0,0,0,0,0,0,1,0,0,4.3813504789163744e-09
tae_48,1,0.7,0.0011441707611083,0.0002152919769287,0,1,0,0,1,0,0,0,0,1,0,0,0,0,0,0,0,0,0,0,0,1,0,0,0,9.440334279452981e-08
tae_48,1,0.7,0.001025915145874,0.000209093093872,0,1,1,0,0,0,0,0,0,1,0,0,0,0,0,0,0,0,0,0,0,1,0,0,0,1.524002181181016e-11
tae_48,1,0.7,0.0010027885437011,0.0002124309539794,0,1,0,1,0,0,0,0,0,1,0,0,0,0,0,0,0,0,0,0,0,1,0,0,0,6.457948121026371e-08
tae_48,1,0.7,0.0008654594421386,0.0001912117004394,1,0,0,0,1,0,0,0,0,0,0,0,0,1,0,0,0,0,0,0,0,1,0,0,0,1.9478940390910868e-11
tae_48,1,0.7,0.0007991790771484,0.0001778602600097,0,1,0,0,1,0,0,0,0,0,0,0,0,1,0,0,0,0,0,0,0,1,0,0,0,6.967204264434774e-10
tae_48,1,0.7,0.0009148120880126,0.0001800060272216,0,1,1,0,0,0,0,0,0,0,0,0,0,1,0,0,0,0,0,0,0,1,0,0,0,8.480799626472431e-10
tae_48,1,0.7,0.0008025169372558,0.0001866817474365,1,0,1,0,0,0,0,0,0,0,0,0,0,1,0,0,0,0,0,0,0,1,0,0,0,1.188222627350853e-10
tae_48,1,0.7,0.0008783340454101,0.0002050399780273,0,1,0,1,0,0,0,0,0,0,0,0,0,1,0,0,0,0,0,0,0,1,0,0,0,1.8484050408959678e-09
tae_48,1,0.7,0.0017414093017578,0.0004723072052001,1,0,1,0,0,0,0,0,0,1,0,0,0,0,0,0,0,0,0,0,0,1,0,0,0,2.1669883941575553e-08
tae_48,1,0.7,0.0009441375732421,0.0002088546752929,1,0,0,0,1,0,0,0,0,1,0,0,0,0,0,0,0,0,0,0,0,1,0,0,0,1.4991625503742408e-10
tae_48,1,0.7,0.0013587474822998,0.0002281665802001,1,0,1,0,0,0,0,0,0,0,0,0,1,0,0,0,0,0,0,0,0,0,0,1,0,1.912580619168968e-11
tae_48,1,0.7,0.0010933876037597,0.0002384185791015,0,1,1,0,0,0,0,0,0,0,0,0,1,0,0,0,0,0,0,0,0,0,0,1,0,3.3816978591718483e-09
tae_48,1,0.7,0.0011448860168457,0.0002663135528564,1,0,0,0,1,0,0,0,0,0,0,0,1,0,0,0,0,0,0,0,0,0,0,1,0,1.0162031027386858e-08
tae_48,1,0.7,0.00105881690979,0.0002391338348388,0,1,0,1,0,0,0,0,0,0,0,0,1,0,0,0,0,0,0,0,0,0,0,1,0,6.57797228270789e-08
tae_48,1,0.7,0.0014033317565917,0.000251293182373,0,1,0,0,1,0,0,0,0,0,0,0,1,0,0,0,0,0,0,0,0,0,0,1,0,4.3460887171621145e-11
tae_48,1,0.7,0.0008192062377929,0.0001797676086425,1,0,0,1,0,0,0,0,0,0,0,0,0,1,0,0,0,0,0,0,0,1,0,0,0,4.0312475052897154e-08
tae_48,1,0.7,0.0011234283447265,0.0002167224884033,1,0,0,1,0,0,0,0,0,1,0,0,0,0,0,0,0,0,0,0,0,1,0,0,0,8.48191485968875e-10
tae_48,1,0.7,0.0010366439819335,0.0002360343933105,1,0,0,1,0,0,0,0,0,0,0,0,1,0,0,0,0,0,0,0,0,0,0,1,0,8.770673580321164e-11
tae_48,2,0.6666666666666666,0.0009896755218505,0.0002222061157226,0,1,0,0,1,0,0,0,0,0,0,0,0,0,0,1,0,0,0,0,0,0,0,0,1,7.095677700738049e-08
tae_48,2,0.6666666666666666,0.0010490417480468,0.0002362728118896,1,0,1,0,0,0,0,0,0,0,0,0,0,0,0,1,0,0,0,0,0,0,0,0,1,8.989118014571457e-11
fri_c1_500_50_766,3,0.78,0.0010683536529541,0.0001735687255859,1,0,0,1,0,0,0,1,0,0,0,0,0,0,0,0,0,0,1,0,0,0,0,0,0,8.585720433095725e-09
fri_c1_500_50_766,3,0.78,0.0010352134704589,0.0001640319824218,0,1,1,0,0,0,0,1,0,0,0,0,0,0,0,0,0,0,0,0,0,0,1,0,0,1.3789455371568968e-08
fri_c1_500_50_766,3,0.78,0.001065969467163,0.00016450881958,1,0,0,0,1,0,0,1,0,0,0,0,0,0,0,0,0,0,0,0,0,0,1,0,0,5.273223874726292e-10
fri_c1_500_50_766,3,0.78,0.0010263919830322,0.0001771450042724,1,0,1,0,0,0,0,1,0,0,0,0,0,0,0,0,0,0,0,0,0,0,1,0,0,5.753596200307127e-09
fri_c1_500_50_766,3,0.78,0.0010442733764648,0.0001697540283203,0,1,1,0,0,0,0,1,0,0,0,0,0,0,0,0,0,0,1,0,0,0,0,0,0,1.9494329398041243e-09
fri_c1_500_50_766,3,0.78,0.0010526180267333,0.0001659393310546,0,1,0,1,0,0,0,1,0,0,0,0,0,0,0,0,0,0,1,0,0,0,0,0,0,5.863150062440882e-11
fri_c1_500_50_766,3,0.78,0.001112937927246,0.0001766681671142,0,1,0,1,0,0,0,1,0,0,0,0,0,0,0,0,0,0,0,0,0,0,1,0,0,1.0953465090421864e-08
fri_c1_500_50_766,3,0.78,0.0010063648223876,0.0001652240753173,1,0,0,0,1,0,0,1,0,0,0,0,0,0,0,0,0,0,1,0,0,0,0,0,0,5.153052644885922e-08
fri_c1_500_50_766,3,0.78,0.0009593963623046,0.0001838207244873,0,1,0,0,1,0,0,1,0,0,0,0,0,0,0,0,0,0,0,0,0,0,1,0,0,9.006420480053891e-10
fri_c1_500_50_766,3,0.78,0.0010833740234375,0.0001652240753173,1,0,0,1,0,0,0,1,0,0,0,0,0,0,0,0,0,0,0,0,0,0,1,0,0,9.489449441255206e-08
fri_c1_500_50_766,3,0.78,0.0010359287261962,0.0001866817474365,1,0,1,0,0,0,0,1,0,0,0,0,0,0,0,0,0,0,1,0,0,0,0,0,0,5.150640686386324e-10
fri_c1_500_50_766,3,0.78,0.0010254383087158,0.0001654624938964,0,1,0,0,1,0,0,1,0,0,0,0,0,0,0,0,0,0,1,0,0,0,0,0,0,8.297481689214281e-10
fri_c1_500_50_766,3,0.77,0.0010662078857421,0.0001664161682128,1,0,0,1,0,0,0,1,0,0,0,0,0,0,0,0,0,0,0,0,0,0,0,1,0,4.961237936350911e-09
fri_c1_500_50_766,3,0.77,0.001110553741455,0.0001642704010009,0,1,0,0,1,0,0,1,0,0,0,0,0,0,0,0,0,0,0,0,0,0,0,1,0,5.5345278464295466e-11
fri_c1_500_50_766,3,0.77,0.001039981842041,0.0001647472381591,0,1,0,0,1,0,0,1,0,0,0,0,0,0,0,0,0,0,0,0,1,0,0,0,0,4.05306939659218e-08
fri_c1_500_50_766,3,0.77,0.0010137557983398,0.0001633167266845,1,0,0,0,1,0,0,1,0,0,0,0,0,0,0,0,0,0,0,0,0,0,0,1,0,1.6035820585289567e-08
fri_c1_500_50_766,3,0.77,0.001105785369873,0.0001647472381591,0,1,1,0,0,0,0,1,0,0,0,0,0,0,0,0,0,0,0,0,0,0,0,1,0,3.0879420786784615e-08
fri_c1_500_50_766,3,0.77,0.0010323524475097,0.0001647472381591,1,0,0,1,0,0,0,1,0,0,0,0,0,0,0,0,0,0,0,0,1,0,0,0,0,2.743053752210354e-09
fri_c1_500_50_766,3,0.77,0.0010848045349121,0.0001759529113769,1,0,0,0,1,0,0,1,0,0,0,0,0,0,0,0,0,0,0,0,1,0,0,0,0,3.427613500342676e-08
fri_c1_500_50_766,3,0.77,0.0010683536529541,0.0002388954162597,0,1,0,1,0,0,0,1,0,0,0,0,0,0,0,0,0,0,0,0,0,0,0,1,0,5.246744900825965e-09
tokyo1_40705,2,0.9427083333333334,0.0008420944213867,0.0001707077026367,0,1,1,0,0,0,0,0,0,0,1,0,0,0,0,0,0,0,0,0,0,0,1,0,0,1.112355481147213e-09
tokyo1_40705,2,0.9427083333333334,0.0016191005706787,0.0004513263702392,0,1,0,0,1,0,0,0,0,0,0,0,1,0,0,0,0,0,0,0,0,0,1,0,0,5.33535370323573e-08
tokyo1_40705,2,0.9427083333333334,0.0015196800231933,0.000319480895996,1,0,1,0,0,0,0,0,0,0,0,0,1,0,0,0,0,0,0,0,0,0,1,0,0,5.739566277920386e-10
tokyo1_40705,2,0.9427083333333334,0.0015981197357177,0.0003101825714111,0,1,0,1,0,0,0,0,0,0,0,0,1,0,0,0,0,0,0,0,0,0,1,0,0,1.005262360879048e-09
tokyo1_40705,2,0.9427083333333334,0.0008809566497802,0.0001909732818603,1,0,0,0,1,0,0,0,0,0,1,0,0,0,0,0,0,0,0,0,0,0,1,0,0,4.7662292032734146e-11
tokyo1_40705,2,0.9427083333333334,0.000960350036621,0.0001971721649169,1,0,0,1,0,0,0,0,0,0,1,0,0,0,0,0,0,0,0,0,0,0,1,0,0,6.174986883540704e-08
tokyo1_40705,2,0.9427083333333334,0.0015854835510253,0.0003321170806884,1,0,1,0,0,0,0,0,0,0,1,0,0,0,0,0,0,0,0,0,0,0,1,0,0,7.659690713572244e-11
tokyo1_40705,2,0.9427083333333334,0.0016779899597167,0.0003087520599365,1,0,0,0,1,0,0,0,0,0,0,0,1,0,0,0,0,0,0,0,0,0,1,0,0,6.392396378147616e-11
tokyo1_40705,2,0.9427083333333334,0.0008201599121093,0.0001735687255859,0,1,0,0,1,0,0,0,0,0,1,0,0,0,0,0,0,0,0,0,0,0,1,0,0,2.5396765966652603e-11
tokyo1_40705,2,0.9427083333333334,0.0015590190887451,0.0003132820129394,1,0,0,1,0,0,0,0,0,0,0,0,1,0,0,0,0,0,0,0,0,0,1,0,0,6.507854050697634e-10
tokyo1_40705,2,0.9427083333333334,0.0015175342559814,0.0003168582916259,0,1,1,0,0,0,0,0,0,0,0,0,1,0,0,0,0,0,0,0,0,0,1,0,0,1.2429629959182295e-10
tokyo1_40705,2,0.9427083333333334,0.000852346420288,0.0001749992370605,0,1,0,1,0,0,0,0,0,0,1,0,0,0,0,0,0,0,0,0,0,0,1,0,0,9.18594841245037e-09
tokyo1_40705,2,0.9375,0.0009336471557617,0.0001709461212158,0,1,0,0,1,1,0,0,0,0,0,0,0,0,0,0,0,0,0,0,0,0,0,1,0,1.6985818564383215e-10
tokyo1_40705,2,0.9375,0.0008201599121093,0.0001614093780517,1,0,0,0,1,1,0,0,0,0,0,0,0,0,0,0,0,0,0,0,0,0,0,0,1,7.639783419105114e-09
tokyo1_40705,2,0.9375,0.0008308887481689,0.0001599788665771,1,0,1,0,0,0,0,0,0,0,0,0,0,0,0,0,1,0,0,0,0,0,1,0,0,6.079170598975876e-11
tokyo1_40705,2,0.9375,0.0008528232574462,0.0001707077026367,0,1,1,0,0,1,0,0,0,0,0,0,0,0,0,0,0,0,0,0,0,0,0,1,0,8.315021444399736e-11
tokyo1_40705,2,0.9375,0.0009198188781738,0.0001735687255859,1,0,0,1,0,1,0,0,0,0,0,0,0,0,0,0,0,0,0,0,0,0,0,0,1,1.677631769298357e-08
tokyo1_40705,2,0.9375,0.0007989406585693,0.0001575946807861,0,1,0,1,0,0,0,0,0,0,0,0,0,0,0,0,1,0,0,0,0,0,1,0,0,3.0505223250710007e-10
tokyo1_40705,2,0.9375,0.0008907318115234,0.0001585483551025,0,1,0,0,1,0,0,0,0,0,0,0,0,0,0,0,1,0,0,0,0,0,1,0,0,2.7995994686777768e-11
tokyo1_40705,2,0.9375,0.0009005069732666,0.0001728534698486,1,0,1,0,0,1,0,0,0,0,0,0,0,0,0,0,0,0,0,0,0,0,0,0,1,7.00834092759721e-08
schizo_466,1,0.8970588235294118,0.0015342235565185,0.0009229183197021,0,1,0,0,1,0,0,0,0,0,0,0,1,0,0,0,0,0,0,1,0,0,0,0,0,5.123522240684639e-11
schizo_466,1,0.8529411764705882,0.0014786720275878,0.0002572536468505,0,1,0,1,0,0,0,0,0,0,0,0,1,0,0,0,0,0,0,1,0,0,0,0,0,3.9883060256055954e-11
schizo_466,3,0.8529411764705882,0.0012855529785156,0.0002901554107666,0,1,0,0,1,0,0,0,0,0,0,0,1,0,0,0,0,0,0,1,0,0,0,0,0,2.7134901748797953e-10
schizo_466,3,0.8529411764705882,0.0013401508331298,0.0002586841583251,0,1,0,1,0,0,0,0,0,0,0,0,1,0,0,0,0,0,0,1,0,0,0,0,0,2.4128764069710076e-11
schizo_466,2,0.8382352941176471,0.0013065338134765,0.0002446174621582,0,1,0,1,0,0,0,0,0,0,0,0,1,0,0,0,0,0,0,1,0,0,0,0,0,4.1924269473655714e-11
schizo_466,2,0.8382352941176471,0.0014243125915527,0.0002751350402832,0,1,0,0,1,0,0,0,0,0,0,0,1,0,0,0,0,0,0,1,0,0,0,0,0,2.4309632314058663e-08
schizo_466,0,0.8382352941176471,0.0012903213500976,0.0002481937408447,0,1,0,1,0,0,0,0,0,0,0,0,1,0,0,0,0,0,0,1,0,0,0,0,0,4.853191439049489e-11
schizo_466,0,0.8235294117647058,0.0017290115356445,0.0004477500915527,0,1,0,0,1,0,0,0,0,0,0,0,1,0,0,0,0,0,0,1,0,0,0,0,0,2.7906621024823223e-11
schizo_466,4,0.7647058823529411,0.0017902851104736,0.0002627372741699,0,1,0,0,1,0,0,0,0,0,0,0,1,0,0,0,0,0,0,1,0,0,0,0,0,3.3100164149632385e-08
schizo_466,4,0.75,0.0013346672058105,0.0002493858337402,0,1,0,1,0,0,0,0,0,0,0,0,1,0,0,0,0,0,0,1,0,0,0,0,0,5.959173533678573e-10
schizo_466,0,0.7352941176470589,0.0013008117675781,0.0002458095550537,0,1,0,1,0,0,0,0,0,0,0,0,0,0,0,1,0,0,0,1,0,0,0,0,0,4.2525728841435206e-11
schizo_466,1,0.7205882352941176,0.0010325908660888,0.0001726150512695,0,1,0,0,1,0,1,0,0,0,0,0,0,0,0,0,0,0,0,1,0,0,0,0,0,2.118701246108327e-09
schizo_466,3,0.7205882352941176,0.0011775493621826,0.0002307891845703,0,1,0,0,1,0,0,0,0,0,0,0,0,0,0,1,0,0,0,1,0,0,0,0,0,1.4656266708566096e-11
schizo_466,1,0.7205882352941176,0.0012016296386718,0.0001988410949707,0,1,0,1,0,0,0,0,0,1,0,0,0,0,0,0,0,0,0,0,0,0,0,1,0,5.123069157031241e-10
schizo_466,1,0.7205882352941176,0.0009081363677978,0.0001697540283203,0,1,0,1,0,0,0,0,0,0,0,0,0,1,0,0,0,0,0,0,0,0,0,1,0,2.297498864954332e-09
schizo_466,1,0.7058823529411765,0.0008718967437744,0.0001678466796875,0,1,0,1,0,0,0,0,0,0,0,0,0,1,0,0,0,0,1,0,0,0,0,0,0,6.737210565410388e-08
schizo_466,3,0.7058823529411765,0.0012509822845458,0.0002052783966064,0,1,0,1,0,0,0,0,0,1,0,0,0,0,0,0,0,0,0,0,0,0,0,1,0,2.0223627395441428e-10
schizo_466,1,0.7058823529411765,0.001296043395996,0.0002036094665527,0,1,0,1,0,0,0,0,0,1,0,0,0,0,0,0,0,0,1,0,0,0,0,0,0,1.1486940886934723e-08
schizo_466,3,0.7058823529411765,0.0009214878082275,0.0001921653747558,0,1,0,1,0,0,0,0,0,0,0,0,0,1,0,0,0,0,0,0,0,0,0,1,0,3.394683235318567e-11
schizo_466,0,0.6911764705882353,0.0011205673217773,0.0001990795135498,0,1,0,1,0,0,0,0,0,1,0,0,0,0,0,0,0,0,1,0,0,0,0,0,0,5.424121387561895e-10
glass_1005,4,0.8333333333333334,0.0007874965667724,0.0001478195190429,1,0,0,0,1,0,0,0,1,0,0,0,0,0,0,0,0,0,0,0,0,0,1,0,0,7.807984086510254e-11
glass_1005,4,0.8333333333333334,0.0007963180541992,0.0001473426818847,1,0,0,0,1,0,0,0,0,0,0,0,0,0,0,0,1,0,0,0,0,0,1,0,0,9.329778721321718e-10
glass_1005,4,0.8333333333333334,0.0007252693176269,0.0001351833343505,1,0,0,1,0,0,0,0,0,0,0,0,0,0,0,0,1,0,0,0,0,0,1,0,0,4.665814145694141e-10
glass_1005,4,0.8333333333333334,0.0006930828094482,0.0001301765441894,0,1,0,1,0,0,0,0,0,0,0,0,0,0,0,0,1,0,0,0,0,0,1,0,0,8.301187048950888e-08
glass_1005,4,0.8333333333333334,0.0008401870727539,0.0001704692840576,1,0,1,0,0,0,0,0,0,0,0,0,0,0,0,1,0,0,0,0,0,1,0,0,0,4.6772651640914616e-08
glass_1005,4,0.8333333333333334,0.0007274150848388,0.0001332759857177,0,1,0,1,0,0,0,0,1,0,0,0,0,0,0,0,0,0,0,0,0,0,1,0,0,2.132178690845286e-09
glass_1005,4,0.8333333333333334,0.000821828842163,0.0001459121704101,0,1,1,0,0,0,0,0,1,0,0,0,0,0,0,0,0,0,0,0,0,0,1,0,0,5.0820520840698645e-11
glass_1005,4,0.8333333333333334,0.0006895065307617,0.0001940727233886,0,1,1,0,0,0,0,0,0,0,0,0,0,0,0,0,1,0,0,0,0,0,1,0,0,1.6897714406319272e-09
glass_1005,4,0.8333333333333334,0.0007555484771728,0.0001609325408935,1,0,1,0,0,0,0,0,1,0,0,0,0,0,0,0,0,0,0,0,0,0,1,0,0,1.4734286604483021e-08
glass_1005,4,0.8333333333333334,0.0007920265197753,0.0001609325408935,1,0,0,1,0,0,0,0,0,0,0,0,0,0,0,1,0,0,0,0,0,1,0,0,0,1.419411919554522e-11
glass_1005,4,0.8333333333333334,0.0007326602935791,0.0001418590545654,1,0,1,0,0,0,0,0,0,0,0,0,0,0,0,0,1,0,0,0,0,0,1,0,0,5.446498578483481e-10
glass_1005,4,0.8333333333333334,0.0008773803710937,0.0001795291900634,1,0,0,0,1,0,0,0,0,0,0,0,0,0,0,1,0,0,0,0,0,1,0,0,0,1.4811111770791458e-11
glass_1005,4,0.8333333333333334,0.0008432865142822,0.0001699924468994,0,1,0,0,1,0,0,0,0,0,0,0,0,0,0,1,0,0,0,0,0,1,0,0,0,9.458706510991135e-11
glass_1005,4,0.8333333333333334,0.0008003711700439,0.0001881122589111,0,1,1,0,0,0,0,0,0,0,0,0,0,0,0,1,0,0,0,0,0,1,0,0,0,2.335923621540912e-11
glass_1005,4,0.8333333333333334,0.000680923461914,0.0001330375671386,1,0,0,1,0,0,0,0,1,0,0,0,0,0,0,0,0,0,0,0,0,0,1,0,0,6.955256149463583e-08
glass_1005,4,0.8333333333333334,0.0008151531219482,0.0001592636108398,0,1,0,1,0,0,0,0,0,0,0,0,0,0,0,1,0,0,0,0,0,1,0,0,0,4.7349414284653575e-11
glass_1005,4,0.8333333333333334,0.0007147789001464,0.0001394748687744,0,1,0,0,1,0,0,0,1,0,0,0,0,0,0,0,0,0,0,0,0,0,1,0,0,3.984882584620433e-11
glass_1005,4,0.8333333333333334,0.0007295608520507,0.0001387596130371,0,1,0,0,1,0,0,0,0,0,0,0,0,0,0,0,1,0,0,0,0,0,1,0,0,7.730718613319064e-08
glass_1005,4,0.8095238095238095,0.0009188652038574,0.0001807212829589,1,0,0,0,1,0,0,0,0,0,0,0,0,0,0,1,0,0,0,0,0,0,0,1,0,1.1584283068462424e-09
glass_1005,4,0.8095238095238095,0.000922679901123,0.0001637935638427,0,1,0,0,1,0,0,0,0,0,0,0,0,0,0,1,0,0,0,0,0,0,0,1,0,1.0763168160581773e-08
backache_463,1,0.9444444444444444,0.00099778175354,0.0002355575561523,0,1,0,0,1,0,0,0,0,0,0,0,0,0,0,1,0,0,0,0,0,0,0,1,0,2.0382554145187252e-10
backache_463,1,0.9444444444444444,0.0009193420410156,0.000211477279663,0,1,0,1,0,0,0,0,0,0,0,0,0,0,0,1,0,0,0,0,0,0,0,1,0,1.3534518926616803e-09
backache_463,1,0.9444444444444444,0.0010149478912353,0.0002002716064453,0,1,1,0,0,0,0,0,0,0,0,0,0,0,0,1,0,0,0,0,0,0,0,1,0,1.0651599983258774e-11
backache_463,1,0.9444444444444444,0.0009269714355468,0.0002646446228027,1,0,0,1,0,0,0,0,0,0,0,0,0,0,0,1,0,0,0,0,0,0,0,1,0,4.3179129787130546e-10
backache_463,1,0.9444444444444444,0.0010011196136474,0.0002012252807617,1,0,1,0,0,0,0,0,0,0,0,0,0,0,0,1,0,0,0,0,0,0,0,1,0,1.660959893209405e-09
backache_463,1,0.9444444444444444,0.0009469985961914,0.0002257823944091,1,0,0,0,1,0,0,0,0,0,0,0,0,0,0,1,0,0,0,0,0,0,0,1,0,1.1419330800857975e-09
backache_463,1,0.9166666666666666,0.0008051395416259,0.0003480911254882,0,1,1,0,0,0,0,1,0,0,0,0,0,0,0,0,0,0,0,0,0,1,0,0,0,4.2002848983161326e-10
backache_463,1,0.9166666666666666,0.000943899154663,0.0001749992370605,0,1,0,1,0,0,0,0,0,0,0,0,0,0,0,1,0,0,0,0,0,1,0,0,0,1.41785119960213e-08
backache_463,1,0.9166666666666666,0.0008423328399658,0.000173807144165,1,0,0,1,0,0,0,0,0,0,0,0,0,0,0,1,0,0,0,0,0,1,0,0,0,1.0152273443274903e-09
backache_463,1,0.9166666666666666,0.0007159709930419,0.0001459121704101,1,0,0,1,0,0,0,0,1,0,0,0,0,0,0,0,0,0,0,0,0,1,0,0,0,3.5033384417925663e-09
backache_463,1,0.9166666666666666,0.000784158706665,0.0001461505889892,0,1,1,0,0,0,0,1,0,0,0,0,0,0,0,0,0,0,0,1,0,0,0,0,0,5.4762658924446574e-11
backache_463,1,0.9166666666666666,0.0007524490356445,0.000145673751831,1,0,0,0,1,0,0,0,0,0,0,0,0,0,0,0,0,1,0,0,0,0,0,0,1,2.7925463209594725e-08
backache_463,1,0.9166666666666666,0.0009336471557617,0.0001828670501708,0,1,1,0,0,0,0,0,0,0,0,0,0,0,0,1,0,0,0,1,0,0,0,0,0,2.827123154622694e-10
backache_463,1,0.9166666666666666,0.0007269382476806,0.0001440048217773,1,0,0,1,0,0,0,0,1,0,0,0,0,0,0,0,0,0,0,0,0,0,1,0,0,8.480364772545862e-10
backache_463,1,0.9166666666666666,0.000873327255249,0.0001704692840576,1,0,0,0,1,0,0,0,0,0,0,0,0,0,0,1,0,0,0,0,0,1,0,0,0,2.5631800802512777e-10
backache_463,1,0.9166666666666666,0.00079345703125,0.0001804828643798,1,0,0,1,0,0,0,1,0,0,0,0,0,0,0,0,0,0,0,0,0,1,0,0,0,3.6951213378541045e-08
backache_463,1,0.9166666666666666,0.0007569789886474,0.0001461505889892,1,0,0,0,1,0,0,1,0,0,0,0,0,0,0,0,0,0,0,0,0,1,0,0,0,4.00830340690836e-08
backache_463,1,0.9166666666666666,0.0007445812225341,0.000171422958374,1,0,0,0,1,0,0,0,1,0,0,0,0,0,0,0,0,0,0,0,0,1,0,0,0,7.891096937009172e-11
backache_463,1,0.9166666666666666,0.0008139610290527,0.0001449584960937,1,0,0,0,1,0,0,0,1,0,0,0,0,0,0,0,0,0,1,0,0,0,0,0,0,1.0253171532442241e-08
backache_463,1,0.9166666666666666,0.0007667541503906,0.0001451969146728,0,1,1,0,0,0,0,0,0,0,0,0,0,0,0,0,0,1,0,1,0,0,0,0,0,2.579491985365926e-11
parkinsons_1488,2,0.9743589743589745,0.0008389949798583,0.0001623630523681,1,0,1,0,0,0,0,0,0,0,1,0,0,0,0,0,0,0,0,0,1,0,0,0,0,1.3164410408597817e-11
parkinsons_1488,2,0.9743589743589745,0.0007600784301757,0.0001542568206787,0,1,0,0,1,0,0,0,0,0,1,0,0,0,0,0,0,0,0,0,1,0,0,0,0,2.2199155533802247e-08
parkinsons_1488,2,0.9743589743589745,0.000812292098999,0.0001537799835205,0,1,0,1,0,0,0,0,0,0,1,0,0,0,0,0,0,0,0,0,1,0,0,0,0,3.3474383095583155e-11
parkinsons_1488,2,0.9743589743589745,0.0007593631744384,0.0001535415649414,1,0,0,0,1,0,0,0,0,0,1,0,0,0,0,0,0,0,0,0,1,0,0,0,0,4.160359609794922e-11
parkinsons_1488,2,0.9743589743589745,0.0008096694946289,0.0001533031463623,1,0,0,1,0,0,0,0,0,0,1,0,0,0,0,0,0,0,0,0,1,0,0,0,0,2.669027430339623e-09
parkinsons_1488,2,0.9743589743589745,0.0007739067077636,0.0001518726348876,0,1,1,0,0,0,0,0,0,0,1,0,0,0,0,0,0,0,0,0,1,0,0,0,0,1.8495840269344623e-08
parkinsons_1488,0,0.9230769230769232,0.0007381439208984,0.0001461505889892,0,1,1,0,0,0,0,0,1,0,0,0,0,0,0,0,0,0,1,0,0,0,0,0,0,5.7332869695822986e-11
parkinsons_1488,0,0.9230769230769232,0.0008924007415771,0.0001485347747802,1,0,0,1,0,0,0,0,1,0,0,0,0,0,0,0,0,0,0,0,0,0,0,1,0,2.8626545237998808e-11
parkinsons_1488,0,0.9230769230769232,0.0010726451873779,0.0002045631408691,1,0,0,1,0,0,0,0,0,0,0,0,0,0,0,1,0,0,0,0,0,0,1,0,0,2.038399865520008e-11
parkinsons_1488,0,0.9230769230769232,0.000709056854248,0.0001544952392578,0,1,1,0,0,0,0,0,1,0,0,0,0,0,0,0,0,0,0,0,0,0,0,0,1,1.257145792946201e-11
parkinsons_1488,0,0.9230769230769232,0.0010607242584228,0.0001921653747558,0,1,1,0,0,0,0,0,0,0,0,0,0,0,0,1,0,0,0,0,0,0,1,0,0,2.923590886589226e-11
parkinsons_1488,0,0.9230769230769232,0.000709056854248,0.00014328956604,0,1,1,0,0,0,0,0,1,0,0,0,0,0,0,0,0,0,0,0,0,1,0,0,0,5.8988538778727335e-08
parkinsons_1488,0,0.9230769230769232,0.0007522106170654,0.0001428127288818,1,0,0,0,1,0,0,0,1,0,0,0,0,0,0,0,0,0,0,1,0,0,0,0,0,2.4050828989943717e-11
parkinsons_1488,0,0.9230769230769232,0.0006921291351318,0.0001442432403564,0,1,1,0,0,0,0,0,1,0,0,0,0,0,0,0,0,0,0,0,0,0,0,1,0,2.456042605308294e-09
parkinsons_1488,0,0.9230769230769232,0.0006954669952392,0.0001444816589355,0,1,0,1,0,0,0,0,1,0,0,0,0,0,0,0,0,0,0,0,0,0,0,1,0,4.8290928490070634e-08
parkinsons_1488,0,0.9230769230769232,0.0006866455078125,0.0001587867736816,0,1,0,0,1,0,0,0,1,0,0,0,0,0,0,0,0,0,0,0,0,1,0,0,0,3.245492150608934e-09
parkinsons_1488,0,0.9230769230769232,0.0006866455078125,0.0001440048217773,0,1,0,1,0,0,0,0,1,0,0,0,0,0,0,0,0,0,1,0,0,0,0,0,0,1.352019695101195e-11
parkinsons_1488,0,0.9230769230769232,0.0007979869842529,0.0001547336578369,1,0,0,0,1,0,0,0,1,0,0,0,0,0,0,0,0,0,1,0,0,0,0,0,0,2.43027393394423e-09
parkinsons_1488,0,0.9230769230769232,0.0006840229034423,0.000145673751831,1,0,0,0,1,0,0,0,1,0,0,0,0,0,0,0,0,0,0,0,0,0,0,1,0,4.0950690334270456e-08
parkinsons_1488,0,0.9230769230769232,0.0007429122924804,0.0001442432403564,1,0,1,0,0,0,0,0,1,0,0,0,0,0,0,0,0,0,0,0,0,0,0,1,0,1.9509050832502894e-10
PieChart1_1451,1,0.9361702127659576,0.00417160987854,0.0007586479187011,1,0,1,0,0,0,0,0,0,0,0,0,0,0,1,0,0,0,0,1,0,0,0,0,0,1.7968495627335368e-10
PieChart1_1451,3,0.9361702127659576,0.0009996891021728,0.0001602172851562,0,1,0,0,1,0,0,0,0,0,0,0,0,0,0,0,0,1,0,0,0,0,1,0,0,9.895878507907366e-11
PieChart1_1451,3,0.9361702127659576,0.0011961460113525,0.0001721382141113,1,0,1,0,0,0,0,0,0,0,0,0,0,0,0,0,0,1,0,0,0,0,1,0,0,1.0523939622019858e-09
PieChart1_1451,1,0.9361702127659576,0.0010943412780761,0.0001559257507324,1,0,0,1,0,0,0,0,0,0,0,0,0,0,0,0,0,1,1,0,0,0,0,0,0,8.948935634934666e-11
PieChart1_1451,1,0.9361702127659576,0.0011489391326904,0.0001704692840576,1,0,1,0,0,0,0,0,0,0,0,0,0,0,0,0,0,1,1,0,0,0,0,0,0,7.855160905854715e-09
PieChart1_1451,1,0.9361702127659576,0.0010652542114257,0.0001702308654785,0,1,0,0,1,0,0,0,0,0,0,0,0,0,0,0,0,1,1,0,0,0,0,0,0,3.797055889837208e-09
PieChart1_1451,1,0.9361702127659576,0.0038983821868896,0.0007555484771728,0,1,0,0,1,0,0,0,0,0,0,0,0,0,1,0,0,0,0,1,0,0,0,0,0,4.009539178629352e-10
PieChart1_1451,3,0.9361702127659576,0.0009500980377197,0.0001559257507324,0,1,1,0,0,0,0,0,0,0,0,0,0,0,0,0,0,1,0,0,0,0,1,0,0,7.766408521608827e-09
PieChart1_1451,1,0.9361702127659576,0.0042872428894042,0.0007016658782958,0,1,0,1,0,0,0,0,0,0,0,0,0,0,1,0,0,0,0,1,0,0,0,0,0,2.477337779776136e-11
PieChart1_1451,1,0.9361702127659576,0.0010621547698974,0.0001716613769531,0,1,0,1,0,0,0,0,0,0,0,0,0,0,0,0,0,1,1,0,0,0,0,0,0,9.956658542860558e-09
PieChart1_1451,3,0.9361702127659576,0.0011072158813476,0.0001704692840576,1,0,0,1,0,0,0,0,0,0,0,0,0,0,0,0,0,1,0,0,0,0,1,0,0,2.580077350884344e-09
PieChart1_1451,3,0.9361702127659576,0.0009868144989013,0.000162124633789,0,1,0,1,0,0,0,0,0,0,0,0,0,0,0,0,0,1,0,0,0,0,1,0,0,3.313839747567212e-09
PieChart1_1451,1,0.9361702127659576,0.0009613037109375,0.0001552104949951,0,1,1,0,0,0,0,0,0,0,0,0,0,0,0,0,0,1,1,0,0,0,0,0,0,1.814073172916349e-11
PieChart1_1451,1,0.9361702127659576,0.0048046112060546,0.0008113384246826,0,1,1,0,0,0,0,0,0,0,0,0,0,0,1,0,0,0,0,1,0,0,0,0,0,2.9685204623454677e-09
PieChart1_1451,3,0.9361702127659576,0.0010247230529785,0.0001635551452636,1,0,0,0,1,0,0,0,0,0,0,0,0,0,0,0,0,1,0,0,0,0,1,0,0,9.47301217125039e-10
PieChart1_1451,1,0.9361702127659576,0.0039093494415283,0.0007662773132324,1,0,0,1,0,0,0,0,0,0,0,0,0,0,1,0,0,0,0,1,0,0,0,0,0,8.779100268876404e-10
PieChart1_1451,1,0.9361702127659576,0.0040886402130126,0.0008718967437744,1,0,0,0,1,0,0,0,0,0,0,0,0,0,1,0,0,0,0,1,0,0,0,0,0,1.9382669885321228e-10
PieChart1_1451,1,0.9361702127659576,0.0014178752899169,0.0002124309539794,1,0,0,0,1,0,0,0,0,0,0,0,0,0,0,0,0,1,1,0,0,0,0,0,0,1.0726438161219384e-11
PieChart1_1451,3,0.9290780141843972,0.0009703636169433,0.0001461505889892,1,0,0,1,0,0,0,0,1,0,0,0,0,0,0,0,0,0,1,0,0,0,0,0,0,4.903990274025243e-10
PieChart1_1451,3,0.9290780141843972,0.003751516342163,0.0008316040039062,0,1,0,0,1,0,0,0,0,0,0,0,0,0,1,0,0,0,0,1,0,0,0,0,0,4.0148090727155924e-10
bridges_327,0,0.9047619047619048,0.0010914802551269,0.0002696514129638,0,1,0,0,1,0,0,0,0,0,0,0,0,1,0,0,0,0,0,0,0,0,0,0,1,4.91158460323085e-10
bridges_327,0,0.9047619047619048,0.0012383460998535,0.0002553462982177,0,1,0,0,1,0,0,0,0,1,0,0,0,0,0,0,0,0,0,0,0,0,0,0,1,2.805278778255542e-09
bridges_327,0,0.9047619047619048,0.0010464191436767,0.0002529621124267,0,1,0,0,1,0,0,0,0,0,0,0,0,1,0,0,0,0,0,0,0,0,0,1,0,1.5835247550746782e-10
bridges_327,0,0.9047619047619048,0.0011518001556396,0.0002529621124267,0,1,0,0,1,0,0,0,0,1,0,0,0,0,0,0,0,0,0,0,0,0,0,1,0,1.1954565528692646e-10
bridges_327,0,0.8571428571428571,0.0011267662048339,0.0002558231353759,0,1,0,0,1,0,0,0,0,0,0,0,0,1,0,0,0,0,0,1,0,0,0,0,0,9.797722118319076e-10
bridges_327,0,0.8571428571428571,0.0010766983032226,0.0002887248992919,0,1,0,0,1,0,0,0,0,1,0,0,0,0,0,0,0,0,0,1,0,0,0,0,0,2.3402955344629207e-09
bridges_327,0,0.8095238095238095,0.0010921955108642,0.0002458095550537,0,1,0,0,1,1,0,0,0,0,0,0,0,0,0,0,0,0,0,0,1,0,0,0,0,1.8591468992963406e-09
bridges_327,0,0.8095238095238095,0.0010347366333007,0.0002532005310058,0,1,0,0,1,0,0,0,0,0,0,0,0,1,0,0,0,0,0,0,1,0,0,0,0,3.361761788962761e-08
bridges_327,0,0.8095238095238095,0.0010602474212646,0.0002570152282714,0,1,0,1,0,0,0,0,0,0,0,0,0,1,0,0,0,0,0,1,0,0,0,0,0,1.19282362839536e-08
bridges_327,0,0.8095238095238095,0.0013487339019775,0.0002899169921875,0,1,0,0,1,0,0,0,0,1,0,0,0,0,0,0,0,0,0,0,1,0,0,0,0,1.6171845571196598e-11
bridges_327,0,0.8095238095238095,0.0010902881622314,0.0002474784851074,0,1,0,1,0,0,0,0,1,0,0,0,0,0,0,0,0,0,0,0,0,0,0,0,1,1.7943272825927412e-09
bridges_327,0,0.8095238095238095,0.0010616779327392,0.0002539157867431,0,1,0,0,1,0,1,0,0,0,0,0,0,0,0,0,0,0,0,0,0,0,0,0,1,4.690907162789806e-10
bridges_327,0,0.8095238095238095,0.000981330871582,0.0002384185791015,0,1,0,0,1,0,0,0,0,0,0,0,0,0,0,0,0,1,0,0,0,0,0,0,1,2.7810267974842216e-10
bridges_327,0,0.8095238095238095,0.0010740756988525,0.0002658367156982,0,1,0,1,0,0,0,0,0,1,0,0,0,0,0,0,0,0,0,1,0,0,0,0,0,6.785527649659038e-08
bridges_327,0,0.8095238095238095,0.0012860298156738,0.0003232955932617,0,1,0,1,0,0,0,0,0,0,0,0,1,0,0,0,0,0,0,0,0,0,0,1,0,6.717120358217456e-10
bridges_327,0,0.7619047619047619,0.0013887882232666,0.0003333091735839,0,1,0,0,1,0,0,0,0,0,0,0,0,0,0,1,0,0,1,0,0,0,0,0,0,7.546395802680891e-09
bridges_327,0,0.7619047619047619,0.001035451889038,0.0002503395080566,0,1,0,0,1,0,0,0,0,0,0,1,0,0,0,0,0,0,0,0,1,0,0,0,0,7.384955451155525e-08
bridges_327,0,0.7619047619047619,0.0010151863098144,0.0002517700195312,0,1,0,1,0,0,0,0,0,1,0,0,0,0,0,0,0,0,0,0,0,0,0,0,1,4.0179131377381076e-11
bridges_327,0,0.7619047619047619,0.0010724067687988,0.000270128250122,0,1,0,1,0,0,1,0,0,0,0,0,0,0,0,0,0,0,0,0,0,0,0,1,0,1.6537316894339255e-11
bridges_327,0,0.7619047619047619,0.0010285377502441,0.0003013610839843,0,1,0,0,1,0,0,0,0,1,0,0,0,0,0,0,0,0,0,0,0,0,1,0,0,1.7967221333133507e-10
bwin_amlb_45717,2,0.7169811320754716,0.000765323638916,0.0001771450042724,1,0,1,0,0,0,0,0,0,0,0,0,0,0,0,0,0,1,0,0,0,0,0,0,1,1.5058338703361353e-11
bwin_amlb_45717,2,0.7169811320754716,0.0008854866027832,0.0001792907714843,1,0,0,0,1,0,0,0,0,0,0,0,0,0,0,0,0,1,0,0,0,0,0,0,1,2.9312876956297257e-11
bwin_amlb_45717,2,0.7169811320754716,0.0007524490356445,0.0001754760742187,1,0,0,1,0,0,0,0,0,0,0,0,0,0,0,0,0,1,0,0,0,0,0,0,1,9.264869150676332e-08
bwin_amlb_45717,2,0.7169811320754716,0.0007765293121337,0.0001780986785888,0,1,0,1,0,0,0,0,0,0,0,0,0,0,0,0,0,1,0,0,0,0,0,0,1,6.929718916019689e-08
bwin_amlb_45717,2,0.7169811320754716,0.0007169246673583,0.0001623630523681,0,1,0,0,1,0,0,0,0,0,0,0,0,0,0,0,0,1,0,0,0,0,0,0,1,5.823319731171924e-09
bwin_amlb_45717,2,0.7169811320754716,0.0007169246673583,0.0001916885375976,1,0,1,0,0,0,0,0,0,0,1,0,0,0,0,0,0,0,1,0,0,0,0,0,0,1.0278932128088566e-08
bwin_amlb_45717,2,0.7169811320754716,0.0007858276367187,0.0001773834228515,0,1,0,0,1,0,0,0,0,0,1,0,0,0,0,0,0,0,1,0,0,0,0,0,0,3.647273326749483e-11
bwin_amlb_45717,2,0.7169811320754716,0.0007789134979248,0.000176191329956,0,1,1,0,0,0,0,0,0,0,0,0,0,0,0,0,0,1,0,0,0,0,0,0,1,2.404043400735836e-09
bwin_amlb_45717,2,0.7169811320754716,0.0006904602050781,0.0001728534698486,0,1,0,1,0,0,0,0,0,0,1,0,0,0,0,0,0,0,1,0,0,0,0,0,0,4.1462069724766176e-11
bwin_amlb_45717,2,0.7169811320754716,0.0007216930389404,0.0001742839813232,1,0,0,1,0,0,0,0,0,0,1,0,0,0,0,0,0,0,1,0,0,0,0,0,0,3.262455708933876e-10
bwin_amlb_45717,2,0.7169811320754716,0.0006966590881347,0.0002641677856445,1,0,0,0,1,0,0,0,0,0,1,0,0,0,0,0,0,0,1,0,0,0,0,0,0,2.4064680583857976e-10
bwin_amlb_45717,2,0.7169811320754716,0.0007238388061523,0.0001718997955322,0,1,1,0,0,0,0,0,0,0,1,0,0,0,0,0,0,0,1,0,0,0,0,0,0,2.856550095765913e-09
bwin_amlb_45717,2,0.6981132075471698,0.0007531642913818,0.000176191329956,1,0,0,0,1,0,0,1,0,0,0,0,0,0,0,0,0,0,0,0,0,1,0,0,0,2.08339892196816e-11
bwin_amlb_45717,0,0.6981132075471698,0.0007860660552978,0.0001811981201171,1,0,0,0,1,1,0,0,0,0,0,0,0,0,0,0,0,0,0,0,1,0,0,0,0,2.5932732466151076e-11
bwin_amlb_45717,2,0.6981132075471698,0.0007569789886474,0.000176191329956,0,1,0,0,1,0,0,0,0,0,0,0,0,0,0,0,0,1,1,0,0,0,0,0,0,2.7525023399684884e-09
bwin_amlb_45717,2,0.6981132075471698,0.0006825923919677,0.0001623630523681,0,1,0,0,1,0,0,0,1,0,0,0,0,0,0,0,0,0,0,0,1,0,0,0,0,3.503245943174577e-09
bwin_amlb_45717,2,0.6981132075471698,0.0007753372192382,0.0001707077026367,0,1,0,0,1,0,0,0,0,0,0,0,0,0,0,0,1,0,0,0,1,0,0,0,0,2.2883882068433174e-10
bwin_amlb_45717,2,0.6981132075471698,0.0006704330444335,0.0001659393310546,1,0,0,0,1,0,0,0,1,0,0,0,0,0,0,0,0,0,0,0,0,1,0,0,0,3.867982594681723e-11
bwin_amlb_45717,2,0.6981132075471698,0.0007030963897705,0.0001628398895263,0,1,0,0,1,0,0,0,1,0,0,0,0,0,0,0,0,0,0,0,0,0,0,1,0,3.5020283956161614e-08
bwin_amlb_45717,2,0.6981132075471698,0.0007927417755126,0.0001788139343261,1,0,1,0,0,0,0,1,0,0,0,0,0,0,0,0,0,0,0,0,0,0,0,0,1,1.6285278552407218e-11
analcatdata_authorship_458,3,1.0,0.0025162696838378,0.0004198551177978,1,0,0,1,0,0,0,0,0,0,0,0,0,1,0,0,0,0,0,0,0,0,1,0,0,7.4046079745278034e-09
analcatdata_authorship_458,3,1.0,0.0014901161193847,0.0003309249877929,0,1,0,0,1,0,0,0,0,0,0,1,0,0,0,0,0,0,0,0,0,0,1,0,0,3.63227626231786e-11
analcatdata_authorship_458,0,1.0,0.0019006729125976,0.0004489421844482,1,0,0,1,0,0,0,0,0,0,0,0,0,1,0,0,0,0,0,0,0,0,1,0,0,3.5440156719500682e-09
analcatdata_authorship_458,3,1.0,0.0019471645355224,0.000439167022705,1,0,0,0,1,0,0,0,0,0,0,0,0,1,0,0,0,0,1,0,0,0,0,0,0,4.514642729590363e-09
analcatdata_authorship_458,4,1.0,0.0019962787628173,0.0004513263702392,1,0,0,1,0,0,0,0,0,1,0,0,0,0,0,0,0,0,0,0,0,1,0,0,0,1.64830868953162e-08
analcatdata_authorship_458,3,1.0,0.0021300315856933,0.0004513263702392,1,0,0,1,0,0,0,0,0,1,0,0,0,0,0,0,0,0,0,0,0,1,0,0,0,3.8027723639429046e-10
analcatdata_authorship_458,3,1.0,0.0013391971588134,0.0003232955932617,1,0,1,0,0,0,0,0,0,0,1,0,0,0,0,0,0,0,0,0,0,0,0,0,1,1.222322687968428e-11
analcatdata_authorship_458,3,1.0,0.0014569759368896,0.0003509521484375,1,0,0,1,0,0,0,0,0,0,0,1,0,0,0,0,0,0,0,0,0,0,1,0,0,1.7546784561706444e-08
analcatdata_authorship_458,3,1.0,0.0020751953125,0.0004830360412597,0,1,0,0,1,0,0,0,0,1,0,0,0,0,0,0,0,0,0,0,0,0,1,0,0,5.974094354087071e-10
analcatdata_authorship_458,3,1.0,0.0020861625671386,0.0004546642303466,1,0,0,0,1,0,0,0,0,0,0,0,1,0,0,0,0,0,1,0,0,0,0,0,0,2.445452763545537e-08
analcatdata_authorship_458,2,1.0,0.0013301372528076,0.0002577304840087,1,0,0,1,0,1,0,0,0,0,0,0,0,0,0,0,0,0,0,0,0,1,0,0,0,1.2703979920267258e-08
analcatdata_authorship_458,3,1.0,0.0020465850830078,0.0004138946533203,1,0,0,0,1,0,0,0,0,1,0,0,0,0,0,0,0,0,1,0,0,0,0,0,0,9.8452621575798e-10
analcatdata_authorship_458,3,1.0,0.0020759105682373,0.0004117488861083,1,0,0,0,1,0,0,0,0,0,0,0,0,1,0,0,0,0,0,0,0,0,0,0,1,9.944836237887096e-08
analcatdata_authorship_458,2,1.0,0.0013031959533691,0.0002534389495849,0,1,0,0,1,1,0,0,0,0,0,0,0,0,0,0,0,0,0,0,0,1,0,0,0,7.051805222058308e-10
analcatdata_authorship_458,3,1.0,0.002044677734375,0.000441551208496,0,1,0,0,1,0,0,0,0,0,0,0,0,1,0,0,0,0,0,0,0,0,1,0,0,6.109680223889973e-09
analcatdata_authorship_458,3,1.0,0.0031144618988037,0.0004267692565917,0,1,0,0,1,0,0,0,0,1,0,0,0,0,0,0,0,0,0,0,0,1,0,0,0,4.7776604350560334e-09
analcatdata_authorship_458,4,1.0,0.0019612312316894,0.000406265258789,0,1,0,0,1,0,0,0,0,1,0,0,0,0,0,0,0,0,0,0,0,1,0,0,0,1.181046127982539e-09
analcatdata_authorship_458,3,1.0,0.0019714832305908,0.0004489421844482,0,1,0,1,0,0,0,0,0,0,0,0,0,1,0,0,0,0,0,0,0,0,1,0,0,2.1948313559551644e-09
analcatdata_authorship_458,3,1.0,0.0019295215606689,0.0004220008850097,0,1,0,1,0,0,0,0,0,1,0,0,0,0,0,0,0,0,0,0,0,1,0,0,0,1.5647142837579193e-08
analcatdata_authorship_458,3,1.0,0.0019042491912841,0.0004541873931884,0,1,0,1,0,0,0,0,0,0,0,0,0,1,0,0,0,0,0,0,0,0,0,0,1,1.933984865551469e-09
Loan-Predication_43595,2,0.8455284552845529,0.000931978225708,0.0001497268676757,0,1,0,1,0,0,0,0,0,0,0,0,0,0,0,0,1,0,0,1,0,0,0,0,0,6.318197845980359e-10
Loan-Predication_43595,2,0.8455284552845529,0.0009922981262207,0.0001642704010009,0,1,0,0,1,0,0,0,1,0,0,0,0,0,0,0,0,0,0,1,0,0,0,0,0,4.449691462992019e-09
Loan-Predication_43595,2,0.8455284552845529,0.0009565353393554,0.0001523494720458,0,1,0,1,0,0,0,0,0,0,0,0,0,0,0,0,1,0,0,0,0,0,0,0,1,1.3868712378977464e-11
Loan-Predication_43595,2,0.8455284552845529,0.0013661384582519,0.0001845359802246,0,1,0,0,1,0,0,0,0,0,1,0,0,0,0,0,0,0,0,1,0,0,0,0,0,2.7338551483798408e-11
Loan-Predication_43595,2,0.8455284552845529,0.0008742809295654,0.000145673751831,0,1,0,1,0,0,0,0,0,0,0,0,0,0,0,0,1,0,1,0,0,0,0,0,0,3.174720673475187e-11
Loan-Predication_43595,2,0.8455284552845529,0.0012805461883544,0.0002589225769042,0,1,0,0,1,0,0,0,0,0,1,0,0,0,0,0,0,0,0,0,0,0,0,1,0,5.047434062210748e-10
Loan-Predication_43595,2,0.8455284552845529,0.0009586811065673,0.000162124633789,0,1,0,0,1,0,0,0,0,0,0,0,0,0,0,0,1,0,0,1,0,0,0,0,0,3.0697355195592855e-08
Loan-Predication_43595,2,0.8455284552845529,0.0010316371917724,0.0001485347747802,0,1,0,1,0,0,0,0,1,0,0,0,0,0,0,0,0,0,0,0,0,0,0,0,1,3.742642897314362e-09
Loan-Predication_43595,2,0.8455284552845529,0.0009572505950927,0.0001730918884277,0,1,0,1,0,0,0,0,1,0,0,0,0,0,0,0,0,0,0,1,0,0,0,0,0,7.770946431456007e-08
Loan-Predication_43595,2,0.8455284552845529,0.0010256767272949,0.0001637935638427,0,1,0,0,1,0,0,0,0,0,0,0,0,0,0,0,1,0,0,0,0,0,0,1,0,1.4446541102564072e-11
Loan-Predication_43595,2,0.8455284552845529,0.0010087490081787,0.0001502037048339,0,1,0,1,0,0,0,0,0,0,0,0,0,0,0,0,1,0,0,0,0,0,0,1,0,7.727307225230434e-09
Loan-Predication_43595,2,0.8455284552845529,0.0009713172912597,0.0001466274261474,0,1,0,1,0,0,0,0,1,0,0,0,0,0,0,0,0,0,0,0,0,0,0,1,0,1.8063679936969514e-10
Loan-Predication_43595,2,0.8455284552845529,0.0009663105010986,0.0001490116119384,0,1,0,0,1,0,0,0,0,0,0,0,0,0,0,0,1,0,1,0,0,0,0,0,0,1.239200972691933e-11
Loan-Predication_43595,2,0.8455284552845529,0.0010104179382324,0.0001502037048339,0,1,0,0,1,0,0,0,1,0,0,0,0,0,0,0,0,0,0,0,0,0,0,0,1,2.012365020721928e-08
Loan-Predication_43595,2,0.8455284552845529,0.0010504722595214,0.0001492500305175,0,1,0,0,1,0,0,0,0,0,0,0,0,0,0,0,1,0,0,0,0,0,0,0,1,4.474805608344713e-11
Loan-Predication_43595,2,0.8455284552845529,0.0009522438049316,0.0001449584960937,0,1,0,0,1,0,0,0,1,0,0,0,0,0,0,0,0,0,0,0,0,0,0,1,0,7.18289700312053e-11
Loan-Predication_43595,2,0.8455284552845529,0.0009629726409912,0.000152587890625,0,1,0,0,1,0,0,0,0,0,1,0,0,0,0,0,0,0,0,0,0,0,0,0,1,2.3007182348628479e-10
Loan-Predication_43595,2,0.8455284552845529,0.001110553741455,0.0001487731933593,0,1,0,1,0,0,0,0,1,0,0,0,0,0,0,0,0,0,1,0,0,0,0,0,0,1.4237327246028153e-08
Loan-Predication_43595,2,0.8455284552845529,0.0011134147644042,0.0001575946807861,0,1,0,0,1,0,0,0,1,0,0,0,0,0,0,0,0,0,1,0,0,0,0,0,0,3.150375466062508e-09
Loan-Predication_43595,1,0.8211382113821138,0.0009746551513671,0.0001928806304931,0,1,0,1,0,0,0,0,0,0,0,0,0,1,0,0,0,0,0,1,0,0,0,0,0,1.1466860876352123e-10
xd6_40693,0,0.953846153846154,0.0011966228485107,0.0002789497375488,0,1,0,1,0,0,0,0,0,0,0,0,0,0,1,0,0,0,0,0,0,1,0,0,0,4.720166880572213e-11
xd6_40693,0,0.953846153846154,0.0010888576507568,0.0002288818359375,1,0,1,0,0,0,0,0,0,0,0,0,0,0,1,0,0,0,0,0,0,1,0,0,0,2.74279246693488e-11
xd6_40693,0,0.953846153846154,0.0010600090026855,0.0002245903015136,0,1,0,1,0,0,0,0,0,0,0,0,0,0,1,0,0,0,0,0,0,0,0,0,1,3.9743516600544e-11
xd6_40693,0,0.953846153846154,0.0010836124420166,0.0002272129058837,0,1,1,0,0,0,0,0,0,0,0,0,0,0,1,0,0,0,0,0,0,1,0,0,0,2.968797750785525e-08
xd6_40693,0,0.953846153846154,0.0011227130889892,0.0002381801605224,0,1,1,0,0,0,0,0,0,0,0,0,0,0,1,0,0,0,0,0,0,0,0,0,1,4.90606720015097e-08
xd6_40693,0,0.953846153846154,0.0011389255523681,0.000232458114624,1,0,0,0,1,0,0,0,0,0,0,0,0,0,1,0,0,0,0,0,0,1,0,0,0,7.444426225843598e-08
xd6_40693,0,0.953846153846154,0.0011045932769775,0.000230073928833,0,1,0,0,1,0,0,0,0,0,0,0,0,0,1,0,0,0,0,0,0,0,0,0,1,2.1823657534725068e-08
xd6_40693,0,0.953846153846154,0.0014059543609619,0.0002641677856445,1,0,0,0,1,0,0,0,0,0,0,0,0,0,1,0,0,0,0,0,0,0,0,0,1,3.5445515762832776e-08
xd6_40693,0,0.953846153846154,0.0012652873992919,0.0002548694610595,1,0,0,1,0,0,0,0,0,0,0,0,0,0,1,0,0,0,0,0,0,0,0,0,1,1.8382899032395143e-08
xd6_40693,0,0.953846153846154,0.0011227130889892,0.0002627372741699,1,0,1,0,0,0,0,0,0,0,0,0,0,0,1,0,0,0,0,0,0,0,0,0,1,6.795525964662527e-08
xd6_40693,0,0.953846153846154,0.0010719299316406,0.000241994857788,0,1,0,0,1,0,0,0,0,0,0,0,0,0,1,0,0,0,0,0,0,1,0,0,0,2.4132580645567273e-08
xd6_40693,0,0.953846153846154,0.0011615753173828,0.0002250671386718,1,0,0,1,0,0,0,0,0,0,0,0,0,0,1,0,0,0,0,0,0,1,0,0,0,7.047104741241408e-10
xd6_40693,3,0.9484536082474226,0.0011091232299804,0.0002326965332031,1,0,0,0,1,0,0,0,0,0,0,0,0,0,1,0,0,0,0,0,0,1,0,0,0,1.9634382958547236e-10
xd6_40693,3,0.9484536082474226,0.0010607242584228,0.0002241134643554,0,1,1,0,0,0,0,0,0,0,0,0,0,0,1,0,0,0,0,0,0,1,0,0,0,2.171938658413085e-09
xd6_40693,3,0.9484536082474226,0.0011651515960693,0.0002310276031494,1,0,1,0,0,0,0,0,0,0,0,0,0,0,1,0,0,0,0,0,0,0,0,0,1,2.708527885683435e-09
xd6_40693,3,0.9484536082474226,0.0010912418365478,0.000223159790039,0,1,0,1,0,0,0,0,0,0,0,0,0,0,1,0,0,0,0,0,0,1,0,0,0,1.9936924106620267e-09
xd6_40693,3,0.9484536082474226,0.0010650157928466,0.0002315044403076,1,0,0,0,1,0,0,0,0,0,0,0,0,0,1,0,0,0,0,0,0,0,0,0,1,6.712825701616253e-09
xd6_40693,3,0.9484536082474226,0.001091718673706,0.0002548694610595,1,0,0,1,0,0,0,0,0,0,0,0,0,0,1,0,0,0,0,0,0,0,0,0,1,6.250378473798081e-09
xd6_40693,3,0.9484536082474226,0.0010912418365478,0.0002353191375732,0,1,1,0,0,0,0,0,0,0,0,0,0,0,1,0,0,0,0,0,0,0,0,0,1,2.2324263279796255e-11
xd6_40693,3,0.9484536082474226,0.0011398792266845,0.0002303123474121,0,1,0,0,1,0,0,0,0,0,0,0,0,0,1,0,0,0,0,0,0,0,0,0,1,1.387042623315009e-10
wisconsin_753,3,0.7692307692307693,0.0012476444244384,0.0002722740173339,0,1,0,0,1,0,0,0,0,0,0,0,0,0,1,0,0,0,0,0,0,0,0,1,0,3.6261081225873464e-08
wisconsin_753,3,0.7692307692307693,0.0012528896331787,0.0002706050872802,1,0,0,1,0,0,0,0,0,0,0,0,0,0,1,0,0,0,0,0,0,0,0,1,0,2.291607400820278e-09
wisconsin_753,3,0.7692307692307693,0.0013155937194824,0.0003252029418945,1,0,0,0,1,0,0,0,0,0,0,0,0,0,1,0,0,0,0,0,0,0,0,1,0,2.0610987161049471e-10
wisconsin_753,3,0.7692307692307693,0.0011703968048095,0.0002632141113281,0,1,0,1,0,0,0,0,0,0,0,0,0,0,1,0,0,0,0,0,0,0,0,1,0,2.5225198842486296e-08
wisconsin_753,3,0.7692307692307693,0.0012273788452148,0.0002658367156982,0,1,1,0,0,0,0,0,0,0,0,0,0,0,1,0,0,0,0,0,0,0,0,1,0,9.91217914598758e-11
wisconsin_753,3,0.7692307692307693,0.001354694366455,0.0003206729888916,1,0,1,0,0,0,0,0,0,0,0,0,0,0,1,0,0,0,0,0,0,0,0,1,0,4.333107439452493e-10
wisconsin_753,3,0.7435897435897436,0.0012006759643554,0.0002768039703369,1,0,0,1,0,0,0,0,0,0,0,0,0,0,1,0,0,0,0,0,0,0,1,0,0,1.2735590510818359e-10
wisconsin_753,3,0.7435897435897436,0.0012154579162597,0.0002686977386474,0,1,0,0,1,0,0,0,0,0,0,0,0,0,1,0,0,0,0,0,0,0,1,0,0,3.057733949280663e-08
wisconsin_753,3,0.7435897435897436,0.001239538192749,0.0002694129943847,0,1,1,0,0,0,0,0,0,0,0,0,0,0,1,0,0,0,0,0,0,0,1,0,0,8.187564743256635e-09
wisconsin_753,3,0.7435897435897436,0.0012156963348388,0.0002787113189697,0,1,0,1,0,0,0,0,0,0,0,0,0,0,1,0,0,0,0,0,0,0,1,0,0,6.932702734468222e-10
wisconsin_753,3,0.7435897435897436,0.0012142658233642,0.0002863407135009,1,0,1,0,0,0,0,0,0,0,0,0,0,0,1,0,0,0,0,0,0,0,1,0,0,5.3604756786576034e-08
wisconsin_753,3,0.7435897435897436,0.0012285709381103,0.0002632141113281,1,0,0,0,1,0,0,0,0,0,0,0,0,0,1,0,0,0,0,0,0,0,1,0,0,5.1260061414267496e-08
wisconsin_753,3,0.717948717948718,0.0009393692016601,0.0001590251922607,1,0,0,1,0,0,0,0,0,0,1,0,0,0,0,0,0,0,0,0,0,0,0,1,0,7.016170021331132e-09
wisconsin_753,3,0.717948717948718,0.0011765956878662,0.0002651214599609,1,0,1,0,0,0,0,0,0,0,0,0,0,0,1,0,0,0,0,0,0,0,0,0,1,3.6980649371364995e-08
wisconsin_753,2,0.717948717948718,0.0008802413940429,0.0001530647277832,0,1,0,0,1,0,0,1,0,0,0,0,0,0,0,0,0,0,0,0,1,0,0,0,0,7.543492895851726e-09
wisconsin_753,3,0.717948717948718,0.0012290477752685,0.0002722740173339,0,1,0,0,1,0,0,0,0,0,0,0,0,0,1,0,0,0,1,0,0,0,0,0,0,3.257222830386157e-09
wisconsin_753,3,0.717948717948718,0.0007882118225097,0.0001885890960693,1,0,1,0,0,0,0,0,0,0,1,0,0,0,0,0,0,0,0,0,1,0,0,0,0,4.820943832943491e-10
wisconsin_753,3,0.717948717948718,0.0007905960083007,0.0001578330993652,0,1,0,1,0,0,0,0,0,0,1,0,0,0,0,0,0,0,0,0,0,0,0,1,0,1.2413065539507789e-10
wisconsin_753,2,0.717948717948718,0.0027520656585693,0.0005347728729248,0,1,1,0,0,0,0,1,0,0,0,0,0,0,0,0,0,0,0,0,1,0,0,0,0,1.7419249300638625e-11
wisconsin_753,1,0.717948717948718,0.0008573532104492,0.0001575946807861,0,1,0,0,1,1,0,0,0,0,0,0,0,0,0,0,0,0,0,0,0,1,0,0,0,1.597643533868556e-08
mc2_1054,0,0.9090909090909092,0.0010175704956054,0.0001864433288574,0,1,0,0,1,0,0,0,0,1,0,0,0,0,0,0,0,0,0,0,0,1,0,0,0,3.0807206761351167e-11
mc2_1054,0,0.9090909090909092,0.0007731914520263,0.0001506805419921,1,0,0,1,0,0,0,0,0,0,0,0,0,1,0,0,0,0,0,0,0,1,0,0,0,4.3792220079896765e-10
mc2_1054,0,0.9090909090909092,0.0007212162017822,0.0001516342163085,0,1,0,0,1,0,0,0,0,0,0,0,0,1,0,0,0,0,0,0,0,1,0,0,0,8.680342410518765e-11
mc2_1054,0,0.9090909090909092,0.0008764266967773,0.0001823902130126,0,1,0,1,0,0,0,0,0,1,0,0,0,0,0,0,0,0,0,0,0,1,0,0,0,6.584233078515185e-10
mc2_1054,0,0.9090909090909092,0.0007309913635253,0.000148057937622,1,0,1,0,0,0,0,0,0,0,0,0,0,1,0,0,0,0,0,0,0,1,0,0,0,1.819429792595436e-10
mc2_1054,0,0.9090909090909092,0.0007071495056152,0.0001499652862548,0,1,0,1,0,0,0,0,0,0,0,0,0,1,0,0,0,0,0,0,0,1,0,0,0,2.0834130733584327e-08
mc2_1054,0,0.9090909090909092,0.0008862018585205,0.0001726150512695,0,1,1,0,0,0,0,0,0,1,0,0,0,0,0,0,0,0,0,0,0,1,0,0,0,8.179264356534777e-08
mc2_1054,0,0.9090909090909092,0.0007936954498291,0.000152587890625,1,0,0,0,1,0,0,0,0,0,0,0,0,1,0,0,0,0,0,0,0,1,0,0,0,5.8373952860872296e-08
mc2_1054,0,0.9090909090909092,0.0009338855743408,0.0001759529113769,1,0,1,0,0,0,0,0,0,1,0,0,0,0,0,0,0,0,0,0,0,1,0,0,0,3.086595190198644e-09
mc2_1054,0,0.9090909090909092,0.0008485317230224,0.0001776218414306,1,0,0,1,0,0,0,0,0,1,0,0,0,0,0,0,0,0,0,0,0,1,0,0,0,8.262399500795165e-08
mc2_1054,0,0.9090909090909092,0.0008926391601562,0.0001807212829589,1,0,0,0,1,0,0,0,0,1,0,0,0,0,0,0,0,0,0,0,0,1,0,0,0,4.0076578132971984e-10
mc2_1054,0,0.9090909090909092,0.0007214546203613,0.0001492500305175,0,1,1,0,0,0,0,0,0,0,0,0,0,1,0,0,0,0,0,0,0,1,0,0,0,1.2301265039846151e-09
mc2_1054,0,0.8181818181818182,0.0009849071502685,0.000190258026123,0,1,0,1,0,0,0,0,0,0,0,0,1,0,0,0,0,0,0,0,0,0,0,0,1,1.0651219346290831e-10
mc2_1054,0,0.8181818181818182,0.0007505416870117,0.0001468658447265,0,1,1,0,0,0,0,0,0,0,0,0,0,0,0,0,1,0,0,1,0,0,0,0,0,3.907780204724582e-08
mc2_1054,0,0.8181818181818182,0.0008347034454345,0.000171422958374,0,1,0,0,1,0,0,0,0,0,0,0,1,0,0,0,0,0,0,0,0,0,0,0,1,5.234033338084546e-11
mc2_1054,0,0.8181818181818182,0.0007591247558593,0.0001735687255859,0,1,0,1,0,0,0,0,0,0,1,0,0,0,0,0,0,0,1,0,0,0,0,0,0,2.766622428047058e-09
mc2_1054,0,0.8181818181818182,0.000744342803955,0.0001459121704101,1,0,0,0,1,0,0,0,0,0,0,0,0,0,0,0,1,0,0,1,0,0,0,0,0,1.5769447396144155e-08
mc2_1054,0,0.8181818181818182,0.000906229019165,0.0001904964447021,1,0,0,0,1,0,0,0,0,0,0,0,1,0,0,0,0,0,0,0,0,0,0,0,1,2.407659055884477e-09
mc2_1054,0,0.8181818181818182,0.0008256435394287,0.0001509189605712,0,1,0,1,0,0,0,0,0,0,0,0,0,0,0,0,1,0,1,0,0,0,0,0,0,2.0658599273848348e-11
mc2_1054,0,0.8181818181818182,0.0007672309875488,0.0001552104949951,1,0,1,0,0,0,0,0,0,0,0,0,0,0,0,0,1,0,0,1,0,0,0,0,0,2.791177882014682e-09
chscase_census5_906,0,0.625,0.0008788108825683,0.0001502037048339,1,0,0,1,0,0,0,1,0,0,0,0,0,0,0,0,0,0,0,0,1,0,0,0,0,1.1703541203364112e-08
chscase_census5_906,0,0.625,0.0008506774902343,0.0001499652862548,0,1,1,0,0,0,0,1,0,0,0,0,0,0,0,0,0,0,0,0,1,0,0,0,0,5.640435475386737e-11
chscase_census5_906,0,0.625,0.0009646415710449,0.0001556873321533,0,1,0,0,1,0,0,1,0,0,0,0,0,0,0,0,0,0,0,0,1,0,0,0,0,8.867708812513936e-09
chscase_census5_906,0,0.625,0.0009210109710693,0.0001528263092041,1,0,1,0,0,0,0,1,0,0,0,0,0,0,0,0,0,0,0,0,1,0,0,0,0,3.2682166056750725e-08
chscase_census5_906,0,0.625,0.0008900165557861,0.0001585483551025,0,1,0,1,0,0,0,1,0,0,0,0,0,0,0,0,0,0,0,0,1,0,0,0,0,8.827423831484044e-08
chscase_census5_906,0,0.625,0.0008380413055419,0.0001487731933593,1,0,0,0,1,0,0,1,0,0,0,0,0,0,0,0,0,0,0,0,1,0,0,0,0,4.36754164918114e-10
chscase_census5_906,4,0.6125,0.0013055801391601,0.0002408027648925,1,0,0,1,0,0,0,0,0,1,0,0,0,0,0,0,0,0,0,0,0,0,1,0,0,1.2608096677996848e-11
chscase_census5_906,4,0.6125,0.0008955001831054,0.0001606941223144,0,1,0,0,1,0,0,0,0,0,0,0,0,1,0,0,0,0,0,0,0,0,1,0,0,4.745871791517426e-10
chscase_census5_906,4,0.6125,0.0008821487426757,0.0001626014709472,1,0,0,1,0,0,0,0,0,0,0,0,0,0,1,0,0,0,1,0,0,0,0,0,0,4.3743281616196165e-09
chscase_census5_906,4,0.6125,0.0010948181152343,0.0001769065856933,0,1,0,1,0,0,0,0,0,1,0,0,0,0,0,0,0,0,0,0,0,0,1,0,0,3.6767165636248485e-08
chscase_census5_906,2,0.6125,0.0008866786956787,0.0001475811004638,0,1,1,0,0,1,0,0,0,0,0,0,0,0,0,0,0,0,0,0,0,1,0,0,0,5.6548770823874185e-08
chscase_census5_906,4,0.6125,0.0008876323699951,0.0001568794250488,0,1,1,0,0,0,0,0,0,0,0,0,0,1,0,0,0,0,0,0,0,0,1,0,0,4.348136287727962e-08
chscase_census5_906,4,0.6125,0.0010838508605957,0.0001764297485351,0,1,1,0,0,0,0,0,0,1,0,0,0,0,0,0,0,0,0,0,0,0,1,0,0,4.2838976881429335e-09
chscase_census5_906,2,0.6125,0.0009188652038574,0.0001518726348876,1,0,0,0,1,1,0,0,0,0,0,0,0,0,0,0,0,0,0,0,0,1,0,0,0,5.3714578272707875e-09
chscase_census5_906,4,0.6125,0.0008525848388671,0.000159740447998,1,0,0,0,1,0,0,0,0,0,0,0,0,0,1,0,0,0,1,0,0,0,0,0,0,1.022198474870228e-11
chscase_census5_906,4,0.6125,0.0011329650878906,0.0001845359802246,0,1,0,0,1,0,0,0,0,1,0,0,0,0,0,0,0,0,0,0,0,0,1,0,0,2.850525783559593e-10
chscase_census5_906,4,0.6125,0.0011458396911621,0.0001990795135498,1,0,1,0,0,0,0,0,0,1,0,0,0,0,0,0,0,0,0,0,0,0,1,0,0,4.2405769118320906e-08
chscase_census5_906,2,0.6125,0.0009741783142089,0.0001559257507324,0,1,0,1,0,1,0,0,0,0,0,0,0,0,0,0,0,0,0,0,0,1,0,0,0,5.734171222612062e-09
chscase_census5_906,4,0.6125,0.0008976459503173,0.0001707077026367,0,1,1,0,0,0,0,0,0,0,0,0,0,0,1,0,0,0,1,0,0,0,0,0,0,7.4418858524279e-10
chscase_census5_906,2,0.6125,0.0009264945983886,0.000152587890625,1,0,0,1,0,1,0,0,0,0,0,0,0,0,0,0,0,0,0,0,0,1,0,0,0,2.612219454472639e-11
strikes_770,3,0.832,0.0016314983367919,0.0002644062042236,0,1,0,0,1,0,0,0,0,0,0,0,1,0,0,0,0,0,0,0,0,1,0,0,0,9.66644231779544e-11
strikes_770,3,0.832,0.0017776489257812,0.0002779960632324,1,0,0,1,0,0,0,0,0,0,0,0,1,0,0,0,0,0,0,0,0,1,0,0,0,1.6584029868567371e-09
strikes_770,3,0.832,0.001624584197998,0.000253677368164,1,0,1,0,0,0,0,0,0,0,0,0,1,0,0,0,0,0,0,0,0,1,0,0,0,3.890505686276594e-08
strikes_770,3,0.832,0.0018591880798339,0.0004334449768066,0,1,0,1,0,0,0,0,0,0,0,0,1,0,0,0,0,0,0,0,0,1,0,0,0,2.416848294343633e-11
strikes_770,3,0.832,0.0016863346099853,0.0002713203430175,1,0,0,0,1,0,0,0,0,0,0,0,1,0,0,0,0,0,0,0,0,1,0,0,0,4.121181840606475e-11
strikes_770,3,0.832,0.0016281604766845,0.0002624988555908,0,1,1,0,0,0,0,0,0,0,0,0,1,0,0,0,0,0,0,0,0,1,0,0,0,4.168888746905265e-09
strikes_770,3,0.824,0.0009489059448242,0.000159740447998,1,0,0,1,0,0,1,0,0,0,0,0,0,0,0,0,0,0,0,0,0,1,0,0,0,1.5017544446928086e-10
strikes_770,3,0.824,0.0009489059448242,0.0001580715179443,0,1,0,0,1,0,1,0,0,0,0,0,0,0,0,0,0,0,0,0,0,1,0,0,0,4.773260823955076e-11
strikes_770,3,0.824,0.0009503364562988,0.0001568794250488,0,1,0,1,0,0,1,0,0,0,0,0,0,0,0,0,0,0,0,0,0,1,0,0,0,5.1730164606863166e-11
strikes_770,3,0.824,0.0009639263153076,0.000190258026123,1,0,1,0,0,0,1,0,0,0,0,0,0,0,0,0,0,0,0,0,0,1,0,0,0,9.342280535249131e-10
strikes_770,3,0.824,0.0009276866912841,0.0001792907714843,0,1,1,0,0,0,1,0,0,0,0,0,0,0,0,0,0,0,0,0,0,1,0,0,0,2.162604110710549e-09
strikes_770,3,0.824,0.0009574890136718,0.0001575946807861,1,0,0,0,1,0,1,0,0,0,0,0,0,0,0,0,0,0,0,0,0,1,0,0,0,4.143791230091087e-08
strikes_770,3,0.808,0.0016376972198486,0.0002598762512207,1,0,0,0,1,0,0,0,0,0,0,0,1,0,0,0,0,0,0,0,0,0,1,0,0,1.3160389886422692e-09
strikes_770,3,0.808,0.0016248226165771,0.0002622604370117,0,1,0,0,1,0,0,0,0,0,0,0,1,0,0,0,0,0,0,0,0,0,1,0,0,5.822296605893998e-09
strikes_770,4,0.808,0.0012247562408447,0.000216007232666,1,0,0,0,1,0,0,0,0,0,0,0,0,0,0,1,0,0,0,0,0,1,0,0,0,5.28133615195302e-11
strikes_770,4,0.808,0.001122236251831,0.0002095699310302,1,0,1,0,0,0,0,0,0,0,0,0,0,0,0,1,0,0,0,0,0,1,0,0,0,7.142350317775992e-09
strikes_770,4,0.808,0.0011217594146728,0.0002126693725585,0,1,0,1,0,0,0,0,0,0,0,0,0,0,0,1,0,0,0,0,0,1,0,0,0,3.933456536780833e-09
strikes_770,3,0.808,0.0016980171203613,0.0002789497375488,0,1,1,0,0,0,0,0,0,0,0,0,1,0,0,0,0,0,0,0,0,0,1,0,0,7.323661284238368e-11
strikes_770,3,0.808,0.0016419887542724,0.0002565383911132,1,0,1,0,0,0,0,0,0,0,0,0,1,0,0,0,0,0,0,0,0,0,1,0,0,4.7589359555404905e-09
strikes_770,3,0.808,0.0016415119171142,0.0002593994140625,1,0,0,1,0,0,0,0,0,0,0,0,1,0,0,0,0,0,0,0,0,0,1,0,0,7.014039015315295e-11
analcatdata_halloffame_966,3,0.9701492537313432,0.0017557144165039,0.0002107620239257,0,1,0,1,0,0,0,0,0,0,0,0,0,0,0,0,0,1,0,0,0,0,0,0,1,2.3676150965109313e-09
analcatdata_halloffame_966,4,0.9701492537313432,0.0017836093902587,0.00020432472229,0,1,0,1,0,0,0,0,0,0,0,0,0,0,0,0,0,1,0,0,0,0,0,0,1,4.735859596454598e-09
analcatdata_halloffame_966,4,0.9664179104477612,0.0019662380218505,0.000244140625,0,1,0,0,1,0,0,0,0,1,0,0,0,0,0,0,0,0,0,0,0,1,0,0,0,5.934746570979987e-09
analcatdata_halloffame_966,4,0.9664179104477612,0.0015056133270263,0.0002217292785644,0,1,0,0,1,0,0,0,0,0,0,0,0,1,0,0,0,0,0,0,0,1,0,0,0,4.335771346464216e-08
analcatdata_halloffame_966,3,0.9664179104477612,0.0018327236175537,0.0002350807189941,0,1,0,0,1,0,0,0,0,0,0,0,0,0,0,0,0,1,1,0,0,0,0,0,0,6.185138372190151e-08
analcatdata_halloffame_966,4,0.9664179104477612,0.0013272762298583,0.0001776218414306,0,1,0,0,1,0,0,0,0,0,0,0,0,0,0,0,0,1,0,0,0,0,0,1,0,1.74097209291032e-08
analcatdata_halloffame_966,3,0.9664179104477612,0.0012109279632568,0.0001769065856933,0,1,0,1,0,0,0,1,0,0,0,0,0,0,0,0,0,0,0,0,0,1,0,0,0,3.2733500632673724e-08
analcatdata_halloffame_966,3,0.9626865671641792,0.0013034343719482,0.0001883506774902,0,1,0,0,1,0,0,0,0,0,0,0,0,1,0,0,0,0,0,0,0,1,0,0,0,1.1948559001213306e-11
analcatdata_halloffame_966,3,0.9626865671641792,0.0012493133544921,0.0001711845397949,0,1,0,1,0,0,0,1,0,0,0,0,0,0,0,0,0,0,0,0,0,0,0,0,1,2.8227501224924583e-10
analcatdata_halloffame_966,3,0.9626865671641792,0.0012590885162353,0.0001745223999023,0,1,0,0,1,0,0,0,0,0,0,0,0,0,0,0,0,1,0,0,0,0,0,1,0,1.4417463412422592e-11
analcatdata_halloffame_966,3,0.9626865671641792,0.0014476776123046,0.0002138614654541,0,1,0,0,1,0,0,0,0,0,0,0,0,0,0,0,0,1,0,0,0,1,0,0,0,7.931976693253744e-11
analcatdata_halloffame_966,3,0.9626865671641792,0.0013065338134765,0.000171422958374,0,1,0,1,0,0,0,0,0,0,0,0,0,0,0,0,0,1,1,0,0,0,0,0,0,3.3643199516679326e-10
analcatdata_halloffame_966,4,0.9626865671641792,0.0013556480407714,0.0001745223999023,0,1,0,1,0,0,0,0,0,0,0,0,0,0,0,0,0,1,0,0,0,0,0,1,0,2.9532624295188487e-08
analcatdata_halloffame_966,3,0.9626865671641792,0.001239538192749,0.0001697540283203,0,1,0,1,0,0,0,0,0,0,0,0,0,0,0,0,0,1,0,0,0,0,1,0,0,1.1143364711078894e-09
analcatdata_halloffame_966,4,0.9626865671641792,0.0012714862823486,0.0001716613769531,0,1,0,0,1,0,0,0,0,0,0,0,0,0,0,0,0,1,0,0,0,0,0,0,1,3.939528116821034e-09
analcatdata_halloffame_966,3,0.9626865671641792,0.0019116401672363,0.0002343654632568,0,1,0,0,1,0,0,0,0,1,0,0,0,0,0,0,0,0,0,0,0,1,0,0,0,2.826587139999722e-10
analcatdata_halloffame_966,3,0.9626865671641792,0.0013437271118164,0.0001745223999023,0,1,0,1,0,0,0,0,0,0,0,0,0,0,0,0,0,1,0,0,0,1,0,0,0,2.580260933561177e-09
analcatdata_halloffame_966,3,0.9626865671641792,0.0013964176177978,0.0002026557922363,0,1,0,1,0,0,0,0,0,0,0,0,0,1,0,0,0,0,0,0,0,1,0,0,0,1.8287148674036617e-08
analcatdata_halloffame_966,3,0.9626865671641792,0.001988410949707,0.0002496242523193,0,1,0,1,0,0,0,0,0,1,0,0,0,0,0,0,0,0,0,0,0,1,0,0,0,1.6031181382590455e-10
analcatdata_halloffame_966,3,0.9589552238805972,0.0013473033905029,0.0001833438873291,0,1,0,0,1,0,0,0,0,0,0,0,0,0,0,0,0,1,0,0,0,0,0,0,1,5.358297121025545e-08
biomed_481,2,0.9523809523809524,0.0007894039154052,0.0001492500305175,0,1,1,0,0,0,0,0,0,0,0,0,0,1,0,0,0,0,0,1,0,0,0,0,0,7.132700418458339e-11
biomed_481,2,0.9523809523809524,0.0009245872497558,0.0002038478851318,0,1,0,1,0,0,0,0,0,1,0,0,0,0,0,0,0,0,0,1,0,0,0,0,0,4.755598990007211e-08
biomed_481,2,0.9523809523809524,0.000847578048706,0.0001680850982666,0,1,0,1,0,1,0,0,0,0,0,0,0,0,0,0,0,0,0,1,0,0,0,0,0,1.2977474416326247e-11
biomed_481,2,0.9523809523809524,0.000805377960205,0.000150442123413,0,1,0,1,0,0,0,0,0,0,0,0,0,1,0,0,0,0,0,1,0,0,0,0,0,1.4825491869976391e-09
biomed_481,2,0.9523809523809524,0.0009157657623291,0.000239610671997,0,1,0,0,1,1,0,0,0,0,0,0,0,0,0,0,0,0,1,0,0,0,0,0,0,8.723516986443708e-08
biomed_481,2,0.9523809523809524,0.0008723735809326,0.0001521110534667,0,1,0,0,1,1,0,0,0,0,0,0,0,0,0,0,0,0,0,0,0,0,0,1,0,2.748621295953593e-09
biomed_481,1,0.9523809523809524,0.0008280277252197,0.0001816749572753,0,1,0,0,1,0,0,0,0,0,0,1,0,0,0,0,0,0,0,0,0,1,0,0,0,1.6574731129895811e-09
biomed_481,2,0.9523809523809524,0.0008854866027832,0.0001718997955322,0,1,1,0,0,1,0,0,0,0,0,0,0,0,0,0,0,0,0,0,0,0,0,1,0,5.368846496746265e-09
biomed_481,2,0.9523809523809524,0.0008583068847656,0.0001490116119384,0,1,0,1,0,1,0,0,0,0,0,0,0,0,0,0,0,0,0,0,0,0,0,0,1,1.4361803861372462e-10
biomed_481,2,0.9523809523809524,0.0008480548858642,0.0001485347747802,0,1,0,0,1,1,0,0,0,0,0,0,0,0,0,0,0,0,0,0,0,0,0,0,1,1.6430900144219723e-11
biomed_481,2,0.9523809523809524,0.0007789134979248,0.0001676082611083,0,1,0,1,0,1,0,0,0,0,0,0,0,0,0,0,0,0,1,0,0,0,0,0,0,1.0098502951116266e-10
biomed_481,2,0.9523809523809524,0.0008084774017333,0.0001740455627441,0,1,1,0,0,1,0,0,0,0,0,0,0,0,0,0,0,0,0,0,0,0,0,0,1,5.0697748029387493e-11
biomed_481,2,0.9523809523809524,0.000847578048706,0.0001490116119384,0,1,0,1,0,1,0,0,0,0,0,0,0,0,0,0,0,0,0,0,0,0,0,1,0,4.9462600665583524e-08
biomed_481,2,0.9523809523809524,0.0008494853973388,0.0001673698425292,0,1,0,0,1,0,0,0,0,0,0,0,0,1,0,0,0,0,0,1,0,0,0,0,0,2.5647681665050397e-08
biomed_481,2,0.9523809523809524,0.0010647773742675,0.0001807212829589,0,1,0,0,1,0,0,0,0,1,0,0,0,0,0,0,0,0,0,1,0,0,0,0,0,1.8657589527357958e-10
biomed_481,1,0.9523809523809524,0.0008373260498046,0.0001804828643798,0,1,0,1,0,0,0,0,0,0,0,1,0,0,0,0,0,0,0,0,0,1,0,0,0,2.209414628669773e-08
biomed_481,1,0.9523809523809524,0.0007712841033935,0.0001435279846191,0,1,0,1,0,0,0,0,0,0,0,0,0,0,0,0,0,1,0,0,0,1,0,0,0,7.030897305355022e-11
biomed_481,1,0.9523809523809524,0.0008771419525146,0.0001702308654785,0,1,1,0,0,0,0,0,0,0,0,0,0,0,0,0,0,1,0,0,0,1,0,0,0,6.285169794910137e-11
biomed_481,1,0.9523809523809524,0.0009284019470214,0.0001556873321533,0,1,1,0,0,0,0,0,0,0,0,1,0,0,0,0,0,0,0,0,0,1,0,0,0,1.1752810015896302e-08
biomed_481,2,0.9523809523809524,0.0008399486541748,0.000148057937622,0,1,0,0,1,1,0,0,0,0,0,0,0,0,0,0,0,0,0,1,0,0,0,0,0,2.0310585833568159e-10
analcatdata_dmft_1014,4,0.8364779874213837,0.001072883605957,0.0001616477966308,0,1,0,0,1,0,0,0,0,0,0,0,0,0,0,0,0,1,0,0,1,0,0,0,0,1.816228798668273e-11
analcatdata_dmft_1014,2,0.8364779874213837,0.0009927749633789,0.0001609325408935,0,1,0,1,0,0,1,0,0,0,0,0,0,0,0,0,0,0,1,0,0,0,0,0,0,7.584838250639161e-09
analcatdata_dmft_1014,2,0.8364779874213837,0.0010302066802978,0.0001616477966308,1,0,0,1,0,0,1,0,0,0,0,0,0,0,0,0,0,0,1,0,0,0,0,0,0,9.086685990804503e-08
analcatdata_dmft_1014,4,0.8364779874213837,0.0010263919830322,0.0001535415649414,1,0,0,0,1,0,0,0,0,0,0,0,0,0,0,0,0,1,0,0,1,0,0,0,0,1.8361614251366087e-09
analcatdata_dmft_1014,1,0.83125,0.0009975433349609,0.0001535415649414,1,0,0,0,1,0,0,0,0,0,0,0,0,0,0,0,0,1,0,0,1,0,0,0,0,1.1341494885820384e-10
analcatdata_dmft_1014,1,0.83125,0.00093674659729,0.0001537799835205,0,1,0,0,1,0,0,0,0,0,0,0,0,0,0,0,0,1,0,0,1,0,0,0,0,3.101864159239514e-10
analcatdata_dmft_1014,2,0.8301886792452831,0.0009999275207519,0.0001497268676757,0,1,0,1,0,1,0,0,0,0,0,0,0,0,0,0,0,0,0,1,0,0,0,0,0,3.931861708307049e-09
analcatdata_dmft_1014,4,0.8301886792452831,0.0010766983032226,0.0001769065856933,1,0,0,0,1,1,0,0,0,0,0,0,0,0,0,0,0,0,0,0,0,1,0,0,0,6.390258823882465e-09
analcatdata_dmft_1014,2,0.8301886792452831,0.0010383129119873,0.0001828670501708,1,0,0,0,1,0,0,0,0,0,1,0,0,0,0,0,0,0,0,0,0,1,0,0,0,3.510175992523125e-08
analcatdata_dmft_1014,2,0.8301886792452831,0.0013444423675537,0.0001893043518066,0,1,0,1,0,0,0,0,0,1,0,0,0,0,0,0,0,0,0,0,0,1,0,0,0,4.31858517215757e-08
analcatdata_dmft_1014,4,0.8301886792452831,0.0008955001831054,0.0001444816589355,0,1,0,1,0,0,0,0,0,0,1,0,0,0,0,0,0,0,0,0,1,0,0,0,0,2.786852921098087e-08
analcatdata_dmft_1014,4,0.8301886792452831,0.0009489059448242,0.000145673751831,1,0,0,0,1,0,0,0,0,0,1,0,0,0,0,0,0,0,0,0,0,1,0,0,0,3.9261212242936226e-09
analcatdata_dmft_1014,2,0.8301886792452831,0.0013575553894042,0.0002272129058837,1,0,0,0,1,0,0,0,0,1,0,0,0,0,0,0,0,0,0,0,0,1,0,0,0,6.300999995096217e-10
analcatdata_dmft_1014,4,0.8301886792452831,0.0023581981658935,0.0001914501190185,1,0,0,0,1,0,0,0,0,1,0,0,0,0,0,0,0,0,0,0,0,1,0,0,0,5.2146112530683885e-09
analcatdata_dmft_1014,2,0.8301886792452831,0.00101900100708,0.0001490116119384,1,0,0,0,1,1,0,0,0,0,0,0,0,0,0,0,0,0,0,0,0,1,0,0,0,4.637264089702554e-09
analcatdata_dmft_1014,4,0.8301886792452831,0.0009636878967285,0.0001676082611083,0,1,0,0,1,0,0,0,0,0,1,0,0,0,0,0,0,0,0,1,0,0,0,0,0,7.446148363412592e-11
analcatdata_dmft_1014,2,0.8301886792452831,0.000964879989624,0.0001535415649414,0,1,0,0,1,0,0,1,0,0,0,0,0,0,0,0,0,0,0,1,0,0,0,0,0,1.0720487076286947e-09
analcatdata_dmft_1014,4,0.8301886792452831,0.0013890266418457,0.0001890659332275,0,1,0,1,0,0,0,0,0,1,0,0,0,0,0,0,0,0,0,0,0,1,0,0,0,6.805484602874469e-11
analcatdata_dmft_1014,4,0.8301886792452831,0.0012378692626953,0.0001642704010009,0,1,0,0,1,0,0,1,0,0,0,0,0,0,0,0,0,0,0,1,0,0,0,0,0,3.949072654870361e-08
analcatdata_dmft_1014,4,0.8301886792452831,0.0009822845458984,0.0001449584960937,1,0,0,0,1,1,0,0,0,0,0,0,0,0,0,0,0,0,0,0,0,0,1,0,0,1.9633224579733178e-10
teachingAssistant_1115,1,0.7333333333333333,0.0011296272277832,0.000295877456665,0,1,0,1,0,0,0,0,0,0,0,0,1,0,0,0,0,0,0,0,0,0,0,1,0,1.666111094155307e-08
teachingAssistant_1115,1,0.7333333333333333,0.0010643005371093,0.0002617835998535,1,0,0,0,1,0,0,0,0,0,0,0,1,0,0,0,0,0,0,0,0,0,0,0,1,3.227812205142963e-10
teachingAssistant_1115,1,0.7333333333333333,0.0013320446014404,0.0002784729003906,0,1,0,0,1,0,0,0,0,0,0,0,1,0,0,0,0,0,0,0,0,0,0,0,1,1.1348659510676956e-08
teachingAssistant_1115,1,0.7333333333333333,0.0015039443969726,0.0003280639648437,0,1,0,1,0,0,0,0,0,0,0,0,1,0,0,0,0,0,0,0,0,0,0,0,1,7.649795394176487e-11
teachingAssistant_1115,1,0.7333333333333333,0.0013084411621093,0.0002946853637695,1,0,0,1,0,0,0,0,0,0,0,0,1,0,0,0,0,0,0,0,0,0,0,1,0,1.1349399150745182e-08
teachingAssistant_1115,1,0.7333333333333333,0.0011582374572753,0.0002412796020507,1,0,1,0,0,0,0,0,0,0,0,0,1,0,0,0,0,0,0,0,0,0,0,1,0,5.2255034400342044e-11
teachingAssistant_1115,1,0.7333333333333333,0.0012991428375244,0.0002920627593994,1,0,0,0,1,0,0,0,0,0,0,0,1,0,0,0,0,0,0,0,0,0,0,1,0,9.189040402857723e-10
teachingAssistant_1115,1,0.7333333333333333,0.0011684894561767,0.0002825260162353,0,1,0,0,1,0,0,0,0,0,0,0,1,0,0,0,0,0,0,0,0,0,0,1,0,2.847783563984727e-11
teachingAssistant_1115,1,0.7333333333333333,0.0010569095611572,0.0002944469451904,0,1,1,0,0,0,0,0,0,0,0,0,1,0,0,0,0,0,0,0,0,0,0,1,0,1.292981536344929e-09
teachingAssistant_1115,1,0.7333333333333333,0.0010805130004882,0.0002377033233642,1,0,1,0,0,0,0,0,0,0,0,0,1,0,0,0,0,0,0,0,0,0,0,0,1,1.9180388534424617e-08
teachingAssistant_1115,1,0.7333333333333333,0.0016436576843261,0.0003204345703125,1,0,0,1,0,0,0,0,0,0,0,0,1,0,0,0,0,0,0,0,0,0,0,0,1,1.0524168917519217e-08
teachingAssistant_1115,1,0.7333333333333333,0.0023155212402343,0.0003135204315185,0,1,1,0,0,0,0,0,0,0,0,0,1,0,0,0,0,0,0,0,0,0,0,0,1,1.5953679436882725e-11
teachingAssistant_1115,1,0.7,0.0023221969604492,0.0003509521484375,0,1,0,0,1,0,0,0,0,0,0,0,1,0,0,0,0,0,0,0,0,1,0,0,0,9.304869474173699e-10
teachingAssistant_1115,1,0.7,0.0012040138244628,0.0002415180206298,1,0,0,1,0,0,0,0,0,0,0,0,1,0,0,0,0,0,0,0,0,1,0,0,0,2.5639009403188714e-08
teachingAssistant_1115,1,0.7,0.0012164115905761,0.0002393722534179,0,1,0,1,0,0,0,0,0,0,0,0,1,0,0,0,0,0,0,0,0,1,0,0,0,3.984868196729264e-09
teachingAssistant_1115,1,0.7,0.0016424655914306,0.0002641677856445,0,1,1,0,0,0,0,0,0,0,0,0,1,0,0,0,0,0,0,0,0,1,0,0,0,1.725064254264641e-11
teachingAssistant_1115,1,0.7,0.0010886192321777,0.000274658203125,0,1,0,1,0,0,0,0,0,0,0,0,1,0,0,0,0,0,0,0,0,0,1,0,0,2.0069109094966536e-10
teachingAssistant_1115,1,0.7,0.0012311935424804,0.0002505779266357,1,0,0,0,1,0,0,0,0,0,0,0,1,0,0,0,0,0,0,0,0,0,1,0,0,1.6840212016601514e-09
teachingAssistant_1115,1,0.7,0.0032615661621093,0.0003278255462646,0,1,1,0,0,0,0,0,0,0,0,0,1,0,0,0,0,0,0,0,0,0,1,0,0,4.904626054263059e-11
teachingAssistant_1115,1,0.7,0.001328706741333,0.0003550052642822,1,0,0,0,1,0,0,0,0,0,0,0,1,0,0,0,0,0,0,0,0,1,0,0,0,5.341414349600594e-09
MeanWhile1_1449,2,0.9803921568627452,0.0021607875823974,0.0005202293395996,0,1,1,0,0,0,0,0,0,0,0,0,0,0,1,0,0,0,0,0,0,0,0,0,1,3.4624669564045743e-09
MeanWhile1_1449,2,0.9803921568627452,0.0022253990173339,0.000406265258789,0,1,0,0,1,0,0,0,0,0,0,0,0,0,1,0,0,0,0,0,0,0,0,0,1,6.453229651505439e-11
MeanWhile1_1449,2,0.9803921568627452,0.0020711421966552,0.0004339218139648,1,0,1,0,0,0,0,0,0,0,0,0,0,0,1,0,0,0,0,0,0,0,0,0,1,1.5907131056622746e-09
MeanWhile1_1449,2,0.9803921568627452,0.0020420551300048,0.0003910064697265,0,1,0,1,0,0,0,0,0,0,0,0,0,0,1,0,0,0,0,0,0,0,0,0,1,1.7655264309509452e-08
MeanWhile1_1449,2,0.9803921568627452,0.0019581317901611,0.0004200935363769,1,0,0,1,0,0,0,0,0,0,0,0,0,0,1,0,0,0,0,0,0,0,0,0,1,3.1572342040468127e-10
MeanWhile1_1449,2,0.9803921568627452,0.0020170211791992,0.0004653930664062,1,0,0,0,1,0,0,0,0,0,0,0,0,0,1,0,0,0,0,0,0,0,0,0,1,9.726269521703152e-11
MeanWhile1_1449,3,0.96,0.0011210441589355,0.0002028942108154,0,1,0,0,1,0,0,0,0,1,0,0,0,0,0,0,0,0,0,0,0,0,1,0,0,6.380905220268983e-09
MeanWhile1_1449,3,0.96,0.000840425491333,0.0001571178436279,1,0,0,1,0,0,0,1,0,0,0,0,0,0,0,0,0,0,0,0,1,0,0,0,0,1.9196287958425025e-11
MeanWhile1_1449,3,0.96,0.0010149478912353,0.0001790523529052,0,1,0,0,1,0,1,0,0,0,0,0,0,0,0,0,0,0,0,0,0,0,1,0,0,2.141387328042141e-08
MeanWhile1_1449,4,0.96,0.0008361339569091,0.0001585483551025,0,1,0,0,1,0,0,1,0,0,0,0,0,0,0,0,0,0,0,0,0,0,0,1,0,5.940676029111548e-08
MeanWhile1_1449,3,0.96,0.0009334087371826,0.000173807144165,1,0,0,0,1,0,1,0,0,0,0,0,0,0,0,0,0,0,0,0,0,0,1,0,0,7.230161873722101e-08
MeanWhile1_1449,3,0.96,0.0009140968322753,0.0001556873321533,0,1,1,0,0,0,0,1,0,0,0,0,0,0,0,0,0,0,0,0,0,0,1,0,0,5.372235189497545e-10
MeanWhile1_1449,3,0.96,0.0009043216705322,0.0001692771911621,1,0,0,0,1,0,0,0,0,0,0,0,0,1,0,0,0,0,0,0,0,0,1,0,0,3.110365054297413e-09
MeanWhile1_1449,3,0.96,0.0010507106781005,0.000232458114624,0,1,1,0,0,0,0,0,0,1,0,0,0,0,0,0,0,0,0,0,0,0,1,0,0,2.6881792835610892e-08
MeanWhile1_1449,3,0.96,0.0009307861328125,0.0001587867736816,1,0,1,0,0,0,0,1,0,0,0,0,0,0,0,0,0,0,0,0,1,0,0,0,0,7.828813731787689e-11
MeanWhile1_1449,3,0.96,0.0007901191711425,0.0001506805419921,0,1,0,0,1,0,0,0,1,0,0,0,0,0,0,0,0,0,0,0,1,0,0,0,0,1.2906565062264649e-11
MeanWhile1_1449,3,0.96,0.0010061264038085,0.0001747608184814,1,0,0,1,0,0,1,0,0,0,0,0,0,0,0,0,0,0,0,0,0,0,1,0,0,3.4535434944011866e-10
MeanWhile1_1449,3,0.96,0.0010311603546142,0.0001676082611083,1,0,0,1,0,0,0,0,1,0,0,0,0,0,0,0,0,0,0,0,1,0,0,0,0,3.447340932607768e-08
MeanWhile1_1449,3,0.96,0.0008714199066162,0.0001564025878906,1,0,0,0,1,0,0,1,0,0,0,0,0,0,0,0,0,0,0,0,0,1,0,0,0,1.0478223222321279e-09
MeanWhile1_1449,4,0.96,0.000939130783081,0.0001661777496337,1,0,1,0,0,0,0,1,0,0,0,0,0,0,0,0,0,0,0,0,0,0,0,1,0,1.3209178045755998e-09
veteran_719,1,0.9285714285714286,0.0019161701202392,0.0001730918884277,1,0,1,0,0,0,0,0,0,0,0,1,0,0,0,0,0,0,1,0,0,0,0,0,0,5.83305647100573e-09
veteran_719,1,0.9285714285714286,0.0009090900421142,0.0001704692840576,1,0,0,0,1,0,0,0,0,0,0,1,0,0,0,0,0,0,1,0,0,0,0,0,0,1.9864106797538407e-09
veteran_719,1,0.9285714285714286,0.0008966922760009,0.000256061553955,0,1,0,0,1,0,0,0,0,0,0,1,0,0,0,0,0,0,0,0,0,0,0,1,0,1.6516063963811234e-11
veteran_719,1,0.9285714285714286,0.0009534358978271,0.0001723766326904,0,1,0,1,0,0,0,0,0,0,0,1,0,0,0,0,0,0,0,0,0,0,0,1,0,1.7516224411871302e-09
veteran_719,1,0.9285714285714286,0.0009377002716064,0.0002064704895019,0,1,0,0,1,0,0,0,0,1,0,0,0,0,0,0,0,0,0,1,0,0,0,0,0,3.906927962022564e-09
veteran_719,1,0.9285714285714286,0.0008678436279296,0.000173807144165,0,1,1,0,0,0,0,0,0,0,0,1,0,0,0,0,0,0,0,0,0,0,0,0,1,3.684538605483802e-09
veteran_719,1,0.9285714285714286,0.0013182163238525,0.0002105236053466,0,1,1,0,0,0,0,0,0,1,0,0,0,0,0,0,0,0,0,1,0,0,0,0,0,8.191748990841824e-09
veteran_719,1,0.9285714285714286,0.0009195804595947,0.0001695156097412,0,1,1,0,0,0,0,0,0,1,0,0,0,0,0,0,0,0,0,0,0,0,1,0,0,1.2013819658417127e-09
veteran_719,1,0.9285714285714286,0.0008623600006103,0.0001742839813232,1,0,1,0,0,0,0,0,0,0,0,1,0,0,0,0,0,0,0,0,0,0,0,1,0,3.9832282280868766e-08
veteran_719,1,0.9285714285714286,0.0007734298706054,0.0001459121704101,0,1,0,1,0,0,0,0,0,0,0,0,0,1,0,0,0,0,0,1,0,0,0,0,0,7.195193099188714e-10
veteran_719,1,0.9285714285714286,0.0016639232635498,0.0008766651153564,0,1,0,1,0,0,0,0,0,0,0,1,0,0,0,0,0,0,0,1,0,0,0,0,0,1.182349554448537e-09
veteran_719,1,0.9285714285714286,0.0027506351470947,0.0002598762512207,1,0,0,1,0,0,0,0,0,1,0,0,0,0,0,0,0,0,0,0,0,0,1,0,0,1.321974339127079e-08
veteran_719,1,0.9285714285714286,0.000988483428955,0.0001776218414306,1,0,0,0,1,0,0,0,0,0,0,1,0,0,0,0,0,0,0,0,0,0,0,0,1,2.1524838560357863e-08
veteran_719,1,0.9285714285714286,0.000929832458496,0.0001757144927978,1,0,1,0,0,0,0,0,0,1,0,0,0,0,0,0,0,0,0,0,0,0,1,0,0,3.921442650314321e-09
veteran_719,1,0.9285714285714286,0.0019059181213378,0.0010366439819335,1,0,0,0,1,0,0,0,0,0,0,1,0,0,0,0,0,0,0,1,0,0,0,0,0,3.2025273742561545e-11
veteran_719,1,0.9285714285714286,0.0008025169372558,0.0002167224884033,0,1,0,1,0,0,0,0,0,0,0,1,0,0,0,0,0,0,1,0,0,0,0,0,0,2.1272002563074982e-10
veteran_719,1,0.9285714285714286,0.0010092258453369,0.0001742839813232,1,0,0,0,1,0,0,0,0,1,0,0,0,0,0,0,0,0,0,1,0,0,0,0,0,1.2039881415427507e-11
veteran_719,1,0.9285714285714286,0.0007770061492919,0.0001571178436279,1,0,1,0,0,0,0,0,0,0,0,0,0,1,0,0,0,0,0,0,0,0,1,0,0,1.5198447674454974e-10
veteran_719,1,0.9285714285714286,0.0009791851043701,0.0001764297485351,1,0,0,0,1,0,0,0,0,0,0,1,0,0,0,0,0,0,0,0,0,0,0,1,0,1.909752842219004e-09
veteran_719,1,0.9285714285714286,0.0007810592651367,0.0001406669616699,0,1,1,0,0,0,0,0,0,0,0,0,0,1,0,0,0,0,0,0,0,0,1,0,0,1.6631175918436817e-08
autoUniv-au6-750_1549,3,0.2933333333333333,0.0014448165893554,0.0003151893615722,0,1,0,0,1,0,0,0,0,0,0,0,0,0,0,0,0,1,0,1,0,0,0,0,0,2.2008938375802907e-09
autoUniv-au6-750_1549,3,0.2933333333333333,0.0015561580657958,0.0003597736358642,0,1,0,1,0,0,0,0,0,0,0,0,0,0,0,0,0,1,0,1,0,0,0,0,0,1.444038003334148e-11
autoUniv-au6-750_1549,3,0.2933333333333333,0.00160813331604,0.0003559589385986,1,0,0,1,0,0,0,0,0,0,0,0,0,0,0,0,0,1,0,1,0,0,0,0,0,1.0874914207855898e-10
autoUniv-au6-750_1549,3,0.2933333333333333,0.0014955997467041,0.0003402233123779,1,0,0,0,1,0,0,0,0,0,0,0,0,0,0,0,0,1,0,0,0,0,0,1,0,2.052327789831574e-09
autoUniv-au6-750_1549,3,0.2933333333333333,0.0016913414001464,0.0003669261932373,0,1,0,0,1,0,0,0,0,0,0,0,0,0,0,0,0,1,0,0,0,0,0,1,0,6.857895868277171e-09
autoUniv-au6-750_1549,3,0.2933333333333333,0.0016219615936279,0.0004308223724365,1,0,0,0,1,0,0,0,0,0,0,0,0,0,0,0,0,1,0,1,0,0,0,0,0,2.9229097104415572e-08
autoUniv-au6-750_1549,4,0.2866666666666667,0.0017540454864501,0.0004422664642333,0,1,0,0,1,1,0,0,0,0,0,0,0,0,0,0,0,0,0,0,0,0,1,0,0,7.42302399760661e-08
autoUniv-au6-750_1549,4,0.2866666666666667,0.001734972000122,0.000518798828125,1,0,0,0,1,1,0,0,0,0,0,0,0,0,0,0,0,0,0,0,0,0,1,0,0,3.691020737013602e-08
autoUniv-au6-750_1549,4,0.28,0.0015146732330322,0.0003955364227294,0,1,0,0,1,0,0,0,0,0,0,1,0,0,0,0,0,0,0,0,0,1,0,0,0,7.401367138507367e-10
autoUniv-au6-750_1549,4,0.28,0.0017228126525878,0.0004146099090576,0,1,0,1,0,1,0,0,0,0,0,0,0,0,0,0,0,0,0,0,0,0,1,0,0,9.721158951600985e-09
autoUniv-au6-750_1549,4,0.28,0.0015876293182373,0.0004279613494873,0,1,0,1,0,0,0,0,0,0,0,1,0,0,0,0,0,0,0,1,0,0,0,0,0,9.164551141846169e-11
autoUniv-au6-750_1549,3,0.28,0.0018703937530517,0.0004446506500244,1,0,0,1,0,1,0,0,0,0,0,0,0,0,0,0,0,0,0,1,0,0,0,0,0,1.8002100339569374e-11
autoUniv-au6-750_1549,4,0.28,0.0015280246734619,0.0003402233123779,0,1,0,1,0,0,0,0,0,0,0,0,0,0,0,0,0,1,0,1,0,0,0,0,0,1.6606421476438898e-11
autoUniv-au6-750_1549,4,0.28,0.0015888214111328,0.000342845916748,1,0,0,0,1,0,0,0,0,0,0,0,0,0,0,0,0,1,0,1,0,0,0,0,0,9.230447121937893e-11
autoUniv-au6-750_1549,4,0.28,0.0016350746154785,0.0003983974456787,1,0,0,1,0,1,0,0,0,0,0,0,0,0,0,0,0,0,0,0,0,0,1,0,0,1.4130721615300271e-11
autoUniv-au6-750_1549,3,0.28,0.0016579627990722,0.0004160404205322,0,1,0,1,0,1,0,0,0,0,0,0,0,0,0,0,0,0,0,1,0,0,0,0,0,2.5181967305614562e-08
autoUniv-au6-750_1549,4,0.28,0.0016767978668212,0.0005214214324951,1,0,0,1,0,0,0,0,0,0,0,1,0,0,0,0,0,0,0,1,0,0,0,0,0,9.11345450403569e-10
autoUniv-au6-750_1549,4,0.28,0.0016360282897949,0.0003595352172851,1,0,0,1,0,0,0,0,0,0,0,0,0,0,0,0,0,1,0,1,0,0,0,0,0,1.7522665186090257e-08
autoUniv-au6-750_1549,4,0.28,0.0015232563018798,0.0003342628479003,0,1,0,0,1,0,0,0,0,0,0,0,0,0,0,0,0,1,0,1,0,0,0,0,0,5.74901057399266e-08
autoUniv-au6-750_1549,4,0.28,0.001662254333496,0.0004632472991943,1,0,0,0,1,0,0,0,0,0,0,1,0,0,0,0,0,0,0,0,0,1,0,0,0,9.454347177755896e-08
Engine1_4340,1,0.961038961038961,0.001033067703247,0.0001952648162841,0,1,0,0,1,0,1,0,0,0,0,0,0,0,0,0,0,0,0,0,0,0,1,0,0,5.6060380084697196e-08
Engine1_4340,1,0.961038961038961,0.0010144710540771,0.0001916885375976,1,0,1,0,0,0,1,0,0,0,0,0,0,0,0,0,0,0,0,0,0,0,1,0,0,7.348982085092739e-09
Engine1_4340,1,0.961038961038961,0.0010898113250732,0.0002493858337402,0,1,0,1,0,0,1,0,0,0,0,0,0,0,0,0,0,0,0,0,0,0,1,0,0,5.860283246193875e-10
Engine1_4340,1,0.961038961038961,0.001033067703247,0.0001933574676513,1,0,0,0,1,0,1,0,0,0,0,0,0,0,0,0,0,0,0,0,0,0,1,0,0,2.465695009937305e-09
Engine1_4340,1,0.961038961038961,0.0010256767272949,0.0001907348632812,0,1,1,0,0,0,1,0,0,0,0,0,0,0,0,0,0,0,0,0,0,0,1,0,0,1.8449536993000204e-08
Engine1_4340,1,0.961038961038961,0.0011730194091796,0.0001957416534423,1,0,0,1,0,0,1,0,0,0,0,0,0,0,0,0,0,0,0,0,0,0,1,0,0,3.892404988151836e-08
Engine1_4340,2,0.935064935064935,0.0014173984527587,0.0002298355102539,1,0,1,0,0,0,0,0,0,1,0,0,0,0,0,0,0,0,0,1,0,0,0,0,0,6.69690093197497e-08
Engine1_4340,2,0.935064935064935,0.0010378360748291,0.0002226829528808,1,0,1,0,0,0,0,0,0,0,0,0,0,1,0,0,0,0,0,1,0,0,0,0,0,8.364168941675764e-09
Engine1_4340,2,0.935064935064935,0.0010547637939453,0.0002002716064453,0,1,1,0,0,0,0,0,0,0,0,0,0,1,0,0,0,0,0,0,0,0,0,1,0,1.4448215028271328e-09
Engine1_4340,2,0.935064935064935,0.0012505054473876,0.0002260208129882,0,1,1,0,0,0,0,0,0,1,0,0,0,0,0,0,0,0,0,1,0,0,0,0,0,7.472859883361907e-08
Engine1_4340,2,0.935064935064935,0.0013117790222167,0.0002202987670898,1,0,0,1,0,0,1,0,0,0,0,0,0,0,0,0,0,0,0,0,0,0,0,1,0,6.831244774295004e-08
Engine1_4340,2,0.935064935064935,0.0010256767272949,0.0001847743988037,1,0,1,0,0,0,1,0,0,0,0,0,0,0,0,0,0,0,0,0,0,0,0,1,0,8.132261781447505e-10
Engine1_4340,2,0.935064935064935,0.0010108947753906,0.0001947879791259,1,0,1,0,0,0,0,0,0,0,0,0,0,1,0,0,0,0,0,0,0,0,0,0,1,3.9321815576887315e-09
Engine1_4340,2,0.935064935064935,0.0013415813446044,0.0002391338348388,0,1,0,1,0,0,0,0,0,1,0,0,0,0,0,0,0,0,1,0,0,0,0,0,0,1.7261104887688843e-08
Engine1_4340,2,0.935064935064935,0.0012438297271728,0.0002644062042236,0,1,0,0,1,0,0,0,0,1,0,0,0,0,0,0,0,0,1,0,0,0,0,0,0,5.399038529173847e-10
Engine1_4340,2,0.935064935064935,0.0011100769042968,0.0001940727233886,1,0,0,0,1,0,0,0,0,0,0,0,0,1,0,0,0,0,0,1,0,0,0,0,0,2.0773539816536568e-08
Engine1_4340,2,0.935064935064935,0.0016725063323974,0.0002186298370361,0,1,1,0,0,0,1,0,0,0,0,0,0,0,0,0,0,0,0,0,0,0,0,0,1,2.791398815933163e-11
Engine1_4340,2,0.935064935064935,0.0012388229370117,0.0002253055572509,1,0,1,0,0,0,0,0,0,1,0,0,0,0,0,0,0,0,1,0,0,0,0,0,0,8.406338684884673e-10
Engine1_4340,2,0.935064935064935,0.001237154006958,0.0002248287200927,1,0,0,1,0,0,0,0,0,1,0,0,0,0,0,0,0,0,1,0,0,0,0,0,0,8.520204045386028e-10
Engine1_4340,2,0.935064935064935,0.0010881423950195,0.0002627372741699,1,0,0,1,0,0,0,0,0,0,0,0,0,1,0,0,0,0,1,0,0,0,0,0,0,5.47807816368887e-09
PieChart2_1452,3,1.0,0.001030683517456,0.0001599788665771,0,1,1,0,0,0,0,1,0,0,0,0,0,0,0,0,0,0,0,0,0,0,1,0,0,2.921810468024908e-11
PieChart2_1452,3,1.0,0.0009913444519042,0.0001492500305175,0,1,1,0,0,0,0,0,1,0,0,0,0,0,0,0,0,0,0,0,0,0,1,0,0,2.5872698868445552e-11
PieChart2_1452,3,1.0,0.0016326904296875,0.0002923011779785,1,0,0,1,0,0,0,0,0,0,0,0,0,0,0,1,0,0,0,1,0,0,0,0,0,4.0029415586209285e-08
PieChart2_1452,3,1.0,0.0009596347808837,0.0001542568206787,1,0,0,1,0,0,0,1,0,0,0,0,0,0,0,0,0,0,0,0,0,0,0,0,1,1.6404608028286636e-10
PieChart2_1452,3,1.0,0.0027008056640625,0.0005550384521484,1,0,0,1,0,0,0,0,0,0,0,0,0,0,0,1,0,0,0,0,0,0,0,0,1,2.0309045530433102e-10
PieChart2_1452,3,1.0,0.0015077590942382,0.0002610683441162,0,1,0,1,0,0,0,0,0,0,0,0,0,0,0,1,0,0,0,1,0,0,0,0,0,1.2806963942321277e-08
PieChart2_1452,3,1.0,0.0009644031524658,0.0001544952392578,0,1,1,0,0,0,0,1,0,0,0,0,0,0,0,0,0,0,0,0,0,1,0,0,0,4.5670539767749175e-10
PieChart2_1452,3,1.0,0.0010294914245605,0.0001554489135742,0,1,0,1,0,0,0,0,0,0,0,0,0,0,0,0,0,1,0,0,0,0,0,0,1,2.1463226881584415e-08
PieChart2_1452,3,1.0,0.0016288757324218,0.0002894401550292,0,1,1,0,0,0,0,0,0,0,0,0,0,0,0,1,0,0,0,0,0,1,0,0,0,4.035291611957512e-10
PieChart2_1452,3,1.0,0.0010211467742919,0.0001564025878906,1,0,1,0,0,0,0,1,0,0,0,0,0,0,0,0,0,0,0,0,0,0,0,0,1,1.1025519579676155e-08
PieChart2_1452,3,1.0,0.0009312629699707,0.0001447200775146,0,1,0,0,1,0,0,0,1,0,0,0,0,0,0,0,0,0,0,0,0,1,0,0,0,1.262524548830147e-09
PieChart2_1452,3,1.0,0.0011830329895019,0.0001583099365234,0,1,0,0,1,0,0,0,1,0,0,0,0,0,0,0,0,0,0,0,1,0,0,0,0,5.537484267378197e-08
PieChart2_1452,3,1.0,0.0010015964508056,0.000157356262207,1,0,0,0,1,0,0,1,0,0,0,0,0,0,0,0,0,0,1,0,0,0,0,0,0,2.0396511370601094e-10
PieChart2_1452,3,1.0,0.0017330646514892,0.0002598762512207,1,0,1,0,0,0,0,0,0,0,0,0,0,0,0,1,0,0,0,0,0,0,0,0,1,2.823334793096362e-10
PieChart2_1452,3,1.0,0.0010774135589599,0.0001609325408935,1,0,0,0,1,0,0,0,0,0,0,0,0,0,0,0,0,1,1,0,0,0,0,0,0,7.584833731433178e-08
PieChart2_1452,3,1.0,0.0010561943054199,0.0001630783081054,0,1,1,0,0,0,0,0,0,0,0,0,0,0,0,0,0,1,0,0,0,0,1,0,0,8.91456984239702e-09
PieChart2_1452,3,1.0,0.0009872913360595,0.0001559257507324,1,0,0,1,0,0,0,0,0,0,0,0,0,0,0,0,0,1,1,0,0,0,0,0,0,1.2310320345050791e-08
PieChart2_1452,3,1.0,0.0010473728179931,0.0001502037048339,0,1,1,0,0,0,0,0,1,0,0,0,0,0,0,0,0,0,0,0,0,1,0,0,0,1.5272389648213589e-10
PieChart2_1452,3,1.0,0.0009987354278564,0.0001587867736816,0,1,0,0,1,0,0,1,0,0,0,0,0,0,0,0,0,0,0,0,0,0,0,0,1,1.3433141490009388e-09
PieChart2_1452,3,1.0,0.0010185241699218,0.0001540184020996,0,1,0,0,1,0,0,0,0,0,0,0,0,0,0,0,0,1,1,0,0,0,0,0,0,1.7954112482765237e-10
German-Credit-Risk-with-Target_46116,4,0.77,0.0013725757598876,0.0002377033233642,0,1,0,0,1,1,0,0,0,0,0,0,0,0,0,0,0,0,0,1,0,0,0,0,0,1.0951548919131468e-10
German-Credit-Risk-with-Target_46116,4,0.77,0.00132417678833,0.0001671314239501,0,1,0,0,1,1,0,0,0,0,0,0,0,0,0,0,0,0,0,0,0,0,0,0,1,1.3834540864290783e-09
German-Credit-Risk-with-Target_46116,4,0.77,0.0012857913970947,0.000171422958374,0,1,0,0,1,1,0,0,0,0,0,0,0,0,0,0,0,0,1,0,0,0,0,0,0,8.933929005938693e-08
German-Credit-Risk-with-Target_46116,4,0.77,0.0012280941009521,0.0001716613769531,0,1,0,0,1,1,0,0,0,0,0,0,0,0,0,0,0,0,0,0,0,0,0,1,0,7.219225187380001e-11
German-Credit-Risk-with-Target_46116,4,0.765,0.0012121200561523,0.0002081394195556,0,1,0,0,1,0,1,0,0,0,0,0,0,0,0,0,0,0,0,0,0,0,0,0,1,9.334250169788459e-11
German-Credit-Risk-with-Target_46116,0,0.765,0.0012333393096923,0.0001711845397949,0,1,0,0,1,0,0,0,0,0,1,0,0,0,0,0,0,0,0,0,0,0,1,0,0,9.386765173934269e-11
German-Credit-Risk-with-Target_46116,4,0.76,0.0013000965118408,0.0001797676086425,0,1,0,1,0,1,0,0,0,0,0,0,0,0,0,0,0,0,0,1,0,0,0,0,0,1.4682805521323928e-08
German-Credit-Risk-with-Target_46116,4,0.76,0.0012614727020263,0.0001726150512695,0,1,0,1,0,0,0,0,0,0,0,0,0,0,0,0,0,1,0,0,0,0,0,1,0,1.1013573246823651e-09
German-Credit-Risk-with-Target_46116,4,0.76,0.002298355102539,0.0003430843353271,1,0,0,1,0,0,0,0,0,0,0,0,1,0,0,0,0,0,0,0,0,0,0,1,0,3.4599564061983353e-10
German-Credit-Risk-with-Target_46116,4,0.76,0.0012514591217041,0.0001845359802246,0,1,0,0,1,0,1,0,0,0,0,0,0,0,0,0,0,0,1,0,0,0,0,0,0,2.3722438940293812e-08
German-Credit-Risk-with-Target_46116,4,0.76,0.0013704299926757,0.0002064704895019,0,1,0,0,1,0,0,0,0,0,0,0,0,1,0,0,0,0,0,0,0,0,0,0,1,1.5486830796822596e-10
German-Credit-Risk-with-Target_46116,4,0.76,0.0018603801727294,0.0002322196960449,0,1,0,0,1,0,0,0,0,1,0,0,0,0,0,0,0,0,0,0,0,0,0,0,1,3.7057114098863335e-10
German-Credit-Risk-with-Target_46116,4,0.76,0.0015413761138916,0.0002028942108154,0,1,0,0,1,0,1,0,0,0,0,0,0,0,0,0,0,0,0,0,0,0,0,1,0,1.97007262877291e-11
German-Credit-Risk-with-Target_46116,0,0.76,0.0017518997192382,0.0002377033233642,0,1,0,1,0,0,1,0,0,0,0,0,0,0,0,0,0,0,0,0,0,0,0,0,1,2.989788089862397e-11
German-Credit-Risk-with-Target_46116,4,0.76,0.0012342929840087,0.0001711845397949,1,0,0,1,0,0,0,0,0,0,0,0,0,0,0,0,0,1,0,0,0,0,0,1,0,3.523094292828423e-11
German-Credit-Risk-with-Target_46116,4,0.76,0.0023093223571777,0.0003445148468017,0,1,0,1,0,0,0,0,0,0,0,0,1,0,0,0,0,0,0,0,0,0,0,1,0,2.4428733616596676e-10
German-Credit-Risk-with-Target_46116,4,0.76,0.0013635158538818,0.0002031326293945,0,1,0,0,1,0,1,0,0,0,0,0,0,0,0,0,0,0,0,0,0,0,1,0,0,1.248363441921392e-09
German-Credit-Risk-with-Target_46116,3,0.76,0.0012407302856445,0.0001654624938964,0,1,0,0,1,0,0,0,0,0,1,0,0,0,0,0,0,0,0,0,0,1,0,0,0,1.0068789454708418e-11
German-Credit-Risk-with-Target_46116,4,0.76,0.0013954639434814,0.000187873840332,1,0,0,1,0,1,0,0,0,0,0,0,0,0,0,0,0,0,0,1,0,0,0,0,0,5.7508130024778005e-11
German-Credit-Risk-with-Target_46116,4,0.76,0.0012905597686767,0.0001895427703857,0,1,0,0,1,0,1,0,0,0,0,0,0,0,0,0,0,0,0,1,0,0,0,0,0,5.0419679508212305e-11
analcatdata_germangss_1025,2,0.9625,0.0014386177062988,0.0002412796020507,0,1,0,1,0,0,0,0,0,0,0,0,1,0,0,0,0,0,0,1,0,0,0,0,0,1.0313056455330446e-10
analcatdata_germangss_1025,2,0.9625,0.0013720989227294,0.0002386569976806,0,1,0,1,0,0,0,0,0,0,0,0,1,0,0,0,0,0,1,0,0,0,0,0,0,4.616615487867151e-11
analcatdata_germangss_1025,2,0.9625,0.0028567314147949,0.0002548694610595,1,0,0,1,0,0,0,0,0,0,0,0,1,0,0,0,0,0,1,0,0,0,0,0,0,6.032713832793426e-11
analcatdata_germangss_1025,2,0.9625,0.0013947486877441,0.0002350807189941,1,0,0,1,0,0,0,0,0,0,0,0,1,0,0,0,0,0,0,1,0,0,0,0,0,8.620281414177818e-08
analcatdata_germangss_1025,2,0.9625,0.0014727115631103,0.0002481937408447,1,0,0,1,0,0,0,0,0,0,0,0,1,0,0,0,0,0,0,0,1,0,0,0,0,2.3928806435186213e-09
analcatdata_germangss_1025,2,0.9625,0.0014262199401855,0.0002391338348388,0,1,0,1,0,0,0,0,0,0,0,0,1,0,0,0,0,0,0,0,0,0,1,0,0,1.1240164298799074e-08
analcatdata_germangss_1025,2,0.9625,0.0013952255249023,0.0002431869506835,0,1,0,1,0,0,0,0,0,0,0,0,1,0,0,0,0,0,0,0,1,0,0,0,0,1.8939717998597306e-08
analcatdata_germangss_1025,2,0.9625,0.001394510269165,0.0002403259277343,1,0,0,1,0,0,0,0,0,0,0,0,1,0,0,0,0,0,0,0,0,0,1,0,0,4.685138023908175e-09
analcatdata_germangss_1025,4,0.95,0.001502513885498,0.0002551078796386,1,0,0,1,0,0,0,0,0,0,0,0,1,0,0,0,0,0,0,0,1,0,0,0,0,6.551203348855561e-09
analcatdata_germangss_1025,4,0.95,0.0014207363128662,0.0002722740173339,0,1,0,1,0,0,0,0,0,0,0,0,1,0,0,0,0,0,0,0,1,0,0,0,0,3.3816898823537863e-09
analcatdata_germangss_1025,2,0.9375,0.0009233951568603,0.0001721382141113,1,0,0,1,0,0,0,0,0,0,0,0,0,1,0,0,0,0,0,0,0,0,0,1,0,3.958165163550497e-09
analcatdata_germangss_1025,2,0.9375,0.0009829998016357,0.000171422958374,0,1,0,1,0,0,0,0,0,0,0,0,0,1,0,0,0,0,0,0,1,0,0,0,0,5.1736675334124455e-08
analcatdata_germangss_1025,0,0.9375,0.0011031627655029,0.0001814365386962,1,0,0,1,0,0,0,0,0,0,0,0,0,1,0,0,0,0,0,0,1,0,0,0,0,5.532913689461791e-11
analcatdata_germangss_1025,2,0.9375,0.0010128021240234,0.0001921653747558,1,0,0,1,0,0,0,0,0,0,0,0,0,1,0,0,0,0,0,0,1,0,0,0,0,1.255799030112419e-10
analcatdata_germangss_1025,0,0.9375,0.0019059181213378,0.0003073215484619,1,0,0,1,0,0,0,0,0,1,0,0,0,0,0,0,0,0,0,0,1,0,0,0,0,2.3606640987243007e-11
analcatdata_germangss_1025,2,0.9375,0.0013282299041748,0.0002403259277343,1,0,0,1,0,0,0,0,0,0,0,0,0,0,0,1,0,0,0,0,1,0,0,0,0,2.2351045973976962e-08
analcatdata_germangss_1025,0,0.9375,0.0010340213775634,0.0001807212829589,0,1,0,1,0,0,0,0,0,0,0,0,0,1,0,0,0,0,0,0,1,0,0,0,0,6.237654194634442e-10
analcatdata_germangss_1025,0,0.9375,0.0018091201782226,0.0003056526184082,0,1,0,1,0,0,0,0,0,1,0,0,0,0,0,0,0,0,0,0,1,0,0,0,0,4.2502868578889174e-08
analcatdata_germangss_1025,2,0.9375,0.0011928081512451,0.0002286434173583,0,1,0,1,0,0,0,0,0,0,0,0,0,0,0,1,0,0,0,0,1,0,0,0,0,4.433052279201207e-10
analcatdata_germangss_1025,2,0.9375,0.0008738040924072,0.0001640319824218,0,1,0,1,0,0,0,0,0,0,0,0,0,1,0,0,0,0,0,0,0,0,0,1,0,5.894631116607722e-10
chscase_census6_900,3,0.6625,0.0008571147918701,0.0001485347747802,0,1,0,1,0,0,1,0,0,0,0,0,0,0,0,0,0,0,0,0,0,1,0,0,0,6.214783515993618e-10
chscase_census6_900,3,0.6625,0.000917911529541,0.0001680850982666,1,0,1,0,0,0,1,0,0,0,0,0,0,0,0,0,0,0,0,0,0,1,0,0,0,2.818203621965048e-09
chscase_census6_900,3,0.6625,0.0010702610015869,0.0001659393310546,1,0,0,0,1,0,1,0,0,0,0,0,0,0,0,0,0,0,0,0,0,1,0,0,0,1.160102780941599e-08
chscase_census6_900,3,0.6625,0.0009667873382568,0.000159740447998,0,1,1,0,0,0,1,0,0,0,0,0,0,0,0,0,0,0,0,0,0,1,0,0,0,2.5419622956185475e-10
chscase_census6_900,3,0.6625,0.0009467601776123,0.0001652240753173,1,0,0,1,0,0,1,0,0,0,0,0,0,0,0,0,0,0,0,0,0,1,0,0,0,3.3163611102387364e-09
chscase_census6_900,3,0.6625,0.0010411739349365,0.0001699924468994,0,1,0,0,1,0,1,0,0,0,0,0,0,0,0,0,0,0,0,0,0,1,0,0,0,6.5443986597339e-11
chscase_census6_900,0,0.65,0.0013480186462402,0.000223159790039,1,0,0,0,1,1,0,0,0,0,0,0,0,0,0,0,0,0,0,0,1,0,0,0,0,1.6450852861842715e-09
chscase_census6_900,0,0.65,0.0009448528289794,0.0001637935638427,0,1,0,1,0,1,0,0,0,0,0,0,0,0,0,0,0,0,0,0,1,0,0,0,0,1.5358174557568915e-09
chscase_census6_900,0,0.65,0.0011048316955566,0.0001921653747558,0,1,0,0,1,0,0,0,0,0,0,1,0,0,0,0,0,0,0,0,1,0,0,0,0,3.588091112738784e-08
chscase_census6_900,0,0.65,0.0009188652038574,0.000154972076416,0,1,1,0,0,1,0,0,0,0,0,0,0,0,0,0,0,0,0,0,1,0,0,0,0,3.8316064476550236e-08
chscase_census6_900,0,0.65,0.0010125637054443,0.0001795291900634,1,0,0,1,0,0,0,0,0,0,0,1,0,0,0,0,0,0,0,0,1,0,0,0,0,8.888830672476422e-10
chscase_census6_900,0,0.65,0.0018813610076904,0.0001983642578125,0,1,1,0,0,0,0,0,0,0,0,1,0,0,0,0,0,0,0,0,1,0,0,0,0,1.2542897207265032e-11
chscase_census6_900,0,0.65,0.0015082359313964,0.0001807212829589,1,0,0,0,1,0,0,0,0,0,0,1,0,0,0,0,0,0,0,0,1,0,0,0,0,2.3904947953364842e-08
chscase_census6_900,0,0.65,0.0009291172027587,0.0001797676086425,1,0,1,0,0,1,0,0,0,0,0,0,0,0,0,0,0,0,0,0,1,0,0,0,0,1.0057496318241684e-11
chscase_census6_900,0,0.65,0.0011188983917236,0.0001821517944335,1,0,1,0,0,0,0,0,0,0,0,1,0,0,0,0,0,0,0,0,1,0,0,0,0,8.18492194282945e-10
chscase_census6_900,0,0.65,0.0010616779327392,0.0001711845397949,0,1,0,0,1,1,0,0,0,0,0,0,0,0,0,0,0,0,0,0,1,0,0,0,0,1.1999430385822518e-11
chscase_census6_900,0,0.65,0.0009398460388183,0.0001587867736816,1,0,0,1,0,1,0,0,0,0,0,0,0,0,0,0,0,0,0,0,1,0,0,0,0,2.5725580143737537e-10
chscase_census6_900,0,0.65,0.0010428428649902,0.0001802444458007,0,1,0,1,0,0,0,0,0,0,0,1,0,0,0,0,0,0,0,0,1,0,0,0,0,3.5241853724404403e-09
chscase_census6_900,2,0.6375,0.0009551048278808,0.0001647472381591,1,0,0,1,0,0,0,0,0,0,0,0,0,1,0,0,0,0,0,0,0,1,0,0,0,3.053539991456462e-10
chscase_census6_900,1,0.6375,0.001042366027832,0.0001628398895263,0,1,1,0,0,0,0,0,0,0,0,0,0,0,0,0,0,1,0,1,0,0,0,0,0,5.099944316585637e-08
visualizing_galaxy_925,0,1.0,0.0009899139404296,0.0001966953277587,0,1,0,1,0,0,0,0,0,0,0,1,0,0,0,0,0,0,0,0,1,0,0,0,0,3.6564070174619453e-09
visualizing_galaxy_925,0,1.0,0.0010402202606201,0.0002024173736572,0,1,1,0,0,0,0,0,0,0,0,1,0,0,0,0,0,0,0,0,1,0,0,0,0,3.852791350193022e-09
visualizing_galaxy_925,0,1.0,0.000929832458496,0.0001664161682128,1,0,0,1,0,0,0,0,0,0,0,1,0,0,0,0,0,0,0,0,1,0,0,0,0,3.1459236903699256e-10
visualizing_galaxy_925,0,1.0,0.0011935234069824,0.0002989768981933,0,1,1,0,0,0,0,0,0,0,0,0,0,0,0,1,0,0,0,0,1,0,0,0,0,1.426179196588802e-11
visualizing_galaxy_925,0,1.0,0.0010664463043212,0.0001811981201171,0,1,0,0,1,0,0,0,0,0,0,1,0,0,0,0,0,0,0,0,1,0,0,0,0,8.968481032155135e-09
visualizing_galaxy_925,0,1.0,0.0011408329010009,0.0002086162567138,0,1,0,0,1,0,0,0,0,0,0,0,0,0,0,1,0,0,0,0,1,0,0,0,0,7.327889674778503e-09
visualizing_galaxy_925,0,1.0,0.0010888576507568,0.0002086162567138,0,1,0,1,0,0,0,0,0,0,0,0,0,0,0,1,0,0,0,0,1,0,0,0,0,1.319775639954213e-09
visualizing_galaxy_925,0,1.0,0.0009167194366455,0.00016450881958,1,0,0,0,1,0,0,0,0,0,0,1,0,0,0,0,0,0,0,0,1,0,0,0,0,4.624578513264379e-10
visualizing_galaxy_925,0,1.0,0.0010626316070556,0.0001811981201171,1,0,1,0,0,0,0,0,0,0,0,1,0,0,0,0,0,0,0,0,1,0,0,0,0,1.4232074223773102e-09
visualizing_galaxy_925,0,1.0,0.0011703968048095,0.0002074241638183,1,0,0,1,0,0,0,0,0,0,0,0,0,0,0,1,0,0,0,0,1,0,0,0,0,9.710947732233974e-09
visualizing_galaxy_925,0,1.0,0.0012531280517578,0.0002272129058837,1,0,1,0,0,0,0,0,0,0,0,0,0,0,0,1,0,0,0,0,1,0,0,0,0,7.098093619897881e-09
visualizing_galaxy_925,0,1.0,0.0009667873382568,0.0001862049102783,1,0,0,0,1,0,0,0,0,0,0,0,0,0,0,1,0,0,0,0,1,0,0,0,0,4.289815847984528e-09
visualizing_galaxy_925,0,0.9846153846153848,0.0009105205535888,0.0001544952392578,0,1,0,1,0,0,0,0,0,0,0,0,0,1,0,0,0,0,0,0,1,0,0,0,0,4.122010271166196e-08
visualizing_galaxy_925,0,0.9846153846153848,0.00105881690979,0.0001688003540039,0,1,1,0,0,0,0,0,0,0,0,0,0,1,0,0,0,0,0,0,1,0,0,0,0,2.751398582520842e-09
visualizing_galaxy_925,0,0.9846153846153848,0.0011458396911621,0.0001988410949707,1,0,0,1,0,0,0,0,0,0,0,0,1,0,0,0,0,0,0,0,0,0,0,0,1,1.1429798922402936e-11
visualizing_galaxy_925,0,0.9846153846153848,0.0009381771087646,0.0001666545867919,1,0,0,1,0,0,0,0,0,0,0,0,0,1,0,0,0,0,0,0,1,0,0,0,0,2.9665750685443347e-09
visualizing_galaxy_925,0,0.9846153846153848,0.0011458396911621,0.0001997947692871,0,1,0,0,1,0,0,0,0,0,0,0,1,0,0,0,0,0,0,0,0,0,0,0,1,2.819921265814053e-09
visualizing_galaxy_925,0,0.9846153846153848,0.0011401176452636,0.0002064704895019,0,1,1,0,0,0,0,0,0,0,0,0,1,0,0,0,0,0,0,0,0,0,0,0,1,1.8990860954970494e-11
visualizing_galaxy_925,0,0.9846153846153848,0.0011026859283447,0.0001859664916992,0,1,0,1,0,0,0,0,0,1,0,0,0,0,0,0,0,0,0,0,1,0,0,0,0,5.139478069835558e-10
visualizing_galaxy_925,0,0.9846153846153848,0.0009303092956542,0.0001666545867919,1,0,0,1,0,0,0,0,0,1,0,0,0,0,0,0,0,0,0,0,1,0,0,0,0,4.02147198716297e-09
fri_c4_1000_50_797,4,0.755,0.009596824645996,0.0016138553619384,0,1,0,1,0,0,0,0,0,0,0,0,0,0,1,0,0,0,0,0,0,0,1,0,0,6.576652984067446e-09
fri_c4_1000_50_797,4,0.755,0.009329080581665,0.0015571117401123,1,0,1,0,0,0,0,0,0,0,0,0,0,0,1,0,0,0,0,0,0,0,1,0,0,3.7342079649681444e-08
fri_c4_1000_50_797,4,0.755,0.0100400447845458,0.0018105506896972,1,0,0,1,0,0,0,0,0,0,0,0,0,0,1,0,0,0,0,0,0,0,1,0,0,2.3201919883720908e-08
fri_c4_1000_50_797,4,0.755,0.0095140933990478,0.0015685558319091,1,0,0,0,1,0,0,0,0,0,0,0,0,0,1,0,0,0,0,0,0,0,1,0,0,2.925548061904822e-11
fri_c4_1000_50_797,4,0.755,0.0094053745269775,0.0016059875488281,0,1,1,0,0,0,0,0,0,0,0,0,0,0,1,0,0,0,0,0,0,0,1,0,0,2.7235647619484808e-09
fri_c4_1000_50_797,4,0.755,0.009519338607788,0.0016698837280273,0,1,0,0,1,0,0,0,0,0,0,0,0,0,1,0,0,0,0,0,0,0,1,0,0,2.4317876290016756e-09
fri_c4_1000_50_797,4,0.74,0.001265525817871,0.0001721382141113,0,1,1,0,0,1,0,0,0,0,0,0,0,0,0,0,0,0,1,0,0,0,0,0,0,1.6405583087972251e-10
fri_c4_1000_50_797,4,0.74,0.0012564659118652,0.0001664161682128,1,0,1,0,0,1,0,0,0,0,0,0,0,0,0,0,0,0,1,0,0,0,0,0,0,5.450330329570809e-11
fri_c4_1000_50_797,4,0.74,0.0014011859893798,0.0001673698425292,1,0,0,1,0,1,0,0,0,0,0,0,0,0,0,0,0,0,0,1,0,0,0,0,0,6.28108449897516e-11
fri_c4_1000_50_797,4,0.74,0.0012259483337402,0.0001652240753173,1,0,1,0,0,1,0,0,0,0,0,0,0,0,0,0,0,0,0,1,0,0,0,0,0,5.1308707680782936e-11
fri_c4_1000_50_797,4,0.74,0.0011935234069824,0.000166893005371,1,0,0,0,1,1,0,0,0,0,0,0,0,0,0,0,0,0,1,0,0,0,0,0,0,1.6790154391878615e-08
fri_c4_1000_50_797,4,0.74,0.0011892318725585,0.0001649856567382,0,1,0,0,1,1,0,0,0,0,0,0,0,0,0,0,0,0,0,0,0,0,0,0,1,3.9225835492448494e-11
fri_c4_1000_50_797,4,0.74,0.0011746883392333,0.0001678466796875,0,1,0,0,1,1,0,0,0,0,0,0,0,0,0,0,0,0,0,1,0,0,0,0,0,1.1417418215151389e-10
fri_c4_1000_50_797,4,0.74,0.0011777877807617,0.0001647472381591,1,0,0,0,1,1,0,0,0,0,0,0,0,0,0,0,0,0,0,0,0,0,0,0,1,7.432820041603394e-11
fri_c4_1000_50_797,4,0.74,0.0011959075927734,0.0001692771911621,0,1,0,1,0,1,0,0,0,0,0,0,0,0,0,0,0,0,0,0,0,0,0,0,1,7.102763097394271e-09
fri_c4_1000_50_797,4,0.74,0.0012011528015136,0.0001657009124755,0,1,1,0,0,1,0,0,0,0,0,0,0,0,0,0,0,0,0,0,0,0,0,1,0,4.301139987241314e-11
fri_c4_1000_50_797,4,0.74,0.001176118850708,0.0001635551452636,0,1,1,0,0,1,0,0,0,0,0,0,0,0,0,0,0,0,0,1,0,0,0,0,0,1.2481299667630902e-11
fri_c4_1000_50_797,4,0.74,0.0012428760528564,0.0001685619354248,1,0,1,0,0,1,0,0,0,0,0,0,0,0,0,0,0,0,0,0,0,0,0,1,0,3.139797849536607e-10
fri_c4_1000_50_797,4,0.74,0.0012078285217285,0.0001637935638427,0,1,0,0,1,1,0,0,0,0,0,0,0,0,0,0,0,0,0,0,0,0,0,1,0,1.6610283487148996e-10
fri_c4_1000_50_797,4,0.74,0.001194953918457,0.0001657009124755,1,0,0,1,0,1,0,0,0,0,0,0,0,0,0,0,0,0,0,0,0,0,0,1,0,3.897793435248896e-10
MegaWatt1_1442,2,0.9803921568627452,0.002312421798706,0.0003824234008789,0,1,1,0,0,0,0,0,0,0,0,0,0,0,1,0,0,0,0,0,0,0,0,0,1,1.0357691139373974e-08
MegaWatt1_1442,2,0.9803921568627452,0.0020003318786621,0.0003647804260253,0,1,0,0,1,0,0,0,0,0,0,0,0,0,1,0,0,0,0,0,0,0,0,0,1,1.1206439105903328e-11
MegaWatt1_1442,2,0.9803921568627452,0.0019385814666748,0.0003933906555175,1,0,1,0,0,0,0,0,0,0,0,0,0,0,1,0,0,0,0,0,0,0,0,0,1,1.4152410169827506e-11
MegaWatt1_1442,2,0.9803921568627452,0.0024528503417968,0.0004332065582275,0,1,0,1,0,0,0,0,0,0,0,0,0,0,1,0,0,0,0,0,0,0,0,0,1,1.0533641351757147e-10
MegaWatt1_1442,2,0.9803921568627452,0.0019266605377197,0.0003693103790283,1,0,0,1,0,0,0,0,0,0,0,0,0,0,1,0,0,0,0,0,0,0,0,0,1,3.604408001510263e-08
MegaWatt1_1442,2,0.9803921568627452,0.0021195411682128,0.0005292892456054,1,0,0,0,1,0,0,0,0,0,0,0,0,0,1,0,0,0,0,0,0,0,0,0,1,4.7456751033485456e-11
MegaWatt1_1442,3,0.96,0.0011062622070312,0.000190258026123,0,1,0,0,1,0,0,0,0,1,0,0,0,0,0,0,0,0,0,0,0,0,1,0,0,9.730873506738543e-08
MegaWatt1_1442,3,0.96,0.0008695125579833,0.000150442123413,1,0,0,1,0,0,0,1,0,0,0,0,0,0,0,0,0,0,0,0,1,0,0,0,0,1.6702068644844487e-08
MegaWatt1_1442,3,0.96,0.0008809566497802,0.0001657009124755,0,1,0,0,1,0,1,0,0,0,0,0,0,0,0,0,0,0,0,0,0,0,1,0,0,6.676459402223855e-10
MegaWatt1_1442,4,0.96,0.0008506774902343,0.0001771450042724,0,1,0,0,1,0,0,1,0,0,0,0,0,0,0,0,0,0,0,0,0,0,0,1,0,9.805031223617198e-09
MegaWatt1_1442,3,0.96,0.0009365081787109,0.0002012252807617,1,0,0,0,1,0,1,0,0,0,0,0,0,0,0,0,0,0,0,0,0,0,1,0,0,1.1892153320601147e-09
MegaWatt1_1442,3,0.96,0.0008106231689453,0.0001704692840576,0,1,1,0,0,0,0,1,0,0,0,0,0,0,0,0,0,0,0,0,0,0,1,0,0,1.836407503284407e-09
MegaWatt1_1442,3,0.96,0.0008506774902343,0.0001628398895263,1,0,0,0,1,0,0,0,0,0,0,0,0,1,0,0,0,0,0,0,0,0,1,0,0,2.1041997645778743e-09
MegaWatt1_1442,3,0.96,0.0010907649993896,0.0001909732818603,0,1,1,0,0,0,0,0,0,1,0,0,0,0,0,0,0,0,0,0,0,0,1,0,0,3.934432070562233e-09
MegaWatt1_1442,3,0.96,0.0008602142333984,0.0002205371856689,1,0,1,0,0,0,0,1,0,0,0,0,0,0,0,0,0,0,0,0,1,0,0,0,0,1.750075399803337e-11
MegaWatt1_1442,3,0.96,0.0007977485656738,0.0001430511474609,0,1,0,0,1,0,0,0,1,0,0,0,0,0,0,0,0,0,0,0,1,0,0,0,0,2.924101339603167e-09
MegaWatt1_1442,3,0.96,0.000892162322998,0.000162124633789,1,0,0,1,0,0,1,0,0,0,0,0,0,0,0,0,0,0,0,0,0,0,1,0,0,7.3755485722265906e-09
MegaWatt1_1442,3,0.96,0.0010023117065429,0.0001606941223144,1,0,0,1,0,0,0,0,1,0,0,0,0,0,0,0,0,0,0,0,1,0,0,0,0,1.7494137680735626e-10
MegaWatt1_1442,3,0.96,0.0008957386016845,0.0001747608184814,1,0,0,0,1,0,0,1,0,0,0,0,0,0,0,0,0,0,0,0,0,1,0,0,0,8.209473813525733e-08
MegaWatt1_1442,4,0.96,0.000838279724121,0.0001506805419921,1,0,1,0,0,0,0,1,0,0,0,0,0,0,0,0,0,0,0,0,0,0,0,1,0,3.7825122573790616e-11
stock_841,1,0.963157894736842,0.0021376609802246,0.0004055500030517,1,0,1,0,0,0,0,0,0,0,0,0,1,0,0,0,0,0,0,1,0,0,0,0,0,4.382986067290159e-08
stock_841,4,0.963157894736842,0.002108097076416,0.000298261642456,0,1,1,0,0,0,0,0,0,0,0,0,1,0,0,0,0,0,0,1,0,0,0,0,0,5.079227106440225e-09
stock_841,1,0.963157894736842,0.0018599033355712,0.0003445148468017,0,1,1,0,0,0,0,0,0,0,0,0,1,0,0,0,0,0,0,1,0,0,0,0,0,4.542112772349437e-09
stock_841,4,0.963157894736842,0.0020818710327148,0.0003154277801513,1,0,1,0,0,0,0,0,0,0,0,0,1,0,0,0,0,0,0,1,0,0,0,0,0,3.19220401635067e-08
stock_841,1,0.963157894736842,0.0019056797027587,0.00030517578125,0,1,0,1,0,0,0,0,0,0,0,0,1,0,0,0,0,0,0,1,0,0,0,0,0,2.122837961184009e-08
stock_841,1,0.963157894736842,0.0019416809082031,0.0003042221069335,0,1,0,0,1,0,0,0,0,0,0,0,1,0,0,0,0,0,0,1,0,0,0,0,0,2.408450524128389e-10
stock_841,4,0.963157894736842,0.0020205974578857,0.0003125667572021,0,1,0,0,1,0,0,0,0,0,0,0,1,0,0,0,0,0,0,1,0,0,0,0,0,6.6294760999035265e-09
stock_841,4,0.963157894736842,0.0020310878753662,0.000312328338623,1,0,0,1,0,0,0,0,0,0,0,0,1,0,0,0,0,0,0,1,0,0,0,0,0,1.593713790926234e-11
stock_841,1,0.963157894736842,0.0018670558929443,0.0003106594085693,1,0,0,1,0,0,0,0,0,0,0,0,1,0,0,0,0,0,0,1,0,0,0,0,0,7.17916159451891e-10
stock_841,4,0.963157894736842,0.0022900104522705,0.0003085136413574,0,1,0,1,0,0,0,0,0,0,0,0,1,0,0,0,0,0,0,1,0,0,0,0,0,5.63779192046176e-08
stock_841,4,0.963157894736842,0.0018801689147949,0.0003385543823242,1,0,0,0,1,0,0,0,0,0,0,0,1,0,0,0,0,0,0,1,0,0,0,0,0,1.248411587963055e-10
stock_841,1,0.963157894736842,0.0019054412841796,0.0003130435943603,1,0,0,0,1,0,0,0,0,0,0,0,1,0,0,0,0,0,0,1,0,0,0,0,0,1.5844668459532215e-11
stock_841,2,0.9526315789473684,0.0020985603332519,0.0005393028259277,0,1,0,1,0,0,0,0,0,0,0,0,1,0,0,0,0,0,0,1,0,0,0,0,0,2.1467425665921623e-09
stock_841,2,0.9526315789473684,0.0033698081970214,0.0003654956817626,0,1,1,0,0,0,0,0,0,0,0,0,1,0,0,0,0,0,0,1,0,0,0,0,0,2.632685929063516e-10
stock_841,2,0.9526315789473684,0.0019059181213378,0.0003333091735839,1,0,0,1,0,0,0,0,0,0,0,0,1,0,0,0,0,0,0,1,0,0,0,0,0,3.3016716480609387e-10
stock_841,2,0.9526315789473684,0.0018784999847412,0.000284194946289,1,0,1,0,0,0,0,0,0,0,0,0,1,0,0,0,0,0,0,1,0,0,0,0,0,2.137119210681202e-09
stock_841,2,0.9526315789473684,0.0019304752349853,0.0003106594085693,1,0,0,0,1,0,0,0,0,0,0,0,1,0,0,0,0,0,0,1,0,0,0,0,0,3.0644760913602947e-09
stock_841,2,0.9526315789473684,0.0021893978118896,0.0004215240478515,0,1,0,0,1,0,0,0,0,0,0,0,1,0,0,0,0,0,0,1,0,0,0,0,0,5.614199773354702e-10
stock_841,3,0.9315789473684212,0.0020174980163574,0.0003249645233154,0,1,0,1,0,0,0,0,0,0,0,0,1,0,0,0,0,0,0,1,0,0,0,0,0,1.0720053894581918e-09
stock_841,3,0.9315789473684212,0.0020382404327392,0.0003483295440673,1,0,0,0,1,0,0,0,0,0,0,0,1,0,0,0,0,0,0,1,0,0,0,0,0,9.397731375080687e-08
autoUniv-au7-1100_1552,1,0.4318181818181818,0.0014054775238037,0.0002486705780029,0,1,0,0,1,0,0,0,0,0,1,0,0,0,0,0,0,0,0,0,0,0,0,1,0,6.73894376256538e-08
autoUniv-au7-1100_1552,1,0.4318181818181818,0.0014338493347167,0.0002477169036865,1,0,0,0,1,0,0,0,0,0,1,0,0,0,0,0,0,0,0,0,0,0,0,1,0,6.7494485028519e-09
autoUniv-au7-1100_1552,1,0.4272727272727272,0.0024430751800537,0.000293493270874,1,0,0,0,1,0,0,0,0,0,0,1,0,0,0,0,0,0,0,0,1,0,0,0,0,4.4250492405846696e-11
autoUniv-au7-1100_1552,1,0.4272727272727272,0.0019657611846923,0.0003371238708496,0,1,0,0,1,0,0,0,0,0,0,1,0,0,0,0,0,0,0,0,1,0,0,0,0,2.753216324636262e-10
autoUniv-au7-1100_1552,1,0.4090909090909091,0.0019404888153076,0.0003049373626708,0,1,0,0,1,0,0,0,0,0,0,1,0,0,0,0,0,0,0,0,0,0,0,0,1,3.4068490891280865e-08
autoUniv-au7-1100_1552,1,0.4090909090909091,0.0017042160034179,0.0002853870391845,0,1,0,0,1,0,0,0,0,0,0,1,0,0,0,0,0,0,1,0,0,0,0,0,0,4.946108792843488e-10
autoUniv-au7-1100_1552,1,0.4090909090909091,0.0015938282012939,0.0002782344818115,0,1,0,0,1,0,0,0,0,0,0,1,0,0,0,0,0,0,0,0,0,0,0,1,0,6.62934464330376e-08
autoUniv-au7-1100_1552,1,0.4090909090909091,0.0014140605926513,0.0002446174621582,0,1,0,0,1,0,0,0,0,0,1,0,0,0,0,0,0,0,1,0,0,0,0,0,0,8.978569175700918e-10
autoUniv-au7-1100_1552,1,0.4090909090909091,0.0020129680633544,0.00030517578125,1,0,0,0,1,0,0,0,0,0,0,1,0,0,0,0,0,0,0,0,0,0,0,1,0,2.7994746346950355e-08
autoUniv-au7-1100_1552,1,0.4090909090909091,0.0014095306396484,0.0002427101135253,1,0,0,0,1,0,0,0,0,0,1,0,0,0,0,0,0,0,1,0,0,0,0,0,0,1.3852099362036124e-11
autoUniv-au7-1100_1552,1,0.4090909090909091,0.0019502639770507,0.0003054141998291,1,0,0,0,1,0,0,0,0,0,0,1,0,0,0,0,0,0,1,0,0,0,0,0,0,5.453242103623668e-10
autoUniv-au7-1100_1552,1,0.4090909090909091,0.0019352436065673,0.0003061294555664,1,0,0,0,1,0,0,0,0,0,0,1,0,0,0,0,0,0,0,0,0,0,0,0,1,6.324808825387557e-09
autoUniv-au7-1100_1552,1,0.4045454545454545,0.0014028549194335,0.0002427101135253,0,1,0,0,1,0,0,0,0,0,1,0,0,0,0,0,0,0,0,0,0,0,0,0,1,2.8461522576670854e-08
autoUniv-au7-1100_1552,1,0.4045454545454545,0.0030090808868408,0.001312255859375,0,1,0,0,1,0,0,0,0,0,0,1,0,0,0,0,0,0,0,1,0,0,0,0,0,2.744931880613392e-09
autoUniv-au7-1100_1552,1,0.4045454545454545,0.0015008449554443,0.000258445739746,1,0,0,1,0,1,0,0,0,0,0,0,0,0,0,0,0,0,0,0,1,0,0,0,0,4.9322843239575536e-11
autoUniv-au7-1100_1552,1,0.4045454545454545,0.0013654232025146,0.0002427101135253,1,0,0,0,1,0,0,0,0,0,1,0,0,0,0,0,0,0,0,0,0,0,0,0,1,3.49282366557088e-08
autoUniv-au7-1100_1552,2,0.4045454545454545,0.0017683506011962,0.0004644393920898,1,0,0,0,1,0,0,0,0,0,0,0,0,0,1,0,0,0,0,0,0,0,0,0,1,1.991831749576442e-09
autoUniv-au7-1100_1552,1,0.4045454545454545,0.0015788078308105,0.0003073215484619,1,0,0,0,1,0,0,0,0,0,0,1,0,0,0,0,0,0,0,0,0,0,1,0,0,2.7044112071965088e-11
autoUniv-au7-1100_1552,1,0.4045454545454545,0.0015249252319335,0.0002670288085937,0,1,0,1,0,1,0,0,0,0,0,0,0,0,0,0,0,0,0,0,1,0,0,0,0,7.167820311516405e-10
autoUniv-au7-1100_1552,2,0.4045454545454545,0.0018026828765869,0.0005760192871093,0,1,0,0,1,0,0,0,0,0,0,0,0,0,1,0,0,0,0,0,0,0,0,0,1,6.248468346363164e-09
robot-failures-lp4_1519,4,1.0,0.0011594295501708,0.0002243518829345,1,0,0,1,0,0,0,0,0,0,0,0,1,0,0,0,0,0,0,0,0,0,0,0,1,6.368878813804526e-10
robot-failures-lp4_1519,0,1.0,0.0009522438049316,0.0001888275146484,1,0,0,1,0,0,0,0,0,0,1,0,0,0,0,0,0,0,0,0,0,0,0,1,0,3.042008540843607e-08
robot-failures-lp4_1519,0,1.0,0.0010833740234375,0.0002319812774658,0,1,0,0,1,0,0,0,0,0,0,0,0,0,0,1,0,0,1,0,0,0,0,0,0,4.95196148547216e-10
robot-failures-lp4_1519,0,1.0,0.0008530616760253,0.0001823902130126,1,0,0,1,0,0,0,0,0,0,1,0,0,0,0,0,0,0,0,1,0,0,0,0,0,2.156804386550489e-09
robot-failures-lp4_1519,0,1.0,0.0008273124694824,0.0002040863037109,0,1,0,0,1,0,0,0,0,0,1,0,0,0,0,0,0,0,0,0,0,0,0,1,0,6.993293316028671e-11
robot-failures-lp4_1519,0,1.0,0.0008423328399658,0.0001959800720214,1,0,0,1,0,0,0,0,0,0,0,1,0,0,0,0,0,0,0,0,0,1,0,0,0,1.1239458812896458e-09
robot-failures-lp4_1519,0,1.0,0.000927448272705,0.0002167224884033,1,0,0,1,0,0,0,0,0,0,0,0,1,0,0,0,0,0,0,0,0,1,0,0,0,7.78805912168521e-11
robot-failures-lp4_1519,0,1.0,0.0010015964508056,0.0002205371856689,0,1,0,0,1,0,0,0,0,0,0,0,1,0,0,0,0,0,1,0,0,0,0,0,0,7.956985960790405e-11
robot-failures-lp4_1519,2,1.0,0.0010180473327636,0.0002171993255615,0,1,0,0,1,0,0,0,0,0,0,0,1,0,0,0,0,0,0,0,0,0,0,0,1,1.317073977027933e-10
robot-failures-lp4_1519,4,1.0,0.0009787082672119,0.0002532005310058,0,1,0,0,1,0,0,0,0,0,0,0,1,0,0,0,0,0,0,0,0,0,0,0,1,1.5024397659191002e-11
robot-failures-lp4_1519,0,1.0,0.0010037422180175,0.0002391338348388,0,1,0,0,1,0,0,0,0,0,0,0,1,0,0,0,0,0,0,0,0,0,0,0,1,4.5002699616235094e-11
robot-failures-lp4_1519,0,1.0,0.0009047985076904,0.000206708908081,0,1,0,0,1,0,0,0,0,0,1,0,0,0,0,0,0,0,0,0,0,0,0,0,1,4.982444862382102e-10
robot-failures-lp4_1519,0,1.0,0.0008344650268554,0.0001835823059082,1,0,0,0,1,0,0,0,0,0,1,0,0,0,0,0,0,0,0,1,0,0,0,0,0,3.343813099676803e-11
robot-failures-lp4_1519,4,1.0,0.0010530948638916,0.0002164840698242,1,0,0,0,1,0,0,0,0,0,0,0,1,0,0,0,0,0,0,0,0,0,0,0,1,3.416166283883519e-11
robot-failures-lp4_1519,0,1.0,0.0008606910705566,0.0001766681671142,1,0,0,0,1,0,0,0,0,0,1,0,0,0,0,0,0,0,0,0,0,0,0,0,1,7.442645155212024e-08
robot-failures-lp4_1519,0,1.0,0.00099778175354,0.0002186298370361,1,0,0,0,1,0,0,0,0,0,0,0,1,0,0,0,0,0,1,0,0,0,0,0,0,5.109629997325971e-10
robot-failures-lp4_1519,4,1.0,0.0010347366333007,0.0002434253692626,1,0,1,0,0,0,0,0,0,0,0,0,1,0,0,0,0,0,0,0,0,0,0,0,1,4.120318597346872e-10
robot-failures-lp4_1519,0,1.0,0.0009355545043945,0.0002150535583496,1,0,1,0,0,0,0,0,0,0,0,0,1,0,0,0,0,0,0,0,0,0,0,0,1,1.1774503940151936e-10
robot-failures-lp4_1519,2,1.0,0.0016274452209472,0.0003046989440917,1,0,1,0,0,0,0,0,0,0,0,0,1,0,0,0,0,0,0,0,0,0,0,0,1,1.1214725202959606e-09
robot-failures-lp4_1519,0,1.0,0.0009706020355224,0.0001807212829589,1,0,1,0,0,0,0,0,0,0,1,0,0,0,0,0,0,0,0,0,0,0,0,0,1,2.42247668909307e-09
Sick_numeric_41946,0,0.9668874172185432,0.0028619766235351,0.0004017353057861,1,0,0,1,0,0,0,0,0,0,0,0,0,0,0,0,1,0,0,0,0,0,0,1,0,4.706977126230911e-10
Sick_numeric_41946,0,0.9668874172185432,0.0029504299163818,0.0002517700195312,1,0,0,0,1,0,0,0,0,0,0,0,0,0,0,0,1,0,1,0,0,0,0,0,0,3.76040018883981e-10
Sick_numeric_41946,0,0.9668874172185432,0.0029222965240478,0.0002384185791015,0,1,0,1,0,0,0,0,0,0,0,0,0,0,0,0,1,0,0,0,0,0,0,0,1,6.334418234346693e-09
Sick_numeric_41946,0,0.9668874172185432,0.0021872520446777,0.0002486705780029,1,0,0,1,0,0,0,0,0,0,0,0,0,0,0,0,1,0,1,0,0,0,0,0,0,6.296610127301296e-08
Sick_numeric_41946,0,0.9668874172185432,0.0022196769714355,0.0002079010009765,0,1,1,0,0,0,0,0,0,0,0,0,0,0,0,0,1,0,0,0,0,0,0,1,0,3.245549849020609e-08
Sick_numeric_41946,0,0.9668874172185432,0.0021584033966064,0.0002081394195556,1,0,0,1,0,0,0,0,0,0,0,0,0,0,0,0,1,0,0,0,0,0,0,0,1,2.9818175574898306e-11
Sick_numeric_41946,0,0.9668874172185432,0.0020670890808105,0.0002038478851318,0,1,1,0,0,0,0,0,0,0,0,0,0,0,0,0,1,0,1,0,0,0,0,0,0,4.066630199461646e-09
Sick_numeric_41946,0,0.9668874172185432,0.0020694732666015,0.000321626663208,0,1,0,1,0,0,0,0,0,0,0,0,0,0,0,0,1,0,0,1,0,0,0,0,0,1.0670639553619695e-11
Sick_numeric_41946,0,0.9668874172185432,0.0029520988464355,0.0002403259277343,0,1,0,0,1,0,0,0,0,0,0,0,0,0,0,0,1,0,0,0,0,0,0,1,0,3.406960586122245e-09
Sick_numeric_41946,0,0.9668874172185432,0.0029695034027099,0.0002365112304687,1,0,1,0,0,0,0,0,0,0,0,0,0,0,0,0,1,0,1,0,0,0,0,0,0,7.201357241013012e-10
Sick_numeric_41946,0,0.9668874172185432,0.0021016597747802,0.0002334117889404,0,1,0,1,0,0,0,0,0,0,0,0,0,0,0,0,1,0,1,0,0,0,0,0,0,9.214084895414483e-10
Sick_numeric_41946,0,0.9668874172185432,0.0033504962921142,0.0003302097320556,1,0,0,0,1,0,0,0,0,0,0,0,0,0,0,0,1,0,0,0,0,0,0,0,1,2.2495851237454722e-09
Sick_numeric_41946,0,0.9668874172185432,0.0032997131347656,0.0003039836883544,0,1,1,0,0,0,0,0,0,0,0,0,0,0,0,0,1,0,0,1,0,0,0,0,0,9.345908507634798e-09
Sick_numeric_41946,0,0.9668874172185432,0.0029551982879638,0.0002319812774658,1,0,0,0,1,0,0,0,0,0,0,0,0,0,0,0,1,0,0,1,0,0,0,0,0,8.276204448774104e-09
Sick_numeric_41946,0,0.9668874172185432,0.0030033588409423,0.0002338886260986,0,1,0,0,1,0,0,0,0,0,0,0,0,0,0,0,1,0,0,0,0,0,0,0,1,1.506316128393164e-11
Sick_numeric_41946,0,0.9668874172185432,0.0030274391174316,0.0002751350402832,0,1,0,1,0,0,0,0,0,0,0,0,0,0,0,0,1,0,0,0,0,0,0,1,0,8.830342427704028e-09
Sick_numeric_41946,0,0.9668874172185432,0.0021195411682128,0.0002040863037109,0,1,0,0,1,0,0,0,0,0,0,0,0,0,0,0,1,0,1,0,0,0,0,0,0,2.0857580224063093e-08
Sick_numeric_41946,0,0.9668874172185432,0.0032007694244384,0.0003018379211425,1,0,1,0,0,0,0,0,0,0,0,0,0,0,0,0,1,0,0,0,0,0,0,1,0,1.873658759343421e-11
Sick_numeric_41946,0,0.9668874172185432,0.0028748512268066,0.0002312660217285,0,1,1,0,0,0,0,0,0,0,0,0,0,0,0,0,1,0,0,0,0,0,0,0,1,1.9578814997709287e-10
Sick_numeric_41946,0,0.9668874172185432,0.0029563903808593,0.0003135204315185,1,0,0,1,0,0,0,0,0,0,0,0,0,0,0,0,1,0,0,1,0,0,0,0,0,1.4731816727210596e-08
steel-plates-fault_40982,4,0.6958762886597938,0.0022969245910644,0.0006854534149169,0,1,0,0,1,0,0,0,0,0,0,0,0,1,0,0,0,0,0,0,0,0,1,0,0,9.384848427106176e-10
steel-plates-fault_40982,4,0.6958762886597938,0.0033817291259765,0.0006492137908935,0,1,0,0,1,0,0,0,0,1,0,0,0,0,0,0,0,0,0,0,0,0,1,0,0,6.019553452223412e-09
steel-plates-fault_40982,4,0.6958762886597938,0.0029914379119873,0.0005898475646972,0,1,0,1,0,0,0,0,0,1,0,0,0,0,0,0,0,0,0,0,0,0,1,0,0,1.021558473292999e-09
steel-plates-fault_40982,4,0.6958762886597938,0.0022234916687011,0.0005273818969726,1,0,1,0,0,0,0,0,0,0,0,0,0,1,0,0,0,0,0,0,0,0,1,0,0,8.182571317886489e-08
steel-plates-fault_40982,4,0.6958762886597938,0.0022981166839599,0.0005419254302978,0,1,0,1,0,0,0,0,0,0,0,0,0,1,0,0,0,0,0,0,0,0,1,0,0,5.556128629063092e-08
steel-plates-fault_40982,4,0.6958762886597938,0.0031142234802246,0.0007178783416748,1,0,1,0,0,0,0,0,0,1,0,0,0,0,0,0,0,0,0,0,0,0,1,0,0,1.3322353942621043e-10
steel-plates-fault_40982,4,0.6958762886597938,0.0022611618041992,0.0005149841308593,0,1,1,0,0,0,0,0,0,0,0,0,0,1,0,0,0,0,0,0,0,0,1,0,0,3.495741312037528e-10
steel-plates-fault_40982,4,0.6958762886597938,0.0032463073730468,0.0006546974182128,1,0,0,1,0,0,0,0,0,1,0,0,0,0,0,0,0,0,0,0,0,0,1,0,0,5.313540453574058e-10
steel-plates-fault_40982,4,0.6958762886597938,0.0022077560424804,0.0005273818969726,1,0,0,1,0,0,0,0,0,0,0,0,0,1,0,0,0,0,0,0,0,0,1,0,0,2.611062886504714e-11
steel-plates-fault_40982,4,0.6958762886597938,0.0023036003112792,0.0005218982696533,1,0,0,0,1,0,0,0,0,0,0,0,0,1,0,0,0,0,0,0,0,0,1,0,0,4.1333272143965205e-10
steel-plates-fault_40982,4,0.6958762886597938,0.003242015838623,0.0006520748138427,1,0,0,0,1,0,0,0,0,1,0,0,0,0,0,0,0,0,0,0,0,0,1,0,0,1.2571621144585682e-08
steel-plates-fault_40982,4,0.6958762886597938,0.0031721591949462,0.0006420612335205,0,1,1,0,0,0,0,0,0,1,0,0,0,0,0,0,0,0,0,0,0,0,1,0,0,2.4410974991836192e-08
steel-plates-fault_40982,4,0.6804123711340206,0.0037236213684082,0.0011546611785888,1,0,0,1,0,0,0,0,0,0,0,0,0,0,0,1,0,0,0,0,0,0,1,0,0,3.5037329851754594e-08
steel-plates-fault_40982,4,0.6804123711340206,0.0038709640502929,0.0011191368103027,1,0,0,0,1,0,0,0,0,0,0,0,0,0,0,1,0,0,0,0,0,0,1,0,0,1.1434995569787325e-11
steel-plates-fault_40982,4,0.6804123711340206,0.0040240287780761,0.0012357234954833,0,1,0,1,0,0,0,0,0,0,0,0,0,0,0,1,0,0,0,0,0,0,1,0,0,1.4296316524054741e-08
steel-plates-fault_40982,4,0.6804123711340206,0.0042476654052734,0.0012955665588378,0,1,0,0,1,0,0,0,0,0,0,0,0,0,0,1,0,0,0,0,0,0,1,0,0,1.0244971107115843e-09
steel-plates-fault_40982,4,0.6804123711340206,0.0037667751312255,0.0011806488037109,0,1,1,0,0,0,0,0,0,0,0,0,0,0,0,1,0,0,0,0,0,0,1,0,0,6.677848766020371e-11
steel-plates-fault_40982,4,0.6804123711340206,0.0037248134613037,0.0011277198791503,1,0,1,0,0,0,0,0,0,0,0,0,0,0,0,1,0,0,0,0,0,0,1,0,0,9.885077761079663e-10
steel-plates-fault_40982,1,0.6778350515463918,0.0030345916748046,0.0006189346313476,0,1,1,0,0,0,0,0,0,1,0,0,0,0,0,0,0,0,0,0,0,0,1,0,0,2.382549140080082e-08
steel-plates-fault_40982,1,0.6778350515463918,0.0031793117523193,0.0006158351898193,1,0,1,0,0,0,0,0,0,1,0,0,0,0,0,0,0,0,0,0,0,0,1,0,0,5.457546830761842e-10
analcatdata_supreme_728,2,0.9901234567901236,0.0022258758544921,0.0001652240753173,0,1,0,1,0,0,0,0,0,0,1,0,0,0,0,0,0,0,1,0,0,0,0,0,0,9.158921197304637e-08
analcatdata_supreme_728,2,0.9901234567901236,0.0025045871734619,0.0001864433288574,1,0,1,0,0,0,0,0,0,0,1,0,0,0,0,0,0,0,1,0,0,0,0,0,0,2.929090152016574e-09
analcatdata_supreme_728,2,0.9901234567901236,0.0035979747772216,0.0002374649047851,0,1,0,0,1,0,0,0,0,0,0,0,0,0,0,0,0,1,0,1,0,0,0,0,0,9.10027835636176e-10
analcatdata_supreme_728,2,0.9901234567901236,0.0036633014678955,0.0002679824829101,0,1,1,0,0,0,0,0,0,0,0,0,0,0,0,0,0,1,0,1,0,0,0,0,0,1.5120192191090786e-10
analcatdata_supreme_728,2,0.9901234567901236,0.0022847652435302,0.0001609325408935,1,0,0,0,1,0,0,0,0,0,1,0,0,0,0,0,0,0,1,0,0,0,0,0,0,1.1071443562901024e-11
analcatdata_supreme_728,2,0.9901234567901236,0.0036675930023193,0.0002405643463134,1,0,0,0,1,0,0,0,0,0,0,0,0,0,0,0,0,1,0,1,0,0,0,0,0,2.768174264692012e-09
analcatdata_supreme_728,2,0.9901234567901236,0.0024726390838623,0.0001740455627441,0,1,0,0,1,0,0,0,0,0,1,0,0,0,0,0,0,0,1,0,0,0,0,0,0,2.041654195167028e-09
analcatdata_supreme_728,2,0.9901234567901236,0.0037031173706054,0.000241994857788,1,0,0,1,0,0,0,0,0,0,0,0,0,0,0,0,0,1,0,1,0,0,0,0,0,1.1675014293313892e-09
analcatdata_supreme_728,2,0.9901234567901236,0.0022542476654052,0.0001604557037353,1,0,0,1,0,0,0,0,0,0,1,0,0,0,0,0,0,0,1,0,0,0,0,0,0,1.4151999870078394e-09
analcatdata_supreme_728,2,0.9901234567901236,0.0024373531341552,0.0001726150512695,0,1,1,0,0,0,0,0,0,0,1,0,0,0,0,0,0,0,1,0,0,0,0,0,0,2.3664072356477352e-08
analcatdata_supreme_728,2,0.9901234567901236,0.0053293704986572,0.0002522468566894,0,1,0,1,0,0,0,0,0,0,0,0,0,0,0,0,0,1,0,1,0,0,0,0,0,1.851312351122312e-10
analcatdata_supreme_728,2,0.9901234567901236,0.0036187171936035,0.0002462863922119,1,0,1,0,0,0,0,0,0,0,0,0,0,0,0,0,0,1,0,1,0,0,0,0,0,1.5886044545347603e-09
analcatdata_supreme_728,0,0.9876695437731196,0.0038425922393798,0.0002415180206298,1,0,0,1,0,0,0,0,0,0,0,0,0,0,0,0,0,1,0,1,0,0,0,0,0,5.245543627512842e-09
analcatdata_supreme_728,0,0.9876695437731196,0.0037572383880615,0.0002431869506835,0,1,1,0,0,0,0,0,0,0,0,0,0,0,0,0,0,1,0,1,0,0,0,0,0,6.906781351241843e-11
analcatdata_supreme_728,0,0.9876695437731196,0.005143404006958,0.0002570152282714,0,1,0,1,0,0,0,0,0,0,0,0,0,0,0,0,0,1,0,1,0,0,0,0,0,5.003543273779909e-08
analcatdata_supreme_728,0,0.9876695437731196,0.0035681724548339,0.000274658203125,1,0,0,0,1,0,0,0,0,0,0,0,0,0,0,0,0,1,0,1,0,0,0,0,0,8.881577281574021e-09
analcatdata_supreme_728,0,0.9876695437731196,0.0036628246307373,0.0002689361572265,1,0,1,0,0,0,0,0,0,0,0,0,0,0,0,0,0,1,0,1,0,0,0,0,0,1.6337349528099843e-11
analcatdata_supreme_728,0,0.9876695437731196,0.0035822391510009,0.0002427101135253,0,1,0,0,1,0,0,0,0,0,0,0,0,0,0,0,0,1,0,1,0,0,0,0,0,2.8868671041185253e-08
analcatdata_supreme_728,3,0.9876543209876544,0.002774953842163,0.0002219676971435,0,1,0,1,0,0,0,0,0,0,0,0,0,0,0,0,0,1,0,1,0,0,0,0,0,5.241801628767814e-08
analcatdata_supreme_728,3,0.9876543209876544,0.0027272701263427,0.0002107620239257,1,0,0,0,1,0,0,0,0,0,0,0,0,0,0,0,0,1,0,1,0,0,0,0,0,1.4951342590595614e-08
analcatdata_broadwaymult_452,0,0.6140350877192983,0.0010225772857666,0.000331163406372,0,1,0,0,1,0,0,0,0,0,0,0,0,0,1,0,0,0,0,0,0,0,0,1,0,5.068721233065325e-10
analcatdata_broadwaymult_452,0,0.5964912280701754,0.0017652511596679,0.0005066394805908,0,1,0,0,1,0,0,0,0,0,1,0,0,0,0,0,0,0,0,1,0,0,0,0,0,9.495276129865157e-08
analcatdata_broadwaymult_452,0,0.5789473684210527,0.0010039806365966,0.0003094673156738,0,1,0,0,1,0,0,0,0,0,0,0,0,0,1,0,0,0,0,0,0,0,0,0,1,3.1458904689819195e-11
analcatdata_broadwaymult_452,0,0.5789473684210527,0.0010344982147216,0.0003225803375244,0,1,0,0,1,0,0,0,0,0,0,0,0,0,1,0,0,0,0,0,0,1,0,0,0,1.400952354361075e-09
analcatdata_broadwaymult_452,0,0.5789473684210527,0.0014710426330566,0.0003237724304199,0,1,0,0,1,0,1,0,0,0,0,0,0,0,0,0,0,0,0,0,0,0,1,0,0,4.8035599619610296e-11
analcatdata_broadwaymult_452,0,0.5614035087719298,0.0010650157928466,0.0003001689910888,0,1,0,0,1,0,1,0,0,0,0,0,0,0,0,0,0,0,1,0,0,0,0,0,0,5.719989234101791e-10
analcatdata_broadwaymult_452,0,0.5614035087719298,0.001023530960083,0.0002706050872802,0,1,0,0,1,0,1,0,0,0,0,0,0,0,0,0,0,0,0,0,0,1,0,0,0,5.1250396126054126e-08
analcatdata_broadwaymult_452,0,0.5614035087719298,0.001112937927246,0.0002987384796142,0,1,0,0,1,0,1,0,0,0,0,0,0,0,0,0,0,0,0,0,0,0,0,0,1,1.503296040576749e-08
analcatdata_broadwaymult_452,0,0.5614035087719298,0.0009946823120117,0.0002768039703369,0,1,0,0,1,0,1,0,0,0,0,0,0,0,0,0,0,0,0,1,0,0,0,0,0,1.3437787409623792e-08
analcatdata_broadwaymult_452,0,0.543859649122807,0.0009639263153076,0.0002632141113281,0,1,0,0,1,0,0,0,0,0,1,0,0,0,0,0,0,0,0,0,0,1,0,0,0,2.602646614559395e-10
analcatdata_broadwaymult_452,0,0.543859649122807,0.0009469985961914,0.0002648830413818,0,1,0,0,1,0,0,0,0,0,1,0,0,0,0,0,0,0,0,0,0,0,0,0,1,5.458592947699587e-08
analcatdata_broadwaymult_452,0,0.543859649122807,0.0009984970092773,0.0002636909484863,0,1,0,0,1,0,0,0,0,0,1,0,0,0,0,0,0,0,0,0,0,0,0,1,0,2.9719652194059304e-10
analcatdata_broadwaymult_452,0,0.5263157894736842,0.0011413097381591,0.0003652572631835,0,1,0,0,1,0,0,0,0,0,0,1,0,0,0,0,0,0,0,0,1,0,0,0,0,1.4450861639501969e-11
analcatdata_broadwaymult_452,0,0.5263157894736842,0.0011482238769531,0.000354528427124,0,1,0,0,1,0,0,0,0,0,0,1,0,0,0,0,0,0,0,0,0,0,0,1,0,3.557992676611224e-09
analcatdata_broadwaymult_452,0,0.5263157894736842,0.0012450218200683,0.0003128051757812,0,1,0,0,1,0,1,0,0,0,0,0,0,0,0,0,0,0,0,0,0,0,0,1,0,2.8222174064062355e-10
analcatdata_broadwaymult_452,0,0.5263157894736842,0.0012261867523193,0.0002887248992919,0,1,0,0,1,0,0,0,0,0,0,1,0,0,0,0,0,0,1,0,0,0,0,0,0,4.120022169498105e-11
analcatdata_broadwaymult_452,0,0.5263157894736842,0.0024137496948242,0.0011658668518066,0,1,0,0,1,0,0,0,0,0,0,1,0,0,0,0,0,0,0,1,0,0,0,0,0,5.4781289158759235e-08
analcatdata_broadwaymult_452,0,0.5263157894736842,0.0012001991271972,0.0003800392150878,0,1,0,0,1,0,0,0,0,0,0,1,0,0,0,0,0,0,0,0,0,0,0,0,1,3.539632191165055e-09
analcatdata_broadwaymult_452,0,0.5087719298245614,0.0010261535644531,0.0002665519714355,0,1,0,0,1,1,0,0,0,0,0,0,0,0,0,0,0,0,0,0,1,0,0,0,0,5.7825414967145286e-08
analcatdata_broadwaymult_452,0,0.5087719298245614,0.0010113716125488,0.0002727508544921,0,1,0,0,1,0,0,0,0,0,1,0,0,0,0,0,0,0,0,0,1,0,0,0,0,2.147408803345906e-09
students_scores_43097,1,0.935,0.0012500286102294,0.0002021789550781,1,0,0,1,0,0,0,0,0,0,0,0,0,1,0,0,0,0,0,1,0,0,0,0,0,1.800755038084277e-11
students_scores_43097,1,0.935,0.0011982917785644,0.0001904964447021,0,1,0,1,0,0,0,0,0,0,0,0,0,1,0,0,0,0,0,1,0,0,0,0,0,1.31753467804582e-11
students_scores_43097,1,0.935,0.0017189979553222,0.0002460479736328,1,0,0,1,0,0,0,0,0,1,0,0,0,0,0,0,0,0,0,1,0,0,0,0,0,4.001711174487864e-08
students_scores_43097,1,0.935,0.0018141269683837,0.0002224445343017,0,1,0,1,0,0,0,0,0,1,0,0,0,0,0,0,0,0,0,1,0,0,0,0,0,1.4286036241036084e-11
students_scores_43097,1,0.92,0.0015439987182617,0.0002074241638183,0,1,0,0,1,0,0,0,0,1,0,0,0,0,0,0,0,0,0,1,0,0,0,0,0,2.8887049706911356e-09
students_scores_43097,1,0.92,0.0011684894561767,0.0001676082611083,1,0,0,0,1,0,1,0,0,0,0,0,0,0,0,0,0,0,0,0,0,0,0,0,1,1.555618967336605e-10
students_scores_43097,1,0.92,0.0015897750854492,0.000216007232666,1,0,0,0,1,0,0,0,0,1,0,0,0,0,0,0,0,0,0,1,0,0,0,0,0,5.6316098052083875e-09
students_scores_43097,4,0.92,0.0017831325531005,0.0002186298370361,0,1,0,1,0,0,0,0,0,1,0,0,0,0,0,0,0,0,0,0,0,0,0,0,1,1.3768597834841009e-10
students_scores_43097,1,0.92,0.0010623931884765,0.0001595020294189,0,1,0,0,1,0,0,0,0,0,1,0,0,0,0,0,0,0,0,0,1,0,0,0,0,1.4089276163258471e-11
students_scores_43097,4,0.92,0.0032734870910644,0.0002570152282714,1,0,0,1,0,0,0,0,0,1,0,0,0,0,0,0,0,0,0,0,0,0,0,0,1,8.38212033220437e-09
students_scores_43097,1,0.92,0.0011408329010009,0.0001745223999023,0,1,0,0,1,0,0,0,0,0,0,0,0,1,0,0,0,0,0,1,0,0,0,0,0,1.7523083121312124e-10
students_scores_43097,1,0.92,0.0010678768157958,0.0001575946807861,1,0,0,0,1,0,0,0,0,0,1,0,0,0,0,0,0,0,0,0,1,0,0,0,0,1.5965984710410391e-09
students_scores_43097,4,0.92,0.0017611980438232,0.0002171993255615,1,0,0,1,0,0,0,0,0,1,0,0,0,0,0,0,0,0,0,0,0,1,0,0,0,1.2458428949051288e-08
students_scores_43097,4,0.92,0.0012099742889404,0.0001811981201171,1,0,0,1,0,0,0,0,0,0,0,0,0,1,0,0,0,0,0,0,0,1,0,0,0,6.4757967177104515e-09
students_scores_43097,1,0.92,0.0011935234069824,0.0001811981201171,0,1,0,0,1,0,1,0,0,0,0,0,0,0,0,0,0,0,0,0,0,1,0,0,0,2.4790450605073817e-10
students_scores_43097,1,0.92,0.0012128353118896,0.0001776218414306,0,1,0,0,1,0,1,0,0,0,0,0,0,0,0,0,0,0,0,0,0,0,0,0,1,9.801818059283674e-09
students_scores_43097,1,0.92,0.0012617111206054,0.0001819133758544,1,0,0,0,1,0,0,0,0,0,0,0,0,1,0,0,0,0,0,1,0,0,0,0,0,5.0434071302486477e-08
students_scores_43097,4,0.92,0.0011794567108154,0.0001816749572753,0,1,0,1,0,0,0,0,0,0,0,0,0,1,0,0,0,0,0,0,0,0,0,0,1,2.753584257347615e-09
students_scores_43097,4,0.92,0.0016252994537353,0.0002157688140869,0,1,0,1,0,0,0,0,0,1,0,0,0,0,0,0,0,0,0,0,0,1,0,0,0,6.516647693634378e-09
students_scores_43097,4,0.92,0.001591682434082,0.0002663135528564,0,1,0,1,0,0,0,0,0,0,0,0,0,1,0,0,0,0,0,0,0,1,0,0,0,2.9082555042292028e-08
KungChi3_1441,4,1.0,0.0007128715515136,0.0001425743103027,1,0,1,0,0,0,0,0,1,0,0,0,0,0,0,0,0,0,0,0,0,0,1,0,0,2.3689858414700796e-08
KungChi3_1441,4,1.0,0.0007603168487548,0.0001740455627441,0,1,0,0,1,0,0,0,0,0,0,0,0,0,0,0,1,0,0,0,1,0,0,0,0,2.5492082184573217e-10
KungChi3_1441,4,1.0,0.0007908344268798,0.0001454353332519,0,1,0,0,1,0,0,0,1,0,0,0,0,0,0,0,0,0,0,1,0,0,0,0,0,9.264081927377336e-08
KungChi3_1441,4,1.0,0.0008270740509033,0.0002000331878662,0,1,0,0,1,0,0,0,0,0,0,0,0,0,0,1,0,0,0,0,0,0,0,0,1,1.300960169153216e-11
KungChi3_1441,4,1.0,0.0007300376892089,0.0001404285430908,0,1,1,0,0,0,0,0,1,0,0,0,0,0,0,0,0,0,0,0,0,0,0,0,1,8.847697932970312e-08
KungChi3_1441,4,1.0,0.0008106231689453,0.0001475811004638,0,1,0,1,0,0,0,1,0,0,0,0,0,0,0,0,0,0,0,0,0,0,0,1,0,9.638035764785132e-11
KungChi3_1441,4,1.0,0.0006928443908691,0.0001406669616699,0,1,1,0,0,0,0,0,1,0,0,0,0,0,0,0,0,0,1,0,0,0,0,0,0,5.777609721322707e-10
KungChi3_1441,4,1.0,0.0008671283721923,0.0001468658447265,1,0,1,0,0,0,0,0,1,0,0,0,0,0,0,0,0,0,1,0,0,0,0,0,0,3.4257443592377725e-08
KungChi3_1441,4,1.0,0.0007843971252441,0.0001435279846191,0,1,0,0,1,0,0,0,1,0,0,0,0,0,0,0,0,0,0,0,0,0,0,0,1,9.491073881826515e-11
KungChi3_1441,4,1.0,0.0007460117340087,0.0001392364501953,1,0,0,0,1,0,0,0,1,0,0,0,0,0,0,0,0,0,0,0,0,1,0,0,0,7.927322751947846e-11
KungChi3_1441,4,1.0,0.0007357597351074,0.0001523494720458,0,1,1,0,0,0,0,0,0,0,0,0,0,0,0,0,1,0,0,0,1,0,0,0,0,3.736242435403194e-09
KungChi3_1441,4,1.0,0.0007915496826171,0.0001440048217773,0,1,0,0,1,0,0,0,1,0,0,0,0,0,0,0,0,0,0,0,1,0,0,0,0,6.6344068744298206e-09
KungChi3_1441,4,1.0,0.0007054805755615,0.0001459121704101,0,1,0,1,0,0,0,0,1,0,0,0,0,0,0,0,0,0,0,0,0,0,1,0,0,1.0712300249872227e-11
KungChi3_1441,4,1.0,0.0008549690246582,0.0001561641693115,0,1,0,0,1,0,0,0,1,0,0,0,0,0,0,0,0,0,0,0,0,0,0,1,0,6.335442357861462e-10
KungChi3_1441,4,1.0,0.0007581710815429,0.0001413822174072,0,1,0,1,0,0,0,0,1,0,0,0,0,0,0,0,0,0,0,1,0,0,0,0,0,9.045569431685123e-10
KungChi3_1441,4,1.0,0.0007236003875732,0.0001564025878906,1,0,0,1,0,0,0,0,1,0,0,0,0,0,0,0,0,0,0,0,0,1,0,0,0,1.2227588051668812e-10
KungChi3_1441,4,1.0,0.0007402896881103,0.0001699924468994,1,0,1,0,0,0,0,0,1,0,0,0,0,0,0,0,0,0,0,1,0,0,0,0,0,1.5291104577875707e-09
KungChi3_1441,4,1.0,0.0007996559143066,0.0001440048217773,0,1,0,0,1,0,0,0,1,0,0,0,0,0,0,0,0,0,0,0,0,0,1,0,0,4.15250747293028e-11
KungChi3_1441,4,1.0,0.0007951259613037,0.0001864433288574,0,1,1,0,0,0,0,0,0,0,0,0,0,0,0,1,0,0,0,0,0,0,0,0,1,1.9698048727109475e-10
KungChi3_1441,4,1.0,0.000784158706665,0.0001473426818847,1,0,0,1,0,0,0,0,0,0,0,0,0,0,0,0,1,0,0,0,1,0,0,0,0,7.127823452519471e-09
autoUniv-au7-700_1553,2,0.5214285714285715,0.0011913776397705,0.0002009868621826,1,0,0,1,0,0,0,0,0,0,1,0,0,0,0,0,0,0,0,0,0,0,0,1,0,3.1271315518080834e-08
autoUniv-au7-700_1553,2,0.5214285714285715,0.0010676383972167,0.000192642211914,0,1,0,1,0,0,0,0,0,0,1,0,0,0,0,0,0,0,0,0,0,0,0,1,0,2.2778013544129343e-09
autoUniv-au7-700_1553,2,0.5,0.001572847366333,0.0003120899200439,1,0,0,0,1,0,0,0,0,0,0,0,0,0,1,0,0,0,0,0,0,0,1,0,0,1.9924074517875868e-11
autoUniv-au7-700_1553,2,0.5,0.0013678073883056,0.0002901554107666,1,0,0,0,1,0,0,0,0,0,0,0,0,0,1,0,0,0,0,0,0,0,0,1,0,5.1878030369961285e-09
autoUniv-au7-700_1553,2,0.5,0.0013635158538818,0.0002758502960205,0,1,0,0,1,0,0,0,0,0,0,0,0,0,1,0,0,0,0,0,0,0,0,1,0,3.8939581849185945e-08
autoUniv-au7-700_1553,2,0.5,0.0013718605041503,0.0002908706665039,0,1,0,0,1,0,0,0,0,0,0,0,0,0,1,0,0,0,0,0,0,0,1,0,0,1.040533751794491e-09
autoUniv-au7-700_1553,3,0.4857142857142857,0.0011265277862548,0.000195026397705,0,1,0,1,0,0,0,0,0,0,1,0,0,0,0,0,0,0,0,0,0,0,1,0,0,9.435563993082926e-10
autoUniv-au7-700_1553,3,0.4857142857142857,0.0010995864868164,0.0001981258392333,1,0,0,1,0,0,0,0,0,0,1,0,0,0,0,0,0,0,1,0,0,0,0,0,0,9.239624415669969e-08
autoUniv-au7-700_1553,2,0.4857142857142857,0.0019378662109375,0.0003674030303955,1,0,0,0,1,0,0,0,0,0,0,0,1,0,0,0,0,0,0,0,0,0,0,1,0,3.509062877089592e-09
autoUniv-au7-700_1553,3,0.4857142857142857,0.0011656284332275,0.0001904964447021,0,1,0,0,1,0,0,0,0,0,0,0,0,0,0,0,1,0,0,0,0,0,1,0,0,1.675388795424354e-08
autoUniv-au7-700_1553,3,0.4857142857142857,0.0010643005371093,0.0001873970031738,1,0,0,1,0,0,0,0,0,0,1,0,0,0,0,0,0,0,0,0,0,0,1,0,0,3.854552285698194e-09
autoUniv-au7-700_1553,3,0.4857142857142857,0.0011420249938964,0.0001850128173828,1,0,0,1,0,0,0,0,0,0,0,0,0,0,0,0,1,0,0,0,0,0,1,0,0,7.650023094803286e-11
autoUniv-au7-700_1553,2,0.4857142857142857,0.0018596649169921,0.000394582748413,0,1,0,0,1,0,0,0,0,0,0,0,1,0,0,0,0,0,0,0,0,0,0,1,0,1.3687140834881568e-10
autoUniv-au7-700_1553,3,0.4857142857142857,0.001164436340332,0.0001857280731201,1,0,0,0,1,0,0,0,0,0,0,0,0,0,0,0,1,0,0,0,0,0,1,0,0,4.600690678271259e-09
autoUniv-au7-700_1553,3,0.4857142857142857,0.0011940002441406,0.0001933574676513,0,1,0,1,0,0,0,0,0,0,1,0,0,0,0,0,0,0,1,0,0,0,0,0,0,6.672437589086731e-10
autoUniv-au7-700_1553,0,0.4857142857142857,0.002007246017456,0.0003647804260253,0,1,0,1,0,0,0,0,0,0,0,0,1,0,0,0,0,0,0,0,0,0,0,0,1,4.1437272450778734e-10
autoUniv-au7-700_1553,2,0.4857142857142857,0.0014336109161376,0.0002908706665039,0,1,0,0,1,0,0,0,0,0,0,0,0,0,1,0,0,0,1,0,0,0,0,0,0,1.2297244656931303e-11
autoUniv-au7-700_1553,2,0.4857142857142857,0.0013298988342285,0.0002875328063964,1,0,0,0,1,0,0,0,0,0,0,0,0,0,1,0,0,0,0,0,0,0,0,0,1,3.4472776969286114e-08
autoUniv-au7-700_1553,2,0.4857142857142857,0.0013496875762939,0.0002851486206054,1,0,0,0,1,0,0,0,0,0,0,0,0,0,1,0,0,0,1,0,0,0,0,0,0,3.4513671353871954e-08
autoUniv-au7-700_1553,3,0.4857142857142857,0.0011322498321533,0.000187873840332,0,1,0,1,0,0,0,0,0,0,0,0,0,0,0,0,1,0,0,0,0,0,1,0,0,6.980467330824845e-10
pm10_750,4,0.66,0.0014009475708007,0.0002412796020507,0,1,1,0,0,0,0,0,0,0,0,0,1,0,0,0,0,0,0,0,0,0,0,1,0,6.352677880313416e-09
pm10_750,4,0.66,0.00154709815979,0.0002570152282714,0,1,0,1,0,0,0,0,0,0,0,0,1,0,0,0,0,0,0,0,0,0,0,1,0,5.143721129157719e-11
pm10_750,0,0.66,0.0014271736145019,0.0002498626708984,1,0,1,0,0,0,0,0,0,0,0,0,1,0,0,0,0,0,0,0,0,0,1,0,0,1.0357241393101502e-09
pm10_750,4,0.66,0.0014166831970214,0.0002546310424804,1,0,0,1,0,0,0,0,0,0,0,0,1,0,0,0,0,0,0,0,0,0,0,1,0,5.694591395961711e-10
pm10_750,0,0.66,0.001497745513916,0.0002636909484863,1,0,0,0,1,0,0,0,0,0,0,0,1,0,0,0,0,0,0,0,0,0,1,0,0,4.2311096787052776e-09
pm10_750,4,0.66,0.0015506744384765,0.0002472400665283,1,0,1,0,0,0,0,0,0,0,0,0,1,0,0,0,0,0,0,0,0,0,0,1,0,7.56107602072836e-10
pm10_750,4,0.66,0.0015180110931396,0.0003013610839843,0,1,0,0,1,0,0,0,0,0,0,0,1,0,0,0,0,0,0,0,0,0,0,1,0,9.856826920145916e-10
pm10_750,0,0.66,0.0015959739685058,0.0002627372741699,0,1,1,0,0,0,0,0,0,0,0,0,1,0,0,0,0,0,0,0,0,0,1,0,0,1.5235258523213067e-10
pm10_750,0,0.66,0.0014083385467529,0.0002739429473876,0,1,0,0,1,0,0,0,0,0,0,0,1,0,0,0,0,0,0,0,0,0,1,0,0,1.5620418786517056e-11
pm10_750,4,0.66,0.0015947818756103,0.0002741813659667,1,0,0,0,1,0,0,0,0,0,0,0,1,0,0,0,0,0,0,0,0,0,0,1,0,4.6569656661034507e-08
pm10_750,0,0.66,0.0015079975128173,0.000262975692749,0,1,0,1,0,0,0,0,0,0,0,0,1,0,0,0,0,0,0,0,0,0,1,0,0,1.119248430439109e-11
pm10_750,0,0.66,0.0013978481292724,0.0002417564392089,1,0,0,1,0,0,0,0,0,0,0,0,1,0,0,0,0,0,0,0,0,0,1,0,0,1.3344358910189798e-10
pm10_750,0,0.65,0.0014562606811523,0.0002543926239013,0,1,0,0,1,0,0,0,0,0,0,0,0,0,0,1,0,0,0,0,0,0,1,0,0,6.17224460541034e-10
pm10_750,0,0.65,0.0015609264373779,0.0002496242523193,1,0,1,0,0,0,0,0,0,0,0,0,0,0,0,1,0,0,0,0,0,0,1,0,0,1.8895979850700227e-10
pm10_750,0,0.65,0.0014247894287109,0.0002577304840087,1,0,0,0,1,0,0,0,0,0,0,0,0,0,0,1,0,0,0,0,0,0,1,0,0,1.613137845655901e-09
pm10_750,0,0.65,0.0016038417816162,0.0002593994140625,0,1,1,0,0,0,0,0,0,0,0,0,0,0,0,1,0,0,0,0,0,0,1,0,0,7.021858291251031e-10
pm10_750,0,0.65,0.0015912055969238,0.0002591609954833,0,1,0,1,0,0,0,0,0,0,0,0,0,0,0,1,0,0,0,0,0,0,1,0,0,1.0517316500383372e-10
pm10_750,0,0.65,0.00152587890625,0.0002603530883789,1,0,0,1,0,0,0,0,0,0,0,0,0,0,0,1,0,0,0,0,0,0,1,0,0,2.2494716473140143e-11
pm10_750,4,0.63,0.0009436607360839,0.0001764297485351,1,0,0,0,1,0,0,0,0,0,0,0,0,0,1,0,0,0,1,0,0,0,0,0,0,3.549286705363806e-11
pm10_750,4,0.63,0.0009732246398925,0.0001773834228515,0,1,0,1,0,0,0,0,0,0,0,0,0,0,1,0,0,0,1,0,0,0,0,0,0,8.816176517266553e-10
algerian_forest_fires_46279,3,1.0,0.0009486675262451,0.000176191329956,0,1,1,0,0,0,0,0,0,0,0,0,0,0,0,0,1,0,0,0,0,0,0,1,0,2.4198148408106112e-08
algerian_forest_fires_46279,3,1.0,0.0009000301361083,0.0001537799835205,1,0,1,0,0,0,0,0,0,0,0,0,0,0,0,0,1,0,0,0,0,0,0,1,0,2.526710980427033e-11
algerian_forest_fires_46279,3,1.0,0.0008797645568847,0.0001537799835205,1,0,0,1,0,0,0,0,0,0,0,0,0,0,0,0,1,0,0,0,0,0,0,0,1,5.114763305824909e-09
algerian_forest_fires_46279,3,1.0,0.0008535385131835,0.0001516342163085,1,0,0,1,0,0,0,0,0,0,0,0,0,0,0,0,1,0,0,0,0,0,0,1,0,1.4735490045460086e-08
algerian_forest_fires_46279,3,1.0,0.0008625984191894,0.000152587890625,0,1,1,0,0,0,0,0,0,0,0,0,0,0,0,0,1,0,0,0,0,0,1,0,0,1.2796438484445123e-10
algerian_forest_fires_46279,3,1.0,0.0008628368377685,0.0001552104949951,1,0,1,0,0,0,0,0,0,0,0,0,0,0,0,0,1,0,0,1,0,0,0,0,0,4.709317500492527e-09
algerian_forest_fires_46279,3,1.0,0.0008864402770996,0.0001630783081054,1,0,1,0,0,0,0,0,0,0,0,0,0,0,0,0,1,0,0,0,1,0,0,0,0,5.579968904252937e-09
algerian_forest_fires_46279,3,1.0,0.0008959770202636,0.0001554489135742,0,1,0,0,1,0,0,0,0,0,0,0,0,0,0,0,1,0,0,0,0,0,0,0,1,6.779082576363216e-09
algerian_forest_fires_46279,3,1.0,0.0009524822235107,0.0001766681671142,0,1,0,0,1,0,0,0,0,0,0,0,0,0,0,0,1,0,0,1,0,0,0,0,0,3.6579382210402675e-08
algerian_forest_fires_46279,3,1.0,0.0008244514465332,0.0001506805419921,1,0,1,0,0,0,0,0,0,0,0,0,0,0,0,0,1,0,1,0,0,0,0,0,0,3.9273920617082376e-10
algerian_forest_fires_46279,3,1.0,0.0008740425109863,0.0001547336578369,1,0,0,1,0,0,0,0,0,0,0,0,0,0,0,0,1,0,0,0,1,0,0,0,0,9.4353181921232e-11
algerian_forest_fires_46279,3,1.0,0.0010468959808349,0.0001771450042724,1,0,0,0,1,0,0,0,0,0,0,0,0,0,0,0,1,0,0,1,0,0,0,0,0,1.497543586567731e-09
algerian_forest_fires_46279,3,1.0,0.0008726119995117,0.0001568794250488,0,1,0,1,0,0,0,0,0,0,0,0,0,0,0,0,1,0,1,0,0,0,0,0,0,1.7790718704328244e-11
algerian_forest_fires_46279,3,1.0,0.0011286735534667,0.000173807144165,0,1,0,1,0,0,0,0,0,0,0,0,0,0,0,0,1,0,0,0,0,0,1,0,0,2.1661260278281678e-10
algerian_forest_fires_46279,3,1.0,0.0008196830749511,0.0001518726348876,0,1,0,0,1,0,0,0,0,0,0,0,0,0,0,0,1,0,0,0,0,0,0,1,0,3.411147562020223e-08
algerian_forest_fires_46279,3,1.0,0.0008463859558105,0.0001509189605712,1,0,1,0,0,0,0,0,0,0,0,0,0,0,0,0,1,0,0,0,0,0,0,0,1,1.3434770159625895e-09
algerian_forest_fires_46279,3,1.0,0.0008556842803955,0.0001497268676757,0,1,1,0,0,0,0,0,0,0,0,0,0,0,0,0,1,0,0,1,0,0,0,0,0,5.580861142443407e-10
algerian_forest_fires_46279,3,1.0,0.0008182525634765,0.0001502037048339,0,1,0,0,1,0,0,0,0,0,0,0,0,0,0,0,1,0,0,0,0,0,1,0,0,1.1554087250997614e-10
algerian_forest_fires_46279,3,1.0,0.000842809677124,0.0001499652862548,1,0,0,0,1,0,0,0,0,0,0,0,0,0,0,0,1,0,0,0,0,0,0,1,0,1.0034661773638296e-10
algerian_forest_fires_46279,3,1.0,0.0008234977722167,0.0001535415649414,0,1,0,0,1,0,0,0,0,0,0,0,0,0,0,0,1,0,0,0,1,0,0,0,0,8.839914925843084e-11
fri_c3_500_50_937,2,0.74,0.0011248588562011,0.0001735687255859,1,0,0,0,1,1,0,0,0,0,0,0,0,0,0,0,0,0,0,0,0,1,0,0,0,2.0746014279242643e-08
fri_c3_500_50_937,2,0.74,0.0009939670562744,0.0001623630523681,1,0,0,0,1,1,0,0,0,0,0,0,0,0,0,0,0,0,0,0,0,0,1,0,0,8.711270283940226e-08
fri_c3_500_50_937,2,0.74,0.0010130405426025,0.0001652240753173,0,1,0,1,0,1,0,0,0,0,0,0,0,0,0,0,0,0,0,0,0,1,0,0,0,1.3778239610871244e-09
fri_c3_500_50_937,2,0.74,0.0010459423065185,0.0001659393310546,1,0,1,0,0,1,0,0,0,0,0,0,0,0,0,0,0,0,0,0,0,0,1,0,0,2.0860930139787824e-11
fri_c3_500_50_937,2,0.74,0.0010657310485839,0.0001764297485351,1,0,0,1,0,1,0,0,0,0,0,0,0,0,0,0,0,0,0,0,0,1,0,0,0,1.0096159052833272e-08
fri_c3_500_50_937,2,0.74,0.0010597705841064,0.0001804828643798,0,1,0,0,1,1,0,0,0,0,0,0,0,0,0,0,0,0,0,0,0,0,1,0,0,3.2226837832396846e-08
fri_c3_500_50_937,2,0.74,0.0009787082672119,0.0001659393310546,0,1,0,0,1,1,0,0,0,0,0,0,0,0,0,0,0,0,0,0,0,1,0,0,0,5.307777192534035e-08
fri_c3_500_50_937,2,0.74,0.0010173320770263,0.0001695156097412,1,0,0,1,0,1,0,0,0,0,0,0,0,0,0,0,0,0,0,0,0,0,1,0,0,3.274171200060005e-09
fri_c3_500_50_937,2,0.74,0.0009760856628417,0.0001635551452636,1,0,1,0,0,1,0,0,0,0,0,0,0,0,0,0,0,0,0,0,0,1,0,0,0,1.0654261035315243e-09
fri_c3_500_50_937,2,0.74,0.0010149478912353,0.0001649856567382,0,1,0,1,0,1,0,0,0,0,0,0,0,0,0,0,0,0,0,0,0,0,1,0,0,3.034654533001128e-09
fri_c3_500_50_937,2,0.74,0.0010595321655273,0.0001652240753173,0,1,1,0,0,1,0,0,0,0,0,0,0,0,0,0,0,0,0,0,0,1,0,0,0,1.1266859288317342e-11
fri_c3_500_50_937,2,0.74,0.001061201095581,0.0001904964447021,0,1,1,0,0,1,0,0,0,0,0,0,0,0,0,0,0,0,0,0,0,0,1,0,0,4.1848461962509525e-09
fri_c3_500_50_937,2,0.73,0.0010082721710205,0.000162124633789,0,1,0,0,1,1,0,0,0,0,0,0,0,0,0,0,0,0,0,0,1,0,0,0,0,6.895814543396404e-09
fri_c3_500_50_937,2,0.73,0.0010271072387695,0.0001654624938964,0,1,0,1,0,1,0,0,0,0,0,0,0,0,0,0,0,0,0,0,1,0,0,0,0,7.728965888353398e-09
fri_c3_500_50_937,2,0.73,0.0009782314300537,0.0001640319824218,0,1,1,0,0,1,0,0,0,0,0,0,0,0,0,0,0,0,0,0,1,0,0,0,0,1.7876690598350224e-09
fri_c3_500_50_937,2,0.73,0.0010035037994384,0.0001635551452636,1,0,0,0,1,1,0,0,0,0,0,0,0,0,0,0,0,0,0,0,1,0,0,0,0,6.312152536525206e-09
fri_c3_500_50_937,2,0.73,0.0009951591491699,0.0001649856567382,1,0,1,0,0,1,0,0,0,0,0,0,0,0,0,0,0,0,0,0,1,0,0,0,0,3.591944047278182e-09
fri_c3_500_50_937,2,0.73,0.0010340213775634,0.0001611709594726,1,0,0,1,0,1,0,0,0,0,0,0,0,0,0,0,0,0,0,0,1,0,0,0,0,2.8981020852554087e-11
fri_c3_500_50_937,2,0.72,0.0009686946868896,0.0001652240753173,0,1,1,0,0,0,0,0,0,0,1,0,0,0,0,0,0,0,0,1,0,0,0,0,0,3.9216341662857946e-08
fri_c3_500_50_937,2,0.72,0.0009219646453857,0.0001623630523681,0,1,0,1,0,0,0,0,0,0,1,0,0,0,0,0,0,0,0,0,0,1,0,0,0,3.096777698563312e-09
fri_c2_1000_50_866,3,0.825,0.0011513233184814,0.0001664161682128,1,0,1,0,0,0,0,0,0,0,0,0,0,0,0,0,1,0,0,0,0,0,0,0,1,8.150372950217955e-09
fri_c2_1000_50_866,3,0.825,0.0011477470397949,0.0001630783081054,0,1,0,0,1,0,0,0,0,0,0,0,0,0,0,0,1,0,0,0,0,0,1,0,0,2.3526107636501045e-10
fri_c2_1000_50_866,3,0.825,0.0012784004211425,0.0001792907714843,0,1,0,0,1,0,0,0,0,0,0,0,0,0,0,0,1,0,0,0,0,0,0,1,0,4.752893302177594e-08
fri_c2_1000_50_866,3,0.825,0.0012269020080566,0.0001847743988037,1,0,0,0,1,1,0,0,0,0,0,0,0,0,0,0,0,0,0,1,0,0,0,0,0,1.024384656229782e-09
fri_c2_1000_50_866,3,0.825,0.0011301040649414,0.0001611709594726,0,1,1,0,0,0,0,0,0,0,0,0,0,0,0,0,1,0,0,0,1,0,0,0,0,5.2002469341652455e-09
fri_c2_1000_50_866,3,0.825,0.0012674331665039,0.0002133846282958,1,0,0,0,1,1,0,0,0,0,0,0,0,0,0,0,0,0,0,0,0,0,0,0,1,6.437663058946558e-08
fri_c2_1000_50_866,3,0.825,0.0012621879577636,0.0001728534698486,0,1,1,0,0,0,0,0,0,0,0,0,0,0,0,0,1,0,0,0,0,0,0,0,1,4.616692828368222e-08
fri_c2_1000_50_866,3,0.825,0.001190185546875,0.0001680850982666,1,0,1,0,0,0,0,0,0,0,0,0,0,0,0,0,1,0,0,0,0,0,1,0,0,3.794854096817946e-09
fri_c2_1000_50_866,3,0.825,0.0012574195861816,0.0001697540283203,0,1,0,0,1,1,0,0,0,0,0,0,0,0,0,0,0,0,0,0,0,0,0,1,0,4.6022008270698005e-11
fri_c2_1000_50_866,3,0.825,0.0012099742889404,0.0001745223999023,1,0,1,0,0,1,0,0,0,0,0,0,0,0,0,0,0,0,0,0,0,0,1,0,0,6.342693478686698e-08
fri_c2_1000_50_866,3,0.825,0.0012001991271972,0.0001850128173828,0,1,1,0,0,0,0,0,0,0,0,0,0,0,0,0,1,0,1,0,0,0,0,0,0,8.640577885404077e-08
fri_c2_1000_50_866,3,0.825,0.001298189163208,0.0001783370971679,0,1,0,1,0,1,0,0,0,0,0,0,0,0,0,0,0,0,0,0,0,0,0,0,1,2.591712250360116e-11
fri_c2_1000_50_866,3,0.825,0.0011622905731201,0.0001652240753173,1,0,1,0,0,0,0,0,0,0,0,0,0,0,0,0,1,0,1,0,0,0,0,0,0,6.326896477604317e-10
fri_c2_1000_50_866,3,0.825,0.0013301372528076,0.0001795291900634,1,0,1,0,0,1,0,0,0,0,0,0,0,0,0,0,0,0,1,0,0,0,0,0,0,1.5596324240133783e-09
fri_c2_1000_50_866,3,0.825,0.0012364387512207,0.000173807144165,1,0,0,1,0,1,0,0,0,0,0,0,0,0,0,0,0,0,0,0,0,0,0,0,1,2.3352111836193087e-11
fri_c2_1000_50_866,3,0.825,0.001190185546875,0.0001590251922607,0,1,0,1,0,1,0,0,0,0,0,0,0,0,0,0,0,0,1,0,0,0,0,0,0,5.737461678654268e-11
fri_c2_1000_50_866,3,0.825,0.0011160373687744,0.0003402233123779,0,1,1,0,0,1,0,0,0,0,0,0,0,0,0,0,0,0,0,0,0,0,0,1,0,1.4152122016749936e-09
fri_c2_1000_50_866,3,0.825,0.0011920928955078,0.0001692771911621,0,1,0,1,0,0,0,0,0,0,0,0,0,0,0,0,1,0,0,1,0,0,0,0,0,7.117996848812254e-08
fri_c2_1000_50_866,3,0.825,0.0012032985687255,0.0001642704010009,0,1,1,0,0,1,0,0,0,0,0,0,0,0,0,0,0,0,0,0,0,0,1,0,0,1.2919327385253233e-11
fri_c2_1000_50_866,3,0.825,0.0011768341064453,0.0001602172851562,1,0,0,0,1,1,0,0,0,0,0,0,0,0,0,0,0,0,0,0,0,0,0,1,0,4.464494544740771e-08
fruitfly_714,3,0.72,0.000777244567871,0.0001466274261474,1,0,0,1,0,0,1,0,0,0,0,0,0,0,0,0,0,0,0,0,0,0,1,0,0,3.9303631579358814e-08
fruitfly_714,0,0.72,0.0007283687591552,0.0001418590545654,0,1,1,0,0,0,0,1,0,0,0,0,0,0,0,0,0,0,1,0,0,0,0,0,0,2.683579964224477e-08
fruitfly_714,3,0.72,0.0007996559143066,0.0001571178436279,0,1,0,0,1,0,0,0,0,0,0,1,0,0,0,0,0,0,0,0,0,1,0,0,0,3.2374548071907325e-10
fruitfly_714,3,0.72,0.0007388591766357,0.0001428127288818,0,1,1,0,0,1,0,0,0,0,0,0,0,0,0,0,0,0,1,0,0,0,0,0,0,9.189547963301393e-10
fruitfly_714,3,0.72,0.0009241104125976,0.0001680850982666,1,0,0,1,0,0,0,0,0,0,0,1,0,0,0,0,0,0,0,0,0,0,1,0,0,4.1150826027596525e-10
fruitfly_714,3,0.72,0.0008959770202636,0.0001704692840576,1,0,0,0,1,0,0,0,0,0,0,1,0,0,0,0,0,0,0,0,0,0,1,0,0,6.170846532046878e-08
fruitfly_714,3,0.72,0.0007109642028808,0.0001428127288818,1,0,0,0,1,0,1,0,0,0,0,0,0,0,0,0,0,0,0,0,0,0,1,0,0,1.2173136141607964e-09
fruitfly_714,3,0.72,0.0007784366607666,0.000148057937622,0,1,0,0,1,0,0,0,0,0,1,0,0,0,0,0,0,0,0,0,0,0,0,0,1,2.101117958143805e-11
fruitfly_714,3,0.72,0.0007493495941162,0.000169038772583,0,1,0,0,1,1,0,0,0,0,0,0,0,0,0,0,0,0,0,0,0,0,0,0,1,1.2480712446819152e-10
fruitfly_714,3,0.72,0.0008561611175537,0.0001649856567382,0,1,0,0,1,0,0,0,0,0,0,1,0,0,0,0,0,0,0,0,0,0,1,0,0,7.049086691368494e-10
fruitfly_714,3,0.72,0.0007648468017578,0.0001971721649169,1,0,0,0,1,0,0,0,0,0,0,1,0,0,0,0,0,0,0,0,0,1,0,0,0,6.519641706135172e-08
fruitfly_714,3,0.72,0.0007047653198242,0.0001428127288818,0,1,1,0,0,0,1,0,0,0,0,0,0,0,0,0,0,0,0,0,0,0,1,0,0,1.8871410533587728e-09
fruitfly_714,3,0.72,0.00075364112854,0.0001468658447265,1,0,1,0,0,1,0,0,0,0,0,0,0,0,0,0,0,0,0,0,0,0,0,0,1,6.085419091813719e-09
fruitfly_714,3,0.72,0.0007438659667968,0.0001423358917236,1,0,0,0,1,1,0,0,0,0,0,0,0,0,0,0,0,0,0,1,0,0,0,0,0,2.259848834414499e-11
fruitfly_714,4,0.72,0.0007429122924804,0.00014328956604,1,0,0,1,0,0,0,0,0,0,0,0,0,0,0,0,0,1,1,0,0,0,0,0,0,3.230696667480535e-08
fruitfly_714,3,0.72,0.0007407665252685,0.0001413822174072,0,1,1,0,0,0,0,0,0,0,1,0,0,0,0,0,0,0,1,0,0,0,0,0,0,1.4324282848996796e-09
fruitfly_714,3,0.72,0.000730276107788,0.0001449584960937,1,0,1,0,0,0,0,0,0,0,1,0,0,0,0,0,0,0,0,0,0,0,0,0,1,4.8407611020346265e-08
fruitfly_714,3,0.72,0.0007822513580322,0.000145673751831,1,0,0,0,1,1,0,0,0,0,0,0,0,0,0,0,0,0,0,0,0,0,0,1,0,6.052109005409278e-10
fruitfly_714,3,0.72,0.0007293224334716,0.0001389980316162,1,0,0,0,1,0,0,0,0,0,1,0,0,0,0,0,0,0,0,0,0,0,0,1,0,5.399281712529444e-09
fruitfly_714,3,0.72,0.0007257461547851,0.0001411437988281,0,1,0,0,1,0,1,0,0,0,0,0,0,0,0,0,0,0,0,0,0,0,1,0,0,7.644593114211281e-10
analcatdata_draft_984,0,0.972972972972973,0.0009453296661376,0.0001575946807861,0,1,1,0,0,1,0,0,0,0,0,0,0,0,0,0,0,0,0,1,0,0,0,0,0,3.717335148139368e-11
analcatdata_draft_984,0,0.972972972972973,0.0008840560913085,0.0001587867736816,0,1,1,0,0,0,1,0,0,0,0,0,0,0,0,0,0,0,0,1,0,0,0,0,0,1.2251800369826803e-10
analcatdata_draft_984,0,0.972972972972973,0.0009584426879882,0.0001618862152099,0,1,1,0,0,0,0,1,0,0,0,0,0,0,0,0,0,0,0,1,0,0,0,0,0,1.8579292745506224e-11
analcatdata_draft_984,0,0.972972972972973,0.0019712448120117,0.0009996891021728,0,1,1,0,0,0,0,0,0,0,0,1,0,0,0,0,0,0,0,1,0,0,0,0,0,5.768532869949368e-10
analcatdata_draft_984,0,0.972972972972973,0.0011155605316162,0.0001895427703857,0,1,1,0,0,0,0,0,0,1,0,0,0,0,0,0,0,0,0,1,0,0,0,0,0,3.957001125972378e-09
analcatdata_draft_984,0,0.972972972972973,0.0009706020355224,0.0002133846282958,0,1,0,0,1,0,0,0,0,0,0,0,0,0,0,0,0,1,0,0,0,0,1,0,0,9.437242247655104e-11
analcatdata_draft_984,0,0.972972972972973,0.0009088516235351,0.0001575946807861,0,1,1,0,0,0,0,0,0,0,1,0,0,0,0,0,0,0,0,1,0,0,0,0,0,9.152763334292087e-10
analcatdata_draft_984,0,0.972972972972973,0.0008163452148437,0.0001497268676757,0,1,0,0,1,0,0,0,0,0,0,0,0,0,0,0,1,0,0,0,0,0,1,0,0,6.853198907076037e-10
analcatdata_draft_984,0,0.972972972972973,0.000922679901123,0.0001664161682128,0,1,1,0,0,0,0,0,0,0,0,0,0,1,0,0,0,0,0,0,0,0,0,0,1,1.360448053533324e-09
analcatdata_draft_984,0,0.972972972972973,0.0009851455688476,0.0001730918884277,0,1,0,0,1,0,0,0,0,0,0,0,0,1,0,0,0,0,0,0,0,0,1,0,0,5.4744269894669075e-11
analcatdata_draft_984,0,0.972972972972973,0.0008046627044677,0.0001473426818847,0,1,0,0,1,0,0,0,1,0,0,0,0,0,0,0,0,0,0,0,0,1,0,0,0,1.367528397997392e-09
analcatdata_draft_984,0,0.972972972972973,0.0008637905120849,0.0001592636108398,0,1,0,0,1,0,1,0,0,0,0,0,0,0,0,0,0,0,0,0,0,0,1,0,0,2.8630057954763383e-10
analcatdata_draft_984,0,0.972972972972973,0.0008745193481445,0.0001735687255859,0,1,0,0,1,0,0,0,0,0,0,0,0,0,0,0,1,0,0,0,0,1,0,0,0,1.3936938892031499e-10
analcatdata_draft_984,0,0.972972972972973,0.0012025833129882,0.0001876354217529,0,1,0,0,1,0,0,0,0,1,0,0,0,0,0,0,0,0,0,0,0,1,0,0,0,2.20763899195201e-09
analcatdata_draft_984,0,0.972972972972973,0.0010921955108642,0.0001547336578369,0,1,1,0,0,0,0,0,1,0,0,0,0,0,0,0,0,0,0,1,0,0,0,0,0,3.909734026728575e-11
analcatdata_draft_984,0,0.972972972972973,0.0009708404541015,0.0001595020294189,0,1,0,0,1,0,0,0,0,0,1,0,0,0,0,0,0,0,0,0,0,0,1,0,0,4.0052958665143694e-08
analcatdata_draft_984,0,0.972972972972973,0.0010778903961181,0.0001890659332275,0,1,0,0,1,0,0,0,0,1,0,0,0,0,0,0,0,0,0,0,0,0,1,0,0,5.4879639764963124e-08
analcatdata_draft_984,0,0.972972972972973,0.0009288787841796,0.0001559257507324,0,1,0,0,1,0,0,1,0,0,0,0,0,0,0,0,0,0,0,0,0,0,1,0,0,4.389739605939231e-09
analcatdata_draft_984,0,0.972972972972973,0.0008559226989746,0.0001580715179443,0,1,1,0,0,0,0,0,0,0,0,0,0,1,0,0,0,0,0,1,0,0,0,0,0,1.6316190166631232e-10
analcatdata_draft_984,0,0.972972972972973,0.0008273124694824,0.0001459121704101,0,1,0,0,1,0,0,0,1,0,0,0,0,0,0,0,0,0,0,0,0,0,1,0,0,3.1917104100719903e-09
fri_c0_1000_50_904,3,0.905,0.0012447834014892,0.0001721382141113,0,1,1,0,0,1,0,0,0,0,0,0,0,0,0,0,0,0,0,0,0,0,1,0,0,2.5473807704980168e-09
fri_c0_1000_50_904,3,0.905,0.0011966228485107,0.0001657009124755,1,0,0,1,0,1,0,0,0,0,0,0,0,0,0,0,0,0,0,0,0,0,1,0,0,3.6728562116390703e-10
fri_c0_1000_50_904,3,0.905,0.0012362003326416,0.0001647472381591,1,0,0,0,1,1,0,0,0,0,0,0,0,0,0,0,0,0,0,0,0,0,1,0,0,1.4092530696990935e-10
fri_c0_1000_50_904,3,0.905,0.0012142658233642,0.0001664161682128,0,1,0,0,1,1,0,0,0,0,0,0,0,0,0,0,0,0,0,0,0,0,1,0,0,4.718585287567156e-11
fri_c0_1000_50_904,3,0.905,0.001394510269165,0.0001676082611083,1,0,1,0,0,1,0,0,0,0,0,0,0,0,0,0,0,0,0,0,0,0,1,0,0,7.405175576732257e-11
fri_c0_1000_50_904,3,0.905,0.0011930465698242,0.0001657009124755,0,1,0,1,0,1,0,0,0,0,0,0,0,0,0,0,0,0,0,0,0,0,1,0,0,4.093734699958551e-09
fri_c0_1000_50_904,3,0.9,0.0011966228485107,0.0001652240753173,1,0,0,0,1,1,0,0,0,0,0,0,0,0,0,0,0,0,0,0,1,0,0,0,0,3.496047496785185e-08
fri_c0_1000_50_904,3,0.9,0.0012714862823486,0.0001697540283203,0,1,0,1,0,1,0,0,0,0,0,0,0,0,0,0,0,0,0,0,0,1,0,0,0,3.4659653745600067e-10
fri_c0_1000_50_904,3,0.9,0.0012154579162597,0.0001623630523681,0,1,0,0,1,1,0,0,0,0,0,0,0,0,0,0,0,0,0,0,0,1,0,0,0,3.073250337642609e-11
fri_c0_1000_50_904,3,0.9,0.0011942386627197,0.0001652240753173,0,1,1,0,0,1,0,0,0,0,0,0,0,0,0,0,0,0,0,0,0,1,0,0,0,1.1251882973964735e-11
fri_c0_1000_50_904,3,0.9,0.0011930465698242,0.0001647472381591,0,1,0,0,1,1,0,0,0,0,0,0,0,0,0,0,0,0,0,0,1,0,0,0,0,4.2036119720008974e-10
fri_c0_1000_50_904,3,0.9,0.0014173984527587,0.0001795291900634,1,0,0,1,0,1,0,0,0,0,0,0,0,0,0,0,0,0,0,0,1,0,0,0,0,8.516630485541742e-11
fri_c0_1000_50_904,3,0.9,0.0011966228485107,0.0001671314239501,1,0,0,1,0,1,0,0,0,0,0,0,0,0,0,0,0,0,0,0,0,1,0,0,0,1.9508427682071532e-10
fri_c0_1000_50_904,3,0.9,0.0011920928955078,0.0001640319824218,0,1,0,1,0,1,0,0,0,0,0,0,0,0,0,0,0,0,0,0,1,0,0,0,0,9.261460909796262e-11
fri_c0_1000_50_904,3,0.9,0.001230239868164,0.0001659393310546,1,0,1,0,0,1,0,0,0,0,0,0,0,0,0,0,0,0,0,0,1,0,0,0,0,4.535138224803972e-09
fri_c0_1000_50_904,3,0.9,0.0012168884277343,0.0001614093780517,0,1,1,0,0,1,0,0,0,0,0,0,0,0,0,0,0,0,0,0,1,0,0,0,0,3.5814360711339278e-09
fri_c0_1000_50_904,3,0.9,0.0011849403381347,0.0001659393310546,1,0,0,0,1,1,0,0,0,0,0,0,0,0,0,0,0,0,0,0,0,1,0,0,0,4.458801084037015e-08
fri_c0_1000_50_904,3,0.9,0.0012416839599609,0.000169038772583,1,0,1,0,0,1,0,0,0,0,0,0,0,0,0,0,0,0,0,0,0,1,0,0,0,6.29476699988876e-09
fri_c0_1000_50_904,3,0.895,0.0011346340179443,0.0001647472381591,1,0,0,1,0,0,0,0,0,0,1,0,0,0,0,0,0,0,0,0,0,0,1,0,0,4.568414721728343e-11
fri_c0_1000_50_904,3,0.895,0.001216173171997,0.0001671314239501,1,0,0,1,0,1,0,0,0,0,0,0,0,0,0,0,0,0,0,0,0,0,0,1,0,1.0147935944840525e-08
breast-w_15,3,0.9857142857142858,0.0009381771087646,0.0001506805419921,0,1,1,0,0,0,0,0,0,0,0,0,0,0,0,0,0,1,0,1,0,0,0,0,0,5.309717926245853e-11
breast-w_15,3,0.9857142857142858,0.0009894371032714,0.0001530647277832,0,1,0,1,0,0,0,0,0,0,0,0,0,0,0,0,0,1,0,1,0,0,0,0,0,1.7155506462961602e-09
breast-w_15,0,0.9857142857142858,0.0010459423065185,0.0001528263092041,0,1,0,0,1,0,0,0,0,0,1,0,0,0,0,0,0,0,0,0,0,1,0,0,0,2.0338215182223205e-11
breast-w_15,3,0.9857142857142858,0.0010011196136474,0.0001633167266845,0,1,0,0,1,0,0,0,0,0,0,0,0,0,0,0,0,1,0,0,0,0,0,0,1,1.5463230435919382e-11
breast-w_15,3,0.9857142857142858,0.0018866062164306,0.0002918243408203,0,1,0,0,1,0,0,0,0,0,0,0,1,0,0,0,0,0,0,0,0,0,0,1,0,7.193164139440181e-10
breast-w_15,3,0.9857142857142858,0.0010509490966796,0.000166893005371,0,1,0,0,1,0,0,0,0,0,0,0,0,0,0,0,0,1,0,1,0,0,0,0,0,2.6298697870792527e-11
breast-w_15,3,0.9857142857142858,0.0010366439819335,0.00016450881958,0,1,0,0,1,0,0,0,0,0,0,0,0,0,0,0,0,1,0,0,0,0,0,1,0,1.6852580857424628e-10
breast-w_15,3,0.9857142857142858,0.0012619495391845,0.0002028942108154,0,1,1,0,0,0,0,0,0,0,0,0,0,0,1,0,0,0,1,0,0,0,0,0,0,2.2663840924760862e-10
breast-w_15,0,0.9857142857142858,0.0029489994049072,0.0004060268402099,0,1,0,1,0,0,0,0,0,0,1,0,0,0,0,0,0,0,0,0,0,1,0,0,0,1.1959352757557113e-08
breast-w_15,3,0.9857142857142858,0.0009515285491943,0.0001487731933593,0,1,1,0,0,0,0,0,0,0,0,0,0,0,0,0,0,1,0,0,0,0,0,0,1,2.1415115483322339e-10
breast-w_15,3,0.9857142857142858,0.0020334720611572,0.0002906322479248,0,1,0,0,1,0,0,0,0,0,0,0,1,0,0,0,0,0,1,0,0,0,0,0,0,9.488569428129406e-10
breast-w_15,1,0.9857142857142858,0.0011191368103027,0.0001931190490722,0,1,0,1,0,0,0,0,0,0,0,0,0,0,1,0,0,0,0,0,0,0,1,0,0,1.2312428457417894e-08
breast-w_15,3,0.9857142857142858,0.0018794536590576,0.0002851486206054,0,1,1,0,0,0,0,0,0,0,0,0,1,0,0,0,0,0,1,0,0,0,0,0,0,6.600749133909957e-11
breast-w_15,3,0.9857142857142858,0.000960350036621,0.0001506805419921,0,1,0,1,0,0,0,0,0,0,0,0,0,0,0,0,0,1,0,0,0,0,0,0,1,1.658019251700988e-08
breast-w_15,1,0.9857142857142858,0.0011789798736572,0.0002055168151855,0,1,1,0,0,0,0,0,0,0,0,0,0,0,1,0,0,0,0,0,0,0,1,0,0,2.124120683366608e-08
breast-w_15,0,0.9857142857142858,0.0010011196136474,0.0001511573791503,0,1,1,0,0,0,0,0,0,0,1,0,0,0,0,0,0,0,0,0,0,1,0,0,0,9.023752615016603e-08
breast-w_15,3,0.9857142857142858,0.0009727478027343,0.000159740447998,0,1,0,0,1,0,0,1,0,0,0,0,0,0,0,0,0,0,0,0,0,0,0,1,0,5.972975253804861e-10
breast-w_15,3,0.9857142857142858,0.0017285346984863,0.000288963317871,0,1,0,1,0,0,0,0,0,0,0,0,1,0,0,0,0,0,0,0,0,0,0,1,0,3.038066771232832e-10
breast-w_15,3,0.9857142857142858,0.0009591579437255,0.0001540184020996,0,1,0,1,0,0,0,0,0,0,0,0,0,0,0,0,0,1,0,0,0,0,0,1,0,6.427189165729229e-09
breast-w_15,3,0.9857142857142858,0.0011489391326904,0.0001707077026367,0,1,1,0,0,0,0,1,0,0,0,0,0,0,0,0,0,0,0,0,0,0,0,1,0,1.7084586385723165e-11
chscase_census4_907,3,0.6375,0.0011458396911621,0.0002250671386718,0,1,1,0,0,0,0,0,0,1,0,0,0,0,0,0,0,0,0,0,1,0,0,0,0,1.4421354283683276e-11
chscase_census4_907,3,0.6375,0.0008745193481445,0.0001511573791503,0,1,1,0,0,0,0,0,0,0,0,0,0,1,0,0,0,0,0,0,1,0,0,0,0,2.1875775302625724e-10
chscase_census4_907,3,0.6375,0.0011725425720214,0.0001890659332275,0,1,0,0,1,0,0,0,0,1,0,0,0,0,0,0,0,0,0,0,1,0,0,0,0,8.280572285463847e-09
chscase_census4_907,3,0.6375,0.0008778572082519,0.0001561641693115,1,0,1,0,0,0,0,0,0,0,0,0,0,1,0,0,0,0,0,0,1,0,0,0,0,2.9229256923664926e-11
chscase_census4_907,3,0.6375,0.0008695125579833,0.0001595020294189,1,0,0,1,0,0,0,0,0,0,0,0,0,1,0,0,0,0,0,0,1,0,0,0,0,3.4848765083296647e-09
chscase_census4_907,3,0.6375,0.000948429107666,0.000169038772583,0,1,0,1,0,0,0,0,0,0,0,0,0,1,0,0,0,0,0,0,1,0,0,0,0,1.196798568888153e-10
chscase_census4_907,3,0.6375,0.0021607875823974,0.0003132820129394,1,0,0,1,0,0,0,0,0,1,0,0,0,0,0,0,0,0,0,0,1,0,0,0,0,4.042952982540061e-09
chscase_census4_907,3,0.6375,0.0012493133544921,0.0002040863037109,0,1,0,1,0,0,0,0,0,1,0,0,0,0,0,0,0,0,0,0,1,0,0,0,0,6.728286802064705e-10
chscase_census4_907,3,0.6375,0.0008957386016845,0.0001602172851562,0,1,0,0,1,0,0,0,0,0,0,0,0,1,0,0,0,0,0,0,1,0,0,0,0,2.888063256085696e-11
chscase_census4_907,3,0.6375,0.0010597705841064,0.0001788139343261,1,0,1,0,0,0,0,0,0,1,0,0,0,0,0,0,0,0,0,0,1,0,0,0,0,9.752843583785679e-11
chscase_census4_907,3,0.6375,0.0008788108825683,0.0001561641693115,1,0,0,0,1,0,0,0,0,0,0,0,0,1,0,0,0,0,0,0,1,0,0,0,0,7.565802768670462e-11
chscase_census4_907,3,0.6375,0.0010864734649658,0.0001788139343261,1,0,0,0,1,0,0,0,0,1,0,0,0,0,0,0,0,0,0,0,1,0,0,0,0,4.5534269205858616e-11
chscase_census4_907,3,0.625,0.0012404918670654,0.0002133846282958,0,1,1,0,0,0,0,0,0,0,0,0,0,0,0,1,0,0,0,0,1,0,0,0,0,7.471052592185714e-10
chscase_census4_907,3,0.625,0.0009315013885498,0.0001757144927978,0,1,1,0,0,0,0,0,0,0,0,0,0,0,1,0,0,0,0,0,0,0,0,1,0,6.586613155960869e-08
chscase_census4_907,0,0.625,0.0009081363677978,0.000157356262207,1,0,0,0,1,0,0,0,0,0,0,0,0,0,0,0,0,1,0,0,0,0,0,0,1,4.288991654225791e-09
chscase_census4_907,3,0.625,0.0012378692626953,0.00022554397583,1,0,0,1,0,0,0,0,0,0,0,0,0,0,0,1,0,0,0,0,1,0,0,0,0,2.208046046916166e-08
chscase_census4_907,0,0.625,0.0009160041809082,0.0001928806304931,0,1,1,0,0,0,0,0,0,0,0,0,0,0,0,0,0,1,0,0,0,0,0,0,1,8.400802140447033e-08
chscase_census4_907,3,0.625,0.0011708736419677,0.0002181529998779,0,1,0,1,0,0,0,0,0,0,0,0,0,0,0,1,0,0,0,0,1,0,0,0,0,1.453753096459062e-09
chscase_census4_907,3,0.625,0.0013175010681152,0.0002148151397705,1,0,0,0,1,0,0,0,0,0,0,0,0,0,0,1,0,0,0,0,1,0,0,0,0,8.959428392336358e-11
chscase_census4_907,0,0.625,0.0008895397186279,0.000157356262207,1,0,1,0,0,0,0,0,0,0,0,0,0,0,0,0,0,1,0,0,0,0,0,0,1,5.143325716310858e-08
autoUniv-au1-1000_1547,4,0.78,0.0011374950408935,0.0001637935638427,1,0,0,0,1,0,0,0,0,0,1,0,0,0,0,0,0,0,0,1,0,0,0,0,0,6.250805077948651e-09
autoUniv-au1-1000_1547,4,0.78,0.001218557357788,0.0001606941223144,1,0,1,0,0,0,0,0,0,0,1,0,0,0,0,0,0,0,0,1,0,0,0,0,0,6.851174705241966e-08
autoUniv-au1-1000_1547,4,0.78,0.0010938644409179,0.0001533031463623,1,0,0,1,0,0,0,0,0,0,1,0,0,0,0,0,0,0,0,1,0,0,0,0,0,4.019091065252077e-09
autoUniv-au1-1000_1547,4,0.78,0.0011060237884521,0.0001683235168457,1,0,1,0,0,0,0,0,0,0,1,0,0,0,0,0,0,0,1,0,0,0,0,0,0,1.2606079454979316e-08
autoUniv-au1-1000_1547,4,0.78,0.001157522201538,0.0001733303070068,0,1,1,0,0,0,0,0,0,0,1,0,0,0,0,0,0,0,0,0,0,0,0,0,1,3.6521178146909815e-08
autoUniv-au1-1000_1547,4,0.78,0.0011234283447265,0.0001981258392333,1,0,1,0,0,0,0,0,0,0,1,0,0,0,0,0,0,0,0,0,0,0,0,1,0,1.0889231883032651e-08
autoUniv-au1-1000_1547,4,0.78,0.0012052059173583,0.0001943111419677,1,0,0,0,1,0,0,0,0,0,1,0,0,0,0,0,0,0,1,0,0,0,0,0,0,1.780668548979641e-09
autoUniv-au1-1000_1547,4,0.78,0.0011849403381347,0.0001742839813232,0,1,0,0,1,0,0,0,0,0,1,0,0,0,0,0,0,0,0,0,0,0,0,0,1,7.721180924203244e-10
autoUniv-au1-1000_1547,4,0.78,0.0011422634124755,0.000169038772583,1,0,0,1,0,0,0,0,0,0,1,0,0,0,0,0,0,0,0,0,0,1,0,0,0,1.9656642524079236e-08
autoUniv-au1-1000_1547,4,0.78,0.0012609958648681,0.0001764297485351,1,0,0,0,1,0,0,0,0,0,1,0,0,0,0,0,0,0,0,0,0,0,0,0,1,1.22445619065089e-08
autoUniv-au1-1000_1547,4,0.78,0.0011701583862304,0.0001740455627441,1,0,0,0,1,0,0,0,0,0,1,0,0,0,0,0,0,0,0,0,0,1,0,0,0,2.9222898909968776e-10
autoUniv-au1-1000_1547,4,0.78,0.001162052154541,0.0001759529113769,0,1,1,0,0,0,0,0,0,0,1,0,0,0,0,0,0,0,0,0,0,0,1,0,0,9.84754262598849e-10
autoUniv-au1-1000_1547,4,0.78,0.0011022090911865,0.0001697540283203,0,1,0,0,1,0,0,0,0,0,1,0,0,0,0,0,0,0,1,0,0,0,0,0,0,3.467073300347796e-09
autoUniv-au1-1000_1547,4,0.78,0.0012423992156982,0.0001659393310546,0,1,0,1,0,0,0,0,0,0,1,0,0,0,0,0,0,0,0,1,0,0,0,0,0,1.2986163790925826e-11
autoUniv-au1-1000_1547,4,0.78,0.001051902770996,0.0001590251922607,1,0,1,0,0,0,0,0,0,0,1,0,0,0,0,0,0,0,0,0,0,0,1,0,0,9.778557632375643e-11
autoUniv-au1-1000_1547,4,0.78,0.0012075901031494,0.000178575515747,0,1,0,1,0,0,0,0,0,0,1,0,0,0,0,0,0,0,0,0,0,0,0,0,1,1.001976602489604e-10
autoUniv-au1-1000_1547,4,0.78,0.0011396408081054,0.0001723766326904,0,1,1,0,0,0,0,0,0,0,1,0,0,0,0,0,0,0,0,0,0,1,0,0,0,3.411349671603072e-08
autoUniv-au1-1000_1547,4,0.78,0.0010759830474853,0.0001626014709472,1,0,1,0,0,0,0,0,0,0,1,0,0,0,0,0,0,0,0,0,0,1,0,0,0,2.1181222093072406e-10
autoUniv-au1-1000_1547,4,0.78,0.0012357234954833,0.0001759529113769,0,1,0,1,0,0,0,0,0,0,1,0,0,0,0,0,0,0,0,0,0,0,1,0,0,1.515561454236262e-09
autoUniv-au1-1000_1547,4,0.78,0.0011146068572998,0.0001709461212158,0,1,0,0,1,0,0,0,0,0,1,0,0,0,0,0,0,0,0,0,0,0,0,1,0,2.120048849967492e-08
blogger_1463,3,0.95,0.0009360313415527,0.0001909732818603,0,1,0,1,0,0,0,0,0,0,0,0,1,0,0,0,0,0,0,0,0,0,0,1,0,1.0933903841879102e-10
blogger_1463,1,0.95,0.0007860660552978,0.0001711845397949,0,1,0,1,0,0,0,0,0,0,0,0,0,0,1,0,0,0,0,0,1,0,0,0,0,3.1262831499964787e-11
blogger_1463,3,0.95,0.0008482933044433,0.0001823902130126,0,1,0,1,0,0,0,0,0,0,0,0,0,0,1,0,0,0,0,1,0,0,0,0,0,6.214972710613062e-08
blogger_1463,3,0.95,0.0008621215820312,0.0002028942108154,0,1,0,0,1,0,0,0,0,0,0,0,0,0,0,1,0,0,0,1,0,0,0,0,0,6.587668611477123e-09
blogger_1463,3,0.95,0.0009975433349609,0.0001688003540039,0,1,0,0,1,0,0,0,0,0,0,0,0,0,0,1,0,0,0,0,0,1,0,0,0,5.107578647650442e-11
blogger_1463,1,0.95,0.0008215904235839,0.0002069473266601,0,1,0,1,0,0,0,0,0,0,0,0,0,0,1,0,0,0,0,1,0,0,0,0,0,1.900405226079377e-08
blogger_1463,3,0.95,0.000823974609375,0.0002036094665527,1,0,0,0,1,0,0,0,0,0,0,0,0,0,0,1,0,0,0,0,0,1,0,0,0,1.4076881455656781e-08
blogger_1463,3,0.95,0.0010225772857666,0.0001952648162841,1,0,0,1,0,0,0,0,0,0,0,0,1,0,0,0,0,0,1,0,0,0,0,0,0,2.239568703584604e-08
blogger_1463,3,0.95,0.0009031295776367,0.000232458114624,0,1,0,0,1,0,0,0,0,0,0,0,1,0,0,0,0,0,0,1,0,0,0,0,0,1.2730642033839018e-10
blogger_1463,3,0.95,0.0008115768432617,0.0001766681671142,1,0,0,1,0,0,0,0,0,0,0,0,0,0,1,0,0,0,1,0,0,0,0,0,0,6.22757108553767e-10
blogger_1463,1,0.95,0.0007729530334472,0.0001666545867919,1,0,0,1,0,0,0,0,0,0,0,0,0,0,1,0,0,0,0,0,0,0,1,0,0,5.952439266159244e-09
blogger_1463,3,0.95,0.0007848739624023,0.0001893043518066,1,0,0,1,0,0,0,0,0,0,0,0,0,0,1,0,0,0,0,0,0,0,1,0,0,3.653173485600448e-10
blogger_1463,3,0.95,0.0009262561798095,0.0002191066741943,1,0,0,1,0,0,0,0,0,0,0,0,1,0,0,0,0,0,0,0,0,0,0,0,1,1.9049724045597595e-11
blogger_1463,3,0.95,0.0010256767272949,0.0001921653747558,1,0,0,1,0,0,0,0,0,0,0,0,1,0,0,0,0,0,0,0,0,0,1,0,0,3.5139778204240356e-11
blogger_1463,3,0.95,0.000781774520874,0.0001728534698486,0,1,0,1,0,0,0,0,0,0,0,0,0,0,1,0,0,0,0,0,1,0,0,0,0,2.445986300965861e-09
blogger_1463,3,0.95,0.0020239353179931,0.000192642211914,1,0,0,1,0,0,0,0,0,0,0,0,1,0,0,0,0,0,0,0,0,0,0,1,0,3.1671803800199747e-10
blogger_1463,3,0.95,0.000845193862915,0.0001764297485351,0,1,0,1,0,0,0,0,0,0,0,0,0,0,1,0,0,0,1,0,0,0,0,0,0,1.0508011205571732e-11
blogger_1463,3,0.95,0.0008161067962646,0.0001711845397949,1,0,0,1,0,0,0,0,0,0,0,0,0,0,1,0,0,0,0,0,1,0,0,0,0,1.1679334794500289e-08
blogger_1463,3,0.95,0.0009641647338867,0.0002799034118652,0,1,0,1,0,0,0,0,0,0,0,0,1,0,0,0,0,0,0,0,0,0,0,0,1,4.6431741314958117e-10
blogger_1463,1,0.95,0.0008370876312255,0.0002093315124511,0,1,0,1,0,0,0,0,0,0,0,0,0,0,1,0,0,0,0,0,0,0,1,0,0,1.799190468892381e-10
analcatdata_reviewer_1008,2,0.75,0.0008928775787353,0.0001616477966308,0,1,0,0,1,0,0,0,0,0,0,0,0,0,1,0,0,0,0,0,0,1,0,0,0,7.146225498477201e-09
analcatdata_reviewer_1008,2,0.75,0.0012640953063964,0.0002319812774658,0,1,0,1,0,0,0,0,0,0,0,0,1,0,0,0,0,0,0,0,1,0,0,0,0,6.613559665115841e-10
analcatdata_reviewer_1008,2,0.75,0.0012469291687011,0.0002193450927734,1,0,0,1,0,0,0,0,0,0,0,0,1,0,0,0,0,0,0,0,1,0,0,0,0,6.016230091759847e-09
analcatdata_reviewer_1008,2,0.7236842105263158,0.0008308887481689,0.0001559257507324,0,1,0,0,1,0,0,0,0,0,0,1,0,0,0,0,0,0,1,0,0,0,0,0,0,1.129255799205839e-11
analcatdata_reviewer_1008,2,0.7236842105263158,0.0009348392486572,0.0001709461212158,0,1,0,1,0,0,0,0,0,0,0,1,0,0,0,0,0,0,0,1,0,0,0,0,0,1.0906375756935734e-11
analcatdata_reviewer_1008,2,0.7236842105263158,0.0008573532104492,0.0001478195190429,0,1,0,0,1,0,0,0,0,0,1,0,0,0,0,0,0,0,0,0,1,0,0,0,0,1.7362318613722316e-09
analcatdata_reviewer_1008,2,0.7236842105263158,0.0009043216705322,0.0001664161682128,1,0,0,1,0,0,0,0,0,0,0,1,0,0,0,0,0,0,0,0,0,1,0,0,0,8.488835874901568e-08
analcatdata_reviewer_1008,2,0.7236842105263158,0.0011110305786132,0.0001971721649169,1,0,0,1,0,0,0,0,0,0,0,1,0,0,0,0,0,0,0,0,0,0,0,1,0,1.2286521690084142e-10
analcatdata_reviewer_1008,2,0.7236842105263158,0.0011310577392578,0.0001814365386962,0,1,0,1,0,0,0,0,0,0,0,1,0,0,0,0,0,0,0,0,0,0,0,1,0,5.389819591233588e-09
analcatdata_reviewer_1008,2,0.7236842105263158,0.000950813293457,0.0001747608184814,0,1,0,1,0,0,0,0,0,0,0,1,0,0,0,0,0,0,0,0,0,1,0,0,0,4.886863085213901e-11
analcatdata_reviewer_1008,2,0.7236842105263158,0.0010597705841064,0.0001833438873291,0,1,0,1,0,0,0,0,0,0,0,1,0,0,0,0,0,0,0,0,1,0,0,0,0,1.7627654388132678e-10
analcatdata_reviewer_1008,2,0.7236842105263158,0.0013110637664794,0.0002598762512207,1,0,0,1,0,0,0,0,0,0,0,1,0,0,0,0,0,0,0,0,0,0,0,0,1,2.0525774903921573e-11
analcatdata_reviewer_1008,2,0.7236842105263158,0.0008559226989746,0.0001575946807861,1,0,0,1,0,0,0,0,0,0,0,1,0,0,0,0,0,0,0,1,0,0,0,0,0,3.335589820758906e-08
analcatdata_reviewer_1008,2,0.7236842105263158,0.0008668899536132,0.0001657009124755,1,0,0,1,0,0,0,0,0,0,0,1,0,0,0,0,0,0,0,0,0,0,1,0,0,1.7448158840286127e-10
analcatdata_reviewer_1008,2,0.7236842105263158,0.0010106563568115,0.0001788139343261,1,0,0,1,0,0,0,0,0,0,0,1,0,0,0,0,0,0,0,0,1,0,0,0,0,8.353448310255573e-11
analcatdata_reviewer_1008,2,0.7236842105263158,0.0009636878967285,0.0001657009124755,0,1,0,1,0,0,0,0,0,0,0,1,0,0,0,0,0,0,1,0,0,0,0,0,0,8.364051798956268e-09
analcatdata_reviewer_1008,2,0.7236842105263158,0.0015885829925537,0.0008137226104736,0,1,0,0,1,0,0,0,0,0,0,1,0,0,0,0,0,0,0,1,0,0,0,0,0,6.277122764739884e-11
analcatdata_reviewer_1008,2,0.7236842105263158,0.0008201599121093,0.0001554489135742,0,1,0,1,0,0,0,0,0,0,0,1,0,0,0,0,0,0,0,0,0,0,1,0,0,9.143267839029912e-11
analcatdata_reviewer_1008,2,0.7236842105263158,0.0008442401885986,0.0001537799835205,0,1,0,0,1,0,0,0,0,0,0,1,0,0,0,0,0,0,0,0,0,0,0,0,1,2.5969585304056256e-11
analcatdata_reviewer_1008,2,0.7236842105263158,0.0010051727294921,0.0001749992370605,1,0,0,1,0,0,0,0,0,0,0,1,0,0,0,0,0,0,1,0,0,0,0,0,0,7.103749472106346e-08
chscase_whale_939,3,1.0,0.0009369850158691,0.0001688003540039,0,1,1,0,0,0,0,0,0,0,0,0,0,0,0,0,1,0,0,1,0,0,0,0,0,9.784778481818199e-11
chscase_whale_939,2,1.0,0.0009288787841796,0.0001678466796875,0,1,1,0,0,0,0,0,0,0,0,0,0,0,0,0,1,0,0,1,0,0,0,0,0,9.608447271804541e-08
chscase_whale_939,2,1.0,0.0007503032684326,0.0001440048217773,0,1,0,0,1,0,0,0,0,0,1,0,0,0,0,0,0,0,0,0,0,0,1,0,0,5.065213595312364e-11
chscase_whale_939,3,1.0,0.0007369518280029,0.0001399517059326,0,1,0,0,1,0,0,0,0,0,1,0,0,0,0,0,0,0,0,0,0,0,1,0,0,1.2095042532650129e-11
chscase_whale_939,1,1.0,0.0009670257568359,0.0001771450042724,0,1,0,0,1,0,0,0,0,1,0,0,0,0,0,0,0,0,0,0,0,0,1,0,0,3.8262597897313694e-08
chscase_whale_939,1,1.0,0.0007622241973876,0.000148057937622,0,1,0,0,1,0,0,1,0,0,0,0,0,0,0,0,0,0,0,0,0,0,1,0,0,2.0896281366066755e-09
chscase_whale_939,2,1.0,0.0007781982421875,0.0001478195190429,0,1,0,0,1,0,0,1,0,0,0,0,0,0,0,0,0,0,0,0,0,0,1,0,0,2.544719981353333e-10
chscase_whale_939,3,1.0,0.0008037090301513,0.0001447200775146,0,1,0,0,1,0,0,1,0,0,0,0,0,0,0,0,0,0,0,0,0,0,1,0,0,1.13072931006603e-09
chscase_whale_939,2,1.0,0.0008602142333984,0.0001578330993652,0,1,0,0,1,0,0,0,0,0,0,0,0,1,0,0,0,0,0,0,0,0,0,0,1,1.1038443006094113e-10
chscase_whale_939,3,1.0,0.0009527206420898,0.000162124633789,0,1,0,0,1,0,0,0,0,0,0,0,0,1,0,0,0,0,0,0,0,0,0,0,1,3.4596757791462363e-09
chscase_whale_939,1,1.0,0.0008220672607421,0.0001451969146728,0,1,0,0,1,0,0,0,0,0,1,0,0,0,0,0,0,0,0,0,0,0,1,0,0,2.923305699931841e-09
chscase_whale_939,1,1.0,0.000760793685913,0.0001497268676757,0,1,0,0,1,0,0,0,1,0,0,0,0,0,0,0,0,0,0,0,0,0,0,0,1,2.0929996521425303e-11
chscase_whale_939,1,1.0,0.0009052753448486,0.0001654624938964,0,1,0,0,1,0,1,0,0,0,0,0,0,0,0,0,0,0,0,0,0,0,0,0,1,4.392910977937075e-08
chscase_whale_939,2,1.0,0.000894546508789,0.0001835823059082,0,1,0,0,1,0,1,0,0,0,0,0,0,0,0,0,0,0,0,0,0,0,0,0,1,6.951865625096026e-10
chscase_whale_939,3,1.0,0.0008370876312255,0.0001614093780517,0,1,0,0,1,0,1,0,0,0,0,0,0,0,0,0,0,0,0,0,0,0,0,0,1,6.034155925027727e-11
chscase_whale_939,3,1.0,0.0008683204650878,0.0001585483551025,0,1,0,0,1,0,0,0,0,0,0,1,0,0,0,0,0,0,0,0,0,0,0,0,1,1.6964280224608938e-10
chscase_whale_939,3,1.0,0.0009658336639404,0.0002188682556152,0,1,0,0,1,0,0,0,0,0,0,0,0,0,1,0,0,0,0,0,0,0,0,0,1,2.916668151195866e-08
chscase_whale_939,1,1.0,0.0007975101470947,0.0001528263092041,0,1,0,0,1,0,0,0,0,0,0,0,0,0,0,0,1,0,0,0,0,0,0,0,1,3.4098925019897266e-10
chscase_whale_939,2,1.0,0.0007908344268798,0.000150442123413,0,1,0,0,1,0,0,0,0,0,0,0,0,0,0,0,1,0,0,0,0,0,0,0,1,1.7694760336201455e-09
chscase_whale_939,3,1.0,0.0007843971252441,0.0001528263092041,0,1,0,0,1,0,0,0,0,0,0,0,0,0,0,0,1,0,0,0,0,0,0,0,1,6.176734577566299e-08
Smartphone-Based_Recognition_of_Human_Activities_4153,3,1.0,0.00130295753479,0.0003900527954101,1,0,1,0,0,0,0,0,0,0,0,0,1,0,0,0,0,0,0,0,0,0,0,0,1,4.044508480021926e-09
Smartphone-Based_Recognition_of_Human_Activities_4153,0,1.0,0.000948429107666,0.0002844333648681,0,1,0,0,1,1,0,0,0,0,0,0,0,0,0,0,0,0,0,0,0,0,1,0,0,5.045067435979907e-09
Smartphone-Based_Recognition_of_Human_Activities_4153,0,1.0,0.001016616821289,0.0002903938293457,1,0,0,1,0,1,0,0,0,0,0,0,0,0,0,0,0,0,0,0,0,1,0,0,0,9.869049986011218e-11
Smartphone-Based_Recognition_of_Human_Activities_4153,0,1.0,0.0010900497436523,0.0003552436828613,1,0,1,0,0,1,0,0,0,0,0,0,0,0,0,0,0,0,0,0,0,0,0,0,1,4.7117337358108074e-09
Smartphone-Based_Recognition_of_Human_Activities_4153,0,1.0,0.0009613037109375,0.0002875328063964,1,0,0,1,0,0,0,0,0,0,1,0,0,0,0,0,0,0,1,0,0,0,0,0,0,3.7602002743464966e-10
Smartphone-Based_Recognition_of_Human_Activities_4153,3,1.0,0.0009634494781494,0.0003025531768798,0,1,0,0,1,1,0,0,0,0,0,0,0,0,0,0,0,0,0,0,0,0,1,0,0,4.4072728530961226e-08
Smartphone-Based_Recognition_of_Human_Activities_4153,0,1.0,0.0011203289031982,0.0003297328948974,1,0,0,0,1,0,0,0,0,0,1,0,0,0,0,0,0,0,0,0,0,0,0,0,1,3.297276684508931e-11
Smartphone-Based_Recognition_of_Human_Activities_4153,0,1.0,0.0009765625,0.0002853870391845,0,1,0,0,1,1,0,0,0,0,0,0,0,0,0,0,0,0,0,0,0,0,0,0,1,1.3885496031234023e-10
Smartphone-Based_Recognition_of_Human_Activities_4153,0,1.0,0.0009903907775878,0.0004398822784423,1,0,0,1,0,1,0,0,0,0,0,0,0,0,0,0,0,0,0,0,0,0,0,1,0,1.8365506684770892e-11
Smartphone-Based_Recognition_of_Human_Activities_4153,0,1.0,0.0009820461273193,0.0002753734588623,0,1,1,0,0,1,0,0,0,0,0,0,0,0,0,0,0,0,0,1,0,0,0,0,0,3.3389921396560715e-10
Smartphone-Based_Recognition_of_Human_Activities_4153,0,1.0,0.0016260147094726,0.0004677772521972,1,0,0,0,1,1,0,0,0,0,0,0,0,0,0,0,0,0,0,0,0,1,0,0,0,3.9218471603789894e-11
Smartphone-Based_Recognition_of_Human_Activities_4153,0,1.0,0.0009267330169677,0.000295877456665,0,1,1,0,0,0,0,0,0,0,1,0,0,0,0,0,0,0,0,0,0,0,1,0,0,2.40201114340524e-08
Smartphone-Based_Recognition_of_Human_Activities_4153,0,1.0,0.0010421276092529,0.00028657913208,1,0,0,1,0,0,0,0,0,0,1,0,0,0,0,0,0,0,0,0,0,1,0,0,0,5.0138669822741e-08
Smartphone-Based_Recognition_of_Human_Activities_4153,0,1.0,0.0009114742279052,0.0002796649932861,0,1,0,1,0,0,0,0,0,0,1,0,0,0,0,0,0,0,0,0,0,0,0,1,0,4.761048210989871e-09
Smartphone-Based_Recognition_of_Human_Activities_4153,0,1.0,0.0009558200836181,0.0003092288970947,0,1,0,1,0,1,0,0,0,0,0,0,0,0,0,0,0,0,0,0,0,1,0,0,0,2.590230422762081e-11
Smartphone-Based_Recognition_of_Human_Activities_4153,0,1.0,0.0009188652038574,0.0002808570861816,0,1,0,1,0,0,0,0,0,0,1,0,0,0,0,0,0,0,0,0,0,1,0,0,0,2.3255384609363708e-10
Smartphone-Based_Recognition_of_Human_Activities_4153,0,1.0,0.0009341239929199,0.0002827644348144,1,0,0,1,0,0,0,0,0,0,1,0,0,0,0,0,0,0,0,0,0,0,0,1,0,7.210536330439527e-08
Smartphone-Based_Recognition_of_Human_Activities_4153,0,1.0,0.0009148120880126,0.0002751350402832,1,0,0,0,1,0,0,0,0,0,1,0,0,0,0,0,0,0,0,0,0,0,0,1,0,3.509173942573763e-11
Smartphone-Based_Recognition_of_Human_Activities_4153,0,1.0,0.0009596347808837,0.0002791881561279,1,0,0,1,0,1,0,0,0,0,0,0,0,0,0,0,0,0,0,1,0,0,0,0,0,1.6825095209949603e-09
Smartphone-Based_Recognition_of_Human_Activities_4153,0,1.0,0.0009553432464599,0.0002777576446533,1,0,0,1,0,1,0,0,0,0,0,0,0,0,0,0,0,0,0,0,0,0,0,0,1,2.580583427937229e-10
bodyfat_778,0,1.0,0.0007855892181396,0.0001454353332519,1,0,0,1,0,0,0,0,1,0,0,0,0,0,0,0,0,0,1,0,0,0,0,0,0,9.923170388962886e-08
bodyfat_778,2,1.0,0.0008332729339599,0.0001566410064697,1,0,1,0,0,0,0,0,1,0,0,0,0,0,0,0,0,0,0,0,0,0,0,0,1,1.3853396313889544e-10
bodyfat_778,2,1.0,0.0008571147918701,0.0001711845397949,1,0,1,0,0,0,0,0,0,0,1,0,0,0,0,0,0,0,0,1,0,0,0,0,0,1.5527053919089654e-11
bodyfat_778,1,1.0,0.0009698867797851,0.0001847743988037,1,0,1,0,0,0,0,0,1,0,0,0,0,0,0,0,0,0,0,0,0,0,0,0,1,6.4377077795209434e-09
bodyfat_778,0,1.0,0.000939130783081,0.0001742839813232,1,0,1,0,0,0,0,0,1,0,0,0,0,0,0,0,0,0,0,0,0,0,0,0,1,2.0274834647066475e-10
bodyfat_778,2,1.0,0.0009024143218994,0.0001521110534667,1,0,1,0,0,1,0,0,0,0,0,0,0,0,0,0,0,0,0,1,0,0,0,0,0,4.268995881485672e-09
bodyfat_778,1,1.0,0.0008013248443603,0.0001528263092041,0,1,0,0,1,0,0,0,0,0,1,0,0,0,0,0,0,0,0,0,0,0,1,0,0,2.6218506389401327e-11
bodyfat_778,2,1.0,0.0013751983642578,0.0001928806304931,0,1,0,0,1,0,0,0,0,0,1,0,0,0,0,0,0,0,0,0,0,0,1,0,0,1.236667090452191e-09
bodyfat_778,1,1.0,0.0008673667907714,0.0001718997955322,0,1,0,0,1,0,0,0,1,0,0,0,0,0,0,0,0,0,0,0,0,0,1,0,0,3.1690288551097753e-10
bodyfat_778,3,1.0,0.0007550716400146,0.0001702308654785,0,1,1,0,0,0,0,0,1,0,0,0,0,0,0,0,0,0,0,0,0,0,1,0,0,1.4030350997459011e-09
bodyfat_778,2,1.0,0.0007998943328857,0.0001473426818847,0,1,0,0,1,0,0,0,1,0,0,0,0,0,0,0,0,0,0,0,0,0,1,0,0,2.593519942362113e-08
bodyfat_778,2,1.0,0.0009574890136718,0.0001530647277832,1,0,1,0,0,0,0,0,0,0,0,0,0,0,0,0,1,0,0,1,0,0,0,0,0,7.780171168633148e-08
bodyfat_778,0,1.0,0.00087571144104,0.0001583099365234,1,0,1,0,0,0,0,0,1,0,0,0,0,0,0,0,0,0,0,1,0,0,0,0,0,1.0292682979681529e-08
bodyfat_778,1,1.0,0.0008418560028076,0.0001590251922607,1,0,1,0,0,0,0,0,1,0,0,0,0,0,0,0,0,0,0,1,0,0,0,0,0,1.1679742305506505e-08
bodyfat_778,3,1.0,0.0008130073547363,0.0001490116119384,0,1,0,0,1,0,0,0,1,0,0,0,0,0,0,0,0,0,0,0,0,0,1,0,0,1.3054022561441836e-09
bodyfat_778,2,1.0,0.0008931159973144,0.0001595020294189,0,1,0,0,1,0,0,0,0,0,0,0,0,0,0,0,1,0,0,0,0,0,0,0,1,2.4524478179492173e-11
bodyfat_778,2,1.0,0.0008587837219238,0.0001490116119384,0,1,0,0,1,0,0,0,0,0,0,0,0,0,0,0,1,0,0,0,0,0,1,0,0,4.658415104747958e-09
bodyfat_778,0,1.0,0.0008118152618408,0.0001459121704101,0,1,0,0,1,0,0,0,1,0,0,0,0,0,0,0,0,0,0,0,0,0,1,0,0,3.9004928589607415e-11
bodyfat_778,2,1.0,0.0008974075317382,0.0001771450042724,0,1,0,0,1,1,0,0,0,0,0,0,0,0,0,0,0,0,0,0,0,0,0,0,1,9.6082484896494e-11
bodyfat_778,1,1.0,0.0008208751678466,0.000145673751831,1,0,0,1,0,0,0,0,1,0,0,0,0,0,0,0,0,0,0,0,0,1,0,0,0,6.765969757997135e-09
socmob_934,2,0.9523809523809524,0.0017628669738769,0.00030517578125,1,0,0,1,0,0,0,0,0,0,0,1,0,0,0,0,0,0,0,0,1,0,0,0,0,4.245906013393506e-09
socmob_934,2,0.9523809523809524,0.0014095306396484,0.0002672672271728,0,1,0,1,0,0,0,0,0,0,0,1,0,0,0,0,0,0,0,0,1,0,0,0,0,1.8084385923033088e-10
socmob_934,4,0.948051948051948,0.0022103786468505,0.0003829002380371,0,1,0,0,1,0,0,0,0,0,0,0,1,0,0,0,0,0,0,0,0,0,0,1,0,1.225115244306653e-08
socmob_934,2,0.948051948051948,0.0083227157592773,0.0013771057128906,1,0,0,1,0,0,0,0,0,0,0,0,0,0,1,0,0,0,0,1,0,0,0,0,0,5.718249988423461e-08
socmob_934,4,0.948051948051948,0.0021371841430664,0.0004281997680664,1,0,0,0,1,0,0,0,0,0,0,0,1,0,0,0,0,0,0,0,0,0,0,1,0,1.5171848053393404e-09
socmob_934,3,0.948051948051948,0.0069072246551513,0.0012516975402832,0,1,0,1,0,0,0,0,0,0,0,0,0,0,1,0,0,0,0,1,0,0,0,0,0,5.137438500816265e-09
socmob_934,3,0.948051948051948,0.0090789794921875,0.0013628005981445,1,0,0,1,0,0,0,0,0,0,0,0,0,0,1,0,0,0,0,1,0,0,0,0,0,1.2221326252132427e-10
socmob_934,2,0.948051948051948,0.0066149234771728,0.0012810230255126,0,1,0,1,0,0,0,0,0,0,0,0,0,0,1,0,0,0,0,1,0,0,0,0,0,7.642372087833345e-08
socmob_934,3,0.9437229437229436,0.0011332035064697,0.0002048015594482,1,0,0,0,1,0,0,0,0,0,0,1,0,0,0,0,0,0,0,0,0,0,1,0,0,1.24399789977871e-10
socmob_934,3,0.9437229437229436,0.0010938644409179,0.0001952648162841,0,1,0,0,1,0,0,0,0,0,0,1,0,0,0,0,0,0,0,0,0,0,1,0,0,3.545162093614797e-08
socmob_934,4,0.9437229437229436,0.0012116432189941,0.0002248287200927,1,0,0,0,1,0,0,0,0,0,0,0,0,0,1,0,0,0,1,0,0,0,0,0,0,5.146078978675028e-08
socmob_934,4,0.9437229437229436,0.0012130737304687,0.0002250671386718,0,1,0,0,1,0,0,0,0,0,0,0,0,0,1,0,0,0,1,0,0,0,0,0,0,7.559870887866144e-09
socmob_934,4,0.9393939393939394,0.0012629032135009,0.0002353191375732,1,0,0,1,0,0,0,1,0,0,0,0,0,0,0,0,0,0,0,1,0,0,0,0,0,1.7633954297523512e-08
socmob_934,3,0.9393939393939394,0.0013589859008789,0.000213623046875,1,0,0,1,0,0,0,0,0,0,0,0,0,0,0,0,1,0,0,1,0,0,0,0,0,6.783084560225886e-10
socmob_934,4,0.9393939393939394,0.0012156963348388,0.0002005100250244,1,0,0,0,1,1,0,0,0,0,0,0,0,0,0,0,0,0,0,0,0,0,0,0,1,4.766363474425028e-08
socmob_934,4,0.9393939393939394,0.0011038780212402,0.0001912117004394,1,0,0,0,1,0,0,0,0,0,0,0,0,0,0,0,1,0,0,0,0,0,0,0,1,9.345122101491984e-09
socmob_934,4,0.9393939393939394,0.0012481212615966,0.0002281665802001,0,1,0,0,1,0,0,0,0,0,0,0,0,0,1,0,0,0,0,1,0,0,0,0,0,2.0275705106366092e-10
socmob_934,4,0.9393939393939394,0.0011723041534423,0.0002050399780273,0,1,0,0,1,0,0,0,0,0,0,0,0,0,0,0,1,0,0,1,0,0,0,0,0,1.3796873126551913e-11
socmob_934,3,0.9393939393939394,0.0010998249053955,0.0001914501190185,1,0,0,1,0,0,0,0,0,0,0,0,0,0,0,0,1,0,1,0,0,0,0,0,0,1.4559045571445907e-09
socmob_934,4,0.9393939393939394,0.0012807846069335,0.0002145767211914,0,1,0,0,1,1,0,0,0,0,0,0,0,0,0,0,0,0,0,1,0,0,0,0,0,2.3046304672396076e-08
servo_747,4,1.0,0.0009856224060058,0.0001900196075439,1,0,0,1,0,0,0,0,0,1,0,0,0,0,0,0,0,0,0,0,0,0,0,0,1,2.7712293852795383e-08
servo_747,1,1.0,0.0008440017700195,0.0001616477966308,0,1,0,0,1,0,1,0,0,0,0,0,0,0,0,0,0,0,0,0,0,0,1,0,0,2.1901552543921912e-08
servo_747,1,1.0,0.0009713172912597,0.0001888275146484,1,0,0,0,1,0,0,0,0,0,0,0,0,0,0,1,0,0,0,0,0,0,1,0,0,7.227464075842142e-11
servo_747,2,1.0,0.0010321140289306,0.0002017021179199,1,0,0,0,1,0,0,0,0,0,0,0,0,0,0,1,0,0,0,0,0,0,0,0,1,5.065168745415795e-10
servo_747,4,1.0,0.0009520053863525,0.0001726150512695,0,1,0,1,0,0,0,0,0,0,0,0,0,1,0,0,0,0,0,0,0,1,0,0,0,2.853010833207539e-09
servo_747,4,1.0,0.0007989406585693,0.0001578330993652,1,0,0,1,0,0,0,0,0,0,0,0,0,1,0,0,0,0,0,0,0,1,0,0,0,4.6797857243258605e-09
servo_747,4,1.0,0.0009906291961669,0.0002179145812988,0,1,0,1,0,0,0,0,0,1,0,0,0,0,0,0,0,0,0,0,0,0,1,0,0,2.179383640270832e-10
servo_747,1,1.0,0.0009748935699462,0.0002334117889404,0,1,0,0,1,0,0,0,0,0,0,0,0,0,0,1,0,0,1,0,0,0,0,0,0,5.896160473044705e-09
servo_747,2,1.0,0.0009450912475585,0.0001890659332275,0,1,0,0,1,0,0,0,0,0,0,0,0,0,0,1,0,0,1,0,0,0,0,0,0,2.309872614028142e-09
servo_747,4,1.0,0.001197338104248,0.0001881122589111,1,0,0,1,0,0,0,0,0,1,0,0,0,0,0,0,0,0,0,0,0,1,0,0,0,1.8497042687418646e-09
servo_747,4,1.0,0.0008010864257812,0.000159740447998,1,0,0,1,0,0,0,0,0,0,0,0,0,1,0,0,0,0,0,0,0,0,1,0,0,4.488480005880862e-09
servo_747,4,1.0,0.000870943069458,0.0001626014709472,0,1,0,1,0,0,0,0,0,0,0,0,0,1,0,0,0,0,0,0,0,0,0,0,1,2.5910256687074003e-09
servo_747,2,1.0,0.0011050701141357,0.0001904964447021,0,1,0,0,1,0,0,0,0,1,0,0,0,0,0,0,0,0,0,0,0,0,0,1,0,4.6504881131282185e-11
servo_747,4,1.0,0.0016982555389404,0.0002663135528564,0,1,0,1,0,0,0,0,0,0,0,0,0,1,0,0,0,0,0,0,0,0,1,0,0,3.1453234255115814e-08
servo_747,4,1.0,0.0012528896331787,0.00022554397583,0,1,0,1,0,0,0,0,0,1,0,0,0,0,0,0,0,0,0,0,0,1,0,0,0,9.168093080535144e-11
servo_747,4,1.0,0.0010111331939697,0.0001885890960693,0,1,0,1,0,0,0,0,0,1,0,0,0,0,0,0,0,0,0,0,0,0,0,0,1,9.505065740035064e-09
servo_747,4,1.0,0.0020537376403808,0.0002059936523437,1,0,0,1,0,0,0,0,0,1,0,0,0,0,0,0,0,0,0,0,0,0,1,0,0,5.079566985354331e-11
servo_747,1,1.0,0.0008392333984375,0.0001630783081054,1,0,0,0,1,0,1,0,0,0,0,0,0,0,0,0,0,0,0,0,0,0,1,0,0,4.404185993864668e-09
servo_747,2,1.0,0.0007953643798828,0.0001587867736816,0,1,0,0,1,0,0,0,0,0,0,0,0,1,0,0,0,0,0,0,0,0,0,1,0,3.8259125164151394e-08
servo_747,1,1.0,0.0009760856628417,0.0002367496490478,1,0,0,0,1,0,0,0,0,0,0,0,0,0,0,1,0,0,1,0,0,0,0,0,0,1.0935586029089387e-11
KnuggetChase3_1448,1,0.9230769230769232,0.0006916522979736,0.0001733303070068,0,1,1,0,0,0,0,0,0,0,0,0,0,0,0,0,1,0,0,0,1,0,0,0,0,8.292980919555907e-08
KnuggetChase3_1448,1,0.9230769230769232,0.0006759166717529,0.0001654624938964,0,1,1,0,0,0,0,0,1,0,0,0,0,0,0,0,0,0,0,0,1,0,0,0,0,1.3143271120086877e-11
KnuggetChase3_1448,1,0.9230769230769232,0.0006356239318847,0.0001845359802246,1,0,0,0,1,0,0,0,1,0,0,0,0,0,0,0,0,0,0,0,1,0,0,0,0,1.1103770670223078e-11
KnuggetChase3_1448,1,0.9230769230769232,0.0006537437438964,0.0001637935638427,1,0,1,0,0,0,0,0,1,0,0,0,0,0,0,0,0,0,0,0,1,0,0,0,0,2.6930250512111813e-08
KnuggetChase3_1448,1,0.9230769230769232,0.0006558895111083,0.0001647472381591,0,1,0,1,0,0,0,0,1,0,0,0,0,0,0,0,0,0,0,0,1,0,0,0,0,6.836219714820601e-09
KnuggetChase3_1448,1,0.9230769230769232,0.0007028579711914,0.0001747608184814,1,0,0,0,1,0,0,0,0,0,0,0,0,0,0,0,1,0,0,0,1,0,0,0,0,2.6499802165119808e-11
KnuggetChase3_1448,1,0.9230769230769232,0.0007057189941406,0.0001707077026367,1,0,1,0,0,0,0,0,0,0,0,0,0,0,0,0,1,0,0,0,1,0,0,0,0,5.619007689048594e-08
KnuggetChase3_1448,1,0.9230769230769232,0.0007131099700927,0.0001726150512695,1,0,0,1,0,0,0,0,0,0,0,0,0,0,0,0,1,0,0,0,1,0,0,0,0,4.872243272920681e-09
KnuggetChase3_1448,1,0.9230769230769232,0.0007605552673339,0.0001718997955322,0,1,0,0,1,0,0,0,0,0,0,0,0,0,0,0,1,0,0,0,1,0,0,0,0,2.7808282975849392e-11
KnuggetChase3_1448,1,0.9230769230769232,0.0007345676422119,0.0001733303070068,0,1,0,1,0,0,0,0,0,0,0,0,0,0,0,0,1,0,0,0,1,0,0,0,0,2.76830784654902e-08
KnuggetChase3_1448,1,0.9230769230769232,0.0007243156433105,0.000169038772583,1,0,0,1,0,0,0,0,1,0,0,0,0,0,0,0,0,0,0,0,1,0,0,0,0,8.387246538241817e-10
KnuggetChase3_1448,1,0.9230769230769232,0.0006687641143798,0.0001630783081054,0,1,0,0,1,0,0,0,1,0,0,0,0,0,0,0,0,0,0,0,1,0,0,0,0,1.2957904064531906e-10
KnuggetChase3_1448,4,0.9210526315789472,0.0007116794586181,0.000195026397705,1,0,0,1,0,0,0,0,0,0,0,0,0,1,0,0,0,0,0,0,0,1,0,0,0,1.9960168395730453e-08
KnuggetChase3_1448,4,0.9210526315789472,0.0007359981536865,0.000185489654541,0,1,0,0,1,0,0,0,0,0,0,0,0,1,0,0,0,0,0,0,0,1,0,0,0,8.990540769259561e-09
KnuggetChase3_1448,4,0.9210526315789472,0.0011329650878906,0.0002861022949218,1,0,0,0,1,0,0,0,0,1,0,0,0,0,0,0,0,0,0,0,0,1,0,0,0,3.105812321528002e-09
KnuggetChase3_1448,4,0.9210526315789472,0.0009181499481201,0.0002143383026123,0,1,0,1,0,0,0,0,0,1,0,0,0,0,0,0,0,0,0,0,0,1,0,0,0,3.926925015679606e-08
KnuggetChase3_1448,4,0.9210526315789472,0.0010237693786621,0.0002148151397705,1,0,0,0,1,0,0,0,0,0,0,0,0,1,0,0,0,0,0,0,0,1,0,0,0,2.786886233517501e-08
KnuggetChase3_1448,4,0.9210526315789472,0.0009119510650634,0.0002048015594482,0,1,0,1,0,0,0,0,0,0,0,0,0,1,0,0,0,0,0,0,0,1,0,0,0,8.075448164387689e-11
KnuggetChase3_1448,4,0.9210526315789472,0.0009629726409912,0.0002193450927734,0,1,0,0,1,0,0,0,0,1,0,0,0,0,0,0,0,0,0,0,0,1,0,0,0,3.2714826208102856e-08
KnuggetChase3_1448,4,0.9210526315789472,0.0008051395416259,0.0001940727233886,1,0,1,0,0,0,0,0,0,0,0,0,0,1,0,0,0,0,0,0,0,1,0,0,0,3.134435650714795e-10
analcatdata_wildcat_748,3,0.9375,0.0010170936584472,0.0002241134643554,1,0,0,0,1,0,0,0,0,0,0,0,0,0,0,1,0,0,0,0,0,0,0,0,1,5.334544511093997e-10
analcatdata_wildcat_748,3,0.9375,0.0009052753448486,0.0001795291900634,0,1,1,0,0,0,0,0,0,0,0,0,0,0,0,1,0,0,0,0,0,0,0,0,1,7.750496928902838e-08
analcatdata_wildcat_748,3,0.9375,0.0009810924530029,0.0001916885375976,0,1,0,0,1,0,0,0,0,0,0,0,0,0,0,1,0,0,0,0,0,0,0,0,1,1.0952097822163384e-08
analcatdata_wildcat_748,3,0.9375,0.0008528232574462,0.0001747608184814,1,0,1,0,0,0,0,0,0,0,0,0,0,0,0,1,0,0,0,0,0,0,0,0,1,1.9317184039041247e-10
analcatdata_wildcat_748,3,0.9375,0.0009036064147949,0.0001807212829589,0,1,0,1,0,0,0,0,0,0,0,0,0,0,0,1,0,0,0,0,0,0,0,0,1,3.905742060970985e-09
analcatdata_wildcat_748,3,0.9375,0.0011913776397705,0.0002048015594482,1,0,0,1,0,0,0,0,0,0,0,0,0,0,0,1,0,0,0,0,0,0,0,0,1,1.4364725953845591e-09
analcatdata_wildcat_748,3,0.90625,0.0009992122650146,0.0001945495605468,0,1,0,0,1,0,0,0,0,0,0,0,0,0,0,1,0,0,0,0,0,0,0,1,0,2.926934125545448e-11
analcatdata_wildcat_748,3,0.90625,0.0011003017425537,0.0001842975616455,0,1,0,1,0,0,0,0,0,0,0,0,0,0,0,1,0,0,0,0,0,0,0,1,0,3.556389767037078e-08
analcatdata_wildcat_748,3,0.90625,0.0010604858398437,0.0001909732818603,1,0,0,1,0,0,0,0,0,0,0,0,0,0,0,1,0,0,0,0,0,0,0,1,0,1.938768408912339e-08
analcatdata_wildcat_748,3,0.90625,0.0008771419525146,0.0001749992370605,1,0,1,0,0,0,0,0,0,0,0,0,0,0,0,1,0,0,0,0,0,0,0,1,0,1.2907479012163949e-08
analcatdata_wildcat_748,3,0.90625,0.0009138584136962,0.0001788139343261,0,1,1,0,0,0,0,0,0,0,0,0,0,0,0,1,0,0,0,0,0,0,0,1,0,1.7243028670231746e-09
analcatdata_wildcat_748,3,0.90625,0.0010108947753906,0.0001740455627441,1,0,0,0,1,0,0,0,0,0,0,0,0,0,0,1,0,0,0,0,0,0,0,1,0,7.644511901343677e-11
analcatdata_wildcat_748,0,0.8787878787878788,0.0017139911651611,0.0001938343048095,1,0,0,0,1,0,0,0,0,0,0,0,0,0,0,1,0,0,0,0,0,1,0,0,0,3.432291124415564e-08
analcatdata_wildcat_748,0,0.8787878787878788,0.0009880065917968,0.0001823902130126,1,0,1,0,0,0,0,0,0,0,0,0,0,0,0,1,0,0,0,0,0,1,0,0,0,2.5814432050764256e-10
analcatdata_wildcat_748,0,0.8787878787878788,0.0010573863983154,0.0001909732818603,0,1,1,0,0,0,0,0,0,0,0,0,0,0,0,1,0,0,0,0,0,1,0,0,0,1.2035730977183442e-11
analcatdata_wildcat_748,0,0.8787878787878788,0.0011723041534423,0.0002450942993164,0,1,0,0,1,0,0,0,0,0,0,0,0,0,0,1,0,0,0,0,0,1,0,0,0,8.454670972691503e-08
analcatdata_wildcat_748,0,0.8787878787878788,0.0010185241699218,0.0001857280731201,0,1,0,1,0,0,0,0,0,0,0,0,0,0,0,1,0,0,0,0,0,1,0,0,0,2.7837383575171465e-08
analcatdata_wildcat_748,0,0.8787878787878788,0.0011012554168701,0.0002202987670898,1,0,0,1,0,0,0,0,0,0,0,0,0,0,0,1,0,0,0,0,0,1,0,0,0,3.095433096322966e-09
analcatdata_wildcat_748,3,0.875,0.0009493827819824,0.0001735687255859,1,0,0,0,1,0,0,0,0,1,0,0,0,0,0,0,0,0,0,1,0,0,0,0,0,1.121059227446989e-11
analcatdata_wildcat_748,3,0.875,0.0010969638824462,0.0002224445343017,0,1,1,0,0,0,0,0,0,0,0,0,0,0,0,1,0,0,0,0,0,1,0,0,0,8.144496269240049e-11
qualitative-bankruptcy_1495,1,1.0,0.0007603168487548,0.0001361370086669,1,0,1,0,0,0,0,0,1,0,0,0,0,0,0,0,0,0,0,1,0,0,0,0,0,6.42983090690306e-10
qualitative-bankruptcy_1495,0,1.0,0.0006675720214843,0.000131607055664,1,0,1,0,0,0,0,0,1,0,0,0,0,0,0,0,0,0,0,1,0,0,0,0,0,3.253416710376447e-09
qualitative-bankruptcy_1495,0,1.0,0.0015943050384521,0.0008091926574707,1,0,1,0,0,0,0,0,0,0,0,1,0,0,0,0,0,0,0,1,0,0,0,0,0,6.801709306274463e-09
qualitative-bankruptcy_1495,3,1.0,0.0006694793701171,0.0001323223114013,1,0,1,0,0,0,0,0,0,0,0,0,0,0,0,0,1,0,0,1,0,0,0,0,0,1.422626162407258e-08
qualitative-bankruptcy_1495,1,1.0,0.000687837600708,0.0001311302185058,1,0,1,0,0,0,0,0,0,0,0,0,0,0,0,0,1,0,0,1,0,0,0,0,0,1.6697202058697623e-09
qualitative-bankruptcy_1495,0,1.0,0.0007524490356445,0.0001411437988281,0,1,0,0,1,0,0,0,0,0,0,0,0,0,0,0,1,0,0,0,0,0,1,0,0,4.2143801856504075e-09
qualitative-bankruptcy_1495,1,1.0,0.000683307647705,0.0001389980316162,0,1,0,0,1,0,0,0,0,0,0,0,0,0,0,0,1,0,0,0,0,0,1,0,0,1.7578053941925318e-08
qualitative-bankruptcy_1495,3,1.0,0.000725507736206,0.0001394748687744,1,0,0,0,1,0,0,0,0,0,1,0,0,0,0,0,0,0,0,1,0,0,0,0,0,7.574696586213565e-09
qualitative-bankruptcy_1495,0,1.0,0.0007340908050537,0.0001406669616699,1,0,0,0,1,1,0,0,0,0,0,0,0,0,0,0,0,0,0,1,0,0,0,0,0,6.595524361811609e-08
qualitative-bankruptcy_1495,0,1.0,0.0007636547088623,0.0001559257507324,1,0,0,0,1,0,0,0,0,0,0,0,0,0,1,0,0,0,0,1,0,0,0,0,0,3.151981077473018e-08
qualitative-bankruptcy_1495,0,1.0,0.000683307647705,0.0001397132873535,1,0,0,0,1,0,0,0,0,0,0,0,0,0,0,0,1,0,0,0,0,0,0,0,1,4.7582264978379936e-11
qualitative-bankruptcy_1495,0,1.0,0.0007905960083007,0.0001697540283203,1,0,0,0,1,0,0,0,0,0,0,1,0,0,0,0,0,0,0,0,0,0,0,0,1,6.161358894680125e-08
qualitative-bankruptcy_1495,0,1.0,0.0008111000061035,0.0001418590545654,1,0,0,0,1,0,0,0,0,0,1,0,0,0,0,0,0,0,0,1,0,0,0,0,0,6.556981679929364e-11
qualitative-bankruptcy_1495,0,1.0,0.0017251968383789,0.0008966922760009,1,0,0,0,1,0,0,0,0,0,0,1,0,0,0,0,0,0,0,1,0,0,0,0,0,9.226885744107397e-08
qualitative-bankruptcy_1495,0,1.0,0.0006861686706542,0.0001406669616699,1,0,0,1,0,0,0,0,0,0,1,0,0,0,0,0,0,0,0,0,0,0,1,0,0,6.387312550220821e-09
qualitative-bankruptcy_1495,3,1.0,0.0006952285766601,0.0001413822174072,1,0,0,1,0,0,0,0,0,0,1,0,0,0,0,0,0,0,0,0,0,0,1,0,0,3.2368771062940636e-09
qualitative-bankruptcy_1495,3,1.0,0.0006687641143798,0.0001375675201416,1,0,0,0,1,0,0,0,0,0,0,0,0,0,0,0,1,0,0,0,0,0,0,0,1,1.9828556770600868e-10
qualitative-bankruptcy_1495,0,1.0,0.0008230209350585,0.000145673751831,1,0,0,0,1,0,0,0,1,0,0,0,0,0,0,0,0,0,0,0,0,0,0,0,1,3.407454769018356e-11
qualitative-bankruptcy_1495,1,1.0,0.0008642673492431,0.0001430511474609,1,0,0,0,1,0,0,0,1,0,0,0,0,0,0,0,0,0,0,0,0,0,0,0,1,3.1966277539773946e-11
qualitative-bankruptcy_1495,3,1.0,0.0006830692291259,0.0001404285430908,1,0,0,0,1,0,0,0,1,0,0,0,0,0,0,0,0,0,0,0,0,0,0,0,1,2.9261781990789054e-08
wilt_40983,3,0.9886363636363636,0.0014545917510986,0.0003411769866943,0,1,0,1,0,0,1,0,0,0,0,0,0,0,0,0,0,0,0,0,0,1,0,0,0,5.367442304084246e-10
wilt_40983,3,0.9886363636363636,0.0013854503631591,0.000279426574707,1,0,1,0,0,0,1,0,0,0,0,0,0,0,0,0,0,0,0,0,0,1,0,0,0,1.7354313055566727e-09
wilt_40983,3,0.9886363636363636,0.0014066696166992,0.0002896785736083,1,0,0,0,1,0,1,0,0,0,0,0,0,0,0,0,0,0,0,0,0,1,0,0,0,5.337580408445673e-08
wilt_40983,3,0.9886363636363636,0.0013689994812011,0.0003190040588378,1,0,0,1,0,0,1,0,0,0,0,0,0,0,0,0,0,0,0,0,0,1,0,0,0,1.0505550608668011e-10
wilt_40983,3,0.9886363636363636,0.0013067722320556,0.0003528594970703,0,1,0,0,1,0,1,0,0,0,0,0,0,0,0,0,0,0,0,0,0,1,0,0,0,1.1369724507613672e-08
wilt_40983,3,0.9886363636363636,0.0015649795532226,0.0003705024719238,0,1,1,0,0,0,1,0,0,0,0,0,0,0,0,0,0,0,0,0,0,1,0,0,0,7.618317132515946e-10
wilt_40983,3,0.9865702479338844,0.0014853477478027,0.0002925395965576,0,1,0,1,0,0,0,0,0,1,0,0,0,0,0,0,0,0,0,0,0,1,0,0,0,7.096082180697641e-11
wilt_40983,0,0.9865702479338844,0.001493215560913,0.0003268718719482,0,1,0,1,0,0,0,0,0,1,0,0,0,0,0,0,0,0,0,0,0,1,0,0,0,2.5815867436841624e-08
wilt_40983,0,0.9865702479338844,0.0015633106231689,0.0003130435943603,1,0,1,0,0,0,0,0,0,1,0,0,0,0,0,0,0,0,0,0,0,1,0,0,0,5.2456183971944675e-09
wilt_40983,0,0.9865702479338844,0.0012526512145996,0.0002303123474121,0,1,0,0,1,0,0,0,0,0,0,0,0,1,0,0,0,0,0,0,0,1,0,0,0,2.3971031924997214e-11
wilt_40983,0,0.9865702479338844,0.0016224384307861,0.0003321170806884,0,1,0,0,1,0,0,0,0,1,0,0,0,0,0,0,0,0,0,0,0,1,0,0,0,1.4690236281719511e-09
wilt_40983,0,0.9865702479338844,0.0014910697937011,0.0003268718719482,1,0,0,0,1,0,0,0,0,1,0,0,0,0,0,0,0,0,0,0,0,1,0,0,0,2.553027005787179e-08
wilt_40983,3,0.9865702479338844,0.0015335083007812,0.0004234313964843,1,0,0,1,0,0,0,0,0,1,0,0,0,0,0,0,0,0,0,0,0,1,0,0,0,1.8524190257811388e-11
wilt_40983,0,0.9865702479338844,0.0017070770263671,0.0003783702850341,1,0,0,1,0,0,0,0,0,1,0,0,0,0,0,0,0,0,0,0,0,1,0,0,0,4.6248663707149504e-10
wilt_40983,0,0.9865702479338844,0.0012156963348388,0.0002262592315673,1,0,1,0,0,0,0,0,0,0,0,0,0,1,0,0,0,0,0,0,0,1,0,0,0,1.6628684065406344e-08
wilt_40983,3,0.9865702479338844,0.0015194416046142,0.0003097057342529,0,1,1,0,0,0,0,0,0,1,0,0,0,0,0,0,0,0,0,0,0,1,0,0,0,2.7128708586301063e-08
wilt_40983,3,0.9865702479338844,0.0012211799621582,0.0002291202545166,0,1,0,1,0,0,0,0,0,0,0,0,0,1,0,0,0,0,0,0,0,1,0,0,0,1.2631388864233798e-08
wilt_40983,3,0.9865702479338844,0.0015208721160888,0.0002572536468505,0,1,1,0,0,0,0,0,0,0,0,0,0,1,0,0,0,0,0,0,0,1,0,0,0,1.670468536692829e-10
wilt_40983,0,0.9865702479338844,0.0013916492462158,0.0002748966217041,0,1,1,0,0,0,0,0,0,0,0,0,0,1,0,0,0,0,0,0,0,1,0,0,0,1.065904369462217e-09
wilt_40983,3,0.9865702479338844,0.0012168884277343,0.0002303123474121,1,0,0,0,1,0,0,0,0,0,0,0,0,1,0,0,0,0,0,0,0,1,0,0,0,9.228091810148807e-09
boston_853,0,0.9215686274509804,0.0010542869567871,0.0001633167266845,0,1,1,0,0,0,0,0,0,0,0,0,0,0,0,0,1,0,1,0,0,0,0,0,0,4.077096696927547e-11
boston_853,0,0.9215686274509804,0.000960350036621,0.0001745223999023,1,0,1,0,0,0,0,0,0,0,0,0,0,0,0,0,1,0,1,0,0,0,0,0,0,2.3987835007864926e-09
boston_853,0,0.9215686274509804,0.00095796585083,0.0001511573791503,1,0,1,0,0,0,0,0,0,0,0,0,0,0,0,0,1,0,0,0,0,0,0,0,1,7.611932015865138e-09
boston_853,0,0.9215686274509804,0.0010669231414794,0.0001642704010009,1,0,1,0,0,1,0,0,0,0,0,0,0,0,0,0,0,0,0,0,0,0,1,0,0,2.511698333545676e-08
boston_853,0,0.9215686274509804,0.0010182857513427,0.0001564025878906,1,0,0,1,0,0,0,0,0,0,0,0,0,0,0,0,1,0,0,1,0,0,0,0,0,2.7969641215072537e-11
boston_853,0,0.9215686274509804,0.0009522438049316,0.0001499652862548,0,1,1,0,0,0,0,0,0,0,0,0,0,0,0,0,1,0,0,1,0,0,0,0,0,2.0830456056008246e-10
boston_853,0,0.9215686274509804,0.0010545253753662,0.0002963542938232,1,0,0,0,1,0,0,0,0,0,0,0,0,0,0,0,1,0,1,0,0,0,0,0,0,1.4676273509417846e-09
boston_853,0,0.9215686274509804,0.0010974407196044,0.00016450881958,1,0,0,0,1,0,0,0,0,0,0,0,0,0,0,0,1,0,0,0,0,0,0,1,0,6.371293322577611e-09
boston_853,0,0.9215686274509804,0.0011768341064453,0.0001702308654785,0,1,1,0,0,0,0,0,0,0,0,0,0,0,0,0,1,0,0,0,0,0,0,0,1,8.320418713370134e-09
boston_853,0,0.9215686274509804,0.0011093616485595,0.0001773834228515,0,1,0,1,0,0,0,0,0,0,0,0,0,0,0,0,1,0,0,1,0,0,0,0,0,1.0304731870136657e-10
boston_853,0,0.9215686274509804,0.0012297630310058,0.0001578330993652,0,1,0,1,0,1,0,0,0,0,0,0,0,0,0,0,0,0,0,0,0,0,1,0,0,1.1363351689682416e-11
boston_853,0,0.9215686274509804,0.0010073184967041,0.0001535415649414,1,0,0,1,0,0,0,0,0,0,0,0,0,0,0,0,1,0,0,0,0,0,0,0,1,5.960297150501577e-09
boston_853,0,0.9215686274509804,0.0010883808135986,0.0001616477966308,1,0,0,0,1,0,0,0,0,0,0,0,0,0,0,0,1,0,0,0,0,0,0,0,1,4.330172019221527e-08
boston_853,0,0.9215686274509804,0.0010457038879394,0.0001535415649414,1,0,0,0,1,0,0,0,0,0,0,0,0,0,0,0,1,0,0,1,0,0,0,0,0,1.549059788586051e-08
boston_853,0,0.9215686274509804,0.001054048538208,0.0001640319824218,0,1,1,0,0,1,0,0,0,0,0,0,0,0,0,0,0,0,0,0,0,0,1,0,0,3.089330785666887e-09
boston_853,0,0.9215686274509804,0.0010945796966552,0.0001699924468994,0,1,0,1,0,0,0,0,0,0,0,0,0,0,0,0,1,0,1,0,0,0,0,0,0,8.133580366342886e-08
boston_853,0,0.9215686274509804,0.0010533332824707,0.0003588199615478,0,1,0,0,1,0,0,0,0,0,0,0,0,0,0,0,1,0,0,1,0,0,0,0,0,5.400912139719705e-10
boston_853,0,0.9215686274509804,0.0009257793426513,0.0001728534698486,1,0,0,1,0,1,0,0,0,0,0,0,0,0,0,0,0,0,0,0,0,0,1,0,0,1.2595024132333847e-09
boston_853,0,0.9215686274509804,0.0012118816375732,0.0001823902130126,0,1,1,0,0,0,0,0,0,0,0,0,0,0,0,0,1,0,0,0,0,0,0,1,0,1.1198169989104559e-11
boston_853,0,0.9215686274509804,0.001054048538208,0.0001571178436279,0,1,0,0,1,0,0,0,0,0,0,0,0,0,0,0,1,0,1,0,0,0,0,0,0,6.078626391791736e-08
seeds_1499,1,1.0,0.0008699893951416,0.0001826286315917,1,0,1,0,0,0,1,0,0,0,0,0,0,0,0,0,0,0,0,0,1,0,0,0,0,2.154699047763593e-09
seeds_1499,4,1.0,0.0010714530944824,0.0002319812774658,0,1,1,0,0,0,0,0,0,1,0,0,0,0,0,0,0,0,1,0,0,0,0,0,0,3.6576313879065214e-10
seeds_1499,4,1.0,0.0008578300476074,0.0001881122589111,0,1,0,0,1,0,0,0,0,0,0,0,0,1,0,0,0,0,0,0,0,0,0,1,0,1.5075000789249655e-11
seeds_1499,1,1.0,0.0008242130279541,0.0001792907714843,1,0,0,0,1,0,1,0,0,0,0,0,0,0,0,0,0,0,0,0,1,0,0,0,0,2.8162827643894427e-10
seeds_1499,4,1.0,0.0009958744049072,0.000216007232666,1,0,1,0,0,0,0,0,0,1,0,0,0,0,0,0,0,0,0,0,0,0,0,1,0,1.0336949788490163e-11
seeds_1499,4,1.0,0.0010046958923339,0.0002100467681884,1,0,0,1,0,0,0,0,0,1,0,0,0,0,0,0,0,0,0,0,0,0,0,1,0,1.9830814494773174e-10
seeds_1499,1,1.0,0.0008842945098876,0.0001773834228515,0,1,0,0,1,0,1,0,0,0,0,0,0,0,0,0,0,0,0,0,1,0,0,0,0,6.394692953051106e-08
seeds_1499,4,1.0,0.0013930797576904,0.0002703666687011,1,0,0,1,0,0,0,0,0,1,0,0,0,0,0,0,0,0,1,0,0,0,0,0,0,4.140658912781084e-11
seeds_1499,1,1.0,0.0008039474487304,0.0001735687255859,0,1,0,1,0,0,1,0,0,0,0,0,0,0,0,0,0,0,0,0,1,0,0,0,0,1.5193031433058532e-09
seeds_1499,4,1.0,0.0013446807861328,0.0002562999725341,1,0,0,0,1,0,0,0,0,1,0,0,0,0,0,0,0,0,0,0,0,0,0,0,1,5.5778814590933197e-11
seeds_1499,1,1.0,0.0008397102355957,0.0001797676086425,0,1,1,0,0,0,1,0,0,0,0,0,0,0,0,0,0,0,0,0,1,0,0,0,0,1.3599298961336252e-08
seeds_1499,4,1.0,0.000758409500122,0.0001769065856933,1,0,1,0,0,0,0,0,0,0,0,0,0,1,0,0,0,0,0,0,0,0,0,1,0,1.7766064273586526e-09
seeds_1499,4,1.0,0.0009198188781738,0.0002079010009765,1,0,1,0,0,0,0,0,0,1,0,0,0,0,0,0,0,0,1,0,0,0,0,0,0,6.440863174858512e-11
seeds_1499,1,1.0,0.0008909702301025,0.000180959701538,0,1,1,0,0,0,1,0,0,0,0,0,0,0,0,0,0,0,0,0,0,1,0,0,0,2.9171932027343983e-08
seeds_1499,1,1.0,0.000873327255249,0.0001807212829589,0,1,0,1,0,0,1,0,0,0,0,0,0,0,0,0,0,0,0,0,0,1,0,0,0,1.368028456663501e-08
seeds_1499,4,1.0,0.000922679901123,0.0001757144927978,1,0,0,1,0,0,0,0,0,0,0,0,0,1,0,0,0,0,0,0,0,0,0,1,0,6.385653039194695e-08
seeds_1499,4,1.0,0.0010066032409667,0.0002317428588867,0,1,0,0,1,0,0,0,0,1,0,0,0,0,0,0,0,0,0,0,0,0,0,1,0,1.005802640836665e-11
seeds_1499,4,1.0,0.000842809677124,0.0001933574676513,1,0,0,0,1,0,0,0,0,0,0,0,0,1,0,0,0,0,0,0,0,0,0,0,1,6.737019257817435e-10
seeds_1499,4,1.0,0.0008020401000976,0.0001866817474365,0,1,0,1,0,0,0,0,0,0,0,0,0,1,0,0,0,0,0,0,0,0,0,0,1,9.985393912977032e-08
seeds_1499,4,1.0,0.0010280609130859,0.0002341270446777,0,1,0,1,0,0,0,0,0,1,0,0,0,0,0,0,0,0,0,0,0,0,0,1,0,1.7569187103356952e-08
analcatdata_gsssexsurvey_852,1,0.875,0.0007588863372802,0.0001473426818847,0,1,0,0,1,0,0,1,0,0,0,0,0,0,0,0,0,0,1,0,0,0,0,0,0,2.1141924979349037e-08
analcatdata_gsssexsurvey_852,1,0.875,0.0007708072662353,0.0001518726348876,0,1,0,1,0,0,0,1,0,0,0,0,0,0,0,0,0,0,1,0,0,0,0,0,0,3.051615772452524e-09
analcatdata_gsssexsurvey_852,1,0.875,0.0008060932159423,0.0001506805419921,0,1,1,0,0,0,0,1,0,0,0,0,0,0,0,0,0,0,1,0,0,0,0,0,0,7.1055648643602354e-09
analcatdata_gsssexsurvey_852,1,0.84375,0.000727891921997,0.0001420974731445,0,1,0,1,0,0,0,0,0,0,0,0,0,0,0,0,1,0,0,0,0,0,0,0,1,1.66458139083351e-08
analcatdata_gsssexsurvey_852,1,0.84375,0.0007519721984863,0.0001473426818847,0,1,0,1,0,0,0,0,0,0,0,0,0,0,0,0,0,1,0,1,0,0,0,0,0,2.3394975265500768e-11
analcatdata_gsssexsurvey_852,1,0.84375,0.0009026527404785,0.0001575946807861,0,1,1,0,0,0,0,0,0,0,0,0,0,0,0,0,0,1,0,1,0,0,0,0,0,5.892808588054978e-09
analcatdata_gsssexsurvey_852,1,0.84375,0.0008163452148437,0.000148057937622,0,1,1,0,0,0,0,0,0,0,0,0,0,0,0,0,1,0,0,1,0,0,0,0,0,1.8265535119965452e-08
analcatdata_gsssexsurvey_852,1,0.84375,0.0007214546203613,0.0001425743103027,0,1,0,1,0,0,0,0,0,0,0,0,0,0,0,0,1,0,0,1,0,0,0,0,0,1.457012074115113e-11
analcatdata_gsssexsurvey_852,1,0.84375,0.0008378028869628,0.0001542568206787,0,1,0,1,0,0,0,1,0,0,0,0,0,0,0,0,0,0,0,0,0,0,0,0,1,1.5424557793793248e-10
analcatdata_gsssexsurvey_852,1,0.84375,0.0007483959197998,0.0001595020294189,0,1,0,1,0,0,0,0,1,0,0,0,0,0,0,0,0,0,0,0,0,0,0,0,1,1.9771811599644252e-10
analcatdata_gsssexsurvey_852,1,0.84375,0.0007495880126953,0.0001502037048339,0,1,0,0,1,0,0,1,0,0,0,0,0,0,0,0,0,0,0,0,1,0,0,0,0,2.6201706715256353e-08
analcatdata_gsssexsurvey_852,1,0.84375,0.0007412433624267,0.0001459121704101,0,1,1,0,0,0,0,0,1,0,0,0,0,0,0,0,0,0,0,0,0,0,1,0,0,1.3225300795456197e-08
analcatdata_gsssexsurvey_852,1,0.84375,0.0007236003875732,0.0001466274261474,0,1,1,0,0,0,0,0,0,0,0,0,0,0,0,0,1,0,0,0,0,0,1,0,0,4.223630172098716e-09
analcatdata_gsssexsurvey_852,1,0.84375,0.0007705688476562,0.0001547336578369,0,1,1,0,0,0,0,0,0,0,0,0,0,1,0,0,0,0,1,0,0,0,0,0,0,1.6553610163367458e-08
analcatdata_gsssexsurvey_852,1,0.84375,0.0007891654968261,0.0001497268676757,0,1,1,0,0,0,0,1,0,0,0,0,0,0,0,0,0,0,0,0,0,0,0,0,1,6.51206613703152e-10
analcatdata_gsssexsurvey_852,1,0.84375,0.0007166862487792,0.0001428127288818,0,1,0,1,0,0,0,0,0,0,0,0,0,0,0,0,1,0,0,0,0,0,0,1,0,3.158801686466271e-08
analcatdata_gsssexsurvey_852,1,0.84375,0.0007245540618896,0.000150442123413,0,1,1,0,0,0,0,0,1,0,0,0,0,0,0,0,0,0,1,0,0,0,0,0,0,8.646958455678055e-11
analcatdata_gsssexsurvey_852,1,0.84375,0.0007805824279785,0.0001447200775146,0,1,0,1,0,0,0,0,1,0,0,0,0,0,0,0,0,0,0,0,0,0,0,1,0,6.581236929327531e-09
analcatdata_gsssexsurvey_852,1,0.84375,0.0008544921875,0.0001542568206787,0,1,1,0,0,0,0,0,0,0,0,0,0,0,0,0,0,1,1,0,0,0,0,0,0,9.268399371587023e-11
analcatdata_gsssexsurvey_852,1,0.84375,0.000805377960205,0.0001440048217773,0,1,0,0,1,0,0,0,0,0,0,0,0,0,0,0,1,0,0,0,0,0,0,1,0,1.4436033913464035e-11
autoUniv-au7-500_1554,1,0.52,0.0012531280517578,0.0002431869506835,1,0,0,0,1,0,0,0,0,0,0,0,0,0,0,0,1,0,0,0,0,1,0,0,0,1.3696353586798043e-10
autoUniv-au7-500_1554,1,0.52,0.0012688636779785,0.0002479553222656,0,1,0,0,1,0,0,0,0,0,0,0,0,0,0,0,1,0,0,0,0,1,0,0,0,9.36757791347694e-10
autoUniv-au7-500_1554,1,0.52,0.0016102790832519,0.000312328338623,1,0,0,0,1,0,0,0,0,1,0,0,0,0,0,0,0,0,0,0,0,1,0,0,0,2.3645258174184468e-08
autoUniv-au7-500_1554,1,0.52,0.0012097358703613,0.0002663135528564,1,0,0,0,1,0,0,0,0,0,0,0,0,1,0,0,0,0,0,0,0,1,0,0,0,1.0849905543125222e-09
autoUniv-au7-500_1554,1,0.52,0.0012829303741455,0.0002479553222656,1,0,0,0,1,0,0,0,0,0,0,0,0,0,0,0,1,0,0,0,0,0,1,0,0,5.2071778395930646e-11
autoUniv-au7-500_1554,1,0.52,0.0012938976287841,0.0002439022064208,1,0,0,0,1,0,0,0,0,0,0,0,0,0,0,0,1,0,0,0,0,0,0,1,0,9.355432808933576e-08
autoUniv-au7-500_1554,1,0.52,0.0012319087982177,0.000244140625,0,1,0,0,1,0,0,0,0,0,0,0,0,0,0,0,1,0,0,0,0,0,0,0,1,1.2030738080209342e-10
autoUniv-au7-500_1554,1,0.52,0.0013098716735839,0.0002439022064208,1,0,0,0,1,0,0,0,0,0,0,0,0,0,0,0,1,0,0,0,0,0,0,0,1,8.733310485109661e-08
autoUniv-au7-500_1554,1,0.52,0.0012738704681396,0.0002777576446533,1,0,0,0,1,0,0,0,0,0,1,0,0,0,0,0,0,0,0,1,0,0,0,0,0,5.5633800142846643e-08
autoUniv-au7-500_1554,1,0.52,0.0016889572143554,0.0003149509429931,0,1,0,0,1,0,0,0,0,1,0,0,0,0,0,0,0,0,0,0,0,1,0,0,0,1.4783117696144706e-09
autoUniv-au7-500_1554,1,0.52,0.0012986660003662,0.0002753734588623,0,1,0,0,1,0,0,0,0,0,0,0,0,0,0,0,1,0,1,0,0,0,0,0,0,2.3326647713966792e-11
autoUniv-au7-500_1554,1,0.52,0.0012097358703613,0.0002446174621582,0,1,0,0,1,0,0,0,0,0,0,0,0,0,0,0,1,0,0,0,0,0,0,1,0,6.048661012024509e-09
autoUniv-au7-500_1554,1,0.52,0.0012769699096679,0.0002462863922119,0,1,0,0,1,0,0,0,0,0,0,0,0,0,0,0,1,0,0,0,0,0,1,0,0,2.4147415010534398e-08
autoUniv-au7-500_1554,1,0.52,0.0012478828430175,0.0002720355987548,1,0,0,0,1,0,0,0,0,0,0,0,0,0,0,0,1,0,0,1,0,0,0,0,0,6.042329419454595e-10
autoUniv-au7-500_1554,1,0.52,0.0012824535369873,0.0002989768981933,0,1,0,0,1,0,0,0,0,0,1,0,0,0,0,0,0,0,0,1,0,0,0,0,0,9.039862763401459e-11
autoUniv-au7-500_1554,1,0.52,0.0012989044189453,0.0003027915954589,0,1,0,0,1,0,0,0,0,0,0,0,0,1,0,0,0,0,0,0,0,1,0,0,0,1.6266595185754192e-08
autoUniv-au7-500_1554,1,0.52,0.0012481212615966,0.0002670288085937,0,1,0,0,1,0,0,0,0,0,0,0,0,0,0,0,1,0,0,1,0,0,0,0,0,1.5146465595291975e-09
autoUniv-au7-500_1554,1,0.52,0.0012397766113281,0.0002431869506835,1,0,0,0,1,0,0,0,0,0,0,0,0,0,0,0,1,0,1,0,0,0,0,0,0,6.17333747882633e-11
autoUniv-au7-500_1554,1,0.51,0.0012946128845214,0.0002963542938232,0,1,0,0,1,0,0,0,0,0,1,0,0,0,0,0,0,0,0,0,0,0,0,0,1,6.28281922342006e-08
autoUniv-au7-500_1554,1,0.51,0.0012264251708984,0.0002510547637939,1,0,0,0,1,0,0,0,0,0,0,0,0,0,0,0,0,1,0,0,0,0,0,0,1,6.200017377411288e-08
PizzaCutter1_1443,1,0.9545454545454546,0.001047134399414,0.0001533031463623,0,1,0,0,1,0,0,0,0,0,0,0,0,0,0,0,0,1,0,0,0,0,1,0,0,2.9389939615853147e-10
PizzaCutter1_1443,1,0.9545454545454546,0.0009658336639404,0.0001616477966308,0,1,0,1,0,0,0,0,0,0,0,0,0,0,0,0,0,1,0,0,0,0,1,0,0,1.803069373272277e-11
PizzaCutter1_1443,1,0.9545454545454546,0.0009467601776123,0.0001559257507324,0,1,0,1,0,0,0,0,0,0,0,0,0,0,0,0,0,1,0,0,0,1,0,0,0,3.335447722408893e-09
PizzaCutter1_1443,1,0.9545454545454546,0.0009703636169433,0.000152587890625,1,0,0,0,1,0,0,0,0,0,0,0,0,0,0,0,0,1,1,0,0,0,0,0,0,1.857406402934001e-10
PizzaCutter1_1443,1,0.9545454545454546,0.0009524822235107,0.0001516342163085,1,0,1,0,0,0,0,0,0,0,0,0,0,0,0,0,0,1,0,0,0,1,0,0,0,1.8425574762107208e-11
PizzaCutter1_1443,1,0.9545454545454546,0.0009269714355468,0.0001535415649414,0,1,0,0,1,0,0,0,0,0,0,0,0,0,0,0,0,1,1,0,0,0,0,0,0,3.6916936784022793e-08
PizzaCutter1_1443,1,0.9545454545454546,0.0010435581207275,0.0001788139343261,1,0,0,1,0,0,0,0,0,0,0,0,0,0,0,0,0,1,0,0,0,0,1,0,0,9.828002502700317e-08
PizzaCutter1_1443,1,0.9545454545454546,0.0009698867797851,0.0001556873321533,0,1,1,0,0,0,0,0,0,0,0,0,0,0,0,0,0,1,1,0,0,0,0,0,0,2.5212856663805305e-10
PizzaCutter1_1443,1,0.9545454545454546,0.0011532306671142,0.0001797676086425,1,0,1,0,0,0,0,0,0,0,0,0,0,0,0,0,0,1,1,0,0,0,0,0,0,9.527633736282828e-09
PizzaCutter1_1443,1,0.9545454545454546,0.0009577274322509,0.000154972076416,1,0,0,0,1,0,0,0,0,0,0,0,0,0,0,0,0,1,0,0,0,0,1,0,0,1.832665351471885e-11
PizzaCutter1_1443,1,0.9545454545454546,0.0009548664093017,0.000154972076416,1,0,0,0,1,0,0,0,0,0,0,0,0,0,0,0,0,1,0,0,0,1,0,0,0,3.0117696895498296e-10
PizzaCutter1_1443,1,0.9545454545454546,0.0009522438049316,0.0001542568206787,0,1,0,1,0,0,0,0,0,0,0,0,0,0,0,0,0,1,1,0,0,0,0,0,0,2.72274559567514e-11
PizzaCutter1_1443,1,0.9545454545454546,0.0009808540344238,0.0001537799835205,1,0,0,1,0,0,0,0,0,0,0,0,0,0,0,0,0,1,0,0,0,1,0,0,0,1.6649444522160486e-11
PizzaCutter1_1443,1,0.9545454545454546,0.0009448528289794,0.000154972076416,1,0,0,1,0,0,0,0,0,0,0,0,0,0,0,0,0,1,1,0,0,0,0,0,0,2.265500498295253e-09
PizzaCutter1_1443,1,0.9545454545454546,0.0009772777557373,0.0001544952392578,0,1,0,0,1,0,0,0,0,0,0,0,0,0,0,0,0,1,0,0,0,1,0,0,0,1.6148193696136882e-08
PizzaCutter1_1443,1,0.9545454545454546,0.0009901523590087,0.0001571178436279,1,0,1,0,0,0,0,0,0,0,0,0,0,0,0,0,0,1,0,0,0,0,1,0,0,6.48456733933421e-10
PizzaCutter1_1443,1,0.9545454545454546,0.0009520053863525,0.0001649856567382,0,1,1,0,0,0,0,0,0,0,0,0,0,0,0,0,0,1,0,0,0,1,0,0,0,1.2494429813181194e-09
PizzaCutter1_1443,1,0.9545454545454546,0.00093674659729,0.0001759529113769,0,1,1,0,0,0,0,0,0,0,0,0,0,0,0,0,0,1,0,0,0,0,1,0,0,1.2103753434675374e-10
PizzaCutter1_1443,1,0.946969696969697,0.001133918762207,0.0001928806304931,1,0,1,0,0,0,0,0,0,0,0,0,0,1,0,0,0,0,0,0,0,1,0,0,0,8.821635789228253e-09
PizzaCutter1_1443,1,0.946969696969697,0.0009827613830566,0.0001444816589355,1,0,1,0,0,0,0,0,1,0,0,0,0,0,0,0,0,0,0,0,0,1,0,0,0,2.781589693891686e-10
solar-flare_40687,4,0.784037558685446,0.0009217262268066,0.0002956390380859,1,0,0,0,1,0,0,0,0,0,0,0,0,0,0,0,1,0,0,0,1,0,0,0,0,1.862070334888132e-11
solar-flare_40687,4,0.784037558685446,0.0010504722595214,0.0003066062927246,1,0,0,1,0,1,0,0,0,0,0,0,0,0,0,0,0,0,0,0,1,0,0,0,0,4.5923062677558754e-11
solar-flare_40687,4,0.784037558685446,0.0009984970092773,0.0002846717834472,1,0,1,0,0,1,0,0,0,0,0,0,0,0,0,0,0,0,0,0,1,0,0,0,0,3.2649341087068856e-11
solar-flare_40687,4,0.784037558685446,0.0009162425994873,0.0002720355987548,0,1,0,0,1,0,0,0,0,0,0,0,0,0,0,0,1,0,0,0,1,0,0,0,0,5.540017767926487e-10
solar-flare_40687,4,0.784037558685446,0.000990867614746,0.0002868175506591,1,0,0,0,1,1,0,0,0,0,0,0,0,0,0,0,0,0,0,0,1,0,0,0,0,1.8232687916004444e-11
solar-flare_40687,4,0.784037558685446,0.00089693069458,0.0002706050872802,1,0,1,0,0,0,0,0,0,0,0,0,0,0,0,0,1,0,0,0,1,0,0,0,0,1.682431108192521e-08
solar-flare_40687,4,0.784037558685446,0.001033067703247,0.0003314018249511,0,1,0,0,1,1,0,0,0,0,0,0,0,0,0,0,0,0,0,0,1,0,0,0,0,4.28569006305398e-08
solar-flare_40687,4,0.784037558685446,0.0010008811950683,0.0003340244293212,0,1,1,0,0,1,0,0,0,0,0,0,0,0,0,0,0,0,0,0,1,0,0,0,0,9.853186810026356e-11
solar-flare_40687,4,0.784037558685446,0.0008735656738281,0.0002834796905517,0,1,1,0,0,0,0,0,0,0,0,0,0,0,0,0,1,0,0,0,1,0,0,0,0,8.750624076748366e-10
solar-flare_40687,4,0.784037558685446,0.0010292530059814,0.0002830028533935,0,1,0,1,0,1,0,0,0,0,0,0,0,0,0,0,0,0,0,0,1,0,0,0,0,1.1919341354544704e-09
solar-flare_40687,4,0.784037558685446,0.0009253025054931,0.0002872943878173,1,0,0,1,0,0,0,0,0,0,0,0,0,0,0,0,1,0,0,0,1,0,0,0,0,8.70973348279611e-08
solar-flare_40687,4,0.784037558685446,0.0008480548858642,0.0003011226654052,0,1,0,1,0,0,0,0,0,0,0,0,0,0,0,0,1,0,0,0,1,0,0,0,0,1.830114717424785e-11
solar-flare_40687,4,0.7793427230046949,0.0010445117950439,0.0002923011779785,1,0,1,0,0,1,0,0,0,0,0,0,0,0,0,0,0,0,0,0,0,1,0,0,0,4.693852854496355e-09
solar-flare_40687,4,0.7793427230046949,0.0008974075317382,0.0002686977386474,0,1,0,0,1,1,0,0,0,0,0,0,0,0,0,0,0,0,0,0,0,1,0,0,0,2.415794192225404e-10
solar-flare_40687,1,0.7793427230046949,0.0009839534759521,0.0002827644348144,1,0,1,0,0,1,0,0,0,0,0,0,0,0,0,0,0,0,0,0,0,1,0,0,0,1.0167749742655367e-09
solar-flare_40687,1,0.7793427230046949,0.0009477138519287,0.000270128250122,0,1,0,0,1,1,0,0,0,0,0,0,0,0,0,0,0,0,0,0,0,1,0,0,0,7.381392220538626e-11
solar-flare_40687,1,0.7793427230046949,0.0009236335754394,0.0002777576446533,0,1,0,0,1,0,0,0,0,0,1,0,0,0,0,0,0,0,0,0,0,1,0,0,0,4.3749099747793466e-11
solar-flare_40687,1,0.7793427230046949,0.0008411407470703,0.0002665519714355,0,1,0,1,0,0,0,0,0,0,0,0,0,0,0,0,1,0,0,0,0,1,0,0,0,9.424562411410949e-11
solar-flare_40687,4,0.7793427230046949,0.0009186267852783,0.000270128250122,1,0,0,1,0,1,0,0,0,0,0,0,0,0,0,0,0,0,0,0,0,1,0,0,0,1.9277373282890347e-11
solar-flare_40687,1,0.7793427230046949,0.0008692741394042,0.000272512435913,1,0,0,1,0,0,0,0,0,0,1,0,0,0,0,0,0,0,0,0,0,1,0,0,0,1.2952726301324758e-10
arsenic-female-lung_950,2,1.0,0.0009403228759765,0.0001516342163085,1,0,0,0,1,0,1,0,0,0,0,0,0,0,0,0,0,0,0,1,0,0,0,0,0,5.7730283194850555e-09
arsenic-female-lung_950,2,1.0,0.0010969638824462,0.0001702308654785,1,0,0,1,0,0,0,0,0,0,0,1,0,0,0,0,0,0,0,0,0,1,0,0,0,4.035782390056241e-09
arsenic-female-lung_950,2,1.0,0.0009455680847167,0.0001542568206787,1,0,0,1,0,0,0,0,0,0,0,0,0,0,0,0,1,0,0,0,0,1,0,0,0,1.6519040668302536e-09
arsenic-female-lung_950,2,1.0,0.0009191036224365,0.0001628398895263,1,0,0,1,0,0,1,0,0,0,0,0,0,0,0,0,0,0,0,0,0,1,0,0,0,1.003574578945467e-11
arsenic-female-lung_950,2,1.0,0.0009195804595947,0.0001451969146728,0,1,0,0,1,0,0,0,0,0,1,0,0,0,0,0,0,0,0,0,0,1,0,0,0,3.1851361356654446e-11
arsenic-female-lung_950,2,1.0,0.0009195804595947,0.0001502037048339,0,1,0,0,1,0,0,1,0,0,0,0,0,0,0,0,0,0,0,0,0,1,0,0,0,2.3522187884380252e-08
arsenic-female-lung_950,2,1.0,0.001624584197998,0.0001795291900634,0,1,0,0,1,0,0,0,0,1,0,0,0,0,0,0,0,0,0,0,0,1,0,0,0,1.2216687899167295e-10
arsenic-female-lung_950,2,1.0,0.000892162322998,0.0001440048217773,0,1,0,0,1,0,0,0,0,0,0,0,0,0,0,0,1,0,0,0,0,1,0,0,0,4.4544650349466346e-08
arsenic-female-lung_950,2,1.0,0.0011322498321533,0.0002357959747314,0,1,0,0,1,0,1,0,0,0,0,0,0,0,0,0,0,0,0,0,0,1,0,0,0,3.1490855500344146e-08
arsenic-female-lung_950,2,1.0,0.0009505748748779,0.0001482963562011,0,1,0,0,1,1,0,0,0,0,0,0,0,0,0,0,0,0,0,0,0,1,0,0,0,4.165893244942205e-11
arsenic-female-lung_950,2,1.0,0.0010945796966552,0.0001709461212158,0,1,0,0,1,0,0,0,0,0,0,1,0,0,0,0,0,0,0,0,0,1,0,0,0,3.913885975023727e-08
arsenic-female-lung_950,2,1.0,0.0010075569152832,0.0001666545867919,0,1,0,0,1,0,0,0,0,0,0,0,0,1,0,0,0,0,0,0,0,1,0,0,0,3.2459312886926703e-09
arsenic-female-lung_950,2,1.0,0.0008652210235595,0.0001647472381591,0,1,0,0,1,0,0,0,1,0,0,0,0,0,0,0,0,0,0,0,0,1,0,0,0,3.320069854138576e-09
arsenic-female-lung_950,2,1.0,0.000910997390747,0.0001606941223144,1,0,0,0,1,0,0,0,0,0,0,0,0,0,1,0,0,0,0,0,0,0,0,0,1,2.574657488983521e-08
arsenic-female-lung_950,2,1.0,0.0008420944213867,0.0001833438873291,1,0,0,0,1,0,0,0,0,0,0,0,0,0,0,0,1,0,0,0,0,0,0,0,1,4.1708354694101135e-10
arsenic-female-lung_950,2,1.0,0.0013799667358398,0.0002059936523437,1,0,0,0,1,0,1,0,0,0,0,0,0,0,0,0,0,0,0,0,0,0,0,0,1,8.730782829820497e-09
arsenic-female-lung_950,2,1.0,0.0011041164398193,0.000152587890625,0,1,0,0,1,0,0,0,0,0,0,0,0,0,0,0,0,1,0,0,0,1,0,0,0,4.688753759855412e-09
arsenic-female-lung_950,2,1.0,0.0013928413391113,0.0001823902130126,1,0,1,0,0,0,0,0,0,0,0,1,0,0,0,0,0,0,0,0,0,0,0,0,1,1.2191542913204032e-08
arsenic-female-lung_950,2,1.0,0.0010015964508056,0.0001604557037353,1,0,1,0,0,0,0,0,0,0,0,0,0,1,0,0,0,0,0,0,0,0,0,0,1,4.372761563881765e-09
arsenic-female-lung_950,2,1.0,0.000809907913208,0.0001380443572998,1,0,1,0,0,0,0,0,1,0,0,0,0,0,0,0,0,0,0,0,0,0,0,0,1,2.0903509331073902e-11
chscase_census3_908,2,0.6375,0.0010867118835449,0.0001883506774902,1,0,0,1,0,0,0,0,0,0,0,1,0,0,0,0,0,0,0,0,1,0,0,0,0,1.4819856869619632e-10
chscase_census3_908,2,0.6375,0.0011134147644042,0.0002074241638183,0,1,0,1,0,0,0,0,0,0,0,1,0,0,0,0,0,0,0,0,1,0,0,0,0,5.7502071732011816e-08
chscase_census3_908,2,0.6375,0.0011229515075683,0.0001881122589111,1,0,0,0,1,0,0,0,0,0,0,1,0,0,0,0,0,0,0,0,1,0,0,0,0,7.828900159514352e-11
chscase_census3_908,2,0.6375,0.0010337829589843,0.0002069473266601,0,1,1,0,0,0,0,0,0,0,0,1,0,0,0,0,0,0,0,0,1,0,0,0,0,7.74535992298266e-10
chscase_census3_908,2,0.6375,0.0012016296386718,0.0001871585845947,1,0,1,0,0,0,0,0,0,0,0,1,0,0,0,0,0,0,0,0,1,0,0,0,0,2.6773916401472356e-10
chscase_census3_908,2,0.6375,0.0010952949523925,0.0001850128173828,0,1,0,0,1,0,0,0,0,0,0,1,0,0,0,0,0,0,0,0,1,0,0,0,0,2.2140880773873244e-11
chscase_census3_908,2,0.6,0.0013341903686523,0.0002782344818115,0,1,1,0,0,0,0,0,0,0,0,0,0,0,0,1,0,0,0,1,0,0,0,0,0,5.305847409137607e-11
chscase_census3_908,2,0.6,0.0013539791107177,0.0002858638763427,1,0,1,0,0,0,0,0,0,0,0,0,0,0,0,1,0,0,0,1,0,0,0,0,0,1.4017432873504283e-10
chscase_census3_908,2,0.6,0.0013411045074462,0.0002298355102539,0,1,0,0,1,0,0,0,0,0,0,0,0,0,0,1,0,0,0,1,0,0,0,0,0,7.133028228928217e-10
chscase_census3_908,2,0.6,0.0012938976287841,0.0002286434173583,1,0,0,0,1,0,0,0,0,0,0,0,0,0,0,1,0,0,0,1,0,0,0,0,0,3.1484437786293045e-08
chscase_census3_908,2,0.6,0.0013108253479003,0.0002357959747314,1,0,0,1,0,0,0,0,0,0,0,0,0,0,0,1,0,0,0,1,0,0,0,0,0,1.1546892662000031e-09
chscase_census3_908,2,0.6,0.0013728141784667,0.0002343654632568,0,1,0,1,0,0,0,0,0,0,0,0,0,0,0,1,0,0,0,1,0,0,0,0,0,4.051537314824304e-09
chscase_census3_908,1,0.5875,0.0010063648223876,0.0001609325408935,0,1,0,1,0,0,0,1,0,0,0,0,0,0,0,0,0,0,0,1,0,0,0,0,0,5.0561576509999e-10
chscase_census3_908,2,0.5875,0.0009238719940185,0.0001580715179443,0,1,1,0,0,0,0,0,0,0,0,0,0,0,0,0,0,1,0,0,1,0,0,0,0,3.021686524513333e-08
chscase_census3_908,2,0.5875,0.000885009765625,0.0001592636108398,1,0,0,0,1,0,0,1,0,0,0,0,0,0,0,0,0,0,0,1,0,0,0,0,0,4.471835469661813e-09
chscase_census3_908,2,0.5875,0.0009126663208007,0.0001862049102783,0,1,0,1,0,0,0,1,0,0,0,0,0,0,0,0,0,0,0,1,0,0,0,0,0,2.3042044581481048e-11
chscase_census3_908,2,0.5875,0.0009210109710693,0.0001575946807861,0,1,0,0,1,0,0,1,0,0,0,0,0,0,0,0,0,0,0,1,0,0,0,0,0,8.128395543452176e-10
chscase_census3_908,2,0.5875,0.0008997917175292,0.0002212524414062,0,1,0,0,1,0,0,0,0,0,0,0,0,0,0,0,0,1,0,1,0,0,0,0,0,2.0367457466382968e-08
chscase_census3_908,2,0.5875,0.0009751319885253,0.0001611709594726,1,0,0,0,1,0,0,0,0,0,0,0,0,0,0,0,0,1,0,1,0,0,0,0,0,8.60243521562584e-09
chscase_census3_908,2,0.5875,0.0009469985961914,0.0001623630523681,1,0,0,1,0,0,0,0,0,0,0,0,0,0,0,0,0,1,0,0,1,0,0,0,0,4.180657515876565e-08
PopularKids_1100,2,0.625,0.0011055469512939,0.0001873970031738,1,0,0,0,1,0,0,0,0,0,0,0,0,1,0,0,0,0,0,1,0,0,0,0,0,8.14088005195471e-11
PopularKids_1100,2,0.625,0.001413345336914,0.0002336502075195,0,1,0,0,1,0,0,0,0,1,0,0,0,0,0,0,0,0,0,1,0,0,0,0,0,8.103798928846595e-08
PopularKids_1100,2,0.625,0.0011763572692871,0.0001997947692871,0,1,0,0,1,0,0,0,0,0,0,0,0,1,0,0,0,0,0,1,0,0,0,0,0,1.3813720723304467e-10
PopularKids_1100,2,0.625,0.0013661384582519,0.0002319812774658,1,0,0,0,1,0,0,0,0,1,0,0,0,0,0,0,0,0,0,1,0,0,0,0,0,1.5875211149372878e-11
PopularKids_1100,2,0.6145833333333334,0.0013134479522705,0.0002210140228271,0,1,0,0,1,0,0,0,0,1,0,0,0,0,0,0,0,0,0,0,1,0,0,0,0,9.60927248879533e-10
PopularKids_1100,2,0.6145833333333334,0.0011172294616699,0.0002918243408203,0,1,0,0,1,0,0,0,0,0,0,0,0,1,0,0,0,0,0,0,1,0,0,0,0,2.762835030730069e-11
PopularKids_1100,2,0.6145833333333334,0.00146484375,0.0002422332763671,1,0,0,0,1,0,0,0,0,1,0,0,0,0,0,0,0,0,0,0,1,0,0,0,0,5.3118250664404615e-09
PopularKids_1100,2,0.6145833333333334,0.0011098384857177,0.000201940536499,1,0,0,0,1,0,0,0,0,0,0,0,0,1,0,0,0,0,0,0,1,0,0,0,0,4.0015208395056185e-08
PopularKids_1100,3,0.6,0.001143455505371,0.0002245903015136,1,0,0,1,0,0,0,1,0,0,0,0,0,0,0,0,0,0,0,0,0,0,0,1,0,4.845884819228808e-08
PopularKids_1100,3,0.6,0.0011308193206787,0.0001919269561767,0,1,0,1,0,0,0,1,0,0,0,0,0,0,0,0,0,0,0,0,0,0,0,1,0,2.6800874849288077e-09
PopularKids_1100,2,0.59375,0.0015263557434082,0.0002422332763671,1,0,0,0,1,0,0,0,0,1,0,0,0,0,0,0,0,0,0,0,0,1,0,0,0,1.3837558929964846e-09
PopularKids_1100,2,0.59375,0.0015156269073486,0.0002734661102294,1,0,0,0,1,0,0,0,0,1,0,0,0,0,0,0,0,0,1,0,0,0,0,0,0,9.461624161255049e-08
PopularKids_1100,2,0.59375,0.001084566116333,0.0002484321594238,1,0,0,0,1,0,1,0,0,0,0,0,0,0,0,0,0,0,1,0,0,0,0,0,0,2.0782743421027287e-09
PopularKids_1100,2,0.59375,0.0014088153839111,0.0002331733703613,0,1,0,0,1,0,0,0,0,1,0,0,0,0,0,0,0,0,0,0,0,1,0,0,0,5.126645589658539e-08
PopularKids_1100,2,0.59375,0.0010991096496582,0.0002000331878662,0,1,0,0,1,0,0,0,0,0,0,0,0,1,0,0,0,0,1,0,0,0,0,0,0,4.638528209987365e-08
PopularKids_1100,0,0.59375,0.0024363994598388,0.0011749267578125,1,0,0,0,1,0,0,0,0,0,0,1,0,0,0,0,0,0,0,1,0,0,0,0,0,1.4389814100695116e-10
PopularKids_1100,0,0.59375,0.0014300346374511,0.0002343654632568,0,1,0,0,1,0,0,0,0,0,0,1,0,0,0,0,0,0,0,0,0,0,0,0,1,1.1350220596390216e-11
PopularKids_1100,0,0.59375,0.0011689662933349,0.0002238750457763,0,1,0,0,1,0,0,0,0,0,1,0,0,0,0,0,0,0,0,1,0,0,0,0,0,5.71049336404608e-10
PopularKids_1100,2,0.59375,0.0010859966278076,0.0001988410949707,1,0,0,0,1,0,0,0,0,0,0,0,0,1,0,0,0,0,0,0,0,1,0,0,0,2.789205702510417e-08
PopularKids_1100,2,0.59375,0.0010790824890136,0.0001986026763916,1,0,0,0,1,0,1,0,0,0,0,0,0,0,0,0,0,0,0,0,0,1,0,0,0,2.210735923198273e-08
fri_c0_500_50_888,4,0.9,0.0010359287261962,0.000157356262207,1,0,0,1,0,1,0,0,0,0,0,0,0,0,0,0,0,0,0,0,0,1,0,0,0,2.5982249576160422e-09
fri_c0_500_50_888,4,0.9,0.0010187625885009,0.0001604557037353,1,0,0,0,1,0,0,0,0,0,0,0,0,0,0,0,1,0,0,0,1,0,0,0,0,4.2328574218349556e-11
fri_c0_500_50_888,4,0.9,0.0009660720825195,0.0001583099365234,1,0,0,0,1,0,0,0,0,0,0,0,0,0,0,0,1,0,0,0,0,1,0,0,0,2.693710106577425e-11
fri_c0_500_50_888,4,0.9,0.0009574890136718,0.0001580715179443,0,1,1,0,0,0,0,0,0,0,0,0,0,0,0,0,1,0,0,0,1,0,0,0,0,6.587610833939105e-08
fri_c0_500_50_888,4,0.9,0.000972032546997,0.0001599788665771,0,1,0,0,1,1,0,0,0,0,0,0,0,0,0,0,0,0,0,0,0,1,0,0,0,4.848313875909617e-10
fri_c0_500_50_888,4,0.9,0.0010464191436767,0.0001685619354248,0,1,1,0,0,1,0,0,0,0,0,0,0,0,0,0,0,0,0,0,0,1,0,0,0,3.914209502464364e-09
fri_c0_500_50_888,4,0.9,0.0008769035339355,0.000152587890625,0,1,0,1,0,0,0,0,0,0,0,0,0,0,0,0,1,0,0,0,0,1,0,0,0,4.202015594470476e-08
fri_c0_500_50_888,4,0.9,0.0010194778442382,0.000162124633789,0,1,1,0,0,0,0,0,0,0,0,0,0,0,0,0,1,0,0,0,0,1,0,0,0,3.016981904127736e-08
fri_c0_500_50_888,4,0.9,0.0011513233184814,0.0001692771911621,1,0,0,0,1,1,0,0,0,0,0,0,0,0,0,0,0,0,0,0,0,1,0,0,0,1.8518795186658662e-09
fri_c0_500_50_888,4,0.9,0.0009465217590332,0.0001595020294189,1,0,1,0,0,1,0,0,0,0,0,0,0,0,0,0,0,0,0,0,0,1,0,0,0,8.945831676519318e-10
fri_c0_500_50_888,4,0.9,0.0008704662322998,0.0001540184020996,0,1,0,0,1,0,0,0,0,0,0,0,0,0,0,0,1,0,0,0,1,0,0,0,0,8.730454483127784e-09
fri_c0_500_50_888,4,0.9,0.0009324550628662,0.0001556873321533,0,1,0,1,0,0,0,0,0,0,0,0,0,0,0,0,1,0,0,0,1,0,0,0,0,2.5037027691861474e-10
fri_c0_500_50_888,4,0.9,0.0009386539459228,0.000157356262207,1,0,1,0,0,0,0,0,0,0,0,0,0,0,0,0,1,0,0,0,0,1,0,0,0,3.1736755093913413e-09
fri_c0_500_50_888,4,0.9,0.000939130783081,0.0001571178436279,0,1,0,0,1,0,0,0,0,0,0,0,0,0,0,0,1,0,0,0,0,1,0,0,0,1.2376838795829784e-11
fri_c0_500_50_888,4,0.9,0.0010793209075927,0.0001657009124755,1,0,1,0,0,0,0,0,0,0,0,0,0,0,0,0,1,0,0,0,1,0,0,0,0,1.982669122193283e-08
fri_c0_500_50_888,4,0.9,0.0009527206420898,0.0001578330993652,1,0,0,1,0,0,0,0,0,0,0,0,0,0,0,0,1,0,0,0,1,0,0,0,0,9.82039826447764e-08
fri_c0_500_50_888,4,0.9,0.0009980201721191,0.0001564025878906,0,1,0,1,0,1,0,0,0,0,0,0,0,0,0,0,0,0,0,0,0,1,0,0,0,6.589098038769423e-08
fri_c0_500_50_888,4,0.9,0.0009160041809082,0.0001628398895263,1,0,0,1,0,0,0,0,0,0,0,0,0,0,0,0,1,0,0,0,0,1,0,0,0,2.751562374349424e-10
fri_c0_500_50_888,4,0.89,0.0008792877197265,0.0003507137298583,0,1,0,1,0,0,0,0,0,0,0,0,0,0,0,0,1,0,1,0,0,0,0,0,0,1.3316961009287535e-09
fri_c0_500_50_888,4,0.89,0.0009033679962158,0.0001556873321533,0,1,1,0,0,0,0,0,0,0,0,0,0,0,0,0,1,0,0,0,0,0,0,1,0,8.807808274684231e-11
fri_c2_500_50_920,4,0.86,0.0015878677368164,0.0002634525299072,1,0,0,1,0,1,0,0,0,0,0,0,0,0,0,0,0,0,0,0,0,0,1,0,0,1.6291070435195876e-10
fri_c2_500_50_920,4,0.86,0.0010466575622558,0.0001671314239501,1,0,1,0,0,0,0,0,0,0,0,0,0,0,0,0,1,0,0,0,0,0,0,0,1,6.751253362785833e-10
fri_c2_500_50_920,4,0.86,0.0009195804595947,0.0001523494720458,1,0,0,0,1,0,0,0,0,0,0,0,0,0,0,0,1,0,0,1,0,0,0,0,0,9.734723653690487e-09
fri_c2_500_50_920,0,0.86,0.0012590885162353,0.0002129077911376,0,1,0,1,0,0,0,0,0,0,0,0,0,0,0,0,1,0,1,0,0,0,0,0,0,1.1790427804789368e-11
fri_c2_500_50_920,0,0.86,0.0010561943054199,0.0001614093780517,1,0,0,1,0,1,0,0,0,0,0,0,0,0,0,0,0,0,0,0,1,0,0,0,0,3.7592094318512624e-10
fri_c2_500_50_920,4,0.86,0.0009663105010986,0.0001575946807861,1,0,1,0,0,1,0,0,0,0,0,0,0,0,0,0,0,0,0,0,0,0,1,0,0,1.6826263019216982e-09
fri_c2_500_50_920,4,0.86,0.0008609294891357,0.0001471042633056,0,1,1,0,0,0,0,0,0,0,0,0,0,0,0,0,1,0,0,1,0,0,0,0,0,7.256583028545015e-11
fri_c2_500_50_920,4,0.86,0.0009748935699462,0.0001528263092041,1,0,0,1,0,0,0,0,0,0,0,0,0,0,0,0,1,0,0,1,0,0,0,0,0,2.0602256619010687e-11
fri_c2_500_50_920,4,0.86,0.0009295940399169,0.0001773834228515,0,1,0,1,0,0,0,0,0,0,0,0,0,0,0,0,1,0,0,0,0,1,0,0,0,1.4397776819792275e-09
fri_c2_500_50_920,0,0.86,0.0009627342224121,0.0001542568206787,1,0,0,0,1,1,0,0,0,0,0,0,0,0,0,0,0,0,0,0,0,0,0,0,1,3.5582785116676123e-09
fri_c2_500_50_920,0,0.86,0.0009949207305908,0.0001699924468994,1,0,0,1,0,0,0,0,0,0,0,0,0,0,0,0,1,0,0,1,0,0,0,0,0,3.664453047837377e-09
fri_c2_500_50_920,4,0.86,0.0009326934814453,0.0001466274261474,1,0,0,0,1,1,0,0,0,0,0,0,0,0,0,0,0,0,0,0,0,0,0,0,1,2.668932192496067e-10
fri_c2_500_50_920,0,0.86,0.0009984970092773,0.0001666545867919,1,0,0,0,1,1,0,0,0,0,0,0,0,0,0,0,0,0,0,1,0,0,0,0,0,8.901171808097604e-11
fri_c2_500_50_920,4,0.86,0.0009167194366455,0.0001497268676757,1,0,0,1,0,1,0,0,0,0,0,0,0,0,0,0,0,0,0,0,0,1,0,0,0,7.612823413794014e-11
fri_c2_500_50_920,0,0.86,0.0011043548583984,0.0001981258392333,0,1,1,0,0,0,0,0,0,0,0,0,0,0,0,0,1,0,0,0,0,0,0,1,0,1.4524318378041502e-11
fri_c2_500_50_920,4,0.86,0.0010287761688232,0.0001802444458007,1,0,1,0,0,1,0,0,0,0,0,0,0,0,0,0,0,0,1,0,0,0,0,0,0,5.479405077874116e-11
fri_c2_500_50_920,0,0.86,0.0009772777557373,0.0001542568206787,0,1,1,0,0,1,0,0,0,0,0,0,0,0,0,0,0,0,0,0,1,0,0,0,0,1.8811546846717683e-08
fri_c2_500_50_920,0,0.86,0.00101900100708,0.000152587890625,0,1,1,0,0,0,0,0,0,0,0,0,0,0,0,0,1,0,0,0,1,0,0,0,0,1.0285018164498491e-11
fri_c2_500_50_920,0,0.86,0.000939130783081,0.0001518726348876,1,0,1,0,0,0,0,0,0,0,0,0,0,0,0,0,1,0,0,0,0,0,0,1,0,1.4981469354025287e-11
fri_c2_500_50_920,4,0.86,0.0008618831634521,0.000150442123413,1,0,1,0,0,0,0,0,0,0,0,0,0,0,0,0,1,0,0,0,0,0,0,1,0,3.2216307442067305e-11
blood-transfusion-service-center_1464,3,0.8590604026845637,0.0010018348693847,0.0001721382141113,1,0,1,0,0,0,1,0,0,0,0,0,0,0,0,0,0,0,0,1,0,0,0,0,0,4.796918399154053e-10
blood-transfusion-service-center_1464,3,0.8590604026845637,0.0008964538574218,0.0001676082611083,1,0,1,0,0,0,0,0,0,0,0,0,0,1,0,0,0,0,0,1,0,0,0,0,0,2.1624762054676974e-10
blood-transfusion-service-center_1464,3,0.8590604026845637,0.000946044921875,0.0002055168151855,1,0,1,0,0,0,0,0,0,1,0,0,0,0,0,0,0,0,0,1,0,0,0,0,0,5.144503087680752e-11
blood-transfusion-service-center_1464,3,0.8590604026845637,0.0009276866912841,0.0001828670501708,0,1,0,0,1,0,1,0,0,0,0,0,0,0,0,0,0,0,0,0,0,0,1,0,0,2.7784199994635893e-11
blood-transfusion-service-center_1464,3,0.8590604026845637,0.0010197162628173,0.0001788139343261,1,0,1,0,0,0,1,0,0,0,0,0,0,0,0,0,0,0,0,0,0,0,1,0,0,5.694428545850943e-08
blood-transfusion-service-center_1464,3,0.8590604026845637,0.0009751319885253,0.0001699924468994,1,0,0,1,0,0,0,0,0,0,0,0,0,1,0,0,0,0,0,1,0,0,0,0,0,4.415713473559434e-08
blood-transfusion-service-center_1464,3,0.8590604026845637,0.0008893013000488,0.0001993179321289,1,0,0,1,0,0,1,0,0,0,0,0,0,0,0,0,0,0,0,1,0,0,0,0,0,1.2234731236825185e-08
blood-transfusion-service-center_1464,3,0.8590604026845637,0.0009307861328125,0.000176191329956,1,0,0,0,1,0,1,0,0,0,0,0,0,0,0,0,0,0,0,1,0,0,0,0,0,1.0187975664054839e-10
blood-transfusion-service-center_1464,3,0.8590604026845637,0.001462697982788,0.000218391418457,0,1,1,0,0,0,0,0,0,1,0,0,0,0,0,0,0,0,0,1,0,0,0,0,0,1.9714788760580944e-10
blood-transfusion-service-center_1464,3,0.8590604026845637,0.0011868476867675,0.0002453327178955,1,0,0,0,1,0,0,0,0,1,0,0,0,0,0,0,0,0,0,1,0,0,0,0,0,4.606593315368522e-09
blood-transfusion-service-center_1464,3,0.8590604026845637,0.0008883476257324,0.0001716613769531,0,1,1,0,0,0,1,0,0,0,0,0,0,0,0,0,0,0,0,1,0,0,0,0,0,1.4682350262238202e-10
blood-transfusion-service-center_1464,3,0.8590604026845637,0.0008902549743652,0.000176191329956,0,1,1,0,0,0,0,0,0,0,0,0,0,1,0,0,0,0,0,1,0,0,0,0,0,1.3258404138454407e-09
blood-transfusion-service-center_1464,3,0.8590604026845637,0.001004934310913,0.0001976490020751,1,0,0,1,0,0,0,0,0,1,0,0,0,0,0,0,0,0,0,1,0,0,0,0,0,4.028425881943313e-09
blood-transfusion-service-center_1464,3,0.8590604026845637,0.0010418891906738,0.0001733303070068,0,1,0,1,0,0,1,0,0,0,0,0,0,0,0,0,0,0,0,0,0,0,1,0,0,1.1933976712729515e-09
blood-transfusion-service-center_1464,3,0.8590604026845637,0.0009024143218994,0.0001702308654785,1,0,0,0,1,0,0,0,0,0,0,0,0,1,0,0,0,0,0,1,0,0,0,0,0,4.499238910060113e-10
blood-transfusion-service-center_1464,3,0.8590604026845637,0.0011389255523681,0.0002005100250244,0,1,0,0,1,0,0,0,0,1,0,0,0,0,0,0,0,0,0,1,0,0,0,0,0,2.463633235205273e-10
blood-transfusion-service-center_1464,3,0.8590604026845637,0.00108003616333,0.0002036094665527,0,1,0,1,0,0,0,0,0,1,0,0,0,0,0,0,0,0,0,1,0,0,0,0,0,1.2912182799005021e-08
blood-transfusion-service-center_1464,3,0.8590604026845637,0.0009098052978515,0.0001716613769531,1,0,0,1,0,0,1,0,0,0,0,0,0,0,0,0,0,0,0,0,0,0,1,0,0,9.036411090410609e-09
blood-transfusion-service-center_1464,3,0.8590604026845637,0.000913381576538,0.0002305507659912,0,1,0,0,1,0,0,0,0,0,0,0,0,1,0,0,0,0,0,1,0,0,0,0,0,6.094137608527065e-09
blood-transfusion-service-center_1464,3,0.8590604026845637,0.0009946823120117,0.0001869201660156,0,1,0,0,1,0,1,0,0,0,0,0,0,0,0,0,0,0,0,1,0,0,0,0,0,3.1528873407661875e-10
abalone_183,1,0.2990430622009569,0.0022749900817871,0.0010230541229248,0,1,0,0,1,0,0,0,0,0,0,0,0,0,0,0,1,0,0,0,0,0,1,0,0,1.2674957313344065e-08
abalone_183,1,0.2990430622009569,0.0022976398468017,0.0009057521820068,0,1,0,1,0,0,0,0,0,0,0,0,0,0,0,0,1,0,0,0,0,1,0,0,0,6.773521722510673e-08
abalone_183,1,0.2990430622009569,0.0020363330841064,0.0008778572082519,1,0,0,0,1,0,0,0,0,0,0,0,0,0,0,0,1,0,0,0,0,1,0,0,0,5.7005672896898805e-09
abalone_183,1,0.2990430622009569,0.0021431446075439,0.0008864402770996,1,0,0,0,1,0,0,0,1,0,0,0,0,0,0,0,0,0,0,0,0,1,0,0,0,4.2815104098375277e-10
abalone_183,1,0.2990430622009569,0.0021500587463378,0.0009357929229736,0,1,0,1,0,0,0,0,1,0,0,0,0,0,0,0,0,0,0,0,0,1,0,0,0,1.5343521679869567e-08
abalone_183,1,0.2990430622009569,0.0034601688385009,0.0014393329620361,1,0,0,1,0,0,0,0,1,0,0,0,0,0,0,0,0,0,0,0,0,1,0,0,0,2.736580980258709e-09
abalone_183,1,0.2990430622009569,0.0021643638610839,0.0009329319000244,1,0,0,0,1,0,0,0,0,0,0,0,0,0,0,0,1,0,0,0,0,0,1,0,0,3.241217539468644e-08
abalone_183,1,0.2990430622009569,0.002249002456665,0.0009217262268066,1,0,0,1,0,0,0,0,0,0,0,0,0,0,0,0,1,0,0,0,0,0,1,0,0,7.124101962088935e-09
abalone_183,1,0.2990430622009569,0.0022323131561279,0.0009691715240478,0,1,0,0,1,0,0,0,0,0,0,0,0,0,0,0,1,0,0,0,0,1,0,0,0,1.2013794944875284e-08
abalone_183,1,0.2990430622009569,0.002152681350708,0.0008904933929443,1,0,0,1,0,0,0,0,1,0,0,0,0,0,0,0,0,0,0,0,0,0,1,0,0,4.674615045608318e-09
abalone_183,1,0.2990430622009569,0.0026051998138427,0.0013549327850341,0,1,0,0,1,0,0,0,1,0,0,0,0,0,0,0,0,0,0,0,0,1,0,0,0,2.3338978000977503e-11
abalone_183,1,0.2990430622009569,0.0022065639495849,0.0009925365447998,1,0,0,0,1,0,0,0,1,0,0,0,0,0,0,0,0,0,0,0,0,0,1,0,0,8.719044210048363e-10
abalone_183,1,0.2990430622009569,0.0033135414123535,0.0013477802276611,1,0,0,1,0,0,0,0,0,0,0,0,0,0,0,0,1,0,0,0,0,1,0,0,0,1.6825171489866798e-11
abalone_183,1,0.2990430622009569,0.0023183822631835,0.00105881690979,0,1,0,0,1,0,0,0,1,0,0,0,0,0,0,0,0,0,0,0,0,0,1,0,0,6.168742075247432e-10
abalone_183,1,0.2990430622009569,0.0021431446075439,0.0008914470672607,0,1,0,1,0,0,0,0,1,0,0,0,0,0,0,0,0,0,0,0,0,0,1,0,0,7.340201030476206e-09
abalone_183,1,0.2990430622009569,0.0034637451171875,0.0010063648223876,0,1,0,1,0,0,0,0,0,0,0,0,0,0,0,0,1,0,0,0,0,0,1,0,0,4.841967685913734e-10
abalone_183,1,0.2978468899521531,0.0023925304412841,0.001500129699707,1,0,0,1,0,0,0,1,0,0,0,0,0,0,0,0,0,0,0,0,0,0,0,1,0,1.0151284692842907e-11
abalone_183,1,0.2978468899521531,0.002800703048706,0.0016593933105468,0,1,0,1,0,0,0,1,0,0,0,0,0,0,0,0,0,0,0,0,0,0,0,1,0,3.00013206318686e-10
abalone_183,0,0.2882775119617224,0.0023665428161621,0.0015211105346679,1,0,0,1,0,0,0,1,0,0,0,0,0,0,0,0,0,0,0,0,0,0,0,1,0,1.866534118195369e-11
abalone_183,0,0.2882775119617224,0.0023026466369628,0.0015792846679687,0,1,0,1,0,0,0,1,0,0,0,0,0,0,0,0,0,0,0,0,0,0,0,1,0,1.3255177690863177e-08
fri_c1_1000_50_837,2,0.76,0.0011131763458251,0.0001595020294189,0,1,1,0,0,0,0,1,0,0,0,0,0,0,0,0,0,0,0,0,0,0,1,0,0,1.3646028600232285e-08
fri_c1_1000_50_837,2,0.76,0.0011172294616699,0.0001626014709472,0,1,0,0,1,0,0,1,0,0,0,0,0,0,0,0,0,0,0,0,0,0,1,0,0,1.6807934906950132e-08
fri_c1_1000_50_837,2,0.76,0.001124620437622,0.0001695156097412,1,0,0,0,1,0,0,1,0,0,0,0,0,0,0,0,0,0,0,0,0,0,1,0,0,1.3222353549180328e-11
fri_c1_1000_50_837,2,0.76,0.0011940002441406,0.0001723766326904,1,0,1,0,0,0,0,1,0,0,0,0,0,0,0,0,0,0,0,0,0,0,1,0,0,1.3460997250317335e-11
fri_c1_1000_50_837,2,0.76,0.0011451244354248,0.0001628398895263,1,0,0,1,0,0,0,1,0,0,0,0,0,0,0,0,0,0,0,0,0,0,1,0,0,4.109579957166792e-08
fri_c1_1000_50_837,2,0.76,0.0011334419250488,0.0001618862152099,0,1,0,1,0,0,0,1,0,0,0,0,0,0,0,0,0,0,0,0,0,0,1,0,0,3.1241762108816045e-11
fri_c1_1000_50_837,2,0.755,0.0010569095611572,0.0001542568206787,1,0,0,0,1,0,0,1,0,0,0,0,0,0,0,0,0,0,0,0,1,0,0,0,0,4.790280246740989e-09
fri_c1_1000_50_837,2,0.755,0.0013418197631835,0.0001640319824218,1,0,0,1,0,0,0,1,0,0,0,0,0,0,0,0,0,0,0,0,1,0,0,0,0,1.5199089375062938e-08
fri_c1_1000_50_837,2,0.755,0.0010619163513183,0.0001521110534667,1,0,1,0,0,0,0,1,0,0,0,0,0,0,0,0,0,0,0,0,1,0,0,0,0,6.186639568684671e-10
fri_c1_1000_50_837,2,0.755,0.0012359619140625,0.0001659393310546,0,1,1,0,0,0,0,1,0,0,0,0,0,0,0,0,0,0,0,0,1,0,0,0,0,1.5342225822901687e-09
fri_c1_1000_50_837,2,0.755,0.0011026859283447,0.0001626014709472,0,1,0,1,0,0,0,1,0,0,0,0,0,0,0,0,0,0,0,0,1,0,0,0,0,8.119380500007719e-11
fri_c1_1000_50_837,2,0.755,0.0012850761413574,0.0001749992370605,0,1,0,0,1,0,0,1,0,0,0,0,0,0,0,0,0,0,0,0,1,0,0,0,0,4.947659692694714e-08
fri_c1_1000_50_837,2,0.75,0.0011730194091796,0.0002193450927734,1,0,0,1,0,0,0,0,0,0,1,0,0,0,0,0,0,0,0,0,0,0,1,0,0,1.6114039035147654e-10
fri_c1_1000_50_837,2,0.75,0.0013065338134765,0.0001807212829589,1,0,1,0,0,0,0,1,0,0,0,0,0,0,0,0,0,0,0,0,0,0,0,1,0,7.434380029129135e-11
fri_c1_1000_50_837,2,0.75,0.0012183189392089,0.000258445739746,0,1,1,0,0,0,0,0,0,0,1,0,0,0,0,0,0,0,0,0,0,0,1,0,0,1.2636130443040067e-09
fri_c1_1000_50_837,2,0.75,0.0011963844299316,0.0001838207244873,1,0,0,0,1,0,0,1,0,0,0,0,0,0,0,0,0,0,0,0,0,0,0,1,0,5.7816911907886215e-11
fri_c1_1000_50_837,2,0.75,0.0012366771697998,0.0001688003540039,1,0,0,1,0,0,0,1,0,0,0,0,0,0,0,0,0,0,0,0,0,0,0,1,0,5.5817003442618915e-09
fri_c1_1000_50_837,2,0.75,0.0011141300201416,0.000180959701538,0,1,0,1,0,0,0,1,0,0,0,0,0,0,0,0,0,0,0,0,0,0,0,1,0,1.149375137902535e-09
fri_c1_1000_50_837,2,0.75,0.0012855529785156,0.0001702308654785,0,1,0,0,1,0,0,1,0,0,0,0,0,0,0,0,0,0,0,0,0,0,0,1,0,3.9013760722275824e-11
fri_c1_1000_50_837,2,0.75,0.0012023448944091,0.0001771450042724,1,0,1,0,0,0,0,0,0,0,1,0,0,0,0,0,0,0,0,0,0,0,1,0,0,1.8577431705388703e-11
arsenic-female-bladder_949,0,0.9107142857142856,0.0009958744049072,0.0001528263092041,1,0,0,1,0,1,0,0,0,0,0,0,0,0,0,0,0,0,0,0,0,1,0,0,0,3.53031923498512e-11
arsenic-female-bladder_949,0,0.9107142857142856,0.0009560585021972,0.0001471042633056,0,1,1,0,0,1,0,0,0,0,0,0,0,0,0,0,0,0,0,0,0,1,0,0,0,3.519643046019507e-11
arsenic-female-bladder_949,0,0.9107142857142856,0.0010933876037597,0.0001678466796875,0,1,0,1,0,1,0,0,0,0,0,0,0,0,0,0,0,0,0,0,0,1,0,0,0,1.7840297836226726e-10
arsenic-female-bladder_949,0,0.9107142857142856,0.0010139942169189,0.0001578330993652,0,1,0,0,1,1,0,0,0,0,0,0,0,0,0,0,0,0,0,0,0,1,0,0,0,2.153191202779545e-08
arsenic-female-bladder_949,0,0.9107142857142856,0.0010721683502197,0.0001575946807861,1,0,0,0,1,1,0,0,0,0,0,0,0,0,0,0,0,0,0,0,0,1,0,0,0,1.695024895261882e-11
arsenic-female-bladder_949,0,0.9107142857142856,0.0009615421295166,0.0001506805419921,1,0,1,0,0,1,0,0,0,0,0,0,0,0,0,0,0,0,0,0,0,1,0,0,0,3.253537037839255e-11
arsenic-female-bladder_949,2,0.9017857142857144,0.0009257793426513,0.0001578330993652,0,1,1,0,0,0,1,0,0,0,0,0,0,0,0,0,0,0,0,0,0,0,0,0,1,1.6277838339184446e-10
arsenic-female-bladder_949,2,0.9017857142857144,0.0010972023010253,0.0001680850982666,0,1,0,1,0,0,0,1,0,0,0,0,0,0,0,0,0,0,0,0,0,0,0,1,0,1.6343035181725428e-09
arsenic-female-bladder_949,0,0.9017857142857144,0.0011818408966064,0.0002110004425048,0,1,0,1,0,0,0,0,0,0,0,1,0,0,0,0,0,0,0,0,1,0,0,0,0,1.1259817766553295e-08
arsenic-female-bladder_949,2,0.9017857142857144,0.0012454986572265,0.0002236366271972,0,1,0,1,0,0,0,0,0,1,0,0,0,0,0,0,0,0,0,0,0,0,0,1,0,4.839113519082347e-08
arsenic-female-bladder_949,2,0.9017857142857144,0.0010080337524414,0.0001544952392578,0,1,0,1,0,1,0,0,0,0,0,0,0,0,0,0,0,0,0,0,0,0,0,1,0,4.449926467426931e-10
arsenic-female-bladder_949,2,0.9017857142857144,0.0009863376617431,0.0001533031463623,0,1,1,0,0,1,0,0,0,0,0,0,0,0,0,0,0,0,0,1,0,0,0,0,0,2.650569874984721e-11
arsenic-female-bladder_949,2,0.9017857142857144,0.0011777877807617,0.0001778602600097,0,1,1,0,0,0,0,0,0,0,0,1,0,0,0,0,0,0,0,0,0,0,0,0,1,7.145986204457925e-11
arsenic-female-bladder_949,2,0.9017857142857144,0.0009701251983642,0.0001547336578369,1,0,0,1,0,0,0,0,0,0,0,0,0,0,0,0,0,1,0,0,0,0,0,1,0,1.4092580398104966e-10
arsenic-female-bladder_949,2,0.9017857142857144,0.0017426013946533,0.0002913475036621,1,0,0,1,0,0,1,0,0,0,0,0,0,0,0,0,0,0,0,0,0,0,0,1,0,1.3944102868075317e-08
arsenic-female-bladder_949,2,0.9017857142857144,0.0013356208801269,0.0001726150512695,1,0,0,1,0,0,0,0,0,0,0,1,0,0,0,0,0,0,0,0,0,0,0,1,0,5.579217219249902e-09
arsenic-female-bladder_949,2,0.9017857142857144,0.0013167858123779,0.0001916885375976,1,0,0,1,0,0,0,0,0,1,0,0,0,0,0,0,0,0,1,0,0,0,0,0,0,6.855218370141537e-11
arsenic-female-bladder_949,2,0.9017857142857144,0.0011103153228759,0.0001788139343261,1,0,0,1,0,0,0,0,0,0,0,0,0,1,0,0,0,0,0,0,0,0,0,1,0,2.2645505534971386e-08
arsenic-female-bladder_949,2,0.9017857142857144,0.0009868144989013,0.0001699924468994,0,1,1,0,0,0,0,0,0,0,0,0,0,0,1,0,0,0,0,1,0,0,0,0,0,2.7328977142122168e-08
arsenic-female-bladder_949,2,0.9017857142857144,0.0009882450103759,0.0001602172851562,0,1,1,0,0,0,0,1,0,0,0,0,0,0,0,0,0,0,0,1,0,0,0,0,0,3.3865313460762805e-08
PizzaCutter3_1444,0,0.8995215311004785,0.0011417865753173,0.0001604557037353,1,0,1,0,0,0,0,0,0,0,0,0,0,0,0,0,0,1,0,1,0,0,0,0,0,1.2589739815793128e-10
PizzaCutter3_1444,0,0.8995215311004785,0.0012228488922119,0.000169038772583,1,0,0,1,0,0,0,1,0,0,0,0,0,0,0,0,0,0,0,0,0,0,0,1,0,3.427054252591806e-11
PizzaCutter3_1444,1,0.8995215311004785,0.0010905265808105,0.0001599788665771,1,0,0,1,0,0,0,0,1,0,0,0,0,0,0,0,0,0,0,0,0,0,0,0,1,2.605131366353205e-11
PizzaCutter3_1444,0,0.8995215311004785,0.0011048316955566,0.0001747608184814,1,0,0,1,0,0,0,0,1,0,0,0,0,0,0,0,0,0,0,0,1,0,0,0,0,3.9842906638104535e-10
PizzaCutter3_1444,0,0.8995215311004785,0.0012736320495605,0.0001695156097412,1,0,1,0,0,0,0,0,0,0,0,0,0,0,0,0,0,1,0,0,0,0,0,0,1,5.2155395267656e-10
PizzaCutter3_1444,1,0.8995215311004785,0.001150369644165,0.000145673751831,1,0,1,0,0,0,0,0,1,0,0,0,0,0,0,0,0,0,0,0,0,0,0,0,1,2.9705713757318357e-08
PizzaCutter3_1444,0,0.8995215311004785,0.0016472339630126,0.000213623046875,0,1,0,0,1,0,0,0,0,0,0,0,0,0,0,0,0,1,0,0,0,0,0,1,0,1.177671538825516e-10
PizzaCutter3_1444,1,0.8995215311004785,0.0012106895446777,0.0001521110534667,0,1,0,0,1,0,0,0,1,0,0,0,0,0,0,0,0,0,0,0,0,0,0,1,0,3.2178705308671507e-09
PizzaCutter3_1444,0,0.8995215311004785,0.0010743141174316,0.0001435279846191,1,0,0,1,0,0,0,0,1,0,0,0,0,0,0,0,0,0,0,0,0,1,0,0,0,1.4218403647759657e-08
PizzaCutter3_1444,0,0.8995215311004785,0.0010733604431152,0.0001533031463623,1,0,0,1,0,0,0,0,0,0,0,0,0,0,0,0,0,1,0,0,0,1,0,0,0,1.192920708214499e-10
PizzaCutter3_1444,0,0.8995215311004785,0.0012364387512207,0.0001816749572753,1,0,0,1,0,0,0,0,0,0,0,0,0,0,0,0,0,1,0,0,0,0,0,0,1,1.1710040230252079e-10
PizzaCutter3_1444,0,0.8995215311004785,0.001075267791748,0.0001552104949951,1,0,0,1,0,0,0,1,0,0,0,0,0,0,0,0,0,0,0,0,0,0,1,0,0,4.749206455013127e-09
PizzaCutter3_1444,0,0.8995215311004785,0.0010967254638671,0.0001561641693115,0,1,0,0,1,0,0,0,0,0,0,0,0,0,0,0,0,1,0,0,0,0,0,0,1,8.026849524068529e-09
PizzaCutter3_1444,1,0.8995215311004785,0.0011582374572753,0.0001676082611083,0,1,0,0,1,0,0,0,1,0,0,0,0,0,0,0,0,0,0,0,0,0,0,0,1,6.903201733389229e-08
PizzaCutter3_1444,0,0.8995215311004785,0.0010957717895507,0.0001554489135742,1,0,0,1,0,0,0,1,0,0,0,0,0,0,0,0,0,0,0,0,0,1,0,0,0,2.5105142026117137e-08
PizzaCutter3_1444,0,0.8995215311004785,0.0011155605316162,0.0001463890075683,1,0,0,1,0,0,0,0,1,0,0,0,0,0,0,0,0,0,0,0,0,0,1,0,0,1.9418050020182656e-08
PizzaCutter3_1444,0,0.8995215311004785,0.0011348724365234,0.0001633167266845,0,1,0,0,1,0,0,1,0,0,0,0,0,0,0,0,0,0,0,0,0,0,0,1,0,5.878369682734886e-09
PizzaCutter3_1444,0,0.8995215311004785,0.0011196136474609,0.0001764297485351,0,1,0,0,1,0,0,1,0,0,0,0,0,0,0,0,0,0,1,0,0,0,0,0,0,2.9781497681134325e-11
PizzaCutter3_1444,0,0.8995215311004785,0.0010802745819091,0.0001866817474365,1,0,0,0,1,0,0,0,0,0,0,0,0,0,0,0,0,1,0,0,0,1,0,0,0,1.7256984202159284e-08
PizzaCutter3_1444,0,0.8995215311004785,0.0010943412780761,0.0001492500305175,1,0,0,0,1,0,0,0,1,0,0,0,0,0,0,0,0,0,0,0,0,1,0,0,0,5.5117169099244125e-08
robot-failures-lp5_1520,0,0.8484848484848485,0.006256103515625,0.0017809867858886,1,0,0,0,1,0,0,0,0,0,0,0,0,0,1,0,0,0,0,0,1,0,0,0,0,3.65486437677904e-10
robot-failures-lp5_1520,0,0.8484848484848485,0.0153834819793701,0.00187349319458,1,0,1,0,0,0,0,0,0,0,0,0,0,0,1,0,0,0,0,0,1,0,0,0,0,1.7974128141420175e-10
robot-failures-lp5_1520,0,0.8484848484848485,0.006425142288208,0.0018222332000732,1,0,0,1,0,0,0,0,0,0,0,0,0,0,1,0,0,0,0,0,1,0,0,0,0,1.230060773962504e-09
robot-failures-lp5_1520,0,0.8484848484848485,0.0064492225646972,0.0019304752349853,0,1,0,1,0,0,0,0,0,0,0,0,0,0,1,0,0,0,0,0,1,0,0,0,0,6.696107262972786e-08
robot-failures-lp5_1520,0,0.8484848484848485,0.0095851421356201,0.0020661354064941,0,1,0,0,1,0,0,0,0,0,0,0,0,0,1,0,0,0,0,0,1,0,0,0,0,1.5970889198998323e-11
robot-failures-lp5_1520,0,0.8484848484848485,0.0066354274749755,0.0023560523986816,0,1,1,0,0,0,0,0,0,0,0,0,0,0,1,0,0,0,0,0,1,0,0,0,0,6.8473505619385515e-09
robot-failures-lp5_1520,3,0.7878787878787878,0.0009963512420654,0.0002427101135253,1,0,1,0,0,0,0,0,0,0,0,0,0,0,0,0,0,1,0,0,1,0,0,0,0,1.814150583551332e-08
robot-failures-lp5_1520,0,0.7878787878787878,0.001218557357788,0.0003399848937988,1,0,1,0,0,0,0,0,0,0,0,1,0,0,0,0,0,0,0,0,1,0,0,0,0,1.4288829921351878e-08
robot-failures-lp5_1520,0,0.7878787878787878,0.0013093948364257,0.0003538131713867,0,1,1,0,0,0,0,0,0,0,0,1,0,0,0,0,0,0,0,0,1,0,0,0,0,1.849684340754935e-09
robot-failures-lp5_1520,3,0.7878787878787878,0.0010516643524169,0.0002355575561523,0,1,1,0,0,0,0,0,0,0,0,0,0,0,0,0,0,1,0,0,1,0,0,0,0,4.811184246102365e-08
robot-failures-lp5_1520,3,0.7878787878787878,0.0009751319885253,0.0002439022064208,1,0,0,1,0,0,0,0,0,0,0,0,0,0,0,0,0,1,0,0,1,0,0,0,0,3.4521927349130385e-11
robot-failures-lp5_1520,3,0.7878787878787878,0.0009529590606689,0.0002307891845703,0,1,0,0,1,0,0,0,0,0,0,0,0,0,0,0,0,1,0,0,1,0,0,0,0,9.563181249606985e-11
robot-failures-lp5_1520,3,0.7878787878787878,0.001194953918457,0.0002527236938476,1,0,0,0,1,0,0,0,0,0,0,0,0,0,0,0,0,1,0,0,1,0,0,0,0,1.6897607278209035e-10
robot-failures-lp5_1520,0,0.7878787878787878,0.0013349056243896,0.0003960132598876,1,0,0,0,1,0,0,0,0,0,0,1,0,0,0,0,0,0,0,0,1,0,0,0,0,1.083202462799735e-11
robot-failures-lp5_1520,3,0.7878787878787878,0.0010108947753906,0.0002331733703613,0,1,0,1,0,0,0,0,0,0,0,0,0,0,0,0,0,1,0,0,1,0,0,0,0,3.0386244556238806e-10
robot-failures-lp5_1520,0,0.7878787878787878,0.0011770725250244,0.0003824234008789,1,0,0,1,0,0,0,0,0,0,0,1,0,0,0,0,0,0,0,0,1,0,0,0,0,4.3917676091813815e-11
robot-failures-lp5_1520,0,0.7878787878787878,0.0012063980102539,0.0003473758697509,0,1,0,1,0,0,0,0,0,0,0,1,0,0,0,0,0,0,0,0,1,0,0,0,0,7.915978548317536e-09
robot-failures-lp5_1520,0,0.7878787878787878,0.0012662410736083,0.0004112720489501,0,1,0,0,1,0,0,0,0,0,0,1,0,0,0,0,0,0,0,0,1,0,0,0,0,4.568895537292202e-10
robot-failures-lp5_1520,4,0.78125,0.0010247230529785,0.0002427101135253,0,1,0,1,0,0,0,0,0,0,0,0,0,0,0,0,0,1,0,0,0,1,0,0,0,6.574122440180798e-09
robot-failures-lp5_1520,4,0.78125,0.0009288787841796,0.0002295970916748,0,1,1,0,0,0,0,0,0,0,0,0,0,0,0,0,0,1,0,0,0,1,0,0,0,1.4949032255982078e-10
satimage_182,2,0.854587869362364,0.0035314559936523,0.0020849704742431,0,1,0,0,1,0,0,0,0,1,0,0,0,0,0,0,0,0,1,0,0,0,0,0,0,3.370318852444789e-11
satimage_182,2,0.854587869362364,0.0044412612915039,0.0016283988952636,1,0,1,0,0,0,0,0,0,0,0,0,0,1,0,0,0,0,1,0,0,0,0,0,0,3.372532117169562e-11
satimage_182,2,0.854587869362364,0.004141092300415,0.0016264915466308,0,1,0,1,0,0,0,0,0,0,0,0,0,1,0,0,0,0,1,0,0,0,0,0,0,6.502120439971616e-11
satimage_182,2,0.854587869362364,0.0035023689270019,0.0017247200012207,0,1,0,1,0,0,0,0,0,1,0,0,0,0,0,0,0,0,1,0,0,0,0,0,0,2.8897666220029405e-11
satimage_182,2,0.854587869362364,0.0038433074951171,0.0016038417816162,0,1,1,0,0,0,0,0,0,1,0,0,0,0,0,0,0,0,1,0,0,0,0,0,0,7.624094937461036e-11
satimage_182,2,0.854587869362364,0.0036237239837646,0.0016849040985107,1,0,0,1,0,0,0,0,0,1,0,0,0,0,0,0,0,0,1,0,0,0,0,0,0,2.0707962922941488e-09
satimage_182,2,0.854587869362364,0.0035164356231689,0.0019838809967041,1,0,1,0,0,0,0,0,0,1,0,0,0,0,0,0,0,0,1,0,0,0,0,0,0,1.0600932271702398e-10
satimage_182,2,0.854587869362364,0.0039730072021484,0.0016641616821289,1,0,0,1,0,0,0,0,0,0,0,0,0,1,0,0,0,0,1,0,0,0,0,0,0,2.353890444646229e-10
satimage_182,2,0.854587869362364,0.0039525032043457,0.001805305480957,0,1,1,0,0,0,0,0,0,0,0,0,0,1,0,0,0,0,1,0,0,0,0,0,0,1.625308977268802e-11
satimage_182,2,0.854587869362364,0.0040066242218017,0.0016844272613525,1,0,0,0,1,0,0,0,0,1,0,0,0,0,0,0,0,0,1,0,0,0,0,0,0,3.705410862114149e-08
satimage_182,2,0.854587869362364,0.0042064189910888,0.0017971992492675,1,0,0,0,1,0,0,0,0,0,0,0,0,1,0,0,0,0,1,0,0,0,0,0,0,3.5698006831319704e-11
satimage_182,2,0.854587869362364,0.0038940906524658,0.0016252994537353,0,1,0,0,1,0,0,0,0,0,0,0,0,1,0,0,0,0,1,0,0,0,0,0,0,2.4812089692481286e-10
satimage_182,1,0.8506998444790047,0.0062353610992431,0.0047135353088378,0,1,1,0,0,0,0,0,0,0,0,0,0,1,0,0,0,0,1,0,0,0,0,0,0,3.295467260073769e-10
satimage_182,1,0.8506998444790047,0.0040876865386962,0.0016417503356933,1,0,0,0,1,0,0,0,0,0,0,0,0,1,0,0,0,0,1,0,0,0,0,0,0,1.226041232765489e-08
satimage_182,1,0.8506998444790047,0.0040438175201416,0.0015079975128173,1,0,1,0,0,0,0,0,0,0,0,0,0,1,0,0,0,0,1,0,0,0,0,0,0,8.59352635510695e-10
satimage_182,1,0.8506998444790047,0.0044312477111816,0.0018296241760253,0,1,0,1,0,0,0,0,0,0,0,0,0,1,0,0,0,0,1,0,0,0,0,0,0,3.402711706953588e-10
satimage_182,1,0.8506998444790047,0.0036463737487792,0.0016517639160156,1,0,0,0,1,0,0,0,0,1,0,0,0,0,0,0,0,0,1,0,0,0,0,0,0,6.074335765742524e-09
satimage_182,1,0.8506998444790047,0.004117727279663,0.0016546249389648,1,0,0,1,0,0,0,0,0,0,0,0,0,1,0,0,0,0,1,0,0,0,0,0,0,2.443762537239462e-09
satimage_182,1,0.8506998444790047,0.0036373138427734,0.0016279220581054,1,0,1,0,0,0,0,0,0,1,0,0,0,0,0,0,0,0,1,0,0,0,0,0,0,2.0537062989892792e-11
satimage_182,1,0.8506998444790047,0.0037875175476074,0.0016167163848876,1,0,0,1,0,0,0,0,0,1,0,0,0,0,0,0,0,0,1,0,0,0,0,0,0,1.7815622626718258e-10
fri_c4_500_50_805,0,0.73,0.0014154911041259,0.0002112388610839,0,1,0,0,1,0,0,0,0,0,0,0,0,1,0,0,0,0,0,0,0,0,0,0,1,8.211689403751655e-08
fri_c4_500_50_805,0,0.73,0.0012638568878173,0.0002005100250244,0,1,1,0,0,0,0,0,0,1,0,0,0,0,0,0,0,0,0,0,0,0,0,0,1,8.577106687123852e-10
fri_c4_500_50_805,0,0.73,0.0013504028320312,0.0002031326293945,1,0,0,0,1,0,0,0,0,1,0,0,0,0,0,0,0,0,0,0,0,0,0,0,1,4.97476166733079e-10
fri_c4_500_50_805,0,0.73,0.0011801719665527,0.0002498626708984,0,1,0,1,0,0,0,0,0,0,0,0,0,1,0,0,0,0,0,0,0,0,0,0,1,3.9781321428153135e-11
fri_c4_500_50_805,0,0.73,0.0012917518615722,0.0002052783966064,1,0,1,0,0,0,0,0,0,1,0,0,0,0,0,0,0,0,0,0,0,0,0,0,1,2.2713323969048222e-08
fri_c4_500_50_805,0,0.73,0.0013296604156494,0.000248908996582,0,1,1,0,0,0,0,0,0,0,0,0,0,1,0,0,0,0,0,0,0,0,0,0,1,3.413748402917678e-11
fri_c4_500_50_805,0,0.73,0.0013439655303955,0.000216007232666,1,0,0,1,0,0,0,0,0,0,0,0,0,1,0,0,0,0,0,0,0,0,0,0,1,2.632297533121824e-11
fri_c4_500_50_805,0,0.73,0.0012595653533935,0.0002124309539794,1,0,0,1,0,0,0,0,0,1,0,0,0,0,0,0,0,0,0,0,0,0,0,0,1,5.701661130318914e-10
fri_c4_500_50_805,0,0.73,0.0013785362243652,0.0002198219299316,1,0,1,0,0,0,0,0,0,0,0,0,0,1,0,0,0,0,0,0,0,0,0,0,1,5.579400248990982e-10
fri_c4_500_50_805,0,0.73,0.0013039112091064,0.0002102851867675,1,0,0,0,1,0,0,0,0,0,0,0,0,1,0,0,0,0,0,0,0,0,0,0,1,8.430938993031913e-08
fri_c4_500_50_805,0,0.73,0.0012867450714111,0.0002119541168212,0,1,0,1,0,0,0,0,0,1,0,0,0,0,0,0,0,0,0,0,0,0,0,0,1,3.2369347596279075e-11
fri_c4_500_50_805,0,0.73,0.0011525154113769,0.0001928806304931,0,1,0,0,1,0,0,0,0,1,0,0,0,0,0,0,0,0,0,0,0,0,0,0,1,8.616053652842316e-10
fri_c4_500_50_805,0,0.72,0.0008094310760498,0.0001387596130371,1,0,1,0,0,0,0,0,1,0,0,0,0,0,0,0,0,0,0,0,0,1,0,0,0,6.382359283695043e-11
fri_c4_500_50_805,0,0.72,0.0008399486541748,0.0001366138458251,1,0,0,1,0,0,0,0,1,0,0,0,0,0,0,0,0,0,0,0,0,0,1,0,0,6.41291622947061e-09
fri_c4_500_50_805,0,0.72,0.000988483428955,0.0001575946807861,0,1,1,0,0,0,0,0,1,0,0,0,0,0,0,0,0,0,0,0,0,1,0,0,0,3.6876314335891557e-10
fri_c4_500_50_805,0,0.72,0.0012762546539306,0.0002059936523437,1,0,0,0,1,0,0,0,0,1,0,0,0,0,0,0,0,0,0,0,0,0,1,0,0,3.925288280075854e-09
fri_c4_500_50_805,0,0.72,0.0008692741394042,0.0001411437988281,1,0,1,0,0,0,0,0,1,0,0,0,0,0,0,0,0,0,1,0,0,0,0,0,0,2.2575882419606566e-10
fri_c4_500_50_805,0,0.72,0.0012142658233642,0.0002040863037109,1,0,0,0,1,0,0,0,0,0,0,0,0,1,0,0,0,0,0,0,0,0,1,0,0,1.81210745283145e-09
fri_c4_500_50_805,0,0.72,0.0013298988342285,0.0002152919769287,1,0,0,0,1,0,0,0,0,1,0,0,0,0,0,0,0,0,0,0,0,1,0,0,0,7.525717309142433e-10
fri_c4_500_50_805,0,0.72,0.0041944980621337,0.0007631778717041,1,0,0,0,1,0,0,0,0,0,0,0,0,0,1,0,0,0,0,0,0,0,1,0,0,3.1438361964851447e-10
SPECT_336,4,0.8867924528301887,0.0008168220520019,0.0001513957977294,0,1,0,0,1,0,0,0,0,0,0,0,0,0,0,0,0,1,0,0,1,0,0,0,0,1.4128601328625654e-09
SPECT_336,4,0.8867924528301887,0.0008749961853027,0.0001552104949951,1,0,0,0,1,0,0,0,0,0,0,0,0,0,0,0,0,1,0,0,1,0,0,0,0,3.429214948285716e-10
SPECT_336,4,0.8867924528301887,0.0007984638214111,0.0001533031463623,1,0,0,1,0,0,0,0,0,0,0,0,0,0,0,0,0,1,0,0,1,0,0,0,0,1.6752325820892982e-08
SPECT_336,4,0.8867924528301887,0.0007593631744384,0.0001516342163085,1,0,1,0,0,0,0,0,0,0,0,0,0,0,0,0,0,1,0,0,1,0,0,0,0,9.570847603347435e-10
SPECT_336,4,0.8867924528301887,0.0009090900421142,0.0001614093780517,0,1,0,1,0,0,0,0,0,0,0,0,0,0,0,0,0,1,0,0,1,0,0,0,0,4.097406631069966e-08
SPECT_336,4,0.8867924528301887,0.0007812976837158,0.0001497268676757,0,1,1,0,0,0,0,0,0,0,0,0,0,0,0,0,0,1,0,0,1,0,0,0,0,7.784253361548565e-11
SPECT_336,2,0.8679245283018868,0.0010242462158203,0.0002229213714599,1,0,0,1,0,0,0,0,0,0,0,0,0,0,0,1,0,0,0,0,0,0,0,0,1,2.8086363943429323e-11
SPECT_336,3,0.8679245283018868,0.0008974075317382,0.0001530647277832,1,0,0,1,0,0,0,1,0,0,0,0,0,0,0,0,0,0,0,0,0,0,0,0,1,3.3409458605897005e-10
SPECT_336,2,0.8679245283018868,0.0007979869842529,0.000152587890625,0,1,0,0,1,0,0,1,0,0,0,0,0,0,0,0,0,0,0,0,1,0,0,0,0,5.4279800845107503e-11
SPECT_336,3,0.8679245283018868,0.0008745193481445,0.0001561641693115,1,0,0,0,1,0,0,0,0,0,0,0,0,0,0,0,0,1,1,0,0,0,0,0,0,3.7366082850691977e-10
SPECT_336,2,0.8679245283018868,0.0007870197296142,0.000150442123413,1,0,0,0,1,0,0,0,0,0,0,0,0,0,0,0,0,1,0,0,1,0,0,0,0,6.755286574632105e-11
SPECT_336,2,0.8679245283018868,0.0012187957763671,0.0002157688140869,1,0,0,0,1,0,0,0,0,0,0,0,0,0,0,1,0,0,0,0,0,0,0,1,0,2.9707440495154306e-08
SPECT_336,2,0.8679245283018868,0.000777244567871,0.000152587890625,1,0,0,0,1,0,0,1,0,0,0,0,0,0,0,0,0,0,0,0,1,0,0,0,0,1.869037947978655e-09
SPECT_336,4,0.8679245283018868,0.0007979869842529,0.0001537799835205,1,0,0,0,1,0,0,1,0,0,0,0,0,0,0,0,0,0,0,0,1,0,0,0,0,9.780409975254468e-10
SPECT_336,2,0.8679245283018868,0.0011994838714599,0.0002439022064208,1,0,0,0,1,0,0,0,0,0,0,0,0,0,0,1,0,0,0,0,0,0,0,0,1,1.4157298083345109e-08
SPECT_336,2,0.8679245283018868,0.001192569732666,0.0002472400665283,0,1,0,1,0,0,0,0,0,0,0,0,0,0,0,1,0,0,0,0,0,0,0,0,1,3.3225234336427195e-11
SPECT_336,2,0.8679245283018868,0.000716209411621,0.000145673751831,1,0,0,0,1,0,0,0,0,0,0,0,0,0,0,0,0,1,1,0,0,0,0,0,0,2.679531593777116e-08
SPECT_336,3,0.8679245283018868,0.0007691383361816,0.0001492500305175,1,0,1,0,0,0,0,1,0,0,0,0,0,0,0,0,0,0,0,0,0,0,0,0,1,8.574646658891281e-10
SPECT_336,2,0.8679245283018868,0.0011320114135742,0.0002269744873046,1,0,1,0,0,0,0,0,0,0,0,0,0,0,0,1,0,0,0,0,0,0,0,0,1,3.5134430477478283e-11
SPECT_336,3,0.8679245283018868,0.000802993774414,0.000148057937622,1,0,1,0,0,0,0,0,0,0,0,0,0,0,0,0,0,1,1,0,0,0,0,0,0,1.89515992623291e-08
LED-display-domain-7digit_40496,4,0.79,0.0014021396636962,0.0003793239593505,1,0,0,1,0,0,0,0,0,0,0,0,0,1,0,0,0,0,0,0,0,0,0,0,1,6.967882871119248e-10
LED-display-domain-7digit_40496,4,0.79,0.0015184879302978,0.0004060268402099,0,1,1,0,0,0,0,0,0,0,0,0,0,1,0,0,0,0,0,0,1,0,0,0,0,2.6206086478187116e-09
LED-display-domain-7digit_40496,4,0.79,0.0013074874877929,0.0003755092620849,1,0,0,0,1,0,0,0,0,0,0,0,0,1,0,0,0,0,0,0,0,1,0,0,0,3.7534924220635374e-08
LED-display-domain-7digit_40496,4,0.79,0.0015687942504882,0.0004732608795166,1,0,0,0,1,0,0,0,0,1,0,0,0,0,0,0,0,0,0,0,1,0,0,0,0,3.653983053821742e-08
LED-display-domain-7digit_40496,4,0.79,0.0024473667144775,0.0006992816925048,1,0,0,1,0,0,0,0,0,1,0,0,0,0,0,0,0,0,0,0,0,1,0,0,0,3.726280692402298e-08
LED-display-domain-7digit_40496,4,0.79,0.0021243095397949,0.0007216930389404,0,1,0,1,0,0,0,0,0,1,0,0,0,0,0,0,0,0,0,0,0,1,0,0,0,4.6523227601463815e-10
LED-display-domain-7digit_40496,4,0.79,0.0056202411651611,0.0005590915679931,1,0,0,0,1,0,0,0,0,1,0,0,0,0,0,0,0,0,0,0,0,0,0,0,1,9.963766173984565e-09
LED-display-domain-7digit_40496,4,0.79,0.0028650760650634,0.0004818439483642,0,1,0,0,1,0,0,0,0,1,0,0,0,0,0,0,0,0,0,0,0,0,0,0,1,8.572025197399208e-11
LED-display-domain-7digit_40496,4,0.79,0.0023829936981201,0.0004990100860595,1,0,0,1,0,0,0,0,0,1,0,0,0,0,0,0,0,0,0,0,0,0,0,0,1,2.112068279708781e-08
LED-display-domain-7digit_40496,4,0.79,0.0013198852539062,0.0003776550292968,1,0,0,0,1,0,0,0,0,0,0,0,0,1,0,0,0,0,0,0,1,0,0,0,0,2.32749751300086e-10
LED-display-domain-7digit_40496,4,0.79,0.0012621879577636,0.0003814697265625,0,1,0,1,0,0,0,0,0,0,0,0,0,1,0,0,0,0,0,0,1,0,0,0,0,7.172157991724974e-10
LED-display-domain-7digit_40496,4,0.79,0.0016682147979736,0.0004534721374511,0,1,0,0,1,0,0,0,0,1,0,0,0,0,0,0,0,0,0,0,1,0,0,0,0,3.677617800029781e-08
LED-display-domain-7digit_40496,4,0.79,0.0012617111206054,0.00040864944458,0,1,0,1,0,0,0,0,0,0,0,0,0,1,0,0,0,0,0,0,0,1,0,0,0,1.6709359633046262e-08
LED-display-domain-7digit_40496,4,0.79,0.0012409687042236,0.000378131866455,1,0,1,0,0,0,0,0,0,0,0,0,0,1,0,0,0,0,0,0,0,1,0,0,0,6.457208660206383e-08
LED-display-domain-7digit_40496,4,0.79,0.0012476444244384,0.0004017353057861,0,1,0,1,0,0,0,0,0,0,0,0,0,1,0,0,0,0,0,0,0,0,0,0,1,2.8437535706787227e-10
LED-display-domain-7digit_40496,4,0.79,0.0013763904571533,0.0003795623779296,0,1,0,0,1,0,0,0,0,0,0,0,0,1,0,0,0,0,0,0,0,1,0,0,0,4.0210648625624196e-11
LED-display-domain-7digit_40496,4,0.79,0.0015895366668701,0.0004892349243164,1,0,1,0,0,0,0,0,0,1,0,0,0,0,0,0,0,0,0,0,0,1,0,0,0,4.3816904427427453e-08
LED-display-domain-7digit_40496,4,0.79,0.0018031597137451,0.0004477500915527,1,0,1,0,0,0,0,0,0,1,0,0,0,0,0,0,0,0,0,0,1,0,0,0,0,9.388961288670267e-10
LED-display-domain-7digit_40496,4,0.79,0.0013418197631835,0.0003774166107177,0,1,0,0,1,0,0,0,0,0,0,0,0,1,0,0,0,0,0,0,0,0,0,0,1,3.6107977599511746e-08
LED-display-domain-7digit_40496,4,0.79,0.0012824535369873,0.000392198562622,1,0,1,0,0,0,0,0,0,0,0,0,0,1,0,0,0,0,0,0,0,0,0,0,1,8.478018715124502e-09
Mammographic-Mass-Data-Set_45557,0,0.844559585492228,0.0008244514465332,0.0001721382141113,0,1,0,0,1,0,0,0,0,0,0,0,0,0,1,0,0,0,1,0,0,0,0,0,0,3.156542361915717e-08
Mammographic-Mass-Data-Set_45557,0,0.844559585492228,0.0008580684661865,0.0001966953277587,0,1,1,0,0,0,0,0,0,0,0,0,0,0,1,0,0,0,1,0,0,0,0,0,0,4.15806948804289e-09
Mammographic-Mass-Data-Set_45557,0,0.844559585492228,0.0008318424224853,0.0001740455627441,0,1,0,1,0,0,0,0,0,0,0,0,0,0,1,0,0,0,1,0,0,0,0,0,0,1.7761844142874206e-08
Mammographic-Mass-Data-Set_45557,0,0.8341968911917098,0.0008547306060791,0.0001609325408935,0,1,0,1,0,0,0,0,0,0,0,0,0,0,0,0,0,1,0,0,0,1,0,0,0,3.0293119313200414e-11
Mammographic-Mass-Data-Set_45557,0,0.8341968911917098,0.0009474754333496,0.0001616477966308,0,1,0,0,1,0,0,0,0,0,0,0,0,0,0,0,0,1,0,0,0,1,0,0,0,7.467560620927738e-08
Mammographic-Mass-Data-Set_45557,0,0.8341968911917098,0.0007855892181396,0.0001566410064697,0,1,1,0,0,0,0,0,0,0,0,0,0,0,0,0,0,1,0,0,0,1,0,0,0,5.2956209372837495e-11
Mammographic-Mass-Data-Set_45557,0,0.8290155440414507,0.0008175373077392,0.0001628398895263,0,1,0,0,1,0,0,0,0,0,0,0,0,1,0,0,0,0,0,0,0,1,0,0,0,1.2531731220265655e-11
Mammographic-Mass-Data-Set_45557,0,0.8290155440414507,0.0007984638214111,0.0001628398895263,0,1,0,0,1,0,1,0,0,0,0,0,0,0,0,0,0,0,0,0,0,0,0,1,0,1.3280960950994024e-09
Mammographic-Mass-Data-Set_45557,0,0.8290155440414507,0.0008773803710937,0.0001742839813232,0,1,1,0,0,0,0,0,0,0,0,0,0,1,0,0,0,0,0,0,0,1,0,0,0,7.041238440404611e-09
Mammographic-Mass-Data-Set_45557,0,0.8290155440414507,0.0010404586791992,0.0001959800720214,0,1,0,0,1,0,0,0,0,1,0,0,0,0,0,0,0,0,0,0,0,1,0,0,0,7.339622730691825e-09
Mammographic-Mass-Data-Set_45557,0,0.8290155440414507,0.0008454322814941,0.000162124633789,0,1,0,0,1,0,1,0,0,0,0,0,0,0,0,0,0,0,0,0,0,0,0,0,1,2.2747379893344894e-10
Mammographic-Mass-Data-Set_45557,0,0.8290155440414507,0.0008165836334228,0.0001578330993652,0,1,1,0,0,0,0,1,0,0,0,0,0,0,0,0,0,0,0,0,0,1,0,0,0,1.0359226900053616e-08
Mammographic-Mass-Data-Set_45557,0,0.8290155440414507,0.0009167194366455,0.00016450881958,0,1,0,1,0,0,0,0,0,0,0,0,0,1,0,0,0,0,0,0,0,1,0,0,0,2.3455258166779408e-08
Mammographic-Mass-Data-Set_45557,0,0.8290155440414507,0.0009362697601318,0.0001583099365234,0,1,0,1,0,0,0,0,0,0,0,0,0,0,0,0,0,1,0,0,0,0,0,0,1,2.754526592740168e-09
Mammographic-Mass-Data-Set_45557,0,0.8290155440414507,0.0016858577728271,0.0003285408020019,0,1,0,0,1,0,0,0,0,0,0,0,1,0,0,0,0,0,0,0,0,0,0,1,0,3.4991940633497304e-10
Mammographic-Mass-Data-Set_45557,0,0.8290155440414507,0.0009219646453857,0.0002357959747314,0,1,0,1,0,0,0,0,0,0,0,0,0,0,1,0,0,0,0,1,0,0,0,0,0,2.846415768664332e-09
Mammographic-Mass-Data-Set_45557,0,0.8290155440414507,0.0007970333099365,0.0001580715179443,0,1,0,1,0,0,0,1,0,0,0,0,0,0,0,0,0,0,0,0,0,1,0,0,0,2.8113932734617224e-08
Mammographic-Mass-Data-Set_45557,0,0.8290155440414507,0.0008795261383056,0.0001611709594726,0,1,0,0,1,0,0,1,0,0,0,0,0,0,0,0,0,0,0,0,0,1,0,0,0,3.9984074073664874e-08
Mammographic-Mass-Data-Set_45557,0,0.8290155440414507,0.0010402202606201,0.0001933574676513,0,1,0,1,0,0,0,0,0,1,0,0,0,0,0,0,0,0,0,0,0,1,0,0,0,1.3368002204922004e-11
Mammographic-Mass-Data-Set_45557,0,0.8290155440414507,0.001624584197998,0.0003128051757812,0,1,0,1,0,0,0,0,0,0,0,0,1,0,0,0,0,0,0,0,0,0,1,0,0,3.0874094813037986e-11
vote_56,4,0.9770114942528736,0.0007910728454589,0.0001423358917236,0,1,0,0,1,0,0,0,0,0,0,0,0,0,0,0,1,0,0,0,0,0,1,0,0,1.042452299606799e-11
vote_56,1,0.9770114942528736,0.0008604526519775,0.0001430511474609,0,1,0,0,1,0,0,0,0,0,0,0,0,0,0,0,1,0,0,0,0,0,1,0,0,9.32757456382463e-10
vote_56,1,0.9770114942528736,0.0008840560913085,0.0001461505889892,1,0,0,1,0,0,0,0,0,0,0,0,0,0,0,0,1,0,0,1,0,0,0,0,0,5.566262839615638e-10
vote_56,1,0.9770114942528736,0.000788927078247,0.0001349449157714,0,1,0,0,1,0,0,0,1,0,0,0,0,0,0,0,0,0,0,0,0,0,1,0,0,1.5247781052277482e-09
vote_56,1,0.9770114942528736,0.0009388923645019,0.0001628398895263,0,1,0,0,1,1,0,0,0,0,0,0,0,0,0,0,0,0,0,0,0,0,1,0,0,5.4273387342709075e-09
vote_56,1,0.9770114942528736,0.0009117126464843,0.0001604557037353,0,1,0,0,1,0,0,0,0,0,1,0,0,0,0,0,0,0,0,0,0,0,1,0,0,2.9049252915803456e-10
vote_56,4,0.9770114942528736,0.000779390335083,0.000159740447998,0,1,0,0,1,0,0,0,1,0,0,0,0,0,0,0,0,0,0,0,0,0,1,0,0,6.828244680543062e-11
vote_56,4,0.9770114942528736,0.000817060470581,0.0001678466796875,1,0,0,1,0,0,0,0,0,0,0,0,0,0,0,0,1,0,0,1,0,0,0,0,0,3.795609400243341e-10
vote_56,1,0.9770114942528736,0.000788927078247,0.0001556873321533,0,1,0,1,0,0,0,0,1,0,0,0,0,0,0,0,0,0,0,1,0,0,0,0,0,1.0865357059138944e-11
vote_56,4,0.9770114942528736,0.0008575916290283,0.0001389980316162,0,1,0,1,0,0,0,0,1,0,0,0,0,0,0,0,0,0,0,1,0,0,0,0,0,2.0786755482774403e-08
vote_56,4,0.9770114942528736,0.0008258819580078,0.0001375675201416,0,1,0,0,1,0,0,0,1,0,0,0,0,0,0,0,0,0,0,0,0,0,0,1,0,3.4269297282410347e-10
vote_56,4,0.9770114942528736,0.0008654594421386,0.0001535415649414,1,0,0,1,0,0,0,0,0,0,0,0,0,0,0,0,1,0,0,0,0,1,0,0,0,3.0985133367264702e-09
vote_56,1,0.9770114942528736,0.0008785724639892,0.0001490116119384,1,0,0,1,0,0,0,0,1,0,0,0,0,0,0,0,0,0,0,0,0,1,0,0,0,1.9902264332022016e-10
vote_56,1,0.9770114942528736,0.0008273124694824,0.0001406669616699,0,1,0,0,1,0,0,0,0,0,1,0,0,0,0,0,0,0,0,0,0,0,0,1,0,2.879052307603558e-09
vote_56,1,0.9770114942528736,0.0007922649383544,0.0001413822174072,0,1,0,1,0,0,0,0,0,0,0,0,0,0,0,0,1,0,0,1,0,0,0,0,0,1.4512477999021802e-09
vote_56,4,0.9770114942528736,0.0008282661437988,0.0001571178436279,0,1,0,1,0,0,0,0,0,0,0,0,0,0,0,0,1,0,0,1,0,0,0,0,0,6.827116589511773e-11
vote_56,1,0.9770114942528736,0.0009889602661132,0.0001440048217773,1,0,0,1,0,0,0,0,0,0,0,0,0,0,0,0,1,0,0,0,0,0,0,0,1,3.1717291920114452e-09
vote_56,1,0.9770114942528736,0.000880479812622,0.0001614093780517,0,1,0,0,1,0,0,0,0,0,0,0,0,0,0,0,1,0,0,1,0,0,0,0,0,2.7446671057858467e-11
vote_56,1,0.9770114942528736,0.0008583068847656,0.0001533031463623,0,1,0,0,1,0,0,0,1,0,0,0,0,0,0,0,0,0,0,1,0,0,0,0,0,8.40123991962724e-10
vote_56,4,0.9770114942528736,0.0008051395416259,0.000176191329956,0,1,0,0,1,0,0,0,1,0,0,0,0,0,0,0,0,0,0,1,0,0,0,0,0,7.577260809917324e-09
chscase_census2_909,0,0.7,0.0013251304626464,0.0002365112304687,0,1,0,1,0,0,0,0,0,0,0,0,1,0,0,0,0,0,0,1,0,0,0,0,0,1.5712702484082224e-09
chscase_census2_909,0,0.7,0.0013511180877685,0.0002520084381103,0,1,0,0,1,0,0,0,0,0,0,0,1,0,0,0,0,0,0,1,0,0,0,0,0,9.662383481687671e-09
chscase_census2_909,0,0.7,0.0014204978942871,0.0002381801605224,1,0,0,0,1,0,0,0,0,0,0,0,1,0,0,0,0,0,0,1,0,0,0,0,0,1.2377996363903768e-10
chscase_census2_909,0,0.7,0.0014922618865966,0.0002403259277343,1,0,1,0,0,0,0,0,0,0,0,0,1,0,0,0,0,0,0,1,0,0,0,0,0,1.5677402913166513e-11
chscase_census2_909,0,0.7,0.001378059387207,0.0002386569976806,0,1,1,0,0,0,0,0,0,0,0,0,1,0,0,0,0,0,0,1,0,0,0,0,0,1.674485960258784e-11
chscase_census2_909,0,0.7,0.0016155242919921,0.0026204586029052,1,0,0,1,0,0,0,0,0,0,0,0,1,0,0,0,0,0,0,1,0,0,0,0,0,1.1882339075979022e-10
chscase_census2_909,1,0.6125,0.0012197494506835,0.0002179145812988,1,0,0,1,0,0,0,0,0,1,0,0,0,0,0,0,0,0,0,0,0,1,0,0,0,4.2723651967091837e-10
chscase_census2_909,1,0.6125,0.0008924007415771,0.0001642704010009,0,1,0,0,1,0,0,0,0,0,0,0,0,1,0,0,0,0,0,0,0,1,0,0,0,1.4126052679331035e-09
chscase_census2_909,1,0.6125,0.000882863998413,0.0001599788665771,1,0,0,1,0,0,0,0,0,0,0,0,0,1,0,0,0,0,0,0,0,1,0,0,0,1.0731123152619706e-08
chscase_census2_909,1,0.6125,0.0008530616760253,0.0001575946807861,0,1,1,0,0,0,0,0,0,0,0,0,0,1,0,0,0,0,0,0,0,1,0,0,0,2.282642683617373e-08
chscase_census2_909,1,0.6125,0.0009214878082275,0.0003125667572021,0,1,0,1,0,0,0,0,0,0,0,0,0,1,0,0,0,0,0,0,0,1,0,0,0,5.9528356935137205e-09
chscase_census2_909,1,0.6125,0.0008776187896728,0.0001630783081054,1,0,1,0,0,0,0,0,0,0,0,0,0,1,0,0,0,0,0,0,0,1,0,0,0,7.12583593404428e-10
chscase_census2_909,1,0.6125,0.0011274814605712,0.000187873840332,0,1,0,0,1,0,0,0,0,1,0,0,0,0,0,0,0,0,0,0,0,1,0,0,0,1.1427416681525839e-10
chscase_census2_909,1,0.6125,0.000859260559082,0.0001623630523681,1,0,0,0,1,0,0,0,0,0,0,0,0,1,0,0,0,0,0,0,0,1,0,0,0,5.142914442919652e-10
chscase_census2_909,1,0.6125,0.0011589527130126,0.0001904964447021,1,0,1,0,0,0,0,0,0,1,0,0,0,0,0,0,0,0,0,0,0,1,0,0,0,1.2404652644542996e-10
chscase_census2_909,1,0.6125,0.0018134117126464,0.0001964569091796,0,1,0,1,0,0,0,0,0,1,0,0,0,0,0,0,0,0,0,0,0,1,0,0,0,3.146664608270311e-09
chscase_census2_909,1,0.6125,0.0011920928955078,0.0002276897430419,1,0,0,0,1,0,0,0,0,1,0,0,0,0,0,0,0,0,0,0,0,1,0,0,0,1.874249665373242e-08
chscase_census2_909,1,0.6125,0.001082420349121,0.0001895427703857,0,1,1,0,0,0,0,0,0,1,0,0,0,0,0,0,0,0,0,0,0,1,0,0,0,1.1823742808352462e-09
chscase_census2_909,2,0.6,0.0009136199951171,0.0001561641693115,0,1,0,0,1,0,0,0,0,0,1,0,0,0,0,0,0,0,0,0,0,1,0,0,0,1.5253092312359782e-11
chscase_census2_909,2,0.6,0.0010480880737304,0.0001575946807861,1,0,0,0,1,0,0,0,0,0,1,0,0,0,0,0,0,0,0,0,0,1,0,0,0,5.7410920693898785e-08
autoPrice_756,1,1.0,0.0008299350738525,0.0001530647277832,0,1,1,0,0,0,1,0,0,0,0,0,0,0,0,0,0,0,0,0,1,0,0,0,0,1.5036129145187438e-10
autoPrice_756,1,1.0,0.0009999275207519,0.0002095699310302,0,1,1,0,0,0,0,0,0,1,0,0,0,0,0,0,0,0,0,0,0,0,0,1,0,4.5503138675703955e-08
autoPrice_756,1,1.0,0.0008230209350585,0.0001537799835205,1,0,0,0,1,0,0,0,0,0,0,0,0,1,0,0,0,0,0,0,0,0,0,1,0,1.787611789044873e-08
autoPrice_756,3,1.0,0.0012342929840087,0.0001914501190185,0,1,0,0,1,0,0,0,0,0,0,0,1,0,0,0,0,0,0,0,0,0,0,0,1,4.492627935284322e-10
autoPrice_756,1,1.0,0.0011005401611328,0.0001780986785888,0,1,1,0,0,0,0,0,0,1,0,0,0,0,0,0,0,0,0,0,0,1,0,0,0,1.6858350103128605e-11
autoPrice_756,1,1.0,0.0009047985076904,0.0001604557037353,1,0,0,1,0,0,1,0,0,0,0,0,0,0,0,0,0,0,0,0,0,0,0,0,1,6.177540732852382e-08
autoPrice_756,1,1.0,0.0008506774902343,0.0001561641693115,0,1,1,0,0,0,1,0,0,0,0,0,0,0,0,0,0,0,0,1,0,0,0,0,0,4.3272767248338754e-09
autoPrice_756,2,1.0,0.0008637905120849,0.0001823902130126,1,0,0,0,1,1,0,0,0,0,0,0,0,0,0,0,0,0,0,0,0,0,1,0,0,9.96818134770536e-11
autoPrice_756,1,1.0,0.0010032653808593,0.000180959701538,1,0,0,1,0,0,0,0,0,1,0,0,0,0,0,0,0,0,0,0,0,0,0,1,0,1.3618987263959436e-09
autoPrice_756,1,1.0,0.000821828842163,0.0001587867736816,0,1,0,1,0,0,0,0,0,0,0,0,0,1,0,0,0,0,0,0,0,0,0,1,0,3.479221156312132e-09
autoPrice_756,1,1.0,0.0008785724639892,0.0001626014709472,1,0,0,0,1,0,1,0,0,0,0,0,0,0,0,0,0,0,1,0,0,0,0,0,0,8.065611672056421e-11
autoPrice_756,1,1.0,0.0014469623565673,0.0003228187561035,0,1,0,1,0,0,0,0,0,1,0,0,0,0,0,0,0,0,1,0,0,0,0,0,0,2.366802391038633e-11
autoPrice_756,1,1.0,0.0009267330169677,0.0001595020294189,0,1,0,0,1,0,1,0,0,0,0,0,0,0,0,0,0,0,0,0,0,0,0,0,1,1.1745247784562195e-10
autoPrice_756,1,1.0,0.0022451877593994,0.000195026397705,0,1,0,0,1,0,0,0,0,1,0,0,0,0,0,0,0,0,0,1,0,0,0,0,0,1.5502818875069956e-11
autoPrice_756,3,1.0,0.0009307861328125,0.00020432472229,0,1,1,0,0,0,0,0,0,0,0,0,0,0,1,0,0,0,0,1,0,0,0,0,0,1.9052239882525004e-11
autoPrice_756,1,1.0,0.000887393951416,0.000154972076416,0,1,0,0,1,0,0,0,0,0,0,0,0,1,0,0,0,0,0,0,0,1,0,0,0,4.2299981162773493e-11
autoPrice_756,1,1.0,0.0010483264923095,0.0001816749572753,1,0,1,0,0,0,0,0,0,1,0,0,0,0,0,0,0,0,0,0,0,0,0,1,0,4.301555023759973e-11
autoPrice_756,1,1.0,0.0012023448944091,0.0002598762512207,1,0,0,0,1,0,0,0,0,1,0,0,0,0,0,0,0,0,1,0,0,0,0,0,0,9.813102603129554e-11
autoPrice_756,1,1.0,0.0008478164672851,0.0001540184020996,1,0,0,1,0,0,0,0,0,0,0,0,0,1,0,0,0,0,0,0,0,1,0,0,0,5.6197491299941776e-08
autoPrice_756,1,1.0,0.0008087158203125,0.0001468658447265,0,1,0,1,0,0,0,0,0,0,0,0,0,1,0,0,0,0,0,0,0,1,0,0,0,2.010388963812882e-09
