Dataset,Fold,Fold Accuracy,Training Time,Testing Time,Imputer Strategy_none,Imputer Strategy_simpleimputer,Categorical Strategy_none,Categorical Strategy_onehot,Categorical Strategy_ordinalencoder,Feature Selection_extra_tree,Feature Selection_fastica,Feature Selection_feature_agglomeration,Feature Selection_generic_univariate,Feature Selection_kernel_pca,Feature Selection_linear_svc,Feature Selection_none,Feature Selection_nystroem,Feature Selection_pca,Feature Selection_polynomial_features,Feature Selection_random_trees_embedding,Feature Selection_rbf_sampler,Feature Selection_select_percentile,Feature Selection_truncated_svd,Scaler_minmax,Scaler_none,Scaler_normalizer,Scaler_power,Scaler_quantile,Scaler_robust,Scaler_standard,C,fit_intercept,max_iter,tol,loss,random_state
sick_38,1,0.9668874172185432,0.0159776210784912,0.0003087520599365,1,0,0,1,0,0,0,0,0,0,0,0,0,0,0,1,0,0,0,0,0,0,0,1,0,0,0.3148630224060222,False,1207,0.0013786258564441,hinge,0
sick_38,0,0.9589403973509932,0.0191876888275146,0.0004045963287353,1,0,0,0,1,0,0,0,0,0,0,0,0,0,0,1,0,0,0,0,0,0,0,0,0,1,1.9852971381125597,False,961,0.0032884710568362,squared_hinge,0
sick_38,0,0.9589403973509932,0.0204477310180664,0.0003840923309326,1,0,0,0,1,0,0,0,0,0,0,0,0,0,0,1,0,0,0,0,1,0,0,0,0,0,1.320002652285289,True,1412,0.0059746366883437,squared_hinge,0
sick_38,0,0.9589403973509932,0.0191702842712402,0.0004162788391113,1,0,0,0,1,0,0,0,0,0,0,0,0,0,0,1,0,0,0,1,0,0,0,0,0,0,1.7119234848666611,True,1469,0.0007539093823398,hinge,0
sick_38,0,0.9589403973509932,0.019343614578247,0.0003969669342041,1,0,0,0,1,0,0,0,0,0,0,0,0,0,0,1,0,0,0,0,0,0,0,0,1,0,0.4452466639335063,False,746,0.0005080412908021,squared_hinge,0
sick_38,0,0.9576158940397352,0.0196413993835449,0.000413179397583,1,0,0,1,0,0,0,0,0,0,0,0,0,0,0,1,0,0,0,0,1,0,0,0,0,0,0.7923520537218599,False,1123,0.0001670742202708,hinge,0
sick_38,0,0.9576158940397352,0.0201129913330078,0.0004098415374755,1,0,0,1,0,0,0,0,0,0,0,0,0,0,0,1,0,0,0,1,0,0,0,0,0,0,3.1479156864555287,True,928,0.0003478939917794,hinge,0
sick_38,0,0.9576158940397352,0.0194964408874511,0.0003504753112792,1,0,0,1,0,0,0,0,0,0,0,0,0,0,0,1,0,0,0,0,0,0,0,0,0,1,0.6058590119544717,True,771,0.0006969465342023,squared_hinge,0
sick_38,0,0.9576158940397352,0.0195114612579345,0.0003437995910644,1,0,0,1,0,0,0,0,0,0,0,0,0,0,0,1,0,0,0,0,0,0,0,0,1,0,0.3712394802621412,True,989,0.000183817356346,hinge,0
sick_38,4,0.9522546419098143,0.0141098499298095,0.0003635883331298,1,0,0,0,1,0,0,0,0,0,0,0,0,0,0,1,0,0,0,0,0,0,0,0,1,0,0.1153927797913917,True,359,0.0001683789046811,hinge,0
sick_38,4,0.9522546419098143,0.0123000144958496,0.0003550052642822,1,0,0,0,1,0,0,0,0,0,0,0,0,0,0,1,0,0,0,1,0,0,0,0,0,0,0.8952205839150719,True,1233,0.0007771034871396,hinge,0
sick_38,4,0.9522546419098143,0.0128498077392578,0.0003275871276855,1,0,0,0,1,0,0,0,0,0,0,0,0,0,0,1,0,0,0,0,1,0,0,0,0,0,2.449954348663069,False,1260,0.0005556132343951,squared_hinge,0
sick_38,4,0.9522546419098143,0.0123219490051269,0.0003387928009033,1,0,0,0,1,0,0,0,0,0,0,0,0,0,0,1,0,0,0,0,0,0,0,0,0,1,0.3780504076761085,True,1069,0.0049328898982966,hinge,0
sick_38,0,0.9509933774834436,0.01707124710083,0.000335693359375,1,0,0,1,0,0,0,0,0,0,0,0,0,0,0,1,0,0,0,0,0,0,0,1,0,0,5.387589031690798,True,1290,0.0001138243603637,hinge,0
sick_38,3,0.9482758620689656,0.0279109477996826,0.0004041194915771,1,0,0,0,1,0,0,0,0,0,0,0,0,0,0,1,0,0,0,0,0,0,0,1,0,0,0.1704834217673237,True,790,0.003360075979772,hinge,0
sick_38,4,0.9482758620689656,0.0302402973175048,0.0003972053527832,1,0,0,0,1,0,0,0,0,0,0,0,0,0,0,1,0,0,0,0,0,0,0,1,0,0,0.5580183233188986,True,165,0.0002611654788482,hinge,0
sick_38,1,0.9470198675496688,0.0148937702178955,0.0004384517669677,1,0,0,0,1,0,0,0,0,0,0,0,0,0,0,1,0,0,0,0,0,0,0,0,0,1,3.014317991369847,False,856,0.0057418891427406,hinge,0
sick_38,1,0.9470198675496688,0.0150415897369384,0.0003230571746826,1,0,0,0,1,0,0,0,0,0,0,0,0,0,0,1,0,0,0,0,0,0,0,0,1,0,8.689889956355453,True,635,0.0003689270193381,hinge,0
sick_38,1,0.9470198675496688,0.0155704021453857,0.0003862380981445,1,0,0,0,1,0,0,0,0,0,0,0,0,0,0,1,0,0,0,1,0,0,0,0,0,0,0.569753716823226,True,1003,0.0012625148127934,hinge,0
sick_38,1,0.9470198675496688,0.0308682918548584,0.0004341602325439,1,0,0,0,1,0,0,0,0,0,0,0,0,0,0,1,0,0,0,0,0,0,0,1,0,0,3.038374934884676,True,1432,0.0003217461701648,hinge,0
autoUniv-au6-1000_1555,3,0.25,0.0234715938568115,0.0003154277801513,0,1,0,1,0,0,0,0,0,0,0,0,0,0,0,0,1,0,0,0,0,1,0,0,0,0,2.4215124393941365,True,1089,0.0006666438653664,hinge,0
autoUniv-au6-1000_1555,3,0.25,0.0231359004974365,0.0002417564392089,1,0,0,1,0,0,0,0,0,0,0,0,0,0,0,0,1,0,0,0,0,1,0,0,0,0,7.476010647621327,True,923,0.000299504859623,squared_hinge,0
autoUniv-au6-1000_1555,0,0.24,0.0066199302673339,0.0001347064971923,1,0,0,1,0,0,0,0,1,0,0,0,0,0,0,0,0,0,0,0,1,0,0,0,0,0,1.005126631147243,False,1333,0.0005574224617519,hinge,0
autoUniv-au6-1000_1555,0,0.24,0.0067324638366699,0.000152587890625,0,1,0,0,1,0,0,0,1,0,0,0,0,0,0,0,0,0,0,0,1,0,0,0,0,0,1.5135312373799896,True,1508,0.005366804280401,hinge,0
autoUniv-au6-1000_1555,3,0.24,0.0070381164550781,0.0001418590545654,0,1,0,1,0,0,0,0,0,0,0,0,0,0,0,0,0,1,0,0,0,0,0,1,0,0,0.2110379502988829,False,1133,0.0024510627153714,hinge,0
autoUniv-au6-1000_1555,0,0.24,0.0065648555755615,0.0001335144042968,0,1,0,1,0,0,0,0,1,0,0,0,0,0,0,0,0,0,0,0,1,0,0,0,0,0,0.3413494127772931,True,806,0.0004671759141563,hinge,0
autoUniv-au6-1000_1555,0,0.24,0.0067787170410156,0.0001797676086425,1,0,0,0,1,0,0,0,1,0,0,0,0,0,0,0,0,0,0,0,1,0,0,0,0,0,1.8445081254036195,True,1037,0.0051155819980931,hinge,0
autoUniv-au6-1000_1555,3,0.24,0.007169485092163,0.0001640319824218,1,0,0,1,0,0,0,0,0,0,0,0,0,0,0,0,0,1,0,0,0,0,0,1,0,0,1.3186927966868094,False,1047,0.0001267012672079,hinge,0
autoUniv-au6-1000_1555,2,0.23,0.0061912536621093,0.000133991241455,0,1,0,1,0,0,0,0,0,0,0,0,0,0,0,0,0,0,1,0,0,0,0,0,0,1,0.7785615646348681,True,943,0.0025724156144959,hinge,0
autoUniv-au6-1000_1555,2,0.23,0.0080194473266601,0.0001630783081054,1,0,0,1,0,0,0,0,0,0,0,0,0,0,0,0,0,0,1,0,0,0,0,0,0,1,2.5180159007739,True,1387,0.0017902279650896,hinge,0
autoUniv-au6-1000_1555,2,0.23,0.0068395137786865,0.000136375427246,0,1,0,1,0,0,0,0,0,0,0,0,0,0,0,0,0,0,1,0,0,0,1,0,0,0,0.3089447037314482,True,1254,0.0005611133700502,squared_hinge,0
autoUniv-au6-1000_1555,2,0.23,0.0070419311523437,0.0001502037048339,1,0,0,1,0,0,0,0,0,0,0,0,0,0,0,0,0,0,1,0,0,0,1,0,0,0,2.502924537809235,False,654,0.0006685543698479,squared_hinge,0
autoUniv-au6-1000_1555,2,0.225,0.0128312110900878,0.000187873840332,0,1,0,0,1,0,0,0,0,1,0,0,0,0,0,0,0,0,0,0,0,1,0,0,0,0,0.2375516876675793,True,621,0.0005730057762714,hinge,0
autoUniv-au6-1000_1555,2,0.225,0.013953685760498,0.0003247261047363,1,0,0,0,1,0,0,0,0,1,0,0,0,0,0,0,0,0,0,0,0,1,0,0,0,0,0.9760013507267776,False,840,0.0019144510104817,hinge,0
autoUniv-au6-1000_1555,3,0.22,0.245924711227417,0.0005974769592285,0,1,0,1,0,0,0,0,0,0,0,0,0,0,1,0,0,0,0,0,0,0,1,0,0,0,0.1686486086072925,False,702,0.0002992193487823,hinge,0
autoUniv-au6-1000_1555,3,0.22,0.2474315166473388,0.0006079673767089,1,0,0,1,0,0,0,0,0,0,0,0,0,0,1,0,0,0,0,0,0,0,1,0,0,0,1.0824901170440853,False,860,0.0097590350531788,squared_hinge,0
autoUniv-au6-1000_1555,1,0.22,0.056899070739746,0.0003035068511962,1,0,0,0,1,0,0,0,0,0,0,0,0,0,0,1,0,0,0,0,0,1,0,0,0,0,4.392230166605992,False,1000,0.0001013464206091,hinge,0
autoUniv-au6-1000_1555,1,0.22,0.0569593906402587,0.0003011226654052,0,1,0,0,1,0,0,0,0,0,0,0,0,0,0,1,0,0,0,0,0,1,0,0,0,0,0.9276551975560178,True,946,0.0008545830900609,hinge,0
autoUniv-au6-1000_1555,3,0.215,0.0332028865814209,0.0003395080566406,1,0,0,1,0,0,0,0,0,0,0,0,0,0,0,1,0,0,0,0,0,0,0,0,1,0,0.4527573798596254,False,1051,0.0002875105075936,hinge,0
autoUniv-au6-1000_1555,4,0.215,0.0098927021026611,0.0002145767211914,1,0,0,1,0,0,0,0,0,0,0,0,0,1,0,0,0,0,0,0,0,0,0,1,0,0,0.1887563433687206,True,900,0.0005116072867448,squared_hinge,0
analcatdata_creditscore_461,1,1.0,0.000988483428955,0.000115156173706,1,0,1,0,0,0,0,0,0,0,0,0,0,0,0,0,0,0,1,0,1,0,0,0,0,0,0.5219912659151968,True,581,0.0053235830900015,hinge,0
analcatdata_creditscore_461,4,1.0,0.0013904571533203,0.000171422958374,0,1,0,0,1,0,0,0,0,1,0,0,0,0,0,0,0,0,0,0,0,0,0,1,0,0,5.172180320687452,True,710,0.0005181402213553,squared_hinge,0
analcatdata_creditscore_461,0,1.0,0.0021553039550781,0.0008814334869384,1,0,1,0,0,0,0,0,0,0,0,1,0,0,0,0,0,0,0,0,1,0,0,0,0,0,0.6056479226383068,True,684,0.0002679899683888,squared_hinge,0
analcatdata_creditscore_461,1,1.0,0.0018048286437988,0.0008823871612548,1,0,1,0,0,0,0,0,0,0,0,1,0,0,0,0,0,0,0,0,1,0,0,0,0,0,0.2343088137834838,True,762,0.0005416536422399,hinge,0
analcatdata_creditscore_461,0,1.0,0.0011043548583984,0.0001204013824462,1,0,1,0,0,0,0,0,0,0,0,0,0,0,0,0,0,0,1,0,1,0,0,0,0,0,5.983388292433087,False,1122,0.0004364281095917,squared_hinge,0
analcatdata_creditscore_461,3,1.0,0.0018045902252197,0.0008578300476074,1,0,1,0,0,0,0,0,0,0,0,1,0,0,0,0,0,0,0,0,1,0,0,0,0,0,7.178826169552295,True,881,0.0010370912725121,hinge,0
analcatdata_creditscore_461,4,1.0,0.0018894672393798,0.0008230209350585,1,0,1,0,0,0,0,0,0,0,0,1,0,0,0,0,0,0,0,0,1,0,0,0,0,0,8.09010319800078,True,721,0.0063061510718607,squared_hinge,0
analcatdata_creditscore_461,0,1.0,0.0010828971862792,0.000117540359497,1,0,1,0,0,0,1,0,0,0,0,0,0,0,0,0,0,0,0,0,1,0,0,0,0,0,1.0901777649432125,False,973,0.0024693456027725,hinge,0
analcatdata_creditscore_461,4,1.0,0.00103759765625,0.000115156173706,1,0,1,0,0,0,0,0,0,0,0,0,0,0,0,0,0,0,1,0,1,0,0,0,0,0,1.3317408146064131,True,1087,0.0050150885912564,squared_hinge,0
analcatdata_creditscore_461,1,1.0,0.0013442039489746,0.0001552104949951,0,1,0,0,1,0,0,0,0,1,0,0,0,0,0,0,0,0,0,0,0,0,0,1,0,0,0.4046264513660826,True,1077,0.0004002650913191,squared_hinge,0
analcatdata_creditscore_461,0,1.0,0.0011062622070312,0.0002329349517822,0,1,0,0,1,0,0,0,0,1,0,0,0,0,0,0,0,0,0,0,0,0,0,1,0,0,0.4717792440911459,True,1722,0.0001145990600414,hinge,0
analcatdata_creditscore_461,3,1.0,0.000974416732788,0.0001132488250732,1,0,1,0,0,0,0,0,0,0,0,0,0,0,0,0,0,0,1,0,1,0,0,0,0,0,1.0727518762851374,True,822,0.0005293302870547,squared_hinge,0
analcatdata_creditscore_461,3,1.0,0.0010693073272705,0.0001177787780761,1,0,1,0,0,0,0,0,0,0,0,0,0,0,1,0,0,0,0,0,1,0,0,0,0,0,0.2106307613148786,False,1112,0.0025946074068771,hinge,0
analcatdata_creditscore_461,4,1.0,0.0010263919830322,0.0001156330108642,0,1,0,0,1,0,1,0,0,0,0,0,0,0,0,0,0,0,0,0,0,0,0,1,0,0,8.406306455426908,True,1320,0.000356330729428,squared_hinge,0
analcatdata_creditscore_461,1,1.0,0.0011193752288818,0.0001225471496582,1,0,1,0,0,0,0,0,0,0,0,0,0,0,1,0,0,0,0,0,1,0,0,0,0,0,2.3447387685411867,True,1469,0.0003573505596813,hinge,0
analcatdata_creditscore_461,0,1.0,0.0010905265808105,0.0001180171966552,0,1,0,0,1,0,0,0,0,0,0,0,0,1,0,0,0,0,0,0,0,0,0,1,0,0,0.1239806713476299,True,925,0.0001534188679087,hinge,0
analcatdata_creditscore_461,1,1.0,0.0010526180267333,0.000117540359497,0,1,0,0,1,0,0,0,0,0,0,0,0,1,0,0,0,0,0,0,0,0,0,1,0,0,0.3284745417482481,False,460,0.0002607024013141,squared_hinge,0
analcatdata_creditscore_461,3,1.0,0.0017955303192138,0.0001523494720458,1,0,0,0,1,0,0,0,0,0,0,0,0,0,0,0,1,0,0,0,0,0,0,1,0,0,0.3983754658156472,True,908,0.0029237151303157,hinge,0
analcatdata_creditscore_461,0,1.0,0.001133918762207,0.0001168251037597,1,0,0,0,1,0,0,0,0,0,0,0,0,0,0,1,0,0,0,0,0,0,0,1,0,0,0.1048514033367184,False,1106,0.0010361823254933,hinge,0
analcatdata_creditscore_461,3,1.0,0.0011532306671142,0.0001165866851806,1,0,0,0,1,0,0,0,0,0,0,0,0,0,0,1,0,0,0,0,0,0,0,1,0,0,9.301855755261029,True,1793,0.0001362299321092,squared_hinge,0
sa-heart_1498,2,0.8152173913043478,0.0011694431304931,0.0001173019409179,0,1,0,0,1,0,0,0,0,0,1,0,0,0,0,0,0,0,0,0,0,0,1,0,0,0,0.3625910464797985,False,583,0.0098759757500981,hinge,0
sa-heart_1498,2,0.8152173913043478,0.0011186599731445,0.0001184940338134,1,0,0,0,1,0,0,0,0,0,1,0,0,0,0,0,0,0,0,0,0,0,1,0,0,0,0.1268419624043635,False,984,0.0013639202058263,squared_hinge,0
sa-heart_1498,2,0.8152173913043478,0.0012195110321044,0.0001187324523925,0,1,1,0,0,0,0,0,0,0,1,0,0,0,0,0,0,0,0,0,0,0,1,0,0,0,5.653636033471223,False,796,0.000204681216424,hinge,0
sa-heart_1498,2,0.8152173913043478,0.0012037754058837,0.0001258850097656,1,0,0,1,0,0,0,0,0,0,1,0,0,0,0,0,0,0,0,0,0,0,1,0,0,0,0.1663348215348547,True,1275,0.0001250069602698,squared_hinge,0
sa-heart_1498,2,0.8152173913043478,0.0011818408966064,0.0001211166381835,0,1,0,1,0,0,0,0,0,0,1,0,0,0,0,0,0,0,0,0,0,0,1,0,0,0,0.8157979054892756,False,815,0.0013042827691019,squared_hinge,0
sa-heart_1498,2,0.8152173913043478,0.0011835098266601,0.0001225471496582,1,0,1,0,0,0,0,0,0,0,1,0,0,0,0,0,0,0,0,0,0,0,1,0,0,0,0.5361288756921138,True,540,0.0003203797074274,hinge,0
sa-heart_1498,2,0.8043478260869565,0.001260757446289,0.0001220703125,1,0,0,1,0,0,0,0,0,0,0,0,0,1,0,0,0,0,0,1,0,0,0,0,0,0,0.1432129196504609,True,383,0.000317420832481,hinge,0
sa-heart_1498,2,0.8043478260869565,0.0012495517730712,0.0001204013824462,1,0,1,0,0,0,0,0,0,0,0,0,0,1,0,0,0,0,0,1,0,0,0,0,0,0,0.1161876082106936,True,1078,0.0009778025727136,squared_hinge,0
sa-heart_1498,2,0.8043478260869565,0.0012028217315673,0.0001177787780761,1,0,0,0,1,0,0,0,0,0,0,0,0,1,0,0,0,0,0,1,0,0,0,0,0,0,0.3448898551972275,True,1024,0.0008482212603477,squared_hinge,0
sa-heart_1498,2,0.8043478260869565,0.001392126083374,0.00014328956604,0,1,1,0,0,0,0,0,0,0,0,0,0,1,0,0,0,0,0,1,0,0,0,0,0,0,0.5241484318146661,True,1156,0.0005243707648358,squared_hinge,0
sa-heart_1498,2,0.8043478260869565,0.0012931823730468,0.0001220703125,0,1,0,0,1,0,0,0,0,0,0,0,0,1,0,0,0,0,0,1,0,0,0,0,0,0,3.112911096961716,True,1040,0.0041511591332459,squared_hinge,0
sa-heart_1498,2,0.8043478260869565,0.0012226104736328,0.0001189708709716,0,1,0,1,0,0,0,0,0,0,0,0,0,1,0,0,0,0,0,1,0,0,0,0,0,0,2.809046786089603,False,1092,0.0006309083300739,squared_hinge,0
sa-heart_1498,2,0.782608695652174,0.0013356208801269,0.0001327991485595,0,1,1,0,0,0,0,0,0,0,0,1,0,0,0,0,0,0,0,0,0,0,0,0,0,1,0.848476264017339,True,1139,0.0007883811236658,hinge,0
sa-heart_1498,2,0.782608695652174,0.0011782646179199,0.0001196861267089,1,0,0,0,1,0,0,0,0,0,0,0,0,0,0,0,0,0,1,0,0,0,1,0,0,0,0.2632753932527447,True,750,0.0018046906891477,squared_hinge,0
sa-heart_1498,2,0.782608695652174,0.0011746883392333,0.0001220703125,0,1,1,0,0,0,0,0,0,0,0,0,0,0,0,0,0,0,1,0,0,0,1,0,0,0,4.834065940645496,True,1000,0.0026892907663262,hinge,0
sa-heart_1498,2,0.782608695652174,0.0011751651763916,0.0001184940338134,1,0,1,0,0,0,0,0,0,0,0,0,0,1,0,0,0,0,0,0,0,0,0,0,0,1,1.9883653820978124,False,1153,0.0005538013267078,squared_hinge,0
sa-heart_1498,2,0.782608695652174,0.0025217533111572,0.0001478195190429,1,0,0,1,0,0,0,0,0,0,0,0,1,0,0,0,0,0,0,1,0,0,0,0,0,0,0.4984790654984101,False,714,0.001099523033524,hinge,0
sa-heart_1498,2,0.782608695652174,0.0022706985473632,0.0002393722534179,1,0,0,1,0,0,0,0,0,0,0,0,0,0,0,0,1,0,0,1,0,0,0,0,0,0,5.517958105764906,True,472,0.0010101032260667,hinge,0
sa-heart_1498,2,0.782608695652174,0.0012793540954589,0.0001211166381835,0,1,0,0,1,0,1,0,0,0,0,0,0,0,0,0,0,0,0,0,1,0,0,0,0,0,4.326975554687932,True,1104,0.0057279742838644,hinge,0
sa-heart_1498,2,0.782608695652174,0.0012316703796386,0.0001220703125,0,1,0,1,0,0,1,0,0,0,0,0,0,0,0,0,0,0,0,0,1,0,0,0,0,0,0.1002763891181258,True,945,0.0006835111485299,hinge,0
autoUniv-au6-400_1551,2,0.3375,0.0107321739196777,0.0001900196075439,0,1,0,1,0,0,0,0,0,0,0,0,0,0,0,1,0,0,0,0,0,0,0,0,1,0,5.468146923452725,True,1402,0.0008336227985435,hinge,0
autoUniv-au6-400_1551,2,0.3375,0.0108673572540283,0.0001869201660156,1,0,0,1,0,0,0,0,0,0,0,0,0,0,0,1,0,0,0,0,0,0,0,0,0,1,1.1450371670073864,False,1197,0.0014174152994895,squared_hinge,0
autoUniv-au6-400_1551,2,0.3375,0.0051329135894775,0.0001759529113769,0,1,0,1,0,0,0,1,0,0,0,0,0,0,0,0,0,0,0,1,0,0,0,0,0,0,7.060410452601436,False,905,0.0021402583698879,hinge,0
autoUniv-au6-400_1551,2,0.3375,0.0116224288940429,0.0002274513244628,1,0,0,1,0,0,0,0,0,0,0,0,0,0,0,1,0,0,0,0,0,0,0,0,1,0,3.47882087571008,False,595,0.0001004447891318,hinge,0
autoUniv-au6-400_1551,2,0.3375,0.0118618011474609,0.0001969337463378,0,1,0,1,0,0,0,0,0,0,0,0,0,0,0,1,0,0,0,0,0,0,0,0,0,1,0.1961581380986112,True,1404,0.002011708838337,hinge,0
autoUniv-au6-400_1551,2,0.3375,0.0118584632873535,0.0002081394195556,0,1,0,1,0,0,0,0,0,0,0,0,0,0,0,1,0,0,0,1,0,0,0,0,0,0,0.4811862522292749,False,1235,0.0002015761261995,squared_hinge,0
autoUniv-au6-400_1551,2,0.3375,0.0114610195159912,0.0002031326293945,0,1,0,1,0,0,0,0,0,0,0,0,0,0,0,1,0,0,0,0,1,0,0,0,0,0,0.4201418234117205,False,1386,0.0089504864776318,squared_hinge,0
autoUniv-au6-400_1551,2,0.3375,0.0118570327758789,0.0001997947692871,1,0,0,1,0,0,0,0,0,0,0,0,0,0,0,1,0,0,0,1,0,0,0,0,0,0,2.5459445501084685,True,1289,0.0005198212219599,squared_hinge,0
autoUniv-au6-400_1551,2,0.3375,0.0045087337493896,0.0001747608184814,1,0,0,1,0,0,0,1,0,0,0,0,0,0,0,0,0,0,0,1,0,0,0,0,0,0,1.1941032542431562,False,634,0.0009196613960124,hinge,0
autoUniv-au6-400_1551,2,0.3375,0.0118083953857421,0.000237226486206,1,0,0,1,0,0,0,0,0,0,0,0,0,0,0,1,0,0,0,0,1,0,0,0,0,0,0.3475290746403461,True,1138,0.0001369532133524,hinge,0
autoUniv-au6-400_1551,2,0.325,0.0117113590240478,0.0002174377441406,0,1,0,0,1,0,0,0,0,0,0,0,0,0,0,1,0,0,0,0,0,0,0,1,0,0,3.3354633820511084,True,1286,0.0055503515779723,hinge,0
autoUniv-au6-400_1551,2,0.325,0.0114998817443847,0.0002093315124511,1,0,0,0,1,0,0,0,0,0,0,0,0,0,0,1,0,0,0,0,0,0,0,1,0,0,2.0315848957640683,True,1033,0.0003127067168566,squared_hinge,0
autoUniv-au6-400_1551,0,0.3125,0.0043678283691406,0.0001325607299804,1,0,0,0,1,0,0,0,0,0,0,0,0,0,0,0,0,0,1,0,0,0,0,1,0,0,3.85763303066353,True,903,0.00041020864727,hinge,0
autoUniv-au6-400_1551,1,0.3125,0.0151033401489257,0.0002045631408691,1,0,0,1,0,0,0,0,0,0,0,0,1,0,0,0,0,0,0,0,0,0,0,1,0,0,3.119385446419513,True,860,0.0017439296224829,hinge,0
autoUniv-au6-400_1551,0,0.3125,0.0039787292480468,0.0001144409179687,0,1,0,0,1,0,0,0,1,0,0,0,0,0,0,0,0,0,0,0,0,1,0,0,0,0,1.687212313601046,True,771,0.0001035620605334,hinge,0
autoUniv-au6-400_1551,0,0.3125,0.0040509700775146,0.0001354217529296,0,1,0,0,1,0,0,1,0,0,0,0,0,0,0,0,0,0,0,0,0,1,0,0,0,0,0.2148194502564917,True,968,0.0095845490818513,hinge,0
autoUniv-au6-400_1551,0,0.3125,0.0042517185211181,0.0001177787780761,1,0,0,0,1,0,0,0,1,0,0,0,0,0,0,0,0,0,0,0,0,0,0,1,0,0,0.2450268439312065,True,624,0.0010347680563947,squared_hinge,0
autoUniv-au6-400_1551,0,0.3125,0.0039749145507812,0.0001256465911865,0,1,0,0,1,0,0,0,0,0,0,0,0,0,0,0,0,1,0,0,0,1,0,0,0,0,3.755316853700892,True,452,0.0046664237963247,hinge,0
autoUniv-au6-400_1551,3,0.3125,0.0039625167846679,0.0001218318939208,1,0,0,1,0,0,0,1,0,0,0,0,0,0,0,0,0,0,0,0,0,0,1,0,0,0,5.155232930856928,False,835,0.0065194935461602,hinge,0
autoUniv-au6-400_1551,3,0.3125,0.0042142868041992,0.0001449584960937,0,1,0,1,0,0,0,1,0,0,0,0,0,0,0,0,0,0,0,0,0,0,1,0,0,0,1.010265864921715,True,824,0.00010019715574,hinge,0
analcatdata_marketing_986,0,0.6712328767123288,0.0009927749633789,0.0001013278961181,0,1,0,0,1,0,0,0,1,0,0,0,0,0,0,0,0,0,0,0,0,0,0,0,1,0,9.425308510021988,True,1671,0.0007184640304237,hinge,0
analcatdata_marketing_986,0,0.6712328767123288,0.0010764598846435,0.0001070499420166,0,1,0,1,0,0,0,0,1,0,0,0,0,0,0,0,0,0,0,0,0,0,0,0,1,0,0.3894282168816295,True,1409,0.0060184499801027,hinge,0
analcatdata_marketing_986,0,0.6712328767123288,0.0010907649993896,0.0001077651977539,0,1,1,0,0,0,0,0,1,0,0,0,0,0,0,0,0,0,0,0,0,0,0,0,1,0,2.9065455267555707,True,939,0.0024269791221889,hinge,0
analcatdata_marketing_986,4,0.6666666666666666,0.0022692680358886,0.0011205673217773,0,1,0,1,0,0,0,0,0,0,0,1,0,0,0,0,0,0,0,0,1,0,0,0,0,0,2.1848732847930874,False,991,0.0030092602955075,hinge,0
analcatdata_marketing_986,4,0.6666666666666666,0.0022962093353271,0.0011379718780517,0,1,0,0,1,0,0,0,0,0,0,1,0,0,0,0,0,0,0,0,1,0,0,0,0,0,3.1113935293096744,True,1316,0.0012675344705477,squared_hinge,0
analcatdata_marketing_986,4,0.6666666666666666,0.0021998882293701,0.0011086463928222,0,1,1,0,0,0,0,0,0,0,0,1,0,0,0,0,0,0,0,0,1,0,0,0,0,0,0.6789306008222806,False,996,0.0089602361555865,hinge,0
analcatdata_marketing_986,4,0.6527777777777778,0.0187001228332519,0.0001754760742187,0,1,0,1,0,0,0,0,0,0,0,0,0,0,1,0,0,0,0,0,0,0,0,1,0,0,0.3080597139538821,True,943,0.0001608615643187,hinge,0
analcatdata_marketing_986,4,0.6527777777777778,0.0011548995971679,0.000108003616333,0,1,0,0,1,1,0,0,0,0,0,0,0,0,0,0,0,0,0,0,0,1,0,0,0,0,0.6452434493876714,True,924,0.0055005654326496,squared_hinge,0
analcatdata_marketing_986,4,0.6527777777777778,0.0197362899780273,0.0002546310424804,0,1,0,0,1,0,0,0,0,0,0,0,0,0,1,0,0,0,0,0,0,0,0,1,0,0,0.2395390239612866,True,957,0.002267168871493,squared_hinge,0
analcatdata_marketing_986,4,0.6527777777777778,0.0183720588684082,0.0001709461212158,0,1,1,0,0,0,0,0,0,0,0,0,0,0,1,0,0,0,0,0,0,0,0,1,0,0,0.1673515912553309,False,665,0.0012458819197832,hinge,0
analcatdata_marketing_986,4,0.6527777777777778,0.0012257099151611,0.0001118183135986,0,1,0,1,0,1,0,0,0,0,0,0,0,0,0,0,0,0,0,0,0,1,0,0,0,0,2.336185928026026,False,1344,0.0021773686424752,hinge,0
analcatdata_marketing_986,4,0.6527777777777778,0.0012364387512207,0.0001134872436523,0,1,1,0,0,1,0,0,0,0,0,0,0,0,0,0,0,0,0,0,0,1,0,0,0,0,9.36773263718388,True,921,0.0037000012134874,hinge,0
analcatdata_marketing_986,0,0.6438356164383562,0.0011968612670898,0.0001096725463867,0,1,1,0,0,0,0,0,0,0,0,0,0,0,0,0,0,1,0,0,0,0,0,0,1,0,2.1568272258431227,False,1378,0.000234685657828,hinge,0
analcatdata_marketing_986,0,0.6438356164383562,0.0012624263763427,0.0001144409179687,0,1,1,0,0,0,0,0,0,0,0,0,0,0,0,0,0,0,1,0,0,0,0,0,1,0,0.1857251994439689,True,1324,0.0002762745147694,hinge,0
analcatdata_marketing_986,0,0.6438356164383562,0.0011320114135742,0.0001075267791748,0,1,0,0,1,0,0,0,1,0,0,0,0,0,0,0,0,0,0,0,0,1,0,0,0,0,1.1037546325190553,True,1141,0.0003089629308181,squared_hinge,0
analcatdata_marketing_986,0,0.6438356164383562,0.0010879039764404,0.0001075267791748,0,1,0,0,1,0,0,0,1,0,0,0,0,0,0,0,0,0,0,0,1,0,0,0,0,0,1.6153157133995597,False,1370,0.0004934553546788,hinge,0
analcatdata_marketing_986,0,0.6438356164383562,0.0011756420135498,0.0001168251037597,0,1,0,0,1,0,0,0,0,0,0,0,0,0,0,0,0,1,0,0,1,0,0,0,0,0,2.960020330485732,True,938,0.0013550373885615,hinge,0
analcatdata_marketing_986,0,0.6438356164383562,0.0012009143829345,0.0001091957092285,0,1,0,1,0,0,0,0,0,0,0,0,0,0,0,0,0,1,0,0,0,0,0,0,1,0,3.554809512710398,True,833,0.006637545540895,hinge,0
analcatdata_marketing_986,0,0.6438356164383562,0.0011179447174072,0.0001063346862792,0,1,0,1,0,0,0,0,1,0,0,0,0,0,0,0,0,0,0,0,0,1,0,0,0,0,0.248507948846206,True,806,0.0003223411685094,hinge,0
analcatdata_marketing_986,0,0.6438356164383562,0.0011534690856933,0.0001063346862792,0,1,0,0,1,0,0,0,0,0,0,0,0,0,0,0,0,0,1,0,0,1,0,0,0,0,0.4515259214303032,True,1021,0.0012788346884429,hinge,0
badges2_1121,1,1.0,0.0011572837829589,0.000115156173706,1,0,1,0,0,0,1,0,0,0,0,0,0,0,0,0,0,0,0,0,1,0,0,0,0,0,1.2210253731949323,True,1209,0.0089832326128849,hinge,0
badges2_1121,4,1.0,0.0013284683227539,0.0001373291015625,0,1,0,0,1,0,0,0,0,1,0,0,0,0,0,0,0,0,0,0,0,0,0,1,0,0,0.1021493007012738,False,1115,0.0022605208589183,hinge,0
badges2_1121,0,1.0,0.002601146697998,0.0008516311645507,1,0,1,0,0,0,0,0,0,0,0,1,0,0,0,0,0,0,0,0,1,0,0,0,0,0,0.2493158972156173,True,1575,0.0007206895969915,squared_hinge,0
badges2_1121,1,1.0,0.0023539066314697,0.0011186599731445,1,0,1,0,0,0,0,0,0,0,0,1,0,0,0,0,0,0,0,0,1,0,0,0,0,0,8.204652462253172,False,1152,0.000140815086438,hinge,0
badges2_1121,2,1.0,0.002671480178833,0.0009582042694091,1,0,1,0,0,0,0,0,0,0,0,1,0,0,0,0,0,0,0,0,1,0,0,0,0,0,0.5182459509828701,True,835,0.0004440120249029,hinge,0
badges2_1121,0,1.0,0.0011978149414062,0.0001158714294433,0,1,0,0,1,0,0,0,0,0,0,0,0,0,1,0,0,0,0,0,0,0,0,1,0,0,3.098749098716701,True,1048,0.0004395067448251,squared_hinge,0
badges2_1121,1,1.0,0.0012993812561035,0.0001192092895507,0,1,0,0,1,0,0,0,0,0,0,0,0,0,1,0,0,0,0,0,0,0,0,1,0,0,0.8802390310438252,False,1270,0.0022266670337917,hinge,0
badges2_1121,2,1.0,0.001296043395996,0.0001201629638671,0,1,0,0,1,0,0,0,0,0,0,0,0,0,1,0,0,0,0,0,0,0,0,1,0,0,9.959404260767204,True,858,0.0002199052437581,hinge,0
badges2_1121,3,1.0,0.0012600421905517,0.0001163482666015,0,1,0,0,1,0,0,0,0,0,0,0,0,0,1,0,0,0,0,0,0,0,0,1,0,0,6.352398385480606,False,810,0.0009695589480134,squared_hinge,0
badges2_1121,4,1.0,0.001255989074707,0.0001153945922851,0,1,0,0,1,0,0,0,0,0,0,0,0,0,1,0,0,0,0,0,0,0,0,1,0,0,0.3743267694567215,False,1344,0.0006297030526258,hinge,0
badges2_1121,3,1.0,0.0012743473052978,0.0001266002655029,0,1,1,0,0,0,1,0,0,0,0,0,0,0,0,0,0,0,0,0,0,0,0,1,0,0,4.029800654025486,False,1233,0.0001908060990103,hinge,0
badges2_1121,4,1.0,0.0011723041534423,0.0001182556152343,0,1,1,0,0,0,1,0,0,0,0,0,0,0,0,0,0,0,0,0,0,0,0,1,0,0,1.2720920239925737,False,1011,0.0059833004271066,squared_hinge,0
badges2_1121,0,1.0,0.0016400814056396,0.0002162456512451,0,1,0,0,1,0,0,0,0,1,0,0,0,0,0,0,0,0,0,0,0,0,0,1,0,0,0.4084358012358874,False,845,0.0017476568430348,squared_hinge,0
badges2_1121,1,1.0,0.0013613700866699,0.0001299381256103,0,1,0,0,1,0,0,0,0,1,0,0,0,0,0,0,0,0,0,0,0,0,0,1,0,0,1.073032992080168,True,914,0.0022235329795195,hinge,0
badges2_1121,2,1.0,0.0014088153839111,0.0001358985900878,0,1,0,0,1,0,0,0,0,1,0,0,0,0,0,0,0,0,0,0,0,0,0,1,0,0,0.4643092566323988,False,1089,0.0006173398055504,hinge,0
badges2_1121,3,1.0,0.0013236999511718,0.0001523494720458,0,1,0,0,1,0,0,0,0,1,0,0,0,0,0,0,0,0,0,0,0,0,0,1,0,0,0.2298995658094653,False,1220,0.0047359508392268,hinge,0
badges2_1121,3,1.0,0.0024337768554687,0.0008666515350341,1,0,1,0,0,0,0,0,0,0,0,1,0,0,0,0,0,0,0,0,1,0,0,0,0,0,0.8614707926934981,False,1311,0.0071183996979571,hinge,0
badges2_1121,1,1.0,0.0014393329620361,0.0001249313354492,0,1,0,0,1,0,0,0,0,0,0,0,0,0,0,1,0,0,0,0,0,0,0,1,0,0,0.7076252032131412,False,1052,0.0001120747526005,hinge,0
badges2_1121,3,1.0,0.0017099380493164,0.0001413822174072,0,1,1,0,0,0,0,0,0,0,0,0,1,0,0,0,0,0,0,0,0,0,0,1,0,0,0.4261357377462659,True,638,0.0007937333706877,squared_hinge,0
badges2_1121,4,1.0,0.0018589496612548,0.0001416206359863,0,1,1,0,0,0,0,0,0,0,0,0,1,0,0,0,0,0,0,0,0,0,0,1,0,0,1.7291175904044525,True,1434,0.0022017884680492,squared_hinge,0
sensory_826,0,0.7327586206896551,0.0059473514556884,0.0001413822174072,0,1,0,0,1,0,0,0,0,0,0,0,0,0,0,1,0,0,0,0,0,0,0,0,0,1,0.1805741652989501,True,1355,0.0047183275920612,hinge,0
sensory_826,0,0.7327586206896551,0.0069687366485595,0.0001554489135742,0,1,0,1,0,0,0,0,0,0,0,0,0,0,0,1,0,0,0,0,0,0,0,0,0,1,8.842640233055338,True,1293,0.0037680671083761,hinge,0
sensory_826,0,0.7327586206896551,0.0058658123016357,0.0001401901245117,1,0,0,0,1,0,0,0,0,0,0,0,0,0,0,1,0,0,0,0,0,0,0,0,0,1,0.2655735065660322,False,1410,0.009143326817312,squared_hinge,0
sensory_826,0,0.7327586206896551,0.0060458183288574,0.0001509189605712,1,0,1,0,0,0,0,0,0,0,0,0,0,0,0,1,0,0,0,0,0,0,0,0,1,0,1.680060172434906,True,1247,0.0032845742182432,hinge,0
sensory_826,0,0.7327586206896551,0.0058660507202148,0.0001418590545654,0,1,1,0,0,0,0,0,0,0,0,0,0,0,0,1,0,0,0,1,0,0,0,0,0,0,0.6361931620157188,False,1035,0.0001779207245632,hinge,0
sensory_826,0,0.7327586206896551,0.0067734718322753,0.000558853149414,0,1,1,0,0,0,0,0,0,0,0,0,0,0,0,1,0,0,0,0,0,0,0,0,0,1,0.1046173151348245,False,671,0.0002083305687539,hinge,0
sensory_826,0,0.7327586206896551,0.0061981678009033,0.000227928161621,0,1,1,0,0,0,0,0,0,0,0,0,0,0,0,1,0,0,0,0,1,0,0,0,0,0,0.2661325373319247,True,767,0.008023338307117,hinge,0
sensory_826,0,0.7327586206896551,0.0065004825592041,0.0001440048217773,1,0,0,1,0,0,0,0,0,0,0,0,0,0,0,1,0,0,0,0,0,0,0,0,1,0,1.265752898136567,True,884,0.0001118119627423,hinge,0
sensory_826,0,0.7327586206896551,0.0060765743255615,0.0002083778381347,1,0,1,0,0,0,0,0,0,0,0,0,0,0,0,1,0,0,0,1,0,0,0,0,0,0,0.4991399363380379,False,1234,0.0005676649955488,squared_hinge,0
sensory_826,0,0.7327586206896551,0.0065953731536865,0.0001699924468994,1,0,0,0,1,0,0,0,0,0,0,0,0,0,0,1,0,0,0,0,0,0,0,0,1,0,4.706586652745642,True,1477,0.0007291442953481,hinge,0
sensory_826,0,0.7327586206896551,0.0058367252349853,0.0001389980316162,1,0,0,0,1,0,0,0,0,0,0,0,0,0,0,1,0,0,0,0,1,0,0,0,0,0,2.217841921089367,False,1415,0.0003302031700432,hinge,0
sensory_826,0,0.7327586206896551,0.0059068202972412,0.0001404285430908,0,1,0,1,0,0,0,0,0,0,0,0,0,0,0,1,0,0,0,0,0,0,0,0,1,0,0.2057182297751938,True,864,0.0028841738813919,hinge,0
sensory_826,0,0.7327586206896551,0.0059778690338134,0.0001451969146728,0,1,0,0,1,0,0,0,0,0,0,0,0,0,0,1,0,0,0,0,0,0,0,0,1,0,7.420840212511239,False,962,0.0046310422603835,hinge,0
sensory_826,0,0.7327586206896551,0.0059568881988525,0.0001428127288818,1,0,0,1,0,0,0,0,0,0,0,0,0,0,0,1,0,0,0,1,0,0,0,0,0,0,0.3039484175125116,True,594,0.0081801818458128,hinge,0
sensory_826,0,0.7327586206896551,0.0060651302337646,0.0001757144927978,1,0,0,1,0,0,0,0,0,0,0,0,0,0,0,1,0,0,0,0,0,0,0,0,0,1,0.1322705527242353,False,1500,0.0085931198256832,hinge,0
sensory_826,0,0.7327586206896551,0.0058691501617431,0.0001449584960937,1,0,0,0,1,0,0,0,0,0,0,0,0,0,0,1,0,0,0,1,0,0,0,0,0,0,0.9379290083925684,False,563,0.0006074314098656,hinge,0
sensory_826,0,0.7327586206896551,0.0059361457824707,0.0001435279846191,0,1,0,0,1,0,0,0,0,0,0,0,0,0,0,1,0,0,0,1,0,0,0,0,0,0,0.7510120779264882,True,948,0.0077836564872985,hinge,0
sensory_826,0,0.7327586206896551,0.0059669017791748,0.0001516342163085,0,1,0,1,0,0,0,0,0,0,0,0,0,0,0,1,0,0,0,1,0,0,0,0,0,0,0.9596356546560444,False,1416,0.0009348405201191,hinge,0
sensory_826,0,0.7327586206896551,0.0061430931091308,0.0001444816589355,0,1,1,0,0,0,0,0,0,0,0,0,0,0,0,1,0,0,0,0,0,0,0,0,1,0,0.1394869107304578,True,1118,0.0046392177003661,squared_hinge,0
sensory_826,0,0.7327586206896551,0.0060160160064697,0.0001478195190429,0,1,0,0,1,0,0,0,0,0,0,0,0,0,0,1,0,0,0,0,1,0,0,0,0,0,0.3922821806153984,True,1170,0.0037633871513229,hinge,0
balance-scale_11,2,0.984,0.0105981826782226,0.0001754760742187,1,0,1,0,0,0,0,0,0,0,0,0,1,0,0,0,0,0,0,0,0,0,0,0,0,1,6.97613512906836,True,1074,0.0002811268855164,hinge,0
balance-scale_11,2,0.984,0.0140342712402343,0.0002188682556152,1,0,0,0,1,0,0,0,0,0,0,0,1,0,0,0,0,0,0,0,0,0,0,0,0,1,3.903926511275088,True,480,0.001384813791026,hinge,0
balance-scale_11,2,0.984,0.0111210346221923,0.0001828670501708,1,0,0,1,0,0,0,0,0,0,0,0,1,0,0,0,0,0,0,0,0,0,0,0,0,1,0.1974666947849404,True,1134,0.0087588985681363,hinge,0
balance-scale_11,2,0.984,0.0136401653289794,0.0003271102905273,0,1,1,0,0,0,0,0,0,0,0,0,1,0,0,0,0,0,0,0,0,0,0,0,0,1,0.3769759831011969,False,1185,0.0011305055587728,hinge,0
balance-scale_11,2,0.984,0.0112073421478271,0.0001776218414306,0,1,0,0,1,0,0,0,0,0,0,0,1,0,0,0,0,0,0,0,0,0,0,0,0,1,3.1202699239355742,False,831,0.0011088978748543,hinge,0
balance-scale_11,2,0.984,0.0112535953521728,0.0002121925354003,0,1,0,1,0,0,0,0,0,0,0,0,1,0,0,0,0,0,0,0,0,0,0,0,0,1,5.1985535085037125,False,1224,0.0017945548691236,hinge,0
balance-scale_11,2,0.976,0.0035681724548339,0.0001287460327148,0,1,0,0,1,0,0,0,0,0,0,0,0,0,1,0,0,0,0,1,0,0,0,0,0,0,0.1908116372587582,True,861,0.0072072473567184,squared_hinge,0
balance-scale_11,2,0.976,0.0031282901763916,0.0001180171966552,0,1,0,1,0,0,0,0,0,0,0,0,0,0,1,0,0,0,0,1,0,0,0,0,0,0,1.5603500018777323,False,1412,0.0005966634705435,hinge,0
balance-scale_11,2,0.976,0.0030751228332519,0.0001230239868164,0,1,1,0,0,0,0,0,0,0,0,0,0,0,1,0,0,0,0,1,0,0,0,0,0,0,0.7551753394191556,False,987,0.0001191113208922,hinge,0
balance-scale_11,2,0.976,0.0033149719238281,0.0001471042633056,1,0,1,0,0,0,0,0,0,0,0,0,0,0,1,0,0,0,0,1,0,0,0,0,0,0,0.9366398511618752,False,1170,0.0002295339105763,hinge,0
balance-scale_11,2,0.976,0.003206729888916,0.0001196861267089,1,0,0,0,1,0,0,0,0,0,0,0,0,0,1,0,0,0,0,1,0,0,0,0,0,0,3.8536564249059255,True,1089,0.0083293998857957,squared_hinge,0
balance-scale_11,2,0.976,0.0031075477600097,0.0001358985900878,1,0,0,1,0,0,0,0,0,0,0,0,0,0,1,0,0,0,0,1,0,0,0,0,0,0,1.5360562612325557,False,1217,0.0003328026269598,squared_hinge,0
balance-scale_11,1,0.968,0.0066938400268554,0.0002210140228271,1,0,0,1,0,0,0,0,0,0,0,0,0,0,1,0,0,0,0,0,0,0,0,0,0,1,1.300958314090774,False,1033,0.003072177768076,hinge,0
balance-scale_11,1,0.968,0.0080816745758056,0.0001952648162841,0,1,0,0,1,0,0,0,0,0,0,0,0,0,0,1,0,0,0,0,0,1,0,0,0,0,0.5759109444693242,False,1215,0.0005850192831895,squared_hinge,0
balance-scale_11,2,0.968,0.0039963722229003,0.0001194477081298,0,1,1,0,0,0,0,0,0,0,0,0,0,0,1,0,0,0,0,0,0,0,1,0,0,0,0.4423975325855999,False,1213,0.0001188914651555,hinge,0
balance-scale_11,1,0.968,0.0039629936218261,0.0001254081726074,1,0,1,0,0,0,0,0,0,0,0,0,0,0,1,0,0,0,0,0,0,0,0,0,0,1,2.876186542435688,False,633,0.0004587865659699,hinge,0
balance-scale_11,1,0.968,0.0079424381256103,0.0001857280731201,1,0,1,0,0,0,0,0,0,0,0,0,0,0,0,1,0,0,0,0,0,1,0,0,0,0,6.758897418245176,False,1196,0.0006693513782945,squared_hinge,0
balance-scale_11,1,0.968,0.0038011074066162,0.0001180171966552,0,1,0,0,1,0,0,0,0,0,0,0,0,0,1,0,0,0,0,0,0,0,0,0,0,1,0.1124597556950466,False,864,0.0002906278584912,squared_hinge,0
balance-scale_11,4,0.968,0.007828950881958,0.0001869201660156,1,0,1,0,0,0,0,0,0,0,0,0,0,0,0,1,0,0,0,0,0,1,0,0,0,0,0.8958940737069997,True,953,0.0086841356294167,hinge,0
balance-scale_11,2,0.968,0.0039563179016113,0.0001208782196044,1,0,1,0,0,0,0,0,0,0,0,0,0,0,1,0,0,0,0,0,0,0,1,0,0,0,1.3611398163379145,True,925,0.0095850702793089,hinge,0
breastTumor_844,0,0.7068965517241379,0.0011501312255859,0.0001165866851806,1,0,0,1,0,1,0,0,0,0,0,0,0,0,0,0,0,0,0,0,0,0,0,0,0,1,0.3692945354720078,True,878,0.0003572792775256,hinge,0
breastTumor_844,0,0.7068965517241379,0.001147985458374,0.0001168251037597,0,1,0,1,0,1,0,0,0,0,0,0,0,0,0,0,0,0,0,0,0,0,0,0,0,1,0.1500660093365021,True,1418,0.0082945430609222,hinge,0
breastTumor_844,4,0.7017543859649122,0.0027484893798828,0.0001270771026611,0,1,0,0,1,0,0,0,0,0,0,0,1,0,0,0,0,0,0,0,0,0,0,0,0,1,0.2171791160726278,True,588,0.0069176645203302,squared_hinge,0
breastTumor_844,4,0.7017543859649122,0.0010685920715332,0.0001046657562255,0,1,0,0,1,0,0,1,0,0,0,0,0,0,0,0,0,0,0,0,0,0,0,1,0,0,2.5958496909071576,False,182,0.0079034853960399,hinge,0
breastTumor_844,1,0.6842105263157895,0.0011422634124755,0.0001120567321777,1,0,0,1,0,0,0,0,0,0,1,0,0,0,0,0,0,0,0,0,0,0,0,1,0,0,0.2736560288127049,True,832,0.0029719315446796,hinge,0
breastTumor_844,1,0.6842105263157895,0.0011301040649414,0.0001139640808105,1,0,0,1,0,0,0,0,0,0,1,0,0,0,0,0,0,0,0,1,0,0,0,0,0,0,0.6239256756272388,True,943,0.0009493996080889,squared_hinge,0
breastTumor_844,1,0.6842105263157895,0.0010967254638671,0.0001094341278076,0,1,0,1,0,0,0,0,0,0,1,0,0,0,0,0,0,0,0,0,0,0,0,1,0,0,0.1075531685828023,False,757,0.0006654536158577,squared_hinge,0
breastTumor_844,1,0.6842105263157895,0.0011963844299316,0.0001161098480224,0,1,0,0,1,1,0,0,0,0,0,0,0,0,0,0,0,0,0,0,0,0,1,0,0,0,0.2189574434370901,True,715,0.0001140163661823,hinge,0
breastTumor_844,4,0.6842105263157895,0.0011072158813476,0.0001094341278076,0,1,0,0,1,1,0,0,0,0,0,0,0,0,0,0,0,0,0,0,0,0,0,1,0,0,4.292462733354711,False,1208,0.0002681277364578,squared_hinge,0
breastTumor_844,1,0.6842105263157895,0.0011341571807861,0.0001130104064941,0,1,0,1,0,0,0,0,0,0,1,0,0,0,0,0,0,0,0,1,0,0,0,0,0,0,1.129730842764478,True,1034,0.0030107048018254,hinge,0
breastTumor_844,0,0.6724137931034483,0.0011687278747558,0.0001111030578613,1,0,0,1,0,1,0,0,0,0,0,0,0,0,0,0,0,0,0,0,0,0,0,0,1,0,0.156927281451948,False,1757,0.0001685815997227,squared_hinge,0
breastTumor_844,0,0.6724137931034483,0.0012376308441162,0.0001258850097656,0,1,0,0,1,0,0,1,0,0,0,0,0,0,0,0,0,0,0,0,0,0,0,0,1,0,0.1464640504508091,True,763,0.0001062251349742,hinge,0
breastTumor_844,0,0.6724137931034483,0.0012216567993164,0.0001163482666015,0,1,0,1,0,1,0,0,0,0,0,0,0,0,0,0,0,0,0,0,0,0,0,0,1,0,6.944614432735014,True,1115,0.0038236159818858,squared_hinge,0
breastTumor_844,4,0.6666666666666666,0.001112937927246,0.0001049041748046,1,0,0,1,0,0,0,0,0,0,0,0,0,0,0,0,0,1,0,0,0,0,0,0,1,0,0.5536102965639,False,1167,0.0006078632121653,hinge,0
breastTumor_844,1,0.6666666666666666,0.0013089179992675,0.0001075267791748,0,1,0,0,1,0,0,0,0,0,0,0,0,0,1,0,0,0,0,0,0,0,0,1,0,0,3.41515489586332,False,913,0.0006180797225716,squared_hinge,0
breastTumor_844,1,0.6666666666666666,0.0027680397033691,0.0001313686370849,1,0,0,1,0,0,0,0,0,0,0,0,0,0,0,1,0,0,0,0,1,0,0,0,0,0,0.7470759019401163,False,678,0.000349563360242,hinge,0
breastTumor_844,4,0.6666666666666666,0.0036330223083496,0.0001494884490966,0,1,0,1,0,0,0,0,0,0,0,0,1,0,0,0,0,0,0,0,0,0,1,0,0,0,0.1769320156379433,False,972,0.0047859544043576,hinge,0
breastTumor_844,1,0.6666666666666666,0.0025763511657714,0.0001394748687744,1,0,0,1,0,0,0,0,0,0,0,0,0,0,0,1,0,0,0,0,0,0,0,0,1,0,1.123407030679207,True,1166,0.0043113537525451,hinge,0
breastTumor_844,1,0.6666666666666666,0.0024480819702148,0.0001571178436279,0,1,0,1,0,0,0,0,0,0,0,0,0,0,0,1,0,0,0,0,0,0,1,0,0,0,0.1580074656288145,True,801,0.0010260361690016,squared_hinge,0
breastTumor_844,4,0.6666666666666666,0.0043466091156005,0.000185489654541,1,0,0,1,0,0,0,0,0,0,0,0,0,0,1,0,0,0,0,1,0,0,0,0,0,0,5.323483218911336,True,927,0.0014975194587226,hinge,0
arsenic-male-lung_951,4,1.0,0.0019032955169677,0.0001516342163085,0,1,0,0,1,0,0,0,0,1,0,0,0,0,0,0,0,0,0,0,0,0,0,1,0,0,0.1254611219446709,True,962,0.0003101129771565,hinge,0
arsenic-male-lung_951,3,1.0,0.0025680065155029,0.0001537799835205,0,1,0,0,1,0,0,0,0,1,0,0,0,0,0,0,0,0,0,0,0,0,0,1,0,0,2.512436949281177,False,762,0.000194270396239,squared_hinge,0
arsenic-male-lung_951,1,1.0,0.0025169849395751,0.0009684562683105,1,0,1,0,0,0,0,0,0,0,0,1,0,0,0,0,0,0,0,0,1,0,0,0,0,0,9.014790934529572,False,1388,0.0004618224842824,hinge,0
arsenic-male-lung_951,2,1.0,0.0019810199737548,0.0001726150512695,0,1,0,0,1,0,0,0,0,1,0,0,0,0,0,0,0,0,0,0,0,0,0,1,0,0,5.909339247250292,True,1048,0.0035739049151804,hinge,0
arsenic-male-lung_951,1,1.0,0.0021250247955322,0.0001599788665771,0,1,0,0,1,0,0,0,0,1,0,0,0,0,0,0,0,0,0,0,0,0,0,1,0,0,6.496995046245651,True,940,0.0061033691476259,hinge,0
arsenic-male-lung_951,3,1.0,0.0014994144439697,0.0001294612884521,0,1,0,0,1,0,0,0,0,0,1,0,0,0,0,0,0,0,0,0,0,0,0,1,0,0,0.3244523793346871,False,1244,0.0006822012578799,hinge,0
arsenic-male-lung_951,0,1.0,0.0013496875762939,0.0001378059387207,1,0,1,0,0,0,0,0,0,0,0,0,0,1,0,0,0,0,0,0,1,0,0,0,0,0,0.8613505937644188,True,1046,0.0062289533594151,hinge,0
arsenic-male-lung_951,1,1.0,0.0012011528015136,0.0001194477081298,1,0,1,0,0,0,0,0,0,0,0,0,0,1,0,0,0,0,0,0,1,0,0,0,0,0,0.2903603358627471,False,1361,0.0003879857591771,squared_hinge,0
arsenic-male-lung_951,2,1.0,0.0012009143829345,0.0001194477081298,1,0,1,0,0,0,0,0,0,0,0,0,0,1,0,0,0,0,0,0,1,0,0,0,0,0,2.382313339105899,False,737,0.0005773522973252,squared_hinge,0
arsenic-male-lung_951,3,1.0,0.0013117790222167,0.0001208782196044,1,0,1,0,0,0,0,0,0,0,0,0,0,1,0,0,0,0,0,0,1,0,0,0,0,0,2.046430943243476,True,1180,0.0004324974657071,hinge,0
arsenic-male-lung_951,4,1.0,0.0012195110321044,0.0001194477081298,1,0,1,0,0,0,0,0,0,0,0,0,0,1,0,0,0,0,0,0,1,0,0,0,0,0,0.3915579165850802,True,993,0.0003043251548026,hinge,0
arsenic-male-lung_951,2,1.0,0.0016055107116699,0.0001521110534667,0,1,0,0,1,0,0,0,0,0,1,0,0,0,0,0,0,0,0,0,0,0,0,1,0,0,0.6595801147258208,True,1403,0.0006341828885093,hinge,0
arsenic-male-lung_951,1,1.0,0.0013985633850097,0.0001263618469238,1,0,1,0,0,0,1,0,0,0,0,0,0,0,0,0,0,0,0,0,1,0,0,0,0,0,0.5765215916913633,True,1290,0.0004729480951513,hinge,0
arsenic-male-lung_951,2,1.0,0.0015764236450195,0.0001344680786132,1,0,1,0,0,0,1,0,0,0,0,0,0,0,0,0,0,0,0,0,1,0,0,0,0,0,2.483784723253215,False,1087,0.000269693469371,hinge,0
arsenic-male-lung_951,1,1.0,0.0012836456298828,0.0001242160797119,0,1,0,0,1,0,0,0,0,0,1,0,0,0,0,0,0,0,0,0,0,0,0,1,0,0,0.1090248599606547,False,1090,0.00114161316574,hinge,0
arsenic-male-lung_951,4,1.0,0.0014700889587402,0.0001294612884521,1,0,1,0,0,0,1,0,0,0,0,0,0,0,0,0,0,0,0,0,1,0,0,0,0,0,7.088923019586814,False,975,0.002032229042752,hinge,0
arsenic-male-lung_951,0,1.0,0.0014398097991943,0.0001423358917236,0,1,0,0,1,0,0,0,0,0,1,0,0,0,0,0,0,0,0,0,0,0,0,1,0,0,0.1915611700997729,True,1340,0.0029950497465337,hinge,0
arsenic-male-lung_951,1,1.0,0.0015106201171875,0.0001239776611328,1,0,1,0,0,0,0,0,0,0,0,0,0,0,0,0,0,0,1,0,1,0,0,0,0,0,0.4268249794116005,False,840,0.0038166816691208,hinge,0
arsenic-male-lung_951,2,1.0,0.0016007423400878,0.0001277923583984,1,0,1,0,0,0,0,0,0,0,0,0,0,0,0,0,0,0,1,0,1,0,0,0,0,0,0.1241600804311458,False,982,0.0010357925731937,hinge,0
arsenic-male-lung_951,3,1.0,0.0014569759368896,0.0001180171966552,0,1,0,0,1,0,1,0,0,0,0,0,0,0,0,0,0,0,0,0,0,0,0,1,0,0,0.7556749152929526,True,1190,0.0005335194043637,hinge,0
rmftsa_ladata_717,2,0.9411764705882352,0.0094070434570312,0.0002944469451904,0,1,1,0,0,0,0,0,0,0,0,0,1,0,0,0,0,0,0,0,0,0,1,0,0,0,2.984954432695355,True,778,0.0003354718757011,hinge,0
rmftsa_ladata_717,2,0.9411764705882352,0.0033347606658935,0.0002052783966064,0,1,0,0,1,0,0,0,0,0,0,0,1,0,0,0,0,0,0,0,0,0,1,0,0,0,3.704913480471101,False,696,0.000697084599855,squared_hinge,0
rmftsa_ladata_717,2,0.9411764705882352,0.0058350563049316,0.0002262592315673,1,0,0,1,0,0,0,0,0,0,0,0,1,0,0,0,0,0,0,0,0,0,1,0,0,0,0.5291773766276414,True,1272,0.0004018109282089,hinge,0
rmftsa_ladata_717,2,0.9411764705882352,0.0032813549041748,0.0001862049102783,1,0,0,0,1,0,0,0,0,0,0,0,1,0,0,0,0,0,0,0,0,0,1,0,0,0,0.5806444957267973,True,569,0.0012535314161224,hinge,0
rmftsa_ladata_717,2,0.9411764705882352,0.0033276081085205,0.0002024173736572,0,1,0,1,0,0,0,0,0,0,0,0,1,0,0,0,0,0,0,0,0,0,1,0,0,0,0.4779180908111358,False,1279,0.0001057207850263,squared_hinge,0
rmftsa_ladata_717,2,0.9411764705882352,0.0032284259796142,0.0001885890960693,1,0,1,0,0,0,0,0,0,0,0,0,1,0,0,0,0,0,0,0,0,0,1,0,0,0,0.2751129727448782,False,899,0.0008857674185358,hinge,0
rmftsa_ladata_717,2,0.931372549019608,0.0014839172363281,0.0001559257507324,1,0,0,1,0,0,0,0,1,0,0,0,0,0,0,0,0,0,0,0,0,1,0,0,0,0,2.6858544406038294,True,637,0.0030173187055178,hinge,0
rmftsa_ladata_717,2,0.931372549019608,0.00124192237854,0.0001547336578369,1,0,0,0,1,1,0,0,0,0,0,0,0,0,0,0,0,0,0,0,0,0,0,0,0,1,6.125672778717164,True,1410,0.0003621278148776,hinge,0
rmftsa_ladata_717,2,0.931372549019608,0.0012454986572265,0.0001554489135742,0,1,0,0,1,1,0,0,0,0,0,0,0,0,0,0,0,0,0,0,0,0,0,0,0,1,0.6504893666394667,True,460,0.0055318728034801,hinge,0
rmftsa_ladata_717,2,0.931372549019608,0.0015163421630859,0.0001502037048339,1,0,0,1,0,0,0,0,0,0,0,0,0,0,0,0,0,1,0,0,0,1,0,0,0,0,2.7593168560249985,False,1335,0.0002307830074317,hinge,0
rmftsa_ladata_717,2,0.931372549019608,0.0014710426330566,0.0001494884490966,1,0,0,0,1,0,0,0,1,0,0,0,0,0,0,0,0,0,0,0,0,1,0,0,0,0,0.9507578479603536,True,1866,0.0038044050358913,hinge,0
rmftsa_ladata_717,2,0.931372549019608,0.0014238357543945,0.000150442123413,1,0,1,0,0,0,0,0,1,0,0,0,0,0,0,0,0,0,0,0,0,1,0,0,0,0,0.1805229445156778,True,1511,0.0030384740602437,squared_hinge,0
rmftsa_ladata_717,2,0.931372549019608,0.0014569759368896,0.000154972076416,1,0,1,0,0,0,0,0,0,0,0,0,0,0,0,0,0,1,0,0,0,1,0,0,0,0,1.0558542079308877,True,908,0.0006149649825236,hinge,0
rmftsa_ladata_717,2,0.931372549019608,0.0013165473937988,0.0001523494720458,1,0,0,1,0,1,0,0,0,0,0,0,0,0,0,0,0,0,0,0,0,0,0,0,0,1,0.3421475759673856,False,1461,0.0001007938453542,squared_hinge,0
rmftsa_ladata_717,2,0.931372549019608,0.0012304782867431,0.0001599788665771,0,1,0,1,0,1,0,0,0,0,0,0,0,0,0,0,0,0,0,0,0,0,0,0,0,1,2.17990796168353,True,1342,0.0001554805785341,hinge,0
rmftsa_ladata_717,2,0.931372549019608,0.0013542175292968,0.0001664161682128,0,1,1,0,0,0,0,0,1,0,0,0,0,0,0,0,0,0,0,0,0,1,0,0,0,0,0.7913932075611811,True,752,0.0012642065146013,squared_hinge,0
rmftsa_ladata_717,2,0.931372549019608,0.0012133121490478,0.0001490116119384,1,0,1,0,0,1,0,0,0,0,0,0,0,0,0,0,0,0,0,0,0,0,0,0,0,1,2.26131286996554,True,708,0.007189042761514,hinge,0
rmftsa_ladata_717,2,0.931372549019608,0.0013995170593261,0.0001475811004638,0,1,0,0,1,0,0,0,0,0,0,0,0,0,0,0,0,1,0,0,0,1,0,0,0,0,0.9173091511410284,False,1075,0.0007731160305239,squared_hinge,0
rmftsa_ladata_717,2,0.931372549019608,0.0015287399291992,0.0001537799835205,1,0,0,0,1,0,0,0,0,0,0,0,0,0,0,0,0,1,0,0,0,1,0,0,0,0,3.330007369549324,True,1163,0.0033409916816046,hinge,0
rmftsa_ladata_717,2,0.931372549019608,0.001467227935791,0.0001492500305175,0,1,0,0,1,0,0,0,1,0,0,0,0,0,0,0,0,0,0,0,0,1,0,0,0,0,9.874083486990846,True,1312,0.0002063183394782,hinge,0
analcatdata_lawsuit_450,1,1.0,0.0010492801666259,0.0001094341278076,1,0,1,0,0,0,1,0,0,0,0,0,0,0,0,0,0,0,0,0,1,0,0,0,0,0,5.254356319381,False,1299,0.0039697827454169,hinge,0
analcatdata_lawsuit_450,4,1.0,0.0011818408966064,0.0001296997070312,0,1,0,0,1,1,0,0,0,0,0,0,0,0,0,0,0,0,0,0,0,0,0,1,0,0,2.596610378137922,False,1067,0.0003363747552072,squared_hinge,0
analcatdata_lawsuit_450,4,1.0,0.0010888576507568,0.0001239776611328,1,0,1,0,0,0,0,0,1,0,0,0,0,0,0,0,0,0,0,0,1,0,0,0,0,0,0.3095323407379953,True,850,0.0001771225685333,hinge,0
analcatdata_lawsuit_450,4,1.0,0.001000165939331,0.0001032352447509,0,1,0,0,1,0,0,0,0,0,0,0,0,0,0,0,0,1,0,0,0,0,0,1,0,0,1.3784698607592571,True,1273,0.0008729638906508,squared_hinge,0
analcatdata_lawsuit_450,1,1.0,0.0010287761688232,0.0001084804534912,0,1,0,0,1,0,0,0,0,0,0,0,0,1,0,0,0,0,0,0,0,0,0,1,0,0,1.848489032095912,False,1338,0.0010225904384721,hinge,0
analcatdata_lawsuit_450,4,1.0,0.0011067390441894,0.0001263618469238,1,0,1,0,0,0,0,0,0,0,0,0,0,0,0,0,0,1,0,0,1,0,0,0,0,0,2.9167442868331763,False,1042,0.0015205465623761,squared_hinge,0
analcatdata_lawsuit_450,2,1.0,0.0012383460998535,0.0001196861267089,1,0,0,1,0,0,0,0,0,0,0,1,0,0,0,0,0,0,0,1,0,0,0,0,0,0,0.2439548059703514,True,943,0.0008760564094802,squared_hinge,0
analcatdata_lawsuit_450,4,1.0,0.0011463165283203,0.0001161098480224,1,0,0,1,0,0,0,0,0,0,0,1,0,0,0,0,0,0,0,1,0,0,0,0,0,0,1.0809744000873556,False,856,0.0006980795906796,hinge,0
analcatdata_lawsuit_450,4,1.0,0.0010221004486083,0.0001082420349121,0,1,0,1,0,0,0,0,0,0,0,1,0,0,0,0,0,0,0,0,0,0,1,0,0,0,0.8412173017769277,True,556,0.0018848827775464,hinge,0
analcatdata_lawsuit_450,4,1.0,0.0010116100311279,0.0001137256622314,0,1,0,1,0,0,0,0,0,0,0,0,0,1,0,0,0,0,0,0,0,0,1,0,0,0,0.3352858448031984,True,783,0.0028321589212471,squared_hinge,0
analcatdata_lawsuit_450,4,1.0,0.0017836093902587,0.0001304149627685,0,1,0,1,0,0,0,0,0,0,0,0,0,0,0,1,0,0,0,0,0,1,0,0,0,0,1.1965828947967752,True,1434,0.000659774137924,hinge,0
analcatdata_lawsuit_450,4,1.0,0.0011219978332519,0.0001184940338134,1,0,0,1,0,0,0,0,0,0,0,0,0,1,0,0,0,0,0,1,0,0,0,0,0,0,6.57827119692332,False,1012,0.00442751002666,hinge,0
analcatdata_lawsuit_450,1,1.0,0.00152587890625,0.0001349449157714,1,0,0,1,0,0,0,0,0,1,0,0,0,0,0,0,0,0,0,0,0,0,0,0,0,1,3.452346027004354,True,822,0.0005357851359676,squared_hinge,0
analcatdata_lawsuit_450,1,1.0,0.0010626316070556,0.0001096725463867,1,0,0,1,0,0,1,0,0,0,0,0,0,0,0,0,0,0,0,1,0,0,0,0,0,0,1.305465379375499,True,992,0.0062030569524683,hinge,0
analcatdata_lawsuit_450,1,1.0,0.0009863376617431,0.0001027584075927,1,0,0,1,0,0,0,0,0,0,0,0,0,0,0,0,0,0,1,1,0,0,0,0,0,0,2.880139430726555,True,890,0.0002410382241858,hinge,0
analcatdata_lawsuit_450,1,1.0,0.001150369644165,0.0001165866851806,0,1,0,1,0,0,0,0,0,0,1,0,0,0,0,0,0,0,0,0,0,0,1,0,0,0,3.782428253335246,True,1132,0.0014727197466609,hinge,0
analcatdata_lawsuit_450,1,1.0,0.0017685890197753,0.0001475811004638,0,1,0,1,0,0,0,0,0,0,0,0,0,0,0,1,0,0,0,0,0,0,1,0,0,0,2.791986956923187,True,894,0.0068913748542633,squared_hinge,0
analcatdata_lawsuit_450,4,1.0,0.0013542175292968,0.0001394748687744,0,1,0,1,0,0,0,0,0,1,0,0,0,0,0,0,0,0,0,0,0,0,1,0,0,0,5.263439041909399,True,985,0.0002731157405316,hinge,0
analcatdata_lawsuit_450,1,1.0,0.0010573863983154,0.0001134872436523,1,0,0,1,0,0,0,0,0,0,0,0,0,1,0,0,0,0,0,1,0,0,0,0,0,0,3.5807593787050176,False,389,0.0093545767230404,hinge,0
analcatdata_lawsuit_450,1,1.0,0.0011022090911865,0.0001115798950195,1,0,0,1,0,0,1,0,0,0,0,0,0,0,0,0,0,0,0,0,0,0,0,0,0,1,4.523825652387336,True,705,0.0041018879174215,squared_hinge,0
arsenic-male-bladder_947,2,1.0,0.0013606548309326,0.0001251697540283,1,0,1,0,0,0,0,0,0,0,0,0,0,1,0,0,0,0,0,0,1,0,0,0,0,0,1.0920537347567294,True,1093,0.0006455427241037,squared_hinge,0
arsenic-male-bladder_947,2,1.0,0.0013442039489746,0.0001211166381835,1,0,1,0,0,0,1,0,0,0,0,0,0,0,0,0,0,0,0,0,1,0,0,0,0,0,1.0140633453318304,True,955,0.0009551543120289,hinge,0
arsenic-male-bladder_947,2,1.0,0.0040493011474609,0.0001614093780517,0,1,0,0,1,0,0,0,0,0,0,0,1,0,0,0,0,0,0,0,0,0,0,1,0,0,0.520419771411498,True,1175,0.0001517130537066,hinge,0
arsenic-male-bladder_947,2,1.0,0.0032165050506591,0.00014328956604,0,1,0,0,1,0,0,0,0,0,0,0,0,0,0,0,1,0,0,0,0,0,0,1,0,0,0.9693718879873962,False,1075,0.0007868703826727,hinge,0
arsenic-male-bladder_947,2,1.0,0.0012910366058349,0.0001132488250732,1,0,0,1,0,0,0,1,0,0,0,0,0,0,0,0,0,0,0,1,0,0,0,0,0,0,2.478975489334671,False,1421,0.0095620870162042,hinge,0
arsenic-male-bladder_947,2,1.0,0.0012719631195068,0.0001115798950195,1,0,0,1,0,1,0,0,0,0,0,0,0,0,0,0,0,0,0,1,0,0,0,0,0,0,0.4189140785742363,True,128,0.0096856636893412,hinge,0
arsenic-male-bladder_947,2,1.0,0.0012743473052978,0.0001225471496582,1,0,0,1,0,1,0,0,0,0,0,0,0,0,0,0,0,0,0,0,0,0,0,0,0,1,0.2795348697643336,False,982,0.0002131759552357,squared_hinge,0
arsenic-male-bladder_947,2,1.0,0.00128173828125,0.0001223087310791,1,0,0,1,0,0,0,0,0,0,0,0,0,0,0,0,0,1,0,0,0,0,1,0,0,0,5.7819810638313065,True,1192,0.0001070590628402,hinge,0
arsenic-male-bladder_947,2,1.0,0.0012447834014892,0.0001184940338134,1,0,0,1,0,0,0,0,1,0,0,0,0,0,0,0,0,0,0,0,0,0,1,0,0,0,0.1134038839441434,False,1024,0.000192505089844,squared_hinge,0
arsenic-male-bladder_947,2,1.0,0.0012588500976562,0.0001220703125,1,0,0,1,0,0,1,0,0,0,0,0,0,0,0,0,0,0,0,0,0,0,1,0,0,0,7.402806317403216,True,922,0.0013364203999704,squared_hinge,0
arsenic-male-bladder_947,2,1.0,0.0012431144714355,0.0001211166381835,1,0,0,1,0,0,0,0,0,0,0,0,0,0,0,0,0,0,1,0,0,0,1,0,0,0,5.023699410855819,False,868,0.0066387907105733,hinge,0
arsenic-male-bladder_947,2,1.0,0.0012252330780029,0.000112771987915,1,0,0,1,0,0,1,0,0,0,0,0,0,0,0,0,0,0,0,1,0,0,0,0,0,0,2.0767648946834147,True,807,0.000110870158321,squared_hinge,0
arsenic-male-bladder_947,2,1.0,0.0014147758483886,0.0001556873321533,1,0,0,1,0,0,0,0,0,0,1,0,0,0,0,0,0,0,0,0,0,0,0,0,0,1,3.306748151884848,True,868,0.0004882300180555,hinge,0
arsenic-male-bladder_947,2,1.0,0.0018219947814941,0.0001485347747802,1,0,0,1,0,0,0,0,0,1,0,0,0,0,0,0,0,0,0,0,0,0,0,0,0,1,1.583089903689534,True,725,0.009746704718143,squared_hinge,0
arsenic-male-bladder_947,2,1.0,0.0013589859008789,0.0001251697540283,1,0,0,1,0,0,0,1,0,0,0,0,0,0,0,0,0,0,0,0,0,0,0,0,0,1,1.3993391146620016,True,920,0.001221261618219,hinge,0
arsenic-male-bladder_947,2,1.0,0.003066062927246,0.0001540184020996,1,0,0,1,0,0,0,0,0,0,0,0,1,0,0,0,0,0,0,0,0,0,1,0,0,0,1.9844010286901397,True,750,0.0009940823832727,hinge,0
arsenic-male-bladder_947,2,1.0,0.002547264099121,0.0001368522644042,1,0,0,1,0,0,0,0,0,0,0,0,0,0,0,0,1,0,0,0,0,0,1,0,0,0,0.1024959794106263,False,1329,0.000137241313039,hinge,0
arsenic-male-bladder_947,2,1.0,0.0013802051544189,0.0001161098480224,1,0,0,1,0,0,0,0,0,0,0,0,0,1,0,0,0,0,0,1,0,0,0,0,0,0,4.666330656569794,False,742,0.0005388035301913,hinge,0
arsenic-male-bladder_947,2,1.0,0.0044167041778564,0.0001602172851562,0,1,0,0,1,0,0,0,0,0,0,0,1,0,0,0,0,0,0,0,0,0,0,0,1,0,4.290511230826946,True,1472,0.0007934144266397,squared_hinge,0
arsenic-male-bladder_947,2,1.0,0.001192569732666,0.0001187324523925,0,1,0,0,1,0,0,0,1,0,0,0,0,0,0,0,0,0,0,0,0,0,0,0,1,0,0.9390958535135348,True,1286,0.0010085495606946,hinge,0
MindCave2_1450,0,0.88,0.0012147426605224,0.0001196861267089,1,0,0,0,1,1,0,0,0,0,0,0,0,0,0,0,0,0,0,0,0,0,0,0,1,0,0.2977624329850956,True,1354,0.0062424012417709,squared_hinge,0
MindCave2_1450,0,0.88,0.0010263919830322,0.0001118183135986,1,0,1,0,0,0,0,0,0,0,0,0,0,0,0,0,0,0,1,0,1,0,0,0,0,0,0.4662320620384296,False,991,0.0065255776109349,hinge,0
MindCave2_1450,0,0.88,0.0025944709777832,0.001101016998291,1,0,1,0,0,0,0,0,0,0,0,1,0,0,0,0,0,0,0,0,1,0,0,0,0,0,0.7148740524885542,True,659,0.0006973802252673,hinge,0
MindCave2_1450,0,0.88,0.0023789405822753,0.0010426044464111,0,1,0,0,1,0,0,0,0,0,0,1,0,0,0,0,0,0,0,0,1,0,0,0,0,0,0.2079809488103455,False,490,0.0001127938055283,hinge,0
MindCave2_1450,0,0.88,0.001096487045288,0.0001146793365478,0,1,0,0,1,0,0,0,0,0,0,0,0,0,0,0,0,0,1,0,1,0,0,0,0,0,1.6448110487787837,False,1252,0.0054365956022818,squared_hinge,0
MindCave2_1450,0,0.88,0.0011065006256103,0.0001153945922851,0,1,1,0,0,1,0,0,0,0,0,0,0,0,0,0,0,0,0,0,0,0,0,0,1,0,0.2012113289612039,True,971,0.0013672799672208,squared_hinge,0
MindCave2_1450,0,0.88,0.00120210647583,0.0001165866851806,1,0,1,0,0,0,0,0,0,0,0,0,0,0,0,0,0,1,0,1,0,0,0,0,0,0,2.325845294970538,False,866,0.0002215667627887,squared_hinge,0
MindCave2_1450,0,0.88,0.0012118816375732,0.0001213550567626,1,0,1,0,0,0,1,0,0,0,0,0,0,0,0,0,0,0,0,1,0,0,0,0,0,0,1.341850347418229,True,1197,0.0016791875593598,hinge,0
MindCave2_1450,0,0.88,0.0010948181152343,0.0001137256622314,0,1,0,0,1,1,0,0,0,0,0,0,0,0,0,0,0,0,0,0,0,0,0,0,1,0,4.694939382209288,True,1790,0.0014153987129249,hinge,0
MindCave2_1450,0,0.88,0.0023682117462158,0.0010700225830078,0,1,0,1,0,0,0,0,0,0,0,1,0,0,0,0,0,0,0,0,1,0,0,0,0,0,0.6254618922253733,True,1012,0.0005215174102957,squared_hinge,0
MindCave2_1450,0,0.88,0.0010082721710205,0.0001113414764404,1,0,1,0,0,0,0,0,1,0,0,0,0,0,0,0,0,0,0,1,0,0,0,0,0,0,6.4820159543281335,True,1332,0.000131954448854,hinge,0
MindCave2_1450,0,0.88,0.0011005401611328,0.0001189708709716,1,0,0,1,0,1,0,0,0,0,0,0,0,0,0,0,0,0,0,0,0,0,0,0,1,0,2.022625590865877,True,953,0.0001123332190474,squared_hinge,0
MindCave2_1450,0,0.88,0.0023741722106933,0.0010492801666259,0,1,1,0,0,0,0,0,0,0,0,1,0,0,0,0,0,0,0,0,1,0,0,0,0,0,0.1003722088494917,True,1290,0.0024035291873864,squared_hinge,0
MindCave2_1450,0,0.88,0.0011272430419921,0.0001163482666015,0,1,0,0,1,0,0,0,1,0,0,0,0,0,0,0,0,0,0,1,0,0,0,0,0,0,0.7493828181135429,False,1030,0.0001563268375399,hinge,0
MindCave2_1450,0,0.88,0.0011186599731445,0.0001223087310791,1,0,1,0,0,1,0,0,0,0,0,0,0,0,0,0,0,0,0,0,0,0,0,0,1,0,8.589353590242656,False,1272,0.0067093931915576,hinge,0
MindCave2_1450,0,0.88,0.0012171268463134,0.0001194477081298,0,1,1,0,0,0,1,0,0,0,0,0,0,0,0,0,0,0,0,1,0,0,0,0,0,0,8.342576919425262,False,1186,0.0001967117592757,hinge,0
MindCave2_1450,0,0.88,0.0011312961578369,0.0001132488250732,0,1,1,0,0,0,0,0,1,0,0,0,0,0,0,0,0,0,0,1,0,0,0,0,0,0,1.3904214955145011,True,807,0.0012605869529189,squared_hinge,0
MindCave2_1450,0,0.88,0.0011641979217529,0.0001184940338134,0,1,1,0,0,0,0,0,0,0,0,0,0,0,0,0,0,1,0,1,0,0,0,0,0,0,2.109417222585933,True,585,0.0035400792082364,squared_hinge,0
MindCave2_1450,0,0.88,0.0010347366333007,0.0001144409179687,1,0,0,1,0,0,0,0,0,0,0,0,0,0,0,0,0,0,1,0,1,0,0,0,0,0,0.2974612153092985,True,324,0.005191151638187,hinge,0
MindCave2_1450,0,0.88,0.0011975765228271,0.0001153945922851,0,1,0,0,1,0,1,0,0,0,0,0,0,0,0,0,0,0,0,1,0,0,0,0,0,0,0.4391496315962706,True,1124,0.0059350672239279,squared_hinge,0
PieChart3_1453,3,0.9255813953488372,0.0018703937530517,0.0001225471496582,0,1,0,0,1,0,0,0,0,0,0,0,0,1,0,0,0,0,0,0,0,0,0,1,0,0,0.6179868962260013,False,1405,0.0012887078544201,hinge,0
PieChart3_1453,3,0.9255813953488372,0.0029389858245849,0.0001647472381591,0,1,0,0,1,0,0,0,0,1,0,0,0,0,0,0,0,0,0,0,0,0,0,1,0,0,0.6717146197172001,False,1177,0.0003002015569532,hinge,0
PieChart3_1453,3,0.9255813953488372,0.001772403717041,0.000117540359497,0,1,1,0,0,0,0,0,0,0,1,0,0,0,0,0,0,0,0,1,0,0,0,0,0,0,2.593043264632835,True,1414,0.0002549479031011,hinge,0
PieChart3_1453,3,0.9255813953488372,0.0024397373199462,0.0001466274261474,1,0,1,0,0,0,0,0,0,1,0,0,0,0,0,0,0,0,0,0,0,0,0,1,0,0,0.1419630198668954,True,1501,0.0007872179536949,squared_hinge,0
PieChart3_1453,3,0.9255813953488372,0.0017840862274169,0.0001144409179687,0,1,0,0,1,0,0,0,0,0,1,0,0,0,0,0,0,0,0,1,0,0,0,0,0,0,0.1234620550738106,False,1153,0.0018134760025005,hinge,0
PieChart3_1453,3,0.9255813953488372,0.0019211769104003,0.0001282691955566,1,0,1,0,0,0,0,0,0,0,0,0,0,1,0,0,0,0,0,0,0,0,0,1,0,0,1.0994199627076884,True,331,0.005288485823973,hinge,0
PieChart3_1453,3,0.9255813953488372,0.0025086402893066,0.0001482963562011,0,1,0,1,0,0,0,0,0,0,0,0,0,1,0,0,0,0,0,0,0,0,0,1,0,0,1.435706347646041,True,650,0.0010160108820959,hinge,0
PieChart3_1453,3,0.9255813953488372,0.0018360614776611,0.0001237392425537,1,0,0,1,0,0,0,0,0,0,0,0,0,1,0,0,0,0,0,0,0,0,0,1,0,0,0.5955427847369713,True,797,0.0025246977096801,hinge,0
PieChart3_1453,3,0.9255813953488372,0.0024218559265136,0.0001647472381591,0,1,1,0,0,0,0,0,0,0,0,0,0,1,0,0,0,0,0,0,0,0,0,1,0,0,3.117757213086494,False,584,0.0023994744364272,hinge,0
PieChart3_1453,3,0.9255813953488372,0.0023951530456542,0.0001666545867919,1,0,0,0,1,0,0,0,0,0,0,0,0,1,0,0,0,0,0,0,0,0,0,1,0,0,0.2171742137817735,True,505,0.0001724023408538,hinge,0
PieChart3_1453,3,0.9255813953488372,0.002601146697998,0.0001475811004638,1,0,0,0,1,0,0,0,0,1,0,0,0,0,0,0,0,0,0,0,0,0,0,1,0,0,9.591273548482782,False,989,0.0042691360783341,hinge,0
PieChart3_1453,3,0.9255813953488372,0.0027141571044921,0.0001842975616455,0,1,0,1,0,0,0,0,0,1,0,0,0,0,0,0,0,0,0,0,0,0,0,1,0,0,0.5023385034324196,True,650,0.0007250216456917,hinge,0
PieChart3_1453,3,0.9255813953488372,0.002640962600708,0.0001471042633056,1,0,1,0,0,0,0,0,0,0,1,0,0,0,0,0,0,0,0,1,0,0,0,0,0,0,0.4604713055458186,False,762,0.0001299520893165,squared_hinge,0
PieChart3_1453,3,0.9255813953488372,0.0020663738250732,0.0001726150512695,1,0,0,1,0,0,0,0,0,0,1,0,0,0,0,0,0,0,0,1,0,0,0,0,0,0,0.6118719676637008,True,1082,0.0013763597807897,squared_hinge,0
PieChart3_1453,3,0.9255813953488372,0.0017564296722412,0.0001223087310791,0,1,0,1,0,0,0,0,0,0,1,0,0,0,0,0,0,0,0,1,0,0,0,0,0,0,4.713747621155259,False,739,0.0065208806744006,hinge,0
PieChart3_1453,3,0.9255813953488372,0.0024623870849609,0.0001463890075683,0,1,1,0,0,0,0,0,0,1,0,0,0,0,0,0,0,0,0,0,0,0,0,1,0,0,0.2758402361877085,True,1020,0.0033013595843423,hinge,0
PieChart3_1453,3,0.9255813953488372,0.0026745796203613,0.0001885890960693,1,0,0,1,0,0,0,0,0,1,0,0,0,0,0,0,0,0,0,0,0,0,0,1,0,0,0.8175498611435896,True,917,0.0001738362991521,squared_hinge,0
PieChart3_1453,3,0.9255813953488372,0.0017323493957519,0.0001165866851806,1,0,0,0,1,0,0,0,0,0,1,0,0,0,0,0,0,0,0,1,0,0,0,0,0,0,0.3402865469163106,True,1322,0.0039765973869411,hinge,0
PieChart3_1453,3,0.9209302325581395,0.0015249252319335,0.0001375675201416,0,1,0,0,1,0,0,0,0,0,0,0,0,0,0,0,0,1,0,0,0,0,1,0,0,0,0.1215731252494774,True,806,0.0001233165640291,squared_hinge,0
PieChart3_1453,3,0.9209302325581395,0.0015904903411865,0.0001173019409179,0,1,1,0,0,0,0,0,0,0,0,0,0,0,0,0,0,1,0,0,0,0,1,0,0,0,0.5425603931838552,True,593,0.0014132066924948,squared_hinge,0
appendicitis_test_edsa_45613,3,1.0,0.0011186599731445,0.0001373291015625,0,1,1,0,0,0,0,0,0,0,0,0,0,0,1,0,0,0,0,0,0,1,0,0,0,0,0.1418929314101206,False,905,0.0001698480709322,squared_hinge,0
appendicitis_test_edsa_45613,3,1.0,0.0010478496551513,0.000115156173706,0,1,0,0,1,1,0,0,0,0,0,0,0,0,0,0,0,0,0,0,0,0,0,1,0,0,8.720642946871466,False,1645,0.0016016738371009,hinge,0
appendicitis_test_edsa_45613,3,1.0,0.0012733936309814,0.0001165866851806,0,1,0,0,1,0,0,0,1,0,0,0,0,0,0,0,0,0,0,0,0,0,0,1,0,0,0.1912228452828655,True,1461,0.0002022242094096,hinge,0
appendicitis_test_edsa_45613,3,1.0,0.0017132759094238,0.0001530647277832,0,1,0,0,1,0,0,0,0,0,0,0,0,0,0,1,0,0,0,0,0,0,0,1,0,0,9.308725505887914,True,1494,0.0061303933165594,squared_hinge,0
appendicitis_test_edsa_45613,3,1.0,0.0011961460113525,0.0001156330108642,1,0,1,0,0,0,0,0,1,0,0,0,0,0,0,0,0,0,0,0,0,0,0,1,0,0,0.8321010745485837,True,1126,0.0020143141608214,hinge,0
appendicitis_test_edsa_45613,3,1.0,0.0012402534484863,0.0001170635223388,0,1,0,1,0,0,0,0,0,0,0,0,0,0,1,0,0,0,0,0,0,1,0,0,0,0,0.2145820352637374,True,1057,0.0007567235118581,hinge,0
appendicitis_test_edsa_45613,3,1.0,0.0009272098541259,0.0001349449157714,1,0,1,0,0,0,0,1,0,0,0,0,0,0,0,0,0,0,0,0,0,0,1,0,0,0,0.3399994584205171,True,698,0.0065236687795601,hinge,0
appendicitis_test_edsa_45613,3,1.0,0.0016098022460937,0.0001459121704101,1,0,1,0,0,0,0,0,0,0,0,0,1,0,0,0,0,0,0,0,0,0,1,0,0,0,0.5943690874237796,False,1138,0.0002216349184047,hinge,0
appendicitis_test_edsa_45613,3,1.0,0.0011613368988037,0.0001194477081298,1,0,1,0,0,0,0,0,0,0,0,0,0,0,0,0,0,1,0,0,0,0,0,1,0,0,2.274365430370094,False,593,0.005705996300449,hinge,0
appendicitis_test_edsa_45613,3,1.0,0.0011651515960693,0.0001742839813232,1,0,0,0,1,0,0,1,0,0,0,0,0,0,0,0,0,0,0,0,0,0,1,0,0,0,2.6747563938281727,False,942,0.0001685017334168,hinge,0
appendicitis_test_edsa_45613,3,1.0,0.0016429424285888,0.0002088546752929,0,1,0,0,1,0,0,0,0,0,0,0,1,0,0,0,0,0,0,0,0,0,1,0,0,0,0.2731068681767222,True,1122,0.0035025170041481,hinge,0
appendicitis_test_edsa_45613,3,1.0,0.0015168190002441,0.0001392364501953,0,1,1,0,0,0,0,0,0,0,0,0,1,0,0,0,0,0,0,0,0,0,1,0,0,0,0.248212896396003,False,819,0.0001929914678427,squared_hinge,0
appendicitis_test_edsa_45613,3,1.0,0.0009801387786865,0.0001087188720703,1,0,0,0,1,0,0,0,1,0,0,0,0,0,0,0,0,0,0,0,0,0,0,1,0,0,6.707973669888569,False,1130,0.0002029411243791,squared_hinge,0
appendicitis_test_edsa_45613,3,1.0,0.0010218620300292,0.0001392364501953,0,1,0,0,1,0,0,1,0,0,0,0,0,0,0,0,0,0,0,0,0,0,1,0,0,0,0.8021375697513805,False,841,0.0052872998548308,hinge,0
appendicitis_test_edsa_45613,3,1.0,0.0022428035736083,0.0003836154937744,0,1,1,0,0,1,0,0,0,0,0,0,0,0,0,0,0,0,0,0,0,0,0,1,0,0,0.5224024598211778,True,219,0.0007862133422408,squared_hinge,0
appendicitis_test_edsa_45613,3,1.0,0.0015671253204345,0.0001437664031982,1,0,0,0,1,0,0,0,0,0,0,0,0,0,0,1,0,0,0,0,0,0,0,1,0,0,1.787483400079546,True,1230,0.000322994329137,hinge,0
appendicitis_test_edsa_45613,3,1.0,0.0015866756439208,0.0002026557922363,1,0,0,0,1,0,0,0,0,0,0,0,0,0,0,0,1,0,0,0,0,1,0,0,0,0,1.2525641161537522,True,1190,0.0020762552722612,hinge,0
appendicitis_test_edsa_45613,3,1.0,0.0015411376953125,0.0001399517059326,1,0,0,0,1,0,0,0,0,0,0,0,1,0,0,0,0,0,0,0,0,0,1,0,0,0,6.150085004848412,True,820,0.0052874951353138,hinge,0
appendicitis_test_edsa_45613,3,1.0,0.001528263092041,0.0001375675201416,1,0,0,1,0,0,0,0,0,0,0,0,0,0,0,1,0,0,0,0,0,0,0,1,0,0,0.2074707091106879,False,974,0.0006780314078702,hinge,0
appendicitis_test_edsa_45613,3,1.0,0.0013289451599121,0.0001358985900878,0,1,1,0,0,0,0,0,0,0,0,1,0,0,0,0,0,0,0,0,0,1,0,0,0,0,0.7997532026644675,True,1747,0.0003730397105622,squared_hinge,0
DiabeticMellitus_41430,0,1.0,0.0011978149414062,0.0001158714294433,0,1,1,0,0,0,0,0,1,0,0,0,0,0,0,0,0,0,0,0,1,0,0,0,0,0,0.250624603676877,True,1214,0.0003573700759449,hinge,0
DiabeticMellitus_41430,0,1.0,0.0011622905731201,0.0001113414764404,0,1,0,1,0,0,0,0,1,0,0,0,0,0,0,0,0,0,0,0,1,0,0,0,0,0,0.1633739107747806,True,815,0.0023171761686139,hinge,0
DiabeticMellitus_41430,0,1.0,0.0012345314025878,0.0001201629638671,0,1,1,0,0,0,0,0,0,0,0,0,0,0,0,0,0,1,0,0,0,0,1,0,0,0,0.3772024896901293,False,1105,0.0025932825966537,hinge,0
DiabeticMellitus_41430,4,1.0,0.0010147094726562,0.0001091957092285,0,1,1,0,0,0,0,0,1,0,0,0,0,0,0,0,0,0,0,0,0,0,1,0,0,0,0.1365401388781964,True,1175,0.0067107360478788,hinge,0
DiabeticMellitus_41430,0,1.0,0.0010433197021484,0.0001113414764404,0,1,0,1,0,0,0,0,1,0,0,0,0,0,0,0,0,0,0,0,0,0,0,0,0,1,1.603697915666498,False,904,0.0001102084577734,hinge,0
DiabeticMellitus_41430,4,1.0,0.0011649131774902,0.000117540359497,0,1,0,1,0,1,0,0,0,0,0,0,0,0,0,0,0,0,0,0,0,0,0,0,1,0,5.047663573490578,False,950,0.0001880247719096,hinge,0
DiabeticMellitus_41430,4,1.0,0.0010507106781005,0.0001263618469238,0,1,0,1,0,0,0,0,1,0,0,0,0,0,0,0,0,0,0,0,0,0,0,0,1,0,0.4021497743208009,False,477,0.0015106127868833,hinge,0
DiabeticMellitus_41430,0,1.0,0.0012116432189941,0.0001287460327148,0,1,0,1,0,0,0,0,0,0,0,0,0,0,0,0,0,1,0,0,0,0,0,0,1,0,1.8440026654184756,True,953,0.0003866972127741,hinge,0
DiabeticMellitus_41430,0,1.0,0.0010840892791748,0.0001118183135986,0,1,1,0,0,0,0,0,1,0,0,0,0,0,0,0,0,0,0,0,0,0,0,0,0,1,0.1817946463513069,True,615,0.0007944026911062,hinge,0
DiabeticMellitus_41430,0,1.0,0.0010051727294921,0.0001065731048583,0,1,0,0,1,0,0,0,1,0,0,0,0,0,0,0,0,0,0,1,0,0,0,0,0,0,0.2948516534177961,True,642,0.007148670806324,hinge,0
DiabeticMellitus_41430,1,1.0,0.0011594295501708,0.0001201629638671,0,1,1,0,0,1,0,0,0,0,0,0,0,0,0,0,0,0,0,0,0,0,0,0,0,1,2.2475298673172466,True,870,0.0001560390998089,hinge,0
DiabeticMellitus_41430,0,1.0,0.0010802745819091,0.0001182556152343,0,1,1,0,0,0,0,0,0,0,0,0,0,0,0,0,0,1,0,0,0,0,0,0,0,1,6.900581865016783,True,1141,0.0019795727584965,hinge,0
DiabeticMellitus_41430,4,1.0,0.0011725425720214,0.0001158714294433,0,1,0,0,1,1,0,0,0,0,0,0,0,0,0,0,0,0,0,0,0,0,0,0,1,0,0.1091591347849354,True,409,0.0040578187322439,hinge,0
DiabeticMellitus_41430,0,1.0,0.001068115234375,0.0001263618469238,0,1,0,1,0,0,0,0,0,0,0,0,0,0,0,0,0,1,0,0,0,0,0,0,0,1,1.9297156616308209,True,899,0.0001741626077861,hinge,0
DiabeticMellitus_41430,0,1.0,0.0010478496551513,0.000159740447998,0,1,0,0,1,0,0,0,0,0,0,0,0,0,0,0,0,1,0,0,0,0,0,0,1,0,2.56559230688842,True,562,0.0019642793270459,squared_hinge,0
DiabeticMellitus_41430,4,1.0,0.0010359287261962,0.0001046657562255,0,1,0,0,1,0,0,0,1,0,0,0,0,0,0,0,0,0,0,0,0,0,0,0,1,0,1.5666170535697317,True,1638,0.004605288037119,squared_hinge,0
DiabeticMellitus_41430,0,1.0,0.0012018680572509,0.0001142024993896,0,1,0,0,1,0,0,0,0,0,0,0,0,0,0,0,0,1,0,0,0,0,1,0,0,0,0.7162088762316268,True,559,0.0002590995656085,hinge,0
DiabeticMellitus_41430,4,1.0,0.0012211799621582,0.000115156173706,0,1,1,0,0,0,0,0,0,0,0,0,0,0,0,0,0,1,0,0,0,0,0,1,0,0,9.464159535408838,True,972,0.0001861223211903,hinge,0
DiabeticMellitus_41430,4,1.0,0.0014283657073974,0.0001149177551269,0,1,1,0,0,0,0,0,0,0,1,0,0,0,0,0,0,0,0,0,0,0,1,0,0,0,0.3511748165355667,True,631,0.0001349678647512,hinge,0
DiabeticMellitus_41430,4,1.0,0.0012533664703369,0.0001177787780761,0,1,0,0,1,0,0,0,0,0,0,0,0,0,0,0,0,1,0,0,0,0,0,1,0,0,0.8567243739080661,True,1111,0.0028686633670073,hinge,0
tae_48,0,0.7096774193548387,0.0044870376586914,0.0001554489135742,0,1,0,1,0,0,0,0,0,0,0,0,0,0,0,1,0,0,0,0,0,0,0,0,0,1,2.2255261469747745,False,316,0.000672844738817,hinge,0
tae_48,0,0.7096774193548387,0.0042948722839355,0.0001492500305175,0,1,0,0,1,0,0,0,0,0,0,0,0,0,0,1,0,0,0,1,0,0,0,0,0,0,0.1000262028012343,True,1425,0.0009971954581371,hinge,0
tae_48,0,0.7096774193548387,0.0044872760772705,0.0001657009124755,1,0,1,0,0,0,0,0,0,0,0,0,0,0,0,1,0,0,0,0,0,0,1,0,0,0,0.5276288019628289,False,1732,0.0001576837282111,hinge,0
tae_48,0,0.7096774193548387,0.0043835639953613,0.0001511573791503,1,0,0,0,1,0,0,0,0,0,0,0,0,0,0,1,0,0,0,0,0,0,0,0,1,0,0.6108641318955035,True,1343,0.0001704909705547,squared_hinge,0
tae_48,0,0.7096774193548387,0.0043675899505615,0.000152587890625,1,0,1,0,0,0,0,0,0,0,0,0,0,0,0,1,0,0,0,0,0,0,0,0,0,1,0.10498160689583,True,1036,0.0022284188168096,squared_hinge,0
tae_48,0,0.7096774193548387,0.0042557716369628,0.0001506805419921,0,1,0,1,0,0,0,0,0,0,0,0,0,0,0,1,0,0,0,1,0,0,0,0,0,0,0.1128038198169178,True,880,0.0006680398803409,hinge,0
tae_48,0,0.7096774193548387,0.0043015480041503,0.0001513957977294,1,0,0,0,1,0,0,0,0,0,0,0,0,0,0,1,0,0,0,0,0,0,0,0,0,1,9.487850604871586,True,694,0.0047944575623511,squared_hinge,0
tae_48,0,0.7096774193548387,0.0044596195220947,0.000152587890625,1,0,0,0,1,0,0,0,0,0,0,0,0,0,0,1,0,0,0,1,0,0,0,0,0,0,0.1651708729743077,True,618,0.0037512062072255,hinge,0
tae_48,0,0.7096774193548387,0.0044865608215332,0.0001509189605712,0,1,0,0,1,0,0,0,0,0,0,0,0,0,0,1,0,0,0,0,0,0,1,0,0,0,0.2968002292184053,False,810,0.0037261774666204,hinge,0
tae_48,0,0.7096774193548387,0.0042903423309326,0.0001506805419921,0,1,1,0,0,0,0,0,0,0,0,0,0,0,0,1,0,0,0,1,0,0,0,0,0,0,0.1893424319846003,False,1163,0.005264297841042,hinge,0
tae_48,0,0.7096774193548387,0.0043492317199707,0.0001454353332519,0,1,1,0,0,0,0,0,0,0,0,0,0,0,0,1,0,0,0,0,0,0,0,0,0,1,1.0650260029047405,True,840,0.0049521933946277,squared_hinge,0
tae_48,0,0.7096774193548387,0.0048227310180664,0.0001754760742187,0,1,1,0,0,0,0,0,0,0,0,0,0,0,0,1,0,0,0,0,0,0,1,0,0,0,2.965475377288737,True,940,0.0012193370656649,squared_hinge,0
tae_48,0,0.7096774193548387,0.0045955181121826,0.0001695156097412,0,1,0,1,0,0,0,0,0,0,0,0,0,0,0,1,0,0,0,0,0,0,1,0,0,0,0.1425459447960477,False,1078,0.0003756283558004,squared_hinge,0
tae_48,0,0.7096774193548387,0.0043733119964599,0.0001506805419921,1,0,0,1,0,0,0,0,0,0,0,0,0,0,0,1,0,0,0,0,1,0,0,0,0,0,1.4859215867345683,True,1288,0.0013361228258498,hinge,0
tae_48,0,0.7096774193548387,0.0042972564697265,0.0001485347747802,0,1,1,0,0,0,0,0,0,0,0,0,0,0,0,1,0,0,0,0,1,0,0,0,0,0,0.5082216670566806,True,1562,0.0002973532031728,hinge,0
tae_48,0,0.7096774193548387,0.0039937496185302,0.0001516342163085,0,1,1,0,0,0,0,0,0,0,0,0,0,0,0,1,0,0,0,0,0,0,0,1,0,0,0.9574514044793792,False,512,0.0002419462566996,hinge,0
tae_48,0,0.7096774193548387,0.0042622089385986,0.0001459121704101,0,1,0,0,1,0,0,0,0,0,0,0,0,0,0,1,0,0,0,0,0,0,0,0,0,1,0.3403759995426816,True,1592,0.0010287129773004,hinge,0
tae_48,0,0.7096774193548387,0.0044851303100585,0.0001494884490966,1,0,1,0,0,0,0,0,0,0,0,0,0,0,0,1,0,0,0,1,0,0,0,0,0,0,5.338819547907645,False,1412,0.0017612051616179,squared_hinge,0
tae_48,0,0.7096774193548387,0.0046174526214599,0.0002005100250244,1,0,0,0,1,0,0,0,0,0,0,0,0,0,0,1,0,0,0,0,0,0,1,0,0,0,0.8030327688647392,True,1235,0.0007979445804358,hinge,0
tae_48,0,0.7096774193548387,0.0043525695800781,0.0001497268676757,1,0,0,1,0,0,0,0,0,0,0,0,0,0,0,1,0,0,0,0,0,0,0,0,1,0,0.2094213145137638,True,902,0.0040987611857183,hinge,0
fri_c1_500_50_766,1,0.83,0.0013818740844726,0.0001230239868164,0,1,0,0,1,0,0,1,0,0,0,0,0,0,0,0,0,0,0,0,0,0,0,0,1,0,3.833787876532333,True,870,0.001473541749136,squared_hinge,0
fri_c1_500_50_766,1,0.83,0.0013561248779296,0.0001235008239746,1,0,0,0,1,0,0,1,0,0,0,0,0,0,0,0,0,0,0,0,0,0,0,0,1,0,3.189016661060417,True,1316,0.009033373570505,hinge,0
fri_c1_500_50_766,1,0.83,0.0013613700866699,0.0001251697540283,1,0,0,1,0,0,0,1,0,0,0,0,0,0,0,0,0,0,0,0,0,0,0,0,1,0,0.9328668543707336,False,892,0.0002188375534117,squared_hinge,0
fri_c1_500_50_766,1,0.83,0.001338243484497,0.0001215934753417,1,0,1,0,0,0,0,1,0,0,0,0,0,0,0,0,0,0,0,0,0,0,0,0,1,0,2.775455128505488,True,412,0.0004211455340894,hinge,0
fri_c1_500_50_766,1,0.83,0.0014193058013916,0.000119924545288,0,1,0,1,0,0,0,1,0,0,0,0,0,0,0,0,0,0,0,0,0,0,0,0,1,0,1.600148301141221,False,956,0.0001384678294687,squared_hinge,0
fri_c1_500_50_766,1,0.83,0.0012850761413574,0.0001184940338134,0,1,1,0,0,0,0,1,0,0,0,0,0,0,0,0,0,0,0,0,0,0,0,0,1,0,0.2136346888256531,True,817,0.0009964933703217,squared_hinge,0
fri_c1_500_50_766,1,0.82,0.0013980865478515,0.0001239776611328,0,1,1,0,0,0,0,1,0,0,0,0,0,0,0,0,0,0,0,0,1,0,0,0,0,0,9.968180447214316,True,1318,0.0001258666011855,hinge,0
fri_c1_500_50_766,1,0.82,0.0012955665588378,0.0001184940338134,1,0,0,1,0,0,0,1,0,0,0,0,0,0,0,0,0,0,0,0,1,0,0,0,0,0,3.505194186269032,True,587,0.0020061499476855,hinge,0
fri_c1_500_50_766,1,0.82,0.0013003349304199,0.0001208782196044,0,1,0,0,1,0,0,1,0,0,0,0,0,0,0,0,0,0,0,0,1,0,0,0,0,0,2.152273413871656,False,1733,0.0003157698862608,hinge,0
fri_c1_500_50_766,1,0.82,0.0013580322265625,0.0001220703125,0,1,0,1,0,0,0,1,0,0,0,0,0,0,0,0,0,0,0,0,1,0,0,0,0,0,4.594832685531846,True,980,0.0032394505446307,hinge,0
fri_c1_500_50_766,1,0.82,0.0013535022735595,0.0001237392425537,1,0,1,0,0,0,0,1,0,0,0,0,0,0,0,0,0,0,0,0,1,0,0,0,0,0,7.181765107068622,False,487,0.0001201117175238,hinge,0
fri_c1_500_50_766,1,0.82,0.0014905929565429,0.0001320838928222,1,0,0,0,1,0,0,1,0,0,0,0,0,0,0,0,0,0,0,0,1,0,0,0,0,0,1.4307968695615805,False,1011,0.0004715992185222,squared_hinge,0
fri_c1_500_50_766,3,0.81,0.0014770030975341,0.0001225471496582,1,0,0,1,0,0,0,1,0,0,0,0,0,0,0,0,0,0,0,0,0,0,0,1,0,0,1.5026465165895952,False,1131,0.0072793366993171,squared_hinge,0
fri_c1_500_50_766,1,0.81,0.0013637542724609,0.0001285076141357,0,1,0,1,0,0,0,1,0,0,0,0,0,0,0,0,0,0,0,0,0,0,0,0,0,1,0.1114209982700234,False,1374,0.0001373359915346,squared_hinge,0
fri_c1_500_50_766,1,0.81,0.001338243484497,0.0001261234283447,1,0,0,0,1,0,0,1,0,0,0,0,0,0,0,0,0,0,0,0,0,0,1,0,0,0,0.6757635443710638,False,1021,0.0056344868776711,hinge,0
fri_c1_500_50_766,1,0.81,0.0013866424560546,0.0001254081726074,0,1,1,0,0,0,0,1,0,0,0,0,0,0,0,0,0,0,0,0,0,0,1,0,0,0,1.0409666716654271,True,1048,0.00045836245805,hinge,0
fri_c1_500_50_766,3,0.81,0.0014641284942626,0.0001215934753417,1,0,1,0,0,0,0,1,0,0,0,0,0,0,0,0,0,0,0,0,0,0,0,1,0,0,0.2940472824436692,False,1024,0.0001190936500814,hinge,0
fri_c1_500_50_766,1,0.81,0.001307725906372,0.0001230239868164,0,1,0,1,0,0,0,1,0,0,0,0,0,0,0,0,0,0,0,0,0,0,1,0,0,0,0.5237199737543108,True,638,0.0063190262655987,squared_hinge,0
fri_c1_500_50_766,1,0.81,0.0015654563903808,0.0001916885375976,1,0,0,1,0,0,0,1,0,0,0,0,0,0,0,0,0,0,0,0,0,0,1,0,0,0,0.5402502964471466,True,1009,0.000721295633727,hinge,0
fri_c1_500_50_766,3,0.81,0.0014789104461669,0.0001232624053955,0,1,1,0,0,0,0,1,0,0,0,0,0,0,0,0,0,0,0,0,0,0,0,1,0,0,0.5440903049453326,False,991,0.0007394670578821,hinge,0
tokyo1_40705,2,0.953125,0.0228028297424316,0.0003340244293212,0,1,1,0,0,0,0,0,0,0,0,0,0,0,1,0,0,0,0,1,0,0,0,0,0,0,8.15774091534337,True,790,0.0023864411975937,hinge,0
tokyo1_40705,2,0.953125,0.0220279693603515,0.0003478527069091,1,0,1,0,0,0,0,0,0,0,0,0,0,0,1,0,0,0,0,1,0,0,0,0,0,0,1.4963989245584974,False,432,0.0008651572730833,squared_hinge,0
tokyo1_40705,2,0.953125,0.0013980865478515,0.0001072883605957,1,0,0,1,0,0,0,0,0,0,0,0,0,0,0,0,0,1,0,0,0,0,0,0,1,0,0.4244000830309719,False,885,0.0035794576589361,hinge,0
tokyo1_40705,2,0.953125,0.0211091041564941,0.0003483295440673,1,0,0,1,0,0,0,0,0,0,0,0,0,0,1,0,0,0,0,1,0,0,0,0,0,0,0.4068320723021825,True,1182,0.0013642820396425,squared_hinge,0
tokyo1_40705,2,0.953125,0.0013847351074218,0.0001082420349121,1,0,0,0,1,0,0,0,0,0,0,0,0,0,0,0,0,1,0,0,0,0,0,0,1,0,4.940276130804733,False,1442,0.0004324784085589,hinge,0
tokyo1_40705,2,0.953125,0.0014476776123046,0.0001122951507568,0,1,0,1,0,0,0,0,0,0,0,0,0,0,0,0,0,1,0,0,0,0,0,0,1,0,1.920713844127614,True,938,0.0018950964418251,hinge,0
tokyo1_40705,2,0.953125,0.0015571117401123,0.0001223087310791,0,1,1,0,0,0,0,0,0,0,0,0,0,0,0,0,0,1,0,0,0,0,0,0,1,0,5.036141760511204,True,957,0.0001496616712266,squared_hinge,0
tokyo1_40705,2,0.953125,0.0231180191040039,0.0003719329833984,0,1,0,0,1,0,0,0,0,0,0,0,0,0,1,0,0,0,0,1,0,0,0,0,0,0,1.9378115944739505,True,915,0.0009645055106346,squared_hinge,0
tokyo1_40705,2,0.953125,0.0015573501586914,0.0001168251037597,0,1,0,0,1,0,0,0,0,0,0,0,0,0,0,0,0,1,0,0,0,0,0,0,1,0,6.752444683025354,True,1092,0.0004802486931991,hinge,0
tokyo1_40705,2,0.953125,0.0017096996307373,0.0001266002655029,1,0,1,0,0,0,0,0,0,0,0,0,0,0,0,0,0,1,0,0,0,0,0,0,1,0,0.6375273516767762,True,854,0.000637948125516,squared_hinge,0
tokyo1_40705,2,0.953125,0.0228357315063476,0.0003643035888671,1,0,0,0,1,0,0,0,0,0,0,0,0,0,1,0,0,0,0,1,0,0,0,0,0,0,4.841172560998304,True,1168,0.0022326147606378,hinge,0
tokyo1_40705,2,0.953125,0.021594762802124,0.0003676414489746,0,1,0,1,0,0,0,0,0,0,0,0,0,0,1,0,0,0,0,1,0,0,0,0,0,0,0.2248186407725241,False,310,0.0002108713308707,squared_hinge,0
tokyo1_40705,1,0.9479166666666666,0.0018455982208251,0.0001206398010253,1,0,0,1,0,0,0,0,0,0,1,0,0,0,0,0,0,0,0,1,0,0,0,0,0,0,2.18228049215909,True,1165,0.0001171830034483,squared_hinge,0
tokyo1_40705,1,0.9479166666666666,0.0049400329589843,0.0001752376556396,0,1,1,0,0,0,0,0,0,0,0,0,1,0,0,0,0,0,0,0,0,0,0,0,0,1,0.533991461812143,True,867,0.0056274750909975,squared_hinge,0
tokyo1_40705,2,0.9479166666666666,0.0057950019836425,0.0001726150512695,1,0,0,1,0,0,0,0,0,0,0,0,1,0,0,0,0,0,0,1,0,0,0,0,0,0,1.1218996417292124,True,963,0.0050671600019446,hinge,0
tokyo1_40705,1,0.9479166666666666,0.003300666809082,0.0001769065856933,0,1,1,0,0,0,1,0,0,0,0,0,0,0,0,0,0,0,0,0,0,0,0,0,0,1,2.9722571341365724,False,519,0.006888176118575,hinge,0
tokyo1_40705,2,0.9479166666666666,0.0015347003936767,0.0001192092895507,1,0,0,1,0,1,0,0,0,0,0,0,0,0,0,0,0,0,0,1,0,0,0,0,0,0,1.3455864251947074,False,991,0.002622790284339,squared_hinge,0
tokyo1_40705,1,0.9479166666666666,0.0019049644470214,0.0001251697540283,1,0,1,0,0,0,0,0,0,0,1,0,0,0,0,0,0,0,0,1,0,0,0,0,0,0,2.8840461756443223,True,1157,0.0058619497041856,hinge,0
tokyo1_40705,1,0.9479166666666666,0.0016834735870361,0.0001156330108642,0,1,0,1,0,0,0,0,0,0,1,0,0,0,0,0,0,0,0,1,0,0,0,0,0,0,0.1183384131869546,True,1339,0.00044274470151,squared_hinge,0
tokyo1_40705,1,0.9479166666666666,0.0025286674499511,0.0001342296600341,0,1,0,0,1,0,1,0,0,0,0,0,0,0,0,0,0,0,0,0,0,0,0,0,0,1,0.6300992197541526,True,1003,0.0001993604514431,hinge,0
schizo_466,1,0.9264705882352942,0.0031039714813232,0.000176191329956,0,1,0,1,0,0,0,0,0,0,0,0,1,0,0,0,0,0,0,0,1,0,0,0,0,0,8.097945374307205,True,1097,0.0024533849482033,hinge,0
schizo_466,1,0.8823529411764706,0.0032939910888671,0.0003201961517333,0,1,0,0,1,0,0,0,0,0,0,0,1,0,0,0,0,0,0,0,1,0,0,0,0,0,3.3377838438571,True,1186,0.0005069890639344,hinge,0
schizo_466,0,0.8676470588235294,0.0034732818603515,0.0001614093780517,0,1,0,0,1,0,0,0,0,0,0,0,1,0,0,0,0,0,0,0,1,0,0,0,0,0,0.9251108871498964,True,773,0.0003517938428236,hinge,0
schizo_466,2,0.8676470588235294,0.0031371116638183,0.0001442432403564,0,1,0,0,1,0,0,0,0,0,0,0,1,0,0,0,0,0,0,0,1,0,0,0,0,0,2.6133088356464933,True,1387,0.001529126742224,squared_hinge,0
schizo_466,3,0.8676470588235294,0.0042891502380371,0.0001416206359863,0,1,0,0,1,0,0,0,0,0,0,0,1,0,0,0,0,0,0,0,1,0,0,0,0,0,0.1132243732393406,True,593,0.0001948205284101,hinge,0
schizo_466,3,0.8676470588235294,0.0042495727539062,0.0002622604370117,0,1,0,1,0,0,0,0,0,0,0,0,1,0,0,0,0,0,0,0,1,0,0,0,0,0,0.3847655172418361,False,1244,0.0015330399975887,hinge,0
schizo_466,1,0.8529411764705882,0.0053064823150634,0.0002174377441406,0,1,0,1,0,0,0,0,0,0,0,0,0,0,0,1,0,0,0,0,0,1,0,0,0,0,6.399164350741834,True,660,0.0055867356872282,squared_hinge,0
schizo_466,2,0.8529411764705882,0.0037274360656738,0.0002224445343017,0,1,0,1,0,0,0,0,0,0,0,0,1,0,0,0,0,0,0,0,1,0,0,0,0,0,0.9835172206947794,True,584,0.0023814879626589,hinge,0
schizo_466,4,0.8382352941176471,0.0044093132019042,0.0001971721649169,0,1,0,1,0,0,0,0,0,0,0,0,1,0,0,0,0,0,0,0,1,0,0,0,0,0,8.040667975031576,True,748,0.001048470784121,squared_hinge,0
schizo_466,3,0.7941176470588235,0.0046131610870361,0.0001375675201416,0,1,0,1,0,0,0,0,0,0,0,0,0,0,0,1,0,0,0,0,0,1,0,0,0,0,0.3388358087567863,True,1178,0.0009400331900927,squared_hinge,0
schizo_466,0,0.7941176470588235,0.0031445026397705,0.0001468658447265,0,1,0,1,0,0,0,0,0,0,0,0,1,0,0,0,0,0,0,0,1,0,0,0,0,0,4.664511812530647,True,687,0.0004333046368994,hinge,0
schizo_466,4,0.7941176470588235,0.0038480758666992,0.0001482963562011,0,1,0,0,1,0,0,0,0,0,0,0,1,0,0,0,0,0,0,0,1,0,0,0,0,0,0.1094294380526352,True,1258,0.003299370071145,hinge,0
schizo_466,0,0.7794117647058824,0.0035862922668457,0.0001344680786132,0,1,0,1,0,0,0,0,0,0,0,0,0,0,0,1,0,0,0,0,0,1,0,0,0,0,0.1018241710247695,True,1010,0.0074114910158554,squared_hinge,0
schizo_466,2,0.7794117647058824,0.0038750171661376,0.0001406669616699,0,1,0,1,0,0,0,0,0,0,0,0,0,0,0,1,0,0,0,0,0,1,0,0,0,0,0.187751812540383,True,653,0.0008887619852205,hinge,0
schizo_466,1,0.7647058823529411,0.0037586688995361,0.0001380443572998,0,1,0,0,1,0,0,0,0,0,0,0,0,0,0,1,0,0,0,0,0,1,0,0,0,0,0.3334696977580386,True,925,0.0058410193365256,hinge,0
schizo_466,0,0.75,0.0037717819213867,0.000138521194458,0,1,0,0,1,0,0,0,0,0,0,0,0,0,0,1,0,0,0,0,0,1,0,0,0,0,0.1216794473797472,True,1233,0.0001108346367701,squared_hinge,0
schizo_466,4,0.7352941176470589,0.0049808025360107,0.0001516342163085,0,1,0,0,1,0,0,0,0,0,0,0,0,0,0,1,0,0,0,0,0,1,0,0,0,0,0.2647203885317111,False,1387,0.0002395431446804,hinge,0
schizo_466,2,0.7205882352941176,0.0041677951812744,0.0001411437988281,0,1,0,0,1,0,0,0,0,0,0,0,0,0,0,1,0,0,0,0,0,1,0,0,0,0,5.570578583113365,True,1221,0.0001270535643264,squared_hinge,0
schizo_466,4,0.7205882352941176,0.0033442974090576,0.0001382827758789,0,1,0,1,0,0,0,0,0,0,0,0,0,0,0,1,0,0,0,0,0,1,0,0,0,0,6.774466083020617,False,1287,0.001174153963149,hinge,0
schizo_466,1,0.7205882352941176,0.0018379688262939,0.0001370906829833,0,1,0,0,1,0,0,0,0,0,0,0,0,0,1,0,0,0,0,0,0,0,1,0,0,0,0.1725069202038938,False,1003,0.0004569342608766,squared_hinge,0
glass_1005,2,0.8837209302325582,0.001814842224121,0.000138521194458,0,1,0,0,1,0,0,0,0,0,0,0,0,0,0,1,0,0,0,0,0,0,0,1,0,0,0.4273394977038179,True,873,0.0048379126496983,hinge,0
glass_1005,0,0.8837209302325582,0.0027275085449218,0.0001523494720458,1,0,0,1,0,0,0,0,0,0,0,0,0,0,0,0,1,0,0,0,0,0,0,1,0,0,1.6578000415239504,False,938,0.0023132286850127,squared_hinge,0
glass_1005,0,0.8837209302325582,0.0027410984039306,0.0001430511474609,1,0,0,0,1,0,0,0,0,0,0,0,0,0,0,0,1,0,0,0,0,0,0,1,0,0,2.0984276164538054,False,1428,0.0017312170488294,hinge,0
glass_1005,2,0.8837209302325582,0.0018479824066162,0.0001404285430908,1,0,0,0,1,0,0,0,0,0,0,0,0,0,0,1,0,0,0,0,0,0,0,1,0,0,0.1136532309451813,False,745,0.000178182695379,hinge,0
glass_1005,2,0.8837209302325582,0.0018346309661865,0.000136375427246,1,0,1,0,0,0,0,0,0,0,0,0,0,0,0,1,0,0,0,0,0,0,0,1,0,0,6.670928561691171,True,1016,0.0003597127741958,hinge,0
glass_1005,0,0.8837209302325582,0.002678632736206,0.00014328956604,1,0,1,0,0,0,0,0,0,0,0,0,0,0,0,0,1,0,0,0,0,0,0,1,0,0,0.714982551328676,False,1117,0.0028245515559444,squared_hinge,0
glass_1005,2,0.8837209302325582,0.0019571781158447,0.0001447200775146,1,0,0,1,0,0,0,0,0,0,0,0,0,0,0,1,0,0,0,0,0,0,0,1,0,0,0.7628282942331708,True,931,0.0002532949377583,squared_hinge,0
glass_1005,0,0.8837209302325582,0.0028181076049804,0.0001435279846191,0,1,0,0,1,0,0,0,0,0,0,0,0,0,0,0,1,0,0,0,0,0,0,1,0,0,0.1482749651578358,True,1395,0.0025044814778312,hinge,0
glass_1005,0,0.8837209302325582,0.0033049583435058,0.0003983974456787,0,1,0,1,0,0,0,0,0,0,0,0,0,0,0,0,1,0,0,0,0,0,0,1,0,0,1.1225404209788947,False,1111,0.0063295727574371,hinge,0
glass_1005,2,0.8837209302325582,0.0018515586853027,0.0001580715179443,0,1,0,1,0,0,0,0,0,0,0,0,0,0,0,1,0,0,0,0,0,0,0,1,0,0,1.4965398274268675,True,1061,0.005493543895039,hinge,0
glass_1005,0,0.8837209302325582,0.0030961036682128,0.0001606941223144,0,1,1,0,0,0,0,0,0,0,0,0,0,0,0,0,1,0,0,0,0,0,0,1,0,0,0.8205556785351844,False,1062,0.0001149831179449,hinge,0
glass_1005,2,0.8837209302325582,0.0017557144165039,0.0001349449157714,0,1,1,0,0,0,0,0,0,0,0,0,0,0,0,1,0,0,0,0,0,0,0,1,0,0,5.961184595370279,True,1342,0.0057761658438584,hinge,0
glass_1005,2,0.8604651162790697,0.0023939609527587,0.0001351833343505,1,0,0,0,1,0,0,0,0,0,0,0,0,0,0,1,0,0,0,0,0,0,1,0,0,0,0.1650127426694545,False,882,0.0003826723413564,hinge,0
glass_1005,2,0.8604651162790697,0.0024552345275878,0.0001361370086669,0,1,0,1,0,0,0,0,0,0,0,0,0,0,0,1,0,0,0,0,0,0,1,0,0,0,0.2341464428655932,True,799,0.0007417016522375,squared_hinge,0
glass_1005,2,0.8604651162790697,0.0025134086608886,0.0001411437988281,1,0,1,0,0,0,0,0,0,0,0,0,0,0,0,1,0,0,0,0,0,0,1,0,0,0,0.5628460528844252,True,1141,0.0011514840991346,hinge,0
glass_1005,2,0.8604651162790697,0.002432107925415,0.0001380443572998,0,1,1,0,0,0,0,0,0,0,0,0,0,0,0,1,0,0,0,0,0,0,1,0,0,0,1.653308311014435,True,1181,0.0006622794245791,squared_hinge,0
glass_1005,2,0.8604651162790697,0.0025749206542968,0.0001420974731445,0,1,0,0,1,0,0,0,0,0,0,0,0,0,0,1,0,0,0,0,0,0,1,0,0,0,0.7046734930120342,True,1166,0.0018105503247752,hinge,0
glass_1005,2,0.8604651162790697,0.0024027824401855,0.0001349449157714,1,0,0,1,0,0,0,0,0,0,0,0,0,0,0,1,0,0,0,0,0,0,1,0,0,0,5.032808370073671,True,302,0.0046743226367407,hinge,0
glass_1005,4,0.8571428571428571,0.0018889904022216,0.0001344680786132,0,1,0,1,0,0,0,0,0,0,0,0,0,0,0,1,0,0,0,0,0,0,0,1,0,0,0.2662514801249921,True,995,0.0024654958374631,hinge,0
glass_1005,4,0.8571428571428571,0.0032253265380859,0.0001609325408935,0,1,0,0,1,0,0,0,0,0,0,0,0,0,0,1,0,0,0,0,0,0,0,0,0,1,0.3017566651438276,True,1021,0.0003003833648824,hinge,0
backache_463,1,0.9444444444444444,0.0010745525360107,0.0001122951507568,0,1,0,1,0,0,0,1,0,0,0,0,0,0,0,0,0,0,0,1,0,0,0,0,0,0,6.0715347303978,False,1209,0.0068832052362552,hinge,0
backache_463,1,0.9444444444444444,0.0010852813720703,0.0001220703125,0,1,0,0,1,0,0,0,0,0,1,0,0,0,0,0,0,0,0,0,0,1,0,0,0,0,0.8635573910749276,False,675,0.0024491584626837,squared_hinge,0
backache_463,1,0.9444444444444444,0.0010638236999511,0.0001606941223144,0,1,0,0,1,0,0,0,0,0,1,0,0,0,0,0,0,0,0,0,0,0,0,0,1,0,2.0143483222886056,True,1184,0.0001874565874736,hinge,0
backache_463,1,0.9444444444444444,0.0010509490966796,0.0001163482666015,1,0,0,1,0,0,0,1,0,0,0,0,0,0,0,0,0,0,0,1,0,0,0,0,0,0,0.5641688624244369,True,815,0.0028822425145132,hinge,0
backache_463,1,0.9444444444444444,0.0010316371917724,0.000129222869873,1,0,0,0,1,0,0,0,0,0,1,0,0,0,0,0,0,0,0,0,0,1,0,0,0,0,0.5631243053965701,False,979,0.0001169970682627,squared_hinge,0
backache_463,1,0.9444444444444444,0.0018150806427001,0.0001289844512939,1,0,1,0,0,0,0,0,0,0,0,0,0,0,0,1,0,0,0,0,0,0,0,1,0,0,0.1948273452691415,True,1418,0.0017766995067719,hinge,0
backache_463,1,0.9444444444444444,0.0019659996032714,0.0001266002655029,0,1,1,0,0,0,0,0,0,0,0,0,0,0,0,1,0,0,0,0,0,0,1,0,0,0,5.951094960792372,True,1062,0.0070683965082982,hinge,0
backache_463,1,0.9444444444444444,0.0009975433349609,0.0001108646392822,0,1,0,1,0,0,0,0,0,0,1,0,0,0,0,0,0,0,0,0,0,1,0,0,0,0,4.496023184257144,False,1060,0.0014117671259472,hinge,0
backache_463,1,0.9444444444444444,0.0018224716186523,0.0001280307769775,1,0,0,0,1,0,0,0,0,0,0,0,0,0,0,1,0,0,0,0,0,0,0,1,0,0,1.1795455165844917,True,1173,0.0004109251384922,hinge,0
backache_463,1,0.9444444444444444,0.0020437240600585,0.0001966953277587,1,0,0,0,1,0,0,0,0,0,0,0,0,0,0,1,0,0,0,0,0,0,1,0,0,0,0.1195964647414757,False,1212,0.0094754459455019,hinge,0
backache_463,1,0.9444444444444444,0.001800537109375,0.0001249313354492,0,1,1,0,0,0,0,0,0,0,0,0,0,0,0,1,0,0,0,0,0,0,0,1,0,0,0.2818360233735671,False,182,0.0041407566977172,squared_hinge,0
backache_463,1,0.9444444444444444,0.0010442733764648,0.0001099109649658,0,1,0,1,0,0,0,0,0,0,1,0,0,0,0,0,0,0,0,0,0,0,0,0,1,0,0.2414365377737037,False,1260,0.0003131548579603,hinge,0
backache_463,1,0.9444444444444444,0.0011782646179199,0.0001287460327148,1,0,0,1,0,0,0,0,0,0,1,0,0,0,0,0,0,0,0,0,0,0,0,0,1,0,1.1851689886953078,False,1378,0.0001394646932137,hinge,0
backache_463,1,0.9444444444444444,0.0011346340179443,0.0001111030578613,1,0,1,0,0,0,0,0,0,0,1,0,0,0,0,0,0,0,0,0,0,0,0,0,1,0,0.2067872678234894,True,1038,0.00855419359807,hinge,0
backache_463,1,0.9444444444444444,0.0010566711425781,0.0001122951507568,0,1,1,0,0,0,0,1,0,0,0,0,0,0,0,0,0,0,0,1,0,0,0,0,0,0,0.7334759321228607,True,457,0.0001176351611038,hinge,0
backache_463,1,0.9444444444444444,0.001857042312622,0.0001218318939208,1,0,0,1,0,0,0,0,0,0,0,0,0,0,0,1,0,0,0,0,0,0,1,0,0,0,0.2451330147920222,False,787,0.0022539817015413,hinge,0
backache_463,1,0.9444444444444444,0.0009477138519287,0.0001091957092285,1,0,0,0,1,0,0,1,0,0,0,0,0,0,0,0,0,0,0,1,0,0,0,0,0,0,0.3736389774181373,False,650,0.0092544175605637,squared_hinge,0
backache_463,1,0.9444444444444444,0.0012476444244384,0.0001239776611328,1,0,0,0,1,0,0,0,0,0,1,0,0,0,0,0,0,0,0,0,0,0,0,0,1,0,0.4006988165280265,True,1016,0.000308663728261,squared_hinge,0
backache_463,1,0.9444444444444444,0.0018155574798583,0.0001232624053955,0,1,0,0,1,0,0,0,0,0,0,0,0,0,0,1,0,0,0,0,0,0,0,1,0,0,0.2849307316873522,False,1041,0.0071108976024116,hinge,0
backache_463,1,0.9444444444444444,0.0018825531005859,0.0001318454742431,1,0,0,1,0,0,0,0,0,0,0,0,0,0,0,1,0,0,0,0,0,0,0,1,0,0,0.3358858681057231,False,1340,0.0006954173812609,hinge,0
parkinsons_1488,2,0.9743589743589745,0.0017287731170654,0.0001332759857177,0,1,0,0,1,0,0,0,0,0,0,0,1,0,0,0,0,0,0,0,0,0,0,1,0,0,0.2034484231628687,True,1421,0.0002960282930838,squared_hinge,0
parkinsons_1488,2,0.9743589743589745,0.0019798278808593,0.0001418590545654,1,0,0,1,0,0,0,0,0,0,0,0,0,0,0,1,0,0,0,0,0,0,0,0,0,1,3.519380254886016,False,1762,0.0001458650797416,squared_hinge,0
parkinsons_1488,2,0.9743589743589745,0.0019202232360839,0.0001330375671386,0,1,0,0,1,0,0,0,0,0,0,0,0,0,0,1,0,0,0,0,1,0,0,0,0,0,8.818961633716143,False,793,0.0015931679034992,squared_hinge,0
parkinsons_1488,2,0.9743589743589745,0.0020668506622314,0.0001177787780761,0,1,0,0,1,0,0,0,0,0,0,0,0,0,1,0,0,0,0,0,0,0,0,0,0,1,3.6625454066033023,True,1001,0.0024597118480227,hinge,0
parkinsons_1488,2,0.9743589743589745,0.0018184185028076,0.0001258850097656,1,0,0,1,0,0,0,0,0,0,0,0,0,0,0,1,0,0,0,1,0,0,0,0,0,0,0.5406864354126196,True,995,0.0019538125838364,hinge,0
parkinsons_1488,2,0.9743589743589745,0.0021870136260986,0.0001492500305175,1,0,0,0,1,0,0,0,0,0,0,0,0,0,0,1,0,0,0,1,0,0,0,0,0,0,3.256344843481379,True,798,0.0016227693522338,hinge,0
parkinsons_1488,2,0.9743589743589745,0.0018904209136962,0.0001318454742431,0,1,1,0,0,0,0,0,0,0,0,0,0,0,0,1,0,0,0,0,0,0,0,0,1,0,0.1335963633758518,True,1084,0.0017472352357172,hinge,0
parkinsons_1488,2,0.9743589743589745,0.0018591880798339,0.000124454498291,0,1,0,1,0,0,0,0,0,0,0,0,0,0,0,1,0,0,0,1,0,0,0,0,0,0,0.5096961513140527,False,1224,0.0010614230531997,hinge,0
parkinsons_1488,2,0.9743589743589745,0.0021440982818603,0.0001206398010253,1,0,1,0,0,0,0,0,0,0,0,0,0,0,1,0,0,0,0,0,0,0,0,0,1,0,0.6218883641072562,True,1693,0.000267985889509,hinge,0
parkinsons_1488,2,0.9743589743589745,0.0021002292633056,0.0001277923583984,1,0,0,0,1,0,0,0,0,0,0,0,0,0,1,0,0,0,0,0,0,0,0,0,1,0,0.1060540968213258,False,1189,0.0016262491283343,hinge,0
parkinsons_1488,2,0.9743589743589745,0.0017869472503662,0.0001273155212402,1,0,1,0,0,0,0,0,0,0,0,0,0,0,0,1,0,0,0,1,0,0,0,0,0,0,7.947432898602099,True,677,0.005960224861061,squared_hinge,0
parkinsons_1488,2,0.9743589743589745,0.001101016998291,0.000110387802124,1,0,0,0,1,0,1,0,0,0,0,0,0,0,0,0,0,0,0,0,0,0,0,1,0,0,0.8491315383907135,False,600,0.0001081725590191,hinge,0
parkinsons_1488,2,0.9743589743589745,0.0024800300598144,0.0001366138458251,0,1,1,0,0,0,0,0,0,0,0,0,1,0,0,0,0,0,0,0,0,0,0,0,1,0,9.45594975817059,True,755,0.0092227968341308,hinge,0
parkinsons_1488,2,0.9743589743589745,0.0017969608306884,0.0001277923583984,0,1,0,1,0,0,0,0,0,0,0,0,0,0,0,1,0,0,0,0,0,0,0,0,1,0,0.361617249621639,True,1202,0.0088198184507705,hinge,0
parkinsons_1488,2,0.9743589743589745,0.0017066001892089,0.0001311302185058,0,1,1,0,0,0,0,0,0,0,0,0,1,0,0,0,0,0,0,0,0,0,0,1,0,0,9.075344057394403,True,1022,0.0003414666090169,hinge,0
parkinsons_1488,2,0.9743589743589745,0.0020463466644287,0.0001180171966552,1,0,0,1,0,0,0,0,0,0,0,0,0,0,1,0,0,0,0,0,0,0,0,0,1,0,1.684088785833778,True,613,0.000705148596098,hinge,0
parkinsons_1488,2,0.9743589743589745,0.0026075839996337,0.0001299381256103,1,0,0,1,0,0,0,0,0,0,0,0,1,0,0,0,0,0,0,0,0,0,0,0,1,0,0.6799026449403683,True,740,0.0013494720138696,squared_hinge,0
parkinsons_1488,2,0.9743589743589745,0.0020508766174316,0.0001318454742431,1,0,0,0,1,0,0,0,0,0,0,0,1,0,0,0,0,0,0,0,0,0,1,0,0,0,4.623279852457,True,1325,0.0049120629977284,hinge,0
parkinsons_1488,2,0.9743589743589745,0.001737356185913,0.0001211166381835,0,1,0,0,1,0,0,0,0,0,0,0,0,0,0,1,0,0,0,0,0,0,0,0,0,1,1.21186033448353,False,1386,0.0001324303016797,squared_hinge,0
parkinsons_1488,2,0.9743589743589745,0.0020661354064941,0.0001499652862548,1,0,0,0,1,0,0,0,0,0,0,0,0,0,0,1,0,0,0,0,0,0,0,0,0,1,4.503167952928183,True,339,0.0002841252780426,hinge,0
PieChart1_1451,3,0.950354609929078,0.0158896446228027,0.0002789497375488,0,1,0,1,0,0,0,0,0,0,0,0,0,0,1,0,0,0,0,1,0,0,0,0,0,0,1.0270282571798122,False,1083,0.0020904316562961,hinge,0
PieChart1_1451,3,0.950354609929078,0.0162198543548584,0.000274658203125,0,1,0,0,1,0,0,0,0,0,0,0,0,0,1,0,0,0,0,1,0,0,0,0,0,0,0.6872317340579279,False,1257,0.0001328210428385,hinge,0
PieChart1_1451,3,0.950354609929078,0.0162372589111328,0.0002944469451904,1,0,0,1,0,0,0,0,0,0,0,0,0,0,1,0,0,0,0,1,0,0,0,0,0,0,1.6457139914383254,True,901,0.0061001076421918,hinge,0
PieChart1_1451,3,0.950354609929078,0.0159072875976562,0.0002882480621337,1,0,1,0,0,0,0,0,0,0,0,0,0,0,1,0,0,0,0,1,0,0,0,0,0,0,3.256265745692611,False,1311,0.0059244953481355,hinge,0
PieChart1_1451,3,0.950354609929078,0.015909194946289,0.0002574920654296,1,0,0,0,1,0,0,0,0,0,0,0,0,0,1,0,0,0,0,1,0,0,0,0,0,0,0.1242228232579526,True,1532,0.0001574838610783,hinge,0
PieChart1_1451,3,0.950354609929078,0.0164110660552978,0.0002815723419189,0,1,1,0,0,0,0,0,0,0,0,0,0,0,1,0,0,0,0,1,0,0,0,0,0,0,0.6397756438669426,False,1310,0.0006775643839868,hinge,0
PieChart1_1451,1,0.9361702127659576,0.0012910366058349,0.0001122951507568,1,0,1,0,0,0,0,0,0,0,0,0,0,0,0,0,0,0,1,0,0,0,0,0,0,1,0.2175207362574672,True,1129,0.0010482475074654,hinge,0
PieChart1_1451,1,0.9361702127659576,0.0012674331665039,0.0001156330108642,0,1,1,0,0,0,0,1,0,0,0,0,0,0,0,0,0,0,0,1,0,0,0,0,0,0,7.937354397491629,True,736,0.0019853795068604,hinge,0
PieChart1_1451,1,0.9361702127659576,0.001312255859375,0.0001273155212402,0,1,1,0,0,0,0,0,1,0,0,0,0,0,0,0,0,0,0,0,0,0,0,0,1,0,8.792075081824802,True,1517,0.0012140132026438,hinge,0
PieChart1_1451,1,0.9361702127659576,0.0014493465423583,0.0001299381256103,1,0,0,0,1,0,0,0,0,0,0,0,0,0,0,0,0,0,1,0,0,0,0,0,0,1,6.600850514875763,True,720,0.0001006100158898,hinge,0
PieChart1_1451,3,0.9361702127659576,0.004983901977539,0.0002493858337402,0,1,0,1,0,0,0,0,0,0,0,0,1,0,0,0,0,0,0,0,0,0,0,0,0,1,1.0617339719204326,False,1167,0.000181496900839,squared_hinge,0
PieChart1_1451,1,0.9361702127659576,0.0012729167938232,0.0001261234283447,1,0,0,1,0,0,0,1,0,0,0,0,0,0,0,0,0,0,0,1,0,0,0,0,0,0,3.2496993379674946,True,815,0.0046232319898656,squared_hinge,0
PieChart1_1451,3,0.9361702127659576,0.0043902397155761,0.0001928806304931,0,1,1,0,0,0,0,0,0,0,0,0,0,0,0,1,0,0,0,0,0,1,0,0,0,0,6.985998200224757,True,692,0.0037724058979913,hinge,0
PieChart1_1451,1,0.9361702127659576,0.0013465881347656,0.0001220703125,0,1,1,0,0,0,0,0,0,0,0,0,0,0,0,0,0,1,0,0,0,0,1,0,0,0,5.53586231642092,True,1401,0.0001081814038997,hinge,0
PieChart1_1451,1,0.9361702127659576,0.0043385028839111,0.0001447200775146,1,0,1,0,0,0,0,0,0,0,0,0,1,0,0,0,0,0,0,1,0,0,0,0,0,0,1.1787098560713103,True,1420,0.0001070742722304,hinge,0
PieChart1_1451,1,0.9361702127659576,0.0012238025665283,0.0001094341278076,0,1,0,0,1,0,0,0,0,0,0,0,0,0,0,0,0,0,1,0,0,0,0,0,0,1,0.1985225264677332,True,676,0.0050384425843169,hinge,0
PieChart1_1451,1,0.9361702127659576,0.001225471496582,0.0001122951507568,1,0,0,1,0,0,0,0,0,0,0,0,0,0,0,0,0,1,0,0,0,0,1,0,0,0,6.600296871833,True,1147,0.0005279663320882,hinge,0
PieChart1_1451,1,0.9361702127659576,0.0013079643249511,0.0001139640808105,0,1,0,1,0,0,0,0,1,0,0,0,0,0,0,0,0,0,0,1,0,0,0,0,0,0,4.376686968812459,True,957,0.0006509090215186,squared_hinge,0
PieChart1_1451,3,0.9361702127659576,0.0041339397430419,0.000162124633789,1,0,0,0,1,0,0,0,0,0,0,0,1,0,0,0,0,0,0,0,0,0,0,0,0,1,0.6347326599976215,True,648,0.007734067944227,hinge,0
PieChart1_1451,1,0.9361702127659576,0.0012552738189697,0.0001146793365478,0,1,0,0,1,0,0,1,0,0,0,0,0,0,0,0,0,0,0,1,0,0,0,0,0,0,0.8480554664626574,True,735,0.0062233303946474,hinge,0
bridges_327,0,0.9047619047619048,0.0033648014068603,0.0001192092895507,0,1,0,1,0,0,0,0,0,0,0,0,0,1,0,0,0,0,0,1,0,0,0,0,0,0,9.514652549498395,True,884,0.0006041803589031,hinge,0
bridges_327,0,0.9047619047619048,0.0032124519348144,0.0001156330108642,0,1,0,1,0,0,0,0,0,1,0,0,0,0,0,0,0,0,0,1,0,0,0,0,0,0,1.595088260706637,True,1076,0.0039551484610251,hinge,0
bridges_327,0,0.9047619047619048,0.003096580505371,0.0001187324523925,0,1,0,0,1,0,0,0,0,0,1,0,0,0,0,0,0,0,0,1,0,0,0,0,0,0,0.2182171809587785,True,1606,0.0008073206250412,squared_hinge,0
bridges_327,0,0.9047619047619048,0.0034980773925781,0.0001196861267089,0,1,0,1,0,0,1,0,0,0,0,0,0,0,0,0,0,0,0,0,0,1,0,0,0,0,0.2123915408392303,False,1308,0.000723400481114,squared_hinge,0
bridges_327,0,0.8571428571428571,0.006324291229248,0.0001387596130371,0,1,0,1,0,0,0,0,0,0,0,0,1,0,0,0,0,0,0,0,0,0,0,0,1,0,0.1348636453881582,True,1078,0.0001093356592578,hinge,0
bridges_327,4,0.8571428571428571,0.0059311389923095,0.0001485347747802,0,1,0,1,0,0,0,0,0,0,0,0,0,0,0,1,0,0,0,0,0,0,0,0,1,0,1.498232023687404,True,967,0.0038638129550861,hinge,0
bridges_327,4,0.8571428571428571,0.0057451725006103,0.0001454353332519,0,1,0,0,1,0,0,0,0,0,0,0,1,0,0,0,0,0,0,0,0,0,1,0,0,0,0.1131668557369848,True,513,0.0041246254501351,squared_hinge,0
bridges_327,4,0.8571428571428571,0.0059549808502197,0.0001494884490966,0,1,0,1,0,0,0,0,0,0,0,0,0,0,0,1,0,0,0,0,1,0,0,0,0,0,4.302931354872055,True,814,0.0033781060832085,hinge,0
bridges_327,0,0.8571428571428571,0.003854751586914,0.0001418590545654,0,1,0,0,1,0,0,0,0,0,0,1,0,0,0,0,0,0,0,1,0,0,0,0,0,0,0.4331184706318854,True,1342,0.0085136002473852,hinge,0
bridges_327,4,0.8571428571428571,0.0059442520141601,0.0001473426818847,0,1,0,1,0,0,0,0,0,0,0,0,0,0,0,1,0,0,0,1,0,0,0,0,0,0,0.4840521261050842,False,1285,0.0001246408319181,hinge,0
bridges_327,4,0.8571428571428571,0.005955696105957,0.0001478195190429,0,1,0,1,0,0,0,0,0,0,0,0,0,0,0,1,0,0,0,0,0,0,0,0,0,1,3.3240631983552884,True,619,0.008586662868159,squared_hinge,0
bridges_327,0,0.8571428571428571,0.0029561519622802,0.0001170635223388,0,1,0,0,1,0,0,0,0,0,1,0,0,0,0,0,0,0,0,0,0,0,0,1,0,0,0.1626984256466062,False,913,0.0052109369087775,squared_hinge,0
bridges_327,4,0.8095238095238095,0.003368854522705,0.0001237392425537,0,1,0,1,0,0,0,0,0,1,0,0,0,0,0,0,0,0,0,1,0,0,0,0,0,0,1.1393855038980052,False,600,0.0001718657489619,squared_hinge,0
bridges_327,0,0.8095238095238095,0.003030776977539,0.0001194477081298,0,1,0,0,1,0,0,0,0,0,1,0,0,0,0,0,0,0,0,0,0,0,0,0,1,0,0.5493616087826149,False,1210,0.0001214421119717,hinge,0
bridges_327,4,0.8095238095238095,0.0124602317810058,0.000166893005371,0,1,0,1,0,0,0,0,0,0,0,0,0,0,1,0,0,0,0,1,0,0,0,0,0,0,0.159116337251334,False,1120,0.000109940356551,squared_hinge,0
bridges_327,0,0.8095238095238095,0.003131628036499,0.0001266002655029,0,1,0,1,0,0,0,0,0,0,1,0,0,0,0,0,0,0,0,0,0,0,0,0,1,0,0.3933253978239587,True,571,0.0001711602420376,squared_hinge,0
bridges_327,4,0.8095238095238095,0.0121626853942871,0.000138521194458,0,1,0,1,0,0,0,0,0,0,0,0,0,0,1,0,0,0,0,0,0,0,0,1,0,0,1.810338878722692,True,1181,0.0043558027771845,hinge,0
bridges_327,0,0.8095238095238095,0.0046348571777343,0.0001862049102783,0,1,0,1,0,1,0,0,0,0,0,0,0,0,0,0,0,0,0,0,0,0,0,1,0,0,2.1199045315421547,True,1264,0.0005503613160835,squared_hinge,0
bridges_327,4,0.8095238095238095,0.0031530857086181,0.0001792907714843,0,1,0,1,0,0,0,0,0,0,1,0,0,0,0,0,0,0,0,0,0,0,1,0,0,0,0.1788358463659,True,1229,0.0017498586516367,hinge,0
bridges_327,0,0.8095238095238095,0.0051298141479492,0.0001325607299804,0,1,0,0,1,0,0,0,0,0,0,0,1,0,0,0,0,0,0,1,0,0,0,0,0,0,7.538231105656967,True,928,0.0006132217923347,squared_hinge,0
bwin_amlb_45717,2,0.7075471698113207,0.0025076866149902,0.0001881122589111,0,1,0,1,0,0,0,0,0,0,0,0,0,0,0,0,1,0,0,0,0,0,0,0,0,1,0.2326938994565879,True,1179,0.0013911999466527,squared_hinge,0
bwin_amlb_45717,2,0.7075471698113207,0.0038478374481201,0.0001814365386962,0,1,0,1,0,0,0,0,0,0,0,0,1,0,0,0,0,0,0,0,0,0,0,1,0,0,2.120025676181266,False,1289,0.0003600365496811,hinge,0
bwin_amlb_45717,2,0.7075471698113207,0.0012989044189453,0.0001485347747802,0,1,1,0,0,0,0,0,0,0,1,0,0,0,0,0,0,0,0,0,0,0,1,0,0,0,0.4476030911835744,False,359,0.0062622405960607,squared_hinge,0
bwin_amlb_45717,2,0.7075471698113207,0.0044083595275878,0.0002424716949462,1,0,0,1,0,0,0,0,0,0,0,0,1,0,0,0,0,0,0,0,0,0,0,1,0,0,2.543627150305212,True,1192,0.0017256093207843,hinge,0
bwin_amlb_45717,2,0.7075471698113207,0.0022218227386474,0.0001559257507324,0,1,0,0,1,0,0,0,0,0,0,0,0,0,0,0,1,0,0,0,0,0,0,0,0,1,4.230096658952268,True,439,0.0008523971444284,hinge,0
bwin_amlb_45717,2,0.7075471698113207,0.001359224319458,0.0001502037048339,1,0,0,0,1,0,0,0,0,0,1,0,0,0,0,0,0,0,0,0,0,0,1,0,0,0,0.1450338398856507,False,851,0.0003582580272536,hinge,0
bwin_amlb_45717,2,0.7075471698113207,0.0011017322540283,0.000140905380249,0,1,1,0,0,0,0,0,0,0,1,0,0,0,0,0,0,0,0,0,0,1,0,0,0,0,3.926515773032568,False,929,0.0003919628444423,hinge,0
bwin_amlb_45717,2,0.7075471698113207,0.0014231204986572,0.0001745223999023,1,0,1,0,0,0,0,0,0,0,0,0,0,1,0,0,0,0,0,1,0,0,0,0,0,0,0.1746001396002613,True,1173,0.0024659163965741,hinge,0
bwin_amlb_45717,2,0.7075471698113207,0.0015852451324462,0.000213623046875,0,1,1,0,0,0,0,0,0,1,0,0,0,0,0,0,0,0,0,1,0,0,0,0,0,0,1.0911318107506391,False,973,0.0006607281954699,squared_hinge,0
bwin_amlb_45717,2,0.7075471698113207,0.0031285285949707,0.0001516342163085,1,0,1,0,0,0,0,0,0,0,0,0,0,0,1,0,0,0,0,0,0,0,0,1,0,0,0.4742458728584292,True,1210,0.0013474407350253,hinge,0
bwin_amlb_45717,2,0.7075471698113207,0.0012643337249755,0.0001661777496337,0,1,0,0,1,0,0,0,0,0,0,0,0,1,0,0,0,0,0,1,0,0,0,0,0,0,0.4113114011475638,True,851,0.0094380684633432,hinge,0
bwin_amlb_45717,2,0.7075471698113207,0.001305341720581,0.0001485347747802,1,0,0,1,0,0,0,0,0,0,0,0,0,1,0,0,0,0,0,1,0,0,0,0,0,0,0.2015580320614014,True,1203,0.0004285868994608,hinge,0
bwin_amlb_45717,2,0.7075471698113207,0.0015654563903808,0.0001678466796875,1,0,0,1,0,0,0,0,0,1,0,0,0,0,0,0,0,0,0,1,0,0,0,0,0,0,2.255562988982601,True,1148,0.0006592330617799,squared_hinge,0
bwin_amlb_45717,0,0.7075471698113207,0.0024757385253906,0.0008618831634521,1,0,0,0,1,0,0,0,0,0,0,1,0,0,0,0,0,0,0,0,1,0,0,0,0,0,0.4030765017054973,True,1070,0.000439765116021,hinge,0
bwin_amlb_45717,2,0.7075471698113207,0.0030970573425292,0.0001788139343261,0,1,0,1,0,0,0,0,0,0,0,0,0,0,1,0,0,0,0,0,0,0,0,1,0,0,1.0256561243112905,True,896,0.0001512444114951,squared_hinge,0
bwin_amlb_45717,2,0.7075471698113207,0.0012664794921875,0.0001463890075683,0,1,0,1,0,0,0,0,0,0,0,0,0,1,0,0,0,0,0,1,0,0,0,0,0,0,0.107217906271612,True,937,0.0075961376686702,squared_hinge,0
bwin_amlb_45717,2,0.7075471698113207,0.0016136169433593,0.0001718997955322,1,0,1,0,0,0,0,0,0,1,0,0,0,0,0,0,0,0,0,1,0,0,0,0,0,0,1.616424583895883,True,985,0.0031666929999377,hinge,0
bwin_amlb_45717,2,0.7075471698113207,0.0041203498840332,0.0002048015594482,0,1,0,0,1,0,0,0,0,0,0,0,1,0,0,0,0,0,0,0,0,0,0,1,0,0,2.261839408518968,True,777,0.0016858357333475,hinge,0
bwin_amlb_45717,2,0.7075471698113207,0.0015761852264404,0.0001673698425292,0,1,0,0,1,0,0,0,0,1,0,0,0,0,0,0,0,0,0,1,0,0,0,0,0,0,0.1332530951242619,False,980,0.0001116703151387,squared_hinge,0
bwin_amlb_45717,2,0.7075471698113207,0.0031497478485107,0.0002243518829345,1,0,0,1,0,0,0,0,0,0,0,0,0,0,1,0,0,0,0,0,0,0,0,1,0,0,1.1615651161942453,False,1089,0.0046398408762047,hinge,0
analcatdata_authorship_458,4,1.0,0.006068468093872,0.0001370906829833,0,1,0,0,1,0,0,0,0,0,1,0,0,0,0,0,0,0,0,0,0,0,0,1,0,0,2.682312209153982,True,1014,0.0001391984479768,hinge,0
analcatdata_authorship_458,0,1.0,0.0088300704956054,0.0001840591430664,0,1,0,0,1,0,0,0,0,1,0,0,0,0,0,0,0,0,0,0,0,0,0,1,0,0,0.1919339775005352,True,686,0.0001809124056837,hinge,0
analcatdata_authorship_458,4,1.0,0.0083913803100585,0.0001797676086425,0,1,0,0,1,0,0,0,0,1,0,0,0,0,0,0,0,0,0,0,0,0,0,1,0,0,0.1223392427747711,True,921,0.0001494371705757,hinge,0
analcatdata_authorship_458,0,1.0,0.013118028640747,0.0014894008636474,1,0,1,0,0,0,0,0,0,0,0,1,0,0,0,0,0,0,0,0,1,0,0,0,0,0,0.243794408145635,True,1021,0.0001962265115859,hinge,0
analcatdata_authorship_458,3,1.0,0.2384140491485595,0.0007641315460205,1,0,1,0,0,0,0,0,0,0,0,0,0,0,1,0,0,0,0,0,1,0,0,0,0,0,0.5050232488806169,False,871,0.001884475528459,hinge,0
analcatdata_authorship_458,2,1.0,0.0117125511169433,0.001683235168457,1,0,1,0,0,0,0,0,0,0,0,1,0,0,0,0,0,0,0,0,1,0,0,0,0,0,0.7130760942554533,False,1062,0.0001453783846148,squared_hinge,0
analcatdata_authorship_458,3,1.0,0.0113980770111083,0.0012197494506835,1,0,1,0,0,0,0,0,0,0,0,1,0,0,0,0,0,0,0,0,1,0,0,0,0,0,0.1398614257310458,False,847,0.0018611035990962,squared_hinge,0
analcatdata_authorship_458,4,1.0,0.0118651390075683,0.0011682510375976,1,0,1,0,0,0,0,0,0,0,0,1,0,0,0,0,0,0,0,0,1,0,0,0,0,0,9.090854879216549,False,1052,0.0035746860827379,hinge,0
analcatdata_authorship_458,0,1.0,0.0434896945953369,0.001007080078125,1,0,1,0,0,0,0,0,0,0,0,0,0,1,0,0,0,0,0,0,1,0,0,0,0,0,2.392429482369693,True,1201,0.0008248824782015,hinge,0
analcatdata_authorship_458,2,1.0,0.2835166454315185,0.0007495880126953,1,0,1,0,0,0,0,0,0,0,0,0,0,0,1,0,0,0,0,0,1,0,0,0,0,0,0.1851277965962662,True,895,0.0018919195781671,hinge,0
analcatdata_authorship_458,2,1.0,0.0086548328399658,0.0001797676086425,0,1,0,0,1,0,0,0,0,1,0,0,0,0,0,0,0,0,0,0,0,0,0,1,0,0,3.9346251302777047,False,1111,0.0005101226219943,squared_hinge,0
analcatdata_authorship_458,3,1.0,0.0220317840576171,0.0002470016479492,1,0,1,0,0,0,0,0,0,0,0,0,0,1,0,0,0,0,0,0,1,0,0,0,0,0,0.4363248309643199,True,1358,0.0031248805057992,hinge,0
analcatdata_authorship_458,3,1.0,0.0086143016815185,0.0007362365722656,0,1,0,0,1,0,0,0,0,1,0,0,0,0,0,0,0,0,0,0,0,0,0,1,0,0,0.562715763190346,False,951,0.0094157934055267,hinge,0
analcatdata_authorship_458,0,1.0,0.0127336978912353,0.0001933574676513,1,0,1,0,0,0,1,0,0,0,0,0,0,0,0,0,0,0,0,0,1,0,0,0,0,0,0.1396192145895324,False,1191,0.0004792817576716,hinge,0
analcatdata_authorship_458,2,1.0,0.0117864608764648,0.0001888275146484,1,0,1,0,0,0,1,0,0,0,0,0,0,0,0,0,0,0,0,0,1,0,0,0,0,0,0.7010882522235227,True,832,0.0016536138951749,hinge,0
analcatdata_authorship_458,4,1.0,0.1097378730773925,0.0007047653198242,0,1,1,0,0,0,0,0,0,0,0,0,0,0,1,0,0,0,0,0,0,0,1,0,0,0,0.1430799262181785,False,1075,0.0087732898385911,hinge,0
analcatdata_authorship_458,2,1.0,0.0117895603179931,0.0001792907714843,0,1,0,0,1,0,1,0,0,0,0,0,0,0,0,0,0,0,0,0,0,0,0,1,0,0,2.2936416253618592,True,898,0.0001157920099559,squared_hinge,0
analcatdata_authorship_458,0,1.0,0.0124025344848632,0.0001871585845947,0,1,0,0,1,0,1,0,0,0,0,0,0,0,0,0,0,0,0,0,0,0,0,1,0,0,0.4861107366633408,True,435,0.0003621411971398,hinge,0
analcatdata_authorship_458,2,1.0,0.1692616939544677,0.0007250308990478,0,1,0,0,1,0,0,0,0,0,0,0,0,0,1,0,0,0,0,0,0,0,0,1,0,0,0.3913811063360279,False,1439,0.0002095888890288,hinge,0
analcatdata_authorship_458,3,1.0,0.1732673645019531,0.0006725788116455,0,1,0,0,1,0,0,0,0,0,0,0,0,0,1,0,0,0,0,0,0,0,0,1,0,0,1.980124229164592,True,893,0.0016485004416111,hinge,0
Loan-Predication_43595,2,0.8455284552845529,0.0015337467193603,0.0001707077026367,0,1,0,1,0,0,0,0,0,0,0,0,0,0,0,0,0,1,0,0,1,0,0,0,0,0,2.378058880923451,True,1144,0.0002263903117987,squared_hinge,0
Loan-Predication_43595,2,0.8455284552845529,0.0014083385467529,0.0001084804534912,0,1,0,1,0,0,0,0,1,0,0,0,0,0,0,0,0,0,0,0,1,0,0,0,0,0,1.894604167417325,True,929,0.0004242080793148,squared_hinge,0
Loan-Predication_43595,2,0.8455284552845529,0.0012128353118896,0.0001084804534912,0,1,0,1,0,0,0,0,1,0,0,0,0,0,0,0,0,0,0,0,0,0,0,0,0,1,3.7792169672465943,False,685,0.0007368351115682,squared_hinge,0
Loan-Predication_43595,2,0.8455284552845529,0.0013735294342041,0.0001251697540283,0,1,0,0,1,0,0,0,0,0,0,0,0,0,0,0,0,1,0,0,1,0,0,0,0,0,1.890539958211377,False,1377,0.0001281626881115,hinge,0
Loan-Predication_43595,2,0.8455284552845529,0.0013632774353027,0.0001280307769775,0,1,0,0,1,0,0,0,1,0,0,0,0,0,0,0,0,0,0,0,1,0,0,0,0,0,7.765959583798349,False,1199,0.0003922229290604,squared_hinge,0
Loan-Predication_43595,2,0.8455284552845529,0.0013980865478515,0.0001425743103027,0,1,0,1,0,0,0,0,1,0,0,0,0,0,0,0,0,0,0,1,0,0,0,0,0,0,1.3565746221761463,True,742,0.0002828499612828,hinge,0
Loan-Predication_43595,2,0.8455284552845529,0.0013775825500488,0.0001113414764404,0,1,0,0,1,0,0,0,1,0,0,0,0,0,0,0,0,0,0,0,0,0,0,0,1,0,5.885588554696168,False,1248,0.0007237289230359,squared_hinge,0
Loan-Predication_43595,2,0.8455284552845529,0.0014460086822509,0.0001173019409179,0,1,0,1,0,0,0,0,0,0,0,0,0,0,0,0,0,1,0,1,0,0,0,0,0,0,8.362842669878534,False,1484,0.0099096074405821,hinge,0
Loan-Predication_43595,2,0.8455284552845529,0.0013606548309326,0.0001208782196044,0,1,0,1,0,1,0,0,0,0,0,0,0,0,0,0,0,0,0,1,0,0,0,0,0,0,0.2125128827149973,True,1086,0.0099041886728553,hinge,0
Loan-Predication_43595,2,0.8455284552845529,0.0014777183532714,0.000115156173706,0,1,0,0,1,0,0,0,0,0,1,0,0,0,0,0,0,0,0,0,0,0,0,0,1,0,2.2572250042961506,False,1286,0.0002325248995173,hinge,0
Loan-Predication_43595,2,0.8455284552845529,0.0013296604156494,0.000115156173706,0,1,0,1,0,1,0,0,0,0,0,0,0,0,0,0,0,0,0,0,0,0,0,0,0,1,2.0525569211461483,False,1404,0.0027062062885485,hinge,0
Loan-Predication_43595,2,0.8455284552845529,0.0012838840484619,0.0001084804534912,0,1,0,0,1,0,0,0,0,0,0,0,0,0,0,0,0,1,0,0,0,0,0,0,1,0,5.482591210736066,True,765,0.0060711097831966,squared_hinge,0
Loan-Predication_43595,2,0.8455284552845529,0.0082514286041259,0.0001769065856933,0,1,0,0,1,0,0,0,0,0,0,0,1,0,0,0,0,0,0,1,0,0,0,0,0,0,0.4720909920958802,False,1180,0.0010976960374472,hinge,0
Loan-Predication_43595,2,0.8455284552845529,0.0014379024505615,0.0001170635223388,0,1,0,0,1,0,0,0,0,0,0,0,0,0,0,0,0,1,0,1,0,0,0,0,0,0,0.6136723227754659,True,591,0.0030174330214004,squared_hinge,0
Loan-Predication_43595,2,0.8455284552845529,0.0013837814331054,0.0001394748687744,0,1,0,0,1,0,0,0,1,0,0,0,0,0,0,0,0,0,0,1,0,0,0,0,0,0,0.1242528171564502,True,976,0.0006754376440826,hinge,0
Loan-Predication_43595,2,0.8455284552845529,0.0014944076538085,0.000150442123413,0,1,0,1,0,0,0,0,1,0,0,0,0,0,0,0,0,0,0,0,0,0,0,0,1,0,3.4084302753514453,True,848,0.0015771979444917,hinge,0
Loan-Predication_43595,2,0.8455284552845529,0.0012619495391845,0.0001161098480224,0,1,0,1,0,0,0,0,0,0,1,0,0,0,0,0,0,0,0,1,0,0,0,0,0,0,0.340811712068109,True,862,0.0008368914545044,hinge,0
Loan-Predication_43595,2,0.8455284552845529,0.0015459060668945,0.000115156173706,0,1,0,1,0,1,0,0,0,0,0,0,0,0,0,0,0,0,0,0,0,0,0,0,1,0,7.209881751826678,False,755,0.0004022273960881,squared_hinge,0
Loan-Predication_43595,2,0.8455284552845529,0.0011937618255615,0.0001125335693359,0,1,0,0,1,0,0,0,0,0,1,0,0,0,0,0,0,0,0,0,0,0,0,0,0,1,2.118725119305133,False,736,0.0001967714528067,hinge,0
Loan-Predication_43595,2,0.8455284552845529,0.0013563632965087,0.0001134872436523,0,1,0,0,1,1,0,0,0,0,0,0,0,0,0,0,0,0,0,0,0,0,0,0,0,1,0.4626552663555872,True,663,0.0003831412265228,squared_hinge,0
xd6_40693,2,1.0,0.0101065635681152,0.0001518726348876,1,0,1,0,0,0,0,0,0,0,0,0,1,0,0,0,0,0,0,0,1,0,0,0,0,0,4.332304769636684,False,503,0.0057775347727027,squared_hinge,0
xd6_40693,1,1.0,0.0081908702850341,0.0001640319824218,1,0,1,0,0,0,0,0,0,0,0,0,1,0,0,0,0,0,0,0,1,0,0,0,0,0,4.31199115619237,False,881,0.0063542382100141,hinge,0
xd6_40693,0,1.0,0.0104570388793945,0.0001986026763916,1,0,1,0,0,0,0,0,0,0,0,0,1,0,0,0,0,0,0,0,1,0,0,0,0,0,0.2104347679320423,True,576,0.0052792438929461,squared_hinge,0
xd6_40693,4,1.0,0.0046861171722412,0.0001304149627685,1,0,1,0,0,0,0,0,0,0,0,0,0,0,1,0,0,0,0,0,1,0,0,0,0,0,1.212579297527,True,776,0.0003839796480903,hinge,0
xd6_40693,4,1.0,0.002526044845581,0.0001540184020996,0,1,0,0,1,0,0,0,0,0,0,0,0,0,0,1,0,0,0,0,0,0,0,1,0,0,0.1047810249144429,True,714,0.006131217527141,hinge,0
xd6_40693,3,1.0,0.0025157928466796,0.000154972076416,0,1,0,0,1,0,0,0,0,0,0,0,0,0,0,1,0,0,0,0,0,0,0,1,0,0,0.4877088819909733,False,566,0.0002085579696573,hinge,0
xd6_40693,2,1.0,0.0027647018432617,0.0001807212829589,0,1,0,0,1,0,0,0,0,0,0,0,0,0,0,1,0,0,0,0,0,0,0,1,0,0,2.447877933931017,False,1092,0.0052023456312134,squared_hinge,0
xd6_40693,3,1.0,0.0044636726379394,0.0001332759857177,1,0,1,0,0,0,0,0,0,0,0,0,0,0,1,0,0,0,0,0,1,0,0,0,0,0,0.4572848809425787,True,1025,0.0003543878935685,hinge,0
xd6_40693,2,1.0,0.0050997734069824,0.000129222869873,1,0,1,0,0,0,0,0,0,0,0,0,0,0,1,0,0,0,0,0,1,0,0,0,0,0,0.1853236040197022,True,1073,0.0020268160488401,squared_hinge,0
xd6_40693,1,1.0,0.002753734588623,0.0001609325408935,1,0,1,0,0,0,0,0,0,0,0,0,0,0,0,1,0,0,0,0,1,0,0,0,0,0,1.4277065570120002,False,1013,0.0031915745599004,squared_hinge,0
xd6_40693,2,1.0,0.0025703907012939,0.0001506805419921,1,0,1,0,0,0,0,0,0,0,0,0,0,0,0,1,0,0,0,0,1,0,0,0,0,0,8.375348616065493,True,1187,0.0001428458273672,hinge,0
xd6_40693,3,1.0,0.0024871826171875,0.000152587890625,1,0,1,0,0,0,0,0,0,0,0,0,0,0,0,1,0,0,0,0,1,0,0,0,0,0,0.6697115522516369,True,931,0.0003787477666095,squared_hinge,0
xd6_40693,4,1.0,0.0025017261505126,0.0002193450927734,1,0,1,0,0,0,0,0,0,0,0,0,0,0,0,1,0,0,0,0,1,0,0,0,0,0,6.854954825959622,True,1472,0.0018065008359196,hinge,0
xd6_40693,1,1.0,0.0050058364868164,0.0001235008239746,1,0,1,0,0,0,0,0,0,0,0,0,0,0,1,0,0,0,0,0,1,0,0,0,0,0,6.472807954641645,False,593,0.0015885306704646,hinge,0
xd6_40693,0,1.0,0.0048010349273681,0.0001325607299804,1,0,1,0,0,0,0,0,0,0,0,0,0,0,1,0,0,0,0,0,1,0,0,0,0,0,2.1727477604589,False,554,0.0059404044889875,squared_hinge,0
xd6_40693,0,1.0,0.0026667118072509,0.0001583099365234,1,0,0,0,1,0,0,0,0,0,0,0,0,0,0,1,0,0,0,0,1,0,0,0,0,0,0.1382790381229399,False,363,0.0019889509707603,hinge,0
xd6_40693,1,1.0,0.0026819705963134,0.0001595020294189,1,0,0,0,1,0,0,0,0,0,0,0,0,0,0,1,0,0,0,0,1,0,0,0,0,0,2.030865060487865,True,439,0.0002561742474155,hinge,0
xd6_40693,4,1.0,0.0060691833496093,0.0001626014709472,1,0,0,0,1,0,0,0,0,0,0,0,1,0,0,0,0,0,0,0,0,0,0,0,0,1,1.5208725738446358,True,862,0.0036622077824114,squared_hinge,0
xd6_40693,0,1.0,0.0030446052551269,0.0001518726348876,1,0,0,0,1,0,0,0,0,0,0,0,0,0,1,0,0,0,0,0,0,0,0,0,0,1,1.454760603983925,False,922,0.0082504359897886,hinge,0
xd6_40693,1,1.0,0.0028657913208007,0.0001285076141357,1,0,0,0,1,0,0,0,0,0,0,0,0,0,1,0,0,0,0,0,0,0,0,0,0,1,0.4751843915680548,False,1287,0.0020004978987944,hinge,0
mc2_1054,3,0.875,0.0021514892578125,0.0001378059387207,0,1,0,1,0,0,0,0,0,0,0,0,1,0,0,0,0,0,0,0,0,0,0,0,0,1,3.1703418617389336,False,911,0.0008545431675257,hinge,0
mc2_1054,3,0.875,0.0019161701202392,0.0001220703125,0,1,0,0,1,0,0,0,0,0,0,0,1,0,0,0,0,0,0,0,0,0,0,0,0,1,5.833208751802831,True,1462,0.0041454489497187,squared_hinge,0
mc2_1054,3,0.875,0.0019829273223876,0.0001242160797119,1,0,0,0,1,0,0,0,0,0,0,0,1,0,0,0,0,0,0,0,0,0,0,0,0,1,2.236530952757046,True,1076,0.0008190331689863,squared_hinge,0
mc2_1054,3,0.875,0.0020234584808349,0.0001299381256103,1,0,0,1,0,0,0,0,0,0,0,0,1,0,0,0,0,0,0,0,0,0,0,0,0,1,0.1976439889762973,False,1156,0.0002007996358725,hinge,0
mc2_1054,3,0.875,0.0019850730895996,0.0001318454742431,1,0,1,0,0,0,0,0,0,0,0,0,1,0,0,0,0,0,0,0,0,0,0,0,0,1,3.708919502987192,True,1265,0.0001457528567357,squared_hinge,0
mc2_1054,3,0.875,0.0020310878753662,0.000131607055664,0,1,1,0,0,0,0,0,0,0,0,0,1,0,0,0,0,0,0,0,0,0,0,0,0,1,0.2055733437237019,False,884,0.0006234644410636,hinge,0
mc2_1054,1,0.84375,0.0085260868072509,0.0001697540283203,0,1,0,0,1,0,0,0,0,0,0,0,0,0,1,0,0,0,0,0,0,0,0,1,0,0,3.97838793953526,False,1503,0.0026342106430593,hinge,0
mc2_1054,1,0.84375,0.0016415119171142,0.0001187324523925,1,0,0,0,1,0,0,0,0,0,0,0,0,0,0,1,0,0,0,0,0,0,1,0,0,0,1.642658243180642,True,1119,0.0024575568034428,hinge,0
mc2_1054,3,0.84375,0.0011796951293945,0.0001144409179687,0,1,0,0,1,0,0,0,0,0,0,1,0,0,0,0,0,0,0,0,0,0,0,0,1,0,0.4847035882097633,False,1499,0.0011577117367952,squared_hinge,0
mc2_1054,3,0.84375,0.0011918544769287,0.0002200603485107,1,0,0,0,1,0,0,0,0,0,0,1,0,0,0,0,0,0,0,0,0,0,0,0,1,0,1.358764895220962,True,1310,0.0007505032703969,squared_hinge,0
mc2_1054,3,0.84375,0.0012552738189697,0.0001165866851806,0,1,1,0,0,0,0,0,0,0,0,1,0,0,0,0,0,0,0,0,0,0,0,0,1,0,4.432957139562397,False,1169,0.0021025794185475,hinge,0
mc2_1054,1,0.84375,0.0016283988952636,0.0001213550567626,0,1,1,0,0,0,0,0,0,0,0,0,0,0,0,1,0,0,0,0,0,0,1,0,0,0,1.055266390310027,False,893,0.0083160972131896,hinge,0
mc2_1054,1,0.84375,0.001631736755371,0.0001201629638671,0,1,0,1,0,0,0,0,0,0,0,0,0,0,0,1,0,0,0,0,0,0,1,0,0,0,0.8974970168790262,True,976,0.0003784292563738,hinge,0
mc2_1054,3,0.84375,0.0012688636779785,0.0001213550567626,1,0,0,1,0,0,0,0,0,0,0,1,0,0,0,0,0,0,0,0,0,0,0,0,1,0,0.2657914901071893,False,1103,0.0013229646024198,squared_hinge,0
mc2_1054,1,0.84375,0.0017032623291015,0.0001301765441894,1,0,0,1,0,0,0,0,0,0,0,0,0,0,0,1,0,0,0,0,0,0,1,0,0,0,0.539184747610755,True,658,0.0048979587773147,hinge,0
mc2_1054,1,0.84375,0.0017099380493164,0.0001277923583984,0,1,0,0,1,0,0,0,0,0,0,0,0,0,0,1,0,0,0,0,0,0,1,0,0,0,1.0955016574383514,True,326,0.0003306549256571,hinge,0
mc2_1054,1,0.84375,0.0088808536529541,0.0001599788665771,0,1,0,1,0,0,0,0,0,0,0,0,0,0,1,0,0,0,0,0,0,0,0,1,0,0,0.16926584080436,True,881,0.0003300451534252,hinge,0
mc2_1054,3,0.84375,0.0011658668518066,0.0001149177551269,0,1,0,1,0,0,0,0,0,0,0,1,0,0,0,0,0,0,0,0,0,0,0,0,1,0,2.6604285830168606,True,901,0.0058115154466249,squared_hinge,0
mc2_1054,1,0.84375,0.008521556854248,0.0001623630523681,0,1,1,0,0,0,0,0,0,0,0,0,0,0,1,0,0,0,0,0,0,0,0,1,0,0,6.163230370163422,True,1155,0.0083831818605538,hinge,0
mc2_1054,3,0.84375,0.0013923645019531,0.0001387596130371,1,0,1,0,0,0,0,0,0,0,0,1,0,0,0,0,0,0,0,0,0,0,0,0,1,0,3.808433730033412,True,1405,0.0023410402865453,hinge,0
chscase_census5_906,2,0.6375,0.0046427249908447,0.0001721382141113,0,1,0,0,1,0,0,0,0,0,0,0,0,0,0,0,1,0,0,0,0,0,0,1,0,0,0.9391701854043268,False,996,0.0019456618349682,hinge,0
chscase_census5_906,2,0.6375,0.0037841796875,0.0001361370086669,1,0,0,0,1,0,0,0,0,0,0,0,0,0,0,0,1,0,0,0,0,0,0,1,0,0,0.1038718132312172,True,641,0.0011298328350612,hinge,0
chscase_census5_906,2,0.6375,0.0037899017333984,0.0001358985900878,0,1,1,0,0,0,0,0,0,0,0,0,0,0,0,0,1,0,0,0,0,0,0,1,0,0,0.8172895061003657,True,1003,0.0036526117340649,hinge,0
chscase_census5_906,2,0.6375,0.0041494369506835,0.0001952648162841,1,0,0,1,0,0,0,0,0,0,0,0,0,0,0,0,1,0,0,0,0,0,0,1,0,0,0.1768234272258,True,1048,0.0085294199499726,squared_hinge,0
chscase_census5_906,2,0.6375,0.0037612915039062,0.0001356601715087,1,0,1,0,0,0,0,0,0,0,0,0,0,0,0,0,1,0,0,0,0,0,0,1,0,0,3.0482467888299345,False,933,0.0005839972039265,squared_hinge,0
chscase_census5_906,2,0.6375,0.0043509006500244,0.0001440048217773,0,1,0,1,0,0,0,0,0,0,0,0,0,0,0,0,1,0,0,0,0,0,0,1,0,0,0.1794538813427526,False,726,0.0003839517964394,hinge,0
chscase_census5_906,2,0.625,0.0056018829345703,0.0001416206359863,1,0,0,1,0,0,0,0,0,0,0,0,0,0,0,1,0,0,0,1,0,0,0,0,0,0,0.176350015795444,True,1593,0.0088452129251089,hinge,0
chscase_census5_906,2,0.625,0.005828857421875,0.000169038772583,0,1,0,0,1,0,0,0,0,0,0,0,0,0,0,1,0,0,0,0,1,0,0,0,0,0,1.061778455688738,False,1237,0.0010292323726219,hinge,0
chscase_census5_906,2,0.625,0.0063354969024658,0.0001442432403564,0,1,0,1,0,0,0,0,0,0,0,0,0,0,0,1,0,0,0,0,0,0,0,0,1,0,0.3034222708266748,True,1189,0.0002230354784151,hinge,0
chscase_census5_906,2,0.625,0.0063478946685791,0.0001704692840576,1,0,0,1,0,0,0,0,0,0,0,0,0,0,0,1,0,0,0,0,1,0,0,0,0,0,0.3040554683686947,True,460,0.005783001178893,squared_hinge,0
chscase_census5_906,2,0.625,0.0056424140930175,0.0001447200775146,0,1,1,0,0,0,0,0,0,0,0,0,0,0,0,1,0,0,0,0,0,0,0,0,1,0,8.302840622539058,True,633,0.0001619278951124,hinge,0
chscase_census5_906,2,0.625,0.0055980682373046,0.0001423358917236,1,0,0,0,1,0,0,0,0,0,0,0,0,0,0,1,0,0,0,0,0,0,0,0,1,0,0.3873000063688522,True,540,0.0010869656890789,hinge,0
chscase_census5_906,2,0.625,0.005558967590332,0.0001368522644042,1,0,0,0,1,0,0,0,0,0,0,0,0,0,0,1,0,0,0,0,0,0,0,0,0,1,6.896274607782843,True,913,0.0032920115514648,squared_hinge,0
chscase_census5_906,2,0.625,0.0055935382843017,0.0001449584960937,1,0,1,0,0,0,0,0,0,0,0,0,0,0,0,1,0,0,0,0,0,0,0,0,1,0,0.2918505083590885,False,1352,0.0057343711293079,squared_hinge,0
chscase_census5_906,2,0.625,0.0058324337005615,0.0001499652862548,1,0,1,0,0,0,0,0,0,0,0,0,0,0,0,1,0,0,0,0,1,0,0,0,0,0,6.2637014866977445,True,941,0.000145927798295,hinge,0
chscase_census5_906,2,0.625,0.0081796646118164,0.0002143383026123,1,0,0,1,0,0,0,0,0,0,0,0,0,0,0,1,0,0,0,0,0,0,0,0,0,1,0.2552256616722539,True,902,0.0022724353874104,hinge,0
chscase_census5_906,2,0.625,0.0058000087738037,0.0001833438873291,0,1,1,0,0,0,0,0,0,0,0,0,0,0,0,1,0,0,0,0,0,0,0,0,0,1,0.2236118321144547,True,502,0.0041290802444039,hinge,0
chscase_census5_906,2,0.625,0.0057001113891601,0.0001444816589355,0,1,1,0,0,0,0,0,0,0,0,0,0,0,0,1,0,0,0,1,0,0,0,0,0,0,0.3591177027442255,True,1090,0.0017667026011713,hinge,0
chscase_census5_906,2,0.625,0.0057127475738525,0.0001561641693115,0,1,0,1,0,0,0,0,0,0,0,0,0,0,0,1,0,0,0,0,1,0,0,0,0,0,0.6972113441877635,True,853,0.0003251770650773,hinge,0
chscase_census5_906,2,0.625,0.0057263374328613,0.0001466274261474,0,1,0,0,1,0,0,0,0,0,0,0,0,0,0,1,0,0,0,0,0,0,0,0,0,1,0.2614129394974654,False,1330,0.0022976040542144,hinge,0
strikes_770,1,0.992,0.0030059814453125,0.0001471042633056,1,0,1,0,0,0,0,0,0,0,0,0,0,0,0,1,0,0,0,0,1,0,0,0,0,0,1.708839080732267,True,763,0.0064746041454404,hinge,0
strikes_770,1,0.992,0.0031623840332031,0.0001485347747802,1,0,0,1,0,0,0,0,0,0,0,0,0,0,0,1,0,0,0,0,0,0,0,0,0,1,0.8638138291055071,False,945,0.0072111355862701,hinge,0
strikes_770,1,0.992,0.0031945705413818,0.0001468658447265,0,1,0,1,0,0,0,0,0,0,0,0,0,0,0,1,0,0,0,0,0,1,0,0,0,0,1.196071632722096,True,822,0.0026510097746176,hinge,0
strikes_770,3,0.992,0.0032782554626464,0.0001657009124755,1,0,0,1,0,0,0,0,0,0,0,0,0,0,0,1,0,0,0,0,0,0,0,0,0,1,2.1346351839339275,True,893,0.000284376281542,hinge,0
strikes_770,3,0.992,0.0031013488769531,0.0001459121704101,1,0,1,0,0,0,0,0,0,0,0,0,0,0,0,1,0,0,0,0,0,0,0,0,0,1,0.8393285908798833,True,1211,0.0002763382402604,hinge,0
strikes_770,1,0.992,0.0030686855316162,0.0001485347747802,0,1,0,1,0,0,0,0,0,0,0,0,0,0,0,1,0,0,0,0,0,0,0,0,1,0,0.1544674285015597,True,644,0.0005349860961569,hinge,0
strikes_770,1,0.992,0.0031993389129638,0.0001814365386962,1,0,1,0,0,0,0,0,0,0,0,0,0,0,0,1,0,0,0,0,0,0,0,0,0,1,0.5091957345426905,True,943,0.0002390131817377,hinge,0
strikes_770,3,0.992,0.0032341480255126,0.0001616477966308,1,0,0,1,0,0,0,0,0,0,0,0,0,0,0,1,0,0,0,0,0,0,0,0,1,0,1.0854880137612888,True,986,0.0002954022316815,hinge,0
strikes_770,1,0.992,0.0029590129852294,0.00014328956604,0,1,0,1,0,0,0,0,0,0,0,0,0,0,0,1,0,0,0,1,0,0,0,0,0,0,0.2279640989010842,True,1185,0.0002773865242207,hinge,0
strikes_770,3,0.992,0.0031435489654541,0.0001509189605712,1,0,0,0,1,0,0,0,0,0,0,0,0,0,0,1,0,0,0,0,0,0,0,0,1,0,0.9672148169246908,True,884,0.0001592616846152,hinge,0
strikes_770,3,0.992,0.0031740665435791,0.0001516342163085,0,1,0,1,0,0,0,0,0,0,0,0,0,0,0,1,0,0,0,0,0,0,0,0,0,1,0.1763988925059264,True,1312,0.0011429297004231,hinge,0
strikes_770,1,0.992,0.0031681060791015,0.0001535415649414,0,1,1,0,0,0,0,0,0,0,0,0,0,0,0,1,0,0,0,0,1,0,0,0,0,0,0.5066441683348843,True,394,0.0003596387002644,hinge,0
strikes_770,1,0.992,0.0031611919403076,0.0001726150512695,1,0,0,1,0,0,0,0,0,0,0,0,0,0,0,1,0,0,0,1,0,0,0,0,0,0,4.7615931350988525,False,1138,0.0097484921910495,squared_hinge,0
strikes_770,1,0.992,0.0032479763031005,0.0001592636108398,1,0,0,1,0,0,0,0,0,0,0,0,0,0,0,1,0,0,0,0,0,0,0,0,1,0,0.1241465513701684,False,994,0.000689714991984,squared_hinge,0
strikes_770,1,0.992,0.0031018257141113,0.000150442123413,0,1,0,1,0,0,0,0,0,0,0,0,0,0,0,1,0,0,0,0,0,0,0,0,0,1,0.1182891949501704,True,1290,0.0018692830954945,hinge,0
strikes_770,3,0.992,0.0032241344451904,0.0001571178436279,0,1,0,1,0,0,0,0,0,0,0,0,0,0,0,1,0,0,0,0,0,0,0,0,1,0,0.6286329143253925,False,690,0.0079407718418005,hinge,0
strikes_770,3,0.992,0.0031194686889648,0.0001616477966308,1,0,0,1,0,0,0,0,0,0,0,0,0,0,0,1,0,0,0,1,0,0,0,0,0,0,6.74748086941669,True,1507,0.0038973847242167,hinge,0
strikes_770,3,0.992,0.0032045841217041,0.000150442123413,0,1,0,1,0,0,0,0,0,0,0,0,0,0,0,1,0,0,0,1,0,0,0,0,0,0,1.6941467402140955,False,1409,0.0042375595375709,hinge,0
strikes_770,3,0.992,0.0030531883239746,0.0001449584960937,0,1,0,1,0,0,0,0,0,0,0,0,0,0,0,1,0,0,0,0,0,0,1,0,0,0,2.3677223460116057,True,861,0.0074878945053016,squared_hinge,0
strikes_770,2,0.992,0.0029253959655761,0.0001497268676757,0,1,0,1,0,0,0,0,0,0,0,0,0,0,0,1,0,0,0,0,0,0,1,0,0,0,1.2975966554046354,True,1128,0.0049364888518253,squared_hinge,0
analcatdata_halloffame_966,3,0.9738805970149254,0.0050272941589355,0.0001773834228515,0,1,0,0,1,0,0,0,0,0,0,0,1,0,0,0,0,0,0,0,0,0,0,0,1,0,3.5505829450866537,False,670,0.0061039627072652,hinge,0
analcatdata_halloffame_966,3,0.9738805970149254,0.005112886428833,0.0001671314239501,0,1,0,0,1,0,0,0,0,0,0,0,1,0,0,0,0,0,0,0,0,0,0,0,0,1,0.6535151258966552,True,1185,0.0066623865203605,hinge,0
analcatdata_halloffame_966,4,0.9738805970149254,0.0037381649017333,0.0001652240753173,0,1,0,0,1,0,0,0,0,0,0,0,1,0,0,0,0,0,0,0,0,0,0,0,1,0,3.1484258078388896,True,749,0.0009722921207037,squared_hinge,0
analcatdata_halloffame_966,3,0.9701492537313432,0.0060279369354248,0.0001633167266845,0,1,0,1,0,0,0,0,0,0,0,0,1,0,0,0,0,0,0,0,0,0,0,0,1,0,7.385652273540364,True,1093,0.0002090040211881,hinge,0
analcatdata_halloffame_966,3,0.9701492537313432,0.0027582645416259,0.0002608299255371,0,1,0,1,0,0,0,0,0,1,0,0,0,0,0,0,0,0,0,0,0,0,1,0,0,0,0.4897605713659984,True,700,0.0046032089642852,hinge,0
analcatdata_halloffame_966,4,0.9701492537313432,0.0072133541107177,0.0001742839813232,0,1,0,1,0,0,0,0,0,0,0,0,0,0,0,1,0,0,0,0,0,0,0,0,0,1,0.6627504881173858,False,1353,0.0048330766332603,hinge,0
analcatdata_halloffame_966,4,0.9701492537313432,0.0064122676849365,0.0001766681671142,0,1,0,1,0,0,0,0,0,0,0,0,0,0,0,1,0,0,0,0,0,0,0,1,0,0,0.2239184569008464,False,1171,0.0014514348667548,hinge,0
analcatdata_halloffame_966,3,0.9701492537313432,0.0020625591278076,0.0001208782196044,0,1,0,1,0,0,0,0,0,0,0,1,0,0,0,0,0,0,0,0,0,0,0,0,1,0,0.1719786081582387,False,1596,0.0036274573497779,hinge,0
analcatdata_halloffame_966,4,0.9701492537313432,0.0073676109313964,0.0002868175506591,0,1,0,1,0,0,0,0,0,0,0,0,0,0,0,1,0,0,0,1,0,0,0,0,0,0,3.1575345925731417,True,1053,0.0067098504169426,hinge,0
analcatdata_halloffame_966,4,0.9701492537313432,0.0015575885772705,0.0001170635223388,0,1,0,1,0,0,0,0,0,0,1,0,0,0,0,0,0,0,0,0,0,0,0,0,1,0,1.5004279057334269,False,542,0.0011639249995677,hinge,0
analcatdata_halloffame_966,3,0.9701492537313432,0.0021216869354248,0.0001370906829833,0,1,0,1,0,0,0,0,0,0,0,0,0,1,0,0,0,0,0,0,0,0,1,0,0,0,2.7021529715169224,False,1084,0.0011409730838819,squared_hinge,0
analcatdata_halloffame_966,3,0.9701492537313432,0.0020177364349365,0.0001263618469238,0,1,0,1,0,0,0,0,0,0,0,1,0,0,0,0,0,0,0,0,0,0,1,0,0,0,0.2168909857873061,False,1764,0.006459144365242,hinge,0
analcatdata_halloffame_966,4,0.9701492537313432,0.0073258876800537,0.0002567768096923,0,1,0,1,0,0,0,0,0,0,0,0,0,0,0,1,0,0,0,0,1,0,0,0,0,0,3.2683507181734064,True,929,0.0012262333661704,squared_hinge,0
analcatdata_halloffame_966,4,0.9701492537313432,0.0056123733520507,0.0001657009124755,0,1,0,1,0,0,0,0,0,0,0,0,1,0,0,0,0,0,0,1,0,0,0,0,0,0,0.4245468837161961,True,1148,0.0043362067352783,hinge,0
analcatdata_halloffame_966,4,0.9701492537313432,0.0075273513793945,0.0003221035003662,0,1,0,1,0,0,0,0,0,0,0,0,0,0,0,1,0,0,0,0,0,0,0,0,1,0,1.736657577861595,True,1190,0.0045895568264168,squared_hinge,0
analcatdata_halloffame_966,4,0.9664179104477612,0.0094611644744873,0.0002825260162353,0,1,0,0,1,0,0,0,0,0,0,0,0,0,0,1,0,0,0,0,0,0,0,0,1,0,4.954768473044576,True,622,0.0004342361602784,hinge,0
analcatdata_halloffame_966,4,0.9664179104477612,0.004429817199707,0.0001842975616455,0,1,0,0,1,0,0,0,0,0,0,0,0,0,0,0,1,0,0,1,0,0,0,0,0,0,1.701394791524404,False,1078,0.0098866749606352,hinge,0
analcatdata_halloffame_966,4,0.9664179104477612,0.0092418193817138,0.0001604557037353,0,1,0,0,1,0,0,0,0,0,0,0,0,0,0,1,0,0,0,0,1,0,0,0,0,0,0.2201210697118813,True,1212,0.0047810866754961,squared_hinge,0
analcatdata_halloffame_966,4,0.9664179104477612,0.0094285011291503,0.0002663135528564,0,1,0,0,1,0,0,0,0,0,0,0,0,0,0,1,0,0,0,1,0,0,0,0,0,0,1.000318378070014,False,1218,0.0029359983906805,hinge,0
analcatdata_halloffame_966,4,0.9664179104477612,0.0021009445190429,0.0001676082611083,0,1,0,1,0,1,0,0,0,0,0,0,0,0,0,0,0,0,0,0,0,0,0,0,0,1,0.320765976476292,True,880,0.000591860064998,hinge,0
biomed_481,4,0.975609756097561,0.002500295639038,0.0001568794250488,0,1,0,0,1,0,0,0,0,0,0,0,1,0,0,0,0,0,0,0,0,0,1,0,0,0,1.2754657056659762,True,721,0.0002153465167701,hinge,0
biomed_481,4,0.975609756097561,0.0025513172149658,0.0001823902130126,0,1,1,0,0,0,0,0,0,0,0,0,1,0,0,0,0,0,0,0,0,0,1,0,0,0,0.1439010037430051,True,777,0.0004805265322902,squared_hinge,0
biomed_481,4,0.975609756097561,0.0034868717193603,0.0001997947692871,0,1,0,1,0,0,0,0,0,0,0,0,1,0,0,0,0,0,0,0,0,0,1,0,0,0,9.222790748879294,False,926,0.0001510159431049,squared_hinge,0
biomed_481,2,0.9523809523809524,0.0012476444244384,0.000124454498291,0,1,1,0,0,0,1,0,0,0,0,0,0,0,0,0,0,0,0,0,1,0,0,0,0,0,1.7404252457733147,False,1034,0.0054013101720536,squared_hinge,0
biomed_481,2,0.9523809523809524,0.0014407634735107,0.0001373291015625,0,1,1,0,0,0,0,0,0,1,0,0,0,0,0,0,0,0,0,0,0,0,0,0,0,1,0.5797916580576852,True,599,0.0033875578261922,squared_hinge,0
biomed_481,2,0.9523809523809524,0.0012776851654052,0.0001258850097656,0,1,1,0,0,0,0,0,0,0,0,0,0,1,0,0,0,0,0,0,0,0,0,0,0,1,0.489512303103355,True,1315,0.0003020421153094,hinge,0
biomed_481,2,0.9523809523809524,0.001197338104248,0.0001356601715087,0,1,0,1,0,0,1,0,0,0,0,0,0,0,0,0,0,0,0,0,1,0,0,0,0,0,1.451739882085981,True,1263,0.0002545877582885,hinge,0
biomed_481,2,0.9523809523809524,0.0014276504516601,0.0001842975616455,0,1,0,0,1,0,0,0,0,1,0,0,0,0,0,0,0,0,0,0,0,0,0,0,0,1,2.209265509788417,False,1749,0.0003156645098713,hinge,0
biomed_481,2,0.9523809523809524,0.0012178421020507,0.000124454498291,0,1,0,0,1,0,0,0,0,0,0,0,0,1,0,0,0,0,0,0,0,0,0,0,0,1,0.2943237166761556,True,1090,0.0006834873017579,hinge,0
biomed_481,2,0.9523809523809524,0.0013272762298583,0.0001218318939208,0,1,0,1,0,0,1,0,0,0,0,0,0,0,0,0,0,0,0,1,0,0,0,0,0,0,1.2644750170562915,True,945,0.0009494307275597,hinge,0
biomed_481,2,0.9523809523809524,0.0012552738189697,0.0001263618469238,0,1,0,0,1,0,1,0,0,0,0,0,0,0,0,0,0,0,0,0,0,0,0,0,0,1,5.17136373699303,False,545,0.0001465815979488,hinge,0
biomed_481,2,0.9523809523809524,0.0013585090637207,0.0001540184020996,0,1,0,1,0,0,0,0,0,0,0,0,0,1,0,0,0,0,0,0,0,0,0,0,0,1,4.174859829774625,False,543,0.0001421761096465,hinge,0
biomed_481,2,0.9523809523809524,0.0012540817260742,0.0001485347747802,0,1,0,1,0,0,1,0,0,0,0,0,0,0,0,0,0,0,0,0,0,0,0,0,0,1,0.2338869247466539,False,687,0.0004992447551118,hinge,0
biomed_481,2,0.9523809523809524,0.0019593238830566,0.0001959800720214,0,1,0,1,0,0,0,0,0,0,0,1,0,0,0,0,0,0,0,0,0,0,0,0,0,1,0.5840568705849046,True,615,0.0018250236800357,hinge,0
biomed_481,2,0.9523809523809524,0.0013432502746582,0.0001373291015625,0,1,0,0,1,0,0,0,0,0,0,1,0,0,0,0,0,0,0,0,0,0,0,0,0,1,3.815710858453,False,855,0.002327989823639,squared_hinge,0
biomed_481,0,0.9523809523809524,0.0048727989196777,0.0001723766326904,0,1,1,0,0,0,0,0,0,0,0,0,0,0,0,0,1,0,0,1,0,0,0,0,0,0,0.4152172168331638,True,774,0.0022750779420323,squared_hinge,0
biomed_481,2,0.9523809523809524,0.001408576965332,0.0001344680786132,0,1,0,1,0,0,0,0,0,1,0,0,0,0,0,0,0,0,0,0,0,0,0,0,0,1,3.448337519619617,False,1332,0.0011053293660754,hinge,0
biomed_481,2,0.9523809523809524,0.0011281967163085,0.0001139640808105,0,1,0,0,1,0,1,0,0,0,0,0,0,0,0,0,0,0,0,0,1,0,0,0,0,0,2.6216449429507342,True,1159,0.0082198757420969,hinge,0
biomed_481,2,0.9523809523809524,0.0013251304626464,0.0001301765441894,0,1,1,0,0,0,1,0,0,0,0,0,0,0,0,0,0,0,0,0,0,0,0,0,1,0,0.2319990047487852,True,1193,0.0032658364223835,squared_hinge,0
biomed_481,2,0.9523809523809524,0.0013535022735595,0.000126838684082,0,1,0,0,1,0,1,0,0,0,0,0,0,0,0,0,0,0,0,0,0,0,0,0,1,0,2.4758028880956453,True,518,0.0009420182611708,hinge,0
analcatdata_dmft_1014,4,0.8427672955974843,0.0015900135040283,0.0001208782196044,1,0,0,0,1,0,0,0,0,0,0,0,0,1,0,0,0,0,0,1,0,0,0,0,0,0,4.725910873906818,False,1010,0.0008541782488231,hinge,0
analcatdata_dmft_1014,4,0.8427672955974843,0.0015134811401367,0.0001180171966552,0,1,0,0,1,0,0,0,0,0,0,0,0,1,0,0,0,0,0,1,0,0,0,0,0,0,6.521238734976656,False,507,0.0012031892946256,hinge,0
analcatdata_dmft_1014,2,0.8427672955974843,0.0018224716186523,0.0001749992370605,1,0,0,0,1,0,0,0,0,1,0,0,0,0,0,0,0,0,0,0,0,0,0,1,0,0,0.3089011625823919,False,1178,0.0004827896056446,hinge,0
analcatdata_dmft_1014,2,0.8427672955974843,0.0018422603607177,0.0001425743103027,0,1,0,0,1,0,0,0,0,1,0,0,0,0,0,0,0,0,0,0,0,0,0,1,0,0,9.858027031337548,True,780,0.0062727246879836,squared_hinge,0
analcatdata_dmft_1014,4,0.8364779874213837,0.0012931823730468,0.0001242160797119,0,1,0,0,1,0,0,1,0,0,0,0,0,0,0,0,0,0,0,0,1,0,0,0,0,0,0.9562718697490454,False,602,0.001085927525255,hinge,0
analcatdata_dmft_1014,4,0.8364779874213837,0.0013847351074218,0.0001215934753417,1,0,0,0,1,0,0,1,0,0,0,0,0,0,0,0,0,0,0,0,1,0,0,0,0,0,0.3184317877654007,True,870,0.0019619492270324,hinge,0
analcatdata_dmft_1014,4,0.8364779874213837,0.0023965835571289,0.0001404285430908,0,1,0,0,1,0,0,0,0,0,0,0,0,0,0,0,1,0,0,0,0,0,0,1,0,0,2.778086161151592,True,808,0.0002727449215055,hinge,0
analcatdata_dmft_1014,4,0.8364779874213837,0.0023350715637207,0.00018310546875,1,0,0,0,1,0,0,1,0,0,0,0,0,0,0,0,0,0,0,0,0,1,0,0,0,0,2.6659512378486387,True,1220,0.0003415542999145,hinge,0
analcatdata_dmft_1014,4,0.8364779874213837,0.0024170875549316,0.0001342296600341,1,0,0,0,1,0,0,0,0,0,0,0,0,0,0,0,1,0,0,0,0,0,0,1,0,0,1.6920685827280684,True,836,0.0072916955858264,squared_hinge,0
analcatdata_dmft_1014,4,0.8364779874213837,0.0012884140014648,0.0001177787780761,0,1,0,0,1,0,0,1,0,0,0,0,0,0,0,0,0,0,0,0,0,1,0,0,0,0,0.1948164697906944,True,1007,0.0001277332073584,hinge,0
analcatdata_dmft_1014,1,0.83125,0.001711368560791,0.0001387596130371,1,0,0,0,1,0,0,0,0,0,0,1,0,0,0,0,0,0,0,0,0,1,0,0,0,0,0.1158559048663249,False,725,0.0004809360213088,squared_hinge,0
analcatdata_dmft_1014,1,0.83125,0.001711368560791,0.0001387596130371,0,1,0,0,1,0,0,0,0,0,0,1,0,0,0,0,0,0,0,0,0,1,0,0,0,0,2.9557623008620557,True,841,0.0009803818839251,hinge,0
analcatdata_dmft_1014,4,0.8301886792452831,0.0013296604156494,0.0001163482666015,1,0,0,1,0,0,0,0,0,0,0,0,0,0,0,0,0,0,1,0,0,1,0,0,0,0,0.4991126891504516,False,697,0.0004647804103803,squared_hinge,0
analcatdata_dmft_1014,4,0.8301886792452831,0.0014011859893798,0.0001206398010253,1,0,0,0,1,0,0,1,0,0,0,0,0,0,0,0,0,0,0,0,0,0,0,0,0,1,0.1568094214086774,False,888,0.0005431809538481,squared_hinge,0
analcatdata_dmft_1014,4,0.8301886792452831,0.0013315677642822,0.0001177787780761,1,0,0,0,1,0,0,0,0,0,1,0,0,0,0,0,0,0,0,0,0,0,0,0,0,1,7.282975993387282,True,1156,0.0099205861517093,squared_hinge,0
analcatdata_dmft_1014,4,0.8301886792452831,0.0016736984252929,0.0001261234283447,1,0,0,0,1,0,0,0,0,0,0,1,0,0,0,0,0,0,0,1,0,0,0,0,0,0,7.1211812020530765,True,1098,0.001456472074955,squared_hinge,0
analcatdata_dmft_1014,2,0.8301886792452831,0.0016238689422607,0.0001313686370849,1,0,0,0,1,0,0,0,0,0,0,1,0,0,0,0,0,0,0,1,0,0,0,0,0,0,1.925629097198391,True,1395,0.0010901882621193,hinge,0
analcatdata_dmft_1014,2,0.8301886792452831,0.0037319660186767,0.0001614093780517,1,0,0,1,0,0,0,0,0,0,0,0,1,0,0,0,0,0,0,0,0,1,0,0,0,0,0.305841474305825,True,598,0.0007014382727402,hinge,0
analcatdata_dmft_1014,2,0.8301886792452831,0.0012943744659423,0.0001187324523925,1,0,0,1,0,0,0,0,1,0,0,0,0,0,0,0,0,0,0,0,0,1,0,0,0,0,9.317191375289482,True,960,0.0035840401301886,hinge,0
analcatdata_dmft_1014,2,0.8301886792452831,0.0024349689483642,0.0009882450103759,0,1,0,0,1,0,0,0,0,0,0,1,0,0,0,0,0,0,0,0,1,0,0,0,0,0,0.3034668507010198,True,830,0.0027883943644019,squared_hinge,0
teachingAssistant_1115,0,0.8387096774193549,0.0047650337219238,0.0001778602600097,0,1,1,0,0,0,0,0,0,0,0,0,0,0,0,1,0,0,0,0,0,0,0,1,0,0,0.1050186166874588,True,1026,0.0019431603178987,hinge,0
teachingAssistant_1115,0,0.8387096774193549,0.0047948360443115,0.0001680850982666,1,0,0,0,1,0,0,0,0,0,0,0,0,0,0,1,0,0,0,0,0,0,0,1,0,0,6.295736087033924,False,1034,0.0002236655823755,hinge,0
teachingAssistant_1115,0,0.8387096774193549,0.0046586990356445,0.0001482963562011,0,1,0,0,1,0,0,0,0,0,0,0,0,0,0,1,0,0,0,0,0,0,0,1,0,0,0.2467639639373118,False,727,0.0001728190295801,hinge,0
teachingAssistant_1115,0,0.8387096774193549,0.0046815872192382,0.0001506805419921,1,0,1,0,0,0,0,0,0,0,0,0,0,0,0,1,0,0,0,0,0,0,0,1,0,0,1.8177123135149609,True,1085,0.0009605906833,hinge,0
teachingAssistant_1115,0,0.8387096774193549,0.0048222541809082,0.000157356262207,0,1,0,1,0,0,0,0,0,0,0,0,0,0,0,1,0,0,0,0,0,0,0,1,0,0,0.2997047231302295,True,957,0.0039670635182096,hinge,0
teachingAssistant_1115,0,0.8387096774193549,0.0048694610595703,0.0001561641693115,1,0,0,1,0,0,0,0,0,0,0,0,0,0,0,1,0,0,0,0,0,0,0,1,0,0,0.783005157556555,True,1404,0.0001379536597872,hinge,0
teachingAssistant_1115,0,0.7741935483870968,0.0046350955963134,0.0001544952392578,0,1,0,0,1,0,0,0,0,0,0,0,0,0,0,1,0,0,0,0,0,0,1,0,0,0,0.6399027959162765,False,567,0.0062395986642405,squared_hinge,0
teachingAssistant_1115,0,0.7741935483870968,0.0046985149383544,0.0001745223999023,0,1,0,1,0,0,0,0,0,0,0,0,0,0,0,1,0,0,0,0,0,0,1,0,0,0,0.562231730706583,False,824,0.0050055047526767,hinge,0
teachingAssistant_1115,0,0.7741935483870968,0.0046184062957763,0.0001795291900634,1,0,1,0,0,0,0,0,0,0,0,0,0,0,0,1,0,0,0,0,0,0,1,0,0,0,0.4321640203576639,False,1391,0.0002581885618644,squared_hinge,0
teachingAssistant_1115,0,0.7741935483870968,0.0046603679656982,0.0001659393310546,1,0,0,1,0,0,0,0,0,0,0,0,0,0,0,1,0,0,0,0,0,0,1,0,0,0,0.1072598163627538,True,1060,0.0006655850989894,hinge,0
teachingAssistant_1115,0,0.7741935483870968,0.0046827793121337,0.0001852512359619,1,0,0,0,1,0,0,0,0,0,0,0,0,0,0,1,0,0,0,0,0,0,1,0,0,0,0.2686805254804625,True,723,0.0001329271465308,squared_hinge,0
teachingAssistant_1115,0,0.7741935483870968,0.0045380592346191,0.0001509189605712,0,1,1,0,0,0,0,0,0,0,0,0,0,0,0,1,0,0,0,0,0,0,1,0,0,0,9.73440887102852,False,981,0.0001236967271009,hinge,0
teachingAssistant_1115,1,0.7666666666666667,0.0045740604400634,0.0001595020294189,0,1,1,0,0,0,0,0,0,0,0,0,0,0,0,1,0,0,0,1,0,0,0,0,0,0,0.1036328056573294,False,428,0.0006803147582522,squared_hinge,0
teachingAssistant_1115,1,0.7666666666666667,0.0048272609710693,0.0002026557922363,0,1,0,1,0,0,0,0,0,0,0,0,0,0,0,1,0,0,0,0,0,0,0,0,1,0,0.1392409501394718,True,1189,0.0004504540396373,hinge,0
teachingAssistant_1115,1,0.7666666666666667,0.0045490264892578,0.0001561641693115,0,1,0,1,0,0,0,0,0,0,0,0,0,0,0,1,0,0,0,1,0,0,0,0,0,0,0.1160391225510658,True,740,0.0040895758174682,hinge,0
teachingAssistant_1115,1,0.7666666666666667,0.0060400962829589,0.0002074241638183,0,1,1,0,0,0,0,0,0,0,0,0,0,0,0,1,0,0,0,0,0,0,0,0,0,1,1.0668934075226308,True,1010,0.0003509514246914,squared_hinge,0
teachingAssistant_1115,1,0.7666666666666667,0.004664659500122,0.000201940536499,0,1,0,1,0,0,0,0,0,0,0,0,0,0,0,1,0,0,0,0,1,0,0,0,0,0,0.1185038855194051,False,1048,0.0036489468136447,hinge,0
teachingAssistant_1115,1,0.7666666666666667,0.0044445991516113,0.0001499652862548,0,1,0,0,1,0,0,0,0,0,0,0,0,0,0,1,0,0,0,0,0,0,1,0,0,0,1.1830349378656253,True,912,0.0004078901420624,squared_hinge,0
teachingAssistant_1115,1,0.7666666666666667,0.0046608448028564,0.0001659393310546,0,1,1,0,0,0,0,0,0,0,0,0,0,0,0,1,0,0,0,0,1,0,0,0,0,0,0.449554953423434,True,228,0.001276072186751,hinge,0
teachingAssistant_1115,1,0.7666666666666667,0.0045971870422363,0.0001924037933349,0,1,0,1,0,0,0,0,0,0,0,0,0,0,0,1,0,0,0,0,0,0,0,0,0,1,5.693740929900985,True,905,0.005110611680899,squared_hinge,0
MeanWhile1_1449,3,0.96,0.0013320446014404,0.0001366138458251,0,1,0,0,1,0,0,0,0,0,0,0,0,1,0,0,0,0,0,0,0,0,0,1,0,0,0.5223038073643035,True,250,0.000212615194131,hinge,0
MeanWhile1_1449,3,0.96,0.0015830993652343,0.0001676082611083,0,1,0,0,1,0,0,0,0,0,0,1,0,0,0,0,0,0,0,0,0,0,0,1,0,0,4.362287929448631,True,1469,0.0004997001961991,hinge,0
MeanWhile1_1449,3,0.96,0.0015912055969238,0.00014328956604,0,1,0,0,1,0,0,0,0,1,0,0,0,0,0,0,0,0,0,0,0,0,0,1,0,0,2.564910374897912,False,906,0.0028178363548767,squared_hinge,0
MeanWhile1_1449,3,0.96,0.0010821819305419,0.0001170635223388,0,1,0,0,1,0,0,1,0,0,0,0,0,0,0,0,0,0,0,0,0,0,0,1,0,0,8.690280082780575,True,728,0.0002625493090908,squared_hinge,0
MeanWhile1_1449,3,0.96,0.0011970996856689,0.000119924545288,0,1,0,0,1,0,0,0,0,0,1,0,0,0,0,0,0,0,0,0,0,0,0,1,0,0,0.7673738427073488,True,371,0.0001379130148742,hinge,0
MeanWhile1_1449,3,0.96,0.004514455795288,0.0003969669342041,1,0,1,0,0,0,0,0,0,0,0,0,1,0,0,0,0,0,0,0,1,0,0,0,0,0,8.118207824635121,True,1177,0.0090789411198884,squared_hinge,0
MeanWhile1_1449,3,0.96,0.0015215873718261,0.0001852512359619,1,0,0,1,0,0,0,0,0,1,0,0,0,0,0,0,0,0,0,0,0,0,0,1,0,0,1.9649939684111737,True,1127,0.0004924926845482,hinge,0
MeanWhile1_1449,3,0.96,0.0011403560638427,0.0001206398010253,1,0,0,1,0,0,0,0,0,0,1,0,0,0,0,0,0,0,0,0,0,0,0,1,0,0,0.5826757528325609,False,942,0.0057175573127016,squared_hinge,0
MeanWhile1_1449,3,0.96,0.0011093616485595,0.000173807144165,1,0,0,1,0,0,0,1,0,0,0,0,0,0,0,0,0,0,0,0,0,0,0,1,0,0,0.9545914190354844,False,980,0.0002761411008282,squared_hinge,0
MeanWhile1_1449,3,0.96,0.0012774467468261,0.0001215934753417,0,1,0,1,0,1,0,0,0,0,0,0,0,0,0,0,0,0,0,1,0,0,0,0,0,0,2.8879174435041413,False,750,0.0011481892206636,squared_hinge,0
MeanWhile1_1449,3,0.96,0.0011987686157226,0.0001275539398193,1,0,1,0,0,0,0,0,1,0,0,0,0,0,0,0,0,0,0,0,0,0,1,0,0,0,5.888616988488705,False,763,0.0054442742526546,squared_hinge,0
MeanWhile1_1449,3,0.96,0.0012636184692382,0.0001294612884521,0,1,0,1,0,0,0,0,0,0,0,1,0,0,0,0,0,0,0,1,0,0,0,0,0,0,0.6482686034160611,True,1364,0.0001330395517444,hinge,0
MeanWhile1_1449,3,0.96,0.001345157623291,0.0001280307769775,1,0,1,0,0,0,0,0,0,0,0,1,0,0,0,0,0,0,0,0,0,0,0,1,0,0,7.689002829830504,False,884,0.0032188076851576,squared_hinge,0
MeanWhile1_1449,3,0.96,0.0012223720550537,0.000119924545288,0,1,0,1,0,0,0,0,0,0,0,0,0,0,0,0,0,1,0,1,0,0,0,0,0,0,0.9050699012800498,True,1102,0.0001841996605008,hinge,0
MeanWhile1_1449,4,0.96,0.0012569427490234,0.000119924545288,1,0,1,0,0,0,0,0,0,0,0,0,0,0,0,0,0,0,1,0,0,0,1,0,0,0,3.473410868605201,False,882,0.0002859409387178,hinge,0
MeanWhile1_1449,3,0.96,0.0011196136474609,0.0001184940338134,1,0,1,0,0,0,0,0,0,0,0,0,0,0,0,0,0,1,0,0,0,0,1,0,0,0,6.53510639177242,False,943,0.0005135868856996,hinge,0
MeanWhile1_1449,3,0.96,0.001565933227539,0.0001287460327148,0,1,0,1,0,0,0,0,0,0,0,0,0,0,0,0,1,0,0,0,0,1,0,0,0,0,0.2752753104299658,True,1629,0.0003904633263064,hinge,0
MeanWhile1_1449,3,0.96,0.00514817237854,0.0001580715179443,0,1,0,1,0,0,0,0,0,0,0,0,0,0,1,0,0,0,0,0,0,1,0,0,0,0,0.2522586512817805,True,1407,0.000558358185899,hinge,0
MeanWhile1_1449,3,0.96,0.0017015933990478,0.0001857280731201,0,1,0,1,0,0,0,0,0,0,0,0,1,0,0,0,0,0,0,0,0,1,0,0,0,0,2.311035392781184,True,1209,0.0024582289426366,hinge,0
MeanWhile1_1449,3,0.96,0.0013148784637451,0.0001223087310791,0,1,0,1,0,1,0,0,0,0,0,0,0,0,0,0,0,0,0,0,0,0,0,0,0,1,1.8377849893714155,True,972,0.0003073351658503,hinge,0
veteran_719,1,0.8928571428571429,0.0018537044525146,0.0001266002655029,0,1,0,0,1,0,0,0,0,0,0,0,0,0,0,1,0,0,0,0,0,0,1,0,0,0,4.537324357883321,True,1238,0.0016840745249191,hinge,0
veteran_719,1,0.8928571428571429,0.0019702911376953,0.0001275539398193,0,1,0,1,0,0,0,0,0,0,0,0,1,0,0,0,0,0,0,0,0,0,1,0,0,0,1.2103489976630857,True,468,0.0015484819241265,squared_hinge,0
veteran_719,1,0.8928571428571429,0.0019137859344482,0.0001266002655029,0,1,1,0,0,0,0,0,0,0,0,0,0,0,0,1,0,0,0,0,0,0,1,0,0,0,2.8393342897740736,False,978,0.0003052571411134,hinge,0
veteran_719,1,0.8928571428571429,0.002190351486206,0.0001378059387207,0,1,1,0,0,0,0,0,0,0,0,0,1,0,0,0,0,0,0,0,0,0,1,0,0,0,0.2188116387582044,False,775,0.000144347473261,hinge,0
veteran_719,1,0.8928571428571429,0.0017786026000976,0.0001206398010253,1,0,1,0,0,0,0,0,0,0,0,0,0,0,0,1,0,0,0,0,0,0,1,0,0,0,1.2321203225292587,True,1209,0.0003175839350808,hinge,0
veteran_719,1,0.8928571428571429,0.0018558502197265,0.0001270771026611,1,0,0,1,0,0,0,0,0,0,0,0,0,0,0,1,0,0,0,0,0,0,1,0,0,0,0.1048191996035931,True,1240,0.0019942180168151,hinge,0
veteran_719,1,0.8928571428571429,0.002202033996582,0.0001382827758789,1,0,0,0,1,0,0,0,0,0,0,0,0,0,0,1,0,0,0,0,0,0,1,0,0,0,2.3113645306112827,True,1347,0.0003228898878962,hinge,0
veteran_719,1,0.8928571428571429,0.0021929740905761,0.0001287460327148,1,0,1,0,0,0,0,0,0,0,0,0,1,0,0,0,0,0,0,0,0,0,1,0,0,0,8.733460488101194,True,979,0.0002665529738792,squared_hinge,0
veteran_719,1,0.8928571428571429,0.0021560192108154,0.000136375427246,1,0,0,1,0,0,0,0,0,0,0,0,1,0,0,0,0,0,0,0,0,0,1,0,0,0,0.2243245751062995,True,973,0.007477629883052,hinge,0
veteran_719,1,0.8928571428571429,0.0021021366119384,0.0001342296600341,0,1,0,0,1,0,0,0,0,0,0,0,1,0,0,0,0,0,0,0,0,0,1,0,0,0,0.1876290650198523,True,1183,0.0082632017170375,squared_hinge,0
veteran_719,1,0.8928571428571429,0.0020830631256103,0.0001285076141357,1,0,0,0,1,0,0,0,0,0,0,0,1,0,0,0,0,0,0,0,0,0,1,0,0,0,0.8854070573797224,False,1382,0.0006293597704084,squared_hinge,0
veteran_719,1,0.8928571428571429,0.0018577575683593,0.0001747608184814,0,1,0,1,0,0,0,0,0,0,0,0,0,0,0,1,0,0,0,0,0,0,1,0,0,0,0.7812514005905394,True,572,0.0035846918099002,squared_hinge,0
veteran_719,3,0.8888888888888888,0.0011141300201416,0.0001072883605957,1,0,0,0,1,0,0,0,0,0,0,0,0,0,1,0,0,0,0,0,0,0,0,0,0,1,0.7684735970304791,True,952,0.000139156138264,squared_hinge,0
veteran_719,3,0.8888888888888888,0.0010778903961181,0.0001068115234375,0,1,1,0,0,0,0,0,0,0,0,0,0,0,1,0,0,0,0,0,0,0,0,0,0,1,0.3809465877215888,True,313,0.0064468404591552,squared_hinge,0
veteran_719,3,0.8888888888888888,0.0012102127075195,0.000119924545288,0,1,0,0,1,0,0,0,0,0,0,0,0,0,1,0,0,0,0,0,0,0,0,0,0,1,0.1889907824241779,True,1293,0.0004917305648481,hinge,0
veteran_719,3,0.8888888888888888,0.0010955333709716,0.0001077651977539,0,1,0,1,0,0,0,0,0,0,0,0,0,0,1,0,0,0,0,0,0,0,0,0,0,1,7.010421438846577,True,790,0.0034037871145924,hinge,0
veteran_719,3,0.8888888888888888,0.001049518585205,0.0001060962677001,1,0,0,1,0,0,0,0,0,0,0,0,0,0,1,0,0,0,0,0,0,0,0,0,0,1,0.498018263278912,True,1124,0.002049259731624,squared_hinge,0
veteran_719,3,0.8888888888888888,0.0011234283447265,0.0001111030578613,1,0,1,0,0,0,0,0,0,0,0,0,0,0,1,0,0,0,0,0,0,0,0,0,0,1,0.6523704832802216,False,597,0.000639718308394,hinge,0
veteran_719,1,0.8571428571428571,0.0011994838714599,0.0001165866851806,0,1,0,0,1,0,1,0,0,0,0,0,0,0,0,0,0,0,0,0,0,0,0,0,0,1,0.6963553375052229,False,974,0.0001423523895048,hinge,0
veteran_719,1,0.8571428571428571,0.0011279582977294,0.0001163482666015,0,1,0,0,1,0,0,0,0,0,0,0,0,1,0,0,0,0,0,0,0,0,0,0,0,1,0.1801599216857329,False,843,0.001702482227099,hinge,0
autoUniv-au6-750_1549,3,0.3,0.0056159496307373,0.0001688003540039,0,1,0,1,0,0,0,0,0,0,0,0,0,0,0,0,0,0,1,0,0,0,0,0,1,0,0.2488463082071658,True,768,0.0001392945370292,hinge,0
autoUniv-au6-750_1549,3,0.3,0.0058569908142089,0.0001394748687744,1,0,0,1,0,0,0,0,0,0,0,0,0,0,0,0,0,0,1,0,0,0,0,0,1,0,0.1060869139361712,False,1289,0.0082929415155743,hinge,0
autoUniv-au6-750_1549,3,0.28,0.0202524662017822,0.0002815723419189,1,0,0,0,1,0,0,0,0,0,0,0,0,0,0,1,0,0,0,0,0,0,0,1,0,0,0.9877533143835964,False,730,0.000720556658384,hinge,0
autoUniv-au6-750_1549,3,0.28,0.0053145885467529,0.0001559257507324,1,0,0,0,1,0,0,0,0,0,0,0,0,0,0,0,0,1,0,0,1,0,0,0,0,0,1.2839373183143554,True,1357,0.0003819819368095,squared_hinge,0
autoUniv-au6-750_1549,3,0.28,0.0202717781066894,0.0002384185791015,0,1,0,0,1,0,0,0,0,0,0,0,0,0,0,1,0,0,0,0,0,0,0,1,0,0,0.2673206216891739,False,1471,0.0002609633025365,hinge,0
autoUniv-au6-750_1549,3,0.28,0.0053534507751464,0.0001747608184814,0,1,0,0,1,0,0,0,0,0,0,0,0,0,0,0,0,1,0,0,1,0,0,0,0,0,0.7014387338385781,True,843,0.0001408770313129,squared_hinge,0
autoUniv-au6-750_1549,3,0.2666666666666666,0.0056502819061279,0.0001263618469238,0,1,0,1,0,0,0,0,0,0,0,0,0,0,0,0,0,1,0,0,1,0,0,0,0,0,2.4103164324541475,True,1508,0.0026083412371014,hinge,0
autoUniv-au6-750_1549,3,0.2666666666666666,0.0061285495758056,0.0001604557037353,0,1,0,0,1,0,0,0,0,0,0,0,0,0,0,0,0,0,1,0,0,0,0,0,1,0,0.3300170479710644,False,1275,0.0095761696452616,hinge,0
autoUniv-au6-750_1549,3,0.2666666666666666,0.0051825046539306,0.0001215934753417,1,0,0,0,1,0,0,0,0,0,0,0,0,0,0,0,0,0,1,0,0,0,0,0,1,0,0.5425218562795506,True,1680,0.0008282637958516,hinge,0
autoUniv-au6-750_1549,3,0.2666666666666666,0.005486249923706,0.0001282691955566,1,0,0,1,0,0,0,0,0,0,0,0,0,0,0,0,0,1,0,0,1,0,0,0,0,0,2.5596962637835965,True,1540,0.0025661542694088,hinge,0
autoUniv-au6-750_1549,3,0.2666666666666666,0.0063490867614746,0.0001299381256103,0,1,0,0,1,0,0,0,0,0,1,0,0,0,0,0,0,0,0,1,0,0,0,0,0,0,1.561643406454425,True,1058,0.0009309034450932,hinge,0
autoUniv-au6-750_1549,3,0.2666666666666666,0.0063428878784179,0.0001327991485595,1,0,0,0,1,0,0,0,0,0,1,0,0,0,0,0,0,0,0,1,0,0,0,0,0,0,1.0288556304330738,False,1319,0.0006446769509177,squared_hinge,0
autoUniv-au6-750_1549,3,0.26,0.0047683715820312,0.0001218318939208,0,1,0,0,1,0,0,1,0,0,0,0,0,0,0,0,0,0,0,0,0,0,0,0,0,1,5.450050173325702,True,931,0.0005312905234773,hinge,0
autoUniv-au6-750_1549,3,0.26,0.005225658416748,0.0001478195190429,1,0,0,0,1,0,0,1,0,0,0,0,0,0,0,0,0,0,0,0,0,0,0,0,0,1,0.1382797959168772,True,1404,0.0061644229113618,hinge,0
autoUniv-au6-750_1549,3,0.2466666666666666,0.0076441764831542,0.0001428127288818,0,1,0,0,1,1,0,0,0,0,0,0,0,0,0,0,0,0,0,0,0,0,1,0,0,0,1.1275839659155176,True,656,0.0033168431928444,hinge,0
autoUniv-au6-750_1549,3,0.2466666666666666,0.0184872150421142,0.0002267360687255,1,0,0,0,1,0,0,0,0,0,0,0,1,0,0,0,0,0,0,0,0,0,0,1,0,0,2.508934259297331,True,870,0.0052194241477811,hinge,0
autoUniv-au6-750_1549,3,0.2466666666666666,0.0078227519989013,0.0001378059387207,1,0,0,0,1,1,0,0,0,0,0,0,0,0,0,0,0,0,0,0,0,0,1,0,0,0,0.3566909859345978,True,793,0.0001559692944755,hinge,0
autoUniv-au6-750_1549,0,0.2466666666666666,0.0050568580627441,0.0001277923583984,0,1,0,1,0,0,0,0,1,0,0,0,0,0,0,0,0,0,0,0,0,0,0,0,0,1,0.3760858223894616,True,889,0.0005300740658246,squared_hinge,0
autoUniv-au6-750_1549,0,0.2466666666666666,0.0047318935394287,0.0001168251037597,1,0,0,1,0,0,0,0,1,0,0,0,0,0,0,0,0,0,0,0,0,0,0,0,0,1,0.9934290062844132,False,901,0.0002613644143987,squared_hinge,0
autoUniv-au6-750_1549,3,0.2466666666666666,0.0194215774536132,0.000230073928833,0,1,0,0,1,0,0,0,0,0,0,0,1,0,0,0,0,0,0,0,0,0,0,1,0,0,0.4806693282811795,False,1000,0.0002200265708848,hinge,0
Engine1_4340,1,0.974025974025974,0.0071852207183837,0.0001931190490722,1,0,0,0,1,0,0,0,0,0,0,0,1,0,0,0,0,0,0,0,0,0,0,0,0,1,0.7042527173587856,True,1197,0.0058020506992401,hinge,0
Engine1_4340,1,0.974025974025974,0.0063486099243164,0.0001993179321289,0,1,1,0,0,0,0,0,0,0,0,0,0,0,0,1,0,0,0,0,0,0,0,0,1,0,2.410101806342781,False,1038,0.0060003737871757,hinge,0
Engine1_4340,1,0.974025974025974,0.0063099861145019,0.0001773834228515,1,0,0,1,0,0,0,0,0,0,0,0,0,0,0,1,0,0,0,0,0,0,0,0,1,0,0.5569010642158925,False,1137,0.0013925581937692,squared_hinge,0
Engine1_4340,1,0.974025974025974,0.0063133239746093,0.0001759529113769,0,1,1,0,0,0,0,0,0,0,0,0,0,0,0,1,0,0,0,0,1,0,0,0,0,0,0.1134959196299053,True,706,0.0003300844141443,hinge,0
Engine1_4340,1,0.974025974025974,0.0063960552215576,0.0001792907714843,0,1,0,0,1,0,0,0,0,0,0,0,0,0,0,1,0,0,0,1,0,0,0,0,0,0,0.1535975119933618,False,805,0.0089062628585962,squared_hinge,0
Engine1_4340,1,0.974025974025974,0.00634765625,0.0002079010009765,0,1,0,1,0,0,0,0,0,0,0,0,0,0,0,1,0,0,0,0,0,0,0,0,0,1,1.0267878505436523,True,868,0.0001658366704973,hinge,0
Engine1_4340,1,0.974025974025974,0.0063645839691162,0.0001816749572753,0,1,0,1,0,0,0,0,0,0,0,0,0,0,0,1,0,0,0,0,0,0,0,0,1,0,7.417297571297964,False,970,0.0035758602503429,hinge,0
Engine1_4340,1,0.974025974025974,0.0062952041625976,0.000241994857788,0,1,1,0,0,0,0,0,0,0,0,0,0,0,0,1,0,0,0,1,0,0,0,0,0,0,0.3721557761180114,False,1373,0.0004548370767304,squared_hinge,0
Engine1_4340,1,0.974025974025974,0.0064499378204345,0.000187873840332,1,0,1,0,0,0,0,0,0,0,0,0,0,0,0,1,0,0,0,1,0,0,0,0,0,0,0.1116185261876816,True,1022,0.000638897150264,hinge,0
Engine1_4340,1,0.974025974025974,0.0072011947631835,0.0001721382141113,1,0,0,1,0,0,0,0,0,0,0,0,1,0,0,0,0,0,0,0,0,0,0,0,0,1,4.243980834928695,True,778,0.0039957471998378,squared_hinge,0
Engine1_4340,1,0.974025974025974,0.0063176155090332,0.0001852512359619,0,1,0,0,1,0,0,0,0,0,0,0,0,0,0,1,0,0,0,0,0,0,0,0,1,0,3.497022414152088,True,1184,0.0001181502674785,hinge,0
Engine1_4340,1,0.974025974025974,0.0062596797943115,0.0001797676086425,1,0,0,0,1,0,0,0,0,0,0,0,0,0,0,1,0,0,0,1,0,0,0,0,0,0,5.522438380704204,True,1023,0.0008655264203962,hinge,0
Engine1_4340,0,0.974025974025974,0.0053019523620605,0.0002024173736572,1,0,1,0,0,0,0,0,0,0,0,0,0,0,0,1,0,0,0,0,0,0,0,1,0,0,0.8558021546326223,True,928,0.0006605427405666,hinge,0
Engine1_4340,1,0.974025974025974,0.0072865486145019,0.0001688003540039,0,1,1,0,0,0,0,0,0,0,0,0,1,0,0,0,0,0,0,0,0,0,0,0,0,1,0.1416993813397059,True,1413,0.0003346921542313,hinge,0
Engine1_4340,1,0.974025974025974,0.006350040435791,0.0002002716064453,1,0,0,0,1,0,0,0,0,0,0,0,0,0,0,1,0,0,0,0,1,0,0,0,0,0,0.1975071770472971,False,1236,0.0084489837514973,squared_hinge,0
Engine1_4340,1,0.974025974025974,0.0073001384735107,0.0001997947692871,0,1,1,0,0,0,0,0,0,0,0,0,0,0,0,1,0,0,0,0,0,0,0,0,0,1,8.332468151109941,True,984,0.0009880957594325,hinge,0
Engine1_4340,0,0.974025974025974,0.005312442779541,0.0002100467681884,0,1,1,0,0,0,0,0,0,0,0,0,0,0,0,1,0,0,0,0,0,0,0,1,0,0,5.153223264180959,False,964,0.0007400495892802,hinge,0
Engine1_4340,0,0.974025974025974,0.0052251815795898,0.0001790523529052,0,1,0,1,0,0,0,0,0,0,0,0,0,0,0,1,0,0,0,0,0,0,0,1,0,0,1.6346349446454154,True,906,0.0023921907490009,squared_hinge,0
Engine1_4340,1,0.974025974025974,0.0078387260437011,0.0002174377441406,0,1,0,0,1,0,0,0,0,0,0,0,1,0,0,0,0,0,0,0,0,0,0,0,0,1,0.1269430999147545,True,586,0.0030692651951705,hinge,0
Engine1_4340,0,0.974025974025974,0.0052251815795898,0.0001819133758544,1,0,0,0,1,0,0,0,0,0,0,0,0,0,0,1,0,0,0,0,0,0,0,1,0,0,0.1359221761917972,True,915,0.000335014373987,squared_hinge,0
PieChart2_1452,3,1.0,0.0013377666473388,0.0001182556152343,0,1,0,0,1,0,0,1,0,0,0,0,0,0,0,0,0,0,0,0,0,0,0,1,0,0,0.2324287644819433,True,1002,0.0004038654451132,squared_hinge,0
PieChart2_1452,3,1.0,0.0031349658966064,0.0002064704895019,1,0,1,0,0,0,0,0,0,0,0,0,1,0,0,0,0,0,0,0,1,0,0,0,0,0,2.077359362557636,True,603,0.00011909444634,hinge,0
PieChart2_1452,3,1.0,0.0014779567718505,0.0001332759857177,0,1,0,0,1,0,0,0,0,0,0,0,0,0,0,0,0,1,0,0,0,0,0,1,0,0,8.822829008905702,False,670,0.0096320707710955,hinge,0
PieChart2_1452,3,1.0,0.0016562938690185,0.0001220703125,0,1,1,0,0,0,0,0,1,0,0,0,0,0,0,0,0,0,0,0,0,1,0,0,0,0,1.4412150548277491,False,1698,0.0001000975126356,hinge,0
PieChart2_1452,3,1.0,0.0014171600341796,0.0001220703125,0,1,1,0,0,1,0,0,0,0,0,0,0,0,0,0,0,0,0,0,0,1,0,0,0,0,4.74268263959973,False,1487,0.0009117477401186,hinge,0
PieChart2_1452,3,1.0,0.0013926029205322,0.0001201629638671,0,1,1,0,0,0,0,0,0,0,1,0,0,0,0,0,0,0,0,0,0,1,0,0,0,0,3.4026705975737426,False,780,0.0007757704237826,hinge,0
PieChart2_1452,3,1.0,0.0013136863708496,0.0001158714294433,1,0,1,0,0,0,0,0,1,0,0,0,0,0,0,0,0,0,0,0,0,0,0,1,0,0,0.3343440693595564,True,779,0.0040674697840121,hinge,0
PieChart2_1452,3,1.0,0.0015032291412353,0.0001266002655029,1,0,1,0,0,0,0,0,0,0,0,0,0,0,0,0,0,1,0,0,0,0,0,1,0,0,1.4657169440127462,False,1163,0.0001376337446694,hinge,0
PieChart2_1452,3,1.0,0.0040173530578613,0.0001609325408935,0,1,1,0,0,0,0,0,0,0,0,0,0,0,0,1,0,0,0,0,0,1,0,0,0,0,2.5986509681725964,False,875,0.0004197692310797,hinge,0
PieChart2_1452,3,1.0,0.0082843303680419,0.0002539157867431,0,1,1,0,0,0,0,0,0,0,0,0,0,0,1,0,0,0,0,0,0,1,0,0,0,0,0.4410310713486498,True,1026,0.0027827270887129,hinge,0
PieChart2_1452,3,1.0,0.0029449462890625,0.0001637935638427,0,1,1,0,0,0,0,0,0,0,0,0,1,0,0,0,0,0,0,0,0,0,0,1,0,0,1.6652747547186573,True,986,0.0090942843201879,hinge,0
PieChart2_1452,3,1.0,0.0027642250061035,0.000162124633789,0,1,0,1,0,0,0,0,0,0,0,0,1,0,0,0,0,0,0,0,1,0,0,0,0,0,0.1814625668739919,True,852,0.0098255338853016,hinge,0
PieChart2_1452,3,1.0,0.0014326572418212,0.0001163482666015,0,1,0,1,0,0,0,0,1,0,0,0,0,0,0,0,0,0,0,0,1,0,0,0,0,0,3.995253665342097,True,551,0.0002291215228148,hinge,0
PieChart2_1452,3,1.0,0.0013844966888427,0.0001163482666015,0,1,0,1,0,0,0,0,0,0,0,0,0,0,0,0,0,0,1,0,0,0,0,0,0,1,0.418406314608133,True,752,0.0001390624298535,hinge,0
PieChart2_1452,3,1.0,0.0014684200286865,0.0001170635223388,0,1,0,1,0,0,0,0,0,0,0,0,0,0,0,0,0,1,0,0,0,0,0,0,0,1,0.4068424785450747,False,883,0.0009640581454811,hinge,0
PieChart2_1452,3,1.0,0.0027439594268798,0.0001578330993652,0,1,1,0,0,0,0,0,0,0,0,0,1,0,0,0,0,0,0,0,0,1,0,0,0,0,2.8776504918376085,True,809,0.0001177292848538,hinge,0
PieChart2_1452,3,1.0,0.0013613700866699,0.0001208782196044,0,1,1,0,0,0,0,0,0,0,0,0,0,0,0,0,0,1,0,0,0,0,0,1,0,0,3.706112722007786,False,624,0.000869707962351,hinge,0
PieChart2_1452,3,1.0,0.0013325214385986,0.0001194477081298,0,1,1,0,0,0,0,0,1,0,0,0,0,0,0,0,0,0,0,0,0,0,0,1,0,0,2.88467033598236,False,1499,0.0077535300878755,hinge,0
PieChart2_1452,3,1.0,0.0030457973480224,0.0001556873321533,0,1,1,0,0,0,0,0,0,0,0,0,1,0,0,0,0,0,0,0,0,0,1,0,0,0,0.4626602493150498,True,1149,0.0048323081518866,hinge,0
PieChart2_1452,3,1.0,0.0012853145599365,0.0001153945922851,0,1,1,0,0,0,0,0,1,0,0,0,0,0,0,0,0,0,0,0,0,0,1,0,0,0,6.934023965454659,False,934,0.000123552004596,squared_hinge,0
German-Credit-Risk-with-Target_46116,0,0.78,0.004878282546997,0.0002093315124511,1,0,0,1,0,0,0,0,0,0,0,0,1,0,0,0,0,0,0,0,0,0,0,0,1,0,1.5496179977941926,False,1192,0.0001107204444547,squared_hinge,0
German-Credit-Risk-with-Target_46116,0,0.78,0.0047767162322998,0.0001659393310546,0,1,0,1,0,0,0,0,0,0,0,0,1,0,0,0,0,0,0,0,0,0,0,0,1,0,0.5235599223347196,False,922,0.0006895111797696,squared_hinge,0
German-Credit-Risk-with-Target_46116,3,0.77,0.0047910213470458,0.0001692771911621,0,1,0,0,1,0,0,0,0,0,0,0,1,0,0,0,0,0,0,0,0,0,0,1,0,0,0.493445015064365,False,1710,0.0001665065269254,squared_hinge,0
German-Credit-Risk-with-Target_46116,0,0.76,0.0015358924865722,0.0001196861267089,1,0,0,1,0,0,0,0,0,0,0,0,0,0,0,0,0,1,0,0,1,0,0,0,0,0,0.1438101699861179,True,1870,0.0005497893931104,hinge,0
German-Credit-Risk-with-Target_46116,0,0.76,0.0016455650329589,0.0001280307769775,0,1,0,1,0,0,0,0,0,0,0,0,0,0,0,0,0,1,0,0,1,0,0,0,0,0,0.215970794079918,True,1508,0.0024910430925862,hinge,0
German-Credit-Risk-with-Target_46116,3,0.755,0.0098099708557128,0.0001845359802246,0,1,0,1,0,0,0,0,0,0,0,0,0,0,0,1,0,0,0,0,0,1,0,0,0,0,2.027949312644304,True,1300,0.0004692784162676,squared_hinge,0
German-Credit-Risk-with-Target_46116,1,0.755,0.0042307376861572,0.0003564357757568,0,1,0,0,1,0,0,0,0,0,0,0,0,0,1,0,0,0,0,0,0,0,0,1,0,0,0.4257350538906091,False,886,0.0005370584730535,hinge,0
German-Credit-Risk-with-Target_46116,1,0.755,0.0044155120849609,0.0002295970916748,0,1,0,0,1,0,0,0,0,0,0,0,1,0,0,0,0,0,0,0,0,0,0,1,0,0,0.3279771141945611,True,422,0.0001443293140316,squared_hinge,0
German-Credit-Risk-with-Target_46116,1,0.75,0.0022029876708984,0.0001506805419921,1,0,0,1,0,0,0,0,0,0,0,1,0,0,0,0,0,0,0,1,0,0,0,0,0,0,0.1023739126150444,False,1400,0.0064282449282575,hinge,0
German-Credit-Risk-with-Target_46116,3,0.75,0.0023250579833984,0.0001671314239501,0,1,0,0,1,0,0,0,0,1,0,0,0,0,0,0,0,0,0,1,0,0,0,0,0,0,4.872092623282963,True,851,0.0044936199212332,squared_hinge,0
German-Credit-Risk-with-Target_46116,1,0.75,0.0024819374084472,0.0001626014709472,0,1,0,1,0,0,0,0,0,0,0,1,0,0,0,0,0,0,0,1,0,0,0,0,0,0,0.349617937429922,True,1007,0.0005670485051354,squared_hinge,0
German-Credit-Risk-with-Target_46116,4,0.75,0.0078761577606201,0.0002303123474121,1,0,0,1,0,0,0,0,0,0,0,0,1,0,0,0,0,0,0,0,0,0,0,0,1,0,0.4114350904556729,False,1127,0.001300551446415,squared_hinge,0
German-Credit-Risk-with-Target_46116,4,0.75,0.0052130222320556,0.000162124633789,0,1,0,1,0,0,0,0,0,0,0,0,1,0,0,0,0,0,0,0,0,0,0,0,1,0,9.725770408752105,True,1177,0.0009688706422901,squared_hinge,0
German-Credit-Risk-with-Target_46116,1,0.745,0.0099124908447265,0.0002112388610839,0,1,0,1,0,0,0,0,0,0,0,0,1,0,0,0,0,0,0,1,0,0,0,0,0,0,0.9062856593192912,True,1106,0.0002702948320647,squared_hinge,0
German-Credit-Risk-with-Target_46116,1,0.745,0.0064978599548339,0.0001647472381591,1,0,0,1,0,0,0,0,0,0,0,0,1,0,0,0,0,0,0,0,0,0,1,0,0,0,1.1851727682463136,True,767,0.0002890751750614,squared_hinge,0
German-Credit-Risk-with-Target_46116,4,0.745,0.0015325546264648,0.0001232624053955,0,1,0,1,0,0,0,0,0,0,0,0,0,0,0,0,0,1,0,1,0,0,0,0,0,0,0.1311894155484578,False,952,0.0009973995102671,hinge,0
German-Credit-Risk-with-Target_46116,1,0.745,0.0016186237335205,0.0001227855682373,0,1,0,1,0,0,0,0,0,0,0,0,0,1,0,0,0,0,0,1,0,0,0,0,0,0,1.0371676939059,False,906,0.0007031887537328,hinge,0
German-Credit-Risk-with-Target_46116,1,0.745,0.0066854953765869,0.0001935958862304,0,1,0,1,0,0,0,0,0,0,0,0,1,0,0,0,0,0,0,0,0,0,1,0,0,0,0.7106401224267017,True,1323,0.0006482929375401,squared_hinge,0
German-Credit-Risk-with-Target_46116,1,0.745,0.0021846294403076,0.0001506805419921,1,0,0,1,0,0,0,0,0,1,0,0,0,0,0,0,0,0,0,1,0,0,0,0,0,0,5.499078545617444,True,901,0.0047294141451672,hinge,0
German-Credit-Risk-with-Target_46116,4,0.745,0.0016036033630371,0.000152587890625,1,0,0,1,0,0,0,0,0,0,0,0,0,0,0,0,0,1,0,1,0,0,0,0,0,0,1.111122876844079,True,919,0.0001113991443446,squared_hinge,0
analcatdata_germangss_1025,2,0.975,0.0035195350646972,0.0001266002655029,0,1,0,1,0,0,0,0,0,0,0,0,0,0,1,0,0,0,0,1,0,0,0,0,0,0,5.474941355149394,True,1028,0.0083622952801208,squared_hinge,0
analcatdata_germangss_1025,2,0.975,0.0031752586364746,0.0001451969146728,0,1,0,1,0,0,0,0,0,0,0,0,1,0,0,0,0,0,0,0,0,0,0,0,1,0,3.2331417769707644,False,911,0.0038305716983417,squared_hinge,0
analcatdata_germangss_1025,2,0.975,0.0035839080810546,0.0001764297485351,1,0,0,1,0,0,0,0,0,0,0,0,0,0,1,0,0,0,0,1,0,0,0,0,0,0,0.1059846115063162,False,998,0.006162414990771,squared_hinge,0
analcatdata_germangss_1025,2,0.975,0.0034873485565185,0.0001232624053955,0,1,0,1,0,0,0,0,0,0,0,0,0,0,1,0,0,0,0,0,0,0,0,1,0,0,8.832371913104256,False,681,0.0019752783850445,hinge,0
analcatdata_germangss_1025,2,0.975,0.0036606788635253,0.000133991241455,1,0,0,1,0,0,0,0,0,0,0,0,0,0,1,0,0,0,0,0,0,0,0,1,0,0,0.1401034965784739,True,662,0.0003697549786559,hinge,0
analcatdata_germangss_1025,2,0.975,0.0032088756561279,0.0001418590545654,1,0,0,1,0,0,0,0,0,0,0,0,1,0,0,0,0,0,0,0,0,0,0,0,1,0,0.1174860797985465,False,826,0.0011043601437857,squared_hinge,0
analcatdata_germangss_1025,3,0.9625,0.0025222301483154,0.0001356601715087,1,0,0,1,0,0,0,0,0,0,0,0,0,0,0,1,0,0,0,0,0,0,1,0,0,0,0.417089783056462,False,1098,0.0007804896175135,hinge,0
analcatdata_germangss_1025,3,0.9625,0.0024981498718261,0.0001351833343505,0,1,0,1,0,0,0,0,0,0,0,0,0,0,0,1,0,0,0,1,0,0,0,0,0,0,0.7054429315299748,False,734,0.0002260267445954,hinge,0
analcatdata_germangss_1025,3,0.9625,0.0024852752685546,0.0001413822174072,0,1,0,1,0,0,0,0,0,0,0,0,0,0,0,1,0,0,0,0,0,0,0,0,1,0,0.279636312181556,False,1078,0.0090398774870274,hinge,0
analcatdata_germangss_1025,2,0.9625,0.003159761428833,0.0001633167266845,0,1,0,1,0,0,0,0,0,0,0,0,1,0,0,0,0,0,0,0,0,0,0,0,0,1,0.987162420109974,True,1290,0.0004020313302913,hinge,0
analcatdata_germangss_1025,3,0.9625,0.0025112628936767,0.0001420974731445,0,1,0,1,0,0,0,0,0,0,0,0,0,0,0,1,0,0,0,0,0,0,0,0,0,1,8.62709749484256,True,555,0.000121211636505,hinge,0
analcatdata_germangss_1025,3,0.9625,0.0026166439056396,0.0001492500305175,0,1,0,1,0,0,0,0,0,0,0,0,0,0,0,1,0,0,0,0,1,0,0,0,0,0,1.2909544828491553,True,715,0.0009485330464232,squared_hinge,0
analcatdata_germangss_1025,3,0.9625,0.0025649070739746,0.0001392364501953,0,1,0,1,0,0,0,0,0,0,0,0,0,0,0,1,0,0,0,0,0,0,0,1,0,0,0.1673155725055135,False,590,0.0001639759798378,squared_hinge,0
analcatdata_germangss_1025,2,0.9625,0.0029106140136718,0.0001442432403564,1,0,0,1,0,0,0,0,0,0,0,0,1,0,0,0,0,0,0,0,0,0,0,0,0,1,6.664540132952159,False,579,0.0045214997242045,squared_hinge,0
analcatdata_germangss_1025,3,0.9625,0.0026142597198486,0.0001401901245117,1,0,0,1,0,0,0,0,0,0,0,0,0,0,0,1,0,0,0,0,0,0,0,1,0,0,0.1659674120773801,True,311,0.0001164417642567,squared_hinge,0
analcatdata_germangss_1025,2,0.9625,0.0028948783874511,0.0001497268676757,0,1,0,1,0,0,0,0,0,0,0,0,1,0,0,0,0,0,0,0,0,0,1,0,0,0,0.8221960558996536,True,1055,0.0001265147154076,hinge,0
analcatdata_germangss_1025,2,0.9625,0.0012156963348388,0.0001180171966552,1,0,0,1,0,0,1,0,0,0,0,0,0,0,0,0,0,0,0,0,0,0,0,0,1,0,0.838412253477041,False,731,0.0038060854140467,hinge,0
analcatdata_germangss_1025,2,0.9625,0.0029716491699218,0.000145673751831,1,0,0,1,0,0,0,0,0,0,0,0,1,0,0,0,0,0,0,0,0,0,1,0,0,0,2.8602985499233773,False,1059,0.0001795088703456,squared_hinge,0
analcatdata_germangss_1025,3,0.9625,0.0032958984375,0.0001440048217773,1,0,0,0,1,0,0,0,0,0,0,0,1,0,0,0,0,0,0,0,1,0,0,0,0,0,2.287650905230353,False,1285,0.0013388910607893,hinge,0
analcatdata_germangss_1025,2,0.9625,0.0029702186584472,0.0001757144927978,1,0,0,0,1,0,0,0,0,0,0,0,1,0,0,0,0,0,0,0,1,0,0,0,0,0,1.709801850814487,False,710,0.0017762894531387,hinge,0
chscase_census6_900,3,0.6875,0.0031604766845703,0.0001585483551025,1,0,0,0,1,0,0,0,0,0,0,0,1,0,0,0,0,0,0,0,1,0,0,0,0,0,1.875403100563344,True,1232,0.0097761868219344,hinge,0
chscase_census6_900,3,0.6875,0.0031318664550781,0.0001707077026367,1,0,1,0,0,0,0,0,0,0,0,0,1,0,0,0,0,0,0,0,1,0,0,0,0,0,3.318853509961921,False,1340,0.000322646910396,squared_hinge,0
chscase_census6_900,3,0.6875,0.002800703048706,0.0001957416534423,0,1,1,0,0,0,0,0,0,0,0,0,1,0,0,0,0,0,0,0,1,0,0,0,0,0,0.221054101306963,False,799,0.0003905775735,hinge,0
chscase_census6_900,3,0.6875,0.00286865234375,0.0001537799835205,0,1,0,1,0,0,0,0,0,0,0,0,1,0,0,0,0,0,0,0,1,0,0,0,0,0,8.968513895554892,True,406,0.0001354536718954,hinge,0
chscase_census6_900,3,0.6875,0.0028383731842041,0.0001542568206787,1,0,0,1,0,0,0,0,0,0,0,0,1,0,0,0,0,0,0,0,1,0,0,0,0,0,1.2338485070597889,False,638,0.000126077816883,hinge,0
chscase_census6_900,3,0.6875,0.002852439880371,0.0001518726348876,0,1,0,0,1,0,0,0,0,0,0,0,1,0,0,0,0,0,0,0,1,0,0,0,0,0,2.773395478461236,True,1735,0.0006589428790647,squared_hinge,0
chscase_census6_900,3,0.6375,0.0012991428375244,0.0001206398010253,1,0,0,1,0,0,0,0,0,0,0,0,0,1,0,0,0,0,0,0,0,0,0,0,0,1,1.4380731066151664,True,924,0.002076991868551,squared_hinge,0
chscase_census6_900,3,0.6375,0.0014693737030029,0.0001418590545654,0,1,0,1,0,0,0,0,0,0,0,1,0,0,0,0,0,0,0,0,0,0,0,0,0,1,5.634211541743528,True,1305,0.0021096013082766,hinge,0
chscase_census6_900,3,0.6375,0.0025780200958251,0.0001361370086669,1,0,0,0,1,0,0,0,0,0,0,1,0,0,0,0,0,0,0,0,0,0,0,0,0,1,1.494452583339744,True,1006,0.0035765310138203,hinge,0
chscase_census6_900,3,0.6375,0.0012826919555664,0.0001239776611328,1,0,0,0,1,0,0,0,0,0,0,0,0,1,0,0,0,0,0,0,0,0,0,0,0,1,0.1553292091247542,False,474,0.0012010232372964,hinge,0
chscase_census6_900,3,0.6375,0.0015528202056884,0.0001392364501953,0,1,1,0,0,0,0,0,0,0,0,1,0,0,0,0,0,0,0,0,0,0,0,0,0,1,5.590199679809709,False,1152,0.003860383543284,hinge,0
chscase_census6_900,3,0.6375,0.0012967586517333,0.0001246929168701,0,1,0,1,0,0,0,0,0,0,0,0,0,1,0,0,0,0,0,0,0,0,0,0,0,1,0.1602098740524621,False,814,0.0002294965509922,hinge,0
chscase_census6_900,3,0.6375,0.0015859603881835,0.0001418590545654,0,1,1,0,0,0,0,0,0,1,0,0,0,0,0,0,0,0,0,0,0,0,0,0,0,1,1.1046575570356048,True,1590,0.0018547878323341,squared_hinge,0
chscase_census6_900,3,0.6375,0.0011799335479736,0.0001146793365478,0,1,0,0,1,0,0,0,0,0,0,0,0,1,0,0,0,0,0,0,0,0,0,0,0,1,0.2533147433353,True,777,0.0036023038121197,hinge,0
chscase_census6_900,3,0.6375,0.0013582706451416,0.0001282691955566,0,1,0,0,1,0,0,0,0,0,0,1,0,0,0,0,0,0,0,0,0,0,0,0,0,1,0.1745595236575129,False,1510,0.0013866131838011,hinge,0
chscase_census6_900,3,0.6375,0.002016544342041,0.0001425743103027,1,0,0,0,1,0,0,0,0,1,0,0,0,0,0,0,0,0,0,0,0,0,0,0,0,1,0.1755859372657912,True,1505,0.0028029276037227,hinge,0
chscase_census6_900,3,0.6375,0.0014712810516357,0.0001370906829833,1,0,1,0,0,0,0,0,0,0,0,1,0,0,0,0,0,0,0,0,0,0,0,0,0,1,5.392098566723421,True,567,0.0001919707706624,hinge,0
chscase_census6_900,3,0.6375,0.0016024112701416,0.0001382827758789,1,0,0,1,0,0,0,0,0,1,0,0,0,0,0,0,0,0,0,0,0,0,0,0,0,1,0.4915967377653649,True,1207,0.0007692012443805,squared_hinge,0
chscase_census6_900,3,0.6375,0.0015788078308105,0.0001447200775146,1,0,1,0,0,0,0,0,0,1,0,0,0,0,0,0,0,0,0,0,0,0,0,0,0,1,0.5081060399368529,True,893,0.0050426711134124,squared_hinge,0
chscase_census6_900,3,0.6375,0.0016427040100097,0.0001628398895263,0,1,0,0,1,0,0,0,0,1,0,0,0,0,0,0,0,0,0,0,0,0,0,0,0,1,2.3469529789604806,True,1349,0.0004323037752539,squared_hinge,0
visualizing_galaxy_925,0,1.0,0.0011482238769531,0.0001113414764404,0,1,0,0,1,0,0,0,0,0,0,0,0,0,1,0,0,0,0,0,0,0,0,0,0,1,4.607814557005589,True,1122,0.0062793329211704,hinge,0
visualizing_galaxy_925,0,1.0,0.0011341571807861,0.000119924545288,0,1,0,1,0,0,0,0,0,0,1,0,0,0,0,0,0,0,0,1,0,0,0,0,0,0,4.353892668459357,False,1056,0.0094628384435889,squared_hinge,0
visualizing_galaxy_925,0,1.0,0.0019590854644775,0.000131607055664,0,1,1,0,0,0,0,0,0,0,0,0,1,0,0,0,0,0,0,0,0,0,1,0,0,0,1.974264674117313,True,872,0.0001900402279536,hinge,0
visualizing_galaxy_925,0,1.0,0.0018093585968017,0.0001373291015625,1,0,0,1,0,0,0,0,0,0,0,0,1,0,0,0,0,0,0,0,0,0,0,0,0,1,2.7261742116332432,False,1176,0.0001973768429727,hinge,0
visualizing_galaxy_925,0,1.0,0.0011508464813232,0.0001094341278076,0,1,1,0,0,0,0,0,0,0,1,0,0,0,0,0,0,0,0,1,0,0,0,0,0,0,1.7047967404668167,False,577,0.0005619630426684,hinge,0
visualizing_galaxy_925,0,1.0,0.0011088848114013,0.000110387802124,1,0,1,0,0,0,0,0,0,0,0,0,0,0,1,0,0,0,0,0,0,0,1,0,0,0,4.609862996260307,True,1284,0.0013364377605153,squared_hinge,0
visualizing_galaxy_925,0,1.0,0.0016307830810546,0.000185489654541,1,0,0,1,0,0,0,0,0,1,0,0,0,0,0,0,0,0,0,1,0,0,0,0,0,0,0.4889330576841842,False,1252,0.0033561430211495,squared_hinge,0
visualizing_galaxy_925,0,1.0,0.0014789104461669,0.0001249313354492,0,1,1,0,0,0,0,0,0,1,0,0,0,0,0,0,0,0,0,1,0,0,0,0,0,0,0.2992762639412901,False,1154,0.0001364052993205,squared_hinge,0
visualizing_galaxy_925,3,1.0,0.0015058517456054,0.000138521194458,0,1,0,0,1,0,0,0,0,1,0,0,0,0,0,0,0,0,0,0,0,1,0,0,0,0,0.2473464700396445,True,717,0.0036575552456209,hinge,0
visualizing_galaxy_925,0,1.0,0.0018255710601806,0.0001337528228759,0,1,0,1,0,0,0,0,0,0,0,0,1,0,0,0,0,0,0,0,0,0,1,0,0,0,1.6113519685966666,False,710,0.0002123328223885,hinge,0
visualizing_galaxy_925,0,1.0,0.0011622905731201,0.0001153945922851,1,0,0,1,0,0,0,0,0,0,0,0,0,0,1,0,0,0,0,0,0,0,0,0,0,1,0.2979545200778871,False,802,0.0001479448251326,squared_hinge,0
visualizing_galaxy_925,0,1.0,0.0011730194091796,0.0001235008239746,0,1,0,1,0,0,0,0,0,0,0,0,0,0,1,0,0,0,0,0,0,0,1,0,0,0,0.1819443696117385,False,729,0.001605364656694,squared_hinge,0
visualizing_galaxy_925,0,1.0,0.0015656948089599,0.0001311302185058,0,1,0,0,1,0,0,0,0,1,0,0,0,0,0,0,0,0,0,1,0,0,0,0,0,0,8.491621458639997,True,1091,0.0001426664163163,hinge,0
visualizing_galaxy_925,0,1.0,0.001094102859497,0.0001096725463867,0,1,0,0,1,0,0,0,0,0,1,0,0,0,0,0,0,0,0,1,0,0,0,0,0,0,0.5702762214643212,False,846,0.0001400215069575,hinge,0
visualizing_galaxy_925,0,1.0,0.0013892650604248,0.0001235008239746,0,1,0,1,0,0,0,0,0,1,0,0,0,0,0,0,0,0,0,1,0,0,0,0,0,0,6.140274571087991,True,885,0.0017189906861278,squared_hinge,0
visualizing_galaxy_925,0,1.0,0.0019724369049072,0.0001387596130371,1,0,1,0,0,0,0,0,0,0,0,0,1,0,0,0,0,0,0,0,0,0,1,0,0,0,2.563517540109276,True,860,0.002497482042726,squared_hinge,0
visualizing_galaxy_925,3,1.0,0.0014424324035644,0.0001239776611328,0,1,0,1,0,0,0,0,0,1,0,0,0,0,0,0,0,0,0,0,0,1,0,0,0,0,0.4976146129373339,False,651,0.0068944761742981,squared_hinge,0
visualizing_galaxy_925,0,1.0,0.0014288425445556,0.0001163482666015,0,1,1,0,0,0,0,0,0,0,0,0,0,0,1,0,0,0,0,0,0,0,0,0,0,1,0.1924046741543583,False,838,0.0082213835368813,squared_hinge,0
visualizing_galaxy_925,0,1.0,0.0010607242584228,0.0001091957092285,1,0,0,1,0,0,0,0,0,0,1,0,0,0,0,0,0,0,0,1,0,0,0,0,0,0,4.820955034604084,False,1331,0.0008993700418781,squared_hinge,0
visualizing_galaxy_925,0,1.0,0.0017311573028564,0.0001258850097656,0,1,1,0,0,0,0,0,0,0,0,0,1,0,0,0,0,0,0,0,0,0,0,0,0,1,6.069987034959095,True,1250,0.001939673127495,hinge,0
fri_c4_1000_50_797,4,0.71,0.0053396224975585,0.000157356262207,0,1,1,0,0,0,0,0,0,0,0,0,0,0,0,1,0,0,0,0,0,0,0,0,1,0,0.2319861022840246,True,1146,0.0035990945234511,hinge,0
fri_c4_1000_50_797,4,0.71,0.0014154911041259,0.0001106262207031,0,1,1,0,0,0,0,0,0,0,0,0,0,0,0,0,0,1,0,0,0,0,0,1,0,0,1.8069965858181911,True,1448,0.0070188969898382,hinge,0
fri_c4_1000_50_797,0,0.71,0.0056273937225341,0.0001635551452636,1,0,0,0,1,0,0,0,0,0,0,0,0,0,0,1,0,0,0,0,0,0,0,1,0,0,1.3358507352186657,False,840,0.0001107193657835,squared_hinge,0
fri_c4_1000_50_797,0,0.71,0.0053238868713378,0.0003023147583007,0,1,1,0,0,0,0,0,0,0,0,0,0,0,0,1,0,0,0,0,0,0,0,1,0,0,7.189214175469124,True,896,0.000273028375834,squared_hinge,0
fri_c4_1000_50_797,4,0.71,0.0017676353454589,0.0001130104064941,1,0,0,0,1,1,0,0,0,0,0,0,0,0,0,0,0,0,0,0,1,0,0,0,0,0,1.9738589749838904,True,1300,0.0011187678428337,hinge,0
fri_c4_1000_50_797,4,0.71,0.0060141086578369,0.000166893005371,1,0,0,0,1,0,0,0,0,0,0,0,0,0,0,1,0,0,0,0,1,0,0,0,0,0,0.3478401037873413,False,991,0.0002906067548252,hinge,0
fri_c4_1000_50_797,0,0.71,0.0051324367523193,0.0001640319824218,1,0,1,0,0,0,0,0,0,0,0,0,0,0,0,1,0,0,0,0,0,0,0,1,0,0,2.699904498304895,False,725,0.0010805927885245,hinge,0
fri_c4_1000_50_797,4,0.71,0.0015130043029785,0.0001142024993896,1,0,1,0,0,0,0,0,0,0,0,0,0,0,0,0,0,1,0,0,0,0,0,1,0,0,1.1376133470479055,True,643,0.0022815737777883,hinge,0
fri_c4_1000_50_797,4,0.71,0.0053544044494628,0.0001578330993652,0,1,0,0,1,0,0,0,0,0,0,0,0,0,0,1,0,0,0,1,0,0,0,0,0,0,0.4949769500268577,False,723,0.0034611622799727,hinge,0
fri_c4_1000_50_797,4,0.71,0.0053572654724121,0.0001618862152099,0,1,0,1,0,0,0,0,0,0,0,0,0,0,0,1,0,0,0,0,1,0,0,0,0,0,1.6418744205098423,False,1383,0.0046971859023977,hinge,0
fri_c4_1000_50_797,0,0.71,0.0052433013916015,0.0001564025878906,1,0,0,1,0,0,0,0,0,0,0,0,0,0,0,1,0,0,0,0,0,0,0,1,0,0,8.406239343569178,False,1063,0.0097523508360879,hinge,0
fri_c4_1000_50_797,4,0.71,0.0054347515106201,0.0001544952392578,1,0,1,0,0,0,0,0,0,0,0,0,0,0,0,1,0,0,0,0,0,0,0,0,0,1,4.31384019585942,True,1094,0.0057445494190066,hinge,0
fri_c4_1000_50_797,4,0.71,0.0052800178527832,0.0001544952392578,0,1,0,0,1,0,0,0,0,0,0,0,0,0,0,1,0,0,0,0,0,0,0,0,1,0,3.0538440988240554,True,1015,0.0004952126116381,hinge,0
fri_c4_1000_50_797,4,0.71,0.0058727264404296,0.0001873970031738,1,0,0,1,0,0,0,0,0,0,0,0,0,0,0,1,0,0,0,0,1,0,0,0,0,0,0.1421347862817915,True,790,0.0003810165178208,squared_hinge,0
fri_c4_1000_50_797,4,0.71,0.0055229663848876,0.0001637935638427,1,0,0,0,1,0,0,0,0,0,0,0,0,0,0,1,0,0,0,0,0,0,0,0,1,0,0.1744584949026251,True,210,0.0004016905395916,hinge,0
fri_c4_1000_50_797,4,0.71,0.0018413066864013,0.0001161098480224,0,1,0,1,0,1,0,0,0,0,0,0,0,0,0,0,0,0,0,0,1,0,0,0,0,0,1.677311038578167,False,506,0.0001528056968529,hinge,0
fri_c4_1000_50_797,4,0.71,0.0020380020141601,0.0001299381256103,1,0,0,1,0,1,0,0,0,0,0,0,0,0,0,0,0,0,0,0,1,0,0,0,0,0,0.1157235576535406,True,1370,0.0021186562122331,hinge,0
fri_c4_1000_50_797,4,0.71,0.0052621364593505,0.0001685619354248,0,1,1,0,0,0,0,0,0,0,0,0,0,0,0,1,0,0,0,0,1,0,0,0,0,0,1.9282043695139004,True,1228,0.0001049917656938,hinge,0
fri_c4_1000_50_797,4,0.71,0.0059154033660888,0.0001459121704101,0,1,0,0,1,0,0,0,0,0,0,0,0,0,0,1,0,0,0,0,0,0,0,0,0,1,0.4016627233798507,True,1483,0.0003845784851105,hinge,0
fri_c4_1000_50_797,0,0.71,0.0057864189147949,0.000171422958374,0,1,0,1,0,0,0,0,0,0,0,0,0,0,0,1,0,0,0,0,0,0,0,1,0,0,0.2098452502938853,False,1079,0.0034207858853085,hinge,0
MegaWatt1_1442,3,0.96,0.0011346340179443,0.0001134872436523,0,1,0,0,1,0,0,0,0,0,0,0,0,1,0,0,0,0,0,0,0,0,0,1,0,0,0.1236954143719448,False,1210,0.0008677001345043,hinge,0
MegaWatt1_1442,3,0.96,0.0012247562408447,0.0001165866851806,0,1,0,0,1,0,0,0,0,0,0,1,0,0,0,0,0,0,0,0,0,0,0,1,0,0,0.2648860540198518,False,615,0.0006696753081825,hinge,0
MegaWatt1_1442,3,0.96,0.0014741420745849,0.0001306533813476,0,1,0,0,1,0,0,0,0,1,0,0,0,0,0,0,0,0,0,0,0,0,0,1,0,0,2.464987951934768,False,523,0.0037346540830834,squared_hinge,0
MegaWatt1_1442,3,0.96,0.0010843276977539,0.0001139640808105,0,1,0,0,1,0,0,1,0,0,0,0,0,0,0,0,0,0,0,0,0,0,0,1,0,0,0.7925053812638261,True,1322,0.0006378850360353,squared_hinge,0
MegaWatt1_1442,3,0.96,0.0012252330780029,0.0001373291015625,0,1,0,0,1,0,0,0,0,0,1,0,0,0,0,0,0,0,0,0,0,0,0,1,0,0,0.116288894906962,True,1087,0.0008856280084613,hinge,0
MegaWatt1_1442,3,0.96,0.0022084712982177,0.0001518726348876,1,0,1,0,0,0,0,0,0,0,0,0,1,0,0,0,0,0,0,0,1,0,0,0,0,0,0.1374591591133548,False,1001,0.0009705090633967,squared_hinge,0
MegaWatt1_1442,3,0.96,0.001798391342163,0.0001492500305175,1,0,0,1,0,0,0,0,0,1,0,0,0,0,0,0,0,0,0,0,0,0,0,1,0,0,1.4699810555935988,False,850,0.001028414689144,hinge,0
MegaWatt1_1442,3,0.96,0.0011341571807861,0.000112771987915,1,0,0,1,0,0,0,0,0,0,1,0,0,0,0,0,0,0,0,0,0,0,0,1,0,0,4.725709307953421,False,1543,0.0001596242961426,squared_hinge,0
MegaWatt1_1442,3,0.96,0.0010976791381835,0.0001122951507568,1,0,0,1,0,0,0,1,0,0,0,0,0,0,0,0,0,0,0,0,0,0,0,1,0,0,1.5565547151368528,False,747,0.0011382688416106,hinge,0
MegaWatt1_1442,3,0.96,0.0012068748474121,0.0001184940338134,0,1,0,1,0,1,0,0,0,0,0,0,0,0,0,0,0,0,0,1,0,0,0,0,0,0,0.5891597709562317,True,1450,0.0005943129680504,hinge,0
MegaWatt1_1442,3,0.96,0.0010542869567871,0.0001091957092285,1,0,1,0,0,0,0,0,1,0,0,0,0,0,0,0,0,0,0,0,0,0,1,0,0,0,0.7463041199966008,False,1007,0.0063002428219065,hinge,0
MegaWatt1_1442,3,0.96,0.0014595985412597,0.0001337528228759,0,1,0,1,0,0,0,0,0,0,0,1,0,0,0,0,0,0,0,1,0,0,0,0,0,0,0.6308122068336746,True,398,0.0001059401111952,hinge,0
MegaWatt1_1442,3,0.96,0.0014116764068603,0.0001392364501953,1,0,1,0,0,0,0,0,0,0,0,1,0,0,0,0,0,0,0,0,0,0,0,1,0,0,6.218704769591197,False,1187,0.0010785334722719,hinge,0
MegaWatt1_1442,3,0.96,0.0011956691741943,0.0001368522644042,0,1,0,1,0,0,0,0,0,0,0,0,0,0,0,0,0,1,0,1,0,0,0,0,0,0,0.2020283887542455,True,979,0.0088924313322173,squared_hinge,0
MegaWatt1_1442,4,0.96,0.0013210773468017,0.0001251697540283,1,0,1,0,0,0,0,0,0,0,0,0,0,0,0,0,0,0,1,0,0,0,1,0,0,0,0.5797664402181446,True,870,0.0001072721589734,hinge,0
MegaWatt1_1442,3,0.96,0.0010523796081542,0.0001120567321777,1,0,1,0,0,0,0,0,0,0,0,0,0,0,0,0,0,1,0,0,0,0,1,0,0,0,0.4135668611932895,False,1033,0.0024087082646255,squared_hinge,0
MegaWatt1_1442,3,0.96,0.0014009475708007,0.0001204013824462,0,1,0,1,0,0,0,0,0,0,0,0,0,0,0,0,1,0,0,0,0,1,0,0,0,0,1.5079526347048977,True,225,0.0001147569635071,hinge,0
MegaWatt1_1442,3,0.96,0.005091905593872,0.0001485347747802,0,1,0,1,0,0,0,0,0,0,0,0,0,0,1,0,0,0,0,0,0,1,0,0,0,0,2.4220653629526008,False,1058,0.0053084813721225,hinge,0
MegaWatt1_1442,3,0.96,0.0017471313476562,0.000152587890625,0,1,0,1,0,0,0,0,0,0,0,0,1,0,0,0,0,0,0,0,0,1,0,0,0,0,1.0833879362125003,True,1030,0.0002470886912402,hinge,0
MegaWatt1_1442,3,0.96,0.0012438297271728,0.0001194477081298,0,1,0,1,0,1,0,0,0,0,0,0,0,0,0,0,0,0,0,0,0,0,0,0,0,1,9.614340723293829,False,1557,0.0044702450246659,hinge,0
stock_841,4,0.9842105263157894,0.0060386657714843,0.0001752376556396,0,1,0,0,1,0,0,0,0,0,0,0,0,0,0,1,0,0,0,0,1,0,0,0,0,0,0.3224131983697487,True,1701,0.0068120304038689,hinge,0
stock_841,4,0.9842105263157894,0.0062358379364013,0.0001790523529052,0,1,1,0,0,0,0,0,0,0,0,0,0,0,0,1,0,0,0,0,1,0,0,0,0,0,0.1088999250204165,True,916,0.0001871913737336,hinge,0
stock_841,4,0.9842105263157894,0.0062191486358642,0.0001590251922607,0,1,1,0,0,0,0,0,0,0,0,0,0,0,0,1,0,0,0,0,0,0,0,0,1,0,2.798612507377657,True,1296,0.0001572449765998,squared_hinge,0
stock_841,4,0.9842105263157894,0.0062732696533203,0.0002169609069824,0,1,0,0,1,0,0,0,0,0,0,0,0,0,0,1,0,0,0,0,0,0,0,0,1,0,0.3087446097389036,True,1403,0.0047122238597353,squared_hinge,0
stock_841,4,0.9842105263157894,0.0059919357299804,0.0001523494720458,0,1,0,1,0,0,0,0,0,0,0,0,0,0,0,1,0,0,0,0,0,0,0,0,0,1,8.73576567474639,False,1029,0.0002239945953258,hinge,0
stock_841,4,0.9842105263157894,0.0061261653900146,0.0001556873321533,1,0,0,0,1,0,0,0,0,0,0,0,0,0,0,1,0,0,0,1,0,0,0,0,0,0,4.047876614041443,False,1074,0.0001278440570775,squared_hinge,0
stock_841,4,0.9842105263157894,0.0060935020446777,0.0001571178436279,1,0,1,0,0,0,0,0,0,0,0,0,0,0,0,1,0,0,0,1,0,0,0,0,0,0,1.7874182649156722,False,887,0.0002764283238824,hinge,0
stock_841,4,0.9842105263157894,0.0060441493988037,0.0001709461212158,1,0,1,0,0,0,0,0,0,0,0,0,0,0,0,1,0,0,0,0,0,0,0,0,1,0,2.56284084782752,True,607,0.000257399846733,hinge,0
stock_841,4,0.9842105263157894,0.0061304569244384,0.0001568794250488,0,1,0,1,0,0,0,0,0,0,0,0,0,0,0,1,0,0,0,1,0,0,0,0,0,0,3.975329017687207,True,1333,0.0022348567465511,hinge,0
stock_841,4,0.9842105263157894,0.0062394142150878,0.0001609325408935,1,0,1,0,0,0,0,0,0,0,0,0,0,0,0,1,0,0,0,0,1,0,0,0,0,0,2.337922024549991,True,706,0.0008790184160291,hinge,0
stock_841,4,0.9842105263157894,0.0060970783233642,0.0001587867736816,0,1,0,0,1,0,0,0,0,0,0,0,0,0,0,1,0,0,0,0,0,0,0,0,0,1,0.4247880850850117,True,923,0.003398508771856,squared_hinge,0
stock_841,4,0.9842105263157894,0.0061566829681396,0.000154972076416,0,1,0,0,1,0,0,0,0,0,0,0,0,0,0,1,0,0,0,1,0,0,0,0,0,0,1.029618484090683,False,1316,0.000296290814107,hinge,0
stock_841,4,0.9842105263157894,0.0062193870544433,0.0001814365386962,1,0,1,0,0,0,0,0,0,0,0,0,0,0,0,1,0,0,0,0,0,0,0,0,0,1,0.4250650121192406,True,585,0.0009588149878479,hinge,0
stock_841,4,0.9842105263157894,0.0062835216522216,0.0001657009124755,0,1,0,1,0,0,0,0,0,0,0,0,0,0,0,1,0,0,0,0,0,0,0,0,1,0,2.543359158494225,True,910,0.0001625601218432,hinge,0
stock_841,4,0.9842105263157894,0.0070006847381591,0.0001578330993652,0,1,1,0,0,0,0,0,0,0,0,0,0,0,0,1,0,0,0,0,0,0,0,0,0,1,0.1039127743153599,True,1427,0.0008795411794285,squared_hinge,0
stock_841,4,0.9842105263157894,0.0060904026031494,0.0002095699310302,1,0,0,1,0,0,0,0,0,0,0,0,0,0,0,1,0,0,0,0,1,0,0,0,0,0,0.5904808405089564,True,574,0.0009972487831981,hinge,0
stock_841,4,0.9842105263157894,0.0061233043670654,0.0001840591430664,1,0,0,0,1,0,0,0,0,0,0,0,0,0,0,1,0,0,0,0,0,0,0,0,1,0,0.2075494010382686,True,869,0.0066528803834009,hinge,0
stock_841,4,0.9842105263157894,0.0062372684478759,0.0001530647277832,1,0,0,1,0,0,0,0,0,0,0,0,0,0,0,1,0,0,0,0,0,0,0,0,0,1,7.920851323710002,False,616,0.007896333790771,hinge,0
stock_841,4,0.9842105263157894,0.006373643875122,0.0002074241638183,1,0,0,1,0,0,0,0,0,0,0,0,0,0,0,1,0,0,0,1,0,0,0,0,0,0,2.744823647681372,True,1294,0.005631144241348,hinge,0
stock_841,4,0.9842105263157894,0.0061376094818115,0.0001609325408935,0,1,1,0,0,0,0,0,0,0,0,0,0,0,0,1,0,0,0,1,0,0,0,0,0,0,1.0159863274120913,True,1582,0.0069963615077692,hinge,0
autoUniv-au7-1100_1552,1,0.3863636363636363,0.041360855102539,0.0002796649932861,0,1,0,1,0,0,0,0,0,0,0,0,0,0,1,0,0,0,0,1,0,0,0,0,0,0,0.3050022846306496,False,1362,0.0001239065414486,squared_hinge,0
autoUniv-au7-1100_1552,3,0.3863636363636363,0.0279440879821777,0.0002667903900146,0,1,0,1,0,0,0,0,0,0,0,0,1,0,0,0,0,0,0,0,0,0,0,0,1,0,0.1092596712660548,True,1110,0.0045039222169688,squared_hinge,0
autoUniv-au7-1100_1552,1,0.3863636363636363,0.0542919635772705,0.0002727508544921,0,1,0,1,0,0,0,0,0,0,0,0,0,0,0,1,0,0,0,0,0,1,0,0,0,0,3.2467040816582435,True,944,0.0001358870968794,hinge,0
autoUniv-au7-1100_1552,3,0.3863636363636363,0.05621337890625,0.0002985000610351,0,1,0,1,0,0,0,0,0,0,0,0,0,0,0,1,0,0,0,0,0,1,0,0,0,0,0.9831617818641992,True,1232,0.0013921819842655,hinge,0
autoUniv-au7-1100_1552,3,0.3863636363636363,0.0281765460968017,0.0002326965332031,1,0,0,1,0,0,0,0,0,0,0,0,1,0,0,0,0,0,0,0,0,0,0,0,1,0,0.1510252206397161,True,1196,0.0001480904370874,squared_hinge,0
autoUniv-au7-1100_1552,1,0.3863636363636363,0.0512189865112304,0.0002870559692382,1,0,0,1,0,0,0,0,0,0,0,0,0,0,0,1,0,0,0,0,0,1,0,0,0,0,1.4129092718122618,False,623,0.0038189636833313,hinge,0
autoUniv-au7-1100_1552,3,0.3863636363636363,0.0551731586456298,0.0002610683441162,1,0,0,1,0,0,0,0,0,0,0,0,0,0,0,1,0,0,0,0,0,1,0,0,0,0,0.1202336912635984,True,669,0.0001010526323324,hinge,0
autoUniv-au7-1100_1552,1,0.3863636363636363,0.0411725044250488,0.00022554397583,1,0,0,1,0,0,0,0,0,0,0,0,0,0,1,0,0,0,0,1,0,0,0,0,0,0,0.7351725953428243,True,531,0.0005857942706216,hinge,0
autoUniv-au7-1100_1552,1,0.3772727272727272,0.0351498126983642,0.0002458095550537,0,1,0,1,0,0,0,0,0,0,0,0,0,0,1,0,0,0,0,0,0,0,0,1,0,0,0.7578959340023512,True,1073,0.0011456162793288,hinge,0
autoUniv-au7-1100_1552,1,0.3772727272727272,0.0368287563323974,0.0003209114074707,1,0,0,1,0,0,0,0,0,0,0,0,0,0,1,0,0,0,0,0,0,0,0,1,0,0,5.337177166932323,True,918,0.0003481956804935,hinge,0
autoUniv-au7-1100_1552,3,0.3727272727272727,0.028782844543457,0.0003032684326171,1,0,0,1,0,0,0,0,0,0,0,0,1,0,0,0,0,0,0,0,0,0,0,1,0,0,9.434288909828677,False,1182,0.0010244186241664,hinge,0
autoUniv-au7-1100_1552,3,0.3727272727272727,0.0269520282745361,0.0002460479736328,0,1,0,1,0,0,0,0,0,0,0,0,1,0,0,0,0,0,0,0,0,0,0,1,0,0,0.1940989714954439,False,1370,0.0056543624944254,squared_hinge,0
autoUniv-au7-1100_1552,2,0.3681818181818181,0.0206248760223388,0.0002405643463134,0,1,0,1,0,0,0,0,0,0,0,0,1,0,0,0,0,0,0,0,0,0,0,1,0,0,2.535925779190446,False,1103,0.0016597052679815,squared_hinge,0
autoUniv-au7-1100_1552,2,0.3681818181818181,0.0221850872039794,0.0003156661987304,1,0,0,1,0,0,0,0,0,0,0,0,1,0,0,0,0,0,0,0,0,0,0,1,0,0,5.538243620617416,False,974,0.0012768855978167,hinge,0
autoUniv-au7-1100_1552,0,0.3636363636363636,0.0283393859863281,0.0002577304840087,1,0,0,0,1,0,0,0,0,0,0,0,1,0,0,0,0,0,0,0,0,0,0,1,0,0,0.7247341087819196,True,1386,0.0091590050505758,hinge,0
autoUniv-au7-1100_1552,0,0.3636363636363636,0.0282108783721923,0.0002572536468505,0,1,0,0,1,0,0,0,0,0,0,0,1,0,0,0,0,0,0,0,0,0,0,1,0,0,0.4499778071769442,True,542,0.0006025605648927,squared_hinge,0
autoUniv-au7-1100_1552,2,0.3636363636363636,0.0235857963562011,0.0002582073211669,1,0,0,1,0,0,0,0,0,0,0,0,1,0,0,0,0,0,0,0,0,0,1,0,0,0,0.1096517438596893,True,1019,0.0058064064686262,hinge,0
autoUniv-au7-1100_1552,2,0.3636363636363636,0.0236999988555908,0.0002806186676025,0,1,0,1,0,0,0,0,0,0,0,0,1,0,0,0,0,0,0,0,0,0,1,0,0,0,1.3394060943641186,False,936,0.0019656400313899,hinge,0
autoUniv-au7-1100_1552,1,0.3545454545454545,0.0257353782653808,0.0003571510314941,0,1,0,1,0,0,0,0,0,0,0,0,0,0,1,0,0,0,0,0,0,0,0,0,0,1,0.2295729214912469,False,954,0.0035510343950394,hinge,0
autoUniv-au7-1100_1552,1,0.3545454545454545,0.0231592655181884,0.0002558231353759,1,0,0,1,0,0,0,0,0,0,0,0,0,0,1,0,0,0,0,0,0,0,0,0,0,1,0.1408108630094309,True,843,0.0004207689657686,hinge,0
robot-failures-lp4_1519,4,1.0,0.0039083957672119,0.0001401901245117,0,1,1,0,0,0,0,0,0,0,0,0,0,0,0,1,0,0,0,1,0,0,0,0,0,0,0.1018959769132479,True,1391,0.0016645350023577,hinge,0
robot-failures-lp4_1519,4,1.0,0.0039448738098144,0.0001683235168457,0,1,1,0,0,0,0,0,0,0,0,0,0,0,0,1,0,0,0,0,0,0,0,0,0,1,8.355184429327311,False,478,0.0049769395892378,squared_hinge,0
robot-failures-lp4_1519,4,1.0,0.0038890838623046,0.0001423358917236,0,1,0,1,0,0,0,0,0,0,0,0,0,0,0,1,0,0,0,0,1,0,0,0,0,0,5.200588746921684,True,1203,0.0017834082379354,hinge,0
robot-failures-lp4_1519,3,1.0,0.0019752979278564,0.0001094341278076,0,1,1,0,0,0,0,0,1,0,0,0,0,0,0,0,0,0,0,1,0,0,0,0,0,0,8.404944722897557,True,698,0.0022488340884518,squared_hinge,0
robot-failures-lp4_1519,4,1.0,0.0040264129638671,0.0001401901245117,0,1,0,0,1,0,0,0,0,0,0,0,0,0,0,1,0,0,0,0,0,0,0,0,1,0,7.646642995832322,True,389,0.0010522212405549,squared_hinge,0
robot-failures-lp4_1519,4,1.0,0.0038752555847167,0.0001430511474609,0,1,1,0,0,0,0,0,0,0,0,0,0,0,0,1,0,0,0,0,0,0,0,0,1,0,1.7805865827418978,True,1133,0.0001795310884782,squared_hinge,0
robot-failures-lp4_1519,3,1.0,0.0039813518524169,0.0001502037048339,0,1,1,0,0,0,0,0,0,0,0,0,1,0,0,0,0,0,0,1,0,0,0,0,0,0,1.6304695250791552,True,1155,0.0031535492590914,hinge,0
robot-failures-lp4_1519,3,1.0,0.0038075447082519,0.0001389980316162,0,1,0,0,1,0,0,0,0,0,0,0,1,0,0,0,0,0,0,1,0,0,0,0,0,0,4.945634775461577,False,1411,0.0024532612539777,hinge,0
robot-failures-lp4_1519,3,1.0,0.00201416015625,0.000176191329956,1,0,0,0,1,0,0,0,1,0,0,0,0,0,0,0,0,0,0,1,0,0,0,0,0,0,7.818547734469683,False,1014,0.0009814655650282,hinge,0
robot-failures-lp4_1519,4,1.0,0.004035472869873,0.0001482963562011,0,1,0,0,1,0,0,0,0,0,0,0,0,0,0,1,0,0,0,1,0,0,0,0,0,0,1.509210701086422,False,1286,0.0006402301866361,hinge,0
robot-failures-lp4_1519,4,1.0,0.0032098293304443,0.0001380443572998,0,1,0,0,1,0,0,0,0,0,0,0,0,0,0,0,1,0,0,0,0,1,0,0,0,0,0.1736971782292783,True,1265,0.0021565964262583,hinge,0
robot-failures-lp4_1519,4,1.0,0.0041813850402832,0.0001473426818847,1,0,0,1,0,0,0,0,0,0,0,0,0,0,0,1,0,0,0,0,0,0,0,0,0,1,0.1833188953574865,True,1047,0.0025130955846061,squared_hinge,0
robot-failures-lp4_1519,4,1.0,0.0039730072021484,0.0001564025878906,0,1,1,0,0,0,0,0,0,0,0,0,0,0,0,1,0,0,0,0,1,0,0,0,0,0,2.0885475011316497,True,616,0.0005827230401828,hinge,0
robot-failures-lp4_1519,4,1.0,0.0039937496185302,0.0001406669616699,1,0,0,1,0,0,0,0,0,0,0,0,0,0,0,1,0,0,0,0,1,0,0,0,0,0,0.1450608836519238,False,1216,0.0004105774101298,hinge,0
robot-failures-lp4_1519,3,1.0,0.0021693706512451,0.0001351833343505,0,1,0,0,1,0,0,0,1,0,0,0,0,0,0,0,0,0,0,1,0,0,0,0,0,0,1.6725161102183126,True,1269,0.0087053699373705,squared_hinge,0
robot-failures-lp4_1519,4,1.0,0.0038714408874511,0.0001490116119384,1,0,0,0,1,0,0,0,0,0,0,0,0,0,0,1,0,0,0,1,0,0,0,0,0,0,8.46816380822345,False,730,0.0089548717067515,squared_hinge,0
robot-failures-lp4_1519,4,1.0,0.0039238929748535,0.000199556350708,1,0,0,0,1,0,0,0,0,0,0,0,0,0,0,1,0,0,0,0,0,0,0,0,0,1,0.1015329850832729,False,892,0.0005599673079505,hinge,0
robot-failures-lp4_1519,3,1.0,0.0041747093200683,0.0001482963562011,1,0,1,0,0,0,0,0,0,0,0,0,1,0,0,0,0,0,0,1,0,0,0,0,0,0,0.2352304874357718,True,473,0.0083486797588937,hinge,0
robot-failures-lp4_1519,3,1.0,0.0038502216339111,0.0009682178497314,1,0,0,0,1,0,0,0,0,0,0,0,1,0,0,0,0,0,0,1,0,0,0,0,0,0,7.746290347139593,False,1278,0.0014769766941651,hinge,0
robot-failures-lp4_1519,4,1.0,0.003993272781372,0.0001406669616699,1,0,1,0,0,0,0,0,0,0,0,0,0,0,0,1,0,0,0,0,0,0,0,0,0,1,0.9499560563960696,True,709,0.0001066926669732,squared_hinge,0
Sick_numeric_41946,1,0.9695364238410596,0.0160224437713623,0.0002782344818115,1,0,0,0,1,0,0,0,0,0,0,0,1,0,0,0,0,0,0,0,0,0,0,1,0,0,0.3746795614908427,False,1189,0.0001665852655242,hinge,0
Sick_numeric_41946,1,0.9695364238410596,0.0245242118835449,0.0004158020019531,0,1,0,1,0,0,0,0,0,0,0,0,0,0,0,1,0,0,0,0,0,0,1,0,0,0,0.3145087808305944,True,1248,0.0002756748515508,squared_hinge,0
Sick_numeric_41946,1,0.9695364238410596,0.0156712532043457,0.0003643035888671,0,1,1,0,0,0,0,0,0,0,0,0,1,0,0,0,0,0,0,0,0,0,0,1,0,0,5.343506813051103,True,1187,0.0042444495743765,squared_hinge,0
Sick_numeric_41946,1,0.9695364238410596,0.0208625793457031,0.0004096031188964,1,0,1,0,0,0,0,0,0,0,0,0,1,0,0,0,0,0,0,0,0,0,0,1,0,0,0.7229868231441162,True,1033,0.0029299354033644,squared_hinge,0
Sick_numeric_41946,1,0.9695364238410596,0.0193572044372558,0.0004503726959228,1,0,0,1,0,0,0,0,0,0,0,0,1,0,0,0,0,0,0,0,0,0,0,1,0,0,1.8678491108647028,False,1298,0.0044854873515856,hinge,0
Sick_numeric_41946,1,0.9695364238410596,0.0280244350433349,0.0004036426544189,1,0,0,0,1,0,0,0,0,0,0,0,0,0,0,1,0,0,0,0,0,0,1,0,0,0,0.4167400958391905,True,972,0.0010969688311372,hinge,0
Sick_numeric_41946,1,0.9695364238410596,0.0241806507110595,0.0003693103790283,1,0,1,0,0,0,0,0,0,0,0,0,0,0,0,1,0,0,0,0,0,0,1,0,0,0,1.2303345467387188,True,1312,0.0013290666897886,squared_hinge,0
Sick_numeric_41946,1,0.9695364238410596,0.0282962322235107,0.0004992485046386,1,0,0,1,0,0,0,0,0,0,0,0,0,0,0,1,0,0,0,0,0,0,1,0,0,0,3.9088075471668495,True,871,0.0001232465156843,squared_hinge,0
Sick_numeric_41946,1,0.9695364238410596,0.0244896411895751,0.0003900527954101,0,1,0,0,1,0,0,0,0,0,0,0,0,0,0,1,0,0,0,0,0,0,1,0,0,0,0.4754795628017338,True,1372,0.00026761959841,squared_hinge,0
Sick_numeric_41946,1,0.9695364238410596,0.0249428749084472,0.0003812313079833,0,1,1,0,0,0,0,0,0,0,0,0,0,0,0,1,0,0,0,0,0,0,1,0,0,0,0.624715677181164,False,1072,0.0008337621965032,hinge,0
Sick_numeric_41946,1,0.9695364238410596,0.0216917991638183,0.0004136562347412,0,1,0,0,1,0,0,0,0,0,0,0,1,0,0,0,0,0,0,0,0,0,0,1,0,0,0.7701942092485335,False,992,0.0039600626152445,hinge,0
Sick_numeric_41946,1,0.9695364238410596,0.0185182094573974,0.0003719329833984,0,1,0,1,0,0,0,0,0,0,0,0,1,0,0,0,0,0,0,0,0,0,0,1,0,0,1.577068059802439,True,1007,0.0019570533119943,squared_hinge,0
Sick_numeric_41946,0,0.9682119205298012,0.0196719169616699,0.0003581047058105,0,1,1,0,0,0,0,0,0,0,0,0,0,0,0,1,0,0,0,0,0,0,0,1,0,0,0.4059705207042688,True,1363,0.001748109801107,hinge,0
Sick_numeric_41946,0,0.9682119205298012,0.0025434494018554,0.0001533031463623,1,0,1,0,0,0,0,0,0,0,0,0,0,0,0,0,0,1,0,1,0,0,0,0,0,0,0.7788168912506804,True,870,0.0061250198007504,squared_hinge,0
Sick_numeric_41946,0,0.9682119205298012,0.0200963020324707,0.000352144241333,1,0,0,1,0,0,0,0,0,0,0,0,0,0,0,1,0,0,0,0,0,0,0,1,0,0,1.2466095447307772,False,1081,0.0015978943227245,hinge,0
Sick_numeric_41946,0,0.9682119205298012,0.0034084320068359,0.0001928806304931,1,0,0,0,1,0,0,0,0,0,0,0,0,0,0,0,0,1,0,1,0,0,0,0,0,0,0.5119329567853013,True,704,0.0003530817485198,hinge,0
Sick_numeric_41946,0,0.9682119205298012,0.0033240318298339,0.0001802444458007,0,1,1,0,0,0,0,0,0,0,0,0,0,0,0,0,0,1,0,1,0,0,0,0,0,0,0.1032953733769707,True,859,0.0009423290483715,hinge,0
Sick_numeric_41946,1,0.9682119205298012,0.0137479305267333,0.0004091262817382,0,1,1,0,0,0,0,0,0,0,0,0,0,0,0,1,0,0,0,0,0,1,0,0,0,0,0.346560233029922,False,1159,0.0026848568488726,squared_hinge,0
Sick_numeric_41946,1,0.9682119205298012,0.0124053955078125,0.0005321502685546,0,1,0,0,1,0,0,0,0,0,0,0,0,0,0,1,0,0,0,0,0,1,0,0,0,0,4.284316305968379,True,814,0.0046016262640667,hinge,0
Sick_numeric_41946,0,0.9682119205298012,0.002406358718872,0.0001482963562011,0,1,1,0,0,0,0,0,0,0,1,0,0,0,0,0,0,0,0,0,0,0,0,0,1,0,0.3689121879006609,True,1291,0.0011536557787844,hinge,0
steel-plates-fault_40982,1,0.7654639175257731,0.0584902763366699,0.0004229545593261,0,1,1,0,0,0,0,0,0,0,0,0,0,0,0,1,0,0,0,0,0,0,0,1,0,0,4.412512274628537,True,1439,0.0041687635309565,hinge,0
steel-plates-fault_40982,1,0.7654639175257731,0.066343069076538,0.0004568099975585,1,0,1,0,0,0,0,0,0,0,0,0,0,0,0,1,0,0,0,0,0,0,0,1,0,0,0.6576679390924746,True,829,0.0095328980752522,hinge,0
steel-plates-fault_40982,1,0.7654639175257731,0.0641403198242187,0.0004892349243164,0,1,0,1,0,0,0,0,0,0,0,0,0,0,0,1,0,0,0,0,0,0,0,1,0,0,5.401878576868624,True,835,0.0001330433269918,hinge,0
steel-plates-fault_40982,1,0.7654639175257731,0.0588424205780029,0.0003917217254638,1,0,0,1,0,0,0,0,0,0,0,0,0,0,0,1,0,0,0,0,0,0,0,1,0,0,0.5634197789543166,False,1270,0.0028918170623419,hinge,0
steel-plates-fault_40982,1,0.7654639175257731,0.0590355396270751,0.0003767013549804,1,0,0,0,1,0,0,0,0,0,0,0,0,0,0,1,0,0,0,0,0,0,0,1,0,0,0.3843970406630368,False,1093,0.0071486870399981,hinge,0
steel-plates-fault_40982,1,0.7654639175257731,0.0573506355285644,0.0004045963287353,0,1,0,0,1,0,0,0,0,0,0,0,0,0,0,1,0,0,0,0,0,0,0,1,0,0,0.2986834838721285,True,561,0.0010009609632647,hinge,0
steel-plates-fault_40982,4,0.7577319587628866,0.0870187282562255,0.0003559589385986,1,0,0,0,1,0,0,0,0,0,0,0,0,0,0,1,0,0,0,0,0,0,0,0,0,1,0.4030451926473624,True,751,0.0005779251270587,squared_hinge,0
steel-plates-fault_40982,4,0.7577319587628866,0.0870189666748046,0.0003533363342285,1,0,1,0,0,0,0,0,0,0,0,0,0,0,0,1,0,0,0,0,0,0,0,0,0,1,0.2492535127051096,False,1046,0.0012683552575491,hinge,0
steel-plates-fault_40982,4,0.7577319587628866,0.0818841457366943,0.0003507137298583,0,1,0,1,0,0,0,0,0,0,0,0,0,0,0,1,0,0,0,0,1,0,0,0,0,0,3.1702019804733594,False,1587,0.0065398755589402,hinge,0
steel-plates-fault_40982,4,0.7577319587628866,0.0856776237487793,0.0004637241363525,0,1,0,0,1,0,0,0,0,0,0,0,0,0,0,1,0,0,0,0,0,0,0,0,1,0,9.197471971365884,True,1291,0.0050573303076338,squared_hinge,0
steel-plates-fault_40982,4,0.7577319587628866,0.0943498611450195,0.0004351139068603,1,0,0,1,0,0,0,0,0,0,0,0,0,0,0,1,0,0,0,0,0,0,0,0,1,0,0.6229394480595201,True,1759,0.0015862066924558,squared_hinge,0
steel-plates-fault_40982,4,0.7577319587628866,0.0827884674072265,0.000474214553833,1,0,0,1,0,0,0,0,0,0,0,0,0,0,0,1,0,0,0,1,0,0,0,0,0,0,0.4639372330551024,False,1008,0.0073045825210357,hinge,0
steel-plates-fault_40982,4,0.7577319587628866,0.0836260318756103,0.0004076957702636,0,1,1,0,0,0,0,0,0,0,0,0,0,0,0,1,0,0,0,0,1,0,0,0,0,0,1.8843022176760076,True,289,0.0028112716265173,hinge,0
steel-plates-fault_40982,4,0.7577319587628866,0.0866115093231201,0.000399112701416,1,0,0,0,1,0,0,0,0,0,0,0,0,0,0,1,0,0,0,0,0,0,0,0,1,0,0.7259555223895687,True,1748,0.0005651755044591,squared_hinge,0
steel-plates-fault_40982,4,0.7577319587628866,0.085374116897583,0.0003435611724853,0,1,1,0,0,0,0,0,0,0,0,0,0,0,0,1,0,0,0,0,0,0,0,0,0,1,0.124784632304793,False,716,0.0002992556057691,hinge,0
steel-plates-fault_40982,4,0.7577319587628866,0.066922903060913,0.0004701614379882,0,1,1,0,0,0,0,0,0,0,0,0,0,0,0,1,0,0,0,0,0,0,0,1,0,0,0.4883278739067007,True,575,0.0018286149600294,hinge,0
steel-plates-fault_40982,4,0.7577319587628866,0.0858724117279052,0.0003714561462402,1,0,0,0,1,0,0,0,0,0,0,0,0,0,0,1,0,0,0,0,1,0,0,0,0,0,3.984029476485401,False,1264,0.0033390936314148,squared_hinge,0
steel-plates-fault_40982,4,0.7577319587628866,0.0893177986145019,0.000455617904663,0,1,0,1,0,0,0,0,0,0,0,0,0,0,0,1,0,0,0,1,0,0,0,0,0,0,0.1371963599376377,False,1425,0.0021425889797452,squared_hinge,0
steel-plates-fault_40982,4,0.7577319587628866,0.0730946063995361,0.0004076957702636,1,0,0,0,1,0,0,0,0,0,0,0,0,0,0,1,0,0,0,0,0,0,0,1,0,0,0.329126475626127,True,1376,0.0016944967442386,squared_hinge,0
steel-plates-fault_40982,4,0.7577319587628866,0.061263084411621,0.000359296798706,1,0,1,0,0,0,0,0,0,0,0,0,0,0,0,1,0,0,0,0,0,0,0,1,0,0,8.906084318053553,True,1132,0.0001514206240126,hinge,0
analcatdata_supreme_728,2,0.9987654320987654,0.0275793075561523,0.0003135204315185,0,1,0,0,1,0,0,0,0,0,0,0,0,0,0,0,1,0,0,0,0,0,0,0,1,0,0.3682963207149574,True,439,0.0015688193681045,hinge,0
analcatdata_supreme_728,2,0.9987654320987654,0.0265121459960937,0.0003259181976318,0,1,1,0,0,0,0,0,0,0,0,0,0,0,0,0,1,0,0,0,0,0,0,0,1,0,5.046995137828175,False,1106,0.0001049837647818,hinge,0
analcatdata_supreme_728,2,0.9987654320987654,0.0271763801574707,0.0003490447998046,1,0,0,0,1,0,0,0,0,0,0,0,0,0,0,0,1,0,0,0,0,0,0,0,1,0,6.284659740183354,False,1414,0.0001203802913203,hinge,0
analcatdata_supreme_728,2,0.9987654320987654,0.0252840518951416,0.0003106594085693,1,0,1,0,0,0,0,0,0,0,0,0,0,0,0,0,1,0,0,0,0,0,0,0,1,0,2.310237517704228,True,1140,0.0003180338880475,hinge,0
analcatdata_supreme_728,2,0.9987654320987654,0.028933048248291,0.0003206729888916,1,0,0,1,0,0,0,0,0,0,0,0,0,0,0,0,1,0,0,0,0,0,0,0,1,0,0.8887490135361891,True,995,0.0001766281641197,hinge,0
analcatdata_supreme_728,2,0.9987654320987654,0.0261445045471191,0.0003187656402587,0,1,0,1,0,0,0,0,0,0,0,0,0,0,0,0,1,0,0,0,0,0,0,0,1,0,8.147986950238813,True,1311,0.0002863095056519,squared_hinge,0
analcatdata_supreme_728,0,0.9938347718865598,0.002774953842163,0.0001215934753417,0,1,0,1,0,0,0,0,1,0,0,0,0,0,0,0,0,0,0,0,0,0,0,0,0,1,8.45290097437242,False,1295,0.0087098523547121,hinge,0
analcatdata_supreme_728,0,0.9938347718865598,0.003162145614624,0.000117540359497,1,0,0,0,1,0,0,0,0,0,0,0,0,0,0,0,0,1,0,0,0,0,0,0,1,0,1.8724645226551104,True,880,0.0073769445987419,squared_hinge,0
analcatdata_supreme_728,0,0.9938347718865598,0.0027308464050292,0.0001192092895507,1,0,0,0,1,0,0,0,0,0,0,0,0,0,0,0,0,1,0,0,0,0,0,1,0,0,3.097666144111388,False,1144,0.0001392662734941,squared_hinge,0
analcatdata_supreme_728,0,0.9938347718865598,0.0041768550872802,0.0001440048217773,0,1,0,1,0,0,0,0,0,0,1,0,0,0,0,0,0,0,0,1,0,0,0,0,0,0,5.772071781214606,False,976,0.0001474401146509,hinge,0
analcatdata_supreme_728,0,0.9938347718865598,0.0027656555175781,0.0001218318939208,1,0,0,1,0,0,0,0,0,0,0,0,0,0,0,0,0,1,0,0,0,0,0,1,0,0,0.1638021064285337,False,1079,0.0014562027704775,hinge,0
analcatdata_supreme_728,0,0.9938347718865598,0.0028245449066162,0.0001220703125,1,0,0,0,1,1,0,0,0,0,0,0,0,0,0,0,0,0,0,0,0,0,0,0,0,1,1.350133179131544,False,989,0.007772633844434,squared_hinge,0
analcatdata_supreme_728,0,0.9938347718865598,0.0045547485351562,0.0001585483551025,0,1,0,1,0,0,0,0,0,0,0,0,0,0,0,0,0,1,0,0,0,0,0,0,1,0,5.334764827325443,False,917,0.0033388080533956,hinge,0
analcatdata_supreme_728,0,0.9938347718865598,0.0027265548706054,0.0001196861267089,0,1,0,0,1,1,0,0,0,0,0,0,0,0,0,0,0,0,0,0,0,0,0,1,0,0,6.703181399765358,False,784,0.0023823054287523,hinge,0
analcatdata_supreme_728,0,0.9938347718865598,0.0027856826782226,0.0001235008239746,1,0,1,0,0,1,0,0,0,0,0,0,0,0,0,0,0,0,0,0,0,0,0,1,0,0,9.983434216844696,True,1128,0.0006405517428148,hinge,0
analcatdata_supreme_728,0,0.9938347718865598,0.0030872821807861,0.0001375675201416,1,0,0,0,1,0,0,0,1,0,0,0,0,0,0,0,0,0,0,0,0,0,0,0,1,0,2.922577743057796,False,1193,0.0025678773638726,hinge,0
analcatdata_supreme_728,0,0.9938347718865598,0.0029261112213134,0.0001232624053955,1,0,0,1,0,0,0,0,1,0,0,0,0,0,0,0,0,0,0,0,0,0,0,1,0,0,0.2620154156316165,True,827,0.0016051009342711,squared_hinge,0
analcatdata_supreme_728,0,0.9938347718865598,0.0046882629394531,0.0001485347747802,1,0,1,0,0,0,0,0,0,0,0,0,0,0,0,0,0,1,0,1,0,0,0,0,0,0,1.8562764616924736,False,671,0.0038287253864856,hinge,0
analcatdata_supreme_728,0,0.9938347718865598,0.0028400421142578,0.000119924545288,1,0,0,0,1,1,0,0,0,0,0,0,0,0,0,0,0,0,0,0,0,0,0,1,0,0,9.528871394960197,False,968,0.006901974559272,hinge,0
analcatdata_supreme_728,0,0.9938347718865598,0.0028262138366699,0.0001206398010253,0,1,1,0,0,1,0,0,0,0,0,0,0,0,0,0,0,0,0,0,0,0,0,1,0,0,1.4968535287874276,True,924,0.0029989944254231,squared_hinge,0
analcatdata_broadwaymult_452,0,0.543859649122807,0.0039939880371093,0.0001277923583984,0,1,0,1,0,0,0,0,0,0,0,0,0,0,0,0,0,1,0,0,0,0,0,1,0,0,0.5906077146387536,True,1301,0.0002991600828953,hinge,0
analcatdata_broadwaymult_452,0,0.5263157894736842,0.0039243698120117,0.0001194477081298,0,1,0,1,0,0,0,0,0,0,0,0,0,0,0,0,0,1,0,1,0,0,0,0,0,0,0.3488879867805555,True,1302,0.0009049396051209,squared_hinge,0
analcatdata_broadwaymult_452,0,0.5263157894736842,0.0049729347229003,0.0001468658447265,0,1,0,0,1,0,0,0,0,0,0,0,0,0,1,0,0,0,0,0,0,0,0,0,0,1,0.4990244706277833,True,627,0.0027848354284513,squared_hinge,0
analcatdata_broadwaymult_452,0,0.5263157894736842,0.0128662586212158,0.0001592636108398,0,1,0,1,0,0,1,0,0,0,0,0,0,0,0,0,0,0,0,0,0,0,0,1,0,0,2.965218213379552,True,938,0.004295328320198,hinge,0
analcatdata_broadwaymult_452,0,0.5263157894736842,0.0108530521392822,0.0002467632293701,0,1,0,1,0,0,0,0,0,0,0,0,1,0,0,0,0,0,0,1,0,0,0,0,0,0,0.2635379278648828,True,1096,0.0002773427660384,hinge,0
analcatdata_broadwaymult_452,0,0.5263157894736842,0.0043630599975585,0.0001463890075683,0,1,0,1,0,1,0,0,0,0,0,0,0,0,0,0,0,0,0,0,0,0,0,1,0,0,1.9130712717642715,True,891,0.0013120426720277,hinge,0
analcatdata_broadwaymult_452,3,0.5087719298245614,0.631821870803833,0.0006623268127441,0,1,0,1,0,0,0,0,0,0,0,0,0,0,1,0,0,0,0,1,0,0,0,0,0,0,1.7940005118464708,True,1421,0.0075640956943022,hinge,0
analcatdata_broadwaymult_452,0,0.5087719298245614,0.6616957187652588,0.0006449222564697,0,1,0,1,0,0,0,0,0,0,0,0,0,0,1,0,0,0,0,1,0,0,0,0,0,0,0.3374063577397609,True,550,0.0022018132204725,squared_hinge,0
analcatdata_broadwaymult_452,0,0.5087719298245614,0.0054671764373779,0.0001287460327148,0,1,0,1,0,0,0,0,0,0,1,0,0,0,0,0,0,0,0,0,0,0,0,1,0,0,1.01986532937441,True,797,0.0012080284033871,hinge,0
analcatdata_broadwaymult_452,0,0.5087719298245614,0.0048224925994873,0.0001189708709716,0,1,0,0,1,0,0,0,0,0,0,0,0,0,1,0,0,0,0,0,0,0,1,0,0,0,5.406278876806709,False,1017,0.002497027530179,hinge,0
analcatdata_broadwaymult_452,3,0.5087719298245614,0.0039663314819335,0.0001189708709716,0,1,0,1,0,1,0,0,0,0,0,0,0,0,0,0,0,0,0,0,0,0,0,0,0,1,3.8956970699710856,True,778,0.0013313359433375,squared_hinge,0
analcatdata_broadwaymult_452,3,0.5087719298245614,0.0127067565917968,0.000248908996582,0,1,0,1,0,0,0,0,0,1,0,0,0,0,0,0,0,0,0,0,1,0,0,0,0,0,1.4869609475941985,True,878,0.000381125908898,hinge,0
analcatdata_broadwaymult_452,3,0.5087719298245614,0.0139458179473876,0.0001523494720458,0,1,0,1,0,0,0,0,0,0,0,0,0,1,0,0,0,0,0,0,1,0,0,0,0,0,2.160124568074608,False,453,0.0006521154975464,hinge,0
analcatdata_broadwaymult_452,0,0.5087719298245614,0.0150456428527832,0.00018310546875,0,1,0,1,0,0,0,0,0,0,0,0,1,0,0,0,0,0,0,0,1,0,0,0,0,0,0.1175111787441347,True,1364,0.0046057768721217,squared_hinge,0
analcatdata_broadwaymult_452,3,0.4912280701754385,0.646186113357544,0.0008101463317871,0,1,0,1,0,0,0,0,0,0,0,0,0,0,1,0,0,0,0,0,0,0,0,1,0,0,0.1508439771856632,True,1176,0.0015033371486023,hinge,0
analcatdata_broadwaymult_452,0,0.4912280701754385,0.0041935443878173,0.000154972076416,0,1,0,1,0,0,0,0,0,0,0,0,0,0,0,0,0,1,0,0,1,0,0,0,0,0,0.5617903637557023,True,395,0.0007151192480869,hinge,0
analcatdata_broadwaymult_452,0,0.4912280701754385,0.0053112506866455,0.0001206398010253,0,1,0,1,0,0,0,0,0,0,1,0,0,0,0,0,0,0,0,0,0,0,0,0,1,0,0.5852609773781388,True,1298,0.0001681662520853,squared_hinge,0
analcatdata_broadwaymult_452,3,0.4912280701754385,0.0219490528106689,0.000180959701538,0,1,0,1,0,0,0,0,0,0,0,0,0,0,0,1,0,0,0,0,0,0,1,0,0,0,0.3942307772769762,False,933,0.0001698368697459,hinge,0
analcatdata_broadwaymult_452,0,0.4912280701754385,0.6500225067138672,0.0007839202880859,0,1,0,1,0,0,0,0,0,0,0,0,0,0,1,0,0,0,0,0,0,0,0,1,0,0,2.0007412499509494,True,884,0.0002006395696901,hinge,0
analcatdata_broadwaymult_452,0,0.4912280701754385,0.0098786354064941,0.0001440048217773,0,1,0,1,0,0,0,0,0,1,0,0,0,0,0,0,0,0,0,0,0,0,0,0,0,1,1.6366703737041666,True,1042,0.0071177297765705,hinge,0
students_scores_43097,4,0.93,0.0084500312805175,0.0002748966217041,0,1,0,1,0,0,0,0,0,0,0,0,1,0,0,0,0,0,0,0,0,0,0,0,1,0,2.339321363146733,True,879,0.0082123585363777,hinge,0
students_scores_43097,4,0.93,0.0064730644226074,0.0001592636108398,1,0,0,1,0,0,0,0,0,0,0,0,1,0,0,0,0,0,0,0,0,0,0,0,1,0,0.2897490952376458,True,992,0.0029284832541717,squared_hinge,0
students_scores_43097,1,0.92,0.0015809535980224,0.0001173019409179,1,0,0,0,1,0,0,0,0,0,1,0,0,0,0,0,0,0,0,0,0,0,0,0,1,0,0.1012549971783532,True,695,0.0001246752389339,squared_hinge,0
students_scores_43097,1,0.92,0.0016403198242187,0.0001168251037597,0,1,0,0,1,0,0,0,0,0,1,0,0,0,0,0,0,0,0,0,0,0,0,0,1,0,8.598870737651822,True,890,0.001602044258527,hinge,0
students_scores_43097,1,0.915,0.0016376972198486,0.0001149177551269,0,1,0,1,0,1,0,0,0,0,0,0,0,0,0,0,0,0,0,0,0,0,0,0,1,0,3.5087346970076463,False,784,0.0017724784896768,hinge,0
students_scores_43097,1,0.915,0.0015468597412109,0.0001134872436523,1,0,0,1,0,1,0,0,0,0,0,0,0,0,0,0,0,0,0,0,0,0,0,0,1,0,0.8203433216013204,False,1142,0.0093183864744409,hinge,0
students_scores_43097,1,0.915,0.0015714168548583,0.0001137256622314,1,0,0,0,1,1,0,0,0,0,0,0,0,0,0,0,0,0,0,0,0,0,0,0,1,0,0.1223253226963192,True,966,0.0003011330465946,squared_hinge,0
students_scores_43097,1,0.915,0.0016593933105468,0.0001266002655029,0,1,0,0,1,1,0,0,0,0,0,0,0,0,0,0,0,0,0,0,0,0,0,0,1,0,0.2501828389417425,True,977,0.0027939127149855,squared_hinge,0
students_scores_43097,1,0.91,0.004796028137207,0.0001769065856933,0,1,0,1,0,0,0,0,0,0,0,0,0,0,1,0,0,0,0,0,0,1,0,0,0,0,0.1276200177446395,False,708,0.009711143718108,hinge,0
students_scores_43097,1,0.91,0.0045700073242187,0.0001406669616699,1,0,0,1,0,0,0,0,0,0,0,0,0,0,1,0,0,0,0,0,0,1,0,0,0,0,0.9003275095360874,True,1205,0.0075538614412024,hinge,0
students_scores_43097,1,0.91,0.0096240043640136,0.0003142356872558,0,1,0,1,0,0,0,0,0,0,0,0,1,0,0,0,0,0,0,0,0,0,0,0,0,1,0.2718518669592544,False,1134,0.0005115971709611,hinge,0
students_scores_43097,1,0.91,0.0066323280334472,0.0004181861877441,0,1,0,0,1,0,0,0,0,0,0,0,1,0,0,0,0,0,0,0,0,0,0,0,0,1,1.194336747751248,False,1351,0.0001917476826889,hinge,0
students_scores_43097,0,0.91,0.0023479461669921,0.0001289844512939,0,1,0,0,1,0,0,0,0,0,0,1,0,0,0,0,0,0,0,1,0,0,0,0,0,0,0.1330624583263426,True,1103,0.0001423468420665,hinge,0
students_scores_43097,1,0.91,0.00846529006958,0.0003066062927246,1,0,0,1,0,0,0,0,0,0,0,0,1,0,0,0,0,0,0,0,0,0,0,0,0,1,2.64034605743094,True,976,0.0001317267212537,squared_hinge,0
students_scores_43097,1,0.91,0.0058178901672363,0.0001807212829589,1,0,0,0,1,0,0,0,0,0,0,0,1,0,0,0,0,0,0,0,0,0,0,0,0,1,0.1589982433246139,False,1185,0.0001500139080681,hinge,0
students_scores_43097,0,0.91,0.0024545192718505,0.0001420974731445,1,0,0,0,1,0,0,0,0,0,0,1,0,0,0,0,0,0,0,1,0,0,0,0,0,0,0.4158162625256204,True,786,0.0091006637250502,hinge,0
students_scores_43097,1,0.905,0.0013537406921386,0.0001106262207031,1,0,0,0,1,0,0,0,0,0,1,0,0,0,0,0,0,0,0,0,0,0,1,0,0,0,1.9515793029270436,True,871,0.0094159911112885,hinge,0
students_scores_43097,1,0.905,0.0015854835510253,0.0001251697540283,1,0,0,1,0,0,0,0,0,0,1,0,0,0,0,0,0,0,0,0,0,0,1,0,0,0,0.1641257025941445,False,838,0.0001703531927362,squared_hinge,0
students_scores_43097,1,0.905,0.0014612674713134,0.0001132488250732,1,0,0,1,0,0,0,0,0,0,1,0,0,0,0,0,0,0,0,0,0,0,0,0,0,1,9.05901111289223,True,1374,0.000145787292983,hinge,0
students_scores_43097,4,0.905,0.0065841674804687,0.0001537799835205,1,0,0,0,1,0,0,0,0,0,0,0,1,0,0,0,0,0,0,0,0,0,1,0,0,0,0.2412432600815313,True,972,0.0021337909178496,squared_hinge,0
KungChi3_1441,4,1.0,0.0011839866638183,0.0001113414764404,1,0,0,1,0,0,0,0,0,0,0,0,0,0,0,0,0,1,0,0,0,0,0,0,1,0,0.1180917197937607,True,1036,0.0043423674198744,hinge,0
KungChi3_1441,4,1.0,0.0009832382202148,0.0001068115234375,1,0,0,1,0,0,0,0,1,0,0,0,0,0,0,0,0,0,0,0,0,0,0,0,1,0,2.1732518620559715,False,812,0.0032842523804542,hinge,0
KungChi3_1441,4,1.0,0.0010590553283691,0.0001215934753417,0,1,0,0,1,0,0,0,1,0,0,0,0,0,0,0,0,0,0,0,1,0,0,0,0,0,0.5795331552790595,True,1085,0.0001043729482267,squared_hinge,0
KungChi3_1441,4,1.0,0.0010404586791992,0.0001139640808105,0,1,0,0,1,0,0,0,0,0,0,0,0,0,0,0,0,1,0,0,1,0,0,0,0,0,8.603879169045864,True,991,0.0007403930213562,hinge,0
KungChi3_1441,4,1.0,0.0012063980102539,0.0001208782196044,1,0,0,1,0,0,0,0,0,0,0,0,0,1,0,0,0,0,0,0,0,1,0,0,0,0,0.1494839583755942,True,1411,0.0027546344325842,hinge,0
KungChi3_1441,4,1.0,0.0013377666473388,0.0001347064971923,1,0,0,1,0,0,0,0,0,0,0,1,0,0,0,0,0,0,0,0,0,1,0,0,0,0,0.5129533517991026,False,966,0.0042237169915509,squared_hinge,0
KungChi3_1441,4,1.0,0.001188039779663,0.0001189708709716,1,0,0,1,0,1,0,0,0,0,0,0,0,0,0,0,0,0,0,0,0,0,0,0,1,0,1.537039771860786,False,1200,0.0024468103039978,hinge,0
KungChi3_1441,4,1.0,0.00115966796875,0.0001163482666015,0,1,1,0,0,1,0,0,0,0,0,0,0,0,0,0,0,0,0,0,0,0,0,0,1,0,1.226279491136088,True,711,0.0004564814010981,hinge,0
KungChi3_1441,4,1.0,0.0009839534759521,0.0001471042633056,0,1,1,0,0,0,0,0,1,0,0,0,0,0,0,0,0,0,0,0,0,0,1,0,0,0,0.9466171518184272,False,1025,0.0003480433310926,hinge,0
KungChi3_1441,4,1.0,0.0010581016540527,0.0001521110534667,0,1,1,0,0,0,0,0,0,0,0,0,0,0,0,0,0,1,0,0,0,0,1,0,0,0,0.5857945706743023,True,1108,0.0045505397136069,squared_hinge,0
KungChi3_1441,4,1.0,0.0011348724365234,0.0001187324523925,1,0,1,0,0,0,0,0,0,0,0,0,0,0,0,0,0,1,0,0,0,0,0,0,0,1,4.671081353872361,True,719,0.0012209209637145,hinge,0
KungChi3_1441,4,1.0,0.0010781288146972,0.0001211166381835,0,1,1,0,0,0,0,1,0,0,0,0,0,0,0,0,0,0,0,0,0,0,0,0,1,0,0.1888670393402132,False,1070,0.0003225692054854,hinge,0
KungChi3_1441,4,1.0,0.0010073184967041,0.0001134872436523,0,1,0,0,1,0,0,1,0,0,0,0,0,0,0,0,0,0,0,0,0,0,1,0,0,0,1.0066476354977298,True,670,0.0054277262493628,squared_hinge,0
KungChi3_1441,4,1.0,0.001155138015747,0.0001158714294433,0,1,1,0,0,0,0,0,0,0,1,0,0,0,0,0,0,0,0,0,0,1,0,0,0,0,1.39602794308693,True,339,0.0042996567392262,hinge,0
KungChi3_1441,4,1.0,0.0010161399841308,0.0001106262207031,0,1,1,0,0,0,0,0,0,0,0,0,0,0,0,0,0,0,1,0,0,1,0,0,0,0,5.881772209260193,False,1056,0.0009703606701191,squared_hinge,0
KungChi3_1441,4,1.0,0.0017938613891601,0.0001471042633056,0,1,1,0,0,0,0,0,0,1,0,0,0,0,0,0,0,0,0,0,0,1,0,0,0,0,0.3672247117090116,False,1300,0.0041758353681923,hinge,0
KungChi3_1441,4,1.0,0.0014514923095703,0.0001313686370849,1,0,0,1,0,0,0,0,0,0,0,0,1,0,0,0,0,0,0,0,0,1,0,0,0,0,0.3528249912583719,True,367,0.0001610253373952,hinge,0
KungChi3_1441,4,1.0,0.0013823509216308,0.0001251697540283,1,0,0,1,0,0,0,0,0,0,0,0,0,0,0,0,1,0,0,0,0,1,0,0,0,0,4.166362691111137,False,1224,0.0065310026941407,hinge,0
KungChi3_1441,4,1.0,0.0034382343292236,0.0001423358917236,1,0,0,1,0,0,0,0,0,0,0,0,0,0,1,0,0,0,0,0,0,1,0,0,0,0,0.3578734556805457,False,1332,0.009028830614618,squared_hinge,0
KungChi3_1441,4,1.0,0.00105881690979,0.0001158714294433,1,0,0,1,0,0,0,1,0,0,0,0,0,0,0,0,0,0,0,0,0,0,0,0,1,0,0.1281619701751707,True,393,0.0001051340591624,hinge,0
autoUniv-au7-700_1553,1,0.5214285714285715,0.0119352340698242,0.000251293182373,1,0,0,1,0,0,0,0,0,0,0,0,0,0,1,0,0,0,0,0,0,0,0,0,0,1,1.1082706255546129,True,965,0.0054151928559638,hinge,0
autoUniv-au7-700_1553,1,0.5214285714285715,0.0116856098175048,0.0001971721649169,0,1,0,1,0,0,0,0,0,0,0,0,0,0,1,0,0,0,0,0,0,0,0,0,0,1,3.296686850217589,True,626,0.0031913102179116,hinge,0
autoUniv-au7-700_1553,3,0.5142857142857142,0.0161819458007812,0.0002188682556152,1,0,0,1,0,0,0,0,0,0,0,0,0,0,1,0,0,0,0,0,0,0,0,0,1,0,0.2027472186377881,True,1595,0.0051305427240491,squared_hinge,0
autoUniv-au7-700_1553,3,0.5142857142857142,0.0150842666625976,0.0002341270446777,0,1,0,1,0,0,0,0,0,0,0,0,0,0,1,0,0,0,0,0,0,0,0,0,1,0,3.3423882494036152,True,1024,0.0003923237178529,squared_hinge,0
autoUniv-au7-700_1553,4,0.4928571428571429,0.0030193328857421,0.0001912117004394,1,0,0,1,0,0,0,0,0,0,1,0,0,0,0,0,0,0,0,0,0,0,0,1,0,0,0.5117212458559681,False,493,0.0081296362169225,hinge,0
autoUniv-au7-700_1553,4,0.4928571428571429,0.002838134765625,0.0001249313354492,0,1,0,1,0,0,0,0,0,0,1,0,0,0,0,0,0,0,0,0,0,0,0,1,0,0,7.888645671954413,True,1278,0.0046327081659429,hinge,0
autoUniv-au7-700_1553,4,0.4928571428571429,0.0157594680786132,0.0002479553222656,1,0,0,0,1,0,0,0,0,0,0,0,0,0,0,1,0,0,0,0,0,0,0,1,0,0,0.1492936958935873,True,884,0.0006673760392629,squared_hinge,0
autoUniv-au7-700_1553,4,0.4928571428571429,0.0153141021728515,0.0002882480621337,0,1,0,0,1,0,0,0,0,0,0,0,0,0,0,1,0,0,0,0,0,0,0,1,0,0,0.4271612731706666,True,1007,0.0037747176367198,hinge,0
autoUniv-au7-700_1553,2,0.4857142857142857,0.0194635391235351,0.0002555847167968,1,0,0,1,0,0,0,0,0,0,0,0,0,0,0,1,0,0,0,0,0,0,0,1,0,0,0.2631971637144282,False,679,0.0007113990341384,squared_hinge,0
autoUniv-au7-700_1553,2,0.4857142857142857,0.0186264514923095,0.0002210140228271,0,1,0,1,0,0,0,0,0,0,0,0,0,0,0,1,0,0,0,0,0,0,0,1,0,0,6.219734014769368,False,1224,0.0004564426200482,hinge,0
autoUniv-au7-700_1553,4,0.4857142857142857,0.0243902206420898,0.0003783702850341,0,1,0,0,1,0,0,0,0,0,0,0,0,0,0,1,0,0,0,0,0,1,0,0,0,0,0.3617984201385409,False,1157,0.000195884177773,squared_hinge,0
autoUniv-au7-700_1553,4,0.4857142857142857,0.0196125507354736,0.0002319812774658,1,0,0,0,1,0,0,0,0,0,0,0,0,0,0,1,0,0,0,0,0,1,0,0,0,0,0.3398331552741587,True,1234,0.0071667434093569,hinge,0
autoUniv-au7-700_1553,2,0.4714285714285714,0.0141541957855224,0.0002439022064208,0,1,0,0,1,0,0,0,0,0,0,0,0,0,0,1,0,0,0,0,0,0,0,1,0,0,2.566767790783528,False,857,0.0002904755062569,squared_hinge,0
autoUniv-au7-700_1553,1,0.4714285714285714,0.0090951919555664,0.0001523494720458,0,1,0,0,1,0,0,0,0,0,0,0,0,0,1,0,0,0,0,0,0,0,0,0,0,1,7.910134403100947,True,727,0.0010528184401832,hinge,0
autoUniv-au7-700_1553,2,0.4714285714285714,0.0138890743255615,0.0002086162567138,1,0,0,0,1,0,0,0,0,0,0,0,0,0,0,1,0,0,0,0,0,0,0,1,0,0,1.515172336430826,False,1254,0.0011399505398839,squared_hinge,0
autoUniv-au7-700_1553,1,0.4714285714285714,0.0097763538360595,0.0002102851867675,1,0,0,0,1,0,0,0,0,0,0,0,0,0,1,0,0,0,0,0,0,0,0,0,0,1,7.652811519194489,False,1307,0.0001168833466665,hinge,0
autoUniv-au7-700_1553,2,0.4642857142857143,0.0039472579956054,0.0001425743103027,1,0,0,1,0,0,0,0,0,1,0,0,0,0,0,0,0,0,0,0,0,0,0,0,1,0,2.0704159343666784,False,449,0.003919675190592,hinge,0
autoUniv-au7-700_1553,4,0.4642857142857143,0.0033485889434814,0.000148057937622,1,0,0,1,0,0,0,0,0,0,1,0,0,0,0,0,0,0,0,0,0,0,0,0,1,0,0.2478973876336604,True,1103,0.0024376661677399,hinge,0
autoUniv-au7-700_1553,2,0.4642857142857143,0.0035033226013183,0.0001206398010253,0,1,0,1,0,0,0,0,0,0,0,0,0,1,0,0,0,0,0,0,0,0,0,0,1,0,3.0839514236222665,True,1076,0.0003795497698208,squared_hinge,0
autoUniv-au7-700_1553,1,0.4642857142857143,0.0063831806182861,0.0001513957977294,0,1,0,0,1,0,0,0,0,0,0,0,0,0,1,0,0,0,0,0,0,0,0,0,1,0,0.39164042133395,False,1003,0.0073393566823794,hinge,0
pm10_750,2,0.69,0.0064382553100585,0.0001425743103027,1,0,0,0,1,0,0,0,0,0,0,0,0,0,0,1,0,0,0,0,0,0,1,0,0,0,0.4145917214082906,True,1190,0.0096186607633576,squared_hinge,0
pm10_750,2,0.69,0.0065076351165771,0.0001568794250488,0,1,1,0,0,0,0,0,0,0,0,0,0,0,0,1,0,0,0,0,0,0,1,0,0,0,4.145772610724425,True,263,0.0022267921395773,squared_hinge,0
pm10_750,2,0.69,0.0071489810943603,0.0001442432403564,1,0,0,1,0,0,0,0,0,0,0,0,0,0,0,1,0,0,0,0,0,0,1,0,0,0,0.3292520042130272,True,1511,0.0031430537872753,squared_hinge,0
pm10_750,2,0.69,0.0062427520751953,0.0001389980316162,0,1,0,0,1,0,0,0,0,0,0,0,0,0,0,1,0,0,0,0,0,0,1,0,0,0,0.4639928507222831,True,1707,0.0001315443607953,squared_hinge,0
pm10_750,2,0.69,0.006310224533081,0.0001463890075683,0,1,0,1,0,0,0,0,0,0,0,0,0,0,0,1,0,0,0,0,0,0,1,0,0,0,9.42728118240214,True,1076,0.0007426100845889,squared_hinge,0
pm10_750,2,0.69,0.0064592361450195,0.0001440048217773,1,0,1,0,0,0,0,0,0,0,0,0,0,0,0,1,0,0,0,0,0,0,1,0,0,0,0.2188174468097338,False,1153,0.0001120292513907,hinge,0
pm10_750,0,0.66,0.0056309700012207,0.0001494884490966,1,0,0,0,1,0,0,0,0,0,0,0,0,0,0,1,0,0,0,0,0,0,1,0,0,0,1.8375686598669203,True,775,0.0027426406191011,squared_hinge,0
pm10_750,0,0.66,0.0054657459259033,0.0001718997955322,0,1,0,0,1,0,0,0,0,0,0,0,0,0,0,1,0,0,0,0,0,0,1,0,0,0,0.615481479664995,False,1221,0.0045883981736813,squared_hinge,0
pm10_750,0,0.66,0.0054798126220703,0.0001411437988281,0,1,1,0,0,0,0,0,0,0,0,0,0,0,0,1,0,0,0,0,0,0,1,0,0,0,0.4359630666937825,True,992,0.0001730059717808,hinge,0
pm10_750,0,0.66,0.005516767501831,0.0001451969146728,1,0,1,0,0,0,0,0,0,0,0,0,0,0,0,1,0,0,0,0,0,0,1,0,0,0,0.1845216315869818,False,934,0.0001540227749048,hinge,0
pm10_750,0,0.66,0.0064015388488769,0.0001518726348876,0,1,0,1,0,0,0,0,0,0,0,0,0,0,0,1,0,0,0,0,0,0,1,0,0,0,1.1616072779475102,False,940,0.0044330025104138,hinge,0
pm10_750,0,0.66,0.0054826736450195,0.0001542568206787,1,0,0,1,0,0,0,0,0,0,0,0,0,0,0,1,0,0,0,0,0,0,1,0,0,0,1.3797550015995066,False,724,0.0010332146011113,hinge,0
pm10_750,1,0.64,0.0065970420837402,0.0001416206359863,0,1,0,0,1,0,0,0,0,0,0,0,0,0,0,1,0,0,0,0,0,0,0,0,1,0,2.3759459817286435,True,1391,0.0049290081966381,hinge,0
pm10_750,1,0.64,0.0061371326446533,0.0001416206359863,0,1,1,0,0,0,0,0,0,0,0,0,0,0,0,1,0,0,0,0,0,0,0,0,1,0,3.766774156821884,False,1489,0.0006187018654394,hinge,0
pm10_750,4,0.64,0.0032305717468261,0.00014328956604,0,1,1,0,0,0,0,0,0,0,0,0,1,0,0,0,0,0,0,0,0,0,0,0,1,0,0.6689899924631262,False,757,0.000223298760373,hinge,0
pm10_750,1,0.64,0.0061347484588623,0.0001437664031982,1,0,1,0,0,0,0,0,0,0,0,0,0,0,0,1,0,0,0,0,0,0,0,0,1,0,1.1945882614366203,True,1128,0.0005518598498578,hinge,0
pm10_750,1,0.64,0.0060901641845703,0.0001473426818847,0,1,1,0,0,0,0,0,0,0,0,0,0,0,0,1,0,0,0,0,0,0,0,0,0,1,0.1350119886575669,True,1241,0.0003618353994839,squared_hinge,0
pm10_750,4,0.64,0.0032300949096679,0.0001473426818847,1,0,1,0,0,0,0,0,0,0,0,0,1,0,0,0,0,0,0,0,0,0,0,0,1,0,0.6830185386440508,True,686,0.0010432046972423,hinge,0
pm10_750,1,0.64,0.0061357021331787,0.0001447200775146,1,0,0,0,1,0,0,0,0,0,0,0,0,0,0,1,0,0,0,1,0,0,0,0,0,0,0.1836105988251645,True,838,0.0060479368694283,hinge,0
pm10_750,1,0.64,0.0060813426971435,0.0001437664031982,0,1,1,0,0,0,0,0,0,0,0,0,0,0,0,1,0,0,0,1,0,0,0,0,0,0,0.1003343000424908,True,820,0.0005188660716463,hinge,0
algerian_forest_fires_46279,2,1.0,0.0011475086212158,0.0001158714294433,1,0,1,0,0,1,0,0,0,0,0,0,0,0,0,0,0,0,0,0,0,0,0,0,0,1,0.1316731913761657,False,1354,0.0029538164574459,squared_hinge,0
algerian_forest_fires_46279,4,1.0,0.0011718273162841,0.0001144409179687,1,0,1,0,0,1,0,0,0,0,0,0,0,0,0,0,0,0,0,0,0,0,0,0,0,1,0.112053175173687,True,1273,0.0018963048847556,hinge,0
algerian_forest_fires_46279,3,1.0,0.0012893676757812,0.0001506805419921,1,0,1,0,0,0,0,0,0,0,0,0,0,0,0,0,0,1,0,0,0,0,0,0,0,1,0.6089203840810451,False,1209,0.0002789019616112,hinge,0
algerian_forest_fires_46279,4,1.0,0.0013537406921386,0.0001182556152343,1,0,1,0,0,0,1,0,0,0,0,0,0,0,0,0,0,0,0,1,0,0,0,0,0,0,0.5870568590330375,True,883,0.0004310860361512,squared_hinge,0
algerian_forest_fires_46279,4,1.0,0.0011711120605468,0.0001132488250732,1,0,0,0,1,0,0,0,0,0,0,0,0,0,0,0,0,1,0,0,0,0,0,1,0,0,0.2500192840850072,False,1103,0.000258804396777,hinge,0
algerian_forest_fires_46279,3,1.0,0.0012135505676269,0.0001144409179687,1,0,0,0,1,0,0,0,0,0,0,0,0,0,0,0,0,1,0,0,0,0,0,1,0,0,0.8518991044654871,True,1345,0.0032849340835412,squared_hinge,0
algerian_forest_fires_46279,4,1.0,0.0012445449829101,0.0001168251037597,1,0,0,0,1,0,0,0,1,0,0,0,0,0,0,0,0,0,0,0,0,0,0,1,0,0,0.1442274810300187,True,1435,0.0001805112652389,hinge,0
algerian_forest_fires_46279,1,1.0,0.0016860961914062,0.0001461505889892,1,0,0,0,1,0,0,0,0,0,0,0,0,0,0,1,0,0,0,0,0,0,0,1,0,0,0.3834272135072611,False,766,0.0014356964367803,squared_hinge,0
algerian_forest_fires_46279,3,1.0,0.0011696815490722,0.0001163482666015,0,1,1,0,0,0,0,0,0,0,1,0,0,0,0,0,0,0,0,0,0,0,1,0,0,0,0.1232780015765586,False,376,0.0002200608605329,hinge,0
algerian_forest_fires_46279,4,1.0,0.001230239868164,0.0001194477081298,0,1,1,0,0,0,0,0,0,0,1,0,0,0,0,0,0,0,0,0,0,0,1,0,0,0,0.1031353272051785,False,657,0.0002482043402091,squared_hinge,0
algerian_forest_fires_46279,0,1.0,0.0016489028930664,0.0001471042633056,0,1,1,0,0,0,0,0,0,1,0,0,0,0,0,0,0,0,0,0,0,0,1,0,0,0,1.4930404938317283,True,844,0.0001024144128103,hinge,0
algerian_forest_fires_46279,3,1.0,0.0012648105621337,0.0001187324523925,0,1,1,0,0,0,1,0,0,0,0,0,0,0,0,0,0,0,0,0,0,0,0,1,0,0,2.72000275025625,True,1079,0.0007613849443408,squared_hinge,0
algerian_forest_fires_46279,2,1.0,0.001171588897705,0.0001196861267089,0,1,1,0,0,1,0,0,0,0,0,0,0,0,0,0,0,0,0,0,0,0,1,0,0,0,0.3289958441280654,True,1158,0.0041563200238861,hinge,0
algerian_forest_fires_46279,0,1.0,0.0011734962463378,0.0001168251037597,0,1,1,0,0,0,0,0,0,0,1,0,0,0,0,0,0,0,0,0,0,0,1,0,0,0,2.4293322201007097,False,980,0.0001500340585139,squared_hinge,0
algerian_forest_fires_46279,4,1.0,0.0012228488922119,0.0001182556152343,0,1,1,0,0,1,0,0,0,0,0,0,0,0,0,0,0,0,0,0,0,0,0,0,1,0,1.8018260694321149,False,1111,0.0049267040002583,squared_hinge,0
algerian_forest_fires_46279,2,1.0,0.0012555122375488,0.0001189708709716,0,1,1,0,0,1,0,0,0,0,0,0,0,0,0,0,0,0,0,0,0,0,0,0,1,0,3.5564184026412686,False,1196,0.0048641347890568,hinge,0
algerian_forest_fires_46279,3,1.0,0.0011336803436279,0.0001149177551269,1,0,0,1,0,0,0,0,0,0,0,0,0,0,0,0,0,1,0,0,0,0,0,0,0,1,0.2575427094330737,True,819,0.0002912953196958,squared_hinge,0
algerian_forest_fires_46279,4,1.0,0.0013494491577148,0.0001204013824462,1,0,0,1,0,0,1,0,0,0,0,0,0,0,0,0,0,0,0,0,0,1,0,0,0,0,0.91543683137325,False,875,0.0055778446454136,squared_hinge,0
algerian_forest_fires_46279,1,1.0,0.0010907649993896,0.0001099109649658,1,0,0,1,0,0,0,0,1,0,0,0,0,0,0,0,0,0,0,0,0,0,0,0,1,0,0.2641030701356929,True,1166,0.0044985710687077,hinge,0
algerian_forest_fires_46279,2,1.0,0.0011680126190185,0.0001177787780761,0,1,0,0,1,1,0,0,0,0,0,0,0,0,0,0,0,0,0,0,0,0,1,0,0,0,5.512125287763163,False,1122,0.0020359012064297,squared_hinge,0
fri_c3_500_50_937,1,0.79,0.0029816627502441,0.0001554489135742,1,0,1,0,0,0,0,0,0,0,0,0,0,0,0,1,0,0,0,0,0,0,0,1,0,0,1.953946097730578,True,606,0.0045983625322189,squared_hinge,0
fri_c3_500_50_937,1,0.79,0.0028319358825683,0.0001437664031982,1,0,0,0,1,0,0,0,0,0,0,0,0,0,0,1,0,0,0,0,0,0,0,1,0,0,0.148088036505473,False,1230,0.0001403840683572,squared_hinge,0
fri_c3_500_50_937,1,0.79,0.0028722286224365,0.0001482963562011,0,1,0,0,1,0,0,0,0,0,0,0,0,0,0,1,0,0,0,0,0,0,0,1,0,0,0.5391551410159283,False,1037,0.0004346755092567,hinge,0
fri_c3_500_50_937,1,0.79,0.0029175281524658,0.0001473426818847,0,1,0,1,0,0,0,0,0,0,0,0,0,0,0,1,0,0,0,0,0,0,0,1,0,0,0.1193175272989827,True,688,0.0003778255879644,hinge,0
fri_c3_500_50_937,1,0.79,0.0029582977294921,0.0002226829528808,1,0,0,1,0,0,0,0,0,0,0,0,0,0,0,1,0,0,0,0,0,0,0,1,0,0,9.322900995907723,True,935,0.0036580838725157,hinge,0
fri_c3_500_50_937,1,0.79,0.0028605461120605,0.0001475811004638,0,1,1,0,0,0,0,0,0,0,0,0,0,0,0,1,0,0,0,0,0,0,0,1,0,0,4.432314089910685,False,932,0.0031875693388714,hinge,0
fri_c3_500_50_937,1,0.74,0.0030434131622314,0.0001437664031982,0,1,1,0,0,0,0,0,0,0,0,0,0,0,0,1,0,0,0,1,0,0,0,0,0,0,0.5080216401733996,True,731,0.0060532482501831,hinge,0
fri_c3_500_50_937,1,0.74,0.0029370784759521,0.0001463890075683,1,0,0,1,0,0,0,0,0,0,0,0,0,0,0,1,0,0,0,0,1,0,0,0,0,0,0.587004371815815,True,1039,0.0003775494360463,squared_hinge,0
fri_c3_500_50_937,1,0.74,0.002976655960083,0.0001595020294189,1,0,0,0,1,0,0,0,0,0,0,0,0,0,0,1,0,0,0,0,0,0,0,0,0,1,0.5481855991482212,False,1084,0.0008864499876077,hinge,0
fri_c3_500_50_937,1,0.74,0.0030004978179931,0.0001513957977294,1,0,0,0,1,0,0,0,0,0,0,0,0,0,0,1,0,0,0,1,0,0,0,0,0,0,2.0657238754507774,True,1370,0.0001090230379649,squared_hinge,0
fri_c3_500_50_937,1,0.74,0.0030610561370849,0.0001487731933593,1,0,1,0,0,0,0,0,0,0,0,0,0,0,0,1,0,0,0,0,0,0,0,0,1,0,0.4969512492864276,True,509,0.0095566585883419,squared_hinge,0
fri_c3_500_50_937,1,0.74,0.0029528141021728,0.0001521110534667,0,1,0,0,1,0,0,0,0,0,0,0,0,0,0,1,0,0,0,0,0,0,0,0,0,1,0.2659417391099895,True,1038,0.0006638545106565,hinge,0
fri_c3_500_50_937,1,0.74,0.0029335021972656,0.0001513957977294,1,0,0,1,0,0,0,0,0,0,0,0,0,0,0,1,0,0,0,0,0,0,0,0,0,1,0.3435866369766134,True,861,0.0013056560336557,squared_hinge,0
fri_c3_500_50_937,1,0.74,0.002892255783081,0.0001466274261474,0,1,1,0,0,0,0,0,0,0,0,0,0,0,0,1,0,0,0,0,1,0,0,0,0,0,3.901178576960403,False,897,0.0011611184828599,hinge,0
fri_c3_500_50_937,1,0.74,0.0028889179229736,0.0001437664031982,1,0,0,1,0,0,0,0,0,0,0,0,0,0,0,1,0,0,0,1,0,0,0,0,0,0,0.1606261073326514,False,1613,0.000600495053527,squared_hinge,0
fri_c3_500_50_937,1,0.74,0.0029215812683105,0.0001451969146728,1,0,0,0,1,0,0,0,0,0,0,0,0,0,0,1,0,0,0,0,1,0,0,0,0,0,0.7247453524459982,False,1310,0.0002923348030277,hinge,0
fri_c3_500_50_937,1,0.74,0.0029287338256835,0.0001435279846191,0,1,0,0,1,0,0,0,0,0,0,0,0,0,0,1,0,0,0,0,0,0,0,0,1,0,0.6188253187556553,True,1347,0.0031066870782102,squared_hinge,0
fri_c3_500_50_937,1,0.74,0.0029425621032714,0.0001494884490966,1,0,0,0,1,0,0,0,0,0,0,0,0,0,0,1,0,0,0,0,0,0,0,0,1,0,1.2998757673766943,True,1082,0.0005651399946574,hinge,0
fri_c3_500_50_937,1,0.74,0.0030200481414794,0.0001444816589355,0,1,0,0,1,0,0,0,0,0,0,0,0,0,0,1,0,0,0,0,1,0,0,0,0,0,0.1322383606071503,True,1037,0.0022132713457475,squared_hinge,0
fri_c3_500_50_937,1,0.74,0.0029129981994628,0.0001444816589355,1,0,1,0,0,0,0,0,0,0,0,0,0,0,0,1,0,0,0,0,0,0,0,0,0,1,0.116708575952516,True,654,0.0028890177626316,hinge,0
fri_c2_1000_50_866,3,0.815,0.0015125274658203,0.0001256465911865,1,0,0,0,1,0,0,0,1,0,0,0,0,0,0,0,0,0,0,0,0,0,0,0,1,0,2.45052200839918,False,1514,0.0028310354640578,hinge,0
fri_c2_1000_50_866,3,0.815,0.0014019012451171,0.0001115798950195,0,1,1,0,0,0,0,0,1,0,0,0,0,0,0,0,0,0,0,0,0,0,0,0,1,0,1.1124020926263245,True,712,0.0001455685998517,hinge,0
fri_c2_1000_50_866,3,0.815,0.0016884803771972,0.0001254081726074,0,1,0,1,0,0,0,0,1,0,0,0,0,0,0,0,0,0,0,0,0,0,0,0,1,0,0.1747870271321468,True,1128,0.0088956296340287,squared_hinge,0
fri_c2_1000_50_866,3,0.815,0.0015082359313964,0.0001294612884521,1,0,0,1,0,0,0,0,1,0,0,0,0,0,0,0,0,0,0,0,0,0,0,0,1,0,0.5891481728782744,False,884,0.003304922094923,hinge,0
fri_c2_1000_50_866,3,0.815,0.0014059543609619,0.0001132488250732,1,0,1,0,0,0,0,0,1,0,0,0,0,0,0,0,0,0,0,0,0,0,0,0,1,0,1.1166507473377354,True,896,0.001565389751244,hinge,0
fri_c2_1000_50_866,3,0.815,0.0016965866088867,0.0001227855682373,0,1,0,0,1,0,0,0,1,0,0,0,0,0,0,0,0,0,0,0,0,0,0,0,1,0,0.5086889905171846,False,571,0.0003774345639053,hinge,0
fri_c2_1000_50_866,4,0.78,0.0013542175292968,0.0001113414764404,1,0,1,0,0,0,0,0,1,0,0,0,0,0,0,0,0,0,0,0,1,0,0,0,0,0,0.1690128221940767,True,1086,0.0002009246591987,hinge,0
fri_c2_1000_50_866,4,0.78,0.0013990402221679,0.0001106262207031,0,1,0,1,0,0,0,0,1,0,0,0,0,0,0,0,0,0,0,0,1,0,0,0,0,0,0.1999807249551406,False,451,0.0038774194973602,hinge,0
fri_c2_1000_50_866,4,0.78,0.0015504360198974,0.0001263618469238,1,0,0,1,0,0,0,0,1,0,0,0,0,0,0,0,0,0,0,0,1,0,0,0,0,0,0.309512998103138,False,261,0.0006148300607818,hinge,0
fri_c2_1000_50_866,4,0.78,0.0017626285552978,0.0001301765441894,1,0,0,0,1,0,0,0,1,0,0,0,0,0,0,0,0,0,0,0,1,0,0,0,0,0,0.1005650038571289,False,829,0.0066612691638611,squared_hinge,0
fri_c2_1000_50_866,4,0.78,0.0014352798461914,0.0001142024993896,0,1,0,0,1,0,0,0,1,0,0,0,0,0,0,0,0,0,0,0,1,0,0,0,0,0,2.8670337591759103,True,1130,0.0076014578348994,squared_hinge,0
fri_c2_1000_50_866,4,0.78,0.001427412033081,0.0001108646392822,0,1,1,0,0,0,0,0,1,0,0,0,0,0,0,0,0,0,0,0,1,0,0,0,0,0,2.361340458489426,False,652,0.0001292355422934,squared_hinge,0
fri_c2_1000_50_866,4,0.775,0.0015013217926025,0.0001149177551269,1,0,1,0,0,1,0,0,0,0,0,0,0,0,0,0,0,0,0,0,0,0,0,1,0,0,5.786473422182575,False,408,0.0014477579208606,hinge,0
fri_c2_1000_50_866,4,0.775,0.001471996307373,0.0001118183135986,0,1,1,0,0,0,0,0,0,0,0,0,0,0,0,0,0,1,0,0,0,0,0,1,0,0,0.1693877205962322,True,1549,0.0005853694392814,squared_hinge,0
fri_c2_1000_50_866,4,0.775,0.0015032291412353,0.0001149177551269,0,1,1,0,0,1,0,0,0,0,0,0,0,0,0,0,0,0,0,0,0,1,0,0,0,0,1.7034495616849976,False,1611,0.000655930061108,hinge,0
fri_c2_1000_50_866,3,0.775,0.0022101402282714,0.0001595020294189,0,1,0,1,0,0,0,0,0,0,0,0,0,0,0,0,0,0,1,0,0,1,0,0,0,0,2.7794845797242496,False,1201,0.0017076697852843,hinge,0
fri_c2_1000_50_866,4,0.775,0.0014700889587402,0.0001113414764404,0,1,0,1,0,0,0,0,0,0,0,0,0,0,0,0,0,1,0,0,0,1,0,0,0,0,1.6379868227232326,True,884,0.0035865826176295,squared_hinge,0
fri_c2_1000_50_866,3,0.775,0.0014305114746093,0.0001094341278076,0,1,0,0,1,0,0,0,0,0,0,0,0,0,0,0,0,0,1,0,0,1,0,0,0,0,0.5146466834807376,True,1155,0.0012570406445666,hinge,0
fri_c2_1000_50_866,4,0.775,0.0016624927520751,0.0001399517059326,1,0,1,0,0,0,0,0,0,0,0,0,0,0,0,0,0,1,0,0,0,1,0,0,0,0,0.4489285204454217,True,1195,0.0032620839858042,squared_hinge,0
fri_c2_1000_50_866,3,0.775,0.0015523433685302,0.0001201629638671,1,0,1,0,0,0,0,0,0,0,0,0,0,0,0,0,0,0,1,0,0,1,0,0,0,0,0.189107977972579,True,1168,0.0085195425800425,hinge,0
fruitfly_714,4,0.72,0.0017759799957275,0.0001335144042968,0,1,0,0,1,0,0,0,0,0,0,0,1,0,0,0,0,0,0,0,0,0,1,0,0,0,8.766753033133506,False,1223,0.0006638432287103,hinge,0
fruitfly_714,4,0.72,0.0017938613891601,0.0001373291015625,1,0,0,1,0,0,0,0,0,0,0,0,1,0,0,0,0,0,0,0,0,0,1,0,0,0,0.1667171483130296,True,1171,0.0007745899136659,hinge,0
fruitfly_714,2,0.72,0.0010068416595458,0.0001111030578613,0,1,1,0,0,0,0,0,0,0,1,0,0,0,0,0,0,0,0,0,0,0,1,0,0,0,2.3169300252023137,True,895,0.002221854581451,hinge,0
fruitfly_714,4,0.72,0.0015139579772949,0.0001208782196044,1,0,0,0,1,0,0,0,0,0,0,0,1,0,0,0,0,0,0,0,0,0,1,0,0,0,5.900034883990648,True,1017,0.0001199318401557,squared_hinge,0
fruitfly_714,4,0.72,0.0017828941345214,0.0001370906829833,0,1,1,0,0,0,0,0,0,0,0,0,1,0,0,0,0,0,0,0,0,0,1,0,0,0,6.314388642940115,False,1233,0.0001716511591214,hinge,0
fruitfly_714,2,0.72,0.001000165939331,0.0001108646392822,1,0,1,0,0,0,0,0,0,0,1,0,0,0,0,0,0,0,0,0,0,0,1,0,0,0,7.05893812281189,True,1126,0.0002000322673272,hinge,0
fruitfly_714,2,0.72,0.0010786056518554,0.0001149177551269,1,0,0,0,1,0,0,0,0,0,1,0,0,0,0,0,0,0,0,0,0,0,1,0,0,0,2.087388178835756,True,1268,0.0014334002026532,hinge,0
fruitfly_714,2,0.72,0.0012125968933105,0.0001223087310791,0,1,0,0,1,0,0,0,0,0,1,0,0,0,0,0,0,0,0,0,0,0,1,0,0,0,0.1823636177047722,False,741,0.0012251339678802,hinge,0
fruitfly_714,2,0.72,0.0010569095611572,0.0001142024993896,1,0,0,1,0,0,0,0,0,0,1,0,0,0,0,0,0,0,0,0,0,0,1,0,0,0,1.096340811778937,False,1091,0.0004091400328745,squared_hinge,0
fruitfly_714,4,0.72,0.0018527507781982,0.000145673751831,0,1,0,1,0,0,0,0,0,0,0,0,1,0,0,0,0,0,0,0,0,0,1,0,0,0,0.7529094352472492,True,757,0.0014119475355392,squared_hinge,0
fruitfly_714,4,0.72,0.0019176006317138,0.0001435279846191,1,0,1,0,0,0,0,0,0,0,0,0,1,0,0,0,0,0,0,0,0,0,1,0,0,0,2.2050481097650327,False,1022,0.0084833767687204,hinge,0
fruitfly_714,2,0.72,0.000986099243164,0.0001306533813476,0,1,0,1,0,0,0,0,0,0,1,0,0,0,0,0,0,0,0,0,0,0,1,0,0,0,0.8261750945359914,False,797,0.0052963710966753,squared_hinge,0
fruitfly_714,3,0.68,0.0010182857513427,0.000108003616333,0,1,0,1,0,0,0,0,0,0,0,0,0,0,0,0,0,0,1,0,0,0,0,1,0,0,4.409114233116872,False,911,0.0005235558286662,hinge,0
fruitfly_714,4,0.68,0.0011229515075683,0.0001134872436523,0,1,0,1,0,0,0,0,0,0,1,0,0,0,0,0,0,0,0,0,0,0,0,1,0,0,0.6668760974851927,True,1276,0.0079910025282875,hinge,0
fruitfly_714,3,0.68,0.0011510848999023,0.000115156173706,0,1,0,0,1,0,0,0,0,0,1,0,0,0,0,0,0,0,0,0,0,1,0,0,0,0,3.2175996932491646,True,1170,0.0005124261620106,hinge,0
fruitfly_714,0,0.68,0.0012919902801513,0.0001349449157714,1,0,0,1,0,0,0,0,0,0,1,0,0,0,0,0,0,0,0,1,0,0,0,0,0,0,7.997943662047083,True,702,0.0014028773205349,squared_hinge,0
fruitfly_714,3,0.68,0.0010726451873779,0.0001142024993896,0,1,1,0,0,0,0,0,0,0,1,0,0,0,0,0,0,0,0,0,0,1,0,0,0,0,2.8430500202409017,True,858,0.0023568853217229,hinge,0
fruitfly_714,0,0.68,0.0011239051818847,0.0001163482666015,0,1,0,0,1,1,0,0,0,0,0,0,0,0,0,0,0,0,0,1,0,0,0,0,0,0,3.3549947091461862,False,1249,0.0016515967292419,squared_hinge,0
fruitfly_714,0,0.68,0.0009765625,0.0001065731048583,0,1,0,1,0,0,0,0,1,0,0,0,0,0,0,0,0,0,0,0,0,0,0,1,0,0,2.641219730363825,True,1559,0.0048993180377333,squared_hinge,0
fruitfly_714,0,0.68,0.001718521118164,0.0001611709594726,1,0,1,0,0,1,0,0,0,0,0,0,0,0,0,0,0,0,0,0,0,0,0,1,0,0,4.797365247493967,True,1254,0.0013507496779943,hinge,0
analcatdata_draft_984,0,0.972972972972973,0.0012199878692626,0.0001165866851806,0,1,1,0,0,0,1,0,0,0,0,0,0,0,0,0,0,0,0,0,1,0,0,0,0,0,0.3831998215413675,True,804,0.0005612984223281,hinge,0
analcatdata_draft_984,0,0.972972972972973,0.0012001991271972,0.0001184940338134,0,1,0,0,1,0,0,0,0,0,1,0,0,0,0,0,0,0,0,0,0,0,0,1,0,0,9.642832218004775,False,950,0.0012332306090968,squared_hinge,0
analcatdata_draft_984,0,0.972972972972973,0.0014345645904541,0.0001454353332519,0,1,0,0,1,0,0,0,0,1,0,0,0,0,0,0,0,0,0,0,0,0,1,0,0,0,3.905344357959734,True,1102,0.0073990622080922,hinge,0
analcatdata_draft_984,0,0.972972972972973,0.0012986660003662,0.0001232624053955,0,1,0,0,1,0,1,0,0,0,0,0,0,0,0,0,0,0,0,0,0,0,0,1,0,0,3.279574413723166,True,1100,0.0026330179635294,hinge,0
analcatdata_draft_984,0,0.972972972972973,0.0012683868408203,0.0001208782196044,0,1,0,0,1,0,0,0,0,0,0,0,0,1,0,0,0,0,0,0,0,0,0,1,0,0,0.1510168053837139,True,1059,0.0003635303591717,squared_hinge,0
analcatdata_draft_984,0,0.972972972972973,0.0015699863433837,0.0001387596130371,0,1,0,0,1,0,0,0,0,0,1,0,0,0,0,0,0,0,0,0,0,0,1,0,0,0,0.4636898270220264,True,735,0.0001095150409376,squared_hinge,0
analcatdata_draft_984,0,0.972972972972973,0.0011036396026611,0.0001144409179687,0,1,0,1,0,0,0,0,0,0,0,0,0,0,0,0,0,1,0,0,0,1,0,0,0,0,0.3212421163064901,True,867,0.0016175465866114,hinge,0
analcatdata_draft_984,0,0.972972972972973,0.0012290477752685,0.0001189708709716,0,1,0,1,0,0,1,0,0,0,0,0,0,0,0,0,0,0,0,0,1,0,0,0,0,0,0.1674429687171605,False,1076,0.0001971629014421,hinge,0
analcatdata_draft_984,0,0.972972972972973,0.0013291835784912,0.0001516342163085,0,1,0,0,1,0,1,0,0,0,0,0,0,0,0,0,0,0,0,0,0,0,0,0,0,1,6.729421673809466,False,876,0.001016643847073,hinge,0
analcatdata_draft_984,0,0.972972972972973,0.0021002292633056,0.0001444816589355,0,1,0,1,0,0,0,0,0,0,0,0,1,0,0,0,0,0,0,0,1,0,0,0,0,0,1.6602356225723929,False,1296,0.0003101219673667,squared_hinge,0
analcatdata_draft_984,0,0.972972972972973,0.001166820526123,0.000112771987915,0,1,0,0,1,0,0,0,0,0,0,0,0,0,0,0,0,1,0,0,0,0,0,0,0,1,6.221404304728937,False,468,0.0062366080867356,hinge,0
analcatdata_draft_984,0,0.972972972972973,0.001190185546875,0.0001173019409179,0,1,0,0,1,0,1,0,0,0,0,0,0,0,0,0,0,0,0,1,0,0,0,0,0,0,1.1607713673534914,False,1381,0.0001818715351593,hinge,0
analcatdata_draft_984,0,0.972972972972973,0.0015113353729248,0.0001375675201416,0,1,0,0,1,0,0,0,0,1,0,0,0,0,0,0,0,0,0,0,0,0,0,0,0,1,6.629705548538504,True,1629,0.0093006974782431,hinge,0
analcatdata_draft_984,0,0.972972972972973,0.0011923313140869,0.0001139640808105,0,1,0,1,0,0,0,0,0,0,0,0,0,0,0,0,0,0,1,0,1,0,0,0,0,0,7.115762124918694,True,1113,0.0001664744734585,hinge,0
analcatdata_draft_984,0,0.972972972972973,0.0011844635009765,0.0001206398010253,0,1,0,0,1,1,0,0,0,0,0,0,0,0,0,0,0,0,0,0,0,0,0,0,0,1,2.0177185549,True,776,0.0016240885266051,hinge,0
analcatdata_draft_984,0,0.972972972972973,0.0013449192047119,0.0001211166381835,0,1,0,0,1,0,0,0,0,0,1,0,0,0,0,0,0,0,0,0,0,0,0,0,0,1,1.004542623915611,False,1479,0.0010924991801085,hinge,0
analcatdata_draft_984,0,0.972972972972973,0.0013158321380615,0.0001208782196044,0,1,0,0,1,0,0,0,0,0,0,0,0,1,0,0,0,0,0,1,0,0,0,0,0,0,0.27749993669507,True,906,0.0028210691360686,hinge,0
analcatdata_draft_984,0,0.972972972972973,0.0012578964233398,0.0001266002655029,0,1,1,0,0,0,0,0,0,0,1,0,0,0,0,0,0,0,0,0,0,0,0,1,0,0,6.732654456593369,True,766,0.0002817093624898,hinge,0
analcatdata_draft_984,0,0.972972972972973,0.0010862350463867,0.0001111030578613,0,1,0,1,0,0,0,0,0,0,0,0,0,1,0,0,0,0,0,0,0,0,1,0,0,0,3.62542420041615,False,1094,0.0007196105511924,squared_hinge,0
analcatdata_draft_984,0,0.972972972972973,0.0012319087982177,0.0001189708709716,0,1,0,1,0,1,0,0,0,0,0,0,0,0,0,0,0,0,0,0,0,0,0,0,1,0,0.4688227761347131,True,1351,0.0001020702416001,squared_hinge,0
fri_c0_1000_50_904,2,0.865,0.0015528202056884,0.0001351833343505,1,0,0,0,1,1,0,0,0,0,0,0,0,0,0,0,0,0,0,0,1,0,0,0,0,0,2.1611105477746126,True,1583,0.0021909253726219,hinge,0
fri_c0_1000_50_904,2,0.865,0.0015475749969482,0.0001153945922851,0,1,0,1,0,1,0,0,0,0,0,0,0,0,0,0,0,0,0,0,1,0,0,0,0,0,1.668026361068473,False,821,0.0004354494007084,hinge,0
fri_c0_1000_50_904,2,0.865,0.0016779899597167,0.0001168251037597,0,1,1,0,0,1,0,0,0,0,0,0,0,0,0,0,0,0,0,0,1,0,0,0,0,0,0.1641203038802155,True,1039,0.0082608439574821,squared_hinge,0
fri_c0_1000_50_904,2,0.865,0.0015454292297363,0.000112771987915,0,1,0,0,1,1,0,0,0,0,0,0,0,0,0,0,0,0,0,0,1,0,0,0,0,0,7.281912750312395,False,1032,0.0008272476401928,hinge,0
fri_c0_1000_50_904,2,0.865,0.0015482902526855,0.0001144409179687,1,0,0,1,0,1,0,0,0,0,0,0,0,0,0,0,0,0,0,0,1,0,0,0,0,0,0.1027666826500178,False,860,0.0024395370141006,hinge,0
fri_c0_1000_50_904,2,0.865,0.0015759468078613,0.0001177787780761,1,0,1,0,0,1,0,0,0,0,0,0,0,0,0,0,0,0,0,0,1,0,0,0,0,0,4.531739403505958,True,1076,0.0002231920703213,hinge,0
fri_c0_1000_50_904,3,0.86,0.0018317699432373,0.0001289844512939,0,1,0,0,1,1,0,0,0,0,0,0,0,0,0,0,0,0,0,0,0,1,0,0,0,0,1.0540460344553724,False,1167,0.0040948489057649,hinge,0
fri_c0_1000_50_904,2,0.86,0.001565933227539,0.0001137256622314,0,1,0,1,0,1,0,0,0,0,0,0,0,0,0,0,0,0,0,0,0,0,0,0,0,1,4.482034742712589,False,1095,0.0001071531180285,hinge,0
fri_c0_1000_50_904,3,0.86,0.0018644332885742,0.0001575946807861,0,1,0,1,0,1,0,0,0,0,0,0,0,0,0,0,0,0,0,0,0,1,0,0,0,0,1.2922906936493002,True,719,0.0001280837813975,hinge,0
fri_c0_1000_50_904,2,0.86,0.0016448497772216,0.0001158714294433,1,0,0,0,1,1,0,0,0,0,0,0,0,0,0,0,0,0,0,0,0,0,0,0,0,1,0.2025369688561103,False,1021,0.0035831705395954,hinge,0
fri_c0_1000_50_904,3,0.86,0.0016455650329589,0.0001201629638671,0,1,1,0,0,1,0,0,0,0,0,0,0,0,0,0,0,0,0,0,0,1,0,0,0,0,0.8858984760943976,True,662,0.0006443261894876,hinge,0
fri_c0_1000_50_904,3,0.86,0.0017304420471191,0.0001194477081298,1,0,0,1,0,1,0,0,0,0,0,0,0,0,0,0,0,0,0,0,0,1,0,0,0,0,5.723301844522153,False,524,0.0001280715011184,squared_hinge,0
fri_c0_1000_50_904,2,0.86,0.0016076564788818,0.0001144409179687,1,0,1,0,0,1,0,0,0,0,0,0,0,0,0,0,0,0,0,0,0,0,0,0,0,1,0.2878348345105669,True,993,0.0006072768552073,hinge,0
fri_c0_1000_50_904,3,0.86,0.0015864372253417,0.0001130104064941,1,0,0,0,1,1,0,0,0,0,0,0,0,0,0,0,0,0,0,0,0,1,0,0,0,0,0.1735871490686812,True,1136,0.0002098101529502,squared_hinge,0
fri_c0_1000_50_904,3,0.86,0.0015947818756103,0.0001168251037597,1,0,1,0,0,1,0,0,0,0,0,0,0,0,0,0,0,0,0,0,0,1,0,0,0,0,0.6744818207150904,True,1009,0.0008618122003637,hinge,0
fri_c0_1000_50_904,2,0.86,0.0017087459564208,0.0001187324523925,1,0,0,1,0,1,0,0,0,0,0,0,0,0,0,0,0,0,0,0,0,0,0,0,0,1,4.187958987087488,True,908,0.0095298679330162,hinge,0
fri_c0_1000_50_904,2,0.86,0.0016150474548339,0.0001239776611328,0,1,0,0,1,1,0,0,0,0,0,0,0,0,0,0,0,0,0,0,0,0,0,0,0,1,2.5767708956185773,True,1093,0.0001059556037042,hinge,0
fri_c0_1000_50_904,2,0.86,0.0016169548034667,0.0001144409179687,0,1,1,0,0,1,0,0,0,0,0,0,0,0,0,0,0,0,0,0,0,0,0,0,0,1,9.85129089086839,False,1514,0.0036125129495676,hinge,0
fri_c0_1000_50_904,3,0.855,0.0014889240264892,0.0001134872436523,0,1,0,0,1,0,0,0,0,0,0,0,0,0,0,0,0,1,0,0,0,1,0,0,0,0,5.762060331426575,True,1069,0.0005429115731384,hinge,0
fri_c0_1000_50_904,3,0.855,0.0015954971313476,0.0001122951507568,0,1,0,1,0,0,0,0,0,0,0,0,0,0,0,0,0,1,0,1,0,0,0,0,0,0,0.2201687592244487,True,1658,0.0037051507990343,hinge,0
breast-w_15,1,0.9857142857142858,0.0051589012145996,0.0001544952392578,0,1,1,0,0,0,0,0,0,0,0,0,1,0,0,0,0,0,0,0,1,0,0,0,0,0,3.7660351407249633,False,949,0.0007811647388463,squared_hinge,0
breast-w_15,0,0.9857142857142858,0.0020568370819091,0.0001235008239746,0,1,0,0,1,0,0,0,0,0,0,0,0,0,1,0,0,0,0,0,0,0,0,1,0,0,2.730562564938586,False,966,0.0031773935146027,hinge,0
breast-w_15,0,0.9857142857142858,0.0021061897277832,0.0001218318939208,0,1,1,0,0,0,0,0,0,0,0,0,0,0,1,0,0,0,0,0,0,0,0,1,0,0,0.2459830017159844,True,1077,0.001258099817739,hinge,0
breast-w_15,3,0.9857142857142858,0.0028831958770751,0.0001535415649414,0,1,0,1,0,0,0,0,0,0,0,0,0,0,0,1,0,0,0,0,1,0,0,0,0,0,3.636359421353696,True,272,0.0030897729176414,hinge,0
breast-w_15,1,0.9857142857142858,0.0013213157653808,0.0001361370086669,0,1,0,1,0,0,0,1,0,0,0,0,0,0,0,0,0,0,0,0,1,0,0,0,0,0,0.3056436853232617,True,1043,0.0010622889218763,squared_hinge,0
breast-w_15,1,0.9857142857142858,0.0052735805511474,0.0001616477966308,0,1,0,1,0,0,0,0,0,0,0,0,1,0,0,0,0,0,0,0,1,0,0,0,0,0,0.814724076890049,False,699,0.002194194949643,hinge,0
breast-w_15,3,0.9857142857142858,0.0027976036071777,0.0001511573791503,0,1,1,0,0,0,0,0,0,0,0,0,0,0,0,1,0,0,0,0,0,0,0,0,1,0,0.3587462058404715,True,1216,0.0008310739088306,hinge,0
breast-w_15,3,0.9857142857142858,0.0028469562530517,0.0001509189605712,0,1,0,0,1,0,0,0,0,0,0,0,0,0,0,1,0,0,0,0,0,0,0,0,1,0,0.7988987237189894,True,827,0.0002958515213495,hinge,0
breast-w_15,1,0.9857142857142858,0.0012216567993164,0.0001096725463867,0,1,0,0,1,0,0,0,0,0,0,0,0,0,0,0,0,0,1,1,0,0,0,0,0,0,0.4017164984274147,False,806,0.0032697923251356,hinge,0
breast-w_15,3,0.9857142857142858,0.0026731491088867,0.0001447200775146,0,1,0,0,1,0,0,0,0,0,0,0,0,0,0,1,0,0,0,0,0,0,0,0,0,1,2.0809974759137693,True,1043,0.0009949620864823,hinge,0
breast-w_15,3,0.9857142857142858,0.0019464492797851,0.0001642704010009,0,1,0,0,1,0,0,0,0,0,0,1,0,0,0,0,0,0,0,1,0,0,0,0,0,0,4.0199486684831625,True,796,0.0006068958542134,hinge,0
breast-w_15,3,0.9857142857142858,0.0028905868530273,0.0002126693725585,0,1,0,1,0,0,0,0,0,0,0,0,0,0,0,1,0,0,0,0,0,0,0,0,0,1,0.1089488476538207,True,781,0.0096048038962681,hinge,0
breast-w_15,3,0.9857142857142858,0.0026922225952148,0.0001492500305175,0,1,0,1,0,0,0,0,0,0,0,0,0,0,0,1,0,0,0,1,0,0,0,0,0,0,0.6384876526782053,True,984,0.0001278614158235,hinge,0
breast-w_15,3,0.9857142857142858,0.0016648769378662,0.0001275539398193,0,1,0,1,0,0,0,0,0,0,0,1,0,0,0,0,0,0,0,1,0,0,0,0,0,0,0.1953888620777565,True,1424,0.0028208489323616,hinge,0
breast-w_15,3,0.9857142857142858,0.0026781558990478,0.0001380443572998,0,1,0,0,1,0,0,0,0,0,0,0,0,0,0,1,0,0,0,1,0,0,0,0,0,0,0.1093288416292114,True,941,0.0006736978047792,hinge,0
breast-w_15,1,0.9857142857142858,0.001359224319458,0.0001158714294433,0,1,0,0,1,0,0,1,0,0,0,0,0,0,0,0,0,0,0,0,1,0,0,0,0,0,9.253941146968288,True,1666,0.0004632840129542,hinge,0
breast-w_15,1,0.9857142857142858,0.00514817237854,0.0001506805419921,0,1,0,0,1,0,0,0,0,0,0,0,1,0,0,0,0,0,0,0,1,0,0,0,0,0,2.2257754668584706,True,1362,0.0061715139429525,hinge,0
breast-w_15,3,0.9857142857142858,0.0028586387634277,0.0001535415649414,0,1,0,0,1,0,0,0,0,0,0,0,0,0,0,1,0,0,0,0,1,0,0,0,0,0,0.8027879712667462,True,895,0.0035628126232576,hinge,0
breast-w_15,1,0.9857142857142858,0.0012183189392089,0.000112771987915,0,1,0,1,0,0,0,0,0,0,0,0,0,0,0,0,0,0,1,1,0,0,0,0,0,0,0.7277894522228632,False,1109,0.0001099083305106,hinge,0
breast-w_15,1,0.9857142857142858,0.001347541809082,0.0001156330108642,0,1,1,0,0,0,0,0,0,0,0,0,0,0,0,0,0,0,1,1,0,0,0,0,0,0,4.805668241921171,False,1103,0.0029624720607265,hinge,0
chscase_census4_907,1,0.6375,0.0024077892303466,0.0001482963562011,1,0,1,0,0,0,0,0,0,0,0,0,0,0,0,0,1,0,0,0,0,0,0,0,0,1,1.3851195263122296,True,967,0.0001038832095609,squared_hinge,0
chscase_census4_907,1,0.6375,0.0025162696838378,0.0001547336578369,1,0,0,1,0,0,0,0,0,0,0,0,0,0,0,0,1,0,0,0,0,0,0,0,0,1,3.1479110158100565,True,1090,0.0001243625782731,hinge,0
chscase_census4_907,1,0.6375,0.0024526119232177,0.0001482963562011,0,1,0,1,0,0,0,0,0,0,0,0,0,0,0,0,1,0,0,0,0,0,0,0,0,1,6.931742853461533,True,703,0.0003230835968054,hinge,0
chscase_census4_907,1,0.6375,0.0024397373199462,0.0001499652862548,1,0,0,0,1,0,0,0,0,0,0,0,0,0,0,0,1,0,0,0,0,0,0,0,0,1,5.849666676106308,True,1379,0.0091540254194612,hinge,0
chscase_census4_907,1,0.6375,0.0026359558105468,0.0003097057342529,0,1,0,0,1,0,0,0,0,0,0,0,0,0,0,0,1,0,0,0,0,0,0,0,0,1,0.1548680687265292,True,1021,0.0006061106469658,hinge,0
chscase_census4_907,1,0.6375,0.0023994445800781,0.0001471042633056,0,1,1,0,0,0,0,0,0,0,0,0,0,0,0,0,1,0,0,0,0,0,0,0,0,1,0.9374666531982556,True,1293,0.0013753912751845,squared_hinge,0
chscase_census4_907,1,0.6125,0.0013368129730224,0.0001201629638671,0,1,0,1,0,0,0,0,0,0,0,0,0,0,1,0,0,0,0,0,0,0,1,0,0,0,1.8491868039230328,False,849,0.0036523346231802,hinge,0
chscase_census4_907,1,0.6125,0.001305341720581,0.0001225471496582,1,0,1,0,0,0,0,0,0,0,0,0,0,0,1,0,0,0,0,0,0,0,1,0,0,0,0.8442212677090942,False,1587,0.000334077128195,hinge,0
chscase_census4_907,1,0.6125,0.0014190673828125,0.0001294612884521,1,0,0,1,0,0,0,0,0,0,0,0,0,0,1,0,0,0,0,0,0,0,1,0,0,0,0.3805089616802177,False,930,0.0075459043578014,hinge,0
chscase_census4_907,1,0.6125,0.0012948513031005,0.0001201629638671,1,0,0,0,1,0,0,0,0,0,0,0,0,0,1,0,0,0,0,0,0,0,1,0,0,0,6.805977056623283,False,762,0.0008375069063532,hinge,0
chscase_census4_907,1,0.6125,0.0014178752899169,0.0001263618469238,0,1,0,0,1,0,0,0,0,0,0,0,0,0,1,0,0,0,0,0,0,0,1,0,0,0,6.269848547182517,True,377,0.0056879067812536,hinge,0
chscase_census4_907,1,0.6125,0.0013544559478759,0.0001463890075683,0,1,1,0,0,0,0,0,0,0,0,0,0,0,1,0,0,0,0,0,0,0,1,0,0,0,4.827279659067303,True,1049,0.0008034101014987,hinge,0
chscase_census4_907,1,0.6,0.0043931007385253,0.0001909732818603,0,1,0,1,0,0,0,0,0,0,0,0,1,0,0,0,0,0,0,0,0,0,0,0,1,0,7.3580989832625825,True,1228,0.0065205982895998,squared_hinge,0
chscase_census4_907,1,0.6,0.0043842792510986,0.0001652240753173,0,1,1,0,0,0,0,0,0,0,0,0,1,0,0,0,0,0,0,0,0,0,0,0,1,0,3.062415433445551,False,1261,0.005259211101461,hinge,0
chscase_census4_907,1,0.6,0.0044021606445312,0.0001511573791503,1,0,0,0,1,0,0,0,0,0,0,0,1,0,0,0,0,0,0,0,0,0,0,0,1,0,0.6020244152248023,False,1011,0.0004870756685298,squared_hinge,0
chscase_census4_907,1,0.6,0.0043292045593261,0.0001499652862548,0,1,0,0,1,0,0,0,0,0,0,0,1,0,0,0,0,0,0,0,0,0,0,0,1,0,0.9893971792253174,False,692,0.0001495565094953,squared_hinge,0
chscase_census4_907,1,0.6,0.0043096542358398,0.0001511573791503,1,0,0,1,0,0,0,0,0,0,0,0,1,0,0,0,0,0,0,0,0,0,0,0,1,0,4.446517624118829,False,1485,0.0001337182139134,hinge,0
chscase_census4_907,1,0.6,0.0044822692871093,0.0001571178436279,1,0,1,0,0,0,0,0,0,0,0,0,1,0,0,0,0,0,0,0,0,0,0,0,1,0,6.624246654110341,True,923,0.0008600279607918,hinge,0
chscase_census4_907,1,0.5875,0.0016751289367675,0.0001463890075683,0,1,1,0,0,0,0,0,0,0,0,1,0,0,0,0,0,0,0,0,0,0,0,1,0,0,2.1923727332358567,True,400,0.0001206337407451,squared_hinge,0
chscase_census4_907,4,0.5875,0.0012025833129882,0.0001263618469238,0,1,0,1,0,0,0,0,0,0,1,0,0,0,0,0,0,0,0,0,0,0,0,0,1,0,1.453069788195377,True,955,0.0017529240131564,squared_hinge,0
autoUniv-au1-1000_1547,4,0.775,0.0014445781707763,0.0001156330108642,1,0,1,0,0,1,0,0,0,0,0,0,0,0,0,0,0,0,0,0,0,1,0,0,0,0,6.103066016303601,False,404,0.0041329206537234,hinge,0
autoUniv-au1-1000_1547,4,0.775,0.0014550685882568,0.0001189708709716,1,0,0,0,1,1,0,0,0,0,0,0,0,0,0,0,0,0,0,0,0,1,0,0,0,0,3.16247553233296,True,253,0.0054200857382047,squared_hinge,0
autoUniv-au1-1000_1547,4,0.775,0.0014865398406982,0.0001194477081298,0,1,1,0,0,1,0,0,0,0,0,0,0,0,0,0,0,0,0,0,0,1,0,0,0,0,6.706032326331806,True,853,0.0077819244651952,hinge,0
autoUniv-au1-1000_1547,4,0.775,0.0013811588287353,0.0001153945922851,0,1,0,0,1,1,0,0,0,0,0,0,0,0,0,0,0,0,0,0,0,1,0,0,0,0,5.833930132458206,False,671,0.000147269635424,hinge,0
autoUniv-au1-1000_1547,4,0.775,0.0014512538909912,0.0001170635223388,1,0,0,1,0,1,0,0,0,0,0,0,0,0,0,0,0,0,0,0,0,1,0,0,0,0,0.454574606458568,False,815,0.0056552840768689,squared_hinge,0
autoUniv-au1-1000_1547,4,0.775,0.001394510269165,0.0001137256622314,0,1,0,1,0,1,0,0,0,0,0,0,0,0,0,0,0,0,0,0,0,1,0,0,0,0,0.1827640379650851,False,964,0.0001587338541993,squared_hinge,0
autoUniv-au1-1000_1547,3,0.77,0.0015337467193603,0.0001182556152343,1,0,0,0,1,0,0,0,0,0,0,0,0,1,0,0,0,0,0,0,0,1,0,0,0,0,2.536993255509832,False,630,0.0095719060463704,squared_hinge,0
autoUniv-au1-1000_1547,3,0.77,0.0015017986297607,0.000112771987915,0,1,0,0,1,0,0,0,0,0,0,0,0,1,0,0,0,0,0,0,0,1,0,0,0,0,7.37136598666421,True,1166,0.0001650784345866,hinge,0
autoUniv-au1-1000_1547,3,0.77,0.0015335083007812,0.0001132488250732,0,1,1,0,0,0,0,0,0,0,0,0,0,1,0,0,0,0,0,0,0,1,0,0,0,0,6.59131901296217,False,690,0.0098009942398394,hinge,0
autoUniv-au1-1000_1547,3,0.77,0.0017237663269042,0.0001266002655029,1,0,0,1,0,0,0,0,0,0,0,0,0,1,0,0,0,0,0,0,0,1,0,0,0,0,6.918039872058464,True,845,0.000664680663217,squared_hinge,0
autoUniv-au1-1000_1547,3,0.77,0.00175142288208,0.0001299381256103,1,0,1,0,0,0,0,0,0,0,0,0,0,1,0,0,0,0,0,0,0,1,0,0,0,0,5.522795807064556,True,1107,0.0030196127268134,hinge,0
autoUniv-au1-1000_1547,3,0.77,0.0015697479248046,0.0001163482666015,0,1,0,1,0,0,0,0,0,0,0,0,0,1,0,0,0,0,0,0,0,1,0,0,0,0,0.7528053060246379,True,1490,0.0002242330865351,hinge,0
autoUniv-au1-1000_1547,4,0.765,0.0013096332550048,0.0001139640808105,0,1,0,1,0,0,0,0,0,0,0,0,0,0,0,0,0,1,0,0,0,1,0,0,0,0,7.466450090983697,False,832,0.0001462440083382,squared_hinge,0
autoUniv-au1-1000_1547,4,0.765,0.001448631286621,0.0001227855682373,1,0,0,0,1,0,0,0,0,0,0,0,0,0,0,0,0,1,0,0,0,1,0,0,0,0,1.8803627450599092,True,832,0.0022121708119408,hinge,0
autoUniv-au1-1000_1547,4,0.765,0.0017943382263183,0.0001189708709716,1,0,1,0,0,0,0,0,0,0,0,0,0,0,0,0,0,0,1,0,0,0,0,0,1,0,4.577706959586343,True,1232,0.0012773738157945,hinge,0
autoUniv-au1-1000_1547,4,0.765,0.0015642642974853,0.0001192092895507,1,0,0,0,1,0,0,0,1,0,0,0,0,0,0,0,0,0,0,0,0,1,0,0,0,0,0.3964653954615087,False,986,0.00654517629698,hinge,0
autoUniv-au1-1000_1547,4,0.765,0.0049736499786376,0.0001695156097412,1,0,0,0,1,0,0,0,0,0,0,0,1,0,0,0,0,0,0,0,0,1,0,0,0,0,1.00008215078207,False,1002,0.002298936811392,squared_hinge,0
autoUniv-au1-1000_1547,4,0.765,0.001572847366333,0.0001139640808105,1,0,1,0,0,0,0,0,1,0,0,0,0,0,0,0,0,0,0,0,0,0,1,0,0,0,0.171775443921739,True,1078,0.001876920301497,hinge,0
autoUniv-au1-1000_1547,4,0.765,0.0015387535095214,0.0001275539398193,1,0,0,0,1,0,0,1,0,0,0,0,0,0,0,0,0,0,0,0,0,1,0,0,0,0,0.2034144647733297,False,793,0.0020195856385841,hinge,0
autoUniv-au1-1000_1547,4,0.765,0.0015652179718017,0.0001180171966552,0,1,0,1,0,0,0,0,0,0,0,0,0,0,0,0,0,0,1,0,0,1,0,0,0,0,4.116188815316544,True,1054,0.0006334173915676,squared_hinge,0
blogger_1463,3,0.95,0.0013573169708251,0.0001246929168701,1,0,0,1,0,0,0,0,0,0,0,0,0,0,0,0,1,0,0,0,1,0,0,0,0,0,7.724428633666401,True,1634,0.0027762015202225,hinge,0
blogger_1463,3,0.95,0.0014300346374511,0.0001330375671386,1,0,0,1,0,0,0,0,0,0,0,0,0,0,0,1,0,0,0,0,1,0,0,0,0,0,1.1358872248461729,True,958,0.0061446398394423,squared_hinge,0
blogger_1463,3,0.95,0.0014135837554931,0.0001311302185058,1,0,0,1,0,0,0,0,0,0,0,0,0,0,0,1,0,0,0,0,0,0,1,0,0,0,0.9366775694321686,False,1621,0.002416641212674,hinge,0
blogger_1463,1,0.95,0.0015337467193603,0.0001742839813232,1,0,0,1,0,0,0,0,0,0,0,0,1,0,0,0,0,0,0,0,0,0,1,0,0,0,7.663006018377538,True,542,0.000168239941104,hinge,0
blogger_1463,1,0.95,0.0012931823730468,0.0001516342163085,1,0,0,1,0,0,0,0,0,0,0,0,0,0,0,1,0,0,0,0,0,0,1,0,0,0,4.596441466001263,True,923,0.0008023211920807,hinge,0
blogger_1463,1,0.95,0.0017247200012207,0.0001828670501708,0,1,0,1,0,0,0,0,0,0,0,0,1,0,0,0,0,0,0,0,0,0,1,0,0,0,0.2319461787249398,True,998,0.0006417932098616,squared_hinge,0
blogger_1463,3,0.95,0.0016052722930908,0.0001375675201416,1,0,0,1,0,0,0,0,0,0,0,0,0,0,0,1,0,0,0,0,0,0,0,0,0,1,0.1212502208072801,True,580,0.000930867286332,hinge,0
blogger_1463,1,0.95,0.0014660358428955,0.0001404285430908,1,0,0,1,0,0,0,0,0,0,0,0,1,0,0,0,0,0,0,0,0,0,0,0,0,1,7.950433608826176,True,910,0.0003828396210191,hinge,0
blogger_1463,3,0.95,0.0015399456024169,0.0001368522644042,0,1,0,0,1,0,0,0,0,0,0,0,0,0,0,1,0,0,0,0,0,1,0,0,0,0,1.204261074518096,False,783,0.0013079951633359,hinge,0
blogger_1463,3,0.95,0.0014204978942871,0.0001523494720458,1,0,0,1,0,0,0,0,0,0,0,0,0,0,0,1,0,0,0,0,0,1,0,0,0,0,1.9622697472132895,True,780,0.0040616177276698,squared_hinge,0
blogger_1463,1,0.95,0.0012753009796142,0.0001308917999267,1,0,0,1,0,0,0,0,0,0,0,0,0,0,0,1,0,0,0,0,0,1,0,0,0,0,1.1529123585243646,True,1015,0.0004684413475507,hinge,0
blogger_1463,3,0.95,0.0015120506286621,0.0001354217529296,0,1,0,1,0,0,0,0,0,0,0,0,0,0,0,1,0,0,0,0,0,1,0,0,0,0,3.000895894569584,False,1486,0.0069416289870105,hinge,0
blogger_1463,3,0.95,0.0014002323150634,0.0001330375671386,1,0,0,0,1,0,0,0,0,0,0,0,0,0,0,1,0,0,0,0,0,1,0,0,0,0,6.238631323939685,True,1184,0.0003567303487836,hinge,0
blogger_1463,3,0.95,0.0014305114746093,0.0001311302185058,1,0,0,0,1,0,0,0,0,0,0,0,0,0,0,1,0,0,0,1,0,0,0,0,0,0,9.71786933869782,True,1250,0.0010065819996031,hinge,0
blogger_1463,3,0.95,0.0014545917510986,0.0001270771026611,1,0,0,0,1,0,0,0,0,0,0,0,0,0,0,0,1,0,0,1,0,0,0,0,0,0,0.5336826506038835,True,1087,0.0020398145566366,hinge,0
blogger_1463,1,0.95,0.0013012886047363,0.0001323223114013,0,1,0,1,0,0,0,0,0,0,0,0,0,0,0,1,0,0,0,0,0,0,1,0,0,0,1.0939176642500612,True,726,0.0043549390799843,squared_hinge,0
blogger_1463,3,0.95,0.001453161239624,0.0001344680786132,0,1,0,0,1,0,0,0,0,0,0,0,0,0,0,1,0,0,0,0,0,0,0,0,0,1,5.848139934597761,True,947,0.0021643899034977,hinge,0
blogger_1463,3,0.95,0.0016717910766601,0.0001449584960937,0,1,0,0,1,0,0,0,0,0,0,0,1,0,0,0,0,0,0,0,0,0,0,0,0,1,0.7436160703924918,True,1008,0.005786289180549,hinge,0
blogger_1463,1,0.95,0.0013105869293212,0.0001561641693115,1,0,0,1,0,0,0,0,0,0,0,0,0,0,0,1,0,0,0,0,0,0,0,0,0,1,0.5223747314536561,True,927,0.0045951534724202,hinge,0
blogger_1463,3,0.95,0.001457929611206,0.0001299381256103,1,0,0,0,1,0,0,0,0,0,0,0,0,0,0,0,1,0,0,0,0,0,0,1,0,0,8.667294955996129,True,913,0.000255776407869,hinge,0
analcatdata_reviewer_1008,4,0.7333333333333333,0.0051958560943603,0.0001311302185058,1,0,0,1,0,0,0,0,0,0,0,0,0,0,1,0,0,0,0,0,1,0,0,0,0,0,2.9096407997199947,True,1161,0.0005514624516166,hinge,0
analcatdata_reviewer_1008,4,0.7333333333333333,0.005326509475708,0.0001382827758789,0,1,0,1,0,0,0,0,0,0,0,0,0,0,1,0,0,0,0,1,0,0,0,0,0,0,1.0327375626911066,False,1290,0.0001143723166882,hinge,0
analcatdata_reviewer_1008,4,0.7333333333333333,0.0053682327270507,0.0001521110534667,1,0,0,1,0,0,0,0,0,0,0,0,0,0,1,0,0,0,0,1,0,0,0,0,0,0,3.9068768887595176,False,1412,0.0003756595877681,hinge,0
analcatdata_reviewer_1008,4,0.7333333333333333,0.0052244663238525,0.0001342296600341,0,1,0,1,0,0,0,0,0,0,0,0,0,0,1,0,0,0,0,0,0,0,0,1,0,0,0.4345009285292316,True,978,0.0001071647340283,hinge,0
analcatdata_reviewer_1008,4,0.7333333333333333,0.0057833194732666,0.0001506805419921,1,0,0,1,0,0,0,0,0,0,0,0,0,0,1,0,0,0,0,0,0,0,0,1,0,0,1.5081037026268818,True,1404,0.0023638292366331,hinge,0
analcatdata_reviewer_1008,4,0.7333333333333333,0.0053107738494873,0.0001406669616699,0,1,0,1,0,0,0,0,0,0,0,0,0,0,1,0,0,0,0,0,1,0,0,0,0,0,2.639171646991952,True,967,0.0026307013982032,hinge,0
analcatdata_reviewer_1008,4,0.7066666666666667,0.0019483566284179,0.0001347064971923,1,0,0,1,0,0,0,0,0,0,0,0,0,0,0,0,1,0,0,0,0,1,0,0,0,0,2.7033941163815656,False,1037,0.0036711085315112,squared_hinge,0
analcatdata_reviewer_1008,4,0.7066666666666667,0.0081405639648437,0.0002191066741943,1,0,0,1,0,0,0,0,0,0,0,0,0,0,1,0,0,0,0,0,0,0,0,0,1,0,0.2463737880621877,True,1123,0.0001925031999766,hinge,0
analcatdata_reviewer_1008,4,0.7066666666666667,0.0018360614776611,0.0001118183135986,0,1,0,1,0,0,0,0,0,0,0,0,0,0,0,0,1,0,0,0,0,1,0,0,0,0,9.760491270581731,True,1289,0.0004455426637009,squared_hinge,0
analcatdata_reviewer_1008,4,0.7066666666666667,0.0083789825439453,0.0001430511474609,0,1,0,1,0,0,0,0,0,0,0,0,0,0,1,0,0,0,0,0,0,0,0,0,1,0,3.2205188373725604,True,1594,0.0018062187044899,squared_hinge,0
analcatdata_reviewer_1008,2,0.6973684210526315,0.0013151168823242,0.0001246929168701,1,0,0,1,0,0,0,0,0,0,1,0,0,0,0,0,0,0,0,0,1,0,0,0,0,0,3.062162271753503,False,619,0.005087650570247,hinge,0
analcatdata_reviewer_1008,2,0.6973684210526315,0.0012733936309814,0.0001163482666015,1,0,0,1,0,0,0,0,0,0,1,0,0,0,0,0,0,0,0,0,0,0,0,1,0,0,1.4851708930462797,False,920,0.0049920616426537,hinge,0
analcatdata_reviewer_1008,2,0.6973684210526315,0.0012564659118652,0.000112771987915,0,1,0,1,0,0,0,0,0,0,1,0,0,0,0,0,0,0,0,0,1,0,0,0,0,0,0.4848761676723604,True,1164,0.0006411152475508,hinge,0
analcatdata_reviewer_1008,2,0.6973684210526315,0.0014550685882568,0.0001835823059082,0,1,0,1,0,0,0,0,0,0,0,1,0,0,0,0,0,0,0,1,0,0,0,0,0,0,0.9490431068613652,True,670,0.0004582368714452,squared_hinge,0
analcatdata_reviewer_1008,2,0.6973684210526315,0.0012619495391845,0.0001137256622314,1,0,0,1,0,0,0,0,0,0,0,1,0,0,0,0,0,0,0,0,1,0,0,0,0,0,0.7107231119069313,True,541,0.0008479583014447,hinge,0
analcatdata_reviewer_1008,2,0.6973684210526315,0.0012178421020507,0.0001134872436523,0,1,0,1,0,1,0,0,0,0,0,0,0,0,0,0,0,0,0,0,0,0,0,0,1,0,0.1694732142315321,True,945,0.0002085897686908,hinge,0
analcatdata_reviewer_1008,2,0.6973684210526315,0.0013139247894287,0.0001187324523925,1,0,0,1,0,1,0,0,0,0,0,0,0,0,0,0,0,0,0,0,0,0,0,0,1,0,7.071782061184572,False,709,0.0002888435227325,hinge,0
analcatdata_reviewer_1008,2,0.6973684210526315,0.0013575553894042,0.0001144409179687,1,0,0,1,0,0,0,0,0,0,1,0,0,0,0,0,0,0,0,1,0,0,0,0,0,0,1.0358401028133686,False,1177,0.0001087077374467,squared_hinge,0
analcatdata_reviewer_1008,2,0.6973684210526315,0.0015137195587158,0.0001380443572998,0,1,0,1,0,0,0,0,0,0,0,1,0,0,0,0,0,0,0,0,0,0,0,1,0,0,0.1219647283823524,False,792,0.0031270706010827,hinge,0
analcatdata_reviewer_1008,2,0.6973684210526315,0.001232624053955,0.0001106262207031,0,1,0,1,0,0,0,0,0,0,0,1,0,0,0,0,0,0,0,0,1,0,0,0,0,0,0.6901500047596436,False,1157,0.0097703045674318,hinge,0
chscase_whale_939,2,1.0,0.0012233257293701,0.0001230239868164,0,1,1,0,0,0,1,0,0,0,0,0,0,0,0,0,0,0,0,0,1,0,0,0,0,0,0.6936946432249779,True,1442,0.0001429030444909,squared_hinge,0
chscase_whale_939,3,1.0,0.0015509128570556,0.0001478195190429,0,1,0,0,1,0,0,0,0,1,0,0,0,0,0,0,0,0,0,0,0,0,0,1,0,0,0.1490210497627188,False,1587,0.000199868165811,hinge,0
chscase_whale_939,1,1.0,0.0011942386627197,0.0001220703125,0,1,1,0,0,0,1,0,0,0,0,0,0,0,0,0,0,0,0,0,1,0,0,0,0,0,0.2464121823322892,False,1094,0.0002561850629672,squared_hinge,0
chscase_whale_939,2,1.0,0.0016891956329345,0.0001566410064697,0,1,0,0,1,0,0,0,0,1,0,0,0,0,0,0,0,0,0,0,0,0,0,1,0,0,0.1430642225143133,True,776,0.0012279381944426,squared_hinge,0
chscase_whale_939,1,1.0,0.0013787746429443,0.0001413822174072,0,1,0,0,1,0,0,0,0,1,0,0,0,0,0,0,0,0,0,0,0,0,0,1,0,0,0.2092279565571193,False,1411,0.0005954909248092,hinge,0
chscase_whale_939,3,1.0,0.0024342536926269,0.0008826255798339,0,1,1,0,0,0,0,0,0,0,0,1,0,0,0,0,0,0,0,0,1,0,0,0,0,0,0.1694187897366196,False,1078,0.0001438547441654,hinge,0
chscase_whale_939,3,1.0,0.0014986991882324,0.0001375675201416,0,1,0,0,1,0,0,0,0,0,0,0,0,0,0,0,0,0,1,0,0,0,0,1,0,0,6.378378671844639,False,1081,0.0001022668421843,hinge,0
chscase_whale_939,3,1.0,0.0011096000671386,0.0001256465911865,0,1,0,0,1,0,0,1,0,0,0,0,0,0,0,0,0,0,0,0,0,0,0,1,0,0,3.5643379663235977,True,1159,0.0004745524893207,hinge,0
chscase_whale_939,2,1.0,0.001185655593872,0.0001215934753417,0,1,0,0,1,0,0,1,0,0,0,0,0,0,0,0,0,0,0,0,0,0,0,1,0,0,5.5684179459992205,True,681,0.0007648506482371,squared_hinge,0
chscase_whale_939,1,1.0,0.0010867118835449,0.000117540359497,0,1,0,0,1,0,0,1,0,0,0,0,0,0,0,0,0,0,0,0,0,0,0,1,0,0,0.1892759358549186,False,637,0.002394673103984,hinge,0
chscase_whale_939,2,1.0,0.0011689662933349,0.0001184940338134,0,1,0,0,1,0,0,0,0,0,0,0,0,0,1,0,0,0,0,0,0,0,0,1,0,0,2.1806279956530874,True,1238,0.0090976673372381,squared_hinge,0
chscase_whale_939,1,1.0,0.0011718273162841,0.0001187324523925,0,1,0,0,1,0,0,0,0,0,0,0,0,0,1,0,0,0,0,0,0,0,0,1,0,0,6.359774267025892,True,877,0.0006713597422079,hinge,0
chscase_whale_939,1,1.0,0.0011637210845947,0.0001306533813476,0,1,0,0,1,0,1,0,0,0,0,0,0,0,0,0,0,0,0,0,0,0,0,1,0,0,8.065784907463845,True,1176,0.001099710899996,squared_hinge,0
chscase_whale_939,2,1.0,0.0011165142059326,0.0001196861267089,0,1,0,0,1,0,1,0,0,0,0,0,0,0,0,0,0,0,0,0,0,0,0,1,0,0,0.1308175703110187,True,994,0.0029220432791311,hinge,0
chscase_whale_939,1,1.0,0.0021066665649414,0.0001978874206542,0,1,0,0,1,0,0,0,0,0,0,0,0,0,0,0,1,0,0,0,0,0,0,1,0,0,0.5730688601048426,True,1330,0.0006833644218519,squared_hinge,0
chscase_whale_939,1,1.0,0.0010643005371093,0.0001156330108642,0,1,0,0,1,0,0,0,0,0,0,0,0,0,0,0,0,0,1,0,0,0,0,1,0,0,0.5332180777394138,False,1497,0.0015661891052128,squared_hinge,0
chscase_whale_939,2,1.0,0.0010809898376464,0.0001144409179687,0,1,0,0,1,0,0,0,0,0,0,0,0,0,0,0,0,0,1,0,0,0,0,1,0,0,0.2366886364874512,True,1059,0.0005452796576199,hinge,0
chscase_whale_939,2,1.0,0.0012788772583007,0.0001306533813476,0,1,0,0,1,0,0,0,0,0,0,1,0,0,0,0,0,0,0,0,0,0,0,1,0,0,0.2035733312530513,True,1263,0.0095677537505584,squared_hinge,0
chscase_whale_939,1,1.0,0.0016632080078125,0.000133991241455,0,1,0,1,0,0,0,0,0,0,0,0,0,0,0,1,0,0,0,0,0,0,0,0,0,1,0.5520639162904227,True,999,0.0002784000163366,squared_hinge,0
chscase_whale_939,2,1.0,0.0017743110656738,0.0001404285430908,0,1,0,1,0,0,0,0,0,0,0,0,0,0,0,1,0,0,0,0,0,0,0,0,0,1,2.6522247156042296,True,1397,0.0031449358196582,squared_hinge,0
Smartphone-Based_Recognition_of_Human_Activities_4153,3,1.0,0.0045664310455322,0.0001730918884277,0,1,0,0,1,0,0,0,0,0,1,0,0,0,0,0,0,0,0,0,0,0,0,1,0,0,2.892680319100314,False,551,0.0001520854030021,squared_hinge,0
Smartphone-Based_Recognition_of_Human_Activities_4153,3,1.0,0.0117626190185546,0.000232458114624,0,1,0,0,1,0,0,0,0,0,0,0,0,1,0,0,0,0,0,0,0,0,0,1,0,0,1.4272007541377876,False,1184,0.0003487191982586,hinge,0
Smartphone-Based_Recognition_of_Human_Activities_4153,3,1.0,0.0040838718414306,0.000180959701538,0,1,0,0,1,1,0,0,0,0,0,0,0,0,0,0,0,0,0,0,0,0,0,1,0,0,3.7310264640464017,True,888,0.002496763818025,hinge,0
Smartphone-Based_Recognition_of_Human_Activities_4153,3,1.0,0.0074772834777832,0.0001897811889648,0,1,0,0,1,0,0,0,0,1,0,0,0,0,0,0,0,0,0,0,0,0,0,1,0,0,2.5564198379473,True,1190,0.0004103617273891,hinge,0
Smartphone-Based_Recognition_of_Human_Activities_4153,0,1.0,0.0055105686187744,0.0002732276916503,1,0,1,0,0,0,0,0,0,0,0,0,0,0,0,1,0,0,0,0,1,0,0,0,0,0,3.9002020567543383,False,969,0.0004113104477587,hinge,0
Smartphone-Based_Recognition_of_Human_Activities_4153,0,1.0,0.0054621696472167,0.0001904964447021,0,1,1,0,0,0,0,0,0,0,0,0,0,0,0,1,0,0,0,0,1,0,0,0,0,0,8.905834423506546,True,1126,0.0002587192601608,hinge,0
Smartphone-Based_Recognition_of_Human_Activities_4153,1,1.0,0.004296064376831,0.0001976490020751,0,1,0,1,0,1,0,0,0,0,0,0,0,0,0,0,0,0,0,0,0,0,1,0,0,0,1.4420700814546457,False,895,0.0001475932428697,squared_hinge,0
Smartphone-Based_Recognition_of_Human_Activities_4153,3,1.0,0.0053887367248535,0.000166893005371,0,1,0,1,0,0,0,0,0,0,0,1,0,0,0,0,0,0,0,0,0,0,0,1,0,0,3.4113148387800223,False,150,0.0005127336961155,hinge,0
Smartphone-Based_Recognition_of_Human_Activities_4153,3,1.0,0.0084083080291748,0.0002110004425048,0,1,0,1,0,0,0,0,0,0,0,0,0,1,0,0,0,0,0,0,0,0,0,1,0,0,4.641359567183889,False,1368,0.0001550433550613,hinge,0
Smartphone-Based_Recognition_of_Human_Activities_4153,1,1.0,0.0042016506195068,0.0001900196075439,1,0,0,1,0,0,0,0,0,0,1,0,0,0,0,0,0,0,0,0,0,0,0,0,0,1,6.696634098227647,True,429,0.009365491217902,hinge,0
Smartphone-Based_Recognition_of_Human_Activities_4153,3,1.0,0.0041344165802001,0.0002062320709228,0,1,0,1,0,0,0,0,0,0,1,0,0,0,0,0,0,0,0,0,0,0,1,0,0,0,1.231592500710469,False,688,0.0004015433149599,squared_hinge,0
Smartphone-Based_Recognition_of_Human_Activities_4153,1,1.0,0.0076892375946044,0.0001897811889648,0,1,0,1,0,0,0,0,0,1,0,0,0,0,0,0,0,0,0,0,0,0,1,0,0,0,6.88343833881637,True,1143,0.0011511290276912,hinge,0
Smartphone-Based_Recognition_of_Human_Activities_4153,1,1.0,0.0045421123504638,0.0002093315124511,1,0,0,1,0,1,0,0,0,0,0,0,0,0,0,0,0,0,0,0,0,0,0,0,0,1,1.1966368066081303,True,1146,0.000351903654553,hinge,0
Smartphone-Based_Recognition_of_Human_Activities_4153,3,1.0,0.0038905143737792,0.0001711845397949,1,0,0,1,0,1,0,0,0,0,0,0,0,0,0,0,0,0,0,0,0,0,0,0,0,1,2.4329110085203043,True,1299,0.0002884461188465,hinge,0
Smartphone-Based_Recognition_of_Human_Activities_4153,0,1.0,0.0064046382904052,0.0002985000610351,1,0,0,1,0,0,0,0,0,0,0,0,0,0,0,1,0,0,0,0,0,0,0,0,0,1,0.4968806713670767,True,1136,0.0027360272772746,hinge,0
Smartphone-Based_Recognition_of_Human_Activities_4153,3,1.0,0.0040564537048339,0.0001718997955322,1,0,1,0,0,1,0,0,0,0,0,0,0,0,0,0,0,0,0,0,0,0,0,1,0,0,9.33356156054192,False,1361,0.0005301204195369,hinge,0
Smartphone-Based_Recognition_of_Human_Activities_4153,3,1.0,0.0052125453948974,0.0002472400665283,1,0,1,0,0,0,0,0,0,0,0,0,0,0,0,1,0,0,0,0,0,0,0,1,0,0,0.2721276144246501,True,1241,0.0002141406091604,squared_hinge,0
Smartphone-Based_Recognition_of_Human_Activities_4153,3,1.0,0.0072307586669921,0.0001895427703857,1,0,1,0,0,0,0,0,0,1,0,0,0,0,0,0,0,0,0,0,0,0,0,1,0,0,0.3281205194269835,False,511,0.000251701434368,squared_hinge,0
Smartphone-Based_Recognition_of_Human_Activities_4153,3,1.0,0.0038812160491943,0.0001647472381591,0,1,1,0,0,1,0,0,0,0,0,0,0,0,0,0,0,0,0,0,0,0,0,0,0,1,0.3187225065338748,False,1048,0.005683470896705,hinge,0
Smartphone-Based_Recognition_of_Human_Activities_4153,1,1.0,0.0044031143188476,0.0002112388610839,1,0,0,0,1,1,0,0,0,0,0,0,0,0,0,0,0,0,0,0,0,0,1,0,0,0,0.6950187020068819,True,826,0.0013506252082294,hinge,0
bodyfat_778,1,1.0,0.0017397403717041,0.0001783370971679,1,0,1,0,0,0,0,0,0,0,0,1,0,0,0,0,0,0,0,0,0,0,0,0,0,1,3.436235164060415,True,1534,0.0020984276087517,hinge,0
bodyfat_778,1,1.0,0.0013608932495117,0.0001273155212402,0,1,1,0,0,0,0,0,0,0,1,0,0,0,0,0,0,0,0,0,0,0,1,0,0,0,9.29860880898068,True,813,0.0001494612492253,squared_hinge,0
bodyfat_778,0,1.0,0.0011432170867919,0.0001149177551269,0,1,1,0,0,0,0,0,0,0,1,0,0,0,0,0,0,0,0,0,0,0,1,0,0,0,1.7190582445674516,True,1241,0.001434862882966,squared_hinge,0
bodyfat_778,2,1.0,0.0016508102416992,0.0001358985900878,0,1,0,0,1,0,0,0,0,1,0,0,0,0,0,0,0,0,0,0,0,0,0,1,0,0,1.7183950668275407,True,560,0.0002357285292016,squared_hinge,0
bodyfat_778,1,1.0,0.0019798278808593,0.0001206398010253,0,1,1,0,0,0,0,0,0,0,0,0,0,0,1,0,0,0,0,0,0,0,0,1,0,0,1.1358386232541997,False,953,0.0001750140306909,hinge,0
bodyfat_778,1,1.0,0.0011248588562011,0.0001137256622314,0,1,1,0,0,0,0,0,0,0,0,0,0,0,0,0,0,0,1,0,0,0,0,1,0,0,6.368284406823035,True,1035,0.0009344597909759,hinge,0
bodyfat_778,1,1.0,0.0010836124420166,0.0001096725463867,0,1,0,0,1,0,0,0,0,0,1,0,0,0,0,0,0,0,0,0,0,0,0,1,0,0,0.4607871714056504,False,533,0.0015492839681037,squared_hinge,0
bodyfat_778,1,1.0,0.0011088848114013,0.0001101493835449,0,1,1,0,0,0,0,0,1,0,0,0,0,0,0,0,0,0,0,0,0,0,0,1,0,0,0.2397459810454096,True,905,0.0005316465896965,hinge,0
bodyfat_778,2,1.0,0.0011329650878906,0.0001134872436523,0,1,1,0,0,0,0,0,1,0,0,0,0,0,0,0,0,0,0,0,0,0,0,1,0,0,0.286889177590953,True,1143,0.0023928785216895,hinge,0
bodyfat_778,3,1.0,0.0010578632354736,0.0001075267791748,0,1,1,0,0,0,0,0,1,0,0,0,0,0,0,0,0,0,0,0,0,0,0,1,0,0,5.248211955788924,True,1304,0.0045229489964033,hinge,0
bodyfat_778,1,1.0,0.0020372867584228,0.0001204013824462,1,0,0,1,0,0,0,0,0,0,0,0,0,0,1,0,0,0,0,0,0,0,0,1,0,0,0.2184501573218711,True,1270,0.0017171985980272,hinge,0
bodyfat_778,1,1.0,0.0011096000671386,0.0001208782196044,1,0,0,1,0,0,0,0,0,0,0,0,0,0,0,0,0,1,0,0,0,0,0,1,0,0,0.9978664642481055,False,1039,0.0036784244967146,hinge,0
bodyfat_778,3,1.0,0.0010671615600585,0.0001094341278076,1,0,0,1,0,0,0,0,1,0,0,0,0,0,0,0,0,0,0,0,0,0,0,1,0,0,0.439970242528329,True,1135,0.004974049555507,squared_hinge,0
bodyfat_778,3,1.0,0.001450777053833,0.0001988410949707,1,0,0,1,0,0,0,0,0,1,0,0,0,0,0,0,0,0,0,0,0,0,1,0,0,0,0.2326316862144433,False,668,0.0095434764634201,hinge,0
bodyfat_778,1,1.0,0.0016810894012451,0.0001628398895263,1,0,0,1,0,0,0,0,0,0,0,0,0,0,0,0,0,1,0,0,0,0,1,0,0,0,1.3942862898515374,False,490,0.0014615013759565,hinge,0
bodyfat_778,3,1.0,0.0010805130004882,0.000112771987915,1,0,0,1,0,0,0,0,0,0,0,0,0,0,0,0,0,1,0,0,0,0,1,0,0,0,5.132443430757218,True,999,0.0001669722326274,squared_hinge,0
bodyfat_778,3,1.0,0.0011565685272216,0.0001153945922851,1,0,0,1,0,1,0,0,0,0,0,0,0,0,0,0,0,0,0,0,0,0,1,0,0,0,0.4357497008584865,True,600,0.0006704118849482,hinge,0
bodyfat_778,0,1.0,0.0011334419250488,0.0001146793365478,1,0,0,1,0,0,0,0,0,0,1,0,0,0,0,0,0,0,0,0,0,0,1,0,0,0,0.1735794025652962,True,330,0.0030928662226537,hinge,0
bodyfat_778,1,1.0,0.0011208057403564,0.000112771987915,1,0,0,1,0,0,0,0,0,0,1,0,0,0,0,0,0,0,0,0,0,0,1,0,0,0,1.7619017605792977,True,912,0.0055264989629107,hinge,0
bodyfat_778,2,1.0,0.001249074935913,0.0001156330108642,1,0,0,1,0,0,0,0,0,0,1,0,0,0,0,0,0,0,0,0,0,0,1,0,0,0,3.016648106610095,True,905,0.0002626750238369,squared_hinge,0
socmob_934,3,0.9696969696969696,0.0059139728546142,0.0002214908599853,0,1,0,0,1,0,0,0,0,0,0,0,0,0,0,1,0,0,0,0,0,0,1,0,0,0,1.312573500978136,True,757,0.0016021009897612,squared_hinge,0
socmob_934,3,0.9696969696969696,0.0056126117706298,0.0001885890960693,1,0,0,0,1,0,0,0,0,0,0,0,0,0,0,1,0,0,0,0,0,0,1,0,0,0,0.171773371755538,True,1111,0.0028853831369613,squared_hinge,0
socmob_934,2,0.9653679653679652,0.0089747905731201,0.0001845359802246,1,0,0,1,0,0,0,0,0,0,0,0,0,0,0,1,0,0,0,0,0,0,0,1,0,0,0.1021764214938885,False,1157,0.0094703546275906,hinge,0
socmob_934,2,0.9653679653679652,0.0095624923706054,0.0002062320709228,0,1,0,1,0,0,0,0,0,0,0,0,0,0,0,1,0,0,0,0,0,0,0,1,0,0,0.1487544605409275,True,1127,0.0005823539074689,hinge,0
socmob_934,3,0.961038961038961,0.0073661804199218,0.0001845359802246,0,1,0,1,0,0,0,0,0,0,0,0,0,0,0,1,0,0,0,0,0,0,1,0,0,0,7.004632368166718,True,927,0.0001222182735075,hinge,0
socmob_934,3,0.961038961038961,0.0071241855621337,0.0002148151397705,1,0,0,0,1,0,0,0,0,0,0,0,0,0,0,1,0,0,0,0,0,0,0,1,0,0,1.4291901378301235,False,871,0.008367584766546,squared_hinge,0
socmob_934,3,0.961038961038961,0.0083949565887451,0.0002045631408691,0,1,0,1,0,0,0,0,0,0,0,0,0,0,0,1,0,0,0,0,0,0,0,1,0,0,0.5567553953946945,True,632,0.0001236623439647,squared_hinge,0
socmob_934,3,0.961038961038961,0.0076618194580078,0.0002088546752929,1,0,0,1,0,0,0,0,0,0,0,0,0,0,0,1,0,0,0,0,0,0,1,0,0,0,0.2323417497295744,True,972,0.0002969913775934,hinge,0
socmob_934,3,0.961038961038961,0.0080235004425048,0.0002205371856689,1,0,0,1,0,0,0,0,0,0,0,0,0,0,0,1,0,0,0,0,0,0,0,1,0,0,2.500029895640913,False,1219,0.0012684181253086,hinge,0
socmob_934,3,0.961038961038961,0.0066854953765869,0.0002179145812988,0,1,0,0,1,0,0,0,0,0,0,0,0,0,0,1,0,0,0,0,0,0,0,1,0,0,3.377343294357461,True,957,0.0001498511082427,squared_hinge,0
socmob_934,4,0.9567099567099568,0.0035400390625,0.0001873970031738,0,1,0,1,0,0,1,0,0,0,0,0,0,0,0,0,0,0,0,0,0,0,0,0,1,0,4.121561882039549,True,1033,0.0076926035957772,hinge,0
socmob_934,1,0.9567099567099568,0.0033125877380371,0.0001807212829589,1,0,0,1,0,0,0,0,0,1,0,0,0,0,0,0,0,0,0,0,0,0,0,0,1,0,0.108842403986486,False,1070,0.0013800562232308,hinge,0
socmob_934,4,0.9567099567099568,0.0033247470855712,0.0001575946807861,0,1,0,1,0,0,1,0,0,0,0,0,0,0,0,0,0,0,0,0,0,0,1,0,0,0,3.4666842691165525,False,960,0.0005288993471496,hinge,0
socmob_934,2,0.9567099567099568,0.0091438293457031,0.0003020763397216,1,0,0,1,0,0,0,0,0,1,0,0,0,0,0,0,0,0,0,0,1,0,0,0,0,0,0.2087670326582726,False,795,0.000521474003191,hinge,0
socmob_934,4,0.9567099567099568,0.0036234855651855,0.0001757144927978,1,0,0,1,0,0,1,0,0,0,0,0,0,0,0,0,0,0,0,0,0,0,1,0,0,0,3.920136671177027,True,993,0.0001055210028381,hinge,0
socmob_934,3,0.9567099567099568,0.0065774917602539,0.0002169609069824,0,1,0,0,1,0,0,0,0,0,0,0,0,0,0,1,0,0,0,0,0,0,0,0,1,0,0.2005233654900034,True,1081,0.0041735676786939,squared_hinge,0
socmob_934,3,0.9567099567099568,0.0065751075744628,0.0002028942108154,1,0,0,0,1,0,0,0,0,0,0,0,0,0,0,1,0,0,0,0,0,0,0,0,1,0,0.3088974660984601,True,1166,0.000656964331416,hinge,0
socmob_934,3,0.9567099567099568,0.0019130706787109,0.0001523494720458,1,0,0,1,0,0,0,0,0,0,0,1,0,0,0,0,0,0,0,0,1,0,0,0,0,0,3.5955074694882865,False,1637,0.0001046726510627,hinge,0
socmob_934,4,0.9567099567099568,0.0022826194763183,0.0001735687255859,0,1,0,1,0,0,0,0,0,0,0,0,0,1,0,0,0,0,0,0,0,0,0,1,0,0,1.8123258544052208,False,1032,0.0039492058625283,hinge,0
socmob_934,2,0.9567099567099568,0.002812385559082,0.0001955032348632,0,1,0,1,0,0,0,0,0,0,0,1,0,0,0,0,0,0,0,0,0,0,0,1,0,0,0.1173925860000279,True,1133,0.0067863922778274,squared_hinge,0
servo_747,1,1.0,0.0012133121490478,0.0001249313354492,0,1,0,0,1,0,0,0,0,0,0,0,0,1,0,0,0,0,0,0,0,0,1,0,0,0,0.214510918282648,False,789,0.001926720308785,hinge,0
servo_747,1,1.0,0.0021960735321044,0.000145673751831,0,1,0,0,1,0,0,0,0,0,0,0,1,0,0,0,0,0,0,0,0,0,0,0,1,0,0.2897184084520673,True,1030,0.0091971854950765,hinge,0
servo_747,1,1.0,0.0012576580047607,0.0001211166381835,1,0,0,1,0,0,0,0,0,0,0,1,0,0,0,0,0,0,0,0,1,0,0,0,0,0,4.858534261751482,True,694,0.0011787885475032,squared_hinge,0
servo_747,2,1.0,0.0014162063598632,0.0001442432403564,1,0,0,0,1,0,0,0,0,0,0,1,0,0,0,0,0,0,0,1,0,0,0,0,0,0,1.6906426436343691,True,582,0.0001475630578764,hinge,0
servo_747,1,1.0,0.0011281967163085,0.0001220703125,0,1,0,0,1,0,0,0,0,0,0,0,0,0,1,0,0,0,0,0,0,0,0,1,0,0,0.2337194751966023,False,681,0.008581417872319,hinge,0
servo_747,1,1.0,0.0012423992156982,0.0001313686370849,0,1,0,0,1,0,0,0,0,0,0,1,0,0,0,0,0,0,0,0,0,0,1,0,0,0,0.3239781016360339,True,1003,0.0003935747696072,hinge,0
servo_747,1,1.0,0.0015146732330322,0.0001478195190429,1,0,0,0,1,0,0,0,0,1,0,0,0,0,0,0,0,0,0,0,0,0,0,0,0,1,0.8124781310255454,True,491,0.0026982115400616,hinge,0
servo_747,4,1.0,0.0023632049560546,0.0001497268676757,1,0,0,0,1,0,0,0,0,0,0,0,1,0,0,0,0,0,0,0,0,0,0,0,0,1,0.1470584251199001,False,1078,0.0010129185422819,hinge,0
servo_747,1,1.0,0.0025663375854492,0.0001468658447265,1,0,0,1,0,0,0,0,0,0,0,0,1,0,0,0,0,0,0,0,1,0,0,0,0,0,0.6699428646768552,False,1017,0.0002247313142492,hinge,0
servo_747,1,1.0,0.0015034675598144,0.000152587890625,1,0,0,0,1,0,0,0,0,0,0,1,0,0,0,0,0,0,0,1,0,0,0,0,0,0,3.859682025880553,True,608,0.000601775492004,hinge,0
servo_747,2,1.0,0.0011005401611328,0.0001220703125,1,0,0,0,1,0,0,0,0,0,0,0,0,1,0,0,0,0,0,1,0,0,0,0,0,0,0.6179391498711397,False,899,0.0006412788606215,hinge,0
servo_747,1,1.0,0.0028440952301025,0.0001544952392578,0,1,0,1,0,0,0,0,0,0,0,0,1,0,0,0,0,0,0,0,1,0,0,0,0,0,3.72884885447548,True,903,0.0032362936133752,hinge,0
servo_747,1,1.0,0.0015430450439453,0.0001533031463623,0,1,0,0,1,0,0,0,0,1,0,0,0,0,0,0,0,0,0,0,0,0,0,0,0,1,1.7749469961022262,True,1226,0.0003614971213529,hinge,0
servo_747,1,1.0,0.0014712810516357,0.0001883506774902,0,1,0,1,0,0,0,0,0,0,0,1,0,0,0,0,0,0,0,0,0,0,0,0,1,0,0.6437556000660242,True,757,0.0096681324279872,hinge,0
servo_747,1,1.0,0.0013952255249023,0.0001378059387207,0,1,0,1,0,0,0,0,0,0,0,1,0,0,0,0,0,0,0,0,0,0,1,0,0,0,6.119377674012343,True,1389,0.0044925786900289,squared_hinge,0
servo_747,2,1.0,0.0015034675598144,0.0001463890075683,1,0,0,0,1,0,0,0,0,1,0,0,0,0,0,0,0,0,0,1,0,0,0,0,0,0,0.763808773917967,False,906,0.0017447978894739,hinge,0
servo_747,1,1.0,0.001136302947998,0.0001232624053955,1,0,0,0,1,0,0,0,0,0,0,0,0,1,0,0,0,0,0,0,0,0,0,0,1,0,2.9489450417827,True,891,0.0011063624237658,hinge,0
servo_747,1,1.0,0.0015065670013427,0.0001425743103027,0,1,0,0,1,0,0,0,0,0,0,1,0,0,0,0,0,0,0,1,0,0,0,0,0,0,3.971575509401788,True,394,0.0030541338591302,hinge,0
servo_747,1,1.0,0.0010848045349121,0.0001215934753417,0,1,0,1,0,0,0,0,0,0,1,0,0,0,0,0,0,0,0,0,1,0,0,0,0,0,6.789768282110377,False,100,0.0080739594131322,hinge,0
servo_747,2,1.0,0.0013983249664306,0.0001356601715087,0,1,0,0,1,0,0,0,0,0,0,1,0,0,0,0,0,0,0,0,0,0,0,1,0,0,0.3590641017124017,False,868,0.0098997317326387,squared_hinge,0
KnuggetChase3_1448,4,0.9473684210526316,0.0016698837280273,0.0001885890960693,0,1,0,0,1,0,0,0,0,1,0,0,0,0,0,0,0,0,0,0,0,0,0,0,1,0,0.2524951065786004,False,500,0.0054505202454012,hinge,0
KnuggetChase3_1448,4,0.9473684210526316,0.0014517307281494,0.0002291202545166,0,1,0,1,0,0,0,0,0,0,0,0,0,1,0,0,0,0,0,0,0,0,0,0,1,0,0.787427473459221,True,660,0.0001152486826718,squared_hinge,0
KnuggetChase3_1448,4,0.9473684210526316,0.001225471496582,0.0001463890075683,0,1,1,0,0,0,0,0,0,0,0,0,0,1,0,0,0,0,0,0,0,0,0,0,1,0,5.628749493016258,True,911,0.0085525463664691,hinge,0
KnuggetChase3_1448,4,0.9473684210526316,0.0012121200561523,0.0001494884490966,0,1,1,0,0,0,0,0,0,0,1,0,0,0,0,0,0,0,0,0,0,0,0,0,1,0,0.4560006516941196,False,1334,0.0029265457156563,squared_hinge,0
KnuggetChase3_1448,4,0.9473684210526316,0.0015506744384765,0.0001680850982666,0,1,0,1,0,0,0,0,0,1,0,0,0,0,0,0,0,0,0,0,0,0,0,0,1,0,0.3521276640570185,False,920,0.0016848006283523,hinge,0
KnuggetChase3_1448,4,0.9473684210526316,0.0017838478088378,0.000216007232666,1,0,0,0,1,0,0,0,0,1,0,0,0,0,0,0,0,0,0,0,0,0,0,0,1,0,0.1178376530043467,True,904,0.0002271210390687,hinge,0
KnuggetChase3_1448,4,0.9473684210526316,0.0012228488922119,0.0001521110534667,1,0,0,0,1,0,0,0,0,0,1,0,0,0,0,0,0,0,0,0,0,0,0,0,1,0,2.5178264477992487,True,824,0.0001786889536242,hinge,0
KnuggetChase3_1448,4,0.9473684210526316,0.0015029907226562,0.0001776218414306,1,0,1,0,0,0,0,0,0,1,0,0,0,0,0,0,0,0,0,0,0,0,0,0,1,0,2.509457463782305,True,1076,0.0008244819202451,squared_hinge,0
KnuggetChase3_1448,4,0.9473684210526316,0.0011942386627197,0.0002081394195556,0,1,0,0,1,0,0,0,0,0,1,0,0,0,0,0,0,0,0,0,0,0,0,0,1,0,4.664563001431008,True,1717,0.0027711421498731,hinge,0
KnuggetChase3_1448,4,0.9473684210526316,0.0011634826660156,0.0001742839813232,0,1,0,1,0,0,0,0,0,0,1,0,0,0,0,0,0,0,0,0,0,0,0,0,1,0,0.981033439366758,False,1152,0.0031077854410926,squared_hinge,0
KnuggetChase3_1448,4,0.9473684210526316,0.0012562274932861,0.0001487731933593,0,1,0,0,1,0,0,0,0,0,0,0,0,1,0,0,0,0,0,0,0,0,0,0,1,0,6.036926631832138,True,643,0.0012493271433147,squared_hinge,0
KnuggetChase3_1448,4,0.9473684210526316,0.0013043880462646,0.0001471042633056,1,0,0,0,1,0,0,0,0,0,0,0,0,1,0,0,0,0,0,0,0,0,0,0,1,0,0.148597442663582,True,1076,0.0040882684754831,hinge,0
KnuggetChase3_1448,4,0.9473684210526316,0.0012316703796386,0.0001482963562011,1,0,0,1,0,0,0,0,0,0,0,0,0,1,0,0,0,0,0,0,0,0,0,0,1,0,1.3370001846443385,True,758,0.0014353670961217,hinge,0
KnuggetChase3_1448,4,0.9473684210526316,0.0012586116790771,0.0001933574676513,1,0,1,0,0,0,0,0,0,0,0,0,0,1,0,0,0,0,0,0,0,0,0,0,1,0,0.8988137209337099,True,1265,0.0007266353723676,hinge,0
KnuggetChase3_1448,4,0.9473684210526316,0.0012304782867431,0.0001518726348876,1,0,1,0,0,0,0,0,0,0,1,0,0,0,0,0,0,0,0,0,0,0,0,0,1,0,6.2385322258972575,True,969,0.0005398782254174,squared_hinge,0
KnuggetChase3_1448,4,0.9473684210526316,0.0015552043914794,0.0001726150512695,0,1,1,0,0,0,0,0,0,1,0,0,0,0,0,0,0,0,0,0,0,0,0,0,1,0,6.5551592170909165,True,1119,0.0003781681369072,hinge,0
KnuggetChase3_1448,4,0.9473684210526316,0.0011606216430664,0.0001490116119384,1,0,0,1,0,0,0,0,0,0,1,0,0,0,0,0,0,0,0,0,0,0,0,0,1,0,8.970704012709978,True,1283,0.0043885987691815,hinge,0
KnuggetChase3_1448,4,0.9473684210526316,0.0014874935150146,0.0001733303070068,1,0,0,1,0,0,0,0,0,1,0,0,0,0,0,0,0,0,0,0,0,0,0,0,1,0,0.5063960037223532,True,1596,0.0002740809624958,hinge,0
KnuggetChase3_1448,4,0.9210526315789472,0.001286506652832,0.0001654624938964,0,1,1,0,0,0,0,0,0,0,0,0,0,0,0,0,0,1,0,0,0,0,0,0,1,0,0.5746537191749215,True,799,0.006295662549121,hinge,0
KnuggetChase3_1448,4,0.9210526315789472,0.0012068748474121,0.0001718997955322,1,0,0,1,0,0,0,0,0,0,1,0,0,0,0,0,0,0,0,1,0,0,0,0,0,0,0.2428997823248044,True,377,0.0004135896815984,squared_hinge,0
analcatdata_wildcat_748,3,0.90625,0.002023696899414,0.0001327991485595,0,1,1,0,0,0,0,0,0,0,0,0,1,0,0,0,0,0,0,0,0,0,0,1,0,0,3.058263917459238,True,494,0.0007127044219294,squared_hinge,0
analcatdata_wildcat_748,3,0.90625,0.0024430751800537,0.0001404285430908,0,1,0,1,0,0,0,0,0,0,0,0,0,0,0,0,1,0,0,0,0,0,0,0,0,1,4.6390788943275485,False,881,0.0001983630094275,hinge,0
analcatdata_wildcat_748,3,0.90625,0.0020515918731689,0.0001208782196044,1,0,0,1,0,0,0,0,0,0,0,0,0,0,0,0,1,0,0,0,0,0,0,0,0,1,5.062165666991938,False,1151,0.0001672203840517,hinge,0
analcatdata_wildcat_748,3,0.90625,0.0016896724700927,0.0001411437988281,0,1,0,1,0,0,0,0,0,0,0,0,1,0,0,0,0,0,0,0,0,0,0,0,0,1,9.567734643872091,False,946,0.0001911192247371,squared_hinge,0
analcatdata_wildcat_748,3,0.90625,0.0021376609802246,0.000206708908081,1,0,0,1,0,0,0,0,0,0,0,0,1,0,0,0,0,0,0,0,0,0,0,0,0,1,1.330870618225546,True,992,0.0029062728686128,squared_hinge,0
analcatdata_wildcat_748,3,0.90625,0.0021202564239501,0.0001349449157714,1,0,0,1,0,0,0,0,0,0,0,0,1,0,0,0,0,0,0,0,0,0,0,0,1,0,0.2683861167606943,True,612,0.0023687501231955,hinge,0
analcatdata_wildcat_748,3,0.90625,0.0015807151794433,0.0001552104949951,1,0,0,0,1,0,0,0,0,0,0,0,1,0,0,0,0,0,0,0,0,0,0,0,0,1,1.593654046684695,True,1057,0.0025369906216842,squared_hinge,0
analcatdata_wildcat_748,3,0.90625,0.0020093917846679,0.0001163482666015,1,0,0,0,1,0,0,0,0,0,0,0,0,0,0,0,1,0,0,0,0,0,0,0,0,1,0.5311321835005443,True,1085,0.0050090254027731,squared_hinge,0
analcatdata_wildcat_748,3,0.90625,0.0017454624176025,0.0001347064971923,1,0,1,0,0,0,0,0,0,0,0,0,1,0,0,0,0,0,0,0,0,0,0,0,0,1,0.4651362492895921,True,406,0.0002560525536775,squared_hinge,0
analcatdata_wildcat_748,3,0.90625,0.0019059181213378,0.0001873970031738,0,1,0,1,0,0,0,0,0,0,0,0,1,0,0,0,0,0,0,0,0,0,0,0,1,0,2.5165539761381903,True,1595,0.0003289646583582,hinge,0
analcatdata_wildcat_748,3,0.90625,0.0020668506622314,0.0001344680786132,0,1,0,0,1,0,0,0,0,0,0,0,1,0,0,0,0,0,0,0,0,0,0,0,1,0,0.2547650962240882,False,1241,0.0083760773410525,hinge,0
analcatdata_wildcat_748,3,0.90625,0.0018987655639648,0.0001146793365478,1,0,1,0,0,0,0,0,0,0,0,0,0,0,0,0,1,0,0,0,0,0,0,0,0,1,1.2300881742801442,False,1075,0.0001633896349104,hinge,0
analcatdata_wildcat_748,3,0.90625,0.0020554065704345,0.0001344680786132,0,1,1,0,0,0,0,0,0,0,0,0,1,0,0,0,0,0,0,0,0,0,0,0,1,0,0.1915004382568713,False,1652,0.0003622457145377,squared_hinge,0
analcatdata_wildcat_748,3,0.90625,0.0019733905792236,0.000115156173706,0,1,0,0,1,0,0,0,0,0,0,0,0,0,0,0,1,0,0,0,0,0,0,0,0,1,6.04998547191035,False,849,0.0083847039276742,hinge,0
analcatdata_wildcat_748,3,0.90625,0.0014929771423339,0.0001296997070312,0,1,1,0,0,0,0,0,0,0,0,0,1,0,0,0,0,0,0,0,0,0,0,0,0,1,0.1504570027801486,False,1086,0.0012441295093168,hinge,0
analcatdata_wildcat_748,3,0.90625,0.0020511150360107,0.0001285076141357,0,1,0,1,0,0,0,0,0,0,0,0,1,0,0,0,0,0,0,0,0,0,0,1,0,0,7.311295388046331,True,544,0.0071735357518317,hinge,0
analcatdata_wildcat_748,3,0.90625,0.0025856494903564,0.0001418590545654,1,0,0,1,0,0,0,0,0,0,0,0,1,0,0,0,0,0,0,0,0,0,0,1,0,0,9.982632503844805,True,1520,0.0040923193689575,squared_hinge,0
analcatdata_wildcat_748,3,0.90625,0.00197434425354,0.000129222869873,0,1,0,0,1,0,0,0,0,0,0,0,1,0,0,0,0,0,0,0,0,0,0,1,0,0,0.2957269090609432,False,1200,0.0079280816097752,hinge,0
analcatdata_wildcat_748,3,0.90625,0.0019733905792236,0.0001580715179443,1,0,0,0,1,0,0,0,0,0,0,0,1,0,0,0,0,0,0,0,0,0,0,0,1,0,0.1532834689641304,True,790,0.0030026195907132,hinge,0
analcatdata_wildcat_748,3,0.90625,0.0021455287933349,0.0001239776611328,0,1,1,0,0,0,0,0,0,0,0,0,0,0,0,0,1,0,0,0,0,0,0,0,0,1,0.1156895698747414,True,812,0.0003338082641081,squared_hinge,0
qualitative-bankruptcy_1495,1,1.0,0.0029869079589843,0.0001387596130371,1,0,1,0,0,0,0,0,0,0,0,0,1,0,0,0,0,0,0,0,1,0,0,0,0,0,0.1956161181685007,False,1290,0.0033022163167395,hinge,0
qualitative-bankruptcy_1495,0,1.0,0.0023329257965087,0.0001945495605468,1,0,1,0,0,0,0,0,0,0,0,0,1,0,0,0,0,0,0,0,1,0,0,0,0,0,6.767554103076099,True,1465,0.0006074902757539,squared_hinge,0
qualitative-bankruptcy_1495,4,1.0,0.0013630390167236,0.0001206398010253,0,1,1,0,0,0,0,0,0,0,0,0,0,0,0,1,0,0,0,0,1,0,0,0,0,0,2.8844976226108643,False,831,0.0002089358212684,hinge,0
qualitative-bankruptcy_1495,0,1.0,0.0018327236175537,0.0001258850097656,0,1,1,0,0,0,0,0,0,0,0,0,1,0,0,0,0,0,0,0,1,0,0,0,0,0,0.1528356471482086,True,1237,0.0003126622902446,hinge,0
qualitative-bankruptcy_1495,1,1.0,0.001821756362915,0.0001311302185058,0,1,1,0,0,0,0,0,0,0,0,0,1,0,0,0,0,0,0,0,1,0,0,0,0,0,8.371482083611273,True,724,0.0003854889093019,hinge,0
qualitative-bankruptcy_1495,2,1.0,0.0018923282623291,0.0001320838928222,0,1,1,0,0,0,0,0,0,0,0,0,1,0,0,0,0,0,0,0,1,0,0,0,0,0,2.0413252555436,False,1180,0.0001606374495767,squared_hinge,0
qualitative-bankruptcy_1495,0,1.0,0.0017938613891601,0.0002150535583496,0,1,1,0,0,0,0,0,0,0,0,0,0,0,0,0,1,0,0,0,1,0,0,0,0,0,7.234115094748111,False,1011,0.0006377468552853,hinge,0
qualitative-bankruptcy_1495,0,1.0,0.0014357566833496,0.000129222869873,0,1,0,1,0,0,0,0,0,0,0,0,0,0,0,1,0,0,0,1,0,0,0,0,0,0,2.6717006658301243,True,503,0.0076689440732015,squared_hinge,0
qualitative-bankruptcy_1495,1,1.0,0.001420259475708,0.000126838684082,0,1,0,1,0,0,0,0,0,0,0,0,0,0,0,1,0,0,0,1,0,0,0,0,0,0,0.5639030279516178,False,844,0.0002450175145574,hinge,0
qualitative-bankruptcy_1495,0,1.0,0.0012581348419189,0.0001220703125,0,1,1,0,0,0,0,0,0,0,0,0,0,0,0,1,0,0,0,0,1,0,0,0,0,0,0.1364022626790635,True,1250,0.0090384719829896,hinge,0
qualitative-bankruptcy_1495,1,1.0,0.0013659000396728,0.000124454498291,0,1,1,0,0,0,0,0,0,0,0,0,0,0,0,1,0,0,0,0,1,0,0,0,0,0,0.1078392994061542,True,1143,0.0009393792238623,hinge,0
qualitative-bankruptcy_1495,2,1.0,0.001352310180664,0.0001204013824462,0,1,1,0,0,0,0,0,0,0,0,0,0,0,0,1,0,0,0,0,1,0,0,0,0,0,1.6578219745344782,True,635,0.0032874754098117,hinge,0
qualitative-bankruptcy_1495,3,1.0,0.0013976097106933,0.0001277923583984,0,1,1,0,0,0,0,0,0,0,0,0,0,0,0,1,0,0,0,0,1,0,0,0,0,0,1.012689766538912,True,683,0.0001675248944056,hinge,0
qualitative-bankruptcy_1495,0,1.0,0.0020389556884765,0.0001366138458251,0,1,0,0,1,0,0,0,0,0,0,0,1,0,0,0,0,0,0,0,1,0,0,0,0,0,1.444704400095302,False,491,0.0052993443713908,squared_hinge,0
qualitative-bankruptcy_1495,1,1.0,0.001821756362915,0.0001270771026611,0,1,0,0,1,0,0,0,0,0,0,0,1,0,0,0,0,0,0,0,1,0,0,0,0,0,8.465690625571563,True,754,0.0014325346810541,hinge,0
qualitative-bankruptcy_1495,2,1.0,0.0018184185028076,0.0001273155212402,0,1,0,0,1,0,0,0,0,0,0,0,1,0,0,0,0,0,0,0,1,0,0,0,0,0,6.409743416686692,True,1055,0.0001817807525116,hinge,0
qualitative-bankruptcy_1495,0,1.0,0.0015511512756347,0.0001242160797119,0,1,0,0,1,0,0,0,0,0,0,0,0,0,0,0,1,0,0,0,1,0,0,0,0,0,0.5173478711168038,False,1224,0.0009944252710945,hinge,0
qualitative-bankruptcy_1495,1,1.0,0.0016465187072753,0.0001285076141357,0,1,0,0,1,0,0,0,0,0,0,0,0,0,0,0,1,0,0,0,1,0,0,0,0,0,0.4334586211438755,True,484,0.0022801145938703,hinge,0
qualitative-bankruptcy_1495,0,1.0,0.0013151168823242,0.0001194477081298,0,1,0,0,1,0,0,0,0,0,0,0,0,0,0,1,0,0,0,0,1,0,0,0,0,0,0.3699174971447136,True,1041,0.0006688208459213,hinge,0
qualitative-bankruptcy_1495,1,1.0,0.0012948513031005,0.0001218318939208,0,1,0,0,1,0,0,0,0,0,0,0,0,0,0,1,0,0,0,0,1,0,0,0,0,0,7.60703478507853,False,665,0.0004458208259781,hinge,0
boston_853,0,0.9411764705882352,0.0032751560211181,0.0001614093780517,0,1,1,0,0,0,0,0,0,0,0,0,1,0,0,0,0,0,0,0,0,0,0,0,1,0,6.553633323154189,True,1001,0.0004043470369665,hinge,0
boston_853,0,0.9411764705882352,0.0052158832550048,0.0001888275146484,1,0,0,1,0,0,0,0,0,0,0,0,1,0,0,0,0,0,0,0,0,0,0,0,1,0,7.481228333553824,True,1547,0.0011706726323141,hinge,0
boston_853,0,0.9411764705882352,0.0012087821960449,0.0001163482666015,1,0,0,1,0,0,0,0,0,0,1,0,0,0,0,0,0,0,0,1,0,0,0,0,0,0,0.290752400223843,False,636,0.0007557139624574,hinge,0
boston_853,0,0.9411764705882352,0.0013539791107177,0.0001170635223388,0,1,0,0,1,0,0,0,0,0,1,0,0,0,0,0,0,0,0,1,0,0,0,0,0,0,0.8703031695826543,True,1005,0.0030393907483494,hinge,0
boston_853,0,0.9411764705882352,0.0013699531555175,0.0001206398010253,1,0,1,0,0,0,0,0,0,0,1,0,0,0,0,0,0,0,0,1,0,0,0,0,0,0,0.5130417718604156,False,112,0.0078999023087922,squared_hinge,0
boston_853,0,0.9411764705882352,0.0039236545562744,0.0002422332763671,0,1,0,1,0,0,0,0,0,0,0,0,1,0,0,0,0,0,0,0,0,0,0,0,1,0,0.4423157963653946,False,1164,0.0002288048138105,squared_hinge,0
boston_853,0,0.9411764705882352,0.0013208389282226,0.0001180171966552,0,1,0,1,0,0,0,0,0,0,1,0,0,0,0,0,0,0,0,1,0,0,0,0,0,0,0.1559019792455806,False,862,0.0010408716394521,hinge,0
boston_853,0,0.9411764705882352,0.0045881271362304,0.0001683235168457,1,0,0,0,1,0,0,0,0,0,0,0,1,0,0,0,0,0,0,0,0,0,0,0,1,0,4.793954209772937,True,1352,0.0009538673852603,squared_hinge,0
boston_853,0,0.9411764705882352,0.0067496299743652,0.0003421306610107,1,0,1,0,0,0,0,0,0,0,0,0,1,0,0,0,0,0,0,0,0,0,0,0,1,0,0.392865044855991,False,940,0.0006328415765476,hinge,0
boston_853,0,0.9411764705882352,0.0013470649719238,0.0002095699310302,0,1,1,0,0,0,0,0,0,0,1,0,0,0,0,0,0,0,0,1,0,0,0,0,0,0,0.5040302429401919,False,1157,0.0031250126304133,hinge,0
boston_853,0,0.9411764705882352,0.0034008026123046,0.0001587867736816,0,1,0,0,1,0,0,0,0,0,0,0,1,0,0,0,0,0,0,0,0,0,0,0,1,0,1.6288278706061996,True,1575,0.0008211878635402,hinge,0
boston_853,0,0.9411764705882352,0.0015575885772705,0.0001213550567626,1,0,0,0,1,0,0,0,0,0,1,0,0,0,0,0,0,0,0,1,0,0,0,0,0,0,7.11703264836039,False,1188,0.000154161321978,hinge,0
boston_853,0,0.931372549019608,0.0052626132965087,0.0002543926239013,0,1,0,1,0,0,0,0,0,0,0,0,0,0,0,1,0,0,0,0,1,0,0,0,0,0,2.807578567300935,True,1206,0.00100980615138,hinge,0
boston_853,0,0.931372549019608,0.0049991607666015,0.0001821517944335,1,0,1,0,0,0,0,0,0,0,0,0,0,0,0,1,0,0,0,0,0,0,0,0,0,1,1.931251858857917,True,1361,0.0032266092270392,squared_hinge,0
boston_853,0,0.931372549019608,0.0046603679656982,0.0001428127288818,1,0,0,1,0,0,0,0,0,0,0,0,0,0,0,1,0,0,0,0,0,0,0,0,0,1,0.1553806118715838,False,1113,0.0082635484869678,squared_hinge,0
boston_853,0,0.931372549019608,0.0025932788848876,0.0001299381256103,1,0,0,1,0,0,0,0,0,0,0,0,0,0,1,0,0,0,0,0,0,0,0,1,0,0,1.767364981455681,True,773,0.0001690335854793,hinge,0
boston_853,0,0.931372549019608,0.0049564838409423,0.0001845359802246,0,1,1,0,0,0,0,0,0,0,0,0,0,0,0,1,0,0,0,0,0,0,0,0,0,1,0.3408268025095338,False,238,0.0018533475269847,squared_hinge,0
boston_853,0,0.931372549019608,0.0071401596069335,0.0003473758697509,0,1,0,1,0,0,0,0,0,0,0,0,1,0,0,0,0,0,0,0,0,0,1,0,0,0,1.9005867890905168,False,814,0.0005086560152462,hinge,0
boston_853,0,0.931372549019608,0.0026552677154541,0.0001351833343505,0,1,0,0,1,0,0,0,0,0,0,0,0,0,1,0,0,0,0,0,0,0,0,1,0,0,0.4516494126512692,True,1195,0.0002851380538778,squared_hinge,0
boston_853,0,0.931372549019608,0.0012719631195068,0.000115156173706,0,1,0,0,1,0,0,0,0,0,1,0,0,0,0,0,0,0,0,0,0,0,0,1,0,0,0.142328707480727,True,872,0.0015704781950554,hinge,0
seeds_1499,1,1.0,0.0023102760314941,0.0001213550567626,0,1,0,0,1,0,1,0,0,0,0,0,0,0,0,0,0,0,0,0,0,0,1,0,0,0,4.888910762848616,True,944,0.0006150966878071,hinge,0
seeds_1499,0,1.0,0.0021567344665527,0.0001201629638671,0,1,0,1,0,0,0,0,0,0,1,0,0,0,0,0,0,0,0,0,0,0,1,0,0,0,1.286615712142147,False,933,0.0001397142086509,hinge,0
seeds_1499,1,1.0,0.0022051334381103,0.0001192092895507,1,0,0,0,1,0,1,0,0,0,0,0,0,0,0,0,0,0,0,0,0,0,1,0,0,0,0.365005620909118,False,835,0.0061861962500451,hinge,0
seeds_1499,0,1.0,0.0021882057189941,0.0001232624053955,0,1,1,0,0,0,0,0,0,0,1,0,0,0,0,0,0,0,0,0,0,0,1,0,0,0,0.5183277519564558,False,1199,0.000734561786177,hinge,0
seeds_1499,0,1.0,0.0021791458129882,0.0001318454742431,1,0,0,0,1,0,0,0,0,0,1,0,0,0,0,0,0,0,0,0,0,0,1,0,0,0,1.7213319412807582,True,1169,0.0084610297071994,hinge,0
seeds_1499,1,1.0,0.0022037029266357,0.0001168251037597,1,0,1,0,0,0,1,0,0,0,0,0,0,0,0,0,0,0,0,0,0,0,1,0,0,0,2.28522909354404,True,964,0.0002788353880848,hinge,0
seeds_1499,0,1.0,0.0023250579833984,0.00014328956604,1,0,1,0,0,0,0,0,0,0,1,0,0,0,0,0,0,0,0,0,0,0,1,0,0,0,0.9410899648481484,True,1212,0.0001292409005654,hinge,0
seeds_1499,0,1.0,0.0023982524871826,0.000133991241455,1,0,0,1,0,0,0,0,0,0,1,0,0,0,0,0,0,0,0,0,0,0,1,0,0,0,1.1261251085278317,True,1015,0.0001147289168283,hinge,0
seeds_1499,1,1.0,0.002328872680664,0.0001192092895507,0,1,1,0,0,0,1,0,0,0,0,0,0,0,0,0,0,0,0,0,0,0,1,0,0,0,0.163384186625023,False,1041,0.0017022953055214,squared_hinge,0
seeds_1499,1,1.0,0.0022597312927246,0.0001194477081298,0,1,0,1,0,0,1,0,0,0,0,0,0,0,0,0,0,0,0,0,0,0,1,0,0,0,0.1967320587381747,False,894,0.0047286183659581,hinge,0
seeds_1499,1,1.0,0.0021767616271972,0.000129222869873,1,0,0,1,0,0,1,0,0,0,0,0,0,0,0,0,0,0,0,0,0,0,1,0,0,0,0.263140543203109,False,875,0.0019027739474243,hinge,0
seeds_1499,0,1.0,0.0022833347320556,0.0001218318939208,0,1,0,0,1,0,0,0,0,0,1,0,0,0,0,0,0,0,0,0,0,0,1,0,0,0,1.1498406448089105,True,858,0.0044406413608631,hinge,0
seeds_1499,1,0.9761904761904762,0.0025339126586914,0.0001699924468994,1,0,0,0,1,0,1,0,0,0,0,0,0,0,0,0,0,0,0,0,0,0,0,0,1,0,0.6912884800391917,True,960,0.0010848278113888,hinge,0
seeds_1499,3,0.9761904761904762,0.002317190170288,0.0001192092895507,1,0,0,0,1,0,1,0,0,0,0,0,0,0,0,0,0,0,0,0,0,0,0,0,1,0,1.3862886426114511,True,1155,0.0001686101777385,squared_hinge,0
seeds_1499,3,0.9761904761904762,0.0021567344665527,0.0001146793365478,1,0,1,0,0,0,1,0,0,0,0,0,0,0,0,0,0,0,0,0,0,0,1,0,0,0,0.2216601294169611,False,847,0.004083670962715,squared_hinge,0
seeds_1499,4,0.9761904761904762,0.0027220249176025,0.0001413822174072,0,1,0,1,0,0,0,0,0,0,0,0,0,0,1,0,0,0,0,1,0,0,0,0,0,0,8.630215463411409,True,1014,0.0005322840461823,hinge,0
seeds_1499,1,0.9761904761904762,0.0020592212677001,0.000117540359497,0,1,0,1,0,0,1,0,0,0,0,0,0,0,0,0,0,0,0,1,0,0,0,0,0,0,1.699701660926458,True,1340,0.0024293858718298,hinge,0
seeds_1499,4,0.9761904761904762,0.0023486614227294,0.0001180171966552,1,0,0,0,1,0,0,0,0,0,0,0,0,0,1,0,0,0,0,0,0,0,0,1,0,0,0.1803607564788285,True,1327,0.0001691714456458,hinge,0
seeds_1499,4,0.9761904761904762,0.0021820068359375,0.000119924545288,1,0,0,0,1,0,0,0,0,0,1,0,0,0,0,0,0,0,0,0,0,0,0,0,1,0,0.5501959103403553,False,693,0.000366081545471,hinge,0
seeds_1499,4,0.9761904761904762,0.0022280216217041,0.0001173019409179,1,0,0,0,1,0,1,0,0,0,0,0,0,0,0,0,0,0,0,0,0,0,0,0,1,0,9.128715941422511,True,1715,0.0006745688981262,hinge,0
analcatdata_gsssexsurvey_852,1,0.84375,0.0011706352233886,0.0001225471496582,0,1,0,1,0,0,0,1,0,0,0,0,0,0,0,0,0,0,0,0,0,0,0,1,0,0,8.565255820086598,True,1191,0.0086410870568674,hinge,0
analcatdata_gsssexsurvey_852,1,0.84375,0.0011637210845947,0.000115156173706,0,1,0,0,1,0,0,1,0,0,0,0,0,0,0,0,0,0,0,0,0,0,0,1,0,0,0.1381088716143241,True,853,0.0018844602794406,hinge,0
analcatdata_gsssexsurvey_852,1,0.84375,0.001117467880249,0.0001139640808105,0,1,0,1,0,0,0,0,0,0,0,0,0,0,0,0,0,0,1,0,0,0,0,1,0,0,4.589864876076773,False,440,0.00243449602585,squared_hinge,0
analcatdata_gsssexsurvey_852,1,0.84375,0.001204490661621,0.0001451969146728,0,1,0,1,0,0,0,0,1,0,0,0,0,0,0,0,0,0,0,0,0,0,0,1,0,0,1.9224423721089956,True,1262,0.0035918578727601,squared_hinge,0
analcatdata_gsssexsurvey_852,1,0.84375,0.0009937286376953,0.0001077651977539,0,1,1,0,0,0,0,0,0,0,0,0,0,0,0,0,0,1,0,0,1,0,0,0,0,0,0.2344986108385628,False,1126,0.0009674453535894,squared_hinge,0
analcatdata_gsssexsurvey_852,1,0.84375,0.0018444061279296,0.0008044242858886,0,1,1,0,0,0,0,0,0,0,0,1,0,0,0,0,0,0,0,0,1,0,0,0,0,0,4.639886209757214,False,722,0.0002045663443947,hinge,0
analcatdata_gsssexsurvey_852,1,0.84375,0.0010368824005126,0.0001125335693359,0,1,0,1,0,0,0,0,0,0,1,0,0,0,0,0,0,0,0,0,0,0,0,1,0,0,1.902456548526024,False,1033,0.0004107347184711,hinge,0
analcatdata_gsssexsurvey_852,1,0.84375,0.0010657310485839,0.0001113414764404,0,1,0,0,1,0,0,0,0,0,0,0,0,0,0,0,0,0,1,0,0,1,0,0,0,0,0.1684613708980535,False,580,0.0003116036396449,hinge,0
analcatdata_gsssexsurvey_852,1,0.84375,0.0011489391326904,0.0001275539398193,0,1,0,0,1,0,0,0,0,0,0,0,0,0,0,0,0,1,0,0,0,1,0,0,0,0,4.964870237313868,True,590,0.0062170344801124,hinge,0
analcatdata_gsssexsurvey_852,1,0.84375,0.0010621547698974,0.0001106262207031,0,1,0,0,1,0,0,0,0,0,0,0,0,0,0,0,0,0,1,1,0,0,0,0,0,0,3.298686943028678,True,911,0.0028624181147477,hinge,0
analcatdata_gsssexsurvey_852,1,0.84375,0.0018048286437988,0.0001399517059326,0,1,1,0,0,0,0,0,0,0,0,0,1,0,0,0,0,0,0,0,0,1,0,0,0,0,0.1034276824485172,True,933,0.001274078758144,hinge,0
analcatdata_gsssexsurvey_852,1,0.84375,0.0010900497436523,0.0001101493835449,0,1,0,0,1,0,0,0,0,0,0,0,0,1,0,0,0,0,0,0,0,1,0,0,0,0,0.3228377940987325,True,1448,0.0003070350781013,hinge,0
analcatdata_gsssexsurvey_852,1,0.84375,0.0018239021301269,0.0001327991485595,0,1,0,0,1,0,0,0,0,0,0,0,1,0,0,0,0,0,0,0,0,1,0,0,0,0,0.3457808340562234,True,1001,0.0002050389680457,hinge,0
analcatdata_gsssexsurvey_852,1,0.84375,0.0010485649108886,0.0001113414764404,0,1,0,0,1,0,0,0,1,0,0,0,0,0,0,0,0,0,0,0,0,1,0,0,0,0,0.8295357363616591,True,863,0.001522582774213,hinge,0
analcatdata_gsssexsurvey_852,1,0.84375,0.0012741088867187,0.0001170635223388,0,1,1,0,0,0,0,0,0,0,0,0,0,0,1,0,0,0,0,0,0,1,0,0,0,0,0.288882941696276,True,780,0.0001809560273579,squared_hinge,0
analcatdata_gsssexsurvey_852,1,0.84375,0.00111985206604,0.0001122951507568,0,1,0,0,1,0,0,0,0,0,0,0,0,0,1,0,0,0,0,0,0,1,0,0,0,0,4.522987671154974,True,1080,0.0008044218606044,hinge,0
analcatdata_gsssexsurvey_852,1,0.84375,0.0015876293182373,0.0001368522644042,0,1,1,0,0,0,0,0,0,0,0,0,0,0,0,0,1,0,0,0,0,1,0,0,0,0,2.5333561895272885,False,251,0.0014543282635905,squared_hinge,0
analcatdata_gsssexsurvey_852,1,0.84375,0.0010440349578857,0.0001106262207031,0,1,1,0,0,0,0,0,1,0,0,0,0,0,0,0,0,0,0,0,0,1,0,0,0,0,0.1148879125177096,False,1033,0.0005150976717205,hinge,0
analcatdata_gsssexsurvey_852,1,0.84375,0.0011653900146484,0.0001158714294433,0,1,1,0,0,1,0,0,0,0,0,0,0,0,0,0,0,0,0,0,0,1,0,0,0,0,2.593810910327832,True,1518,0.0071462812374239,squared_hinge,0
analcatdata_gsssexsurvey_852,1,0.84375,0.0013763904571533,0.0001332759857177,0,1,1,0,0,0,0,0,0,0,0,1,0,0,0,0,0,0,0,0,0,1,0,0,0,0,7.991006178481884,True,1300,0.0001525928061039,squared_hinge,0
autoUniv-au7-500_1554,1,0.54,0.003610610961914,0.000136375427246,0,1,0,1,0,0,0,0,0,0,1,0,0,0,0,0,0,0,0,0,0,0,0,1,0,0,0.9724942358489072,False,1631,0.0006992004199999,hinge,0
autoUniv-au7-500_1554,1,0.54,0.0038719177246093,0.00020432472229,1,0,0,1,0,0,0,0,0,0,1,0,0,0,0,0,0,0,0,0,0,0,0,1,0,0,0.2313017446506924,True,791,0.0062183158687013,squared_hinge,0
autoUniv-au7-500_1554,1,0.52,0.0034320354461669,0.0001378059387207,1,0,0,0,1,0,0,0,0,0,0,0,0,0,0,0,0,1,0,0,0,0,0,0,1,0,5.764914744876979,False,1138,0.0002256786103665,hinge,0
autoUniv-au7-500_1554,1,0.52,0.0034568309783935,0.0001318454742431,0,1,0,0,1,0,0,0,0,0,0,0,0,0,0,0,0,0,1,0,0,0,0,0,0,1,2.0837775868834494,False,951,0.001803710818789,hinge,0
autoUniv-au7-500_1554,1,0.52,0.0032882690429687,0.0001335144042968,0,1,0,0,1,0,0,0,0,0,0,0,0,0,0,0,0,1,0,0,0,0,0,0,1,0,0.7178044217830915,True,1366,0.001453432351939,hinge,0
autoUniv-au7-500_1554,1,0.52,0.0033752918243408,0.0001325607299804,1,0,0,0,1,0,0,0,0,0,0,0,0,0,0,0,0,0,1,0,0,0,0,0,0,1,0.6672869121648365,False,971,0.0064406746871153,squared_hinge,0
autoUniv-au7-500_1554,1,0.52,0.0032887458801269,0.0001552104949951,1,0,0,0,1,0,0,0,0,0,0,0,0,0,0,0,0,1,0,0,1,0,0,0,0,0,0.3666216709638573,False,1321,0.0058908365169296,hinge,0
autoUniv-au7-500_1554,1,0.52,0.0383181571960449,0.0002930164337158,1,0,0,0,1,0,0,0,0,0,0,0,1,0,0,0,0,0,0,0,0,0,0,1,0,0,0.1631277328808588,True,708,0.0067493588260243,hinge,0
autoUniv-au7-500_1554,1,0.52,0.0134291648864746,0.000248908996582,0,1,0,0,1,0,0,0,0,0,0,0,1,0,0,0,0,0,0,0,0,0,0,1,0,0,5.549528605798497,True,956,0.0014508031285704,hinge,0
autoUniv-au7-500_1554,1,0.52,0.003751516342163,0.0001916885375976,0,1,0,0,1,0,0,0,0,0,0,0,0,0,0,0,0,1,0,0,1,0,0,0,0,0,9.254576151461698,False,908,0.0002278205500435,hinge,0
autoUniv-au7-500_1554,0,0.51,0.0131905078887939,0.0002086162567138,0,1,0,0,1,0,0,0,0,0,0,0,0,0,0,1,0,0,0,0,0,0,1,0,0,0,7.798028524056576,True,1367,0.0001877447071266,hinge,0
autoUniv-au7-500_1554,1,0.51,0.0129354000091552,0.0003299713134765,0,1,0,1,0,0,0,0,0,0,0,0,1,0,0,0,0,0,0,0,0,0,0,1,0,0,0.2180373701208371,True,702,0.003474160976773,hinge,0
autoUniv-au7-500_1554,1,0.51,0.012460708618164,0.0002353191375732,1,0,0,1,0,0,0,0,0,0,0,0,1,0,0,0,0,0,0,0,0,0,0,1,0,0,0.6886283950060285,True,860,0.0006895372749581,hinge,0
autoUniv-au7-500_1554,0,0.51,0.0136616230010986,0.0002670288085937,1,0,0,0,1,0,0,0,0,0,0,0,0,0,0,1,0,0,0,0,0,0,1,0,0,0,0.3834961201500513,False,942,0.0003131933003161,hinge,0
autoUniv-au7-500_1554,0,0.5,0.0145752429962158,0.000192642211914,1,0,0,1,0,0,0,0,0,0,0,0,1,0,0,0,0,0,0,0,0,0,1,0,0,0,0.4853533446612973,True,437,0.002167316044065,hinge,0
autoUniv-au7-500_1554,0,0.5,0.0167067050933837,0.0002195835113525,1,0,0,1,0,0,0,0,0,0,0,0,0,0,0,1,0,0,0,0,0,1,0,0,0,0,0.4428326462531198,False,909,0.003546796935133,hinge,0
autoUniv-au7-500_1554,0,0.5,0.014582872390747,0.000195026397705,0,1,0,1,0,0,0,0,0,0,0,0,1,0,0,0,0,0,0,0,0,0,1,0,0,0,7.224947240571495,True,1026,0.0065800847278159,hinge,0
autoUniv-au7-500_1554,0,0.5,0.0164768695831298,0.0002069473266601,0,1,0,1,0,0,0,0,0,0,0,0,0,0,0,1,0,0,0,0,0,1,0,0,0,0,7.83272168804802,True,1468,0.0001222814078819,hinge,0
autoUniv-au7-500_1554,1,0.49,0.0037717819213867,0.0001826286315917,1,0,0,0,1,0,0,1,0,0,0,0,0,0,0,0,0,0,0,0,0,0,0,0,0,1,0.1204950164349521,False,904,0.0001632945778176,hinge,0
autoUniv-au7-500_1554,0,0.49,0.0183401107788085,0.0002915859222412,0,1,0,1,0,0,0,0,0,0,0,0,1,0,0,0,0,0,0,0,0,0,0,0,0,1,1.180386172399961,True,958,0.0022875630168886,hinge,0
PizzaCutter1_1443,1,0.9621212121212122,0.0057437419891357,0.000148057937622,0,1,0,1,0,0,0,0,0,0,0,0,1,0,0,0,0,0,0,0,0,0,0,0,0,1,2.107485608486723,False,829,0.0001983829091116,hinge,0
PizzaCutter1_1443,1,0.9621212121212122,0.0055689811706542,0.0001444816589355,1,0,1,0,0,0,0,0,0,0,0,0,1,0,0,0,0,0,0,0,0,0,0,0,0,1,0.3101770539066455,True,854,0.0001802682238648,squared_hinge,0
PizzaCutter1_1443,1,0.9621212121212122,0.0013227462768554,0.0001094341278076,0,1,1,0,0,0,0,0,0,0,0,0,0,0,0,0,0,0,1,0,0,0,0,1,0,0,0.1326302062579253,True,908,0.0002337240141774,squared_hinge,0
PizzaCutter1_1443,1,0.9621212121212122,0.0013327598571777,0.0001125335693359,1,0,0,1,0,0,0,0,0,0,0,0,0,0,0,0,0,0,1,0,0,0,0,1,0,0,0.1412977035598876,True,970,0.0003964000128921,squared_hinge,0
PizzaCutter1_1443,1,0.9621212121212122,0.0013160705566406,0.0001130104064941,0,1,0,0,1,0,0,0,0,0,0,0,0,0,0,0,0,0,1,0,0,0,0,1,0,0,2.9898008583752578,False,1097,0.0059136312645044,hinge,0
PizzaCutter1_1443,1,0.9621212121212122,0.001413345336914,0.0001327991485595,1,0,0,0,1,0,0,0,0,0,0,0,0,0,0,0,0,0,1,0,0,0,0,1,0,0,0.5373508282243182,True,1181,0.0040325364626354,hinge,0
PizzaCutter1_1443,1,0.9621212121212122,0.0057415962219238,0.0001444816589355,0,1,1,0,0,0,0,0,0,0,0,0,1,0,0,0,0,0,0,0,0,0,0,0,0,1,1.3437963405621405,True,882,0.0004672997354487,hinge,0
PizzaCutter1_1443,1,0.9621212121212122,0.0012588500976562,0.0001094341278076,1,0,1,0,0,0,0,0,0,0,0,0,0,0,0,0,0,0,1,0,0,0,0,1,0,0,0.4298293201247526,True,1062,0.0017839489852838,squared_hinge,0
PizzaCutter1_1443,1,0.9621212121212122,0.0056378841400146,0.0001487731933593,0,1,0,0,1,0,0,0,0,0,0,0,1,0,0,0,0,0,0,0,0,0,0,0,0,1,4.265728084197321,True,863,0.0023828052513226,hinge,0
PizzaCutter1_1443,1,0.9621212121212122,0.0058944225311279,0.0001585483551025,1,0,0,1,0,0,0,0,0,0,0,0,1,0,0,0,0,0,0,0,0,0,0,0,0,1,0.1537435094720014,False,780,0.0094167850786412,squared_hinge,0
PizzaCutter1_1443,1,0.9621212121212122,0.0012626647949218,0.000108003616333,0,1,0,1,0,0,0,0,0,0,0,0,0,0,0,0,0,0,1,0,0,0,0,1,0,0,0.1073131389497536,False,1361,0.0001452618596132,squared_hinge,0
PizzaCutter1_1443,1,0.9621212121212122,0.0057213306427001,0.0001466274261474,1,0,0,0,1,0,0,0,0,0,0,0,1,0,0,0,0,0,0,0,0,0,0,0,0,1,0.7630119132682827,True,1000,0.0005234880009275,squared_hinge,0
PizzaCutter1_1443,1,0.9545454545454546,0.0013196468353271,0.0001225471496582,0,1,1,0,0,0,0,1,0,0,0,0,0,0,0,0,0,0,0,1,0,0,0,0,0,0,0.641397434624402,False,831,0.0077990203764841,hinge,0
PizzaCutter1_1443,1,0.9545454545454546,0.0012621879577636,0.000112771987915,0,1,0,0,1,0,0,1,0,0,0,0,0,0,0,0,0,0,0,1,0,0,0,0,0,0,0.107996468512975,False,1079,0.0011595385469015,hinge,0
PizzaCutter1_1443,1,0.9545454545454546,0.0025725364685058,0.0001873970031738,0,1,1,0,0,0,0,0,0,1,0,0,0,0,0,0,0,0,0,0,0,0,0,1,0,0,4.551788967786903,True,1326,0.0036877455117592,hinge,0
PizzaCutter1_1443,1,0.9545454545454546,0.00128173828125,0.0001065731048583,0,1,0,1,0,0,0,0,0,0,0,0,0,0,0,0,0,0,1,1,0,0,0,0,0,0,1.1922097918872492,True,829,0.0002886680995469,hinge,0
PizzaCutter1_1443,1,0.9545454545454546,0.0011956691741943,0.0001091957092285,1,0,1,0,0,0,0,0,1,0,0,0,0,0,0,0,0,0,0,0,0,0,0,0,0,1,4.799556674734587,True,1111,0.0003718891938948,squared_hinge,0
PizzaCutter1_1443,1,0.9545454545454546,0.0011892318725585,0.0001082420349121,0,1,0,0,1,0,0,0,0,0,0,0,0,0,0,0,0,0,1,0,0,0,0,0,0,1,0.8228639900410426,False,1166,0.0061508590375752,squared_hinge,0
PizzaCutter1_1443,1,0.9545454545454546,0.0015187263488769,0.0001254081726074,1,0,0,0,1,0,0,0,0,0,0,0,0,0,0,0,0,0,1,1,0,0,0,0,0,0,1.7348019904766645,True,1051,0.0022176324455473,hinge,0
PizzaCutter1_1443,1,0.9545454545454546,0.0013539791107177,0.0001192092895507,1,0,1,0,0,0,0,0,0,0,0,0,0,0,0,0,0,0,1,1,0,0,0,0,0,0,0.1136928914307005,True,998,0.0046802879499073,hinge,0
solar-flare_40687,1,0.812206572769953,0.0081579685211181,0.0002555847167968,0,1,0,0,1,0,0,0,0,1,0,0,0,0,0,0,0,0,0,0,0,0,0,1,0,0,3.692280817229723,False,1545,0.0002680228770816,squared_hinge,0
solar-flare_40687,1,0.812206572769953,0.0081145763397216,0.0002722740173339,1,0,0,1,0,0,0,0,0,1,0,0,0,0,0,0,0,0,0,0,0,0,0,1,0,0,0.1334439450758847,True,898,0.0003037203002915,hinge,0
solar-flare_40687,1,0.812206572769953,0.0078127384185791,0.0002491474151611,1,0,1,0,0,0,0,0,0,1,0,0,0,0,0,0,0,0,0,0,0,0,0,1,0,0,0.3510911048733104,True,981,0.0003850538753081,squared_hinge,0
solar-flare_40687,1,0.812206572769953,0.0079090595245361,0.0002086162567138,0,1,0,1,0,0,0,0,0,1,0,0,0,0,0,0,0,0,0,0,0,0,0,1,0,0,0.8689788710872197,False,875,0.0044724098429304,squared_hinge,0
solar-flare_40687,1,0.812206572769953,0.0070416927337646,0.0001897811889648,0,1,1,0,0,0,0,0,0,1,0,0,0,0,0,0,0,0,0,0,0,0,0,1,0,0,0.3187590931373419,True,1116,0.0002720847740963,hinge,0
solar-flare_40687,1,0.812206572769953,0.0077936649322509,0.0002021789550781,1,0,0,0,1,0,0,0,0,1,0,0,0,0,0,0,0,0,0,0,0,0,0,1,0,0,0.131184704093917,False,523,0.0021887289277553,hinge,0
solar-flare_40687,1,0.8028169014084507,0.0059850215911865,0.0001623630523681,0,1,1,0,0,0,0,0,0,0,0,0,0,1,0,0,0,0,0,0,0,0,0,1,0,0,2.5678289215108063,True,1326,0.0004445186191972,squared_hinge,0
solar-flare_40687,1,0.8028169014084507,0.0060429573059082,0.0001657009124755,0,1,0,0,1,0,0,0,0,0,0,0,0,1,0,0,0,0,0,0,0,0,0,1,0,0,0.6164092275896399,False,605,0.0016630369668667,squared_hinge,0
solar-flare_40687,1,0.8028169014084507,0.0060586929321289,0.0001733303070068,1,0,0,1,0,0,0,0,0,0,0,0,0,1,0,0,0,0,0,0,0,0,0,1,0,0,3.0174660782175584,True,1129,0.0007191128410286,hinge,0
solar-flare_40687,1,0.8028169014084507,0.0060691833496093,0.0001716613769531,1,0,0,0,1,0,0,0,0,0,0,0,0,1,0,0,0,0,0,0,0,0,0,1,0,0,0.3007625621971266,False,825,0.0003293066403786,hinge,0
solar-flare_40687,1,0.8028169014084507,0.0063376426696777,0.0002434253692626,1,0,1,0,0,0,0,0,0,0,0,0,0,1,0,0,0,0,0,0,0,0,0,1,0,0,0.8826221557795975,True,1483,0.0021146553552601,hinge,0
solar-flare_40687,1,0.8028169014084507,0.0063693523406982,0.0002355575561523,0,1,0,1,0,0,0,0,0,0,0,0,0,1,0,0,0,0,0,0,0,0,0,1,0,0,0.512032447695442,True,1088,0.0024455120438028,hinge,0
solar-flare_40687,4,0.7934272300469484,0.0078263282775878,0.0002393722534179,1,0,0,1,0,0,1,0,0,0,0,0,0,0,0,0,0,0,0,0,0,1,0,0,0,0,0.7418632560728272,True,288,0.0032649990580883,hinge,0
solar-flare_40687,4,0.7934272300469484,0.0069310665130615,0.0001797676086425,0,1,0,0,1,1,0,0,0,0,0,0,0,0,0,0,0,0,0,0,0,1,0,0,0,0,8.825151420278173,True,932,0.0044128562763957,squared_hinge,0
solar-flare_40687,4,0.7934272300469484,0.0071029663085937,0.000173807144165,1,0,0,1,0,1,0,0,0,0,0,0,0,0,0,0,0,0,0,0,0,1,0,0,0,0,0.628751076579429,True,1130,0.0003460249816985,hinge,0
solar-flare_40687,1,0.7934272300469484,0.0077919960021972,0.0002069473266601,1,0,0,1,0,0,0,0,0,1,0,0,0,0,0,0,0,0,0,1,0,0,0,0,0,0,1.0712042895354452,True,911,0.0005973608192565,squared_hinge,0
solar-flare_40687,1,0.7934272300469484,0.0074751377105712,0.0002133846282958,1,0,1,0,0,0,0,0,0,1,0,0,0,0,0,0,0,0,0,1,0,0,0,0,0,0,8.301589592927279,True,694,0.0020120981843677,hinge,0
solar-flare_40687,4,0.7934272300469484,0.0074427127838134,0.0002086162567138,1,0,1,0,0,0,1,0,0,0,0,0,0,0,0,0,0,0,0,0,0,1,0,0,0,0,0.1255427552161834,True,209,0.0022497395542311,hinge,0
solar-flare_40687,4,0.7934272300469484,0.0076062679290771,0.0002071857452392,1,0,0,0,1,0,1,0,0,0,0,0,0,0,0,0,0,0,0,0,0,1,0,0,0,0,0.4337928786886236,False,1581,0.0096419175127638,hinge,0
solar-flare_40687,1,0.7934272300469484,0.007714033126831,0.0002381801605224,0,1,0,1,0,0,0,0,0,1,0,0,0,0,0,0,0,0,0,1,0,0,0,0,0,0,0.2558280613225104,False,1798,0.0002599512179258,squared_hinge,0
arsenic-female-lung_950,2,1.0,0.0013387203216552,0.0001237392425537,1,0,0,1,0,0,0,0,0,0,0,0,0,0,1,0,0,0,0,0,0,0,1,0,0,0,0.8018241014337864,False,688,0.0014467477692656,squared_hinge,0
arsenic-female-lung_950,2,1.0,0.0013844966888427,0.0001275539398193,0,1,0,1,0,0,0,0,0,0,0,0,0,1,0,0,0,0,0,0,1,0,0,0,0,0,0.1728692109061092,True,1074,0.0001720545753045,hinge,0
arsenic-female-lung_950,2,1.0,0.0030720233917236,0.0001516342163085,1,0,1,0,0,0,0,0,0,0,0,0,0,0,0,0,1,0,0,0,0,0,0,0,0,1,0.8335495996978948,True,860,0.0001782698088859,hinge,0
arsenic-female-lung_950,2,1.0,0.0036637783050537,0.0001571178436279,0,1,1,0,0,0,0,0,0,0,0,0,1,0,0,0,0,0,0,0,0,0,0,1,0,0,0.382262978605574,False,1301,0.0007204990208911,hinge,0
arsenic-female-lung_950,2,1.0,0.0014646053314208,0.0001361370086669,0,1,1,0,0,1,0,0,0,0,0,0,0,0,0,0,0,0,0,0,0,0,1,0,0,0,8.63151391274132,True,913,0.0013018959783632,hinge,0
arsenic-female-lung_950,2,1.0,0.0013437271118164,0.0001218318939208,0,1,1,0,0,0,0,0,0,0,1,0,0,0,0,0,0,0,0,0,0,0,1,0,0,0,0.2088118098292001,True,908,0.0002598664636543,hinge,0
arsenic-female-lung_950,2,1.0,0.001223087310791,0.0001206398010253,1,0,1,0,0,0,0,0,0,0,1,0,0,0,0,0,0,0,0,0,1,0,0,0,0,0,0.8492407668715463,True,602,0.0001292155659314,hinge,0
arsenic-female-lung_950,2,1.0,0.0016345977783203,0.0001485347747802,1,0,1,0,0,0,0,0,0,1,0,0,0,0,0,0,0,0,0,0,1,0,0,0,0,0,2.3523069751548635,True,772,0.0004809238757286,hinge,0
arsenic-female-lung_950,2,1.0,0.0035412311553955,0.0001769065856933,1,0,0,1,0,0,0,0,0,0,0,0,1,0,0,0,0,0,0,0,0,0,0,1,0,0,1.6071874762181313,True,1264,0.0002744563059089,squared_hinge,0
arsenic-female-lung_950,2,1.0,0.0018258094787597,0.0001463890075683,1,0,1,0,0,0,0,0,0,0,0,1,0,0,0,0,0,0,0,0,0,0,0,0,0,1,0.4596340932649346,True,1179,0.0001504509864473,hinge,0
arsenic-female-lung_950,2,1.0,0.0013442039489746,0.0001213550567626,1,0,1,0,0,0,0,0,0,0,0,0,0,1,0,0,0,0,0,0,0,0,0,0,0,1,0.3415180353694671,False,960,0.0044732670929028,hinge,0
arsenic-female-lung_950,2,1.0,0.0013432502746582,0.0001208782196044,1,0,1,0,0,0,1,0,0,0,0,0,0,0,0,0,0,0,0,0,0,0,0,0,0,1,0.6614903619345591,True,1411,0.0014778646925653,hinge,0
arsenic-female-lung_950,2,1.0,0.0012340545654296,0.0001223087310791,1,0,1,0,0,0,0,0,0,0,1,0,0,0,0,0,0,0,0,0,0,0,0,0,0,1,0.1380272557498007,False,620,0.0027841863131206,hinge,0
arsenic-female-lung_950,2,1.0,0.0019874572753906,0.000152587890625,1,0,1,0,0,0,0,0,0,1,0,0,0,0,0,0,0,0,0,0,0,0,0,0,0,1,0.4819141369422538,False,657,0.0033359979817534,squared_hinge,0
arsenic-female-lung_950,2,1.0,0.003021240234375,0.0002088546752929,0,1,1,0,0,0,0,0,0,0,0,0,1,0,0,0,0,0,0,0,0,0,1,0,0,0,1.566796918787448,True,949,0.0001999434038745,squared_hinge,0
arsenic-female-lung_950,2,1.0,0.0012600421905517,0.0001194477081298,0,1,1,0,0,0,0,0,1,0,0,0,0,0,0,0,0,0,0,0,0,0,1,0,0,0,9.491491196894843,False,1298,0.0003455406830518,hinge,0
arsenic-female-lung_950,2,1.0,0.0035436153411865,0.0001721382141113,1,0,1,0,0,0,0,0,0,0,0,0,1,0,0,0,0,0,0,0,0,0,0,0,0,1,1.837914264198232,False,1489,0.0001291273082392,hinge,0
arsenic-female-lung_950,2,1.0,0.0027680397033691,0.0001444816589355,0,1,1,0,0,0,0,0,0,0,0,0,0,0,0,0,1,0,0,0,0,0,1,0,0,0,7.822744981753753,True,283,0.0059864495769332,squared_hinge,0
arsenic-female-lung_950,2,1.0,0.0033004283905029,0.0001919269561767,0,1,1,0,0,0,0,0,0,0,0,0,0,0,0,1,0,0,0,0,0,0,1,0,0,0,0.1025100540522492,False,804,0.0038124205359499,hinge,0
arsenic-female-lung_950,2,1.0,0.0012769699096679,0.0001194477081298,0,1,1,0,0,0,0,0,0,0,0,0,0,0,1,0,0,0,0,0,0,0,1,0,0,0,3.517961898036194,False,1381,0.000357445332068,hinge,0
chscase_census3_908,2,0.6375,0.0013015270233154,0.0001242160797119,1,0,0,1,0,0,0,0,0,0,0,0,0,0,0,0,0,0,1,1,0,0,0,0,0,0,0.8470734452164079,False,596,0.0004172377865437,hinge,0
chscase_census3_908,2,0.6375,0.0012979507446289,0.0001177787780761,1,0,0,0,1,0,0,0,0,0,0,0,0,0,1,0,0,0,0,1,0,0,0,0,0,0,1.723759451899144,True,346,0.0014800062190464,hinge,0
chscase_census3_908,2,0.6375,0.001375675201416,0.0001256465911865,1,0,0,1,0,0,0,0,0,0,0,0,0,0,1,0,0,0,0,1,0,0,0,0,0,0,0.5207784241886443,False,914,0.0015593830339413,hinge,0
chscase_census3_908,2,0.6375,0.001382827758789,0.0001242160797119,0,1,0,1,0,0,0,0,0,0,0,0,0,0,1,0,0,0,0,1,0,0,0,0,0,0,0.3873313615032606,True,1351,0.0055075647185495,hinge,0
chscase_census3_908,2,0.6375,0.0012228488922119,0.0001258850097656,1,0,0,0,1,0,0,0,0,0,0,0,0,0,0,0,0,0,1,1,0,0,0,0,0,0,0.5045295678712004,True,1060,0.0001145850220484,squared_hinge,0
chscase_census3_908,2,0.6375,0.001371145248413,0.0001239776611328,0,1,0,1,0,0,0,0,0,0,0,0,0,0,0,0,0,0,1,1,0,0,0,0,0,0,1.573999910022898,True,1372,0.0070439306378261,hinge,0
chscase_census3_908,2,0.6375,0.0012612342834472,0.0001180171966552,1,0,1,0,0,0,0,0,0,0,0,0,0,0,1,0,0,0,0,1,0,0,0,0,0,0,1.7186992313392582,True,1504,0.005460157854198,hinge,0
chscase_census3_908,2,0.6375,0.0012507438659667,0.0001196861267089,1,0,1,0,0,0,0,0,0,0,0,0,0,0,0,0,0,0,1,1,0,0,0,0,0,0,1.2711270343742285,True,1364,0.001033126558441,squared_hinge,0
chscase_census3_908,2,0.6375,0.0012073516845703,0.0001225471496582,0,1,0,0,1,0,0,0,0,0,0,0,0,0,0,0,0,0,1,1,0,0,0,0,0,0,0.6516192417225626,False,1434,0.0001703526112661,squared_hinge,0
chscase_census3_908,2,0.6375,0.0013124942779541,0.0001361370086669,0,1,0,0,1,0,0,0,0,0,0,0,0,0,1,0,0,0,0,1,0,0,0,0,0,0,3.681727057636717,True,526,0.0017413070864782,hinge,0
chscase_census3_908,2,0.6375,0.0013160705566406,0.0001215934753417,0,1,1,0,0,0,0,0,0,0,0,0,0,0,1,0,0,0,0,1,0,0,0,0,0,0,3.923264205845428,True,838,0.0017405053501595,squared_hinge,0
chscase_census3_908,2,0.6375,0.0013473033905029,0.0001299381256103,0,1,1,0,0,0,0,0,0,0,0,0,0,0,0,0,0,0,1,1,0,0,0,0,0,0,2.7749650316837124,True,715,0.0001508662100231,hinge,0
chscase_census3_908,2,0.625,0.0022311210632324,0.0008561611175537,1,0,0,1,0,0,0,0,0,0,0,1,0,0,0,0,0,0,0,0,1,0,0,0,0,0,0.22133244789514,True,885,0.007329016200691,hinge,0
chscase_census3_908,2,0.625,0.0012898445129394,0.0001187324523925,0,1,0,0,1,0,0,0,0,0,0,0,0,0,1,0,0,0,0,0,1,0,0,0,0,0,0.5463214236425388,True,1297,0.0018002627396414,hinge,0
chscase_census3_908,2,0.625,0.0011968612670898,0.0001254081726074,1,0,1,0,0,0,0,1,0,0,0,0,0,0,0,0,0,0,0,0,1,0,0,0,0,0,6.615291956116201,True,1250,0.0012165173974863,hinge,0
chscase_census3_908,2,0.625,0.0013196468353271,0.0001239776611328,1,0,1,0,0,0,0,0,0,0,1,0,0,0,0,0,0,0,0,0,1,0,0,0,0,0,0.8580027812412979,True,931,0.0014341240265855,hinge,0
chscase_census3_908,2,0.625,0.0011618137359619,0.0001139640808105,1,0,0,1,0,0,0,0,1,0,0,0,0,0,0,0,0,0,0,0,1,0,0,0,0,0,1.1074805400230063,True,1373,0.0011399434551378,squared_hinge,0
chscase_census3_908,2,0.625,0.0013561248779296,0.0001533031463623,1,0,0,1,0,1,0,0,0,0,0,0,0,0,0,0,0,0,0,0,1,0,0,0,0,0,4.379698872694723,False,599,0.0001526210192685,hinge,0
chscase_census3_908,2,0.625,0.001143455505371,0.0001170635223388,1,0,0,0,1,0,0,0,0,0,0,0,0,0,0,0,0,0,1,0,0,1,0,0,0,0,7.531463374928816,True,1688,0.0034254400608909,squared_hinge,0
chscase_census3_908,2,0.625,0.0012094974517822,0.0001180171966552,0,1,0,1,0,0,0,1,0,0,0,0,0,0,0,0,0,0,0,0,0,1,0,0,0,0,7.457497210427176,True,1230,0.0001020744595612,hinge,0
PopularKids_1100,3,0.6421052631578947,0.0141608715057373,0.000307559967041,1,0,0,0,1,0,0,0,0,0,0,0,1,0,0,0,0,0,0,0,1,0,0,0,0,0,0.3237515604584582,False,1472,0.0044549620944959,squared_hinge,0
PopularKids_1100,3,0.6421052631578947,0.0250134468078613,0.0002748966217041,0,1,0,0,1,0,0,0,0,0,0,0,1,0,0,0,0,0,0,0,1,0,0,0,0,0,0.1398610250524662,True,876,0.0001948476405574,squared_hinge,0
PopularKids_1100,3,0.6210526315789474,0.0099470615386962,0.0002224445343017,1,0,0,1,0,0,0,0,0,0,0,0,0,0,1,0,0,0,0,0,0,1,0,0,0,0,1.0925015527793849,True,761,0.0004146301278456,hinge,0
PopularKids_1100,3,0.6210526315789474,0.0097472667694091,0.0001754760742187,0,1,0,1,0,0,0,0,0,0,0,0,0,0,1,0,0,0,0,0,0,1,0,0,0,0,2.48002009283724,True,1439,0.0005443127998251,hinge,0
PopularKids_1100,3,0.6105263157894737,0.0103492736816406,0.0001986026763916,0,1,0,1,0,0,0,0,0,0,0,0,1,0,0,0,0,0,0,1,0,0,0,0,0,0,3.438502127197692,False,1046,0.0007578201131642,hinge,0
PopularKids_1100,3,0.6105263157894737,0.0030553340911865,0.0001473426818847,0,1,0,1,0,0,0,0,0,0,0,1,0,0,0,0,0,0,0,0,1,0,0,0,0,0,2.1464210285466585,True,836,0.000859685529536,squared_hinge,0
PopularKids_1100,3,0.6105263157894737,0.0043725967407226,0.0001490116119384,1,0,0,0,1,0,0,0,0,0,0,0,0,0,1,0,0,0,0,0,0,1,0,0,0,0,0.1504693825960157,True,1028,0.0018566805403898,hinge,0
PopularKids_1100,3,0.6105263157894737,0.0026817321777343,0.0001256465911865,1,0,0,0,1,0,0,0,0,0,0,1,0,0,0,0,0,0,0,0,0,1,0,0,0,0,0.466423825226954,True,904,0.0008072069486301,hinge,0
PopularKids_1100,3,0.6105263157894737,0.0038201808929443,0.0009870529174804,0,1,0,0,1,0,0,0,0,0,0,1,0,0,0,0,0,0,0,0,1,0,0,0,0,0,0.1027817483211288,True,1094,0.0032162959763738,squared_hinge,0
PopularKids_1100,3,0.6105263157894737,0.00307297706604,0.0001299381256103,1,0,0,1,0,0,0,0,0,0,0,1,0,0,0,0,0,0,0,0,1,0,0,0,0,0,3.859467673083653,False,1385,0.0001678636885774,hinge,0
PopularKids_1100,3,0.6105263157894737,0.0028183460235595,0.0001294612884521,0,1,0,0,1,0,0,0,0,0,0,1,0,0,0,0,0,0,0,0,0,1,0,0,0,0,0.148219480137196,True,1013,0.0004226014869645,squared_hinge,0
PopularKids_1100,3,0.6105263157894737,0.0093488693237304,0.000195026397705,1,0,0,1,0,0,0,0,0,0,0,0,1,0,0,0,0,0,0,1,0,0,0,0,0,0,1.592789101611885,False,372,0.0003108412616966,hinge,0
PopularKids_1100,3,0.6105263157894737,0.0041291713714599,0.000133991241455,0,1,0,0,1,0,0,0,0,0,0,0,0,0,1,0,0,0,0,0,0,1,0,0,0,0,0.4866656656116083,True,755,0.0004224882653127,hinge,0
PopularKids_1100,3,0.6105263157894737,0.0038256645202636,0.0008952617645263,1,0,0,0,1,0,0,0,0,0,0,1,0,0,0,0,0,0,0,0,1,0,0,0,0,0,0.8375068370888781,False,911,0.0002514362905641,hinge,0
PopularKids_1100,2,0.6041666666666666,0.0039048194885253,0.0001659393310546,1,0,0,1,0,0,0,0,0,1,0,0,0,0,0,0,0,0,0,0,0,1,0,0,0,0,0.3844508063133315,False,959,0.0055151685553416,hinge,0
PopularKids_1100,2,0.6041666666666666,0.003955602645874,0.0001492500305175,0,1,0,1,0,0,0,0,0,1,0,0,0,0,0,0,0,0,0,0,0,1,0,0,0,0,3.0055912755112804,True,400,0.0009610254941849,hinge,0
PopularKids_1100,3,0.6,0.0051295757293701,0.0001544952392578,1,0,0,0,1,0,0,0,0,0,0,0,0,0,0,0,1,0,0,0,0,1,0,0,0,0,0.4596935186991542,False,861,0.0017665051568823,squared_hinge,0
PopularKids_1100,4,0.6,0.0094141960144042,0.0002069473266601,1,0,0,0,1,0,0,0,0,0,0,0,1,0,0,0,0,0,0,0,0,0,0,0,0,1,2.699077085359499,True,974,0.0032130502621876,hinge,0
PopularKids_1100,3,0.6,0.0051116943359375,0.0001497268676757,0,1,0,0,1,0,0,0,0,0,0,0,0,0,0,0,1,0,0,0,0,1,0,0,0,0,0.5848595095390651,False,783,0.0004082240376745,hinge,0
PopularKids_1100,4,0.6,0.0096516609191894,0.0002858638763427,0,1,0,0,1,0,0,0,0,0,0,0,1,0,0,0,0,0,0,0,0,0,0,0,0,1,0.6558775456455594,False,989,0.0055810701621362,squared_hinge,0
fri_c0_500_50_888,4,0.89,0.0018427371978759,0.0001916885375976,1,0,0,1,0,1,0,0,0,0,0,0,0,0,0,0,0,0,0,0,0,0,0,0,1,0,1.2321243505554818,False,1386,0.0007918217032038,squared_hinge,0
fri_c0_500_50_888,4,0.89,0.0013720989227294,0.000126838684082,1,0,0,0,1,1,0,0,0,0,0,0,0,0,0,0,0,0,0,0,0,0,0,0,1,0,0.7416683051158458,True,835,0.0018897305520065,hinge,0
fri_c0_500_50_888,4,0.89,0.0013413429260253,0.0001213550567626,0,1,1,0,0,1,0,0,0,0,0,0,0,0,0,0,0,0,0,0,0,0,0,0,1,0,1.5209021291513565,True,476,0.0001130533719873,hinge,0
fri_c0_500_50_888,4,0.89,0.0013806819915771,0.0001215934753417,1,0,1,0,0,1,0,0,0,0,0,0,0,0,0,0,0,0,0,0,0,0,0,0,1,0,6.850143830586981,True,1642,0.0006986074316979,hinge,0
fri_c0_500_50_888,4,0.89,0.0014233589172363,0.0001223087310791,0,1,0,0,1,1,0,0,0,0,0,0,0,0,0,0,0,0,0,0,0,0,0,0,1,0,0.5291863628297663,True,818,0.0003863274560011,squared_hinge,0
fri_c0_500_50_888,4,0.89,0.001209020614624,0.0001182556152343,0,1,0,1,0,1,0,0,0,0,0,0,0,0,0,0,0,0,0,0,0,0,0,0,1,0,2.6309329305714484,True,923,0.0001175273029904,hinge,0
fri_c0_500_50_888,4,0.88,0.0012810230255126,0.0001180171966552,0,1,1,0,0,0,0,0,0,0,1,0,0,0,0,0,0,0,0,0,0,0,1,0,0,0,5.583759819860749,True,1010,0.0005031909916463,hinge,0
fri_c0_500_50_888,2,0.88,0.0012040138244628,0.0001168251037597,0,1,0,0,1,0,0,0,0,0,0,0,0,0,0,0,0,1,0,0,0,0,0,1,0,0,0.145902274574369,True,589,0.0047518919920203,squared_hinge,0
fri_c0_500_50_888,4,0.88,0.0630192756652832,0.0003106594085693,1,0,0,1,0,0,0,0,0,0,0,0,0,0,1,0,0,0,0,1,0,0,0,0,0,0,1.3064175809003378,True,1072,0.0060936610647937,hinge,0
fri_c0_500_50_888,4,0.88,0.0266625881195068,0.0003447532653808,1,0,0,0,1,0,0,0,0,0,0,0,0,0,1,0,0,0,0,0,0,1,0,0,0,0,0.1727109809515364,True,853,0.0013812473710102,squared_hinge,0
fri_c0_500_50_888,3,0.88,0.0246238708496093,0.0003309249877929,0,1,0,1,0,0,0,0,0,0,0,0,0,0,1,0,0,0,0,0,0,1,0,0,0,0,3.762116816336327,True,1071,0.0092601040033519,squared_hinge,0
fri_c0_500_50_888,4,0.88,0.0258345603942871,0.0003283023834228,0,1,1,0,0,0,0,0,0,0,0,0,0,0,1,0,0,0,0,0,0,1,0,0,0,0,0.551989465361693,False,1166,0.0070305328442539,hinge,0
fri_c0_500_50_888,4,0.88,0.0012917518615722,0.000117540359497,1,0,1,0,0,0,0,0,0,0,1,0,0,0,0,0,0,0,0,0,0,0,1,0,0,0,1.0548536939931237,False,1356,0.0021854216921043,squared_hinge,0
fri_c0_500_50_888,4,0.88,0.0612192153930664,0.0003120899200439,1,0,0,0,1,0,0,0,0,0,0,0,0,0,1,0,0,0,0,1,0,0,0,0,0,0,1.1612798934715185,False,1526,0.0002522366980058,squared_hinge,0
fri_c0_500_50_888,3,0.88,0.025641918182373,0.0002861022949218,0,1,0,0,1,0,0,0,0,0,0,0,0,0,1,0,0,0,0,0,0,1,0,0,0,0,1.468494737733489,True,936,0.0001745693292686,squared_hinge,0
fri_c0_500_50_888,4,0.88,0.025773286819458,0.0002913475036621,0,1,0,0,1,0,0,0,0,0,0,0,0,0,1,0,0,0,0,0,0,1,0,0,0,0,9.102761852251716,True,831,0.0020901580345546,hinge,0
fri_c0_500_50_888,3,0.88,0.0265088081359863,0.0003409385681152,1,0,1,0,0,0,0,0,0,0,0,0,0,0,1,0,0,0,0,0,0,1,0,0,0,0,1.0556337327834855,True,632,0.0006524753906213,hinge,0
fri_c0_500_50_888,4,0.88,0.0011932849884033,0.0001108646392822,1,0,0,0,1,0,0,0,0,0,1,0,0,0,0,0,0,0,0,0,0,0,1,0,0,0,3.163135297514858,True,1168,0.0001252493961365,hinge,0
fri_c0_500_50_888,2,0.88,0.0012533664703369,0.000129222869873,1,0,0,0,1,0,0,0,0,0,0,0,0,0,0,0,0,1,0,0,0,0,0,1,0,0,8.979389045538161,True,1003,0.0063589050102231,hinge,0
fri_c0_500_50_888,4,0.88,0.0013408660888671,0.0001165866851806,0,1,0,0,1,0,0,0,0,0,1,0,0,0,0,0,0,0,0,0,0,0,1,0,0,0,3.366719349806515,False,949,0.0001265224951196,hinge,0
fri_c2_500_50_920,4,0.87,0.0011870861053466,0.0001049041748046,0,1,1,0,0,0,0,0,1,0,0,0,0,0,0,0,0,0,0,0,0,0,0,0,1,0,4.652523913620702,True,630,0.0038257706406105,hinge,0
fri_c2_500_50_920,4,0.87,0.001204490661621,0.0001146793365478,0,1,0,0,1,0,0,0,1,0,0,0,0,0,0,0,0,0,0,0,0,0,0,0,1,0,0.1227284581163664,False,798,0.0012210664714283,squared_hinge,0
fri_c2_500_50_920,4,0.87,0.0012102127075195,0.0001070499420166,1,0,0,1,0,0,0,0,1,0,0,0,0,0,0,0,0,0,0,0,0,0,0,0,1,0,0.2384602579929733,False,1182,0.0007092034645612,hinge,0
fri_c2_500_50_920,4,0.87,0.0011177062988281,0.0001051425933837,1,0,1,0,0,0,0,0,1,0,0,0,0,0,0,0,0,0,0,0,0,0,0,0,1,0,2.278705015851073,False,1277,0.0022816054786728,hinge,0
fri_c2_500_50_920,4,0.87,0.0011267662048339,0.0001041889190673,0,1,0,1,0,0,0,0,1,0,0,0,0,0,0,0,0,0,0,0,0,0,0,0,1,0,6.3625086757387095,True,1073,0.0009273911230294,squared_hinge,0
fri_c2_500_50_920,4,0.87,0.0011219978332519,0.0001075267791748,1,0,0,0,1,0,0,0,1,0,0,0,0,0,0,0,0,0,0,0,0,0,0,0,1,0,0.1337869178721639,False,1023,0.0015242142782449,hinge,0
fri_c2_500_50_920,4,0.86,0.0011408329010009,0.0001049041748046,0,1,0,0,1,0,0,0,1,0,0,0,0,0,0,0,0,0,0,0,0,0,0,0,0,1,4.159186138392728,True,1383,0.0014409102570803,hinge,0
fri_c2_500_50_920,4,0.86,0.0011417865753173,0.0001070499420166,0,1,1,0,0,0,0,0,1,0,0,0,0,0,0,0,0,0,0,0,0,0,1,0,0,0,0.2358928834887128,True,1257,0.00159400738927,squared_hinge,0
fri_c2_500_50_920,4,0.86,0.0011143684387207,0.0001046657562255,0,1,1,0,0,0,0,0,1,0,0,0,0,0,0,0,0,0,0,0,0,0,0,0,0,1,0.7778338477759004,False,1256,0.0096024847534303,hinge,0
fri_c2_500_50_920,4,0.86,0.0011849403381347,0.0001077651977539,1,0,0,0,1,0,0,0,1,0,0,0,0,0,0,0,0,0,0,0,0,0,0,0,0,1,4.873694065510237,True,765,0.0003856417481932,hinge,0
fri_c2_500_50_920,4,0.86,0.0012941360473632,0.0001113414764404,1,0,0,1,0,0,0,0,1,0,0,0,0,0,0,0,0,0,0,0,0,0,1,0,0,0,0.2203153983300935,False,1663,0.0004120276262926,hinge,0
fri_c2_500_50_920,4,0.86,0.0011286735534667,0.0001041889190673,1,0,1,0,0,0,0,0,1,0,0,0,0,0,0,0,0,0,0,0,0,0,1,0,0,0,2.04465025184461,False,1465,0.0005298631282981,hinge,0
fri_c2_500_50_920,4,0.86,0.00111985206604,0.0001051425933837,0,1,0,1,0,0,0,0,1,0,0,0,0,0,0,0,0,0,0,0,0,0,1,0,0,0,4.559424963614051,True,1127,0.0063793375334574,hinge,0
fri_c2_500_50_920,4,0.86,0.0012118816375732,0.0001077651977539,0,1,0,0,1,0,0,0,1,0,0,0,0,0,0,0,0,0,0,0,0,0,1,0,0,0,1.792766379817788,True,805,0.0012795499696035,hinge,0
fri_c2_500_50_920,4,0.86,0.0011432170867919,0.0001051425933837,1,0,0,1,0,0,0,0,1,0,0,0,0,0,0,0,0,0,0,0,0,0,0,0,0,1,0.1137360154528623,True,726,0.0071836716630147,hinge,0
fri_c2_500_50_920,4,0.86,0.0011963844299316,0.0001091957092285,1,0,1,0,0,0,0,0,1,0,0,0,0,0,0,0,0,0,0,0,0,0,0,0,0,1,2.043256664997553,True,1130,0.00327382626108,hinge,0
fri_c2_500_50_920,4,0.86,0.0011646747589111,0.0001094341278076,1,0,0,0,1,0,0,0,1,0,0,0,0,0,0,0,0,0,0,0,0,0,1,0,0,0,0.2320924983188322,True,1080,0.0003180589366944,squared_hinge,0
fri_c2_500_50_920,4,0.86,0.0011065006256103,0.000112771987915,0,1,0,1,0,0,0,0,1,0,0,0,0,0,0,0,0,0,0,0,0,0,0,0,0,1,0.2289755228840972,False,929,0.0013850170722568,squared_hinge,0
fri_c2_500_50_920,4,0.84,0.0011298656463623,0.0001053810119628,0,1,1,0,0,0,0,0,1,0,0,0,0,0,0,0,0,0,0,0,1,0,0,0,0,0,0.6064824500407981,True,685,0.0001450835442084,hinge,0
fri_c2_500_50_920,4,0.84,0.0011546611785888,0.000108003616333,0,1,0,1,0,0,0,0,1,0,0,0,0,0,0,0,0,0,0,0,1,0,0,0,0,0,3.5107235006117947,False,1108,0.0013105031662742,squared_hinge,0
blood-transfusion-service-center_1464,3,0.8523489932885906,0.00144624710083,0.0001215934753417,0,1,0,0,1,0,0,0,0,0,0,0,0,1,0,0,0,0,0,0,0,0,0,0,1,0,0.1566247285544959,False,951,0.0002408562563494,hinge,0
blood-transfusion-service-center_1464,3,0.8523489932885906,0.0014190673828125,0.0001232624053955,1,0,0,0,1,0,0,0,0,0,0,0,0,1,0,0,0,0,0,0,0,0,0,0,1,0,0.9402361128457182,False,554,0.0006646693397924,hinge,0
blood-transfusion-service-center_1464,3,0.8523489932885906,0.0017354488372802,0.0001394748687744,1,0,0,0,1,0,0,0,0,1,0,0,0,0,0,0,0,0,0,0,0,0,0,0,1,0,6.002933860187274,False,1003,0.0014214402387304,hinge,0
blood-transfusion-service-center_1464,3,0.8523489932885906,0.001368761062622,0.0001237392425537,1,0,1,0,0,0,0,0,0,0,0,0,0,1,0,0,0,0,0,0,0,0,0,0,1,0,0.9222043562502608,False,1281,0.0002425183398342,hinge,0
blood-transfusion-service-center_1464,3,0.8523489932885906,0.0018279552459716,0.0001506805419921,0,1,0,0,1,0,0,0,0,1,0,0,0,0,0,0,0,0,0,0,0,0,0,0,1,0,0.4197892116747343,True,1106,0.0031964478297801,hinge,0
blood-transfusion-service-center_1464,3,0.8523489932885906,0.0014700889587402,0.0001294612884521,0,1,1,0,0,0,0,0,0,0,0,0,0,1,0,0,0,0,0,0,0,0,0,0,1,0,0.3604698234665406,False,903,0.0009089859009229,hinge,0
blood-transfusion-service-center_1464,3,0.8523489932885906,0.00187349319458,0.0001425743103027,1,0,0,1,0,0,0,0,0,1,0,0,0,0,0,0,0,0,0,0,0,0,0,0,1,0,9.46992398864225,False,1512,0.0055881198401103,hinge,0
blood-transfusion-service-center_1464,3,0.8523489932885906,0.0015151500701904,0.0001258850097656,0,1,0,1,0,0,0,0,0,0,0,0,0,1,0,0,0,0,0,0,0,0,0,0,1,0,0.1642965908875123,False,783,0.0004168219438096,hinge,0
blood-transfusion-service-center_1464,3,0.8523489932885906,0.0016994476318359,0.0001661777496337,0,1,1,0,0,0,0,0,0,1,0,0,0,0,0,0,0,0,0,0,0,0,0,0,1,0,0.6660100112979063,True,1112,0.0034043003338904,hinge,0
blood-transfusion-service-center_1464,3,0.8523489932885906,0.0015265941619873,0.0001249313354492,1,0,0,1,0,0,0,0,0,0,0,0,0,1,0,0,0,0,0,0,0,0,0,0,1,0,3.156049778629561,False,845,0.0001118325811674,hinge,0
blood-transfusion-service-center_1464,3,0.8523489932885906,0.0070240497589111,0.0002121925354003,0,1,0,1,0,0,0,0,0,1,0,0,0,0,0,0,0,0,0,0,0,0,0,0,1,0,0.4113219943908439,False,1024,0.0012733951366319,hinge,0
blood-transfusion-service-center_1464,3,0.8523489932885906,0.0017359256744384,0.0001387596130371,1,0,1,0,0,0,0,0,0,1,0,0,0,0,0,0,0,0,0,0,0,0,0,0,1,0,4.882764740985598,True,873,0.0049224681684647,hinge,0
blood-transfusion-service-center_1464,3,0.8456375838926175,0.0016694068908691,0.0001208782196044,0,1,1,0,0,0,0,0,0,0,0,0,0,0,1,0,0,0,0,1,0,0,0,0,0,0,1.7040051164523444,True,1382,0.00459140417932,squared_hinge,0
blood-transfusion-service-center_1464,3,0.8456375838926175,0.0012521743774414,0.0001146793365478,0,1,1,0,0,0,0,0,0,0,0,0,0,1,0,0,0,0,0,1,0,0,0,0,0,0,0.8351851442542152,True,1094,0.0013545265788969,hinge,0
blood-transfusion-service-center_1464,3,0.8456375838926175,0.0013341903686523,0.0001287460327148,0,1,1,0,0,0,0,0,0,0,0,1,0,0,0,0,0,0,0,1,0,0,0,0,0,0,7.081134242914041,True,1074,0.0017457557863946,hinge,0
blood-transfusion-service-center_1464,3,0.8456375838926175,0.0025124549865722,0.0001399517059326,0,1,1,0,0,0,0,0,0,0,0,0,0,0,0,0,1,0,0,0,0,0,0,1,0,0,0.5616165734373353,True,887,0.0034134425711763,squared_hinge,0
blood-transfusion-service-center_1464,3,0.8456375838926175,0.0018689632415771,0.0001542568206787,0,1,0,0,1,0,0,0,0,0,0,0,0,0,1,0,0,0,0,1,0,0,0,0,0,0,8.539330468921612,True,954,0.0012171744712467,hinge,0
blood-transfusion-service-center_1464,3,0.8456375838926175,0.0025713443756103,0.0001931190490722,1,0,1,0,0,0,0,0,0,1,0,0,0,0,0,0,0,0,0,1,0,0,0,0,0,0,0.1394775184174716,True,1214,0.0040080075501733,hinge,0
blood-transfusion-service-center_1464,3,0.8456375838926175,0.0013301372528076,0.0001318454742431,0,1,0,0,1,0,0,0,0,0,0,1,0,0,0,0,0,0,0,1,0,0,0,0,0,0,0.1198579343227828,False,1219,0.0015979561313837,hinge,0
blood-transfusion-service-center_1464,3,0.8456375838926175,0.0016183853149414,0.0001420974731445,1,0,0,1,0,0,0,0,0,1,0,0,0,0,0,0,0,0,0,1,0,0,0,0,0,0,0.1457598745637347,True,1075,0.000200525291981,hinge,0
abalone_183,2,0.259880239520958,0.1614656448364257,0.0005373954772949,1,0,0,1,0,0,0,0,0,0,0,0,1,0,0,0,0,0,0,0,0,0,0,0,0,1,0.1479261668166519,True,1219,0.003420463838034,hinge,0
abalone_183,2,0.259880239520958,0.1548144817352295,0.000521183013916,0,1,0,1,0,0,0,0,0,0,0,0,1,0,0,0,0,0,0,0,0,0,0,0,0,1,0.2911864511680966,True,1415,0.000519914651973,hinge,0
abalone_183,1,0.2571770334928229,0.3902921676635742,0.0011639595031738,1,0,0,1,0,0,0,0,0,0,0,0,0,0,0,1,0,0,0,0,0,0,1,0,0,0,0.6528173260776247,False,1172,0.0058653599943217,hinge,0
abalone_183,1,0.2571770334928229,0.4452269077301025,0.0013444423675537,0,1,0,1,0,0,0,0,0,0,0,0,0,0,0,1,0,0,0,0,0,0,1,0,0,0,4.195276926704303,False,446,0.0005890331444091,squared_hinge,0
abalone_183,2,0.2550898203592814,0.2177181243896484,0.0007145404815673,0,1,0,1,0,0,0,0,0,0,0,0,1,0,0,0,0,0,0,0,0,0,1,0,0,0,0.6041916637764189,True,1070,0.0003062901634211,hinge,0
abalone_183,2,0.2550898203592814,0.2064402103424072,0.0006494522094726,1,0,0,1,0,0,0,0,0,0,0,0,1,0,0,0,0,0,0,0,0,0,1,0,0,0,0.1791335477512355,True,1600,0.0004035372923753,hinge,0
abalone_183,1,0.2547846889952153,0.0266194343566894,0.0002639293670654,0,1,0,1,0,0,0,0,0,0,1,0,0,0,0,0,0,0,0,0,0,1,0,0,0,0,0.1153447133188706,False,1292,0.0002316711746368,hinge,0
abalone_183,1,0.2547846889952153,0.046426773071289,0.0003390312194824,1,0,0,1,0,0,0,0,0,0,1,0,0,0,0,0,0,0,0,0,0,1,0,0,0,0,1.30431973881186,True,1001,0.0007887022561101,hinge,0
abalone_183,1,0.2547846889952153,0.1630754470825195,0.000537633895874,1,0,0,1,0,0,0,0,0,0,0,0,0,0,0,0,1,0,0,0,0,0,0,1,0,0,0.2901137693244282,True,1223,0.0031359282170096,hinge,0
abalone_183,1,0.2547846889952153,0.1678342819213867,0.0005261898040771,0,1,0,1,0,0,0,0,0,0,0,0,0,0,0,0,1,0,0,0,0,0,0,1,0,0,0.5271874826970206,True,912,0.0020909945347794,squared_hinge,0
abalone_183,2,0.2455089820359281,0.0728800296783447,0.0004553794860839,0,1,0,0,1,0,0,0,0,0,0,0,0,0,1,0,0,0,0,0,0,0,0,1,0,0,0.3047239089190556,True,1167,0.0055336558282071,squared_hinge,0
abalone_183,2,0.2455089820359281,0.0704054832458496,0.0004270076751708,1,0,0,0,1,0,0,0,0,0,0,0,0,0,1,0,0,0,0,0,0,0,0,1,0,0,0.6471136989152896,False,1224,0.0001099209623017,hinge,0
abalone_183,2,0.2431137724550898,0.0253493785858154,0.0002479553222656,0,1,0,1,0,0,0,0,0,0,0,0,0,0,0,0,0,0,1,1,0,0,0,0,0,0,8.834034863710643,False,1448,0.003308637890806,hinge,0
abalone_183,4,0.2431137724550898,0.1856937408447265,0.0006322860717773,1,0,0,1,0,0,0,0,0,0,0,0,1,0,0,0,0,0,0,1,0,0,0,0,0,0,8.835221696297738,True,519,0.001648206067947,hinge,0
abalone_183,4,0.2431137724550898,0.168473482131958,0.0005192756652832,0,1,0,1,0,0,0,0,0,0,0,0,1,0,0,0,0,0,0,1,0,0,0,0,0,0,2.6672092514298966,False,656,0.008501193310483,hinge,0
abalone_183,4,0.2431137724550898,0.0321748256683349,0.0002338886260986,0,1,0,0,1,0,0,0,0,0,1,0,0,0,0,0,0,0,0,0,0,0,0,0,1,0,0.2971384362381681,False,881,0.0045940212971926,hinge,0
abalone_183,2,0.2431137724550898,0.0248193740844726,0.0002391338348388,1,0,0,1,0,0,0,0,0,0,0,0,0,0,0,0,0,0,1,1,0,0,0,0,0,0,5.103512052427617,True,1217,0.0003642143878632,hinge,0
abalone_183,4,0.2431137724550898,0.0314412117004394,0.0002863407135009,1,0,0,0,1,0,0,0,0,0,1,0,0,0,0,0,0,0,0,0,0,0,0,0,1,0,0.1050374188135132,True,1301,0.0053498603411165,hinge,0
abalone_183,0,0.2416267942583732,0.1620943546295166,0.0005366802215576,0,1,0,0,1,0,0,0,0,0,0,0,1,0,0,0,0,0,0,0,0,0,0,1,0,0,1.069996050520324,True,1031,0.005634187384953,squared_hinge,0
abalone_183,0,0.2416267942583732,0.1693942546844482,0.0005609989166259,1,0,0,0,1,0,0,0,0,0,0,0,1,0,0,0,0,0,0,0,0,0,0,1,0,0,5.674173937339325,True,424,0.0044603313858799,squared_hinge,0
fri_c1_1000_50_837,2,0.78,0.0022687911987304,0.0001947879791259,1,0,0,0,1,0,0,1,0,0,0,0,0,0,0,0,0,0,0,0,1,0,0,0,0,0,0.6875861976860602,True,1381,0.0011254123540978,squared_hinge,0
fri_c1_1000_50_837,2,0.78,0.0014934539794921,0.0001189708709716,0,1,1,0,0,0,0,1,0,0,0,0,0,0,0,0,0,0,0,0,1,0,0,0,0,0,0.3092625288219984,False,1120,0.0049988652797149,hinge,0
fri_c1_1000_50_837,2,0.78,0.0017046928405761,0.0001490116119384,0,1,0,1,0,0,0,1,0,0,0,0,0,0,0,0,0,0,0,0,1,0,0,0,0,0,1.787387752132238,False,1133,0.0004271545396913,squared_hinge,0
fri_c1_1000_50_837,2,0.78,0.0013706684112548,0.0001084804534912,0,1,0,0,1,0,0,1,0,0,0,0,0,0,0,0,0,0,0,0,1,0,0,0,0,0,4.331601436385098,False,297,0.0004982638825979,squared_hinge,0
fri_c1_1000_50_837,2,0.78,0.0014989376068115,0.0001161098480224,1,0,1,0,0,0,0,1,0,0,0,0,0,0,0,0,0,0,0,0,1,0,0,0,0,0,2.18076427891196,True,1438,0.0019782981689803,hinge,0
fri_c1_1000_50_837,2,0.78,0.0014955997467041,0.0001204013824462,1,0,0,1,0,0,0,1,0,0,0,0,0,0,0,0,0,0,0,0,1,0,0,0,0,0,0.3201734606423432,False,947,0.0001134020996649,hinge,0
fri_c1_1000_50_837,2,0.775,0.0015757083892822,0.0001182556152343,0,1,0,1,0,0,0,1,0,0,0,0,0,0,0,0,0,0,0,0,0,0,0,0,1,0,0.1781943792816396,False,1365,0.0020051159246187,hinge,0
fri_c1_1000_50_837,2,0.775,0.0013635158538818,0.0001082420349121,0,1,1,0,0,0,0,1,0,0,0,0,0,0,0,0,0,0,0,0,0,0,0,0,1,0,0.3528885198971103,True,1240,0.0004374799531197,squared_hinge,0
fri_c1_1000_50_837,2,0.775,0.0013940334320068,0.0001118183135986,1,0,0,0,1,0,0,1,0,0,0,0,0,0,0,0,0,0,0,0,0,0,0,0,1,0,0.1935982587357334,True,809,0.00618929721676,hinge,0
fri_c1_1000_50_837,2,0.775,0.0015239715576171,0.0001437664031982,1,0,1,0,0,0,0,1,0,0,0,0,0,0,0,0,0,0,0,0,0,0,0,0,1,0,8.259075365565154,True,1123,0.0006701439769918,hinge,0
fri_c1_1000_50_837,2,0.775,0.0013415813446044,0.0001099109649658,1,0,0,1,0,0,0,1,0,0,0,0,0,0,0,0,0,0,0,0,0,0,0,0,1,0,0.5445720645674679,True,1331,0.0031417630731254,hinge,0
fri_c1_1000_50_837,2,0.775,0.0013446807861328,0.0001084804534912,0,1,0,0,1,0,0,1,0,0,0,0,0,0,0,0,0,0,0,0,0,0,0,0,1,0,8.611180051755404,True,482,0.0003509635539434,hinge,0
fri_c1_1000_50_837,1,0.735,0.0014054775238037,0.0001304149627685,1,0,0,1,0,0,0,1,0,0,0,0,0,0,0,0,0,0,0,0,0,0,0,0,1,0,1.4215889211025952,True,1296,0.0004555173573238,squared_hinge,0
fri_c1_1000_50_837,1,0.735,0.0014398097991943,0.0001153945922851,1,0,1,0,0,0,0,1,0,0,0,0,0,0,0,0,0,0,0,0,0,0,0,0,1,0,2.404131066386299,False,608,0.0002349487122669,squared_hinge,0
fri_c1_1000_50_837,1,0.735,0.0013046264648437,0.0001072883605957,0,1,1,0,0,0,0,1,0,0,0,0,0,0,0,0,0,0,0,0,0,0,0,0,1,0,6.60060621218818,False,738,0.0003034952064278,hinge,0
fri_c1_1000_50_837,1,0.735,0.0013425350189208,0.0001096725463867,0,1,0,0,1,0,0,1,0,0,0,0,0,0,0,0,0,0,0,0,0,0,0,0,1,0,9.71070208485948,False,659,0.0001644484645873,hinge,0
fri_c1_1000_50_837,1,0.735,0.0015027523040771,0.000110387802124,0,1,0,1,0,0,0,1,0,0,0,0,0,0,0,0,0,0,0,0,0,0,0,0,1,0,7.908655316111893,True,1684,0.0017136679122663,squared_hinge,0
fri_c1_1000_50_837,1,0.735,0.0014631748199462,0.0001170635223388,1,0,0,0,1,0,0,1,0,0,0,0,0,0,0,0,0,0,0,0,0,0,0,0,1,0,0.785360584708012,True,1059,0.004791219331705,squared_hinge,0
fri_c1_1000_50_837,2,0.725,0.0016915798187255,0.0001125335693359,1,0,1,0,0,0,0,0,0,0,0,0,0,0,0,0,0,1,0,0,0,0,0,0,1,0,2.4293918607347265,False,415,0.0003696158775959,hinge,0
fri_c1_1000_50_837,2,0.725,0.003122329711914,0.0001282691955566,1,0,1,0,0,1,0,0,0,0,0,0,0,0,0,0,0,0,0,0,0,0,0,0,1,0,0.5981698523521776,True,785,0.0004017641293944,hinge,0
arsenic-female-bladder_949,0,0.9107142857142856,0.0022890567779541,0.0001528263092041,1,0,0,1,0,0,0,0,0,0,0,0,0,0,0,0,1,0,0,0,0,0,0,1,0,0,1.8219889390921613,False,792,0.0065781814928856,hinge,0
arsenic-female-bladder_949,0,0.9107142857142856,0.0042066574096679,0.0002496242523193,0,1,0,1,0,0,0,0,0,0,0,0,0,0,0,0,1,0,0,0,0,0,0,1,0,0,1.1077025630889252,False,1031,0.0001519412943721,squared_hinge,0
arsenic-female-bladder_949,0,0.9107142857142856,0.0022337436676025,0.0001447200775146,1,0,1,0,0,0,0,0,0,0,0,0,0,0,0,0,1,0,0,0,0,0,0,1,0,0,0.1089313579493978,True,778,0.0001525146442587,hinge,0
arsenic-female-bladder_949,0,0.9107142857142856,0.0023436546325683,0.0001447200775146,1,0,0,0,1,0,0,0,0,0,0,0,0,0,0,0,1,0,0,0,0,0,0,1,0,0,5.3930829423429225,True,559,0.0034774005388413,hinge,0
arsenic-female-bladder_949,0,0.9107142857142856,0.001225471496582,0.0001125335693359,0,1,0,0,1,0,0,0,0,0,0,0,0,0,1,0,0,0,0,0,0,0,1,0,0,0,0.5164756518708461,True,1417,0.0003172562116535,hinge,0
arsenic-female-bladder_949,0,0.9107142857142856,0.0012581348419189,0.0001800060272216,1,0,0,0,1,0,0,0,0,0,0,0,0,0,1,0,0,0,0,0,0,0,1,0,0,0,0.791205767635793,False,973,0.0011538164823009,hinge,0
arsenic-female-bladder_949,0,0.9107142857142856,0.001401662826538,0.0001389980316162,0,1,1,0,0,0,0,0,0,0,0,0,0,0,1,0,0,0,0,0,0,0,1,0,0,0,0.4892552406643702,True,947,0.0008235741752392,squared_hinge,0
arsenic-female-bladder_949,0,0.9107142857142856,0.0012004375457763,0.0001521110534667,1,0,0,1,0,0,0,0,0,0,0,0,0,0,1,0,0,0,0,0,0,0,1,0,0,0,0.9257350053420388,False,1490,0.0012887352875718,squared_hinge,0
arsenic-female-bladder_949,0,0.9107142857142856,0.0011553764343261,0.0001139640808105,0,1,0,1,0,0,0,0,0,0,0,0,0,0,1,0,0,0,0,0,0,0,1,0,0,0,0.983478766645318,False,1570,0.000148199807866,squared_hinge,0
arsenic-female-bladder_949,0,0.9107142857142856,0.0025646686553955,0.000166893005371,0,1,1,0,0,0,0,0,0,0,0,0,0,0,0,0,1,0,0,0,0,0,0,1,0,0,1.840143031444428,True,978,0.0005744852291252,squared_hinge,0
arsenic-female-bladder_949,0,0.9107142857142856,0.0011863708496093,0.0001130104064941,1,0,1,0,0,0,0,0,0,0,0,0,0,0,1,0,0,0,0,0,0,0,1,0,0,0,0.5642754208246563,False,667,0.0019081850912218,hinge,0
arsenic-female-bladder_949,0,0.9107142857142856,0.0025105476379394,0.0001819133758544,0,1,0,0,1,0,0,0,0,0,0,0,0,0,0,0,1,0,0,0,0,0,0,1,0,0,0.2858992530669029,False,1002,0.0002803026865876,hinge,0
arsenic-female-bladder_949,0,0.9017857142857144,0.0015249252319335,0.0001413822174072,0,1,0,0,1,0,0,0,0,0,0,0,0,0,1,0,0,0,0,0,0,0,0,1,0,0,0.6218979512861407,True,1692,0.0001997690005856,hinge,0
arsenic-female-bladder_949,2,0.9017857142857144,0.0015466213226318,0.0001301765441894,1,0,0,0,1,0,0,1,0,0,0,0,0,0,0,0,0,0,0,0,0,0,0,0,1,0,0.4396343425645944,True,739,0.000755089618662,hinge,0
arsenic-female-bladder_949,2,0.9017857142857144,0.0024521350860595,0.0001442432403564,1,0,0,1,0,0,0,0,0,0,0,0,1,0,0,0,0,0,0,1,0,0,0,0,0,0,1.3689707800032735,True,697,0.0077144403267169,hinge,0
arsenic-female-bladder_949,0,0.9017857142857144,0.0023517608642578,0.0001509189605712,0,1,0,0,1,0,0,0,0,0,0,0,1,0,0,0,0,0,0,0,0,0,0,1,0,0,2.8368339655841583,False,1070,0.0078871147118761,hinge,0
arsenic-female-bladder_949,2,0.9017857142857144,0.0012843608856201,0.0001156330108642,0,1,0,1,0,0,0,1,0,0,0,0,0,0,0,0,0,0,0,0,0,0,0,0,0,1,2.715585447347215,False,975,0.0050112174798188,squared_hinge,0
arsenic-female-bladder_949,2,0.9017857142857144,0.0012171268463134,0.0001122951507568,1,0,1,0,0,0,0,0,0,0,0,0,0,1,0,0,0,0,0,0,1,0,0,0,0,0,6.070631080502108,False,1087,0.0003275574385731,hinge,0
arsenic-female-bladder_949,2,0.9017857142857144,0.0013642311096191,0.0001192092895507,0,1,0,0,1,0,0,0,0,0,1,0,0,0,0,0,0,0,0,0,1,0,0,0,0,0,0.2575449374321268,True,1064,0.0024402202652678,hinge,0
arsenic-female-bladder_949,0,0.9017857142857144,0.0023503303527832,0.0001752376556396,1,0,0,1,0,0,0,0,0,0,0,0,1,0,0,0,0,0,0,0,0,0,0,1,0,0,1.0153382114277572,True,960,0.008394986723626,hinge,0
PizzaCutter3_1444,0,0.9043062200956936,0.0072212219238281,0.0001780986785888,1,0,0,1,0,0,0,0,0,0,0,0,1,0,0,0,0,0,0,0,0,0,0,0,1,0,1.7726577551190343,True,845,0.0022861998709437,hinge,0
PizzaCutter3_1444,0,0.9043062200956936,0.006845474243164,0.0002710819244384,0,1,0,1,0,0,0,0,0,0,0,0,1,0,0,0,0,0,0,0,0,0,0,0,1,0,1.0739195341887715,False,885,0.0016688364374897,squared_hinge,0
PizzaCutter3_1444,0,0.9043062200956936,0.0068995952606201,0.0001695156097412,1,0,1,0,0,0,0,0,0,0,0,0,1,0,0,0,0,0,0,0,0,0,0,0,1,0,1.9114396424152733,True,674,0.000171602517395,hinge,0
PizzaCutter3_1444,0,0.9043062200956936,0.0070352554321289,0.0001685619354248,0,1,1,0,0,0,0,0,0,0,0,0,1,0,0,0,0,0,0,0,0,0,0,0,1,0,5.182920448374683,True,930,0.003136288735515,hinge,0
PizzaCutter3_1444,0,0.9043062200956936,0.0069837570190429,0.000169038772583,0,1,0,0,1,0,0,0,0,0,0,0,1,0,0,0,0,0,0,0,0,0,0,0,1,0,0.152738524361472,True,962,0.0034290367045243,hinge,0
PizzaCutter3_1444,0,0.9043062200956936,0.0069894790649414,0.0001704692840576,1,0,0,0,1,0,0,0,0,0,0,0,1,0,0,0,0,0,0,0,0,0,0,0,1,0,0.556608196488027,True,902,0.0002199793543952,squared_hinge,0
PizzaCutter3_1444,0,0.8995215311004785,0.0015571117401123,0.0001206398010253,1,0,0,1,0,0,0,0,1,0,0,0,0,0,0,0,0,0,0,0,0,1,0,0,0,0,1.0250133703407496,False,1134,0.0006266955845563,squared_hinge,0
PizzaCutter3_1444,0,0.8995215311004785,0.0044858455657958,0.0001678466796875,1,0,0,1,0,0,0,0,0,0,0,0,1,0,0,0,0,0,0,0,0,1,0,0,0,0,1.1129386222239162,True,935,0.0013668489684179,squared_hinge,0
PizzaCutter3_1444,0,0.8995215311004785,0.003176212310791,0.0001583099365234,1,0,0,1,0,0,0,0,0,1,0,0,0,0,0,0,0,0,0,0,0,1,0,0,0,0,0.1058000800680288,True,1049,0.0003129644347874,squared_hinge,0
PizzaCutter3_1444,0,0.8995215311004785,0.0152158737182617,0.0003559589385986,1,0,0,1,0,0,0,0,0,0,0,0,0,0,1,0,0,0,0,0,0,1,0,0,0,0,1.4252986181119611,True,992,0.0092416211594539,squared_hinge,0
PizzaCutter3_1444,0,0.8995215311004785,0.0017783641815185,0.0001266002655029,0,1,0,0,1,1,0,0,0,0,0,0,0,0,0,0,0,0,0,0,0,1,0,0,0,0,2.4644840773449403,False,1026,0.00021541890588,hinge,0
PizzaCutter3_1444,0,0.8995215311004785,0.001699686050415,0.000126838684082,1,0,0,1,0,0,0,0,0,0,1,0,0,0,0,0,0,0,0,0,0,1,0,0,0,0,0.6015683168290786,True,684,0.0085092459029338,hinge,0
PizzaCutter3_1444,0,0.8995215311004785,0.0016844272613525,0.0001497268676757,1,0,1,0,0,1,0,0,0,0,0,0,0,0,0,0,0,0,0,0,0,0,0,0,0,1,6.708430856395967,False,711,0.0002140470256287,hinge,0
PizzaCutter3_1444,0,0.8995215311004785,0.0043909549713134,0.000206708908081,0,1,0,0,1,0,0,0,0,0,0,0,1,0,0,0,0,0,0,0,0,1,0,0,0,0,2.2952953812564894,False,1334,0.0009770176164786,hinge,0
PizzaCutter3_1444,0,0.8995215311004785,0.0023961067199707,0.000148057937622,1,0,0,1,0,0,0,0,0,0,0,0,0,0,0,0,0,1,0,0,0,1,0,0,0,0,1.82199644336554,True,1100,0.0094245586444664,hinge,0
PizzaCutter3_1444,0,0.8995215311004785,0.0015795230865478,0.0001392364501953,1,0,0,1,0,0,0,1,0,0,0,0,0,0,0,0,0,0,0,0,0,1,0,0,0,0,0.2572972591098482,False,690,0.0002455480624681,squared_hinge,0
PizzaCutter3_1444,0,0.8995215311004785,0.0015621185302734,0.0001215934753417,1,0,0,1,0,0,0,0,0,0,0,0,0,0,0,0,0,0,1,0,0,1,0,0,0,0,9.166679226791736,True,463,0.002986648717276,squared_hinge,0
PizzaCutter3_1444,0,0.8995215311004785,0.0028624534606933,0.0001566410064697,1,0,0,1,0,0,0,0,0,0,0,1,0,0,0,0,0,0,0,0,0,1,0,0,0,0,0.8514230853864778,True,1268,0.0010487410558951,squared_hinge,0
PizzaCutter3_1444,0,0.8995215311004785,0.0019230842590332,0.0001320838928222,1,0,1,0,0,0,0,0,0,0,0,0,0,0,0,0,0,0,1,1,0,0,0,0,0,0,0.1175474732023607,True,1198,0.0006983119385319,hinge,0
PizzaCutter3_1444,0,0.8995215311004785,0.0016815662384033,0.0001387596130371,1,0,0,1,0,0,0,0,0,0,0,0,0,0,0,0,0,0,1,1,0,0,0,0,0,0,0.1406550970816055,True,864,0.0006810835457061,hinge,0
robot-failures-lp5_1520,3,0.8181818181818182,0.0047168731689453,0.0001587867736816,1,0,0,0,1,0,0,0,0,0,0,0,0,0,0,1,0,0,0,0,0,0,0,1,0,0,0.4698373147088334,True,1026,0.0013032886121465,hinge,0
robot-failures-lp5_1520,3,0.8181818181818182,0.0049893856048583,0.0002169609069824,0,1,1,0,0,0,0,0,0,0,0,0,0,0,0,1,0,0,0,0,0,0,0,1,0,0,0.1209332658930521,False,1059,0.0034178740282042,hinge,0
robot-failures-lp5_1520,3,0.8181818181818182,0.0048630237579345,0.0001659393310546,1,0,0,1,0,0,0,0,0,0,0,0,0,0,0,1,0,0,0,0,0,0,0,1,0,0,0.2172897160323293,True,730,0.0004488472937813,squared_hinge,0
robot-failures-lp5_1520,3,0.8181818181818182,0.0048131942749023,0.0001654624938964,1,0,1,0,0,0,0,0,0,0,0,0,0,0,0,1,0,0,0,0,0,0,0,1,0,0,2.2683158244878907,True,1001,0.0098079984572782,squared_hinge,0
robot-failures-lp5_1520,3,0.8181818181818182,0.0047667026519775,0.0001630783081054,0,1,0,1,0,0,0,0,0,0,0,0,0,0,0,1,0,0,0,0,0,0,0,1,0,0,0.4843805805064656,True,971,0.006513043085272,hinge,0
robot-failures-lp5_1520,3,0.8181818181818182,0.0048515796661376,0.0001654624938964,0,1,0,0,1,0,0,0,0,0,0,0,0,0,0,1,0,0,0,0,0,0,0,1,0,0,0.6663983492343112,False,713,0.0009619874336066,hinge,0
robot-failures-lp5_1520,3,0.7878787878787878,0.0028324127197265,0.0001296997070312,1,0,0,1,0,0,0,0,0,0,0,0,0,0,0,0,0,1,0,0,0,1,0,0,0,0,8.044080020290176,False,1061,0.0011733852573934,hinge,0
robot-failures-lp5_1520,3,0.7878787878787878,0.0028719902038574,0.000129222869873,0,1,0,0,1,0,0,0,0,0,0,0,0,0,0,0,0,1,0,0,0,1,0,0,0,0,1.9553134613492316,True,1090,0.0028063766058792,hinge,0
robot-failures-lp5_1520,3,0.7878787878787878,0.002906322479248,0.0001289844512939,0,1,0,1,0,0,0,0,0,0,0,0,0,0,0,0,0,1,0,0,0,1,0,0,0,0,0.3833677402163331,True,674,0.0003883290767422,hinge,0
robot-failures-lp5_1520,3,0.7878787878787878,0.0029158592224121,0.0001318454742431,1,0,0,0,1,0,0,0,0,0,0,0,0,0,0,0,0,1,0,0,0,1,0,0,0,0,0.4803300499902111,True,1261,0.0009946530497126,hinge,0
robot-failures-lp5_1520,3,0.7878787878787878,0.00278902053833,0.0001347064971923,1,0,1,0,0,0,0,0,0,0,0,0,0,0,0,0,0,1,0,0,0,1,0,0,0,0,7.780836660579825,False,828,0.0004873352992259,hinge,0
robot-failures-lp5_1520,3,0.7878787878787878,0.0028989315032958,0.0001494884490966,0,1,1,0,0,0,0,0,0,0,0,0,0,0,0,0,0,1,0,0,0,1,0,0,0,0,0.7795486868624114,True,798,0.0007081582317085,hinge,0
robot-failures-lp5_1520,3,0.7575757575757576,0.0068745613098144,0.0001788139343261,0,1,1,0,0,0,0,0,0,0,0,0,0,0,0,0,1,0,0,0,0,1,0,0,0,0,0.7492995428781972,True,1223,0.0040190151653571,squared_hinge,0
robot-failures-lp5_1520,3,0.7575757575757576,0.0060555934906005,0.0001482963562011,1,0,0,0,1,0,0,0,0,0,0,0,0,0,0,0,1,0,0,0,0,1,0,0,0,0,0.3545550604622845,True,1211,0.0010314443872894,hinge,0
robot-failures-lp5_1520,1,0.7575757575757576,0.0057570934295654,0.0001592636108398,1,0,0,1,0,0,0,0,0,0,0,0,0,0,0,1,0,0,0,0,0,1,0,0,0,0,0.4380467387809559,False,750,0.0046707555952416,squared_hinge,0
robot-failures-lp5_1520,1,0.7575757575757576,0.0058150291442871,0.0001604557037353,1,0,0,0,1,0,0,0,0,0,0,0,0,0,0,1,0,0,0,0,0,1,0,0,0,0,3.285854929138542,True,1131,0.0002427786453977,hinge,0
robot-failures-lp5_1520,3,0.7575757575757576,0.0060009956359863,0.0001277923583984,0,1,0,1,0,0,0,0,0,0,0,0,0,0,0,0,1,0,0,0,0,1,0,0,0,0,4.223192039766155,True,1128,0.0021226382032269,hinge,0
robot-failures-lp5_1520,1,0.7575757575757576,0.0058770179748535,0.0001590251922607,0,1,0,1,0,0,0,0,0,0,0,0,0,0,0,1,0,0,0,0,0,1,0,0,0,0,0.3070228133608617,False,880,0.0052933494574301,squared_hinge,0
robot-failures-lp5_1520,3,0.7575757575757576,0.0075645446777343,0.0002052783966064,1,0,1,0,0,0,0,0,0,0,0,0,0,0,0,0,1,0,0,0,0,1,0,0,0,0,7.543707985329604,True,1174,0.00023632416562,squared_hinge,0
robot-failures-lp5_1520,1,0.7575757575757576,0.0058450698852539,0.0001609325408935,1,0,1,0,0,0,0,0,0,0,0,0,0,0,0,1,0,0,0,0,0,1,0,0,0,0,0.4323313819425918,True,431,0.0009102179626391,hinge,0
satimage_182,0,0.9051321928460342,0.1905281543731689,0.0007274150848388,1,0,0,0,1,0,0,0,0,0,0,0,0,0,0,1,0,0,0,0,0,0,0,0,1,0,2.630931155621352,True,815,0.0064724704259535,squared_hinge,0
satimage_182,0,0.9051321928460342,0.1833279132843017,0.000779390335083,1,0,1,0,0,0,0,0,0,0,0,0,0,0,0,1,0,0,0,0,0,0,0,0,1,0,1.7274343220371464,True,1259,0.0080025982887662,hinge,0
satimage_182,0,0.9051321928460342,0.1931147575378418,0.0007171630859375,0,1,1,0,0,0,0,0,0,0,0,0,0,0,0,1,0,0,0,0,0,0,0,0,1,0,0.1146495530986965,True,857,0.0033800341228595,hinge,0
satimage_182,0,0.9051321928460342,0.1923432350158691,0.000767707824707,1,0,0,1,0,0,0,0,0,0,0,0,0,0,0,1,0,0,0,1,0,0,0,0,0,0,5.280451535950784,True,680,0.0020720146660069,hinge,0
satimage_182,0,0.9051321928460342,0.2237918376922607,0.0007760524749755,0,1,1,0,0,0,0,0,0,0,0,0,0,0,0,1,0,0,0,0,1,0,0,0,0,0,1.8301447827958504,True,197,0.0002224634414095,hinge,0
satimage_182,0,0.9051321928460342,0.1946940422058105,0.0007905960083007,0,1,0,1,0,0,0,0,0,0,0,0,0,0,0,1,0,0,0,0,0,0,0,0,0,1,1.44117765709228,True,1307,0.0089654426955,squared_hinge,0
satimage_182,0,0.9051321928460342,0.1993083953857422,0.0007448196411132,0,1,0,0,1,0,0,0,0,0,0,0,0,0,0,1,0,0,0,1,0,0,0,0,0,0,1.271601164043567,True,792,0.0001075020705773,squared_hinge,0
satimage_182,0,0.9051321928460342,0.1858994960784912,0.0007407665252685,1,0,1,0,0,0,0,0,0,0,0,0,0,0,0,1,0,0,0,1,0,0,0,0,0,0,2.139088910091816,True,538,0.0012007940946738,squared_hinge,0
satimage_182,0,0.9051321928460342,2.176461935043335,0.0007565021514892,0,1,0,0,1,0,0,0,0,0,0,0,0,0,0,1,0,0,0,0,0,0,0,0,1,0,0.1461983347455908,True,1110,0.0002360186239606,hinge,0
satimage_182,0,0.9051321928460342,0.1866285800933838,0.000746726989746,0,1,0,1,0,0,0,0,0,0,0,0,0,0,0,1,0,0,0,0,0,0,0,0,1,0,3.2733922493702807,True,1479,0.0077947524398638,hinge,0
satimage_182,0,0.9051321928460342,0.1915063858032226,0.0007531642913818,1,0,0,1,0,0,0,0,0,0,0,0,0,0,0,1,0,0,0,0,1,0,0,0,0,0,0.408153391397383,True,1023,0.0021016308602252,hinge,0
satimage_182,0,0.9051321928460342,0.1976728439331054,0.0007421970367431,0,1,1,0,0,0,0,0,0,0,0,0,0,0,0,1,0,0,0,0,0,0,0,0,0,1,0.6970115119658963,True,408,0.0057092050892164,hinge,0
satimage_182,0,0.9051321928460342,0.2079088687896728,0.0007703304290771,0,1,1,0,0,0,0,0,0,0,0,0,0,0,0,1,0,0,0,1,0,0,0,0,0,0,0.1209496526132307,True,768,0.0007338959782764,squared_hinge,0
satimage_182,0,0.9051321928460342,0.177966833114624,0.0007073879241943,1,0,0,1,0,0,0,0,0,0,0,0,0,0,0,1,0,0,0,0,0,0,0,0,0,1,0.1884896537007527,False,1298,0.0029920534437947,hinge,0
satimage_182,0,0.9051321928460342,0.1909034252166748,0.0007390975952148,1,0,0,0,1,0,0,0,0,0,0,0,0,0,0,1,0,0,0,1,0,0,0,0,0,0,4.110724261229922,False,1064,0.0025624647857168,squared_hinge,0
satimage_182,0,0.9051321928460342,0.1878089904785156,0.000741958618164,0,1,0,1,0,0,0,0,0,0,0,0,0,0,0,1,0,0,0,0,1,0,0,0,0,0,0.5410365132701064,False,602,0.0052923884857844,hinge,0
satimage_182,0,0.9051321928460342,0.192335844039917,0.0007476806640625,1,0,0,0,1,0,0,0,0,0,0,0,0,0,0,1,0,0,0,0,1,0,0,0,0,0,2.848968306796901,False,1763,0.0001223391826741,hinge,0
satimage_182,0,0.9051321928460342,0.1820967197418213,0.0007133483886718,1,0,0,0,1,0,0,0,0,0,0,0,0,0,0,1,0,0,0,0,0,0,0,0,0,1,0.5576008466955837,False,828,0.0011893504808472,hinge,0
satimage_182,0,0.9051321928460342,0.2179498672485351,0.0007557868957519,0,1,0,0,1,0,0,0,0,0,0,0,0,0,0,1,0,0,0,0,1,0,0,0,0,0,5.4522871725628255,True,929,0.0032281107817895,hinge,0
satimage_182,0,0.9051321928460342,0.1946392059326172,0.000791311264038,0,1,0,0,1,0,0,0,0,0,0,0,0,0,0,1,0,0,0,0,0,0,0,0,0,1,0.9564313097408702,True,902,0.0092674561359327,squared_hinge,0
fri_c4_500_50_805,0,0.76,0.001190185546875,0.0001122951507568,1,0,0,0,1,1,0,0,0,0,0,0,0,0,0,0,0,0,0,0,0,0,1,0,0,0,0.4406290349716297,False,1264,0.0025941906950931,hinge,0
fri_c4_500_50_805,0,0.76,0.0012168884277343,0.0001165866851806,0,1,1,0,0,1,0,0,0,0,0,0,0,0,0,0,0,0,0,0,0,0,1,0,0,0,3.7879952424753687,False,931,0.0015697611182361,hinge,0
fri_c4_500_50_805,0,0.76,0.0011754035949707,0.0001137256622314,0,1,0,0,1,1,0,0,0,0,0,0,0,0,0,0,0,0,0,0,0,0,1,0,0,0,1.3729641505843964,False,440,0.0010702947388046,hinge,0
fri_c4_500_50_805,0,0.76,0.0012211799621582,0.0001106262207031,1,0,1,0,0,1,0,0,0,0,0,0,0,0,0,0,0,0,0,0,0,0,1,0,0,0,1.3417782875318485,True,442,0.0004309236972639,hinge,0
fri_c4_500_50_805,0,0.76,0.0012927055358886,0.0001375675201416,0,1,0,1,0,1,0,0,0,0,0,0,0,0,0,0,0,0,0,0,0,0,1,0,0,0,2.787008935486857,True,823,0.0001871123452799,squared_hinge,0
fri_c4_500_50_805,0,0.76,0.0012166500091552,0.0001130104064941,1,0,0,1,0,1,0,0,0,0,0,0,0,0,0,0,0,0,0,0,0,0,1,0,0,0,9.45916497123262,False,1061,0.0069980988714503,hinge,0
fri_c4_500_50_805,1,0.72,0.0033936500549316,0.0002274513244628,1,0,0,0,1,0,0,0,0,0,0,0,0,1,0,0,0,0,0,0,1,0,0,0,0,0,0.5531449998970716,True,845,0.0002341358394407,hinge,0
fri_c4_500_50_805,1,0.72,0.0023951530456542,0.0001294612884521,0,1,1,0,0,0,0,0,0,1,0,0,0,0,0,0,0,0,0,0,1,0,0,0,0,0,1.1659601703118203,True,1182,0.0027364748145148,squared_hinge,0
fri_c4_500_50_805,1,0.72,0.0020642280578613,0.0001225471496582,1,0,0,1,0,0,0,0,0,1,0,0,0,0,0,0,0,0,0,0,1,0,0,0,0,0,0.391128432977618,True,1432,0.0037895954291115,hinge,0
fri_c4_500_50_805,1,0.72,0.0021946430206298,0.0001311302185058,1,0,0,1,0,0,0,0,0,0,0,0,0,1,0,0,0,0,0,0,1,0,0,0,0,0,0.5968403099047985,False,624,0.0052104524142482,hinge,0
fri_c4_500_50_805,1,0.72,0.0024971961975097,0.0001482963562011,0,1,0,1,0,0,0,0,0,0,0,0,0,1,0,0,0,0,0,0,1,0,0,0,0,0,0.1332580073314772,False,1061,0.0004349750600769,squared_hinge,0
fri_c4_500_50_805,1,0.72,0.002568244934082,0.0001478195190429,1,0,1,0,0,0,0,0,0,0,0,0,0,1,0,0,0,0,0,0,1,0,0,0,0,0,0.6271033156301132,True,849,0.0059080938422193,hinge,0
fri_c4_500_50_805,1,0.72,0.0023643970489501,0.0001351833343505,0,1,0,0,1,0,0,0,0,0,0,0,0,1,0,0,0,0,0,0,1,0,0,0,0,0,0.2455749082575521,True,769,0.0010305994320927,squared_hinge,0
fri_c4_500_50_805,1,0.72,0.0028347969055175,0.0001330375671386,0,1,1,0,0,0,0,0,0,0,0,0,0,1,0,0,0,0,0,0,1,0,0,0,0,0,1.6502072830940888,True,838,0.0002252799187089,hinge,0
fri_c4_500_50_805,1,0.72,0.002378225326538,0.0001416206359863,0,1,0,0,1,0,0,0,0,1,0,0,0,0,0,0,0,0,0,0,1,0,0,0,0,0,0.1218774412091486,False,1212,0.0001607165760703,squared_hinge,0
fri_c4_500_50_805,1,0.72,0.0023207664489746,0.0001375675201416,1,0,0,0,1,0,0,0,0,1,0,0,0,0,0,0,0,0,0,0,1,0,0,0,0,0,0.1810038864500063,True,1025,0.0001527478395959,hinge,0
fri_c4_500_50_805,1,0.72,0.0025928020477294,0.0001499652862548,1,0,1,0,0,0,0,0,0,1,0,0,0,0,0,0,0,0,0,0,1,0,0,0,0,0,1.1875060254018757,True,844,0.0020062842241101,squared_hinge,0
fri_c4_500_50_805,1,0.72,0.0023307800292968,0.0001337528228759,0,1,0,1,0,0,0,0,0,1,0,0,0,0,0,0,0,0,0,0,1,0,0,0,0,0,0.6591099619970219,False,1573,0.0027874272263807,hinge,0
fri_c4_500_50_805,0,0.71,0.0011811256408691,0.0001089572906494,1,0,1,0,0,0,0,0,1,0,0,0,0,0,0,0,0,0,0,1,0,0,0,0,0,0,0.6569742894427317,False,892,0.0008327694185673,hinge,0
fri_c4_500_50_805,0,0.71,0.0011382102966308,0.0001068115234375,1,0,0,0,1,0,0,0,1,0,0,0,0,0,0,0,0,0,0,0,0,0,0,0,0,1,1.210325800337264,True,1104,0.0002282971745494,hinge,0
SPECT_336,4,0.9056603773584906,0.0020802021026611,0.0001423358917236,0,1,0,0,1,0,0,0,0,0,0,0,1,0,0,0,0,0,0,0,0,0,1,0,0,0,0.2901772786387631,False,971,0.0079057899419233,squared_hinge,0
SPECT_336,4,0.9056603773584906,0.0020933151245117,0.0001463890075683,0,1,1,0,0,0,0,0,0,0,0,0,1,0,0,0,0,0,0,0,0,0,0,0,0,1,0.1941982395952909,False,539,0.0006814541522045,hinge,0
SPECT_336,4,0.9056603773584906,0.0020139217376708,0.0001463890075683,0,1,0,1,0,0,0,0,0,0,0,0,1,0,0,0,0,0,0,0,0,0,1,0,0,0,0.1487776791187892,False,909,0.0001425143917597,hinge,0
SPECT_336,4,0.9056603773584906,0.002138614654541,0.000145673751831,1,0,0,1,0,0,0,0,0,0,0,0,1,0,0,0,0,0,0,0,0,0,1,0,0,0,5.743728130739306,True,826,0.0003054926148179,squared_hinge,0
SPECT_336,4,0.9056603773584906,0.0024359226226806,0.0001721382141113,0,1,1,0,0,0,0,0,0,0,0,0,1,0,0,0,0,0,0,0,0,0,1,0,0,0,3.540524849493135,False,869,0.0016104488725066,hinge,0
SPECT_336,4,0.9056603773584906,0.0020697116851806,0.0001413822174072,1,0,0,0,1,0,0,0,0,0,0,0,1,0,0,0,0,0,0,0,0,0,0,0,0,1,0.553336252490123,True,1602,0.0008917391851941,hinge,0
SPECT_336,4,0.9056603773584906,0.0021395683288574,0.0001428127288818,0,1,0,1,0,0,0,0,0,0,0,0,1,0,0,0,0,0,0,0,0,0,0,0,0,1,0.3554362465950694,True,814,0.0010172229116914,hinge,0
SPECT_336,4,0.9056603773584906,0.0025138854980468,0.0001599788665771,1,0,1,0,0,0,0,0,0,0,0,0,1,0,0,0,0,0,0,0,0,0,0,0,0,1,1.092003456233896,False,1026,0.0003505553080119,hinge,0
SPECT_336,4,0.9056603773584906,0.0020499229431152,0.0001387596130371,0,1,0,0,1,0,0,0,0,0,0,0,1,0,0,0,0,0,0,0,0,0,0,0,0,1,0.147803302037243,True,1246,0.0001008118631952,squared_hinge,0
SPECT_336,4,0.9056603773584906,0.0021455287933349,0.0001764297485351,1,0,0,0,1,0,0,0,0,0,0,0,1,0,0,0,0,0,0,0,0,0,1,0,0,0,6.841155622148528,False,770,0.0001917513293292,squared_hinge,0
SPECT_336,4,0.9056603773584906,0.0020930767059326,0.0001435279846191,1,0,1,0,0,0,0,0,0,0,0,0,1,0,0,0,0,0,0,0,0,0,1,0,0,0,1.4212571993350929,True,698,0.0075548413122253,squared_hinge,0
SPECT_336,4,0.9056603773584906,0.0064311027526855,0.0002059936523437,1,0,0,1,0,0,0,0,0,0,0,0,1,0,0,0,0,0,0,0,0,0,0,0,0,1,7.282492536997693,True,1084,0.0015005762617994,hinge,0
SPECT_336,2,0.8867924528301887,0.0010530948638916,0.0001144409179687,0,1,0,0,1,0,0,0,0,0,0,0,0,0,0,0,0,0,1,0,0,0,0,1,0,0,7.78467665313832,True,1009,0.0002137956957018,hinge,0
SPECT_336,3,0.8867924528301887,0.0012750625610351,0.0001361370086669,0,1,0,0,1,0,0,0,0,0,1,0,0,0,0,0,0,0,0,0,0,0,0,0,0,1,1.2318667920941675,False,1151,0.0002368521377358,hinge,0
SPECT_336,2,0.8867924528301887,0.0011675357818603,0.0001165866851806,1,0,1,0,0,0,0,0,0,0,0,0,0,0,0,0,0,0,1,0,1,0,0,0,0,0,0.9891979969524716,False,504,0.0068028303319949,hinge,0
SPECT_336,2,0.8867924528301887,0.0013470649719238,0.0001184940338134,1,0,0,0,1,0,1,0,0,0,0,0,0,0,0,0,0,0,0,0,1,0,0,0,0,0,0.4033001174917497,False,1488,0.0002689802488131,hinge,0
SPECT_336,2,0.8867924528301887,0.0013015270233154,0.0001177787780761,0,1,1,0,0,0,1,0,0,0,0,0,0,0,0,0,0,0,0,0,0,0,0,1,0,0,4.339157590914041,False,1018,0.0001487586716007,hinge,0
SPECT_336,2,0.8867924528301887,0.0012013912200927,0.0001749992370605,0,1,0,1,0,0,0,0,0,0,0,0,0,0,0,0,0,0,1,0,1,0,0,0,0,0,7.825752505151517,True,1308,0.00759450136472,hinge,0
SPECT_336,2,0.8867924528301887,0.0010688304901123,0.000115156173706,1,0,1,0,0,0,0,0,0,0,0,0,0,0,0,0,0,0,1,0,0,0,0,1,0,0,0.2254522432991278,True,1727,0.0003066486171713,hinge,0
SPECT_336,2,0.8867924528301887,0.0014150142669677,0.0001318454742431,1,0,1,0,0,0,1,0,0,0,0,0,0,0,0,0,0,0,0,0,0,0,0,1,0,0,3.694214665664627,False,958,0.0054900250906118,hinge,0
LED-display-domain-7digit_40496,4,0.81,0.0223493576049804,0.0002455711364746,0,1,0,0,1,0,0,0,0,0,0,0,1,0,0,0,0,0,0,0,0,1,0,0,0,0,0.232094941935339,False,738,0.0036502217568934,hinge,0
LED-display-domain-7digit_40496,4,0.81,0.0190026760101318,0.0001888275146484,0,1,0,1,0,0,0,0,0,0,0,0,1,0,0,0,0,0,0,0,0,1,0,0,0,0,0.2277446637536802,True,887,0.0004557843478558,hinge,0
LED-display-domain-7digit_40496,4,0.81,0.0213658809661865,0.0002365112304687,1,0,1,0,0,0,0,0,0,0,0,0,1,0,0,0,0,0,0,0,0,1,0,0,0,0,0.3352283036026887,False,947,0.0090026671168727,squared_hinge,0
LED-display-domain-7digit_40496,4,0.81,0.0231776237487792,0.0002388954162597,1,0,0,1,0,0,0,0,0,0,0,0,1,0,0,0,0,0,0,0,0,1,0,0,0,0,2.4188759268059616,False,1051,0.0073898948128504,squared_hinge,0
LED-display-domain-7digit_40496,4,0.81,0.0226349830627441,0.0002543926239013,1,0,0,0,1,0,0,0,0,0,0,0,1,0,0,0,0,0,0,0,0,1,0,0,0,0,0.1381304861323137,False,1385,0.000408174123441,hinge,0
LED-display-domain-7digit_40496,4,0.81,0.021183967590332,0.0015609264373779,0,1,1,0,0,0,0,0,0,0,0,0,1,0,0,0,0,0,0,0,0,1,0,0,0,0,0.4361260264872649,False,1003,0.0002783748472953,hinge,0
LED-display-domain-7digit_40496,4,0.78,0.0050821304321289,0.0001237392425537,0,1,0,1,0,0,0,0,0,0,0,0,0,1,0,0,0,0,0,0,0,0,0,1,0,0,1.1215549887180665,False,1382,0.0001265719748706,hinge,0
LED-display-domain-7digit_40496,4,0.78,0.0131747722625732,0.0001990795135498,1,0,1,0,0,0,0,0,0,1,0,0,0,0,0,0,0,0,0,0,0,0,0,1,0,0,3.9209812426647503,True,1351,0.0069361992188881,squared_hinge,0
LED-display-domain-7digit_40496,4,0.78,0.0064015388488769,0.0001506805419921,1,0,1,0,0,0,0,0,0,0,0,0,0,1,0,0,0,0,0,0,0,0,0,1,0,0,0.4646120405279784,True,1045,0.0057919031539877,hinge,0
LED-display-domain-7digit_40496,4,0.78,0.0055723190307617,0.0001375675201416,0,1,0,0,1,0,0,0,0,0,0,0,0,1,0,0,0,0,0,0,1,0,0,0,0,0,0.991141615003259,True,532,0.002337430928607,hinge,0
LED-display-domain-7digit_40496,4,0.78,0.0070071220397949,0.0001764297485351,0,1,1,0,0,0,0,0,0,1,0,0,0,0,0,0,0,0,0,1,0,0,0,0,0,0,1.813372807089381,False,1268,0.0067806779254358,hinge,0
LED-display-domain-7digit_40496,4,0.78,0.0069527626037597,0.0001466274261474,0,1,0,0,1,0,0,0,0,1,0,0,0,0,0,0,0,0,0,0,0,0,0,1,0,0,0.3255963647746933,True,1209,0.0003772947960863,hinge,0
LED-display-domain-7digit_40496,4,0.78,0.0071475505828857,0.0001535415649414,1,0,0,0,1,0,0,0,0,1,0,0,0,0,0,0,0,0,0,1,0,0,0,0,0,0,7.2410929161506115,True,933,0.0001622553808824,hinge,0
LED-display-domain-7digit_40496,4,0.78,0.0090713500976562,0.0001678466796875,0,1,0,1,0,0,0,0,0,1,0,0,0,0,0,0,0,0,0,0,1,0,0,0,0,0,0.5291295684355795,True,690,0.0036403532924258,hinge,0
LED-display-domain-7digit_40496,4,0.78,0.0051355361938476,0.0001289844512939,1,0,0,0,1,0,0,0,0,0,0,0,0,1,0,0,0,0,0,0,1,0,0,0,0,0,3.1248942894182457,False,980,0.0089783699474886,hinge,0
LED-display-domain-7digit_40496,4,0.78,0.0053362846374511,0.0001418590545654,0,1,1,0,0,0,0,0,0,0,0,0,0,1,0,0,0,0,0,0,0,0,0,1,0,0,2.1594650813874736,True,1148,0.0003226669122381,squared_hinge,0
LED-display-domain-7digit_40496,4,0.78,0.0080313682556152,0.0001606941223144,0,1,0,1,0,0,0,0,0,1,0,0,0,0,0,0,0,0,0,0,0,0,0,1,0,0,1.920807987147024,False,636,0.0002775445082391,squared_hinge,0
LED-display-domain-7digit_40496,4,0.78,0.005185842514038,0.0001366138458251,1,0,0,0,1,0,0,0,0,0,0,0,0,1,0,0,0,0,0,0,0,0,0,0,1,0,0.655821099563748,True,641,0.007572269622991,hinge,0
LED-display-domain-7digit_40496,4,0.78,0.0051991939544677,0.0001490116119384,1,0,0,1,0,0,0,0,0,0,0,0,0,1,0,0,0,0,0,0,1,0,0,0,0,0,5.383962701467505,True,1933,0.0027489276726406,squared_hinge,0
LED-display-domain-7digit_40496,4,0.78,0.0053117275238037,0.0001595020294189,0,1,0,0,1,0,0,0,0,0,0,0,0,1,0,0,0,0,0,0,0,0,0,1,0,0,3.695352658202639,False,657,0.0003679737611775,hinge,0
Mammographic-Mass-Data-Set_45557,2,0.8385416666666666,0.0039589405059814,0.0001618862152099,0,1,1,0,0,0,0,0,0,1,0,0,0,0,0,0,0,0,0,0,0,0,0,1,0,0,1.3422246354287468,True,788,0.0013224403000329,hinge,0
Mammographic-Mass-Data-Set_45557,2,0.8385416666666666,0.0018308162689208,0.000166893005371,0,1,0,1,0,0,0,0,0,1,0,0,0,0,0,0,0,0,0,0,0,0,0,1,0,0,0.4228146640497692,False,1484,0.000901980811928,squared_hinge,0
Mammographic-Mass-Data-Set_45557,2,0.8385416666666666,0.0015041828155517,0.0001325607299804,0,1,1,0,0,0,0,0,0,0,0,0,0,0,1,0,0,0,0,0,0,0,0,1,0,0,1.312727429923269,False,709,0.0029378873364733,squared_hinge,0
Mammographic-Mass-Data-Set_45557,2,0.8385416666666666,0.0013411045074462,0.0001225471496582,0,1,0,0,1,0,0,0,0,0,0,0,0,0,1,0,0,0,0,0,0,0,0,1,0,0,0.1491147570777694,False,690,0.0007051251756766,squared_hinge,0
Mammographic-Mass-Data-Set_45557,2,0.8385416666666666,0.0016908645629882,0.000178575515747,0,1,0,1,0,0,0,0,0,0,0,0,0,0,1,0,0,0,0,0,0,0,0,1,0,0,1.2120927023717556,True,1281,0.0006502437223188,hinge,0
Mammographic-Mass-Data-Set_45557,2,0.8385416666666666,0.0017814636230468,0.0001499652862548,0,1,0,0,1,0,0,0,0,1,0,0,0,0,0,0,0,0,0,0,0,0,0,1,0,0,2.504963168168993,False,444,0.0050318504295722,hinge,0
Mammographic-Mass-Data-Set_45557,2,0.8229166666666666,0.0018465518951416,0.0001521110534667,0,1,0,0,1,0,0,0,0,1,0,0,0,0,0,0,0,0,0,0,0,0,0,0,1,0,6.956249370667396,True,845,0.0025957344284643,hinge,0
Mammographic-Mass-Data-Set_45557,2,0.8229166666666666,0.0012905597686767,0.0001204013824462,0,1,0,0,1,0,0,0,0,0,0,0,0,1,0,0,0,0,0,0,0,0,0,0,1,0,2.730354437397797,True,1199,0.0027470297385341,squared_hinge,0
Mammographic-Mass-Data-Set_45557,2,0.8229166666666666,0.0014340877532958,0.0001318454742431,0,1,0,0,1,0,0,0,0,0,0,1,0,0,0,0,0,0,0,0,0,0,0,0,1,0,0.2942377423884968,True,1454,0.0003497197759701,hinge,0
Mammographic-Mass-Data-Set_45557,2,0.8229166666666666,0.0012915134429931,0.0001249313354492,0,1,0,1,0,0,0,1,0,0,0,0,0,0,0,0,0,0,0,0,0,0,0,1,0,0,0.1268879507375719,True,1152,0.0008150806052707,squared_hinge,0
Mammographic-Mass-Data-Set_45557,2,0.8229166666666666,0.0053367614746093,0.0001716613769531,0,1,1,0,0,0,0,0,0,0,0,0,1,0,0,0,0,0,0,1,0,0,0,0,0,0,0.3723213644684484,True,1140,0.0015455226137207,hinge,0
Mammographic-Mass-Data-Set_45557,2,0.8229166666666666,0.0013933181762695,0.000131607055664,0,1,1,0,0,0,0,0,0,0,0,0,0,1,0,0,0,0,0,1,0,0,0,0,0,0,0.6221549517988239,True,1046,0.0003299601604962,squared_hinge,0
Mammographic-Mass-Data-Set_45557,2,0.8229166666666666,0.0013132095336914,0.0001657009124755,0,1,1,0,0,0,0,1,0,0,0,0,0,0,0,0,0,0,0,0,0,0,0,1,0,0,0.1067365296145957,True,1392,0.0096846347418268,squared_hinge,0
Mammographic-Mass-Data-Set_45557,2,0.8229166666666666,0.0053465366363525,0.0001654624938964,0,1,0,1,0,0,0,0,0,0,0,0,1,0,0,0,0,0,0,1,0,0,0,0,0,0,7.798990352129002,True,1391,0.0007888002320152,squared_hinge,0
Mammographic-Mass-Data-Set_45557,2,0.8229166666666666,0.0015201568603515,0.0001382827758789,0,1,0,1,0,0,0,0,0,0,0,1,0,0,0,0,0,0,0,0,0,0,0,0,1,0,1.4816044788567448,True,1132,0.0005473421629996,hinge,0
Mammographic-Mass-Data-Set_45557,2,0.8229166666666666,0.0040125846862792,0.0001547336578369,0,1,1,0,0,0,0,0,0,1,0,0,0,0,0,0,0,0,0,0,0,0,0,0,1,0,7.766110339100359,True,1053,0.0050438025116337,hinge,0
Mammographic-Mass-Data-Set_45557,2,0.8229166666666666,0.0014533996582031,0.0001349449157714,0,1,1,0,0,0,0,0,0,0,0,1,0,0,0,0,0,0,0,0,0,0,0,0,1,0,0.4953772754477427,False,709,0.0003127859082197,squared_hinge,0
Mammographic-Mass-Data-Set_45557,2,0.8229166666666666,0.0013048648834228,0.0001235008239746,0,1,0,0,1,0,0,1,0,0,0,0,0,0,0,0,0,0,0,0,0,0,0,1,0,0,2.724721909683616,True,765,0.0040245709789355,squared_hinge,0
Mammographic-Mass-Data-Set_45557,2,0.8229166666666666,0.0052394866943359,0.0002398490905761,0,1,0,0,1,0,0,0,0,0,0,0,1,0,0,0,0,0,0,1,0,0,0,0,0,0,1.9211949508837332,True,425,0.0076884012263171,squared_hinge,0
Mammographic-Mass-Data-Set_45557,2,0.8229166666666666,0.0013680458068847,0.0001215934753417,0,1,0,0,1,0,0,0,0,0,0,0,0,1,0,0,0,0,0,1,0,0,0,0,0,0,0.3082664162951407,True,940,0.002759508943482,squared_hinge,0
vote_56,1,1.0,0.0036211013793945,0.000117540359497,0,1,0,0,1,0,0,0,0,0,0,0,0,0,1,0,0,0,0,0,0,0,0,1,0,0,0.3525260347212547,True,663,0.0009895959245605,squared_hinge,0
vote_56,1,1.0,0.0027639865875244,0.0001394748687744,0,1,0,0,1,0,0,0,0,0,0,0,0,0,0,1,0,0,0,0,0,1,0,0,0,0,0.642541580280057,True,758,0.0001770072014968,hinge,0
vote_56,1,0.9885057471264368,0.0021262168884277,0.000131607055664,0,1,0,1,0,0,0,0,0,0,0,0,0,1,0,0,0,0,0,0,1,0,0,0,0,0,0.2447927845980413,False,1357,0.0025184149190642,squared_hinge,0
vote_56,1,0.9885057471264368,0.0018589496612548,0.0001327991485595,0,1,0,1,0,0,1,0,0,0,0,0,0,0,0,0,0,0,0,0,1,0,0,0,0,0,0.4562896774928324,True,1261,0.0046743337567809,hinge,0
vote_56,1,0.9885057471264368,0.0021648406982421,0.000152587890625,1,0,0,1,0,0,0,0,0,0,0,0,0,1,0,0,0,0,0,0,1,0,0,0,0,0,1.3876449495776495,True,810,0.0006751766044777,squared_hinge,0
vote_56,1,0.9885057471264368,0.0023646354675292,0.0001320838928222,1,0,0,1,0,0,0,0,0,0,0,0,0,0,0,1,0,0,0,0,1,0,0,0,0,0,0.3072988390106182,True,880,0.0033934873370317,hinge,0
vote_56,1,0.9885057471264368,0.0022211074829101,0.0001626014709472,1,0,0,1,0,0,1,0,0,0,0,0,0,0,0,0,0,0,0,0,0,0,0,0,0,1,0.3751358452159384,False,1667,0.0012027172982074,hinge,0
vote_56,1,0.9885057471264368,0.0025098323822021,0.0001389980316162,0,1,0,0,1,0,0,0,0,0,0,0,1,0,0,0,0,0,0,0,0,0,1,0,0,0,6.196421852468965,True,747,0.0035665243257715,hinge,0
vote_56,1,0.9885057471264368,0.0012423992156982,0.0001173019409179,0,1,0,0,1,0,0,0,0,0,0,0,0,1,0,0,0,0,0,0,0,0,1,0,0,0,0.8780320482462699,True,1210,0.0003438650279037,hinge,0
vote_56,1,0.9885057471264368,0.0012447834014892,0.0001108646392822,0,1,0,0,1,0,0,0,0,0,0,1,0,0,0,0,0,0,0,0,0,0,1,0,0,0,2.610613252947066,True,1464,0.0001025143664399,hinge,0
vote_56,1,0.9885057471264368,0.0024704933166503,0.0001492500305175,0,1,0,1,0,0,0,0,0,0,0,0,0,1,0,0,0,0,0,1,0,0,0,0,0,0,0.3458694204660805,False,1070,0.0098213283880246,hinge,0
vote_56,1,0.9885057471264368,0.0018811225891113,0.0001282691955566,0,1,0,1,0,0,0,0,0,1,0,0,0,0,0,0,0,0,0,0,0,0,0,0,0,1,1.5553993609384569,True,1123,0.0002163955882435,hinge,0
vote_56,1,0.9885057471264368,0.0022273063659667,0.0001475811004638,0,1,0,1,0,0,1,0,0,0,0,0,0,0,0,0,0,0,0,1,0,0,0,0,0,0,2.327279086715746,True,491,0.005725392104492,hinge,0
vote_56,1,0.9885057471264368,0.002514362335205,0.0001287460327148,0,1,0,1,0,0,0,0,0,0,0,0,0,0,0,1,0,0,0,0,0,0,0,0,0,1,0.4042964930521838,True,878,0.0001505010002394,squared_hinge,0
vote_56,1,0.9885057471264368,0.0215914249420166,0.0002756118774414,0,1,0,1,0,0,0,0,0,0,0,0,0,0,1,0,0,0,0,0,0,0,0,0,1,0,0.7502659169960261,True,1055,0.0020173748338171,hinge,0
vote_56,1,0.9885057471264368,0.0024750232696533,0.0001289844512939,0,1,0,1,0,0,0,0,0,0,0,0,0,0,0,1,0,0,0,0,0,0,0,0,1,0,4.8476084931794965,False,1433,0.0001294986488615,squared_hinge,0
vote_56,1,0.9885057471264368,0.0020515918731689,0.000133991241455,0,1,0,1,0,0,0,0,0,1,0,0,0,0,0,0,0,0,0,0,0,0,0,0,1,0,2.5566028123358957,True,835,0.0021938577777224,hinge,0
vote_56,1,0.9885057471264368,0.0025546550750732,0.0001249313354492,0,1,0,1,0,0,0,0,0,0,0,1,0,0,0,0,0,0,0,0,0,1,0,0,0,0,6.137884929556947,False,1044,0.000163148377396,hinge,0
vote_56,1,0.9885057471264368,0.0019209384918212,0.0001349449157714,0,1,0,1,0,0,1,0,0,0,0,0,0,0,0,0,0,0,0,0,0,1,0,0,0,0,0.2345114544213461,False,1375,0.0016185977995562,hinge,0
vote_56,1,0.9885057471264368,0.0223963260650634,0.0002729892730712,0,1,0,1,0,0,0,0,0,0,0,0,0,0,1,0,0,0,0,0,0,1,0,0,0,0,2.219487481296242,False,1324,0.0005288067253223,squared_hinge,0
chscase_census2_909,1,0.65,0.0011255741119384,0.0001101493835449,1,0,0,0,1,0,0,1,0,0,0,0,0,0,0,0,0,0,0,0,0,0,1,0,0,0,0.1073582036855607,False,1123,0.0011238539403962,hinge,0
chscase_census2_909,1,0.65,0.001183271408081,0.000110387802124,0,1,1,0,0,0,0,1,0,0,0,0,0,0,0,0,0,0,0,0,0,0,1,0,0,0,0.3033586610568096,True,818,0.000125892644267,hinge,0
chscase_census2_909,1,0.65,0.0012085437774658,0.0001144409179687,1,0,0,1,0,0,0,1,0,0,0,0,0,0,0,0,0,0,0,0,0,0,1,0,0,0,0.1309701318930385,True,1161,0.0005090739077392,squared_hinge,0
chscase_census2_909,1,0.65,0.0011448860168457,0.0001091957092285,1,0,1,0,0,0,0,1,0,0,0,0,0,0,0,0,0,0,0,0,0,0,1,0,0,0,3.263862914873432,True,1046,0.0036340963511063,hinge,0
chscase_census2_909,1,0.65,0.0011520385742187,0.0001115798950195,0,1,0,0,1,0,0,1,0,0,0,0,0,0,0,0,0,0,0,0,0,0,1,0,0,0,1.0245086140290576,True,638,0.0035546967284071,hinge,0
chscase_census2_909,1,0.65,0.001227855682373,0.0001187324523925,0,1,0,1,0,0,0,1,0,0,0,0,0,0,0,0,0,0,0,0,0,0,1,0,0,0,1.0193017286621229,True,938,0.0020988484737529,hinge,0
chscase_census2_909,0,0.6125,0.0048744678497314,0.0001754760742187,1,0,0,1,0,0,0,0,0,0,0,0,1,0,0,0,0,0,0,0,1,0,0,0,0,0,0.6496592158173806,False,1166,0.0079523862698755,hinge,0
chscase_census2_909,2,0.6125,0.0011179447174072,0.0001099109649658,0,1,0,1,0,0,0,0,0,0,1,0,0,0,0,0,0,0,0,0,0,0,0,1,0,0,0.130158554597996,False,1454,0.0021182911626467,hinge,0
chscase_census2_909,2,0.6125,0.0011279582977294,0.000110387802124,0,1,1,0,0,0,0,0,0,0,1,0,0,0,0,0,0,0,0,0,0,0,0,1,0,0,3.344017619098103,False,770,0.0004902732144907,hinge,0
chscase_census2_909,0,0.6125,0.0040509700775146,0.0001466274261474,1,0,0,0,1,0,0,0,0,0,0,0,1,0,0,0,0,0,0,0,1,0,0,0,0,0,2.715727948182564,True,1258,0.0022389977223219,hinge,0
chscase_census2_909,0,0.6125,0.0043303966522216,0.0001487731933593,1,0,1,0,0,0,0,0,0,0,0,0,1,0,0,0,0,0,0,0,1,0,0,0,0,0,2.703241808673454,True,822,0.0005155049104529,squared_hinge,0
chscase_census2_909,0,0.6125,0.0040249824523925,0.0001378059387207,0,1,1,0,0,0,0,0,0,0,0,0,1,0,0,0,0,0,0,0,1,0,0,0,0,0,9.737841564588289,True,983,0.0016187478711584,hinge,0
chscase_census2_909,2,0.6125,0.0012362003326416,0.0001280307769775,1,0,0,1,0,0,0,0,0,0,1,0,0,0,0,0,0,0,0,0,0,0,0,1,0,0,4.749723572807194,True,880,0.0021807921868462,hinge,0
chscase_census2_909,0,0.6125,0.0040888786315917,0.0001425743103027,0,1,0,1,0,0,0,0,0,0,0,0,1,0,0,0,0,0,0,0,1,0,0,0,0,0,0.3417836861364118,False,1581,0.0008148895971024,squared_hinge,0
chscase_census2_909,2,0.6125,0.0010566711425781,0.000108003616333,1,0,1,0,0,0,0,0,0,0,1,0,0,0,0,0,0,0,0,0,0,0,0,1,0,0,0.1955478927553758,False,1195,0.0092684249533678,hinge,0
chscase_census2_909,2,0.6125,0.0011391639709472,0.0001201629638671,0,1,0,0,1,0,0,0,0,0,1,0,0,0,0,0,0,0,0,0,0,0,0,1,0,0,0.7931617224156657,True,1241,0.0001575636515142,squared_hinge,0
chscase_census2_909,0,0.6125,0.0038373470306396,0.0001304149627685,0,1,0,0,1,0,0,0,0,0,0,0,1,0,0,0,0,0,0,0,1,0,0,0,0,0,4.631410183654356,False,789,0.0010320870115932,squared_hinge,0
chscase_census2_909,2,0.6125,0.0011110305786132,0.0001111030578613,1,0,0,0,1,0,0,0,0,0,1,0,0,0,0,0,0,0,0,0,0,0,0,1,0,0,0.2072932988690854,True,1159,0.0061909164907257,hinge,0
chscase_census2_909,4,0.6,0.0011274814605712,0.0001108646392822,1,0,1,0,0,0,0,0,0,0,1,0,0,0,0,0,0,0,0,0,0,0,0,1,0,0,3.5627141394542226,False,642,0.0007573008867898,hinge,0
chscase_census2_909,3,0.6,0.0015411376953125,0.0001337528228759,1,0,0,0,1,0,0,0,0,0,0,1,0,0,0,0,0,0,0,0,0,0,0,0,0,1,7.564276372014151,True,240,0.0016831057112428,hinge,0
autoPrice_756,1,1.0,0.0018227100372314,0.0001378059387207,0,1,1,0,0,0,0,0,0,1,0,0,0,0,0,0,0,0,0,0,0,0,0,0,1,0,0.1893488309975276,True,865,0.0006623974157715,squared_hinge,0
autoPrice_756,2,1.0,0.0013289451599121,0.0001478195190429,1,0,0,0,1,0,0,0,0,1,0,0,0,0,0,0,0,0,0,0,0,0,0,0,1,0,2.3236874742243616,False,1407,0.0081893321987915,squared_hinge,0
autoPrice_756,3,1.0,0.001826524734497,0.0001938343048095,1,0,1,0,0,0,0,0,0,0,0,0,1,0,0,0,0,0,0,0,0,0,1,0,0,0,0.2690270114150072,True,877,0.0089771027226286,hinge,0
autoPrice_756,1,1.0,0.0018298625946044,0.0001347064971923,1,0,1,0,0,0,0,0,0,0,0,0,1,0,0,0,0,0,0,0,0,0,1,0,0,0,9.80231156585896,True,1200,0.0002376287115159,hinge,0
autoPrice_756,1,1.0,0.0013394355773925,0.0001161098480224,1,0,1,0,0,0,1,0,0,0,0,0,0,0,0,0,0,0,0,0,0,0,1,0,0,0,6.06383580179045,False,1788,0.007365187802095,squared_hinge,0
autoPrice_756,3,1.0,0.0017523765563964,0.0001299381256103,0,1,0,0,1,0,0,0,0,0,0,0,0,0,0,1,0,0,0,0,0,0,0,0,1,0,0.5530385284818973,True,974,0.0010635639332852,hinge,0
autoPrice_756,1,1.0,0.0012733936309814,0.000115156173706,1,0,1,0,0,0,0,0,0,0,0,0,0,1,0,0,0,0,0,0,0,0,1,0,0,0,0.1223863840233893,True,1532,0.001406273254066,hinge,0
autoPrice_756,1,1.0,0.0016620159149169,0.00020432472229,1,0,1,0,0,0,0,0,0,0,0,1,0,0,0,0,0,0,0,0,0,0,0,1,0,0,0.1231092937439669,True,368,0.0077130717498979,squared_hinge,0
autoPrice_756,1,1.0,0.0012218952178955,0.0001132488250732,1,0,0,0,1,0,0,0,0,0,0,0,0,1,0,0,0,0,0,0,0,0,0,0,1,0,0.9657904415303784,False,824,0.0029713935442518,squared_hinge,0
autoPrice_756,1,1.0,0.0013542175292968,0.000176191329956,1,0,1,0,0,0,0,0,0,0,0,1,0,0,0,0,0,0,0,0,0,0,1,0,0,0,8.224212085917832,False,1148,0.0018184122661858,hinge,0
autoPrice_756,1,1.0,0.001155138015747,0.0001153945922851,0,1,0,0,1,0,1,0,0,0,0,0,0,0,0,0,0,0,0,0,0,0,0,0,0,1,4.926294674811384,True,960,0.0057079624434397,hinge,0
autoPrice_756,1,1.0,0.0013394355773925,0.0001201629638671,1,0,0,0,1,0,0,0,0,0,0,0,0,1,0,0,0,0,0,0,0,0,0,0,0,1,0.9071523070378036,True,1167,0.0020713916556698,hinge,0
autoPrice_756,1,1.0,0.0014319419860839,0.0001327991485595,1,0,0,0,1,0,0,0,0,0,0,1,0,0,0,0,0,0,0,0,0,0,0,0,0,1,0.2710183455577714,True,704,0.0001420917006309,hinge,0
autoPrice_756,1,1.0,0.0012094974517822,0.0001220703125,0,1,0,1,0,0,1,0,0,0,0,0,0,0,0,0,0,0,0,0,1,0,0,0,0,0,0.1357258008930452,True,1618,0.0024657816151051,squared_hinge,0
autoPrice_756,1,1.0,0.0012276172637939,0.000136375427246,0,1,0,1,0,0,0,0,0,0,0,0,0,1,0,0,0,0,0,0,0,0,1,0,0,0,0.5886306789434486,True,1462,0.0076742775851876,hinge,0
autoPrice_756,1,1.0,0.0016100406646728,0.0001149177551269,0,1,1,0,0,0,0,0,0,0,0,0,0,0,1,0,0,0,0,0,0,0,0,0,0,1,4.293039453298152,False,1204,0.0011600583313959,hinge,0
autoPrice_756,1,1.0,0.0011816024780273,0.0001118183135986,1,0,0,0,1,0,1,0,0,0,0,0,0,0,0,0,0,0,0,0,0,0,0,0,0,1,0.933719238928705,False,699,0.0011952224493435,hinge,0
autoPrice_756,1,1.0,0.0015203952789306,0.0001368522644042,0,1,0,1,0,0,0,0,0,1,0,0,0,0,0,0,0,0,0,0,0,0,1,0,0,0,0.8872707741779488,True,1006,0.000359550292771,hinge,0
autoPrice_756,3,1.0,0.0015850067138671,0.0001184940338134,0,1,1,0,0,0,0,0,0,0,0,0,0,0,0,1,0,0,0,1,0,0,0,0,0,0,0.8951648603954773,False,1318,0.0013336881196099,hinge,0
autoPrice_756,3,1.0,0.0017502307891845,0.0001289844512939,0,1,0,1,0,0,0,0,0,0,0,0,0,0,0,1,0,0,0,0,0,0,1,0,0,0,0.2646248744856683,True,826,0.0075091567840379,squared_hinge,0
