Dataset,Fold,Fold Accuracy,Training Time,Testing Time,Imputer Strategy_none,Imputer Strategy_simpleimputer,Categorical Strategy_none,Categorical Strategy_onehot,Categorical Strategy_ordinalencoder,Feature Selection_extra_tree,Feature Selection_fastica,Feature Selection_feature_agglomeration,Feature Selection_generic_univariate,Feature Selection_kernel_pca,Feature Selection_linear_svc,Feature Selection_none,Feature Selection_nystroem,Feature Selection_pca,Feature Selection_polynomial_features,Feature Selection_random_trees_embedding,Feature Selection_rbf_sampler,Feature Selection_select_percentile,Feature Selection_truncated_svd,Scaler_minmax,Scaler_none,Scaler_normalizer,Scaler_power,Scaler_quantile,Scaler_robust,Scaler_standard
sick_38,1,0.970860927152318,0.5206716060638428,0.0181899070739746,1,0,0,1,0,0,0,0,0,0,0,0,0,0,0,1,0,0,0,0,0,0,0,1,0,0
sick_38,0,0.9536423841059604,0.5413837432861328,0.0183668136596679,1,0,0,0,1,0,0,0,0,0,0,0,0,0,0,1,0,0,0,0,0,0,0,1,0,0
sick_38,1,0.9536423841059604,0.5288734436035156,0.0217454433441162,1,0,0,0,1,0,0,0,0,0,0,0,0,0,0,1,0,0,0,0,0,0,0,1,0,0
sick_38,0,0.952317880794702,0.5252456665039062,0.0190191268920898,1,0,0,1,0,0,0,0,0,0,0,0,0,0,0,1,0,0,0,0,1,0,0,0,0,0
sick_38,0,0.952317880794702,0.5239737033843994,0.0184273719787597,1,0,0,1,0,0,0,0,0,0,0,0,0,0,0,1,0,0,0,1,0,0,0,0,0,0
sick_38,0,0.952317880794702,0.517850399017334,0.0181605815887451,1,0,0,1,0,0,0,0,0,0,0,0,0,0,0,1,0,0,0,0,0,0,0,0,0,1
sick_38,0,0.952317880794702,0.5270915031433105,0.0183324813842773,1,0,0,1,0,0,0,0,0,0,0,0,0,0,0,1,0,0,0,0,0,0,0,0,1,0
sick_38,0,0.952317880794702,0.5202882289886475,0.0185170173645019,1,0,0,1,0,0,0,0,0,0,0,0,0,0,0,1,0,0,0,0,0,0,0,1,0,0
sick_38,0,0.9509933774834436,0.5187132358551025,0.0190119743347167,1,0,0,0,1,0,0,0,0,0,0,0,0,0,0,1,0,0,0,1,0,0,0,0,0,0
sick_38,1,0.9509933774834436,0.5185375213623047,0.0186877250671386,1,0,0,0,1,0,0,0,0,0,0,0,0,0,0,1,0,0,0,1,0,0,0,0,0,0
sick_38,0,0.9509933774834436,0.5107073783874512,0.0198068618774414,1,0,0,0,1,0,0,0,0,0,0,0,0,0,0,1,0,0,0,0,0,0,0,0,1,0
sick_38,1,0.9509933774834436,0.511204719543457,0.0182671546936035,1,0,0,0,1,0,0,0,0,0,0,0,0,0,0,1,0,0,0,0,0,0,0,0,1,0
sick_38,1,0.9509933774834436,0.5180654525756836,0.0187282562255859,1,0,0,0,1,0,0,0,0,0,0,0,0,0,0,1,0,0,0,0,0,0,0,0,0,1
sick_38,0,0.9509933774834436,0.5081398487091064,0.0181727409362792,1,0,0,0,1,0,0,0,0,0,0,0,0,0,0,1,0,0,0,0,0,0,0,0,0,1
sick_38,0,0.9509933774834436,0.5136756896972656,0.0184607505798339,1,0,0,0,1,0,0,0,0,0,0,0,0,0,0,1,0,0,0,0,1,0,0,0,0,0
sick_38,1,0.9509933774834436,0.5057449340820312,0.0186731815338134,1,0,0,0,1,0,0,0,0,0,0,0,0,0,0,1,0,0,0,0,1,0,0,0,0,0
sick_38,3,0.9509283819628648,0.5454390048980713,0.0184452533721923,1,0,0,0,1,0,0,0,0,0,0,0,0,0,0,1,0,0,0,0,0,0,0,1,0,0
sick_38,4,0.9482758620689656,0.5345525741577148,0.0194218158721923,1,0,0,0,1,0,0,0,0,0,0,0,0,0,0,1,0,0,0,0,0,0,0,0,1,0
sick_38,4,0.9482758620689656,0.5207288265228271,0.0213441848754882,1,0,0,0,1,0,0,0,0,0,0,0,0,0,0,1,0,0,0,0,0,0,0,0,0,1
sick_38,4,0.9482758620689656,0.5135045051574707,0.0183751583099365,1,0,0,0,1,0,0,0,0,0,0,0,0,0,0,1,0,0,0,0,1,0,0,0,0,0
autoUniv-au6-1000_1555,3,0.315,0.0878164768218994,0.0062694549560546,0,1,0,0,1,0,0,0,1,0,0,0,0,0,0,0,0,0,0,0,0,0,0,1,0,0
autoUniv-au6-1000_1555,3,0.315,0.0875389575958252,0.006321907043457,1,0,0,0,1,0,0,0,1,0,0,0,0,0,0,0,0,0,0,0,0,0,0,1,0,0
autoUniv-au6-1000_1555,3,0.315,0.0893659591674804,0.0064311027526855,0,1,0,1,0,0,0,0,1,0,0,0,0,0,0,0,0,0,0,0,0,0,0,1,0,0
autoUniv-au6-1000_1555,3,0.315,0.09084153175354,0.0065011978149414,1,0,0,1,0,0,0,0,1,0,0,0,0,0,0,0,0,0,0,0,0,0,0,1,0,0
autoUniv-au6-1000_1555,3,0.31,0.0941691398620605,0.0066866874694824,1,0,0,0,1,0,0,0,1,0,0,0,0,0,0,0,0,0,0,0,1,0,0,0,0,0
autoUniv-au6-1000_1555,3,0.31,0.1271679401397705,0.0072119235992431,1,0,0,0,1,0,0,0,0,0,0,0,1,0,0,0,0,0,0,0,1,0,0,0,0,0
autoUniv-au6-1000_1555,3,0.31,0.0912849903106689,0.0067076683044433,1,0,0,1,0,0,0,0,1,0,0,0,0,0,0,0,0,0,0,0,0,0,1,0,0,0
autoUniv-au6-1000_1555,3,0.31,0.091836929321289,0.006528615951538,0,1,0,0,1,0,0,0,1,0,0,0,0,0,0,0,0,0,0,0,0,0,0,0,0,1
autoUniv-au6-1000_1555,3,0.31,0.0945522785186767,0.0064826011657714,0,1,0,1,0,0,0,0,1,0,0,0,0,0,0,0,0,0,0,0,0,0,1,0,0,0
autoUniv-au6-1000_1555,3,0.31,0.0924768447875976,0.0066823959350585,1,0,0,0,1,0,0,0,1,0,0,0,0,0,0,0,0,0,0,0,0,0,0,0,0,1
autoUniv-au6-1000_1555,3,0.31,0.1279993057250976,0.0080468654632568,1,0,0,1,0,0,0,0,0,0,0,0,1,0,0,0,0,0,0,0,1,0,0,0,0,0
autoUniv-au6-1000_1555,3,0.31,0.092987060546875,0.0066468715667724,1,0,0,1,0,0,0,0,1,0,0,0,0,0,0,0,0,0,0,0,0,0,0,0,0,1
autoUniv-au6-1000_1555,3,0.31,0.1055607795715332,0.0071513652801513,0,1,0,1,0,0,0,0,1,0,0,0,0,0,0,0,0,0,0,0,0,0,0,0,1,0
autoUniv-au6-1000_1555,3,0.31,0.1228682994842529,0.0072641372680664,0,1,0,1,0,0,0,0,0,0,0,0,1,0,0,0,0,0,0,0,1,0,0,0,0,0
autoUniv-au6-1000_1555,3,0.31,0.0910444259643554,0.0066184997558593,1,0,0,0,1,0,0,0,1,0,0,0,0,0,0,0,0,0,0,1,0,0,0,0,0,0
autoUniv-au6-1000_1555,3,0.31,0.0959153175354003,0.0065939426422119,1,0,0,1,0,0,0,0,1,0,0,0,0,0,0,0,0,0,0,1,0,0,0,0,0,0
autoUniv-au6-1000_1555,3,0.31,0.0973889827728271,0.0067305564880371,0,1,0,1,0,0,0,0,1,0,0,0,0,0,0,0,0,0,0,0,1,0,0,0,0,0
autoUniv-au6-1000_1555,3,0.31,0.0947980880737304,0.0069758892059326,0,1,0,0,1,0,0,0,1,0,0,0,0,0,0,0,0,0,0,0,1,0,0,0,0,0
autoUniv-au6-1000_1555,3,0.31,0.0909347534179687,0.0065436363220214,0,1,0,0,1,0,0,0,1,0,0,0,0,0,0,0,0,0,0,1,0,0,0,0,0,0
autoUniv-au6-1000_1555,3,0.31,0.09629487991333,0.0066065788269042,0,1,0,0,1,0,0,0,1,0,0,0,0,0,0,0,0,0,0,0,0,0,1,0,0,0
analcatdata_creditscore_461,4,1.0,0.0608582496643066,0.0058729648590087,1,0,1,0,0,0,0,0,1,0,0,0,0,0,0,0,0,0,0,0,1,0,0,0,0,0
analcatdata_creditscore_461,3,1.0,0.0612895488739013,0.005739688873291,1,0,1,0,0,0,0,0,1,0,0,0,0,0,0,0,0,0,0,0,1,0,0,0,0,0
analcatdata_creditscore_461,4,1.0,0.061079978942871,0.0058875083923339,1,0,1,0,0,0,0,0,0,0,0,0,0,0,0,0,0,1,0,0,1,0,0,0,0,0
analcatdata_creditscore_461,3,1.0,0.0641484260559082,0.0059137344360351,1,0,1,0,0,0,0,0,0,0,0,0,0,0,0,0,0,1,0,0,1,0,0,0,0,0
analcatdata_creditscore_461,1,1.0,0.0949764251708984,0.0066611766815185,1,0,1,0,0,0,0,0,0,0,0,0,1,0,0,0,0,0,0,0,1,0,0,0,0,0
analcatdata_creditscore_461,3,1.0,0.0630106925964355,0.0067064762115478,1,0,1,0,0,0,0,0,0,0,0,1,0,0,0,0,0,0,0,0,1,0,0,0,0,0
analcatdata_creditscore_461,0,1.0,0.0644540786743164,0.0056519508361816,0,1,1,0,0,0,0,0,0,1,0,0,0,0,0,0,0,0,0,0,0,0,1,0,0,0
analcatdata_creditscore_461,1,1.0,0.0594241619110107,0.005648136138916,0,1,0,0,1,1,0,0,0,0,0,0,0,0,0,0,0,0,0,0,0,0,0,1,0,0
analcatdata_creditscore_461,3,1.0,0.0575201511383056,0.0054831504821777,0,1,0,0,1,1,0,0,0,0,0,0,0,0,0,0,0,0,0,0,0,0,0,1,0,0
analcatdata_creditscore_461,4,1.0,0.0675351619720459,0.0059552192687988,0,1,0,0,1,1,0,0,0,0,0,0,0,0,0,0,0,0,0,0,0,0,0,1,0,0
analcatdata_creditscore_461,0,1.0,0.0703580379486084,0.0063164234161376,0,1,0,0,1,0,0,0,0,0,1,0,0,0,0,0,0,0,0,0,0,0,0,1,0,0
analcatdata_creditscore_461,1,1.0,0.0615894794464111,0.0058193206787109,0,1,0,0,1,0,0,0,0,0,1,0,0,0,0,0,0,0,0,0,0,0,0,1,0,0
analcatdata_creditscore_461,3,1.0,0.0575439929962158,0.0057122707366943,0,1,1,0,0,0,0,0,0,0,0,1,0,0,0,0,0,0,0,0,0,0,0,1,0,0
analcatdata_creditscore_461,3,1.0,0.0557477474212646,0.0054719448089599,0,1,1,0,0,1,0,0,0,0,0,0,0,0,0,0,0,0,0,0,0,0,1,0,0,0
analcatdata_creditscore_461,4,1.0,0.0562186241149902,0.0053415298461914,0,1,1,0,0,1,0,0,0,0,0,0,0,0,0,0,0,0,0,0,0,0,1,0,0,0
analcatdata_creditscore_461,0,1.0,0.0553836822509765,0.0054209232330322,0,1,1,0,0,0,0,0,0,0,1,0,0,0,0,0,0,0,0,0,0,0,1,0,0,0
analcatdata_creditscore_461,1,1.0,0.0785608291625976,0.0093746185302734,0,1,1,0,0,0,0,0,0,0,1,0,0,0,0,0,0,0,0,0,0,0,1,0,0,0
analcatdata_creditscore_461,3,1.0,0.0599215030670166,0.0053796768188476,0,1,1,0,0,0,0,0,0,0,1,0,0,0,0,0,0,0,0,0,0,0,1,0,0,0
analcatdata_creditscore_461,4,1.0,0.0564663410186767,0.0054142475128173,0,1,1,0,0,0,0,0,0,0,1,0,0,0,0,0,0,0,0,0,0,0,1,0,0,0
analcatdata_creditscore_461,1,1.0,0.0594444274902343,0.0055270195007324,0,1,1,0,0,0,1,0,0,0,0,0,0,0,0,0,0,0,0,0,0,0,0,1,0,0
sa-heart_1498,2,0.782608695652174,0.1564409732818603,0.0062718391418457,1,0,0,0,1,0,0,0,0,0,0,0,0,0,1,0,0,0,0,0,0,0,0,0,0,1
sa-heart_1498,2,0.782608695652174,0.1457552909851074,0.0058951377868652,0,1,0,1,0,0,0,0,0,0,0,0,0,0,1,0,0,0,0,0,0,0,0,0,0,1
sa-heart_1498,2,0.782608695652174,0.0932075977325439,0.006366491317749,0,1,1,0,0,0,0,0,0,1,0,0,0,0,0,0,0,0,0,0,0,0,0,0,0,1
sa-heart_1498,2,0.782608695652174,0.0916230678558349,0.0062968730926513,1,0,0,1,0,0,0,0,0,1,0,0,0,0,0,0,0,0,0,0,0,0,0,0,0,1
sa-heart_1498,2,0.782608695652174,0.1499707698822021,0.0062036514282226,1,0,0,1,0,0,0,0,0,0,0,0,0,0,1,0,0,0,0,0,0,0,0,0,0,1
sa-heart_1498,2,0.782608695652174,0.0854279994964599,0.006406545639038,0,1,0,1,0,0,0,0,0,0,0,0,0,1,0,0,0,0,0,0,0,0,0,0,0,1
sa-heart_1498,2,0.782608695652174,0.1043276786804199,0.006948709487915,0,1,0,0,1,0,0,0,0,1,0,0,0,0,0,0,0,0,0,0,0,0,0,0,0,1
sa-heart_1498,2,0.782608695652174,0.0840263366699218,0.0067026615142822,1,0,0,0,1,0,0,0,0,0,0,0,0,1,0,0,0,0,0,0,0,0,0,0,0,1
sa-heart_1498,2,0.782608695652174,0.0824043750762939,0.0060961246490478,0,1,1,0,0,0,0,0,0,0,0,0,0,1,0,0,0,0,0,0,0,0,0,0,0,1
sa-heart_1498,2,0.782608695652174,0.1466484069824218,0.0059854984283447,0,1,0,0,1,0,0,0,0,0,0,0,0,0,1,0,0,0,0,0,0,0,0,0,0,1
sa-heart_1498,2,0.782608695652174,0.1412174701690673,0.0058445930480957,0,1,1,0,0,0,0,0,0,0,0,0,0,0,1,0,0,0,0,0,0,0,0,0,0,1
sa-heart_1498,2,0.782608695652174,0.0838057994842529,0.0060460567474365,0,1,0,0,1,0,0,0,0,0,0,0,0,1,0,0,0,0,0,0,0,0,0,0,0,1
sa-heart_1498,2,0.782608695652174,0.1526470184326172,0.0062408447265625,1,0,1,0,0,0,0,0,0,0,0,0,0,0,1,0,0,0,0,0,0,0,0,0,0,1
sa-heart_1498,2,0.782608695652174,0.0803894996643066,0.0059401988983154,1,0,0,1,0,0,0,0,0,0,0,0,0,1,0,0,0,0,0,0,0,0,0,0,0,1
sa-heart_1498,2,0.782608695652174,0.0988273620605468,0.0066823959350585,0,1,0,1,0,0,0,0,0,1,0,0,0,0,0,0,0,0,0,0,0,0,0,0,0,1
sa-heart_1498,2,0.782608695652174,0.0985691547393798,0.006749153137207,1,0,0,0,1,0,0,0,0,1,0,0,0,0,0,0,0,0,0,0,0,0,0,0,0,1
sa-heart_1498,2,0.782608695652174,0.1010918617248535,0.0066823959350585,1,0,1,0,0,0,0,0,0,1,0,0,0,0,0,0,0,0,0,0,0,0,0,0,0,1
sa-heart_1498,2,0.782608695652174,0.0825753211975097,0.005967378616333,1,0,1,0,0,0,0,0,0,0,0,0,0,1,0,0,0,0,0,0,0,0,0,0,0,1
sa-heart_1498,0,0.7741935483870968,0.1555826663970947,0.006556749343872,0,1,0,0,1,0,0,0,0,0,0,0,0,0,1,0,0,0,0,0,1,0,0,0,0,0
sa-heart_1498,0,0.7741935483870968,0.1506829261779785,0.006232738494873,1,0,0,1,0,0,0,0,0,0,0,0,0,0,1,0,0,0,0,0,1,0,0,0,0,0
autoUniv-au6-400_1551,3,0.45,0.0755014419555664,0.0064976215362548,1,0,0,1,0,0,0,0,1,0,0,0,0,0,0,0,0,0,0,0,1,0,0,0,0,0
autoUniv-au6-400_1551,3,0.45,0.0756950378417968,0.006415843963623,1,0,0,1,0,0,0,0,1,0,0,0,0,0,0,0,0,0,0,1,0,0,0,0,0,0
autoUniv-au6-400_1551,3,0.45,0.0758049488067627,0.0065155029296875,0,1,0,1,0,0,0,0,1,0,0,0,0,0,0,0,0,0,0,0,0,0,1,0,0,0
autoUniv-au6-400_1551,3,0.45,0.0750927925109863,0.00649094581604,0,1,0,1,0,0,0,0,1,0,0,0,0,0,0,0,0,0,0,0,1,0,0,0,0,0
autoUniv-au6-400_1551,3,0.45,0.075653076171875,0.0063908100128173,0,1,0,0,1,0,0,0,1,0,0,0,0,0,0,0,0,0,0,0,0,0,1,0,0,0
autoUniv-au6-400_1551,3,0.45,0.0755538940429687,0.0065882205963134,1,0,0,1,0,0,0,0,1,0,0,0,0,0,0,0,0,0,0,0,0,0,0,0,0,1
autoUniv-au6-400_1551,3,0.45,0.076777696609497,0.0064995288848876,1,0,0,1,0,0,0,0,1,0,0,0,0,0,0,0,0,0,0,0,0,0,1,0,0,0
autoUniv-au6-400_1551,3,0.45,0.080327033996582,0.0068361759185791,0,1,0,1,0,0,0,0,1,0,0,0,0,0,0,0,0,0,0,0,0,0,0,0,1,0
autoUniv-au6-400_1551,3,0.45,0.0757660865783691,0.0064818859100341,0,1,0,0,1,0,0,0,1,0,0,0,0,0,0,0,0,0,0,0,0,0,0,0,0,1
autoUniv-au6-400_1551,3,0.45,0.077420949935913,0.0067265033721923,1,0,0,0,1,0,0,0,1,0,0,0,0,0,0,0,0,0,0,0,0,0,1,0,0,0
autoUniv-au6-400_1551,3,0.45,0.0777804851531982,0.0068426132202148,0,1,0,0,1,0,0,0,1,0,0,0,0,0,0,0,0,0,0,1,0,0,0,0,0,0
autoUniv-au6-400_1551,3,0.45,0.0778627395629882,0.0064687728881835,0,1,0,0,1,0,0,0,1,0,0,0,0,0,0,0,0,0,0,0,0,0,0,1,0,0
autoUniv-au6-400_1551,3,0.45,0.0765185356140136,0.006481647491455,0,1,0,1,0,0,0,0,1,0,0,0,0,0,0,0,0,0,0,1,0,0,0,0,0,0
autoUniv-au6-400_1551,3,0.45,0.0764193534851074,0.0064172744750976,0,1,0,1,0,0,0,0,1,0,0,0,0,0,0,0,0,0,0,0,0,0,0,1,0,0
autoUniv-au6-400_1551,3,0.45,0.0756218433380127,0.0064196586608886,0,1,0,0,1,0,0,0,1,0,0,0,0,0,0,0,0,0,0,0,0,0,0,0,1,0
autoUniv-au6-400_1551,3,0.45,0.0763602256774902,0.0064384937286376,1,0,0,0,1,0,0,0,1,0,0,0,0,0,0,0,0,0,0,1,0,0,0,0,0,0
autoUniv-au6-400_1551,3,0.45,0.0759017467498779,0.0065436363220214,1,0,0,0,1,0,0,0,1,0,0,0,0,0,0,0,0,0,0,0,0,0,0,0,0,1
autoUniv-au6-400_1551,3,0.45,0.07568359375,0.0064461231231689,1,0,0,0,1,0,0,0,1,0,0,0,0,0,0,0,0,0,0,0,0,0,0,0,1,0
autoUniv-au6-400_1551,3,0.45,0.0753436088562011,0.0063719749450683,1,0,0,1,0,0,0,0,1,0,0,0,0,0,0,0,0,0,0,0,0,0,0,1,0,0
autoUniv-au6-400_1551,3,0.45,0.0753216743469238,0.0063943862915039,0,1,0,1,0,0,0,0,1,0,0,0,0,0,0,0,0,0,0,0,0,0,0,0,0,1
analcatdata_marketing_986,0,0.684931506849315,0.066918134689331,0.0055286884307861,0,1,0,0,1,0,0,0,0,0,0,0,0,0,0,0,0,1,0,0,0,1,0,0,0,0
analcatdata_marketing_986,0,0.684931506849315,0.0704517364501953,0.0056672096252441,0,1,0,1,0,0,0,0,0,0,0,0,0,0,0,0,0,1,0,0,0,1,0,0,0,0
analcatdata_marketing_986,0,0.684931506849315,0.071735143661499,0.0058715343475341,0,1,1,0,0,0,0,0,0,0,0,0,0,0,0,0,0,1,0,0,0,1,0,0,0,0
analcatdata_marketing_986,4,0.6666666666666666,0.1364328861236572,0.0088796615600585,0,1,0,0,1,0,0,0,0,0,0,0,0,0,0,1,0,0,0,0,0,0,0,1,0,0
analcatdata_marketing_986,4,0.6666666666666666,0.1260948181152343,0.0087041854858398,0,1,0,1,0,0,0,0,0,0,0,0,0,0,0,1,0,0,0,0,0,0,0,1,0,0
analcatdata_marketing_986,4,0.6666666666666666,0.1328370571136474,0.0089602470397949,0,1,1,0,0,0,0,0,0,0,0,0,0,0,0,1,0,0,0,0,0,0,0,1,0,0
analcatdata_marketing_986,0,0.6575342465753424,0.0649516582489013,0.005495548248291,0,1,0,0,1,0,0,0,0,0,0,0,0,0,0,0,0,0,1,0,0,0,0,0,1,0
analcatdata_marketing_986,0,0.6575342465753424,0.0659644603729248,0.0058691501617431,0,1,1,0,0,0,0,0,0,0,0,0,0,0,0,0,0,1,0,1,0,0,0,0,0,0
analcatdata_marketing_986,0,0.6575342465753424,0.0707056522369384,0.0062611103057861,0,1,0,0,1,0,0,0,0,0,0,0,0,0,0,0,0,1,0,1,0,0,0,0,0,0
analcatdata_marketing_986,0,0.6575342465753424,0.0619726181030273,0.0053598880767822,0,1,0,0,1,0,0,0,0,0,0,0,0,0,0,0,0,1,0,0,1,0,0,0,0,0
analcatdata_marketing_986,0,0.6575342465753424,0.0704107284545898,0.0064470767974853,0,1,1,0,0,0,0,0,0,0,0,0,0,0,0,0,0,1,0,0,0,0,0,0,1,0
analcatdata_marketing_986,0,0.6575342465753424,0.0689818859100341,0.006098985671997,0,1,1,0,0,0,0,0,0,0,0,0,0,0,0,0,0,0,1,0,0,0,0,0,1,0
analcatdata_marketing_986,0,0.6575342465753424,0.0656270980834961,0.0055954456329345,0,1,0,1,0,0,0,0,0,0,0,0,0,0,0,0,0,0,1,0,0,0,0,0,1,0
analcatdata_marketing_986,0,0.6575342465753424,0.0651590824127197,0.0058066844940185,0,1,0,0,1,0,0,0,0,0,0,0,0,0,0,0,0,1,0,0,0,0,0,0,1,0
analcatdata_marketing_986,0,0.6575342465753424,0.0652394294738769,0.0057301521301269,0,1,0,0,1,0,0,0,0,0,0,0,0,0,0,0,0,1,0,0,0,0,0,0,0,1
analcatdata_marketing_986,0,0.6575342465753424,0.0658729076385498,0.0058026313781738,0,1,1,0,0,0,0,0,0,0,0,0,0,0,0,0,0,1,0,0,1,0,0,0,0,0
analcatdata_marketing_986,0,0.6575342465753424,0.0669088363647461,0.0056860446929931,0,1,0,1,0,0,0,0,0,0,0,0,0,0,0,0,0,1,0,0,0,0,0,0,1,0
analcatdata_marketing_986,0,0.6575342465753424,0.0684595108032226,0.0060243606567382,0,1,0,1,0,0,0,0,0,0,0,0,0,0,0,0,0,1,0,0,1,0,0,0,0,0
analcatdata_marketing_986,0,0.6575342465753424,0.0694811344146728,0.0061707496643066,0,1,0,1,0,0,0,0,0,0,0,0,0,0,0,0,0,1,0,0,0,0,0,0,0,1
analcatdata_marketing_986,0,0.6575342465753424,0.0645606517791748,0.005587100982666,0,1,0,1,0,0,0,0,0,0,0,0,0,0,0,0,0,1,0,1,0,0,0,0,0,0
badges2_1121,1,1.0,0.0696198940277099,0.0058753490447998,1,0,1,0,0,0,1,0,0,0,0,0,0,0,0,0,0,0,0,0,1,0,0,0,0,0
badges2_1121,4,1.0,0.0029137134552001,0.0003175735473632,0,1,0,0,1,0,0,0,0,1,0,0,0,0,0,0,0,0,0,0,0,0,0,1,0,0
badges2_1121,0,1.0,0.0033776760101318,0.0010280609130859,1,0,1,0,0,0,0,0,0,0,0,1,0,0,0,0,0,0,0,0,1,0,0,0,0,0
badges2_1121,1,1.0,0.0030052661895751,0.0011072158813476,1,0,1,0,0,0,0,0,0,0,0,1,0,0,0,0,0,0,0,0,1,0,0,0,0,0
badges2_1121,2,1.0,0.0030193328857421,0.0010609626770019,1,0,1,0,0,0,0,0,0,0,0,1,0,0,0,0,0,0,0,0,1,0,0,0,0,0
badges2_1121,0,1.0,0.0023374557495117,0.0002357959747314,0,1,0,0,1,0,0,0,0,0,0,0,0,0,1,0,0,0,0,0,0,0,0,1,0,0
badges2_1121,1,1.0,0.0022776126861572,0.0002758502960205,0,1,0,0,1,0,0,0,0,0,0,0,0,0,1,0,0,0,0,0,0,0,0,1,0,0
badges2_1121,2,1.0,0.0022990703582763,0.0002386569976806,0,1,0,0,1,0,0,0,0,0,0,0,0,0,1,0,0,0,0,0,0,0,0,1,0,0
badges2_1121,3,1.0,0.0023858547210693,0.0002367496490478,0,1,0,0,1,0,0,0,0,0,0,0,0,0,1,0,0,0,0,0,0,0,0,1,0,0
badges2_1121,4,1.0,0.0023033618927001,0.0002260208129882,0,1,0,0,1,0,0,0,0,0,0,0,0,0,1,0,0,0,0,0,0,0,0,1,0,0
badges2_1121,4,1.0,0.0022273063659667,0.0002229213714599,0,1,0,0,1,1,0,0,0,0,0,0,0,0,0,0,0,0,0,0,0,0,0,1,0,0
badges2_1121,0,1.0,0.0023195743560791,0.0002274513244628,0,1,0,0,1,0,0,0,0,0,1,0,0,0,0,0,0,0,0,0,0,0,0,1,0,0
badges2_1121,1,1.0,0.002197265625,0.0002567768096923,0,1,0,0,1,0,0,0,0,0,1,0,0,0,0,0,0,0,0,0,0,0,0,1,0,0
badges2_1121,1,1.0,0.136552095413208,0.0100090503692626,0,1,0,0,1,0,0,0,0,0,0,0,0,0,0,1,0,0,0,0,0,0,0,1,0,0
badges2_1121,2,1.0,0.1351103782653808,0.0096950531005859,0,1,0,0,1,0,0,0,0,0,0,0,0,0,0,1,0,0,0,0,0,0,0,1,0,0
badges2_1121,4,1.0,0.1386463642120361,0.0099453926086425,0,1,0,0,1,0,0,0,0,0,0,0,0,0,0,1,0,0,0,0,0,0,0,1,0,0
badges2_1121,3,1.0,0.1660676002502441,0.0064325332641601,0,1,0,0,1,0,0,0,0,0,0,0,1,0,0,0,0,0,0,0,0,0,0,1,0,0
badges2_1121,2,1.0,0.1067574024200439,0.0066640377044677,0,1,0,0,1,0,0,0,0,1,0,0,0,0,0,0,0,0,0,0,0,0,0,1,0,0
badges2_1121,3,1.0,0.0029351711273193,0.0003106594085693,0,1,0,0,1,0,0,0,0,1,0,0,0,0,0,0,0,0,0,0,0,0,0,1,0,0
badges2_1121,3,1.0,0.0028614997863769,0.0009481906890869,1,0,1,0,0,0,0,0,0,0,0,1,0,0,0,0,0,0,0,0,1,0,0,0,0,0
sensory_826,1,0.8,0.1081995964050293,0.0063381195068359,1,0,0,0,1,0,0,0,0,0,0,0,0,0,1,0,0,0,0,0,0,0,1,0,0,0
sensory_826,1,0.8,0.1084294319152832,0.0062198638916015,0,1,1,0,0,0,0,0,0,0,0,0,0,0,1,0,0,0,0,0,0,0,1,0,0,0
sensory_826,1,0.8,0.1090497970581054,0.0062150955200195,0,1,0,0,1,0,0,0,0,0,0,0,0,0,1,0,0,0,0,0,0,0,1,0,0,0
sensory_826,1,0.8,0.1029493808746337,0.0061521530151367,1,0,0,1,0,0,0,0,0,0,0,0,0,0,1,0,0,0,0,0,0,0,1,0,0,0
sensory_826,1,0.8,0.1022243499755859,0.0058705806732177,1,0,1,0,0,0,0,0,0,0,0,0,0,0,1,0,0,0,0,0,0,0,1,0,0,0
sensory_826,1,0.8,0.1115789413452148,0.0065212249755859,0,1,0,1,0,0,0,0,0,0,0,0,0,0,1,0,0,0,0,0,0,0,1,0,0,0
sensory_826,0,0.7586206896551724,0.1048130989074707,0.0060722827911376,0,1,0,0,1,0,0,0,0,0,0,0,0,0,1,0,0,0,0,0,0,0,0,0,0,1
sensory_826,0,0.7586206896551724,0.1082386970520019,0.0064494609832763,0,1,0,1,0,0,0,0,0,0,0,0,0,0,1,0,0,0,0,0,0,0,0,0,0,1
sensory_826,0,0.7586206896551724,0.1060643196105957,0.0062263011932373,1,0,0,1,0,0,0,0,0,0,0,0,0,0,1,0,0,0,0,0,0,0,0,0,0,1
sensory_826,0,0.7586206896551724,0.1021881103515625,0.0062730312347412,0,1,1,0,0,0,0,0,0,0,0,0,0,0,1,0,0,0,0,0,0,0,0,0,0,1
sensory_826,0,0.7586206896551724,0.1037361621856689,0.0061795711517333,1,0,1,0,0,0,0,0,0,0,0,0,0,0,1,0,0,0,0,0,0,0,0,0,0,1
sensory_826,0,0.7586206896551724,0.1144511699676513,0.0068027973175048,1,0,0,0,1,0,0,0,0,0,0,0,0,0,1,0,0,0,0,0,0,0,0,0,0,1
sensory_826,0,0.75,0.0973050594329834,0.0072314739227294,0,1,1,0,0,0,0,0,0,0,0,0,0,0,1,0,0,0,0,0,0,0,0,0,1,0
sensory_826,0,0.75,0.1000001430511474,0.0064892768859863,0,1,0,1,0,0,0,0,0,0,0,0,0,0,1,0,0,0,0,0,0,0,0,0,1,0
sensory_826,0,0.75,0.0944478511810302,0.0064961910247802,1,0,1,0,0,0,0,0,0,0,0,0,0,0,1,0,0,0,0,0,0,0,0,0,1,0
sensory_826,0,0.75,0.0963804721832275,0.0063493251800537,1,0,0,1,0,0,0,0,0,0,0,0,0,0,1,0,0,0,0,0,0,0,0,0,1,0
sensory_826,0,0.75,0.0978224277496337,0.0064408779144287,0,1,0,0,1,0,0,0,0,0,0,0,0,0,1,0,0,0,0,0,0,0,0,0,1,0
sensory_826,0,0.75,0.0954923629760742,0.0064337253570556,1,0,0,0,1,0,0,0,0,0,0,0,0,0,1,0,0,0,0,0,0,0,0,0,1,0
sensory_826,3,0.7478260869565218,0.1021382808685302,0.0065569877624511,0,1,0,1,0,0,0,0,0,0,0,0,0,0,1,0,0,0,0,1,0,0,0,0,0,0
sensory_826,3,0.7478260869565218,0.099546194076538,0.0062198638916015,1,0,1,0,0,0,0,0,0,0,0,0,0,0,1,0,0,0,0,1,0,0,0,0,0,0
balance-scale_11,4,0.984,0.096501350402832,0.0059816837310791,1,0,0,0,1,0,0,0,0,0,0,0,0,0,1,0,0,0,0,0,0,1,0,0,0,0
balance-scale_11,4,0.984,0.0974102020263671,0.0063424110412597,1,0,0,1,0,0,0,0,0,0,0,0,0,0,1,0,0,0,0,0,0,1,0,0,0,0
balance-scale_11,4,0.984,0.0945124626159668,0.0062859058380126,0,1,0,0,1,0,0,0,0,0,0,0,0,0,1,0,0,0,0,0,0,1,0,0,0,0
balance-scale_11,4,0.984,0.0961441993713378,0.00630784034729,0,1,0,1,0,0,0,0,0,0,0,0,0,0,1,0,0,0,0,0,0,1,0,0,0,0
balance-scale_11,4,0.984,0.0973236560821533,0.0063719749450683,0,1,1,0,0,0,0,0,0,0,0,0,0,0,1,0,0,0,0,0,0,1,0,0,0,0
balance-scale_11,4,0.984,0.0923559665679931,0.0060114860534667,1,0,1,0,0,0,0,0,0,0,0,0,0,0,1,0,0,0,0,0,0,1,0,0,0,0
balance-scale_11,2,0.968,0.095219612121582,0.0061919689178466,0,1,0,1,0,0,0,0,0,0,0,0,0,0,1,0,0,0,0,0,0,1,0,0,0,0
balance-scale_11,2,0.968,0.0917971134185791,0.0059902667999267,1,0,0,0,1,0,0,0,0,0,0,0,0,0,1,0,0,0,0,0,0,1,0,0,0,0
balance-scale_11,2,0.968,0.0971662998199462,0.0063076019287109,1,0,0,1,0,0,0,0,0,0,0,0,0,0,1,0,0,0,0,0,0,1,0,0,0,0
balance-scale_11,2,0.968,0.0945343971252441,0.0066916942596435,0,1,0,0,1,0,0,0,0,0,0,0,0,0,1,0,0,0,0,0,0,1,0,0,0,0
balance-scale_11,2,0.968,0.0923910140991211,0.0060975551605224,1,0,1,0,0,0,0,0,0,0,0,0,0,0,1,0,0,0,0,0,0,1,0,0,0,0
balance-scale_11,2,0.968,0.0973198413848877,0.0063779354095458,0,1,1,0,0,0,0,0,0,0,0,0,0,0,1,0,0,0,0,0,0,1,0,0,0,0
balance-scale_11,4,0.952,0.0728940963745117,0.0059843063354492,1,0,1,0,0,0,0,0,0,0,0,1,0,0,0,0,0,0,0,1,0,0,0,0,0,0
balance-scale_11,4,0.952,0.3547158241271972,0.0063216686248779,1,0,0,0,1,0,0,0,0,0,0,0,1,0,0,0,0,0,0,0,0,1,0,0,0,0
balance-scale_11,0,0.952,0.0931367874145507,0.0060830116271972,1,0,0,0,1,0,0,0,0,0,0,0,0,0,1,0,0,0,0,0,0,1,0,0,0,0
balance-scale_11,4,0.952,0.0727467536926269,0.0059797763824462,1,0,0,0,1,0,0,0,0,0,0,1,0,0,0,0,0,0,0,1,0,0,0,0,0,0
balance-scale_11,4,0.952,0.0746898651123046,0.0059573650360107,0,1,1,0,0,0,0,0,0,0,0,1,0,0,0,0,0,0,0,0,0,0,0,1,0,0
balance-scale_11,4,0.952,0.3714649677276611,0.0065114498138427,0,1,0,0,1,0,0,0,0,0,0,0,1,0,0,0,0,0,0,0,0,1,0,0,0,0
balance-scale_11,4,0.952,0.0755963325500488,0.0061817169189453,0,1,0,1,0,0,0,0,0,0,0,1,0,0,0,0,0,0,0,0,0,0,0,0,0,1
balance-scale_11,4,0.952,0.0744426250457763,0.0061917304992675,0,1,0,0,1,0,0,0,0,0,0,1,0,0,0,0,0,0,0,0,0,0,0,0,1,0
breastTumor_844,3,0.7368421052631579,0.0743992328643798,0.0060808658599853,1,0,0,1,0,0,0,1,0,0,0,0,0,0,0,0,0,0,0,0,0,1,0,0,0,0
breastTumor_844,1,0.7368421052631579,0.1885187625885009,0.0063972473144531,0,1,0,0,1,0,0,0,0,0,0,0,0,0,0,0,1,0,0,1,0,0,0,0,0,0
breastTumor_844,4,0.7368421052631579,0.0698943138122558,0.0062170028686523,1,0,0,1,0,0,0,0,0,0,0,1,0,0,0,0,0,0,0,1,0,0,0,0,0,0
breastTumor_844,4,0.7368421052631579,0.0738093852996826,0.0063858032226562,0,1,0,1,0,0,0,0,0,0,0,1,0,0,0,0,0,0,0,0,0,0,0,0,0,1
breastTumor_844,4,0.7368421052631579,0.0695295333862304,0.006195068359375,0,1,0,1,0,0,0,0,0,0,0,1,0,0,0,0,0,0,0,0,1,0,0,0,0,0
breastTumor_844,4,0.7368421052631579,0.0725195407867431,0.0060460567474365,0,1,0,1,0,0,0,0,0,0,0,1,0,0,0,0,0,0,0,0,0,0,0,1,0,0
breastTumor_844,4,0.7368421052631579,0.0746581554412841,0.0060789585113525,1,0,0,1,0,0,0,0,0,0,0,1,0,0,0,0,0,0,0,0,1,0,0,0,0,0
breastTumor_844,4,0.7368421052631579,0.0696721076965332,0.0062005519866943,0,1,0,0,1,0,0,0,0,0,0,1,0,0,0,0,0,0,0,0,0,0,0,1,0,0
breastTumor_844,4,0.7368421052631579,0.0777976512908935,0.0081894397735595,0,1,0,0,1,0,0,0,0,0,0,1,0,0,0,0,0,0,0,0,1,0,0,0,0,0
breastTumor_844,3,0.7368421052631579,0.0693089962005615,0.006209373474121,0,1,0,1,0,0,0,1,0,0,0,0,0,0,0,0,0,0,0,0,0,1,0,0,0,0
breastTumor_844,4,0.7368421052631579,0.0698945522308349,0.0069887638092041,0,1,0,0,1,0,0,0,0,0,0,1,0,0,0,0,0,0,0,1,0,0,0,0,0,0
breastTumor_844,4,0.7368421052631579,0.069366455078125,0.0062606334686279,1,0,0,1,0,0,0,0,0,0,0,1,0,0,0,0,0,0,0,0,0,0,0,0,0,1
breastTumor_844,4,0.7368421052631579,0.0713720321655273,0.0062317848205566,1,0,0,1,0,0,0,0,0,0,0,1,0,0,0,0,0,0,0,0,0,0,0,1,0,0
breastTumor_844,4,0.7368421052631579,0.0701591968536377,0.0063271522521972,0,1,0,0,1,0,0,0,0,0,0,1,0,0,0,0,0,0,0,0,0,0,0,0,0,1
breastTumor_844,4,0.7368421052631579,0.0701568126678466,0.0062828063964843,0,1,0,1,0,0,0,0,0,0,0,1,0,0,0,0,0,0,0,1,0,0,0,0,0,0
breastTumor_844,4,0.7192982456140351,0.0727672576904296,0.0065460205078125,0,1,0,0,1,0,0,0,0,0,0,1,0,0,0,0,0,0,0,0,0,0,0,0,1,0
breastTumor_844,4,0.7192982456140351,0.0698051452636718,0.0062062740325927,0,1,0,0,1,0,0,0,0,0,0,1,0,0,0,0,0,0,0,0,0,0,1,0,0,0
breastTumor_844,4,0.7192982456140351,0.0689356327056884,0.0063011646270751,1,0,0,1,0,0,0,0,0,0,1,0,0,0,0,0,0,0,0,0,0,0,0,0,1,0
breastTumor_844,4,0.7192982456140351,0.0699410438537597,0.0060961246490478,0,1,0,1,0,0,0,0,0,0,0,1,0,0,0,0,0,0,0,0,0,0,1,0,0,0
breastTumor_844,4,0.7192982456140351,0.0714001655578613,0.006345510482788,1,0,0,1,0,0,0,0,0,0,0,1,0,0,0,0,0,0,0,0,0,0,0,0,1,0
arsenic-male-lung_951,4,1.0,0.1065399646759033,0.0067214965820312,0,1,0,0,1,0,0,0,0,1,0,0,0,0,0,0,0,0,0,0,0,0,0,1,0,0
arsenic-male-lung_951,0,1.0,0.0036075115203857,0.0011961460113525,1,0,1,0,0,0,0,0,0,0,0,1,0,0,0,0,0,0,0,0,1,0,0,0,0,0
arsenic-male-lung_951,1,1.0,0.0031325817108154,0.001439094543457,1,0,1,0,0,0,0,0,0,0,0,1,0,0,0,0,0,0,0,0,1,0,0,0,0,0
arsenic-male-lung_951,2,1.0,0.0035595893859863,0.0010797977447509,1,0,1,0,0,0,0,0,0,0,0,1,0,0,0,0,0,0,0,0,1,0,0,0,0,0
arsenic-male-lung_951,3,1.0,0.0036969184875488,0.001178503036499,1,0,1,0,0,0,0,0,0,0,0,1,0,0,0,0,0,0,0,0,1,0,0,0,0,0
arsenic-male-lung_951,4,1.0,0.0031182765960693,0.0010371208190917,1,0,1,0,0,0,0,0,0,0,0,1,0,0,0,0,0,0,0,0,1,0,0,0,0,0
arsenic-male-lung_951,0,1.0,0.0023984909057617,0.0002367496490478,1,0,1,0,0,0,0,0,0,0,0,0,0,1,0,0,0,0,0,0,1,0,0,0,0,0
arsenic-male-lung_951,1,1.0,0.0025165081024169,0.0002391338348388,1,0,1,0,0,0,0,0,0,0,0,0,0,1,0,0,0,0,0,0,1,0,0,0,0,0
arsenic-male-lung_951,2,1.0,0.0023801326751708,0.0002386569976806,1,0,1,0,0,0,0,0,0,0,0,0,0,1,0,0,0,0,0,0,1,0,0,0,0,0
arsenic-male-lung_951,1,1.0,0.1008746623992919,0.0068073272705078,0,1,0,0,1,0,0,0,0,1,0,0,0,0,0,0,0,0,0,0,0,0,0,1,0,0
arsenic-male-lung_951,4,1.0,0.0024890899658203,0.0002369880676269,1,0,1,0,0,0,0,0,0,0,0,0,0,1,0,0,0,0,0,0,1,0,0,0,0,0
arsenic-male-lung_951,0,1.0,0.0025436878204345,0.0002467632293701,1,0,1,0,0,0,1,0,0,0,0,0,0,0,0,0,0,0,0,0,1,0,0,0,0,0
arsenic-male-lung_951,1,1.0,0.0025155544281005,0.0002405643463134,1,0,1,0,0,0,1,0,0,0,0,0,0,0,0,0,0,0,0,0,1,0,0,0,0,0
arsenic-male-lung_951,2,1.0,0.0024917125701904,0.0002365112304687,1,0,1,0,0,0,1,0,0,0,0,0,0,0,0,0,0,0,0,0,1,0,0,0,0,0
arsenic-male-lung_951,4,1.0,0.0022687911987304,0.0002362728118896,0,1,0,0,1,0,0,0,0,0,1,0,0,0,0,0,0,0,0,0,0,0,0,1,0,0
arsenic-male-lung_951,4,1.0,0.00244140625,0.0002417564392089,1,0,1,0,0,0,1,0,0,0,0,0,0,0,0,0,0,0,0,0,1,0,0,0,0,0
arsenic-male-lung_951,0,1.0,0.0023541450500488,0.0002393722534179,1,0,1,0,0,0,0,0,0,0,0,0,0,0,0,0,0,0,1,0,1,0,0,0,0,0
arsenic-male-lung_951,1,1.0,0.003136396408081,0.0003552436828613,1,0,1,0,0,0,0,0,0,0,0,0,0,0,0,0,0,0,1,0,1,0,0,0,0,0
arsenic-male-lung_951,2,1.0,0.002415657043457,0.000239610671997,1,0,1,0,0,0,0,0,0,0,0,0,0,0,0,0,0,0,1,0,1,0,0,0,0,0
arsenic-male-lung_951,3,1.0,0.0024516582489013,0.0002422332763671,1,0,1,0,0,0,0,0,0,0,0,0,0,0,0,0,0,0,1,0,1,0,0,0,0,0
rmftsa_ladata_717,3,0.9504950495049505,0.1515653133392334,0.0110082626342773,1,0,0,0,1,0,0,0,0,0,0,0,0,0,0,1,0,0,0,0,0,1,0,0,0,0
rmftsa_ladata_717,3,0.9504950495049505,0.1559863090515136,0.0112144947052001,0,1,0,0,1,0,0,0,0,0,0,0,0,0,0,1,0,0,0,0,0,1,0,0,0,0
rmftsa_ladata_717,3,0.9504950495049505,0.1535413265228271,0.0110836029052734,0,1,0,1,0,0,0,0,0,0,0,0,0,0,0,1,0,0,0,0,0,1,0,0,0,0
rmftsa_ladata_717,3,0.9504950495049505,0.1569256782531738,0.0113880634307861,1,0,1,0,0,0,0,0,0,0,0,0,0,0,0,1,0,0,0,0,0,1,0,0,0,0
rmftsa_ladata_717,3,0.9504950495049505,0.1562225818634033,0.0113387107849121,1,0,0,1,0,0,0,0,0,0,0,0,0,0,0,1,0,0,0,0,0,1,0,0,0,0
rmftsa_ladata_717,3,0.9504950495049505,0.159635305404663,0.0115365982055664,0,1,1,0,0,0,0,0,0,0,0,0,0,0,0,1,0,0,0,0,0,1,0,0,0,0
rmftsa_ladata_717,2,0.9411764705882352,0.0736348628997802,0.0078988075256347,1,0,0,0,1,0,0,0,0,0,0,0,0,0,0,0,0,1,0,0,0,0,1,0,0,0
rmftsa_ladata_717,2,0.9411764705882352,0.0722723007202148,0.0077486038208007,1,0,1,0,0,0,0,0,1,0,0,0,0,0,0,0,0,0,0,0,0,0,0,0,0,1
rmftsa_ladata_717,2,0.9411764705882352,0.0725886821746826,0.0075984001159667,1,0,1,0,0,0,0,0,1,0,0,0,0,0,0,0,0,0,0,0,1,0,0,0,0,0
rmftsa_ladata_717,2,0.9411764705882352,0.0725414752960205,0.0076973438262939,1,0,1,0,0,0,0,0,0,0,0,0,0,0,0,0,0,1,0,0,0,0,0,0,0,1
rmftsa_ladata_717,2,0.9411764705882352,0.086698293685913,0.0077872276306152,0,1,0,1,0,0,0,0,1,0,0,0,0,0,0,0,0,0,0,1,0,0,0,0,0,0
rmftsa_ladata_717,2,0.9411764705882352,0.0727784633636474,0.0078647136688232,1,0,1,0,0,0,0,0,1,0,0,0,0,0,0,0,0,0,0,0,0,0,0,0,1,0
rmftsa_ladata_717,2,0.9411764705882352,0.0729963779449462,0.0078473091125488,0,1,0,1,0,0,0,0,0,0,0,0,0,0,0,0,0,1,0,0,0,0,0,1,0,0
rmftsa_ladata_717,2,0.9411764705882352,0.0718264579772949,0.007725715637207,1,0,1,0,0,0,0,0,1,0,0,0,0,0,0,0,0,0,0,1,0,0,0,0,0,0
rmftsa_ladata_717,2,0.9411764705882352,0.0735223293304443,0.0079102516174316,1,0,0,0,1,0,0,0,1,0,0,0,0,0,0,0,0,0,0,0,0,0,1,0,0,0
rmftsa_ladata_717,2,0.9411764705882352,0.0733022689819336,0.0078682899475097,1,0,0,0,1,0,0,0,0,0,0,0,0,0,0,0,0,1,0,0,0,0,0,0,1,0
rmftsa_ladata_717,2,0.9411764705882352,0.0756659507751464,0.0078146457672119,0,1,1,0,0,0,0,0,0,0,0,0,0,0,0,0,0,1,0,0,1,0,0,0,0,0
rmftsa_ladata_717,2,0.9411764705882352,0.073270559310913,0.0078327655792236,1,0,0,0,1,0,0,0,1,0,0,0,0,0,0,0,0,0,0,0,0,0,0,0,1,0
rmftsa_ladata_717,2,0.9411764705882352,0.073021650314331,0.0078299045562744,0,1,0,1,0,0,0,0,1,0,0,0,0,0,0,0,0,0,0,0,1,0,0,0,0,0
rmftsa_ladata_717,2,0.9411764705882352,0.074998140335083,0.0078155994415283,0,1,0,0,1,0,0,0,0,0,0,0,0,0,0,0,0,1,0,0,0,0,1,0,0,0
analcatdata_lawsuit_450,1,1.0,0.0689704418182373,0.006108283996582,1,0,1,0,0,0,0,0,0,0,0,0,0,1,0,0,0,0,0,0,1,0,0,0,0,0
analcatdata_lawsuit_450,4,1.0,0.0621199607849121,0.0067558288574218,1,0,1,0,0,0,0,0,0,0,0,1,0,0,0,0,0,0,0,0,1,0,0,0,0,0
analcatdata_lawsuit_450,1,1.0,0.0647704601287841,0.0056891441345214,0,1,1,0,0,0,1,0,0,0,0,0,0,0,0,0,0,0,0,1,0,0,0,0,0,0
analcatdata_lawsuit_450,4,1.0,0.0662393569946289,0.0059733390808105,0,1,1,0,0,0,1,0,0,0,0,0,0,0,0,0,0,0,0,1,0,0,0,0,0,0
analcatdata_lawsuit_450,3,1.0,0.0626778602600097,0.006589651107788,1,0,1,0,0,0,0,0,0,0,0,1,0,0,0,0,0,0,0,0,1,0,0,0,0,0
analcatdata_lawsuit_450,4,1.0,0.0641176700592041,0.0058460235595703,1,0,1,0,0,0,1,0,0,0,0,0,0,0,0,0,0,0,0,0,1,0,0,0,0,0
analcatdata_lawsuit_450,1,1.0,0.1686387062072754,0.0059409141540527,0,1,1,0,0,0,0,0,0,0,0,0,0,0,0,0,1,0,0,1,0,0,0,0,0,0
analcatdata_lawsuit_450,2,1.0,0.0721628665924072,0.0061423778533935,1,0,1,0,0,0,0,0,0,0,0,0,0,0,1,0,0,0,0,0,1,0,0,0,0,0
analcatdata_lawsuit_450,3,1.0,0.071171760559082,0.0061335563659667,1,0,1,0,0,0,0,0,0,0,0,0,0,0,1,0,0,0,0,0,1,0,0,0,0,0
analcatdata_lawsuit_450,4,1.0,0.0691962242126464,0.0059382915496826,1,0,1,0,0,0,0,0,0,0,0,0,0,0,1,0,0,0,0,0,1,0,0,0,0,0
analcatdata_lawsuit_450,4,1.0,0.1151115894317627,0.0089883804321289,1,0,0,0,1,0,0,0,0,0,0,0,0,0,0,1,0,0,0,1,0,0,0,0,0,0
analcatdata_lawsuit_450,1,1.0,0.0677316188812255,0.0058114528656005,1,0,1,0,0,0,0,0,0,0,0,0,0,0,1,0,0,0,0,0,1,0,0,0,0,0
analcatdata_lawsuit_450,1,1.0,0.0619065761566162,0.0055458545684814,1,0,0,0,1,0,0,0,0,0,0,0,0,1,0,0,0,0,0,0,0,0,0,0,1,0
analcatdata_lawsuit_450,1,1.0,0.16322922706604,0.0056443214416503,1,0,0,0,1,0,0,0,0,0,0,0,0,0,0,0,1,0,0,1,0,0,0,0,0,0
analcatdata_lawsuit_450,1,1.0,0.0618605613708496,0.0055088996887207,1,0,0,0,1,0,1,0,0,0,0,0,0,0,0,0,0,0,0,0,0,0,0,0,1,0
analcatdata_lawsuit_450,3,1.0,0.0674474239349365,0.0058910846710205,1,0,0,0,1,0,0,0,0,0,0,1,0,0,0,0,0,0,0,0,0,0,0,0,1,0
analcatdata_lawsuit_450,4,1.0,0.0636985301971435,0.0057711601257324,1,0,0,0,1,0,0,0,0,0,0,1,0,0,0,0,0,0,0,0,0,0,0,0,1,0
analcatdata_lawsuit_450,4,1.0,0.0651581287384033,0.0056531429290771,1,0,0,0,1,0,0,0,0,0,0,0,0,0,1,0,0,0,0,1,0,0,0,0,0,0
analcatdata_lawsuit_450,4,1.0,0.1758019924163818,0.0063412189483642,0,1,0,0,1,0,0,0,0,0,0,0,0,0,0,0,1,0,0,0,0,0,1,0,0,0
analcatdata_lawsuit_450,2,1.0,0.1951186656951904,0.0062537193298339,1,0,1,0,0,0,0,0,0,0,0,0,1,0,0,0,0,0,0,0,0,0,0,0,0,1
arsenic-male-bladder_947,2,1.0,0.2959246635437011,0.0063645839691162,0,1,1,0,0,0,0,0,0,0,0,0,0,0,0,0,1,0,0,1,0,0,0,0,0,0
arsenic-male-bladder_947,2,1.0,0.0786035060882568,0.0061912536621093,1,0,0,1,0,1,0,0,0,0,0,0,0,0,0,0,0,0,0,0,0,1,0,0,0,0
arsenic-male-bladder_947,2,1.0,0.0741641521453857,0.0062439441680908,1,0,0,1,0,0,0,0,0,0,1,0,0,0,0,0,0,0,0,0,0,0,0,0,1,0
arsenic-male-bladder_947,2,1.0,0.0741949081420898,0.0064942836761474,0,1,0,1,0,0,0,0,0,0,1,0,0,0,0,0,0,0,0,0,1,0,0,0,0,0
arsenic-male-bladder_947,2,1.0,0.0775020122528076,0.0062673091888427,1,0,0,1,0,0,0,0,0,0,0,0,0,0,0,0,0,1,0,0,0,1,0,0,0,0
arsenic-male-bladder_947,2,1.0,0.1065318584442138,0.0072779655456542,1,0,0,1,0,0,0,0,0,1,0,0,0,0,0,0,0,0,0,0,0,1,0,0,0,0
arsenic-male-bladder_947,2,1.0,0.0734715461730957,0.0063390731811523,1,0,1,0,0,0,0,0,0,0,0,0,0,0,0,0,0,1,0,0,0,0,0,1,0,0
arsenic-male-bladder_947,2,1.0,0.0755698680877685,0.0063152313232421,1,0,0,0,1,0,0,0,0,0,0,0,0,0,0,0,0,1,0,0,0,0,0,1,0,0
arsenic-male-bladder_947,2,1.0,0.0769641399383544,0.0064368247985839,1,0,0,0,1,0,0,0,1,0,0,0,0,0,0,0,0,0,0,0,0,0,0,1,0,0
arsenic-male-bladder_947,2,1.0,0.3321146965026855,0.0068335533142089,0,1,0,1,0,0,0,0,0,0,0,0,0,0,0,0,1,0,0,1,0,0,0,0,0,0
arsenic-male-bladder_947,2,1.0,0.1062922477722168,0.0070304870605468,0,1,0,0,1,0,0,0,0,1,0,0,0,0,0,0,0,0,0,0,0,1,0,0,0,0
arsenic-male-bladder_947,2,1.0,0.1089735031127929,0.0064454078674316,0,1,0,0,1,0,0,0,0,0,0,0,0,0,1,0,0,0,0,0,0,1,0,0,0,0
arsenic-male-bladder_947,2,1.0,0.0803728103637695,0.0065605640411376,1,0,0,1,0,0,0,0,1,0,0,0,0,0,0,0,0,0,0,0,0,1,0,0,0,0
arsenic-male-bladder_947,2,1.0,0.0837986469268798,0.0063321590423583,0,1,1,0,0,0,0,0,0,0,0,0,0,1,0,0,0,0,0,0,0,1,0,0,0,0
arsenic-male-bladder_947,2,1.0,0.0748705863952636,0.0062718391418457,0,1,1,0,0,0,0,0,0,0,1,0,0,0,0,0,0,0,0,0,0,0,0,0,1,0
arsenic-male-bladder_947,2,1.0,0.0746779441833496,0.006462812423706,1,0,1,0,0,0,0,0,1,0,0,0,0,0,0,0,0,0,0,0,0,0,0,1,0,0
arsenic-male-bladder_947,2,1.0,0.3280620574951172,0.0066375732421875,0,1,0,0,1,0,0,0,0,0,0,0,0,0,0,0,1,0,0,1,0,0,0,0,0,0
arsenic-male-bladder_947,2,1.0,0.0795056819915771,0.0065114498138427,0,1,0,1,0,0,0,0,1,0,0,0,0,0,0,0,0,0,0,0,0,0,0,1,0,0
arsenic-male-bladder_947,2,1.0,0.0794174671173095,0.0068113803863525,1,0,1,0,0,0,0,0,0,0,0,0,0,0,0,0,0,1,0,0,0,1,0,0,0,0
arsenic-male-bladder_947,2,1.0,0.0771596431732177,0.0063707828521728,1,0,1,0,0,0,0,0,1,0,0,0,0,0,0,0,0,0,0,0,0,1,0,0,0,0
MindCave2_1450,0,0.96,0.1101269721984863,0.0060982704162597,1,0,1,0,0,0,0,0,0,0,0,0,0,0,0,0,1,0,0,0,0,1,0,0,0,0
MindCave2_1450,0,0.96,0.1126840114593505,0.006399393081665,0,1,0,0,1,0,0,0,0,0,0,0,0,0,0,0,1,0,0,0,0,1,0,0,0,0
MindCave2_1450,0,0.96,0.110649824142456,0.0060782432556152,1,0,0,1,0,0,0,0,0,0,0,0,0,0,0,0,1,0,0,0,0,1,0,0,0,0
MindCave2_1450,0,0.96,0.1126525402069091,0.0061573982238769,1,0,0,0,1,0,0,0,0,0,0,0,0,0,0,0,1,0,0,0,0,1,0,0,0,0
MindCave2_1450,0,0.96,0.1119670867919921,0.0061421394348144,0,1,0,1,0,0,0,0,0,0,0,0,0,0,0,0,1,0,0,0,0,1,0,0,0,0
MindCave2_1450,0,0.96,0.1112008094787597,0.0063135623931884,0,1,1,0,0,0,0,0,0,0,0,0,0,0,0,0,1,0,0,0,0,1,0,0,0,0
MindCave2_1450,2,0.88,0.1290347576141357,0.0064620971679687,0,1,0,1,0,0,0,0,0,0,0,0,1,0,0,0,0,0,0,0,0,0,0,0,1,0
MindCave2_1450,0,0.88,0.0894141197204589,0.0061240196228027,0,1,0,1,0,0,1,0,0,0,0,0,0,0,0,0,0,0,0,1,0,0,0,0,0,0
MindCave2_1450,0,0.88,0.0985150337219238,0.0065393447875976,0,1,1,0,0,0,0,0,0,1,0,0,0,0,0,0,0,0,0,0,0,0,0,1,0,0
MindCave2_1450,0,0.88,0.0994234085083007,0.0065584182739257,1,0,0,1,0,0,0,0,0,1,0,0,0,0,0,0,0,0,0,0,0,0,0,1,0,0
MindCave2_1450,0,0.88,0.1026644706726074,0.0065400600433349,1,0,1,0,0,0,0,0,0,1,0,0,0,0,0,0,0,0,0,0,0,0,0,1,0,0
MindCave2_1450,0,0.88,0.086064338684082,0.0062170028686523,1,0,1,0,0,0,1,0,0,0,0,0,0,0,0,0,0,0,0,1,0,0,0,0,0,0
MindCave2_1450,2,0.88,0.1307439804077148,0.0060827732086181,1,0,1,0,0,0,0,0,0,0,0,0,1,0,0,0,0,0,0,0,0,0,0,0,1,0
MindCave2_1450,0,0.88,0.0934760570526123,0.0061042308807373,1,0,0,0,1,0,0,0,0,1,0,0,0,0,0,0,0,0,0,0,0,0,0,1,0,0
MindCave2_1450,0,0.88,0.1138794422149658,0.0066151618957519,0,1,0,1,0,0,0,0,0,1,0,0,0,0,0,0,0,0,0,0,0,0,0,1,0,0
MindCave2_1450,0,0.88,0.0851409435272216,0.0062735080718994,1,0,0,0,1,0,0,0,0,0,0,0,0,1,0,0,0,0,0,0,0,0,0,1,0,0
MindCave2_1450,0,0.88,0.0824136734008789,0.0059373378753662,0,1,1,0,0,0,1,0,0,0,0,0,0,0,0,0,0,0,0,1,0,0,0,0,0,0
MindCave2_1450,0,0.88,0.0878472328186035,0.0063159465789794,1,0,0,1,0,0,0,0,0,0,0,0,0,1,0,0,0,0,0,0,0,0,0,1,0,0
MindCave2_1450,0,0.88,0.0829739570617675,0.0060188770294189,0,1,1,0,0,0,0,0,0,0,0,0,0,1,0,0,0,0,0,0,0,0,0,1,0,0
MindCave2_1450,2,0.88,0.1303515434265136,0.0064427852630615,1,0,0,0,1,0,0,0,0,0,0,0,1,0,0,0,0,0,0,0,0,0,0,0,1,0
PieChart3_1453,3,0.9209302325581395,0.0969927310943603,0.0064547061920166,1,0,1,0,0,0,0,1,0,0,0,0,0,0,0,0,0,0,0,0,0,0,0,0,0,1
PieChart3_1453,3,0.9209302325581395,0.0955691337585449,0.0063388347625732,0,1,0,0,1,0,0,1,0,0,0,0,0,0,0,0,0,0,0,0,0,0,0,0,0,1
PieChart3_1453,3,0.9209302325581395,0.0972950458526611,0.0065217018127441,0,1,1,0,0,0,0,1,0,0,0,0,0,0,0,0,0,0,0,0,0,0,0,0,0,1
PieChart3_1453,3,0.9209302325581395,0.0968325138092041,0.0067415237426757,0,1,0,1,0,0,0,1,0,0,0,0,0,0,0,0,0,0,0,0,0,0,0,0,0,1
PieChart3_1453,3,0.9209302325581395,0.105314016342163,0.0069429874420166,1,0,0,1,0,0,0,1,0,0,0,0,0,0,0,0,0,0,0,0,0,0,0,0,0,1
PieChart3_1453,3,0.9209302325581395,0.1102018356323242,0.0063519477844238,1,0,0,0,1,0,0,1,0,0,0,0,0,0,0,0,0,0,0,0,0,0,0,0,0,1
PieChart3_1453,3,0.916279069767442,0.1715154647827148,0.0069975852966308,1,0,0,1,0,0,0,0,0,0,0,0,1,0,0,0,0,0,0,0,1,0,0,0,0,0
PieChart3_1453,3,0.916279069767442,0.1026575565338134,0.0064501762390136,1,0,0,1,0,0,0,0,0,0,0,0,0,0,0,0,0,0,1,0,0,0,1,0,0,0
PieChart3_1453,3,0.916279069767442,0.0978648662567138,0.0065271854400634,0,1,0,0,1,0,0,0,0,0,0,0,0,0,0,0,0,0,1,0,0,0,0,0,1,0
PieChart3_1453,3,0.916279069767442,0.1840252876281738,0.0083308219909667,0,1,1,0,0,0,0,0,0,0,0,0,1,0,0,0,0,0,0,0,1,0,0,0,0,0
PieChart3_1453,3,0.916279069767442,0.0920107364654541,0.0062994956970214,0,1,0,0,1,0,0,1,0,0,0,0,0,0,0,0,0,0,0,1,0,0,0,0,0,0
PieChart3_1453,3,0.916279069767442,0.0929760932922363,0.0061719417572021,0,1,1,0,0,0,0,1,0,0,0,0,0,0,0,0,0,0,0,0,1,0,0,0,0,0
PieChart3_1453,3,0.916279069767442,0.098583698272705,0.0068790912628173,0,1,1,0,0,0,0,0,1,0,0,0,0,0,0,0,0,0,0,0,0,1,0,0,0,0
PieChart3_1453,3,0.916279069767442,0.100604772567749,0.0064480304718017,0,1,1,0,0,0,0,1,0,0,0,0,0,0,0,0,0,0,0,0,0,1,0,0,0,0
PieChart3_1453,3,0.916279069767442,0.0980551242828369,0.0066962242126464,1,0,1,0,0,0,0,1,0,0,0,0,0,0,0,0,0,0,0,1,0,0,0,0,0,0
PieChart3_1453,3,0.916279069767442,0.1727843284606933,0.0079302787780761,0,1,0,0,1,0,0,0,0,0,0,0,1,0,0,0,0,0,0,0,1,0,0,0,0,0
PieChart3_1453,3,0.916279069767442,0.0942466259002685,0.0065042972564697,1,0,0,1,0,0,0,1,0,0,0,0,0,0,0,0,0,0,0,1,0,0,0,0,0,0
PieChart3_1453,3,0.916279069767442,0.0991580486297607,0.0064630508422851,0,1,1,0,0,0,0,0,0,0,0,0,0,0,0,0,0,0,1,0,0,1,0,0,0,0
PieChart3_1453,3,0.916279069767442,0.1025390625,0.0076696872711181,1,0,0,0,1,0,0,1,0,0,0,0,0,0,0,0,0,0,0,0,1,0,0,0,0,0
PieChart3_1453,3,0.916279069767442,0.0974524021148681,0.006500244140625,1,0,0,0,1,0,0,0,0,0,0,0,0,0,0,0,0,0,1,0,1,0,0,0,0,0
appendicitis_test_edsa_45613,3,1.0,0.0656630992889404,0.0059733390808105,0,1,0,0,1,0,0,0,0,0,0,0,0,1,0,0,0,0,0,0,0,0,0,1,0,0
appendicitis_test_edsa_45613,3,1.0,0.0771093368530273,0.0060689449310302,0,1,0,0,1,0,0,0,0,0,0,0,0,0,1,0,0,0,0,0,0,1,0,0,0,0
appendicitis_test_edsa_45613,3,1.0,0.0651643276214599,0.0059483051300048,1,0,0,0,1,0,0,0,0,0,0,0,0,1,0,0,0,0,0,0,0,0,0,1,0,0
appendicitis_test_edsa_45613,3,1.0,0.076268196105957,0.0060384273529052,1,0,0,0,1,0,0,0,0,0,0,0,0,0,1,0,0,0,0,0,0,1,0,0,0,0
appendicitis_test_edsa_45613,3,1.0,0.0783450603485107,0.0064008235931396,1,0,0,1,0,0,0,0,0,0,0,0,0,0,1,0,0,0,0,0,0,1,0,0,0,0
appendicitis_test_edsa_45613,3,1.0,0.0761816501617431,0.0059633255004882,0,1,1,0,0,0,0,0,0,0,0,0,0,0,1,0,0,0,0,0,0,1,0,0,0,0
appendicitis_test_edsa_45613,3,1.0,0.1145136356353759,0.0061335563659667,1,0,0,0,1,0,0,0,0,0,0,0,1,0,0,0,0,0,0,0,0,0,0,1,0,0
appendicitis_test_edsa_45613,3,1.0,0.0658309459686279,0.0060193538665771,1,0,1,0,0,0,0,0,0,0,0,0,0,1,0,0,0,0,0,0,0,0,0,1,0,0
appendicitis_test_edsa_45613,3,1.0,0.1150012016296386,0.0061261653900146,0,1,1,0,0,0,0,0,0,0,0,0,1,0,0,0,0,0,0,0,0,0,0,1,0,0
appendicitis_test_edsa_45613,3,1.0,0.1204619407653808,0.0062487125396728,0,1,0,1,0,0,0,0,0,0,0,0,1,0,0,0,0,0,0,0,0,0,0,1,0,0
appendicitis_test_edsa_45613,3,1.0,0.1209428310394287,0.0062282085418701,1,0,1,0,0,0,0,0,0,0,0,0,1,0,0,0,0,0,0,0,0,0,0,1,0,0
appendicitis_test_edsa_45613,3,1.0,0.0670199394226074,0.005944013595581,0,1,1,0,0,0,0,0,0,0,0,0,0,1,0,0,0,0,0,0,0,0,0,1,0,0
appendicitis_test_edsa_45613,3,1.0,0.0762717723846435,0.0059857368469238,0,1,0,1,0,0,0,0,0,0,0,0,0,0,1,0,0,0,0,0,0,1,0,0,0,0
appendicitis_test_edsa_45613,3,1.0,0.9335877895355223,0.0060565471649169,0,1,0,1,0,0,0,0,0,0,0,0,0,1,0,0,0,0,0,0,0,0,0,1,0,0
appendicitis_test_edsa_45613,3,1.0,0.1157839298248291,0.00624680519104,0,1,0,0,1,0,0,0,0,0,0,0,1,0,0,0,0,0,0,0,0,0,0,1,0,0
appendicitis_test_edsa_45613,3,1.0,0.0775058269500732,0.0060732364654541,1,0,1,0,0,0,0,0,0,0,0,0,0,0,1,0,0,0,0,0,0,1,0,0,0,0
appendicitis_test_edsa_45613,3,1.0,0.1220345497131347,0.0060431957244873,1,0,0,1,0,0,0,0,0,0,0,0,1,0,0,0,0,0,0,0,0,0,0,1,0,0
appendicitis_test_edsa_45613,3,1.0,0.0650784969329834,0.0059702396392822,1,0,0,1,0,0,0,0,0,0,0,0,0,1,0,0,0,0,0,0,0,0,0,1,0,0
appendicitis_test_edsa_45613,3,0.9523809523809524,0.1142237186431884,0.0092408657073974,1,0,1,0,0,0,0,0,0,0,0,0,0,0,0,1,0,0,0,0,0,0,0,1,0,0
appendicitis_test_edsa_45613,3,0.9523809523809524,0.106952428817749,0.0061047077178955,0,1,0,1,0,0,0,0,0,0,0,0,0,0,0,0,1,0,0,0,0,0,0,0,1,0
DiabeticMellitus_41430,4,1.0,0.0670843124389648,0.0064058303833007,0,1,1,0,0,0,0,0,0,0,0,0,0,0,0,0,0,1,0,0,0,0,0,0,0,1
DiabeticMellitus_41430,4,1.0,0.0792539119720459,0.0071125030517578,0,1,0,0,1,0,0,0,0,0,1,0,0,0,0,0,0,0,0,0,0,0,0,1,0,0
DiabeticMellitus_41430,0,1.0,0.0778424739837646,0.0079014301300048,0,1,1,0,0,0,0,0,0,0,0,1,0,0,0,0,0,0,0,0,1,0,0,0,0,0
DiabeticMellitus_41430,4,1.0,0.0693492889404296,0.0065624713897705,0,1,0,0,1,0,0,0,0,0,1,0,0,0,0,0,0,0,0,0,0,0,1,0,0,0
DiabeticMellitus_41430,4,1.0,0.067594289779663,0.0068945884704589,0,1,0,0,1,0,0,0,0,0,0,0,0,0,0,0,0,1,0,0,0,0,0,1,0,0
DiabeticMellitus_41430,4,1.0,0.0765049457550048,0.0079114437103271,0,1,1,0,0,0,0,0,0,0,0,1,0,0,0,0,0,0,0,0,1,0,0,0,0,0
DiabeticMellitus_41430,4,1.0,0.0718483924865722,0.0069763660430908,0,1,1,0,0,0,0,0,1,0,0,0,0,0,0,0,0,0,0,0,1,0,0,0,0,0
DiabeticMellitus_41430,0,1.0,0.0662922859191894,0.0063338279724121,0,1,0,0,1,0,0,0,1,0,0,0,0,0,0,0,0,0,0,0,0,0,0,1,0,0
DiabeticMellitus_41430,4,1.0,0.0641536712646484,0.0061159133911132,0,1,1,0,0,0,0,0,1,0,0,0,0,0,0,0,0,0,0,0,0,0,0,0,0,1
DiabeticMellitus_41430,4,1.0,1.6162755489349363,0.0137591361999511,0,1,0,1,0,0,0,0,0,0,0,0,0,0,1,0,0,0,0,0,0,0,1,0,0,0
DiabeticMellitus_41430,4,1.0,0.6622624397277832,0.0250289440155029,0,1,1,0,0,0,0,0,0,0,0,0,0,0,1,0,0,0,0,0,1,0,0,0,0,0
DiabeticMellitus_41430,0,1.0,0.6975479125976562,0.0142529010772705,0,1,1,0,0,0,0,0,0,0,0,0,0,0,1,0,0,0,0,0,1,0,0,0,0,0
DiabeticMellitus_41430,4,1.0,0.0671725273132324,0.0063967704772949,0,1,0,1,0,0,0,0,0,0,0,0,0,0,0,0,0,1,0,0,1,0,0,0,0,0
DiabeticMellitus_41430,4,1.0,0.0642576217651367,0.0061285495758056,0,1,0,1,0,0,0,0,1,0,0,0,0,0,0,0,0,0,0,0,0,0,1,0,0,0
DiabeticMellitus_41430,4,1.0,0.075568675994873,0.006617784500122,0,1,0,1,0,0,0,0,0,0,0,1,0,0,0,0,0,0,0,0,0,0,1,0,0,0
DiabeticMellitus_41430,0,1.0,0.0665719509124755,0.0064008235931396,0,1,0,1,0,0,0,0,1,0,0,0,0,0,0,0,0,0,0,0,1,0,0,0,0,0
DiabeticMellitus_41430,0,1.0,1.077173948287964,0.0134966373443603,0,1,0,1,0,0,0,0,0,0,0,0,0,0,1,0,0,0,0,0,0,0,1,0,0,0
DiabeticMellitus_41430,4,1.0,0.0716340541839599,0.0066304206848144,0,1,1,0,0,0,0,0,0,0,1,0,0,0,0,0,0,0,0,0,0,0,0,0,0,1
DiabeticMellitus_41430,0,1.0,0.0799741744995117,0.006709337234497,0,1,0,0,1,0,0,0,0,0,1,0,0,0,0,0,0,0,0,0,0,1,0,0,0,0
DiabeticMellitus_41430,4,1.0,0.0768027305603027,0.0066325664520263,0,1,0,0,1,0,0,0,0,0,0,1,0,0,0,0,0,0,0,0,0,0,1,0,0,0
tae_48,2,0.8,0.1349422931671142,0.0067675113677978,0,1,0,1,0,0,0,0,0,0,0,0,0,0,0,0,1,0,0,0,0,0,1,0,0,0
tae_48,2,0.8,0.1197104454040527,0.006242036819458,1,0,1,0,0,0,0,0,0,0,0,0,0,0,0,0,1,0,0,0,0,0,1,0,0,0
tae_48,2,0.8,0.1165966987609863,0.006101369857788,0,1,1,0,0,0,0,0,0,0,0,0,0,0,0,0,1,0,0,0,0,0,1,0,0,0
tae_48,2,0.8,0.1200840473175048,0.0062558650970458,1,0,0,1,0,0,0,0,0,0,0,0,0,0,0,0,1,0,0,0,0,0,1,0,0,0
tae_48,2,0.8,0.1155121326446533,0.0061137676239013,1,0,0,0,1,0,0,0,0,0,0,0,0,0,0,0,1,0,0,0,0,0,1,0,0,0
tae_48,2,0.8,0.1140291690826416,0.0059201717376708,0,1,0,0,1,0,0,0,0,0,0,0,0,0,0,0,1,0,0,0,0,0,1,0,0,0
tae_48,0,0.7419354838709677,0.1220290660858154,0.0073974132537841,1,0,1,0,0,0,0,0,0,0,0,0,0,0,0,0,1,0,0,0,0,0,1,0,0,0
tae_48,0,0.7419354838709677,0.1218187808990478,0.0063381195068359,0,1,0,1,0,0,0,0,0,0,0,0,0,0,0,0,1,0,0,0,0,0,1,0,0,0
tae_48,0,0.7419354838709677,0.1156148910522461,0.0061008930206298,1,0,0,1,0,0,0,0,0,0,0,0,0,0,0,0,1,0,0,0,0,0,1,0,0,0
tae_48,0,0.7419354838709677,0.1222379207611084,0.0063488483428955,0,1,1,0,0,0,0,0,0,0,0,0,0,0,0,0,1,0,0,0,0,0,1,0,0,0
tae_48,0,0.7419354838709677,0.12046480178833,0.0062744617462158,0,1,0,0,1,0,0,0,0,0,0,0,0,0,0,0,1,0,0,0,0,0,1,0,0,0
tae_48,0,0.7419354838709677,0.1183550357818603,0.0060272216796875,1,0,0,0,1,0,0,0,0,0,0,0,0,0,0,0,1,0,0,0,0,0,1,0,0,0
tae_48,3,0.7333333333333333,0.114591360092163,0.0062613487243652,0,1,1,0,0,0,0,0,0,0,0,0,0,0,0,0,1,0,0,1,0,0,0,0,0,0
tae_48,3,0.7333333333333333,0.121082067489624,0.006141185760498,1,0,0,1,0,0,0,0,0,0,0,0,0,0,0,0,1,0,0,1,0,0,0,0,0,0
tae_48,3,0.7333333333333333,0.1229925155639648,0.0061860084533691,0,1,0,0,1,0,0,0,0,0,0,0,0,0,0,0,1,0,0,1,0,0,0,0,0,0
tae_48,3,0.7333333333333333,0.1172173023223877,0.0062367916107177,0,1,0,1,0,0,0,0,0,0,0,0,0,0,0,0,1,0,0,1,0,0,0,0,0,0
tae_48,3,0.7333333333333333,0.1134600639343261,0.0059478282928466,1,0,0,0,1,0,0,0,0,0,0,0,0,0,0,0,1,0,0,1,0,0,0,0,0,0
tae_48,3,0.7333333333333333,0.1178977489471435,0.0060703754425048,1,0,1,0,0,0,0,0,0,0,0,0,0,0,0,0,1,0,0,1,0,0,0,0,0,0
tae_48,0,0.7096774193548387,0.0682497024536132,0.0059893131256103,1,0,0,0,1,0,0,0,0,0,0,0,0,1,0,0,0,0,0,0,0,0,0,0,0,1
tae_48,0,0.7096774193548387,0.0646493434906005,0.0058894157409667,0,1,0,1,0,0,0,0,0,0,0,0,0,1,0,0,0,0,0,0,0,0,0,0,0,1
fri_c1_500_50_766,4,0.94,0.0801169872283935,0.0058827400207519,1,0,1,0,0,0,0,0,0,0,0,0,0,0,0,0,0,1,0,0,1,0,0,0,0,0
fri_c1_500_50_766,4,0.94,0.0850155353546142,0.0062563419342041,0,1,0,0,1,0,0,0,0,0,0,0,0,0,0,0,0,1,0,0,0,0,0,1,0,0
fri_c1_500_50_766,4,0.94,0.0766894817352294,0.0057160854339599,0,1,1,0,0,0,0,0,0,0,0,0,0,0,0,0,0,1,0,0,0,0,0,1,0,0
fri_c1_500_50_766,4,0.94,0.0947568416595459,0.0075445175170898,1,0,1,0,0,0,0,0,0,0,0,0,0,0,0,0,0,1,0,1,0,0,0,0,0,0
fri_c1_500_50_766,4,0.94,0.0777840614318847,0.0059895515441894,0,1,1,0,0,0,0,0,0,0,0,0,0,0,0,0,0,1,0,0,0,0,1,0,0,0
fri_c1_500_50_766,4,0.94,0.0774016380310058,0.0058562755584716,1,0,0,0,1,0,0,0,0,0,0,0,0,0,0,0,0,1,0,1,0,0,0,0,0,0
fri_c1_500_50_766,4,0.94,0.0837495326995849,0.0059797763824462,1,0,0,1,0,0,0,0,0,0,0,0,0,0,0,0,0,1,0,1,0,0,0,0,0,0
fri_c1_500_50_766,4,0.94,0.0938339233398437,0.0063474178314208,0,1,0,0,1,0,0,0,0,0,0,0,0,0,0,0,0,1,0,0,0,0,0,0,1,0
fri_c1_500_50_766,4,0.94,0.0780475139617919,0.0059888362884521,0,1,1,0,0,0,0,0,0,0,0,0,0,0,0,0,0,1,0,1,0,0,0,0,0,0
fri_c1_500_50_766,4,0.94,0.0765960216522216,0.0058131217956542,1,0,0,1,0,0,0,0,0,0,0,0,0,0,0,0,0,1,0,0,0,0,0,0,1,0
fri_c1_500_50_766,4,0.94,0.0767982006072998,0.0059146881103515,0,1,0,1,0,0,0,0,0,0,0,0,0,0,0,0,0,1,0,0,1,0,0,0,0,0
fri_c1_500_50_766,4,0.94,0.0808031558990478,0.0058796405792236,0,1,0,1,0,0,0,0,0,0,0,0,0,0,0,0,0,1,0,0,0,0,0,0,0,1
fri_c1_500_50_766,4,0.94,0.0772247314453125,0.0062415599822998,0,1,1,0,0,0,0,0,0,0,0,0,0,0,0,0,0,1,0,0,0,0,0,0,1,0
fri_c1_500_50_766,4,0.94,0.0858664512634277,0.0063860416412353,0,1,0,0,1,0,0,0,0,0,0,0,0,0,0,0,0,1,0,1,0,0,0,0,0,0
fri_c1_500_50_766,4,0.94,0.0803444385528564,0.0061392784118652,1,0,0,0,1,0,0,0,0,0,0,0,0,0,0,0,0,1,0,0,0,0,0,0,1,0
fri_c1_500_50_766,4,0.94,0.0794878005981445,0.0059313774108886,1,0,0,1,0,0,0,0,0,0,0,0,0,0,0,0,0,1,0,0,1,0,0,0,0,0
fri_c1_500_50_766,4,0.94,0.0817298889160156,0.006335973739624,1,0,0,1,0,0,0,0,0,0,0,0,0,0,0,0,0,1,0,0,0,0,0,0,0,1
fri_c1_500_50_766,4,0.94,0.0810530185699462,0.0060007572174072,0,1,1,0,0,0,0,0,0,0,0,0,0,0,0,0,0,1,0,0,1,0,0,0,0,0
fri_c1_500_50_766,4,0.94,0.0838720798492431,0.0060648918151855,0,1,1,0,0,0,0,0,0,0,0,0,0,0,0,0,0,1,0,0,0,0,0,0,0,1
fri_c1_500_50_766,4,0.94,0.0846917629241943,0.0065767765045166,0,1,0,0,1,0,0,0,0,0,0,0,0,0,0,0,0,1,0,0,0,0,0,0,0,1
tokyo1_40705,2,0.9635416666666666,0.1275660991668701,0.0063755512237548,1,0,1,0,0,0,0,0,0,0,1,0,0,0,0,0,0,0,0,0,0,0,0,0,0,1
tokyo1_40705,2,0.9635416666666666,0.1241087913513183,0.0064210891723632,1,0,0,1,0,0,0,0,0,0,1,0,0,0,0,0,0,0,0,0,0,0,0,0,0,1
tokyo1_40705,2,0.9635416666666666,0.1232225894927978,0.0063254833221435,0,1,1,0,0,0,0,0,0,0,1,0,0,0,0,0,0,0,0,0,0,0,0,0,0,1
tokyo1_40705,2,0.9635416666666666,0.1190540790557861,0.0060682296752929,0,1,0,1,0,0,0,0,0,0,1,0,0,0,0,0,0,0,0,0,0,0,0,0,0,1
tokyo1_40705,2,0.9635416666666666,0.1232850551605224,0.0064094066619873,1,0,0,0,1,0,0,0,0,0,1,0,0,0,0,0,0,0,0,0,0,0,0,0,0,1
tokyo1_40705,2,0.9635416666666666,0.1249740123748779,0.0065274238586425,0,1,0,0,1,0,0,0,0,0,1,0,0,0,0,0,0,0,0,0,0,0,0,0,0,1
tokyo1_40705,2,0.9583333333333334,0.1386566162109375,0.0063116550445556,0,1,1,0,0,0,0,0,0,0,1,0,0,0,0,0,0,0,0,0,0,0,0,0,1,0
tokyo1_40705,2,0.9583333333333334,0.2667498588562011,0.0064866542816162,0,1,1,0,0,0,0,0,0,0,0,0,0,1,0,0,0,0,0,0,0,0,1,0,0,0
tokyo1_40705,2,0.9583333333333334,0.268068790435791,0.0065250396728515,1,0,0,0,1,0,0,0,0,1,0,0,0,0,0,0,0,0,0,0,0,0,1,0,0,0
tokyo1_40705,2,0.9583333333333334,0.1382992267608642,0.0062336921691894,0,1,0,1,0,0,0,0,0,0,1,0,0,0,0,0,0,0,0,0,0,0,0,0,1,0
tokyo1_40705,2,0.9583333333333334,0.2564625740051269,0.0064246654510498,1,0,1,0,0,0,0,0,0,0,0,0,0,1,0,0,0,0,0,0,0,0,1,0,0,0
tokyo1_40705,2,0.9583333333333334,0.2812104225158691,0.006723403930664,1,0,1,0,0,0,0,0,0,1,0,0,0,0,0,0,0,0,0,0,0,0,1,0,0,0
tokyo1_40705,2,0.9583333333333334,3.14009165763855,0.0103950500488281,0,1,1,0,0,0,0,0,0,0,0,0,0,0,1,0,0,0,0,0,0,0,0,0,1,0
tokyo1_40705,2,0.9583333333333334,0.2607762813568115,0.0067088603973388,1,0,0,1,0,0,0,0,0,0,0,0,0,1,0,0,0,0,0,0,0,0,1,0,0,0
tokyo1_40705,2,0.9583333333333334,0.1206336021423339,0.0062572956085205,0,1,0,1,0,0,0,0,0,0,1,0,0,0,0,0,0,0,0,1,0,0,0,0,0,0
tokyo1_40705,2,0.9583333333333334,0.1401834487915039,0.0062372684478759,1,0,1,0,0,0,0,0,0,0,1,0,0,0,0,0,0,0,0,0,0,0,0,0,1,0
tokyo1_40705,2,0.9583333333333334,0.2562956809997558,0.0062711238861083,0,1,0,1,0,0,0,0,0,0,0,0,0,1,0,0,0,0,0,0,0,0,1,0,0,0
tokyo1_40705,2,0.9583333333333334,0.1201925277709961,0.0063178539276123,1,0,1,0,0,0,0,0,0,0,1,0,0,0,0,0,0,0,0,1,0,0,0,0,0,0
tokyo1_40705,2,0.9583333333333334,0.1446709632873535,0.0065438747406005,1,0,0,0,1,0,0,0,0,0,1,0,0,0,0,0,0,0,0,0,0,0,0,0,1,0
tokyo1_40705,2,0.9583333333333334,0.2845277786254883,0.0067007541656494,0,1,1,0,0,0,0,0,0,1,0,0,0,0,0,0,0,0,0,0,0,0,1,0,0,0
schizo_466,1,0.9558823529411764,0.1635060310363769,0.0059418678283691,0,1,0,1,0,0,0,0,0,0,0,0,1,0,0,0,0,0,0,0,1,0,0,0,0,0
schizo_466,3,0.9558823529411764,0.1607506275177002,0.0061278343200683,0,1,0,0,1,0,0,0,0,0,0,0,1,0,0,0,0,0,0,0,1,0,0,0,0,0
schizo_466,0,0.9411764705882352,0.1646344661712646,0.0064575672149658,0,1,0,0,1,0,0,0,0,0,0,0,1,0,0,0,0,0,0,0,1,0,0,0,0,0
schizo_466,3,0.9411764705882352,0.0726656913757324,0.0063259601593017,0,1,0,1,0,0,0,1,0,0,0,0,0,0,0,0,0,0,0,0,0,0,0,0,1,0
schizo_466,2,0.9411764705882352,0.1608998775482177,0.0060071945190429,0,1,0,1,0,0,0,0,0,0,0,0,1,0,0,0,0,0,0,0,1,0,0,0,0,0
schizo_466,4,0.9264705882352942,0.1634304523468017,0.0059344768524169,0,1,0,1,0,0,0,0,0,0,0,0,1,0,0,0,0,0,0,0,1,0,0,0,0,0
schizo_466,2,0.9264705882352942,0.0698535442352294,0.0059638023376464,0,1,0,1,0,0,0,1,0,0,0,0,0,0,0,0,0,0,0,0,1,0,0,0,0,0
schizo_466,3,0.9117647058823528,0.0686054229736328,0.0059044361114501,0,1,0,1,0,0,0,0,0,0,0,0,0,0,0,0,0,0,1,0,1,0,0,0,0,0
schizo_466,3,0.8970588235294118,0.0682394504547119,0.0058965682983398,0,1,0,0,1,0,0,1,0,0,0,0,0,0,0,0,0,0,0,0,1,0,0,0,0,0
schizo_466,3,0.8970588235294118,0.1659407615661621,0.0063214302062988,0,1,0,1,0,0,0,0,0,0,0,0,1,0,0,0,0,0,0,0,1,0,0,0,0,0
schizo_466,2,0.8823529411764706,0.1724226474761963,0.0063629150390625,0,1,0,0,1,0,0,0,0,0,0,0,1,0,0,0,0,0,0,0,1,0,0,0,0,0
schizo_466,0,0.8823529411764706,0.0733628273010253,0.0064489841461181,0,1,0,0,1,0,0,0,0,0,0,0,0,0,0,0,0,0,1,0,1,0,0,0,0,0
schizo_466,0,0.8823529411764706,0.1598062515258789,0.0060386657714843,0,1,0,1,0,0,0,0,0,0,0,0,1,0,0,0,0,0,0,0,1,0,0,0,0,0
schizo_466,1,0.8823529411764706,0.0727460384368896,0.0061047077178955,0,1,0,0,1,0,0,0,0,0,1,0,0,0,0,0,0,0,0,0,0,1,0,0,0,0
schizo_466,1,0.8676470588235294,0.0714349746704101,0.0060851573944091,0,1,0,1,0,0,0,1,0,0,0,0,0,0,0,0,0,0,0,0,1,0,0,0,0,0
schizo_466,3,0.8676470588235294,0.0671420097351074,0.0058186054229736,0,1,0,1,0,0,0,1,0,0,0,0,0,0,0,0,0,0,0,0,1,0,0,0,0,0
schizo_466,4,0.8676470588235294,0.1577091217041015,0.0064337253570556,0,1,0,0,1,0,0,0,0,0,0,0,1,0,0,0,0,0,0,0,1,0,0,0,0,0
schizo_466,4,0.8676470588235294,0.0964705944061279,0.0067014694213867,0,1,0,1,0,1,0,0,0,0,0,0,0,0,0,0,0,0,0,0,0,1,0,0,0,0
schizo_466,2,0.8676470588235294,0.0715453624725341,0.0061237812042236,0,1,0,1,0,0,0,1,0,0,0,0,0,0,0,0,0,0,0,0,0,0,0,0,1,0
schizo_466,2,0.8676470588235294,0.0701735019683837,0.0059633255004882,0,1,0,0,1,0,0,0,0,0,0,0,0,0,0,0,0,0,1,0,1,0,0,0,0,0
glass_1005,4,0.9285714285714286,0.0884404182434082,0.0062811374664306,0,1,0,1,0,0,0,0,0,1,0,0,0,0,0,0,0,0,0,0,0,0,0,0,0,1
glass_1005,4,0.9285714285714286,0.0915408134460449,0.00620698928833,1,0,0,1,0,0,0,0,0,1,0,0,0,0,0,0,0,0,0,0,0,0,0,0,0,1
glass_1005,4,0.9285714285714286,0.0734894275665283,0.0060176849365234,1,0,1,0,0,0,0,0,0,0,0,0,0,1,0,0,0,0,0,0,0,0,0,0,0,1
glass_1005,4,0.9285714285714286,0.0847628116607666,0.0062506198883056,1,0,1,0,0,0,0,0,0,1,0,0,0,0,0,0,0,0,0,0,0,0,0,0,0,1
glass_1005,4,0.9285714285714286,0.0703837871551513,0.0057117938995361,0,1,1,0,0,0,0,0,0,0,0,0,0,1,0,0,0,0,0,0,0,0,0,0,0,1
glass_1005,4,0.9285714285714286,0.06801438331604,0.0055439472198486,1,0,0,1,0,0,0,0,0,0,0,0,0,1,0,0,0,0,0,0,0,0,0,0,0,1
glass_1005,4,0.9285714285714286,0.0856435298919677,0.006282091140747,1,0,0,0,1,0,0,0,0,1,0,0,0,0,0,0,0,0,0,0,0,0,0,0,0,1
glass_1005,4,0.9285714285714286,0.087958812713623,0.0064661502838134,0,1,1,0,0,0,0,0,0,1,0,0,0,0,0,0,0,0,0,0,0,0,0,0,0,1
glass_1005,4,0.9285714285714286,0.0707769393920898,0.0057952404022216,0,1,0,0,1,0,0,0,0,0,0,0,0,1,0,0,0,0,0,0,0,0,0,0,0,1
glass_1005,4,0.9285714285714286,0.0910322666168212,0.0064432621002197,0,1,0,0,1,0,0,0,0,1,0,0,0,0,0,0,0,0,0,0,0,0,0,0,0,1
glass_1005,4,0.9285714285714286,0.0679113864898681,0.0057170391082763,1,0,0,0,1,0,0,0,0,0,0,0,0,1,0,0,0,0,0,0,0,0,0,0,0,1
glass_1005,4,0.9285714285714286,0.0712542533874511,0.0057742595672607,0,1,0,1,0,0,0,0,0,0,0,0,0,1,0,0,0,0,0,0,0,0,0,0,0,1
glass_1005,2,0.9069767441860463,0.1549532413482666,0.0062873363494873,1,0,0,1,0,0,0,0,0,0,0,0,0,0,0,0,1,0,0,1,0,0,0,0,0,0
glass_1005,2,0.9069767441860463,0.1461753845214843,0.0059535503387451,0,1,0,1,0,0,0,0,0,0,0,0,0,0,0,0,1,0,0,1,0,0,0,0,0,0
glass_1005,2,0.9069767441860463,0.147052526473999,0.0060100555419921,1,0,1,0,0,0,0,0,0,0,0,0,0,0,0,0,1,0,0,1,0,0,0,0,0,0
glass_1005,2,0.9069767441860463,0.146136999130249,0.005934715270996,0,1,0,0,1,0,0,0,0,0,0,0,0,0,0,0,1,0,0,1,0,0,0,0,0,0
glass_1005,2,0.9069767441860463,0.1473009586334228,0.006068468093872,0,1,1,0,0,0,0,0,0,0,0,0,0,0,0,0,1,0,0,1,0,0,0,0,0,0
glass_1005,2,0.9069767441860463,0.1483047008514404,0.0060012340545654,1,0,0,0,1,0,0,0,0,0,0,0,0,0,0,0,1,0,0,1,0,0,0,0,0,0
glass_1005,4,0.9047619047619048,0.0648128986358642,0.0057871341705322,1,0,1,0,0,0,0,0,0,0,1,0,0,0,0,0,0,0,0,0,0,0,0,0,0,1
glass_1005,4,0.9047619047619048,0.066791296005249,0.0059335231781005,0,1,0,1,0,0,0,0,0,0,1,0,0,0,0,0,0,0,0,0,0,0,0,0,0,1
backache_463,1,0.9722222222222222,0.0658245086669921,0.006077766418457,1,0,0,0,1,0,0,0,0,0,0,1,0,0,0,0,0,0,0,0,0,0,0,1,0,0
backache_463,1,0.9722222222222222,0.0661046504974365,0.0060296058654785,1,0,0,0,1,0,0,0,0,0,0,1,0,0,0,0,0,0,0,0,0,0,1,0,0,0
backache_463,1,0.9722222222222222,0.065427541732788,0.0061163902282714,0,1,1,0,0,0,0,0,0,0,0,1,0,0,0,0,0,0,0,0,0,0,0,0,0,1
backache_463,1,0.9722222222222222,0.0668904781341552,0.0071644783020019,0,1,0,0,1,0,0,0,0,0,0,1,0,0,0,0,0,0,0,0,1,0,0,0,0,0
backache_463,1,0.9722222222222222,0.0663809776306152,0.0062146186828613,1,0,1,0,0,0,0,0,0,0,0,1,0,0,0,0,0,0,0,0,0,0,0,1,0,0
backache_463,1,0.9722222222222222,0.0656607151031494,0.0060400962829589,0,1,0,0,1,0,0,0,0,0,0,1,0,0,0,0,0,0,0,0,0,0,0,0,0,1
backache_463,1,0.9722222222222222,0.0656161308288574,0.0062191486358642,1,0,0,0,1,0,0,0,0,0,0,1,0,0,0,0,0,0,0,1,0,0,0,0,0,0
backache_463,1,0.9722222222222222,0.0657949447631836,0.0061194896697998,1,0,0,1,0,0,0,0,0,0,0,1,0,0,0,0,0,0,0,0,0,0,0,1,0,0
backache_463,1,0.9722222222222222,0.0655677318572998,0.0061118602752685,0,1,0,1,0,0,0,0,0,0,0,1,0,0,0,0,0,0,0,1,0,0,0,0,0,0
backache_463,1,0.9722222222222222,0.0659961700439453,0.0061128139495849,1,0,1,0,0,0,0,0,0,0,0,1,0,0,0,0,0,0,0,1,0,0,0,0,0,0
backache_463,1,0.9722222222222222,0.0654616355895996,0.0060601234436035,0,1,1,0,0,0,0,0,0,0,0,1,0,0,0,0,0,0,0,0,0,0,0,1,0,0
backache_463,1,0.9722222222222222,0.0698931217193603,0.0060555934906005,0,1,0,1,0,0,0,0,0,0,0,1,0,0,0,0,0,0,0,0,0,0,0,0,0,1
backache_463,1,0.9722222222222222,0.0656397342681884,0.0060055255889892,0,1,1,0,0,0,0,0,0,0,0,1,0,0,0,0,0,0,0,0,0,0,0,0,1,0
backache_463,1,0.9722222222222222,0.0656647682189941,0.0060346126556396,0,1,0,1,0,0,0,0,0,0,0,1,0,0,0,0,0,0,0,0,0,0,0,1,0,0
backache_463,1,0.9722222222222222,0.0673482418060302,0.0071213245391845,1,0,0,1,0,0,0,0,0,0,0,1,0,0,0,0,0,0,0,0,1,0,0,0,0,0
backache_463,1,0.9722222222222222,0.0654859542846679,0.0061430931091308,0,1,0,0,1,0,0,0,0,0,0,1,0,0,0,0,0,0,0,0,0,0,0,0,1,0
backache_463,1,0.9722222222222222,0.0665004253387451,0.00620698928833,1,0,1,0,0,0,0,0,0,0,0,1,0,0,0,0,0,0,0,0,0,0,0,0,1,0
backache_463,1,0.9722222222222222,0.0655620098114013,0.006110668182373,1,0,0,0,1,0,0,0,0,0,0,1,0,0,0,0,0,0,0,0,0,0,0,0,0,1
backache_463,1,0.9722222222222222,0.0610294342041015,0.0056796073913574,1,0,0,1,0,0,0,0,0,0,0,1,0,0,0,0,0,0,0,0,0,0,0,0,0,1
backache_463,1,0.9722222222222222,0.0654246807098388,0.0060808658599853,0,1,0,1,0,0,0,0,0,0,0,1,0,0,0,0,0,0,0,0,0,0,1,0,0,0
parkinsons_1488,2,0.9743589743589745,0.0896117687225341,0.006521463394165,0,1,0,0,1,0,0,0,0,1,0,0,0,0,0,0,0,0,0,0,0,0,0,1,0,0
parkinsons_1488,2,0.9743589743589745,0.1401145458221435,0.0059146881103515,0,1,0,1,0,0,0,0,0,0,0,0,0,0,0,0,1,0,0,1,0,0,0,0,0,0
parkinsons_1488,1,0.9743589743589745,0.2616097927093506,0.0060415267944335,1,0,0,0,1,0,0,0,0,0,0,0,0,0,1,0,0,0,0,0,0,0,0,1,0,0
parkinsons_1488,2,0.9743589743589745,0.0663504600524902,0.0060009956359863,0,1,0,0,1,1,0,0,0,0,0,0,0,0,0,0,0,0,0,0,0,0,0,1,0,0
parkinsons_1488,1,0.9743589743589745,0.26898193359375,0.0061099529266357,0,1,0,0,1,0,0,0,0,0,0,0,0,0,1,0,0,0,0,0,0,0,0,1,0,0
parkinsons_1488,2,0.9743589743589745,0.0738637447357177,0.0054583549499511,0,1,0,0,1,0,0,0,0,0,0,0,0,1,0,0,0,0,0,0,0,0,0,1,0,0
parkinsons_1488,2,0.9743589743589745,0.0929992198944091,0.0060381889343261,0,1,1,0,0,0,0,0,0,1,0,0,0,0,0,0,0,0,0,0,0,0,0,1,0,0
parkinsons_1488,2,0.9743589743589745,0.0665974617004394,0.0059394836425781,0,1,1,0,0,1,0,0,0,0,0,0,0,0,0,0,0,0,0,0,0,0,0,1,0,0
parkinsons_1488,2,0.9743589743589745,0.1565773487091064,0.0059428215026855,1,0,0,1,0,0,0,0,0,0,0,0,1,0,0,0,0,0,0,0,0,0,0,0,1,0
parkinsons_1488,2,0.9743589743589745,0.1359052658081054,0.0057511329650878,1,0,0,0,1,0,0,0,0,0,0,0,0,0,0,0,1,0,0,1,0,0,0,0,0,0
parkinsons_1488,2,0.9743589743589745,0.066685676574707,0.0057771205902099,1,0,0,0,1,1,0,0,0,0,0,0,0,0,0,0,0,0,0,0,0,0,0,1,0,0
parkinsons_1488,1,0.9743589743589745,0.2741878032684326,0.0061345100402832,1,0,1,0,0,0,0,0,0,0,0,0,0,0,1,0,0,0,0,0,0,0,0,1,0,0
parkinsons_1488,2,0.9743589743589745,0.078711986541748,0.0058469772338867,1,0,0,0,1,0,0,0,0,0,0,0,0,1,0,0,0,0,0,0,0,0,0,1,0,0
parkinsons_1488,3,0.9743589743589745,0.1058266162872314,0.0090193748474121,0,1,0,1,0,0,0,0,0,0,0,0,0,0,0,1,0,0,0,0,0,1,0,0,0,0
parkinsons_1488,2,0.9743589743589745,0.0941479206085205,0.0063989162445068,1,0,1,0,0,0,0,0,0,1,0,0,0,0,0,0,0,0,0,0,0,0,0,1,0,0
parkinsons_1488,2,0.9743589743589745,0.1444509029388427,0.0059971809387207,1,0,0,1,0,0,0,0,0,0,0,0,0,0,0,0,1,0,0,1,0,0,0,0,0,0
parkinsons_1488,1,0.9743589743589745,0.2743551731109619,0.0062966346740722,0,1,0,1,0,0,0,0,0,0,0,0,0,0,1,0,0,0,0,0,0,0,0,1,0,0
parkinsons_1488,2,0.9743589743589745,0.0942442417144775,0.0064330101013183,1,0,0,0,1,0,0,0,0,1,0,0,0,0,0,0,0,0,0,0,0,0,0,1,0,0
parkinsons_1488,2,0.9743589743589745,0.1381967067718505,0.0058419704437255,1,0,1,0,0,0,0,0,0,0,0,0,0,0,0,0,1,0,0,1,0,0,0,0,0,0
parkinsons_1488,2,0.9743589743589745,0.1564469337463379,0.0061843395233154,0,1,0,0,1,0,0,0,0,0,0,0,1,0,0,0,0,0,0,0,0,0,0,0,1,0
PieChart1_1451,3,0.9574468085106383,0.1853260993957519,0.0059535503387451,0,1,0,1,0,0,0,0,0,1,0,0,0,0,0,0,0,0,0,1,0,0,0,0,0,0
PieChart1_1451,3,0.9574468085106383,0.1815741062164306,0.0060606002807617,0,1,1,0,0,0,0,0,0,1,0,0,0,0,0,0,0,0,0,1,0,0,0,0,0,0
PieChart1_1451,3,0.9574468085106383,0.2063708305358886,0.0061745643615722,1,0,1,0,0,0,0,0,0,0,0,0,0,1,0,0,0,0,0,1,0,0,0,0,0,0
PieChart1_1451,3,0.9574468085106383,0.1917910575866699,0.0062899589538574,0,1,0,0,1,0,0,0,0,1,0,0,0,0,0,0,0,0,0,1,0,0,0,0,0,0
PieChart1_1451,3,0.9574468085106383,0.1869428157806396,0.0062916278839111,0,1,0,1,0,0,0,0,0,0,0,0,0,1,0,0,0,0,0,1,0,0,0,0,0,0
PieChart1_1451,3,0.9574468085106383,0.2028539180755615,0.0064396858215332,1,0,0,0,1,0,0,0,0,1,0,0,0,0,0,0,0,0,0,1,0,0,0,0,0,0
PieChart1_1451,3,0.9574468085106383,0.1969656944274902,0.0062232017517089,1,0,1,0,0,0,0,0,0,1,0,0,0,0,0,0,0,0,0,1,0,0,0,0,0,0
PieChart1_1451,3,0.9574468085106383,0.1848158836364746,0.0065522193908691,1,0,0,1,0,0,0,0,0,0,0,0,0,1,0,0,0,0,0,1,0,0,0,0,0,0
PieChart1_1451,3,0.9574468085106383,0.1886465549468994,0.006338357925415,0,1,0,0,1,0,0,0,0,0,0,0,0,1,0,0,0,0,0,1,0,0,0,0,0,0
PieChart1_1451,3,0.9574468085106383,0.1788833141326904,0.0058825016021728,1,0,0,0,1,0,0,0,0,0,0,0,0,1,0,0,0,0,0,1,0,0,0,0,0,0
PieChart1_1451,3,0.9574468085106383,0.2035341262817382,0.0063652992248535,1,0,0,1,0,0,0,0,0,1,0,0,0,0,0,0,0,0,0,1,0,0,0,0,0,0
PieChart1_1451,3,0.9574468085106383,0.183976411819458,0.0062084197998046,0,1,1,0,0,0,0,0,0,0,0,0,0,1,0,0,0,0,0,1,0,0,0,0,0,0
PieChart1_1451,3,0.950354609929078,2.98236083984375,0.0083842277526855,1,0,0,1,0,0,0,0,0,0,0,0,0,0,1,0,0,0,0,0,1,0,0,0,0,0
PieChart1_1451,3,0.950354609929078,1.3972039222717283,0.0092310905456542,0,1,0,0,1,0,0,0,0,0,0,0,0,0,1,0,0,0,0,1,0,0,0,0,0,0
PieChart1_1451,3,0.950354609929078,1.3763983249664309,0.0084080696105957,1,0,0,0,1,0,0,0,0,0,0,0,0,0,1,0,0,0,0,1,0,0,0,0,0,0
PieChart1_1451,3,0.950354609929078,1.3720543384552002,0.0083649158477783,1,0,0,1,0,0,0,0,0,0,0,0,0,0,1,0,0,0,0,1,0,0,0,0,0,0
PieChart1_1451,3,0.950354609929078,1.5090720653533936,0.0085928440093994,1,0,1,0,0,0,0,0,0,0,0,0,0,0,1,0,0,0,0,0,1,0,0,0,0,0
PieChart1_1451,3,0.950354609929078,1.338144302368164,0.0078020095825195,0,1,0,1,0,0,0,0,0,0,0,0,0,0,1,0,0,0,0,1,0,0,0,0,0,0
PieChart1_1451,3,0.950354609929078,1.5663444995880127,0.008906602859497,1,0,0,0,1,0,0,0,0,0,0,0,0,0,1,0,0,0,0,0,1,0,0,0,0,0
PieChart1_1451,3,0.950354609929078,1.4773316383361816,0.0083255767822265,0,1,0,0,1,0,0,0,0,0,0,0,0,0,1,0,0,0,0,0,1,0,0,0,0,0
bridges_327,0,0.9047619047619048,0.0650699138641357,0.0060887336730957,0,1,0,1,0,0,0,0,0,0,0,1,0,0,0,0,0,0,0,0,1,0,0,0,0,0
bridges_327,0,0.9047619047619048,0.0721700191497802,0.0066144466400146,0,1,0,0,1,0,0,0,0,0,1,0,0,0,0,0,0,0,0,0,0,0,1,0,0,0
bridges_327,0,0.9047619047619048,0.0872297286987304,0.0062294006347656,0,1,0,1,0,0,0,0,0,0,0,0,0,0,1,0,0,0,0,0,1,0,0,0,0,0
bridges_327,0,0.9047619047619048,0.0800490379333496,0.0059711933135986,0,1,0,0,1,0,0,0,0,0,1,0,0,0,0,0,0,0,0,1,0,0,0,0,0,0
bridges_327,0,0.9047619047619048,0.0648307800292968,0.0060329437255859,0,1,0,1,0,0,0,0,0,0,0,1,0,0,0,0,0,0,0,0,0,0,0,0,1,0
bridges_327,0,0.9047619047619048,0.0764441490173339,0.0059845447540283,0,1,0,0,1,0,0,0,0,0,0,0,0,0,1,0,0,0,0,1,0,0,0,0,0,0
bridges_327,0,0.9047619047619048,0.0652365684509277,0.0062372684478759,0,1,0,1,0,1,0,0,0,0,0,0,0,0,0,0,0,0,0,0,0,0,0,0,0,1
bridges_327,0,0.9047619047619048,0.0647075176239013,0.0058188438415527,0,1,0,0,1,0,0,0,0,0,1,0,0,0,0,0,0,0,0,0,0,0,0,0,0,1
bridges_327,0,0.9047619047619048,0.064507246017456,0.005906343460083,0,1,0,0,1,0,0,0,0,0,0,1,0,0,0,0,0,0,0,1,0,0,0,0,0,0
bridges_327,0,0.9047619047619048,0.1124451160430908,0.0062923431396484,0,1,0,1,0,0,0,0,0,0,0,0,0,0,1,0,0,0,0,0,0,0,1,0,0,0
bridges_327,0,0.9047619047619048,0.0749733448028564,0.0057013034820556,0,1,0,1,0,0,0,0,0,0,0,0,0,0,1,0,0,0,0,0,0,0,0,0,1,0
bridges_327,0,0.9047619047619048,0.065082311630249,0.00588059425354,0,1,0,0,1,0,0,0,0,0,1,0,0,0,0,0,0,0,0,0,0,0,0,1,0,0
bridges_327,0,0.9047619047619048,0.0791850090026855,0.0058495998382568,0,1,0,0,1,0,0,0,0,0,0,1,0,0,0,0,0,0,0,0,0,0,0,1,0,0
bridges_327,0,0.9047619047619048,0.11348557472229,0.0063226222991943,0,1,0,1,0,0,0,0,0,0,0,0,0,0,1,0,0,0,0,0,0,0,0,0,0,1
bridges_327,0,0.9047619047619048,0.075927734375,0.006037950515747,0,1,0,0,1,0,0,0,0,0,0,0,0,0,1,0,0,0,0,0,0,0,0,1,0,0
bridges_327,0,0.9047619047619048,0.0647273063659668,0.0059502124786376,0,1,0,1,0,0,0,0,0,0,0,1,0,0,0,0,0,0,0,1,0,0,0,0,0,0
bridges_327,0,0.9047619047619048,0.0646772384643554,0.0059874057769775,0,1,0,1,0,0,0,0,0,0,1,0,0,0,0,0,0,0,0,0,0,0,0,0,0,1
bridges_327,0,0.9047619047619048,0.0683338642120361,0.006211519241333,0,1,0,1,0,0,0,0,0,0,0,1,0,0,0,0,0,0,0,0,0,0,0,0,0,1
bridges_327,0,0.9047619047619048,0.0641312599182128,0.0059340000152587,0,1,0,0,1,0,0,0,0,0,0,1,0,0,0,0,0,0,0,0,0,0,0,0,0,1
bridges_327,0,0.9047619047619048,0.0691232681274414,0.0058631896972656,0,1,0,0,1,0,0,0,0,0,0,1,0,0,0,0,0,0,0,0,0,0,0,0,1,0
bwin_amlb_45717,0,0.7075471698113207,0.1379413604736328,0.009883165359497,0,1,1,0,0,0,0,0,0,0,0,0,0,0,0,1,0,0,0,0,0,0,1,0,0,0
bwin_amlb_45717,2,0.7075471698113207,0.0965001583099365,0.0060787200927734,0,1,0,1,0,0,1,0,0,0,0,0,0,0,0,0,0,0,0,0,0,0,0,1,0,0
bwin_amlb_45717,2,0.7075471698113207,0.0953083038330078,0.0060608386993408,0,1,1,0,0,0,1,0,0,0,0,0,0,0,0,0,0,0,0,0,0,0,0,1,0,0
bwin_amlb_45717,0,0.7075471698113207,0.1398372650146484,0.0103740692138671,0,1,0,1,0,0,0,0,0,0,0,0,0,0,0,1,0,0,0,0,0,0,1,0,0,0
bwin_amlb_45717,0,0.7075471698113207,0.1369366645812988,0.0096974372863769,1,0,1,0,0,0,0,0,0,0,0,0,0,0,0,1,0,0,0,0,0,0,1,0,0,0
bwin_amlb_45717,2,0.7075471698113207,0.0975339412689209,0.006014347076416,1,0,1,0,0,0,1,0,0,0,0,0,0,0,0,0,0,0,0,0,0,0,0,1,0,0
bwin_amlb_45717,2,0.7075471698113207,0.0962147712707519,0.0060815811157226,1,0,0,0,1,0,1,0,0,0,0,0,0,0,0,0,0,0,0,0,0,0,0,1,0,0
bwin_amlb_45717,0,0.7075471698113207,0.1384253501892089,0.0095195770263671,1,0,0,0,1,0,0,0,0,0,0,0,0,0,0,1,0,0,0,0,0,0,1,0,0,0
bwin_amlb_45717,2,0.7075471698113207,0.0926239490509033,0.0062372684478759,1,0,0,1,0,0,1,0,0,0,0,0,0,0,0,0,0,0,0,0,0,0,0,1,0,0
bwin_amlb_45717,0,0.7075471698113207,0.1393256187438964,0.0097489356994628,1,0,0,1,0,0,0,0,0,0,0,0,0,0,0,1,0,0,0,0,0,0,1,0,0,0
bwin_amlb_45717,0,0.7075471698113207,0.1381900310516357,0.010061502456665,0,1,0,0,1,0,0,0,0,0,0,0,0,0,0,1,0,0,0,0,0,0,1,0,0,0
bwin_amlb_45717,2,0.7075471698113207,0.0910072326660156,0.0059866905212402,0,1,0,0,1,0,1,0,0,0,0,0,0,0,0,0,0,0,0,0,0,0,0,1,0,0
bwin_amlb_45717,0,0.6981132075471698,0.07841157913208,0.0058369636535644,0,1,0,0,1,0,0,0,0,0,0,1,0,0,0,0,0,0,0,0,0,0,0,1,0,0
bwin_amlb_45717,0,0.6981132075471698,0.0839810371398925,0.0062122344970703,0,1,0,0,1,0,0,0,0,0,0,1,0,0,0,0,0,0,0,0,0,0,1,0,0,0
bwin_amlb_45717,0,0.6981132075471698,0.0826537609100341,0.0060319900512695,0,1,0,1,0,0,0,0,0,0,0,1,0,0,0,0,0,0,0,1,0,0,0,0,0,0
bwin_amlb_45717,0,0.6981132075471698,0.0751633644104003,0.0060477256774902,0,1,0,1,0,0,0,0,0,0,1,0,0,0,0,0,0,0,0,1,0,0,0,0,0,0
bwin_amlb_45717,0,0.6981132075471698,0.0895462036132812,0.0067853927612304,1,0,0,1,0,0,0,0,0,0,0,1,0,0,0,0,0,0,0,1,0,0,0,0,0,0
bwin_amlb_45717,0,0.6981132075471698,0.0824098587036132,0.0062479972839355,1,0,0,1,0,0,0,0,0,0,0,1,0,0,0,0,0,0,0,0,0,0,1,0,0,0
bwin_amlb_45717,0,0.6981132075471698,0.08418869972229,0.007094383239746,1,0,1,0,0,0,0,0,0,0,0,1,0,0,0,0,0,0,0,0,1,0,0,0,0,0
bwin_amlb_45717,2,0.6981132075471698,0.0908749103546142,0.0068323612213134,1,0,1,0,0,0,0,0,0,0,0,0,1,0,0,0,0,0,0,0,1,0,0,0,0,0
analcatdata_authorship_458,3,0.9821428571428572,0.097398042678833,0.0061612129211425,0,1,1,0,0,1,0,0,0,0,0,0,0,0,0,0,0,0,0,0,0,0,0,1,0,0
analcatdata_authorship_458,3,0.9821428571428572,0.0981121063232421,0.0063328742980957,1,0,0,0,1,1,0,0,0,0,0,0,0,0,0,0,0,0,0,0,0,0,0,1,0,0
analcatdata_authorship_458,3,0.9821428571428572,0.0983624458312988,0.0068926811218261,0,1,0,1,0,1,0,0,0,0,0,0,0,0,0,0,0,0,0,0,0,0,0,1,0,0
analcatdata_authorship_458,3,0.9821428571428572,0.0970780849456787,0.0066103935241699,1,0,0,1,0,1,0,0,0,0,0,0,0,0,0,0,0,0,0,0,0,0,0,1,0,0
analcatdata_authorship_458,3,0.9821428571428572,0.1008923053741455,0.0064289569854736,1,0,1,0,0,1,0,0,0,0,0,0,0,0,0,0,0,0,0,0,0,0,0,1,0,0
analcatdata_authorship_458,3,0.9821428571428572,0.0940015316009521,0.0060014724731445,0,1,0,0,1,1,0,0,0,0,0,0,0,0,0,0,0,0,0,0,0,0,0,1,0,0
analcatdata_authorship_458,3,0.9761904761904762,0.1038150787353515,0.0066077709197998,0,1,0,0,1,1,0,0,0,0,0,0,0,0,0,0,0,0,0,0,0,0,0,0,1,0
analcatdata_authorship_458,3,0.9761904761904762,0.1028623580932617,0.0066437721252441,1,0,0,0,1,1,0,0,0,0,0,0,0,0,0,0,0,0,0,1,0,0,0,0,0,0
analcatdata_authorship_458,2,0.9761904761904762,0.4637691974639892,0.0068659782409667,0,1,1,0,0,0,0,0,0,0,0,0,1,0,0,0,0,0,0,0,0,1,0,0,0,0
analcatdata_authorship_458,3,0.9761904761904762,0.1111729145050048,0.0069482326507568,0,1,0,1,0,1,0,0,0,0,0,0,0,0,0,0,0,0,0,0,0,0,0,0,0,1
analcatdata_authorship_458,2,0.9761904761904762,0.4740686416625976,0.0068557262420654,1,0,0,1,0,0,0,0,0,0,0,0,1,0,0,0,0,0,0,0,0,1,0,0,0,0
analcatdata_authorship_458,2,0.9761904761904762,0.104116678237915,0.0059776306152343,0,1,0,1,0,0,0,0,0,0,1,0,0,0,0,0,0,0,0,0,0,0,0,0,0,1
analcatdata_authorship_458,3,0.9761904761904762,0.1038181781768798,0.0063235759735107,0,1,0,1,0,1,0,0,0,0,0,0,0,0,0,0,0,0,0,1,0,0,0,0,0,0
analcatdata_authorship_458,3,0.9761904761904762,0.1028628349304199,0.006427526473999,1,0,0,1,0,1,0,0,0,0,0,0,0,0,0,0,0,0,0,0,1,0,0,0,0,0
analcatdata_authorship_458,3,0.9761904761904762,0.1087057590484619,0.0068957805633544,1,0,0,1,0,1,0,0,0,0,0,0,0,0,0,0,0,0,0,0,0,0,0,0,0,1
analcatdata_authorship_458,2,0.9761904761904762,0.4647982120513916,0.0066912174224853,1,0,0,0,1,0,0,0,0,0,0,0,1,0,0,0,0,0,0,0,0,1,0,0,0,0
analcatdata_authorship_458,2,0.9761904761904762,0.1149001121520996,0.0065972805023193,1,0,0,1,0,0,0,0,0,0,1,0,0,0,0,0,0,0,0,0,0,0,0,0,0,1
analcatdata_authorship_458,3,0.9761904761904762,0.1119499206542968,0.0068714618682861,1,0,1,0,0,1,0,0,0,0,0,0,0,0,0,0,0,0,0,0,0,0,0,0,1,0
analcatdata_authorship_458,3,0.9761904761904762,0.0960617065429687,0.006129503250122,0,1,0,1,0,1,0,0,0,0,0,0,0,0,0,0,0,0,0,0,1,0,0,0,0,0
analcatdata_authorship_458,2,0.9761904761904762,0.4688754081726074,0.0069363117218017,1,0,1,0,0,0,0,0,0,0,0,0,1,0,0,0,0,0,0,0,0,1,0,0,0,0
Loan-Predication_43595,2,0.8536585365853658,0.0800549983978271,0.0064914226531982,0,1,0,1,0,0,0,0,0,0,0,0,0,0,0,0,0,1,0,0,0,1,0,0,0,0
Loan-Predication_43595,2,0.8455284552845529,0.07183837890625,0.0058939456939697,0,1,0,0,1,0,0,0,1,0,0,0,0,0,0,0,0,0,0,0,0,0,0,1,0,0
Loan-Predication_43595,2,0.8455284552845529,0.0702788829803466,0.005960464477539,0,1,0,0,1,0,0,0,0,0,0,0,0,0,0,0,0,1,0,0,0,0,0,1,0,0
Loan-Predication_43595,2,0.8455284552845529,0.0753514766693115,0.0061111450195312,0,1,0,0,1,0,0,0,0,0,0,0,0,0,0,0,0,1,0,0,0,1,0,0,0,0
Loan-Predication_43595,2,0.8455284552845529,0.0736391544342041,0.0059564113616943,0,1,0,0,1,0,0,0,1,0,0,0,0,0,0,0,0,0,0,0,0,1,0,0,0,0
Loan-Predication_43595,2,0.8455284552845529,0.0743219852447509,0.0064108371734619,0,1,0,1,0,0,0,0,0,0,0,0,0,0,0,0,0,1,0,0,1,0,0,0,0,0
Loan-Predication_43595,2,0.8455284552845529,0.0705354213714599,0.0059442520141601,0,1,0,1,0,0,0,0,1,0,0,0,0,0,0,0,0,0,0,0,1,0,0,0,0,0
Loan-Predication_43595,2,0.8455284552845529,0.0720870494842529,0.0060436725616455,0,1,0,1,0,0,0,0,1,0,0,0,0,0,0,0,0,0,0,1,0,0,0,0,0,0
Loan-Predication_43595,2,0.8455284552845529,0.0729994773864746,0.0061111450195312,0,1,0,0,1,0,0,0,0,0,1,0,0,0,0,0,0,0,0,0,0,0,0,0,1,0
Loan-Predication_43595,2,0.8455284552845529,0.0715258121490478,0.0060348510742187,0,1,0,1,0,0,0,0,0,0,0,0,0,0,0,0,0,1,0,1,0,0,0,0,0,0
Loan-Predication_43595,2,0.8455284552845529,0.0806710720062255,0.0066163539886474,0,1,0,0,1,0,0,0,1,0,0,0,0,0,0,0,0,0,0,0,0,0,0,0,0,1
Loan-Predication_43595,2,0.8455284552845529,0.072580337524414,0.0059642791748046,0,1,0,1,0,0,0,0,1,0,0,0,0,0,0,0,0,0,0,0,0,0,1,0,0,0
Loan-Predication_43595,2,0.8455284552845529,0.0797545909881591,0.0067589282989501,0,1,0,0,1,0,0,0,0,0,1,0,0,0,0,0,0,0,0,0,1,0,0,0,0,0
Loan-Predication_43595,2,0.8455284552845529,0.0719637870788574,0.0059542655944824,0,1,0,1,0,0,0,0,0,0,0,0,0,0,0,0,0,1,0,0,0,0,0,0,1,0
Loan-Predication_43595,2,0.8455284552845529,0.0743806362152099,0.0059435367584228,0,1,0,0,1,0,0,0,0,0,0,0,0,0,0,0,0,1,0,0,0,0,1,0,0,0
Loan-Predication_43595,2,0.8455284552845529,0.087160587310791,0.0069680213928222,0,1,0,0,1,0,0,0,1,0,0,0,0,0,0,0,0,0,0,0,1,0,0,0,0,0
Loan-Predication_43595,2,0.8455284552845529,0.0745279788970947,0.0059762001037597,0,1,0,1,0,0,0,0,0,0,1,0,0,0,0,0,0,0,0,0,0,0,0,0,1,0
Loan-Predication_43595,2,0.8455284552845529,0.0709369182586669,0.0060510635375976,0,1,0,0,1,0,0,0,0,0,0,0,0,0,0,0,0,1,0,1,0,0,0,0,0,0
Loan-Predication_43595,2,0.8455284552845529,0.0716333389282226,0.006019115447998,0,1,0,0,1,0,0,0,0,0,1,0,0,0,0,0,0,0,0,0,0,0,0,0,0,1
Loan-Predication_43595,2,0.8455284552845529,0.0761716365814209,0.0063440799713134,0,1,0,1,0,0,0,0,0,0,1,0,0,0,0,0,0,0,0,0,1,0,0,0,0,0
xd6_40693,2,1.0,0.2090291976928711,0.0128707885742187,1,0,0,0,1,0,0,0,0,0,0,0,0,0,0,1,0,0,0,0,0,0,0,1,0,0
xd6_40693,4,1.0,0.1926496028900146,0.0118913650512695,1,0,1,0,0,0,0,0,0,0,0,0,0,0,0,1,0,0,0,0,1,0,0,0,0,0
xd6_40693,3,1.0,0.184561014175415,0.0119831562042236,1,0,1,0,0,0,0,0,0,0,0,0,0,0,0,1,0,0,0,0,1,0,0,0,0,0
xd6_40693,2,1.0,0.1922001838684082,0.0117793083190917,1,0,1,0,0,0,0,0,0,0,0,0,0,0,0,1,0,0,0,0,1,0,0,0,0,0
xd6_40693,1,1.0,0.1879117488861084,0.0117647647857666,1,0,1,0,0,0,0,0,0,0,0,0,0,0,0,1,0,0,0,0,1,0,0,0,0,0
xd6_40693,0,1.0,0.1923062801361084,0.0124702453613281,1,0,1,0,0,0,0,0,0,0,0,0,0,0,0,1,0,0,0,0,1,0,0,0,0,0
xd6_40693,1,1.0,0.2045071125030517,0.0135271549224853,1,0,0,0,1,0,0,0,0,0,0,0,0,0,0,1,0,0,0,0,0,0,0,1,0,0
xd6_40693,0,1.0,0.2000074386596679,0.0127809047698974,1,0,0,0,1,0,0,0,0,0,0,0,0,0,0,1,0,0,0,0,0,0,0,1,0,0
xd6_40693,1,1.0,0.2025470733642578,0.0131850242614746,0,1,0,0,1,0,0,0,0,0,0,0,0,0,0,1,0,0,0,0,0,0,1,0,0,0
xd6_40693,3,1.0,0.3989946842193603,0.0064659118652343,1,0,0,1,0,0,0,0,0,0,0,0,0,0,0,0,1,0,0,0,0,1,0,0,0,0
xd6_40693,0,1.0,0.2016050815582275,0.0124599933624267,0,1,0,0,1,0,0,0,0,0,0,0,0,0,0,1,0,0,0,0,0,0,1,0,0,0
xd6_40693,4,1.0,0.199531078338623,0.0125288963317871,0,1,0,0,1,0,0,0,0,0,0,0,0,0,0,1,0,0,0,0,0,0,1,0,0,0
xd6_40693,3,1.0,0.2008147239685058,0.0131003856658935,0,1,0,0,1,0,0,0,0,0,0,0,0,0,0,1,0,0,0,0,0,0,1,0,0,0
xd6_40693,1,1.0,0.1960797309875488,0.0126230716705322,0,1,0,0,1,0,0,0,0,0,0,0,0,0,0,1,0,0,0,0,0,0,0,1,0,0
xd6_40693,4,1.0,0.194089651107788,0.0131876468658447,1,0,0,1,0,0,0,0,0,0,0,0,0,0,0,1,0,0,0,0,0,1,0,0,0,0
xd6_40693,0,1.0,0.2060489654541015,0.0128538608551025,0,1,0,1,0,0,0,0,0,0,0,0,0,0,0,1,0,0,0,0,0,0,0,0,0,1
xd6_40693,1,1.0,0.0948748588562011,0.0067646503448486,1,0,0,1,0,0,0,0,0,0,0,0,0,0,1,0,0,0,0,0,0,1,0,0,0,0
xd6_40693,2,1.0,0.0933220386505127,0.0067739486694335,1,0,0,1,0,0,0,0,0,0,0,0,0,0,1,0,0,0,0,0,0,1,0,0,0,0
xd6_40693,3,1.0,0.097078800201416,0.0066745281219482,1,0,0,1,0,0,0,0,0,0,0,0,0,0,1,0,0,0,0,0,0,1,0,0,0,0
xd6_40693,1,1.0,0.0945158004760742,0.0067100524902343,0,1,1,0,0,0,0,0,0,0,0,0,0,0,1,0,0,0,0,0,0,0,1,0,0,0
wisconsin_753,3,0.717948717948718,0.0688049793243408,0.0060224533081054,1,0,0,0,1,0,0,1,0,0,0,0,0,0,0,0,0,0,0,0,0,0,1,0,0,0
wisconsin_753,3,0.717948717948718,0.0703146457672119,0.0060253143310546,1,0,1,0,0,0,0,1,0,0,0,0,0,0,0,0,0,0,0,0,0,0,1,0,0,0
wisconsin_753,3,0.717948717948718,0.0737490653991699,0.0059099197387695,1,0,0,1,0,0,0,1,0,0,0,0,0,0,0,0,0,0,0,0,0,0,1,0,0,0
wisconsin_753,3,0.717948717948718,0.0676314830780029,0.0060606002807617,0,1,1,0,0,0,0,1,0,0,0,0,0,0,0,0,0,0,0,0,0,0,1,0,0,0
wisconsin_753,3,0.717948717948718,0.0660498142242431,0.005796194076538,0,1,0,0,1,0,0,1,0,0,0,0,0,0,0,0,0,0,0,0,0,0,1,0,0,0
wisconsin_753,3,0.717948717948718,0.0678064823150634,0.0059208869934082,0,1,0,1,0,0,0,1,0,0,0,0,0,0,0,0,0,0,0,0,0,0,1,0,0,0
wisconsin_753,1,0.6923076923076923,0.182103157043457,0.0064113140106201,1,0,0,0,1,0,0,0,0,0,0,0,0,0,0,0,1,0,0,0,0,1,0,0,0,0
wisconsin_753,1,0.6923076923076923,0.1552863121032714,0.0062711238861083,0,1,1,0,0,0,0,0,0,0,0,0,0,0,0,0,1,0,0,0,0,1,0,0,0,0
wisconsin_753,1,0.6923076923076923,0.1473915576934814,0.0062532424926757,1,0,1,0,0,0,0,0,0,0,0,0,0,0,0,0,1,0,0,0,0,1,0,0,0,0
wisconsin_753,1,0.6923076923076923,0.147576093673706,0.0061638355255126,1,0,0,1,0,0,0,0,0,0,0,0,0,0,0,0,1,0,0,0,0,1,0,0,0,0
wisconsin_753,1,0.6923076923076923,0.1443538665771484,0.0060851573944091,0,1,0,0,1,0,0,0,0,0,0,0,0,0,0,0,1,0,0,0,0,1,0,0,0,0
wisconsin_753,1,0.6923076923076923,0.1399893760681152,0.0060117244720458,0,1,0,1,0,0,0,0,0,0,0,0,0,0,0,0,1,0,0,0,0,1,0,0,0,0
wisconsin_753,4,0.6842105263157895,0.3338301181793213,0.006467580795288,0,1,0,0,1,0,0,0,0,0,0,0,0,0,1,0,0,0,0,0,0,1,0,0,0,0
wisconsin_753,4,0.6842105263157895,0.077380895614624,0.0059738159179687,0,1,0,0,1,1,0,0,0,0,0,0,0,0,0,0,0,0,0,0,0,1,0,0,0,0
wisconsin_753,4,0.6842105263157895,0.3461744785308838,0.0067942142486572,1,0,1,0,0,0,0,0,0,0,0,0,0,0,1,0,0,0,0,0,0,1,0,0,0,0
wisconsin_753,4,0.6842105263157895,0.332139253616333,0.0068757534027099,0,1,1,0,0,0,0,0,0,0,0,0,0,0,1,0,0,0,0,0,0,1,0,0,0,0
wisconsin_753,4,0.6842105263157895,0.076505422592163,0.0059828758239746,0,1,1,0,0,1,0,0,0,0,0,0,0,0,0,0,0,0,0,0,0,1,0,0,0,0
wisconsin_753,4,0.6842105263157895,0.0830695629119873,0.006183385848999,0,1,0,1,0,1,0,0,0,0,0,0,0,0,0,0,0,0,0,0,0,1,0,0,0,0
wisconsin_753,4,0.6842105263157895,0.0731739997863769,0.0056409835815429,1,0,0,1,0,1,0,0,0,0,0,0,0,0,0,0,0,0,0,0,0,1,0,0,0,0
wisconsin_753,4,0.6842105263157895,0.3411235809326172,0.0067369937896728,1,0,0,1,0,0,0,0,0,0,0,0,0,0,1,0,0,0,0,0,0,1,0,0,0,0
mc2_1054,1,0.875,0.0643267631530761,0.0058159828186035,1,0,0,0,1,0,0,0,0,0,1,0,0,0,0,0,0,0,0,1,0,0,0,0,0,0
mc2_1054,1,0.875,0.0659196376800537,0.0059170722961425,0,1,0,1,0,0,0,0,0,0,1,0,0,0,0,0,0,0,0,1,0,0,0,0,0,0
mc2_1054,1,0.875,0.066077709197998,0.0060720443725585,1,0,1,0,0,0,0,0,0,0,1,0,0,0,0,0,0,0,0,1,0,0,0,0,0,0
mc2_1054,1,0.875,0.0639200210571289,0.0056624412536621,0,1,0,0,1,0,0,0,0,0,1,0,0,0,0,0,0,0,0,1,0,0,0,0,0,0
mc2_1054,1,0.875,0.0655949115753173,0.0058798789978027,1,0,0,1,0,0,0,0,0,0,1,0,0,0,0,0,0,0,0,1,0,0,0,0,0,0
mc2_1054,1,0.875,0.0640187263488769,0.0061099529266357,0,1,1,0,0,0,0,0,0,0,1,0,0,0,0,0,0,0,0,1,0,0,0,0,0,0
mc2_1054,1,0.84375,0.0977139472961425,0.0061185359954833,0,1,1,0,0,0,0,0,0,1,0,0,0,0,0,0,0,0,0,0,0,0,0,0,1,0
mc2_1054,1,0.84375,0.0810871124267578,0.0054013729095458,0,1,0,0,1,0,0,0,0,0,0,0,0,1,0,0,0,0,0,0,0,0,0,0,1,0
mc2_1054,1,0.84375,0.1372599601745605,0.0058577060699462,0,1,0,1,0,0,0,0,0,0,0,0,1,0,0,0,0,0,0,0,0,0,0,0,0,1
mc2_1054,1,0.84375,0.1383724212646484,0.0057804584503173,1,0,0,0,1,0,0,0,0,0,0,0,1,0,0,0,0,0,0,0,0,0,0,0,0,1
mc2_1054,1,0.84375,0.1363120079040527,0.005894660949707,1,0,0,1,0,0,0,0,0,0,0,0,1,0,0,0,0,0,0,0,0,0,0,0,0,1
mc2_1054,1,0.84375,0.09910249710083,0.0061519145965576,0,1,0,1,0,0,0,0,0,1,0,0,0,0,0,0,0,0,0,0,0,0,0,0,1,0
mc2_1054,1,0.84375,0.0803632736206054,0.0055460929870605,1,0,0,0,1,0,0,0,0,0,0,0,0,1,0,0,0,0,0,0,0,0,0,0,1,0
mc2_1054,1,0.84375,0.079967975616455,0.0057785511016845,1,0,0,1,0,0,0,0,0,0,0,0,0,1,0,0,0,0,0,0,0,0,0,0,1,0
mc2_1054,1,0.84375,0.0808126926422119,0.0057346820831298,1,0,1,0,0,0,0,0,0,0,0,0,0,1,0,0,0,0,0,0,0,0,0,0,1,0
mc2_1054,1,0.84375,0.1010112762451171,0.0063934326171875,1,0,0,0,1,0,0,0,0,1,0,0,0,0,0,0,0,0,0,0,0,0,0,0,1,0
mc2_1054,1,0.84375,0.0803449153900146,0.0056009292602539,0,1,0,1,0,0,0,0,0,0,0,0,0,1,0,0,0,0,0,0,0,0,0,0,1,0
mc2_1054,1,0.84375,0.130523681640625,0.0058813095092773,0,1,0,0,1,0,0,0,0,0,0,0,1,0,0,0,0,0,0,0,0,0,0,0,0,1
mc2_1054,1,0.84375,0.0827510356903076,0.0059034824371337,0,1,1,0,0,0,0,0,0,0,0,0,0,1,0,0,0,0,0,0,0,0,0,0,1,0
mc2_1054,1,0.84375,0.0985093116760253,0.0059401988983154,0,1,0,0,1,0,0,0,0,1,0,0,0,0,0,0,0,0,0,0,0,0,0,0,1,0
chscase_census5_906,2,0.65,0.070669412612915,0.0058848857879638,0,1,0,1,0,0,0,0,0,0,0,0,0,0,0,0,0,0,1,0,1,0,0,0,0,0
chscase_census5_906,2,0.65,0.0710768699645996,0.005950927734375,0,1,0,0,1,0,0,0,0,0,0,0,0,0,0,0,0,0,1,0,1,0,0,0,0,0
chscase_census5_906,2,0.65,0.0688784122467041,0.0057041645050048,1,0,0,1,0,0,0,0,0,0,0,0,0,0,0,0,0,0,1,0,1,0,0,0,0,0
chscase_census5_906,2,0.65,0.0761058330535888,0.00596284866333,1,0,1,0,0,0,0,0,0,0,0,0,0,0,0,0,0,0,1,0,1,0,0,0,0,0
chscase_census5_906,2,0.65,0.0713825225830078,0.0059082508087158,1,0,0,0,1,0,0,0,0,0,0,0,0,0,0,0,0,0,1,0,1,0,0,0,0,0
chscase_census5_906,2,0.65,0.0709064006805419,0.0060062408447265,0,1,1,0,0,0,0,0,0,0,0,0,0,0,0,0,0,0,1,0,1,0,0,0,0,0
chscase_census5_906,2,0.6375,0.080216646194458,0.0060150623321533,1,0,0,1,0,0,0,0,0,0,0,0,0,1,0,0,0,0,0,0,0,0,1,0,0,0
chscase_census5_906,2,0.6375,0.1004068851470947,0.0069162845611572,0,1,0,0,1,0,0,0,0,1,0,0,0,0,0,0,0,0,0,0,0,0,1,0,0,0
chscase_census5_906,1,0.6375,0.2385463714599609,0.0062158107757568,0,1,0,0,1,0,0,0,0,0,0,0,0,0,0,0,1,0,0,0,0,0,0,0,0,1
chscase_census5_906,2,0.6375,0.0776660442352294,0.0057861804962158,1,0,1,0,0,0,0,0,0,0,0,0,0,1,0,0,0,0,0,0,0,0,1,0,0,0
chscase_census5_906,1,0.6375,0.2377119064331054,0.0063045024871826,0,1,1,0,0,0,0,0,0,0,0,0,0,0,0,0,1,0,0,0,0,0,0,0,0,1
chscase_census5_906,2,0.6375,0.1012067794799804,0.0065786838531494,1,0,0,0,1,0,0,0,0,1,0,0,0,0,0,0,0,0,0,0,0,0,1,0,0,0
chscase_census5_906,2,0.6375,0.1025989055633544,0.0065784454345703,0,1,1,0,0,0,0,0,0,1,0,0,0,0,0,0,0,0,0,0,0,0,1,0,0,0
chscase_census5_906,2,0.6375,0.079984426498413,0.0059435367584228,1,0,0,0,1,0,0,0,0,0,0,0,0,1,0,0,0,0,0,0,0,0,1,0,0,0
chscase_census5_906,1,0.6375,0.2359704971313476,0.0061948299407958,1,0,1,0,0,0,0,0,0,0,0,0,0,0,0,0,1,0,0,0,0,0,0,0,0,1
chscase_census5_906,1,0.6375,0.2325050830841064,0.0059940814971923,1,0,0,0,1,0,0,0,0,0,0,0,0,0,0,0,1,0,0,0,0,0,0,0,0,1
chscase_census5_906,2,0.6375,0.1118831634521484,0.0060997009277343,0,1,0,1,0,0,0,0,0,1,0,0,0,0,0,0,0,0,0,0,0,0,1,0,0,0
chscase_census5_906,2,0.6375,0.0799598693847656,0.006087303161621,0,1,0,1,0,0,0,0,0,0,0,0,0,1,0,0,0,0,0,0,0,0,1,0,0,0
chscase_census5_906,2,0.6375,0.1036820411682128,0.0065269470214843,1,0,0,1,0,0,0,0,0,1,0,0,0,0,0,0,0,0,0,0,0,0,1,0,0,0
chscase_census5_906,2,0.6375,0.0797951221466064,0.0059759616851806,0,1,1,0,0,0,0,0,0,0,0,0,0,1,0,0,0,0,0,0,0,0,1,0,0,0
strikes_770,0,1.0,0.0793795585632324,0.0060756206512451,1,0,0,1,0,0,0,0,0,0,0,1,0,0,0,0,0,0,0,0,0,0,1,0,0,0
strikes_770,1,1.0,0.0797796249389648,0.0060396194458007,1,0,0,1,0,0,0,0,0,0,0,1,0,0,0,0,0,0,0,0,0,0,1,0,0,0
strikes_770,2,1.0,0.085498571395874,0.0060751438140869,1,0,0,1,0,0,0,0,0,0,0,1,0,0,0,0,0,0,0,0,0,0,1,0,0,0
strikes_770,3,1.0,0.0796124935150146,0.0060267448425292,1,0,0,1,0,0,0,0,0,0,0,1,0,0,0,0,0,0,0,0,0,0,1,0,0,0
strikes_770,4,1.0,0.0798051357269287,0.0059571266174316,1,0,0,1,0,0,0,0,0,0,0,1,0,0,0,0,0,0,0,0,0,0,1,0,0,0
strikes_770,0,1.0,0.1342749595642089,0.0061428546905517,1,0,0,1,0,0,0,0,0,0,0,0,0,0,1,0,0,0,0,0,0,0,1,0,0,0
strikes_770,1,1.0,0.1270952224731445,0.006178855895996,1,0,0,1,0,0,0,0,0,0,0,0,0,0,1,0,0,0,0,0,0,0,1,0,0,0
strikes_770,2,1.0,0.1260232925415039,0.006312608718872,1,0,0,1,0,0,0,0,0,0,0,0,0,0,1,0,0,0,0,0,0,0,1,0,0,0
strikes_770,3,1.0,0.1269745826721191,0.0061972141265869,1,0,0,1,0,0,0,0,0,0,0,0,0,0,1,0,0,0,0,0,0,0,1,0,0,0
strikes_770,4,1.0,0.1253454685211181,0.0061433315277099,1,0,0,1,0,0,0,0,0,0,0,0,0,0,1,0,0,0,0,0,0,0,1,0,0,0
strikes_770,3,1.0,0.0751376152038574,0.0057616233825683,1,0,0,1,0,0,0,0,0,0,0,1,0,0,0,0,0,0,0,0,0,0,0,1,0,0
strikes_770,4,1.0,0.074883222579956,0.0056602954864501,1,0,0,1,0,0,0,0,0,0,0,1,0,0,0,0,0,0,0,0,0,0,0,1,0,0
strikes_770,4,1.0,0.0846402645111084,0.0063765048980712,1,0,0,1,0,0,0,0,0,0,1,0,0,0,0,0,0,0,0,0,0,0,0,0,1,0
strikes_770,2,1.0,0.0796418190002441,0.006437063217163,1,0,0,1,0,1,0,0,0,0,0,0,0,0,0,0,0,0,0,0,0,0,0,0,1,0
strikes_770,3,1.0,0.0767326354980468,0.0063164234161376,1,0,0,1,0,1,0,0,0,0,0,0,0,0,0,0,0,0,0,0,0,0,0,0,1,0
strikes_770,4,1.0,0.0769784450531005,0.006300926208496,1,0,0,1,0,1,0,0,0,0,0,0,0,0,0,0,0,0,0,0,0,0,0,0,1,0
strikes_770,0,1.0,0.0746493339538574,0.0060808658599853,1,0,0,1,0,1,0,0,0,0,0,0,0,0,0,0,0,0,0,0,0,0,1,0,0,0
strikes_770,1,1.0,0.0748469829559326,0.0058574676513671,1,0,0,1,0,1,0,0,0,0,0,0,0,0,0,0,0,0,0,0,0,0,1,0,0,0
strikes_770,0,1.0,0.0751645565032959,0.0057816505432128,1,0,0,1,0,0,0,0,0,0,0,1,0,0,0,0,0,0,0,0,0,0,0,1,0,0
strikes_770,1,1.0,0.0828254222869873,0.0062720775604248,1,0,0,1,0,0,0,0,0,0,0,1,0,0,0,0,0,0,0,0,0,0,0,1,0,0
analcatdata_halloffame_966,3,0.9738805970149254,1.3220534324645996,0.0081479549407958,0,1,0,1,0,0,0,0,0,0,0,0,0,0,1,0,0,0,0,0,0,0,0,0,0,1
analcatdata_halloffame_966,3,0.9738805970149254,1.312761306762695,0.0081806182861328,0,1,0,1,0,0,0,0,0,0,0,0,0,0,1,0,0,0,0,0,0,0,1,0,0,0
analcatdata_halloffame_966,4,0.9738805970149254,0.73508620262146,0.0071115493774414,0,1,0,1,0,0,0,0,0,0,0,0,1,0,0,0,0,0,0,0,0,0,0,0,1,0
analcatdata_halloffame_966,4,0.9738805970149254,0.1117620468139648,0.0067412853240966,0,1,0,1,0,0,0,0,0,0,1,0,0,0,0,0,0,0,0,0,0,0,0,1,0,0
analcatdata_halloffame_966,4,0.9738805970149254,0.2444109916687011,0.0068016052246093,0,1,0,1,0,0,0,0,0,1,0,0,0,0,0,0,0,0,0,0,1,0,0,0,0,0
analcatdata_halloffame_966,4,0.9738805970149254,0.2381243705749511,0.0129766464233398,0,1,0,1,0,0,0,0,0,0,0,0,0,0,0,1,0,0,0,0,0,0,0,0,0,1
analcatdata_halloffame_966,4,0.9738805970149254,0.1178278923034668,0.0064420700073242,0,1,0,0,1,1,0,0,0,0,0,0,0,0,0,0,0,0,0,0,0,1,0,0,0,0
analcatdata_halloffame_966,4,0.9738805970149254,0.2377276420593261,0.0118429660797119,0,1,0,1,0,0,0,0,0,0,0,0,0,0,0,1,0,0,0,0,1,0,0,0,0,0
analcatdata_halloffame_966,4,0.9738805970149254,0.2259578704833984,0.0065324306488037,0,1,0,1,0,0,0,0,0,0,0,0,0,1,0,0,0,0,0,0,1,0,0,0,0,0
analcatdata_halloffame_966,4,0.9738805970149254,0.2346787452697754,0.0117735862731933,0,1,0,1,0,0,0,0,0,0,0,0,0,0,0,1,0,0,0,0,0,0,0,0,1,0
analcatdata_halloffame_966,3,0.9738805970149254,0.9339065551757812,0.0080947875976562,0,1,0,1,0,0,0,0,0,0,0,0,0,0,1,0,0,0,0,1,0,0,0,0,0,0
analcatdata_halloffame_966,4,0.9738805970149254,0.2362806797027588,0.0119035243988037,0,1,0,1,0,0,0,0,0,0,0,0,0,0,0,1,0,0,0,1,0,0,0,0,0,0
analcatdata_halloffame_966,3,0.9701492537313432,0.2272891998291015,0.0064687728881835,0,1,0,1,0,0,1,0,0,0,0,0,0,0,0,0,0,0,0,0,0,0,0,0,1,0
analcatdata_halloffame_966,4,0.9701492537313432,0.7347166538238525,0.0071640014648437,0,1,0,1,0,0,0,0,0,0,0,0,1,0,0,0,0,0,0,0,0,0,0,0,0,1
analcatdata_halloffame_966,4,0.9701492537313432,0.9412558078765868,0.0080695152282714,0,1,0,1,0,0,0,0,0,0,0,0,0,0,1,0,0,0,0,0,1,0,0,0,0,0
analcatdata_halloffame_966,4,0.9701492537313432,0.1212196350097656,0.0065908432006835,0,1,0,0,1,1,0,0,0,0,0,0,0,0,0,0,0,0,0,0,0,0,1,0,0,0
analcatdata_halloffame_966,4,0.9664179104477612,0.1015233993530273,0.0065593719482421,0,1,0,1,0,0,0,0,0,0,0,0,0,0,0,0,0,0,1,0,0,0,1,0,0,0
analcatdata_halloffame_966,4,0.9664179104477612,0.1492369174957275,0.0066123008728027,0,1,0,1,0,0,0,0,0,0,0,1,0,0,0,0,0,0,0,0,0,0,0,1,0,0
analcatdata_halloffame_966,3,0.9664179104477612,0.2231223583221435,0.0065302848815917,0,1,0,1,0,0,0,0,0,0,0,0,0,1,0,0,0,0,0,0,1,0,0,0,0,0
analcatdata_halloffame_966,3,0.9664179104477612,0.1485040187835693,0.0064785480499267,0,1,0,1,0,0,0,0,0,0,0,1,0,0,0,0,0,0,0,0,1,0,0,0,0,0
biomed_481,2,1.0,0.0891838073730468,0.0059595108032226,0,1,0,0,1,0,0,0,0,0,0,0,0,0,1,0,0,0,0,0,0,0,0,0,1,0
biomed_481,4,1.0,0.0955138206481933,0.00681734085083,0,1,0,0,1,0,0,0,0,1,0,0,0,0,0,0,0,0,0,0,1,0,0,0,0,0
biomed_481,4,1.0,0.0725963115692138,0.0065832138061523,0,1,0,0,1,0,0,0,0,0,0,0,0,0,0,0,0,0,1,0,1,0,0,0,0,0
biomed_481,4,1.0,0.0785996913909912,0.0066413879394531,0,1,0,1,0,0,0,0,0,0,0,0,0,1,0,0,0,0,0,0,1,0,0,0,0,0
biomed_481,2,1.0,0.0894935131072998,0.0060200691223144,0,1,0,1,0,0,0,0,0,0,0,0,0,0,1,0,0,0,0,0,0,0,0,0,1,0
biomed_481,4,1.0,0.0962493419647216,0.0070521831512451,0,1,0,1,0,0,0,0,0,1,0,0,0,0,0,0,0,0,0,0,1,0,0,0,0,0
biomed_481,4,1.0,0.0721907615661621,0.0064356327056884,0,1,0,1,0,0,0,0,0,0,0,0,0,0,0,0,0,0,1,0,1,0,0,0,0,0
biomed_481,2,1.0,0.0888049602508544,0.0059092044830322,0,1,1,0,0,0,0,0,0,0,0,0,0,0,1,0,0,0,0,0,0,0,0,0,1,0
biomed_481,4,1.0,0.0780906677246093,0.0065369606018066,0,1,0,0,1,0,0,0,0,0,0,0,0,1,0,0,0,0,0,0,1,0,0,0,0,0
biomed_481,4,1.0,0.0759608745574951,0.0063800811767578,0,1,1,0,0,0,0,0,0,0,0,0,0,1,0,0,0,0,0,0,1,0,0,0,0,0
biomed_481,4,1.0,0.0699472427368164,0.0063197612762451,0,1,1,0,0,0,0,0,0,0,0,0,0,0,0,0,0,0,1,0,1,0,0,0,0,0
biomed_481,4,1.0,0.0978438854217529,0.0070016384124755,0,1,1,0,0,0,0,0,0,1,0,0,0,0,0,0,0,0,0,0,1,0,0,0,0,0
biomed_481,2,0.9761904761904762,0.0732944011688232,0.0065555572509765,0,1,1,0,0,0,0,0,0,0,1,0,0,0,0,0,0,0,0,0,0,0,0,1,0,0
biomed_481,3,0.9761904761904762,0.0944328308105468,0.0058028697967529,0,1,1,0,0,0,0,0,0,0,0,0,0,0,1,0,0,0,0,0,0,0,1,0,0,0
biomed_481,2,0.9761904761904762,0.0939750671386718,0.0061633586883544,0,1,0,1,0,0,0,0,0,0,0,0,0,0,1,0,0,0,0,1,0,0,0,0,0,0
biomed_481,2,0.9761904761904762,0.0935854911804199,0.0059216022491455,0,1,1,0,0,0,0,0,0,0,0,0,0,0,1,0,0,0,0,0,0,0,1,0,0,0
biomed_481,2,0.9761904761904762,0.0963144302368164,0.0061509609222412,0,1,0,1,0,0,0,0,0,0,0,0,0,0,1,0,0,0,0,0,0,0,0,0,0,1
biomed_481,3,0.9761904761904762,0.0960433483123779,0.006174087524414,0,1,0,1,0,0,0,0,0,0,0,0,0,0,1,0,0,0,0,0,0,0,0,0,0,1
biomed_481,2,0.9761904761904762,0.0661053657531738,0.0058701038360595,0,1,0,1,0,1,0,0,0,0,0,0,0,0,0,0,0,0,0,0,0,0,1,0,0,0
biomed_481,2,0.9761904761904762,0.0932016372680664,0.0060045719146728,0,1,0,1,0,0,0,0,0,0,0,0,0,0,1,0,0,0,0,0,0,0,1,0,0,0
analcatdata_dmft_1014,1,0.83125,0.0816333293914794,0.0059587955474853,0,1,0,1,0,0,1,0,0,0,0,0,0,0,0,0,0,0,0,0,1,0,0,0,0,0
analcatdata_dmft_1014,1,0.83125,0.0922839641571044,0.0064432621002197,1,0,0,1,0,0,1,0,0,0,0,0,0,0,0,0,0,0,0,0,1,0,0,0,0,0
analcatdata_dmft_1014,4,0.8301886792452831,0.0748085975646972,0.0060546398162841,0,1,0,1,0,0,0,0,0,0,0,1,0,0,0,0,0,0,0,0,0,0,0,0,0,1
analcatdata_dmft_1014,2,0.8301886792452831,0.0718665122985839,0.0058965682983398,1,0,0,1,0,1,0,0,0,0,0,0,0,0,0,0,0,0,0,0,0,1,0,0,0,0
analcatdata_dmft_1014,4,0.8301886792452831,0.0707402229309082,0.005695104598999,1,0,0,1,0,0,0,1,0,0,0,0,0,0,0,0,0,0,0,0,0,1,0,0,0,0
analcatdata_dmft_1014,4,0.8301886792452831,0.0733950138092041,0.0058603286743164,0,1,0,0,1,0,0,0,0,0,1,0,0,0,0,0,0,0,0,0,0,0,0,0,0,1
analcatdata_dmft_1014,2,0.8301886792452831,0.0725340843200683,0.0059213638305664,0,1,0,0,1,0,0,0,0,0,1,0,0,0,0,0,0,0,0,0,0,0,0,0,0,1
analcatdata_dmft_1014,4,0.8301886792452831,0.0712778568267822,0.0058612823486328,1,0,0,0,1,0,0,0,1,0,0,0,0,0,0,0,0,0,0,0,0,0,0,1,0,0
analcatdata_dmft_1014,2,0.8301886792452831,0.0733284950256347,0.0058794021606445,1,0,0,0,1,0,0,0,1,0,0,0,0,0,0,0,0,0,0,0,0,0,0,1,0,0
analcatdata_dmft_1014,4,0.8301886792452831,0.0764000415802002,0.0061240196228027,0,1,0,1,0,0,0,0,0,0,0,1,0,0,0,0,0,0,0,0,1,0,0,0,0,0
analcatdata_dmft_1014,4,0.8301886792452831,0.0941531658172607,0.0062510967254638,1,0,0,1,0,0,0,0,0,0,0,0,0,0,1,0,0,0,0,0,0,0,1,0,0,0
analcatdata_dmft_1014,2,0.8301886792452831,0.0774776935577392,0.0060136318206787,0,1,0,1,0,0,0,0,0,0,0,0,0,0,0,0,0,0,1,0,0,0,0,0,0,1
analcatdata_dmft_1014,4,0.8301886792452831,0.0703406333923339,0.0057551860809326,1,0,0,1,0,0,0,0,0,0,0,0,0,0,0,0,0,1,0,0,0,0,1,0,0,0
analcatdata_dmft_1014,2,0.8301886792452831,0.0723989009857177,0.0059168338775634,1,0,0,1,0,0,0,0,0,0,0,0,0,0,0,0,0,1,0,0,0,0,1,0,0,0
analcatdata_dmft_1014,4,0.8301886792452831,0.0725152492523193,0.006188154220581,1,0,0,1,0,0,0,0,0,0,0,1,0,0,0,0,0,0,0,0,0,0,1,0,0,0
analcatdata_dmft_1014,4,0.8301886792452831,0.0720233917236328,0.0057616233825683,0,1,0,1,0,1,0,0,0,0,0,0,0,0,0,0,0,0,0,0,1,0,0,0,0,0
analcatdata_dmft_1014,2,0.8301886792452831,0.0758957862854003,0.0062286853790283,0,1,0,1,0,0,0,0,0,0,0,1,0,0,0,0,0,0,0,0,0,0,0,0,0,1
analcatdata_dmft_1014,2,0.8301886792452831,0.0726933479309082,0.0057818889617919,0,1,0,1,0,0,0,1,0,0,0,0,0,0,0,0,0,0,0,0,0,0,0,0,0,1
analcatdata_dmft_1014,4,0.8301886792452831,0.0742831230163574,0.0061283111572265,0,1,0,1,0,0,0,0,0,0,1,0,0,0,0,0,0,0,0,0,1,0,0,0,0,0
analcatdata_dmft_1014,2,0.8301886792452831,0.0705504417419433,0.0058391094207763,0,1,0,1,0,0,0,0,0,0,1,0,0,0,0,0,0,0,0,0,1,0,0,0,0,0
teachingAssistant_1115,3,1.0,0.0661945343017578,0.005826711654663,1,0,1,0,0,0,0,0,0,0,0,0,0,1,0,0,0,0,0,0,1,0,0,0,0,0
teachingAssistant_1115,3,1.0,0.0795011520385742,0.0065019130706787,1,0,1,0,0,0,0,0,0,1,0,0,0,0,0,0,0,0,0,0,1,0,0,0,0,0
teachingAssistant_1115,3,1.0,0.0893330574035644,0.0065832138061523,0,1,1,0,0,0,0,0,0,1,0,0,0,0,0,0,0,0,0,0,1,0,0,0,0,0
teachingAssistant_1115,3,1.0,0.0669279098510742,0.006087303161621,0,1,0,0,1,0,0,0,0,0,0,0,0,1,0,0,0,0,0,0,1,0,0,0,0,0
teachingAssistant_1115,3,1.0,0.0882654190063476,0.0065658092498779,1,0,0,1,0,0,0,0,0,1,0,0,0,0,0,0,0,0,0,0,1,0,0,0,0,0
teachingAssistant_1115,3,1.0,0.0712678432464599,0.006160020828247,1,0,0,0,1,0,0,0,0,0,0,0,0,1,0,0,0,0,0,0,1,0,0,0,0,0
teachingAssistant_1115,3,1.0,0.0697836875915527,0.0060687065124511,0,1,0,1,0,0,0,0,0,0,0,0,0,1,0,0,0,0,0,0,1,0,0,0,0,0
teachingAssistant_1115,3,1.0,0.0825676918029785,0.0066924095153808,0,1,0,1,0,0,0,0,0,1,0,0,0,0,0,0,0,0,0,0,1,0,0,0,0,0
teachingAssistant_1115,3,1.0,0.0902223587036132,0.0065715312957763,0,1,0,0,1,0,0,0,0,1,0,0,0,0,0,0,0,0,0,0,1,0,0,0,0,0
teachingAssistant_1115,3,1.0,0.0947310924530029,0.0065622329711914,1,0,0,0,1,0,0,0,0,1,0,0,0,0,0,0,0,0,0,0,1,0,0,0,0,0
teachingAssistant_1115,3,1.0,0.0671930313110351,0.0061581134796142,1,0,0,1,0,0,0,0,0,0,0,0,0,1,0,0,0,0,0,0,1,0,0,0,0,0
teachingAssistant_1115,3,1.0,0.0642139911651611,0.0057473182678222,0,1,1,0,0,0,0,0,0,0,0,0,0,1,0,0,0,0,0,0,1,0,0,0,0,0
teachingAssistant_1115,0,0.967741935483871,0.061464786529541,0.0059089660644531,0,1,0,0,1,0,0,0,0,0,0,0,0,0,0,0,0,1,0,0,0,0,1,0,0,0
teachingAssistant_1115,0,0.967741935483871,0.0689198970794677,0.0061976909637451,0,1,0,0,1,0,0,0,1,0,0,0,0,0,0,0,0,0,0,0,0,0,1,0,0,0
teachingAssistant_1115,0,0.967741935483871,0.0641891956329345,0.0066373348236083,0,1,0,0,1,1,0,0,0,0,0,0,0,0,0,0,0,0,0,0,0,0,1,0,0,0
teachingAssistant_1115,0,0.967741935483871,0.0657267570495605,0.0062451362609863,0,1,0,1,0,0,0,0,0,0,0,1,0,0,0,0,0,0,0,0,0,0,1,0,0,0
teachingAssistant_1115,0,0.967741935483871,0.0660302639007568,0.0061259269714355,1,0,0,1,0,0,0,0,0,0,1,0,0,0,0,0,0,0,0,0,0,0,1,0,0,0
teachingAssistant_1115,0,0.967741935483871,0.0682229995727539,0.0061886310577392,1,0,0,1,0,0,0,0,1,0,0,0,0,0,0,0,0,0,0,0,0,0,1,0,0,0
teachingAssistant_1115,0,0.967741935483871,0.0632171630859375,0.0057508945465087,1,0,0,0,1,0,0,0,0,0,0,0,0,1,0,0,0,0,0,0,1,0,0,0,0,0
teachingAssistant_1115,0,0.967741935483871,0.096778392791748,0.0065994262695312,1,0,0,1,0,0,0,0,0,1,0,0,0,0,0,0,0,0,0,0,1,0,0,0,0,0
MeanWhile1_1449,2,0.9607843137254902,0.1934807300567627,0.0065011978149414,1,0,1,0,0,0,0,0,0,0,0,0,1,0,0,0,0,0,0,0,0,0,0,1,0,0
MeanWhile1_1449,2,0.9607843137254902,0.2145209312438964,0.0064716339111328,1,0,0,1,0,0,0,0,0,0,0,0,1,0,0,0,0,0,0,0,0,0,0,1,0,0
MeanWhile1_1449,2,0.9607843137254902,0.2202835083007812,0.0065953731536865,0,1,1,0,0,0,0,0,0,0,0,0,1,0,0,0,0,0,0,0,0,0,0,1,0,0
MeanWhile1_1449,2,0.9607843137254902,0.2077634334564209,0.0066244602203369,0,1,0,0,1,0,0,0,0,0,0,0,1,0,0,0,0,0,0,0,0,0,0,1,0,0
MeanWhile1_1449,2,0.9607843137254902,0.2113740444183349,0.006582498550415,0,1,0,1,0,0,0,0,0,0,0,0,1,0,0,0,0,0,0,0,0,0,0,1,0,0
MeanWhile1_1449,2,0.9607843137254902,0.2026290893554687,0.006453514099121,1,0,0,0,1,0,0,0,0,0,0,0,1,0,0,0,0,0,0,0,0,0,0,1,0,0
MeanWhile1_1449,3,0.96,0.1144657135009765,0.0066566467285156,1,0,0,0,1,0,0,0,0,0,0,0,1,0,0,0,0,0,0,0,1,0,0,0,0,0
MeanWhile1_1449,3,0.96,0.0712153911590576,0.006378173828125,1,0,0,0,1,0,0,1,0,0,0,0,0,0,0,0,0,0,0,0,0,1,0,0,0,0
MeanWhile1_1449,3,0.96,0.1106071472167968,0.006791353225708,1,0,0,1,0,0,0,0,0,0,0,0,1,0,0,0,0,0,0,0,1,0,0,0,0,0
MeanWhile1_1449,4,0.96,0.580681562423706,0.0076725482940673,0,1,0,1,0,0,0,0,0,0,0,0,0,0,1,0,0,0,0,0,0,1,0,0,0,0
MeanWhile1_1449,3,0.96,0.0708551406860351,0.0062959194183349,1,0,0,0,1,0,0,0,0,0,0,0,0,0,0,0,0,0,1,0,0,1,0,0,0,0
MeanWhile1_1449,3,0.96,0.1080439090728759,0.0064723491668701,0,1,0,1,0,0,1,0,0,0,0,0,0,0,0,0,0,0,0,0,0,1,0,0,0,0
MeanWhile1_1449,4,0.96,0.5717916488647461,0.0078470706939697,1,0,1,0,0,0,0,0,0,0,0,0,0,0,1,0,0,0,0,0,0,1,0,0,0,0
MeanWhile1_1449,4,0.96,0.606133222579956,0.0083050727844238,1,0,0,0,1,0,0,0,0,0,0,0,0,0,1,0,0,0,0,0,0,1,0,0,0,0
MeanWhile1_1449,4,0.96,0.0737037658691406,0.0063254833221435,0,1,0,1,0,0,0,0,0,0,0,0,0,0,0,0,0,1,0,0,0,1,0,0,0,0
MeanWhile1_1449,4,0.96,0.1049582958221435,0.0063347816467285,1,0,1,0,0,0,0,0,0,0,0,1,0,0,0,0,0,0,0,0,0,1,0,0,0,0
MeanWhile1_1449,3,0.96,0.0716931819915771,0.0061967372894287,1,0,0,1,0,0,0,0,0,0,0,0,0,0,0,0,0,0,1,0,0,1,0,0,0,0
MeanWhile1_1449,4,0.96,0.1069986820220947,0.006500244140625,0,1,0,1,0,0,0,0,0,0,0,1,0,0,0,0,0,0,0,0,0,1,0,0,0,0
MeanWhile1_1449,4,0.96,0.0726382732391357,0.006317138671875,1,0,0,1,0,0,0,0,0,0,0,0,0,0,0,0,0,1,0,0,0,1,0,0,0,0
MeanWhile1_1449,3,0.96,0.0696897506713867,0.006249189376831,0,1,0,1,0,0,0,0,0,0,0,0,0,0,0,0,0,0,1,0,0,1,0,0,0,0
veteran_719,1,0.9285714285714286,0.0648825168609619,0.0054306983947753,0,1,1,0,0,0,0,0,0,0,0,0,0,0,1,0,0,0,0,0,0,0,0,0,0,1
veteran_719,1,0.9285714285714286,0.0706863403320312,0.006190538406372,1,0,1,0,0,0,0,0,0,0,0,0,0,0,1,0,0,0,0,0,0,0,0,0,0,1
veteran_719,1,0.9285714285714286,0.0653750896453857,0.0055060386657714,1,0,0,1,0,0,0,0,0,0,0,0,0,0,1,0,0,0,0,0,0,0,0,0,0,1
veteran_719,1,0.9285714285714286,0.0660843849182128,0.0057649612426757,1,0,0,0,1,0,0,0,0,0,0,0,0,0,1,0,0,0,0,0,0,0,0,0,0,1
veteran_719,1,0.9285714285714286,0.0682306289672851,0.0056777000427246,0,1,0,1,0,0,0,0,0,0,0,0,0,0,1,0,0,0,0,0,0,0,0,0,0,1
veteran_719,1,0.9285714285714286,0.0685186386108398,0.0058619976043701,0,1,0,0,1,0,0,0,0,0,0,0,0,0,1,0,0,0,0,0,0,0,0,0,0,1
veteran_719,1,0.8928571428571429,0.0633883476257324,0.0056209564208984,0,1,0,1,0,0,0,0,0,0,0,0,0,0,1,0,0,0,0,0,0,0,0,1,0,0
veteran_719,1,0.8928571428571429,0.0639452934265136,0.005622386932373,0,1,0,1,0,0,0,0,0,0,0,0,0,0,1,0,0,0,0,0,1,0,0,0,0,0
veteran_719,1,0.8928571428571429,0.0667240619659423,0.0057449340820312,0,1,1,0,0,0,0,0,0,0,0,0,0,0,1,0,0,0,0,0,0,0,0,1,0,0
veteran_719,1,0.8928571428571429,0.0660412311553955,0.0057907104492187,1,0,1,0,0,0,0,0,0,0,0,0,0,0,1,0,0,0,0,0,0,0,0,1,0,0
veteran_719,1,0.8928571428571429,0.0750916004180908,0.0062613487243652,1,0,0,1,0,0,0,0,0,0,0,0,0,0,1,0,0,0,0,0,0,0,0,1,0,0
veteran_719,1,0.8928571428571429,0.0637574195861816,0.0054652690887451,0,1,0,0,1,0,0,0,0,0,0,0,0,0,1,0,0,0,0,0,0,0,0,1,0,0
veteran_719,1,0.8928571428571429,0.1253995895385742,0.005889892578125,0,1,0,1,0,0,0,0,0,0,0,0,1,0,0,0,0,0,0,0,0,0,0,1,0,0
veteran_719,1,0.8928571428571429,0.0711750984191894,0.006082534790039,1,0,0,1,0,0,0,0,0,0,0,0,0,0,1,0,0,0,0,0,1,0,0,0,0,0
veteran_719,1,0.8928571428571429,0.1266834735870361,0.0056610107421875,0,1,1,0,0,0,0,0,0,0,0,0,1,0,0,0,0,0,0,0,0,0,0,1,0,0
veteran_719,1,0.8928571428571429,0.0641689300537109,0.0056140422821044,1,0,0,0,1,0,0,0,0,0,0,0,0,0,1,0,0,0,0,0,0,0,0,1,0,0
veteran_719,1,0.8928571428571429,0.0640783309936523,0.0054810047149658,0,1,1,0,0,0,0,0,0,0,0,0,0,0,1,0,0,0,0,0,1,0,0,0,0,0
veteran_719,1,0.8928571428571429,0.1398005485534668,0.006300926208496,1,0,0,1,0,0,0,0,0,0,0,0,1,0,0,0,0,0,0,0,0,0,0,1,0,0
veteran_719,1,0.8928571428571429,0.1277961730957031,0.0063545703887939,1,0,0,0,1,0,0,0,0,0,0,0,1,0,0,0,0,0,0,0,0,0,0,1,0,0
veteran_719,1,0.8928571428571429,0.0647730827331543,0.0055909156799316,0,1,0,0,1,0,0,0,0,0,0,0,0,0,1,0,0,0,0,0,1,0,0,0,0,0
autoUniv-au6-750_1549,3,0.32,2.691068172454834,0.0093469619750976,1,0,0,0,1,0,0,0,0,0,0,0,0,0,1,0,0,0,0,0,1,0,0,0,0,0
autoUniv-au6-750_1549,3,0.32,2.5983223915100098,0.0088539123535156,0,1,0,0,1,0,0,0,0,0,0,0,0,0,1,0,0,0,0,0,1,0,0,0,0,0
autoUniv-au6-750_1549,2,0.28,0.0847065448760986,0.0065875053405761,1,0,0,0,1,0,0,0,1,0,0,0,0,0,0,0,0,0,0,1,0,0,0,0,0,0
autoUniv-au6-750_1549,2,0.28,0.0879352092742919,0.0065369606018066,1,0,0,1,0,0,0,0,1,0,0,0,0,0,0,0,0,0,0,0,0,0,0,0,0,1
autoUniv-au6-750_1549,2,0.28,0.0854668617248535,0.0065553188323974,0,1,0,1,0,0,0,0,1,0,0,0,0,0,0,0,0,0,0,0,0,0,0,0,1,0
autoUniv-au6-750_1549,2,0.28,0.0876202583312988,0.0065295696258544,1,0,0,1,0,0,0,0,1,0,0,0,0,0,0,0,0,0,0,1,0,0,0,0,0,0
autoUniv-au6-750_1549,2,0.28,0.0837600231170654,0.0064828395843505,0,1,0,0,1,0,0,0,1,0,0,0,0,0,0,0,0,0,0,0,0,0,0,0,1,0
autoUniv-au6-750_1549,2,0.28,0.0856599807739257,0.0066449642181396,1,0,0,1,0,0,0,0,1,0,0,0,0,0,0,0,0,0,0,0,0,0,0,1,0,0
autoUniv-au6-750_1549,2,0.28,0.0830516815185546,0.0063424110412597,0,1,0,0,1,0,0,0,1,0,0,0,0,0,0,0,0,0,0,0,0,0,0,0,0,1
autoUniv-au6-750_1549,2,0.28,0.0845012664794921,0.0066142082214355,0,1,0,1,0,0,0,0,1,0,0,0,0,0,0,0,0,0,0,1,0,0,0,0,0,0
autoUniv-au6-750_1549,2,0.28,0.0837233066558837,0.0064496994018554,1,0,0,0,1,0,0,0,1,0,0,0,0,0,0,0,0,0,0,0,0,0,0,1,0,0
autoUniv-au6-750_1549,2,0.28,0.0833761692047119,0.0064566135406494,0,1,0,1,0,0,0,0,1,0,0,0,0,0,0,0,0,0,0,0,0,0,1,0,0,0
autoUniv-au6-750_1549,2,0.28,0.0852079391479492,0.0064971446990966,1,0,0,0,1,0,0,0,1,0,0,0,0,0,0,0,0,0,0,0,0,0,0,0,1,0
autoUniv-au6-750_1549,2,0.28,0.0831422805786132,0.0062403678894042,0,1,0,0,1,0,0,0,1,0,0,0,0,0,0,0,0,0,0,1,0,0,0,0,0,0
autoUniv-au6-750_1549,2,0.28,0.0892679691314697,0.0064523220062255,0,1,0,1,0,0,0,0,1,0,0,0,0,0,0,0,0,0,0,0,0,0,0,1,0,0
autoUniv-au6-750_1549,2,0.28,0.0872743129730224,0.0063874721527099,1,0,0,1,0,0,0,0,1,0,0,0,0,0,0,0,0,0,0,0,0,0,0,0,1,0
autoUniv-au6-750_1549,3,0.28,0.0901241302490234,0.0063459873199462,0,1,0,1,0,0,0,0,0,0,0,0,0,0,0,0,0,0,1,0,0,0,0,0,0,1
autoUniv-au6-750_1549,2,0.28,0.0841126441955566,0.0064778327941894,0,1,0,1,0,0,0,0,1,0,0,0,0,0,0,0,0,0,0,0,0,0,0,0,0,1
autoUniv-au6-750_1549,2,0.28,0.0875730514526367,0.0067725181579589,1,0,0,1,0,0,0,0,1,0,0,0,0,0,0,0,0,0,0,0,0,0,1,0,0,0
autoUniv-au6-750_1549,2,0.28,0.0843174457550048,0.0064239501953125,0,1,0,0,1,0,0,0,1,0,0,0,0,0,0,0,0,0,0,0,1,0,0,0,0,0
Engine1_4340,2,0.948051948051948,0.2528238296508789,0.0068333148956298,0,1,1,0,0,0,0,0,0,0,0,0,0,0,0,0,1,0,0,1,0,0,0,0,0,0
Engine1_4340,2,0.948051948051948,0.2519850730895996,0.006765604019165,1,0,1,0,0,0,0,0,0,0,0,0,0,0,0,0,1,0,0,1,0,0,0,0,0,0
Engine1_4340,1,0.948051948051948,0.0766525268554687,0.0065691471099853,1,0,1,0,0,0,0,1,0,0,0,0,0,0,0,0,0,0,0,1,0,0,0,0,0,0
Engine1_4340,1,0.948051948051948,0.0764682292938232,0.0063908100128173,0,1,1,0,0,0,0,1,0,0,0,0,0,0,0,0,0,0,0,1,0,0,0,0,0,0
Engine1_4340,2,0.948051948051948,0.251941442489624,0.0067834854125976,0,1,0,0,1,0,0,0,0,0,0,0,0,0,0,0,1,0,0,1,0,0,0,0,0,0
Engine1_4340,1,0.948051948051948,0.0774207115173339,0.0064728260040283,0,1,0,0,1,0,0,1,0,0,0,0,0,0,0,0,0,0,0,1,0,0,0,0,0,0
Engine1_4340,1,0.948051948051948,0.0758869647979736,0.0064899921417236,1,0,0,0,1,0,0,1,0,0,0,0,0,0,0,0,0,0,0,1,0,0,0,0,0,0
Engine1_4340,2,0.948051948051948,0.2538685798645019,0.0066943168640136,1,0,0,0,1,0,0,0,0,0,0,0,0,0,0,0,1,0,0,1,0,0,0,0,0,0
Engine1_4340,2,0.948051948051948,0.2579059600830078,0.0067720413208007,1,0,0,1,0,0,0,0,0,0,0,0,0,0,0,0,1,0,0,1,0,0,0,0,0,0
Engine1_4340,1,0.948051948051948,0.0777544975280761,0.0065028667449951,1,0,0,1,0,0,0,1,0,0,0,0,0,0,0,0,0,0,0,1,0,0,0,0,0,0
Engine1_4340,2,0.948051948051948,0.2492282390594482,0.0067510604858398,0,1,0,1,0,0,0,0,0,0,0,0,0,0,0,0,1,0,0,1,0,0,0,0,0,0
Engine1_4340,1,0.948051948051948,0.0775339603424072,0.0064516067504882,0,1,0,1,0,0,0,1,0,0,0,0,0,0,0,0,0,0,0,1,0,0,0,0,0,0
Engine1_4340,4,0.9473684210526316,0.0816380977630615,0.0064201354980468,1,0,0,0,1,0,1,0,0,0,0,0,0,0,0,0,0,0,0,0,0,0,0,1,0,0
Engine1_4340,4,0.9473684210526316,0.080594778060913,0.0064945220947265,1,0,1,0,0,0,1,0,0,0,0,0,0,0,0,0,0,0,0,0,0,0,0,1,0,0
Engine1_4340,4,0.9473684210526316,0.0851836204528808,0.0064938068389892,0,1,0,1,0,0,1,0,0,0,0,0,0,0,0,0,0,0,0,0,0,0,0,1,0,0
Engine1_4340,4,0.9473684210526316,0.0853049755096435,0.006645917892456,1,0,0,1,0,0,1,0,0,0,0,0,0,0,0,0,0,0,0,0,0,0,0,1,0,0
Engine1_4340,4,0.9473684210526316,0.084341287612915,0.0063872337341308,0,1,0,0,1,0,1,0,0,0,0,0,0,0,0,0,0,0,0,0,0,0,0,1,0,0
Engine1_4340,4,0.9473684210526316,0.0808300971984863,0.0063343048095703,0,1,1,0,0,0,1,0,0,0,0,0,0,0,0,0,0,0,0,0,0,0,0,1,0,0
Engine1_4340,1,0.935064935064935,0.268092393875122,0.0067903995513916,0,1,0,0,1,0,0,0,0,0,0,0,1,0,0,0,0,0,0,1,0,0,0,0,0,0
Engine1_4340,1,0.935064935064935,0.2704553604125976,0.0067708492279052,0,1,1,0,0,0,0,0,0,0,0,0,1,0,0,0,0,0,0,1,0,0,0,0,0,0
PieChart2_1452,3,1.0,0.1895887851715088,0.0062768459320068,1,0,0,1,0,0,0,0,0,1,0,0,0,0,0,0,0,0,0,0,1,0,0,0,0,0
PieChart2_1452,3,1.0,0.0823230743408203,0.0063822269439697,1,0,0,1,0,0,0,1,0,0,0,0,0,0,0,0,0,0,0,0,0,0,0,0,0,1
PieChart2_1452,3,1.0,0.428279161453247,0.0071034431457519,0,1,1,0,0,0,0,0,0,0,0,0,0,0,0,0,1,0,0,0,1,0,0,0,0,0
PieChart2_1452,3,1.0,0.1886887550354004,0.0064532756805419,1,0,0,0,1,0,1,0,0,0,0,0,0,0,0,0,0,0,0,0,0,0,0,1,0,0
PieChart2_1452,3,1.0,0.1958599090576172,0.0064728260040283,0,1,0,0,1,0,1,0,0,0,0,0,0,0,0,0,0,0,0,0,0,0,0,1,0,0
PieChart2_1452,3,1.0,0.1716580390930175,0.0064008235931396,1,0,0,1,0,0,0,0,0,0,0,0,1,0,0,0,0,0,0,0,1,0,0,0,0,0
PieChart2_1452,3,1.0,0.0782692432403564,0.0059156417846679,0,1,0,1,0,0,0,1,0,0,0,0,0,0,0,0,0,0,0,0,0,0,1,0,0,0
PieChart2_1452,3,1.0,0.3970940113067627,0.0062477588653564,1,0,0,1,0,0,0,0,0,0,0,0,0,0,0,0,1,0,0,0,0,0,0,0,0,1
PieChart2_1452,3,1.0,0.1252028942108154,0.0066602230072021,0,1,0,1,0,1,0,0,0,0,0,0,0,0,0,0,0,0,0,0,0,1,0,0,0,0
PieChart2_1452,3,1.0,0.4028716087341308,0.0064425468444824,0,1,0,1,0,0,0,0,0,0,0,0,0,0,0,0,1,0,0,0,0,1,0,0,0,0
PieChart2_1452,3,1.0,0.0721464157104492,0.0059006214141845,0,1,0,1,0,0,0,0,1,0,0,0,0,0,0,0,0,0,0,0,0,0,1,0,0,0
PieChart2_1452,3,1.0,0.1891891956329345,0.0059802532196044,1,0,0,1,0,0,0,0,0,0,0,0,0,1,0,0,0,0,0,0,0,0,0,1,0,0
PieChart2_1452,3,1.0,0.1924169063568115,0.0062255859375,0,1,0,1,0,0,1,0,0,0,0,0,0,0,0,0,0,0,0,0,1,0,0,0,0,0
PieChart2_1452,3,1.0,0.0735242366790771,0.0058813095092773,0,1,0,1,0,0,0,0,1,0,0,0,0,0,0,0,0,0,0,0,1,0,0,0,0,0
PieChart2_1452,3,1.0,0.077225923538208,0.0060343742370605,0,1,0,1,0,0,0,0,0,0,0,0,0,0,0,0,0,1,0,0,1,0,0,0,0,0
PieChart2_1452,3,1.0,0.1836004257202148,0.0061085224151611,1,0,1,0,0,0,0,0,0,1,0,0,0,0,0,0,0,0,0,0,1,0,0,0,0,0
PieChart2_1452,3,1.0,0.0803220272064209,0.0059590339660644,1,0,0,1,0,0,0,1,0,0,0,0,0,0,0,0,0,0,0,0,0,0,1,0,0,0
PieChart2_1452,3,1.0,0.1685066223144531,0.0064446926116943,1,0,1,0,0,0,0,0,0,0,0,0,1,0,0,0,0,0,0,0,1,0,0,0,0,0
PieChart2_1452,3,1.0,0.0733764171600341,0.0059220790863037,1,0,0,1,0,0,0,0,1,0,0,0,0,0,0,0,0,0,0,0,0,0,0,1,0,0
PieChart2_1452,3,1.0,0.190671682357788,0.0063915252685546,1,0,0,1,0,0,1,0,0,0,0,0,0,0,0,0,0,0,0,0,0,0,0,1,0,0
German-Credit-Risk-with-Target_46116,4,0.79,0.1208992004394531,0.0071027278900146,1,0,0,1,0,1,0,0,0,0,0,0,0,0,0,0,0,0,0,0,0,1,0,0,0,0
German-Credit-Risk-with-Target_46116,4,0.79,0.1209747791290283,0.0071625709533691,0,1,0,1,0,1,0,0,0,0,0,0,0,0,0,0,0,0,0,0,0,1,0,0,0,0
German-Credit-Risk-with-Target_46116,4,0.785,0.1309981346130371,0.0070197582244873,0,1,0,1,0,0,0,0,0,0,0,1,0,0,0,0,0,0,0,0,0,1,0,0,0,0
German-Credit-Risk-with-Target_46116,4,0.785,0.1340267658233642,0.0069992542266845,1,0,0,1,0,0,0,0,0,0,0,1,0,0,0,0,0,0,0,0,0,1,0,0,0,0
German-Credit-Risk-with-Target_46116,3,0.78,0.2166767120361328,0.0123007297515869,0,1,0,0,1,0,0,0,0,0,0,0,0,0,0,1,0,0,0,0,0,0,1,0,0,0
German-Credit-Risk-with-Target_46116,4,0.78,0.1157519817352294,0.0064864158630371,0,1,0,0,1,0,0,0,0,0,0,1,0,0,0,0,0,0,0,0,0,1,0,0,0,0
German-Credit-Risk-with-Target_46116,4,0.775,0.2466466426849365,0.0073597431182861,0,1,0,0,1,0,0,0,0,0,0,0,0,0,1,0,0,0,0,0,0,1,0,0,0,0
German-Credit-Risk-with-Target_46116,1,0.775,0.2094841003417968,0.0071957111358642,1,0,0,1,0,0,0,0,0,1,0,0,0,0,0,0,0,0,0,0,0,1,0,0,0,0
German-Credit-Risk-with-Target_46116,1,0.775,0.1962196826934814,0.0070440769195556,1,0,0,1,0,0,0,0,0,0,0,0,0,1,0,0,0,0,0,0,0,1,0,0,0,0
German-Credit-Risk-with-Target_46116,1,0.775,0.1952724456787109,0.0069255828857421,0,1,0,1,0,0,0,0,0,0,0,0,0,1,0,0,0,0,0,0,0,1,0,0,0,0
German-Credit-Risk-with-Target_46116,3,0.775,0.0942788124084472,0.0069200992584228,1,0,0,1,0,0,0,0,0,0,0,0,0,0,0,0,0,0,1,0,0,0,1,0,0,0
German-Credit-Risk-with-Target_46116,1,0.775,0.2232296466827392,0.0071945190429687,0,1,0,1,0,0,0,0,0,1,0,0,0,0,0,0,0,0,0,0,0,1,0,0,0,0
German-Credit-Risk-with-Target_46116,3,0.77,0.2150342464447021,0.0118522644042968,0,1,0,1,0,0,0,0,0,0,0,0,0,0,0,1,0,0,0,0,0,0,1,0,0,0
German-Credit-Risk-with-Target_46116,4,0.77,0.2148439884185791,0.00706148147583,1,0,0,1,0,0,1,0,0,0,0,0,0,0,0,0,0,0,0,0,1,0,0,0,0,0
German-Credit-Risk-with-Target_46116,4,0.765,0.0982911586761474,0.0070478916168212,0,1,0,0,1,0,0,0,0,0,0,1,0,0,0,0,0,0,0,0,0,0,1,0,0,0
German-Credit-Risk-with-Target_46116,4,0.765,0.095041275024414,0.0069034099578857,0,1,0,0,1,1,0,0,0,0,0,0,0,0,0,0,0,0,0,0,0,0,1,0,0,0
German-Credit-Risk-with-Target_46116,1,0.765,0.1315784454345703,0.0072009563446044,0,1,0,1,0,0,0,0,0,0,0,1,0,0,0,0,0,0,0,0,0,1,0,0,0,0
German-Credit-Risk-with-Target_46116,1,0.765,0.131338357925415,0.0069899559020996,0,1,0,0,1,0,1,0,0,0,0,0,0,0,0,0,0,0,0,1,0,0,0,0,0,0
German-Credit-Risk-with-Target_46116,4,0.765,0.0977218151092529,0.007103681564331,0,1,0,0,1,0,0,0,0,0,0,1,0,0,0,0,0,0,0,1,0,0,0,0,0,0
German-Credit-Risk-with-Target_46116,4,0.765,0.0951857566833496,0.006951093673706,0,1,0,0,1,1,0,0,0,0,0,0,0,0,0,0,0,0,0,0,0,0,0,0,0,1
analcatdata_germangss_1025,3,0.975,0.1477124691009521,0.0096771717071533,0,1,0,1,0,0,0,0,0,0,0,0,0,0,0,1,0,0,0,0,0,0,0,0,1,0
analcatdata_germangss_1025,3,0.975,0.1539614200592041,0.010049819946289,1,0,0,1,0,0,0,0,0,0,0,0,0,0,0,1,0,0,0,0,1,0,0,0,0,0
analcatdata_germangss_1025,3,0.975,0.1514792442321777,0.0094263553619384,0,1,0,1,0,0,0,0,0,0,0,0,0,0,0,1,0,0,0,1,0,0,0,0,0,0
analcatdata_germangss_1025,3,0.975,0.1554467678070068,0.0097689628601074,0,1,0,1,0,0,0,0,0,0,0,0,0,0,0,1,0,0,0,0,1,0,0,0,0,0
analcatdata_germangss_1025,3,0.975,0.1475229263305664,0.0100436210632324,1,0,0,1,0,0,0,0,0,0,0,0,0,0,0,1,0,0,0,0,0,0,0,1,0,0
analcatdata_germangss_1025,3,0.975,0.1475074291229248,0.0100069046020507,0,1,0,1,0,0,0,0,0,0,0,0,0,0,0,1,0,0,0,0,0,0,0,0,0,1
analcatdata_germangss_1025,3,0.975,0.1453831195831298,0.0096874237060546,1,0,0,1,0,0,0,0,0,0,0,0,0,0,0,1,0,0,0,0,0,0,1,0,0,0
analcatdata_germangss_1025,3,0.975,0.1716983318328857,0.0100109577178955,1,0,0,1,0,0,0,0,0,0,0,0,0,0,0,1,0,0,0,0,0,0,0,0,1,0
analcatdata_germangss_1025,3,0.975,0.1440012454986572,0.0092594623565673,1,0,0,1,0,0,0,0,0,0,0,0,0,0,0,1,0,0,0,0,0,0,0,0,0,1
analcatdata_germangss_1025,3,0.975,0.1473140716552734,0.0097694396972656,0,1,0,1,0,0,0,0,0,0,0,0,0,0,0,1,0,0,0,0,0,0,1,0,0,0
analcatdata_germangss_1025,3,0.975,0.1509327888488769,0.0098881721496582,0,1,0,1,0,0,0,0,0,0,0,0,0,0,0,1,0,0,0,0,0,0,0,1,0,0
analcatdata_germangss_1025,3,0.975,0.1548593044281005,0.0097310543060302,1,0,0,1,0,0,0,0,0,0,0,0,0,0,0,1,0,0,0,1,0,0,0,0,0,0
analcatdata_germangss_1025,2,0.9625,0.077540636062622,0.0061192512512207,1,0,0,0,1,0,1,0,0,0,0,0,0,0,0,0,0,0,0,0,0,1,0,0,0,0
analcatdata_germangss_1025,2,0.9625,0.0828125476837158,0.0064480304718017,0,1,0,1,0,0,0,0,0,0,0,0,0,0,1,0,0,0,0,0,0,0,0,0,1,0
analcatdata_germangss_1025,2,0.9625,0.0780847072601318,0.0063674449920654,0,1,0,0,1,0,0,0,0,0,0,0,0,0,1,0,0,0,0,0,0,0,0,0,0,1
analcatdata_germangss_1025,2,0.9625,0.0719821453094482,0.0063948631286621,1,0,0,0,1,0,0,0,0,0,0,0,0,0,1,0,0,0,0,0,0,0,0,0,1,0
analcatdata_germangss_1025,2,0.9625,0.0737514495849609,0.0061285495758056,0,1,0,0,1,0,0,0,0,0,0,0,0,0,1,0,0,0,0,0,0,0,1,0,0,0
analcatdata_germangss_1025,2,0.9625,0.0829188823699951,0.0064873695373535,1,0,0,1,0,0,0,0,0,0,0,0,0,0,1,0,0,0,0,0,0,0,0,0,1,0
analcatdata_germangss_1025,2,0.9625,0.0747492313385009,0.0061850547790527,1,0,0,0,1,0,0,0,0,0,0,0,0,0,1,0,0,0,0,0,0,0,1,0,0,0
analcatdata_germangss_1025,2,0.9625,0.0773804187774658,0.0061626434326171,0,1,0,0,1,0,1,0,0,0,0,0,0,0,0,0,0,0,0,0,0,1,0,0,0,0
chscase_census6_900,3,0.675,0.2392513751983642,0.0062239170074462,1,0,1,0,0,0,0,0,0,0,0,0,0,0,0,0,1,0,0,0,0,0,0,0,1,0
chscase_census6_900,3,0.675,0.2300751209259033,0.0059683322906494,1,0,0,1,0,0,0,0,0,0,0,0,0,0,0,0,1,0,0,0,0,0,0,0,1,0
chscase_census6_900,3,0.675,0.2493085861206054,0.0064105987548828,0,1,1,0,0,0,0,0,0,0,0,0,0,0,0,0,1,0,0,0,0,0,0,0,1,0
chscase_census6_900,3,0.675,0.2340972423553466,0.0060031414031982,0,1,0,0,1,0,0,0,0,0,0,0,0,0,0,0,1,0,0,0,0,0,0,0,1,0
chscase_census6_900,3,0.675,0.2224726676940918,0.0057687759399414,0,1,0,1,0,0,0,0,0,0,0,0,0,0,0,0,1,0,0,0,0,0,0,0,1,0
chscase_census6_900,3,0.675,0.2357182502746582,0.0059943199157714,1,0,0,0,1,0,0,0,0,0,0,0,0,0,0,0,1,0,0,0,0,0,0,0,1,0
chscase_census6_900,4,0.6625,0.0710880756378173,0.005894660949707,1,0,0,0,1,0,0,1,0,0,0,0,0,0,0,0,0,0,0,0,0,0,0,0,0,1
chscase_census6_900,4,0.6625,0.0694022178649902,0.0057916641235351,1,0,1,0,0,0,0,1,0,0,0,0,0,0,0,0,0,0,0,0,0,0,0,0,0,1
chscase_census6_900,3,0.6625,0.0959813594818115,0.0064911842346191,0,1,0,1,0,0,0,0,0,1,0,0,0,0,0,0,0,0,0,0,0,0,1,0,0,0
chscase_census6_900,3,0.6625,0.0909807682037353,0.0063064098358154,1,0,0,1,0,0,0,0,0,1,0,0,0,0,0,0,0,0,0,0,0,0,1,0,0,0
chscase_census6_900,4,0.6625,0.0696871280670166,0.005817174911499,0,1,0,0,1,0,0,1,0,0,0,0,0,0,0,0,0,0,0,0,0,0,0,0,0,1
chscase_census6_900,3,0.6625,0.0763626098632812,0.0058281421661376,0,1,0,0,1,0,0,0,0,0,0,0,0,1,0,0,0,0,0,0,0,0,1,0,0,0
chscase_census6_900,4,0.6625,0.0702362060546875,0.0058555603027343,1,0,0,1,0,0,0,1,0,0,0,0,0,0,0,0,0,0,0,0,0,0,0,0,0,1
chscase_census6_900,3,0.6625,0.0948929786682128,0.006500244140625,1,0,1,0,0,0,0,0,0,1,0,0,0,0,0,0,0,0,0,0,0,0,1,0,0,0
chscase_census6_900,3,0.6625,0.075493574142456,0.0057282447814941,1,0,0,0,1,0,0,0,0,0,0,0,0,1,0,0,0,0,0,0,0,0,1,0,0,0
chscase_census6_900,4,0.6625,0.0701014995574951,0.0059280395507812,0,1,0,1,0,0,0,1,0,0,0,0,0,0,0,0,0,0,0,0,0,0,0,0,0,1
chscase_census6_900,3,0.6625,0.0923988819122314,0.0062408447265625,1,0,0,0,1,0,0,0,0,1,0,0,0,0,0,0,0,0,0,0,0,0,1,0,0,0
chscase_census6_900,4,0.6625,0.0700829029083252,0.0058963298797607,0,1,1,0,0,0,0,1,0,0,0,0,0,0,0,0,0,0,0,0,0,0,0,0,0,1
chscase_census6_900,3,0.6625,0.0802080631256103,0.0060153007507324,1,0,1,0,0,0,0,0,0,0,0,0,0,1,0,0,0,0,0,0,0,0,1,0,0,0
chscase_census6_900,3,0.6625,0.0772056579589843,0.0059068202972412,1,0,0,1,0,0,0,0,0,0,0,0,0,1,0,0,0,0,0,0,0,0,1,0,0,0
visualizing_galaxy_925,1,0.9846153846153848,0.2157697677612304,0.0061032772064208,1,0,0,0,1,0,0,0,0,0,0,0,1,0,0,0,0,0,0,0,0,0,0,0,1,0
visualizing_galaxy_925,1,0.9846153846153848,0.1300702095031738,0.0094673633575439,1,0,0,0,1,0,0,0,0,0,0,0,0,0,0,1,0,0,0,1,0,0,0,0,0,0
visualizing_galaxy_925,0,0.9846153846153848,0.0808055400848388,0.0057654380798339,1,0,0,0,1,0,0,0,0,0,0,0,0,0,1,0,0,0,0,0,0,0,0,0,1,0
visualizing_galaxy_925,1,0.9846153846153848,0.1306538581848144,0.009354829788208,0,1,0,1,0,0,0,0,0,0,0,0,0,0,0,1,0,0,0,1,0,0,0,0,0,0
visualizing_galaxy_925,1,0.9846153846153848,0.1302144527435302,0.0093636512756347,0,1,1,0,0,0,0,0,0,0,0,0,0,0,0,1,0,0,0,0,0,0,0,0,0,1
visualizing_galaxy_925,1,0.9846153846153848,0.1269965171813964,0.0095407962799072,1,0,0,0,1,0,0,0,0,0,0,0,0,0,0,1,0,0,0,0,0,0,0,0,1,0
visualizing_galaxy_925,1,0.9846153846153848,0.1391184329986572,0.0099425315856933,1,0,1,0,0,0,0,0,0,0,0,0,0,0,0,1,0,0,0,0,0,0,0,0,0,1
visualizing_galaxy_925,1,0.9846153846153848,0.1260168552398681,0.0091595649719238,1,0,0,1,0,0,0,0,0,0,0,0,0,0,0,1,0,0,0,0,0,0,0,0,0,1
visualizing_galaxy_925,1,0.9846153846153848,0.1229722499847412,0.0092804431915283,1,0,1,0,0,0,0,0,0,0,0,0,0,0,0,1,0,0,0,1,0,0,0,0,0,0
visualizing_galaxy_925,1,0.9846153846153848,0.2101538181304931,0.0059919357299804,0,1,0,0,1,0,0,0,0,0,0,0,1,0,0,0,0,0,0,0,0,0,0,0,1,0
visualizing_galaxy_925,1,0.9846153846153848,0.1320698261260986,0.0093286037445068,0,1,0,0,1,0,0,0,0,0,0,0,0,0,0,1,0,0,0,1,0,0,0,0,0,0
visualizing_galaxy_925,1,0.9846153846153848,0.1263360977172851,0.0093708038330078,0,1,0,0,1,0,0,0,0,0,0,0,0,0,0,1,0,0,0,0,1,0,0,0,0,0
visualizing_galaxy_925,1,0.9846153846153848,0.1259322166442871,0.0094339847564697,1,0,0,1,0,0,0,0,0,0,0,0,0,0,0,1,0,0,0,1,0,0,0,0,0,0
visualizing_galaxy_925,1,0.9846153846153848,0.1275615692138672,0.0094637870788574,0,1,0,1,0,0,0,0,0,0,0,0,0,0,0,1,0,0,0,0,0,0,0,0,0,1
visualizing_galaxy_925,0,0.9846153846153848,0.0783720016479492,0.0059607028961181,0,1,0,0,1,0,0,0,0,0,0,0,0,0,1,0,0,0,0,0,0,0,0,0,1,0
visualizing_galaxy_925,1,0.9846153846153848,0.2085180282592773,0.0057694911956787,0,1,1,0,0,0,0,0,0,0,0,0,1,0,0,0,0,0,0,0,0,0,0,0,1,0
visualizing_galaxy_925,1,0.9846153846153848,0.140110969543457,0.0098304748535156,1,0,0,0,1,0,0,0,0,0,0,0,0,0,0,1,0,0,0,0,1,0,0,0,0,0
visualizing_galaxy_925,0,0.9846153846153848,0.0805695056915283,0.0057849884033203,1,0,1,0,0,0,0,0,0,0,0,0,0,0,1,0,0,0,0,0,0,0,0,0,1,0
visualizing_galaxy_925,0,0.9846153846153848,0.0814597606658935,0.0063080787658691,0,1,1,0,0,0,0,0,0,0,0,0,0,0,1,0,0,0,0,0,0,0,0,0,1,0
visualizing_galaxy_925,1,0.9846153846153848,0.1225595474243164,0.0091495513916015,0,1,0,0,1,0,0,0,0,0,0,0,0,0,0,1,0,0,0,0,0,0,0,0,1,0
fri_c4_1000_50_797,4,0.945,0.1311225891113281,0.0064966678619384,1,0,0,1,0,0,0,0,0,0,1,0,0,0,0,0,0,0,0,1,0,0,0,0,0,0
fri_c4_1000_50_797,4,0.945,0.1303691864013672,0.0065340995788574,0,1,1,0,0,0,0,0,0,0,1,0,0,0,0,0,0,0,0,1,0,0,0,0,0,0
fri_c4_1000_50_797,4,0.945,0.1320436000823974,0.0063514709472656,1,0,1,0,0,0,0,0,0,0,1,0,0,0,0,0,0,0,0,1,0,0,0,0,0,0
fri_c4_1000_50_797,4,0.945,0.1294546127319336,0.0063705444335937,0,1,0,0,1,0,0,0,0,0,1,0,0,0,0,0,0,0,0,1,0,0,0,0,0,0
fri_c4_1000_50_797,4,0.945,0.1313867568969726,0.0066983699798583,0,1,0,1,0,0,0,0,0,0,1,0,0,0,0,0,0,0,0,1,0,0,0,0,0,0
fri_c4_1000_50_797,4,0.945,0.1338756084442138,0.0063135623931884,1,0,0,0,1,0,0,0,0,0,1,0,0,0,0,0,0,0,0,1,0,0,0,0,0,0
fri_c4_1000_50_797,4,0.94,0.1392660140991211,0.0062222480773925,0,1,0,0,1,0,0,0,0,0,1,0,0,0,0,0,0,0,0,0,1,0,0,0,0,0
fri_c4_1000_50_797,4,0.94,0.1393287181854248,0.0062315464019775,0,1,1,0,0,0,0,0,0,0,1,0,0,0,0,0,0,0,0,0,1,0,0,0,0,0
fri_c4_1000_50_797,4,0.94,0.1054384708404541,0.0063588619232177,0,1,1,0,0,0,0,0,0,0,0,0,0,0,0,0,0,1,0,0,0,0,0,1,0,0
fri_c4_1000_50_797,4,0.94,0.1090188026428222,0.0062682628631591,1,0,1,0,0,0,0,0,0,0,0,0,0,0,0,0,0,1,0,0,0,0,1,0,0,0
fri_c4_1000_50_797,4,0.94,0.1411523818969726,0.0064156055450439,1,0,0,0,1,0,0,0,0,0,1,0,0,0,0,0,0,0,0,0,1,0,0,0,0,0
fri_c4_1000_50_797,4,0.94,0.1032094955444336,0.0064907073974609,0,1,0,1,0,0,0,0,0,0,0,0,0,0,0,0,0,1,0,0,0,0,1,0,0,0
fri_c4_1000_50_797,4,0.94,0.1073119640350341,0.0087435245513916,1,0,0,1,0,0,0,0,0,0,0,0,0,0,0,0,0,1,0,0,0,0,0,1,0,0
fri_c4_1000_50_797,4,0.94,0.1446630954742431,0.0064156055450439,1,0,1,0,0,0,0,0,0,0,1,0,0,0,0,0,0,0,0,0,0,0,1,0,0,0
fri_c4_1000_50_797,4,0.94,0.139089822769165,0.0061070919036865,0,1,0,1,0,0,0,0,0,0,1,0,0,0,0,0,0,0,0,0,0,0,0,0,1,0
fri_c4_1000_50_797,4,0.94,0.1040472984313964,0.0062696933746337,1,0,1,0,0,0,0,0,0,0,0,0,0,0,0,0,0,1,0,0,0,0,0,1,0,0
fri_c4_1000_50_797,4,0.94,0.139937162399292,0.0063502788543701,1,0,0,1,0,0,0,0,0,0,1,0,0,0,0,0,0,0,0,0,0,0,0,0,0,1
fri_c4_1000_50_797,4,0.94,0.1397628784179687,0.0062675476074218,0,1,0,0,1,0,0,0,0,0,1,0,0,0,0,0,0,0,0,0,0,0,0,0,0,1
fri_c4_1000_50_797,4,0.94,0.1434931755065918,0.0064558982849121,0,1,0,1,0,0,0,0,0,0,1,0,0,0,0,0,0,0,0,0,1,0,0,0,0,0
fri_c4_1000_50_797,4,0.94,0.1460306644439697,0.0067265033721923,1,0,0,1,0,0,0,0,0,0,1,0,0,0,0,0,0,0,0,0,0,0,1,0,0,0
MegaWatt1_1442,2,0.9607843137254902,0.1897697448730468,0.0064384937286376,1,0,1,0,0,0,0,0,0,0,0,0,1,0,0,0,0,0,0,0,0,0,0,1,0,0
MegaWatt1_1442,2,0.9607843137254902,0.1934671401977539,0.0063881874084472,1,0,0,1,0,0,0,0,0,0,0,0,1,0,0,0,0,0,0,0,0,0,0,1,0,0
MegaWatt1_1442,2,0.9607843137254902,0.1878321170806884,0.0061085224151611,0,1,1,0,0,0,0,0,0,0,0,0,1,0,0,0,0,0,0,0,0,0,0,1,0,0
MegaWatt1_1442,2,0.9607843137254902,0.2012958526611328,0.0064587593078613,0,1,0,0,1,0,0,0,0,0,0,0,1,0,0,0,0,0,0,0,0,0,0,1,0,0
MegaWatt1_1442,2,0.9607843137254902,0.202003002166748,0.0067465305328369,0,1,0,1,0,0,0,0,0,0,0,0,1,0,0,0,0,0,0,0,0,0,0,1,0,0
MegaWatt1_1442,2,0.9607843137254902,0.2004241943359375,0.0064740180969238,1,0,0,0,1,0,0,0,0,0,0,0,1,0,0,0,0,0,0,0,0,0,0,1,0,0
MegaWatt1_1442,3,0.96,0.1117608547210693,0.006418228149414,1,0,0,0,1,0,0,0,0,0,0,0,1,0,0,0,0,0,0,0,1,0,0,0,0,0
MegaWatt1_1442,3,0.96,0.0690271854400634,0.0060327053070068,1,0,0,0,1,0,0,1,0,0,0,0,0,0,0,0,0,0,0,0,0,1,0,0,0,0
MegaWatt1_1442,3,0.96,0.1420512199401855,0.0064315795898437,1,0,0,1,0,0,0,0,0,0,0,0,1,0,0,0,0,0,0,0,1,0,0,0,0,0
MegaWatt1_1442,4,0.96,0.5291802883148193,0.0065295696258544,0,1,0,1,0,0,0,0,0,0,0,0,0,0,1,0,0,0,0,0,0,1,0,0,0,0
MegaWatt1_1442,3,0.96,0.0714771747589111,0.0060317516326904,1,0,0,0,1,0,0,0,0,0,0,0,0,0,0,0,0,0,1,0,0,1,0,0,0,0
MegaWatt1_1442,3,0.96,0.1000239849090576,0.0057840347290039,0,1,0,1,0,0,1,0,0,0,0,0,0,0,0,0,0,0,0,0,0,1,0,0,0,0
MegaWatt1_1442,4,0.96,1.2670421600341797,0.0070588588714599,1,0,1,0,0,0,0,0,0,0,0,0,0,0,1,0,0,0,0,0,0,1,0,0,0,0
MegaWatt1_1442,4,0.96,0.568260908126831,0.0076549053192138,1,0,0,0,1,0,0,0,0,0,0,0,0,0,1,0,0,0,0,0,0,1,0,0,0,0
MegaWatt1_1442,4,0.96,0.0672576427459716,0.0057082176208496,0,1,0,1,0,0,0,0,0,0,0,0,0,0,0,0,0,1,0,0,0,1,0,0,0,0
MegaWatt1_1442,4,0.96,0.1035187244415283,0.0062942504882812,1,0,1,0,0,0,0,0,0,0,0,1,0,0,0,0,0,0,0,0,0,1,0,0,0,0
MegaWatt1_1442,3,0.96,0.0688796043395996,0.0061075687408447,1,0,0,1,0,0,0,0,0,0,0,0,0,0,0,0,0,0,1,0,0,1,0,0,0,0
MegaWatt1_1442,4,0.96,0.110074758529663,0.0062956809997558,0,1,0,1,0,0,0,0,0,0,0,1,0,0,0,0,0,0,0,0,0,1,0,0,0,0
MegaWatt1_1442,4,0.96,0.0715777873992919,0.0063898563385009,1,0,0,1,0,0,0,0,0,0,0,0,0,0,0,0,0,1,0,0,0,1,0,0,0,0
MegaWatt1_1442,3,0.96,0.0688257217407226,0.0061736106872558,0,1,0,1,0,0,0,0,0,0,0,0,0,0,0,0,0,0,1,0,0,1,0,0,0,0
stock_841,1,0.9842105263157894,0.4811110496520996,0.006474494934082,1,0,0,0,1,0,0,0,0,0,0,0,0,0,0,0,1,0,0,0,0,0,0,1,0,0
stock_841,1,0.9842105263157894,0.3008887767791748,0.0068333148956298,0,1,0,1,0,0,0,0,0,0,0,0,0,0,1,0,0,0,0,0,0,0,0,1,0,0
stock_841,1,0.9842105263157894,0.2779080867767334,0.0064890384674072,0,1,1,0,0,0,0,0,0,0,0,0,0,0,1,0,0,0,0,0,0,0,0,1,0,0
stock_841,1,0.9842105263157894,0.5104901790618896,0.0074186325073242,0,1,0,1,0,0,0,0,0,0,0,0,0,0,0,0,1,0,0,0,0,0,0,1,0,0
stock_841,1,0.9842105263157894,0.4811763763427734,0.0062747001647949,1,0,0,1,0,0,0,0,0,0,0,0,0,0,0,0,1,0,0,0,0,0,0,1,0,0
stock_841,1,0.9842105263157894,0.5309083461761475,0.0069465637207031,1,0,1,0,0,0,0,0,0,0,0,0,0,0,0,0,1,0,0,0,0,0,0,1,0,0
stock_841,1,0.9842105263157894,0.2503707408905029,0.0061759948730468,1,0,1,0,0,0,0,0,0,0,0,0,0,0,1,0,0,0,0,0,0,0,0,1,0,0
stock_841,1,0.9842105263157894,0.4916574954986572,0.0064642429351806,0,1,1,0,0,0,0,0,0,0,0,0,0,0,0,0,1,0,0,0,0,0,0,1,0,0
stock_841,1,0.9842105263157894,0.2562868595123291,0.0061771869659423,1,0,0,1,0,0,0,0,0,0,0,0,0,0,1,0,0,0,0,0,0,0,0,1,0,0
stock_841,1,0.9842105263157894,0.2510607242584228,0.0059914588928222,1,0,0,0,1,0,0,0,0,0,0,0,0,0,1,0,0,0,0,0,0,0,0,1,0,0
stock_841,1,0.9842105263157894,0.5181334018707275,0.0066766738891601,0,1,0,0,1,0,0,0,0,0,0,0,0,0,0,0,1,0,0,0,0,0,0,1,0,0
stock_841,1,0.9842105263157894,0.2768378257751465,0.0071437358856201,0,1,0,0,1,0,0,0,0,0,0,0,0,0,1,0,0,0,0,0,0,0,0,1,0,0
stock_841,1,0.9789473684210528,0.5028932094573975,0.0065248012542724,1,0,1,0,0,0,0,0,0,0,0,0,1,0,0,0,0,0,0,0,0,1,0,0,0,0
stock_841,4,0.9789473684210528,0.2849349975585937,0.0064830780029296,1,0,0,0,1,0,0,0,0,0,0,0,0,0,1,0,0,0,0,0,0,1,0,0,0,0
stock_841,4,0.9789473684210528,0.2868876457214355,0.0063300132751464,1,0,1,0,0,0,0,0,0,0,0,0,0,0,1,0,0,0,0,0,0,1,0,0,0,0
stock_841,1,0.9789473684210528,0.5031161308288574,0.0062792301177978,1,0,0,0,1,0,0,0,0,0,0,0,1,0,0,0,0,0,0,0,0,1,0,0,0,0
stock_841,4,0.9789473684210528,0.2916281223297119,0.0062141418457031,0,1,0,0,1,0,0,0,0,0,0,0,0,0,1,0,0,0,0,0,0,1,0,0,0,0
stock_841,1,0.9789473684210528,0.527825117111206,0.006789207458496,0,1,0,0,1,0,0,0,0,0,0,0,1,0,0,0,0,0,0,0,0,1,0,0,0,0
stock_841,1,0.9789473684210528,0.5659971237182617,0.0070862770080566,0,1,0,1,0,0,0,0,0,0,0,0,1,0,0,0,0,0,0,0,0,1,0,0,0,0
stock_841,4,0.9789473684210528,0.3213164806365967,0.0070524215698242,0,1,0,1,0,0,0,0,0,0,0,0,0,0,1,0,0,0,0,0,0,1,0,0,0,0
autoUniv-au7-1100_1552,1,0.4272727272727272,0.1324703693389892,0.0065593719482421,0,1,0,0,1,0,0,0,0,0,0,1,0,0,0,0,0,0,0,0,0,1,0,0,0,0
autoUniv-au7-1100_1552,1,0.4272727272727272,0.130857229232788,0.0064690113067626,1,0,0,0,1,0,0,0,0,0,0,1,0,0,0,0,0,0,0,0,0,1,0,0,0,0
autoUniv-au7-1100_1552,2,0.4181818181818181,0.1400272846221923,0.0087358951568603,1,0,0,1,0,0,0,0,0,0,0,1,0,0,0,0,0,0,0,0,0,1,0,0,0,0
autoUniv-au7-1100_1552,2,0.4181818181818181,0.1372053623199463,0.006481647491455,0,1,0,1,0,0,0,0,0,0,0,1,0,0,0,0,0,0,0,0,0,1,0,0,0,0
autoUniv-au7-1100_1552,1,0.4136363636363636,0.0917630195617675,0.0064132213592529,0,1,0,1,0,0,0,0,0,0,0,0,0,0,0,0,0,1,0,0,0,1,0,0,0,0
autoUniv-au7-1100_1552,1,0.4136363636363636,0.0919382572174072,0.0062370300292968,1,0,0,1,0,0,0,0,0,0,0,0,0,0,0,0,0,1,0,0,0,1,0,0,0,0
autoUniv-au7-1100_1552,2,0.4090909090909091,0.1852660179138183,0.0068607330322265,0,1,0,1,0,0,0,0,0,1,0,0,0,0,0,0,0,0,0,0,1,0,0,0,0,0
autoUniv-au7-1100_1552,2,0.4090909090909091,0.1892893314361572,0.0068686008453369,1,0,0,1,0,0,0,0,0,1,0,0,0,0,0,0,0,0,0,0,1,0,0,0,0,0
autoUniv-au7-1100_1552,2,0.4090909090909091,0.1692366600036621,0.0061342716217041,1,0,0,1,0,0,0,0,0,0,0,0,0,1,0,0,0,0,0,0,1,0,0,0,0,0
autoUniv-au7-1100_1552,2,0.4090909090909091,0.170055866241455,0.0066981315612792,0,1,0,1,0,0,0,0,0,0,0,0,0,1,0,0,0,0,0,0,1,0,0,0,0,0
autoUniv-au7-1100_1552,0,0.4045454545454545,0.2805557250976562,0.0068962574005126,0,1,0,0,1,0,0,0,0,0,0,0,0,0,1,0,0,0,0,0,0,1,0,0,0,0
autoUniv-au7-1100_1552,0,0.4045454545454545,0.2861669063568115,0.0072729587554931,1,0,0,0,1,0,0,0,0,0,0,0,0,0,1,0,0,0,0,0,0,1,0,0,0,0
autoUniv-au7-1100_1552,2,0.4,0.1711699962615966,0.0065124034881591,1,0,0,0,1,0,1,0,0,0,0,0,0,0,0,0,0,0,0,0,0,0,0,1,0,0
autoUniv-au7-1100_1552,1,0.4,0.3696331977844238,0.0073888301849365,0,1,0,1,0,0,0,0,0,0,0,0,0,0,1,0,0,0,0,0,0,1,0,0,0,0
autoUniv-au7-1100_1552,2,0.4,0.1726813316345214,0.0065517425537109,0,1,0,0,1,0,1,0,0,0,0,0,0,0,0,0,0,0,0,0,0,0,0,1,0,0
autoUniv-au7-1100_1552,1,0.4,0.3721699714660644,0.0073022842407226,1,0,0,1,0,0,0,0,0,0,0,0,0,0,1,0,0,0,0,0,0,1,0,0,0,0
autoUniv-au7-1100_1552,2,0.3954545454545454,0.091423749923706,0.0063121318817138,0,1,0,1,0,0,0,0,0,0,0,0,0,0,0,0,0,1,0,0,0,1,0,0,0,0
autoUniv-au7-1100_1552,2,0.3954545454545454,0.1718292236328125,0.0065877437591552,0,1,0,0,1,0,0,0,0,1,0,0,0,0,0,0,0,0,0,1,0,0,0,0,0,0
autoUniv-au7-1100_1552,2,0.3954545454545454,0.1485915184020996,0.0065383911132812,0,1,0,0,1,0,0,0,0,0,0,0,0,1,0,0,0,0,0,1,0,0,0,0,0,0
autoUniv-au7-1100_1552,1,0.3954545454545454,0.1394450664520263,0.0065081119537353,0,1,0,1,0,0,0,0,0,0,0,1,0,0,0,0,0,0,0,0,0,1,0,0,0,0
robot-failures-lp4_1519,3,0.9565217391304348,0.1214537620544433,0.0113933086395263,1,0,0,0,1,0,0,0,0,0,0,0,0,0,0,1,0,0,0,1,0,0,0,0,0,0
robot-failures-lp4_1519,3,0.9565217391304348,0.1240453720092773,0.0057713985443115,1,0,0,0,1,0,0,0,0,1,0,0,0,0,0,0,0,0,0,1,0,0,0,0,0,0
robot-failures-lp4_1519,3,0.9565217391304348,0.0914726257324218,0.0088465213775634,1,0,0,0,1,0,0,0,0,0,0,0,0,0,0,1,0,0,0,0,0,0,0,0,1,0
robot-failures-lp4_1519,4,0.9565217391304348,0.0618484020233154,0.0059399604797363,1,0,0,0,1,0,0,0,0,0,0,0,0,0,0,0,0,0,1,0,0,1,0,0,0,0
robot-failures-lp4_1519,4,0.9565217391304348,1.6892342567443848,0.007615327835083,1,0,0,0,1,0,0,0,0,0,0,0,0,0,1,0,0,0,0,0,0,1,0,0,0,0
robot-failures-lp4_1519,4,0.9565217391304348,0.1233937740325927,0.0058643817901611,1,0,0,0,1,0,0,0,0,0,0,0,1,0,0,0,0,0,0,0,0,1,0,0,0,0
robot-failures-lp4_1519,3,0.9565217391304348,0.0687165260314941,0.005671739578247,1,0,0,0,1,0,0,0,0,0,1,0,0,0,0,0,0,0,0,1,0,0,0,0,0,0
robot-failures-lp4_1519,3,0.9565217391304348,0.0973658561706543,0.0092127323150634,1,0,0,0,1,0,0,0,0,0,0,0,0,0,0,1,0,0,0,0,1,0,0,0,0,0
robot-failures-lp4_1519,3,0.9565217391304348,0.0865693092346191,0.0085718631744384,1,0,1,0,0,0,0,0,0,0,0,0,0,0,0,1,0,0,0,0,0,0,0,0,0,1
robot-failures-lp4_1519,4,0.9565217391304348,0.0585579872131347,0.0056424140930175,0,1,0,0,1,0,0,0,0,0,0,0,0,0,0,0,0,0,1,0,0,1,0,0,0,0
robot-failures-lp4_1519,3,0.9565217391304348,0.1149988174438476,0.0060932636260986,1,0,1,0,0,0,0,0,0,0,0,0,0,1,0,0,0,0,0,1,0,0,0,0,0,0
robot-failures-lp4_1519,3,0.9565217391304348,0.0854706764221191,0.0084021091461181,0,1,0,0,1,0,0,0,0,0,0,0,0,0,0,1,0,0,0,0,0,0,0,0,1,0
robot-failures-lp4_1519,3,0.9565217391304348,0.1176004409790039,0.0062024593353271,0,1,1,0,0,0,0,0,0,0,0,0,0,1,0,0,0,0,0,1,0,0,0,0,0,0
robot-failures-lp4_1519,4,0.9565217391304348,0.0571978092193603,0.0055117607116699,1,0,0,1,0,0,0,0,0,0,0,0,0,0,0,0,0,0,1,0,0,1,0,0,0,0
robot-failures-lp4_1519,4,0.9565217391304348,4.23492693901062,0.008150577545166,1,0,0,1,0,0,0,0,0,0,0,0,0,0,1,0,0,0,0,0,0,1,0,0,0,0
robot-failures-lp4_1519,3,0.9565217391304348,0.0864169597625732,0.0082623958587646,0,1,1,0,0,0,0,0,0,0,0,0,0,0,0,1,0,0,0,1,0,0,0,0,0,0
robot-failures-lp4_1519,3,0.9565217391304348,0.0860576629638671,0.0083181858062744,1,0,0,1,0,0,0,0,0,0,0,0,0,0,0,1,0,0,0,0,0,0,0,0,1,0
robot-failures-lp4_1519,3,0.9565217391304348,0.1144235134124755,0.0060853958129882,0,1,1,0,0,0,0,0,0,1,0,0,0,0,0,0,0,0,0,1,0,0,0,0,0,0
robot-failures-lp4_1519,3,0.9565217391304348,0.0677888393402099,0.0054974555969238,0,1,1,0,0,0,0,0,0,0,1,0,0,0,0,0,0,0,0,1,0,0,0,0,0,0
robot-failures-lp4_1519,3,0.9565217391304348,0.0847136974334716,0.008141279220581,0,1,1,0,0,0,0,0,0,0,0,0,0,0,0,1,0,0,0,0,1,0,0,0,0,0
Sick_numeric_41946,1,0.9801324503311258,1.6934492588043213,0.017834186553955,0,1,0,1,0,0,0,0,0,0,0,0,0,0,1,0,0,0,0,0,0,0,0,0,0,1
Sick_numeric_41946,1,0.9801324503311258,1.7049710750579834,0.0183808803558349,1,0,0,0,1,0,0,0,0,0,0,0,0,0,1,0,0,0,0,0,0,0,0,0,0,1
Sick_numeric_41946,1,0.9801324503311258,1.7255332469940186,0.0175983905792236,0,1,0,0,1,0,0,0,0,0,0,0,0,0,1,0,0,0,0,0,0,0,0,0,0,1
Sick_numeric_41946,1,0.9801324503311258,1.7259812355041504,0.017751932144165,1,0,0,1,0,0,0,0,0,0,0,0,0,0,1,0,0,0,0,0,0,0,0,0,0,1
Sick_numeric_41946,1,0.9801324503311258,1.714921236038208,0.017366886138916,1,0,1,0,0,0,0,0,0,0,0,0,0,0,1,0,0,0,0,0,0,0,0,0,0,1
Sick_numeric_41946,1,0.9801324503311258,1.709538459777832,0.0171821117401123,0,1,1,0,0,0,0,0,0,0,0,0,0,0,1,0,0,0,0,0,0,0,0,0,0,1
Sick_numeric_41946,0,0.9788079470198676,1.644723415374756,0.0167462825775146,0,1,0,1,0,0,0,0,0,0,0,0,0,0,1,0,0,0,0,0,0,0,0,0,0,1
Sick_numeric_41946,0,0.9788079470198676,1.659684658050537,0.0162341594696044,0,1,0,0,1,0,0,0,0,0,0,0,0,0,1,0,0,0,0,0,0,0,0,0,0,1
Sick_numeric_41946,0,0.9788079470198676,1.6812567710876465,0.0175135135650634,0,1,1,0,0,0,0,0,0,0,0,0,0,0,1,0,0,0,0,0,0,0,0,0,0,1
Sick_numeric_41946,0,0.9788079470198676,1.6898937225341797,0.0217597484588623,1,0,1,0,0,0,0,0,0,0,0,0,0,0,1,0,0,0,0,0,0,0,0,0,0,1
Sick_numeric_41946,0,0.9788079470198676,1.7011148929595947,0.0167834758758544,1,0,0,0,1,0,0,0,0,0,0,0,0,0,1,0,0,0,0,0,0,0,0,0,0,1
Sick_numeric_41946,0,0.9788079470198676,1.731031894683838,0.0168225765228271,1,0,0,1,0,0,0,0,0,0,0,0,0,0,1,0,0,0,0,0,0,0,0,0,0,1
Sick_numeric_41946,1,0.9774834437086092,1.709404468536377,0.0166916847229003,0,1,1,0,0,0,0,0,0,0,0,0,0,0,1,0,0,0,0,0,0,0,1,0,0,0
Sick_numeric_41946,1,0.9774834437086092,0.8600404262542725,0.0181672573089599,0,1,0,0,1,0,0,0,0,0,0,0,0,0,1,0,0,0,0,0,0,0,0,0,1,0
Sick_numeric_41946,1,0.9774834437086092,0.9774296283721924,0.0194575786590576,1,0,1,0,0,0,0,0,0,0,0,0,0,0,1,0,0,0,0,0,0,0,0,0,1,0
Sick_numeric_41946,1,0.9774834437086092,0.8790285587310791,0.0180661678314209,0,1,1,0,0,0,0,0,0,0,0,0,0,0,1,0,0,0,0,0,0,0,0,0,1,0
Sick_numeric_41946,1,0.9774834437086092,1.6690266132354736,0.0178637504577636,0,1,0,0,1,0,0,0,0,0,0,0,0,0,1,0,0,0,0,0,0,0,1,0,0,0
Sick_numeric_41946,1,0.9774834437086092,1.7083160877227783,0.0196080207824707,1,0,1,0,0,0,0,0,0,0,0,0,0,0,1,0,0,0,0,0,0,0,1,0,0,0
Sick_numeric_41946,1,0.9774834437086092,0.8449075222015381,0.0176882743835449,1,0,0,1,0,0,0,0,0,0,0,0,0,0,1,0,0,0,0,0,0,0,0,0,1,0
Sick_numeric_41946,1,0.9774834437086092,0.8639993667602539,0.0166013240814209,0,1,0,1,0,0,0,0,0,0,0,0,0,0,1,0,0,0,0,0,0,0,0,0,1,0
steel-plates-fault_40982,0,0.6401028277634961,2.954550266265869,0.0105760097503662,1,0,0,0,1,0,0,0,0,0,0,0,0,0,1,0,0,0,0,0,0,0,0,0,1,0
steel-plates-fault_40982,0,0.6401028277634961,2.929196357727051,0.0105061531066894,0,1,0,1,0,0,0,0,0,0,0,0,0,0,1,0,0,0,0,0,0,0,0,0,1,0
steel-plates-fault_40982,0,0.6401028277634961,2.925636053085327,0.0104424953460693,0,1,0,0,1,0,0,0,0,0,0,0,0,0,1,0,0,0,0,0,0,0,0,0,1,0
steel-plates-fault_40982,0,0.6401028277634961,2.961765050888061,0.010486364364624,1,0,1,0,0,0,0,0,0,0,0,0,0,0,1,0,0,0,0,0,0,0,0,0,1,0
steel-plates-fault_40982,0,0.6401028277634961,2.94373106956482,0.0105175971984863,0,1,1,0,0,0,0,0,0,0,0,0,0,0,1,0,0,0,0,0,0,0,0,0,1,0
steel-plates-fault_40982,0,0.6401028277634961,3.005025625228882,0.0108482837677001,1,0,0,1,0,0,0,0,0,0,0,0,0,0,1,0,0,0,0,0,0,0,0,0,1,0
steel-plates-fault_40982,4,0.5979381443298969,0.3046200275421142,0.0139441490173339,0,1,0,1,0,0,0,0,0,0,0,0,0,0,0,1,0,0,0,0,0,0,0,0,1,0
steel-plates-fault_40982,4,0.5979381443298969,0.3123898506164551,0.0152606964111328,0,1,0,0,1,0,0,0,0,0,0,0,0,0,0,1,0,0,0,0,0,0,0,0,1,0
steel-plates-fault_40982,4,0.5979381443298969,0.3136534690856933,0.0139672756195068,1,0,1,0,0,0,0,0,0,0,0,0,0,0,0,1,0,0,0,0,1,0,0,0,0,0
steel-plates-fault_40982,4,0.5979381443298969,0.3125529289245605,0.01615571975708,1,0,0,0,1,0,0,0,0,0,0,0,0,0,0,1,0,0,0,0,1,0,0,0,0,0
steel-plates-fault_40982,4,0.5979381443298969,0.3058791160583496,0.0132668018341064,0,1,0,0,1,0,0,0,0,0,0,0,0,0,0,1,0,0,0,0,1,0,0,0,0,0
steel-plates-fault_40982,4,0.5979381443298969,0.2886507511138916,0.0144269466400146,1,0,0,0,1,0,0,0,0,0,0,0,0,0,0,1,0,0,0,1,0,0,0,0,0,0
steel-plates-fault_40982,4,0.5979381443298969,0.2858343124389648,0.0128183364868164,0,1,1,0,0,0,0,0,0,0,0,0,0,0,0,1,0,0,0,1,0,0,0,0,0,0
steel-plates-fault_40982,4,0.5979381443298969,0.3131799697875976,0.0160658359527587,0,1,0,0,1,0,0,0,0,0,0,0,0,0,0,1,0,0,0,1,0,0,0,0,0,0
steel-plates-fault_40982,4,0.5979381443298969,0.3060524463653564,0.0153911113739013,0,1,0,1,0,0,0,0,0,0,0,0,0,0,0,1,0,0,0,1,0,0,0,0,0,0
steel-plates-fault_40982,4,0.5979381443298969,0.3274621963500976,0.0157217979431152,1,0,0,1,0,0,0,0,0,0,0,0,0,0,0,1,0,0,0,0,1,0,0,0,0,0
steel-plates-fault_40982,4,0.5979381443298969,0.310319185256958,0.0136451721191406,0,1,1,0,0,0,0,0,0,0,0,0,0,0,0,1,0,0,0,0,1,0,0,0,0,0
steel-plates-fault_40982,4,0.5979381443298969,0.3063888549804687,0.0157396793365478,0,1,1,0,0,0,0,0,0,0,0,0,0,0,0,1,0,0,0,0,0,0,0,0,0,1
steel-plates-fault_40982,4,0.5979381443298969,0.309175968170166,0.0134353637695312,0,1,0,1,0,0,0,0,0,0,0,0,0,0,0,1,0,0,0,0,0,0,0,0,0,1
steel-plates-fault_40982,4,0.5979381443298969,0.3066437244415283,0.0153391361236572,0,1,0,0,1,0,0,0,0,0,0,0,0,0,0,1,0,0,0,0,0,0,0,0,0,1
analcatdata_supreme_728,0,0.996300863131936,0.1850278377532959,0.0069527626037597,0,1,1,0,0,0,0,0,0,0,0,0,0,1,0,0,0,0,0,0,1,0,0,0,0,0
analcatdata_supreme_728,0,0.996300863131936,0.216193675994873,0.0071918964385986,1,0,0,1,0,0,0,0,0,1,0,0,0,0,0,0,0,0,0,0,1,0,0,0,0,0
analcatdata_supreme_728,0,0.996300863131936,0.1987442970275879,0.007608413696289,1,0,1,0,0,0,0,0,0,0,0,0,0,1,0,0,0,0,0,0,1,0,0,0,0,0
analcatdata_supreme_728,0,0.996300863131936,0.2219300270080566,0.0073158740997314,0,1,1,0,0,0,0,0,0,1,0,0,0,0,0,0,0,0,0,0,1,0,0,0,0,0
analcatdata_supreme_728,0,0.996300863131936,0.1937277317047119,0.0070817470550537,0,1,0,1,0,0,0,0,0,0,0,0,0,1,0,0,0,0,0,0,1,0,0,0,0,0
analcatdata_supreme_728,0,0.996300863131936,0.217480182647705,0.0073096752166748,1,0,1,0,0,0,0,0,0,1,0,0,0,0,0,0,0,0,0,0,1,0,0,0,0,0
analcatdata_supreme_728,0,0.996300863131936,0.2087030410766601,0.0070092678070068,0,1,0,0,1,0,0,0,0,1,0,0,0,0,0,0,0,0,0,0,1,0,0,0,0,0
analcatdata_supreme_728,0,0.996300863131936,0.1899993419647216,0.0070662498474121,1,0,0,1,0,0,0,0,0,0,0,0,0,1,0,0,0,0,0,0,1,0,0,0,0,0
analcatdata_supreme_728,0,0.996300863131936,0.1862483024597168,0.0070407390594482,1,0,0,0,1,0,0,0,0,0,0,0,0,1,0,0,0,0,0,0,1,0,0,0,0,0
analcatdata_supreme_728,0,0.996300863131936,0.213470458984375,0.0071909427642822,0,1,0,1,0,0,0,0,0,1,0,0,0,0,0,0,0,0,0,0,1,0,0,0,0,0
analcatdata_supreme_728,0,0.996300863131936,0.2139501571655273,0.0071051120758056,1,0,0,0,1,0,0,0,0,1,0,0,0,0,0,0,0,0,0,0,1,0,0,0,0,0
analcatdata_supreme_728,0,0.996300863131936,0.1883740425109863,0.0070044994354248,0,1,0,0,1,0,0,0,0,0,0,0,0,1,0,0,0,0,0,0,1,0,0,0,0,0
analcatdata_supreme_728,2,0.9962962962962963,0.1787745952606201,0.0076520442962646,1,0,1,0,0,0,0,0,0,0,0,0,0,0,1,0,0,0,0,0,0,0,0,0,1,0
analcatdata_supreme_728,2,0.9962962962962963,0.191166877746582,0.0079097747802734,1,0,0,0,1,0,0,0,0,0,0,0,0,0,1,0,0,0,0,0,1,0,0,0,0,0
analcatdata_supreme_728,2,0.9962962962962963,0.1863839626312255,0.0078706741333007,0,1,0,0,1,0,0,0,0,0,0,0,0,0,1,0,0,0,0,0,1,0,0,0,0,0
analcatdata_supreme_728,2,0.9962962962962963,0.7952704429626465,0.0087537765502929,0,1,0,1,0,0,0,0,0,0,0,0,1,0,0,0,0,0,0,0,1,0,0,0,0,0
analcatdata_supreme_728,2,0.9962962962962963,0.1744360923767089,0.0074853897094726,0,1,0,0,1,0,0,0,0,0,0,0,0,0,1,0,0,0,0,0,0,0,0,0,1,0
analcatdata_supreme_728,2,0.9962962962962963,0.76910400390625,0.0086297988891601,0,1,0,0,1,0,0,0,0,0,0,0,1,0,0,0,0,0,0,0,1,0,0,0,0,0
analcatdata_supreme_728,2,0.9962962962962963,0.1875579357147216,0.0078675746917724,0,1,0,1,0,0,0,0,0,0,0,0,0,0,1,0,0,0,0,0,0,0,0,0,1,0
analcatdata_supreme_728,2,0.9962962962962963,0.1732864379882812,0.007408857345581,1,0,0,1,0,0,0,0,0,0,0,0,0,0,1,0,0,0,0,0,0,0,0,0,1,0
analcatdata_broadwaymult_452,3,0.5614035087719298,0.0849475860595703,0.0064094066619873,0,1,0,0,1,0,0,0,0,1,0,0,0,0,0,0,0,0,0,0,0,0,0,1,0,0
analcatdata_broadwaymult_452,3,0.5614035087719298,0.0726840496063232,0.0060093402862548,0,1,0,0,1,0,0,0,0,0,0,0,0,1,0,0,0,0,0,0,0,0,0,1,0,0
analcatdata_broadwaymult_452,3,0.543859649122807,0.0686590671539306,0.0057859420776367,0,1,0,0,1,0,0,0,0,0,0,0,0,1,0,0,0,0,0,0,0,0,0,0,1,0
analcatdata_broadwaymult_452,3,0.543859649122807,0.0857272148132324,0.0064170360565185,0,1,0,0,1,0,0,0,0,1,0,0,0,0,0,0,0,0,0,0,0,0,0,0,1,0
analcatdata_broadwaymult_452,3,0.5263157894736842,0.0659961700439453,0.0058186054229736,0,1,0,1,0,0,0,0,0,0,0,1,0,0,0,0,0,0,0,0,1,0,0,0,0,0
analcatdata_broadwaymult_452,3,0.5263157894736842,0.0584449768066406,0.0057220458984375,0,1,0,1,0,0,0,0,1,0,0,0,0,0,0,0,0,0,0,0,1,0,0,0,0,0
analcatdata_broadwaymult_452,3,0.5263157894736842,0.0623044967651367,0.0058953762054443,0,1,0,1,0,0,0,0,0,0,0,0,0,0,0,0,0,1,0,0,1,0,0,0,0,0
analcatdata_broadwaymult_452,3,0.5263157894736842,0.079906940460205,0.0061297416687011,0,1,0,0,1,0,0,0,0,0,0,0,0,0,1,0,0,0,0,0,0,0,1,0,0,0
analcatdata_broadwaymult_452,3,0.5263157894736842,0.3650081157684326,0.0124690532684326,0,1,0,1,0,0,0,0,0,0,0,0,0,0,1,0,0,0,0,0,1,0,0,0,0,0
analcatdata_broadwaymult_452,3,0.5263157894736842,0.0976755619049072,0.0090982913970947,0,1,0,1,0,0,0,0,0,0,0,0,0,0,0,1,0,0,0,0,1,0,0,0,0,0
analcatdata_broadwaymult_452,3,0.5263157894736842,0.0649890899658203,0.006143569946289,0,1,0,0,1,0,0,0,0,0,0,0,0,0,0,0,0,1,0,1,0,0,0,0,0,0
analcatdata_broadwaymult_452,3,0.5263157894736842,0.1568810939788818,0.0059165954589843,0,1,0,1,0,0,0,0,0,0,0,0,0,1,0,0,0,0,0,0,0,0,0,0,1,0
analcatdata_broadwaymult_452,3,0.5263157894736842,0.0632915496826171,0.0060040950775146,0,1,0,1,0,1,0,0,0,0,0,0,0,0,0,0,0,0,0,1,0,0,0,0,0,0
analcatdata_broadwaymult_452,3,0.5263157894736842,0.0605566501617431,0.0060009956359863,0,1,0,1,0,0,0,0,0,0,1,0,0,0,0,0,0,0,0,1,0,0,0,0,0,0
analcatdata_broadwaymult_452,3,0.5263157894736842,0.0807671546936035,0.0059180259704589,0,1,0,0,1,0,0,0,0,0,0,0,0,0,1,0,0,0,0,0,0,0,0,0,0,1
analcatdata_broadwaymult_452,3,0.5263157894736842,0.4377892017364502,0.0142922401428222,0,1,0,1,0,0,0,0,0,0,0,0,0,0,1,0,0,0,0,0,0,0,0,0,1,0
analcatdata_broadwaymult_452,3,0.5263157894736842,0.2158215045928955,0.006345510482788,0,1,0,1,0,0,0,0,0,0,0,0,1,0,0,0,0,0,0,0,0,0,0,0,1,0
analcatdata_broadwaymult_452,3,0.5263157894736842,0.0637183189392089,0.0056557655334472,0,1,0,1,0,0,0,0,0,0,0,1,0,0,0,0,0,0,0,0,0,0,0,0,1,0
analcatdata_broadwaymult_452,3,0.5263157894736842,0.0642871856689453,0.0061244964599609,0,1,0,1,0,0,0,0,1,0,0,0,0,0,0,0,0,0,0,0,0,0,0,0,0,1
analcatdata_broadwaymult_452,3,0.5263157894736842,0.6854639053344727,0.0140960216522216,0,1,0,1,0,0,0,0,0,0,0,0,0,0,1,0,0,0,0,0,0,0,0,0,0,1
students_scores_43097,1,0.93,0.1132388114929199,0.0061769485473632,0,1,0,0,1,0,0,0,0,0,0,0,0,1,0,0,0,0,0,0,1,0,0,0,0,0
students_scores_43097,1,0.93,0.1167771816253662,0.0064764022827148,1,0,0,0,1,0,0,0,0,0,0,0,0,1,0,0,0,0,0,0,1,0,0,0,0,0
students_scores_43097,0,0.93,0.1058065891265869,0.0095510482788085,1,0,0,0,1,0,0,0,0,0,0,1,0,0,0,0,0,0,0,0,1,0,0,0,0,0
students_scores_43097,0,0.93,0.119985818862915,0.0100958347320556,1,0,0,0,1,0,0,0,0,0,0,1,0,0,0,0,0,0,0,0,0,0,0,0,0,1
students_scores_43097,0,0.93,0.0901765823364257,0.006359577178955,0,1,0,0,1,0,0,0,0,0,0,1,0,0,0,0,0,0,0,0,0,0,1,0,0,0
students_scores_43097,0,0.93,0.0921473503112793,0.0063865184783935,1,0,0,0,1,0,0,0,0,0,0,1,0,0,0,0,0,0,0,1,0,0,0,0,0,0
students_scores_43097,0,0.93,0.0892643928527832,0.0065019130706787,0,1,0,0,1,0,0,0,0,0,0,1,0,0,0,0,0,0,0,0,0,0,0,1,0,0
students_scores_43097,1,0.93,0.1408941745758056,0.0071969032287597,0,1,0,0,1,0,0,0,0,1,0,0,0,0,0,0,0,0,0,0,1,0,0,0,0,0
students_scores_43097,0,0.93,0.0913102626800537,0.0065631866455078,1,0,0,0,1,0,0,0,0,0,0,1,0,0,0,0,0,0,0,0,0,0,0,0,1,0
students_scores_43097,1,0.93,0.1486706733703613,0.0063180923461914,1,0,0,0,1,0,0,0,0,1,0,0,0,0,0,0,0,0,0,0,1,0,0,0,0,0
students_scores_43097,0,0.93,0.1097171306610107,0.0091617107391357,0,1,0,0,1,0,0,0,0,0,0,1,0,0,0,0,0,0,0,0,1,0,0,0,0,0
students_scores_43097,0,0.93,0.1086852550506591,0.0064833164215087,0,1,0,0,1,0,0,0,0,0,0,1,0,0,0,0,0,0,0,0,0,0,0,0,0,1
students_scores_43097,0,0.93,0.0951995849609375,0.0065240859985351,0,1,0,0,1,0,0,0,0,0,0,1,0,0,0,0,0,0,0,1,0,0,0,0,0,0
students_scores_43097,0,0.93,0.0888319015502929,0.006357192993164,1,0,0,0,1,0,0,0,0,0,0,1,0,0,0,0,0,0,0,0,0,0,1,0,0,0
students_scores_43097,0,0.93,0.088003396987915,0.0063452720642089,1,0,0,0,1,0,0,0,0,0,0,1,0,0,0,0,0,0,0,0,0,0,0,1,0,0
students_scores_43097,0,0.93,0.0901062488555908,0.006422996520996,0,1,0,0,1,0,0,0,0,0,0,1,0,0,0,0,0,0,0,0,0,0,0,0,1,0
students_scores_43097,0,0.92,0.1343545913696289,0.0066344738006591,0,1,0,0,1,0,0,0,0,1,0,0,0,0,0,0,0,0,0,0,0,0,0,0,1,0
students_scores_43097,0,0.92,0.1527087688446045,0.0066075325012207,1,0,0,0,1,0,0,0,0,1,0,0,0,0,0,0,0,0,0,0,0,0,0,0,1,0
students_scores_43097,0,0.92,0.1152434349060058,0.0064365863800048,1,0,0,0,1,0,0,0,0,0,0,0,0,1,0,0,0,0,0,0,0,0,0,0,1,0
students_scores_43097,2,0.92,0.1260919570922851,0.0066635608673095,1,0,0,1,0,0,0,0,0,0,0,1,0,0,0,0,0,0,0,0,0,1,0,0,0,0
KungChi3_1441,4,1.0,0.0619051456451416,0.0059137344360351,1,0,1,0,0,0,0,0,1,0,0,0,0,0,0,0,0,0,0,0,0,0,1,0,0,0
KungChi3_1441,4,1.0,0.0950105190277099,0.0061664581298828,0,1,0,1,0,0,0,0,0,0,0,0,1,0,0,0,0,0,0,0,1,0,0,0,0,0
KungChi3_1441,4,1.0,0.0595786571502685,0.005800724029541,0,1,0,1,0,0,0,0,1,0,0,0,0,0,0,0,0,0,0,0,1,0,0,0,0,0
KungChi3_1441,4,1.0,0.0589814186096191,0.005469799041748,1,0,0,0,1,0,0,0,1,0,0,0,0,0,0,0,0,0,0,0,0,0,0,0,1,0
KungChi3_1441,4,1.0,0.0638504028320312,0.00608491897583,1,0,0,1,0,0,0,0,1,0,0,0,0,0,0,0,0,0,0,0,1,0,0,0,0,0
KungChi3_1441,4,1.0,0.0631227493286132,0.0059602260589599,1,0,0,1,0,0,0,0,1,0,0,0,0,0,0,0,0,0,0,0,0,0,0,1,0,0
KungChi3_1441,2,1.0,0.34267258644104,0.0064992904663085,0,1,0,0,1,0,0,0,0,0,0,0,0,0,1,0,0,0,0,0,0,0,1,0,0,0
KungChi3_1441,4,1.0,0.0588071346282959,0.0056819915771484,0,1,0,0,1,0,0,0,1,0,0,0,0,0,0,0,0,0,0,0,0,0,1,0,0,0
KungChi3_1441,4,1.0,0.0628893375396728,0.0060803890228271,0,1,1,0,0,0,0,0,1,0,0,0,0,0,0,0,0,0,0,0,1,0,0,0,0,0
KungChi3_1441,4,1.0,0.0593466758728027,0.005662202835083,0,1,0,0,1,0,0,0,1,0,0,0,0,0,0,0,0,0,0,1,0,0,0,0,0,0
KungChi3_1441,4,1.0,0.0605726242065429,0.005765676498413,0,1,0,0,1,0,0,0,1,0,0,0,0,0,0,0,0,0,0,0,0,0,0,0,1,0
KungChi3_1441,4,1.0,0.0632224082946777,0.0057244300842285,0,1,0,1,0,0,0,0,1,0,0,0,0,0,0,0,0,0,0,1,0,0,0,0,0,0
KungChi3_1441,4,1.0,0.1014091968536377,0.0064139366149902,1,0,1,0,0,0,0,0,0,0,0,0,1,0,0,0,0,0,0,0,1,0,0,0,0,0
KungChi3_1441,4,1.0,0.0660779476165771,0.0058214664459228,1,0,1,0,0,0,0,0,1,0,0,0,0,0,0,0,0,0,0,0,1,0,0,0,0,0
KungChi3_1441,4,1.0,0.0632061958312988,0.0058703422546386,0,1,0,0,1,0,0,0,1,0,0,0,0,0,0,0,0,0,0,0,0,0,0,1,0,0
KungChi3_1441,4,1.0,0.0602879524230957,0.0057575702667236,0,1,0,1,0,0,0,0,1,0,0,0,0,0,0,0,0,0,0,0,0,0,0,1,0,0
KungChi3_1441,4,1.0,0.0629932880401611,0.0058333873748779,0,1,1,0,0,0,0,0,1,0,0,0,0,0,0,0,0,0,0,0,0,0,0,0,0,1
KungChi3_1441,4,1.0,0.0577020645141601,0.0054335594177246,1,0,0,1,0,0,0,0,1,0,0,0,0,0,0,0,0,0,0,0,0,0,0,0,1,0
KungChi3_1441,4,1.0,0.0755982398986816,0.0055937767028808,1,0,1,0,0,0,0,0,0,0,0,0,0,1,0,0,0,0,0,0,1,0,0,0,0,0
KungChi3_1441,4,1.0,0.1005043983459472,0.0067193508148193,0,1,1,0,0,0,0,0,0,0,0,0,1,0,0,0,0,0,0,0,1,0,0,0,0,0
autoUniv-au7-700_1553,4,0.5357142857142857,0.2412168979644775,0.0072391033172607,1,0,0,1,0,0,0,0,0,0,0,0,0,0,1,0,0,0,0,0,1,0,0,0,0,0
autoUniv-au7-700_1553,4,0.5357142857142857,0.2394328117370605,0.0076401233673095,0,1,0,1,0,0,0,0,0,0,0,0,0,0,1,0,0,0,0,0,1,0,0,0,0,0
autoUniv-au7-700_1553,3,0.5214285714285715,0.0832560062408447,0.0064764022827148,1,0,0,1,0,0,0,0,0,0,1,0,0,0,0,0,0,0,0,0,0,0,0,1,0,0
autoUniv-au7-700_1553,3,0.5214285714285715,0.0810689926147461,0.0065438747406005,1,0,0,1,0,0,0,0,0,0,1,0,0,0,0,0,0,0,0,1,0,0,0,0,0,0
autoUniv-au7-700_1553,3,0.5214285714285715,0.0829613208770752,0.0066039562225341,0,1,0,1,0,0,0,0,0,0,1,0,0,0,0,0,0,0,0,0,0,0,0,1,0,0
autoUniv-au7-700_1553,3,0.5214285714285715,0.0834720134735107,0.0065176486968994,1,0,0,1,0,0,0,0,0,0,1,0,0,0,0,0,0,0,0,0,0,0,0,0,1,0
autoUniv-au7-700_1553,3,0.5214285714285715,0.0826547145843505,0.0066332817077636,0,1,0,1,0,0,0,0,0,0,1,0,0,0,0,0,0,0,0,0,0,0,0,0,1,0
autoUniv-au7-700_1553,3,0.5214285714285715,0.083301305770874,0.0065259933471679,0,1,0,1,0,0,0,0,0,0,1,0,0,0,0,0,0,0,0,1,0,0,0,0,0,0
autoUniv-au7-700_1553,3,0.5071428571428571,0.080935001373291,0.0065124034881591,1,0,0,1,0,0,0,0,1,0,0,0,0,0,0,0,0,0,0,0,0,0,0,0,0,1
autoUniv-au7-700_1553,3,0.5071428571428571,0.0848474502563476,0.0068929195404052,1,0,0,0,1,0,0,0,1,0,0,0,0,0,0,0,0,0,0,0,0,0,0,0,1,0
autoUniv-au7-700_1553,3,0.5071428571428571,0.0834405422210693,0.0066995620727539,1,0,0,0,1,0,0,0,1,0,0,0,0,0,0,0,0,0,0,0,1,0,0,0,0,0
autoUniv-au7-700_1553,3,0.5071428571428571,0.0865578651428222,0.0067310333251953,0,1,0,1,0,0,0,0,1,0,0,0,0,0,0,0,0,0,0,0,0,0,0,0,1,0
autoUniv-au7-700_1553,3,0.5071428571428571,0.0832636356353759,0.0065627098083496,1,0,0,0,1,0,0,0,1,0,0,0,0,0,0,0,0,0,0,0,0,0,0,0,0,1
autoUniv-au7-700_1553,3,0.5071428571428571,0.0814652442932128,0.0065944194793701,0,1,0,0,1,0,0,0,1,0,0,0,0,0,0,0,0,0,0,0,1,0,0,0,0,0
autoUniv-au7-700_1553,3,0.5071428571428571,0.0827391147613525,0.0065536499023437,0,1,0,0,1,0,0,0,1,0,0,0,0,0,0,0,0,0,0,0,0,0,0,0,0,1
autoUniv-au7-700_1553,3,0.5071428571428571,0.0809571743011474,0.0065252780914306,0,1,0,0,1,0,0,0,1,0,0,0,0,0,0,0,0,0,0,1,0,0,0,0,0,0
autoUniv-au7-700_1553,3,0.5071428571428571,0.0806071758270263,0.0068378448486328,1,0,0,1,0,0,0,0,1,0,0,0,0,0,0,0,0,0,0,0,0,0,0,0,1,0
autoUniv-au7-700_1553,3,0.5071428571428571,0.0828895568847656,0.0065724849700927,0,1,0,0,1,0,0,0,1,0,0,0,0,0,0,0,0,0,0,0,0,0,0,0,1,0
autoUniv-au7-700_1553,3,0.5071428571428571,0.0805699825286865,0.0066030025482177,0,1,0,1,0,0,0,0,1,0,0,0,0,0,0,0,0,0,0,0,0,0,0,0,0,1
autoUniv-au7-700_1553,3,0.5071428571428571,0.0825090408325195,0.0063569545745849,1,0,0,1,0,0,0,0,1,0,0,0,0,0,0,0,0,0,0,1,0,0,0,0,0,0
pm10_750,2,0.68,0.1031413078308105,0.0059587955474853,1,0,1,0,0,0,0,0,0,1,0,0,0,0,0,0,0,0,0,0,0,0,0,1,0,0
pm10_750,2,0.68,0.0850024223327636,0.0059390068054199,1,0,0,0,1,0,0,0,0,0,0,0,0,1,0,0,0,0,0,0,0,0,0,1,0,0
pm10_750,2,0.68,0.1039180755615234,0.0063436031341552,0,1,0,0,1,0,0,0,0,1,0,0,0,0,0,0,0,0,0,0,0,0,0,1,0,0
pm10_750,2,0.68,0.0858030319213867,0.0058600902557373,1,0,1,0,0,0,0,0,0,0,0,0,0,1,0,0,0,0,0,0,0,0,0,1,0,0
pm10_750,2,0.68,0.083162784576416,0.0057871341705322,0,1,0,1,0,0,0,0,0,0,0,0,0,1,0,0,0,0,0,0,0,0,0,1,0,0
pm10_750,2,0.68,0.0859630107879638,0.0059568881988525,0,1,0,0,1,0,0,0,0,0,0,0,0,1,0,0,0,0,0,0,0,0,0,1,0,0
pm10_750,2,0.68,0.1021697521209716,0.0064427852630615,1,0,0,1,0,0,0,0,0,1,0,0,0,0,0,0,0,0,0,0,0,0,0,1,0,0
pm10_750,2,0.68,0.1004738807678222,0.0064826011657714,1,0,0,0,1,0,0,0,0,1,0,0,0,0,0,0,0,0,0,0,0,0,0,1,0,0
pm10_750,2,0.68,0.0834493637084961,0.0058443546295166,0,1,1,0,0,0,0,0,0,0,0,0,0,1,0,0,0,0,0,0,0,0,0,1,0,0
pm10_750,2,0.68,0.1038160324096679,0.0063493251800537,0,1,0,1,0,0,0,0,0,1,0,0,0,0,0,0,0,0,0,0,0,0,0,1,0,0
pm10_750,2,0.68,0.0793018341064453,0.0054740905761718,1,0,0,1,0,0,0,0,0,0,0,0,0,1,0,0,0,0,0,0,0,0,0,1,0,0
pm10_750,2,0.68,0.103748083114624,0.0063815116882324,0,1,1,0,0,0,0,0,0,1,0,0,0,0,0,0,0,0,0,0,0,0,0,1,0,0
pm10_750,0,0.66,0.0821824073791503,0.0056796073913574,1,0,0,1,0,0,1,0,0,0,0,0,0,0,0,0,0,0,0,0,0,0,0,1,0,0
pm10_750,0,0.66,0.2848536968231201,0.006127119064331,1,0,0,1,0,0,0,0,0,0,0,0,1,0,0,0,0,0,0,0,0,0,1,0,0,0
pm10_750,0,0.66,0.0875465869903564,0.0061001777648925,0,1,0,1,0,0,1,0,0,0,0,0,0,0,0,0,0,0,0,0,0,0,0,1,0,0
pm10_750,0,0.66,0.0839390754699707,0.0057880878448486,0,1,1,0,0,0,1,0,0,0,0,0,0,0,0,0,0,0,0,0,0,0,0,1,0,0
pm10_750,0,0.66,0.299929141998291,0.006256103515625,0,1,1,0,0,0,0,0,0,0,0,0,1,0,0,0,0,0,0,0,0,0,1,0,0,0
pm10_750,0,0.66,0.2976055145263672,0.0062255859375,0,1,0,1,0,0,0,0,0,0,0,0,1,0,0,0,0,0,0,0,0,0,1,0,0,0
pm10_750,0,0.66,0.3063936233520508,0.0062861442565917,0,1,0,0,1,0,0,0,0,0,0,0,1,0,0,0,0,0,0,0,0,0,1,0,0,0
pm10_750,0,0.66,0.0899310111999511,0.0060658454895019,1,0,0,0,1,0,1,0,0,0,0,0,0,0,0,0,0,0,0,0,0,0,0,1,0,0
algerian_forest_fires_46279,2,1.0,0.0728476047515869,0.0064427852630615,0,1,0,0,1,0,0,0,0,0,1,0,0,0,0,0,0,0,0,0,0,0,0,1,0,0
algerian_forest_fires_46279,2,1.0,0.0759210586547851,0.0064380168914794,1,0,0,0,1,0,0,0,0,0,0,1,0,0,0,0,0,0,0,1,0,0,0,0,0,0
algerian_forest_fires_46279,0,1.0,0.0802638530731201,0.0068058967590332,1,0,0,0,1,0,0,0,0,0,1,0,0,0,0,0,0,0,0,0,0,0,0,0,0,1
algerian_forest_fires_46279,2,1.0,0.0792515277862548,0.0063300132751464,1,0,0,0,1,0,0,0,0,0,1,0,0,0,0,0,0,0,0,0,0,0,0,0,0,1
algerian_forest_fires_46279,0,1.0,0.0894391536712646,0.0064895153045654,1,0,0,0,1,0,0,0,0,0,0,1,0,0,0,0,0,0,0,1,0,0,0,0,0,0
algerian_forest_fires_46279,2,1.0,0.0712120532989502,0.0065438747406005,1,0,0,0,1,0,0,0,0,0,0,0,0,0,0,0,0,1,0,1,0,0,0,0,0,0
algerian_forest_fires_46279,0,1.0,0.0728733539581298,0.0065019130706787,1,0,0,0,1,0,0,0,1,0,0,0,0,0,0,0,0,0,0,1,0,0,0,0,0,0
algerian_forest_fires_46279,1,1.0,0.0704021453857421,0.006629467010498,1,0,0,0,1,0,0,0,1,0,0,0,0,0,0,0,0,0,0,1,0,0,0,0,0,0
algerian_forest_fires_46279,2,1.0,0.1386165618896484,0.0065104961395263,1,0,0,0,1,0,0,0,0,0,0,0,0,0,1,0,0,0,0,1,0,0,0,0,0,0
algerian_forest_fires_46279,2,1.0,0.0843820571899414,0.0067813396453857,1,0,0,0,1,0,0,0,0,0,0,1,0,0,0,0,0,0,0,0,0,0,0,0,1,0
algerian_forest_fires_46279,0,1.0,0.0695512294769287,0.0062935352325439,1,0,0,0,1,0,0,0,0,0,1,0,0,0,0,0,0,0,0,1,0,0,0,0,0,0
algerian_forest_fires_46279,2,1.0,0.0712256431579589,0.0062170028686523,1,0,0,0,1,0,0,0,0,0,1,0,0,0,0,0,0,0,0,1,0,0,0,0,0,0
algerian_forest_fires_46279,2,1.0,0.0700082778930664,0.0063974857330322,1,0,0,0,1,0,0,0,1,0,0,0,0,0,0,0,0,0,0,1,0,0,0,0,0,0
algerian_forest_fires_46279,0,1.0,0.0719618797302246,0.0062506198883056,1,0,0,0,1,0,0,0,0,0,0,0,0,0,0,0,0,1,0,1,0,0,0,0,0,0
algerian_forest_fires_46279,2,1.0,0.069131851196289,0.006221055984497,1,0,1,0,0,0,0,0,0,0,1,0,0,0,0,0,0,0,0,0,0,0,0,0,0,1
algerian_forest_fires_46279,0,1.0,0.0794539451599121,0.0068399906158447,1,0,1,0,0,0,0,0,1,0,0,0,0,0,0,0,0,0,0,0,0,0,0,0,0,1
algerian_forest_fires_46279,1,1.0,0.0821437835693359,0.0063199996948242,1,0,1,0,0,0,0,0,1,0,0,0,0,0,0,0,0,0,0,0,0,0,0,0,0,1
algerian_forest_fires_46279,2,1.0,0.0707252025604248,0.0065529346466064,1,0,1,0,0,0,0,0,1,0,0,0,0,0,0,0,0,0,0,0,0,0,0,0,0,1
algerian_forest_fires_46279,0,1.0,0.0790486335754394,0.0067224502563476,1,0,1,0,0,0,0,0,0,0,0,0,0,0,0,0,0,1,0,0,0,0,0,0,0,1
algerian_forest_fires_46279,0,1.0,0.0746753215789794,0.0063886642456054,0,1,0,1,0,1,0,0,0,0,0,0,0,0,0,0,0,0,0,1,0,0,0,0,0,0
fri_c3_500_50_937,2,0.93,0.0829508304595947,0.005953311920166,0,1,0,0,1,1,0,0,0,0,0,0,0,0,0,0,0,0,0,0,0,0,0,1,0,0
fri_c3_500_50_937,2,0.93,0.0938477516174316,0.0058627128601074,1,0,1,0,0,0,0,0,0,0,1,0,0,0,0,0,0,0,0,0,1,0,0,0,0,0
fri_c3_500_50_937,2,0.93,0.0932021141052246,0.0059425830841064,1,0,0,0,1,0,0,0,0,0,1,0,0,0,0,0,0,0,0,0,1,0,0,0,0,0
fri_c3_500_50_937,2,0.93,0.0944886207580566,0.0059280395507812,1,0,1,0,0,0,0,0,0,0,1,0,0,0,0,0,0,0,0,1,0,0,0,0,0,0
fri_c3_500_50_937,2,0.93,0.0923290252685546,0.0057950019836425,1,0,0,1,0,0,0,0,0,0,1,0,0,0,0,0,0,0,0,1,0,0,0,0,0,0
fri_c3_500_50_937,2,0.93,0.099365234375,0.0061128139495849,0,1,1,0,0,0,0,0,0,0,1,0,0,0,0,0,0,0,0,0,0,0,0,0,0,1
fri_c3_500_50_937,2,0.93,0.0926764011383056,0.0058283805847167,1,0,0,1,0,0,0,0,0,0,1,0,0,0,0,0,0,0,0,0,0,0,0,0,0,1
fri_c3_500_50_937,2,0.93,0.0773067474365234,0.0057685375213623,0,1,0,1,0,1,0,0,0,0,0,0,0,0,0,0,0,0,0,0,0,0,0,1,0,0
fri_c3_500_50_937,2,0.93,0.0933649539947509,0.0057082176208496,0,1,0,0,1,0,0,0,0,0,1,0,0,0,0,0,0,0,0,1,0,0,0,0,0,0
fri_c3_500_50_937,2,0.93,0.0948712825775146,0.0058681964874267,0,1,1,0,0,0,0,0,0,0,1,0,0,0,0,0,0,0,0,0,1,0,0,0,0,0
fri_c3_500_50_937,2,0.93,0.0781633853912353,0.0057799816131591,1,0,1,0,0,1,0,0,0,0,0,0,0,0,0,0,0,0,0,0,0,0,0,1,0,0
fri_c3_500_50_937,2,0.93,0.0934908390045166,0.0058786869049072,0,1,0,1,0,0,0,0,0,0,1,0,0,0,0,0,0,0,0,1,0,0,0,0,0,0
fri_c3_500_50_937,2,0.93,0.0791878700256347,0.0057697296142578,0,1,1,0,0,1,0,0,0,0,0,0,0,0,0,0,0,0,0,0,0,0,0,1,0,0
fri_c3_500_50_937,2,0.93,0.0928385257720947,0.0057945251464843,1,0,1,0,0,0,0,0,0,0,1,0,0,0,0,0,0,0,0,0,0,0,0,0,0,1
fri_c3_500_50_937,2,0.93,0.0930731296539306,0.0057113170623779,0,1,0,1,0,0,0,0,0,0,1,0,0,0,0,0,0,0,0,0,0,0,0,0,0,1
fri_c3_500_50_937,2,0.93,0.0940635204315185,0.0057172775268554,0,1,0,1,0,0,0,0,0,0,1,0,0,0,0,0,0,0,0,0,1,0,0,0,0,0
fri_c3_500_50_937,2,0.93,0.0791776180267334,0.005760908126831,1,0,0,1,0,1,0,0,0,0,0,0,0,0,0,0,0,0,0,0,0,0,0,1,0,0
fri_c3_500_50_937,2,0.93,0.0959148406982421,0.0058405399322509,0,1,0,0,1,0,0,0,0,0,1,0,0,0,0,0,0,0,0,0,1,0,0,0,0,0
fri_c3_500_50_937,2,0.93,0.0797202587127685,0.0058834552764892,1,0,0,0,1,1,0,0,0,0,0,0,0,0,0,0,0,0,0,0,0,0,0,1,0,0
fri_c3_500_50_937,2,0.93,0.0923876762390136,0.0058207511901855,0,1,0,0,1,0,0,0,0,0,1,0,0,0,0,0,0,0,0,0,0,0,0,0,0,1
fri_c2_1000_50_866,4,0.945,0.1153125762939453,0.0066916942596435,1,0,1,0,0,0,0,0,0,0,0,0,0,0,0,0,0,1,0,0,1,0,0,0,0,0
fri_c2_1000_50_866,4,0.945,0.1086804866790771,0.0065758228302001,0,1,0,0,1,0,0,0,0,0,0,0,0,0,0,0,0,1,0,0,1,0,0,0,0,0
fri_c2_1000_50_866,4,0.945,0.1034388542175293,0.0061812400817871,0,1,0,0,1,1,0,0,0,0,0,0,0,0,0,0,0,0,0,0,1,0,0,0,0,0
fri_c2_1000_50_866,4,0.945,0.1158275604248046,0.0069611072540283,0,1,1,0,0,0,0,0,0,0,0,0,0,0,0,0,0,1,0,1,0,0,0,0,0,0
fri_c2_1000_50_866,4,0.945,0.1074891090393066,0.006209373474121,0,1,0,0,1,1,0,0,0,0,0,0,0,0,0,0,0,0,0,0,0,0,1,0,0,0
fri_c2_1000_50_866,4,0.945,0.1148619651794433,0.0066947937011718,0,1,1,0,0,0,0,0,0,0,0,0,0,0,0,0,0,1,0,0,0,0,0,0,1,0
fri_c2_1000_50_866,4,0.945,0.113053560256958,0.0066454410552978,1,0,0,1,0,0,0,0,0,0,0,0,0,0,0,0,0,1,0,0,0,0,0,0,0,1
fri_c2_1000_50_866,4,0.945,0.1196398735046386,0.0066921710968017,1,0,1,0,0,1,0,0,0,0,0,0,0,0,0,0,0,0,0,0,0,0,1,0,0,0
fri_c2_1000_50_866,4,0.945,0.1157584190368652,0.0067400932312011,1,0,1,0,0,0,0,0,0,0,0,0,0,0,0,0,0,1,0,0,0,0,0,1,0,0
fri_c2_1000_50_866,4,0.945,0.1103839874267578,0.0062842369079589,1,0,0,1,0,1,0,0,0,0,0,0,0,0,0,0,0,0,0,0,1,0,0,0,0,0
fri_c2_1000_50_866,4,0.945,0.1131222248077392,0.0066766738891601,1,0,0,0,1,1,0,0,0,0,0,0,0,0,0,0,0,0,0,0,0,0,1,0,0,0
fri_c2_1000_50_866,4,0.945,0.1071016788482666,0.0063562393188476,1,0,0,0,1,1,0,0,0,0,0,0,0,0,0,0,0,0,0,0,0,0,0,1,0,0
fri_c2_1000_50_866,4,0.945,0.1100275516510009,0.0064082145690917,0,1,1,0,0,1,0,0,0,0,0,0,0,0,0,0,0,0,0,1,0,0,0,0,0,0
fri_c2_1000_50_866,4,0.945,0.1109325885772705,0.0062479972839355,0,1,1,0,0,0,0,0,0,0,0,0,0,0,0,0,0,1,0,0,0,0,1,0,0,0
fri_c2_1000_50_866,4,0.945,0.1130876541137695,0.0064923763275146,1,0,0,0,1,1,0,0,0,0,0,0,0,0,0,0,0,0,0,0,0,0,0,0,1,0
fri_c2_1000_50_866,4,0.945,0.114081859588623,0.006664752960205,1,0,1,0,0,0,0,0,0,0,0,0,0,0,0,0,0,1,0,1,0,0,0,0,0,0
fri_c2_1000_50_866,4,0.945,0.1189656257629394,0.0071711540222167,0,1,0,1,0,1,0,0,0,0,0,0,0,0,0,0,0,0,0,0,0,0,1,0,0,0
fri_c2_1000_50_866,4,0.945,0.1065175533294677,0.0060665607452392,0,1,0,0,1,1,0,0,0,0,0,0,0,0,0,0,0,0,0,0,0,0,0,0,0,1
fri_c2_1000_50_866,4,0.945,0.1141116619110107,0.0065579414367675,0,1,0,1,0,0,0,0,0,0,0,0,0,0,0,0,0,1,0,0,0,0,0,1,0,0
fri_c2_1000_50_866,4,0.945,0.1704292297363281,0.0068926811218261,0,1,0,1,0,1,0,0,0,0,0,0,0,0,0,0,0,0,0,0,0,0,0,1,0,0
fruitfly_714,1,0.72,0.0603611469268798,0.005523681640625,0,1,1,0,0,0,0,1,0,0,0,0,0,0,0,0,0,0,0,1,0,0,0,0,0,0
fruitfly_714,1,0.72,0.0602753162384033,0.0055034160614013,0,1,0,1,0,0,0,1,0,0,0,0,0,0,0,0,0,0,0,1,0,0,0,0,0,0
fruitfly_714,1,0.72,0.0605733394622802,0.0054750442504882,0,1,0,1,0,0,0,0,0,0,0,0,0,0,0,0,0,0,1,1,0,0,0,0,0,0
fruitfly_714,1,0.72,0.0618245601654052,0.0056390762329101,1,0,1,0,0,0,0,1,0,0,0,0,0,0,0,0,0,0,0,1,0,0,0,0,0,0
fruitfly_714,1,0.72,0.0602583885192871,0.0054855346679687,1,0,0,1,0,0,0,1,0,0,0,0,0,0,0,0,0,0,0,1,0,0,0,0,0,0
fruitfly_714,1,0.72,0.0614516735076904,0.0056929588317871,1,0,0,1,0,0,0,0,0,0,0,0,0,0,0,0,0,0,1,1,0,0,0,0,0,0
fruitfly_714,1,0.72,0.0643963813781738,0.0058541297912597,0,1,0,0,1,0,0,0,0,0,0,0,0,0,0,0,0,0,1,1,0,0,0,0,0,0
fruitfly_714,1,0.72,0.0605354309082031,0.0055212974548339,1,0,1,0,0,0,0,0,0,0,0,0,0,0,0,0,0,0,1,1,0,0,0,0,0,0
fruitfly_714,1,0.72,0.0641009807586669,0.0059890747070312,0,1,0,0,1,0,0,1,0,0,0,0,0,0,0,0,0,0,0,1,0,0,0,0,0,0
fruitfly_714,1,0.72,0.0615332126617431,0.0056984424591064,0,1,1,0,0,0,0,0,0,0,0,0,0,0,0,0,0,0,1,1,0,0,0,0,0,0
fruitfly_714,1,0.72,0.059938907623291,0.0054907798767089,1,0,0,0,1,0,0,1,0,0,0,0,0,0,0,0,0,0,0,1,0,0,0,0,0,0
fruitfly_714,1,0.72,0.0608108043670654,0.0056326389312744,1,0,0,0,1,0,0,0,0,0,0,0,0,0,0,0,0,0,1,1,0,0,0,0,0,0
fruitfly_714,4,0.68,0.0598859786987304,0.0055253505706787,1,0,0,0,1,0,0,0,1,0,0,0,0,0,0,0,0,0,0,0,0,0,1,0,0,0
fruitfly_714,4,0.68,0.061173677444458,0.0054526329040527,1,0,0,0,1,0,0,0,0,0,0,0,0,0,0,0,0,0,1,0,0,0,1,0,0,0
fruitfly_714,4,0.68,0.0620276927947998,0.0056796073913574,0,1,0,0,1,0,0,0,0,0,0,0,0,0,0,0,0,1,0,0,0,0,0,1,0,0
fruitfly_714,4,0.68,0.06368088722229,0.0062127113342285,1,0,0,0,1,0,0,1,0,0,0,0,0,0,0,0,0,0,0,0,0,0,1,0,0,0
fruitfly_714,4,0.68,0.060596227645874,0.0055854320526123,1,0,0,1,0,0,0,1,0,0,0,0,0,0,0,0,0,0,0,0,0,0,1,0,0,0
fruitfly_714,4,0.68,0.0608370304107666,0.0056014060974121,0,1,1,0,0,0,0,0,0,0,0,0,0,0,0,0,0,1,0,0,0,0,0,0,1,0
fruitfly_714,4,0.68,0.0601885318756103,0.0059928894042968,0,1,1,0,0,0,0,0,1,0,0,0,0,0,0,0,0,0,0,0,0,0,0,0,1,0
fruitfly_714,4,0.68,0.0601158142089843,0.0055091381072998,1,0,1,0,0,0,0,0,1,0,0,0,0,0,0,0,0,0,0,1,0,0,0,0,0,0
analcatdata_draft_984,0,0.972972972972973,0.0735247135162353,0.0061495304107666,0,1,1,0,0,0,0,0,0,0,0,1,0,0,0,0,0,0,0,0,0,0,0,0,0,1
analcatdata_draft_984,0,0.972972972972973,0.0709893703460693,0.0059483051300048,0,1,1,0,0,1,0,0,0,0,0,0,0,0,0,0,0,0,0,0,1,0,0,0,0,0
analcatdata_draft_984,0,0.972972972972973,0.0698459148406982,0.0060346126556396,0,1,1,0,0,0,0,0,0,0,1,0,0,0,0,0,0,0,0,0,1,0,0,0,0,0
analcatdata_draft_984,0,0.972972972972973,0.0699665546417236,0.0063505172729492,0,1,1,0,0,0,0,0,0,0,0,0,0,0,0,0,0,1,0,0,0,0,0,0,0,1
analcatdata_draft_984,0,0.972972972972973,0.0753815174102783,0.0060732364654541,0,1,1,0,0,0,1,0,0,0,0,0,0,0,0,0,0,0,0,0,0,0,0,0,0,1
analcatdata_draft_984,0,0.972972972972973,0.0785179138183593,0.0059638023376464,0,1,0,1,0,0,1,0,0,0,0,0,0,0,0,0,0,0,0,0,0,0,0,0,0,1
analcatdata_draft_984,0,0.972972972972973,0.072700023651123,0.0062010288238525,0,1,0,1,0,0,0,0,0,0,1,0,0,0,0,0,0,0,0,0,0,0,1,0,0,0
analcatdata_draft_984,0,0.972972972972973,0.0697159767150878,0.0059583187103271,0,1,0,0,1,0,0,0,1,0,0,0,0,0,0,0,0,0,0,0,0,0,1,0,0,0
analcatdata_draft_984,0,0.972972972972973,0.0681695938110351,0.0060772895812988,0,1,0,0,1,0,0,0,0,0,0,0,0,0,0,0,0,1,0,0,0,0,1,0,0,0
analcatdata_draft_984,0,0.972972972972973,0.0708038806915283,0.0059390068054199,0,1,0,0,1,0,0,0,0,0,0,0,0,0,0,0,0,0,1,0,0,0,1,0,0,0
analcatdata_draft_984,0,0.972972972972973,0.0760602951049804,0.0060920715332031,0,1,1,0,0,0,0,0,0,0,0,1,0,0,0,0,0,0,0,0,0,0,0,0,1,0
analcatdata_draft_984,0,0.972972972972973,0.0694086551666259,0.0060224533081054,0,1,1,0,0,0,0,0,0,0,1,0,0,0,0,0,0,0,0,0,0,0,0,0,0,1
analcatdata_draft_984,0,0.972972972972973,0.0722231864929199,0.0060963630676269,0,1,1,0,0,1,0,0,0,0,0,0,0,0,0,0,0,0,0,0,0,0,0,0,0,1
analcatdata_draft_984,0,0.972972972972973,0.0683696269989013,0.0064096450805664,0,1,1,0,0,0,0,0,1,0,0,0,0,0,0,0,0,0,0,0,0,0,0,0,0,1
analcatdata_draft_984,0,0.972972972972973,0.0748047828674316,0.0065152645111083,0,1,0,1,0,0,0,0,0,0,0,1,0,0,0,0,0,0,0,0,0,0,0,1,0,0
analcatdata_draft_984,0,0.972972972972973,0.0672821998596191,0.0060069561004638,0,1,0,1,0,0,0,0,0,0,0,0,0,0,0,0,0,1,0,0,1,0,0,0,0,0
analcatdata_draft_984,0,0.972972972972973,0.0700860023498535,0.0061402320861816,0,1,0,0,1,0,0,0,0,0,1,0,0,0,0,0,0,0,0,0,0,0,0,1,0,0
analcatdata_draft_984,0,0.972972972972973,0.0690152645111084,0.006066083908081,0,1,1,0,0,0,0,0,0,0,0,0,0,0,0,0,0,1,0,0,1,0,0,0,0,0
analcatdata_draft_984,0,0.972972972972973,0.0704700946807861,0.0060253143310546,0,1,0,0,1,0,0,1,0,0,0,0,0,0,0,0,0,0,0,0,0,0,1,0,0,0
analcatdata_draft_984,0,0.972972972972973,0.0681753158569336,0.0059785842895507,0,1,0,0,1,0,0,0,0,0,1,0,0,0,0,0,0,0,0,0,0,0,1,0,0,0
fri_c0_1000_50_904,4,0.895,0.1019709110260009,0.0062260627746582,0,1,0,0,1,1,0,0,0,0,0,0,0,0,0,0,0,0,0,0,0,0,0,1,0,0
fri_c0_1000_50_904,3,0.895,6.280658483505249,0.012211799621582,0,1,0,1,0,0,0,0,0,0,0,0,0,0,1,0,0,0,0,0,0,0,0,1,0,0
fri_c0_1000_50_904,4,0.895,0.1003952026367187,0.0059306621551513,0,1,0,1,0,1,0,0,0,0,0,0,0,0,0,0,0,0,0,0,0,0,0,1,0,0
fri_c0_1000_50_904,3,0.895,6.508224487304688,0.0124661922454833,1,0,0,0,1,0,0,0,0,0,0,0,0,0,1,0,0,0,0,0,0,0,0,1,0,0
fri_c0_1000_50_904,4,0.895,0.1191873550415039,0.0064892768859863,1,0,1,0,0,1,0,0,0,0,0,0,0,0,0,0,0,0,0,0,0,0,0,1,0,0
fri_c0_1000_50_904,4,0.895,0.102663516998291,0.0061123371124267,1,0,0,0,1,1,0,0,0,0,0,0,0,0,0,0,0,0,0,0,0,0,1,0,0,0
fri_c0_1000_50_904,4,0.895,0.118570327758789,0.0064985752105712,1,0,1,0,0,1,0,0,0,0,0,0,0,0,0,0,0,0,0,0,0,0,1,0,0,0
fri_c0_1000_50_904,4,0.895,0.106497049331665,0.0061824321746826,1,0,0,0,1,1,0,0,0,0,0,0,0,0,0,0,0,0,0,0,0,0,0,1,0,0
fri_c0_1000_50_904,4,0.895,0.1078617572784423,0.0065782070159912,0,1,0,1,0,1,0,0,0,0,0,0,0,0,0,0,0,0,0,0,0,0,1,0,0,0
fri_c0_1000_50_904,3,0.895,6.549576044082642,0.0117344856262207,1,0,1,0,0,0,0,0,0,0,0,0,0,0,1,0,0,0,0,0,0,0,0,1,0,0
fri_c0_1000_50_904,4,0.895,0.1069016456604003,0.0063147544860839,1,0,0,1,0,1,0,0,0,0,0,0,0,0,0,0,0,0,0,0,0,0,1,0,0,0
fri_c0_1000_50_904,4,0.895,0.1117644309997558,0.0064239501953125,0,1,1,0,0,1,0,0,0,0,0,0,0,0,0,0,0,0,0,0,0,0,0,1,0,0
fri_c0_1000_50_904,3,0.895,7.72795295715332,0.0122265815734863,1,0,0,1,0,0,0,0,0,0,0,0,0,0,1,0,0,0,0,0,0,0,0,1,0,0
fri_c0_1000_50_904,4,0.895,0.1078946590423584,0.0066642761230468,0,1,1,0,0,1,0,0,0,0,0,0,0,0,0,0,0,0,0,0,0,0,1,0,0,0
fri_c0_1000_50_904,4,0.895,0.1081857681274414,0.0066840648651123,1,0,0,1,0,1,0,0,0,0,0,0,0,0,0,0,0,0,0,0,0,0,0,1,0,0
fri_c0_1000_50_904,3,0.895,6.3497583866119385,0.0124099254608154,0,1,0,0,1,0,0,0,0,0,0,0,0,0,1,0,0,0,0,0,0,0,0,1,0,0
fri_c0_1000_50_904,4,0.895,0.1044771671295166,0.006333589553833,0,1,0,0,1,1,0,0,0,0,0,0,0,0,0,0,0,0,0,0,0,0,1,0,0,0
fri_c0_1000_50_904,3,0.895,7.155640363693237,0.0126197338104248,0,1,1,0,0,0,0,0,0,0,0,0,0,0,1,0,0,0,0,0,0,0,0,1,0,0
fri_c0_1000_50_904,4,0.89,6.531693935394287,0.0125772953033447,1,0,1,0,0,0,0,0,0,0,0,0,0,0,1,0,0,0,0,1,0,0,0,0,0,0
fri_c0_1000_50_904,4,0.89,6.372769355773926,0.0121231079101562,0,1,0,1,0,0,0,0,0,0,0,0,0,0,1,0,0,0,0,1,0,0,0,0,0,0
breast-w_15,3,0.9857142857142858,0.0737538337707519,0.0059430599212646,0,1,1,0,0,1,0,0,0,0,0,0,0,0,0,0,0,0,0,0,1,0,0,0,0,0
breast-w_15,3,0.9857142857142858,0.073845624923706,0.006005048751831,0,1,0,0,1,1,0,0,0,0,0,0,0,0,0,0,0,0,0,0,0,0,0,1,0,0
breast-w_15,3,0.9857142857142858,0.0717175006866455,0.0059986114501953,0,1,0,1,0,1,0,0,0,0,0,0,0,0,0,0,0,0,0,0,0,0,0,0,0,1
breast-w_15,1,0.9857142857142858,0.0708644390106201,0.0057311058044433,0,1,1,0,0,0,0,1,0,0,0,0,0,0,0,0,0,0,0,0,0,0,1,0,0,0
breast-w_15,3,0.9857142857142858,3.3498051166534424,0.0063068866729736,0,1,0,0,1,0,0,0,0,0,0,0,0,0,0,0,1,0,0,0,0,0,0,1,0,0
breast-w_15,3,0.9857142857142858,0.0708200931549072,0.0057470798492431,0,1,1,0,0,1,0,0,0,0,0,0,0,0,0,0,0,0,0,0,0,0,1,0,0,0
breast-w_15,0,0.9857142857142858,0.0738265514373779,0.0059635639190673,0,1,0,0,1,0,0,1,0,0,0,0,0,0,0,0,0,0,0,0,0,0,0,1,0,0
breast-w_15,0,0.9857142857142858,0.3165888786315918,0.0059597492218017,0,1,0,0,1,0,0,0,0,0,0,0,1,0,0,0,0,0,0,0,0,0,0,0,1,0
breast-w_15,1,0.9857142857142858,0.3271472454071045,0.0060372352600097,0,1,0,0,1,0,0,0,0,0,0,0,1,0,0,0,0,0,0,0,0,0,0,0,1,0
breast-w_15,1,0.9857142857142858,0.3035976886749267,0.0061404705047607,0,1,0,1,0,0,0,0,0,0,0,0,1,0,0,0,0,0,0,0,0,0,0,0,0,1
breast-w_15,1,0.9857142857142858,0.3182234764099121,0.0058674812316894,0,1,0,0,1,0,0,0,0,0,0,0,1,0,0,0,0,0,0,0,0,0,0,1,0,0
breast-w_15,3,0.9857142857142858,0.0711951255798339,0.0057969093322753,0,1,0,1,0,1,0,0,0,0,0,0,0,0,0,0,0,0,0,0,1,0,0,0,0,0
breast-w_15,3,0.9857142857142858,0.0695471763610839,0.0055749416351318,0,1,0,0,1,1,0,0,0,0,0,0,0,0,0,0,0,0,0,0,0,0,0,0,0,1
breast-w_15,3,0.9857142857142858,0.0684659481048584,0.0055630207061767,0,1,0,0,1,1,0,0,0,0,0,0,0,0,0,0,0,0,0,0,0,0,0,0,1,0
breast-w_15,3,0.9857142857142858,0.0726246833801269,0.0059418678283691,0,1,0,0,1,1,0,0,0,0,0,0,0,0,0,0,0,0,0,1,0,0,0,0,0,0
breast-w_15,3,0.9857142857142858,0.071678876876831,0.0058834552764892,0,1,0,0,1,1,0,0,0,0,0,0,0,0,0,0,0,0,0,0,1,0,0,0,0,0
breast-w_15,3,0.9857142857142858,0.0719571113586425,0.0058116912841796,0,1,1,0,0,1,0,0,0,0,0,0,0,0,0,0,0,0,0,1,0,0,0,0,0,0
breast-w_15,1,0.9857142857142858,0.3043324947357178,0.0060222148895263,0,1,0,0,1,0,0,0,0,0,0,0,1,0,0,0,0,0,0,0,0,0,0,0,0,1
breast-w_15,3,0.9857142857142858,0.2950470447540283,0.006155252456665,0,1,1,0,0,0,0,0,0,0,0,0,0,0,0,0,1,0,0,0,0,0,0,1,0,0
breast-w_15,3,0.9857142857142858,0.0741040706634521,0.0059330463409423,0,1,1,0,0,1,0,0,0,0,0,0,0,0,0,0,0,0,0,0,0,0,0,1,0,0
chscase_census4_907,3,0.6125,0.2430672645568847,0.0062255859375,0,1,0,0,1,0,0,0,0,0,0,0,0,0,0,0,1,0,0,0,0,1,0,0,0,0
chscase_census4_907,0,0.6125,0.0713465213775634,0.0059649944305419,0,1,0,1,0,0,0,0,0,0,0,0,0,0,0,0,0,0,1,0,1,0,0,0,0,0
chscase_census4_907,3,0.6125,0.2398996353149414,0.0062346458435058,1,0,0,1,0,0,0,0,0,0,0,0,0,0,0,0,1,0,0,0,0,1,0,0,0,0
chscase_census4_907,3,0.6125,0.238483190536499,0.0061798095703125,0,1,1,0,0,0,0,0,0,0,0,0,0,0,0,0,1,0,0,0,0,1,0,0,0,0
chscase_census4_907,0,0.6125,0.0735583305358886,0.0062100887298583,1,0,0,0,1,0,0,0,0,0,0,0,0,0,0,0,0,0,1,0,1,0,0,0,0,0
chscase_census4_907,0,0.6125,0.0727593898773193,0.006077766418457,0,1,1,0,0,0,0,0,0,0,0,0,0,0,0,0,0,0,1,0,1,0,0,0,0,0
chscase_census4_907,0,0.6125,0.073279857635498,0.0059020519256591,1,0,0,1,0,0,0,0,0,0,0,0,0,0,0,0,0,0,1,0,1,0,0,0,0,0
chscase_census4_907,0,0.6125,0.0756723880767822,0.0060932636260986,0,1,0,0,1,0,0,0,0,0,0,0,0,0,0,0,0,0,1,0,1,0,0,0,0,0
chscase_census4_907,0,0.6125,0.0721340179443359,0.005995750427246,1,0,1,0,0,0,0,0,0,0,0,0,0,0,0,0,0,0,1,0,1,0,0,0,0,0
chscase_census4_907,3,0.6125,0.2375564575195312,0.0062034130096435,1,0,0,0,1,0,0,0,0,0,0,0,0,0,0,0,1,0,0,0,0,1,0,0,0,0
chscase_census4_907,3,0.6125,0.2382838726043701,0.0062603950500488,1,0,1,0,0,0,0,0,0,0,0,0,0,0,0,0,1,0,0,0,0,1,0,0,0,0
chscase_census4_907,3,0.6125,0.2468430995941162,0.0063233375549316,0,1,0,1,0,0,0,0,0,0,0,0,0,0,0,0,1,0,0,0,0,1,0,0,0,0
chscase_census4_907,4,0.6,0.2403748035430908,0.0062646865844726,1,0,1,0,0,0,0,0,0,0,0,0,0,0,0,0,1,0,0,0,0,0,0,0,0,1
chscase_census4_907,4,0.6,0.2402021884918213,0.0062596797943115,0,1,0,1,0,0,0,0,0,0,0,0,0,0,0,0,1,0,0,0,0,0,0,0,0,1
chscase_census4_907,4,0.6,0.2400782108306884,0.0062947273254394,0,1,0,0,1,0,0,0,0,0,0,0,0,0,0,0,1,0,0,0,0,0,0,0,0,1
chscase_census4_907,4,0.6,0.2468681335449218,0.0062992572784423,0,1,1,0,0,0,0,0,0,0,0,0,0,0,0,0,1,0,0,0,0,0,0,0,0,1
chscase_census4_907,4,0.6,0.2478847503662109,0.0063600540161132,1,0,0,0,1,0,0,0,0,0,0,0,0,0,0,0,1,0,0,0,0,0,0,0,0,1
chscase_census4_907,4,0.6,0.2406518459320068,0.006221055984497,1,0,0,1,0,0,0,0,0,0,0,0,0,0,0,0,1,0,0,0,0,0,0,0,0,1
chscase_census4_907,4,0.5875,0.2381043434143066,0.0062947273254394,0,1,1,0,0,0,0,0,0,0,0,0,0,0,0,0,1,0,0,0,0,1,0,0,0,0
chscase_census4_907,0,0.5875,0.0715334415435791,0.0059995651245117,0,1,0,1,0,0,0,0,0,0,0,0,0,0,0,0,0,0,1,0,0,0,0,0,0,1
autoUniv-au1-1000_1547,3,0.805,0.1481099128723144,0.0072605609893798,1,0,1,0,0,0,0,0,0,0,0,0,0,0,1,0,0,0,0,0,1,0,0,0,0,0
autoUniv-au1-1000_1547,3,0.805,0.1445920467376709,0.0071401596069335,1,0,0,0,1,0,0,0,0,0,0,0,0,0,1,0,0,0,0,0,1,0,0,0,0,0
autoUniv-au1-1000_1547,3,0.805,0.1489970684051513,0.0073838233947753,1,0,0,0,1,0,0,0,0,0,0,0,0,0,1,0,0,0,0,0,0,0,0,1,0,0
autoUniv-au1-1000_1547,3,0.805,0.15169358253479,0.0071833133697509,0,1,1,0,0,0,0,0,0,0,0,0,0,0,1,0,0,0,0,0,1,0,0,0,0,0
autoUniv-au1-1000_1547,3,0.805,0.1543776988983154,0.0075094699859619,1,0,0,1,0,0,0,0,0,0,0,0,0,0,1,0,0,0,0,0,0,0,0,1,0,0
autoUniv-au1-1000_1547,3,0.805,0.1498920917510986,0.0071830749511718,1,0,1,0,0,0,0,0,0,0,0,0,0,0,1,0,0,0,0,1,0,0,0,0,0,0
autoUniv-au1-1000_1547,3,0.805,0.1534872055053711,0.008305549621582,0,1,1,0,0,0,0,0,0,0,0,0,0,0,1,0,0,0,0,0,0,0,0,1,0,0
autoUniv-au1-1000_1547,3,0.805,0.1483020782470703,0.0072622299194335,0,1,0,1,0,0,0,0,0,0,0,0,0,0,1,0,0,0,0,0,1,0,0,0,0,0
autoUniv-au1-1000_1547,3,0.805,0.1539788246154785,0.0075221061706542,1,0,0,1,0,0,0,0,0,0,0,0,0,0,1,0,0,0,0,1,0,0,0,0,0,0
autoUniv-au1-1000_1547,3,0.805,0.144803762435913,0.0070908069610595,0,1,1,0,0,0,0,0,0,0,0,0,0,0,1,0,0,0,0,1,0,0,0,0,0,0
autoUniv-au1-1000_1547,3,0.805,0.138024091720581,0.0067889690399169,0,1,0,1,0,0,0,0,0,0,0,0,0,0,1,0,0,0,0,1,0,0,0,0,0,0
autoUniv-au1-1000_1547,3,0.805,0.1490323543548584,0.0071878433227539,1,0,1,0,0,0,0,0,0,0,0,0,0,0,1,0,0,0,0,0,0,0,0,1,0,0
autoUniv-au1-1000_1547,3,0.805,0.1527974605560302,0.0073654651641845,1,0,0,1,0,0,0,0,0,0,0,0,0,0,1,0,0,0,0,0,1,0,0,0,0,0
autoUniv-au1-1000_1547,3,0.805,0.1560490131378173,0.0075256824493408,0,1,0,0,1,0,0,0,0,0,0,0,0,0,1,0,0,0,0,1,0,0,0,0,0,0
autoUniv-au1-1000_1547,3,0.805,0.1481986045837402,0.0072138309478759,0,1,0,0,1,0,0,0,0,0,0,0,0,0,1,0,0,0,0,0,0,0,0,1,0,0
autoUniv-au1-1000_1547,3,0.805,0.1432807445526123,0.00701904296875,1,0,0,0,1,0,0,0,0,0,0,0,0,0,1,0,0,0,0,1,0,0,0,0,0,0
autoUniv-au1-1000_1547,3,0.805,0.1481184959411621,0.0073542594909667,0,1,0,0,1,0,0,0,0,0,0,0,0,0,1,0,0,0,0,0,1,0,0,0,0,0
autoUniv-au1-1000_1547,3,0.805,0.1475536823272705,0.0073270797729492,0,1,0,1,0,0,0,0,0,0,0,0,0,0,1,0,0,0,0,0,0,0,0,1,0,0
autoUniv-au1-1000_1547,4,0.8,0.1508340835571289,0.0076403617858886,0,1,1,0,0,0,0,0,0,0,0,0,0,0,1,0,0,0,0,0,0,0,0,0,1,0
autoUniv-au1-1000_1547,4,0.8,0.1475136280059814,0.007462739944458,0,1,0,0,1,0,0,0,0,0,0,0,0,0,1,0,0,0,0,0,0,0,0,0,1,0
blogger_1463,3,0.95,0.0705893039703369,0.0066189765930175,0,1,0,0,1,0,0,0,0,1,0,0,0,0,0,0,0,0,0,0,0,0,1,0,0,0
blogger_1463,4,0.95,0.0669641494750976,0.0061640739440917,1,0,0,1,0,0,0,0,0,0,0,0,0,1,0,0,0,0,0,0,1,0,0,0,0,0
blogger_1463,3,0.95,0.0761241912841796,0.0066428184509277,1,0,0,0,1,0,0,0,0,1,0,0,0,0,0,0,0,0,0,1,0,0,0,0,0,0
blogger_1463,3,0.95,0.065803050994873,0.0062942504882812,0,1,0,0,1,0,0,0,0,0,0,0,0,0,1,0,0,0,0,0,0,0,1,0,0,0
blogger_1463,3,0.95,0.0693635940551757,0.0061602592468261,0,1,0,0,1,0,1,0,0,0,0,0,0,0,0,0,0,0,0,0,0,0,1,0,0,0
blogger_1463,1,0.95,0.1077766418457031,0.0068364143371582,1,0,0,1,0,0,0,0,0,0,0,0,1,0,0,0,0,0,0,0,1,0,0,0,0,0
blogger_1463,1,0.95,0.1108264923095703,0.0093278884887695,0,1,0,0,1,0,0,0,0,0,0,0,0,0,0,1,0,0,0,0,0,0,1,0,0,0
blogger_1463,3,0.95,0.1168639659881591,0.0095582008361816,1,0,0,0,1,0,0,0,0,0,0,0,0,0,0,1,0,0,0,1,0,0,0,0,0,0
blogger_1463,4,0.95,0.0759503841400146,0.0062742233276367,1,0,0,1,0,0,0,0,0,1,0,0,0,0,0,0,0,0,0,0,1,0,0,0,0,0
blogger_1463,1,0.95,0.1091065406799316,0.0095231533050537,0,1,0,1,0,0,0,0,0,0,0,0,0,0,0,1,0,0,0,0,0,0,1,0,0,0
blogger_1463,3,0.95,0.071620225906372,0.0062696933746337,0,1,0,1,0,0,0,0,0,0,0,0,0,0,1,0,0,0,0,0,0,0,0,0,0,1
blogger_1463,1,0.95,0.0981907844543457,0.0068848133087158,0,1,0,1,0,0,0,0,0,0,0,0,1,0,0,0,0,0,0,0,0,0,0,0,0,1
blogger_1463,4,0.95,0.1276359558105468,0.006951093673706,0,1,0,1,0,0,0,0,0,0,0,0,1,0,0,0,0,0,0,0,0,0,0,0,0,1
blogger_1463,3,0.95,0.0707476139068603,0.0061666965484619,0,1,0,1,0,0,0,0,0,1,0,0,0,0,0,0,0,0,0,0,1,0,0,0,0,0
blogger_1463,4,0.95,0.0790638923645019,0.006594181060791,0,1,0,1,0,0,0,0,0,1,0,0,0,0,0,0,0,0,0,0,1,0,0,0,0,0
blogger_1463,3,0.95,0.0671741962432861,0.0061702728271484,1,0,0,1,0,0,0,0,0,0,0,0,0,1,0,0,0,0,0,0,1,0,0,0,0,0
blogger_1463,1,0.95,0.0700104236602783,0.00614595413208,0,1,0,0,1,0,1,0,0,0,0,0,0,0,0,0,0,0,0,0,0,0,0,1,0,0
blogger_1463,3,0.95,0.0691816806793212,0.0063204765319824,0,1,0,0,1,0,1,0,0,0,0,0,0,0,0,0,0,0,0,0,0,0,0,1,0,0
blogger_1463,1,0.95,0.0699138641357421,0.0061745643615722,0,1,0,0,1,0,0,0,0,0,0,0,0,0,1,0,0,0,0,0,0,0,1,0,0,0
blogger_1463,3,0.95,0.1126439571380615,0.0093245506286621,0,1,0,0,1,0,0,0,0,0,0,0,0,0,0,1,0,0,0,0,0,0,0,0,0,1
analcatdata_reviewer_1008,2,0.7236842105263158,0.0974957942962646,0.0062685012817382,0,1,0,1,0,0,1,0,0,0,0,0,0,0,0,0,0,0,0,0,0,0,0,1,0,0
analcatdata_reviewer_1008,2,0.7236842105263158,0.0890438556671142,0.0057799816131591,0,1,0,1,0,0,1,0,0,0,0,0,0,0,0,0,0,0,0,1,0,0,0,0,0,0
analcatdata_reviewer_1008,2,0.7236842105263158,0.0944280624389648,0.0065438747406005,1,0,0,1,0,0,1,0,0,0,0,0,0,0,0,0,0,0,0,0,1,0,0,0,0,0
analcatdata_reviewer_1008,2,0.7236842105263158,0.0972912311553955,0.0060513019561767,0,1,0,1,0,0,1,0,0,0,0,0,0,0,0,0,0,0,0,0,1,0,0,0,0,0
analcatdata_reviewer_1008,2,0.7236842105263158,0.0891890525817871,0.0056054592132568,1,0,0,1,0,0,1,0,0,0,0,0,0,0,0,0,0,0,0,1,0,0,0,0,0,0
analcatdata_reviewer_1008,2,0.7236842105263158,0.0970182418823242,0.006066083908081,1,0,0,1,0,0,1,0,0,0,0,0,0,0,0,0,0,0,0,0,0,0,0,1,0,0
analcatdata_reviewer_1008,4,0.72,0.0768215656280517,0.0064489841461181,0,1,0,0,1,0,1,0,0,0,0,0,0,0,0,0,0,0,0,0,0,0,0,0,1,0
analcatdata_reviewer_1008,2,0.7105263157894737,0.0650429725646972,0.0056836605072021,1,0,0,1,0,0,0,0,0,0,0,1,0,0,0,0,0,0,0,0,0,0,0,0,0,1
analcatdata_reviewer_1008,2,0.7105263157894737,0.0653121471405029,0.0056800842285156,0,1,0,1,0,0,0,0,0,0,0,1,0,0,0,0,0,0,0,1,0,0,0,0,0,0
analcatdata_reviewer_1008,2,0.7105263157894737,0.0651373863220214,0.0056920051574707,1,0,0,1,0,0,0,0,0,0,0,1,0,0,0,0,0,0,0,1,0,0,0,0,0,0
analcatdata_reviewer_1008,2,0.7105263157894737,0.069483995437622,0.0061559677124023,0,1,0,1,0,0,0,0,0,0,0,1,0,0,0,0,0,0,0,0,1,0,0,0,0,0
analcatdata_reviewer_1008,2,0.7105263157894737,0.0687465667724609,0.0058858394622802,1,0,0,1,0,0,0,0,0,0,0,1,0,0,0,0,0,0,0,0,0,0,1,0,0,0
analcatdata_reviewer_1008,2,0.7105263157894737,0.0720951557159423,0.0060980319976806,0,1,0,1,0,0,0,0,0,0,0,1,0,0,0,0,0,0,0,0,0,0,0,0,1,0
analcatdata_reviewer_1008,2,0.7105263157894737,0.0709486007690429,0.006143569946289,0,1,0,1,0,0,0,0,0,0,0,1,0,0,0,0,0,0,0,0,0,0,0,1,0,0
analcatdata_reviewer_1008,2,0.7105263157894737,0.0652954578399658,0.0057106018066406,0,1,0,1,0,0,0,0,0,0,0,1,0,0,0,0,0,0,0,0,0,1,0,0,0,0
analcatdata_reviewer_1008,2,0.7105263157894737,0.0659868717193603,0.0056509971618652,0,1,0,1,0,0,0,0,0,0,0,1,0,0,0,0,0,0,0,0,0,0,0,0,0,1
analcatdata_reviewer_1008,2,0.7105263157894737,0.0677661895751953,0.0057704448699951,0,1,0,1,0,0,0,0,0,0,0,1,0,0,0,0,0,0,0,0,0,0,1,0,0,0
analcatdata_reviewer_1008,2,0.7105263157894737,0.0688519477844238,0.0058960914611816,1,0,0,1,0,0,0,0,0,0,0,1,0,0,0,0,0,0,0,0,0,1,0,0,0,0
analcatdata_reviewer_1008,2,0.7105263157894737,0.0738070011138916,0.0061221122741699,1,0,0,1,0,0,0,0,0,0,0,1,0,0,0,0,0,0,0,0,1,0,0,0,0,0
analcatdata_reviewer_1008,2,0.7105263157894737,0.0867295265197753,0.0062894821166992,1,0,0,1,0,0,0,0,0,0,0,1,0,0,0,0,0,0,0,0,0,0,0,0,1,0
chscase_whale_939,1,1.0,0.0624301433563232,0.0055563449859619,0,1,1,0,0,0,0,0,1,0,0,0,0,0,0,0,0,0,0,0,1,0,0,0,0,0
chscase_whale_939,1,1.0,0.091679573059082,0.0064516067504882,0,1,0,0,1,0,0,0,0,1,0,0,0,0,0,0,0,0,0,0,0,0,0,1,0,0
chscase_whale_939,0,1.0,0.0688729286193847,0.0065100193023681,0,1,1,0,0,0,0,0,0,0,0,1,0,0,0,0,0,0,0,0,1,0,0,0,0,0
chscase_whale_939,1,1.0,0.0676891803741455,0.0065503120422363,0,1,1,0,0,0,0,0,0,0,0,1,0,0,0,0,0,0,0,0,1,0,0,0,0,0
chscase_whale_939,3,1.0,0.0625660419464111,0.0055456161499023,0,1,1,0,0,0,0,0,0,0,0,0,0,0,0,0,0,1,0,0,1,0,0,0,0,0
chscase_whale_939,3,1.0,0.0676119327545166,0.006704568862915,0,1,1,0,0,0,0,0,0,0,0,1,0,0,0,0,0,0,0,0,1,0,0,0,0,0
chscase_whale_939,4,1.0,0.0679259300231933,0.0066578388214111,0,1,1,0,0,0,0,0,0,0,0,1,0,0,0,0,0,0,0,0,1,0,0,0,0,0
chscase_whale_939,2,1.0,0.0622444152832031,0.0055584907531738,0,1,1,0,0,0,0,0,0,0,0,0,0,0,0,0,0,1,0,0,1,0,0,0,0,0
chscase_whale_939,1,1.0,0.0711169242858886,0.0056746006011962,0,1,1,0,0,0,0,0,0,0,0,0,0,1,0,0,0,0,0,0,1,0,0,0,0,0
chscase_whale_939,2,1.0,0.0704460144042968,0.0056154727935791,0,1,1,0,0,0,0,0,0,0,0,0,0,1,0,0,0,0,0,0,1,0,0,0,0,0
chscase_whale_939,3,1.0,0.0703938007354736,0.0056650638580322,0,1,1,0,0,0,0,0,0,0,0,0,0,1,0,0,0,0,0,0,1,0,0,0,0,0
chscase_whale_939,1,1.0,0.0623941421508789,0.0055294036865234,0,1,1,0,0,0,0,0,0,0,0,0,0,0,0,0,0,1,0,0,1,0,0,0,0,0
chscase_whale_939,3,1.0,0.0909912586212158,0.0056796073913574,0,1,1,0,0,0,0,0,0,0,0,0,0,0,1,0,0,0,0,0,1,0,0,0,0,0
chscase_whale_939,1,1.0,0.0701742172241211,0.0056202411651611,0,1,1,0,0,0,1,0,0,0,0,0,0,0,0,0,0,0,0,0,1,0,0,0,0,0
chscase_whale_939,2,1.0,0.0706629753112793,0.0056293010711669,0,1,1,0,0,0,1,0,0,0,0,0,0,0,0,0,0,0,0,0,1,0,0,0,0,0
chscase_whale_939,3,1.0,0.0703523159027099,0.0056071281433105,0,1,1,0,0,0,1,0,0,0,0,0,0,0,0,0,0,0,0,0,1,0,0,0,0,0
chscase_whale_939,3,1.0,0.0658411979675293,0.0058703422546386,0,1,0,0,1,0,0,0,0,0,1,0,0,0,0,0,0,0,0,0,0,0,0,1,0,0
chscase_whale_939,2,1.0,0.0671334266662597,0.0057549476623535,0,1,0,0,1,0,0,0,0,0,1,0,0,0,0,0,0,0,0,0,0,0,0,1,0,0
chscase_whale_939,1,1.0,0.0639958381652832,0.0057957172393798,0,1,0,0,1,0,0,0,0,0,1,0,0,0,0,0,0,0,0,0,0,0,0,1,0,0
chscase_whale_939,1,1.0,0.0733270645141601,0.0062360763549804,0,1,0,1,0,0,0,0,0,0,0,1,0,0,0,0,0,0,0,0,0,0,1,0,0,0
Smartphone-Based_Recognition_of_Human_Activities_4153,4,0.9166666666666666,1.957358837127685,0.0090978145599365,1,0,0,0,1,0,0,0,0,0,0,0,0,0,1,0,0,0,0,0,0,0,1,0,0,0
Smartphone-Based_Recognition_of_Human_Activities_4153,4,0.9166666666666666,1.9135160446166992,0.0087153911590576,0,1,1,0,0,0,0,0,0,0,0,0,0,0,1,0,0,0,0,0,0,0,1,0,0,0
Smartphone-Based_Recognition_of_Human_Activities_4153,4,0.9166666666666666,1.9431605339050293,0.0091748237609863,0,1,0,1,0,0,0,0,0,0,0,0,0,0,1,0,0,0,0,0,0,0,1,0,0,0
Smartphone-Based_Recognition_of_Human_Activities_4153,4,0.9166666666666666,4.360297203063965,0.0096766948699951,0,1,0,0,1,0,0,0,0,0,0,0,0,0,1,0,0,0,0,0,0,0,1,0,0,0
Smartphone-Based_Recognition_of_Human_Activities_4153,4,0.9166666666666666,1.955639123916626,0.0091285705566406,1,0,0,1,0,0,0,0,0,0,0,0,0,0,1,0,0,0,0,0,0,0,1,0,0,0
Smartphone-Based_Recognition_of_Human_Activities_4153,4,0.9166666666666666,1.9515619277954104,0.0091183185577392,1,0,1,0,0,0,0,0,0,0,0,0,0,0,1,0,0,0,0,0,0,0,1,0,0,0
Smartphone-Based_Recognition_of_Human_Activities_4153,1,0.8888888888888888,0.1264081001281738,0.0100500583648681,1,0,0,0,1,0,0,0,0,0,0,0,0,0,0,1,0,0,0,0,0,0,0,1,0,0
Smartphone-Based_Recognition_of_Human_Activities_4153,1,0.8888888888888888,0.1235148906707763,0.010012149810791,1,0,0,1,0,0,0,0,0,0,0,0,0,0,0,1,0,0,0,0,0,0,0,1,0,0
Smartphone-Based_Recognition_of_Human_Activities_4153,1,0.8888888888888888,0.1253397464752197,0.009803295135498,0,1,1,0,0,0,0,0,0,0,0,0,0,0,0,1,0,0,0,0,0,0,0,1,0,0
Smartphone-Based_Recognition_of_Human_Activities_4153,1,0.8888888888888888,0.1236090660095214,0.0099139213562011,1,0,1,0,0,0,0,0,0,0,0,0,0,0,0,1,0,0,0,0,0,0,0,1,0,0
Smartphone-Based_Recognition_of_Human_Activities_4153,1,0.8888888888888888,0.1241064071655273,0.0101673603057861,0,1,0,0,1,0,0,0,0,0,0,0,0,0,0,1,0,0,0,0,0,0,0,1,0,0
Smartphone-Based_Recognition_of_Human_Activities_4153,1,0.8888888888888888,0.1241228580474853,0.0100338459014892,0,1,0,1,0,0,0,0,0,0,0,0,0,0,0,1,0,0,0,0,0,0,0,1,0,0
Smartphone-Based_Recognition_of_Human_Activities_4153,4,0.8611111111111112,1.916706085205078,0.0089030265808105,0,1,0,1,0,0,0,0,0,0,0,0,0,0,1,0,0,0,0,0,0,0,0,1,0,0
Smartphone-Based_Recognition_of_Human_Activities_4153,0,0.8611111111111112,0.1233274936676025,0.009892463684082,1,0,0,0,1,0,0,0,0,0,0,0,0,0,0,1,0,0,0,0,0,0,0,1,0,0
Smartphone-Based_Recognition_of_Human_Activities_4153,0,0.8611111111111112,0.125331163406372,0.0102155208587646,0,1,1,0,0,0,0,0,0,0,0,0,0,0,0,1,0,0,0,0,0,0,0,1,0,0
Smartphone-Based_Recognition_of_Human_Activities_4153,0,0.8611111111111112,0.1368565559387207,0.0100657939910888,1,0,0,1,0,0,0,0,0,0,0,0,0,0,0,1,0,0,0,0,0,0,0,1,0,0
Smartphone-Based_Recognition_of_Human_Activities_4153,4,0.8611111111111112,1.9017550945281985,0.009078025817871,1,0,1,0,0,0,0,0,0,0,0,0,0,0,1,0,0,0,0,0,0,0,0,1,0,0
Smartphone-Based_Recognition_of_Human_Activities_4153,0,0.8611111111111112,0.1239395141601562,0.0098977088928222,1,0,1,0,0,0,0,0,0,0,0,0,0,0,0,1,0,0,0,0,0,0,0,1,0,0
Smartphone-Based_Recognition_of_Human_Activities_4153,4,0.8611111111111112,1.9177443981170648,0.0091614723205566,0,1,0,0,1,0,0,0,0,0,0,0,0,0,1,0,0,0,0,0,0,0,0,1,0,0
Smartphone-Based_Recognition_of_Human_Activities_4153,0,0.8611111111111112,0.1226072311401367,0.0098242759704589,0,1,0,1,0,0,0,0,0,0,0,0,0,0,0,1,0,0,0,0,0,0,0,1,0,0
bodyfat_778,2,1.0,0.0023257732391357,0.0002558231353759,1,0,0,0,1,0,0,0,0,0,0,0,0,0,0,0,0,1,0,1,0,0,0,0,0,0
bodyfat_778,3,1.0,0.0023496150970458,0.000230073928833,1,0,0,0,1,0,0,0,0,0,0,0,0,0,0,0,0,1,0,1,0,0,0,0,0,0
bodyfat_778,0,1.0,0.0021977424621582,0.0002574920654296,1,0,0,0,1,0,0,0,1,0,0,0,0,0,0,0,0,0,0,1,0,0,0,0,0,0
bodyfat_778,1,1.0,0.0022225379943847,0.0002291202545166,1,0,0,0,1,0,0,0,1,0,0,0,0,0,0,0,0,0,0,1,0,0,0,0,0,0
bodyfat_778,0,1.0,0.004873514175415,0.0002899169921875,1,0,1,0,0,0,0,0,0,0,0,0,0,0,1,0,0,0,0,0,1,0,0,0,0,0
bodyfat_778,1,1.0,0.0047626495361328,0.000284194946289,1,0,1,0,0,0,0,0,0,0,0,0,0,0,1,0,0,0,0,0,1,0,0,0,0,0
bodyfat_778,2,1.0,0.0023367404937744,0.0002546310424804,1,0,0,0,1,0,0,0,0,0,0,1,0,0,0,0,0,0,0,0,0,0,0,0,1,0
bodyfat_778,3,1.0,0.0022733211517333,0.0002520084381103,1,0,0,0,1,0,0,0,0,0,0,1,0,0,0,0,0,0,0,0,0,0,0,0,1,0
bodyfat_778,1,1.0,0.0021471977233886,0.0002501010894775,1,0,0,0,1,0,0,0,0,0,1,0,0,0,0,0,0,0,0,1,0,0,0,0,0,0
bodyfat_778,2,1.0,0.0021862983703613,0.000223159790039,1,0,0,0,1,0,0,0,0,0,1,0,0,0,0,0,0,0,0,1,0,0,0,0,0,0
bodyfat_778,2,1.0,0.0021717548370361,0.0002288818359375,1,0,0,0,1,0,0,0,1,0,0,0,0,0,0,0,0,0,0,1,0,0,0,0,0,0
bodyfat_778,3,1.0,0.0021471977233886,0.0002574920654296,1,0,0,0,1,0,0,0,1,0,0,0,0,0,0,0,0,0,0,1,0,0,0,0,0,0
bodyfat_778,1,1.0,0.0023334026336669,0.0002291202545166,1,0,0,0,1,0,0,0,0,0,0,0,0,0,0,0,0,1,0,1,0,0,0,0,0,0
bodyfat_778,3,1.0,0.0020787715911865,0.0002079010009765,1,0,0,0,1,0,0,0,0,0,1,0,0,0,0,0,0,0,0,0,0,0,0,0,0,1
bodyfat_778,3,1.0,0.0023353099822998,0.0002393722534179,1,0,0,0,1,0,0,0,0,0,1,0,0,0,0,0,0,0,0,1,0,0,0,0,0,0
bodyfat_778,0,1.0,0.0022356510162353,0.0002853870391845,1,0,0,0,1,1,0,0,0,0,0,0,0,0,0,0,0,0,0,1,0,0,0,0,0,0
bodyfat_778,1,1.0,0.0021870136260986,0.0002222061157226,1,0,0,0,1,1,0,0,0,0,0,0,0,0,0,0,0,0,0,1,0,0,0,0,0,0
bodyfat_778,0,1.0,0.0025808811187744,0.0002651214599609,1,0,0,0,1,0,0,0,0,0,0,1,0,0,0,0,0,0,0,0,0,0,0,0,1,0
bodyfat_778,1,1.0,0.0024960041046142,0.0002303123474121,1,0,0,0,1,0,0,0,0,0,0,1,0,0,0,0,0,0,0,0,0,0,0,0,1,0
bodyfat_778,0,1.0,0.0022904872894287,0.0002286434173583,0,1,0,1,0,0,0,0,0,0,0,1,0,0,0,0,0,0,0,0,0,0,1,0,0,0
socmob_934,4,0.9696969696969696,0.5049662590026855,0.0122661590576171,1,0,0,1,0,0,0,0,0,0,0,0,0,0,1,0,0,0,0,0,0,0,1,0,0,0
socmob_934,4,0.9696969696969696,0.5064067840576172,0.0122406482696533,0,1,0,1,0,0,0,0,0,0,0,0,0,0,1,0,0,0,0,0,0,0,1,0,0,0
socmob_934,0,0.956896551724138,0.0935678482055664,0.0083272457122802,1,0,0,1,0,0,0,0,0,0,1,0,0,0,0,0,0,0,0,0,0,1,0,0,0,0
socmob_934,0,0.956896551724138,0.091564655303955,0.0082099437713623,0,1,0,1,0,0,0,0,0,0,1,0,0,0,0,0,0,0,0,0,0,1,0,0,0,0
socmob_934,0,0.956896551724138,0.5051136016845703,0.0128309726715087,0,1,0,1,0,0,0,0,0,0,0,0,0,0,1,0,0,0,0,0,0,0,0,0,0,1
socmob_934,0,0.956896551724138,0.5185842514038086,0.0128166675567626,1,0,0,1,0,0,0,0,0,0,0,0,0,0,1,0,0,0,0,0,0,0,0,0,0,1
socmob_934,4,0.9567099567099568,0.7438390254974365,0.008535623550415,0,1,0,1,0,0,0,0,0,0,0,0,1,0,0,0,0,0,0,0,0,0,0,0,1,0
socmob_934,4,0.9567099567099568,0.729841947555542,0.008901834487915,1,0,0,1,0,0,0,0,0,0,0,0,1,0,0,0,0,0,0,0,0,0,0,0,1,0
socmob_934,2,0.9567099567099568,0.3248391151428222,0.0084497928619384,1,0,0,1,0,0,0,0,0,1,0,0,0,0,0,0,0,0,0,0,1,0,0,0,0,0
socmob_934,3,0.9567099567099568,0.7207167148590088,0.0085673332214355,1,0,0,1,0,0,0,0,0,0,0,0,1,0,0,0,0,0,0,0,0,0,0,0,1,0
socmob_934,2,0.9567099567099568,0.3073759078979492,0.0079913139343261,0,1,0,1,0,0,0,0,0,1,0,0,0,0,0,0,0,0,0,0,1,0,0,0,0,0
socmob_934,2,0.9567099567099568,0.337759256362915,0.0084786415100097,1,0,0,1,0,0,0,0,0,0,0,0,0,1,0,0,0,0,0,0,1,0,0,0,0,0
socmob_934,4,0.9567099567099568,0.2481276988983154,0.0124590396881103,0,1,0,0,1,0,0,0,0,0,0,0,0,0,0,1,0,0,0,0,0,0,1,0,0,0
socmob_934,4,0.9567099567099568,0.2377395629882812,0.0124790668487548,1,0,0,0,1,0,0,0,0,0,0,0,0,0,0,1,0,0,0,0,0,0,1,0,0,0
socmob_934,3,0.9567099567099568,0.764838457107544,0.0087547302246093,0,1,0,1,0,0,0,0,0,0,0,0,1,0,0,0,0,0,0,0,0,0,0,0,1,0
socmob_934,2,0.9567099567099568,0.3289811611175537,0.008519172668457,0,1,0,1,0,0,0,0,0,0,0,0,0,1,0,0,0,0,0,0,1,0,0,0,0,0
socmob_934,0,0.9525862068965516,0.2034657001495361,0.0119123458862304,0,1,0,1,0,0,0,0,0,0,0,0,0,0,0,1,0,0,0,0,0,1,0,0,0,0
socmob_934,0,0.9525862068965516,0.2158553600311279,0.0127010345458984,1,0,0,1,0,0,0,0,0,0,0,0,0,0,0,1,0,0,0,0,0,1,0,0,0,0
socmob_934,0,0.9525862068965516,0.1238384246826171,0.0085036754608154,0,1,0,0,1,0,0,0,0,0,0,0,0,0,1,0,0,0,0,0,0,0,1,0,0,0
socmob_934,0,0.9525862068965516,0.1258366107940673,0.0084400177001953,1,0,0,0,1,0,0,0,0,0,0,0,0,0,1,0,0,0,0,0,0,0,1,0,0,0
servo_747,2,1.0,0.0896072387695312,0.0062823295593261,0,1,0,0,1,0,0,0,0,1,0,0,0,0,0,0,0,0,0,0,0,0,0,1,0,0
servo_747,1,1.0,0.0628778934478759,0.0056240558624267,1,0,0,1,0,0,0,0,0,0,0,1,0,0,0,0,0,0,0,0,1,0,0,0,0,0
servo_747,1,1.0,0.0705788135528564,0.0059685707092285,0,1,0,0,1,0,1,0,0,0,0,0,0,0,0,0,0,0,0,0,0,0,0,1,0,0
servo_747,1,1.0,0.0639786720275878,0.0056657791137695,1,0,0,1,0,0,0,0,0,0,1,0,0,0,0,0,0,0,0,0,1,0,0,0,0,0
servo_747,2,1.0,0.0732977390289306,0.006317138671875,0,1,0,0,1,0,0,0,0,0,0,0,0,1,0,0,0,0,0,0,0,0,0,1,0,0
servo_747,1,1.0,0.0706593990325927,0.0063562393188476,0,1,0,0,1,0,0,0,0,0,0,1,0,0,0,0,0,0,0,0,0,0,0,1,0,0
servo_747,2,1.0,0.0897445678710937,0.007009744644165,0,1,0,0,1,0,0,0,0,1,0,0,0,0,0,0,0,0,0,0,0,0,1,0,0,0
servo_747,1,1.0,0.0861566066741943,0.0064094066619873,0,1,0,0,1,0,0,0,0,1,0,0,0,0,0,0,0,0,0,0,0,0,0,0,1,0
servo_747,1,1.0,0.0743162631988525,0.0064210891723632,0,1,0,0,1,0,0,0,0,0,0,1,0,0,0,0,0,0,0,0,0,0,1,0,0,0
servo_747,1,1.0,0.0726959705352783,0.0062618255615234,0,1,0,0,1,0,1,0,0,0,0,0,0,0,0,0,0,0,0,0,0,0,1,0,0,0
servo_747,2,1.0,0.0768401622772216,0.0067934989929199,0,1,0,0,1,0,0,0,0,0,0,0,0,1,0,0,0,0,0,0,0,0,1,0,0,0
servo_747,2,1.0,0.1627092361450195,0.0065128803253173,0,1,0,0,1,0,0,0,0,0,0,0,1,0,0,0,0,0,0,0,0,0,1,0,0,0
servo_747,2,1.0,0.0676095485687255,0.0060110092163085,0,1,0,0,1,0,0,1,0,0,0,0,0,0,0,0,0,0,0,0,0,0,1,0,0,0
servo_747,1,1.0,0.0693202018737793,0.0061028003692626,0,1,0,0,1,0,0,1,0,0,0,0,0,0,0,0,0,0,0,0,0,0,1,0,0,0
servo_747,1,1.0,0.1296439170837402,0.006030797958374,0,1,0,0,1,0,0,0,0,0,0,0,0,0,0,0,1,0,0,0,0,0,0,0,1,0
servo_747,2,1.0,0.1481382846832275,0.0060420036315917,0,1,0,0,1,0,0,0,0,0,0,0,1,0,0,0,0,0,0,0,0,0,0,0,1,0
servo_747,4,1.0,0.1489107608795166,0.0061531066894531,0,1,0,0,1,0,0,0,0,0,0,0,1,0,0,0,0,0,0,0,0,0,0,0,1,0
servo_747,2,1.0,0.0842761993408203,0.0064566135406494,0,1,0,0,1,0,0,0,0,1,0,0,0,0,0,0,0,0,0,0,0,0,0,0,1,0
servo_747,1,1.0,0.0669190883636474,0.0059711933135986,0,1,0,0,1,0,0,0,0,0,0,1,0,0,0,0,0,0,0,1,0,0,0,0,0,0
servo_747,2,1.0,0.07206392288208,0.0060596466064453,0,1,0,0,1,0,0,0,0,0,0,0,0,1,0,0,0,0,0,0,0,0,0,0,0,1
KnuggetChase3_1448,4,0.9736842105263158,0.0980856418609619,0.0072600841522216,0,1,0,1,0,0,1,0,0,0,0,0,0,0,0,0,0,0,0,0,0,0,0,0,0,1
KnuggetChase3_1448,4,0.9736842105263158,0.099980354309082,0.0073847770690917,0,1,1,0,0,0,1,0,0,0,0,0,0,0,0,0,0,0,0,0,0,0,0,0,0,1
KnuggetChase3_1448,4,0.9736842105263158,0.0998671054840087,0.0072073936462402,1,0,0,1,0,0,1,0,0,0,0,0,0,0,0,0,0,0,0,0,0,0,0,0,0,1
KnuggetChase3_1448,4,0.9736842105263158,0.0955245494842529,0.0071194171905517,1,0,1,0,0,0,1,0,0,0,0,0,0,0,0,0,0,0,0,0,0,0,0,0,0,1
KnuggetChase3_1448,4,0.9736842105263158,0.0984649658203125,0.0072247982025146,1,0,0,0,1,0,1,0,0,0,0,0,0,0,0,0,0,0,0,0,0,0,0,0,0,1
KnuggetChase3_1448,4,0.9736842105263158,0.0994396209716796,0.007408857345581,0,1,0,0,1,0,1,0,0,0,0,0,0,0,0,0,0,0,0,0,0,0,0,0,0,1
KnuggetChase3_1448,4,0.9473684210526316,0.0686290264129638,0.0072400569915771,0,1,0,0,1,1,0,0,0,0,0,0,0,0,0,0,0,0,0,0,0,0,0,0,0,1
KnuggetChase3_1448,4,0.9473684210526316,0.0689022541046142,0.0073440074920654,1,0,0,0,1,1,0,0,0,0,0,0,0,0,0,0,0,0,0,1,0,0,0,0,0,0
KnuggetChase3_1448,4,0.9473684210526316,0.0717000961303711,0.0072765350341796,0,1,0,1,0,1,0,0,0,0,0,0,0,0,0,0,0,0,0,1,0,0,0,0,0,0
KnuggetChase3_1448,4,0.9473684210526316,0.065178632736206,0.0069334506988525,0,1,0,0,1,1,0,0,0,0,0,0,0,0,0,0,0,0,0,1,0,0,0,0,0,0
KnuggetChase3_1448,4,0.9473684210526316,0.0682458877563476,0.0071911811828613,0,1,1,0,0,1,0,0,0,0,0,0,0,0,0,0,0,0,0,1,0,0,0,0,0,0
KnuggetChase3_1448,4,0.9473684210526316,0.0691444873809814,0.0073487758636474,0,1,0,0,1,1,0,0,0,0,0,0,0,0,0,0,0,0,0,0,1,0,0,0,0,0
KnuggetChase3_1448,4,0.9473684210526316,0.0690021514892578,0.007230520248413,1,0,0,1,0,1,0,0,0,0,0,0,0,0,0,0,0,0,0,0,0,0,0,0,0,1
KnuggetChase3_1448,4,0.9473684210526316,0.0698378086090087,0.0073122978210449,1,0,1,0,0,1,0,0,0,0,0,0,0,0,0,0,0,0,0,0,0,0,0,0,1,0
KnuggetChase3_1448,4,0.9473684210526316,0.0658409595489502,0.0070264339447021,1,0,0,1,0,1,0,0,0,0,0,0,0,0,0,0,0,0,0,0,0,0,0,0,1,0
KnuggetChase3_1448,4,0.9473684210526316,0.0727951526641845,0.0076613426208496,0,1,1,0,0,1,0,0,0,0,0,0,0,0,0,0,0,0,0,0,1,0,0,0,0,0
KnuggetChase3_1448,4,0.9473684210526316,0.0697081089019775,0.0073843002319335,1,0,0,0,1,1,0,0,0,0,0,0,0,0,0,0,0,0,0,0,1,0,0,0,0,0
KnuggetChase3_1448,4,0.9473684210526316,0.0692474842071533,0.0073096752166748,1,0,0,0,1,1,0,0,0,0,0,0,0,0,0,0,0,0,0,0,0,0,0,0,1,0
KnuggetChase3_1448,4,0.9473684210526316,0.0658559799194336,0.0068709850311279,0,1,1,0,0,1,0,0,0,0,0,0,0,0,0,0,0,0,0,0,0,0,0,0,0,1
KnuggetChase3_1448,4,0.9473684210526316,0.0706260204315185,0.007352590560913,0,1,0,0,1,1,0,0,0,0,0,0,0,0,0,0,0,0,0,0,0,0,0,0,1,0
analcatdata_wildcat_748,1,0.9090909090909092,0.061922550201416,0.0055859088897705,1,0,0,0,1,0,0,0,0,0,1,0,0,0,0,0,0,0,0,1,0,0,0,0,0,0
analcatdata_wildcat_748,1,0.9090909090909092,0.0611157417297363,0.0056262016296386,0,1,0,1,0,0,0,0,0,0,1,0,0,0,0,0,0,0,0,1,0,0,0,0,0,0
analcatdata_wildcat_748,1,0.9090909090909092,0.0626351833343505,0.0055656433105468,1,0,0,1,0,0,0,0,0,0,1,0,0,0,0,0,0,0,0,1,0,0,0,0,0,0
analcatdata_wildcat_748,1,0.9090909090909092,0.0639047622680664,0.0057735443115234,0,1,0,0,1,0,0,0,0,0,1,0,0,0,0,0,0,0,0,1,0,0,0,0,0,0
analcatdata_wildcat_748,1,0.9090909090909092,0.061936616897583,0.0055804252624511,1,0,1,0,0,0,0,0,0,0,1,0,0,0,0,0,0,0,0,1,0,0,0,0,0,0
analcatdata_wildcat_748,1,0.9090909090909092,0.0614199638366699,0.0055115222930908,0,1,1,0,0,0,0,0,0,0,1,0,0,0,0,0,0,0,0,1,0,0,0,0,0,0
analcatdata_wildcat_748,3,0.90625,0.1190733909606933,0.0056488513946533,1,0,0,0,1,0,0,0,0,0,0,0,0,0,0,0,1,0,0,1,0,0,0,0,0,0
analcatdata_wildcat_748,3,0.90625,0.1226923465728759,0.0058596134185791,0,1,0,1,0,0,0,0,0,0,0,0,0,0,0,0,1,0,0,1,0,0,0,0,0,0
analcatdata_wildcat_748,3,0.90625,0.0645143985748291,0.0056276321411132,0,1,1,0,0,0,0,0,0,0,0,0,0,1,0,0,0,0,0,0,0,0,0,1,0,0
analcatdata_wildcat_748,3,0.90625,0.1194937229156494,0.0057082176208496,0,1,1,0,0,0,0,0,0,0,0,0,0,0,0,0,1,0,0,1,0,0,0,0,0,0
analcatdata_wildcat_748,3,0.90625,0.0916602611541748,0.0060839653015136,0,1,1,0,0,0,0,0,0,1,0,0,0,0,0,0,0,0,0,0,0,0,0,1,0,0
analcatdata_wildcat_748,3,0.90625,0.0786077976226806,0.0060780048370361,1,0,0,0,1,0,0,0,0,1,0,0,0,0,0,0,0,0,0,0,0,0,0,1,0,0
analcatdata_wildcat_748,3,0.90625,0.1231863498687744,0.006080150604248,1,0,0,1,0,0,0,0,0,0,0,0,0,0,0,0,1,0,0,1,0,0,0,0,0,0
analcatdata_wildcat_748,3,0.90625,0.0682072639465332,0.0061292648315429,1,0,1,0,0,0,0,0,0,0,0,0,0,1,0,0,0,0,0,0,0,0,0,1,0,0
analcatdata_wildcat_748,3,0.90625,0.0639791488647461,0.005683422088623,1,0,0,1,0,0,0,0,0,0,0,0,0,1,0,0,0,0,0,0,0,0,0,1,0,0
analcatdata_wildcat_748,3,0.90625,0.0802667140960693,0.0060319900512695,1,0,0,1,0,0,0,0,0,1,0,0,0,0,0,0,0,0,0,0,0,0,0,1,0,0
analcatdata_wildcat_748,3,0.90625,0.0863871574401855,0.0063185691833496,0,1,0,0,1,0,0,0,0,1,0,0,0,0,0,0,0,0,0,0,0,0,0,1,0,0
analcatdata_wildcat_748,3,0.90625,0.0640630722045898,0.0056493282318115,1,0,0,0,1,0,0,0,0,0,0,0,0,1,0,0,0,0,0,0,0,0,0,1,0,0
analcatdata_wildcat_748,3,0.90625,0.0825171470642089,0.0062429904937744,1,0,1,0,0,0,0,0,0,1,0,0,0,0,0,0,0,0,0,0,0,0,0,1,0,0
analcatdata_wildcat_748,3,0.90625,0.0658628940582275,0.0056514739990234,0,1,0,1,0,0,0,0,0,0,0,0,0,1,0,0,0,0,0,0,0,0,0,1,0,0
qualitative-bankruptcy_1495,3,1.0,0.1016685962677002,0.0082941055297851,0,1,0,0,1,0,0,0,0,1,0,0,0,0,0,0,0,0,0,0,0,0,0,1,0,0
qualitative-bankruptcy_1495,0,1.0,0.0579800605773925,0.0063886642456054,1,0,1,0,0,0,0,0,0,0,0,1,0,0,0,0,0,0,0,0,1,0,0,0,0,0
qualitative-bankruptcy_1495,1,1.0,0.0573620796203613,0.0061569213867187,1,0,1,0,0,0,0,0,0,0,0,1,0,0,0,0,0,0,0,0,1,0,0,0,0,0
qualitative-bankruptcy_1495,2,1.0,0.0580396652221679,0.0066421031951904,1,0,1,0,0,0,0,0,0,0,0,1,0,0,0,0,0,0,0,0,1,0,0,0,0,0
qualitative-bankruptcy_1495,2,1.0,0.0856680870056152,0.0071866512298583,0,1,0,0,1,0,0,0,0,1,0,0,0,0,0,0,0,0,0,0,0,0,0,1,0,0
qualitative-bankruptcy_1495,4,1.0,0.0572469234466552,0.0062558650970458,1,0,1,0,0,0,0,0,0,0,0,1,0,0,0,0,0,0,0,0,1,0,0,0,0,0
qualitative-bankruptcy_1495,0,1.0,0.0595443248748779,0.0055046081542968,1,0,1,0,0,0,0,0,0,0,0,0,0,1,0,0,0,0,0,0,1,0,0,0,0,0
qualitative-bankruptcy_1495,1,1.0,0.1001315116882324,0.0066056251525878,0,1,0,0,1,0,0,0,0,1,0,0,0,0,0,0,0,0,0,0,0,0,0,1,0,0
qualitative-bankruptcy_1495,2,1.0,0.0750255584716796,0.0055353641510009,1,0,1,0,0,0,0,0,0,0,0,0,0,1,0,0,0,0,0,0,1,0,0,0,0,0
qualitative-bankruptcy_1495,3,1.0,0.061053991317749,0.0056259632110595,1,0,1,0,0,0,0,0,0,0,0,0,0,1,0,0,0,0,0,0,1,0,0,0,0,0
qualitative-bankruptcy_1495,0,1.0,0.0790607929229736,0.0061542987823486,0,1,0,0,1,0,0,0,0,1,0,0,0,0,0,0,0,0,0,0,0,0,0,1,0,0
qualitative-bankruptcy_1495,0,1.0,0.0603392124176025,0.0053834915161132,1,0,1,0,0,0,1,0,0,0,0,0,0,0,0,0,0,0,0,0,1,0,0,0,0,0
qualitative-bankruptcy_1495,1,1.0,0.0598707199096679,0.0054936408996582,1,0,1,0,0,0,1,0,0,0,0,0,0,0,0,0,0,0,0,0,1,0,0,0,0,0
qualitative-bankruptcy_1495,2,1.0,0.0596568584442138,0.0059936046600341,1,0,1,0,0,0,1,0,0,0,0,0,0,0,0,0,0,0,0,0,1,0,0,0,0,0
qualitative-bankruptcy_1495,3,1.0,0.0774867534637451,0.005859375,0,1,0,0,1,0,0,0,0,0,1,0,0,0,0,0,0,0,0,0,0,0,0,1,0,0
qualitative-bankruptcy_1495,4,1.0,0.0602281093597412,0.0054757595062255,1,0,1,0,0,0,1,0,0,0,0,0,0,0,0,0,0,0,0,0,1,0,0,0,0,0
qualitative-bankruptcy_1495,0,1.0,0.064554214477539,0.0056836605072021,0,1,0,0,1,0,0,0,0,0,1,0,0,0,0,0,0,0,0,0,0,0,0,1,0,0
qualitative-bankruptcy_1495,0,1.0,0.0596835613250732,0.0056054592132568,0,1,0,0,1,0,0,0,0,0,0,0,0,0,0,0,0,1,0,0,0,0,0,1,0,0
qualitative-bankruptcy_1495,1,1.0,0.0601007938385009,0.0056467056274414,0,1,0,0,1,0,0,0,0,0,0,0,0,0,0,0,0,1,0,0,0,0,0,1,0,0
qualitative-bankruptcy_1495,3,1.0,0.0591535568237304,0.0056378841400146,0,1,0,0,1,0,0,0,0,0,0,0,0,0,0,0,0,1,0,0,0,0,0,1,0,0
wilt_40983,4,0.9906928645294726,0.2148280143737793,0.0079967975616455,1,0,1,0,0,0,0,0,0,0,0,0,0,1,0,0,0,0,0,0,1,0,0,0,0,0
wilt_40983,4,0.9906928645294726,0.2050082683563232,0.0076799392700195,0,1,0,1,0,0,0,0,0,0,0,0,0,1,0,0,0,0,0,0,1,0,0,0,0,0
wilt_40983,4,0.9906928645294726,0.2224304676055908,0.0077769756317138,0,1,1,0,0,0,0,0,0,0,0,0,0,1,0,0,0,0,0,0,1,0,0,0,0,0
wilt_40983,4,0.9906928645294726,0.2226450443267822,0.0076017379760742,1,0,0,1,0,0,0,0,0,1,0,0,0,0,0,0,0,0,0,0,1,0,0,0,0,0
wilt_40983,4,0.9906928645294726,0.2226290702819824,0.0079383850097656,1,0,0,0,1,0,0,0,0,1,0,0,0,0,0,0,0,0,0,0,1,0,0,0,0,0
wilt_40983,4,0.9906928645294726,0.2275474071502685,0.0079181194305419,0,1,1,0,0,0,0,0,0,1,0,0,0,0,0,0,0,0,0,0,1,0,0,0,0,0
wilt_40983,4,0.9906928645294726,0.2497386932373047,0.0083527565002441,1,0,1,0,0,0,0,0,0,1,0,0,0,0,0,0,0,0,0,0,1,0,0,0,0,0
wilt_40983,4,0.9906928645294726,0.2055895328521728,0.007617712020874,0,1,0,0,1,0,0,0,0,0,0,0,0,1,0,0,0,0,0,0,1,0,0,0,0,0
wilt_40983,4,0.9906928645294726,0.2002193927764892,0.0075364112854003,1,0,0,0,1,0,0,0,0,0,0,0,0,1,0,0,0,0,0,0,1,0,0,0,0,0
wilt_40983,4,0.9906928645294726,0.2179031372070312,0.0079007148742675,1,0,0,1,0,0,0,0,0,0,0,0,0,1,0,0,0,0,0,0,1,0,0,0,0,0
wilt_40983,4,0.9906928645294726,0.2332015037536621,0.008096694946289,0,1,0,1,0,0,0,0,0,1,0,0,0,0,0,0,0,0,0,0,1,0,0,0,0,0
wilt_40983,4,0.9906928645294726,0.2236940860748291,0.007692813873291,0,1,0,0,1,0,0,0,0,1,0,0,0,0,0,0,0,0,0,0,1,0,0,0,0,0
wilt_40983,4,0.9896587383660806,0.2218332290649414,0.0078685283660888,0,1,0,0,1,0,1,0,0,0,0,0,0,0,0,0,0,0,0,1,0,0,0,0,0,0
wilt_40983,4,0.9896587383660806,0.2251777648925781,0.0079209804534912,0,1,0,1,0,0,1,0,0,0,0,0,0,0,0,0,0,0,0,1,0,0,0,0,0,0
wilt_40983,4,0.9896587383660806,0.2306852340698242,0.0078880786895751,1,0,0,0,1,0,1,0,0,0,0,0,0,0,0,0,0,0,0,1,0,0,0,0,0,0
wilt_40983,4,0.9896587383660806,0.2276761531829834,0.0079469680786132,0,1,1,0,0,0,1,0,0,0,0,0,0,0,0,0,0,0,0,1,0,0,0,0,0,0
wilt_40983,4,0.9896587383660806,0.2163739204406738,0.0074830055236816,1,0,1,0,0,0,1,0,0,0,0,0,0,0,0,0,0,0,0,1,0,0,0,0,0,0
wilt_40983,4,0.9896587383660806,0.2597060203552246,0.0082368850708007,1,0,0,1,0,0,1,0,0,0,0,0,0,0,0,0,0,0,0,1,0,0,0,0,0,0
wilt_40983,2,0.9886363636363636,0.2420029640197754,0.008223533630371,0,1,0,0,1,0,1,0,0,0,0,0,0,0,0,0,0,0,0,0,0,0,1,0,0,0
wilt_40983,2,0.9886363636363636,0.5345432758331299,0.020369529724121,0,1,0,1,0,0,0,0,0,0,0,0,0,0,0,1,0,0,0,0,0,0,1,0,0,0
boston_853,0,0.931372549019608,0.319460391998291,0.0067842006683349,1,0,1,0,0,0,0,0,0,0,0,0,1,0,0,0,0,0,0,1,0,0,0,0,0,0
boston_853,0,0.931372549019608,0.0989055633544921,0.0060725212097167,0,1,0,1,0,0,0,0,0,0,0,0,0,1,0,0,0,0,0,0,0,1,0,0,0,0
boston_853,0,0.931372549019608,0.119030475616455,0.0063514709472656,0,1,0,0,1,0,0,0,0,1,0,0,0,0,0,0,0,0,0,0,0,1,0,0,0,0
boston_853,0,0.931372549019608,0.1337189674377441,0.0064992904663085,0,1,1,0,0,0,0,0,0,1,0,0,0,0,0,0,0,0,0,0,0,1,0,0,0,0
boston_853,0,0.931372549019608,0.1024761199951171,0.0063045024871826,0,1,1,0,0,0,0,0,0,0,0,0,0,1,0,0,0,0,0,0,0,1,0,0,0,0
boston_853,0,0.931372549019608,0.1226470470428466,0.0063481330871582,0,1,0,1,0,0,0,0,0,1,0,0,0,0,0,0,0,0,0,0,0,1,0,0,0,0
boston_853,0,0.931372549019608,0.3174288272857666,0.0067195892333984,1,0,0,1,0,0,0,0,0,0,0,0,1,0,0,0,0,0,0,1,0,0,0,0,0,0
boston_853,0,0.931372549019608,0.1049425601959228,0.0061967372894287,1,0,0,1,0,0,0,0,0,0,0,0,0,1,0,0,0,0,0,0,0,1,0,0,0,0
boston_853,0,0.931372549019608,0.3083062171936035,0.0064318180084228,0,1,1,0,0,0,0,0,0,0,0,0,1,0,0,0,0,0,0,1,0,0,0,0,0,0
boston_853,0,0.931372549019608,0.1014719009399414,0.0062885284423828,1,0,1,0,0,0,0,0,0,0,0,0,0,1,0,0,0,0,0,0,0,1,0,0,0,0
boston_853,0,0.931372549019608,0.3105874061584472,0.0064318180084228,1,0,0,0,1,0,0,0,0,0,0,0,1,0,0,0,0,0,0,1,0,0,0,0,0,0
boston_853,0,0.931372549019608,0.1509444713592529,0.0065293312072753,1,0,0,1,0,0,0,0,0,1,0,0,0,0,0,0,0,0,0,0,0,1,0,0,0,0
boston_853,0,0.931372549019608,0.307262659072876,0.0067479610443115,0,1,0,0,1,0,0,0,0,0,0,0,1,0,0,0,0,0,0,1,0,0,0,0,0,0
boston_853,0,0.931372549019608,0.3218252658843994,0.0067605972290039,0,1,0,1,0,0,0,0,0,0,0,0,1,0,0,0,0,0,0,1,0,0,0,0,0,0
boston_853,0,0.931372549019608,0.1218495368957519,0.0065035820007324,1,0,1,0,0,0,0,0,0,1,0,0,0,0,0,0,0,0,0,0,0,1,0,0,0,0
boston_853,0,0.931372549019608,0.1030163764953613,0.0059669017791748,1,0,0,0,1,0,0,0,0,0,0,0,0,1,0,0,0,0,0,0,0,1,0,0,0,0
boston_853,0,0.931372549019608,0.1013662815093994,0.0061838626861572,0,1,0,0,1,0,0,0,0,0,0,0,0,1,0,0,0,0,0,0,0,1,0,0,0,0
boston_853,0,0.931372549019608,0.1234261989593505,0.0062344074249267,1,0,0,0,1,0,0,0,0,1,0,0,0,0,0,0,0,0,0,0,0,1,0,0,0,0
boston_853,0,0.9215686274509804,0.2177708148956298,0.0062596797943115,0,1,1,0,0,0,0,0,0,0,0,0,0,0,1,0,0,0,0,0,1,0,0,0,0,0
boston_853,0,0.9215686274509804,0.0900735855102539,0.0062603950500488,0,1,0,1,0,0,0,0,0,0,0,1,0,0,0,0,0,0,0,0,0,0,1,0,0,0
seeds_1499,4,0.9761904761904762,0.0655195713043212,0.0060782432556152,0,1,0,1,0,1,0,0,0,0,0,0,0,0,0,0,0,0,0,0,1,0,0,0,0,0
seeds_1499,4,0.9761904761904762,0.0655622482299804,0.0059568881988525,0,1,0,1,0,1,0,0,0,0,0,0,0,0,0,0,0,0,0,0,0,0,0,0,0,1
seeds_1499,4,0.9761904761904762,0.0658812522888183,0.0059518814086914,0,1,0,1,0,1,0,0,0,0,0,0,0,0,0,0,0,0,0,1,0,0,0,0,0,0
seeds_1499,4,0.9761904761904762,0.0800478458404541,0.0078451633453369,1,0,0,0,1,1,0,0,0,0,0,0,0,0,0,0,0,0,0,1,0,0,0,0,0,0
seeds_1499,4,0.9761904761904762,0.0619919300079345,0.0057778358459472,1,0,0,1,0,1,0,0,0,0,0,0,0,0,0,0,0,0,0,0,0,0,0,0,1,0
seeds_1499,4,0.9761904761904762,0.0656313896179199,0.0060138702392578,1,0,0,0,1,1,0,0,0,0,0,0,0,0,0,0,0,0,0,0,0,0,0,0,0,1
seeds_1499,1,0.9761904761904762,0.0712442398071289,0.0059995651245117,1,0,0,0,1,0,1,0,0,0,0,0,0,0,0,0,0,0,0,1,0,0,0,0,0,0
seeds_1499,4,0.9761904761904762,0.0891661643981933,0.0057461261749267,0,1,0,1,0,0,0,0,0,0,0,0,0,0,1,0,0,0,0,0,0,0,0,0,1,0
seeds_1499,4,0.9761904761904762,0.0626027584075927,0.0056633949279785,0,1,0,0,1,1,0,0,0,0,0,0,0,0,0,0,0,0,0,0,0,0,0,0,1,0
seeds_1499,4,0.9761904761904762,0.0643503665924072,0.005850076675415,1,0,0,0,1,1,0,0,0,0,0,0,0,0,0,0,0,0,0,0,0,0,0,0,1,0
seeds_1499,4,0.9761904761904762,0.0651342868804931,0.0059504508972167,0,1,0,0,1,1,0,0,0,0,0,0,0,0,0,0,0,0,0,1,0,0,0,0,0,0
seeds_1499,3,0.9761904761904762,0.1508843898773193,0.0059454441070556,0,1,1,0,0,0,0,0,0,0,0,0,0,0,0,0,1,0,0,0,0,1,0,0,0,0
seeds_1499,3,0.9761904761904762,0.1485178470611572,0.0058252811431884,0,1,0,1,0,0,0,0,0,0,0,0,0,0,0,0,1,0,0,0,0,1,0,0,0,0
seeds_1499,4,0.9761904761904762,0.08799409866333,0.0058531761169433,1,0,0,1,0,0,0,0,0,0,0,0,0,0,1,0,0,0,0,0,0,0,0,0,1,0
seeds_1499,1,0.9761904761904762,0.0692927837371826,0.0058619976043701,1,0,1,0,0,0,1,0,0,0,0,0,0,0,0,0,0,0,0,1,0,0,0,0,0,0
seeds_1499,4,0.9761904761904762,0.0920939445495605,0.005960464477539,1,0,0,0,1,0,0,0,0,0,0,0,0,0,1,0,0,0,0,0,0,0,0,0,1,0
seeds_1499,1,0.9761904761904762,0.072636604309082,0.0061964988708496,0,1,0,0,1,0,1,0,0,0,0,0,0,0,0,0,0,0,0,1,0,0,0,0,0,0
seeds_1499,4,0.9761904761904762,0.0634496212005615,0.0059039592742919,0,1,0,1,0,1,0,0,0,0,0,0,0,0,0,0,0,0,0,0,0,0,0,0,1,0
seeds_1499,4,0.9761904761904762,0.0634300708770752,0.0057904720306396,1,0,1,0,0,1,0,0,0,0,0,0,0,0,0,0,0,0,0,0,0,0,0,0,0,1
seeds_1499,4,0.9761904761904762,0.1032431125640869,0.0063905715942382,0,1,0,0,1,0,0,0,0,0,0,0,0,0,1,0,0,0,0,0,0,0,0,0,1,0
analcatdata_gsssexsurvey_852,1,0.90625,0.0624938011169433,0.0056972503662109,0,1,0,0,1,0,0,0,0,0,1,0,0,0,0,0,0,0,0,0,1,0,0,0,0,0
analcatdata_gsssexsurvey_852,1,0.90625,0.0639407634735107,0.0057709217071533,0,1,1,0,0,0,0,0,0,0,1,0,0,0,0,0,0,0,0,0,1,0,0,0,0,0
analcatdata_gsssexsurvey_852,1,0.90625,0.0631296634674072,0.0057213306427001,0,1,0,1,0,0,0,0,0,0,1,0,0,0,0,0,0,0,0,0,1,0,0,0,0,0
analcatdata_gsssexsurvey_852,1,0.875,0.064035415649414,0.0059788227081298,0,1,1,0,0,0,0,0,0,0,0,1,0,0,0,0,0,0,0,0,0,0,0,0,0,1
analcatdata_gsssexsurvey_852,1,0.875,0.0650134086608886,0.0067782402038574,0,1,0,1,0,0,0,0,0,0,0,1,0,0,0,0,0,0,0,0,1,0,0,0,0,0
analcatdata_gsssexsurvey_852,3,0.875,0.0691940784454345,0.0058550834655761,0,1,1,0,0,0,0,1,0,0,0,0,0,0,0,0,0,0,0,0,0,0,0,1,0,0
analcatdata_gsssexsurvey_852,1,0.875,0.0683562755584716,0.0067307949066162,0,1,0,1,0,0,0,0,0,0,0,1,0,0,0,0,0,0,0,0,0,0,1,0,0,0
analcatdata_gsssexsurvey_852,1,0.875,0.0592918395996093,0.005500316619873,0,1,0,1,0,0,0,0,0,0,0,1,0,0,0,0,0,0,0,0,0,0,0,1,0,0
analcatdata_gsssexsurvey_852,1,0.875,0.0637702941894531,0.0059318542480468,0,1,1,0,0,0,0,0,0,0,0,1,0,0,0,0,0,0,0,0,0,0,1,0,0,0
analcatdata_gsssexsurvey_852,1,0.875,0.0648210048675537,0.0058975219726562,0,1,0,1,0,0,0,0,0,0,0,1,0,0,0,0,0,0,0,0,0,0,0,0,0,1
analcatdata_gsssexsurvey_852,1,0.875,0.0653779506683349,0.0060875415802001,0,1,0,0,1,0,0,0,0,0,0,1,0,0,0,0,0,0,0,0,0,0,0,1,0,0
analcatdata_gsssexsurvey_852,1,0.875,0.064723253250122,0.0059802532196044,0,1,0,0,1,0,0,0,0,0,0,1,0,0,0,0,0,0,0,0,0,0,1,0,0,0
analcatdata_gsssexsurvey_852,1,0.875,0.0651829242706298,0.0058579444885253,0,1,0,0,1,0,0,0,0,0,0,1,0,0,0,0,0,0,0,0,0,0,0,0,1,0
analcatdata_gsssexsurvey_852,1,0.875,0.0654046535491943,0.0058968067169189,0,1,0,1,0,0,0,0,0,0,0,1,0,0,0,0,0,0,0,0,0,0,0,0,1,0
analcatdata_gsssexsurvey_852,3,0.875,0.0631904602050781,0.0058341026306152,0,1,0,0,1,0,0,1,0,0,0,0,0,0,0,0,0,0,0,0,0,0,0,1,0,0
analcatdata_gsssexsurvey_852,3,0.875,0.0649020671844482,0.0059926509857177,0,1,0,1,0,0,0,1,0,0,0,0,0,0,0,0,0,0,0,0,0,0,0,1,0,0
analcatdata_gsssexsurvey_852,1,0.875,0.0641620159149169,0.0065705776214599,0,1,1,0,0,0,0,0,0,0,0,1,0,0,0,0,0,0,0,0,1,0,0,0,0,0
analcatdata_gsssexsurvey_852,1,0.875,0.0737960338592529,0.0070302486419677,0,1,0,0,1,0,0,0,0,0,0,1,0,0,0,0,0,0,0,0,1,0,0,0,0,0
analcatdata_gsssexsurvey_852,1,0.875,0.0645899772644043,0.0059583187103271,0,1,1,0,0,0,0,0,0,0,0,1,0,0,0,0,0,0,0,1,0,0,0,0,0,0
analcatdata_gsssexsurvey_852,1,0.875,0.0606412887573242,0.0056064128875732,0,1,0,1,0,0,0,0,0,0,0,1,0,0,0,0,0,0,0,1,0,0,0,0,0,0
autoUniv-au7-500_1554,1,0.52,0.0751514434814453,0.0062742233276367,0,1,0,0,1,0,0,0,0,0,0,0,0,0,0,0,0,1,0,0,0,0,0,0,1,0
autoUniv-au7-500_1554,1,0.52,0.0799837112426757,0.0066323280334472,1,0,0,0,1,0,0,0,0,0,0,0,0,0,0,0,0,1,0,0,1,0,0,0,0,0
autoUniv-au7-500_1554,1,0.52,0.078212022781372,0.00655198097229,1,0,0,0,1,0,0,0,0,0,0,0,0,0,0,0,0,1,0,0,0,0,0,1,0,0
autoUniv-au7-500_1554,1,0.52,0.0852820873260498,0.0062932968139648,0,1,0,0,1,0,0,1,0,0,0,0,0,0,0,0,0,0,0,0,0,0,0,0,0,1
autoUniv-au7-500_1554,0,0.52,0.2448601722717285,0.0070929527282714,0,1,0,1,0,0,0,0,0,0,0,0,0,0,1,0,0,0,0,0,0,0,1,0,0,0
autoUniv-au7-500_1554,1,0.52,0.0752344131469726,0.006300926208496,1,0,0,0,1,0,0,0,0,0,0,0,0,0,0,0,0,1,0,0,0,0,1,0,0,0
autoUniv-au7-500_1554,1,0.52,0.0748734474182128,0.006227970123291,0,1,0,0,1,0,0,0,0,0,0,0,0,0,0,0,0,1,0,0,0,0,0,1,0,0
autoUniv-au7-500_1554,1,0.52,0.0745773315429687,0.0061879158020019,0,1,0,0,1,0,0,0,0,0,0,0,0,0,0,0,0,1,0,0,0,0,0,0,0,1
autoUniv-au7-500_1554,1,0.52,0.0791511535644531,0.0064449310302734,0,1,0,0,1,0,0,0,0,0,0,0,0,0,0,0,0,1,0,0,0,0,1,0,0,0
autoUniv-au7-500_1554,1,0.52,0.0783774852752685,0.0066871643066406,0,1,0,0,1,0,0,0,0,0,0,0,0,0,0,0,0,1,0,0,1,0,0,0,0,0
autoUniv-au7-500_1554,1,0.52,0.0768072605133056,0.0062847137451171,1,0,0,0,1,0,0,0,0,0,0,0,0,0,0,0,0,1,0,0,0,0,0,0,1,0
autoUniv-au7-500_1554,0,0.52,0.2820477485656738,0.007761001586914,1,0,0,1,0,0,0,0,0,0,0,0,0,0,1,0,0,0,0,0,0,0,1,0,0,0
autoUniv-au7-500_1554,1,0.52,0.0793497562408447,0.0065138339996337,1,0,0,0,1,0,0,1,0,0,0,0,0,0,0,0,0,0,0,0,0,0,0,0,0,1
autoUniv-au7-500_1554,1,0.52,0.0809347629547119,0.0063340663909912,0,1,0,0,1,0,0,0,0,0,0,0,0,0,0,0,0,1,0,1,0,0,0,0,0,0
autoUniv-au7-500_1554,1,0.52,0.0748577117919921,0.0062930583953857,1,0,0,0,1,0,0,0,0,0,0,0,0,0,0,0,0,1,0,1,0,0,0,0,0,0
autoUniv-au7-500_1554,1,0.52,0.0753066539764404,0.0063259601593017,1,0,0,0,1,0,0,0,0,0,0,0,0,0,0,0,0,1,0,0,0,0,0,0,0,1
autoUniv-au7-500_1554,1,0.51,0.2123184204101562,0.006962776184082,1,0,0,1,0,0,0,0,0,0,0,0,0,0,1,0,0,0,0,0,0,1,0,0,0,0
autoUniv-au7-500_1554,3,0.51,0.0756819248199462,0.006479263305664,0,1,0,0,1,0,0,0,0,0,1,0,0,0,0,0,0,0,0,0,0,0,0,0,1,0
autoUniv-au7-500_1554,1,0.51,0.2091586589813232,0.0069046020507812,0,1,0,1,0,0,0,0,0,0,0,0,0,0,1,0,0,0,0,0,0,1,0,0,0,0
autoUniv-au7-500_1554,3,0.51,0.0783274173736572,0.00614595413208,1,0,0,0,1,0,0,0,0,0,1,0,0,0,0,0,0,0,0,0,0,0,0,0,1,0
PizzaCutter1_1443,1,0.9621212121212122,0.076054573059082,0.0061402320861816,0,1,0,1,0,0,0,0,0,0,0,0,0,0,0,0,0,1,0,1,0,0,0,0,0,0
PizzaCutter1_1443,1,0.9621212121212122,0.0804762840270996,0.006373643875122,0,1,1,0,0,0,0,0,0,0,0,0,0,0,0,0,0,1,0,1,0,0,0,0,0,0
PizzaCutter1_1443,1,0.9621212121212122,0.0734724998474121,0.0059976577758789,0,1,1,0,0,0,0,0,0,0,0,0,0,0,0,0,0,1,0,0,1,0,0,0,0,0
PizzaCutter1_1443,1,0.9621212121212122,0.0788407325744628,0.0061275959014892,1,0,0,0,1,0,0,0,0,0,0,0,0,0,0,0,0,1,0,0,0,0,0,0,1,0
PizzaCutter1_1443,1,0.9621212121212122,0.0805017948150634,0.0062689781188964,0,1,0,0,1,0,0,0,0,0,0,0,0,0,0,0,0,1,0,0,0,0,0,0,0,1
PizzaCutter1_1443,1,0.9621212121212122,0.0772716999053955,0.0063745975494384,1,0,1,0,0,0,0,0,0,0,0,0,0,0,0,0,0,1,0,0,0,0,0,0,0,1
PizzaCutter1_1443,1,0.9621212121212122,0.0743186473846435,0.0060346126556396,0,1,0,1,0,0,0,0,0,0,0,0,0,0,0,0,0,1,0,0,1,0,0,0,0,0
PizzaCutter1_1443,1,0.9621212121212122,0.0749485492706298,0.006129503250122,0,1,0,1,0,0,0,0,0,0,0,0,0,0,0,0,0,1,0,0,0,0,0,0,1,0
PizzaCutter1_1443,1,0.9621212121212122,0.0788009166717529,0.0063216686248779,0,1,0,0,1,0,0,0,0,0,0,0,0,0,0,0,0,1,0,1,0,0,0,0,0,0
PizzaCutter1_1443,1,0.9621212121212122,0.0795040130615234,0.006277322769165,0,1,0,1,0,0,0,0,0,0,0,0,0,0,0,0,0,1,0,0,0,0,0,0,0,1
PizzaCutter1_1443,1,0.9621212121212122,0.0762746334075927,0.0061972141265869,1,0,0,1,0,0,0,0,0,0,0,0,0,0,0,0,0,1,0,1,0,0,0,0,0,0
PizzaCutter1_1443,1,0.9621212121212122,0.0757410526275634,0.0060546398162841,1,0,1,0,0,0,0,0,0,0,0,0,0,0,0,0,0,1,0,0,1,0,0,0,0,0
PizzaCutter1_1443,1,0.9621212121212122,0.0806632041931152,0.0063998699188232,1,0,0,1,0,0,0,0,0,0,0,0,0,0,0,0,0,1,0,0,0,0,0,0,0,1
PizzaCutter1_1443,1,0.9621212121212122,0.0868196487426757,0.0067195892333984,0,1,1,0,0,0,0,0,0,0,0,0,0,0,0,0,0,1,0,0,0,0,0,0,0,1
PizzaCutter1_1443,1,0.9621212121212122,0.0732953548431396,0.0058217048645019,1,0,0,0,1,0,0,0,0,0,0,0,0,0,0,0,0,1,0,0,1,0,0,0,0,0
PizzaCutter1_1443,1,0.9621212121212122,0.0772309303283691,0.0060915946960449,1,0,0,0,1,0,0,0,0,0,0,0,0,0,0,0,0,1,0,0,0,0,0,0,0,1
PizzaCutter1_1443,1,0.9621212121212122,0.0760624408721923,0.0062992572784423,1,0,1,0,0,0,0,0,0,0,0,0,0,0,0,0,0,1,0,1,0,0,0,0,0,0
PizzaCutter1_1443,1,0.9621212121212122,0.073892593383789,0.0060396194458007,0,1,1,0,0,0,0,0,0,0,0,0,0,0,0,0,0,1,0,0,0,0,0,0,1,0
PizzaCutter1_1443,1,0.9621212121212122,0.0764362812042236,0.0061724185943603,1,0,0,1,0,0,0,0,0,0,0,0,0,0,0,0,0,1,0,0,0,0,0,0,1,0
PizzaCutter1_1443,1,0.9621212121212122,0.0762062072753906,0.0061655044555664,1,0,1,0,0,0,0,0,0,0,0,0,0,0,0,0,0,1,0,0,0,0,0,0,1,0
solar-flare_40687,4,0.7981220657276995,0.1945788860321045,0.0116937160491943,1,0,0,1,0,0,0,0,0,0,0,0,0,0,0,1,0,0,0,1,0,0,0,0,0,0
solar-flare_40687,4,0.7981220657276995,0.188018798828125,0.0115220546722412,0,1,1,0,0,0,0,0,0,0,0,0,0,0,0,1,0,0,0,0,1,0,0,0,0,0
solar-flare_40687,4,0.7981220657276995,0.1913290023803711,0.0117230415344238,0,1,1,0,0,0,0,0,0,0,0,0,0,0,0,1,0,0,0,0,0,0,0,0,0,1
solar-flare_40687,4,0.7981220657276995,0.1937253475189209,0.0117409229278564,0,1,0,0,1,0,0,0,0,0,0,0,0,0,0,1,0,0,0,0,1,0,0,0,0,0
solar-flare_40687,4,0.7981220657276995,0.1925940513610839,0.0115690231323242,1,0,1,0,0,0,0,0,0,0,0,0,0,0,0,1,0,0,0,1,0,0,0,0,0,0
solar-flare_40687,4,0.7981220657276995,0.1945717334747314,0.0123071670532226,0,1,0,1,0,0,0,0,0,0,0,0,0,0,0,1,0,0,0,1,0,0,0,0,0,0
solar-flare_40687,4,0.7981220657276995,0.1894807815551757,0.0115754604339599,1,0,0,0,1,0,0,0,0,0,0,0,0,0,0,1,0,0,0,0,1,0,0,0,0,0
solar-flare_40687,4,0.7981220657276995,0.1965126991271972,0.0117542743682861,1,0,0,0,1,0,0,0,0,0,0,0,0,0,0,1,0,0,0,0,0,0,0,0,0,1
solar-flare_40687,4,0.7981220657276995,0.225454568862915,0.0162291526794433,1,0,0,1,0,0,0,0,0,0,0,0,0,0,0,1,0,0,0,0,1,0,0,0,0,0
solar-flare_40687,4,0.7981220657276995,0.1942198276519775,0.0118570327758789,1,0,1,0,0,0,0,0,0,0,0,0,0,0,0,1,0,0,0,0,1,0,0,0,0,0
solar-flare_40687,4,0.7981220657276995,0.1955375671386718,0.0117163658142089,1,0,0,0,1,0,0,0,0,0,0,0,0,0,0,1,0,0,0,1,0,0,0,0,0,0
solar-flare_40687,4,0.7981220657276995,0.1959004402160644,0.0118501186370849,1,0,1,0,0,0,0,0,0,0,0,0,0,0,0,1,0,0,0,0,0,0,0,0,0,1
solar-flare_40687,4,0.7981220657276995,0.1936085224151611,0.0118792057037353,0,1,1,0,0,0,0,0,0,0,0,0,0,0,0,1,0,0,0,1,0,0,0,0,0,0
solar-flare_40687,4,0.7981220657276995,0.1994936466217041,0.0122575759887695,0,1,0,1,0,0,0,0,0,0,0,0,0,0,0,1,0,0,0,0,1,0,0,0,0,0
solar-flare_40687,4,0.7981220657276995,0.1941535472869873,0.0117886066436767,1,0,0,1,0,0,0,0,0,0,0,0,0,0,0,1,0,0,0,0,0,0,0,0,1,0
solar-flare_40687,4,0.7981220657276995,0.2198805809020996,0.0118849277496337,0,1,0,1,0,0,0,0,0,0,0,0,0,0,0,1,0,0,0,0,0,0,0,0,0,1
solar-flare_40687,4,0.7981220657276995,0.1921064853668213,0.011664867401123,1,0,1,0,0,0,0,0,0,0,0,0,0,0,0,1,0,0,0,0,0,0,0,0,1,0
solar-flare_40687,4,0.7981220657276995,0.193549633026123,0.0118112564086914,1,0,0,1,0,0,0,0,0,0,0,0,0,0,0,1,0,0,0,0,0,0,0,0,0,1
solar-flare_40687,4,0.7981220657276995,0.1932399272918701,0.011784553527832,0,1,0,0,1,0,0,0,0,0,0,0,0,0,0,1,0,0,0,0,0,0,0,0,0,1
solar-flare_40687,4,0.7981220657276995,0.1940431594848632,0.0116660594940185,0,1,0,1,0,0,0,0,0,0,0,0,0,0,0,1,0,0,0,0,0,0,0,0,1,0
arsenic-female-lung_950,2,1.0,0.0743327140808105,0.0060751438140869,0,1,1,0,0,0,0,0,1,0,0,0,0,0,0,0,0,0,0,1,0,0,0,0,0,0
arsenic-female-lung_950,2,1.0,0.0808551311492919,0.0057992935180664,0,1,0,0,1,0,1,0,0,0,0,0,0,0,0,0,0,0,0,0,0,0,0,1,0,0
arsenic-female-lung_950,2,1.0,0.069761037826538,0.0058050155639648,1,0,1,0,0,0,0,0,0,0,0,0,0,0,0,0,0,1,0,0,1,0,0,0,0,0
arsenic-female-lung_950,2,1.0,0.0709824562072753,0.0059852600097656,0,1,1,0,0,0,0,0,0,0,0,0,0,0,0,0,0,1,0,1,0,0,0,0,0,0
arsenic-female-lung_950,2,1.0,0.3721930980682373,0.0067720413208007,0,1,1,0,0,0,0,0,0,0,0,0,1,0,0,0,0,0,0,1,0,0,0,0,0,0
arsenic-female-lung_950,2,1.0,0.1537239551544189,0.0097205638885498,0,1,1,0,0,0,0,0,0,0,0,0,0,0,0,1,0,0,0,0,0,0,0,0,0,1
arsenic-female-lung_950,2,1.0,0.0716700553894043,0.0066940784454345,1,0,1,0,0,0,0,0,0,0,0,1,0,0,0,0,0,0,0,0,1,0,0,0,0,0
arsenic-female-lung_950,2,1.0,0.0733075141906738,0.00575852394104,1,0,1,0,0,0,0,0,0,0,0,0,0,0,0,0,0,0,1,0,1,0,0,0,0,0
arsenic-female-lung_950,2,1.0,0.073662519454956,0.0059156417846679,0,1,0,0,1,0,0,0,0,0,1,0,0,0,0,0,0,0,0,0,0,0,0,1,0,0
arsenic-female-lung_950,2,1.0,0.0686941146850586,0.0057272911071777,0,1,1,0,0,1,0,0,0,0,0,0,0,0,0,0,0,0,0,0,0,0,0,0,0,1
arsenic-female-lung_950,2,1.0,0.0747034549713134,0.0060689449310302,1,0,1,0,0,0,0,0,0,0,0,1,0,0,0,0,0,0,0,0,0,0,0,0,0,1
arsenic-female-lung_950,2,1.0,0.0803499221801757,0.0061674118041992,1,0,1,0,0,0,0,0,0,0,0,0,0,1,0,0,0,0,0,0,0,0,0,0,0,1
arsenic-female-lung_950,2,1.0,0.3261575698852539,0.0066471099853515,0,1,1,0,0,0,0,0,0,0,0,0,0,0,0,0,1,0,0,1,0,0,0,0,0,0
arsenic-female-lung_950,2,1.0,0.0791378021240234,0.0060217380523681,1,0,1,0,0,0,1,0,0,0,0,0,0,0,0,0,0,0,0,0,1,0,0,0,0,0
arsenic-female-lung_950,2,1.0,0.0691041946411132,0.0058467388153076,0,1,0,0,1,0,0,0,0,0,0,0,0,0,0,0,0,1,0,0,0,0,0,1,0,0
arsenic-female-lung_950,2,1.0,0.1030588150024414,0.0064249038696289,0,1,1,0,0,0,0,0,0,1,0,0,0,0,0,0,0,0,0,1,0,0,0,0,0,0
arsenic-female-lung_950,2,1.0,0.0720810890197753,0.0060374736785888,1,0,1,0,0,1,0,0,0,0,0,0,0,0,0,0,0,0,0,0,1,0,0,0,0,0
arsenic-female-lung_950,2,1.0,0.1465451717376709,0.0101704597473144,1,0,0,0,1,0,0,0,0,0,0,0,0,0,0,1,0,0,0,0,0,0,0,0,0,1
arsenic-female-lung_950,2,1.0,0.0733423233032226,0.0059349536895751,0,1,0,0,1,0,0,0,0,0,0,1,0,0,0,0,0,0,0,0,0,0,0,1,0,0
arsenic-female-lung_950,2,1.0,0.0983994007110595,0.0062696933746337,0,1,0,0,1,0,0,0,0,1,0,0,0,0,0,0,0,0,0,0,0,0,1,0,0,0
chscase_census3_908,4,0.65,0.0708918571472168,0.005833625793457,0,1,0,1,0,0,0,0,0,0,0,0,0,0,0,0,0,0,1,0,0,1,0,0,0,0
chscase_census3_908,4,0.65,0.069735050201416,0.0058426856994628,0,1,0,0,1,0,0,0,0,0,0,0,0,0,0,0,0,0,1,0,0,1,0,0,0,0
chscase_census3_908,4,0.65,0.0725748538970947,0.0059723854064941,1,0,0,1,0,0,0,0,0,0,0,0,0,0,0,0,0,0,1,0,0,1,0,0,0,0
chscase_census3_908,4,0.65,0.0727605819702148,0.0060365200042724,1,0,1,0,0,0,0,0,0,0,0,0,0,0,0,0,0,0,1,0,0,1,0,0,0,0
chscase_census3_908,4,0.65,0.0699512958526611,0.0059833526611328,0,1,1,0,0,0,0,0,0,0,0,0,0,0,0,0,0,0,1,0,0,1,0,0,0,0
chscase_census3_908,4,0.65,0.0701916217803955,0.0057859420776367,1,0,0,0,1,0,0,0,0,0,0,0,0,0,0,0,0,0,1,0,0,1,0,0,0,0
chscase_census3_908,4,0.6375,0.0735938549041748,0.0060651302337646,0,1,1,0,0,1,0,0,0,0,0,0,0,0,0,0,0,0,0,0,0,1,0,0,0,0
chscase_census3_908,4,0.6375,0.0720329284667968,0.0058193206787109,1,0,1,0,0,1,0,0,0,0,0,0,0,0,0,0,0,0,0,0,0,1,0,0,0,0
chscase_census3_908,4,0.6375,0.0735945701599121,0.005967378616333,0,1,0,1,0,1,0,0,0,0,0,0,0,0,0,0,0,0,0,0,0,1,0,0,0,0
chscase_census3_908,4,0.6375,0.0727417469024658,0.005772590637207,1,0,0,1,0,1,0,0,0,0,0,0,0,0,0,0,0,0,0,0,0,1,0,0,0,0
chscase_census3_908,4,0.6375,0.0743355751037597,0.0060329437255859,1,0,0,0,1,1,0,0,0,0,0,0,0,0,0,0,0,0,0,0,0,1,0,0,0,0
chscase_census3_908,4,0.6375,0.0737967491149902,0.0058555603027343,0,1,0,0,1,1,0,0,0,0,0,0,0,0,0,0,0,0,0,0,0,1,0,0,0,0
chscase_census3_908,2,0.625,0.068932294845581,0.0057647228240966,1,0,1,0,0,0,0,0,0,0,1,0,0,0,0,0,0,0,0,0,0,0,1,0,0,0
chscase_census3_908,2,0.625,0.0701620578765869,0.0058307647705078,0,1,0,0,1,0,0,0,0,0,1,0,0,0,0,0,0,0,0,0,0,0,0,0,0,1
chscase_census3_908,2,0.625,0.0703139305114746,0.0059077739715576,1,0,0,0,1,0,0,0,0,0,1,0,0,0,0,0,0,0,0,0,0,0,0,0,1,0
chscase_census3_908,2,0.625,0.0718550682067871,0.0059700012207031,1,0,1,0,0,0,0,0,0,0,1,0,0,0,0,0,0,0,0,0,0,0,0,1,0,0
chscase_census3_908,2,0.625,0.069399356842041,0.0056781768798828,1,0,0,1,0,0,0,0,0,0,1,0,0,0,0,0,0,0,0,0,0,0,0,0,0,1
chscase_census3_908,2,0.625,0.0710616111755371,0.0060462951660156,0,1,1,0,0,0,0,0,0,0,1,0,0,0,0,0,0,0,0,0,0,0,0,0,0,1
chscase_census3_908,2,0.625,0.0698201656341552,0.0058093070983886,0,1,0,1,0,0,0,0,0,0,1,0,0,0,0,0,0,0,0,0,0,0,1,0,0,0
chscase_census3_908,3,0.625,0.0706360340118408,0.0059049129486083,0,1,0,1,0,0,0,0,0,0,0,0,0,0,0,0,0,0,1,0,0,0,0,1,0,0
PopularKids_1100,2,0.6354166666666666,0.0701477527618408,0.0059537887573242,1,0,0,0,1,0,0,0,0,0,1,0,0,0,0,0,0,0,0,0,0,0,1,0,0,0
PopularKids_1100,2,0.6354166666666666,0.0728998184204101,0.0062322616577148,0,1,0,0,1,0,0,0,0,0,1,0,0,0,0,0,0,0,0,0,0,0,1,0,0,0
PopularKids_1100,3,0.631578947368421,0.0746316909790039,0.0063252449035644,0,1,0,1,0,0,0,1,0,0,0,0,0,0,0,0,0,0,0,1,0,0,0,0,0,0
PopularKids_1100,3,0.631578947368421,0.0718524456024169,0.0061285495758056,1,0,0,1,0,0,0,1,0,0,0,0,0,0,0,0,0,0,0,1,0,0,0,0,0,0
PopularKids_1100,2,0.625,0.0747866630554199,0.0064218044281005,0,1,0,0,1,0,0,0,0,0,1,0,0,0,0,0,0,0,0,0,0,0,0,0,1,0
PopularKids_1100,2,0.625,0.0731909275054931,0.0062854290008544,1,0,0,0,1,0,0,0,0,0,1,0,0,0,0,0,0,0,0,0,0,0,0,0,1,0
PopularKids_1100,2,0.625,0.073577880859375,0.0061097145080566,0,1,0,0,1,0,0,0,0,0,1,0,0,0,0,0,0,0,0,0,0,0,0,0,0,1
PopularKids_1100,2,0.625,0.0759825706481933,0.0065417289733886,1,0,0,0,1,0,0,0,0,0,1,0,0,0,0,0,0,0,0,0,0,0,0,0,0,1
PopularKids_1100,3,0.6210526315789474,0.0731058120727539,0.0061142444610595,1,0,0,1,0,0,0,1,0,0,0,0,0,0,0,0,0,0,0,0,0,0,0,0,1,0
PopularKids_1100,3,0.6210526315789474,0.074664831161499,0.0065345764160156,0,1,0,1,0,0,0,1,0,0,0,0,0,0,0,0,0,0,0,0,0,0,0,0,1,0
PopularKids_1100,1,0.6145833333333334,0.2808942794799804,0.0066792964935302,1,0,0,1,0,0,0,0,0,0,0,0,1,0,0,0,0,0,0,1,0,0,0,0,0,0
PopularKids_1100,1,0.6145833333333334,0.3000566959381103,0.0065875053405761,0,1,0,1,0,0,0,0,0,0,0,0,1,0,0,0,0,0,0,1,0,0,0,0,0,0
PopularKids_1100,2,0.6041666666666666,0.0765659809112548,0.0063202381134033,0,1,0,1,0,0,0,0,0,0,0,1,0,0,0,0,0,0,0,1,0,0,0,0,0,0
PopularKids_1100,2,0.6041666666666666,0.0784800052642822,0.0065422058105468,1,0,0,1,0,0,0,0,0,0,0,1,0,0,0,0,0,0,0,0,0,0,0,1,0,0
PopularKids_1100,2,0.6041666666666666,0.0771858692169189,0.0067479610443115,1,0,0,1,0,0,0,0,0,0,0,1,0,0,0,0,0,0,0,0,0,0,0,0,0,1
PopularKids_1100,2,0.6041666666666666,0.0791156291961669,0.0072166919708251,1,0,0,0,1,0,0,0,0,0,1,0,0,0,0,0,0,0,0,0,1,0,0,0,0,0
PopularKids_1100,2,0.6041666666666666,0.077888011932373,0.0063223838806152,0,1,0,1,0,0,0,0,0,0,0,1,0,0,0,0,0,0,0,0,0,0,0,0,0,1
PopularKids_1100,2,0.6041666666666666,0.0760061740875244,0.0062963962554931,0,1,0,1,0,0,0,0,0,0,0,1,0,0,0,0,0,0,0,0,1,0,0,0,0,0
PopularKids_1100,2,0.6041666666666666,0.0786123275756836,0.0065474510192871,1,0,0,1,0,0,0,0,0,0,0,1,0,0,0,0,0,0,0,1,0,0,0,0,0,0
PopularKids_1100,2,0.6041666666666666,0.0759658813476562,0.0064048767089843,1,0,0,1,0,0,0,0,0,0,0,1,0,0,0,0,0,0,0,0,0,0,0,0,1,0
fri_c0_500_50_888,3,0.91,0.0898616313934326,0.0065524578094482,1,0,1,0,0,1,0,0,0,0,0,0,0,0,0,0,0,0,0,0,1,0,0,0,0,0
fri_c0_500_50_888,3,0.91,0.0885975360870361,0.0066192150115966,0,1,0,1,0,1,0,0,0,0,0,0,0,0,0,0,0,0,0,0,0,0,1,0,0,0
fri_c0_500_50_888,3,0.91,0.0865097045898437,0.0061850547790527,0,1,1,0,0,1,0,0,0,0,0,0,0,0,0,0,0,0,0,0,0,0,0,1,0,0
fri_c0_500_50_888,3,0.91,0.0878577232360839,0.0063257217407226,1,0,0,0,1,1,0,0,0,0,0,0,0,0,0,0,0,0,0,0,0,0,0,0,0,1
fri_c0_500_50_888,3,0.91,0.0885519981384277,0.0062007904052734,0,1,1,0,0,1,0,0,0,0,0,0,0,0,0,0,0,0,0,1,0,0,0,0,0,0
fri_c0_500_50_888,3,0.91,0.0898349285125732,0.0068168640136718,1,0,0,1,0,1,0,0,0,0,0,0,0,0,0,0,0,0,0,0,0,0,0,1,0,0
fri_c0_500_50_888,3,0.91,0.0881142616271972,0.0062935352325439,0,1,0,0,1,1,0,0,0,0,0,0,0,0,0,0,0,0,0,1,0,0,0,0,0,0
fri_c0_500_50_888,3,0.91,0.0968689918518066,0.0067312717437744,1,0,1,0,0,1,0,0,0,0,0,0,0,0,0,0,0,0,0,0,0,0,0,0,1,0
fri_c0_500_50_888,3,0.91,0.084808349609375,0.0060055255889892,0,1,0,1,0,1,0,0,0,0,0,0,0,0,0,0,0,0,0,0,0,0,0,0,1,0
fri_c0_500_50_888,3,0.91,0.0877368450164794,0.0079269409179687,0,1,0,1,0,1,0,0,0,0,0,0,0,0,0,0,0,0,0,0,0,0,0,0,0,1
fri_c0_500_50_888,3,0.91,0.0944678783416748,0.0065639019012451,1,0,0,1,0,1,0,0,0,0,0,0,0,0,0,0,0,0,0,1,0,0,0,0,0,0
fri_c0_500_50_888,3,0.91,0.0893054008483886,0.0062348842620849,1,0,1,0,0,1,0,0,0,0,0,0,0,0,0,0,0,0,0,0,0,0,0,0,0,1
fri_c0_500_50_888,3,0.91,0.0881247520446777,0.006514549255371,0,1,1,0,0,1,0,0,0,0,0,0,0,0,0,0,0,0,0,0,1,0,0,0,0,0
fri_c0_500_50_888,3,0.91,0.0912773609161377,0.0062172412872314,0,1,0,0,1,1,0,0,0,0,0,0,0,0,0,0,0,0,0,0,0,0,0,0,1,0
fri_c0_500_50_888,3,0.91,0.0914101600646972,0.0063481330871582,0,1,1,0,0,1,0,0,0,0,0,0,0,0,0,0,0,0,0,0,0,0,0,0,0,1
fri_c0_500_50_888,3,0.91,0.0881514549255371,0.0063362121582031,1,0,0,1,0,1,0,0,0,0,0,0,0,0,0,0,0,0,0,0,0,0,1,0,0,0
fri_c0_500_50_888,3,0.91,0.0905752182006836,0.006134033203125,0,1,0,0,1,1,0,0,0,0,0,0,0,0,0,0,0,0,0,0,0,0,0,1,0,0
fri_c0_500_50_888,3,0.91,0.0868780612945556,0.0063393115997314,0,1,0,1,0,1,0,0,0,0,0,0,0,0,0,0,0,0,0,1,0,0,0,0,0,0
fri_c0_500_50_888,3,0.91,0.0894851684570312,0.0063762664794921,1,0,0,0,1,1,0,0,0,0,0,0,0,0,0,0,0,0,0,0,0,0,1,0,0,0
fri_c0_500_50_888,3,0.91,0.0898520946502685,0.0062839984893798,1,0,0,0,1,1,0,0,0,0,0,0,0,0,0,0,0,0,0,0,1,0,0,0,0,0
fri_c2_500_50_920,2,0.95,0.1020562648773193,0.0061869621276855,0,1,1,0,0,0,0,0,0,0,1,0,0,0,0,0,0,0,0,0,0,0,0,1,0,0
fri_c2_500_50_920,2,0.95,0.0965585708618164,0.0059258937835693,1,0,0,0,1,0,0,0,0,0,1,0,0,0,0,0,0,0,0,0,0,0,0,1,0,0
fri_c2_500_50_920,2,0.95,0.0978806018829345,0.0056514739990234,1,0,0,1,0,0,0,0,0,0,1,0,0,0,0,0,0,0,0,0,0,0,0,1,0,0
fri_c2_500_50_920,2,0.95,0.1029624938964843,0.0065703392028808,1,0,1,0,0,0,0,0,0,0,1,0,0,0,0,0,0,0,0,0,0,0,0,1,0,0
fri_c2_500_50_920,2,0.95,0.1009333133697509,0.0059719085693359,0,1,0,1,0,0,0,0,0,0,1,0,0,0,0,0,0,0,0,0,0,0,0,1,0,0
fri_c2_500_50_920,2,0.95,0.1091804504394531,0.0060803890228271,0,1,0,0,1,0,0,0,0,0,1,0,0,0,0,0,0,0,0,0,0,0,0,1,0,0
fri_c2_500_50_920,3,0.94,2.8987722396850586,0.0083580017089843,0,1,0,0,1,0,0,0,0,0,0,0,0,0,1,0,0,0,0,1,0,0,0,0,0,0
fri_c2_500_50_920,3,0.94,0.088200569152832,0.0058257579803466,1,0,0,0,1,1,0,0,0,0,0,0,0,0,0,0,0,0,0,0,0,0,0,1,0,0
fri_c2_500_50_920,3,0.94,0.0819993019104003,0.0058529376983642,1,0,1,0,0,1,0,0,0,0,0,0,0,0,0,0,0,0,0,0,0,0,0,1,0,0
fri_c2_500_50_920,3,0.94,0.0802021026611328,0.0057427883148193,0,1,1,0,0,1,0,0,0,0,0,0,0,0,0,0,0,0,0,0,0,0,1,0,0,0
fri_c2_500_50_920,3,0.94,0.0801944732666015,0.0057425498962402,0,1,1,0,0,1,0,0,0,0,0,0,0,0,0,0,0,0,0,0,0,0,0,1,0,0
fri_c2_500_50_920,3,0.94,2.7850708961486816,0.0082910060882568,1,0,0,1,0,0,0,0,0,0,0,0,0,0,1,0,0,0,0,1,0,0,0,0,0,0
fri_c2_500_50_920,3,0.94,0.0809111595153808,0.0059373378753662,1,0,0,0,1,1,0,0,0,0,0,0,0,0,0,0,0,0,0,0,0,0,1,0,0,0
fri_c2_500_50_920,3,0.94,0.0830044746398925,0.0057346820831298,0,1,0,1,0,1,0,0,0,0,0,0,0,0,0,0,0,0,0,0,0,0,0,1,0,0
fri_c2_500_50_920,3,0.94,2.8422048091888428,0.0082945823669433,1,0,1,0,0,0,0,0,0,0,0,0,0,0,1,0,0,0,0,1,0,0,0,0,0,0
fri_c2_500_50_920,3,0.94,0.0843691825866699,0.0060176849365234,1,0,1,0,0,1,0,0,0,0,0,0,0,0,0,0,0,0,0,0,0,0,1,0,0,0
fri_c2_500_50_920,3,0.94,2.902724504470825,0.0085284709930419,0,1,1,0,0,0,0,0,0,0,0,0,0,0,1,0,0,0,0,1,0,0,0,0,0,0
fri_c2_500_50_920,3,0.94,0.0818040370941162,0.0059280395507812,0,1,0,1,0,1,0,0,0,0,0,0,0,0,0,0,0,0,0,0,0,0,1,0,0,0
fri_c2_500_50_920,3,0.94,0.0799970626831054,0.0056231021881103,0,1,0,0,1,1,0,0,0,0,0,0,0,0,0,0,0,0,0,0,0,0,0,1,0,0
fri_c2_500_50_920,3,0.94,0.0794267654418945,0.0060787200927734,1,0,0,1,0,1,0,0,0,0,0,0,0,0,0,0,0,0,0,0,0,0,0,1,0,0
blood-transfusion-service-center_1464,3,0.8657718120805369,0.0694050788879394,0.0064494609832763,1,0,0,0,1,0,0,0,0,0,0,0,0,0,0,0,0,1,0,0,0,1,0,0,0,0
blood-transfusion-service-center_1464,3,0.8657718120805369,0.0731089115142822,0.0066063404083251,1,0,0,0,1,0,0,0,0,0,0,0,0,0,0,0,0,0,1,0,0,1,0,0,0,0
blood-transfusion-service-center_1464,3,0.8657718120805369,0.0697956085205078,0.0065557956695556,1,0,0,0,1,0,0,0,1,0,0,0,0,0,0,0,0,0,0,0,0,1,0,0,0,0
blood-transfusion-service-center_1464,3,0.8657718120805369,0.0733301639556884,0.0077748298645019,1,0,1,0,0,0,0,0,0,0,0,1,0,0,0,0,0,0,0,0,1,0,0,0,0,0
blood-transfusion-service-center_1464,3,0.8657718120805369,0.0712466239929199,0.0066220760345458,0,1,1,0,0,0,0,0,0,0,0,1,0,0,0,0,0,0,0,0,0,0,1,0,0,0
blood-transfusion-service-center_1464,3,0.8657718120805369,0.0709140300750732,0.0065910816192626,1,0,1,0,0,0,0,0,0,0,0,1,0,0,0,0,0,0,0,0,0,0,0,0,0,1
blood-transfusion-service-center_1464,3,0.8657718120805369,0.0709531307220459,0.0066306591033935,0,1,1,0,0,0,0,0,0,0,0,1,0,0,0,0,0,0,0,0,0,0,0,0,0,1
blood-transfusion-service-center_1464,3,0.8657718120805369,0.0722017288208007,0.0067634582519531,0,1,0,0,1,0,0,0,0,0,0,1,0,0,0,0,0,0,0,0,0,0,0,1,0,0
blood-transfusion-service-center_1464,3,0.8657718120805369,0.0716500282287597,0.0065784454345703,0,1,0,1,0,0,0,0,0,0,0,1,0,0,0,0,0,0,0,0,0,0,1,0,0,0
blood-transfusion-service-center_1464,3,0.8657718120805369,0.0722603797912597,0.0065357685089111,0,1,0,1,0,0,0,0,0,0,0,1,0,0,0,0,0,0,0,0,0,0,0,1,0,0
blood-transfusion-service-center_1464,3,0.8657718120805369,0.0738158226013183,0.0069494247436523,1,0,1,0,0,0,0,0,0,0,0,1,0,0,0,0,0,0,0,0,0,0,1,0,0,0
blood-transfusion-service-center_1464,3,0.8657718120805369,0.070591926574707,0.0066003799438476,1,0,0,0,1,0,0,0,0,0,0,1,0,0,0,0,0,0,0,0,0,0,0,0,0,1
blood-transfusion-service-center_1464,3,0.8657718120805369,0.0716092586517334,0.0067265033721923,0,1,1,0,0,0,0,0,0,0,0,1,0,0,0,0,0,0,0,0,0,0,0,1,0,0
blood-transfusion-service-center_1464,3,0.8657718120805369,0.0801136493682861,0.00785493850708,0,1,1,0,0,0,0,0,0,0,0,1,0,0,0,0,0,0,0,0,1,0,0,0,0,0
blood-transfusion-service-center_1464,3,0.8657718120805369,0.0714361667633056,0.0067071914672851,0,1,0,0,1,0,0,0,0,0,0,1,0,0,0,0,0,0,0,0,0,0,1,0,0,0
blood-transfusion-service-center_1464,3,0.8657718120805369,0.0748848915100097,0.0069222450256347,1,0,0,1,0,0,0,0,0,0,0,1,0,0,0,0,0,0,0,0,0,0,1,0,0,0
blood-transfusion-service-center_1464,3,0.8657718120805369,0.0699059963226318,0.0065135955810546,1,0,0,1,0,0,0,0,1,0,0,0,0,0,0,0,0,0,0,0,0,1,0,0,0,0
blood-transfusion-service-center_1464,3,0.8657718120805369,0.0736138820648193,0.0064890384674072,0,1,1,0,0,0,0,0,0,0,0,0,0,0,0,0,0,0,1,0,0,1,0,0,0,0
blood-transfusion-service-center_1464,3,0.8657718120805369,0.0746302604675293,0.0067143440246582,0,1,0,0,1,0,0,0,0,0,0,0,0,0,0,0,0,0,1,0,0,1,0,0,0,0
blood-transfusion-service-center_1464,3,0.8657718120805369,0.0717527866363525,0.0067417621612548,0,1,0,0,1,0,0,0,0,0,0,0,0,0,0,0,0,1,0,0,0,1,0,0,0,0
abalone_183,2,0.2682634730538922,0.5620782375335693,0.0208942890167236,1,0,0,0,1,0,0,0,0,0,0,0,0,0,0,1,0,0,0,0,0,0,1,0,0,0
abalone_183,2,0.2682634730538922,0.6008954048156738,0.0275702476501464,0,1,0,0,1,0,0,0,0,0,0,0,0,0,0,1,0,0,0,0,0,0,1,0,0,0
abalone_183,1,0.2631578947368421,2.990257024765014,0.0134022235870361,0,1,0,1,0,0,0,0,0,0,0,0,1,0,0,0,0,0,0,0,0,0,0,1,0,0
abalone_183,1,0.2631578947368421,3.0956175327301025,0.0152578353881835,1,0,0,1,0,0,0,0,0,0,0,0,1,0,0,0,0,0,0,0,0,0,0,1,0,0
abalone_183,4,0.2586826347305389,0.1486413478851318,0.011763572692871,1,0,0,1,0,0,0,0,0,0,1,0,0,0,0,0,0,0,0,0,0,0,0,0,0,1
abalone_183,4,0.2586826347305389,0.8692831993103027,0.0127811431884765,0,1,0,1,0,0,0,0,0,0,0,0,0,0,1,0,0,0,0,0,0,0,0,0,1,0
abalone_183,4,0.2586826347305389,0.1388380527496338,0.0114922523498535,0,1,0,1,0,0,0,0,0,0,1,0,0,0,0,0,0,0,0,0,1,0,0,0,0,0
abalone_183,4,0.2586826347305389,0.1849453449249267,0.016141653060913,0,1,0,0,1,0,0,0,0,0,1,0,0,0,0,0,0,0,0,0,1,0,0,0,0,0
abalone_183,4,0.2586826347305389,0.9048268795013428,0.0131494998931884,1,0,0,1,0,0,0,0,0,0,0,0,0,0,1,0,0,0,0,0,0,0,0,0,1,0
abalone_183,4,0.2586826347305389,0.1457860469818115,0.011899709701538,1,0,0,1,0,0,0,0,0,0,1,0,0,0,0,0,0,0,0,0,1,0,0,0,0,0
abalone_183,4,0.2586826347305389,0.1493151187896728,0.012491226196289,0,1,0,1,0,0,0,0,0,0,1,0,0,0,0,0,0,0,0,0,0,0,0,0,0,1
abalone_183,4,0.2586826347305389,0.1892464160919189,0.0168113708496093,1,0,0,0,1,0,0,0,0,0,1,0,0,0,0,0,0,0,0,0,1,0,0,0,0,0
abalone_183,1,0.2583732057416268,0.0948727130889892,0.0115461349487304,1,0,0,0,1,0,0,0,1,0,0,0,0,0,0,0,0,0,0,0,0,0,0,1,0,0
abalone_183,1,0.2583732057416268,0.0938425064086914,0.0115461349487304,1,0,0,1,0,0,0,0,0,0,0,0,0,0,0,0,0,1,0,0,0,0,1,0,0,0
abalone_183,1,0.2583732057416268,0.0920245647430419,0.0113677978515625,1,0,0,1,0,0,0,0,1,0,0,0,0,0,0,0,0,0,0,0,0,0,0,1,0,0
abalone_183,1,0.2583732057416268,0.0952119827270507,0.0116767883300781,1,0,0,1,0,0,0,0,0,0,0,0,0,0,0,0,0,1,0,0,0,0,0,1,0,0
abalone_183,1,0.2583732057416268,0.097104787826538,0.0117027759552001,0,1,0,1,0,0,0,0,0,0,0,0,0,0,0,0,0,1,0,0,0,0,1,0,0,0
abalone_183,1,0.2583732057416268,0.0930559635162353,0.0116453170776367,0,1,0,1,0,0,0,0,1,0,0,0,0,0,0,0,0,0,0,0,0,0,1,0,0,0
abalone_183,1,0.2583732057416268,0.0948519706726074,0.0115261077880859,0,1,0,0,1,0,0,0,1,0,0,0,0,0,0,0,0,0,0,0,0,0,1,0,0,0
abalone_183,1,0.2583732057416268,0.0862014293670654,0.0105457305908203,0,1,0,1,0,0,0,0,1,0,0,0,0,0,0,0,0,0,0,0,0,0,0,1,0,0
fri_c1_1000_50_837,1,0.95,6.423519849777222,0.0116984844207763,1,0,0,0,1,0,0,0,0,0,0,0,0,0,1,0,0,0,0,1,0,0,0,0,0,0
fri_c1_1000_50_837,1,0.95,6.284899711608887,0.0118601322174072,1,0,0,1,0,0,0,0,0,0,0,0,0,0,1,0,0,0,0,1,0,0,0,0,0,0
fri_c1_1000_50_837,1,0.95,6.281074523925781,0.0119538307189941,1,0,1,0,0,0,0,0,0,0,0,0,0,0,1,0,0,0,0,1,0,0,0,0,0,0
fri_c1_1000_50_837,1,0.95,6.2743079662323,0.0117225646972656,0,1,1,0,0,0,0,0,0,0,0,0,0,0,1,0,0,0,0,1,0,0,0,0,0,0
fri_c1_1000_50_837,1,0.95,7.788854837417602,0.0116305351257324,0,1,0,1,0,0,0,0,0,0,0,0,0,0,1,0,0,0,0,1,0,0,0,0,0,0
fri_c1_1000_50_837,1,0.95,6.237221717834473,0.0118145942687988,0,1,0,0,1,0,0,0,0,0,0,0,0,0,1,0,0,0,0,1,0,0,0,0,0,0
fri_c1_1000_50_837,3,0.94,0.1066229343414306,0.0070805549621582,0,1,1,0,0,0,0,0,0,0,0,0,0,0,0,0,0,1,0,0,1,0,0,0,0,0
fri_c1_1000_50_837,3,0.94,0.1010477542877197,0.0059154033660888,0,1,0,0,1,0,0,0,0,0,0,0,0,0,0,0,0,1,0,0,0,0,1,0,0,0
fri_c1_1000_50_837,3,0.94,0.1018862724304199,0.0068287849426269,1,0,0,0,1,0,0,0,0,0,0,0,0,0,0,0,0,1,0,1,0,0,0,0,0,0
fri_c1_1000_50_837,3,0.94,0.1076865196228027,0.0063714981079101,1,0,0,0,1,0,0,0,0,0,0,0,0,0,0,0,0,1,0,0,0,0,1,0,0,0
fri_c1_1000_50_837,3,0.94,0.1078743934631347,0.0067808628082275,1,0,0,1,0,0,0,0,0,0,0,0,0,0,0,0,0,1,0,0,0,0,0,1,0,0
fri_c1_1000_50_837,3,0.94,0.1128277778625488,0.0070183277130126,1,0,0,0,1,0,0,0,0,0,0,0,0,0,0,0,0,1,0,0,0,0,0,0,1,0
fri_c1_1000_50_837,3,0.94,0.1038763523101806,0.0062592029571533,1,0,0,1,0,0,0,0,0,0,0,0,0,0,0,0,0,1,0,0,0,0,0,0,1,0
fri_c1_1000_50_837,3,0.94,0.1057569980621337,0.006352424621582,1,0,1,0,0,0,0,0,0,0,0,0,0,0,0,0,0,1,0,1,0,0,0,0,0,0
fri_c1_1000_50_837,3,0.94,0.1039972305297851,0.0064291954040527,0,1,1,0,0,0,0,0,0,0,0,0,0,0,0,0,0,1,0,0,0,0,0,0,1,0
fri_c1_1000_50_837,3,0.94,0.1038277149200439,0.0068333148956298,1,0,0,0,1,0,0,0,0,0,0,0,0,0,0,0,0,1,0,0,0,0,0,1,0,0
fri_c1_1000_50_837,3,0.94,0.1153216361999511,0.0065729618072509,1,0,0,1,0,0,0,0,0,0,0,0,0,0,0,0,0,1,0,0,0,0,1,0,0,0
fri_c1_1000_50_837,3,0.94,0.1036593914031982,0.0063433647155761,1,0,1,0,0,0,0,0,0,0,0,0,0,0,0,0,0,1,0,0,1,0,0,0,0,0
fri_c1_1000_50_837,3,0.94,0.1067345142364502,0.0065248012542724,1,0,0,0,1,0,0,0,0,0,0,0,0,0,0,0,0,1,0,0,1,0,0,0,0,0
fri_c1_1000_50_837,3,0.94,0.1036121845245361,0.006484031677246,1,0,1,0,0,0,0,0,0,0,0,0,0,0,0,0,0,1,0,0,0,0,0,0,0,1
arsenic-female-bladder_949,0,0.9196428571428572,0.0768883228302002,0.0059120655059814,0,1,0,1,0,0,0,0,0,0,0,0,0,0,0,0,0,0,1,0,1,0,0,0,0,0
arsenic-female-bladder_949,0,0.9196428571428572,0.0811388492584228,0.005967378616333,1,0,1,0,0,0,1,0,0,0,0,0,0,0,0,0,0,0,0,0,1,0,0,0,0,0
arsenic-female-bladder_949,0,0.9196428571428572,0.081998586654663,0.0059518814086914,0,1,0,1,0,0,1,0,0,0,0,0,0,0,0,0,0,0,0,0,1,0,0,0,0,0
arsenic-female-bladder_949,0,0.9196428571428572,0.0805368423461914,0.0061116218566894,1,0,0,0,1,0,1,0,0,0,0,0,0,0,0,0,0,0,0,0,0,0,0,0,0,1
arsenic-female-bladder_949,0,0.9196428571428572,0.0747144222259521,0.0059192180633544,1,0,0,0,1,0,0,0,0,0,0,0,0,0,0,0,0,0,1,0,1,0,0,0,0,0
arsenic-female-bladder_949,0,0.9196428571428572,0.0851855278015136,0.0063085556030273,1,0,0,0,1,0,1,0,0,0,0,0,0,0,0,0,0,0,0,0,1,0,0,0,0,0
arsenic-female-bladder_949,0,0.9196428571428572,0.079437255859375,0.0060799121856689,0,1,0,0,1,0,1,0,0,0,0,0,0,0,0,0,0,0,0,0,1,0,0,0,0,0
arsenic-female-bladder_949,0,0.9196428571428572,0.0817925930023193,0.0059728622436523,0,1,1,0,0,0,0,0,0,0,0,0,0,0,0,0,0,0,1,0,1,0,0,0,0,0
arsenic-female-bladder_949,0,0.9196428571428572,0.0775127410888671,0.0059230327606201,0,1,1,0,0,0,1,0,0,0,0,0,0,0,0,0,0,0,0,0,0,0,0,0,1,0
arsenic-female-bladder_949,0,0.9196428571428572,0.0761950016021728,0.005878210067749,1,0,0,1,0,0,0,0,0,0,0,0,0,0,0,0,0,0,1,0,1,0,0,0,0,0
arsenic-female-bladder_949,0,0.9196428571428572,0.0795924663543701,0.0061945915222167,1,0,1,0,0,0,1,0,0,0,0,0,0,0,0,0,0,0,0,0,0,0,0,0,1,0
arsenic-female-bladder_949,0,0.9196428571428572,0.0794169902801513,0.0059256553649902,0,1,0,0,1,0,1,0,0,0,0,0,0,0,0,0,0,0,0,0,0,0,0,0,0,1
arsenic-female-bladder_949,0,0.9196428571428572,0.0837213993072509,0.0064146518707275,0,1,0,0,1,0,1,0,0,0,0,0,0,0,0,0,0,0,0,0,0,0,0,0,1,0
arsenic-female-bladder_949,0,0.9196428571428572,0.0872960090637207,0.0067944526672363,1,0,0,0,1,0,1,0,0,0,0,0,0,0,0,0,0,0,0,0,0,0,0,0,1,0
arsenic-female-bladder_949,0,0.9196428571428572,0.0753860473632812,0.0058729648590087,0,1,0,0,1,0,0,0,0,0,0,0,0,0,0,0,0,0,1,0,1,0,0,0,0,0
arsenic-female-bladder_949,0,0.9196428571428572,0.0851011276245117,0.0064873695373535,0,1,0,1,0,0,1,0,0,0,0,0,0,0,0,0,0,0,0,0,0,0,0,0,1,0
arsenic-female-bladder_949,0,0.9196428571428572,0.0821774005889892,0.0059683322906494,0,1,0,1,0,0,1,0,0,0,0,0,0,0,0,0,0,0,0,0,0,0,0,0,0,1
arsenic-female-bladder_949,0,0.9196428571428572,0.0841975212097168,0.0059781074523925,0,1,1,0,0,0,1,0,0,0,0,0,0,0,0,0,0,0,0,0,1,0,0,0,0,0
arsenic-female-bladder_949,0,0.9196428571428572,0.0801210403442382,0.0059428215026855,1,0,0,1,0,0,1,0,0,0,0,0,0,0,0,0,0,0,0,0,1,0,0,0,0,0
arsenic-female-bladder_949,0,0.9196428571428572,0.0784077644348144,0.0058944225311279,1,0,1,0,0,0,1,0,0,0,0,0,0,0,0,0,0,0,0,0,0,0,0,0,0,1
PizzaCutter3_1444,0,0.9043062200956936,0.0939493179321289,0.0066132545471191,1,0,0,0,1,0,0,0,0,0,0,0,0,0,0,0,0,0,1,0,0,0,1,0,0,0
PizzaCutter3_1444,0,0.9043062200956936,0.0912427902221679,0.0065031051635742,1,0,1,0,0,0,0,0,0,0,0,0,0,0,0,0,0,0,1,0,0,0,1,0,0,0
PizzaCutter3_1444,0,0.9043062200956936,0.112992525100708,0.0083081722259521,0,1,0,0,1,0,0,0,0,0,0,0,0,0,0,0,0,0,1,0,0,0,1,0,0,0
PizzaCutter3_1444,0,0.9043062200956936,0.0931425094604492,0.0066008567810058,0,1,0,1,0,0,0,0,0,0,0,0,0,0,0,0,0,0,1,0,0,0,1,0,0,0
PizzaCutter3_1444,0,0.9043062200956936,0.0867660045623779,0.006195068359375,0,1,1,0,0,0,0,0,0,0,0,0,0,0,0,0,0,0,1,0,0,0,1,0,0,0
PizzaCutter3_1444,0,0.9043062200956936,0.0878431797027587,0.0061960220336914,1,0,0,1,0,0,0,0,0,0,0,0,0,0,0,0,0,0,1,0,0,0,1,0,0,0
PizzaCutter3_1444,0,0.8995215311004785,0.0883655548095703,0.006397008895874,0,1,0,1,0,0,0,0,0,0,0,0,0,0,0,0,0,0,1,0,0,1,0,0,0,0
PizzaCutter3_1444,0,0.8995215311004785,0.102989912033081,0.0061490535736083,0,1,0,0,1,0,0,0,0,0,1,0,0,0,0,0,0,0,0,0,0,0,0,0,0,1
PizzaCutter3_1444,0,0.8995215311004785,0.1055169105529785,0.0069131851196289,1,0,1,0,0,0,0,0,0,0,1,0,0,0,0,0,0,0,0,0,0,0,0,0,0,1
PizzaCutter3_1444,0,0.8995215311004785,0.1473400592803955,0.0065658092498779,1,0,0,1,0,0,0,0,0,0,0,0,1,0,0,0,0,0,0,0,1,0,0,0,0,0
PizzaCutter3_1444,0,0.8995215311004785,0.154538869857788,0.0066933631896972,0,1,0,1,0,0,0,0,0,0,0,0,1,0,0,0,0,0,0,0,1,0,0,0,0,0
PizzaCutter3_1444,0,0.8995215311004785,0.0866229534149169,0.0061311721801757,1,0,0,1,0,0,0,0,0,0,0,0,0,0,0,0,0,0,1,0,0,1,0,0,0,0
PizzaCutter3_1444,0,0.8995215311004785,0.098201036453247,0.0064446926116943,1,0,0,0,1,0,0,0,0,0,1,0,0,0,0,0,0,0,0,0,0,0,0,0,0,1
PizzaCutter3_1444,0,0.8995215311004785,0.0941078662872314,0.0067565441131591,1,0,1,0,0,0,0,0,0,0,0,0,0,0,0,0,0,0,1,0,0,1,0,0,0,0
PizzaCutter3_1444,0,0.8995215311004785,0.0861613750457763,0.0061752796173095,1,0,0,0,1,0,0,0,0,0,0,0,0,0,0,0,0,0,1,0,0,1,0,0,0,0
PizzaCutter3_1444,0,0.8995215311004785,0.1008946895599365,0.0062546730041503,0,1,0,1,0,0,0,0,0,0,1,0,0,0,0,0,0,0,0,0,0,0,0,0,0,1
PizzaCutter3_1444,0,0.8995215311004785,0.0995564460754394,0.0062901973724365,1,0,0,1,0,0,0,0,0,0,1,0,0,0,0,0,0,0,0,0,0,0,0,0,0,1
PizzaCutter3_1444,0,0.8995215311004785,0.0864083766937255,0.0062406063079833,0,1,1,0,0,0,0,0,0,0,0,0,0,0,0,0,0,0,1,0,0,1,0,0,0,0
PizzaCutter3_1444,0,0.8995215311004785,0.1003777980804443,0.0066175460815429,0,1,1,0,0,0,0,0,0,0,1,0,0,0,0,0,0,0,0,0,0,0,0,0,0,1
PizzaCutter3_1444,0,0.8995215311004785,0.149479866027832,0.0068304538726806,1,0,1,0,0,0,0,0,0,0,0,0,1,0,0,0,0,0,0,0,1,0,0,0,0,0
robot-failures-lp5_1520,3,0.7878787878787878,2.255525827407837,0.0093095302581787,0,1,1,0,0,0,0,0,0,0,0,0,0,0,1,0,0,0,0,0,1,0,0,0,0,0
robot-failures-lp5_1520,3,0.7878787878787878,2.26732873916626,0.0091693401336669,0,1,0,1,0,0,0,0,0,0,0,0,0,0,1,0,0,0,0,0,1,0,0,0,0,0
robot-failures-lp5_1520,3,0.7878787878787878,2.3174691200256348,0.0093016624450683,1,0,0,0,1,0,0,0,0,0,0,0,0,0,1,0,0,0,0,0,1,0,0,0,0,0
robot-failures-lp5_1520,3,0.7878787878787878,2.25618052482605,0.0091423988342285,1,0,0,1,0,0,0,0,0,0,0,0,0,0,1,0,0,0,0,0,1,0,0,0,0,0
robot-failures-lp5_1520,3,0.7878787878787878,2.2539966106414795,0.0093696117401123,0,1,0,0,1,0,0,0,0,0,0,0,0,0,1,0,0,0,0,0,1,0,0,0,0,0
robot-failures-lp5_1520,3,0.7878787878787878,2.251603841781616,0.0095372200012207,1,0,1,0,0,0,0,0,0,0,0,0,0,0,1,0,0,0,0,0,1,0,0,0,0,0
robot-failures-lp5_1520,3,0.7272727272727273,2.213497400283813,0.0093188285827636,1,0,0,0,1,0,0,0,0,0,0,0,0,0,1,0,0,0,0,0,0,0,0,0,1,0
robot-failures-lp5_1520,3,0.7272727272727273,2.263287305831909,0.0092489719390869,0,1,0,0,1,0,0,0,0,0,0,0,0,0,1,0,0,0,0,0,0,0,0,0,1,0
robot-failures-lp5_1520,3,0.7272727272727273,2.209325790405273,0.0092926025390625,1,0,1,0,0,0,0,0,0,0,0,0,0,0,1,0,0,0,0,0,0,0,0,0,1,0
robot-failures-lp5_1520,3,0.7272727272727273,2.2187399864196777,0.0093369483947753,0,1,0,1,0,0,0,0,0,0,0,0,0,0,1,0,0,0,0,0,0,0,0,0,1,0
robot-failures-lp5_1520,3,0.7272727272727273,2.211329460144043,0.0093421936035156,1,0,0,1,0,0,0,0,0,0,0,0,0,0,1,0,0,0,0,0,0,0,0,0,1,0
robot-failures-lp5_1520,3,0.7272727272727273,2.2324063777923584,0.0096762180328369,0,1,1,0,0,0,0,0,0,0,0,0,0,0,1,0,0,0,0,0,0,0,0,0,1,0
robot-failures-lp5_1520,3,0.696969696969697,0.0641901493072509,0.0064132213592529,0,1,0,0,1,0,0,0,1,0,0,0,0,0,0,0,0,0,0,0,0,0,1,0,0,0
robot-failures-lp5_1520,3,0.696969696969697,0.1528248786926269,0.0065817832946777,0,1,0,0,1,0,0,0,0,0,0,0,0,0,0,0,1,0,0,0,0,1,0,0,0,0
robot-failures-lp5_1520,3,0.696969696969697,0.1347746849060058,0.0064892768859863,1,0,0,0,1,0,0,0,0,0,0,0,0,0,0,0,1,0,0,0,0,1,0,0,0,0
robot-failures-lp5_1520,3,0.696969696969697,0.0639569759368896,0.0060758590698242,0,1,0,1,0,0,0,0,1,0,0,0,0,0,0,0,0,0,0,0,0,0,1,0,0,0
robot-failures-lp5_1520,3,0.696969696969697,0.1527879238128662,0.0063574314117431,0,1,1,0,0,0,0,0,0,0,0,0,0,0,0,0,1,0,0,0,0,1,0,0,0,0
robot-failures-lp5_1520,3,0.696969696969697,0.06459641456604,0.0064151287078857,1,0,0,0,1,0,0,0,1,0,0,0,0,0,0,0,0,0,0,0,0,0,1,0,0,0
robot-failures-lp5_1520,3,0.696969696969697,0.0620112419128418,0.0060927867889404,1,0,1,0,0,0,0,0,1,0,0,0,0,0,0,0,0,0,0,0,0,0,1,0,0,0
robot-failures-lp5_1520,3,0.696969696969697,0.0648913383483886,0.0063087940216064,1,0,0,1,0,0,0,0,1,0,0,0,0,0,0,0,0,0,0,0,0,0,1,0,0,0
satimage_182,1,0.8328149300155521,1.5027806758880615,0.0111246109008789,1,0,0,1,0,0,0,0,0,1,0,0,0,0,0,0,0,0,0,0,0,0,0,0,1,0
satimage_182,1,0.8328149300155521,1.5177171230316162,0.0108296871185302,0,1,1,0,0,0,0,0,0,0,0,0,0,1,0,0,0,0,0,0,0,0,0,0,1,0
satimage_182,1,0.8328149300155521,1.50230073928833,0.0108668804168701,1,0,0,1,0,0,0,0,0,0,0,0,0,1,0,0,0,0,0,0,0,0,0,0,1,0
satimage_182,1,0.8328149300155521,1.5014233589172363,0.0111551284790039,0,1,1,0,0,0,0,0,0,1,0,0,0,0,0,0,0,0,0,0,0,0,0,0,1,0
satimage_182,1,0.8328149300155521,1.5071179866790771,0.0109806060791015,0,1,0,1,0,0,0,0,0,1,0,0,0,0,0,0,0,0,0,0,0,0,0,0,1,0
satimage_182,1,0.8328149300155521,1.5415658950805664,0.01104736328125,1,0,1,0,0,0,0,0,0,0,0,0,0,1,0,0,0,0,0,0,0,0,0,0,1,0
satimage_182,1,0.8328149300155521,1.5190842151641846,0.0107574462890625,0,1,0,1,0,0,0,0,0,0,0,0,0,1,0,0,0,0,0,0,0,0,0,0,1,0
satimage_182,1,0.8328149300155521,1.568363904953003,0.0111479759216308,1,0,0,0,1,0,0,0,0,0,0,0,0,1,0,0,0,0,0,0,0,0,0,0,1,0
satimage_182,1,0.8328149300155521,2.4926564693450928,0.0108637809753417,1,0,0,0,1,0,0,0,0,1,0,0,0,0,0,0,0,0,0,0,0,0,0,0,1,0
satimage_182,1,0.8328149300155521,1.5186717510223389,0.0112645626068115,0,1,0,0,1,0,0,0,0,0,0,0,0,1,0,0,0,0,0,0,0,0,0,0,1,0
satimage_182,1,0.8328149300155521,1.535200595855713,0.0109617710113525,0,1,0,0,1,0,0,0,0,1,0,0,0,0,0,0,0,0,0,0,0,0,0,0,1,0
satimage_182,1,0.8328149300155521,1.4790880680084229,0.0107853412628173,1,0,1,0,0,0,0,0,0,1,0,0,0,0,0,0,0,0,0,0,0,0,0,0,1,0
satimage_182,1,0.8304821150855366,3.8550870418548575,0.0123398303985595,1,0,1,0,0,0,0,0,0,0,0,0,1,0,0,0,0,0,0,1,0,0,0,0,0,0
satimage_182,1,0.8304821150855366,3.957324743270874,0.012751817703247,1,0,0,0,1,0,0,0,0,0,0,0,1,0,0,0,0,0,0,1,0,0,0,0,0,0
satimage_182,1,0.8304821150855366,3.9876983165740967,0.0125989913940429,0,1,0,0,1,0,0,0,0,0,0,0,1,0,0,0,0,0,0,1,0,0,0,0,0,0
satimage_182,0,0.8304821150855366,3.943331480026245,0.0123817920684814,0,1,0,0,1,0,0,0,0,0,0,0,1,0,0,0,0,0,0,0,0,0,0,0,1,0
satimage_182,0,0.8304821150855366,3.916288137435913,0.0125761032104492,1,0,0,0,1,0,0,0,0,0,0,0,1,0,0,0,0,0,0,0,0,0,0,0,1,0
satimage_182,1,0.8304821150855366,3.944238662719727,0.0128147602081298,1,0,0,1,0,0,0,0,0,0,0,0,1,0,0,0,0,0,0,1,0,0,0,0,0,0
satimage_182,0,0.8304821150855366,3.913497686386109,0.0134942531585693,0,1,0,1,0,0,0,0,0,0,0,0,1,0,0,0,0,0,0,0,0,0,0,0,1,0
satimage_182,1,0.8304821150855366,3.875107526779175,0.0126757621765136,0,1,0,1,0,0,0,0,0,0,0,0,1,0,0,0,0,0,0,1,0,0,0,0,0,0
fri_c4_500_50_805,3,0.92,0.091611623764038,0.0063259601593017,0,1,0,0,1,1,0,0,0,0,0,0,0,0,0,0,0,0,0,0,0,0,0,1,0,0
fri_c4_500_50_805,1,0.92,0.0787622928619384,0.0057156085968017,1,0,1,0,0,1,0,0,0,0,0,0,0,0,0,0,0,0,0,0,0,0,0,1,0,0
fri_c4_500_50_805,1,0.92,0.0798771381378173,0.0057270526885986,1,0,0,1,0,1,0,0,0,0,0,0,0,0,0,0,0,0,0,0,0,0,0,1,0,0
fri_c4_500_50_805,3,0.92,0.0847644805908203,0.0057084560394287,1,0,0,1,0,1,0,0,0,0,0,0,0,0,0,0,0,0,0,0,0,0,0,1,0,0
fri_c4_500_50_805,1,0.92,0.0860729217529296,0.0060248374938964,0,1,0,0,1,1,0,0,0,0,0,0,0,0,0,0,0,0,0,0,0,0,0,1,0,0
fri_c4_500_50_805,1,0.92,0.0804216861724853,0.0059144496917724,1,0,0,0,1,1,0,0,0,0,0,0,0,0,0,0,0,0,0,0,0,0,0,1,0,0
fri_c4_500_50_805,1,0.92,0.0842180252075195,0.0060334205627441,0,1,1,0,0,1,0,0,0,0,0,0,0,0,0,0,0,0,0,0,0,0,1,0,0,0
fri_c4_500_50_805,1,0.92,0.0828454494476318,0.0060639381408691,1,0,0,0,1,1,0,0,0,0,0,0,0,0,0,0,0,0,0,0,0,0,0,0,1,0
fri_c4_500_50_805,0,0.92,2.903724431991577,0.0087206363677978,1,0,0,0,1,0,0,0,0,0,0,0,0,0,1,0,0,0,0,1,0,0,0,0,0,0
fri_c4_500_50_805,2,0.92,0.0805051326751709,0.0061044692993164,1,0,0,0,1,0,0,0,0,0,0,0,0,0,0,0,0,1,0,0,0,0,0,1,0,0
fri_c4_500_50_805,1,0.92,0.0789220333099365,0.0056343078613281,1,0,1,0,0,1,0,0,0,0,0,0,0,0,0,0,0,0,0,0,0,0,1,0,0,0
fri_c4_500_50_805,1,0.92,0.0784621238708496,0.0054638385772705,1,0,1,0,0,1,0,0,0,0,0,0,0,0,0,0,0,0,0,0,0,0,0,0,0,1
fri_c4_500_50_805,1,0.92,0.0862655639648437,0.0062582492828369,0,1,0,1,0,1,0,0,0,0,0,0,0,0,0,0,0,0,0,0,0,0,0,1,0,0
fri_c4_500_50_805,1,0.92,0.0803074836730957,0.0057647228240966,0,1,1,0,0,1,0,0,0,0,0,0,0,0,0,0,0,0,0,0,0,0,0,0,1,0
fri_c4_500_50_805,1,0.92,0.0824968814849853,0.0058538913726806,1,0,0,0,1,1,0,0,0,0,0,0,0,0,0,0,0,0,0,0,0,0,1,0,0,0
fri_c4_500_50_805,0,0.92,3.065683603286743,0.008927583694458,1,0,1,0,0,0,0,0,0,0,0,0,0,0,1,0,0,0,0,1,0,0,0,0,0,0
fri_c4_500_50_805,2,0.92,0.0784850120544433,0.0056896209716796,1,0,0,1,0,0,0,0,0,0,0,0,0,0,0,0,0,1,0,0,0,0,0,1,0,0
fri_c4_500_50_805,1,0.92,0.0872571468353271,0.0058145523071289,1,0,0,1,0,1,0,0,0,0,0,0,0,0,0,0,0,0,0,0,0,0,1,0,0,0
fri_c4_500_50_805,1,0.92,0.0806350708007812,0.0057699680328369,1,0,0,1,0,1,0,0,0,0,0,0,0,0,0,0,0,0,0,0,0,0,0,0,0,1
fri_c4_500_50_805,3,0.92,0.0837123394012451,0.0056498050689697,1,0,0,0,1,1,0,0,0,0,0,0,0,0,0,0,0,0,0,0,0,0,0,1,0,0
SPECT_336,4,0.8867924528301887,0.0630147457122802,0.0060706138610839,0,1,0,0,1,1,0,0,0,0,0,0,0,0,0,0,0,0,0,0,0,0,0,1,0,0
SPECT_336,4,0.8867924528301887,0.0635037422180175,0.0060994625091552,1,0,0,0,1,1,0,0,0,0,0,0,0,0,0,0,0,0,0,0,0,0,0,0,1,0
SPECT_336,4,0.8867924528301887,0.0663216114044189,0.00594162940979,0,1,0,0,1,0,0,1,0,0,0,0,0,0,0,0,0,0,0,0,0,0,0,1,0,0
SPECT_336,4,0.8867924528301887,0.0666084289550781,0.0064215660095214,1,0,1,0,0,1,0,0,0,0,0,0,0,0,0,0,0,0,0,0,1,0,0,0,0,0
SPECT_336,4,0.8867924528301887,0.0642232894897461,0.0060973167419433,1,0,0,0,1,1,0,0,0,0,0,0,0,0,0,0,0,0,0,0,0,0,0,0,0,1
SPECT_336,4,0.8867924528301887,0.0665891170501709,0.0059115886688232,0,1,0,0,1,0,0,1,0,0,0,0,0,0,0,0,0,0,0,0,0,1,0,0,0,0
SPECT_336,2,0.8867924528301887,0.0642883777618408,0.0063631534576416,0,1,0,0,1,0,0,1,0,0,0,0,0,0,0,0,0,0,0,0,0,1,0,0,0,0
SPECT_336,4,0.8867924528301887,0.0628054141998291,0.0059092044830322,1,0,0,1,0,0,0,1,0,0,0,0,0,0,0,0,0,0,0,0,1,0,0,0,0,0
SPECT_336,4,0.8867924528301887,0.0626218318939209,0.0059473514556884,1,0,0,1,0,1,0,0,0,0,0,0,0,0,0,0,0,0,0,0,0,0,0,0,0,1
SPECT_336,4,0.8867924528301887,0.0630416870117187,0.006127119064331,1,0,1,0,0,1,0,0,0,0,0,0,0,0,0,0,0,0,0,0,0,0,0,0,0,1
SPECT_336,4,0.8867924528301887,0.06178879737854,0.0057933330535888,1,0,0,1,0,1,0,0,0,0,0,0,0,0,0,0,0,0,0,0,1,0,0,0,0,0
SPECT_336,4,0.8867924528301887,0.0625994205474853,0.0059854984283447,0,1,0,1,0,1,0,0,0,0,0,0,0,0,0,0,0,0,0,1,0,0,0,0,0,0
SPECT_336,4,0.8867924528301887,0.0640194416046142,0.0060832500457763,0,1,0,1,0,1,0,0,0,0,0,0,0,0,0,0,0,0,0,0,1,0,0,0,0,0
SPECT_336,4,0.8867924528301887,0.0646300315856933,0.005873680114746,0,1,1,0,0,1,0,0,0,0,0,0,0,0,0,0,0,0,0,0,0,0,0,1,0,0
SPECT_336,4,0.8867924528301887,0.0630059242248535,0.0060398578643798,0,1,1,0,0,1,0,0,0,0,0,0,0,0,0,0,0,0,0,0,0,0,1,0,0,0
SPECT_336,4,0.8867924528301887,0.0687179565429687,0.0061190128326416,0,1,0,1,0,0,0,1,0,0,0,0,0,0,0,0,0,0,0,0,0,1,0,0,0,0
SPECT_336,4,0.8867924528301887,0.0652127265930175,0.0060899257659912,1,0,1,0,0,0,0,1,0,0,0,0,0,0,0,0,0,0,0,0,0,0,0,0,1,0
SPECT_336,4,0.8867924528301887,0.0617392063140869,0.0060131549835205,1,0,1,0,0,1,0,0,0,0,0,0,0,0,0,0,0,0,0,1,0,0,0,0,0,0
SPECT_336,4,0.8867924528301887,0.0636913776397705,0.0060291290283203,1,0,1,0,0,0,0,1,0,0,0,0,0,0,0,0,0,0,0,1,0,0,0,0,0,0
SPECT_336,4,0.8867924528301887,0.1815347671508789,0.0061185359954833,1,0,0,0,1,0,0,0,0,0,0,0,1,0,0,0,0,0,0,0,0,1,0,0,0,0
LED-display-domain-7digit_40496,4,0.76,0.0705740451812744,0.00773286819458,1,0,1,0,0,0,0,0,0,0,0,1,0,0,0,0,0,0,0,0,1,0,0,0,0,0
LED-display-domain-7digit_40496,4,0.76,0.0683577060699462,0.0069060325622558,0,1,0,0,1,0,0,0,0,0,0,1,0,0,0,0,0,0,0,0,0,0,0,1,0,0
LED-display-domain-7digit_40496,4,0.76,0.0648012161254882,0.0063278675079345,0,1,0,1,0,0,0,0,0,0,0,1,0,0,0,0,0,0,0,0,0,0,0,0,0,1
LED-display-domain-7digit_40496,4,0.76,0.0647401809692382,0.0063860416412353,1,0,0,0,1,0,0,0,0,0,0,1,0,0,0,0,0,0,0,0,0,0,0,1,0,0
LED-display-domain-7digit_40496,4,0.76,0.0708427429199218,0.0077383518218994,1,0,0,1,0,0,0,0,0,0,0,1,0,0,0,0,0,0,0,0,1,0,0,0,0,0
LED-display-domain-7digit_40496,4,0.76,0.0711443424224853,0.0077745914459228,1,0,0,0,1,0,0,0,0,0,0,1,0,0,0,0,0,0,0,0,1,0,0,0,0,0
LED-display-domain-7digit_40496,4,0.76,0.0642628669738769,0.0062994956970214,0,1,0,0,1,0,0,0,0,0,0,1,0,0,0,0,0,0,0,0,0,0,0,0,1,0
LED-display-domain-7digit_40496,4,0.76,0.061424970626831,0.0061142444610595,1,0,0,0,1,0,0,0,0,0,0,1,0,0,0,0,0,0,0,0,0,0,1,0,0,0
LED-display-domain-7digit_40496,4,0.76,0.0643255710601806,0.0065138339996337,0,1,0,1,0,0,0,0,0,0,0,1,0,0,0,0,0,0,0,0,0,0,1,0,0,0
LED-display-domain-7digit_40496,4,0.76,0.0627055168151855,0.0060701370239257,1,0,0,1,0,0,0,0,0,0,0,1,0,0,0,0,0,0,0,0,0,0,0,1,0,0
LED-display-domain-7digit_40496,4,0.76,0.0687012672424316,0.0063483715057373,0,1,0,0,1,0,0,0,0,0,0,1,0,0,0,0,0,0,0,0,0,0,1,0,0,0
LED-display-domain-7digit_40496,4,0.76,0.0672495365142822,0.0064640045166015,0,1,1,0,0,0,0,0,0,0,0,1,0,0,0,0,0,0,0,0,0,0,1,0,0,0
LED-display-domain-7digit_40496,4,0.76,0.0671989917755127,0.0062651634216308,0,1,0,1,0,0,0,0,0,0,0,1,0,0,0,0,0,0,0,0,0,0,0,0,1,0
LED-display-domain-7digit_40496,4,0.76,0.0665287971496582,2.304066896438598,0,1,0,0,1,0,0,0,0,0,0,1,0,0,0,0,0,0,0,0,1,0,0,0,0,0
LED-display-domain-7digit_40496,4,0.76,0.0669696331024169,0.0064516067504882,1,0,0,0,1,0,0,0,0,0,0,1,0,0,0,0,0,0,0,0,0,0,0,0,0,1
LED-display-domain-7digit_40496,4,0.76,0.0651228427886962,0.0063610076904296,0,1,1,0,0,0,0,0,0,0,0,1,0,0,0,0,0,0,0,0,0,0,0,0,0,1
LED-display-domain-7digit_40496,4,0.76,0.0656397342681884,0.0065712928771972,1,0,1,0,0,0,0,0,0,0,0,1,0,0,0,0,0,0,0,0,0,0,0,0,1,0
LED-display-domain-7digit_40496,4,0.76,0.0676603317260742,0.0062875747680664,1,0,0,0,1,0,0,0,0,0,0,1,0,0,0,0,0,0,0,1,0,0,0,0,0,0
LED-display-domain-7digit_40496,4,0.76,0.0655059814453125,0.0064387321472167,1,0,0,1,0,0,0,0,0,0,0,1,0,0,0,0,0,0,0,0,0,0,0,0,1,0
LED-display-domain-7digit_40496,4,0.76,0.0644605159759521,0.0063354969024658,0,1,1,0,0,0,0,0,0,0,0,1,0,0,0,0,0,0,0,1,0,0,0,0,0,0
Mammographic-Mass-Data-Set_45557,0,0.844559585492228,0.3860645294189453,0.0067076683044433,0,1,0,1,0,0,0,0,0,0,0,0,0,0,0,0,1,0,0,0,0,0,0,1,0,0
Mammographic-Mass-Data-Set_45557,0,0.844559585492228,0.3956248760223388,0.0065784454345703,0,1,0,1,0,0,0,0,0,0,0,0,1,0,0,0,0,0,0,0,0,0,0,1,0,0
Mammographic-Mass-Data-Set_45557,0,0.844559585492228,0.3812649250030517,0.0065419673919677,0,1,0,0,1,0,0,0,0,0,0,0,0,0,0,0,1,0,0,0,0,0,0,1,0,0
Mammographic-Mass-Data-Set_45557,0,0.844559585492228,0.3912832736968994,0.006887674331665,0,1,1,0,0,0,0,0,0,0,0,0,1,0,0,0,0,0,0,0,0,0,0,1,0,0
Mammographic-Mass-Data-Set_45557,0,0.844559585492228,0.3876795768737793,0.0067584514617919,0,1,1,0,0,0,0,0,0,0,0,0,0,0,0,0,1,0,0,0,0,0,0,1,0,0
Mammographic-Mass-Data-Set_45557,0,0.844559585492228,0.1842758655548095,0.0110397338867187,0,1,1,0,0,0,0,0,0,0,0,0,0,0,0,1,0,0,0,0,0,0,0,1,0,0
Mammographic-Mass-Data-Set_45557,0,0.844559585492228,0.2113487720489502,0.0108485221862792,0,1,0,1,0,0,0,0,0,0,0,0,0,0,0,1,0,0,0,0,0,0,0,1,0,0
Mammographic-Mass-Data-Set_45557,0,0.844559585492228,0.413358211517334,0.0066690444946289,0,1,0,0,1,0,0,0,0,0,0,0,1,0,0,0,0,0,0,0,0,0,0,1,0,0
Mammographic-Mass-Data-Set_45557,0,0.844559585492228,0.1769142150878906,0.0103781223297119,0,1,0,0,1,0,0,0,0,0,0,0,0,0,0,1,0,0,0,0,0,0,0,1,0,0
Mammographic-Mass-Data-Set_45557,0,0.8393782383419689,0.0756189823150634,0.0062270164489746,0,1,0,0,1,0,0,0,0,0,0,0,0,0,1,0,0,0,0,0,1,0,0,0,0,0
Mammographic-Mass-Data-Set_45557,0,0.8393782383419689,0.0778496265411377,0.0063719749450683,0,1,0,1,0,0,0,0,0,0,0,0,0,0,1,0,0,0,0,0,1,0,0,0,0,0
Mammographic-Mass-Data-Set_45557,0,0.8393782383419689,0.0788455009460449,0.006227970123291,0,1,1,0,0,0,0,0,0,0,0,0,0,0,1,0,0,0,0,0,1,0,0,0,0,0
Mammographic-Mass-Data-Set_45557,0,0.8393782383419689,0.0738492012023925,0.0063261985778808,0,1,1,0,0,0,0,0,0,0,0,0,0,0,0,0,0,0,1,0,0,0,0,1,0,0
Mammographic-Mass-Data-Set_45557,0,0.8393782383419689,0.0694069862365722,0.0061604976654052,0,1,0,1,0,0,0,0,0,0,0,0,0,0,0,0,0,0,1,0,0,0,0,1,0,0
Mammographic-Mass-Data-Set_45557,0,0.8393782383419689,0.0701792240142822,0.0061454772949218,0,1,0,0,1,0,0,0,0,0,0,0,0,0,0,0,0,0,1,0,0,0,0,1,0,0
Mammographic-Mass-Data-Set_45557,0,0.8341968911917098,0.0930018424987793,0.0063600540161132,0,1,1,0,0,0,0,0,0,0,0,0,0,0,1,0,0,0,0,0,0,0,0,0,0,1
Mammographic-Mass-Data-Set_45557,0,0.8341968911917098,0.078031301498413,0.0064091682434082,0,1,0,0,1,0,0,0,0,0,0,0,0,0,1,0,0,0,0,0,0,0,0,0,0,1
Mammographic-Mass-Data-Set_45557,0,0.8341968911917098,0.0795047283172607,0.0070064067840576,0,1,0,1,0,0,0,0,0,0,0,0,0,0,1,0,0,0,0,0,0,0,0,0,0,1
Mammographic-Mass-Data-Set_45557,0,0.8290155440414507,0.0783705711364746,0.0063667297363281,0,1,0,1,0,0,0,0,0,0,0,0,0,1,0,0,0,0,0,0,0,0,0,1,0,0
Mammographic-Mass-Data-Set_45557,0,0.8290155440414507,0.103243350982666,0.0061554908752441,0,1,0,0,1,0,0,0,0,1,0,0,0,0,0,0,0,0,0,0,0,0,0,1,0,0
vote_56,1,1.0,0.0742330551147461,0.0058214664459228,0,1,0,0,1,0,0,0,0,0,0,1,0,0,0,0,0,0,0,0,0,1,0,0,0,0
vote_56,1,1.0,0.1552398204803466,0.0059685707092285,0,1,0,0,1,0,0,0,0,0,0,0,0,0,1,0,0,0,0,0,0,1,0,0,0,0
vote_56,1,1.0,0.0885753631591796,0.0063495635986328,0,1,0,0,1,0,0,0,0,0,0,0,0,0,1,0,0,0,0,0,0,0,0,0,1,0
vote_56,1,0.9885057471264368,0.0682253837585449,0.0058743953704833,0,1,0,0,1,1,0,0,0,0,0,0,0,0,0,0,0,0,0,0,0,1,0,0,0,0
vote_56,1,0.9885057471264368,0.2042691707611084,0.0091266632080078,0,1,0,1,0,0,0,0,0,0,0,0,0,0,1,0,0,0,0,0,0,0,0,0,1,0
vote_56,1,0.9885057471264368,0.072115421295166,0.0058703422546386,0,1,0,0,1,0,0,0,0,0,0,1,0,0,0,0,0,0,0,1,0,0,0,0,0,0
vote_56,1,0.9885057471264368,0.0689535140991211,0.0058684349060058,0,1,0,0,1,0,0,0,0,0,0,1,0,0,0,0,0,0,0,0,0,0,0,0,1,0
vote_56,1,0.9885057471264368,0.1805818080902099,0.008169412612915,1,0,0,1,0,0,0,0,0,0,0,0,0,0,1,0,0,0,0,0,0,0,0,0,1,0
vote_56,1,0.9885057471264368,0.070115327835083,0.0057885646820068,0,1,0,0,1,0,0,0,0,0,0,1,0,0,0,0,0,0,0,0,0,0,0,1,0,0
vote_56,1,0.9885057471264368,0.0903596878051757,0.0056750774383544,0,1,0,0,1,0,1,0,0,0,0,0,0,0,0,0,0,0,0,0,0,0,0,1,0,0
vote_56,1,0.9885057471264368,0.2362451553344726,0.0059387683868408,0,1,0,1,0,0,0,0,0,0,0,0,0,0,0,0,1,0,0,0,0,1,0,0,0,0
vote_56,1,0.9885057471264368,0.0727448463439941,0.0063090324401855,0,1,0,0,1,0,0,0,0,0,0,1,0,0,0,0,0,0,0,0,0,0,1,0,0,0
vote_56,0,0.9885057471264368,0.0665788650512695,0.0059959888458251,0,1,0,0,1,0,0,0,0,0,1,0,0,0,0,0,0,0,0,1,0,0,0,0,0,0
vote_56,1,0.9885057471264368,0.0741233825683593,0.0064492225646972,0,1,0,0,1,0,0,0,0,0,1,0,0,0,0,0,0,0,0,0,0,1,0,0,0,0
vote_56,1,0.9885057471264368,0.2511134147644043,0.0065557956695556,0,1,0,0,1,0,0,0,0,0,0,0,1,0,0,0,0,0,0,0,0,0,0,0,1,0
vote_56,1,0.9885057471264368,0.0665934085845947,0.0058183670043945,0,1,0,0,1,0,0,0,0,0,0,1,0,0,0,0,0,0,0,0,0,0,0,0,0,1
vote_56,1,0.9885057471264368,0.2344541549682617,0.0062026977539062,0,1,0,0,1,0,0,0,0,0,0,0,1,0,0,0,0,0,0,0,0,1,0,0,0,0
vote_56,1,0.9885057471264368,0.2392261028289795,0.0061419010162353,0,1,0,0,1,0,0,0,0,0,0,0,1,0,0,0,0,0,0,0,1,0,0,0,0,0
vote_56,1,0.9885057471264368,0.1324272155761718,0.0093495845794677,0,1,0,0,1,0,0,0,0,0,0,0,0,0,0,1,0,0,0,0,0,1,0,0,0,0
vote_56,1,0.9885057471264368,0.0871031284332275,0.0087583065032958,0,1,0,0,1,0,0,0,0,0,0,1,0,0,0,0,0,0,0,0,1,0,0,0,0,0
chscase_census2_909,3,0.6625,0.0802230834960937,0.006237506866455,0,1,0,0,1,0,0,0,0,0,0,0,0,1,0,0,0,0,0,0,0,0,0,1,0,0
chscase_census2_909,3,0.6625,0.0792663097381591,0.0059742927551269,0,1,1,0,0,0,0,0,0,0,0,0,0,1,0,0,0,0,0,0,0,0,0,1,0,0
chscase_census2_909,3,0.6625,0.0997929573059082,0.0063803195953369,1,0,1,0,0,0,0,0,0,1,0,0,0,0,0,0,0,0,0,0,0,0,0,1,0,0
chscase_census2_909,3,0.6625,0.0973508358001709,0.0065972805023193,0,1,1,0,0,0,0,0,0,1,0,0,0,0,0,0,0,0,0,0,0,0,0,1,0,0
chscase_census2_909,3,0.6625,0.1069989204406738,0.0069601535797119,1,0,0,1,0,0,0,0,0,1,0,0,0,0,0,0,0,0,0,0,0,0,0,1,0,0
chscase_census2_909,3,0.6625,0.0810804367065429,0.005915880203247,1,0,0,0,1,0,0,0,0,0,0,0,0,1,0,0,0,0,0,0,0,0,0,1,0,0
chscase_census2_909,3,0.6625,0.0785870552062988,0.0059013366699218,0,1,0,1,0,0,0,0,0,0,0,0,0,1,0,0,0,0,0,0,0,0,0,1,0,0
chscase_census2_909,3,0.6625,0.0844380855560302,0.006894826889038,1,0,0,1,0,0,0,0,0,0,0,0,0,1,0,0,0,0,0,0,0,0,0,1,0,0
chscase_census2_909,3,0.6625,0.1083078384399414,0.007514476776123,0,1,0,1,0,0,0,0,0,1,0,0,0,0,0,0,0,0,0,0,0,0,0,1,0,0
chscase_census2_909,3,0.6625,0.1018600463867187,0.006803274154663,1,0,0,0,1,0,0,0,0,1,0,0,0,0,0,0,0,0,0,0,0,0,0,1,0,0
chscase_census2_909,3,0.6625,0.0930540561676025,0.0063605308532714,0,1,0,0,1,0,0,0,0,1,0,0,0,0,0,0,0,0,0,0,0,0,0,1,0,0
chscase_census2_909,3,0.6625,0.0842976570129394,0.0063762664794921,1,0,1,0,0,0,0,0,0,0,0,0,0,1,0,0,0,0,0,0,0,0,0,1,0,0
chscase_census2_909,2,0.6375,0.0769059658050537,0.0062949657440185,0,1,0,1,0,0,0,0,0,0,1,0,0,0,0,0,0,0,0,1,0,0,0,0,0,0
chscase_census2_909,2,0.6375,0.0738685131072998,0.006514549255371,0,1,1,0,0,0,0,0,0,0,1,0,0,0,0,0,0,0,0,1,0,0,0,0,0,0
chscase_census2_909,4,0.6375,0.1294257640838623,0.0097763538360595,0,1,0,0,1,0,0,0,0,0,0,0,0,0,0,1,0,0,0,0,0,0,1,0,0,0
chscase_census2_909,4,0.6375,0.1315641403198242,0.00958251953125,1,0,0,1,0,0,0,0,0,0,0,0,0,0,0,1,0,0,0,0,0,0,1,0,0,0
chscase_census2_909,2,0.6375,0.0757555961608886,0.006279706954956,0,1,0,0,1,0,0,0,0,0,1,0,0,0,0,0,0,0,0,1,0,0,0,0,0,0
chscase_census2_909,2,0.6375,0.0709319114685058,0.0058579444885253,1,0,1,0,0,0,0,0,0,0,1,0,0,0,0,0,0,0,0,1,0,0,0,0,0,0
chscase_census2_909,4,0.6375,0.1316876411437988,0.0101397037506103,1,0,0,0,1,0,0,0,0,0,0,0,0,0,0,1,0,0,0,0,0,0,1,0,0,0
chscase_census2_909,4,0.6375,0.1261889934539795,0.0097570419311523,0,1,0,1,0,0,0,0,0,0,0,0,0,0,0,1,0,0,0,0,0,0,1,0,0,0
autoPrice_756,1,1.0,0.0624220371246337,0.0056798458099365,1,0,1,0,0,0,0,0,0,0,0,0,0,0,0,0,0,0,1,0,1,0,0,0,0,0
autoPrice_756,2,1.0,0.0704183578491211,0.0058236122131347,1,0,1,0,0,0,1,0,0,0,0,0,0,0,0,0,0,0,0,0,1,0,0,0,0,0
autoPrice_756,0,1.0,0.0743436813354492,0.007451057434082,1,0,1,0,0,0,0,0,0,0,0,1,0,0,0,0,0,0,0,0,1,0,0,0,0,0
autoPrice_756,1,1.0,0.0733931064605712,0.0074446201324462,1,0,1,0,0,0,0,0,0,0,0,1,0,0,0,0,0,0,0,0,1,0,0,0,0,0
autoPrice_756,1,1.0,0.0897014141082763,0.0065124034881591,0,1,0,0,1,0,0,0,0,1,0,0,0,0,0,0,0,0,0,0,0,0,0,1,0,0
autoPrice_756,3,1.0,0.0738368034362793,0.0073750019073486,1,0,1,0,0,0,0,0,0,0,0,1,0,0,0,0,0,0,0,0,1,0,0,0,0,0
autoPrice_756,1,1.0,0.0611243247985839,0.0056474208831787,1,0,1,0,0,0,0,0,1,0,0,0,0,0,0,0,0,0,0,0,1,0,0,0,0,0
autoPrice_756,1,1.0,0.0656342506408691,0.0059363842010498,1,0,0,0,1,1,0,0,0,0,0,0,0,0,0,0,0,0,0,1,0,0,0,0,0,0
autoPrice_756,3,1.0,0.0667171478271484,0.0062401294708251,1,0,0,0,1,1,0,0,0,0,0,0,0,0,0,0,0,0,0,1,0,0,0,0,0,0
autoPrice_756,4,1.0,0.1377792358398437,0.0064525604248046,1,0,0,0,1,0,0,0,0,0,0,0,0,0,0,0,1,0,0,1,0,0,0,0,0,0
autoPrice_756,1,1.0,0.1104509830474853,0.0090374946594238,1,0,0,0,1,0,0,0,0,0,0,0,0,0,0,1,0,0,0,1,0,0,0,0,0,0
autoPrice_756,1,1.0,0.0639290809631347,0.005796194076538,1,0,0,0,1,0,0,1,0,0,0,0,0,0,0,0,0,0,0,1,0,0,0,0,0,0
autoPrice_756,3,1.0,0.0729842185974121,0.0063178539276123,1,0,0,0,1,0,0,0,0,0,0,1,0,0,0,0,0,0,0,0,0,0,0,0,1,0
autoPrice_756,1,1.0,0.0649137496948242,0.0059044361114501,1,0,0,0,1,0,0,0,0,0,1,0,0,0,0,0,0,0,0,1,0,0,0,0,0,0
autoPrice_756,1,1.0,0.0947413444519043,0.0063574314117431,1,0,0,0,1,0,0,0,0,1,0,0,0,0,0,0,0,0,0,1,0,0,0,0,0,0
autoPrice_756,0,1.0,0.065507173538208,0.0057837963104248,1,0,0,0,1,1,0,0,0,0,0,0,0,0,0,0,0,0,0,1,0,0,0,0,0,0
autoPrice_756,0,1.0,0.0700728893280029,0.0064918994903564,1,0,0,0,1,0,0,0,0,0,1,0,0,0,0,0,0,0,0,0,0,0,0,0,1,0
autoPrice_756,1,1.0,0.0695972442626953,0.0062463283538818,1,0,0,0,1,0,0,0,0,0,1,0,0,0,0,0,0,0,0,0,0,0,0,0,1,0
autoPrice_756,1,1.0,0.1076025962829589,0.0089435577392578,1,0,0,0,1,0,0,0,0,0,0,0,0,0,0,1,0,0,0,0,0,0,0,0,1,0
autoPrice_756,0,1.0,0.0732471942901611,0.0063197612762451,1,0,0,0,1,0,0,0,0,0,0,1,0,0,0,0,0,0,0,0,0,0,0,0,1,0
