Dataset,Fold,Fold Accuracy,Training Time,Testing Time,Imputer Strategy_none,Imputer Strategy_simpleimputer,Categorical Strategy_none,Categorical Strategy_onehot,Categorical Strategy_ordinalencoder,Feature Selection_extra_tree,Feature Selection_fastica,Feature Selection_feature_agglomeration,Feature Selection_generic_univariate,Feature Selection_kernel_pca,Feature Selection_linear_svc,Feature Selection_none,Feature Selection_nystroem,Feature Selection_pca,Feature Selection_polynomial_features,Feature Selection_random_trees_embedding,Feature Selection_rbf_sampler,Feature Selection_select_percentile,Feature Selection_truncated_svd,Scaler_minmax,Scaler_none,Scaler_normalizer,Scaler_power,Scaler_quantile,Scaler_robust,Scaler_standard
sick_38,1,0.96158940397351,0.1634211540222168,0.0003561973571777,1,0,0,1,0,0,0,0,0,0,0,0,0,0,0,1,0,0,0,0,0,0,0,1,0,0
sick_38,0,0.9562913907284768,0.2635135650634765,0.0004103183746337,1,0,0,0,1,0,0,0,0,0,0,0,0,0,0,1,0,0,0,0,0,0,0,0,0,1
sick_38,0,0.9562913907284768,0.9052095413208008,0.0003700256347656,1,0,0,0,1,0,0,0,0,0,0,0,0,0,0,1,0,0,0,0,1,0,0,0,0,0
sick_38,0,0.9562913907284768,0.3531959056854248,0.0003755092620849,1,0,0,0,1,0,0,0,0,0,0,0,0,0,0,1,0,0,0,1,0,0,0,0,0,0
sick_38,0,0.9562913907284768,0.3453083038330078,0.0003590583801269,1,0,0,0,1,0,0,0,0,0,0,0,0,0,0,1,0,0,0,0,0,0,0,0,1,0
sick_38,0,0.952317880794702,0.1206161975860595,0.0004243850708007,1,0,0,1,0,0,0,0,0,0,0,0,0,0,0,1,0,0,0,0,1,0,0,0,0,0
sick_38,0,0.952317880794702,0.1179296970367431,0.0003719329833984,1,0,0,1,0,0,0,0,0,0,0,0,0,0,0,1,0,0,0,1,0,0,0,0,0,0
sick_38,0,0.952317880794702,0.1183137893676757,0.000420331954956,1,0,0,1,0,0,0,0,0,0,0,0,0,0,0,1,0,0,0,0,0,0,0,0,0,1
sick_38,0,0.952317880794702,0.1184394359588623,0.0003650188446044,1,0,0,1,0,0,0,0,0,0,0,0,0,0,0,1,0,0,0,0,0,0,0,0,1,0
sick_38,0,0.9496688741721856,0.1571323871612548,0.000370979309082,1,0,0,1,0,0,0,0,0,0,0,0,0,0,0,1,0,0,0,0,0,0,0,1,0,0
sick_38,4,0.9482758620689656,0.156273603439331,0.0003912448883056,1,0,0,0,1,0,0,0,0,0,0,0,0,0,0,1,0,0,0,1,0,0,0,0,0,0
sick_38,4,0.9482758620689656,0.1533238887786865,0.0003738403320312,1,0,0,0,1,0,0,0,0,0,0,0,0,0,0,1,0,0,0,0,1,0,0,0,0,0
sick_38,4,0.9482758620689656,0.1595222949981689,0.0003724098205566,1,0,0,0,1,0,0,0,0,0,0,0,0,0,0,1,0,0,0,0,0,0,0,0,0,1
sick_38,4,0.9482758620689656,0.1508786678314209,0.0004744529724121,1,0,0,0,1,0,0,0,0,0,0,0,0,0,0,1,0,0,0,0,0,0,0,0,1,0
sick_38,4,0.946949602122016,0.1297438144683838,0.000417947769165,1,0,0,1,0,0,0,0,0,0,0,0,0,0,0,1,0,0,0,0,0,0,0,1,0,0
sick_38,4,0.9442970822281168,0.2066493034362793,0.0003647804260253,1,0,0,1,0,0,0,0,0,0,0,0,0,0,0,1,0,0,0,0,0,0,0,0,0,1
sick_38,4,0.9442970822281168,0.2073924541473388,0.0003762245178222,1,0,0,1,0,0,0,0,0,0,0,0,0,0,0,1,0,0,0,0,1,0,0,0,0,0
sick_38,4,0.9442970822281168,0.2021160125732422,0.0003771781921386,1,0,0,0,1,0,0,0,0,0,0,0,0,0,0,1,0,0,0,0,0,0,0,1,0,0
sick_38,4,0.9442970822281168,0.2085082530975341,0.0003619194030761,1,0,0,1,0,0,0,0,0,0,0,0,0,0,0,1,0,0,0,1,0,0,0,0,0,0
sick_38,4,0.9442970822281168,0.2098777294158935,0.0003702640533447,1,0,0,1,0,0,0,0,0,0,0,0,0,0,0,1,0,0,0,0,0,0,0,0,1,0
autoUniv-au6-1000_1555,3,0.325,0.0021378993988037,0.0001256465911865,0,1,0,0,1,0,0,0,1,0,0,0,0,0,0,0,0,0,0,0,0,0,0,1,0,0
autoUniv-au6-1000_1555,3,0.325,0.0017416477203369,0.0001137256622314,1,0,0,1,0,0,0,0,1,0,0,0,0,0,0,0,0,0,0,0,0,0,0,1,0,0
autoUniv-au6-1000_1555,3,0.325,0.0017287731170654,0.0001137256622314,0,1,0,1,0,0,0,0,1,0,0,0,0,0,0,0,0,0,0,0,0,0,0,1,0,0
autoUniv-au6-1000_1555,3,0.325,0.0017488002777099,0.0001153945922851,1,0,0,0,1,0,0,0,1,0,0,0,0,0,0,0,0,0,0,0,0,0,0,1,0,0
autoUniv-au6-1000_1555,3,0.315,0.0149207115173339,0.0002439022064208,1,0,0,0,1,1,0,0,0,0,0,0,0,0,0,0,0,0,0,0,1,0,0,0,0,0
autoUniv-au6-1000_1555,3,0.315,0.0030434131622314,0.0001313686370849,0,1,0,0,1,0,0,0,0,0,0,0,0,0,0,0,0,1,0,0,0,0,0,0,0,1
autoUniv-au6-1000_1555,3,0.315,0.0029842853546142,0.0001223087310791,1,0,0,0,1,0,0,0,0,0,0,0,0,0,0,0,0,1,0,0,0,0,0,0,1,0
autoUniv-au6-1000_1555,3,0.315,0.0033855438232421,0.000126838684082,1,0,0,0,1,0,0,0,0,0,0,0,0,0,0,0,0,1,0,1,0,0,0,0,0,0
autoUniv-au6-1000_1555,3,0.315,0.003049612045288,0.0001366138458251,0,1,0,0,1,0,0,0,0,0,0,0,0,0,0,0,0,1,0,1,0,0,0,0,0,0
autoUniv-au6-1000_1555,3,0.315,0.003366470336914,0.0001299381256103,0,1,0,0,1,0,0,0,0,0,0,0,0,0,0,0,0,1,0,0,0,0,0,0,1,0
autoUniv-au6-1000_1555,3,0.315,0.0023951530456542,0.0001323223114013,1,0,0,0,1,0,0,0,0,0,0,0,0,0,0,0,0,1,0,0,0,0,0,0,0,1
autoUniv-au6-1000_1555,3,0.315,0.0173671245574951,0.0003664493560791,0,1,0,0,1,1,0,0,0,0,0,0,0,0,0,0,0,0,0,0,1,0,0,0,0,0
autoUniv-au6-1000_1555,3,0.31,0.0019464492797851,0.0001633167266845,1,0,0,0,1,0,0,0,0,0,0,0,0,0,0,0,0,0,1,0,0,0,1,0,0,0
autoUniv-au6-1000_1555,3,0.31,0.0018653869628906,0.0001239776611328,0,1,0,0,1,0,0,0,0,0,0,0,0,0,0,0,0,0,1,0,0,0,0,0,1,0
autoUniv-au6-1000_1555,3,0.31,0.0113582611083984,0.0001816749572753,0,1,0,1,0,1,0,0,0,0,0,0,0,0,0,0,0,0,0,0,0,1,0,0,0,0
autoUniv-au6-1000_1555,3,0.31,0.0033433437347412,0.0001416206359863,1,0,0,1,0,0,0,1,0,0,0,0,0,0,0,0,0,0,0,0,1,0,0,0,0,0
autoUniv-au6-1000_1555,3,0.31,0.0045878887176513,0.0004348754882812,1,0,0,1,0,0,0,0,0,0,0,0,1,0,0,0,0,0,0,0,1,0,0,0,0,0
autoUniv-au6-1000_1555,3,0.31,0.0034205913543701,0.0001428127288818,0,1,0,0,1,0,0,1,0,0,0,0,0,0,0,0,0,0,0,0,1,0,0,0,0,0
autoUniv-au6-1000_1555,3,0.31,0.0017919540405273,0.0001134872436523,1,0,0,1,0,0,0,0,1,0,0,0,0,0,0,0,0,0,0,0,0,0,1,0,0,0
autoUniv-au6-1000_1555,3,0.31,0.0019235610961914,0.000124454498291,0,1,0,0,1,0,0,0,1,0,0,0,0,0,0,0,0,0,0,0,0,0,0,0,1,0
analcatdata_creditscore_461,4,1.0,0.0009474754333496,0.0001139640808105,1,0,1,0,0,0,0,0,1,0,0,0,0,0,0,0,0,0,0,0,1,0,0,0,0,0
analcatdata_creditscore_461,4,1.0,0.0009999275207519,0.0001072883605957,0,1,0,0,1,0,0,0,0,1,0,0,0,0,0,0,0,0,0,0,0,0,0,1,0,0
analcatdata_creditscore_461,0,1.0,0.0018784999847412,0.0008046627044677,1,0,1,0,0,0,0,0,0,0,0,1,0,0,0,0,0,0,0,0,1,0,0,0,0,0
analcatdata_creditscore_461,1,1.0,0.0016791820526123,0.000770092010498,1,0,1,0,0,0,0,0,0,0,0,1,0,0,0,0,0,0,0,0,1,0,0,0,0,0
analcatdata_creditscore_461,3,1.0,0.0008752346038818,0.0001053810119628,1,0,1,0,0,0,0,0,1,0,0,0,0,0,0,0,0,0,0,0,1,0,0,0,0,0
analcatdata_creditscore_461,3,1.0,0.001638650894165,0.0007932186126708,1,0,1,0,0,0,0,0,0,0,0,1,0,0,0,0,0,0,0,0,1,0,0,0,0,0
analcatdata_creditscore_461,4,1.0,0.0016658306121826,0.0008037090301513,1,0,1,0,0,0,0,0,0,0,0,1,0,0,0,0,0,0,0,0,1,0,0,0,0,0
analcatdata_creditscore_461,4,1.0,0.0008201599121093,0.000101089477539,1,0,1,0,0,0,0,0,0,0,0,0,0,0,0,0,0,1,0,0,1,0,0,0,0,0
analcatdata_creditscore_461,3,1.0,0.0009186267852783,0.0001032352447509,1,0,1,0,0,0,0,0,0,0,0,0,0,0,0,0,0,1,0,0,1,0,0,0,0,0
analcatdata_creditscore_461,3,1.0,0.0011525154113769,0.0001101493835449,0,1,0,0,1,0,0,0,0,1,0,0,0,0,0,0,0,0,0,0,0,0,0,1,0,0
analcatdata_creditscore_461,3,1.0,0.0009362697601318,0.0001068115234375,1,0,1,0,0,0,0,0,0,0,0,0,0,1,0,0,0,0,0,0,1,0,0,0,0,0
analcatdata_creditscore_461,4,1.0,0.0009553432464599,0.0001087188720703,1,0,1,0,0,0,0,0,0,0,0,0,0,0,1,0,0,0,0,0,1,0,0,0,0,0
analcatdata_creditscore_461,1,1.0,0.0009467601776123,0.0001399517059326,0,1,0,0,1,0,0,0,0,1,0,0,0,0,0,0,0,0,0,0,0,0,0,1,0,0
analcatdata_creditscore_461,0,1.0,0.0008959770202636,0.0001068115234375,0,1,0,0,1,0,0,0,0,1,0,0,0,0,0,0,0,0,0,0,0,0,0,1,0,0
analcatdata_creditscore_461,4,1.0,0.0007603168487548,0.0001013278961181,0,1,0,0,1,0,0,0,0,0,1,0,0,0,0,0,0,0,0,0,0,0,0,1,0,0
analcatdata_creditscore_461,3,1.0,0.0009272098541259,0.000112771987915,1,0,1,0,0,0,0,0,0,0,0,0,0,0,1,0,0,0,0,0,1,0,0,0,0,0
analcatdata_creditscore_461,1,1.0,0.0009698867797851,0.0001134872436523,1,0,1,0,0,0,0,0,0,0,0,0,0,0,1,0,0,0,0,0,1,0,0,0,0,0
analcatdata_creditscore_461,0,1.0,0.0008442401885986,0.0001027584075927,1,0,1,0,0,0,0,0,0,0,0,0,0,0,0,0,0,0,1,0,1,0,0,0,0,0
analcatdata_creditscore_461,1,1.0,0.0009539127349853,0.000108003616333,1,0,1,0,0,0,0,0,0,0,0,0,0,0,0,0,0,0,1,0,1,0,0,0,0,0
analcatdata_creditscore_461,0,1.0,0.0009615421295166,0.0001091957092285,1,0,1,0,0,0,0,0,0,0,0,0,0,0,1,0,0,0,0,0,1,0,0,0,0,0
sa-heart_1498,2,0.8260869565217391,0.0012037754058837,0.0001196861267089,1,0,0,0,1,0,0,1,0,0,0,0,0,0,0,0,0,0,0,0,0,0,0,0,0,1
sa-heart_1498,2,0.8260869565217391,0.0010526180267333,0.0001215934753417,1,0,1,0,0,0,0,1,0,0,0,0,0,0,0,0,0,0,0,0,0,0,0,0,0,1
sa-heart_1498,2,0.8260869565217391,0.0010693073272705,0.0001215934753417,1,0,0,1,0,0,0,1,0,0,0,0,0,0,0,0,0,0,0,0,0,0,0,0,0,1
sa-heart_1498,2,0.8260869565217391,0.0010974407196044,0.0001182556152343,0,1,0,1,0,0,0,1,0,0,0,0,0,0,0,0,0,0,0,0,0,0,0,0,0,1
sa-heart_1498,2,0.8260869565217391,0.0011208057403564,0.0001223087310791,0,1,1,0,0,0,0,1,0,0,0,0,0,0,0,0,0,0,0,0,0,0,0,0,0,1
sa-heart_1498,2,0.8260869565217391,0.0010781288146972,0.0001239776611328,0,1,0,0,1,0,0,1,0,0,0,0,0,0,0,0,0,0,0,0,0,0,0,0,0,1
sa-heart_1498,2,0.8152173913043478,0.0010707378387451,0.0001425743103027,0,1,1,0,0,0,0,1,0,0,0,0,0,0,0,0,0,0,0,0,0,0,1,0,0,0
sa-heart_1498,2,0.8152173913043478,0.0014443397521972,0.0001187324523925,1,0,0,0,1,0,0,1,0,0,0,0,0,0,0,0,0,0,0,0,0,0,1,0,0,0
sa-heart_1498,2,0.8152173913043478,0.0011141300201416,0.0001211166381835,0,1,0,0,1,0,0,1,0,0,0,0,0,0,0,0,0,0,0,0,0,0,1,0,0,0
sa-heart_1498,2,0.8152173913043478,0.001082420349121,0.0001187324523925,0,1,0,1,0,0,0,1,0,0,0,0,0,0,0,0,0,0,0,0,0,0,1,0,0,0
sa-heart_1498,2,0.8152173913043478,0.0011148452758789,0.0001223087310791,1,0,0,1,0,0,0,1,0,0,0,0,0,0,0,0,0,0,0,0,0,0,1,0,0,0
sa-heart_1498,2,0.8152173913043478,0.0011110305786132,0.0001249313354492,1,0,1,0,0,0,0,1,0,0,0,0,0,0,0,0,0,0,0,0,0,0,1,0,0,0
sa-heart_1498,2,0.8043478260869565,0.0040869712829589,0.0001611709594726,1,0,0,1,0,0,0,0,0,0,0,0,0,0,1,0,0,0,0,0,0,0,0,0,1,0
sa-heart_1498,2,0.8043478260869565,0.0030252933502197,0.0001232624053955,0,1,0,0,1,0,0,0,0,0,0,0,0,0,1,0,0,0,0,1,0,0,0,0,0,0
sa-heart_1498,2,0.8043478260869565,0.0074672698974609,0.0001935958862304,1,0,1,0,0,0,0,0,0,0,0,0,0,0,0,0,1,0,0,1,0,0,0,0,0,0
sa-heart_1498,2,0.8043478260869565,0.0058801174163818,0.0001242160797119,0,1,0,0,1,0,0,0,0,0,0,0,0,0,1,0,0,0,0,0,0,0,0,0,0,1
sa-heart_1498,2,0.8043478260869565,0.0035498142242431,0.000124454498291,1,0,0,1,0,0,0,0,0,0,0,0,0,0,1,0,0,0,0,0,0,0,0,0,0,1
sa-heart_1498,2,0.8043478260869565,0.0074784755706787,0.0001378059387207,0,1,0,0,1,0,0,0,0,0,0,0,0,0,0,0,1,0,0,1,0,0,0,0,0,0
sa-heart_1498,2,0.8043478260869565,0.0040540695190429,0.0001230239868164,1,0,0,0,1,0,0,0,0,0,0,0,0,0,1,0,0,0,0,0,0,0,0,0,1,0
sa-heart_1498,2,0.8043478260869565,0.0010275840759277,0.0001177787780761,1,0,0,0,1,0,0,0,0,0,0,0,0,0,0,0,0,0,1,0,0,0,0,1,0,0
autoUniv-au6-400_1551,2,0.4,0.0017397403717041,0.0001425743103027,1,0,0,0,1,0,0,0,0,0,0,0,0,0,0,0,0,0,1,1,0,0,0,0,0,0
autoUniv-au6-400_1551,2,0.4,0.0015487670898437,0.0001211166381835,0,1,0,0,1,0,0,0,0,0,0,0,0,0,0,0,0,0,1,1,0,0,0,0,0,0
autoUniv-au6-400_1551,2,0.3875,0.0014882087707519,0.0001311302185058,0,1,0,0,1,0,0,1,0,0,0,0,0,0,0,0,0,0,0,0,0,0,0,0,0,1
autoUniv-au6-400_1551,2,0.3875,0.0014340877532958,0.0001306533813476,1,0,0,0,1,0,0,1,0,0,0,0,0,0,0,0,0,0,0,0,0,0,0,0,0,1
autoUniv-au6-400_1551,2,0.3875,0.0014159679412841,0.0001218318939208,0,1,0,1,0,0,0,1,0,0,0,0,0,0,0,0,0,0,0,0,0,0,0,0,0,1
autoUniv-au6-400_1551,2,0.3875,0.0014524459838867,0.0001225471496582,1,0,0,1,0,0,0,1,0,0,0,0,0,0,0,0,0,0,0,0,0,0,0,0,0,1
autoUniv-au6-400_1551,3,0.375,0.0014522075653076,0.0001227855682373,0,1,0,1,0,0,0,1,0,0,0,0,0,0,0,0,0,0,0,0,0,0,0,0,0,1
autoUniv-au6-400_1551,2,0.375,0.0014290809631347,0.0001254081726074,0,1,0,0,1,0,0,1,0,0,0,0,0,0,0,0,0,0,0,1,0,0,0,0,0,0
autoUniv-au6-400_1551,3,0.375,0.0015070438385009,0.0001206398010253,1,0,0,1,0,0,0,0,0,0,0,0,0,0,0,0,0,0,1,0,0,0,0,0,1,0
autoUniv-au6-400_1551,2,0.375,0.0014460086822509,0.0001399517059326,1,0,0,0,1,0,0,1,0,0,0,0,0,0,0,0,0,0,0,1,0,0,0,0,0,0
autoUniv-au6-400_1551,3,0.375,0.0015029907226562,0.0001235008239746,1,0,0,1,0,0,0,1,0,0,0,0,0,0,0,0,0,0,0,0,0,0,0,0,0,1
autoUniv-au6-400_1551,2,0.375,0.0016875267028808,0.0001251697540283,1,0,0,0,1,0,0,1,0,0,0,0,0,0,0,0,0,0,0,0,0,0,1,0,0,0
autoUniv-au6-400_1551,2,0.375,0.0015900135040283,0.0001225471496582,0,1,0,0,1,0,0,1,0,0,0,0,0,0,0,0,0,0,0,0,0,0,1,0,0,0
autoUniv-au6-400_1551,2,0.375,0.0014350414276123,0.0001227855682373,1,0,0,1,0,0,0,1,0,0,0,0,0,0,0,0,0,0,0,0,0,0,0,0,1,0
autoUniv-au6-400_1551,2,0.375,0.0014448165893554,0.0001235008239746,0,1,0,1,0,0,0,1,0,0,0,0,0,0,0,0,0,0,0,0,0,0,0,0,1,0
autoUniv-au6-400_1551,3,0.375,0.0014886856079101,0.0001232624053955,0,1,0,1,0,0,0,0,0,0,0,0,0,0,0,0,0,0,1,0,0,0,0,0,1,0
autoUniv-au6-400_1551,2,0.3625,0.0014684200286865,0.0001239776611328,1,0,0,0,1,0,0,1,0,0,0,0,0,0,0,0,0,0,0,0,0,0,0,0,1,0
autoUniv-au6-400_1551,2,0.3625,0.0014054775238037,0.0001227855682373,0,1,0,0,1,0,0,1,0,0,0,0,0,0,0,0,0,0,0,0,0,0,0,0,1,0
autoUniv-au6-400_1551,2,0.35,0.0017094612121582,0.0001254081726074,1,0,0,1,0,0,0,1,0,0,0,0,0,0,0,0,0,0,0,1,0,0,0,0,0,0
autoUniv-au6-400_1551,2,0.35,0.0016148090362548,0.0001287460327148,1,0,0,0,1,0,0,0,0,0,0,0,0,0,0,0,0,0,1,0,0,0,0,1,0,0
analcatdata_marketing_986,4,0.6805555555555556,0.0016407966613769,0.0001120567321777,0,1,1,0,0,1,0,0,0,0,0,0,0,0,0,0,0,0,0,0,1,0,0,0,0,0
analcatdata_marketing_986,4,0.6805555555555556,0.0015037059783935,0.000136375427246,0,1,0,1,0,1,0,0,0,0,0,0,0,0,0,0,0,0,0,0,0,0,0,0,1,0
analcatdata_marketing_986,4,0.6805555555555556,0.0016062259674072,0.0001184940338134,0,1,0,0,1,1,0,0,0,0,0,0,0,0,0,0,0,0,0,0,0,0,0,0,1,0
analcatdata_marketing_986,4,0.6805555555555556,0.0012011528015136,0.0001118183135986,0,1,0,1,0,1,0,0,0,0,0,0,0,0,0,0,0,0,0,0,0,0,0,0,0,1
analcatdata_marketing_986,4,0.6805555555555556,0.0015778541564941,0.0001108646392822,0,1,0,1,0,1,0,0,0,0,0,0,0,0,0,0,0,0,0,0,1,0,0,0,0,0
analcatdata_marketing_986,4,0.6805555555555556,0.0013709068298339,0.0001258850097656,0,1,0,0,1,1,0,0,0,0,0,0,0,0,0,0,0,0,0,0,0,0,0,0,0,1
analcatdata_marketing_986,4,0.6805555555555556,0.0019679069519042,0.0001122951507568,0,1,0,0,1,1,0,0,0,0,0,0,0,0,0,0,0,0,0,0,1,0,0,0,0,0
analcatdata_marketing_986,4,0.6805555555555556,0.0014302730560302,0.0001213550567626,0,1,1,0,0,1,0,0,0,0,0,0,0,0,0,0,0,0,0,0,0,0,0,0,1,0
analcatdata_marketing_986,4,0.6805555555555556,0.0012526512145996,0.0001132488250732,0,1,1,0,0,1,0,0,0,0,0,0,0,0,0,0,0,0,0,0,0,0,0,0,0,1
analcatdata_marketing_986,0,0.6712328767123288,0.0010063648223876,0.0001082420349121,0,1,0,0,1,0,0,0,0,0,0,0,0,0,0,0,0,1,0,0,0,0,0,0,0,1
analcatdata_marketing_986,0,0.6712328767123288,0.0012331008911132,0.0001251697540283,0,1,0,1,0,0,0,0,0,0,0,0,0,0,0,0,0,1,0,0,0,0,0,0,1,0
analcatdata_marketing_986,0,0.6712328767123288,0.0010037422180175,0.0001089572906494,0,1,0,1,0,0,0,0,0,0,0,0,0,0,0,0,0,1,0,1,0,0,0,0,0,0
analcatdata_marketing_986,0,0.6712328767123288,0.0011382102966308,0.0001084804534912,0,1,0,1,0,0,0,0,0,0,0,0,0,0,0,0,0,1,0,0,1,0,0,0,0,0
analcatdata_marketing_986,0,0.6712328767123288,0.0010013580322265,0.000108003616333,0,1,1,0,0,0,0,0,0,0,0,0,0,0,0,0,0,1,0,0,0,0,0,0,0,1
analcatdata_marketing_986,0,0.6712328767123288,0.0010581016540527,0.0001087188720703,0,1,1,0,0,0,0,0,0,0,0,0,0,0,0,0,0,1,0,1,0,0,0,0,0,0
analcatdata_marketing_986,0,0.6712328767123288,0.0030815601348876,0.0001351833343505,0,1,0,0,1,0,0,0,0,0,0,0,1,0,0,0,0,0,0,0,0,0,0,1,0,0
analcatdata_marketing_986,0,0.6712328767123288,0.001070499420166,0.0001101493835449,0,1,0,0,1,0,0,0,0,0,0,0,0,0,0,0,0,1,0,1,0,0,0,0,0,0
analcatdata_marketing_986,0,0.6712328767123288,0.0045444965362548,0.0001411437988281,0,1,0,1,0,0,0,0,0,0,0,0,1,0,0,0,0,0,0,0,0,0,0,1,0,0
analcatdata_marketing_986,0,0.6712328767123288,0.0011858940124511,0.0001134872436523,0,1,0,0,1,0,0,0,0,0,0,0,0,0,0,0,0,1,0,0,1,0,0,0,0,0
analcatdata_marketing_986,0,0.6712328767123288,0.0033240318298339,0.0001344680786132,0,1,1,0,0,0,0,0,0,0,0,0,1,0,0,0,0,0,0,0,0,0,0,1,0,0
badges2_1121,1,1.0,0.0012471675872802,0.0001397132873535,1,0,1,0,0,0,1,0,0,0,0,0,0,0,0,0,0,0,0,0,1,0,0,0,0,0
badges2_1121,4,1.0,0.0014750957489013,0.0001306533813476,0,1,0,0,1,0,0,0,0,1,0,0,0,0,0,0,0,0,0,0,0,0,0,1,0,0
badges2_1121,0,1.0,0.0023202896118164,0.0008478164672851,1,0,1,0,0,0,0,0,0,0,0,1,0,0,0,0,0,0,0,0,1,0,0,0,0,0
badges2_1121,1,1.0,0.0021839141845703,0.0008230209350585,1,0,1,0,0,0,0,0,0,0,0,1,0,0,0,0,0,0,0,0,1,0,0,0,0,0
badges2_1121,2,1.0,0.0022745132446289,0.0012605190277099,1,0,1,0,0,0,0,0,0,0,0,1,0,0,0,0,0,0,0,0,1,0,0,0,0,0
badges2_1121,0,1.0,0.0015723705291748,0.0001139640808105,0,1,0,0,1,0,0,0,0,0,0,0,0,0,1,0,0,0,0,0,0,0,0,1,0,0
badges2_1121,1,1.0,0.0014822483062744,0.0001161098480224,0,1,0,0,1,0,0,0,0,0,0,0,0,0,1,0,0,0,0,0,0,0,0,1,0,0
badges2_1121,2,1.0,0.0014047622680664,0.0001695156097412,0,1,0,0,1,0,0,0,0,0,0,0,0,0,1,0,0,0,0,0,0,0,0,1,0,0
badges2_1121,3,1.0,0.0013751983642578,0.0001358985900878,0,1,0,0,1,0,0,0,0,0,0,0,0,0,1,0,0,0,0,0,0,0,0,1,0,0
badges2_1121,4,1.0,0.0014598369598388,0.0001161098480224,0,1,0,0,1,0,0,0,0,0,0,0,0,0,1,0,0,0,0,0,0,0,0,1,0,0
badges2_1121,0,1.0,0.0027196407318115,0.0001494884490966,0,1,0,0,1,0,0,0,0,0,0,0,1,0,0,0,0,0,0,0,0,0,0,1,0,0
badges2_1121,1,1.0,0.002568244934082,0.0001547336578369,0,1,0,0,1,0,0,0,0,0,0,0,1,0,0,0,0,0,0,0,0,0,0,1,0,0
badges2_1121,2,1.0,0.0025262832641601,0.0001323223114013,0,1,0,0,1,0,0,0,0,0,0,0,1,0,0,0,0,0,0,0,0,0,0,1,0,0
badges2_1121,0,1.0,0.0012156963348388,0.0001156330108642,1,0,1,0,0,0,1,0,0,0,0,0,0,0,0,0,0,0,0,0,1,0,0,0,0,0
badges2_1121,0,1.0,0.0010864734649658,0.0001111030578613,0,1,0,0,1,0,0,0,0,0,0,0,0,0,0,0,0,1,0,0,0,0,0,1,0,0
badges2_1121,1,1.0,0.0009918212890625,0.0001060962677001,0,1,0,0,1,0,0,0,0,0,0,0,0,0,0,0,0,1,0,0,0,0,0,1,0,0
badges2_1121,2,1.0,0.0011024475097656,0.0001122951507568,0,1,0,0,1,0,0,0,0,0,0,0,0,0,0,0,0,1,0,0,0,0,0,1,0,0
badges2_1121,3,1.0,0.0009312629699707,0.0001258850097656,0,1,0,0,1,0,0,0,0,0,0,0,0,0,0,0,0,1,0,0,0,0,0,1,0,0
badges2_1121,4,1.0,0.0009498596191406,0.0001049041748046,0,1,0,0,1,0,0,0,0,0,0,0,0,0,0,0,0,1,0,0,0,0,0,1,0,0
badges2_1121,4,1.0,0.0013368129730224,0.0001471042633056,0,1,0,0,1,0,0,0,0,0,0,0,0,1,0,0,0,0,0,0,0,0,0,1,0,0
sensory_826,0,0.7327586206896551,0.0219466686248779,0.0001959800720214,1,0,1,0,0,0,0,0,0,0,0,0,0,0,0,1,0,0,0,0,0,0,1,0,0,0
sensory_826,0,0.7327586206896551,0.0225987434387207,0.000180959701538,0,1,0,1,0,0,0,0,0,0,0,0,0,0,0,1,0,0,0,0,0,0,1,0,0,0
sensory_826,0,0.7327586206896551,0.0257368087768554,0.0002586841583251,1,0,0,1,0,0,0,0,0,0,0,0,0,0,0,1,0,0,0,0,0,0,1,0,0,0
sensory_826,0,0.7327586206896551,0.0273835659027099,0.0001788139343261,1,0,0,0,1,0,0,0,0,0,0,0,0,0,0,1,0,0,0,0,0,0,1,0,0,0
sensory_826,0,0.7327586206896551,0.0207362174987792,0.0001773834228515,0,1,0,0,1,0,0,0,0,0,0,0,0,0,0,1,0,0,0,0,0,0,1,0,0,0
sensory_826,0,0.7327586206896551,0.021543264389038,0.000241994857788,0,1,1,0,0,0,0,0,0,0,0,0,0,0,0,1,0,0,0,0,0,0,1,0,0,0
sensory_826,0,0.7241379310344828,0.0120251178741455,0.0001509189605712,1,0,1,0,0,0,0,0,0,0,0,0,0,0,0,1,0,0,0,0,0,0,0,0,0,1
sensory_826,0,0.7241379310344828,0.0128614902496337,0.0001587867736816,0,1,0,0,1,0,0,0,0,0,0,0,0,0,0,1,0,0,0,0,0,0,0,0,0,1
sensory_826,0,0.7241379310344828,0.0159957408905029,0.0001583099365234,1,0,0,1,0,0,0,0,0,0,0,0,0,0,0,1,0,0,0,0,0,0,0,0,0,1
sensory_826,0,0.7241379310344828,0.0167512893676757,0.0002393722534179,1,0,0,1,0,0,0,0,0,0,0,0,0,0,0,1,0,0,0,0,0,0,0,0,1,0
sensory_826,0,0.7241379310344828,0.0173187255859375,0.0003905296325683,1,0,1,0,0,0,0,0,0,0,0,0,0,0,0,1,0,0,0,1,0,0,0,0,0,0
sensory_826,0,0.7241379310344828,0.0162527561187744,0.0002260208129882,0,1,0,1,0,0,0,0,0,0,0,0,0,0,0,1,0,0,0,0,1,0,0,0,0,0
sensory_826,0,0.7241379310344828,0.0122361183166503,0.0001468658447265,0,1,0,0,1,0,0,0,0,0,0,0,0,0,0,1,0,0,0,0,0,0,0,0,1,0
sensory_826,0,0.7241379310344828,0.0121724605560302,0.0001473426818847,1,0,0,0,1,0,0,0,0,0,0,0,0,0,0,1,0,0,0,0,0,0,0,0,0,1
sensory_826,0,0.7241379310344828,0.0131759643554687,0.0001599788665771,0,1,1,0,0,0,0,0,0,0,0,0,0,0,0,1,0,0,0,0,1,0,0,0,0,0
sensory_826,0,0.7241379310344828,0.0149111747741699,0.0002081394195556,1,0,1,0,0,0,0,0,0,0,0,0,0,0,0,1,0,0,0,0,1,0,0,0,0,0
sensory_826,0,0.7241379310344828,0.016010046005249,0.0001716613769531,0,1,0,0,1,0,0,0,0,0,0,0,0,0,0,1,0,0,0,0,1,0,0,0,0,0
sensory_826,0,0.7241379310344828,0.0144989490509033,0.0001864433288574,1,0,0,1,0,0,0,0,0,0,0,0,0,0,0,1,0,0,0,0,1,0,0,0,0,0
sensory_826,0,0.7241379310344828,0.012416124343872,0.0002222061157226,1,0,0,0,1,0,0,0,0,0,0,0,0,0,0,1,0,0,0,1,0,0,0,0,0,0
sensory_826,0,0.7241379310344828,0.0132472515106201,0.0001659393310546,0,1,0,1,0,0,0,0,0,0,0,0,0,0,0,1,0,0,0,0,0,0,0,0,0,1
balance-scale_11,2,1.0,0.00323486328125,0.0001332759857177,0,1,1,0,0,0,0,0,0,0,0,0,0,0,1,0,0,0,0,0,1,0,0,0,0,0
balance-scale_11,3,1.0,0.0037224292755126,0.0001161098480224,0,1,1,0,0,0,0,0,0,0,0,0,0,0,1,0,0,0,0,0,1,0,0,0,0,0
balance-scale_11,4,1.0,0.0040473937988281,0.0001142024993896,1,0,0,0,1,0,0,0,0,0,0,0,0,0,1,0,0,0,0,0,1,0,0,0,0,0
balance-scale_11,2,1.0,0.0026776790618896,0.0001108646392822,1,0,1,0,0,0,0,0,0,0,0,0,0,0,1,0,0,0,0,0,0,0,1,0,0,0
balance-scale_11,4,1.0,0.0042076110839843,0.0001633167266845,0,1,1,0,0,0,0,0,0,0,0,0,0,0,1,0,0,0,0,0,1,0,0,0,0,0
balance-scale_11,4,1.0,0.0041589736938476,0.0001218318939208,0,1,0,1,0,0,0,0,0,0,0,0,0,0,1,0,0,0,0,0,1,0,0,0,0,0
balance-scale_11,2,1.0,0.0033721923828125,0.0001287460327148,1,0,0,0,1,0,0,0,0,0,0,0,0,0,1,0,0,0,0,0,1,0,0,0,0,0
balance-scale_11,3,1.0,0.0036525726318359,0.0001158714294433,1,0,0,0,1,0,0,0,0,0,0,0,0,0,1,0,0,0,0,0,1,0,0,0,0,0
balance-scale_11,3,1.0,0.0039412975311279,0.0001208782196044,0,1,0,1,0,0,0,0,0,0,0,0,0,0,1,0,0,0,0,0,1,0,0,0,0,0
balance-scale_11,3,1.0,0.0036606788635253,0.0001206398010253,1,0,0,1,0,0,0,0,0,0,0,0,0,0,1,0,0,0,0,0,1,0,0,0,0,0
balance-scale_11,2,1.0,0.0027294158935546,0.0001463890075683,1,0,0,0,1,0,0,0,0,0,0,0,0,0,1,0,0,0,0,0,0,0,1,0,0,0
balance-scale_11,2,1.0,0.0030202865600585,0.0001318454742431,0,1,0,1,0,0,0,0,0,0,0,0,0,0,1,0,0,0,0,0,0,0,1,0,0,0
balance-scale_11,2,1.0,0.0030121803283691,0.0001389980316162,1,0,0,0,1,0,0,0,0,0,0,0,0,0,1,0,0,0,0,0,0,0,0,0,0,1
balance-scale_11,2,1.0,0.0026209354400634,0.0001354217529296,0,1,1,0,0,0,0,0,0,0,0,0,0,0,1,0,0,0,0,0,0,0,0,0,0,1
balance-scale_11,2,1.0,0.002593994140625,0.0001139640808105,0,1,0,0,1,0,0,0,0,0,0,0,0,0,1,0,0,0,0,0,0,0,0,0,0,1
balance-scale_11,2,1.0,0.0037434101104736,0.0001254081726074,0,1,0,1,0,0,0,0,0,0,0,0,0,0,1,0,0,0,0,0,1,0,0,0,0,0
balance-scale_11,4,1.0,0.0036213397979736,0.0001144409179687,0,1,0,0,1,0,0,0,0,0,0,0,0,0,1,0,0,0,0,0,1,0,0,0,0,0
balance-scale_11,2,1.0,0.0032618045806884,0.0001308917999267,0,1,0,0,1,0,0,0,0,0,0,0,0,0,1,0,0,0,0,0,1,0,0,0,0,0
balance-scale_11,3,1.0,0.003671646118164,0.0001137256622314,0,1,0,0,1,0,0,0,0,0,0,0,0,0,1,0,0,0,0,0,1,0,0,0,0,0
balance-scale_11,3,1.0,0.0042347908020019,0.0001821517944335,1,0,1,0,0,0,0,0,0,0,0,0,0,0,1,0,0,0,0,0,1,0,0,0,0,0
breastTumor_844,4,0.7894736842105263,0.0015442371368408,0.0001215934753417,0,1,0,1,0,0,1,0,0,0,0,0,0,0,0,0,0,0,0,0,1,0,0,0,0,0
breastTumor_844,4,0.7894736842105263,0.0015444755554199,0.000117540359497,1,0,0,1,0,0,1,0,0,0,0,0,0,0,0,0,0,0,0,0,1,0,0,0,0,0
breastTumor_844,4,0.7719298245614035,0.0010228157043457,0.0001153945922851,0,1,0,0,1,0,1,0,0,0,0,0,0,0,0,0,0,0,0,0,1,0,0,0,0,0
breastTumor_844,4,0.7719298245614035,0.00199556350708,0.0001130104064941,0,1,0,1,0,0,0,0,0,0,0,0,0,1,0,0,0,0,0,0,0,0,0,1,0,0
breastTumor_844,4,0.7719298245614035,0.0015249252319335,0.0001327991485595,0,1,0,0,1,0,0,0,0,1,0,0,0,0,0,0,0,0,0,0,0,0,0,0,1,0
breastTumor_844,4,0.7719298245614035,0.0012040138244628,0.0001153945922851,0,1,0,0,1,0,0,0,0,0,0,1,0,0,0,0,0,0,0,1,0,0,0,0,0,0
breastTumor_844,4,0.7719298245614035,0.0030560493469238,0.0001442432403564,0,1,0,0,1,0,0,0,0,1,0,0,0,0,0,0,0,0,0,1,0,0,0,0,0,0
breastTumor_844,4,0.7719298245614035,0.0012600421905517,0.0001163482666015,0,1,0,0,1,0,0,0,0,0,0,0,0,1,0,0,0,0,0,0,0,0,0,0,1,0
breastTumor_844,4,0.7719298245614035,0.0012621879577636,0.0001168251037597,0,1,0,0,1,0,0,0,0,0,0,0,0,1,0,0,0,0,0,1,0,0,0,0,0,0
breastTumor_844,4,0.7719298245614035,0.0015242099761962,0.0001404285430908,0,1,0,0,1,0,0,0,0,1,0,0,0,0,0,0,0,0,0,0,0,0,0,0,0,1
breastTumor_844,4,0.7719298245614035,0.0012240409851074,0.0001449584960937,0,1,0,0,1,0,1,0,0,0,0,0,0,0,0,0,0,0,0,1,0,0,0,0,0,0
breastTumor_844,4,0.7719298245614035,0.0023334026336669,0.001047134399414,0,1,0,0,1,0,0,0,0,0,0,1,0,0,0,0,0,0,0,0,1,0,0,0,0,0
breastTumor_844,4,0.7719298245614035,0.0015795230865478,0.0001282691955566,0,1,0,0,1,0,0,0,0,0,0,0,0,1,0,0,0,0,0,0,1,0,0,0,0,0
breastTumor_844,4,0.7719298245614035,0.001948595046997,0.0001890659332275,0,1,0,1,0,0,0,0,0,1,0,0,0,0,0,0,0,0,0,0,0,0,0,1,0,0
breastTumor_844,4,0.7719298245614035,0.0014436244964599,0.0001342296600341,0,1,0,0,1,0,0,0,0,1,0,0,0,0,0,0,0,0,0,0,1,0,0,0,0,0
breastTumor_844,4,0.7719298245614035,0.0010809898376464,0.0001130104064941,0,1,0,0,1,0,0,0,0,0,0,0,0,1,0,0,0,0,0,0,0,0,0,0,0,1
breastTumor_844,4,0.7719298245614035,0.001246690750122,0.0001256465911865,0,1,0,0,1,0,0,0,0,0,0,1,0,0,0,0,0,0,0,0,0,0,0,0,1,0
breastTumor_844,4,0.7719298245614035,0.0010614395141601,0.0001177787780761,0,1,0,0,1,0,1,0,0,0,0,0,0,0,0,0,0,0,0,0,0,0,0,0,1,0
breastTumor_844,4,0.7719298245614035,0.0023214817047119,0.0001153945922851,1,0,0,1,0,0,1,0,0,0,0,0,0,0,0,0,0,0,0,0,0,0,0,0,1,0
breastTumor_844,4,0.7719298245614035,0.0014402866363525,0.0001113414764404,1,0,0,1,0,0,0,0,0,0,0,0,0,1,0,0,0,0,0,0,0,0,0,1,0,0
arsenic-male-lung_951,3,1.0,0.0017564296722412,0.0001530647277832,0,1,0,0,1,0,0,0,0,1,0,0,0,0,0,0,0,0,0,0,0,0,0,1,0,0
arsenic-male-lung_951,0,1.0,0.0031521320343017,0.0008704662322998,1,0,1,0,0,0,0,0,0,0,0,1,0,0,0,0,0,0,0,0,1,0,0,0,0,0
arsenic-male-lung_951,1,1.0,0.0022163391113281,0.0008125305175781,1,0,1,0,0,0,0,0,0,0,0,1,0,0,0,0,0,0,0,0,1,0,0,0,0,0
arsenic-male-lung_951,2,1.0,0.0025584697723388,0.0008366107940673,1,0,1,0,0,0,0,0,0,0,0,1,0,0,0,0,0,0,0,0,1,0,0,0,0,0
arsenic-male-lung_951,2,1.0,0.001720905303955,0.0001430511474609,0,1,0,0,1,0,0,0,0,1,0,0,0,0,0,0,0,0,0,0,0,0,0,1,0,0
arsenic-male-lung_951,4,1.0,0.0030691623687744,0.0008621215820312,1,0,1,0,0,0,0,0,0,0,0,1,0,0,0,0,0,0,0,0,1,0,0,0,0,0
arsenic-male-lung_951,0,1.0,0.0014097690582275,0.0001242160797119,1,0,1,0,0,0,0,0,0,0,0,0,0,1,0,0,0,0,0,0,1,0,0,0,0,0
arsenic-male-lung_951,1,1.0,0.001314640045166,0.0001232624053955,1,0,1,0,0,0,0,0,0,0,0,0,0,1,0,0,0,0,0,0,1,0,0,0,0,0
arsenic-male-lung_951,2,1.0,0.0013496875762939,0.0001215934753417,1,0,1,0,0,0,0,0,0,0,0,0,0,1,0,0,0,0,0,0,1,0,0,0,0,0
arsenic-male-lung_951,3,1.0,0.0013718605041503,0.0001246929168701,1,0,1,0,0,0,0,0,0,0,0,0,0,1,0,0,0,0,0,0,1,0,0,0,0,0
arsenic-male-lung_951,4,1.0,0.0016648769378662,0.0001258850097656,1,0,1,0,0,0,0,0,0,0,0,0,0,1,0,0,0,0,0,0,1,0,0,0,0,0
arsenic-male-lung_951,0,1.0,0.0015532970428466,0.0003159046173095,1,0,1,0,0,0,1,0,0,0,0,0,0,0,0,0,0,0,0,0,1,0,0,0,0,0
arsenic-male-lung_951,1,1.0,0.0015757083892822,0.0001256465911865,1,0,1,0,0,0,1,0,0,0,0,0,0,0,0,0,0,0,0,0,1,0,0,0,0,0
arsenic-male-lung_951,2,1.0,0.001462697982788,0.0001261234283447,1,0,1,0,0,0,1,0,0,0,0,0,0,0,0,0,0,0,0,0,1,0,0,0,0,0
arsenic-male-lung_951,1,1.0,0.0016767978668212,0.0001418590545654,0,1,0,0,1,0,0,0,0,1,0,0,0,0,0,0,0,0,0,0,0,0,0,1,0,0
arsenic-male-lung_951,4,1.0,0.0014581680297851,0.0001266002655029,1,0,1,0,0,0,1,0,0,0,0,0,0,0,0,0,0,0,0,0,1,0,0,0,0,0
arsenic-male-lung_951,0,1.0,0.0037758350372314,0.0001313686370849,1,0,1,0,0,0,0,0,0,0,0,0,0,0,0,0,0,0,1,0,1,0,0,0,0,0
arsenic-male-lung_951,1,1.0,0.0016736984252929,0.0001387596130371,1,0,1,0,0,0,0,0,0,0,0,0,0,0,0,0,0,0,1,0,1,0,0,0,0,0
arsenic-male-lung_951,2,1.0,0.0020067691802978,0.0001876354217529,1,0,1,0,0,0,0,0,0,0,0,0,0,0,0,0,0,0,1,0,1,0,0,0,0,0
arsenic-male-lung_951,3,1.0,0.0017535686492919,0.0001475811004638,1,0,1,0,0,0,0,0,0,0,0,0,0,0,0,0,0,0,1,0,1,0,0,0,0,0
rmftsa_ladata_717,2,0.9509803921568628,0.0077874660491943,0.0001826286315917,1,0,1,0,0,0,0,0,0,0,0,0,0,0,1,0,0,0,0,0,0,0,0,1,0,0
rmftsa_ladata_717,2,0.9509803921568628,0.0042097568511962,0.0001623630523681,1,0,0,0,1,0,0,0,0,0,0,0,0,0,1,0,0,0,0,0,0,0,0,1,0,0
rmftsa_ladata_717,2,0.9509803921568628,0.0029196739196777,0.0001564025878906,1,0,0,1,0,0,0,0,0,0,0,0,0,0,1,0,0,0,0,0,0,0,0,1,0,0
rmftsa_ladata_717,2,0.9509803921568628,0.0038800239562988,0.0001568794250488,0,1,1,0,0,0,0,0,0,0,0,0,0,0,1,0,0,0,0,0,0,0,0,1,0,0
rmftsa_ladata_717,2,0.9509803921568628,0.0063610076904296,0.0001559257507324,0,1,0,1,0,0,0,0,0,0,0,0,0,0,1,0,0,0,0,0,0,0,0,1,0,0
rmftsa_ladata_717,2,0.9509803921568628,0.0046789646148681,0.0003106594085693,0,1,0,0,1,0,0,0,0,0,0,0,0,0,1,0,0,0,0,0,0,0,0,1,0,0
rmftsa_ladata_717,3,0.9504950495049505,0.0082428455352783,0.0002219676971435,1,0,0,0,1,0,0,0,0,0,0,0,0,0,1,0,0,0,0,1,0,0,0,0,0,0
rmftsa_ladata_717,3,0.9504950495049505,0.0035431385040283,0.0001747608184814,1,0,0,0,1,0,0,0,0,0,0,0,0,0,1,0,0,0,0,0,0,0,0,1,0,0
rmftsa_ladata_717,3,0.9504950495049505,0.0032920837402343,0.0001747608184814,1,0,0,1,0,0,0,0,0,0,0,0,0,0,1,0,0,0,0,1,0,0,0,0,0,0
rmftsa_ladata_717,3,0.9504950495049505,0.0074326992034912,0.0001604557037353,1,0,1,0,0,0,0,0,0,0,0,0,0,0,1,0,0,0,0,0,0,0,0,1,0,0
rmftsa_ladata_717,3,0.9504950495049505,0.0054616928100585,0.000244140625,0,1,0,1,0,0,0,0,0,0,0,0,0,0,1,0,0,0,0,0,0,0,0,1,0,0
rmftsa_ladata_717,3,0.9504950495049505,0.0082130432128906,0.0001678466796875,0,1,1,0,0,0,0,0,0,0,0,0,0,0,1,0,0,0,0,0,0,0,0,1,0,0
rmftsa_ladata_717,3,0.9504950495049505,0.0040881633758544,0.0001602172851562,0,1,0,0,1,0,0,0,0,0,0,0,0,0,1,0,0,0,0,1,0,0,0,0,0,0
rmftsa_ladata_717,3,0.9504950495049505,0.0051872730255126,0.0001931190490722,0,1,0,0,1,0,0,0,0,0,0,0,0,0,1,0,0,0,0,0,0,0,0,1,0,0
rmftsa_ladata_717,3,0.9504950495049505,0.0041911602020263,0.0001587867736816,0,1,1,0,0,0,0,0,0,0,0,0,0,0,1,0,0,0,0,1,0,0,0,0,0,0
rmftsa_ladata_717,3,0.9504950495049505,0.0084197521209716,0.0001718997955322,1,0,0,1,0,0,0,0,0,0,0,0,0,0,1,0,0,0,0,0,0,0,0,1,0,0
rmftsa_ladata_717,3,0.9504950495049505,0.0048160552978515,0.0001647472381591,1,0,1,0,0,0,0,0,0,0,0,0,0,0,1,0,0,0,0,1,0,0,0,0,0,0
rmftsa_ladata_717,3,0.9504950495049505,0.0073118209838867,0.0001561641693115,0,1,0,1,0,0,0,0,0,0,0,0,0,0,1,0,0,0,0,1,0,0,0,0,0,0
rmftsa_ladata_717,2,0.9411764705882352,0.0047783851623535,0.0001862049102783,1,0,1,0,0,0,0,0,0,0,0,0,1,0,0,0,0,0,0,0,0,0,0,0,0,1
rmftsa_ladata_717,2,0.9411764705882352,0.0010924339294433,0.0001461505889892,1,0,1,0,0,0,0,0,1,0,0,0,0,0,0,0,0,0,0,0,0,0,0,0,0,1
analcatdata_lawsuit_450,4,1.0,0.0010061264038085,0.0001156330108642,0,1,1,0,0,0,0,0,0,0,0,0,0,1,0,0,0,0,0,0,0,0,0,0,1,0
analcatdata_lawsuit_450,1,1.0,0.0010318756103515,0.0001153945922851,0,1,1,0,0,0,1,0,0,0,0,0,0,0,0,0,0,0,0,0,0,0,0,0,1,0
analcatdata_lawsuit_450,2,1.0,0.0011265277862548,0.0001168251037597,0,1,1,0,0,0,1,0,0,0,0,0,0,0,0,0,0,0,0,0,0,0,0,0,1,0
analcatdata_lawsuit_450,4,1.0,0.0010890960693359,0.0001165866851806,0,1,1,0,0,0,1,0,0,0,0,0,0,0,0,0,0,0,0,0,0,0,0,0,1,0
analcatdata_lawsuit_450,1,1.0,0.0011017322540283,0.0001237392425537,0,1,1,0,0,0,0,0,0,0,0,0,0,1,0,0,0,0,0,0,0,0,0,0,1,0
analcatdata_lawsuit_450,2,1.0,0.0010404586791992,0.0001137256622314,0,1,1,0,0,0,0,0,0,0,0,0,0,1,0,0,0,0,0,0,0,0,0,0,1,0
analcatdata_lawsuit_450,1,1.0,0.0020282268524169,0.0001373291015625,0,1,1,0,0,0,0,0,0,0,0,0,1,0,0,0,0,0,0,0,0,0,0,0,1,0
analcatdata_lawsuit_450,2,1.0,0.0023212432861328,0.0001380443572998,0,1,1,0,0,0,0,0,0,0,0,0,1,0,0,0,0,0,0,0,0,0,0,0,1,0
analcatdata_lawsuit_450,1,1.0,0.002812385559082,0.0001540184020996,0,1,1,0,0,0,0,0,0,0,0,0,0,0,0,0,1,0,0,0,0,0,0,0,1,0
analcatdata_lawsuit_450,2,1.0,0.0024385452270507,0.0001437664031982,0,1,1,0,0,0,0,0,0,0,0,0,0,0,0,0,1,0,0,0,0,0,0,0,1,0
analcatdata_lawsuit_450,1,1.0,0.0011093616485595,0.0001170635223388,0,1,1,0,0,0,0,0,0,0,0,0,0,0,1,0,0,0,0,0,0,0,0,0,1,0
analcatdata_lawsuit_450,2,1.0,0.0011632442474365,0.0001161098480224,0,1,1,0,0,0,0,0,0,0,0,0,0,0,1,0,0,0,0,0,0,0,0,0,1,0
analcatdata_lawsuit_450,4,1.0,0.0012881755828857,0.0001344680786132,1,0,1,0,0,0,0,0,0,1,0,0,0,0,0,0,0,0,0,0,1,0,0,0,0,0
analcatdata_lawsuit_450,4,1.0,0.0013859272003173,0.0001494884490966,1,0,1,0,0,0,0,1,0,0,0,0,0,0,0,0,0,0,0,0,1,0,0,0,0,0
analcatdata_lawsuit_450,4,1.0,0.0009820461273193,0.0001106262207031,1,0,1,0,0,1,0,0,0,0,0,0,0,0,0,0,0,0,0,0,1,0,0,0,0,0
analcatdata_lawsuit_450,1,1.0,0.0019392967224121,0.0001289844512939,1,0,1,0,0,0,0,0,0,0,0,0,0,0,0,0,1,0,0,0,0,0,0,0,0,1
analcatdata_lawsuit_450,4,1.0,0.0012300014495849,0.0001397132873535,1,0,1,0,0,0,0,0,0,0,0,1,0,0,0,0,0,0,0,0,0,0,0,0,0,1
analcatdata_lawsuit_450,1,1.0,0.0010685920715332,0.0001165866851806,1,0,1,0,0,0,0,0,0,0,0,0,0,1,0,0,0,0,0,0,0,0,0,0,0,1
analcatdata_lawsuit_450,2,1.0,0.0010950565338134,0.0001180171966552,1,0,1,0,0,0,0,0,0,0,0,0,0,1,0,0,0,0,0,0,0,0,0,0,0,1
analcatdata_lawsuit_450,1,1.0,0.0013685226440429,0.0001800060272216,1,0,1,0,0,0,0,0,0,1,0,0,0,0,0,0,0,0,0,0,1,0,0,0,0,0
arsenic-male-bladder_947,2,1.0,0.0012118816375732,0.0001156330108642,1,0,0,0,1,0,0,0,1,0,0,0,0,0,0,0,0,0,0,0,0,0,0,0,0,1
arsenic-male-bladder_947,2,1.0,0.0137555599212646,0.0002954006195068,1,0,0,0,1,0,0,0,0,0,0,0,1,0,0,0,0,0,0,0,0,0,0,0,0,1
arsenic-male-bladder_947,2,1.0,0.0014047622680664,0.0001211166381835,1,0,0,0,1,0,1,0,0,0,0,0,0,0,0,0,0,0,0,0,0,0,0,0,0,1
arsenic-male-bladder_947,2,1.0,0.0014560222625732,0.000119924545288,1,0,0,0,1,0,0,0,0,0,0,0,0,1,0,0,0,0,0,0,0,0,0,0,0,1
arsenic-male-bladder_947,2,1.0,0.0015366077423095,0.0001444816589355,1,0,0,0,1,0,0,0,0,0,0,0,0,0,0,0,0,1,0,0,0,0,0,0,0,1
arsenic-male-bladder_947,2,1.0,0.0013611316680908,0.0001306533813476,1,0,0,0,1,0,0,1,0,0,0,0,0,0,0,0,0,0,0,0,0,0,0,0,0,1
arsenic-male-bladder_947,2,1.0,0.0025711059570312,0.0008225440979003,1,0,1,0,0,0,0,0,0,0,0,1,0,0,0,0,0,0,0,0,1,0,0,0,0,0
arsenic-male-bladder_947,2,1.0,0.0020034313201904,0.000171422958374,1,0,0,0,1,0,0,0,0,0,0,0,0,0,1,0,0,0,0,0,0,0,0,0,0,1
arsenic-male-bladder_947,2,1.0,0.0012924671173095,0.0001437664031982,1,0,1,0,0,0,1,0,0,0,0,0,0,0,0,0,0,0,0,0,1,0,0,0,0,0
arsenic-male-bladder_947,2,1.0,0.001885175704956,0.0001406669616699,1,0,0,0,1,0,0,0,0,1,0,0,0,0,0,0,0,0,0,0,1,0,0,0,0,0
arsenic-male-bladder_947,2,1.0,0.0023276805877685,0.0001387596130371,0,1,0,0,1,0,0,0,0,0,0,0,0,0,1,0,0,0,0,0,0,0,1,0,0,0
arsenic-male-bladder_947,2,1.0,0.001711368560791,0.0002222061157226,1,0,1,0,0,0,0,0,1,0,0,0,0,0,0,0,0,0,0,0,0,0,0,0,0,1
arsenic-male-bladder_947,2,1.0,0.0018346309661865,0.0001196861267089,1,0,1,0,0,0,0,0,0,0,0,0,0,0,1,0,0,0,0,0,0,0,0,0,0,1
arsenic-male-bladder_947,2,1.0,0.0012171268463134,0.0001180171966552,1,0,1,0,0,0,0,0,0,0,0,0,0,0,0,0,0,1,0,0,0,0,0,0,0,1
arsenic-male-bladder_947,2,1.0,0.0081479549407958,0.0001635551452636,0,1,0,0,1,0,0,0,0,0,0,0,1,0,0,0,0,0,0,0,0,0,1,0,0,0
arsenic-male-bladder_947,2,1.0,0.0015177726745605,0.0001246929168701,1,0,1,0,0,0,0,1,0,0,0,0,0,0,0,0,0,0,0,0,1,0,0,0,0,0
arsenic-male-bladder_947,2,1.0,0.001436710357666,0.0001366138458251,0,1,1,0,0,0,0,1,0,0,0,0,0,0,0,0,0,0,0,0,0,0,0,0,0,1
arsenic-male-bladder_947,2,1.0,0.0039434432983398,0.0001397132873535,0,1,0,0,1,0,0,0,0,0,0,0,0,0,0,0,1,0,0,0,0,0,1,0,0,0
arsenic-male-bladder_947,2,1.0,0.0021712779998779,0.0001516342163085,1,0,1,0,0,0,0,0,0,1,0,0,0,0,0,0,0,0,0,0,1,0,0,0,0,0
arsenic-male-bladder_947,2,1.0,0.0024178028106689,0.0001544952392578,1,0,1,0,0,0,0,0,0,0,0,1,0,0,0,0,0,0,0,0,0,0,0,0,0,1
MindCave2_1450,0,0.92,0.0009968280792236,0.0001060962677001,0,1,0,1,0,0,0,1,0,0,0,0,0,0,0,0,0,0,0,0,1,0,0,0,0,0
MindCave2_1450,0,0.92,0.0009870529174804,0.0001111030578613,1,0,0,1,0,0,0,1,0,0,0,0,0,0,0,0,0,0,0,1,0,0,0,0,0,0
MindCave2_1450,0,0.92,0.0018625259399414,0.0001451969146728,1,0,0,1,0,0,0,0,0,0,0,0,1,0,0,0,0,0,0,1,0,0,0,0,0,0
MindCave2_1450,0,0.92,0.0010859966278076,0.0001194477081298,1,0,0,1,0,0,0,1,0,0,0,0,0,0,0,0,0,0,0,0,0,0,0,0,1,0
MindCave2_1450,0,0.92,0.0009119510650634,0.0001065731048583,1,0,0,1,0,0,0,0,0,0,0,0,0,0,0,0,0,0,1,1,0,0,0,0,0,0
MindCave2_1450,0,0.92,0.0013618469238281,0.0001227855682373,1,0,1,0,0,0,0,1,0,0,0,0,0,0,0,0,0,0,0,0,1,0,0,0,0,0
MindCave2_1450,0,0.92,0.0010490417480468,0.0001187324523925,0,1,0,1,0,0,0,0,0,0,0,0,0,0,0,0,0,0,1,0,0,0,0,0,0,1
MindCave2_1450,0,0.92,0.0009317398071289,0.0001046657562255,1,0,0,1,0,0,0,0,0,0,0,0,0,0,0,0,0,0,1,0,1,0,0,0,0,0
MindCave2_1450,0,0.92,0.0010573863983154,0.0001158714294433,1,0,0,1,0,0,0,0,0,0,0,0,0,0,0,0,0,0,1,0,0,0,0,0,0,1
MindCave2_1450,0,0.92,0.0019936561584472,0.000140905380249,1,0,0,0,1,0,0,0,0,0,0,0,1,0,0,0,0,0,0,1,0,0,0,0,0,0
MindCave2_1450,0,0.92,0.0009465217590332,0.0001122951507568,1,0,0,0,1,0,0,0,0,0,0,0,0,0,0,0,0,0,1,1,0,0,0,0,0,0
MindCave2_1450,0,0.92,0.0010795593261718,0.0001192092895507,1,0,1,0,0,0,0,0,0,0,0,0,0,0,0,0,0,0,1,1,0,0,0,0,0,0
MindCave2_1450,0,0.92,0.0017018318176269,0.0001373291015625,0,1,0,1,0,0,0,0,0,0,0,0,1,0,0,0,0,0,0,1,0,0,0,0,0,0
MindCave2_1450,0,0.92,0.0011763572692871,0.0001137256622314,0,1,0,1,0,0,0,0,0,0,0,0,0,0,0,0,0,0,1,1,0,0,0,0,0,0
MindCave2_1450,0,0.92,0.0009973049163818,0.0001134872436523,0,1,0,1,0,0,0,0,0,0,0,0,0,0,0,0,0,0,1,0,0,0,0,0,1,0
MindCave2_1450,0,0.92,0.0009157657623291,0.0001056194305419,0,1,0,0,1,0,0,0,0,0,0,0,0,0,0,0,0,0,1,0,0,0,0,0,1,0
MindCave2_1450,0,0.92,0.0009784698486328,0.0001165866851806,0,1,0,0,1,0,0,1,0,0,0,0,0,0,0,0,0,0,0,0,0,0,0,0,1,0
MindCave2_1450,0,0.92,0.0012288093566894,0.0001428127288818,1,0,1,0,0,0,0,1,0,0,0,0,0,0,0,0,0,0,0,1,0,0,0,0,0,0
MindCave2_1450,0,0.92,0.0010433197021484,0.0001375675201416,1,0,0,1,0,0,0,1,0,0,0,0,0,0,0,0,0,0,0,0,1,0,0,0,0,0
MindCave2_1450,0,0.92,0.0009105205535888,0.0001068115234375,0,1,0,1,0,0,0,1,0,0,0,0,0,0,0,0,0,0,0,1,0,0,0,0,0,0
PieChart3_1453,3,0.9348837209302324,0.0062286853790283,0.0001299381256103,1,0,1,0,0,0,1,0,0,0,0,0,0,0,0,0,0,0,0,1,0,0,0,0,0,0
PieChart3_1453,3,0.9348837209302324,0.0081884860992431,0.0001823902130126,0,1,0,0,1,0,1,0,0,0,0,0,0,0,0,0,0,0,0,1,0,0,0,0,0,0
PieChart3_1453,3,0.9348837209302324,0.0062851905822753,0.0001306533813476,0,1,0,1,0,0,1,0,0,0,0,0,0,0,0,0,0,0,0,1,0,0,0,0,0,0
PieChart3_1453,3,0.9348837209302324,0.0061779022216796,0.0001277923583984,1,0,0,1,0,0,1,0,0,0,0,0,0,0,0,0,0,0,0,1,0,0,0,0,0,0
PieChart3_1453,3,0.9348837209302324,0.0063376426696777,0.000131607055664,1,0,0,0,1,0,1,0,0,0,0,0,0,0,0,0,0,0,0,1,0,0,0,0,0,0
PieChart3_1453,3,0.9348837209302324,0.0062577724456787,0.0001585483551025,0,1,1,0,0,0,1,0,0,0,0,0,0,0,0,0,0,0,0,1,0,0,0,0,0,0
PieChart3_1453,3,0.9255813953488372,0.0021307468414306,0.0001697540283203,0,1,0,0,1,0,0,0,0,0,0,0,0,0,0,0,0,1,0,0,1,0,0,0,0,0
PieChart3_1453,3,0.9255813953488372,0.0021414756774902,0.0001323223114013,1,0,0,1,0,0,0,0,0,0,0,0,0,0,0,0,0,1,0,0,1,0,0,0,0,0
PieChart3_1453,3,0.9255813953488372,0.0018601417541503,0.0001442432403564,1,0,0,0,1,0,0,0,0,0,0,0,0,0,0,0,0,1,0,0,0,0,0,0,1,0
PieChart3_1453,3,0.9255813953488372,0.0017440319061279,0.0001232624053955,0,1,1,0,0,0,0,0,0,0,0,0,0,0,0,0,0,1,0,0,0,0,0,0,0,1
PieChart3_1453,3,0.9255813953488372,0.0021202564239501,0.0001530647277832,1,0,1,0,0,0,0,0,0,0,0,0,0,0,0,0,0,1,0,0,1,0,0,0,0,0
PieChart3_1453,4,0.9255813953488372,0.010671854019165,0.0001542568206787,1,0,1,0,0,0,1,0,0,0,0,0,0,0,0,0,0,0,0,1,0,0,0,0,0,0
PieChart3_1453,4,0.9255813953488372,0.0083606243133544,0.0001583099365234,1,0,0,1,0,0,1,0,0,0,0,0,0,0,0,0,0,0,0,1,0,0,0,0,0,0
PieChart3_1453,4,0.9255813953488372,0.0087406635284423,0.0001306533813476,1,0,1,0,0,0,1,0,0,0,0,0,0,0,0,0,0,0,0,0,0,0,0,0,1,0
PieChart3_1453,4,0.9255813953488372,0.0105087757110595,0.0001423358917236,1,0,0,0,1,0,1,0,0,0,0,0,0,0,0,0,0,0,0,1,0,0,0,0,0,0
PieChart3_1453,3,0.9255813953488372,0.0017943382263183,0.0001275539398193,1,0,0,1,0,0,0,0,0,0,0,0,0,0,0,0,0,1,0,0,0,0,0,0,1,0
PieChart3_1453,3,0.9255813953488372,0.0022404193878173,0.0001304149627685,0,1,0,1,0,0,0,0,0,0,0,0,0,0,0,0,0,1,0,0,1,0,0,0,0,0
PieChart3_1453,4,0.9255813953488372,0.0063784122467041,0.0001277923583984,0,1,0,0,1,0,1,0,0,0,0,0,0,0,0,0,0,0,0,1,0,0,0,0,0,0
PieChart3_1453,3,0.9255813953488372,0.0021045207977294,0.0001606941223144,1,0,1,0,0,0,0,0,0,0,0,0,0,0,0,0,0,1,0,0,0,0,0,0,1,0
PieChart3_1453,4,0.9255813953488372,0.0065884590148925,0.0001342296600341,0,1,1,0,0,0,1,0,0,0,0,0,0,0,0,0,0,0,0,1,0,0,0,0,0,0
appendicitis_test_edsa_45613,3,1.0,0.0018689632415771,0.0001306533813476,1,0,0,0,1,0,0,0,0,0,0,0,0,0,1,0,0,0,0,0,0,0,1,0,0,0
appendicitis_test_edsa_45613,3,1.0,0.0010108947753906,0.0001156330108642,1,0,1,0,0,0,0,0,0,0,0,0,0,0,0,0,0,0,1,0,0,0,0,1,0,0
appendicitis_test_edsa_45613,3,1.0,0.0010490417480468,0.0001194477081298,1,0,1,0,0,0,0,0,0,0,0,0,0,1,0,0,0,0,0,0,0,0,0,1,0,0
appendicitis_test_edsa_45613,3,1.0,0.0012910366058349,0.0001318454742431,1,0,1,0,0,0,0,0,0,0,0,0,0,1,0,0,0,0,0,0,0,0,1,0,0,0
appendicitis_test_edsa_45613,3,1.0,0.001767873764038,0.000209093093872,0,1,1,0,0,0,0,0,0,0,0,0,1,0,0,0,0,0,0,0,0,0,1,0,0,0
appendicitis_test_edsa_45613,3,1.0,0.0014717578887939,0.0001189708709716,0,1,1,0,0,0,0,0,0,0,0,0,0,0,1,0,0,0,0,0,0,0,1,0,0,0
appendicitis_test_edsa_45613,3,1.0,0.0011603832244873,0.0001294612884521,0,1,0,1,0,0,0,0,0,0,0,1,0,0,0,0,0,0,0,0,0,0,1,0,0,0
appendicitis_test_edsa_45613,3,1.0,0.001033067703247,0.0001425743103027,1,0,1,0,0,0,1,0,0,0,0,0,0,0,0,0,0,0,0,0,0,0,0,1,0,0
appendicitis_test_edsa_45613,3,1.0,0.0011959075927734,0.0001304149627685,0,1,1,0,0,0,0,0,0,0,0,1,0,0,0,0,0,0,0,0,0,0,1,0,0,0
appendicitis_test_edsa_45613,3,1.0,0.0010619163513183,0.0001156330108642,1,0,0,1,0,0,1,0,0,0,0,0,0,0,0,0,0,0,0,0,0,0,0,1,0,0
appendicitis_test_edsa_45613,3,1.0,0.0016694068908691,0.0002346038818359,0,1,1,0,0,0,0,0,0,0,0,0,0,1,0,0,0,0,0,0,0,0,1,0,0,0
appendicitis_test_edsa_45613,3,1.0,0.0010020732879638,0.0001168251037597,1,0,1,0,0,0,0,1,0,0,0,0,0,0,0,0,0,0,0,0,0,1,0,0,0,0
appendicitis_test_edsa_45613,3,1.0,0.0010628700256347,0.0001235008239746,1,0,1,0,0,0,0,0,0,0,0,1,0,0,0,0,0,0,0,0,0,0,1,0,0,0
appendicitis_test_edsa_45613,3,1.0,0.0011553764343261,0.000131607055664,1,0,0,1,0,0,1,0,0,0,0,0,0,0,0,0,0,0,0,1,0,0,0,0,0,0
appendicitis_test_edsa_45613,3,1.0,0.0010421276092529,0.000138521194458,0,1,1,0,0,0,0,1,0,0,0,0,0,0,0,0,0,0,0,0,0,1,0,0,0,0
appendicitis_test_edsa_45613,3,1.0,0.0015149116516113,0.0001423358917236,0,1,0,1,0,0,0,0,0,0,0,0,1,0,0,0,0,0,0,0,0,1,0,0,0,0
appendicitis_test_edsa_45613,3,1.0,0.0011055469512939,0.0001218318939208,1,0,0,1,0,0,1,0,0,0,0,0,0,0,0,0,0,0,0,0,0,0,0,0,0,1
appendicitis_test_edsa_45613,3,1.0,0.0010504722595214,0.0001173019409179,0,1,1,0,0,0,0,1,0,0,0,0,0,0,0,0,0,0,0,0,0,0,0,1,0,0
appendicitis_test_edsa_45613,3,1.0,0.0010404586791992,0.0001130104064941,0,1,1,0,0,0,1,0,0,0,0,0,0,0,0,0,0,0,0,0,0,0,0,1,0,0
appendicitis_test_edsa_45613,3,1.0,0.000934362411499,0.0001082420349121,0,1,1,0,0,0,1,0,0,0,0,0,0,0,0,0,0,0,0,0,0,0,1,0,0,0
DiabeticMellitus_41430,1,1.0,0.0011606216430664,0.0001313686370849,0,1,0,0,1,1,0,0,0,0,0,0,0,0,0,0,0,0,0,0,0,0,0,1,0,0
DiabeticMellitus_41430,0,1.0,0.0011281967163085,0.0001382827758789,0,1,1,0,0,0,0,0,0,0,0,0,0,0,0,0,0,1,0,0,0,0,0,0,0,1
DiabeticMellitus_41430,0,1.0,0.0012235641479492,0.0001163482666015,0,1,0,0,1,0,0,0,0,0,0,0,0,0,0,0,0,1,0,0,0,0,1,0,0,0
DiabeticMellitus_41430,4,1.0,0.0016231536865234,0.0001282691955566,0,1,1,0,0,1,0,0,0,0,0,0,0,0,0,0,0,0,0,0,1,0,0,0,0,0
DiabeticMellitus_41430,4,1.0,0.0014586448669433,0.0001306533813476,0,1,0,0,1,1,0,0,0,0,0,0,0,0,0,0,0,0,0,1,0,0,0,0,0,0
DiabeticMellitus_41430,0,1.0,0.0011515617370605,0.0001165866851806,0,1,0,0,1,0,0,0,0,0,0,0,0,0,0,0,0,1,0,0,0,0,0,0,1,0
DiabeticMellitus_41430,0,1.0,0.0011794567108154,0.0001227855682373,0,1,0,0,1,0,0,0,0,0,0,0,0,0,0,0,0,1,0,0,0,0,0,0,0,1
DiabeticMellitus_41430,4,1.0,0.0015115737915039,0.0001246929168701,0,1,0,0,1,1,0,0,0,0,0,0,0,0,0,0,0,0,0,0,1,0,0,0,0,0
DiabeticMellitus_41430,0,1.0,0.0014090538024902,0.0001213550567626,0,1,0,0,1,0,0,0,0,0,0,0,0,0,0,0,0,1,0,0,1,0,0,0,0,0
DiabeticMellitus_41430,4,1.0,0.0014379024505615,0.0001194477081298,0,1,0,0,1,0,0,0,0,0,0,0,0,0,0,0,0,1,0,0,1,0,0,0,0,0
DiabeticMellitus_41430,4,1.0,0.0009481906890869,0.0001060962677001,0,1,0,1,0,0,0,0,1,0,0,0,0,0,0,0,0,0,0,0,0,0,0,1,0,0
DiabeticMellitus_41430,4,1.0,0.0013394355773925,0.0001246929168701,0,1,1,0,0,1,0,0,0,0,0,0,0,0,0,0,0,0,0,1,0,0,0,0,0,0
DiabeticMellitus_41430,0,1.0,0.000943899154663,0.0001053810119628,0,1,0,1,0,0,0,0,1,0,0,0,0,0,0,0,0,0,0,0,0,0,0,1,0,0
DiabeticMellitus_41430,1,1.0,0.0012550354003906,0.0001249313354492,0,1,0,1,0,1,0,0,0,0,0,0,0,0,0,0,0,0,0,0,0,0,0,1,0,0
DiabeticMellitus_41430,4,1.0,0.0012054443359375,0.0001180171966552,0,1,1,0,0,0,0,0,0,0,0,0,0,0,0,0,0,1,0,1,0,0,0,0,0,0
DiabeticMellitus_41430,4,1.0,0.0012223720550537,0.0001158714294433,0,1,0,0,1,0,0,0,0,0,0,0,0,0,0,0,0,1,0,1,0,0,0,0,0,0
DiabeticMellitus_41430,4,1.0,0.001321792602539,0.0001430511474609,0,1,1,0,0,0,0,0,0,0,0,0,0,0,0,0,0,1,0,0,1,0,0,0,0,0
DiabeticMellitus_41430,4,1.0,0.0013685226440429,0.0001304149627685,0,1,0,1,0,1,0,0,0,0,0,0,0,0,0,0,0,0,0,1,0,0,0,0,0,0
DiabeticMellitus_41430,0,1.0,0.0013606548309326,0.0001275539398193,0,1,1,0,0,0,0,0,0,0,0,0,0,0,0,0,0,1,0,0,0,0,0,0,1,0
DiabeticMellitus_41430,0,1.0,0.0012950897216796,0.0001301765441894,0,1,0,1,0,0,0,0,0,0,0,0,0,0,0,0,0,1,0,0,0,0,0,0,1,0
tae_48,0,0.7419354838709677,0.0555090904235839,0.000220775604248,0,1,0,0,1,0,0,0,0,0,0,0,0,0,0,1,0,0,0,0,1,0,0,0,0,0
tae_48,0,0.7419354838709677,0.0505356788635253,0.0002040863037109,0,1,0,1,0,0,0,0,0,0,0,0,0,0,0,1,0,0,0,0,0,0,0,0,0,1
tae_48,0,0.7419354838709677,0.0550341606140136,0.0002367496490478,1,0,0,0,1,0,0,0,0,0,0,0,0,0,0,1,0,0,0,0,0,0,0,0,1,0
tae_48,0,0.7419354838709677,0.0543768405914306,0.0002014636993408,0,1,0,1,0,0,0,0,0,0,0,0,0,0,0,1,0,0,0,0,1,0,0,0,0,0
tae_48,0,0.7419354838709677,0.0566754341125488,0.0002374649047851,1,0,0,0,1,0,0,0,0,0,0,0,0,0,0,1,0,0,0,0,1,0,0,0,0,0
tae_48,0,0.7419354838709677,0.0555000305175781,0.0002169609069824,1,0,1,0,0,0,0,0,0,0,0,0,0,0,0,1,0,0,0,0,0,0,0,0,1,0
tae_48,0,0.7419354838709677,0.0559375286102294,0.0002174377441406,0,1,0,1,0,0,0,0,0,0,0,0,0,0,0,1,0,0,0,0,0,0,0,0,1,0
tae_48,0,0.7419354838709677,0.055016279220581,0.0002040863037109,1,0,0,1,0,0,0,0,0,0,0,0,0,0,0,1,0,0,0,0,0,0,0,0,0,1
tae_48,0,0.7419354838709677,0.0551481246948242,0.000216007232666,0,1,1,0,0,0,0,0,0,0,0,0,0,0,0,1,0,0,0,0,0,0,0,0,0,1
tae_48,0,0.7419354838709677,0.0551061630249023,0.0002186298370361,1,0,0,1,0,0,0,0,0,0,0,0,0,0,0,1,0,0,0,0,0,0,0,0,1,0
tae_48,0,0.7419354838709677,0.0554325580596923,0.0002233982086181,1,0,0,1,0,0,0,0,0,0,0,0,0,0,0,1,0,0,0,1,0,0,0,0,0,0
tae_48,0,0.7419354838709677,0.0562579631805419,0.0002424716949462,0,1,0,0,1,0,0,0,0,0,0,0,0,0,0,1,0,0,0,0,0,0,0,0,0,1
tae_48,0,0.7419354838709677,0.0555617809295654,0.0002362728118896,0,1,1,0,0,0,0,0,0,0,0,0,0,0,0,1,0,0,0,0,1,0,0,0,0,0
tae_48,0,0.7419354838709677,0.0559067726135253,0.0002162456512451,0,1,1,0,0,0,0,0,0,0,0,0,0,0,0,1,0,0,0,0,0,0,0,0,1,0
tae_48,0,0.7419354838709677,0.0552945137023925,0.0002198219299316,0,1,0,1,0,0,0,0,0,0,0,0,0,0,0,1,0,0,0,1,0,0,0,0,0,0
tae_48,0,0.7419354838709677,0.0553348064422607,0.0002210140228271,1,0,1,0,0,0,0,0,0,0,0,0,0,0,0,1,0,0,0,0,0,0,0,0,0,1
tae_48,0,0.7419354838709677,0.0562167167663574,0.0002713203430175,1,0,1,0,0,0,0,0,0,0,0,0,0,0,0,1,0,0,0,0,1,0,0,0,0,0
tae_48,0,0.7419354838709677,0.055283784866333,0.000232458114624,1,0,0,0,1,0,0,0,0,0,0,0,0,0,0,1,0,0,0,1,0,0,0,0,0,0
tae_48,0,0.7419354838709677,0.0553879737854003,0.0002167224884033,1,0,1,0,0,0,0,0,0,0,0,0,0,0,0,1,0,0,0,1,0,0,0,0,0,0
tae_48,0,0.7419354838709677,0.057178258895874,0.0002291202545166,1,0,0,0,1,0,0,0,0,0,0,0,0,0,0,1,0,0,0,0,0,0,0,0,0,1
fri_c1_500_50_766,1,0.83,0.0013685226440429,0.0001313686370849,1,0,1,0,0,0,0,1,0,0,0,0,0,0,0,0,0,0,0,0,1,0,0,0,0,0
fri_c1_500_50_766,1,0.83,0.0012679100036621,0.0001528263092041,0,1,0,0,1,0,0,1,0,0,0,0,0,0,0,0,0,0,0,0,0,0,1,0,0,0
fri_c1_500_50_766,1,0.83,0.0014891624450683,0.0001554489135742,0,1,1,0,0,0,0,1,0,0,0,0,0,0,0,0,0,0,0,0,0,0,1,0,0,0
fri_c1_500_50_766,1,0.83,0.001192569732666,0.0001251697540283,1,0,1,0,0,0,0,1,0,0,0,0,0,0,0,0,0,0,0,0,0,0,0,1,0,0
fri_c1_500_50_766,1,0.83,0.0014288425445556,0.0001335144042968,0,1,0,1,0,0,0,1,0,0,0,0,0,0,0,0,0,0,0,0,1,0,0,0,0,0
fri_c1_500_50_766,1,0.83,0.0015788078308105,0.0001523494720458,1,0,0,1,0,0,0,1,0,0,0,0,0,0,0,0,0,0,0,0,0,0,0,0,1,0
fri_c1_500_50_766,1,0.83,0.0012686252593994,0.0001266002655029,1,0,0,1,0,0,0,1,0,0,0,0,0,0,0,0,0,0,0,0,0,0,0,1,0,0
fri_c1_500_50_766,1,0.83,0.0014586448669433,0.000133991241455,0,1,0,0,1,0,0,1,0,0,0,0,0,0,0,0,0,0,0,0,0,0,0,1,0,0
fri_c1_500_50_766,1,0.83,0.0012619495391845,0.0001282691955566,1,0,0,1,0,0,0,1,0,0,0,0,0,0,0,0,0,0,0,0,0,0,1,0,0,0
fri_c1_500_50_766,1,0.83,0.0012474060058593,0.000126838684082,1,0,0,1,0,0,0,1,0,0,0,0,0,0,0,0,0,0,0,0,0,1,0,0,0,0
fri_c1_500_50_766,1,0.83,0.0012741088867187,0.0001463890075683,0,1,0,1,0,0,0,1,0,0,0,0,0,0,0,0,0,0,0,0,0,0,0,1,0,0
fri_c1_500_50_766,1,0.83,0.0011987686157226,0.0001246929168701,1,0,0,1,0,0,0,1,0,0,0,0,0,0,0,0,0,0,0,1,0,0,0,0,0,0
fri_c1_500_50_766,1,0.83,0.001443862915039,0.0001556873321533,0,1,0,0,1,0,0,1,0,0,0,0,0,0,0,0,0,0,0,0,1,0,0,0,0,0
fri_c1_500_50_766,1,0.83,0.0014929771423339,0.0001451969146728,0,1,1,0,0,0,0,1,0,0,0,0,0,0,0,0,0,0,0,0,1,0,0,0,0,0
fri_c1_500_50_766,1,0.83,0.0013411045074462,0.0001277923583984,0,1,1,0,0,0,0,1,0,0,0,0,0,0,0,0,0,0,0,0,0,0,0,0,1,0
fri_c1_500_50_766,1,0.83,0.0012578964233398,0.0001261234283447,1,0,1,0,0,0,0,1,0,0,0,0,0,0,0,0,0,0,0,1,0,0,0,0,0,0
fri_c1_500_50_766,1,0.83,0.001467227935791,0.0001299381256103,1,0,0,0,1,0,0,1,0,0,0,0,0,0,0,0,0,0,0,0,0,0,0,0,1,0
fri_c1_500_50_766,1,0.83,0.0015981197357177,0.0001754760742187,1,0,0,0,1,0,0,1,0,0,0,0,0,0,0,0,0,0,0,0,0,1,0,0,0,0
fri_c1_500_50_766,1,0.83,0.001516580581665,0.0001378059387207,1,0,1,0,0,0,0,1,0,0,0,0,0,0,0,0,0,0,0,0,0,1,0,0,0,0
fri_c1_500_50_766,1,0.83,0.001291275024414,0.0001285076141357,0,1,0,1,0,0,0,1,0,0,0,0,0,0,0,0,0,0,0,0,0,0,0,0,1,0
tokyo1_40705,2,0.953125,0.0068845748901367,0.0001718997955322,1,0,0,0,1,0,1,0,0,0,0,0,0,0,0,0,0,0,0,0,0,0,0,0,1,0
tokyo1_40705,2,0.953125,0.0064179897308349,0.0001442432403564,1,0,0,1,0,0,0,0,0,1,0,0,0,0,0,0,0,0,0,0,0,0,0,0,0,1
tokyo1_40705,1,0.953125,0.0059039592742919,0.0001444816589355,0,1,0,0,1,0,0,0,0,1,0,0,0,0,0,0,0,0,0,0,0,0,1,0,0,0
tokyo1_40705,2,0.953125,0.0093390941619873,0.000150442123413,1,0,1,0,0,0,0,0,0,1,0,0,0,0,0,0,0,0,0,0,0,0,0,0,0,1
tokyo1_40705,2,0.953125,0.0075695514678955,0.0002162456512451,0,1,0,0,1,0,0,0,0,0,0,0,0,1,0,0,0,0,0,0,0,0,0,0,0,1
tokyo1_40705,2,0.953125,0.002256155014038,0.0001153945922851,1,0,0,1,0,0,0,0,0,0,1,0,0,0,0,0,0,0,0,0,0,0,0,0,0,1
tokyo1_40705,2,0.953125,0.0021755695343017,0.0001173019409179,1,0,1,0,0,0,0,0,0,0,1,0,0,0,0,0,0,0,0,0,0,0,0,0,0,1
tokyo1_40705,2,0.953125,0.0213403701782226,0.0001626014709472,0,1,1,0,0,0,1,0,0,0,0,0,0,0,0,0,0,0,0,1,0,0,0,0,0,0
tokyo1_40705,1,0.953125,0.0036914348602294,0.0001184940338134,0,1,0,1,0,0,0,0,0,0,0,1,0,0,0,0,0,0,0,0,0,0,1,0,0,0
tokyo1_40705,1,0.953125,0.0066032409667968,0.0001313686370849,0,1,0,1,0,0,0,0,0,0,0,0,0,1,0,0,0,0,0,0,0,0,1,0,0,0
tokyo1_40705,2,0.953125,0.0057132244110107,0.0001266002655029,0,1,0,0,1,0,0,0,0,0,0,1,0,0,0,0,0,0,0,0,0,0,0,0,0,1
tokyo1_40705,2,0.953125,0.0163609981536865,0.0001447200775146,0,1,0,0,1,0,1,0,0,0,0,0,0,0,0,0,0,0,0,0,0,0,0,0,0,1
tokyo1_40705,2,0.953125,0.0195486545562744,0.0002429485321044,1,0,0,1,0,0,1,0,0,0,0,0,0,0,0,0,0,0,0,0,0,0,0,0,0,1
tokyo1_40705,2,0.953125,0.0206165313720703,0.0001935958862304,0,1,0,1,0,0,1,0,0,0,0,0,0,0,0,0,0,0,0,1,0,0,0,0,0,0
tokyo1_40705,1,0.953125,0.0038349628448486,0.0001173019409179,0,1,1,0,0,0,0,0,0,0,0,0,0,1,0,0,0,0,0,0,0,0,1,0,0,0
tokyo1_40705,2,0.953125,0.0083906650543212,0.0001311302185058,1,0,0,1,0,0,0,0,0,0,0,0,0,1,0,0,0,0,0,0,0,0,0,0,0,1
tokyo1_40705,1,0.953125,0.0039863586425781,0.0002195835113525,0,1,1,0,0,0,0,0,0,0,0,1,0,0,0,0,0,0,0,0,0,0,1,0,0,0
tokyo1_40705,2,0.953125,0.0019068717956542,0.000112771987915,0,1,0,0,1,0,0,0,0,0,1,0,0,0,0,0,0,0,0,0,0,0,1,0,0,0
tokyo1_40705,2,0.953125,0.0021774768829345,0.0001122951507568,0,1,0,1,0,0,0,0,0,0,1,0,0,0,0,0,0,0,0,0,0,0,0,0,0,1
tokyo1_40705,2,0.953125,0.0276544094085693,0.0001683235168457,0,1,0,0,1,0,1,0,0,0,0,0,0,0,0,0,0,0,0,1,0,0,0,0,0,0
schizo_466,1,0.9117647058823528,0.003983736038208,0.0002505779266357,0,1,0,0,1,0,0,0,0,0,0,0,1,0,0,0,0,0,0,0,1,0,0,0,0,0
schizo_466,1,0.8970588235294118,0.0052881240844726,0.0002970695495605,0,1,0,1,0,0,0,0,0,0,0,0,1,0,0,0,0,0,0,0,1,0,0,0,0,0
schizo_466,3,0.8823529411764706,0.0036654472351074,0.0001444816589355,0,1,0,1,0,0,0,0,0,0,0,0,1,0,0,0,0,0,0,0,1,0,0,0,0,0
schizo_466,3,0.8676470588235294,0.0040497779846191,0.0002636909484863,0,1,0,0,1,0,0,0,0,0,0,0,1,0,0,0,0,0,0,0,1,0,0,0,0,0
schizo_466,1,0.8235294117647058,0.0435049533843994,0.0002257823944091,0,1,0,1,0,0,0,0,0,0,0,0,0,0,0,1,0,0,0,0,0,1,0,0,0,0
schizo_466,0,0.8235294117647058,0.0035479068756103,0.0001497268676757,0,1,0,0,1,0,0,0,0,0,0,0,1,0,0,0,0,0,0,0,1,0,0,0,0,0
schizo_466,0,0.8088235294117647,0.0348672866821289,0.0002350807189941,0,1,0,1,0,0,0,0,0,0,0,0,0,0,0,1,0,0,0,0,0,1,0,0,0,0
schizo_466,2,0.8088235294117647,0.0035910606384277,0.0001792907714843,0,1,0,0,1,0,0,0,0,0,0,0,1,0,0,0,0,0,0,0,1,0,0,0,0,0
schizo_466,2,0.7941176470588235,0.0039405822753906,0.0002036094665527,0,1,0,1,0,0,0,0,0,0,0,0,1,0,0,0,0,0,0,0,1,0,0,0,0,0
schizo_466,3,0.7941176470588235,0.0333325862884521,0.0001893043518066,0,1,0,1,0,0,0,0,0,0,0,0,0,0,0,1,0,0,0,0,0,1,0,0,0,0
schizo_466,4,0.7794117647058824,0.0036220550537109,0.0001983642578125,0,1,0,1,0,0,0,0,0,0,0,0,1,0,0,0,0,0,0,0,1,0,0,0,0,0
schizo_466,4,0.7794117647058824,0.003627061843872,0.0003702640533447,0,1,0,0,1,0,0,0,0,0,0,0,1,0,0,0,0,0,0,0,1,0,0,0,0,0
schizo_466,4,0.7647058823529411,0.034883975982666,0.0002362728118896,0,1,0,0,1,0,0,0,0,0,0,0,0,0,0,1,0,0,0,0,0,1,0,0,0,0
schizo_466,2,0.7647058823529411,0.040292739868164,0.0002422332763671,0,1,0,0,1,0,0,0,0,0,0,0,0,0,0,1,0,0,0,0,0,1,0,0,0,0
schizo_466,0,0.7647058823529411,0.0340559482574462,0.0001661777496337,0,1,0,0,1,0,0,0,0,0,0,0,0,0,0,1,0,0,0,0,0,1,0,0,0,0
schizo_466,4,0.7647058823529411,0.0356643199920654,0.0002305507659912,0,1,0,1,0,0,0,0,0,0,0,0,0,0,0,1,0,0,0,0,0,1,0,0,0,0
schizo_466,2,0.75,0.0388801097869873,0.0002152919769287,0,1,0,1,0,0,0,0,0,0,0,0,0,0,0,1,0,0,0,0,0,1,0,0,0,0
schizo_466,0,0.7352941176470589,0.0037105083465576,0.0001528263092041,0,1,0,1,0,0,0,0,0,0,0,0,1,0,0,0,0,0,0,0,1,0,0,0,0,0
schizo_466,1,0.7352941176470589,0.0165858268737792,0.0001378059387207,0,1,0,0,1,0,0,0,0,0,0,0,0,0,1,0,0,0,0,0,0,0,0,0,0,1
schizo_466,1,0.7352941176470589,0.0478236675262451,0.0002379417419433,0,1,0,0,1,0,0,0,0,0,0,0,0,0,0,1,0,0,0,0,0,1,0,0,0,0
glass_1005,4,0.9047619047619048,0.0020346641540527,0.0001125335693359,1,0,0,0,1,0,0,0,0,0,0,0,0,0,0,0,1,0,0,0,0,0,1,0,0,0
glass_1005,4,0.9047619047619048,0.0029847621917724,0.0001122951507568,0,1,0,1,0,0,0,0,0,0,0,0,0,0,0,0,1,0,0,0,0,0,1,0,0,0
glass_1005,4,0.9047619047619048,0.0020906925201416,0.0001149177551269,1,0,0,1,0,0,0,0,0,0,0,0,0,0,0,0,1,0,0,0,0,0,1,0,0,0
glass_1005,4,0.9047619047619048,0.0020389556884765,0.0001158714294433,1,0,1,0,0,0,0,0,0,0,0,0,0,0,0,0,1,0,0,0,0,0,1,0,0,0
glass_1005,4,0.9047619047619048,0.0029642581939697,0.0001132488250732,0,1,0,0,1,0,0,0,0,0,0,0,0,0,0,0,1,0,0,0,0,0,1,0,0,0
glass_1005,4,0.9047619047619048,0.0021545886993408,0.0001194477081298,0,1,1,0,0,0,0,0,0,0,0,0,0,0,0,0,1,0,0,0,0,0,1,0,0,0
glass_1005,2,0.8837209302325582,0.0039691925048828,0.0001387596130371,0,1,0,0,1,0,0,0,0,0,0,0,0,0,0,1,0,0,0,0,0,0,0,1,0,0
glass_1005,2,0.8837209302325582,0.0042197704315185,0.0001387596130371,0,1,1,0,0,0,0,0,0,0,0,0,0,0,0,1,0,0,0,0,0,0,0,1,0,0
glass_1005,2,0.8837209302325582,0.0044419765472412,0.0001296997070312,0,1,0,1,0,0,0,0,0,0,0,0,0,0,0,1,0,0,0,0,0,0,0,1,0,0
glass_1005,2,0.8837209302325582,0.0045084953308105,0.0001275539398193,1,0,0,1,0,0,0,0,0,0,0,0,0,0,0,1,0,0,0,0,0,0,0,1,0,0
glass_1005,2,0.8837209302325582,0.0039949417114257,0.0001366138458251,1,0,0,0,1,0,0,0,0,0,0,0,0,0,0,1,0,0,0,0,0,0,0,1,0,0
glass_1005,2,0.8837209302325582,0.0039281845092773,0.0001349449157714,1,0,1,0,0,0,0,0,0,0,0,0,0,0,0,1,0,0,0,0,0,0,0,1,0,0
glass_1005,2,0.8604651162790697,0.0021030902862548,0.0001201629638671,1,0,0,1,0,0,0,0,0,0,0,0,0,0,0,0,1,0,0,0,0,0,1,0,0,0
glass_1005,2,0.8604651162790697,0.0165040493011474,0.0001392364501953,0,1,1,0,0,0,0,0,0,0,0,0,0,0,0,1,0,0,0,0,0,1,0,0,0,0
glass_1005,2,0.8604651162790697,0.0021159648895263,0.0001235008239746,1,0,0,0,1,0,0,0,0,0,0,0,0,0,0,0,1,0,0,0,0,0,1,0,0,0
glass_1005,2,0.8604651162790697,0.0164179801940917,0.0001335144042968,1,0,1,0,0,0,0,0,0,0,0,0,0,0,0,1,0,0,0,0,0,1,0,0,0,0
glass_1005,2,0.8604651162790697,0.0021352767944335,0.0001215934753417,1,0,1,0,0,0,0,0,0,0,0,0,0,0,0,0,1,0,0,0,0,0,1,0,0,0
glass_1005,2,0.8604651162790697,0.0164036750793457,0.0001389980316162,0,1,0,0,1,0,0,0,0,0,0,0,0,0,0,1,0,0,0,0,0,1,0,0,0,0
glass_1005,2,0.8604651162790697,0.0162434577941894,0.0001313686370849,1,0,0,1,0,0,0,0,0,0,0,0,0,0,0,1,0,0,0,0,0,1,0,0,0,0
glass_1005,2,0.8604651162790697,0.0075163841247558,0.0001296997070312,1,0,0,0,1,0,0,0,0,0,0,0,0,0,0,1,0,0,0,0,0,0,1,0,0,0
backache_463,1,0.9722222222222222,0.0010850429534912,0.000129222869873,0,1,0,0,1,0,0,0,0,0,1,0,0,0,0,0,0,0,0,0,0,0,0,1,0,0
backache_463,1,0.9722222222222222,0.0009999275207519,0.0001089572906494,1,0,0,1,0,0,0,0,0,0,1,0,0,0,0,0,0,0,0,0,0,0,0,1,0,0
backache_463,1,0.9722222222222222,0.0010337829589843,0.0001406669616699,0,1,0,1,0,0,0,0,0,0,1,0,0,0,0,0,0,0,0,0,0,0,0,1,0,0
backache_463,1,0.9722222222222222,0.0026812553405761,0.0001435279846191,0,1,0,1,0,0,0,0,0,0,0,0,0,0,0,1,0,0,0,0,0,0,0,1,0,0
backache_463,1,0.9722222222222222,0.0009257793426513,0.0001280307769775,1,0,0,0,1,0,0,0,0,0,1,0,0,0,0,0,0,0,0,0,0,0,0,1,0,0
backache_463,1,0.9722222222222222,0.0021638870239257,0.0001196861267089,1,0,0,0,1,0,0,0,0,0,0,0,0,0,0,1,0,0,0,0,0,0,0,1,0,0
backache_463,1,0.9722222222222222,0.0024864673614501,0.0001320838928222,0,1,1,0,0,0,0,0,0,0,0,0,0,0,0,1,0,0,0,0,0,0,0,1,0,0
backache_463,1,0.9722222222222222,0.0011591911315917,0.0001270771026611,0,1,1,0,0,0,0,0,0,0,1,0,0,0,0,0,0,0,0,0,0,0,0,1,0,0
backache_463,1,0.9722222222222222,0.0009915828704833,0.000108003616333,1,0,1,0,0,0,0,0,0,0,1,0,0,0,0,0,0,0,0,0,0,0,0,1,0,0
backache_463,1,0.9722222222222222,0.0021817684173583,0.000152587890625,1,0,1,0,0,0,0,0,0,0,0,0,0,0,0,1,0,0,0,0,0,0,0,1,0,0
backache_463,1,0.9722222222222222,0.002345323562622,0.0001282691955566,0,1,0,0,1,0,0,0,0,0,0,0,0,0,0,1,0,0,0,0,0,0,0,1,0,0
backache_463,1,0.9722222222222222,0.0022499561309814,0.0001423358917236,1,0,0,1,0,0,0,0,0,0,0,0,0,0,0,1,0,0,0,0,0,0,0,1,0,0
backache_463,1,0.9444444444444444,0.001209020614624,0.0001323223114013,1,0,0,0,1,0,0,0,0,0,1,0,0,0,0,0,0,0,0,0,0,0,0,0,0,1
backache_463,1,0.9444444444444444,0.0025150775909423,0.0009894371032714,1,0,1,0,0,0,0,0,0,0,0,1,0,0,0,0,0,0,0,0,1,0,0,0,0,0
backache_463,1,0.9444444444444444,0.0010309219360351,0.0001115798950195,0,1,1,0,0,0,0,0,0,0,0,0,0,0,0,0,0,1,0,0,0,0,0,0,1,0
backache_463,1,0.9444444444444444,0.0015890598297119,0.0001304149627685,0,1,0,0,1,0,0,0,0,1,0,0,0,0,0,0,0,0,0,0,0,0,0,1,0,0
backache_463,1,0.9444444444444444,0.0019402503967285,0.0001177787780761,1,0,1,0,0,0,0,0,0,0,0,0,0,1,0,0,0,0,0,0,1,0,0,0,0,0
backache_463,1,0.9444444444444444,0.001516580581665,0.000115156173706,0,1,1,0,0,0,0,0,0,0,0,0,0,1,0,0,0,0,0,0,0,0,0,0,1,0
backache_463,1,0.9444444444444444,0.0016188621520996,0.0001397132873535,0,1,1,0,0,0,0,0,0,0,0,1,0,0,0,0,0,0,0,0,0,0,0,0,1,0
backache_463,1,0.9444444444444444,0.0024416446685791,0.0001752376556396,1,0,0,1,0,0,0,0,0,1,0,0,0,0,0,0,0,0,0,0,1,0,0,0,0,0
parkinsons_1488,2,1.0,0.0012223720550537,0.0001177787780761,1,0,1,0,0,0,1,0,0,0,0,0,0,0,0,0,0,0,0,0,0,0,0,1,0,0
parkinsons_1488,2,1.0,0.0011720657348632,0.0001180171966552,0,1,1,0,0,0,1,0,0,0,0,0,0,0,0,0,0,0,0,0,0,0,0,1,0,0
parkinsons_1488,2,1.0,0.0012733936309814,0.0001213550567626,0,1,0,1,0,0,1,0,0,0,0,0,0,0,0,0,0,0,0,0,0,0,0,1,0,0
parkinsons_1488,2,1.0,0.0012528896331787,0.0001237392425537,1,0,0,1,0,0,1,0,0,0,0,0,0,0,0,0,0,0,0,0,0,0,0,1,0,0
parkinsons_1488,2,1.0,0.0012004375457763,0.0001170635223388,0,1,0,0,1,0,1,0,0,0,0,0,0,0,0,0,0,0,0,0,0,0,0,1,0,0
parkinsons_1488,2,1.0,0.0012595653533935,0.0001230239868164,1,0,0,0,1,0,1,0,0,0,0,0,0,0,0,0,0,0,0,0,0,0,0,1,0,0
parkinsons_1488,2,0.9743589743589745,0.0033938884735107,0.0001280307769775,0,1,0,0,1,0,0,0,0,0,0,0,0,0,0,1,0,0,0,1,0,0,0,0,0,0
parkinsons_1488,2,0.9743589743589745,0.0033845901489257,0.0001308917999267,0,1,0,0,1,0,0,0,0,0,0,0,0,0,0,1,0,0,0,0,0,0,0,0,0,1
parkinsons_1488,2,0.9743589743589745,0.0034155845642089,0.0001318454742431,1,0,0,0,1,0,0,0,0,0,0,0,0,0,0,1,0,0,0,0,1,0,0,0,0,0
parkinsons_1488,2,0.9743589743589745,0.003382921218872,0.0001332759857177,0,1,1,0,0,0,0,0,0,0,0,0,0,0,0,1,0,0,0,0,0,0,0,0,0,1
parkinsons_1488,2,0.9743589743589745,0.0032896995544433,0.0001294612884521,1,0,0,0,1,0,0,0,0,0,0,0,0,0,0,1,0,0,0,0,0,0,0,0,0,1
parkinsons_1488,2,0.9743589743589745,0.0033869743347167,0.000133991241455,0,1,1,0,0,0,0,0,0,0,0,0,0,0,0,1,0,0,0,1,0,0,0,0,0,0
parkinsons_1488,2,0.9743589743589745,0.0022425651550292,0.000133991241455,0,1,1,0,0,0,0,0,0,0,0,0,1,0,0,0,0,0,0,0,0,0,0,0,1,0
parkinsons_1488,2,0.9743589743589745,0.0032854080200195,0.0001304149627685,1,0,1,0,0,0,0,0,0,0,0,0,0,0,0,1,0,0,0,0,0,0,0,0,0,1
parkinsons_1488,2,0.9743589743589745,0.001960277557373,0.0001225471496582,0,1,0,0,1,0,0,0,0,0,0,0,0,0,0,0,1,0,0,1,0,0,0,0,0,0
parkinsons_1488,2,0.9743589743589745,0.0019638538360595,0.0001213550567626,0,1,1,0,0,0,0,0,0,0,0,0,0,0,0,0,1,0,0,1,0,0,0,0,0,0
parkinsons_1488,2,0.9743589743589745,0.0032942295074462,0.0001304149627685,0,1,0,1,0,0,0,0,0,0,0,0,0,0,0,1,0,0,0,0,1,0,0,0,0,0
parkinsons_1488,2,0.9743589743589745,0.0036156177520751,0.0001356601715087,0,1,0,0,1,0,0,0,0,0,0,0,0,0,0,1,0,0,0,0,0,0,0,0,1,0
parkinsons_1488,2,0.9743589743589745,0.0028460025787353,0.0001373291015625,1,0,1,0,0,0,0,0,0,0,0,0,1,0,0,0,0,0,0,0,0,0,0,0,1,0
parkinsons_1488,2,0.9743589743589745,0.0032992362976074,0.0001287460327148,0,1,0,1,0,0,0,0,0,0,0,0,0,0,0,1,0,0,0,0,0,0,0,0,1,0
PieChart1_1451,3,0.9432624113475178,0.0039186477661132,0.0001335144042968,0,1,0,1,0,0,1,0,0,0,0,0,0,0,0,0,0,0,0,0,1,0,0,0,0,0
PieChart1_1451,3,0.9432624113475178,0.160050630569458,0.0002827644348144,0,1,0,1,0,0,0,0,0,0,0,0,0,0,1,0,0,0,0,0,0,0,0,0,0,1
PieChart1_1451,3,0.9432624113475178,0.2185373306274414,0.0003092288970947,0,1,1,0,0,0,0,0,0,0,0,0,0,0,1,0,0,0,0,0,0,0,0,0,0,1
PieChart1_1451,1,0.9432624113475178,0.0053586959838867,0.0002017021179199,1,0,1,0,0,0,0,0,0,0,0,0,0,0,0,0,1,0,0,0,0,0,0,1,0,0
PieChart1_1451,1,0.9432624113475178,0.0041334629058837,0.0001370906829833,1,0,0,0,1,0,0,0,0,0,0,0,0,0,0,0,1,0,0,0,0,0,0,1,0,0
PieChart1_1451,3,0.9432624113475178,0.0035710334777832,0.0001227855682373,0,1,1,0,0,0,1,0,0,0,0,0,0,0,0,0,0,0,0,0,1,0,0,0,0,0
PieChart1_1451,3,0.9432624113475178,0.1902947425842285,0.0003020763397216,1,0,0,1,0,0,0,0,0,0,0,0,0,0,1,0,0,0,0,0,0,0,0,0,0,1
PieChart1_1451,3,0.9432624113475178,0.0067725181579589,0.0001916885375976,1,0,0,1,0,0,1,0,0,0,0,0,0,0,0,0,0,0,0,0,1,0,0,0,0,0
PieChart1_1451,3,0.9432624113475178,0.2217137813568115,0.0003106594085693,0,1,0,0,1,0,0,0,0,0,0,0,0,0,1,0,0,0,0,0,0,0,0,0,0,1
PieChart1_1451,1,0.9432624113475178,0.0052757263183593,0.000178575515747,0,1,1,0,0,0,0,0,0,0,0,0,0,0,0,0,1,0,0,0,0,0,0,1,0,0
PieChart1_1451,3,0.9432624113475178,0.1906538009643554,0.0002839565277099,1,0,0,0,1,0,0,0,0,0,0,0,0,0,1,0,0,0,0,0,0,0,0,0,0,1
PieChart1_1451,3,0.9432624113475178,0.0067486763000488,0.0001308917999267,1,0,0,0,1,0,1,0,0,0,0,0,0,0,0,0,0,0,0,0,1,0,0,0,0,0
PieChart1_1451,1,0.9432624113475178,0.0042369365692138,0.0001833438873291,0,1,0,1,0,0,0,0,0,0,0,0,0,0,0,0,1,0,0,0,0,0,0,1,0,0
PieChart1_1451,3,0.9432624113475178,0.0037376880645751,0.0001280307769775,0,1,0,0,1,0,1,0,0,0,0,0,0,0,0,0,0,0,0,0,1,0,0,0,0,0
PieChart1_1451,1,0.9432624113475178,0.0059530735015869,0.0002291202545166,1,0,0,1,0,0,0,0,0,0,0,0,0,0,0,0,1,0,0,0,0,0,0,1,0,0
PieChart1_1451,1,0.9432624113475178,0.0063450336456298,0.0001678466796875,0,1,0,0,1,0,0,0,0,0,0,0,0,0,0,0,1,0,0,0,0,0,0,1,0,0
PieChart1_1451,3,0.9432624113475178,0.0062212944030761,0.0003333091735839,1,0,1,0,0,0,1,0,0,0,0,0,0,0,0,0,0,0,0,0,1,0,0,0,0,0
PieChart1_1451,3,0.9432624113475178,0.1652967929840088,0.0002832412719726,1,0,1,0,0,0,0,0,0,0,0,0,0,0,1,0,0,0,0,0,0,0,0,0,0,1
PieChart1_1451,1,0.9361702127659576,0.0256314277648925,0.0013203620910644,1,0,0,1,0,0,0,0,0,0,0,1,0,0,0,0,0,0,0,0,1,0,0,0,0,0
PieChart1_1451,3,0.9361702127659576,0.0542445182800293,0.0002567768096923,1,0,1,0,0,0,0,0,0,0,0,0,0,0,0,1,0,0,0,0,0,0,0,1,0,0
bridges_327,0,0.9047619047619048,0.0044031143188476,0.0001139640808105,0,1,0,1,0,0,0,0,0,0,0,0,0,1,0,0,0,0,0,0,1,0,0,0,0,0
bridges_327,0,0.9047619047619048,0.0010597705841064,0.000105857849121,0,1,0,0,1,0,0,0,0,0,0,0,0,0,0,0,0,0,1,0,0,0,0,0,0,1
bridges_327,0,0.9047619047619048,0.0040266513824462,0.0001299381256103,0,1,0,1,0,0,0,0,0,0,0,0,1,0,0,0,0,0,0,0,0,0,0,0,1,0
bridges_327,0,0.9047619047619048,0.0026822090148925,0.0001146793365478,0,1,0,0,1,0,0,0,0,0,0,0,0,0,1,0,0,0,0,1,0,0,0,0,0,0
bridges_327,0,0.9047619047619048,0.0011088848114013,0.0001094341278076,0,1,0,0,1,0,0,0,0,0,1,0,0,0,0,0,0,0,0,0,0,0,0,0,1,0
bridges_327,0,0.9047619047619048,0.0067522525787353,0.0001440048217773,0,1,0,0,1,0,0,0,0,0,0,0,1,0,0,0,0,0,0,0,0,0,0,0,1,0
bridges_327,0,0.9047619047619048,0.0029807090759277,0.0001392364501953,0,1,0,1,0,0,0,0,0,1,0,0,0,0,0,0,0,0,0,0,1,0,0,0,0,0
bridges_327,4,0.9047619047619048,0.0014224052429199,0.0001115798950195,0,1,0,1,0,0,0,0,0,0,1,0,0,0,0,0,0,0,0,0,0,0,1,0,0,0
bridges_327,0,0.9047619047619048,0.00346040725708,0.0001273155212402,0,1,0,1,0,0,0,0,0,0,0,0,1,0,0,0,0,0,0,0,0,0,0,1,0,0
bridges_327,4,0.8571428571428571,0.0040485858917236,0.0001077651977539,0,1,0,1,0,0,0,0,0,0,0,0,0,1,0,0,0,0,0,0,1,0,0,0,0,0
bridges_327,0,0.8571428571428571,0.0015091896057128,0.0001168251037597,0,1,0,0,1,0,0,0,0,0,0,0,0,1,0,0,0,0,0,0,0,0,0,0,1,0
bridges_327,0,0.8571428571428571,0.0021998882293701,0.0001096725463867,0,1,0,1,0,0,0,0,0,1,0,0,0,0,0,0,0,0,0,0,0,0,0,0,1,0
bridges_327,0,0.8571428571428571,0.0019240379333496,0.0001478195190429,0,1,0,0,1,0,0,0,0,0,0,1,0,0,0,0,0,0,0,0,0,0,0,0,1,0
bridges_327,0,0.8571428571428571,0.0019166469573974,0.0001397132873535,0,1,0,0,1,0,0,0,0,0,0,1,0,0,0,0,0,0,0,0,0,0,0,1,0,0
bridges_327,0,0.8571428571428571,0.001788854598999,0.0001332759857177,0,1,0,0,1,0,0,0,0,1,0,0,0,0,0,0,0,0,0,0,0,0,1,0,0,0
bridges_327,0,0.8571428571428571,0.0025858879089355,0.0001308917999267,0,1,0,0,1,0,0,0,0,1,0,0,0,0,0,0,0,0,0,0,1,0,0,0,0,0
bridges_327,0,0.8571428571428571,0.0012202262878417,0.0001063346862792,0,1,0,0,1,0,1,0,0,0,0,0,0,0,0,0,0,0,0,0,0,0,0,0,0,1
bridges_327,0,0.8571428571428571,0.0015079975128173,0.0001716613769531,0,1,0,0,1,0,0,0,0,0,1,0,0,0,0,0,0,0,0,0,1,0,0,0,0,0
bridges_327,0,0.8571428571428571,0.0031499862670898,0.0002307891845703,0,1,0,1,0,0,0,0,0,1,0,0,0,0,0,0,0,0,0,0,0,0,0,1,0,0
bridges_327,0,0.8571428571428571,0.0014326572418212,0.0001285076141357,0,1,0,1,0,1,0,0,0,0,0,0,0,0,0,0,0,0,0,0,0,0,0,1,0,0
bwin_amlb_45717,2,0.7169811320754716,0.0035796165466308,0.0001461505889892,1,0,0,0,1,0,0,0,0,0,1,0,0,0,0,0,0,0,0,1,0,0,0,0,0,0
bwin_amlb_45717,2,0.7169811320754716,0.0027065277099609,0.0001754760742187,1,0,0,0,1,1,0,0,0,0,0,0,0,0,0,0,0,0,0,0,0,1,0,0,0,0
bwin_amlb_45717,2,0.7169811320754716,0.0029888153076171,0.000171422958374,0,1,0,0,1,1,0,0,0,0,0,0,0,0,0,0,0,0,0,0,0,1,0,0,0,0
bwin_amlb_45717,2,0.7169811320754716,0.0010015964508056,0.0001447200775146,0,1,1,0,0,1,0,0,0,0,0,0,0,0,0,0,0,0,0,0,0,1,0,0,0,0
bwin_amlb_45717,2,0.7169811320754716,0.005141258239746,0.0007424354553222,1,0,1,0,0,0,0,0,0,0,0,1,0,0,0,0,0,0,0,0,1,0,0,0,0,0
bwin_amlb_45717,2,0.7169811320754716,0.0036909580230712,0.0001440048217773,1,0,0,1,0,1,0,0,0,0,0,0,0,0,0,0,0,0,0,0,0,1,0,0,0,0
bwin_amlb_45717,2,0.7169811320754716,0.0266551971435546,0.0009617805480957,0,1,1,0,0,0,0,0,0,0,0,1,0,0,0,0,0,0,0,0,1,0,0,0,0,0
bwin_amlb_45717,0,0.7169811320754716,0.0045473575592041,0.0007445812225341,1,0,0,1,0,0,0,0,0,0,0,0,0,0,0,0,1,0,0,0,1,0,0,0,0,0
bwin_amlb_45717,2,0.7169811320754716,0.0077822208404541,0.0008645057678222,1,0,0,1,0,0,0,0,0,0,0,1,0,0,0,0,0,0,0,0,1,0,0,0,0,0
bwin_amlb_45717,2,0.7169811320754716,0.0032365322113037,0.0001447200775146,1,0,0,1,0,0,0,0,0,0,1,0,0,0,0,0,0,0,0,1,0,0,0,0,0,0
bwin_amlb_45717,0,0.7169811320754716,0.0040359497070312,0.0001795291900634,0,1,0,1,0,0,0,0,0,0,0,0,0,0,0,0,1,0,0,0,1,0,0,0,0,0
bwin_amlb_45717,2,0.7169811320754716,0.0031654834747314,0.0001633167266845,1,0,0,1,0,0,0,0,0,0,1,0,0,0,0,0,0,0,0,0,0,0,0,0,0,1
bwin_amlb_45717,2,0.7169811320754716,0.0023071765899658,0.0001461505889892,1,0,1,0,0,0,0,0,0,0,1,0,0,0,0,0,0,0,0,1,0,0,0,0,0,0
bwin_amlb_45717,2,0.7169811320754716,0.0029582977294921,0.000150442123413,0,1,1,0,0,0,0,0,0,0,1,0,0,0,0,0,0,0,0,1,0,0,0,0,0,0
bwin_amlb_45717,2,0.7169811320754716,0.0031177997589111,0.0001444816589355,1,0,1,0,0,1,0,0,0,0,0,0,0,0,0,0,0,0,0,0,0,1,0,0,0,0
bwin_amlb_45717,2,0.7169811320754716,0.0034132003784179,0.0001447200775146,0,1,0,1,0,0,0,0,0,0,1,0,0,0,0,0,0,0,0,1,0,0,0,0,0,0
bwin_amlb_45717,2,0.7169811320754716,0.0074133872985839,0.0007963180541992,0,1,0,1,0,0,0,0,0,0,0,1,0,0,0,0,0,0,0,0,1,0,0,0,0,0
bwin_amlb_45717,2,0.7169811320754716,0.0034968852996826,0.0001544952392578,0,1,0,1,0,1,0,0,0,0,0,0,0,0,0,0,0,0,0,0,0,1,0,0,0,0
bwin_amlb_45717,0,0.7169811320754716,0.0038232803344726,0.00018310546875,0,1,1,0,0,0,0,0,0,0,0,0,0,0,0,0,1,0,0,0,1,0,0,0,0,0
bwin_amlb_45717,2,0.7169811320754716,0.0029006004333496,0.0001599788665771,1,0,0,0,1,0,0,0,0,0,1,0,0,0,0,0,0,0,0,0,0,0,0,0,0,1
analcatdata_authorship_458,0,1.0,0.0305075645446777,0.0002059936523437,1,0,1,0,0,0,1,0,0,0,0,0,0,0,0,0,0,0,0,0,1,0,0,0,0,0
analcatdata_authorship_458,3,1.0,0.039851427078247,0.0004639625549316,1,0,1,0,0,0,0,0,0,0,0,0,0,1,0,0,0,0,0,0,1,0,0,0,0,0
analcatdata_authorship_458,4,1.0,0.0161371231079101,0.0002722740173339,0,1,0,0,1,0,0,0,0,1,0,0,0,0,0,0,0,0,0,0,0,0,0,1,0,0
analcatdata_authorship_458,0,1.0,0.0121169090270996,0.0013487339019775,1,0,1,0,0,0,0,0,0,0,0,1,0,0,0,0,0,0,0,0,1,0,0,0,0,0
analcatdata_authorship_458,3,1.0,0.6736457347869873,0.0006091594696044,1,0,1,0,0,0,0,0,0,0,0,0,0,0,1,0,0,0,0,0,1,0,0,0,0,0
analcatdata_authorship_458,2,1.0,0.0182743072509765,0.0002491474151611,0,1,1,0,0,0,0,0,0,0,0,0,0,1,0,0,0,0,0,0,0,0,1,0,0,0
analcatdata_authorship_458,2,1.0,0.0079283714294433,0.0001921653747558,1,0,1,0,0,0,0,0,0,0,0,0,0,0,0,1,0,0,0,0,1,0,0,0,0,0
analcatdata_authorship_458,0,1.0,0.5894327163696289,0.000751256942749,1,0,1,0,0,0,0,0,0,0,0,0,0,0,1,0,0,0,0,0,1,0,0,0,0,0
analcatdata_authorship_458,2,1.0,0.6649830341339111,0.0006120204925537,1,0,1,0,0,0,0,0,0,0,0,0,0,0,1,0,0,0,0,0,1,0,0,0,0,0
analcatdata_authorship_458,2,1.0,0.0116612911224365,0.0010304450988769,1,0,1,0,0,0,0,0,0,0,0,1,0,0,0,0,0,0,0,0,1,0,0,0,0,0
analcatdata_authorship_458,3,1.0,0.2244539260864257,0.0005955696105957,0,1,0,0,1,0,0,0,0,0,0,0,0,0,1,0,0,0,0,0,0,0,0,1,0,0
analcatdata_authorship_458,0,1.0,0.0142498016357421,0.0003385543823242,0,1,0,1,0,0,0,0,0,1,0,0,0,0,0,0,0,0,0,1,0,0,0,0,0,0
analcatdata_authorship_458,0,1.0,0.0033962726593017,0.0001273155212402,0,1,0,1,0,1,0,0,0,0,0,0,0,0,0,0,0,0,0,1,0,0,0,0,0,0
analcatdata_authorship_458,2,1.0,0.0043740272521972,0.0001361370086669,0,1,0,1,0,1,0,0,0,0,0,0,0,0,0,0,0,0,0,1,0,0,0,0,0,0
analcatdata_authorship_458,2,1.0,0.0173892974853515,0.0002312660217285,1,0,0,0,1,0,1,0,0,0,0,0,0,0,0,0,0,0,0,0,0,1,0,0,0,0
analcatdata_authorship_458,3,1.0,0.0173163414001464,0.0001699924468994,1,0,0,0,1,0,1,0,0,0,0,0,0,0,0,0,0,0,0,0,0,1,0,0,0,0
analcatdata_authorship_458,2,1.0,0.0089278221130371,0.0002095699310302,0,1,0,1,0,0,0,0,0,0,0,0,0,0,0,1,0,0,0,1,0,0,0,0,0,0
analcatdata_authorship_458,0,1.0,0.0154449939727783,0.000258445739746,0,1,0,1,0,0,0,0,0,0,0,0,1,0,0,0,0,0,0,1,0,0,0,0,0,0
analcatdata_authorship_458,2,1.0,0.0127599239349365,0.0002951622009277,0,1,0,1,0,0,0,0,0,0,0,0,1,0,0,0,0,0,0,1,0,0,0,0,0,0
analcatdata_authorship_458,2,1.0,0.0042717456817626,0.0001189708709716,0,1,0,1,0,0,0,0,0,0,1,0,0,0,0,0,0,0,0,1,0,0,0,0,0,0
Loan-Predication_43595,2,0.8536585365853658,0.0058369636535644,0.0001804828643798,0,1,0,1,0,0,0,0,0,0,0,0,0,1,0,0,0,0,0,0,1,0,0,0,0,0
Loan-Predication_43595,2,0.8536585365853658,0.0015568733215332,0.000110387802124,0,1,0,1,0,0,0,0,0,0,0,0,0,1,0,0,0,0,0,0,0,0,0,0,0,1
Loan-Predication_43595,2,0.8536585365853658,0.0016918182373046,0.0001211166381835,0,1,0,1,0,0,0,0,0,0,0,1,0,0,0,0,0,0,0,0,0,0,0,0,0,1
Loan-Predication_43595,2,0.8536585365853658,0.0078237056732177,0.0001394748687744,0,1,0,1,0,0,0,0,0,1,0,0,0,0,0,0,0,0,0,0,0,0,0,0,0,1
Loan-Predication_43595,2,0.8536585365853658,0.0038955211639404,0.0001311302185058,0,1,0,1,0,0,0,0,0,1,0,0,0,0,0,0,0,0,0,0,1,0,0,0,0,0
Loan-Predication_43595,2,0.8536585365853658,0.0025429725646972,0.0001187324523925,0,1,0,1,0,0,0,0,0,0,0,0,0,1,0,0,0,0,0,0,0,0,0,0,1,0
Loan-Predication_43595,2,0.8536585365853658,0.002465009689331,0.000117540359497,0,1,0,1,0,0,0,0,0,0,0,1,0,0,0,0,0,0,0,0,0,0,0,0,1,0
Loan-Predication_43595,2,0.8536585365853658,0.0052912235260009,0.0001459121704101,0,1,0,1,0,0,0,0,0,1,0,0,0,0,0,0,0,0,0,0,0,0,0,0,1,0
Loan-Predication_43595,2,0.8536585365853658,0.0025722980499267,0.0001165866851806,0,1,0,1,0,0,0,0,0,0,0,1,0,0,0,0,0,0,0,0,1,0,0,0,0,0
Loan-Predication_43595,2,0.8455284552845529,0.0038466453552246,0.0010068416595458,0,1,0,0,1,0,0,0,0,0,0,1,0,0,0,0,0,0,0,0,1,0,0,0,0,0
Loan-Predication_43595,2,0.8455284552845529,0.0014314651489257,0.0001270771026611,0,1,0,1,0,0,0,0,1,0,0,0,0,0,0,0,0,0,0,0,0,0,0,0,1,0
Loan-Predication_43595,2,0.8455284552845529,0.0022039413452148,0.0001442432403564,0,1,0,0,1,0,0,0,0,0,0,0,0,1,0,0,0,0,0,0,1,0,0,0,0,0
Loan-Predication_43595,2,0.8455284552845529,0.0012454986572265,0.0001165866851806,0,1,0,1,0,0,0,0,0,0,0,0,0,0,0,0,0,1,0,0,0,0,0,0,0,1
Loan-Predication_43595,2,0.8455284552845529,0.0012869834899902,0.0001146793365478,0,1,0,0,1,1,0,0,0,0,0,0,0,0,0,0,0,0,0,0,0,0,0,0,1,0
Loan-Predication_43595,2,0.8455284552845529,0.0026259422302246,0.0001335144042968,0,1,0,0,1,0,0,0,0,1,0,0,0,0,0,0,0,0,0,0,1,0,0,0,0,0
Loan-Predication_43595,2,0.8455284552845529,0.0011565685272216,0.0001089572906494,0,1,0,0,1,0,1,0,0,0,0,0,0,0,0,0,0,0,0,0,0,0,0,0,0,1
Loan-Predication_43595,2,0.8455284552845529,0.0029356479644775,0.0001108646392822,0,1,0,1,0,0,0,0,0,0,0,0,0,1,0,0,0,0,0,1,0,0,0,0,0,0
Loan-Predication_43595,2,0.8455284552845529,0.0021884441375732,0.0001718997955322,0,1,0,0,1,0,0,0,0,1,0,0,0,0,0,0,0,0,0,0,0,0,0,0,1,0
Loan-Predication_43595,2,0.8455284552845529,0.002173900604248,0.0001294612884521,0,1,0,1,0,1,0,0,0,0,0,0,0,0,0,0,0,0,0,0,1,0,0,0,0,0
Loan-Predication_43595,2,0.8455284552845529,0.0012292861938476,0.0001142024993896,0,1,0,1,0,0,0,0,0,0,1,0,0,0,0,0,0,0,0,0,1,0,0,0,0,0
xd6_40693,1,1.0,0.0724909305572509,0.0002782344818115,0,1,0,0,1,0,0,0,0,0,0,0,0,0,0,1,0,0,0,0,0,0,0,1,0,0
xd6_40693,2,1.0,0.0722010135650634,0.0002257823944091,1,0,1,0,0,0,0,0,0,0,0,0,0,0,0,1,0,0,0,0,1,0,0,0,0,0
xd6_40693,1,1.0,0.0574100017547607,0.0002729892730712,1,0,1,0,0,0,0,0,0,0,0,0,0,0,0,1,0,0,0,0,1,0,0,0,0,0
xd6_40693,0,1.0,0.0563721656799316,0.0002896785736083,1,0,1,0,0,0,0,0,0,0,0,0,0,0,0,1,0,0,0,0,1,0,0,0,0,0
xd6_40693,0,1.0,0.0721604824066162,0.000295877456665,1,0,0,0,1,0,0,0,0,0,0,0,0,0,0,1,0,0,0,0,0,0,0,0,1,0
xd6_40693,2,1.0,0.0073189735412597,0.0001833438873291,0,1,1,0,0,0,0,0,0,0,0,0,1,0,0,0,0,0,0,0,0,0,0,0,1,0
xd6_40693,3,1.0,0.007659912109375,0.0001838207244873,0,1,1,0,0,0,0,0,0,0,0,0,1,0,0,0,0,0,0,0,0,0,0,0,1,0
xd6_40693,4,1.0,0.0118746757507324,0.000309944152832,0,1,1,0,0,0,0,0,0,0,0,0,1,0,0,0,0,0,0,0,0,0,0,0,1,0
xd6_40693,0,1.0,0.0561323165893554,0.0002598762512207,0,1,0,0,1,0,0,0,0,0,0,0,0,0,0,1,0,0,0,0,0,0,0,1,0,0
xd6_40693,2,1.0,0.0074450969696044,0.0001802444458007,1,0,0,0,1,0,0,0,0,0,0,0,1,0,0,0,0,0,0,0,0,0,0,0,1,0
xd6_40693,3,1.0,0.0074796676635742,0.0001749992370605,1,0,0,0,1,0,0,0,0,0,0,0,1,0,0,0,0,0,0,0,0,0,0,0,1,0
xd6_40693,2,1.0,0.0030341148376464,0.0001330375671386,0,1,1,0,0,0,0,0,0,0,0,0,0,0,1,0,0,0,0,0,0,0,0,0,1,0
xd6_40693,3,1.0,0.0026180744171142,0.0001494884490966,0,1,1,0,0,0,0,0,0,0,0,0,0,0,1,0,0,0,0,0,0,0,0,0,1,0
xd6_40693,4,1.0,0.002450942993164,0.0001335144042968,0,1,1,0,0,0,0,0,0,0,0,0,0,0,1,0,0,0,0,0,0,0,0,0,1,0
xd6_40693,1,1.0,0.0565943717956543,0.0003590583801269,1,0,0,0,1,0,0,0,0,0,0,0,0,0,0,1,0,0,0,0,0,0,0,0,1,0
xd6_40693,2,1.0,0.0948901176452636,0.0002558231353759,1,0,0,0,1,0,0,0,0,0,0,0,0,0,0,1,0,0,0,0,0,0,0,0,1,0
xd6_40693,3,1.0,0.0765118598937988,0.0002522468566894,1,0,0,0,1,0,0,0,0,0,0,0,0,0,0,1,0,0,0,0,0,0,0,0,1,0
xd6_40693,4,1.0,0.071197509765625,0.0002665519714355,1,0,0,0,1,0,0,0,0,0,0,0,0,0,0,1,0,0,0,0,0,0,0,0,1,0
xd6_40693,0,1.0,0.002450942993164,0.0001356601715087,1,0,0,0,1,0,0,0,0,0,0,0,0,0,1,0,0,0,0,0,0,0,0,0,1,0
xd6_40693,4,1.0,0.0096914768218994,0.000309944152832,1,0,0,0,1,0,0,0,0,0,0,0,1,0,0,0,0,0,0,0,0,0,0,0,1,0
wisconsin_753,2,0.7692307692307693,0.0044276714324951,0.0009474754333496,1,0,0,0,1,0,0,0,0,0,0,1,0,0,0,0,0,0,0,0,1,0,0,0,0,0
wisconsin_753,2,0.7692307692307693,0.0033044815063476,0.0009677410125732,1,0,1,0,0,0,0,0,0,0,0,1,0,0,0,0,0,0,0,0,1,0,0,0,0,0
wisconsin_753,2,0.7692307692307693,0.0036361217498779,0.001108169555664,0,1,0,0,1,0,0,0,0,0,0,1,0,0,0,0,0,0,0,0,1,0,0,0,0,0
wisconsin_753,2,0.7692307692307693,0.003251314163208,0.0009498596191406,1,0,0,1,0,0,0,0,0,0,0,1,0,0,0,0,0,0,0,0,1,0,0,0,0,0
wisconsin_753,2,0.7692307692307693,0.0033960342407226,0.0011682510375976,0,1,1,0,0,0,0,0,0,0,0,1,0,0,0,0,0,0,0,0,1,0,0,0,0,0
wisconsin_753,2,0.7692307692307693,0.0043597221374511,0.0009171962738037,0,1,0,1,0,0,0,0,0,0,0,1,0,0,0,0,0,0,0,0,1,0,0,0,0,0
wisconsin_753,3,0.7435897435897436,0.0012273788452148,0.0001296997070312,0,1,0,0,1,0,0,0,0,0,1,0,0,0,0,0,0,0,0,0,0,0,0,0,0,1
wisconsin_753,3,0.7435897435897436,0.001375675201416,0.0001173019409179,1,0,1,0,0,0,0,0,0,0,1,0,0,0,0,0,0,0,0,0,0,0,0,0,0,1
wisconsin_753,3,0.7435897435897436,0.0013267993927001,0.0001723766326904,0,1,1,0,0,0,0,0,0,0,1,0,0,0,0,0,0,0,0,0,0,0,0,0,0,1
wisconsin_753,3,0.7435897435897436,0.0015871524810791,0.0002436637878417,1,0,0,0,1,0,0,0,0,0,1,0,0,0,0,0,0,0,0,0,0,0,0,0,0,1
wisconsin_753,3,0.7435897435897436,0.0010380744934082,0.0001108646392822,0,1,0,0,1,0,0,0,0,0,0,0,0,0,0,0,0,0,1,0,1,0,0,0,0,0
wisconsin_753,3,0.7435897435897436,0.0011184215545654,0.0001089572906494,0,1,1,0,0,0,0,0,0,0,0,0,0,0,0,0,0,0,1,0,1,0,0,0,0,0
wisconsin_753,3,0.7435897435897436,0.0014293193817138,0.0001220703125,1,0,0,1,0,0,0,0,0,0,1,0,0,0,0,0,0,0,0,0,0,0,0,0,0,1
wisconsin_753,3,0.7435897435897436,0.0010623931884765,0.0001125335693359,1,0,0,1,0,0,0,0,0,0,0,0,0,0,0,0,0,0,1,0,1,0,0,0,0,0
wisconsin_753,3,0.7435897435897436,0.0010831356048583,0.0001161098480224,1,0,1,0,0,0,0,0,0,0,0,0,0,0,0,0,0,0,1,0,1,0,0,0,0,0
wisconsin_753,3,0.7435897435897436,0.0015230178833007,0.0001342296600341,0,1,0,1,0,0,0,0,0,0,1,0,0,0,0,0,0,0,0,0,0,0,0,0,0,1
wisconsin_753,3,0.7435897435897436,0.0010197162628173,0.0001108646392822,0,1,0,1,0,0,0,0,0,0,0,0,0,0,0,0,0,0,1,0,1,0,0,0,0,0
wisconsin_753,3,0.7435897435897436,0.0011076927185058,0.0001137256622314,1,0,0,0,1,0,0,0,0,0,0,0,0,0,0,0,0,0,1,0,1,0,0,0,0,0
wisconsin_753,4,0.7368421052631579,0.0027058124542236,0.0001475811004638,0,1,0,0,1,0,0,0,0,0,0,0,1,0,0,0,0,0,0,0,0,0,1,0,0,0
wisconsin_753,4,0.7368421052631579,0.0033037662506103,0.0001485347747802,1,0,0,1,0,0,0,0,0,0,0,0,1,0,0,0,0,0,0,0,0,0,1,0,0,0
mc2_1054,0,0.8787878787878788,0.0012123584747314,0.0002505779266357,0,1,0,1,0,1,0,0,0,0,0,0,0,0,0,0,0,0,0,0,0,0,1,0,0,0
mc2_1054,0,0.8787878787878788,0.0011444091796875,0.0001213550567626,0,1,0,1,0,0,0,0,0,0,1,0,0,0,0,0,0,0,0,0,0,0,0,0,1,0
mc2_1054,0,0.8787878787878788,0.0011019706726074,0.0001077651977539,1,0,1,0,0,1,0,0,0,0,0,0,0,0,0,0,0,0,0,0,0,0,1,0,0,0
mc2_1054,0,0.8787878787878788,0.0011868476867675,0.000112771987915,0,1,0,0,1,0,0,0,0,0,1,0,0,0,0,0,0,0,0,0,0,0,0,0,1,0
mc2_1054,0,0.8787878787878788,0.0012004375457763,0.0001070499420166,1,0,0,0,1,0,0,0,0,0,1,0,0,0,0,0,0,0,0,0,0,0,0,0,1,0
mc2_1054,0,0.8787878787878788,0.0013036727905273,0.0001266002655029,0,1,1,0,0,0,0,0,0,0,1,0,0,0,0,0,0,0,0,0,0,0,0,0,1,0
mc2_1054,0,0.8787878787878788,0.0011420249938964,0.0001091957092285,0,1,1,0,0,1,0,0,0,0,0,0,0,0,0,0,0,0,0,0,0,0,1,0,0,0
mc2_1054,0,0.8787878787878788,0.0011327266693115,0.000115156173706,1,0,0,1,0,1,0,0,0,0,0,0,0,0,0,0,0,0,0,0,0,0,1,0,0,0
mc2_1054,0,0.8787878787878788,0.0011062622070312,0.0001158714294433,0,1,0,0,1,1,0,0,0,0,0,0,0,0,0,0,0,0,0,0,0,0,1,0,0,0
mc2_1054,0,0.8787878787878788,0.0011045932769775,0.0001330375671386,1,0,0,0,1,1,0,0,0,0,0,0,0,0,0,0,0,0,0,0,0,0,1,0,0,0
mc2_1054,0,0.8787878787878788,0.0012006759643554,0.0001137256622314,1,0,0,1,0,0,0,0,0,0,1,0,0,0,0,0,0,0,0,0,0,0,0,0,1,0
mc2_1054,0,0.8787878787878788,0.0012180805206298,0.0001082420349121,1,0,1,0,0,0,0,0,0,0,1,0,0,0,0,0,0,0,0,0,0,0,0,0,1,0
mc2_1054,1,0.875,0.0014560222625732,0.0001091957092285,1,0,0,1,0,0,1,0,0,0,0,0,0,0,0,0,0,0,0,0,1,0,0,0,0,0
mc2_1054,1,0.875,0.0188760757446289,0.0001814365386962,0,1,0,1,0,0,0,0,0,0,0,0,0,0,0,1,0,0,0,0,0,0,1,0,0,0
mc2_1054,1,0.875,0.0237548351287841,0.0001304149627685,1,0,1,0,0,0,0,0,0,0,0,0,0,0,0,1,0,0,0,0,0,0,1,0,0,0
mc2_1054,1,0.875,0.0015234947204589,0.0001115798950195,0,1,0,0,1,0,1,0,0,0,0,0,0,0,0,0,0,0,0,0,1,0,0,0,0,0
mc2_1054,1,0.875,0.0015366077423095,0.0001134872436523,0,1,1,0,0,0,1,0,0,0,0,0,0,0,0,0,0,0,0,0,1,0,0,0,0,0
mc2_1054,1,0.875,0.0014717578887939,0.0001099109649658,1,0,1,0,0,0,1,0,0,0,0,0,0,0,0,0,0,0,0,0,1,0,0,0,0,0
mc2_1054,1,0.875,0.0185165405273437,0.0001254081726074,1,0,0,1,0,0,0,0,0,0,0,0,0,0,0,1,0,0,0,0,0,0,1,0,0,0
mc2_1054,1,0.875,0.0014879703521728,0.0001122951507568,0,1,0,1,0,0,1,0,0,0,0,0,0,0,0,0,0,0,0,0,1,0,0,0,0,0
chscase_census5_906,2,0.625,0.0177550315856933,0.0001718997955322,1,0,1,0,0,0,0,0,0,0,0,0,0,0,0,1,0,0,0,0,1,0,0,0,0,0
chscase_census5_906,2,0.625,0.0142958164215087,0.0001583099365234,0,1,0,1,0,0,0,0,0,0,0,0,0,0,0,1,0,0,0,0,1,0,0,0,0,0
chscase_census5_906,2,0.625,0.0142993927001953,0.0001423358917236,1,0,0,1,0,0,0,0,0,0,0,0,0,0,0,1,0,0,0,0,0,0,0,0,0,1
chscase_census5_906,2,0.625,0.0140576362609863,0.0001821517944335,0,1,0,0,1,0,0,0,0,0,0,0,0,0,0,1,0,0,0,0,0,0,0,0,1,0
chscase_census5_906,2,0.625,0.0140323638916015,0.0001490116119384,0,1,0,0,1,0,0,0,0,0,0,0,0,0,0,1,0,0,0,0,1,0,0,0,0,0
chscase_census5_906,2,0.625,0.0147583484649658,0.0001482963562011,0,1,0,1,0,0,0,0,0,0,0,0,0,0,0,1,0,0,0,1,0,0,0,0,0,0
chscase_census5_906,2,0.625,0.0143065452575683,0.0001585483551025,1,0,0,0,1,0,0,0,0,0,0,0,0,0,0,1,0,0,0,0,0,0,0,0,0,1
chscase_census5_906,2,0.625,0.0141365528106689,0.000150442123413,1,0,1,0,0,0,0,0,0,0,0,0,0,0,0,1,0,0,0,0,0,0,0,0,0,1
chscase_census5_906,2,0.625,0.0154516696929931,0.0001440048217773,1,0,0,1,0,0,0,0,0,0,0,0,0,0,0,1,0,0,0,0,1,0,0,0,0,0
chscase_census5_906,2,0.625,0.0143792629241943,0.0001626014709472,0,1,0,0,1,0,0,0,0,0,0,0,0,0,0,1,0,0,0,0,0,0,0,0,0,1
chscase_census5_906,2,0.625,0.013942003250122,0.0001440048217773,0,1,1,0,0,0,0,0,0,0,0,0,0,0,0,1,0,0,0,0,0,0,0,0,0,1
chscase_census5_906,2,0.625,0.0140330791473388,0.000148057937622,0,1,0,0,1,0,0,0,0,0,0,0,0,0,0,1,0,0,0,1,0,0,0,0,0,0
chscase_census5_906,2,0.625,0.0142402648925781,0.0001592636108398,0,1,0,1,0,0,0,0,0,0,0,0,0,0,0,1,0,0,0,0,0,0,0,0,0,1
chscase_census5_906,2,0.625,0.0143313407897949,0.0001471042633056,1,0,0,1,0,0,0,0,0,0,0,0,0,0,0,1,0,0,0,0,0,0,0,0,1,0
chscase_census5_906,2,0.625,0.0145232677459716,0.0001914501190185,1,0,0,0,1,0,0,0,0,0,0,0,0,0,0,1,0,0,0,0,0,0,0,0,1,0
chscase_census5_906,2,0.625,0.0139970779418945,0.0001406669616699,1,0,0,0,1,0,0,0,0,0,0,0,0,0,0,1,0,0,0,1,0,0,0,0,0,0
chscase_census5_906,2,0.625,0.017329454421997,0.0001437664031982,1,0,1,0,0,0,0,0,0,0,0,0,0,0,0,1,0,0,0,1,0,0,0,0,0,0
chscase_census5_906,2,0.625,0.0145430564880371,0.0001487731933593,0,1,1,0,0,0,0,0,0,0,0,0,0,0,0,1,0,0,0,0,0,0,0,0,1,0
chscase_census5_906,2,0.625,0.0139563083648681,0.0001533031463623,1,0,1,0,0,0,0,0,0,0,0,0,0,0,0,1,0,0,0,0,0,0,0,0,1,0
chscase_census5_906,2,0.625,0.0173201560974121,0.0001516342163085,1,0,0,1,0,0,0,0,0,0,0,0,0,0,0,1,0,0,0,1,0,0,0,0,0,0
strikes_770,3,1.0,0.0175850391387939,0.0001764297485351,1,0,0,1,0,0,0,0,0,0,0,0,0,0,0,1,0,0,0,0,0,0,0,0,0,1
strikes_770,4,1.0,0.0203399658203125,0.000173807144165,1,0,0,1,0,0,0,0,0,0,0,0,0,0,0,1,0,0,0,0,0,0,0,0,0,1
strikes_770,4,1.0,0.0238769054412841,0.0001959800720214,0,1,0,0,1,0,0,0,0,0,0,0,0,0,0,1,0,0,0,0,1,0,0,0,0,0
strikes_770,1,1.0,0.0185661315917968,0.0001919269561767,0,1,0,0,1,0,0,0,0,0,0,0,0,0,0,1,0,0,0,0,1,0,0,0,0,0
strikes_770,3,1.0,0.0140521526336669,0.000216007232666,0,1,0,0,1,0,0,0,0,0,0,0,0,0,0,1,0,0,0,0,1,0,0,0,0,0
strikes_770,3,1.0,0.014439582824707,0.0001852512359619,1,0,0,1,0,0,0,0,0,0,0,0,0,0,0,1,0,0,0,1,0,0,0,0,0,0
strikes_770,4,1.0,0.0239903926849365,0.0002739429473876,1,0,0,1,0,0,0,0,0,0,0,0,0,0,0,1,0,0,0,1,0,0,0,0,0,0
strikes_770,1,1.0,0.0149259567260742,0.0001964569091796,1,0,0,1,0,0,0,0,0,0,0,0,0,0,0,1,0,0,0,1,0,0,0,0,0,0
strikes_770,4,1.0,0.0232989788055419,0.0002274513244628,0,1,1,0,0,0,0,0,0,0,0,0,0,0,0,1,0,0,0,1,0,0,0,0,0,0
strikes_770,1,1.0,0.0168220996856689,0.0001647472381591,0,1,1,0,0,0,0,0,0,0,0,0,0,0,0,1,0,0,0,1,0,0,0,0,0,0
strikes_770,1,1.0,0.0155138969421386,0.000237226486206,0,1,0,0,1,0,0,0,0,0,0,0,0,0,0,1,0,0,0,0,0,0,0,0,1,0
strikes_770,3,1.0,0.0171775817871093,0.0002069473266601,1,0,0,1,0,0,0,0,0,0,0,0,0,0,0,1,0,0,0,0,0,0,0,0,1,0
strikes_770,4,1.0,0.0193321704864501,0.0002000331878662,1,0,0,1,0,0,0,0,0,0,0,0,0,0,0,1,0,0,0,0,0,0,0,0,1,0
strikes_770,1,1.0,0.0181033611297607,0.0001628398895263,1,0,0,1,0,0,0,0,0,0,0,0,0,0,0,1,0,0,0,0,0,0,0,0,1,0
strikes_770,3,1.0,0.0143003463745117,0.0001604557037353,0,1,0,0,1,0,0,0,0,0,0,0,0,0,0,1,0,0,0,0,0,0,0,0,1,0
strikes_770,4,1.0,0.0195004940032959,0.0001821517944335,0,1,0,0,1,0,0,0,0,0,0,0,0,0,0,1,0,0,0,0,0,0,0,0,1,0
strikes_770,1,1.0,0.0148084163665771,0.0001988410949707,1,0,0,0,1,0,0,0,0,0,0,0,0,0,0,1,0,0,0,0,1,0,0,0,0,0
strikes_770,3,1.0,0.0138666629791259,0.0001883506774902,1,0,0,0,1,0,0,0,0,0,0,0,0,0,0,1,0,0,0,0,1,0,0,0,0,0
strikes_770,4,1.0,0.0186913013458251,0.0001659393310546,1,0,0,0,1,0,0,0,0,0,0,0,0,0,0,1,0,0,0,0,1,0,0,0,0,0
strikes_770,1,1.0,0.0183324813842773,0.0002317428588867,1,0,1,0,0,0,0,0,0,0,0,0,0,0,0,1,0,0,0,0,0,0,0,0,1,0
analcatdata_halloffame_966,3,0.9776119402985076,0.0117959976196289,0.0002074241638183,0,1,0,0,1,0,0,0,0,0,0,0,1,0,0,0,0,0,0,0,0,0,0,0,0,1
analcatdata_halloffame_966,3,0.9738805970149254,0.0018713474273681,0.0001382827758789,0,1,0,1,0,0,0,0,0,0,1,0,0,0,0,0,0,0,0,0,0,0,1,0,0,0
analcatdata_halloffame_966,3,0.9738805970149254,0.012040376663208,0.0002405643463134,0,1,0,1,0,0,0,0,0,0,0,0,1,0,0,0,0,0,0,0,0,0,0,0,1,0
analcatdata_halloffame_966,3,0.9738805970149254,0.0016722679138183,0.0001161098480224,0,1,0,0,1,0,0,0,0,0,0,0,0,0,0,0,0,1,0,0,0,0,0,0,1,0
analcatdata_halloffame_966,3,0.9738805970149254,0.0016782283782958,0.0001192092895507,0,1,0,0,1,0,0,0,0,0,0,0,0,0,0,0,0,1,0,1,0,0,0,0,0,0
analcatdata_halloffame_966,3,0.9738805970149254,0.0016019344329833,0.0001168251037597,0,1,0,0,1,0,0,0,0,0,0,0,0,0,0,0,0,1,0,0,0,0,0,0,0,1
analcatdata_halloffame_966,4,0.9738805970149254,0.0221107006072998,0.0002732276916503,0,1,0,1,0,0,0,0,0,0,0,0,0,0,1,0,0,0,0,1,0,0,0,0,0,0
analcatdata_halloffame_966,3,0.9701492537313432,0.0016582012176513,0.0001332759857177,0,1,0,1,0,0,0,0,0,0,0,0,0,0,0,0,0,1,0,0,0,0,0,0,1,0
analcatdata_halloffame_966,3,0.9701492537313432,0.001950979232788,0.0001378059387207,0,1,0,1,0,0,0,0,0,0,0,0,0,0,0,0,0,0,1,0,0,0,0,0,1,0
analcatdata_halloffame_966,4,0.9701492537313432,0.0058550834655761,0.0001232624053955,0,1,0,1,0,0,0,0,0,0,0,0,0,1,0,0,0,0,0,0,0,0,1,0,0,0
analcatdata_halloffame_966,3,0.9701492537313432,0.0019717216491699,0.0001299381256103,0,1,0,1,0,0,0,0,0,0,0,0,0,0,0,0,0,1,0,0,0,0,1,0,0,0
analcatdata_halloffame_966,3,0.9701492537313432,0.0018799304962158,0.0001211166381835,0,1,0,0,1,0,0,1,0,0,0,0,0,0,0,0,0,0,0,0,0,0,0,0,0,1
analcatdata_halloffame_966,4,0.9701492537313432,0.0027666091918945,0.0001327991485595,0,1,0,1,0,0,0,0,0,0,0,0,0,1,0,0,0,0,0,1,0,0,0,0,0,0
analcatdata_halloffame_966,4,0.9701492537313432,0.0097696781158447,0.0002691745758056,0,1,0,1,0,0,0,0,0,0,0,0,0,0,0,1,0,0,0,1,0,0,0,0,0,0
analcatdata_halloffame_966,3,0.9701492537313432,0.0020580291748046,0.0001225471496582,0,1,0,1,0,1,0,0,0,0,0,0,0,0,0,0,0,0,0,0,0,0,0,0,1,0
analcatdata_halloffame_966,3,0.9701492537313432,0.0037708282470703,0.0001173019409179,0,1,0,0,1,0,0,0,0,0,1,0,0,0,0,0,0,0,0,0,0,0,1,0,0,0
analcatdata_halloffame_966,4,0.9701492537313432,0.0113518238067626,0.0002038478851318,0,1,0,1,0,0,0,0,0,0,0,0,0,0,0,1,0,0,0,0,0,0,0,0,1,0
analcatdata_halloffame_966,3,0.9701492537313432,0.0017247200012207,0.0001225471496582,0,1,0,1,0,0,0,0,0,0,0,0,0,0,0,0,0,1,0,0,0,0,0,0,0,1
analcatdata_halloffame_966,3,0.9701492537313432,0.012986421585083,0.0002408027648925,0,1,0,0,1,0,0,0,0,0,0,0,1,0,0,0,0,0,0,0,0,0,0,0,1,0
analcatdata_halloffame_966,4,0.9701492537313432,0.0104663372039794,0.000187873840332,0,1,0,1,0,0,0,0,0,0,0,0,0,0,0,1,0,0,0,0,0,0,0,0,0,1
biomed_481,0,0.9523809523809524,0.002335786819458,0.0001416206359863,0,1,0,0,1,0,0,0,0,0,0,0,0,0,0,0,1,0,0,0,0,0,0,1,0,0
biomed_481,0,0.9523809523809524,0.0021970272064208,0.0001349449157714,0,1,1,0,0,0,0,0,0,0,0,0,0,0,0,0,1,0,0,0,0,0,0,1,0,0
biomed_481,1,0.9523809523809524,0.0010368824005126,0.0001139640808105,0,1,0,0,1,0,0,0,0,0,0,0,0,0,0,0,0,0,1,0,0,0,1,0,0,0
biomed_481,1,0.9523809523809524,0.0022573471069335,0.0001220703125,0,1,0,1,0,0,0,0,0,0,0,0,0,0,0,0,1,0,0,1,0,0,0,0,0,0
biomed_481,1,0.9523809523809524,0.0029349327087402,0.0001411437988281,0,1,1,0,0,0,0,0,0,0,0,0,1,0,0,0,0,0,0,0,0,0,0,0,0,1
biomed_481,1,0.9523809523809524,0.0010809898376464,0.0001194477081298,0,1,1,0,0,0,0,0,0,0,0,0,0,0,0,0,0,0,1,0,0,0,1,0,0,0
biomed_481,1,0.9523809523809524,0.0022637844085693,0.0001471042633056,0,1,0,0,1,0,0,0,0,0,0,0,0,0,0,0,1,0,0,1,0,0,0,0,0,0
biomed_481,1,0.9523809523809524,0.0023009777069091,0.0001327991485595,0,1,0,1,0,0,0,0,0,0,0,0,1,0,0,0,0,0,0,0,0,0,0,0,0,1
biomed_481,1,0.9523809523809524,0.0026330947875976,0.000131607055664,0,1,0,0,1,0,0,0,0,0,0,0,1,0,0,0,0,0,0,0,0,0,0,0,0,1
biomed_481,1,0.9523809523809524,0.0010030269622802,0.0001101493835449,0,1,0,1,0,0,0,0,0,0,0,0,0,0,0,0,0,0,1,0,0,0,1,0,0,0
biomed_481,0,0.9523809523809524,0.0022339820861816,0.0001380443572998,0,1,0,1,0,0,0,0,0,0,0,0,0,0,0,0,1,0,0,0,0,0,0,1,0,0
biomed_481,1,0.9523809523809524,0.0028340816497802,0.0001327991485595,0,1,1,0,0,0,0,0,0,0,0,0,0,0,0,0,1,0,0,1,0,0,0,0,0,0
biomed_481,4,0.951219512195122,0.0017676353454589,0.0001370906829833,0,1,0,0,1,0,0,0,0,0,0,0,0,0,0,1,0,0,0,0,0,0,0,1,0,0
biomed_481,4,0.951219512195122,0.0024416446685791,0.0001387596130371,0,1,0,0,1,0,0,0,0,0,0,0,1,0,0,0,0,0,0,0,0,0,0,0,1,0
biomed_481,4,0.951219512195122,0.0017087459564208,0.0001535415649414,0,1,1,0,0,0,0,0,0,0,0,0,0,0,0,1,0,0,0,0,0,0,0,1,0,0
biomed_481,4,0.951219512195122,0.0028109550476074,0.0001332759857177,0,1,0,1,0,0,0,0,0,0,0,0,1,0,0,0,0,0,0,0,0,0,0,0,1,0
biomed_481,4,0.951219512195122,0.0028674602508544,0.0001466274261474,0,1,1,0,0,0,0,0,0,0,0,0,1,0,0,0,0,0,0,0,0,0,0,0,1,0
biomed_481,4,0.951219512195122,0.0016870498657226,0.0001285076141357,0,1,0,1,0,0,0,0,0,0,0,0,0,0,0,1,0,0,0,0,0,0,0,1,0,0
biomed_481,2,0.9285714285714286,0.0009803771972656,0.0001101493835449,0,1,0,1,0,0,0,0,0,0,1,0,0,0,0,0,0,0,0,0,0,0,0,0,0,1
biomed_481,1,0.9285714285714286,0.0028731822967529,0.0001704692840576,0,1,0,0,1,0,0,0,0,0,0,0,0,0,0,0,1,0,0,0,0,0,0,1,0,0
analcatdata_dmft_1014,2,0.8301886792452831,0.0012779235839843,0.0001263618469238,1,0,0,1,0,0,0,0,0,0,0,0,0,0,0,0,0,0,1,0,1,0,0,0,0,0
analcatdata_dmft_1014,4,0.8301886792452831,0.0017056465148925,0.0001311302185058,0,1,0,0,1,0,0,0,0,1,0,0,0,0,0,0,0,0,0,0,0,0,0,1,0,0
analcatdata_dmft_1014,4,0.8301886792452831,0.0014903545379638,0.0001273155212402,1,0,0,1,0,0,1,0,0,0,0,0,0,0,0,0,0,0,0,0,1,0,0,0,0,0
analcatdata_dmft_1014,2,0.8301886792452831,0.0011482238769531,0.0001373291015625,0,1,0,0,1,0,0,0,0,0,1,0,0,0,0,0,0,0,0,0,0,0,0,1,0,0
analcatdata_dmft_1014,4,0.8301886792452831,0.0012507438659667,0.0001137256622314,0,1,0,0,1,0,0,0,0,0,1,0,0,0,0,0,0,0,0,0,0,0,0,1,0,0
analcatdata_dmft_1014,2,0.8301886792452831,0.0011937618255615,0.0001096725463867,0,1,0,0,1,0,0,1,0,0,0,0,0,0,0,0,0,0,0,0,0,0,0,1,0,0
analcatdata_dmft_1014,4,0.8301886792452831,0.0013065338134765,0.0001053810119628,0,1,0,1,0,0,0,0,0,0,0,0,0,1,0,0,0,0,0,0,0,0,0,1,0,0
analcatdata_dmft_1014,2,0.8301886792452831,0.0012753009796142,0.0001091957092285,0,1,0,1,0,0,1,0,0,0,0,0,0,0,0,0,0,0,0,0,0,0,0,1,0,0
analcatdata_dmft_1014,4,0.8301886792452831,0.0014424324035644,0.0001137256622314,0,1,0,1,0,0,1,0,0,0,0,0,0,0,0,0,0,0,0,0,0,0,0,1,0,0
analcatdata_dmft_1014,4,0.8301886792452831,0.0012822151184082,0.0001125335693359,0,1,0,0,1,1,0,0,0,0,0,0,0,0,0,0,0,0,0,0,0,0,0,1,0,0
analcatdata_dmft_1014,2,0.8301886792452831,0.0013904571533203,0.0001111030578613,0,1,0,1,0,0,0,0,0,0,0,0,0,0,0,0,0,0,1,0,0,0,0,1,0,0
analcatdata_dmft_1014,4,0.8301886792452831,0.0011522769927978,0.000105857849121,0,1,0,1,0,0,0,0,0,0,0,0,0,0,0,0,0,0,1,0,0,0,0,1,0,0
analcatdata_dmft_1014,4,0.8301886792452831,0.001162052154541,0.0001077651977539,0,1,0,1,0,0,0,0,0,0,0,0,0,0,0,0,0,1,0,0,0,0,0,1,0,0
analcatdata_dmft_1014,2,0.8301886792452831,0.0161974430084228,0.0001876354217529,0,1,0,1,0,0,0,0,0,0,0,0,0,0,0,0,1,0,0,0,0,0,0,1,0,0
analcatdata_dmft_1014,4,0.8301886792452831,0.0142281055450439,0.0001707077026367,0,1,0,1,0,0,0,0,0,0,0,0,0,0,0,0,1,0,0,0,0,0,0,1,0,0
analcatdata_dmft_1014,4,0.8301886792452831,0.0013003349304199,0.0001075267791748,0,1,0,1,0,0,0,0,1,0,0,0,0,0,0,0,0,0,0,0,0,0,0,1,0,0
analcatdata_dmft_1014,2,0.8301886792452831,0.0023407936096191,0.0001173019409179,0,1,0,1,0,0,0,0,0,0,0,0,0,0,1,0,0,0,0,0,0,0,0,1,0,0
analcatdata_dmft_1014,4,0.8301886792452831,0.0024359226226806,0.0001189708709716,0,1,0,1,0,0,0,0,0,0,0,0,0,0,1,0,0,0,0,0,0,0,0,1,0,0
analcatdata_dmft_1014,4,0.8301886792452831,0.0012533664703369,0.0001955032348632,1,0,0,1,0,0,0,1,0,0,0,0,0,0,0,0,0,0,0,0,1,0,0,0,0,0
analcatdata_dmft_1014,2,0.8301886792452831,0.004509687423706,0.0001747608184814,1,0,0,1,0,0,0,0,0,0,0,0,0,0,1,0,0,0,0,0,0,0,0,0,0,1
teachingAssistant_1115,0,0.8387096774193549,0.0153694152832031,0.000284194946289,1,0,1,0,0,0,0,0,0,0,0,0,0,0,0,1,0,0,0,0,0,0,0,1,0,0
teachingAssistant_1115,0,0.8387096774193549,0.0125327110290527,0.0001325607299804,0,1,0,0,1,0,0,0,0,0,0,0,0,0,0,1,0,0,0,0,0,0,0,1,0,0
teachingAssistant_1115,0,0.8387096774193549,0.0147016048431396,0.0002174377441406,0,1,0,1,0,0,0,0,0,0,0,0,0,0,0,1,0,0,0,0,0,0,0,1,0,0
teachingAssistant_1115,0,0.8387096774193549,0.0125849246978759,0.0001296997070312,0,1,1,0,0,0,0,0,0,0,0,0,0,0,0,1,0,0,0,0,0,0,0,1,0,0
teachingAssistant_1115,0,0.8387096774193549,0.0125257968902587,0.0001618862152099,1,0,0,0,1,0,0,0,0,0,0,0,0,0,0,1,0,0,0,0,0,0,0,1,0,0
teachingAssistant_1115,0,0.8387096774193549,0.0153563022613525,0.0001957416534423,1,0,0,1,0,0,0,0,0,0,0,0,0,0,0,1,0,0,0,0,0,0,0,1,0,0
teachingAssistant_1115,0,0.8064516129032258,0.0307135581970214,0.0002117156982421,1,0,1,0,0,0,0,0,0,0,0,0,0,0,0,1,0,0,0,0,0,0,1,0,0,0
teachingAssistant_1115,0,0.8064516129032258,0.024052619934082,0.0003881454467773,1,0,0,0,1,0,0,0,0,0,0,0,0,0,0,1,0,0,0,0,0,0,1,0,0,0
teachingAssistant_1115,0,0.8064516129032258,0.0240147113800048,0.0002896785736083,0,1,0,1,0,0,0,0,0,0,0,0,0,0,0,1,0,0,0,0,0,0,1,0,0,0
teachingAssistant_1115,0,0.8064516129032258,0.0258319377899169,0.0002644062042236,1,0,0,1,0,0,0,0,0,0,0,0,0,0,0,1,0,0,0,0,0,0,1,0,0,0
teachingAssistant_1115,0,0.8064516129032258,0.0239052772521972,0.0002353191375732,0,1,1,0,0,0,0,0,0,0,0,0,0,0,0,1,0,0,0,0,0,0,1,0,0,0
teachingAssistant_1115,0,0.8064516129032258,0.0240201950073242,0.0002350807189941,0,1,0,0,1,0,0,0,0,0,0,0,0,0,0,1,0,0,0,0,0,0,1,0,0,0
teachingAssistant_1115,4,0.8,0.0095942020416259,0.0001313686370849,0,1,0,1,0,0,0,0,0,0,0,0,0,0,0,1,0,0,0,0,0,0,0,1,0,0
teachingAssistant_1115,4,0.8,0.0115656852722167,0.0001337528228759,0,1,0,0,1,0,0,0,0,0,0,0,0,0,0,1,0,0,0,0,0,0,0,1,0,0
teachingAssistant_1115,4,0.8,0.014402151107788,0.000284194946289,1,0,0,0,1,0,0,0,0,0,0,0,0,0,0,1,0,0,0,0,0,0,0,1,0,0
teachingAssistant_1115,4,0.8,0.0095682144165039,0.0002086162567138,1,0,0,1,0,0,0,0,0,0,0,0,0,0,0,1,0,0,0,0,0,0,0,1,0,0
teachingAssistant_1115,4,0.8,0.0098514556884765,0.0002334117889404,1,0,1,0,0,0,0,0,0,0,0,0,0,0,0,1,0,0,0,0,0,0,0,1,0,0
teachingAssistant_1115,4,0.8,0.0096325874328613,0.0001387596130371,0,1,1,0,0,0,0,0,0,0,0,0,0,0,0,1,0,0,0,0,0,0,0,1,0,0
teachingAssistant_1115,0,0.7741935483870968,0.013425588607788,0.0001487731933593,1,0,0,1,0,0,0,0,0,0,0,0,0,0,0,1,0,0,0,1,0,0,0,0,0,0
teachingAssistant_1115,0,0.7741935483870968,0.0109360218048095,0.0001859664916992,0,1,0,1,0,0,0,0,0,0,0,0,0,0,0,1,0,0,0,1,0,0,0,0,0,0
MeanWhile1_1449,2,0.9607843137254902,0.0018301010131835,0.0001239776611328,1,0,0,1,0,0,1,0,0,0,0,0,0,0,0,0,0,0,0,0,0,0,1,0,0,0
MeanWhile1_1449,2,0.9607843137254902,0.0018370151519775,0.0001277923583984,1,0,1,0,0,0,1,0,0,0,0,0,0,0,0,0,0,0,0,0,0,0,1,0,0,0
MeanWhile1_1449,2,0.9607843137254902,0.0018618106842041,0.0001356601715087,0,1,0,0,1,0,1,0,0,0,0,0,0,0,0,0,0,0,0,0,0,0,1,0,0,0
MeanWhile1_1449,2,0.9607843137254902,0.0019052028656005,0.0001275539398193,1,0,0,0,1,0,1,0,0,0,0,0,0,0,0,0,0,0,0,0,0,0,1,0,0,0
MeanWhile1_1449,2,0.9607843137254902,0.001838207244873,0.0001232624053955,0,1,0,1,0,0,1,0,0,0,0,0,0,0,0,0,0,0,0,0,0,0,1,0,0,0
MeanWhile1_1449,2,0.9607843137254902,0.0019006729125976,0.0001406669616699,0,1,1,0,0,0,1,0,0,0,0,0,0,0,0,0,0,0,0,0,0,0,1,0,0,0
MeanWhile1_1449,3,0.96,0.0011146068572998,0.0001196861267089,0,1,0,0,1,0,0,0,0,0,0,0,0,0,0,0,0,0,1,0,0,0,0,1,0,0
MeanWhile1_1449,3,0.96,0.0015952587127685,0.0001423358917236,1,0,0,1,0,0,0,0,0,1,0,0,0,0,0,0,0,0,0,0,0,1,0,0,0,0
MeanWhile1_1449,3,0.96,0.0012314319610595,0.0001249313354492,1,0,1,0,0,0,0,0,0,0,0,0,0,0,0,0,0,0,1,0,1,0,0,0,0,0
MeanWhile1_1449,3,0.96,0.0014019012451171,0.0001254081726074,0,1,0,0,1,1,0,0,0,0,0,0,0,0,0,0,0,0,0,0,0,0,1,0,0,0
MeanWhile1_1449,3,0.96,0.0014708042144775,0.0001273155212402,0,1,0,0,1,0,0,0,0,0,1,0,0,0,0,0,0,0,0,0,0,0,0,1,0,0
MeanWhile1_1449,3,0.96,0.0010621547698974,0.0001192092895507,0,1,0,0,1,0,0,1,0,0,0,0,0,0,0,0,0,0,0,0,0,0,0,1,0,0
MeanWhile1_1449,3,0.96,0.0010991096496582,0.0001540184020996,1,0,0,1,0,0,0,0,0,0,0,0,0,0,0,0,0,0,1,0,0,0,1,0,0,0
MeanWhile1_1449,3,0.96,0.0010876655578613,0.0001242160797119,1,0,0,1,0,0,0,0,0,0,0,0,0,0,0,0,0,1,0,0,0,0,1,0,0,0
MeanWhile1_1449,3,0.96,0.0013442039489746,0.0001280307769775,1,0,1,0,0,0,0,0,0,0,1,0,0,0,0,0,0,0,0,0,0,0,0,1,0,0
MeanWhile1_1449,3,0.96,0.0010790824890136,0.0001182556152343,0,1,0,0,1,0,0,1,0,0,0,0,0,0,0,0,0,0,0,0,0,0,1,0,0,0
MeanWhile1_1449,3,0.96,0.0011587142944335,0.0001235008239746,0,1,1,0,0,0,0,0,0,0,0,0,0,0,0,0,0,1,0,0,0,1,0,0,0,0
MeanWhile1_1449,3,0.96,0.0010945796966552,0.000117540359497,0,1,1,0,0,0,0,0,0,0,0,0,0,0,0,0,0,0,1,0,0,1,0,0,0,0
MeanWhile1_1449,3,0.96,0.0012831687927246,0.0001213550567626,0,1,1,0,0,0,0,0,0,0,0,0,0,1,0,0,0,0,0,0,0,1,0,0,0,0
MeanWhile1_1449,3,0.96,0.0293166637420654,0.0002527236938476,0,1,1,0,0,0,0,0,0,0,0,0,0,0,1,0,0,0,0,0,0,1,0,0,0,0
veteran_719,1,0.9285714285714286,0.001894474029541,0.0001320838928222,1,0,1,0,0,0,0,0,0,0,0,0,1,0,0,0,0,0,0,0,0,0,1,0,0,0
veteran_719,1,0.9285714285714286,0.0019218921661376,0.0001332759857177,0,1,0,1,0,0,0,0,0,0,0,0,1,0,0,0,0,0,0,0,0,0,1,0,0,0
veteran_719,1,0.9285714285714286,0.0018153190612792,0.0001282691955566,0,1,1,0,0,0,0,0,0,0,0,0,1,0,0,0,0,0,0,0,0,0,1,0,0,0
veteran_719,1,0.9285714285714286,0.0023281574249267,0.0001313686370849,1,0,0,0,1,0,0,0,0,0,0,0,1,0,0,0,0,0,0,0,0,0,1,0,0,0
veteran_719,1,0.9285714285714286,0.0019311904907226,0.0001249313354492,0,1,0,0,1,0,0,0,0,0,0,0,1,0,0,0,0,0,0,0,0,0,1,0,0,0
veteran_719,1,0.9285714285714286,0.0018761157989501,0.0001313686370849,1,0,0,1,0,0,0,0,0,0,0,0,1,0,0,0,0,0,0,0,0,0,1,0,0,0
veteran_719,1,0.8928571428571429,0.0018341541290283,0.0001306533813476,1,0,1,0,0,0,0,0,0,0,0,0,1,0,0,0,0,0,0,1,0,0,0,0,0,0
veteran_719,1,0.8928571428571429,0.0020804405212402,0.0001606941223144,0,1,0,0,1,0,0,0,0,0,0,0,1,0,0,0,0,0,0,0,0,0,0,0,1,0
veteran_719,1,0.8928571428571429,0.0018792152404785,0.0001289844512939,0,1,0,0,1,0,0,0,0,0,0,0,1,0,0,0,0,0,0,1,0,0,0,0,0,0
veteran_719,1,0.8928571428571429,0.0018279552459716,0.0001802444458007,0,1,1,0,0,0,0,0,0,0,0,0,1,0,0,0,0,0,0,1,0,0,0,0,0,0
veteran_719,1,0.8928571428571429,0.0024728775024414,0.0001225471496582,0,1,1,0,0,0,0,0,0,0,0,0,0,0,0,1,0,0,0,0,0,0,1,0,0,0
veteran_719,1,0.8928571428571429,0.0027294158935546,0.0001204013824462,1,0,0,0,1,0,0,0,0,0,0,0,0,0,0,1,0,0,0,0,0,0,1,0,0,0
veteran_719,1,0.8928571428571429,0.0017752647399902,0.0001258850097656,1,0,0,0,1,0,0,0,0,0,0,0,1,0,0,0,0,0,0,1,0,0,0,0,0,0
veteran_719,1,0.8928571428571429,0.0018720626831054,0.0001296997070312,0,1,0,1,0,0,0,0,0,0,0,0,1,0,0,0,0,0,0,1,0,0,0,0,0,0
veteran_719,1,0.8928571428571429,0.0019965171813964,0.0001754760742187,1,0,0,0,1,0,0,0,0,0,0,0,1,0,0,0,0,0,0,0,0,0,0,0,1,0
veteran_719,1,0.8928571428571429,0.0017931461334228,0.0001640319824218,1,0,0,1,0,0,0,0,0,0,0,0,1,0,0,0,0,0,0,1,0,0,0,0,0,0
veteran_719,1,0.8928571428571429,0.0019686222076416,0.0001294612884521,0,1,0,1,0,0,0,0,0,0,0,0,1,0,0,0,0,0,0,0,0,0,0,0,1,0
veteran_719,1,0.8928571428571429,0.0023806095123291,0.0001223087310791,0,1,0,1,0,0,0,0,0,0,0,0,0,0,0,1,0,0,0,0,0,0,1,0,0,0
veteran_719,1,0.8928571428571429,0.0025005340576171,0.0001218318939208,1,0,0,1,0,0,0,0,0,0,0,0,0,0,0,1,0,0,0,0,0,0,1,0,0,0
veteran_719,1,0.8928571428571429,0.0024127960205078,0.0001232624053955,1,0,1,0,0,0,0,0,0,0,0,0,0,0,0,1,0,0,0,0,0,0,1,0,0,0
autoUniv-au6-750_1549,3,0.3133333333333333,0.002185583114624,0.0001552104949951,0,1,0,1,0,0,0,0,0,0,0,0,0,0,0,0,0,0,1,0,0,0,0,0,1,0
autoUniv-au6-750_1549,3,0.3133333333333333,0.0020396709442138,0.0001180171966552,1,0,0,1,0,0,0,0,0,0,0,0,0,0,0,0,0,0,1,0,0,0,0,0,1,0
autoUniv-au6-750_1549,3,0.2866666666666667,0.0016133785247802,0.0001208782196044,1,0,0,1,0,0,0,1,0,0,0,0,0,0,0,0,0,0,0,0,0,0,0,0,0,1
autoUniv-au6-750_1549,3,0.2866666666666667,0.004535436630249,0.0001354217529296,0,1,0,0,1,1,0,0,0,0,0,0,0,0,0,0,0,0,0,0,0,0,0,0,0,1
autoUniv-au6-750_1549,3,0.2866666666666667,0.0127019882202148,0.0001657009124755,1,0,0,0,1,1,0,0,0,0,0,0,0,0,0,0,0,0,0,1,0,0,0,0,0,0
autoUniv-au6-750_1549,3,0.2866666666666667,0.0074701309204101,0.0001358985900878,1,0,0,0,1,1,0,0,0,0,0,0,0,0,0,0,0,0,0,0,0,0,0,0,0,1
autoUniv-au6-750_1549,3,0.2866666666666667,0.0089168548583984,0.0002031326293945,0,1,0,0,1,1,0,0,0,0,0,0,0,0,0,0,0,0,0,0,0,0,0,0,1,0
autoUniv-au6-750_1549,3,0.2866666666666667,0.0088303089141845,0.0001401901245117,1,0,0,0,1,1,0,0,0,0,0,0,0,0,0,0,0,0,0,0,0,0,0,0,1,0
autoUniv-au6-750_1549,3,0.2866666666666667,0.001528263092041,0.0001168251037597,0,1,0,0,1,0,0,0,0,0,0,0,0,0,0,0,0,0,1,0,0,0,0,0,1,0
autoUniv-au6-750_1549,3,0.2866666666666667,0.0021278858184814,0.0001142024993896,1,0,0,0,1,0,0,0,0,0,0,0,0,0,0,0,0,0,1,0,0,0,0,0,1,0
autoUniv-au6-750_1549,3,0.2866666666666667,0.0082194805145263,0.000140905380249,0,1,0,0,1,1,0,0,0,0,0,0,0,0,0,0,0,0,0,1,0,0,0,0,0,0
autoUniv-au6-750_1549,3,0.2866666666666667,0.0018653869628906,0.0001118183135986,0,1,0,1,0,0,0,1,0,0,0,0,0,0,0,0,0,0,0,0,0,0,0,0,0,1
autoUniv-au6-750_1549,3,0.28,0.0020742416381835,0.0001130104064941,1,0,0,1,0,0,0,0,1,0,0,0,0,0,0,0,0,0,0,0,0,0,0,1,0,0
autoUniv-au6-750_1549,4,0.28,0.0059766769409179,0.0001845359802246,0,1,0,1,0,0,0,0,0,0,1,0,0,0,0,0,0,0,0,0,1,0,0,0,0,0
autoUniv-au6-750_1549,3,0.28,0.0023519992828369,0.0001115798950195,1,0,0,0,1,0,0,0,1,0,0,0,0,0,0,0,0,0,0,0,0,0,0,1,0,0
autoUniv-au6-750_1549,3,0.28,0.047154426574707,0.0001649856567382,0,1,0,1,0,0,0,0,0,0,0,1,0,0,0,0,0,0,0,0,1,0,0,0,0,0
autoUniv-au6-750_1549,3,0.28,0.0027172565460205,0.0001091957092285,0,1,0,0,1,0,0,0,1,0,0,0,0,0,0,0,0,0,0,0,0,0,0,1,0,0
autoUniv-au6-750_1549,3,0.28,0.0025043487548828,0.0001094341278076,0,1,0,1,0,0,0,0,1,0,0,0,0,0,0,0,0,0,0,0,0,0,0,1,0,0
autoUniv-au6-750_1549,3,0.28,0.0277454853057861,0.0012140274047851,0,1,0,0,1,0,0,0,0,0,0,1,0,0,0,0,0,0,0,0,1,0,0,0,0,0
autoUniv-au6-750_1549,3,0.28,0.0314788818359375,0.0002436637878417,0,1,0,1,0,1,0,0,0,0,0,0,0,0,0,0,0,0,0,0,1,0,0,0,0,0
Engine1_4340,2,0.974025974025974,0.0101454257965087,0.0001688003540039,1,0,0,1,0,0,0,0,0,0,0,0,0,0,0,1,0,0,0,0,0,0,0,0,0,1
Engine1_4340,1,0.974025974025974,0.0100164413452148,0.0001726150512695,1,0,0,1,0,0,0,0,0,0,0,0,0,0,0,1,0,0,0,0,0,0,0,0,0,1
Engine1_4340,0,0.974025974025974,0.0088114738464355,0.00020432472229,1,0,0,1,0,0,0,0,0,0,0,0,0,0,0,1,0,0,0,0,0,0,0,0,0,1
Engine1_4340,1,0.974025974025974,0.0122475624084472,0.0005042552947998,1,0,0,0,1,0,0,0,0,0,0,0,0,0,0,1,0,0,0,1,0,0,0,0,0,0
Engine1_4340,2,0.974025974025974,0.0101945400238037,0.0001819133758544,0,1,1,0,0,0,0,0,0,0,0,0,0,0,0,1,0,0,0,0,0,0,0,0,1,0
Engine1_4340,0,0.974025974025974,0.0102653503417968,0.0001952648162841,0,1,0,1,0,0,0,0,0,0,0,0,0,0,0,1,0,0,0,0,1,0,0,0,0,0
Engine1_4340,0,0.974025974025974,0.0084705352783203,0.000192642211914,0,1,0,1,0,0,0,0,0,0,0,0,0,0,0,1,0,0,0,0,0,0,0,0,1,0
Engine1_4340,1,0.974025974025974,0.0120728015899658,0.0002899169921875,0,1,0,1,0,0,0,0,0,0,0,0,0,0,0,1,0,0,0,0,0,0,0,0,1,0
Engine1_4340,1,0.974025974025974,0.0099728107452392,0.0001900196075439,0,1,0,1,0,0,0,0,0,0,0,0,0,0,0,1,0,0,0,1,0,0,0,0,0,0
Engine1_4340,2,0.974025974025974,0.0101351737976074,0.0001754760742187,0,1,0,0,1,0,0,0,0,0,0,0,0,0,0,1,0,0,0,0,0,0,0,0,0,1
Engine1_4340,1,0.974025974025974,0.0100898742675781,0.0001616477966308,0,1,1,0,0,0,0,0,0,0,0,0,0,0,0,1,0,0,0,0,0,0,0,0,0,1
Engine1_4340,2,0.974025974025974,0.0100364685058593,0.0001680850982666,0,1,0,1,0,0,0,0,0,0,0,0,0,0,0,1,0,0,0,0,0,0,0,0,0,1
Engine1_4340,0,0.974025974025974,0.0091381072998046,0.0001652240753173,1,0,0,0,1,0,0,0,0,0,0,0,0,0,0,1,0,0,0,0,0,0,0,0,0,1
Engine1_4340,1,0.974025974025974,0.0105659961700439,0.000169038772583,1,0,0,0,1,0,0,0,0,0,0,0,0,0,0,1,0,0,0,0,0,0,0,0,0,1
Engine1_4340,2,0.974025974025974,0.0100517272949218,0.0001704692840576,1,0,0,0,1,0,0,0,0,0,0,0,0,0,0,1,0,0,0,0,0,0,0,0,0,1
Engine1_4340,1,0.974025974025974,0.0099802017211914,0.0001718997955322,0,1,0,1,0,0,0,0,0,0,0,0,0,0,0,1,0,0,0,0,0,0,0,0,0,1
Engine1_4340,0,0.974025974025974,0.009488821029663,0.0001609325408935,1,0,0,1,0,0,0,0,0,0,0,0,0,0,0,1,0,0,0,1,0,0,0,0,0,0
Engine1_4340,1,0.974025974025974,0.009728193283081,0.000169038772583,1,0,0,1,0,0,0,0,0,0,0,0,0,0,0,1,0,0,0,1,0,0,0,0,0,0
Engine1_4340,2,0.974025974025974,0.0096089839935302,0.0001575946807861,1,0,0,1,0,0,0,0,0,0,0,0,0,0,0,1,0,0,0,1,0,0,0,0,0,0
Engine1_4340,1,0.974025974025974,0.0100436210632324,0.0001640319824218,0,1,0,0,1,0,0,0,0,0,0,0,0,0,0,1,0,0,0,0,1,0,0,0,0,0
PieChart2_1452,3,1.0,0.001946210861206,0.0001192092895507,1,0,1,0,0,0,0,0,0,0,0,0,0,0,0,0,0,1,0,0,1,0,0,0,0,0
PieChart2_1452,3,1.0,0.0033910274505615,0.0001378059387207,0,1,0,0,1,0,0,0,0,1,0,0,0,0,0,0,0,0,0,0,0,0,0,1,0,0
PieChart2_1452,3,1.0,0.0019497871398925,0.0001616477966308,1,0,1,0,0,0,0,0,0,0,0,0,0,0,0,0,0,0,1,0,1,0,0,0,0,0
PieChart2_1452,3,1.0,0.0017042160034179,0.0001139640808105,0,1,0,0,1,0,0,0,0,0,1,0,0,0,0,0,0,0,0,0,0,0,0,1,0,0
PieChart2_1452,3,1.0,0.001479148864746,0.0001239776611328,1,0,1,0,0,0,0,0,1,0,0,0,0,0,0,0,0,0,0,0,1,0,0,0,0,0
PieChart2_1452,3,1.0,0.0037546157836914,0.000274658203125,1,0,1,0,0,0,0,0,0,0,0,0,1,0,0,0,0,0,0,0,1,0,0,0,0,0
PieChart2_1452,3,1.0,0.0022070407867431,0.0001144409179687,0,1,0,0,1,1,0,0,0,0,0,0,0,0,0,0,0,0,0,0,0,0,0,1,0,0
PieChart2_1452,3,1.0,0.0052776336669921,0.0002543926239013,1,0,0,0,1,0,0,0,0,0,0,0,0,0,0,0,1,0,0,0,0,0,0,0,0,1
PieChart2_1452,3,1.0,0.0074043273925781,0.0001633167266845,1,0,0,0,1,0,0,0,0,0,0,0,1,0,0,0,0,0,0,0,0,0,0,0,0,1
PieChart2_1452,3,1.0,0.0013008117675781,0.0001399517059326,1,0,0,0,1,0,0,0,1,0,0,0,0,0,0,0,0,0,0,0,0,0,0,0,0,1
PieChart2_1452,3,1.0,0.0013680458068847,0.0001299381256103,1,0,0,0,1,0,0,0,0,0,0,0,0,0,0,0,0,0,1,0,0,0,0,0,0,1
PieChart2_1452,3,1.0,0.0038425922393798,0.0001535415649414,1,0,0,0,1,0,0,0,0,0,0,0,0,1,0,0,0,0,0,1,0,0,0,0,0,0
PieChart2_1452,3,1.0,0.0035090446472167,0.0001204013824462,1,0,0,0,1,1,0,0,0,0,0,0,0,0,0,0,0,0,0,0,0,0,0,0,0,1
PieChart2_1452,3,1.0,0.0018234252929687,0.0001182556152343,1,0,0,0,1,0,0,0,0,0,1,0,0,0,0,0,0,0,0,0,0,0,0,0,0,1
PieChart2_1452,3,1.0,0.0015046596527099,0.0001196861267089,1,0,0,0,1,0,0,1,0,0,0,0,0,0,0,0,0,0,0,0,0,0,0,0,0,1
PieChart2_1452,3,1.0,0.003450870513916,0.0001895427703857,1,0,0,1,0,0,0,0,0,1,0,0,0,0,0,0,0,0,0,0,0,0,0,1,0,0
PieChart2_1452,3,1.0,0.0015690326690673,0.0001192092895507,1,0,0,1,0,0,0,0,0,0,1,0,0,0,0,0,0,0,0,0,0,0,0,1,0,0
PieChart2_1452,3,1.0,0.0029399394989013,0.0001313686370849,1,0,0,0,1,0,0,0,0,0,0,1,0,0,0,0,0,0,0,1,0,0,0,0,0,0
PieChart2_1452,3,1.0,0.0013504028320312,0.0001161098480224,1,0,0,0,1,0,0,0,0,0,0,0,0,0,0,0,0,1,0,1,0,0,0,0,0,0
PieChart2_1452,3,1.0,0.0017540454864501,0.0001192092895507,1,0,0,0,1,0,0,0,0,0,0,0,0,0,0,0,0,0,1,0,1,0,0,0,0,0
German-Credit-Risk-with-Target_46116,0,0.77,0.0029971599578857,0.0001478195190429,1,0,0,1,0,0,0,0,0,0,0,1,0,0,0,0,0,0,0,0,1,0,0,0,0,0
German-Credit-Risk-with-Target_46116,4,0.77,0.0023386478424072,0.0001323223114013,0,1,0,1,0,0,0,0,0,0,0,1,0,0,0,0,0,0,0,0,0,0,0,1,0,0
German-Credit-Risk-with-Target_46116,4,0.77,0.0105142593383789,0.0002143383026123,0,1,0,1,0,0,0,0,0,0,0,0,1,0,0,0,0,0,0,0,0,0,0,1,0,0
German-Credit-Risk-with-Target_46116,4,0.77,0.0041561126708984,0.0001327991485595,0,1,0,1,0,0,0,0,0,0,0,0,0,1,0,0,0,0,0,0,0,0,0,1,0,0
German-Credit-Risk-with-Target_46116,4,0.77,0.0016748905181884,0.0001277923583984,0,1,0,1,0,0,0,0,0,0,1,0,0,0,0,0,0,0,0,0,0,0,1,0,0,0
German-Credit-Risk-with-Target_46116,4,0.77,0.003066062927246,0.0001337528228759,1,0,0,1,0,0,0,0,0,0,0,0,0,1,0,0,0,0,0,0,0,0,0,1,0,0
German-Credit-Risk-with-Target_46116,4,0.77,0.0020627975463867,0.0001254081726074,1,0,0,1,0,0,0,0,0,0,0,1,0,0,0,0,0,0,0,0,0,0,0,1,0,0
German-Credit-Risk-with-Target_46116,0,0.77,0.0025868415832519,0.0001282691955566,0,1,0,1,0,0,0,0,0,0,0,1,0,0,0,0,0,0,0,0,1,0,0,0,0,0
German-Credit-Risk-with-Target_46116,4,0.77,0.0039973258972167,0.0001921653747558,1,0,0,1,0,0,0,0,0,1,0,0,0,0,0,0,0,0,0,0,0,0,0,1,0,0
German-Credit-Risk-with-Target_46116,4,0.77,0.0111880302429199,0.0001826286315917,1,0,0,1,0,0,0,0,0,0,0,0,1,0,0,0,0,0,0,0,0,0,0,1,0,0
German-Credit-Risk-with-Target_46116,4,0.77,0.0038726329803466,0.0001633167266845,0,1,0,1,0,0,0,0,0,1,0,0,0,0,0,0,0,0,0,0,0,0,0,1,0,0
German-Credit-Risk-with-Target_46116,0,0.77,0.0015275478363037,0.0001237392425537,0,1,0,1,0,0,0,0,0,0,0,0,0,0,0,0,0,1,0,0,0,0,1,0,0,0
German-Credit-Risk-with-Target_46116,0,0.77,0.0015735626220703,0.0001473426818847,1,0,0,1,0,0,0,0,0,0,0,0,0,0,0,0,0,1,0,0,0,0,1,0,0,0
German-Credit-Risk-with-Target_46116,4,0.77,0.0134551525115966,0.0002601146697998,0,1,0,1,0,0,0,0,0,0,0,0,0,0,1,0,0,0,0,0,1,0,0,0,0,0
German-Credit-Risk-with-Target_46116,4,0.77,0.0047132968902587,0.0001304149627685,1,0,0,1,0,0,1,0,0,0,0,0,0,0,0,0,0,0,0,0,0,0,0,0,0,1
German-Credit-Risk-with-Target_46116,4,0.77,0.0136690139770507,0.0002493858337402,1,0,0,1,0,0,0,0,0,0,0,0,0,0,1,0,0,0,0,0,1,0,0,0,0,0
German-Credit-Risk-with-Target_46116,4,0.77,0.0015969276428222,0.0001270771026611,1,0,0,1,0,0,0,0,0,0,1,0,0,0,0,0,0,0,0,0,0,0,1,0,0,0
German-Credit-Risk-with-Target_46116,4,0.765,0.0059607028961181,0.0001749992370605,0,1,0,1,0,0,0,0,0,0,0,0,0,1,0,0,0,0,0,0,1,0,0,0,0,0
German-Credit-Risk-with-Target_46116,1,0.765,0.0040268898010253,0.0001301765441894,0,1,0,1,0,0,1,0,0,0,0,0,0,0,0,0,0,0,0,0,0,0,1,0,0,0
German-Credit-Risk-with-Target_46116,4,0.765,0.0035254955291748,0.0001389980316162,0,1,0,1,0,0,0,0,0,0,0,0,0,1,0,0,0,0,0,0,0,0,1,0,0,0
analcatdata_germangss_1025,2,0.975,0.0016703605651855,0.0001206398010253,0,1,0,1,0,0,0,0,0,0,0,0,0,0,1,0,0,0,0,1,0,0,0,0,0,0
analcatdata_germangss_1025,2,0.975,0.0017046928405761,0.0001280307769775,0,1,0,1,0,0,0,0,0,0,0,0,0,0,1,0,0,0,0,0,0,0,0,1,0,0
analcatdata_germangss_1025,2,0.975,0.0018222332000732,0.0001358985900878,1,0,0,1,0,0,0,0,0,0,0,0,0,0,1,0,0,0,0,0,0,0,0,1,0,0
analcatdata_germangss_1025,2,0.975,0.0019247531890869,0.0001337528228759,1,0,0,1,0,0,0,0,0,0,0,0,0,0,1,0,0,0,0,1,0,0,0,0,0,0
analcatdata_germangss_1025,0,0.95,0.00177001953125,0.0001299381256103,0,1,0,1,0,0,0,0,0,0,0,0,0,0,1,0,0,0,0,0,0,0,0,1,0,0
analcatdata_germangss_1025,3,0.95,0.0016798973083496,0.0001299381256103,0,1,0,1,0,0,0,0,0,0,0,0,0,0,1,0,0,0,0,0,0,0,0,1,0,0
analcatdata_germangss_1025,3,0.95,0.0033440589904785,0.0001368522644042,0,1,0,1,0,0,0,0,0,0,0,0,0,0,0,1,0,0,0,1,0,0,0,0,0,0
analcatdata_germangss_1025,3,0.95,0.0015954971313476,0.0001196861267089,0,1,0,1,0,0,0,0,0,0,0,0,0,0,1,0,0,0,0,1,0,0,0,0,0,0
analcatdata_germangss_1025,2,0.95,0.0015804767608642,0.0001230239868164,0,1,0,1,0,0,1,0,0,0,0,0,0,0,0,0,0,0,0,0,0,0,0,0,1,0
analcatdata_germangss_1025,2,0.95,0.0015323162078857,0.0001208782196044,1,0,0,1,0,0,1,0,0,0,0,0,0,0,0,0,0,0,0,0,0,0,0,0,1,0
analcatdata_germangss_1025,0,0.95,0.0017993450164794,0.0001196861267089,0,1,0,1,0,0,0,0,0,0,0,0,0,0,1,0,0,0,0,1,0,0,0,0,0,0
analcatdata_germangss_1025,3,0.95,0.0035159587860107,0.0001368522644042,0,1,0,1,0,0,0,0,0,0,0,0,0,0,0,1,0,0,0,0,0,0,0,1,0,0
analcatdata_germangss_1025,3,0.95,0.0036110877990722,0.0001478195190429,0,1,0,1,0,0,0,0,0,0,0,0,0,0,0,1,0,0,0,0,1,0,0,0,0,0
analcatdata_germangss_1025,0,0.95,0.001359224319458,0.0001266002655029,0,1,0,1,0,0,0,0,0,0,1,0,0,0,0,0,0,0,0,0,1,0,0,0,0,0
analcatdata_germangss_1025,3,0.95,0.0037014484405517,0.0001516342163085,1,0,0,1,0,0,0,0,0,0,0,0,0,0,0,1,0,0,0,1,0,0,0,0,0,0
analcatdata_germangss_1025,0,0.95,0.0010931491851806,0.0001125335693359,1,0,0,1,0,0,0,0,0,0,1,0,0,0,0,0,0,0,0,0,0,0,0,0,0,1
analcatdata_germangss_1025,2,0.95,0.0017449855804443,0.0001218318939208,0,1,0,1,0,0,1,0,0,0,0,0,0,0,0,0,0,0,0,0,1,0,0,0,0,0
analcatdata_germangss_1025,4,0.95,0.0016365051269531,0.0001411437988281,0,1,0,1,0,0,1,0,0,0,0,0,0,0,0,0,0,0,0,0,1,0,0,0,0,0
analcatdata_germangss_1025,3,0.95,0.0040109157562255,0.0001590251922607,1,0,0,1,0,0,0,0,0,0,0,0,0,0,0,1,0,0,0,0,1,0,0,0,0,0
analcatdata_germangss_1025,3,0.95,0.001816987991333,0.0001249313354492,0,1,0,1,0,0,0,0,0,0,0,0,0,0,1,0,0,0,0,0,0,0,0,0,1,0
chscase_census6_900,3,0.625,0.0010859966278076,0.0001139640808105,0,1,0,0,1,0,0,0,0,0,0,0,0,1,0,0,0,0,0,0,0,0,0,1,0,0
chscase_census6_900,1,0.625,0.0029191970825195,0.0001342296600341,0,1,0,0,1,0,0,0,0,0,0,0,0,0,0,0,1,0,0,0,1,0,0,0,0,0
chscase_census6_900,3,0.625,0.0030195713043212,0.0001492500305175,1,0,0,1,0,0,0,0,0,0,0,0,1,0,0,0,0,0,0,0,1,0,0,0,0,0
chscase_census6_900,3,0.625,0.0012226104736328,0.0001177787780761,0,1,1,0,0,0,0,0,0,0,0,0,0,1,0,0,0,0,0,0,0,0,0,1,0,0
chscase_census6_900,3,0.625,0.0012297630310058,0.0001220703125,1,0,0,1,0,0,0,0,0,0,0,0,0,1,0,0,0,0,0,0,0,0,0,1,0,0
chscase_census6_900,1,0.625,0.0029969215393066,0.0001387596130371,1,0,1,0,0,0,0,0,0,0,0,0,0,0,0,0,1,0,0,0,1,0,0,0,0,0
chscase_census6_900,3,0.625,0.0041437149047851,0.000199556350708,1,0,1,0,0,0,0,0,0,0,0,0,1,0,0,0,0,0,0,0,1,0,0,0,0,0
chscase_census6_900,1,0.625,0.0037901401519775,0.0002779960632324,1,0,0,1,0,0,0,0,0,0,0,0,0,0,0,0,1,0,0,0,1,0,0,0,0,0
chscase_census6_900,3,0.625,0.0012016296386718,0.0001208782196044,0,1,1,0,0,0,0,0,0,0,0,1,0,0,0,0,0,0,0,0,0,0,0,1,0,0
chscase_census6_900,3,0.625,0.0014123916625976,0.0001325607299804,0,1,1,0,0,0,0,0,0,1,0,0,0,0,0,0,0,0,0,0,0,0,0,1,0,0
chscase_census6_900,1,0.625,0.0037715435028076,0.000152587890625,1,0,0,0,1,0,0,0,0,0,0,0,0,0,0,0,1,0,0,0,1,0,0,0,0,0
chscase_census6_900,3,0.625,0.0013773441314697,0.0001280307769775,0,1,0,1,0,0,0,0,0,1,0,0,0,0,0,0,0,0,0,0,0,0,0,1,0,0
chscase_census6_900,3,0.625,0.0011217594146728,0.0001149177551269,0,1,0,1,0,0,0,0,0,0,0,0,0,1,0,0,0,0,0,0,0,0,0,1,0,0
chscase_census6_900,3,0.625,0.001063585281372,0.0001132488250732,0,1,0,1,0,0,1,0,0,0,0,0,0,0,0,0,0,0,0,0,0,0,0,1,0,0
chscase_census6_900,3,0.625,0.0013830661773681,0.0001091957092285,1,0,0,0,1,0,0,0,0,0,0,0,0,1,0,0,0,0,0,0,0,0,0,1,0,0
chscase_census6_900,3,0.625,0.0010912418365478,0.0001146793365478,0,1,0,1,0,0,0,0,0,0,1,0,0,0,0,0,0,0,0,0,0,1,0,0,0,0
chscase_census6_900,3,0.625,0.0028517246246337,0.0001518726348876,0,1,0,0,1,0,0,0,0,0,0,0,1,0,0,0,0,0,0,0,1,0,0,0,0,0
chscase_census6_900,3,0.625,0.0010280609130859,0.0001156330108642,0,1,1,0,0,0,0,0,0,0,1,0,0,0,0,0,0,0,0,0,0,1,0,0,0,0
chscase_census6_900,3,0.625,0.0012698173522949,0.0001144409179687,1,0,0,0,1,0,0,0,0,0,1,0,0,0,0,0,0,0,0,0,0,1,0,0,0,0
chscase_census6_900,3,0.625,0.0012400150299072,0.0001261234283447,1,0,1,0,0,0,0,0,0,0,0,1,0,0,0,0,0,0,0,0,0,0,0,1,0,0
visualizing_galaxy_925,3,1.0,0.0009601116180419,0.0001049041748046,0,1,1,0,0,0,0,0,0,0,1,0,0,0,0,0,0,0,0,0,0,0,0,1,0,0
visualizing_galaxy_925,0,1.0,0.0028092861175537,0.0001375675201416,0,1,1,0,0,0,0,0,0,0,0,0,0,0,0,0,1,0,0,0,0,0,0,0,0,1
visualizing_galaxy_925,3,1.0,0.0010058879852294,0.0001146793365478,0,1,0,1,0,0,0,0,0,0,1,0,0,0,0,0,0,0,0,0,0,0,0,1,0,0
visualizing_galaxy_925,0,1.0,0.0025482177734375,0.0001196861267089,1,0,1,0,0,0,0,0,0,0,0,0,0,0,0,0,1,0,0,0,0,0,0,0,0,1
visualizing_galaxy_925,0,1.0,0.0036118030548095,0.0001232624053955,1,0,0,1,0,0,0,0,0,0,0,0,0,0,0,0,1,0,0,0,0,0,0,0,0,1
visualizing_galaxy_925,0,1.0,0.0031609535217285,0.0001485347747802,0,1,0,0,1,0,0,0,0,0,0,0,0,0,0,0,1,0,0,0,0,0,0,0,0,1
visualizing_galaxy_925,3,1.0,0.0009984970092773,0.0001084804534912,1,0,0,1,0,0,0,0,0,0,1,0,0,0,0,0,0,0,0,0,0,0,0,1,0,0
visualizing_galaxy_925,3,1.0,0.001072883605957,0.0001082420349121,1,0,0,0,1,0,0,0,0,0,1,0,0,0,0,0,0,0,0,0,0,0,0,1,0,0
visualizing_galaxy_925,3,1.0,0.0009324550628662,0.0001037120819091,0,1,0,0,1,0,0,0,0,0,1,0,0,0,0,0,0,0,0,0,0,0,0,1,0,0
visualizing_galaxy_925,3,1.0,0.0010673999786376,0.0001192092895507,1,0,1,0,0,0,0,0,0,0,1,0,0,0,0,0,0,0,0,0,0,0,0,1,0,0
visualizing_galaxy_925,0,1.0,0.0030262470245361,0.0001347064971923,0,1,0,1,0,0,0,0,0,0,0,0,0,0,0,0,1,0,0,0,0,0,0,0,0,1
visualizing_galaxy_925,0,1.0,0.0028588771820068,0.0001289844512939,1,0,0,0,1,0,0,0,0,0,0,0,0,0,0,0,1,0,0,0,0,0,0,0,0,1
visualizing_galaxy_925,0,0.9846153846153848,0.0011439323425292,0.0001137256622314,1,0,0,0,1,0,1,0,0,0,0,0,0,0,0,0,0,0,0,0,0,0,0,1,0,0
visualizing_galaxy_925,0,0.9846153846153848,0.0013706684112548,0.000126838684082,0,1,0,0,1,0,0,0,0,1,0,0,0,0,0,0,0,0,0,0,0,1,0,0,0,0
visualizing_galaxy_925,0,0.9846153846153848,0.0013537406921386,0.0001313686370849,0,1,0,1,0,0,0,0,0,1,0,0,0,0,0,0,0,0,0,0,0,0,0,1,0,0
visualizing_galaxy_925,0,0.9846153846153848,0.001310110092163,0.0001146793365478,1,0,0,0,1,0,0,0,0,0,0,0,0,1,0,0,0,0,0,0,0,0,0,1,0,0
visualizing_galaxy_925,0,0.9846153846153848,0.0012650489807128,0.0001261234283447,0,1,0,0,1,0,0,0,0,0,0,1,0,0,0,0,0,0,0,0,0,1,0,0,0,0
visualizing_galaxy_925,0,0.9846153846153848,0.0023779869079589,0.000124454498291,1,0,1,0,0,0,0,0,0,0,0,0,0,0,0,0,1,0,0,0,0,1,0,0,0,0
visualizing_galaxy_925,0,0.9846153846153848,0.0011713504791259,0.0001220703125,1,0,1,0,0,0,1,0,0,0,0,0,0,0,0,0,0,0,0,0,0,1,0,0,0,0
visualizing_galaxy_925,0,0.9846153846153848,0.0012047290802001,0.0001082420349121,0,1,0,0,1,0,0,0,0,0,0,0,0,0,1,0,0,0,0,0,0,0,0,0,1,0
fri_c4_1000_50_797,4,0.71,0.0015890598297119,0.0001282691955566,1,0,0,0,1,0,0,0,0,0,0,0,0,0,0,0,0,1,0,0,0,0,0,0,0,1
fri_c4_1000_50_797,4,0.71,0.0015459060668945,0.0001225471496582,0,1,1,0,0,0,0,0,0,0,0,0,0,0,0,0,0,1,0,0,0,0,0,0,0,1
fri_c4_1000_50_797,4,0.71,0.0017659664154052,0.0001332759857177,0,1,0,0,1,0,0,0,0,0,0,0,0,0,0,0,0,1,0,0,0,0,0,0,0,1
fri_c4_1000_50_797,4,0.71,0.0015203952789306,0.0001182556152343,1,0,0,1,0,0,0,0,0,0,0,0,0,0,0,0,0,1,0,0,0,0,0,0,0,1
fri_c4_1000_50_797,4,0.71,0.0015814304351806,0.0001258850097656,1,0,1,0,0,0,0,0,0,0,0,0,0,0,0,0,0,1,0,0,0,0,0,0,0,1
fri_c4_1000_50_797,4,0.71,0.0015981197357177,0.0001213550567626,0,1,0,1,0,0,0,0,0,0,0,0,0,0,0,0,0,1,0,0,0,0,0,0,0,1
fri_c4_1000_50_797,4,0.705,0.001626968383789,0.0001280307769775,1,0,1,0,0,0,0,0,0,0,0,0,0,0,0,0,0,1,0,0,1,0,0,0,0,0
fri_c4_1000_50_797,4,0.705,0.0014436244964599,0.0001142024993896,0,1,0,1,0,0,0,0,0,0,0,0,0,0,0,0,0,1,0,0,0,0,0,0,1,0
fri_c4_1000_50_797,4,0.705,0.0015208721160888,0.0001225471496582,1,0,0,1,0,0,0,0,0,0,0,0,0,0,0,0,0,1,0,0,0,0,0,0,1,0
fri_c4_1000_50_797,4,0.705,0.0015311241149902,0.0001187324523925,0,1,1,0,0,0,0,0,0,0,0,0,0,0,0,0,0,1,0,0,0,0,0,0,1,0
fri_c4_1000_50_797,4,0.705,0.0014615058898925,0.0001387596130371,0,1,0,1,0,0,0,0,0,0,0,0,0,0,0,0,0,1,0,0,1,0,0,0,0,0
fri_c4_1000_50_797,4,0.705,0.0017218589782714,0.0001256465911865,0,1,0,0,1,0,0,0,0,0,0,0,0,0,0,0,0,1,0,0,1,0,0,0,0,0
fri_c4_1000_50_797,4,0.705,0.0016090869903564,0.0001232624053955,1,0,0,0,1,0,0,0,0,0,0,0,0,0,0,0,0,1,0,0,1,0,0,0,0,0
fri_c4_1000_50_797,4,0.705,0.0015504360198974,0.0001215934753417,0,1,0,0,1,0,0,0,0,0,0,0,0,0,0,0,0,1,0,0,0,0,0,0,1,0
fri_c4_1000_50_797,4,0.705,0.0016698837280273,0.0001296997070312,0,1,1,0,0,0,0,0,0,0,0,0,0,0,0,0,0,1,0,0,1,0,0,0,0,0
fri_c4_1000_50_797,4,0.705,0.0015754699707031,0.0001533031463623,1,0,0,1,0,0,0,0,0,0,0,0,0,0,0,0,0,1,0,0,1,0,0,0,0,0
fri_c4_1000_50_797,4,0.705,0.0015685558319091,0.0001406669616699,1,0,1,0,0,0,0,0,0,0,0,0,0,0,0,0,0,1,0,0,0,0,0,0,1,0
fri_c4_1000_50_797,4,0.705,0.0015730857849121,0.0001218318939208,1,0,0,0,1,0,0,0,0,0,0,0,0,0,0,0,0,1,0,0,0,0,0,0,1,0
fri_c4_1000_50_797,4,0.7,0.0016839504241943,0.0001685619354248,0,1,1,0,0,0,0,0,0,0,0,0,0,0,0,0,0,1,0,1,0,0,0,0,0,0
fri_c4_1000_50_797,4,0.7,0.0015573501586914,0.0001463890075683,1,0,1,0,0,0,0,0,0,0,0,0,0,0,0,0,0,1,0,0,0,0,1,0,0,0
MegaWatt1_1442,2,0.9607843137254902,0.0019314289093017,0.0001420974731445,1,0,0,1,0,0,1,0,0,0,0,0,0,0,0,0,0,0,0,0,0,0,1,0,0,0
MegaWatt1_1442,2,0.9607843137254902,0.0018427371978759,0.000124454498291,1,0,1,0,0,0,1,0,0,0,0,0,0,0,0,0,0,0,0,0,0,0,1,0,0,0
MegaWatt1_1442,2,0.9607843137254902,0.001927375793457,0.0001294612884521,0,1,0,0,1,0,1,0,0,0,0,0,0,0,0,0,0,0,0,0,0,0,1,0,0,0
MegaWatt1_1442,2,0.9607843137254902,0.0018386840820312,0.0001220703125,1,0,0,0,1,0,1,0,0,0,0,0,0,0,0,0,0,0,0,0,0,0,1,0,0,0
MegaWatt1_1442,2,0.9607843137254902,0.0031158924102783,0.0001466274261474,0,1,0,1,0,0,1,0,0,0,0,0,0,0,0,0,0,0,0,0,0,0,1,0,0,0
MegaWatt1_1442,2,0.9607843137254902,0.0019292831420898,0.0001282691955566,0,1,1,0,0,0,1,0,0,0,0,0,0,0,0,0,0,0,0,0,0,0,1,0,0,0
MegaWatt1_1442,3,0.96,0.0010790824890136,0.0001168251037597,0,1,0,0,1,0,0,0,0,0,0,0,0,0,0,0,0,0,1,0,0,0,0,1,0,0
MegaWatt1_1442,3,0.96,0.0016524791717529,0.0001454353332519,1,0,0,1,0,0,0,0,0,1,0,0,0,0,0,0,0,0,0,0,0,1,0,0,0,0
MegaWatt1_1442,3,0.96,0.001190185546875,0.0001189708709716,1,0,1,0,0,0,0,0,0,0,0,0,0,0,0,0,0,0,1,0,1,0,0,0,0,0
MegaWatt1_1442,3,0.96,0.0013530254364013,0.0001201629638671,0,1,0,0,1,1,0,0,0,0,0,0,0,0,0,0,0,0,0,0,0,0,1,0,0,0
MegaWatt1_1442,3,0.96,0.0013127326965332,0.0001335144042968,0,1,0,0,1,0,0,0,0,0,1,0,0,0,0,0,0,0,0,0,0,0,0,1,0,0
MegaWatt1_1442,3,0.96,0.0012311935424804,0.0001173019409179,0,1,0,0,1,0,0,1,0,0,0,0,0,0,0,0,0,0,0,0,0,0,0,1,0,0
MegaWatt1_1442,3,0.96,0.0012104511260986,0.0001623630523681,1,0,0,1,0,0,0,0,0,0,0,0,0,0,0,0,0,0,1,0,0,0,1,0,0,0
MegaWatt1_1442,3,0.96,0.0011329650878906,0.000119924545288,1,0,0,1,0,0,0,0,0,0,0,0,0,0,0,0,0,1,0,0,0,0,1,0,0,0
MegaWatt1_1442,3,0.96,0.0013873577117919,0.0001220703125,1,0,1,0,0,0,0,0,0,0,1,0,0,0,0,0,0,0,0,0,0,0,0,1,0,0
MegaWatt1_1442,3,0.96,0.0010585784912109,0.0001153945922851,0,1,0,0,1,0,0,1,0,0,0,0,0,0,0,0,0,0,0,0,0,0,1,0,0,0
MegaWatt1_1442,3,0.96,0.0010194778442382,0.0001106262207031,0,1,1,0,0,0,0,0,0,0,0,0,0,0,0,0,0,1,0,0,0,1,0,0,0,0
MegaWatt1_1442,3,0.96,0.0010240077972412,0.0001115798950195,0,1,1,0,0,0,0,0,0,0,0,0,0,0,0,0,0,0,1,0,0,1,0,0,0,0
MegaWatt1_1442,3,0.96,0.0012648105621337,0.0001177787780761,0,1,1,0,0,0,0,0,0,0,0,0,0,1,0,0,0,0,0,0,0,1,0,0,0,0
MegaWatt1_1442,3,0.96,0.02903413772583,0.0002388954162597,0,1,1,0,0,0,0,0,0,0,0,0,0,0,1,0,0,0,0,0,0,1,0,0,0,0
stock_841,4,0.9842105263157894,0.0145111083984375,0.0002443790435791,0,1,1,0,0,0,0,0,0,0,0,0,0,0,0,1,0,0,0,0,0,0,0,0,1,0
stock_841,4,0.9842105263157894,0.0175821781158447,0.0001895427703857,1,0,0,0,1,0,0,0,0,0,0,0,0,0,0,1,0,0,0,0,0,0,0,0,1,0
stock_841,4,0.9842105263157894,0.0141792297363281,0.0001890659332275,0,1,1,0,0,0,0,0,0,0,0,0,0,0,0,1,0,0,0,1,0,0,0,0,0,0
stock_841,4,0.9842105263157894,0.0144183635711669,0.0001721382141113,1,0,0,1,0,0,0,0,0,0,0,0,0,0,0,1,0,0,0,0,1,0,0,0,0,0
stock_841,4,0.9842105263157894,0.0180006027221679,0.0002615451812744,0,1,0,1,0,0,0,0,0,0,0,0,0,0,0,1,0,0,0,0,1,0,0,0,0,0
stock_841,4,0.9842105263157894,0.0174677371978759,0.0001766681671142,1,0,1,0,0,0,0,0,0,0,0,0,0,0,0,1,0,0,0,0,0,0,0,0,0,1
stock_841,4,0.9842105263157894,0.0157778263092041,0.0002057552337646,0,1,0,0,1,0,0,0,0,0,0,0,0,0,0,1,0,0,0,0,1,0,0,0,0,0
stock_841,4,0.9842105263157894,0.0142834186553955,0.0001752376556396,1,0,0,1,0,0,0,0,0,0,0,0,0,0,0,1,0,0,0,0,0,0,0,0,0,1
stock_841,4,0.9842105263157894,0.0152466297149658,0.0001935958862304,0,1,0,0,1,0,0,0,0,0,0,0,0,0,0,1,0,0,0,0,0,0,0,0,0,1
stock_841,4,0.9842105263157894,0.0175099372863769,0.0001749992370605,0,1,0,1,0,0,0,0,0,0,0,0,0,0,0,1,0,0,0,0,0,0,0,0,0,1
stock_841,4,0.9842105263157894,0.0147995948791503,0.0001721382141113,1,0,1,0,0,0,0,0,0,0,0,0,0,0,0,1,0,0,0,1,0,0,0,0,0,0
stock_841,4,0.9842105263157894,0.0145573616027832,0.0001897811889648,1,0,1,0,0,0,0,0,0,0,0,0,0,0,0,1,0,0,0,0,1,0,0,0,0,0
stock_841,4,0.9842105263157894,0.0174088478088378,0.0002102851867675,0,1,1,0,0,0,0,0,0,0,0,0,0,0,0,1,0,0,0,0,0,0,0,0,0,1
stock_841,4,0.9842105263157894,0.0158886909484863,0.000230073928833,1,0,0,1,0,0,0,0,0,0,0,0,0,0,0,1,0,0,0,0,0,0,0,0,1,0
stock_841,4,0.9842105263157894,0.014211893081665,0.000171422958374,0,1,1,0,0,0,0,0,0,0,0,0,0,0,0,1,0,0,0,0,1,0,0,0,0,0
stock_841,4,0.9842105263157894,0.0146389007568359,0.0001935958862304,1,0,0,0,1,0,0,0,0,0,0,0,0,0,0,1,0,0,0,0,0,0,0,0,0,1
stock_841,4,0.9842105263157894,0.0175869464874267,0.0001807212829589,1,0,1,0,0,0,0,0,0,0,0,0,0,0,0,1,0,0,0,0,0,0,0,0,1,0
stock_841,4,0.9842105263157894,0.0142579078674316,0.0001771450042724,1,0,0,1,0,0,0,0,0,0,0,0,0,0,0,1,0,0,0,1,0,0,0,0,0,0
stock_841,4,0.9842105263157894,0.0144731998443603,0.0001783370971679,0,1,0,1,0,0,0,0,0,0,0,0,0,0,0,1,0,0,0,1,0,0,0,0,0,0
stock_841,4,0.9842105263157894,0.0143754482269287,0.0002038478851318,0,1,0,0,1,0,0,0,0,0,0,0,0,0,0,1,0,0,0,0,0,0,0,0,1,0
autoUniv-au7-1100_1552,3,0.4227272727272727,0.0567383766174316,0.0005285739898681,0,1,0,1,0,0,0,0,0,0,0,0,1,0,0,0,0,0,0,0,0,0,0,0,1,0
autoUniv-au7-1100_1552,3,0.4227272727272727,0.0558569431304931,0.0002872943878173,1,0,0,1,0,0,0,0,0,0,0,0,1,0,0,0,0,0,0,0,0,0,0,0,1,0
autoUniv-au7-1100_1552,3,0.4181818181818181,0.057485818862915,0.0002655982971191,0,1,0,1,0,0,0,0,0,0,0,0,1,0,0,0,0,0,0,0,0,0,0,0,0,1
autoUniv-au7-1100_1552,1,0.4181818181818181,0.0027556419372558,0.0001304149627685,0,1,0,0,1,0,0,0,0,0,1,0,0,0,0,0,0,0,0,0,0,0,0,0,0,1
autoUniv-au7-1100_1552,3,0.4181818181818181,0.0666818618774414,0.00030517578125,1,0,0,1,0,0,0,0,0,0,0,0,1,0,0,0,0,0,0,0,0,0,0,0,0,1
autoUniv-au7-1100_1552,1,0.4181818181818181,0.0025606155395507,0.0003550052642822,1,0,0,0,1,0,0,0,0,0,1,0,0,0,0,0,0,0,0,0,0,0,0,0,0,1
autoUniv-au7-1100_1552,3,0.4136363636363636,0.0831029415130615,0.0003325939178466,0,1,0,1,0,0,0,0,0,0,0,0,1,0,0,0,0,0,0,0,0,0,1,0,0,0
autoUniv-au7-1100_1552,3,0.4136363636363636,0.0731751918792724,0.000312328338623,1,0,0,1,0,0,0,0,0,0,0,0,1,0,0,0,0,0,0,0,0,0,1,0,0,0
autoUniv-au7-1100_1552,2,0.4136363636363636,0.1398172378540039,0.0002758502960205,1,0,0,1,0,0,0,0,0,0,0,0,0,0,1,0,0,0,0,0,0,0,0,1,0,0
autoUniv-au7-1100_1552,2,0.4136363636363636,0.0664763450622558,0.0002756118774414,0,1,0,1,0,0,0,0,0,0,0,0,1,0,0,0,0,0,0,1,0,0,0,0,0,0
autoUniv-au7-1100_1552,2,0.4136363636363636,0.075294017791748,0.0003068447113037,1,0,0,1,0,0,0,0,0,0,0,0,1,0,0,0,0,0,0,1,0,0,0,0,0,0
autoUniv-au7-1100_1552,2,0.4136363636363636,0.12872314453125,0.0003025531768798,0,1,0,1,0,0,0,0,0,0,0,0,0,0,1,0,0,0,0,0,0,0,0,1,0,0
autoUniv-au7-1100_1552,1,0.4090909090909091,0.0106849670410156,0.0001411437988281,0,1,0,1,0,0,0,0,0,0,0,1,0,0,0,0,0,0,0,0,1,0,0,0,0,0
autoUniv-au7-1100_1552,2,0.4090909090909091,0.0681536197662353,0.0002820491790771,1,0,0,0,1,0,0,0,0,0,0,0,1,0,0,0,0,0,0,1,0,0,0,0,0,0
autoUniv-au7-1100_1552,2,0.4090909090909091,0.0716738700866699,0.0003330707550048,0,1,0,0,1,0,0,0,0,0,0,0,1,0,0,0,0,0,0,1,0,0,0,0,0,0
autoUniv-au7-1100_1552,1,0.4090909090909091,0.0071315765380859,0.0001320838928222,1,0,0,1,0,0,0,0,0,0,0,1,0,0,0,0,0,0,0,0,1,0,0,0,0,0
autoUniv-au7-1100_1552,3,0.4045454545454545,0.0698499679565429,0.0004258155822753,1,0,0,1,0,0,0,0,0,0,0,0,1,0,0,0,0,0,0,1,0,0,0,0,0,0
autoUniv-au7-1100_1552,3,0.4045454545454545,0.0562548637390136,0.0003063678741455,0,1,0,1,0,0,0,0,0,0,0,0,1,0,0,0,0,0,0,1,0,0,0,0,0,0
autoUniv-au7-1100_1552,1,0.4,0.0596113204956054,0.0002877712249755,0,1,0,1,0,0,0,0,0,0,0,0,1,0,0,0,0,0,0,1,0,0,0,0,0,0
autoUniv-au7-1100_1552,1,0.4,0.0123755931854248,0.000133991241455,0,1,0,1,0,0,1,0,0,0,0,0,0,0,0,0,0,0,0,0,0,1,0,0,0,0
robot-failures-lp4_1519,3,1.0,0.0011827945709228,0.0001266002655029,0,1,0,1,0,0,0,0,0,0,0,0,0,0,0,0,0,1,0,1,0,0,0,0,0,0
robot-failures-lp4_1519,3,1.0,0.0009686946868896,0.0001077651977539,1,0,1,0,0,0,0,0,1,0,0,0,0,0,0,0,0,0,0,0,0,0,0,0,0,1
robot-failures-lp4_1519,3,1.0,0.0009338855743408,0.0001056194305419,0,1,0,1,0,0,0,0,1,0,0,0,0,0,0,0,0,0,0,0,0,0,0,0,0,1
robot-failures-lp4_1519,4,1.0,0.0226986408233642,0.0001358985900878,0,1,0,1,0,0,0,0,0,0,0,0,0,0,0,1,0,0,0,0,1,0,0,0,0,0
robot-failures-lp4_1519,4,1.0,0.0227060317993164,0.0001568794250488,0,1,0,1,0,0,0,0,0,0,0,0,0,0,0,1,0,0,0,0,0,0,0,0,0,1
robot-failures-lp4_1519,3,1.0,0.0042669773101806,0.0001378059387207,0,1,0,1,0,0,0,0,0,0,0,0,0,1,0,0,0,0,0,1,0,0,0,0,0,0
robot-failures-lp4_1519,3,1.0,0.0023305416107177,0.0001351833343505,1,0,1,0,0,0,0,0,0,0,0,0,1,0,0,0,0,0,0,1,0,0,0,0,0,0
robot-failures-lp4_1519,4,1.0,0.0228714942932128,0.0001370906829833,0,1,1,0,0,0,0,0,0,0,0,0,0,0,0,1,0,0,0,0,1,0,0,0,0,0
robot-failures-lp4_1519,4,1.0,0.0228362083435058,0.0001366138458251,1,0,0,0,1,0,0,0,0,0,0,0,0,0,0,1,0,0,0,0,0,0,0,0,0,1
robot-failures-lp4_1519,4,1.0,0.0232086181640625,0.0002169609069824,1,0,0,0,1,0,0,0,0,0,0,0,0,0,0,1,0,0,0,0,1,0,0,0,0,0
robot-failures-lp4_1519,3,1.0,0.001260757446289,0.000119924545288,1,0,0,0,1,0,0,0,0,0,0,0,0,0,0,0,0,1,0,0,0,0,0,0,0,1
robot-failures-lp4_1519,3,1.0,0.0009467601776123,0.0001053810119628,0,1,1,0,0,0,0,0,1,0,0,0,0,0,0,0,0,0,0,0,0,0,0,0,0,1
robot-failures-lp4_1519,3,1.0,0.0041749477386474,0.0001418590545654,0,1,0,0,1,0,0,0,0,1,0,0,0,0,0,0,0,0,0,1,0,0,0,0,0,0
robot-failures-lp4_1519,4,1.0,0.0227711200714111,0.0001401901245117,1,0,0,1,0,0,0,0,0,0,0,0,0,0,0,1,0,0,0,1,0,0,0,0,0,0
robot-failures-lp4_1519,3,1.0,0.0011548995971679,0.0001194477081298,1,0,1,0,0,0,0,0,0,0,0,0,0,0,0,0,0,1,0,1,0,0,0,0,0,0
robot-failures-lp4_1519,4,1.0,0.0230116844177246,0.0001957416534423,0,1,0,0,1,0,0,0,0,0,0,0,0,0,0,1,0,0,0,0,0,0,0,0,0,1
robot-failures-lp4_1519,3,1.0,0.0059430599212646,0.0001361370086669,0,1,1,0,0,0,0,0,0,1,0,0,0,0,0,0,0,0,0,1,0,0,0,0,0,0
robot-failures-lp4_1519,4,1.0,0.0230486392974853,0.0002014636993408,1,0,1,0,0,0,0,0,0,0,0,0,0,0,0,1,0,0,0,0,0,0,0,0,1,0
robot-failures-lp4_1519,3,1.0,0.0062179565429687,0.0001661777496337,0,1,0,0,1,0,0,0,0,0,0,0,0,1,0,0,0,0,0,1,0,0,0,0,0,0
robot-failures-lp4_1519,4,1.0,0.0227901935577392,0.0001337528228759,0,1,0,0,1,0,0,0,0,0,0,0,0,0,0,1,0,0,0,0,1,0,0,0,0,0
Sick_numeric_41946,1,0.9735099337748344,0.0667805671691894,0.0004026889801025,1,0,1,0,0,0,0,0,0,0,0,0,0,0,0,1,0,0,0,0,0,0,1,0,0,0
Sick_numeric_41946,1,0.9735099337748344,0.0928092002868652,0.000356912612915,0,1,0,1,0,0,0,0,0,0,0,0,0,0,0,1,0,0,0,0,0,0,1,0,0,0
Sick_numeric_41946,1,0.9735099337748344,0.0919795036315918,0.0003778934478759,0,1,1,0,0,0,0,0,0,0,0,0,0,0,0,1,0,0,0,0,0,0,1,0,0,0
Sick_numeric_41946,1,0.9735099337748344,0.090080976486206,0.0003821849822998,1,0,0,0,1,0,0,0,0,0,0,0,0,0,0,1,0,0,0,0,0,0,1,0,0,0
Sick_numeric_41946,1,0.9735099337748344,0.0706787109375,0.0004100799560546,0,1,0,0,1,0,0,0,0,0,0,0,0,0,0,1,0,0,0,0,0,0,1,0,0,0
Sick_numeric_41946,1,0.9735099337748344,0.0690081119537353,0.0004150867462158,1,0,0,1,0,0,0,0,0,0,0,0,0,0,0,1,0,0,0,0,0,0,1,0,0,0
Sick_numeric_41946,2,0.9721485411140584,0.0896205902099609,0.000342845916748,1,0,0,1,0,0,0,0,0,0,0,0,0,0,0,1,0,0,0,0,0,0,1,0,0,0
Sick_numeric_41946,2,0.9721485411140584,0.0883064270019531,0.0003809928894042,0,1,0,0,1,0,0,0,0,0,0,0,0,0,0,1,0,0,0,0,0,0,1,0,0,0
Sick_numeric_41946,2,0.9721485411140584,0.085749864578247,0.0003445148468017,1,0,0,0,1,0,0,0,0,0,0,0,0,0,0,1,0,0,0,0,0,0,1,0,0,0
Sick_numeric_41946,2,0.9721485411140584,0.0891828536987304,0.0006055831909179,0,1,1,0,0,0,0,0,0,0,0,0,0,0,0,1,0,0,0,0,0,0,1,0,0,0
Sick_numeric_41946,2,0.9721485411140584,0.093468427658081,0.0004129409790039,0,1,0,1,0,0,0,0,0,0,0,0,0,0,0,1,0,0,0,0,0,0,1,0,0,0
Sick_numeric_41946,2,0.9721485411140584,0.0698974132537841,0.0004816055297851,1,0,1,0,0,0,0,0,0,0,0,0,0,0,0,1,0,0,0,0,0,0,1,0,0,0
Sick_numeric_41946,0,0.9682119205298012,0.0548691749572753,0.0003619194030761,1,0,1,0,0,0,0,0,0,0,0,0,1,0,0,0,0,0,0,0,0,0,0,0,1,0
Sick_numeric_41946,0,0.9682119205298012,0.0586349964141845,0.0003492832183837,0,1,0,0,1,0,0,0,0,0,0,0,1,0,0,0,0,0,0,0,0,0,0,0,1,0
Sick_numeric_41946,0,0.9682119205298012,0.0387701988220214,0.0003676414489746,1,0,0,1,0,0,0,0,0,0,0,0,1,0,0,0,0,0,0,0,0,0,0,0,1,0
Sick_numeric_41946,0,0.9682119205298012,0.0618798732757568,0.0003402233123779,1,0,0,0,1,0,0,0,0,0,0,0,1,0,0,0,0,0,0,0,0,0,0,0,1,0
Sick_numeric_41946,0,0.9682119205298012,0.0482323169708251,0.0003468990325927,0,1,1,0,0,0,0,0,0,0,0,0,1,0,0,0,0,0,0,0,0,0,0,0,1,0
Sick_numeric_41946,0,0.9682119205298012,0.0404188632965087,0.0004081726074218,0,1,0,1,0,0,0,0,0,0,0,0,1,0,0,0,0,0,0,0,0,0,0,0,1,0
Sick_numeric_41946,1,0.9668874172185432,0.0433998107910156,0.000579833984375,1,0,0,0,1,0,0,0,0,0,0,0,0,0,1,0,0,0,0,0,0,0,0,0,1,0
Sick_numeric_41946,1,0.9668874172185432,0.0332782268524169,0.0005006790161132,1,0,0,1,0,0,0,0,0,0,0,0,0,0,1,0,0,0,0,0,0,0,0,0,1,0
steel-plates-fault_40982,4,0.7963917525773195,1.2079143524169922,0.0005011558532714,0,1,0,1,0,0,0,0,0,0,0,0,0,0,1,0,0,0,0,0,0,0,0,1,0,0
steel-plates-fault_40982,4,0.7963917525773195,0.9018442630767822,0.0004479885101318,1,0,0,1,0,0,0,0,0,0,0,0,0,0,1,0,0,0,0,0,0,0,0,1,0,0
steel-plates-fault_40982,4,0.7963917525773195,1.1393887996673584,0.0005216598510742,0,1,1,0,0,0,0,0,0,0,0,0,0,0,1,0,0,0,0,0,0,0,0,1,0,0
steel-plates-fault_40982,4,0.7963917525773195,1.168855905532837,0.0005111694335937,1,0,0,0,1,0,0,0,0,0,0,0,0,0,1,0,0,0,0,0,0,0,0,1,0,0
steel-plates-fault_40982,4,0.7963917525773195,1.163843870162964,0.0004355907440185,1,0,1,0,0,0,0,0,0,0,0,0,0,0,1,0,0,0,0,0,0,0,0,1,0,0
steel-plates-fault_40982,4,0.7963917525773195,1.01385235786438,0.0004844665527343,0,1,0,0,1,0,0,0,0,0,0,0,0,0,1,0,0,0,0,0,0,0,0,1,0,0
steel-plates-fault_40982,1,0.7809278350515464,1.113452434539795,0.0004689693450927,1,0,0,1,0,0,0,0,0,0,0,0,0,0,1,0,0,0,0,1,0,0,0,0,0,0
steel-plates-fault_40982,1,0.7809278350515464,1.2209312915802002,0.000483751296997,0,1,0,0,1,0,0,0,0,0,0,0,0,0,1,0,0,0,0,1,0,0,0,0,0,0
steel-plates-fault_40982,1,0.7809278350515464,1.008382797241211,0.0004792213439941,0,1,0,1,0,0,0,0,0,0,0,0,0,0,1,0,0,0,0,1,0,0,0,0,0,0
steel-plates-fault_40982,1,0.7809278350515464,1.1594254970550537,0.0004708766937255,1,0,0,0,1,0,0,0,0,0,0,0,0,0,1,0,0,0,0,1,0,0,0,0,0,0
steel-plates-fault_40982,1,0.7809278350515464,1.1074175834655762,0.0004568099975585,1,0,1,0,0,0,0,0,0,0,0,0,0,0,1,0,0,0,0,1,0,0,0,0,0,0
steel-plates-fault_40982,1,0.7809278350515464,1.1096274852752686,0.0004553794860839,0,1,1,0,0,0,0,0,0,0,0,0,0,0,1,0,0,0,0,1,0,0,0,0,0,0
steel-plates-fault_40982,4,0.7757731958762887,0.9900898933410645,0.0004887580871582,1,0,0,0,1,0,0,0,0,0,0,0,0,0,1,0,0,0,0,1,0,0,0,0,0,0
steel-plates-fault_40982,4,0.7757731958762887,3.648106575012207,0.000720739364624,0,1,0,1,0,0,0,0,0,0,0,0,0,0,1,0,0,0,0,1,0,0,0,0,0,0
steel-plates-fault_40982,4,0.7757731958762887,1.0590553283691406,0.0005590915679931,0,1,0,0,1,0,0,0,0,0,0,0,0,0,1,0,0,0,0,1,0,0,0,0,0,0
steel-plates-fault_40982,4,0.7757731958762887,0.9533262252807616,0.000483751296997,1,0,1,0,0,0,0,0,0,0,0,0,0,0,1,0,0,0,0,1,0,0,0,0,0,0
steel-plates-fault_40982,4,0.7757731958762887,0.9640545845031738,0.000464916229248,1,0,0,1,0,0,0,0,0,0,0,0,0,0,1,0,0,0,0,1,0,0,0,0,0,0
steel-plates-fault_40982,4,0.7757731958762887,0.8191876411437988,0.0004639625549316,0,1,1,0,0,0,0,0,0,0,0,0,0,0,1,0,0,0,0,1,0,0,0,0,0,0
steel-plates-fault_40982,4,0.7731958762886598,17.942867279052734,0.0004599094390869,0,1,1,0,0,0,0,0,0,0,0,0,0,0,1,0,0,0,0,0,0,0,0,0,1,0
steel-plates-fault_40982,4,0.7731958762886598,14.666060209274292,0.0004916191101074,1,0,0,1,0,0,0,0,0,0,0,0,0,0,1,0,0,0,0,0,0,0,0,0,1,0
analcatdata_supreme_728,0,0.9938347718865598,0.0037603378295898,0.0001790523529052,0,1,0,1,0,0,0,0,0,0,0,0,0,0,0,0,0,1,0,0,0,0,1,0,0,0
analcatdata_supreme_728,0,0.9938347718865598,0.0039598941802978,0.0001554489135742,0,1,0,1,0,0,0,0,0,0,0,0,0,0,0,0,0,1,0,0,0,0,0,0,0,1
analcatdata_supreme_728,0,0.9938347718865598,0.0041584968566894,0.0001301765441894,0,1,0,0,1,1,0,0,0,0,0,0,0,0,0,0,0,0,0,1,0,0,0,0,0,0
analcatdata_supreme_728,0,0.9938347718865598,0.0034399032592773,0.0001373291015625,0,1,0,1,0,1,0,0,0,0,0,0,0,0,0,0,0,0,0,0,0,0,0,1,0,0
analcatdata_supreme_728,0,0.9938347718865598,0.0042376518249511,0.0001397132873535,0,1,0,0,1,0,0,0,0,0,1,0,0,0,0,0,0,0,0,1,0,0,0,0,0,0
analcatdata_supreme_728,0,0.9938347718865598,0.004847764968872,0.00020432472229,1,0,1,0,0,0,0,0,0,0,1,0,0,0,0,0,0,0,0,0,0,0,0,1,0,0
analcatdata_supreme_728,0,0.9938347718865598,0.0035905838012695,0.0001647472381591,0,1,0,1,0,0,0,0,1,0,0,0,0,0,0,0,0,0,0,1,0,0,0,0,0,0
analcatdata_supreme_728,0,0.9938347718865598,0.0038492679595947,0.0001826286315917,0,1,0,0,1,0,0,0,0,0,0,0,0,0,0,0,0,1,0,0,0,0,0,0,1,0
analcatdata_supreme_728,0,0.9938347718865598,0.004061222076416,0.0001378059387207,1,0,0,0,1,0,0,0,1,0,0,0,0,0,0,0,0,0,0,0,0,0,0,0,0,1
analcatdata_supreme_728,0,0.9938347718865598,0.0034844875335693,0.0001394748687744,1,0,0,0,1,0,0,0,0,0,1,0,0,0,0,0,0,0,0,0,0,0,0,1,0,0
analcatdata_supreme_728,0,0.9938347718865598,0.0039758682250976,0.0001304149627685,1,0,0,0,1,1,0,0,0,0,0,0,0,0,0,0,0,0,0,0,0,0,0,0,0,1
analcatdata_supreme_728,0,0.9938347718865598,0.0042479038238525,0.0001511573791503,0,1,0,1,0,0,0,0,0,0,1,0,0,0,0,0,0,0,0,0,0,0,0,1,0,0
analcatdata_supreme_728,0,0.9938347718865598,0.0057551860809326,0.0001370906829833,1,0,1,0,0,1,0,0,0,0,0,0,0,0,0,0,0,0,0,0,0,0,0,1,0,0
analcatdata_supreme_728,0,0.9938347718865598,0.0033543109893798,0.0001325607299804,1,0,0,0,1,0,0,0,0,0,0,0,0,0,0,0,0,1,0,0,0,0,1,0,0,0
analcatdata_supreme_728,0,0.9938347718865598,0.0050890445709228,0.000148057937622,0,1,0,1,0,1,0,0,0,0,0,0,0,0,0,0,0,0,0,0,0,0,1,0,0,0
analcatdata_supreme_728,0,0.9938347718865598,0.0035877227783203,0.0002186298370361,0,1,0,1,0,0,0,0,0,0,1,0,0,0,0,0,0,0,0,0,0,0,1,0,0,0
analcatdata_supreme_728,0,0.9938347718865598,0.0032954216003417,0.0001540184020996,1,0,0,1,0,1,0,0,0,0,0,0,0,0,0,0,0,0,0,0,0,0,1,0,0,0
analcatdata_supreme_728,0,0.9938347718865598,0.0033519268035888,0.0001308917999267,0,1,0,1,0,0,0,0,0,0,1,0,0,0,0,0,0,0,0,0,0,0,0,0,0,1
analcatdata_supreme_728,0,0.9938347718865598,0.005023717880249,0.000152587890625,1,0,0,0,1,0,0,0,0,0,1,0,0,0,0,0,0,0,0,0,0,0,1,0,0,0
analcatdata_supreme_728,0,0.9938347718865598,0.0051276683807373,0.0001320838928222,1,0,0,1,0,0,0,0,0,0,1,0,0,0,0,0,0,0,0,0,0,0,1,0,0,0
analcatdata_broadwaymult_452,0,0.631578947368421,0.0029258728027343,0.0001804828643798,0,1,0,1,0,1,0,0,0,0,0,0,0,0,0,0,0,0,0,0,1,0,0,0,0,0
analcatdata_broadwaymult_452,0,0.631578947368421,0.0022823810577392,0.000115156173706,0,1,0,1,0,1,0,0,0,0,0,0,0,0,0,0,0,0,0,1,0,0,0,0,0,0
analcatdata_broadwaymult_452,0,0.631578947368421,0.0025796890258789,0.0001449584960937,0,1,0,1,0,1,0,0,0,0,0,0,0,0,0,0,0,0,0,0,0,0,0,0,1,0
analcatdata_broadwaymult_452,0,0.631578947368421,0.0022931098937988,0.0001170635223388,0,1,0,1,0,1,0,0,0,0,0,0,0,0,0,0,0,0,0,0,0,0,0,1,0,0
analcatdata_broadwaymult_452,0,0.6140350877192983,0.0194692611694335,0.0001745223999023,0,1,0,1,0,0,0,0,0,0,0,0,0,1,0,0,0,0,0,0,1,0,0,0,0,0
analcatdata_broadwaymult_452,0,0.6140350877192983,0.0026593208312988,0.0001266002655029,0,1,0,1,0,0,0,0,0,0,0,1,0,0,0,0,0,0,0,0,0,0,0,0,1,0
analcatdata_broadwaymult_452,0,0.6140350877192983,0.0197889804840087,0.0002377033233642,0,1,0,1,0,0,0,0,0,1,0,0,0,0,0,0,0,0,0,0,0,0,0,0,1,0
analcatdata_broadwaymult_452,0,0.6140350877192983,0.0045239925384521,0.0001213550567626,0,1,0,1,0,1,0,0,0,0,0,0,0,0,0,0,0,0,0,0,0,0,0,0,0,1
analcatdata_broadwaymult_452,0,0.6140350877192983,0.0140488147735595,0.0001585483551025,0,1,0,1,0,0,0,0,0,1,0,0,0,0,0,0,0,0,0,1,0,0,0,0,0,0
analcatdata_broadwaymult_452,0,0.6140350877192983,0.0231854915618896,0.0002655982971191,0,1,0,1,0,0,0,0,0,0,0,0,0,1,0,0,0,0,0,1,0,0,0,0,0,0
analcatdata_broadwaymult_452,0,0.6140350877192983,0.0153896808624267,0.0002505779266357,0,1,0,1,0,0,0,0,0,0,0,0,0,1,0,0,0,0,0,0,0,0,0,0,1,0
analcatdata_broadwaymult_452,0,0.6140350877192983,0.0022945404052734,0.0001220703125,0,1,0,1,0,0,0,0,0,0,0,1,0,0,0,0,0,0,0,0,0,0,0,1,0,0
analcatdata_broadwaymult_452,0,0.6140350877192983,0.0160396099090576,0.0001742839813232,0,1,0,1,0,0,0,0,0,0,0,0,0,1,0,0,0,0,0,0,0,0,0,1,0,0
analcatdata_broadwaymult_452,0,0.6140350877192983,0.0147194862365722,0.0002343654632568,0,1,0,1,0,0,0,0,0,1,0,0,0,0,0,0,0,0,0,0,0,0,0,1,0,0
analcatdata_broadwaymult_452,0,0.6140350877192983,0.0257856845855712,0.0002486705780029,0,1,0,1,0,0,0,0,0,1,0,0,0,0,0,0,0,0,0,0,1,0,0,0,0,0
analcatdata_broadwaymult_452,0,0.6140350877192983,0.0025370121002197,0.0001306533813476,0,1,0,1,0,0,0,0,0,0,0,1,0,0,0,0,0,0,0,1,0,0,0,0,0,0
analcatdata_broadwaymult_452,0,0.6140350877192983,0.0032105445861816,0.0004091262817382,0,1,0,1,0,0,0,0,0,0,0,1,0,0,0,0,0,0,0,0,1,0,0,0,0,0
analcatdata_broadwaymult_452,0,0.5964912280701754,0.0042762756347656,0.0001158714294433,0,1,0,1,0,1,0,0,0,0,0,0,0,0,0,0,0,0,0,0,0,0,1,0,0,0
analcatdata_broadwaymult_452,0,0.5614035087719298,0.0143136978149414,0.0006117820739746,0,1,0,1,0,0,0,0,0,0,0,0,0,0,1,0,0,0,0,0,0,0,0,1,0,0
analcatdata_broadwaymult_452,3,0.5614035087719298,0.0019865036010742,0.0001180171966552,0,1,0,1,0,1,0,0,0,0,0,0,0,0,0,0,0,0,0,0,0,0,0,1,0,0
students_scores_43097,1,0.925,0.0022690296173095,0.0001370906829833,0,1,0,0,1,0,0,0,0,1,0,0,0,0,0,0,0,0,0,0,0,0,1,0,0,0
students_scores_43097,1,0.925,0.0016331672668457,0.0001118183135986,0,1,0,0,1,0,0,0,0,0,0,1,0,0,0,0,0,0,0,0,0,0,1,0,0,0
students_scores_43097,1,0.925,0.0014588832855224,0.0001323223114013,0,1,0,0,1,0,1,0,0,0,0,0,0,0,0,0,0,0,0,0,0,0,1,0,0,0
students_scores_43097,1,0.925,0.0019857883453369,0.0001404285430908,0,1,0,0,1,0,0,0,0,0,0,0,0,1,0,0,0,0,0,0,0,0,1,0,0,0
students_scores_43097,1,0.925,0.0029733180999755,0.0004456043243408,0,1,0,0,1,0,0,0,0,1,0,0,0,0,0,0,0,0,0,0,0,0,0,0,1,0
students_scores_43097,1,0.925,0.0024611949920654,0.0001397132873535,0,1,0,0,1,0,0,0,0,1,0,0,0,0,0,0,0,0,0,0,1,0,0,0,0,0
students_scores_43097,1,0.925,0.0017023086547851,0.0001251697540283,0,1,0,0,1,0,0,0,0,0,0,0,0,1,0,0,0,0,0,0,0,0,0,0,0,1
students_scores_43097,1,0.925,0.0026216506958007,0.0001380443572998,0,1,0,0,1,0,0,0,0,1,0,0,0,0,0,0,0,0,0,0,0,0,0,0,0,1
students_scores_43097,1,0.925,0.0015668869018554,0.0001184940338134,0,1,0,0,1,0,1,0,0,0,0,0,0,0,0,0,0,0,0,1,0,0,0,0,0,0
students_scores_43097,1,0.925,0.0018815994262695,0.0001311302185058,0,1,0,0,1,0,0,0,0,0,0,0,0,1,0,0,0,0,0,0,0,0,0,0,1,0
students_scores_43097,1,0.925,0.0021040439605712,0.0001251697540283,0,1,0,0,1,0,0,0,0,0,0,1,0,0,0,0,0,0,0,0,0,0,0,0,1,0
students_scores_43097,1,0.925,0.0015528202056884,0.0001258850097656,0,1,0,0,1,0,1,0,0,0,0,0,0,0,0,0,0,0,0,0,0,0,0,0,1,0
students_scores_43097,1,0.925,0.0016543865203857,0.0001220703125,0,1,0,0,1,0,1,0,0,0,0,0,0,0,0,0,0,0,0,0,0,0,0,0,0,1
students_scores_43097,1,0.925,0.0037074089050292,0.0011227130889892,0,1,0,0,1,0,0,0,0,0,0,1,0,0,0,0,0,0,0,0,1,0,0,0,0,0
students_scores_43097,1,0.925,0.0019640922546386,0.0001699924468994,0,1,0,0,1,0,0,0,0,0,0,1,0,0,0,0,0,0,0,0,0,0,0,0,0,1
students_scores_43097,1,0.925,0.0015876293182373,0.0001399517059326,0,1,0,0,1,0,1,0,0,0,0,0,0,0,0,0,0,0,0,0,1,0,0,0,0,0
students_scores_43097,1,0.925,0.0022127628326416,0.0001273155212402,0,1,0,0,1,0,0,0,0,0,0,0,0,1,0,0,0,0,0,0,1,0,0,0,0,0
students_scores_43097,1,0.925,0.0016422271728515,0.0001246929168701,1,0,0,0,1,0,1,0,0,0,0,0,0,0,0,0,0,0,0,0,0,0,0,0,1,0
students_scores_43097,1,0.925,0.0024585723876953,0.0001463890075683,1,0,0,0,1,0,0,0,0,1,0,0,0,0,0,0,0,0,0,0,0,0,0,0,1,0
students_scores_43097,1,0.925,0.0020971298217773,0.0001413822174072,1,0,0,0,1,0,0,0,0,0,0,0,0,1,0,0,0,0,0,0,0,0,1,0,0,0
KungChi3_1441,4,1.0,0.0014069080352783,0.0001273155212402,1,0,1,0,0,0,0,0,0,0,0,0,1,0,0,0,0,0,0,0,1,0,0,0,0,0
KungChi3_1441,4,1.0,0.0010972023010253,0.0001358985900878,0,1,1,0,0,0,0,0,0,0,0,0,0,1,0,0,0,0,0,0,0,1,0,0,0,0
KungChi3_1441,4,1.0,0.0009989738464355,0.0001337528228759,0,1,0,1,0,0,0,0,0,0,0,0,0,0,0,0,0,0,1,0,0,0,0,0,0,1
KungChi3_1441,4,1.0,0.0009243488311767,0.0001068115234375,1,0,0,0,1,0,0,0,0,0,0,0,0,0,0,0,0,0,1,0,0,0,1,0,0,0
KungChi3_1441,4,1.0,0.0009667873382568,0.0001091957092285,1,0,1,0,0,0,0,0,1,0,0,0,0,0,0,0,0,0,0,0,1,0,0,0,0,0
KungChi3_1441,4,1.0,0.0009093284606933,0.0001070499420166,0,1,0,1,0,0,0,0,1,0,0,0,0,0,0,0,0,0,0,0,0,0,0,0,0,1
KungChi3_1441,4,1.0,0.0008995532989501,0.0001246929168701,1,0,0,0,1,0,0,0,1,0,0,0,0,0,0,0,0,0,0,0,0,0,1,0,0,0
KungChi3_1441,4,1.0,0.0013790130615234,0.0001320838928222,0,1,0,0,1,0,0,0,0,0,0,1,0,0,0,0,0,0,0,0,0,0,0,1,0,0
KungChi3_1441,4,1.0,0.0010392665863037,0.0001142024993896,0,1,0,0,1,0,0,0,0,0,0,0,0,0,0,0,0,1,0,0,0,0,0,1,0,0
KungChi3_1441,4,1.0,0.0010371208190917,0.0001270771026611,0,1,0,0,1,0,0,0,1,0,0,0,0,0,0,0,0,0,0,0,0,0,0,1,0,0
KungChi3_1441,4,1.0,0.0010967254638671,0.000117540359497,0,1,0,0,1,1,0,0,0,0,0,0,0,0,0,0,0,0,0,0,0,0,0,1,0,0
KungChi3_1441,4,1.0,0.0009191036224365,0.0001065731048583,0,1,0,0,1,0,0,0,0,0,0,0,0,0,0,0,0,0,1,0,0,0,0,1,0,0
KungChi3_1441,4,1.0,0.000929832458496,0.0001096725463867,0,1,0,1,0,0,0,0,0,0,0,0,0,0,0,0,0,1,0,0,0,1,0,0,0,0
KungChi3_1441,4,1.0,0.0010251998901367,0.0001168251037597,1,0,0,1,0,1,0,0,0,0,0,0,0,0,0,0,0,0,0,0,0,0,0,1,0,0
KungChi3_1441,4,1.0,0.0010185241699218,0.0001204013824462,0,1,0,1,0,0,0,1,0,0,0,0,0,0,0,0,0,0,0,0,0,1,0,0,0,0
KungChi3_1441,4,1.0,0.0010137557983398,0.0001130104064941,0,1,0,1,0,1,0,0,0,0,0,0,0,0,0,0,0,0,0,0,0,1,0,0,0,0
KungChi3_1441,4,1.0,0.0010414123535156,0.0001134872436523,1,0,0,1,0,0,0,0,0,0,1,0,0,0,0,0,0,0,0,0,0,0,0,1,0,0
KungChi3_1441,4,1.0,0.0009183883666992,0.0001068115234375,0,1,0,1,0,0,0,0,1,0,0,0,0,0,0,0,0,0,0,0,0,1,0,0,0,0
KungChi3_1441,4,1.0,0.0010278224945068,0.0001146793365478,0,1,0,1,0,0,0,0,0,0,1,0,0,0,0,0,0,0,0,0,0,1,0,0,0,0
KungChi3_1441,4,1.0,0.000880479812622,0.0001051425933837,1,0,0,1,0,0,0,0,1,0,0,0,0,0,0,0,0,0,0,0,1,0,0,0,0,0
autoUniv-au7-700_1553,1,0.5142857142857142,0.0198266506195068,0.0003058910369873,1,0,0,0,1,0,0,0,0,0,0,0,0,0,1,0,0,0,0,0,0,0,0,0,1,0
autoUniv-au7-700_1553,1,0.5142857142857142,0.028191328048706,0.0001773834228515,1,0,0,0,1,0,0,0,0,0,0,0,0,0,1,0,0,0,0,0,0,0,0,0,0,1
autoUniv-au7-700_1553,1,0.5142857142857142,0.0192036628723144,0.0001535415649414,0,1,0,0,1,0,0,0,0,0,0,0,0,0,1,0,0,0,0,0,0,0,0,0,1,0
autoUniv-au7-700_1553,1,0.5142857142857142,0.0280654430389404,0.0001578330993652,0,1,0,0,1,0,0,0,0,0,0,0,0,0,1,0,0,0,0,0,0,0,0,0,0,1
autoUniv-au7-700_1553,0,0.4928571428571429,0.0047633647918701,0.000131607055664,1,0,0,1,0,0,1,0,0,0,0,0,0,0,0,0,0,0,0,0,0,0,0,0,0,1
autoUniv-au7-700_1553,0,0.4928571428571429,0.0074758529663085,0.0001287460327148,0,1,0,1,0,0,1,0,0,0,0,0,0,0,0,0,0,0,0,0,0,0,0,0,0,1
autoUniv-au7-700_1553,3,0.4857142857142857,0.0013768672943115,0.0001206398010253,1,0,0,0,1,0,0,0,0,0,0,0,0,0,0,0,0,1,0,0,0,0,0,0,0,1
autoUniv-au7-700_1553,1,0.4857142857142857,0.0218455791473388,0.0001726150512695,1,0,0,0,1,0,0,0,0,0,0,0,0,0,1,0,0,0,0,1,0,0,0,0,0,0
autoUniv-au7-700_1553,1,0.4857142857142857,0.0211405754089355,0.0002350807189941,1,0,0,0,1,0,0,0,0,0,0,0,0,0,1,0,0,0,0,0,0,0,0,1,0,0
autoUniv-au7-700_1553,3,0.4857142857142857,0.0015361309051513,0.0001208782196044,1,0,0,1,0,0,0,0,0,0,0,0,0,0,0,0,0,1,0,0,0,0,0,0,0,1
autoUniv-au7-700_1553,3,0.4857142857142857,0.0015366077423095,0.0001232624053955,0,1,0,0,1,0,0,0,0,0,0,0,0,0,0,0,0,1,0,0,0,0,0,0,1,0
autoUniv-au7-700_1553,3,0.4857142857142857,0.0013947486877441,0.0001220703125,0,1,0,1,0,0,0,0,0,0,0,0,0,0,0,0,0,1,0,0,0,0,0,0,0,1
autoUniv-au7-700_1553,3,0.4857142857142857,0.001530647277832,0.0001368522644042,0,1,0,0,1,0,0,0,0,0,0,0,0,0,0,0,0,1,0,0,0,0,0,0,0,1
autoUniv-au7-700_1553,2,0.4857142857142857,0.0649662017822265,0.0003135204315185,0,1,0,1,0,0,0,0,0,0,0,0,0,0,0,1,0,0,0,0,0,0,0,1,0,0
autoUniv-au7-700_1553,3,0.4857142857142857,0.0014646053314208,0.0001246929168701,0,1,0,1,0,0,0,0,0,0,0,0,0,0,0,0,0,1,0,0,0,0,0,0,1,0
autoUniv-au7-700_1553,1,0.4857142857142857,0.0218117237091064,0.0001678466796875,0,1,0,0,1,0,0,0,0,0,0,0,0,0,1,0,0,0,0,1,0,0,0,0,0,0
autoUniv-au7-700_1553,2,0.4857142857142857,0.0635678768157959,0.0002622604370117,1,0,0,1,0,0,0,0,0,0,0,0,0,0,0,1,0,0,0,0,0,0,0,1,0,0
autoUniv-au7-700_1553,2,0.4857142857142857,0.0328199863433837,0.000270128250122,1,0,0,0,1,0,0,0,0,0,0,0,0,0,0,1,0,0,0,0,0,0,0,1,0,0
autoUniv-au7-700_1553,3,0.4857142857142857,0.0014195442199707,0.0001237392425537,1,0,0,0,1,0,0,0,0,0,0,0,0,0,0,0,0,1,0,0,0,0,0,0,1,0
autoUniv-au7-700_1553,3,0.4857142857142857,0.0013923645019531,0.0001196861267089,1,0,0,1,0,0,0,0,0,0,0,0,0,0,0,0,0,1,0,0,0,0,0,0,1,0
pm10_750,0,0.67,0.0011980533599853,0.0001196861267089,0,1,0,0,1,1,0,0,0,0,0,0,0,0,0,0,0,0,0,0,0,0,0,1,0,0
pm10_750,2,0.67,0.0205240249633789,0.0001628398895263,1,0,0,0,1,0,0,0,0,0,0,0,0,0,0,1,0,0,0,0,0,0,1,0,0,0
pm10_750,2,0.67,0.0236456394195556,0.0001564025878906,0,1,0,0,1,0,0,0,0,0,0,0,0,0,0,1,0,0,0,0,0,0,1,0,0,0
pm10_750,2,0.67,0.0258779525756835,0.0002205371856689,1,0,1,0,0,0,0,0,0,0,0,0,0,0,0,1,0,0,0,0,0,0,1,0,0,0
pm10_750,0,0.67,0.001133918762207,0.0001122951507568,0,1,0,1,0,1,0,0,0,0,0,0,0,0,0,0,0,0,0,0,0,0,0,1,0,0
pm10_750,2,0.67,0.0255758762359619,0.0001494884490966,1,0,0,1,0,0,0,0,0,0,0,0,0,0,0,1,0,0,0,0,0,0,1,0,0,0
pm10_750,2,0.67,0.0193560123443603,0.0001752376556396,0,1,0,1,0,0,0,0,0,0,0,0,0,0,0,1,0,0,0,0,0,0,1,0,0,0
pm10_750,0,0.67,0.0012006759643554,0.0001177787780761,0,1,1,0,0,1,0,0,0,0,0,0,0,0,0,0,0,0,0,0,0,0,0,1,0,0
pm10_750,0,0.67,0.0014550685882568,0.0001418590545654,1,0,0,0,1,1,0,0,0,0,0,0,0,0,0,0,0,0,0,0,0,0,0,1,0,0
pm10_750,0,0.67,0.0011513233184814,0.0001091957092285,1,0,1,0,0,1,0,0,0,0,0,0,0,0,0,0,0,0,0,0,0,0,0,1,0,0
pm10_750,0,0.67,0.0011932849884033,0.0001189708709716,1,0,0,1,0,1,0,0,0,0,0,0,0,0,0,0,0,0,0,0,0,0,0,1,0,0
pm10_750,2,0.67,0.0243716239929199,0.0001704692840576,0,1,1,0,0,0,0,0,0,0,0,0,0,0,0,1,0,0,0,0,0,0,1,0,0,0
pm10_750,2,0.66,0.0289816856384277,0.0001623630523681,0,1,0,0,1,0,0,0,0,0,0,0,0,0,0,1,0,0,0,0,0,0,0,0,1,0
pm10_750,2,0.66,0.028433084487915,0.0001845359802246,1,0,0,0,1,0,0,0,0,0,0,0,0,0,0,1,0,0,0,0,0,0,0,0,1,0
pm10_750,2,0.66,0.0377266407012939,0.0002286434173583,0,1,0,0,1,0,0,0,0,0,0,0,0,0,0,1,0,0,0,1,0,0,0,0,0,0
pm10_750,2,0.66,0.0296099185943603,0.0002429485321044,0,1,0,1,0,0,0,0,0,0,0,0,0,0,0,1,0,0,0,1,0,0,0,0,0,0
pm10_750,2,0.66,0.0333940982818603,0.0001699924468994,1,0,0,0,1,0,0,0,0,0,0,0,0,0,0,1,0,0,0,0,0,0,0,0,0,1
pm10_750,2,0.66,0.0280799865722656,0.0001633167266845,0,1,0,0,1,0,0,0,0,0,0,0,0,0,0,1,0,0,0,0,0,0,0,0,0,1
pm10_750,2,0.66,0.03275728225708,0.0001883506774902,1,0,0,1,0,0,0,0,0,0,0,0,0,0,0,1,0,0,0,0,1,0,0,0,0,0
pm10_750,2,0.66,0.0283806324005126,0.0001935958862304,1,0,1,0,0,0,0,0,0,0,0,0,0,0,0,1,0,0,0,0,0,0,0,0,1,0
algerian_forest_fires_46279,3,1.0,0.0011265277862548,0.0001132488250732,0,1,0,1,0,0,0,0,0,0,0,0,0,0,0,0,0,1,0,1,0,0,0,0,0,0
algerian_forest_fires_46279,0,1.0,0.001612901687622,0.0001533031463623,1,0,0,1,0,0,0,0,0,0,0,1,0,0,0,0,0,0,0,0,0,0,1,0,0,0
algerian_forest_fires_46279,2,1.0,0.0016582012176513,0.0001909732818603,0,1,0,0,1,0,0,0,0,0,0,1,0,0,0,0,0,0,0,0,0,0,0,0,0,1
algerian_forest_fires_46279,0,1.0,0.0011863708496093,0.0001411437988281,1,0,0,1,0,0,1,0,0,0,0,0,0,0,0,0,0,0,0,0,0,0,1,0,0,0
algerian_forest_fires_46279,3,1.0,0.0011496543884277,0.0001158714294433,0,1,0,1,0,1,0,0,0,0,0,0,0,0,0,0,0,0,0,0,0,0,0,0,1,0
algerian_forest_fires_46279,4,1.0,0.0012409687042236,0.0001194477081298,0,1,0,1,0,0,1,0,0,0,0,0,0,0,0,0,0,0,0,1,0,0,0,0,0,0
algerian_forest_fires_46279,0,1.0,0.0018634796142578,0.0001318454742431,0,1,1,0,0,0,0,0,0,0,0,0,0,0,0,1,0,0,0,0,0,0,1,0,0,0
algerian_forest_fires_46279,0,1.0,0.0015039443969726,0.0001296997070312,0,1,0,0,1,0,0,0,0,0,0,1,0,0,0,0,0,0,0,0,0,0,1,0,0,0
algerian_forest_fires_46279,1,1.0,0.0020711421966552,0.0001373291015625,0,1,1,0,0,0,0,0,0,0,0,0,0,0,0,1,0,0,0,0,0,0,0,1,0,0
algerian_forest_fires_46279,2,1.0,0.00262451171875,0.0001368522644042,1,0,0,1,0,0,0,0,0,0,0,1,0,0,0,0,0,0,0,0,0,0,0,0,0,1
algerian_forest_fires_46279,0,1.0,0.00118088722229,0.0001168251037597,1,0,0,0,1,0,1,0,0,0,0,0,0,0,0,0,0,0,0,0,0,0,1,0,0,0
algerian_forest_fires_46279,3,1.0,0.001028299331665,0.0001094341278076,1,0,0,1,0,0,0,0,0,0,0,0,0,0,0,0,0,1,0,0,0,0,0,0,0,1
algerian_forest_fires_46279,2,1.0,0.001333475112915,0.0001215934753417,1,0,1,0,0,0,0,0,0,0,1,0,0,0,0,0,0,0,0,0,0,0,1,0,0,0
algerian_forest_fires_46279,3,1.0,0.0011696815490722,0.0001163482666015,0,1,0,0,1,1,0,0,0,0,0,0,0,0,0,0,0,0,0,0,0,0,1,0,0,0
algerian_forest_fires_46279,2,1.0,0.0011274814605712,0.000115156173706,1,0,0,0,1,0,1,0,0,0,0,0,0,0,0,0,0,0,0,0,0,0,1,0,0,0
algerian_forest_fires_46279,2,1.0,0.0012063980102539,0.000119924545288,0,1,0,1,0,0,1,0,0,0,0,0,0,0,0,0,0,0,0,0,0,0,1,0,0,0
algerian_forest_fires_46279,2,1.0,0.0019111633300781,0.000129222869873,0,1,0,0,1,0,0,0,0,0,0,0,0,0,0,1,0,0,0,0,0,0,1,0,0,0
algerian_forest_fires_46279,2,1.0,0.0012183189392089,0.0001161098480224,0,1,1,0,0,0,0,0,0,0,0,0,0,1,0,0,0,0,0,0,0,0,0,0,0,1
algerian_forest_fires_46279,1,1.0,0.002084732055664,0.0001459121704101,0,1,0,1,0,0,0,0,0,0,0,0,0,0,0,1,0,0,0,0,0,0,0,1,0,0
algerian_forest_fires_46279,2,1.0,0.0023131370544433,0.0001523494720458,0,1,1,0,0,0,0,0,0,0,0,0,0,0,0,1,0,0,0,0,0,1,0,0,0,0
fri_c3_500_50_937,1,0.78,0.003800630569458,0.0001747608184814,0,1,0,0,1,0,0,0,0,0,0,0,0,0,0,1,0,0,0,0,0,0,0,1,0,0
fri_c3_500_50_937,1,0.78,0.004288911819458,0.0001521110534667,1,0,1,0,0,0,0,0,0,0,0,0,0,0,0,1,0,0,0,0,0,0,0,1,0,0
fri_c3_500_50_937,1,0.78,0.0037369728088378,0.0001561641693115,0,1,0,1,0,0,0,0,0,0,0,0,0,0,0,1,0,0,0,0,0,0,0,1,0,0
fri_c3_500_50_937,1,0.78,0.0037751197814941,0.0001490116119384,1,0,0,1,0,0,0,0,0,0,0,0,0,0,0,1,0,0,0,0,0,0,0,1,0,0
fri_c3_500_50_937,1,0.78,0.0041446685791015,0.0002152919769287,0,1,1,0,0,0,0,0,0,0,0,0,0,0,0,1,0,0,0,0,0,0,0,1,0,0
fri_c3_500_50_937,1,0.78,0.0043399333953857,0.0001595020294189,1,0,0,0,1,0,0,0,0,0,0,0,0,0,0,1,0,0,0,0,0,0,0,1,0,0
fri_c3_500_50_937,1,0.72,0.0039739608764648,0.0001494884490966,1,0,1,0,0,0,0,0,0,0,0,0,0,0,0,1,0,0,0,0,1,0,0,0,0,0
fri_c3_500_50_937,1,0.72,0.0039601325988769,0.0001513957977294,1,0,0,0,1,0,0,0,0,0,0,0,0,0,0,1,0,0,0,0,1,0,0,0,0,0
fri_c3_500_50_937,1,0.72,0.0039324760437011,0.0001509189605712,0,1,1,0,0,0,0,0,0,0,0,0,0,0,0,1,0,0,0,0,0,0,0,0,1,0
fri_c3_500_50_937,1,0.72,0.0039560794830322,0.0001528263092041,0,1,1,0,0,0,0,0,0,0,0,0,0,0,0,1,0,0,0,0,1,0,0,0,0,0
fri_c3_500_50_937,1,0.72,0.0046620368957519,0.0002131462097167,1,0,0,1,0,0,0,0,0,0,0,0,0,0,0,1,0,0,0,1,0,0,0,0,0,0
fri_c3_500_50_937,1,0.72,0.0046854019165039,0.0001537799835205,1,0,1,0,0,0,0,0,0,0,0,0,0,0,0,1,0,0,0,0,0,0,0,0,1,0
fri_c3_500_50_937,1,0.72,0.0040662288665771,0.0001671314239501,0,1,0,0,1,0,0,0,0,0,0,0,0,0,0,1,0,0,0,1,0,0,0,0,0,0
fri_c3_500_50_937,1,0.72,0.0042612552642822,0.0001556873321533,0,1,1,0,0,0,0,0,0,0,0,0,0,0,0,1,0,0,0,1,0,0,0,0,0,0
fri_c3_500_50_937,1,0.72,0.003943920135498,0.0001516342163085,0,1,0,0,1,0,0,0,0,0,0,0,0,0,0,1,0,0,0,0,1,0,0,0,0,0
fri_c3_500_50_937,1,0.72,0.0039832592010498,0.0001482963562011,1,0,0,1,0,0,0,0,0,0,0,0,0,0,0,1,0,0,0,0,0,0,0,0,1,0
fri_c3_500_50_937,1,0.72,0.0047569274902343,0.0001709461212158,0,1,1,0,0,0,0,0,0,0,0,0,0,0,0,1,0,0,0,0,0,0,0,0,0,1
fri_c3_500_50_937,1,0.72,0.0040187835693359,0.0001516342163085,1,0,0,0,1,0,0,0,0,0,0,0,0,0,0,1,0,0,0,0,0,0,0,0,1,0
fri_c3_500_50_937,1,0.72,0.0039260387420654,0.0001492500305175,0,1,0,1,0,0,0,0,0,0,0,0,0,0,0,1,0,0,0,1,0,0,0,0,0,0
fri_c3_500_50_937,1,0.72,0.0041010379791259,0.0001623630523681,1,0,1,0,0,0,0,0,0,0,0,0,0,0,0,1,0,0,0,1,0,0,0,0,0,0
fri_c2_1000_50_866,3,0.81,0.0017452239990234,0.0001196861267089,0,1,0,0,1,0,0,0,1,0,0,0,0,0,0,0,0,0,0,0,0,0,0,1,0,0
fri_c2_1000_50_866,3,0.81,0.0015347003936767,0.0001196861267089,1,0,0,1,0,0,0,0,1,0,0,0,0,0,0,0,0,0,0,0,0,0,0,1,0,0
fri_c2_1000_50_866,3,0.81,0.0015192031860351,0.0001161098480224,0,1,0,1,0,0,0,0,1,0,0,0,0,0,0,0,0,0,0,0,0,0,0,1,0,0
fri_c2_1000_50_866,3,0.81,0.0014183521270751,0.0001873970031738,0,1,0,0,1,0,0,0,1,0,0,0,0,0,0,0,0,0,0,0,0,1,0,0,0,0
fri_c2_1000_50_866,3,0.81,0.0016617774963378,0.0001566410064697,1,0,1,0,0,0,0,0,1,0,0,0,0,0,0,0,0,0,0,0,0,0,0,1,0,0
fri_c2_1000_50_866,3,0.81,0.0015668869018554,0.0001142024993896,1,0,0,0,1,0,0,0,1,0,0,0,0,0,0,0,0,0,0,0,0,1,0,0,0,0
fri_c2_1000_50_866,3,0.81,0.0012729167938232,0.0001392364501953,1,0,0,0,1,0,0,0,1,0,0,0,0,0,0,0,0,0,0,0,0,0,0,1,0,0
fri_c2_1000_50_866,3,0.81,0.0013399124145507,0.0001137256622314,0,1,1,0,0,0,0,0,1,0,0,0,0,0,0,0,0,0,0,0,0,1,0,0,0,0
fri_c2_1000_50_866,3,0.81,0.0015375614166259,0.0001163482666015,1,0,0,1,0,0,0,0,1,0,0,0,0,0,0,0,0,0,0,0,0,1,0,0,0,0
fri_c2_1000_50_866,3,0.81,0.0013837814331054,0.0001196861267089,1,0,1,0,0,0,0,0,1,0,0,0,0,0,0,0,0,0,0,0,0,1,0,0,0,0
fri_c2_1000_50_866,3,0.81,0.0016736984252929,0.0001325607299804,0,1,1,0,0,0,0,0,1,0,0,0,0,0,0,0,0,0,0,0,0,0,0,1,0,0
fri_c2_1000_50_866,3,0.81,0.0016021728515625,0.0001838207244873,0,1,0,1,0,0,0,0,1,0,0,0,0,0,0,0,0,0,0,0,0,1,0,0,0,0
fri_c2_1000_50_866,3,0.805,0.0016589164733886,0.000119924545288,0,1,0,1,0,0,0,0,1,0,0,0,0,0,0,0,0,0,0,1,0,0,0,0,0,0
fri_c2_1000_50_866,3,0.805,0.0015816688537597,0.0001173019409179,1,0,0,0,1,0,0,0,1,0,0,0,0,0,0,0,0,0,0,1,0,0,0,0,0,0
fri_c2_1000_50_866,3,0.805,0.001551866531372,0.0001194477081298,1,0,0,1,0,0,0,0,1,0,0,0,0,0,0,0,0,0,0,1,0,0,0,0,0,0
fri_c2_1000_50_866,3,0.805,0.001399278640747,0.0001153945922851,0,1,0,1,0,0,0,0,1,0,0,0,0,0,0,0,0,0,0,0,1,0,0,0,0,0
fri_c2_1000_50_866,3,0.805,0.001333475112915,0.0001113414764404,1,0,1,0,0,0,0,0,1,0,0,0,0,0,0,0,0,0,0,0,0,0,1,0,0,0
fri_c2_1000_50_866,3,0.805,0.0014781951904296,0.0001146793365478,1,0,0,0,1,0,0,0,1,0,0,0,0,0,0,0,0,0,0,0,0,0,0,0,1,0
fri_c2_1000_50_866,3,0.805,0.0018157958984375,0.0001156330108642,0,1,0,0,1,0,0,0,1,0,0,0,0,0,0,0,0,0,0,0,1,0,0,0,0,0
fri_c2_1000_50_866,3,0.805,0.0013689994812011,0.0001146793365478,1,0,0,0,1,0,0,0,1,0,0,0,0,0,0,0,0,0,0,0,0,0,1,0,0,0
fruitfly_714,3,0.72,0.0012006759643554,0.0001394748687744,0,1,0,1,0,0,0,0,0,1,0,0,0,0,0,0,0,0,0,0,0,0,0,1,0,0
fruitfly_714,3,0.72,0.0009322166442871,0.0001118183135986,1,0,0,1,0,0,0,0,0,0,0,0,0,1,0,0,0,0,0,0,0,0,0,1,0,0
fruitfly_714,3,0.72,0.0009028911590576,0.000110387802124,0,1,1,0,0,0,0,0,0,0,0,0,0,1,0,0,0,0,0,0,0,0,0,1,0,0
fruitfly_714,3,0.72,0.0009570121765136,0.0001099109649658,0,1,1,0,0,1,0,0,0,0,0,0,0,0,0,0,0,0,0,0,1,0,0,0,0,0
fruitfly_714,3,0.72,0.0010724067687988,0.0001275539398193,0,1,1,0,0,0,0,0,0,0,0,1,0,0,0,0,0,0,0,0,0,0,0,1,0,0
fruitfly_714,0,0.72,0.0009405612945556,0.0001115798950195,1,0,0,1,0,0,0,1,0,0,0,0,0,0,0,0,0,0,0,0,0,0,0,0,1,0
fruitfly_714,0,0.72,0.000925064086914,0.000115156173706,1,0,1,0,0,0,0,1,0,0,0,0,0,0,0,0,0,0,0,0,0,0,0,0,1,0
fruitfly_714,3,0.72,0.0009958744049072,0.0001115798950195,1,0,0,1,0,1,0,0,0,0,0,0,0,0,0,0,0,0,0,0,1,0,0,0,0,0
fruitfly_714,4,0.72,0.0009653568267822,0.0001111030578613,0,1,0,0,1,0,0,0,0,0,0,0,0,0,1,0,0,0,0,0,0,0,0,1,0,0
fruitfly_714,3,0.72,0.0009074211120605,0.0001072883605957,1,0,1,0,0,0,0,0,0,0,0,0,0,1,0,0,0,0,0,0,0,0,0,1,0,0
fruitfly_714,0,0.72,0.0009596347808837,0.0001130104064941,1,0,0,0,1,0,0,1,0,0,0,0,0,0,0,0,0,0,0,0,0,0,0,0,1,0
fruitfly_714,3,0.72,0.0013377666473388,0.0001382827758789,1,0,1,0,0,0,0,0,0,0,0,1,0,0,0,0,0,0,0,0,0,0,0,1,0,0
fruitfly_714,3,0.72,0.0012202262878417,0.0001587867736816,0,1,0,0,1,0,0,0,0,1,0,0,0,0,0,0,0,0,0,0,0,0,0,1,0,0
fruitfly_714,3,0.72,0.0011391639709472,0.0001139640808105,0,1,0,0,1,0,0,0,0,0,0,0,0,1,0,0,0,0,0,0,0,0,0,1,0,0
fruitfly_714,3,0.72,0.001105785369873,0.0001246929168701,1,0,0,1,0,0,0,0,0,1,0,0,0,0,0,0,0,0,0,0,0,0,0,1,0,0
fruitfly_714,3,0.72,0.0019571781158447,0.0001330375671386,0,1,0,0,1,0,0,0,0,0,0,0,1,0,0,0,0,0,0,0,0,0,0,1,0,0
fruitfly_714,3,0.72,0.0009694099426269,0.0001108646392822,1,0,0,0,1,1,0,0,0,0,0,0,0,0,0,0,0,0,0,0,1,0,0,0,0,0
fruitfly_714,3,0.72,0.0019803047180175,0.0001327991485595,1,0,0,1,0,0,0,0,0,0,0,0,1,0,0,0,0,0,0,0,0,0,0,1,0,0
fruitfly_714,3,0.72,0.0016696453094482,0.0001406669616699,1,0,0,0,1,0,0,0,0,0,0,0,1,0,0,0,0,0,0,0,0,0,0,1,0,0
fruitfly_714,4,0.72,0.0010225772857666,0.000133991241455,1,0,0,0,1,0,0,0,0,0,0,0,0,0,1,0,0,0,0,0,0,0,0,1,0,0
analcatdata_draft_984,0,0.972972972972973,0.001105785369873,0.0001361370086669,0,1,1,0,0,0,0,0,0,0,0,0,0,0,0,0,0,1,0,0,1,0,0,0,0,0
analcatdata_draft_984,0,0.972972972972973,0.0013470649719238,0.0001220703125,0,1,1,0,0,0,0,0,0,0,0,0,0,0,0,0,0,0,1,0,1,0,0,0,0,0
analcatdata_draft_984,0,0.972972972972973,0.0025386810302734,0.0009486675262451,0,1,1,0,0,0,0,0,0,0,0,1,0,0,0,0,0,0,0,0,1,0,0,0,0,0
analcatdata_draft_984,0,0.972972972972973,0.0014340877532958,0.0001323223114013,0,1,0,0,1,0,0,0,0,1,0,0,0,0,0,0,0,0,0,0,0,0,0,1,0,0
analcatdata_draft_984,0,0.972972972972973,0.002481460571289,0.0001158714294433,0,1,1,0,0,0,0,0,0,0,0,0,0,0,1,0,0,0,0,0,1,0,0,0,0,0
analcatdata_draft_984,0,0.972972972972973,0.0011003017425537,0.0001142024993896,0,1,1,0,0,0,0,0,1,0,0,0,0,0,0,0,0,0,0,0,1,0,0,0,0,0
analcatdata_draft_984,0,0.972972972972973,0.0010874271392822,0.0001118183135986,0,1,1,0,0,0,0,0,0,0,0,0,0,1,0,0,0,0,0,0,1,0,0,0,0,0
analcatdata_draft_984,0,0.972972972972973,0.0011625289916992,0.0001189708709716,0,1,0,0,1,0,0,0,0,0,1,0,0,0,0,0,0,0,0,0,0,0,0,1,0,0
analcatdata_draft_984,0,0.972972972972973,0.0023026466369628,0.0001399517059326,0,1,1,0,0,0,0,0,0,0,0,0,1,0,0,0,0,0,0,0,1,0,0,0,0,0
analcatdata_draft_984,0,0.972972972972973,0.0011348724365234,0.0001158714294433,0,1,1,0,0,0,0,1,0,0,0,0,0,0,0,0,0,0,0,0,1,0,0,0,0,0
analcatdata_draft_984,0,0.972972972972973,0.0010716915130615,0.0001165866851806,0,1,1,0,0,0,1,0,0,0,0,0,0,0,0,0,0,0,0,0,1,0,0,0,0,0
analcatdata_draft_984,0,0.972972972972973,0.001117467880249,0.0001168251037597,0,1,0,0,1,1,0,0,0,0,0,0,0,0,0,0,0,0,0,0,0,0,0,1,0,0
analcatdata_draft_984,0,0.972972972972973,0.0010864734649658,0.0001182556152343,0,1,0,1,0,0,0,1,0,0,0,0,0,0,0,0,0,0,0,0,0,0,0,0,1,0
analcatdata_draft_984,0,0.972972972972973,0.0059015750885009,0.0001437664031982,0,1,0,1,0,0,0,0,0,0,0,0,1,0,0,0,0,0,0,0,0,0,0,0,1,0
analcatdata_draft_984,0,0.972972972972973,0.0014801025390625,0.0001657009124755,0,1,0,1,0,0,0,0,0,1,0,0,0,0,0,0,0,0,0,0,0,0,0,0,1,0
analcatdata_draft_984,0,0.972972972972973,0.0013551712036132,0.0001373291015625,0,1,0,1,0,0,0,0,0,0,0,1,0,0,0,0,0,0,0,0,0,1,0,0,0,0
analcatdata_draft_984,0,0.972972972972973,0.0012280941009521,0.0001239776611328,0,1,0,1,0,1,0,0,0,0,0,0,0,0,0,0,0,0,0,0,0,0,0,0,1,0
analcatdata_draft_984,0,0.972972972972973,0.001173973083496,0.0001294612884521,0,1,0,1,0,0,0,0,0,0,1,0,0,0,0,0,0,0,0,0,0,0,0,0,1,0
analcatdata_draft_984,0,0.972972972972973,0.0047767162322998,0.0001411437988281,0,1,0,1,0,0,0,0,0,0,0,0,1,0,0,0,0,0,0,1,0,0,0,0,0,0
analcatdata_draft_984,0,0.972972972972973,0.0056450366973876,0.0001490116119384,0,1,0,1,0,0,0,0,0,0,0,0,0,0,0,0,1,0,0,1,0,0,0,0,0,0
fri_c0_1000_50_904,3,0.87,0.0016472339630126,0.0001232624053955,0,1,0,1,0,0,0,0,0,0,1,0,0,0,0,0,0,0,0,0,0,0,0,0,1,0
fri_c0_1000_50_904,3,0.87,0.0017750263214111,0.0001204013824462,1,0,0,1,0,0,0,0,0,0,1,0,0,0,0,0,0,0,0,0,0,0,0,0,1,0
fri_c0_1000_50_904,3,0.87,0.0016357898712158,0.0001189708709716,1,0,0,0,1,0,0,0,0,0,1,0,0,0,0,0,0,0,0,0,0,0,0,0,1,0
fri_c0_1000_50_904,3,0.87,0.001676321029663,0.0001239776611328,0,1,1,0,0,0,0,0,0,0,1,0,0,0,0,0,0,0,0,0,0,0,0,0,1,0
fri_c0_1000_50_904,3,0.87,0.001777172088623,0.0001225471496582,1,0,1,0,0,0,0,0,0,0,1,0,0,0,0,0,0,0,0,0,0,0,0,0,1,0
fri_c0_1000_50_904,3,0.87,0.0015740394592285,0.0001189708709716,0,1,0,0,1,0,0,0,0,0,1,0,0,0,0,0,0,0,0,0,0,0,0,0,1,0
fri_c0_1000_50_904,3,0.86,0.0015254020690917,0.0001168251037597,1,0,0,1,0,0,0,0,0,0,1,0,0,0,0,0,0,0,0,1,0,0,0,0,0,0
fri_c0_1000_50_904,3,0.86,0.0015146732330322,0.0001161098480224,1,0,1,0,0,0,0,0,0,0,1,0,0,0,0,0,0,0,0,0,0,0,0,1,0,0
fri_c0_1000_50_904,3,0.86,0.0015976428985595,0.0001161098480224,0,1,0,0,1,0,0,0,0,0,1,0,0,0,0,0,0,0,0,1,0,0,0,0,0,0
fri_c0_1000_50_904,3,0.86,0.0019481182098388,0.0001225471496582,1,0,0,0,1,0,0,0,0,0,1,0,0,0,0,0,0,0,0,0,0,0,0,1,0,0
fri_c0_1000_50_904,3,0.86,0.0016679763793945,0.0001187324523925,1,0,0,0,1,0,0,0,0,0,1,0,0,0,0,0,0,0,0,1,0,0,0,0,0,0
fri_c0_1000_50_904,3,0.86,0.0017399787902832,0.0003561973571777,0,1,1,0,0,0,0,0,0,0,1,0,0,0,0,0,0,0,0,1,0,0,0,0,0,0
fri_c0_1000_50_904,3,0.86,0.0015783309936523,0.0001168251037597,0,1,0,0,1,0,0,0,0,0,1,0,0,0,0,0,0,0,0,0,0,0,0,1,0,0
fri_c0_1000_50_904,3,0.86,0.001622200012207,0.000119924545288,1,0,0,1,0,0,0,0,0,0,1,0,0,0,0,0,0,0,0,0,0,0,0,1,0,0
fri_c0_1000_50_904,3,0.86,0.001533031463623,0.0001189708709716,0,1,0,1,0,0,0,0,0,0,1,0,0,0,0,0,0,0,0,0,0,0,0,1,0,0
fri_c0_1000_50_904,3,0.86,0.0018310546875,0.0001323223114013,0,1,0,1,0,0,0,0,0,0,1,0,0,0,0,0,0,0,0,1,0,0,0,0,0,0
fri_c0_1000_50_904,3,0.86,0.0015687942504882,0.0001194477081298,1,0,1,0,0,0,0,0,0,0,1,0,0,0,0,0,0,0,0,1,0,0,0,0,0,0
fri_c0_1000_50_904,3,0.86,0.0016801357269287,0.0001180171966552,0,1,1,0,0,0,0,0,0,0,1,0,0,0,0,0,0,0,0,0,0,0,0,1,0,0
fri_c0_1000_50_904,3,0.855,0.0017216205596923,0.0001552104949951,0,1,1,0,0,0,0,0,0,0,1,0,0,0,0,0,0,0,0,0,0,0,0,0,0,1
fri_c0_1000_50_904,3,0.855,0.001814842224121,0.0001516342163085,0,1,0,1,0,0,0,0,0,0,1,0,0,0,0,0,0,0,0,0,0,0,0,0,0,1
breast-w_15,3,0.9928571428571428,0.0015869140625,0.0001173019409179,0,1,1,0,0,0,0,0,0,0,0,0,0,0,0,0,0,0,1,0,1,0,0,0,0,0
breast-w_15,3,0.9928571428571428,0.0015845298767089,0.000124454498291,0,1,0,0,1,0,0,1,0,0,0,0,0,0,0,0,0,0,0,0,0,0,0,0,0,1
breast-w_15,3,0.9928571428571428,0.0013351440429687,0.0001187324523925,0,1,0,0,1,0,0,0,0,0,0,0,0,0,0,0,0,0,1,0,0,0,0,0,0,1
breast-w_15,3,0.9928571428571428,0.0012784004211425,0.0001139640808105,0,1,0,0,1,0,0,0,0,0,0,0,0,0,0,0,0,0,1,0,0,0,0,0,1,0
breast-w_15,3,0.9928571428571428,0.0020978450775146,0.0001814365386962,0,1,1,0,0,0,0,1,0,0,0,0,0,0,0,0,0,0,0,0,0,0,0,0,0,1
breast-w_15,3,0.9928571428571428,0.0012626647949218,0.0001187324523925,0,1,0,1,0,0,0,0,0,0,0,0,0,0,0,0,0,0,1,0,0,0,0,0,0,1
breast-w_15,3,0.9928571428571428,0.0014071464538574,0.0001325607299804,0,1,0,1,0,0,0,1,0,0,0,0,0,0,0,0,0,0,0,0,0,0,0,0,0,1
breast-w_15,3,0.9928571428571428,0.0015032291412353,0.0001134872436523,0,1,0,1,0,0,0,0,0,0,0,0,0,0,0,0,0,0,1,0,1,0,0,0,0,0
breast-w_15,3,0.9928571428571428,0.0013337135314941,0.0001165866851806,0,1,0,1,0,0,0,0,0,0,0,0,0,0,0,0,0,0,1,0,0,0,0,0,1,0
breast-w_15,3,0.9928571428571428,0.0013239383697509,0.000112771987915,0,1,1,0,0,0,0,0,0,0,0,0,0,0,0,0,0,0,1,0,0,0,0,0,0,1
breast-w_15,3,0.9928571428571428,0.001288890838623,0.0001158714294433,0,1,1,0,0,0,0,0,0,0,0,0,0,0,0,0,0,0,1,0,0,0,0,0,1,0
breast-w_15,3,0.9928571428571428,0.0014023780822753,0.0001149177551269,0,1,0,0,1,0,0,0,0,0,0,0,0,0,0,0,0,0,1,0,1,0,0,0,0,0
breast-w_15,3,0.9857142857142858,0.0044560432434082,0.0001628398895263,0,1,0,1,0,0,0,0,0,0,0,0,1,0,0,0,0,0,0,0,0,0,0,0,0,1
breast-w_15,0,0.9857142857142858,0.0013303756713867,0.0001163482666015,0,1,0,0,1,0,0,1,0,0,0,0,0,0,0,0,0,0,0,0,0,0,0,1,0,0
breast-w_15,0,0.9857142857142858,0.0015063285827636,0.0001189708709716,0,1,1,0,0,0,0,1,0,0,0,0,0,0,0,0,0,0,0,0,0,0,0,1,0,0
breast-w_15,3,0.9857142857142858,0.0050075054168701,0.0001966953277587,0,1,0,0,1,0,0,0,0,0,0,0,1,0,0,0,0,0,0,0,0,0,0,0,0,1
breast-w_15,3,0.9857142857142858,0.0012996196746826,0.000140905380249,0,1,0,0,1,0,0,1,0,0,0,0,0,0,0,0,0,0,0,0,0,0,0,0,1,0
breast-w_15,3,0.9857142857142858,0.0039477348327636,0.0001537799835205,0,1,0,0,1,0,0,0,0,0,0,0,1,0,0,0,0,0,0,1,0,0,0,0,0,0
breast-w_15,3,0.9857142857142858,0.0043039321899414,0.000176191329956,0,1,1,0,0,0,0,0,0,0,0,0,1,0,0,0,0,0,0,0,0,0,0,0,0,1
breast-w_15,0,0.9857142857142858,0.0012955665588378,0.0001163482666015,0,1,0,0,1,0,0,0,0,0,0,0,0,0,0,0,0,0,1,0,0,0,1,0,0,0
chscase_census4_907,3,0.6375,0.0011272430419921,0.0001192092895507,0,1,1,0,0,0,0,1,0,0,0,0,0,0,0,0,0,0,0,0,0,1,0,0,0,0
chscase_census4_907,3,0.6375,0.0010957717895507,0.0001156330108642,1,0,0,0,1,0,0,1,0,0,0,0,0,0,0,0,0,0,0,0,0,1,0,0,0,0
chscase_census4_907,3,0.6375,0.0010814666748046,0.0001177787780761,0,1,0,1,0,0,0,1,0,0,0,0,0,0,0,0,0,0,0,0,0,1,0,0,0,0
chscase_census4_907,3,0.6375,0.0010521411895751,0.0001120567321777,1,0,1,0,0,0,0,1,0,0,0,0,0,0,0,0,0,0,0,0,0,1,0,0,0,0
chscase_census4_907,3,0.6375,0.0011348724365234,0.0001196861267089,1,0,0,1,0,0,0,1,0,0,0,0,0,0,0,0,0,0,0,0,0,1,0,0,0,0
chscase_census4_907,3,0.6375,0.001103401184082,0.0001220703125,0,1,0,0,1,0,0,1,0,0,0,0,0,0,0,0,0,0,0,0,0,1,0,0,0,0
chscase_census4_907,1,0.625,0.0048146247863769,0.0001471042633056,1,0,0,1,0,0,0,0,0,0,0,0,1,0,0,0,0,0,0,0,0,0,0,0,0,1
chscase_census4_907,1,0.625,0.0047223567962646,0.000145673751831,0,1,0,0,1,0,0,0,0,0,0,0,1,0,0,0,0,0,0,0,0,0,0,0,0,1
chscase_census4_907,1,0.625,0.0049457550048828,0.0001771450042724,1,0,0,0,1,0,0,0,0,0,0,0,1,0,0,0,0,0,0,0,0,0,0,0,0,1
chscase_census4_907,1,0.625,0.0047876834869384,0.0001521110534667,1,0,1,0,0,0,0,0,0,0,0,0,1,0,0,0,0,0,0,0,0,0,0,0,0,1
chscase_census4_907,1,0.625,0.0047228336334228,0.0001485347747802,0,1,0,1,0,0,0,0,0,0,0,0,1,0,0,0,0,0,0,0,0,0,0,0,0,1
chscase_census4_907,1,0.625,0.0046658515930175,0.0001454353332519,0,1,1,0,0,0,0,0,0,0,0,0,1,0,0,0,0,0,0,0,0,0,0,0,0,1
chscase_census4_907,3,0.6125,0.0011720657348632,0.0001182556152343,0,1,0,1,0,0,0,0,1,0,0,0,0,0,0,0,0,0,0,0,1,0,0,0,0,0
chscase_census4_907,3,0.6125,0.0012171268463134,0.0001170635223388,0,1,1,0,0,0,0,0,0,0,1,0,0,0,0,0,0,0,0,0,0,0,0,0,1,0
chscase_census4_907,3,0.6125,0.0010919570922851,0.0001144409179687,0,1,0,1,0,0,0,0,0,0,0,0,0,0,0,0,0,1,0,0,0,0,0,0,0,1
chscase_census4_907,3,0.6125,0.0010349750518798,0.0001106262207031,0,1,0,0,1,0,0,0,1,0,0,0,0,0,0,0,0,0,0,1,0,0,0,0,0,0
chscase_census4_907,3,0.6125,0.0010433197021484,0.0001106262207031,1,0,0,0,1,0,0,0,0,0,0,0,0,0,0,0,0,1,0,0,0,0,0,0,1,0
chscase_census4_907,3,0.6125,0.0010688304901123,0.0001142024993896,1,0,0,0,1,0,0,0,0,0,1,0,0,0,0,0,0,0,0,1,0,0,0,0,0,0
chscase_census4_907,3,0.6125,0.0011048316955566,0.0001161098480224,1,0,0,1,0,0,0,0,1,0,0,0,0,0,0,0,0,0,0,0,0,0,0,0,0,1
chscase_census4_907,4,0.6125,0.00205659866333,0.0002017021179199,0,1,0,1,0,0,0,0,0,0,0,0,0,0,0,0,0,0,1,0,1,0,0,0,0,0
autoUniv-au1-1000_1547,4,0.8,0.0113499164581298,0.0001671314239501,0,1,0,0,1,0,0,0,0,0,0,0,0,0,1,0,0,0,0,0,0,1,0,0,0,0
autoUniv-au1-1000_1547,4,0.8,0.0073287487030029,0.0001723766326904,1,0,0,1,0,0,0,0,0,0,0,0,0,0,1,0,0,0,0,0,0,1,0,0,0,0
autoUniv-au1-1000_1547,4,0.8,0.0072271823883056,0.0001623630523681,0,1,0,1,0,0,0,0,0,0,0,0,0,0,1,0,0,0,0,0,0,1,0,0,0,0
autoUniv-au1-1000_1547,4,0.8,0.0069556236267089,0.0001630783081054,0,1,1,0,0,0,0,0,0,0,0,0,0,0,1,0,0,0,0,0,0,1,0,0,0,0
autoUniv-au1-1000_1547,4,0.8,0.0074129104614257,0.0001835823059082,1,0,0,0,1,0,0,0,0,0,0,0,0,0,1,0,0,0,0,0,0,1,0,0,0,0
autoUniv-au1-1000_1547,4,0.8,0.011754035949707,0.0001873970031738,1,0,1,0,0,0,0,0,0,0,0,0,0,0,1,0,0,0,0,0,0,1,0,0,0,0
autoUniv-au1-1000_1547,4,0.785,0.0100760459899902,0.0001711845397949,1,0,1,0,0,0,0,0,0,0,0,0,1,0,0,0,0,0,0,0,0,0,0,1,0,0
autoUniv-au1-1000_1547,4,0.785,0.0122888088226318,0.0002322196960449,0,1,0,1,0,0,0,0,0,0,0,0,1,0,0,0,0,0,0,0,1,0,0,0,0,0
autoUniv-au1-1000_1547,4,0.785,0.0117688179016113,0.0001769065856933,0,1,1,0,0,0,0,0,0,0,0,0,1,0,0,0,0,0,0,1,0,0,0,0,0,0
autoUniv-au1-1000_1547,4,0.785,0.0093350410461425,0.0001807212829589,1,0,0,0,1,0,0,0,0,0,0,0,1,0,0,0,0,0,0,1,0,0,0,0,0,0
autoUniv-au1-1000_1547,4,0.785,0.009225845336914,0.0001776218414306,0,1,1,0,0,0,0,0,0,0,0,0,1,0,0,0,0,0,0,0,0,0,0,0,1,0
autoUniv-au1-1000_1547,4,0.785,0.010960578918457,0.0002541542053222,1,0,1,0,0,0,0,0,0,0,0,0,1,0,0,0,0,0,0,1,0,0,0,0,0,0
autoUniv-au1-1000_1547,4,0.785,0.0103304386138916,0.0001811981201171,1,0,0,0,1,0,0,0,0,0,0,0,1,0,0,0,0,0,0,0,0,0,0,0,1,0
autoUniv-au1-1000_1547,4,0.785,0.010740041732788,0.0001740455627441,0,1,0,1,0,0,0,0,0,0,0,0,1,0,0,0,0,0,0,0,0,0,0,0,1,0
autoUniv-au1-1000_1547,4,0.785,0.0098085403442382,0.0001795291900634,0,1,0,1,0,0,0,0,0,0,0,0,1,0,0,0,0,0,0,0,0,0,0,1,0,0
autoUniv-au1-1000_1547,4,0.785,0.0090053081512451,0.0002892017364501,0,1,1,0,0,0,0,0,0,0,0,0,1,0,0,0,0,0,0,0,0,0,0,1,0,0
autoUniv-au1-1000_1547,4,0.785,0.0126891136169433,0.0002117156982421,0,1,0,0,1,0,0,0,0,0,0,0,1,0,0,0,0,0,0,0,0,0,0,1,0,0
autoUniv-au1-1000_1547,4,0.785,0.0133805274963378,0.0003859996795654,1,0,1,0,0,0,0,0,0,0,0,0,1,0,0,0,0,0,0,0,1,0,0,0,0,0
autoUniv-au1-1000_1547,4,0.785,0.0115318298339843,0.0001931190490722,1,0,0,1,0,0,0,0,0,0,0,0,1,0,0,0,0,0,0,0,0,0,0,1,0,0
autoUniv-au1-1000_1547,4,0.785,0.0118405818939208,0.0001845359802246,1,0,0,1,0,0,0,0,0,0,0,0,1,0,0,0,0,0,0,1,0,0,0,0,0,0
blogger_1463,1,0.95,0.0027942657470703,0.0001204013824462,1,0,0,1,0,0,0,0,0,0,0,0,0,0,1,0,0,0,0,0,1,0,0,0,0,0
blogger_1463,3,0.95,0.0135557651519775,0.0001478195190429,0,1,0,1,0,0,0,0,0,0,0,0,0,0,0,1,0,0,0,1,0,0,0,0,0,0
blogger_1463,1,0.95,0.0052387714385986,0.0001978874206542,0,1,0,1,0,0,0,0,0,0,0,0,0,0,0,0,1,0,0,0,0,1,0,0,0,0
blogger_1463,3,0.95,0.0135674476623535,0.0001475811004638,0,1,0,1,0,0,0,0,0,0,0,0,0,0,0,1,0,0,0,0,0,1,0,0,0,0
blogger_1463,1,0.95,0.0137426853179931,0.0001695156097412,0,1,0,1,0,0,0,0,0,0,0,0,0,0,0,1,0,0,0,0,0,1,0,0,0,0
blogger_1463,3,0.95,0.0017752647399902,0.000136375427246,0,1,0,0,1,0,0,0,0,0,0,0,0,0,0,0,1,0,0,0,0,0,0,0,0,1
blogger_1463,3,0.95,0.0135142803192138,0.0001358985900878,0,1,0,1,0,0,0,0,0,0,0,0,0,0,0,1,0,0,0,0,0,0,1,0,0,0
blogger_1463,3,0.95,0.0015261173248291,0.0001242160797119,0,1,0,0,1,0,0,0,0,0,0,0,0,0,1,0,0,0,0,0,0,0,1,0,0,0
blogger_1463,3,0.95,0.0016484260559082,0.0001208782196044,0,1,0,0,1,0,0,0,0,0,0,0,0,0,0,0,1,0,0,0,0,0,1,0,0,0
blogger_1463,3,0.95,0.0016815662384033,0.0001282691955566,1,0,0,0,1,0,0,0,0,0,0,0,0,0,0,0,1,0,0,0,0,0,1,0,0,0
blogger_1463,3,0.95,0.0173695087432861,0.0001463890075683,0,1,0,1,0,0,0,0,0,0,0,0,0,0,0,1,0,0,0,0,1,0,0,0,0,0
blogger_1463,3,0.95,0.0137672424316406,0.0001702308654785,1,0,0,0,1,0,0,0,0,0,0,0,0,0,0,1,0,0,0,0,1,0,0,0,0,0
blogger_1463,1,0.95,0.0137262344360351,0.0001440048217773,0,1,0,1,0,0,0,0,0,0,0,0,0,0,0,1,0,0,0,1,0,0,0,0,0,0
blogger_1463,1,0.95,0.017284870147705,0.0001592636108398,1,0,0,1,0,0,0,0,0,0,0,0,0,0,0,1,0,0,0,1,0,0,0,0,0,0
blogger_1463,1,0.95,0.0037693977355957,0.0001437664031982,0,1,0,1,0,0,0,0,0,0,0,0,0,0,1,0,0,0,0,0,0,0,0,0,1,0
blogger_1463,1,0.95,0.0160233974456787,0.0002505779266357,1,0,0,1,0,0,0,0,0,0,0,0,0,0,1,0,0,0,0,0,0,0,0,0,0,1
blogger_1463,3,0.95,0.0134673118591308,0.0001411437988281,1,0,0,0,1,0,0,0,0,0,0,0,0,0,0,1,0,0,0,0,0,0,0,0,0,1
blogger_1463,3,0.95,0.0135333538055419,0.0001463890075683,0,1,0,0,1,0,0,0,0,0,0,0,0,0,0,1,0,0,0,0,0,0,0,0,0,1
blogger_1463,3,0.95,0.0017790794372558,0.0001306533813476,1,0,0,0,1,0,0,0,0,0,0,0,0,0,0,0,1,0,0,0,0,0,0,0,0,1
blogger_1463,3,0.95,0.0139005184173583,0.0002219676971435,1,0,0,1,0,0,0,0,0,0,0,0,0,0,0,1,0,0,0,0,0,0,0,0,0,1
analcatdata_reviewer_1008,2,0.75,0.0033624172210693,0.0001192092895507,0,1,0,1,0,0,0,0,0,0,0,0,0,0,0,0,1,0,0,0,0,1,0,0,0,0
analcatdata_reviewer_1008,2,0.75,0.0039689540863037,0.0002365112304687,1,0,0,1,0,0,0,0,0,0,0,0,0,0,0,0,1,0,0,0,0,1,0,0,0,0
analcatdata_reviewer_1008,2,0.7236842105263158,0.0011200904846191,0.0001130104064941,0,1,0,0,1,0,0,0,0,0,1,0,0,0,0,0,0,0,0,0,0,1,0,0,0,0
analcatdata_reviewer_1008,4,0.72,0.0040793418884277,0.00014328956604,1,0,0,1,0,0,0,0,0,0,0,0,0,0,0,0,1,0,0,0,0,1,0,0,0,0
analcatdata_reviewer_1008,4,0.72,0.0039334297180175,0.0001137256622314,0,1,0,1,0,0,0,0,0,0,0,0,0,0,0,0,1,0,0,0,0,1,0,0,0,0
analcatdata_reviewer_1008,2,0.7105263157894737,0.0035219192504882,0.0002074241638183,0,1,0,1,0,0,0,0,0,0,0,0,1,0,0,0,0,0,0,1,0,0,0,0,0,0
analcatdata_reviewer_1008,2,0.7105263157894737,0.0021216869354248,0.0001111030578613,0,1,0,1,0,0,1,0,0,0,0,0,0,0,0,0,0,0,0,0,0,0,0,0,1,0
analcatdata_reviewer_1008,2,0.7105263157894737,0.0036385059356689,0.0001382827758789,1,0,0,1,0,0,0,0,0,0,0,0,1,0,0,0,0,0,0,1,0,0,0,0,0,0
analcatdata_reviewer_1008,2,0.7105263157894737,0.0049772262573242,0.0002658367156982,0,1,0,1,0,0,0,0,0,0,0,0,1,0,0,0,0,0,0,0,1,0,0,0,0,0
analcatdata_reviewer_1008,2,0.7105263157894737,0.0035164356231689,0.0001370906829833,0,1,0,1,0,0,0,0,0,0,0,0,1,0,0,0,0,0,0,0,0,0,0,1,0,0
analcatdata_reviewer_1008,2,0.7105263157894737,0.0042383670806884,0.0001430511474609,0,1,0,1,0,0,0,0,0,0,0,0,1,0,0,0,0,0,0,0,0,0,0,0,1,0
analcatdata_reviewer_1008,2,0.7105263157894737,0.0020365715026855,0.000112771987915,1,0,0,1,0,0,1,0,0,0,0,0,0,0,0,0,0,0,0,0,0,0,0,0,1,0
analcatdata_reviewer_1008,2,0.7105263157894737,0.0042555332183837,0.0001900196075439,1,0,0,1,0,0,0,0,0,0,0,0,1,0,0,0,0,0,0,0,0,0,0,1,0,0
analcatdata_reviewer_1008,2,0.7105263157894737,0.0035147666931152,0.0001568794250488,1,0,0,1,0,0,0,0,0,0,0,0,1,0,0,0,0,0,0,0,0,0,0,0,1,0
analcatdata_reviewer_1008,2,0.7105263157894737,0.0035045146942138,0.000133991241455,1,0,0,1,0,0,0,0,0,0,0,0,1,0,0,0,0,0,0,0,1,0,0,0,0,0
analcatdata_reviewer_1008,4,0.7066666666666667,0.0046882629394531,0.0002102851867675,0,1,0,0,1,0,0,0,0,0,0,0,0,0,0,0,1,0,0,0,0,1,0,0,0,0
analcatdata_reviewer_1008,4,0.7066666666666667,0.0012052059173583,0.000115156173706,0,1,0,0,1,1,0,0,0,0,0,0,0,0,0,0,0,0,0,0,0,1,0,0,0,0
analcatdata_reviewer_1008,4,0.7066666666666667,0.0023622512817382,0.0001096725463867,0,1,0,1,0,0,1,0,0,0,0,0,0,0,0,0,0,0,0,0,0,1,0,0,0,0
analcatdata_reviewer_1008,4,0.7066666666666667,0.0031867027282714,0.0001287460327148,1,0,0,1,0,0,1,0,0,0,0,0,0,0,0,0,0,0,0,0,0,1,0,0,0,0
analcatdata_reviewer_1008,4,0.7066666666666667,0.0010457038879394,0.000110387802124,0,1,0,0,1,0,0,0,0,0,1,0,0,0,0,0,0,0,0,0,0,1,0,0,0,0
chscase_whale_939,2,1.0,0.0008909702301025,0.0001029968261718,0,1,1,0,0,0,0,0,1,0,0,0,0,0,0,0,0,0,0,0,1,0,0,0,0,0
chscase_whale_939,3,1.0,0.0012998580932617,0.0001349449157714,0,1,0,0,1,0,0,0,0,1,0,0,0,0,0,0,0,0,0,0,0,0,0,1,0,0
chscase_whale_939,1,1.0,0.0009355545043945,0.0001037120819091,0,1,1,0,0,0,0,0,1,0,0,0,0,0,0,0,0,0,0,0,1,0,0,0,0,0
chscase_whale_939,1,1.0,0.0022382736206054,0.0008091926574707,0,1,1,0,0,0,0,0,0,0,0,1,0,0,0,0,0,0,0,0,1,0,0,0,0,0
chscase_whale_939,3,1.0,0.0011923313140869,0.000126838684082,0,1,0,1,0,0,0,0,0,0,0,1,0,0,0,0,0,0,0,0,0,0,1,0,0,0
chscase_whale_939,3,1.0,0.0010290145874023,0.0001180171966552,0,1,0,1,0,1,0,0,0,0,0,0,0,0,0,0,0,0,0,0,0,1,0,0,0,0
chscase_whale_939,2,1.0,0.0009965896606445,0.0001082420349121,0,1,0,0,1,0,0,1,0,0,0,0,0,0,0,0,0,0,0,0,0,0,0,1,0,0
chscase_whale_939,3,1.0,0.0009634494781494,0.0001075267791748,0,1,0,0,1,0,0,1,0,0,0,0,0,0,0,0,0,0,0,0,0,0,0,1,0,0
chscase_whale_939,1,1.0,0.0009806156158447,0.0001041889190673,0,1,0,0,1,1,0,0,0,0,0,0,0,0,0,0,0,0,0,0,0,0,0,1,0,0
chscase_whale_939,2,1.0,0.0009422302246093,0.0001032352447509,0,1,0,0,1,1,0,0,0,0,0,0,0,0,0,0,0,0,0,0,0,0,0,1,0,0
chscase_whale_939,3,1.0,0.0009377002716064,0.000105857849121,0,1,0,0,1,1,0,0,0,0,0,0,0,0,0,0,0,0,0,0,0,0,0,1,0,0
chscase_whale_939,1,1.0,0.0011687278747558,0.000117540359497,0,1,0,1,0,0,0,0,0,0,0,0,0,1,0,0,0,0,0,0,0,0,1,0,0,0
chscase_whale_939,2,1.0,0.0012388229370117,0.0001218318939208,0,1,0,1,0,0,0,0,0,0,0,0,0,1,0,0,0,0,0,0,0,0,1,0,0,0
chscase_whale_939,3,1.0,0.0011055469512939,0.000117540359497,0,1,0,1,0,0,0,0,0,0,0,0,0,1,0,0,0,0,0,0,0,0,1,0,0,0
chscase_whale_939,1,1.0,0.001164436340332,0.0001204013824462,0,1,0,1,0,0,1,0,0,0,0,0,0,0,0,0,0,0,0,0,0,0,1,0,0,0
chscase_whale_939,1,1.0,0.0015897750854492,0.0001511573791503,0,1,0,1,0,0,0,0,0,0,0,1,0,0,0,0,0,0,0,0,0,0,1,0,0,0
chscase_whale_939,2,1.0,0.0013136863708496,0.0001294612884521,0,1,0,1,0,0,0,0,0,0,0,1,0,0,0,0,0,0,0,0,0,0,1,0,0,0
chscase_whale_939,2,1.0,0.0009045600891113,0.0001018047332763,0,1,0,1,0,0,0,0,0,0,0,0,0,0,0,0,0,1,0,0,0,0,1,0,0,0
chscase_whale_939,3,1.0,0.0009295940399169,0.0001041889190673,0,1,0,1,0,0,0,0,0,0,0,0,0,0,0,0,0,1,0,0,0,0,1,0,0,0
chscase_whale_939,1,1.0,0.0008859634399414,0.0001018047332763,0,1,0,1,0,0,0,0,1,0,0,0,0,0,0,0,0,0,0,0,0,0,1,0,0,0
Smartphone-Based_Recognition_of_Human_Activities_4153,1,1.0,0.0023674964904785,0.0001547336578369,0,1,0,0,1,0,0,0,0,0,1,0,0,0,0,0,0,0,0,0,0,0,0,1,0,0
Smartphone-Based_Recognition_of_Human_Activities_4153,3,1.0,0.0031681060791015,0.0001528263092041,0,1,0,0,1,0,0,0,0,0,1,0,0,0,0,0,0,0,0,0,0,0,0,1,0,0
Smartphone-Based_Recognition_of_Human_Activities_4153,0,1.0,0.8728907108306885,0.0003652572631835,1,0,1,0,0,0,0,0,0,0,0,0,0,0,1,0,0,0,0,0,1,0,0,0,0,0
Smartphone-Based_Recognition_of_Human_Activities_4153,1,1.0,0.0045032501220703,0.000173807144165,0,1,0,0,1,0,0,0,0,1,0,0,0,0,0,0,0,0,0,0,0,0,0,1,0,0
Smartphone-Based_Recognition_of_Human_Activities_4153,3,1.0,0.0076143741607666,0.0002014636993408,0,1,0,0,1,0,0,0,0,0,0,0,0,1,0,0,0,0,0,0,0,0,0,1,0,0
Smartphone-Based_Recognition_of_Human_Activities_4153,3,1.0,0.0045180320739746,0.0001735687255859,0,1,0,0,1,0,0,0,0,1,0,0,0,0,0,0,0,0,0,0,0,0,0,1,0,0
Smartphone-Based_Recognition_of_Human_Activities_4153,1,1.0,0.0048434734344482,0.000267744064331,0,1,0,0,1,0,0,0,0,0,0,0,0,1,0,0,0,0,0,0,0,0,0,1,0,0
Smartphone-Based_Recognition_of_Human_Activities_4153,1,1.0,0.0053434371948242,0.0001842975616455,0,1,0,0,1,0,0,0,0,0,0,1,0,0,0,0,0,0,0,0,0,0,0,1,0,0
Smartphone-Based_Recognition_of_Human_Activities_4153,0,1.0,0.0061755180358886,0.0001697540283203,0,1,0,1,0,0,0,0,0,0,0,0,0,0,0,1,0,0,0,0,0,0,0,0,1,0
Smartphone-Based_Recognition_of_Human_Activities_4153,1,1.0,0.0107302665710449,0.0002031326293945,1,0,0,1,0,0,0,0,0,1,0,0,0,0,0,0,0,0,0,0,0,0,0,0,0,1
Smartphone-Based_Recognition_of_Human_Activities_4153,3,1.0,0.0073363780975341,0.0001766681671142,1,0,0,1,0,0,0,0,0,0,0,0,0,1,0,0,0,0,0,0,0,0,0,0,0,1
Smartphone-Based_Recognition_of_Human_Activities_4153,1,1.0,0.5380909442901611,0.0004189014434814,1,0,0,1,0,0,0,0,0,0,0,0,0,0,1,0,0,0,0,1,0,0,0,0,0,0
Smartphone-Based_Recognition_of_Human_Activities_4153,3,1.0,0.0024263858795166,0.0001766681671142,1,0,0,1,0,1,0,0,0,0,0,0,0,0,0,0,0,0,0,1,0,0,0,0,0,0
Smartphone-Based_Recognition_of_Human_Activities_4153,0,1.0,0.0074639320373535,0.0002598762512207,1,0,0,1,0,0,0,0,0,0,0,0,0,0,0,1,0,0,0,1,0,0,0,0,0,0
Smartphone-Based_Recognition_of_Human_Activities_4153,0,1.0,0.0059568881988525,0.0001740455627441,1,0,0,1,0,0,0,0,0,0,0,0,0,0,0,1,0,0,0,0,0,0,0,0,0,1
Smartphone-Based_Recognition_of_Human_Activities_4153,4,1.0,0.0164477825164794,0.0001776218414306,0,1,0,1,0,0,0,0,0,0,0,0,0,0,0,1,0,0,0,0,0,1,0,0,0,0
Smartphone-Based_Recognition_of_Human_Activities_4153,3,1.0,0.0023577213287353,0.0001749992370605,1,0,0,1,0,1,0,0,0,0,0,0,0,0,0,0,0,0,0,0,0,0,0,0,0,1
Smartphone-Based_Recognition_of_Human_Activities_4153,1,1.0,0.0076148509979248,0.0004360675811767,1,0,0,1,0,0,0,0,0,0,0,0,0,1,0,0,0,0,0,0,0,0,0,0,0,1
Smartphone-Based_Recognition_of_Human_Activities_4153,1,1.0,0.0087411403656005,0.0001740455627441,0,1,0,1,0,0,0,0,0,0,0,1,0,0,0,0,0,0,0,0,0,0,0,0,1,0
Smartphone-Based_Recognition_of_Human_Activities_4153,3,1.0,0.0025892257690429,0.0001516342163085,1,0,0,1,0,0,0,0,0,0,1,0,0,0,0,0,0,0,0,0,0,0,0,0,0,1
bodyfat_778,3,1.0,0.0013389587402343,0.0001266002655029,1,0,1,0,0,0,1,0,0,0,0,0,0,0,0,0,0,0,0,0,1,0,0,0,0,0
bodyfat_778,1,1.0,0.0009827613830566,0.0001149177551269,0,1,0,0,1,0,0,0,0,0,1,0,0,0,0,0,0,0,0,0,0,0,0,1,0,0
bodyfat_778,1,1.0,0.0010108947753906,0.0001130104064941,0,1,0,0,1,0,0,0,1,0,0,0,0,0,0,0,0,0,0,0,0,0,0,1,0,0
bodyfat_778,0,1.0,0.0010175704956054,0.0001132488250732,0,1,0,0,1,0,0,0,1,0,0,0,0,0,0,0,0,0,0,0,0,0,0,1,0,0
bodyfat_778,3,1.0,0.0012300014495849,0.0001592636108398,0,1,0,0,1,0,0,0,0,0,0,0,0,0,0,0,0,1,0,0,0,0,0,1,0,0
bodyfat_778,2,1.0,0.001084566116333,0.0001180171966552,0,1,0,0,1,0,0,0,0,0,0,0,0,0,0,0,0,1,0,0,0,0,0,1,0,0
bodyfat_778,1,1.0,0.0015008449554443,0.0001406669616699,0,1,0,0,1,0,0,0,0,1,0,0,0,0,0,0,0,0,0,0,0,0,0,1,0,0
bodyfat_778,1,1.0,0.0010926723480224,0.0001223087310791,0,1,0,0,1,0,0,0,0,0,0,0,0,0,0,0,0,0,1,0,0,0,0,1,0,0
bodyfat_778,3,1.0,0.0012214183807373,0.0001454353332519,0,1,0,0,1,0,1,0,0,0,0,0,0,0,0,0,0,0,0,0,0,0,0,1,0,0
bodyfat_778,1,1.0,0.0015430450439453,0.0001389980316162,0,1,0,0,1,0,0,0,0,1,0,0,0,0,0,0,0,0,0,0,0,0,1,0,0,0
bodyfat_778,1,1.0,0.0012035369873046,0.0001411437988281,0,1,0,0,1,0,0,0,0,0,0,0,0,1,0,0,0,0,0,0,0,0,0,1,0,0
bodyfat_778,2,1.0,0.0010435581207275,0.0001099109649658,1,0,0,0,1,0,0,0,1,0,0,0,0,0,0,0,0,0,0,1,0,0,0,0,0,0
bodyfat_778,3,1.0,0.0009689331054687,0.0001101493835449,1,0,0,0,1,0,0,0,1,0,0,0,0,0,0,0,0,0,0,1,0,0,0,0,0,0
bodyfat_778,1,1.0,0.0020570755004882,0.0001325607299804,1,0,0,0,1,0,0,0,0,0,0,0,0,0,1,0,0,0,0,1,0,0,0,0,0,0
bodyfat_778,3,1.0,0.0027759075164794,0.0001220703125,1,0,0,0,1,0,0,0,0,0,0,0,0,0,1,0,0,0,0,1,0,0,0,0,0,0
bodyfat_778,2,1.0,0.0010828971862792,0.0001130104064941,1,0,0,0,1,0,0,0,0,0,0,0,0,0,0,0,0,1,0,1,0,0,0,0,0,0
bodyfat_778,3,1.0,0.0010652542114257,0.000112771987915,1,0,0,0,1,0,0,0,0,0,0,0,0,0,0,0,0,1,0,1,0,0,0,0,0,0
bodyfat_778,0,1.0,0.0010569095611572,0.0001118183135986,1,0,0,0,1,0,0,0,1,0,0,0,0,0,0,0,0,0,0,1,0,0,0,0,0,0
bodyfat_778,1,1.0,0.0010650157928466,0.000110387802124,1,0,0,0,1,0,0,0,1,0,0,0,0,0,0,0,0,0,0,1,0,0,0,0,0,0
bodyfat_778,1,1.0,0.0010759830474853,0.0001180171966552,1,0,0,0,1,0,0,0,1,0,0,0,0,0,0,0,0,0,0,0,0,0,0,0,1,0
socmob_934,4,0.9653679653679652,0.0145435333251953,0.0003182888031005,1,0,0,1,0,0,0,0,0,0,0,0,0,0,1,0,0,0,0,0,1,0,0,0,0,0
socmob_934,4,0.9653679653679652,0.0143182277679443,0.0003516674041748,0,1,0,1,0,0,0,0,0,0,0,0,0,0,1,0,0,0,0,0,1,0,0,0,0,0
socmob_934,3,0.9653679653679652,0.0139567852020263,0.0002219676971435,1,0,0,0,1,0,0,0,0,0,0,0,0,0,0,1,0,0,0,0,0,0,0,1,0,0
socmob_934,4,0.9653679653679652,0.0073127746582031,0.00020432472229,1,0,0,1,0,0,1,0,0,0,0,0,0,0,0,0,0,0,0,1,0,0,0,0,0,0
socmob_934,3,0.9653679653679652,0.0049505233764648,0.0001652240753173,0,1,0,1,0,0,0,0,0,0,1,0,0,0,0,0,0,0,0,0,0,0,0,1,0,0
socmob_934,2,0.9653679653679652,0.0042922496795654,0.0001859664916992,1,0,0,1,0,0,0,0,0,1,0,0,0,0,0,0,0,0,0,0,0,0,1,0,0,0
socmob_934,3,0.9653679653679652,0.0016205310821533,0.0001790523529052,1,0,0,1,0,0,0,0,0,0,1,0,0,0,0,0,0,0,0,0,0,0,0,1,0,0
socmob_934,4,0.9653679653679652,0.00553560256958,0.0001845359802246,0,1,0,1,0,0,1,0,0,0,0,0,0,0,0,0,0,0,0,1,0,0,0,0,0,0
socmob_934,3,0.9653679653679652,0.013901948928833,0.0002164840698242,0,1,0,0,1,0,0,0,0,0,0,0,0,0,0,1,0,0,0,0,0,0,0,1,0,0
socmob_934,2,0.9653679653679652,0.0062637329101562,0.0001990795135498,0,1,0,1,0,0,1,0,0,0,0,0,0,0,0,0,0,0,0,0,0,1,0,0,0,0
socmob_934,2,0.9653679653679652,0.004981517791748,0.0001654624938964,1,0,0,1,0,0,0,0,0,0,0,0,0,1,0,0,0,0,0,0,0,0,1,0,0,0
socmob_934,2,0.9653679653679652,0.0083284378051757,0.0001788139343261,1,0,0,1,0,0,1,0,0,0,0,0,0,0,0,0,0,0,0,0,0,1,0,0,0,0
socmob_934,2,0.9653679653679652,0.0045132637023925,0.0001640319824218,0,1,0,1,0,0,0,0,0,0,0,1,0,0,0,0,0,0,0,0,0,0,1,0,0,0
socmob_934,2,0.9653679653679652,0.0044949054718017,0.000152587890625,1,0,0,1,0,0,0,0,0,0,0,1,0,0,0,0,0,0,0,0,0,0,1,0,0,0
socmob_934,2,0.9653679653679652,0.0049450397491455,0.0001914501190185,0,1,0,1,0,0,0,0,0,1,0,0,0,0,0,0,0,0,0,0,0,0,1,0,0,0
socmob_934,2,0.9653679653679652,0.0196032524108886,0.0003433227539062,1,0,0,1,0,0,0,0,0,0,0,0,0,0,1,0,0,0,0,0,0,0,0,0,1,0
socmob_934,2,0.9653679653679652,0.0139360427856445,0.0003695487976074,0,1,0,1,0,0,0,0,0,0,0,0,0,0,1,0,0,0,0,0,0,0,0,0,1,0
socmob_934,2,0.9653679653679652,0.0055451393127441,0.0001635551452636,0,1,0,1,0,0,0,0,0,0,0,0,0,1,0,0,0,0,0,0,0,0,1,0,0,0
socmob_934,4,0.961038961038961,0.0070617198944091,0.0001826286315917,0,1,0,1,0,0,1,0,0,0,0,0,0,0,0,0,0,0,0,0,0,0,0,0,1,0
socmob_934,2,0.961038961038961,0.0062563419342041,0.0001723766326904,0,1,0,1,0,0,1,0,0,0,0,0,0,0,0,0,0,0,0,0,0,0,0,0,1,0
servo_747,1,1.0,0.0017917156219482,0.0001411437988281,0,1,0,0,1,0,0,0,0,0,0,0,1,0,0,0,0,0,0,0,0,0,0,1,0,0
servo_747,1,1.0,0.0011746883392333,0.0001273155212402,0,1,0,0,1,0,0,0,0,0,0,0,0,1,0,0,0,0,0,0,0,0,0,1,0,0
servo_747,1,1.0,0.0013790130615234,0.0001873970031738,1,0,0,1,0,0,0,0,0,1,0,0,0,0,0,0,0,0,0,0,1,0,0,0,0,0
servo_747,2,1.0,0.0011200904846191,0.0001232624053955,0,1,0,0,1,0,1,0,0,0,0,0,0,0,0,0,0,0,0,0,0,0,0,1,0,0
servo_747,1,1.0,0.0010333061218261,0.0001189708709716,0,1,0,0,1,0,1,0,0,0,0,0,0,0,0,0,0,0,0,0,0,0,0,1,0,0
servo_747,1,1.0,0.0010437965393066,0.0001242160797119,1,0,0,1,0,0,0,0,0,0,1,0,0,0,0,0,0,0,0,0,1,0,0,0,0,0
servo_747,1,1.0,0.0010914802551269,0.0001220703125,1,0,0,0,1,0,1,0,0,0,0,0,0,0,0,0,0,0,0,0,1,0,0,0,0,0
servo_747,2,1.0,0.0010826587677001,0.0001215934753417,1,0,0,0,1,0,1,0,0,0,0,0,0,0,0,0,0,0,0,0,1,0,0,0,0,0
servo_747,1,1.0,0.0010609626770019,0.0001206398010253,0,1,0,0,1,0,1,0,0,0,0,0,0,0,0,0,0,0,0,0,1,0,0,0,0,0
servo_747,1,1.0,0.0010726451873779,0.0001218318939208,0,1,0,0,1,0,0,0,0,0,0,0,0,1,0,0,0,0,0,0,0,0,0,0,0,1
servo_747,1,1.0,0.0010614395141601,0.0001218318939208,1,0,0,0,1,0,0,0,0,0,0,0,0,1,0,0,0,0,0,0,1,0,0,0,0,0
servo_747,3,1.0,0.0021471977233886,0.0009276866912841,1,0,0,0,1,0,0,0,0,0,0,1,0,0,0,0,0,0,0,0,1,0,0,0,0,0
servo_747,1,1.0,0.0014376640319824,0.0001482963562011,0,1,0,0,1,0,0,0,0,1,0,0,0,0,0,0,0,0,0,0,1,0,0,0,0,0
servo_747,1,1.0,0.0011889934539794,0.0001225471496582,1,0,0,1,0,0,1,0,0,0,0,0,0,0,0,0,0,0,0,0,0,0,0,1,0,0
servo_747,1,1.0,0.0025365352630615,0.0039024353027343,0,1,0,0,1,0,0,0,0,0,0,1,0,0,0,0,0,0,0,0,1,0,0,0,0,0
servo_747,1,1.0,0.0022990703582763,0.001021385192871,1,0,0,0,1,0,0,0,0,0,0,1,0,0,0,0,0,0,0,0,1,0,0,0,0,0
servo_747,1,1.0,0.0016098022460937,0.0001356601715087,1,0,0,0,1,0,0,0,0,0,0,0,1,0,0,0,0,0,0,0,0,0,0,1,0,0
servo_747,1,1.0,0.0019564628601074,0.0001397132873535,1,0,0,0,1,0,0,0,0,0,0,0,0,0,0,0,1,0,0,0,0,0,0,1,0,0
servo_747,2,1.0,0.001943826675415,0.00014328956604,1,0,0,0,1,0,0,0,0,0,0,0,0,0,0,0,1,0,0,0,0,0,0,1,0,0
servo_747,1,1.0,0.0011441707611083,0.0001289844512939,1,0,0,0,1,0,0,0,0,0,0,0,0,1,0,0,0,0,0,0,0,0,0,1,0,0
KnuggetChase3_1448,4,0.9210526315789472,0.0095376968383789,0.0010516643524169,1,0,1,0,0,0,0,0,0,0,0,1,0,0,0,0,0,0,0,0,1,0,0,0,0,0
KnuggetChase3_1448,4,0.9210526315789472,0.0011477470397949,0.0001602172851562,1,0,0,1,0,0,0,0,0,0,0,0,0,0,0,0,0,1,0,0,0,0,1,0,0,0
KnuggetChase3_1448,4,0.9210526315789472,0.001375675201416,0.0001657009124755,1,0,0,0,1,1,0,0,0,0,0,0,0,0,0,0,0,0,0,0,0,0,0,1,0,0
KnuggetChase3_1448,4,0.9210526315789472,0.0010044574737548,0.0001718997955322,1,0,0,0,1,0,0,0,0,0,0,0,0,0,0,0,0,1,0,0,0,0,0,1,0,0
KnuggetChase3_1448,4,0.9210526315789472,0.0037074089050292,0.0002326965332031,1,0,0,1,0,0,0,0,0,1,0,0,0,0,0,0,0,0,0,0,1,0,0,0,0,0
KnuggetChase3_1448,4,0.9210526315789472,0.0021061897277832,0.0001490116119384,0,1,0,1,0,1,0,0,0,0,0,0,0,0,0,0,0,0,0,0,0,0,1,0,0,0
KnuggetChase3_1448,4,0.9210526315789472,0.0032675266265869,0.0001692771911621,0,1,0,1,0,0,0,0,0,0,0,0,0,1,0,0,0,0,0,0,0,0,0,0,1,0
KnuggetChase3_1448,4,0.9210526315789472,0.0012426376342773,0.0001511573791503,1,0,0,1,0,1,0,0,0,0,0,0,0,0,0,0,0,0,0,0,0,0,0,1,0,0
KnuggetChase3_1448,4,0.9210526315789472,0.0029571056365966,0.0001840591430664,0,1,0,0,1,0,0,0,0,1,0,0,0,0,0,0,0,0,0,0,0,0,0,0,0,1
KnuggetChase3_1448,4,0.9210526315789472,0.0025053024291992,0.0001478195190429,1,0,1,0,0,0,0,0,0,0,0,0,0,1,0,0,0,0,0,0,0,0,0,0,1,0
KnuggetChase3_1448,4,0.9210526315789472,0.00761079788208,0.0008842945098876,1,0,0,1,0,0,0,0,0,0,0,1,0,0,0,0,0,0,0,0,1,0,0,0,0,0
KnuggetChase3_1448,4,0.9210526315789472,0.0035183429718017,0.0001766681671142,0,1,1,0,0,0,0,0,0,1,0,0,0,0,0,0,0,0,0,0,1,0,0,0,0,0
KnuggetChase3_1448,4,0.9210526315789472,0.0010266304016113,0.0001451969146728,0,1,1,0,0,0,0,0,0,0,0,0,0,0,0,0,0,1,0,0,0,0,0,1,0,0
KnuggetChase3_1448,4,0.9210526315789472,0.0010037422180175,0.00014328956604,0,1,0,1,0,0,0,0,0,0,0,0,0,0,0,0,0,1,0,0,0,0,1,0,0,0
KnuggetChase3_1448,4,0.9210526315789472,0.0075836181640625,0.0001499652862548,1,0,0,1,0,0,0,0,0,0,0,1,0,0,0,0,0,0,0,0,0,0,0,0,0,1
KnuggetChase3_1448,4,0.9210526315789472,0.0106911659240722,0.0009565353393554,0,1,1,0,0,0,0,0,0,0,0,1,0,0,0,0,0,0,0,0,1,0,0,0,0,0
KnuggetChase3_1448,4,0.9210526315789472,0.004366397857666,0.0019266605377197,0,1,0,0,1,0,0,0,0,1,0,0,0,0,0,0,0,0,0,0,0,0,0,0,1,0
KnuggetChase3_1448,4,0.9210526315789472,0.0010697841644287,0.0001468658447265,1,0,1,0,0,0,0,0,0,0,0,0,0,0,0,0,0,1,0,0,0,0,0,1,0,0
KnuggetChase3_1448,4,0.9210526315789472,0.0011119842529296,0.0001723766326904,0,1,0,1,0,0,0,0,0,0,0,0,0,0,0,0,0,1,0,0,0,0,0,1,0,0
KnuggetChase3_1448,4,0.9210526315789472,0.0022475719451904,0.0001566410064697,0,1,1,0,0,0,0,0,0,0,0,1,0,0,0,0,0,0,0,0,0,0,0,0,0,1
analcatdata_wildcat_748,3,0.90625,0.0023689270019531,0.0003125667572021,0,1,0,0,1,0,0,0,0,0,0,0,0,0,0,0,1,0,0,0,0,0,0,0,0,1
analcatdata_wildcat_748,3,0.90625,0.0027592182159423,0.0001134872436523,1,0,0,1,0,0,0,0,0,0,0,0,0,0,0,0,1,0,0,0,0,0,0,0,0,1
analcatdata_wildcat_748,3,0.90625,0.0027825832366943,0.0001211166381835,0,1,0,1,0,0,0,0,0,0,0,0,0,0,0,0,1,0,0,0,0,0,0,0,0,1
analcatdata_wildcat_748,3,0.90625,0.0023770332336425,0.0001347064971923,1,0,1,0,0,0,0,0,0,0,0,0,0,0,0,0,1,0,0,0,0,0,0,0,0,1
analcatdata_wildcat_748,3,0.90625,0.0020356178283691,0.0001213550567626,1,0,0,0,1,0,0,0,0,0,0,0,0,0,0,0,1,0,0,0,0,0,0,0,0,1
analcatdata_wildcat_748,3,0.90625,0.0022387504577636,0.0001399517059326,0,1,1,0,0,0,0,0,0,0,0,0,0,0,0,0,1,0,0,0,0,0,0,0,0,1
analcatdata_wildcat_748,0,0.8787878787878788,0.002277135848999,0.0001378059387207,1,0,1,0,0,0,0,0,0,0,0,0,1,0,0,0,0,0,0,0,0,0,1,0,0,0
analcatdata_wildcat_748,0,0.8787878787878788,0.0023055076599121,0.0001349449157714,1,0,0,0,1,0,0,0,0,0,0,0,1,0,0,0,0,0,0,0,0,0,1,0,0,0
analcatdata_wildcat_748,0,0.8787878787878788,0.0023033618927001,0.0001327991485595,0,1,1,0,0,0,0,0,0,0,0,0,1,0,0,0,0,0,0,0,0,0,1,0,0,0
analcatdata_wildcat_748,0,0.8787878787878788,0.002847671508789,0.0001335144042968,0,1,0,0,1,0,0,0,0,0,0,0,1,0,0,0,0,0,0,0,0,0,1,0,0,0
analcatdata_wildcat_748,0,0.8787878787878788,0.0022010803222656,0.0001530647277832,1,0,0,1,0,0,0,0,0,0,0,0,1,0,0,0,0,0,0,0,0,0,1,0,0,0
analcatdata_wildcat_748,0,0.8787878787878788,0.0023541450500488,0.0001370906829833,0,1,0,1,0,0,0,0,0,0,0,0,1,0,0,0,0,0,0,0,0,0,1,0,0,0
analcatdata_wildcat_748,3,0.875,0.0012238025665283,0.000157356262207,1,0,0,0,1,0,0,0,0,0,0,1,0,0,0,0,0,0,0,0,0,0,0,1,0,0
analcatdata_wildcat_748,3,0.875,0.0013408660888671,0.0001335144042968,1,0,0,1,0,0,0,0,0,1,0,0,0,0,0,0,0,0,0,0,0,0,0,0,0,1
analcatdata_wildcat_748,3,0.875,0.0010180473327636,0.0001153945922851,1,0,0,0,1,0,0,0,0,0,0,0,0,1,0,0,0,0,0,0,0,0,0,1,0,0
analcatdata_wildcat_748,4,0.875,0.0009093284606933,0.0001072883605957,1,0,0,0,1,0,0,0,0,0,0,0,0,0,0,0,0,0,1,0,0,0,0,1,0,0
analcatdata_wildcat_748,3,0.875,0.0013582706451416,0.0001094341278076,1,0,1,0,0,0,0,0,0,0,0,0,0,0,1,0,0,0,0,0,0,0,0,0,0,1
analcatdata_wildcat_748,4,0.875,0.0010561943054199,0.0001130104064941,1,0,0,1,0,0,1,0,0,0,0,0,0,0,0,0,0,0,0,0,0,1,0,0,0,0
analcatdata_wildcat_748,3,0.875,0.0010035037994384,0.0001106262207031,1,0,1,0,0,0,1,0,0,0,0,0,0,0,0,0,0,0,0,0,1,0,0,0,0,0
analcatdata_wildcat_748,3,0.875,0.001253604888916,0.0001246929168701,1,0,0,1,0,0,0,0,0,0,0,1,0,0,0,0,0,0,0,0,0,0,0,1,0,0
qualitative-bankruptcy_1495,0,1.0,0.0014467239379882,0.0001454353332519,0,1,0,0,1,0,0,0,0,0,0,0,0,0,1,0,0,0,0,0,0,0,0,1,0,0
qualitative-bankruptcy_1495,0,1.0,0.0028254985809326,0.00016450881958,0,1,0,0,1,0,0,0,0,0,0,0,1,0,0,0,0,0,0,0,0,0,0,1,0,0
qualitative-bankruptcy_1495,0,1.0,0.0019662380218505,0.0001211166381835,0,1,0,0,1,0,0,0,0,0,0,0,0,0,0,0,1,0,0,0,0,0,0,1,0,0
qualitative-bankruptcy_1495,1,1.0,0.0023422241210937,0.0001325607299804,0,1,0,0,1,0,0,0,0,0,0,0,0,0,0,0,1,0,0,0,0,0,0,1,0,0
qualitative-bankruptcy_1495,2,1.0,0.0020639896392822,0.0001273155212402,0,1,0,0,1,0,0,0,0,0,0,0,0,0,0,0,1,0,0,0,0,0,0,1,0,0
qualitative-bankruptcy_1495,3,1.0,0.00197434425354,0.0001356601715087,0,1,0,0,1,0,0,0,0,0,0,0,0,0,0,0,1,0,0,0,0,0,0,1,0,0
qualitative-bankruptcy_1495,0,1.0,0.0013713836669921,0.0001242160797119,1,0,0,1,0,0,0,0,0,0,0,0,0,0,1,0,0,0,0,0,0,0,0,1,0,0
qualitative-bankruptcy_1495,1,1.0,0.0013082027435302,0.000126838684082,1,0,0,1,0,0,0,0,0,0,0,0,0,0,1,0,0,0,0,0,0,0,0,1,0,0
qualitative-bankruptcy_1495,2,1.0,0.0012884140014648,0.0001230239868164,1,0,0,1,0,0,0,0,0,0,0,0,0,0,1,0,0,0,0,0,0,0,0,1,0,0
qualitative-bankruptcy_1495,4,1.0,0.0013666152954101,0.000150442123413,1,0,0,1,0,0,0,0,0,0,0,0,0,0,1,0,0,0,0,0,0,0,0,1,0,0
qualitative-bankruptcy_1495,2,1.0,0.0250689983367919,0.000154972076416,0,1,0,0,1,0,0,0,0,0,0,0,0,0,0,1,0,0,0,0,1,0,0,0,0,0
qualitative-bankruptcy_1495,3,1.0,0.0182499885559082,0.0001387596130371,0,1,0,0,1,0,0,0,0,0,0,0,0,0,0,1,0,0,0,0,1,0,0,0,0,0
qualitative-bankruptcy_1495,4,1.0,0.0177900791168212,0.0001416206359863,0,1,0,0,1,0,0,0,0,0,0,0,0,0,0,1,0,0,0,0,1,0,0,0,0,0
qualitative-bankruptcy_1495,0,1.0,0.0024340152740478,0.0001404285430908,0,1,0,0,1,0,0,0,0,0,0,0,1,0,0,0,0,0,0,0,1,0,0,0,0,0
qualitative-bankruptcy_1495,1,1.0,0.0024118423461914,0.0001492500305175,0,1,0,0,1,0,0,0,0,0,0,0,1,0,0,0,0,0,0,0,1,0,0,0,0,0
qualitative-bankruptcy_1495,2,1.0,0.0030646324157714,0.0002267360687255,0,1,0,0,1,0,0,0,0,0,0,0,1,0,0,0,0,0,0,0,1,0,0,0,0,0
qualitative-bankruptcy_1495,1,1.0,0.0201566219329834,0.0001564025878906,1,0,0,1,0,0,0,0,0,0,0,0,0,0,0,1,0,0,0,0,0,0,1,0,0,0
qualitative-bankruptcy_1495,2,1.0,0.0207693576812744,0.0001633167266845,1,0,0,1,0,0,0,0,0,0,0,0,0,0,0,1,0,0,0,0,0,0,1,0,0,0
qualitative-bankruptcy_1495,3,1.0,0.0255725383758544,0.0001635551452636,1,0,0,1,0,0,0,0,0,0,0,0,0,0,0,1,0,0,0,0,0,0,1,0,0,0
qualitative-bankruptcy_1495,4,1.0,0.0187876224517822,0.0001454353332519,1,0,0,1,0,0,0,0,0,0,0,0,0,0,0,1,0,0,0,0,0,0,1,0,0,0
wilt_40983,3,0.9917355371900828,0.042428970336914,0.0003232955932617,1,0,0,0,1,0,0,0,0,0,0,0,1,0,0,0,0,0,0,0,0,0,1,0,0,0
wilt_40983,3,0.9917355371900828,0.0297772884368896,0.0003697872161865,1,0,0,1,0,0,0,0,0,0,0,0,1,0,0,0,0,0,0,0,0,0,1,0,0,0
wilt_40983,3,0.9917355371900828,0.0421743392944335,0.0003888607025146,0,1,0,1,0,0,0,0,0,0,0,0,1,0,0,0,0,0,0,0,0,0,1,0,0,0
wilt_40983,3,0.9917355371900828,0.0375351905822753,0.0003354549407958,0,1,1,0,0,0,0,0,0,0,0,0,1,0,0,0,0,0,0,0,0,0,1,0,0,0
wilt_40983,3,0.9917355371900828,0.0275442600250244,0.0003714561462402,1,0,1,0,0,0,0,0,0,0,0,0,1,0,0,0,0,0,0,0,0,0,1,0,0,0
wilt_40983,3,0.9917355371900828,0.029996633529663,0.0004653930664062,0,1,0,0,1,0,0,0,0,0,0,0,1,0,0,0,0,0,0,0,0,0,1,0,0,0
wilt_40983,4,0.9917269906928644,0.0153634548187255,0.0001630783081054,1,0,1,0,0,0,0,0,0,0,0,0,0,0,1,0,0,0,0,0,0,0,0,0,0,1
wilt_40983,4,0.9917269906928644,0.0183856487274169,0.0002732276916503,1,0,1,0,0,0,0,0,0,0,0,0,0,0,1,0,0,0,0,0,1,0,0,0,0,0
wilt_40983,4,0.9917269906928644,0.014674425125122,0.0002179145812988,0,1,1,0,0,0,0,0,0,0,0,0,0,0,1,0,0,0,0,0,0,0,0,0,0,1
wilt_40983,4,0.9917269906928644,0.0184683799743652,0.0003213882446289,1,0,0,1,0,0,0,0,0,0,0,0,0,0,1,0,0,0,0,0,0,0,0,0,0,1
wilt_40983,4,0.9917269906928644,0.0103414058685302,0.000199556350708,1,0,0,0,1,0,0,0,0,0,0,0,0,0,1,0,0,0,0,0,0,0,0,0,0,1
wilt_40983,4,0.9917269906928644,0.0080270767211914,0.0001490116119384,0,1,1,0,0,0,0,0,0,0,0,0,0,0,1,0,0,0,0,0,0,0,1,0,0,0
wilt_40983,4,0.9917269906928644,0.0143065452575683,0.0001857280731201,0,1,0,0,1,0,0,0,0,0,0,0,0,0,1,0,0,0,0,0,0,0,0,0,0,1
wilt_40983,4,0.9917269906928644,0.0063996315002441,0.0001771450042724,1,0,0,1,0,0,0,0,0,0,0,0,0,0,1,0,0,0,0,0,0,0,1,0,0,0
wilt_40983,4,0.9917269906928644,0.0097146034240722,0.0001983642578125,0,1,0,0,1,0,0,0,0,0,0,0,0,0,1,0,0,0,0,0,0,0,1,0,0,0
wilt_40983,4,0.9917269906928644,0.0136187076568603,0.0001749992370605,1,0,0,1,0,0,0,0,0,0,0,0,0,0,1,0,0,0,0,0,1,0,0,0,0,0
wilt_40983,4,0.9917269906928644,0.0073828697204589,0.0002281665802001,0,1,0,1,0,0,0,0,0,0,0,0,0,0,1,0,0,0,0,0,0,0,1,0,0,0
wilt_40983,4,0.9917269906928644,0.0076010227203369,0.0001485347747802,1,0,1,0,0,0,0,0,0,0,0,0,0,0,1,0,0,0,0,0,0,0,1,0,0,0
wilt_40983,4,0.9917269906928644,0.0157697200775146,0.0002105236053466,0,1,0,0,1,0,0,0,0,0,0,0,0,0,1,0,0,0,0,0,1,0,0,0,0,0
wilt_40983,4,0.9917269906928644,0.0112040042877197,0.0001778602600097,0,1,0,1,0,0,0,0,0,0,0,0,0,0,1,0,0,0,0,0,0,0,0,0,0,1
boston_853,0,0.9607843137254902,0.0057785511016845,0.0001463890075683,1,0,0,1,0,0,0,0,0,0,0,0,1,0,0,0,0,0,0,0,0,0,1,0,0,0
boston_853,0,0.9607843137254902,0.005505084991455,0.0001556873321533,0,1,0,0,1,0,0,0,0,0,0,0,1,0,0,0,0,0,0,0,0,0,1,0,0,0
boston_853,0,0.9607843137254902,0.0071160793304443,0.0001788139343261,1,0,0,0,1,0,0,0,0,0,0,0,1,0,0,0,0,0,0,0,0,0,1,0,0,0
boston_853,0,0.9607843137254902,0.005411148071289,0.0001955032348632,0,1,1,0,0,0,0,0,0,0,0,0,1,0,0,0,0,0,0,0,0,0,1,0,0,0
boston_853,0,0.9607843137254902,0.0060818195343017,0.0002140998840332,1,0,1,0,0,0,0,0,0,0,0,0,1,0,0,0,0,0,0,0,0,0,1,0,0,0
boston_853,0,0.9607843137254902,0.0068447589874267,0.0002379417419433,0,1,0,1,0,0,0,0,0,0,0,0,1,0,0,0,0,0,0,0,0,0,1,0,0,0
boston_853,0,0.9509803921568628,0.0041866302490234,0.0001258850097656,1,0,0,1,0,0,0,0,0,0,0,0,0,0,1,0,0,0,0,0,0,0,0,1,0,0
boston_853,0,0.9509803921568628,0.0045540332794189,0.0001907348632812,1,0,1,0,0,0,0,0,0,0,0,0,1,0,0,0,0,0,0,0,0,0,0,0,0,1
boston_853,0,0.9509803921568628,0.0065610408782958,0.0001416206359863,0,1,1,0,0,0,0,0,0,0,0,0,0,0,1,0,0,0,0,0,0,0,0,1,0,0
boston_853,0,0.9509803921568628,0.0070657730102539,0.0002379417419433,1,0,0,0,1,0,0,0,0,0,0,0,1,0,0,0,0,0,0,0,0,0,0,0,0,1
boston_853,0,0.9509803921568628,0.0056180953979492,0.0001680850982666,0,1,0,0,1,0,0,0,0,0,0,0,1,0,0,0,0,0,0,0,0,0,0,0,0,1
boston_853,0,0.9509803921568628,0.0045745372772216,0.0001661777496337,1,0,1,0,0,0,0,0,0,0,0,0,0,0,1,0,0,0,0,0,0,0,0,1,0,0
boston_853,0,0.9509803921568628,0.0060176849365234,0.0002055168151855,0,1,0,1,0,0,0,0,0,0,0,0,1,0,0,0,0,0,0,0,0,0,0,0,0,1
boston_853,0,0.9509803921568628,0.0096790790557861,0.0001888275146484,0,1,1,0,0,0,0,0,0,0,0,0,1,0,0,0,0,0,0,0,0,0,0,0,0,1
boston_853,0,0.9509803921568628,0.0047564506530761,0.0001807212829589,0,1,0,0,1,0,0,0,0,0,0,0,0,0,1,0,0,0,0,0,0,0,0,1,0,0
boston_853,0,0.9509803921568628,0.0054912567138671,0.000230073928833,1,0,0,0,1,0,0,0,0,0,0,0,0,0,1,0,0,0,0,0,0,0,0,1,0,0
boston_853,0,0.9509803921568628,0.0064215660095214,0.0003087520599365,1,0,0,1,0,0,0,0,0,0,0,0,1,0,0,0,0,0,0,0,0,0,0,0,0,1
boston_853,0,0.9509803921568628,0.0055382251739501,0.0002703666687011,0,1,0,1,0,0,0,0,0,0,0,0,0,0,1,0,0,0,0,0,0,0,0,1,0,0
boston_853,0,0.9411764705882352,0.0039963722229003,0.0001633167266845,1,0,0,1,0,0,0,0,0,0,0,0,1,0,0,0,0,0,0,0,0,0,0,1,0,0
boston_853,0,0.9411764705882352,0.001415729522705,0.0002102851867675,1,0,0,1,0,0,1,0,0,0,0,0,0,0,0,0,0,0,0,0,0,0,0,1,0,0
seeds_1499,2,1.0,0.0034711360931396,0.0002293586730957,0,1,1,0,0,0,0,0,0,0,0,0,0,0,0,1,0,0,0,0,0,1,0,0,0,0
seeds_1499,2,1.0,0.0034964084625244,0.0001606941223144,1,0,0,0,1,0,0,0,0,0,0,0,0,0,0,1,0,0,0,0,0,1,0,0,0,0
seeds_1499,0,1.0,0.0009300708770751,0.0001094341278076,1,0,1,0,0,0,0,0,0,0,1,0,0,0,0,0,0,0,0,0,0,0,0,0,1,0
seeds_1499,4,1.0,0.001068115234375,0.0001142024993896,0,1,0,0,1,0,0,0,0,0,1,0,0,0,0,0,0,0,0,0,0,0,0,0,1,0
seeds_1499,0,1.0,0.0009329319000244,0.0001094341278076,1,0,0,1,0,0,0,0,0,0,1,0,0,0,0,0,0,0,0,0,0,0,0,0,0,1
seeds_1499,1,1.0,0.0012061595916748,0.0001163482666015,0,1,0,1,0,0,1,0,0,0,0,0,0,0,0,0,0,0,0,0,0,0,0,1,0,0
seeds_1499,0,1.0,0.0012426376342773,0.0001177787780761,0,1,1,0,0,0,0,0,0,0,1,0,0,0,0,0,0,0,0,0,0,0,0,0,0,1
seeds_1499,0,1.0,0.0009398460388183,0.000110387802124,0,1,0,1,0,0,0,0,0,0,1,0,0,0,0,0,0,0,0,0,0,0,0,0,1,0
seeds_1499,1,1.0,0.0011398792266845,0.0001122951507568,0,1,0,0,1,0,1,0,0,0,0,0,0,0,0,0,0,0,0,0,0,0,0,1,0,0
seeds_1499,4,1.0,0.0011084079742431,0.000112771987915,0,1,1,0,0,0,0,0,0,0,1,0,0,0,0,0,0,0,0,0,0,0,0,0,0,1
seeds_1499,2,1.0,0.0031824111938476,0.0001275539398193,1,0,0,1,0,0,0,0,0,0,0,0,0,0,0,1,0,0,0,0,0,1,0,0,0,0
seeds_1499,4,1.0,0.0010707378387451,0.0001122951507568,0,1,0,1,0,0,0,0,0,0,1,0,0,0,0,0,0,0,0,0,1,0,0,0,0,0
seeds_1499,0,1.0,0.0008978843688964,0.0001091957092285,0,1,0,0,1,0,0,0,0,0,1,0,0,0,0,0,0,0,0,0,0,0,0,0,1,0
seeds_1499,1,1.0,0.0011758804321289,0.0001149177551269,0,1,1,0,0,0,1,0,0,0,0,0,0,0,0,0,0,0,0,0,0,0,0,1,0,0
seeds_1499,0,1.0,0.00099778175354,0.0001108646392822,1,0,1,0,0,0,0,0,0,0,1,0,0,0,0,0,0,0,0,0,0,0,0,0,0,1
seeds_1499,4,1.0,0.0010678768157958,0.0001153945922851,1,0,0,0,1,0,0,0,0,0,1,0,0,0,0,0,0,0,0,0,0,0,0,0,1,0
seeds_1499,4,1.0,0.0009751319885253,0.0001084804534912,0,1,1,0,0,0,0,0,0,0,1,0,0,0,0,0,0,0,0,0,0,0,0,0,1,0
seeds_1499,2,1.0,0.0033679008483886,0.0001349449157714,0,1,0,1,0,0,0,0,0,0,0,0,0,0,0,1,0,0,0,0,0,1,0,0,0,0
seeds_1499,0,1.0,0.0009331703186035,0.0001072883605957,0,1,1,0,0,0,0,0,0,0,1,0,0,0,0,0,0,0,0,0,0,0,0,0,1,0
seeds_1499,2,1.0,0.0034999847412109,0.0001883506774902,1,0,1,0,0,0,0,0,0,0,0,0,0,0,0,1,0,0,0,0,0,1,0,0,0,0
analcatdata_gsssexsurvey_852,1,0.875,0.0026612281799316,0.0001215934753417,0,1,1,0,0,0,0,0,0,0,0,0,0,0,0,0,1,0,0,0,0,0,0,1,0,0
analcatdata_gsssexsurvey_852,1,0.875,0.0022149085998535,0.0001335144042968,0,1,0,1,0,0,0,0,0,0,0,0,0,0,0,0,1,0,0,0,0,0,0,1,0,0
analcatdata_gsssexsurvey_852,1,0.875,0.0023331642150878,0.0001318454742431,0,1,0,0,1,0,0,0,0,0,0,0,0,0,0,0,1,0,0,0,0,0,0,1,0,0
analcatdata_gsssexsurvey_852,1,0.84375,0.0010192394256591,0.0001139640808105,0,1,0,0,1,1,0,0,0,0,0,0,0,0,0,0,0,0,0,0,0,0,0,1,0,0
analcatdata_gsssexsurvey_852,1,0.84375,0.0009279251098632,0.0001082420349121,0,1,0,0,1,0,0,0,0,0,0,0,0,0,0,0,0,1,0,0,0,0,0,1,0,0
analcatdata_gsssexsurvey_852,1,0.84375,0.0009820461273193,0.0001108646392822,0,1,1,0,0,0,0,0,0,0,0,0,0,0,0,0,0,0,1,0,1,0,0,0,0,0
analcatdata_gsssexsurvey_852,1,0.84375,0.0019447803497314,0.0008199214935302,0,1,1,0,0,0,0,0,0,0,0,1,0,0,0,0,0,0,0,0,1,0,0,0,0,0
analcatdata_gsssexsurvey_852,1,0.84375,0.00128173828125,0.00014328956604,0,1,1,0,0,1,0,0,0,0,0,0,0,0,0,0,0,0,0,0,1,0,0,0,0,0
analcatdata_gsssexsurvey_852,1,0.84375,0.0009593963623046,0.0001106262207031,0,1,1,0,0,0,0,0,1,0,0,0,0,0,0,0,0,0,0,0,1,0,0,0,0,0
analcatdata_gsssexsurvey_852,1,0.84375,0.0009427070617675,0.0001134872436523,0,1,0,0,1,0,0,0,0,0,1,0,0,0,0,0,0,0,0,0,0,0,0,1,0,0
analcatdata_gsssexsurvey_852,1,0.84375,0.0009987354278564,0.0001168251037597,0,1,0,0,1,0,0,0,0,0,1,0,0,0,0,0,0,0,0,0,0,0,1,0,0,0
analcatdata_gsssexsurvey_852,1,0.84375,0.0009486675262451,0.0001115798950195,0,1,0,0,1,0,0,0,0,0,1,0,0,0,0,0,0,0,0,0,1,0,0,0,0,0
analcatdata_gsssexsurvey_852,1,0.84375,0.0011987686157226,0.0001325607299804,0,1,0,1,0,0,0,0,0,0,0,1,0,0,0,0,0,0,0,0,0,1,0,0,0,0
analcatdata_gsssexsurvey_852,1,0.84375,0.0010685920715332,0.0001153945922851,0,1,0,0,1,0,0,1,0,0,0,0,0,0,0,0,0,0,0,0,0,0,0,1,0,0
analcatdata_gsssexsurvey_852,1,0.84375,0.0010054111480712,0.0001227855682373,0,1,0,1,0,0,0,0,0,0,1,0,0,0,0,0,0,0,0,0,0,0,0,0,1,0
analcatdata_gsssexsurvey_852,1,0.84375,0.0024859905242919,0.0001368522644042,0,1,1,0,0,0,0,0,0,0,0,0,1,0,0,0,0,0,0,0,0,0,0,1,0,0
analcatdata_gsssexsurvey_852,1,0.84375,0.0009746551513671,0.0001101493835449,0,1,0,1,0,0,0,0,0,0,0,0,0,0,0,0,0,1,0,0,0,0,0,0,1,0
analcatdata_gsssexsurvey_852,1,0.84375,0.0011231899261474,0.0001528263092041,0,1,1,0,0,0,0,0,0,0,1,0,0,0,0,0,0,0,0,0,0,0,1,0,0,0
analcatdata_gsssexsurvey_852,1,0.84375,0.0010371208190917,0.0001120567321777,0,1,0,1,0,0,1,0,0,0,0,0,0,0,0,0,0,0,0,0,0,1,0,0,0,0
analcatdata_gsssexsurvey_852,1,0.84375,0.0010476112365722,0.0001189708709716,0,1,0,0,1,0,0,1,0,0,0,0,0,0,0,0,0,0,0,0,0,0,0,0,0,1
autoUniv-au7-500_1554,1,0.52,0.0017938613891601,0.0001270771026611,0,1,0,0,1,0,0,0,0,0,0,0,0,0,0,0,0,1,0,0,0,0,1,0,0,0
autoUniv-au7-500_1554,1,0.52,0.0014762878417968,0.0001306533813476,0,1,0,0,1,0,0,0,0,0,0,0,0,0,0,0,0,1,0,0,0,0,0,1,0,0
autoUniv-au7-500_1554,3,0.52,0.0359160900115966,0.0002923011779785,0,1,0,1,0,0,0,0,0,0,0,0,1,0,0,0,0,0,0,0,0,0,0,1,0,0
autoUniv-au7-500_1554,1,0.52,0.001434326171875,0.0001258850097656,0,1,0,0,1,0,0,0,0,0,0,0,0,0,0,0,0,1,0,0,0,0,0,0,0,1
autoUniv-au7-500_1554,1,0.52,0.001601219177246,0.0001368522644042,1,0,0,0,1,0,0,0,0,0,0,0,0,0,0,0,0,0,1,0,0,0,0,0,0,1
autoUniv-au7-500_1554,1,0.52,0.0014543533325195,0.0001239776611328,0,1,0,0,1,0,0,0,0,0,0,0,0,0,0,0,0,0,1,0,0,0,0,0,0,1
autoUniv-au7-500_1554,1,0.52,0.0015270709991455,0.0001289844512939,1,0,0,0,1,0,0,0,0,0,0,0,0,0,0,0,0,1,0,0,0,0,1,0,0,0
autoUniv-au7-500_1554,3,0.52,0.0305497646331787,0.000234842300415,1,0,0,1,0,0,0,0,0,0,0,0,1,0,0,0,0,0,0,0,0,0,0,1,0,0
autoUniv-au7-500_1554,1,0.52,0.0014772415161132,0.0001537799835205,1,0,0,0,1,0,0,0,0,0,0,0,0,0,0,0,0,1,0,0,1,0,0,0,0,0
autoUniv-au7-500_1554,1,0.52,0.0014660358428955,0.0001318454742431,0,1,0,0,1,0,0,0,0,0,0,0,0,0,0,0,0,1,0,1,0,0,0,0,0,0
autoUniv-au7-500_1554,1,0.52,0.0016236305236816,0.0001575946807861,0,1,0,0,1,0,0,0,0,0,0,0,0,0,0,0,0,1,0,0,1,0,0,0,0,0
autoUniv-au7-500_1554,1,0.52,0.0022029876708984,0.0001783370971679,0,1,0,0,1,0,0,0,0,0,1,0,0,0,0,0,0,0,0,0,1,0,0,0,0,0
autoUniv-au7-500_1554,1,0.52,0.0014660358428955,0.0001285076141357,1,0,0,0,1,0,0,0,0,0,0,0,0,0,0,0,0,1,0,1,0,0,0,0,0,0
autoUniv-au7-500_1554,1,0.52,0.0015943050384521,0.0001366138458251,1,0,0,0,1,0,0,0,0,0,0,0,0,0,0,0,0,1,0,0,0,0,0,0,1,0
autoUniv-au7-500_1554,1,0.52,0.0015156269073486,0.000131607055664,0,1,0,0,1,0,0,0,0,0,0,0,0,0,0,0,0,1,0,0,0,0,0,0,1,0
autoUniv-au7-500_1554,1,0.52,0.0014235973358154,0.0001301765441894,1,0,0,0,1,0,0,0,0,0,0,0,0,0,0,0,0,1,0,0,0,0,0,1,0,0
autoUniv-au7-500_1554,1,0.52,0.0021240711212158,0.0001683235168457,1,0,0,0,1,0,0,0,0,0,1,0,0,0,0,0,0,0,0,0,1,0,0,0,0,0
autoUniv-au7-500_1554,1,0.52,0.0014479160308837,0.0001287460327148,1,0,0,0,1,0,0,0,0,0,0,0,0,0,0,0,0,1,0,0,0,0,0,0,0,1
autoUniv-au7-500_1554,1,0.51,0.0319569110870361,0.0002589225769042,1,0,0,1,0,0,0,0,0,0,0,0,1,0,0,0,0,0,0,0,0,0,0,1,0,0
autoUniv-au7-500_1554,1,0.51,0.0288264751434326,0.0002870559692382,1,0,0,0,1,0,0,0,0,0,0,0,1,0,0,0,0,0,0,0,0,0,0,1,0,0
PizzaCutter1_1443,1,0.9621212121212122,0.0020310878753662,0.0001158714294433,1,0,0,1,0,0,0,0,0,0,1,0,0,0,0,0,0,0,0,0,0,0,0,0,0,1
PizzaCutter1_1443,1,0.9621212121212122,0.0019488334655761,0.0001194477081298,0,1,0,0,1,0,0,0,0,0,1,0,0,0,0,0,0,0,0,0,0,0,0,0,0,1
PizzaCutter1_1443,1,0.9621212121212122,0.0017702579498291,0.0001213550567626,0,1,0,0,1,0,0,0,0,0,1,0,0,0,0,0,0,0,0,1,0,0,0,0,0,0
PizzaCutter1_1443,1,0.9621212121212122,0.0015923976898193,0.0001161098480224,1,0,1,0,0,0,0,0,0,0,1,0,0,0,0,0,0,0,0,0,0,0,0,0,0,1
PizzaCutter1_1443,1,0.9621212121212122,0.0018749237060546,0.0001204013824462,0,1,0,0,1,0,0,0,0,0,1,0,0,0,0,0,0,0,0,0,0,0,0,0,1,0
PizzaCutter1_1443,1,0.9621212121212122,0.0018210411071777,0.0001399517059326,0,1,1,0,0,0,0,0,0,0,1,0,0,0,0,0,0,0,0,0,0,0,0,0,1,0
PizzaCutter1_1443,1,0.9621212121212122,0.001885175704956,0.0001358985900878,0,1,0,1,0,0,0,0,0,0,1,0,0,0,0,0,0,0,0,0,0,0,0,0,1,0
PizzaCutter1_1443,1,0.9621212121212122,0.0031580924987792,0.000270128250122,1,0,0,1,0,0,0,0,0,0,1,0,0,0,0,0,0,0,0,0,0,0,0,0,1,0
PizzaCutter1_1443,1,0.9621212121212122,0.00162935256958,0.0001196861267089,1,0,0,0,1,0,0,0,0,0,1,0,0,0,0,0,0,0,0,1,0,0,0,0,0,0
PizzaCutter1_1443,1,0.9621212121212122,0.0016357898712158,0.0001187324523925,1,0,0,0,1,0,0,0,0,0,1,0,0,0,0,0,0,0,0,0,0,0,0,0,0,1
PizzaCutter1_1443,1,0.9621212121212122,0.0018403530120849,0.0001289844512939,0,1,0,1,0,0,0,0,0,0,1,0,0,0,0,0,0,0,0,1,0,0,0,0,0,0
PizzaCutter1_1443,1,0.9621212121212122,0.0019845962524414,0.0001211166381835,1,0,0,0,1,0,0,0,0,0,1,0,0,0,0,0,0,0,0,0,0,0,0,0,1,0
PizzaCutter1_1443,1,0.9621212121212122,0.0017557144165039,0.0001239776611328,0,1,0,1,0,0,0,0,0,0,1,0,0,0,0,0,0,0,0,0,0,0,0,0,0,1
PizzaCutter1_1443,1,0.9621212121212122,0.0024738311767578,0.0001327991485595,1,0,1,0,0,0,0,0,0,0,1,0,0,0,0,0,0,0,0,0,0,0,0,0,1,0
PizzaCutter1_1443,1,0.9621212121212122,0.0015373229980468,0.0001142024993896,0,1,1,0,0,0,0,0,0,0,1,0,0,0,0,0,0,0,0,0,0,0,0,0,0,1
PizzaCutter1_1443,1,0.9621212121212122,0.001746654510498,0.0001442432403564,0,1,1,0,0,0,0,0,0,0,1,0,0,0,0,0,0,0,0,1,0,0,0,0,0,0
PizzaCutter1_1443,1,0.9621212121212122,0.0018911361694335,0.0001254081726074,1,0,1,0,0,0,0,0,0,0,1,0,0,0,0,0,0,0,0,1,0,0,0,0,0,0
PizzaCutter1_1443,1,0.9621212121212122,0.0016958713531494,0.0001220703125,1,0,0,1,0,0,0,0,0,0,1,0,0,0,0,0,0,0,0,1,0,0,0,0,0,0
PizzaCutter1_1443,1,0.9545454545454546,0.0036444664001464,0.0001201629638671,0,1,0,0,1,0,1,0,0,0,0,0,0,0,0,0,0,0,0,1,0,0,0,0,0,0
PizzaCutter1_1443,1,0.9545454545454546,0.0030548572540283,0.0001158714294433,1,0,1,0,0,1,0,0,0,0,0,0,0,0,0,0,0,0,0,0,1,0,0,0,0,0
solar-flare_40687,4,0.8215962441314554,0.4192843437194824,0.0003118515014648,0,1,1,0,0,0,0,0,0,0,0,0,0,0,0,1,0,0,0,0,0,1,0,0,0,0
solar-flare_40687,4,0.8215962441314554,0.4157524108886719,0.000389814376831,1,0,1,0,0,0,0,0,0,0,0,0,0,0,0,1,0,0,0,0,0,1,0,0,0,0
solar-flare_40687,4,0.8215962441314554,0.4323830604553222,0.000370979309082,0,1,0,0,1,0,0,0,0,0,0,0,0,0,0,1,0,0,0,0,0,1,0,0,0,0
solar-flare_40687,4,0.8215962441314554,0.4490787982940674,0.0003280639648437,0,1,0,1,0,0,0,0,0,0,0,0,0,0,0,1,0,0,0,0,0,1,0,0,0,0
solar-flare_40687,4,0.8215962441314554,0.3259799480438232,0.0002999305725097,1,0,0,1,0,0,0,0,0,0,0,0,0,0,0,1,0,0,0,0,0,1,0,0,0,0
solar-flare_40687,4,0.8215962441314554,0.4142065048217773,0.0003108978271484,1,0,0,0,1,0,0,0,0,0,0,0,0,0,0,1,0,0,0,0,0,1,0,0,0,0
solar-flare_40687,4,0.812206572769953,0.0065557956695556,0.0002083778381347,0,1,0,1,0,0,1,0,0,0,0,0,0,0,0,0,0,0,0,0,0,1,0,0,0,0
solar-flare_40687,4,0.812206572769953,0.0059890747070312,0.000173807144165,1,0,0,1,0,0,1,0,0,0,0,0,0,0,0,0,0,0,0,0,0,1,0,0,0,0
solar-flare_40687,4,0.812206572769953,0.0516870021820068,0.0002636909484863,1,0,0,0,1,0,0,0,0,0,0,0,0,0,0,0,1,0,0,0,0,1,0,0,0,0
solar-flare_40687,4,0.812206572769953,0.0639228820800781,0.0002567768096923,1,0,0,1,0,0,0,0,0,0,0,0,0,0,0,0,1,0,0,0,0,1,0,0,0,0
solar-flare_40687,4,0.812206572769953,0.0544912815093994,0.0002920627593994,0,1,1,0,0,0,0,0,0,0,0,0,0,0,0,0,1,0,0,0,0,1,0,0,0,0
solar-flare_40687,4,0.812206572769953,0.0054764747619628,0.0002014636993408,1,0,1,0,0,0,1,0,0,0,0,0,0,0,0,0,0,0,0,0,0,1,0,0,0,0
solar-flare_40687,4,0.812206572769953,0.0619809627532959,0.0003340244293212,0,1,0,1,0,0,0,0,0,0,0,0,0,0,0,0,1,0,0,0,0,1,0,0,0,0
solar-flare_40687,4,0.812206572769953,0.005185842514038,0.0001811981201171,1,0,0,0,1,0,1,0,0,0,0,0,0,0,0,0,0,0,0,0,0,1,0,0,0,0
solar-flare_40687,4,0.812206572769953,0.0050489902496337,0.0001735687255859,0,1,1,0,0,0,1,0,0,0,0,0,0,0,0,0,0,0,0,0,0,1,0,0,0,0
solar-flare_40687,4,0.812206572769953,0.0061938762664794,0.0002102851867675,0,1,0,0,1,0,1,0,0,0,0,0,0,0,0,0,0,0,0,0,0,1,0,0,0,0
solar-flare_40687,4,0.812206572769953,0.0575156211853027,0.0002977848052978,0,1,0,0,1,0,0,0,0,0,0,0,0,0,0,0,1,0,0,0,0,1,0,0,0,0
solar-flare_40687,4,0.812206572769953,0.0515587329864501,0.0003192424774169,1,0,1,0,0,0,0,0,0,0,0,0,0,0,0,0,1,0,0,0,0,1,0,0,0,0
solar-flare_40687,1,0.8075117370892019,0.0147044658660888,0.0001819133758544,1,0,0,1,0,0,1,0,0,0,0,0,0,0,0,0,0,0,0,0,0,0,0,0,0,1
solar-flare_40687,4,0.8075117370892019,0.0078997611999511,0.0001771450042724,1,0,0,0,1,0,0,0,0,1,0,0,0,0,0,0,0,0,0,0,0,1,0,0,0,0
arsenic-female-lung_950,2,1.0,0.0015034675598144,0.0001237392425537,1,0,1,0,0,0,0,0,0,0,0,0,0,1,0,0,0,0,0,0,1,0,0,0,0,0
arsenic-female-lung_950,2,1.0,0.0013871192932128,0.0001225471496582,1,0,1,0,0,0,0,0,1,0,0,0,0,0,0,0,0,0,0,0,1,0,0,0,0,0
arsenic-female-lung_950,2,1.0,0.0020172595977783,0.0001277923583984,1,0,1,0,0,0,0,0,0,0,0,0,0,0,0,0,0,0,1,0,1,0,0,0,0,0
arsenic-female-lung_950,2,1.0,0.0016059875488281,0.0001466274261474,1,0,1,0,0,0,0,0,0,0,0,0,0,0,0,0,0,1,0,0,1,0,0,0,0,0
arsenic-female-lung_950,2,1.0,0.0017561912536621,0.0001506805419921,0,1,0,1,0,0,0,0,0,1,0,0,0,0,0,0,0,0,0,0,0,0,1,0,0,0
arsenic-female-lung_950,2,1.0,0.0015058517456054,0.000138521194458,0,1,0,1,0,1,0,0,0,0,0,0,0,0,0,0,0,0,0,0,0,0,1,0,0,0
arsenic-female-lung_950,2,1.0,0.0015239715576171,0.0001609325408935,0,1,0,1,0,0,0,0,0,0,1,0,0,0,0,0,0,0,0,0,0,0,1,0,0,0
arsenic-female-lung_950,2,1.0,0.0017447471618652,0.0001275539398193,1,0,0,0,1,0,0,0,0,0,0,0,0,0,0,0,0,0,1,0,1,0,0,0,0,0
arsenic-female-lung_950,2,1.0,0.0032849311828613,0.0009965896606445,1,0,0,0,1,0,0,0,0,0,0,1,0,0,0,0,0,0,0,0,1,0,0,0,0,0
arsenic-female-lung_950,2,1.0,0.0057647228240966,0.0001609325408935,0,1,0,1,0,0,0,0,0,0,0,0,0,0,0,1,0,0,0,0,0,0,1,0,0,0
arsenic-female-lung_950,2,1.0,0.0013105869293212,0.0001482963562011,0,1,0,1,0,0,0,1,0,0,0,0,0,0,0,0,0,0,0,0,0,0,1,0,0,0
arsenic-female-lung_950,2,1.0,0.0018439292907714,0.0001397132873535,1,0,0,0,1,0,0,0,0,0,0,0,0,1,0,0,0,0,0,0,1,0,0,0,0,0
arsenic-female-lung_950,2,1.0,0.0049941539764404,0.0001692771911621,0,1,0,1,0,0,0,0,0,0,0,0,0,0,0,0,1,0,0,0,0,0,1,0,0,0
arsenic-female-lung_950,2,1.0,0.0013148784637451,0.0001227855682373,1,0,0,0,1,0,1,0,0,0,0,0,0,0,0,0,0,0,0,0,1,0,0,0,0,0
arsenic-female-lung_950,2,1.0,0.001605749130249,0.0001213550567626,0,1,0,1,0,0,0,0,1,0,0,0,0,0,0,0,0,0,0,0,0,0,1,0,0,0
arsenic-female-lung_950,2,1.0,0.0023443698883056,0.0001871585845947,0,1,0,1,0,0,0,0,0,0,0,0,0,0,1,0,0,0,0,0,0,0,1,0,0,0
arsenic-female-lung_950,2,1.0,0.0047087669372558,0.0001649856567382,0,1,0,1,0,0,0,0,0,0,0,0,1,0,0,0,0,0,0,0,0,0,1,0,0,0
arsenic-female-lung_950,2,1.0,0.001849889755249,0.0001239776611328,1,0,1,0,0,0,0,0,1,0,0,0,0,0,0,0,0,0,0,0,0,0,0,0,0,1
arsenic-female-lung_950,2,1.0,0.0013003349304199,0.0001227855682373,0,1,1,0,0,0,1,0,0,0,0,0,0,0,0,0,0,0,0,0,0,0,1,0,0,0
arsenic-female-lung_950,2,1.0,0.0012903213500976,0.0001223087310791,0,1,0,0,1,0,0,0,0,0,1,0,0,0,0,0,0,0,0,0,0,0,1,0,0,0
chscase_census3_908,2,0.6125,0.004711627960205,0.0001416206359863,0,1,0,1,0,0,0,0,0,0,0,0,0,0,0,1,0,0,0,0,0,0,0,1,0,0
chscase_census3_908,2,0.6125,0.0048458576202392,0.000166893005371,1,0,0,1,0,0,0,0,0,0,0,0,0,0,0,1,0,0,0,0,0,0,0,1,0,0
chscase_census3_908,2,0.6125,0.0048189163208007,0.0001447200775146,1,0,0,0,1,0,0,0,0,0,0,0,0,0,0,1,0,0,0,0,0,0,0,1,0,0
chscase_census3_908,2,0.6125,0.0057883262634277,0.0001518726348876,0,1,0,0,1,0,0,0,0,0,0,0,0,0,0,1,0,0,0,0,0,0,0,1,0,0
chscase_census3_908,2,0.6125,0.0047786235809326,0.0001442432403564,0,1,1,0,0,0,0,0,0,0,0,0,0,0,0,1,0,0,0,0,0,0,0,1,0,0
chscase_census3_908,2,0.6125,0.0055544376373291,0.0001454353332519,1,0,1,0,0,0,0,0,0,0,0,0,0,0,0,1,0,0,0,0,0,0,0,1,0,0
chscase_census3_908,1,0.6,0.0011525154113769,0.0001192092895507,0,1,1,0,0,0,0,1,0,0,0,0,0,0,0,0,0,0,0,0,0,0,0,0,0,1
chscase_census3_908,1,0.6,0.0012273788452148,0.0001239776611328,1,0,0,1,0,0,0,1,0,0,0,0,0,0,0,0,0,0,0,0,0,0,0,0,0,1
chscase_census3_908,1,0.6,0.0011656284332275,0.0001235008239746,0,1,1,0,0,0,0,1,0,0,0,0,0,0,0,0,0,0,0,0,0,0,0,0,1,0
chscase_census3_908,1,0.6,0.0012016296386718,0.0001223087310791,1,0,1,0,0,0,0,1,0,0,0,0,0,0,0,0,0,0,0,0,0,0,0,0,0,1
chscase_census3_908,1,0.6,0.0011332035064697,0.0001187324523925,1,0,0,1,0,0,0,1,0,0,0,0,0,0,0,0,0,0,0,0,0,0,0,0,1,0
chscase_census3_908,1,0.6,0.0011043548583984,0.0001168251037597,0,1,1,0,0,0,0,1,0,0,0,0,0,0,0,0,0,0,0,0,0,0,1,0,0,0
chscase_census3_908,1,0.6,0.0010995864868164,0.0001182556152343,1,0,0,0,1,0,0,1,0,0,0,0,0,0,0,0,0,0,0,0,0,0,1,0,0,0
chscase_census3_908,1,0.6,0.0011563301086425,0.0001223087310791,0,1,0,1,0,0,0,1,0,0,0,0,0,0,0,0,0,0,0,0,0,0,1,0,0,0
chscase_census3_908,1,0.6,0.0012426376342773,0.0001287460327148,1,0,1,0,0,0,0,1,0,0,0,0,0,0,0,0,0,0,0,0,0,0,0,0,1,0
chscase_census3_908,1,0.6,0.0011048316955566,0.0001194477081298,1,0,0,0,1,0,0,1,0,0,0,0,0,0,0,0,0,0,0,0,0,0,0,0,1,0
chscase_census3_908,1,0.6,0.0011048316955566,0.0001206398010253,0,1,0,0,1,0,0,1,0,0,0,0,0,0,0,0,0,0,0,0,0,0,0,0,1,0
chscase_census3_908,1,0.6,0.0011706352233886,0.0001237392425537,0,1,0,0,1,0,0,1,0,0,0,0,0,0,0,0,0,0,0,0,0,0,1,0,0,0
chscase_census3_908,1,0.6,0.0011763572692871,0.0001215934753417,1,0,0,1,0,0,0,1,0,0,0,0,0,0,0,0,0,0,0,0,0,0,1,0,0,0
chscase_census3_908,1,0.6,0.0010948181152343,0.0001187324523925,0,1,0,1,0,0,0,1,0,0,0,0,0,0,0,0,0,0,0,0,0,0,0,0,1,0
PopularKids_1100,2,0.625,0.0162336826324462,0.0002055168151855,1,0,0,0,1,0,0,0,0,0,0,0,1,0,0,0,0,0,0,0,0,0,0,1,0,0
PopularKids_1100,2,0.625,0.0208818912506103,0.0003259181976318,1,0,0,0,1,0,0,0,0,0,0,0,1,0,0,0,0,0,0,0,0,0,1,0,0,0
PopularKids_1100,2,0.625,0.0144925117492675,0.000258445739746,0,1,0,0,1,0,0,0,0,0,0,0,1,0,0,0,0,0,0,0,0,0,1,0,0,0
PopularKids_1100,2,0.625,0.013993501663208,0.0002832412719726,0,1,0,0,1,0,0,0,0,0,0,0,1,0,0,0,0,0,0,0,0,0,0,1,0,0
PopularKids_1100,3,0.6210526315789474,0.0129098892211914,0.0002377033233642,1,0,0,0,1,0,0,0,0,0,0,0,0,0,0,0,1,0,0,0,0,0,1,0,0,0
PopularKids_1100,3,0.6210526315789474,0.0018706321716308,0.0001416206359863,1,0,0,0,1,0,0,0,0,0,1,0,0,0,0,0,0,0,0,0,0,1,0,0,0,0
PopularKids_1100,3,0.6210526315789474,0.0017588138580322,0.0001344680786132,0,1,0,0,1,0,0,0,0,0,1,0,0,0,0,0,0,0,0,0,0,1,0,0,0,0
PopularKids_1100,3,0.6210526315789474,0.0075817108154296,0.0001459121704101,0,1,0,0,1,0,0,0,0,0,0,0,0,0,0,0,1,0,0,0,0,0,1,0,0,0
PopularKids_1100,2,0.6145833333333334,0.018240213394165,0.0002858638763427,1,0,0,0,1,0,0,0,0,0,0,0,1,0,0,0,0,0,0,0,0,0,0,0,0,1
PopularKids_1100,2,0.6145833333333334,0.0203943252563476,0.000270128250122,0,1,0,0,1,0,0,0,0,0,0,0,1,0,0,0,0,0,0,0,0,0,0,0,0,1
PopularKids_1100,2,0.6041666666666666,0.0015885829925537,0.0001497268676757,1,0,0,0,1,0,1,0,0,0,0,0,0,0,0,0,0,0,0,0,0,1,0,0,0,0
PopularKids_1100,2,0.6041666666666666,0.0146541595458984,0.0004303455352783,1,0,0,0,1,0,0,0,0,0,0,0,1,0,0,0,0,0,0,1,0,0,0,0,0,0
PopularKids_1100,2,0.6041666666666666,0.0014369487762451,0.0001256465911865,0,1,0,0,1,0,1,0,0,0,0,0,0,0,0,0,0,0,0,0,0,1,0,0,0,0
PopularKids_1100,2,0.6041666666666666,0.0126101970672607,0.0002827644348144,0,1,0,0,1,0,0,0,0,0,0,0,1,0,0,0,0,0,0,1,0,0,0,0,0,0
PopularKids_1100,3,0.6,0.0073108673095703,0.0001852512359619,1,0,0,1,0,0,0,0,0,0,0,0,1,0,0,0,0,0,0,0,0,1,0,0,0,0
PopularKids_1100,3,0.6,0.0057039260864257,0.0002377033233642,0,1,0,1,0,0,0,0,0,0,0,0,1,0,0,0,0,0,0,0,0,1,0,0,0,0
PopularKids_1100,3,0.6,0.0013227462768554,0.0001254081726074,0,1,0,0,1,0,0,1,0,0,0,0,0,0,0,0,0,0,0,0,0,0,1,0,0,0
PopularKids_1100,4,0.6,0.0296347141265869,0.0002315044403076,1,0,0,0,1,0,0,0,0,0,0,0,0,0,1,0,0,0,0,0,0,0,1,0,0,0
PopularKids_1100,4,0.6,0.051220417022705,0.0002298355102539,0,1,0,0,1,0,0,0,0,0,0,0,0,0,1,0,0,0,0,0,0,0,1,0,0,0
PopularKids_1100,3,0.6,0.0014598369598388,0.0001301765441894,1,0,0,0,1,0,0,1,0,0,0,0,0,0,0,0,0,0,0,0,0,0,1,0,0,0
fri_c0_500_50_888,4,0.9,0.0543155670166015,0.0002803802490234,1,0,1,0,0,0,0,0,0,0,0,0,0,0,1,0,0,0,0,0,0,1,0,0,0,0
fri_c0_500_50_888,4,0.9,0.0540266036987304,0.0002980232238769,1,0,0,0,1,0,0,0,0,0,0,0,0,0,1,0,0,0,0,0,0,1,0,0,0,0
fri_c0_500_50_888,4,0.9,0.0571327209472656,0.0003268718719482,0,1,0,0,1,0,0,0,0,0,0,0,0,0,1,0,0,0,0,0,0,1,0,0,0,0
fri_c0_500_50_888,4,0.9,0.0513243675231933,0.0002799034118652,0,1,1,0,0,0,0,0,0,0,0,0,0,0,1,0,0,0,0,0,0,1,0,0,0,0
fri_c0_500_50_888,4,0.9,0.0558693408966064,0.0003159046173095,0,1,0,1,0,0,0,0,0,0,0,0,0,0,1,0,0,0,0,0,0,1,0,0,0,0
fri_c0_500_50_888,4,0.9,0.0510892868041992,0.0002708435058593,1,0,0,1,0,0,0,0,0,0,0,0,0,0,1,0,0,0,0,0,0,1,0,0,0,0
fri_c0_500_50_888,2,0.88,0.001352310180664,0.0001263618469238,0,1,0,0,1,1,0,0,0,0,0,0,0,0,0,0,0,0,0,0,0,1,0,0,0,0
fri_c0_500_50_888,2,0.88,0.001235008239746,0.000115156173706,0,1,1,0,0,1,0,0,0,0,0,0,0,0,0,0,0,0,0,0,0,1,0,0,0,0
fri_c0_500_50_888,2,0.88,0.0013649463653564,0.0001230239868164,1,0,0,0,1,1,0,0,0,0,0,0,0,0,0,0,0,0,0,0,0,1,0,0,0,0
fri_c0_500_50_888,2,0.88,0.0014567375183105,0.0001237392425537,0,1,0,1,0,1,0,0,0,0,0,0,0,0,0,0,0,0,0,0,0,1,0,0,0,0
fri_c0_500_50_888,2,0.88,0.0015444755554199,0.0001237392425537,1,0,1,0,0,1,0,0,0,0,0,0,0,0,0,0,0,0,0,0,0,1,0,0,0,0
fri_c0_500_50_888,2,0.88,0.0013356208801269,0.0001161098480224,1,0,0,1,0,1,0,0,0,0,0,0,0,0,0,0,0,0,0,0,0,1,0,0,0,0
fri_c0_500_50_888,4,0.87,0.0013782978057861,0.0001242160797119,1,0,0,1,0,1,0,0,0,0,0,0,0,0,0,0,0,0,0,0,1,0,0,0,0,0
fri_c0_500_50_888,4,0.87,0.0012266635894775,0.0001187324523925,0,1,1,0,0,0,0,0,0,0,0,0,0,0,0,0,0,1,0,0,0,0,0,0,0,1
fri_c0_500_50_888,4,0.87,0.0012648105621337,0.0001132488250732,1,0,0,0,1,0,0,0,0,0,0,0,0,0,0,0,0,1,0,0,0,0,0,0,1,0
fri_c0_500_50_888,2,0.87,0.00164794921875,0.0001235008239746,1,0,0,0,1,1,0,0,0,0,0,0,0,0,0,0,0,0,0,0,0,0,0,0,1,0
fri_c0_500_50_888,2,0.87,0.0013427734375,0.0001249313354492,0,1,1,0,0,1,0,0,0,0,0,0,0,0,0,0,0,0,0,0,0,0,0,0,0,1
fri_c0_500_50_888,4,0.87,0.0013120174407958,0.0001249313354492,1,0,0,0,1,1,0,0,0,0,0,0,0,0,0,0,0,0,0,0,0,0,0,0,1,0
fri_c0_500_50_888,4,0.87,0.0012950897216796,0.0001320838928222,1,0,1,0,0,0,0,0,0,0,0,0,0,0,0,0,0,1,0,0,1,0,0,0,0,0
fri_c0_500_50_888,4,0.87,0.0014567375183105,0.000129222869873,0,1,0,1,0,1,0,0,0,0,0,0,0,0,0,0,0,0,0,0,0,0,0,0,1,0
fri_c2_500_50_920,2,0.82,0.0011873245239257,0.0001137256622314,1,0,0,1,0,0,0,0,0,0,0,0,0,0,0,0,0,1,0,0,0,1,0,0,0,0
fri_c2_500_50_920,2,0.82,0.0011396408081054,0.0001137256622314,0,1,0,0,1,0,0,0,0,0,0,0,0,0,0,0,0,1,0,0,0,1,0,0,0,0
fri_c2_500_50_920,2,0.82,0.0011675357818603,0.000115156173706,0,1,0,1,0,0,0,0,0,0,0,0,0,0,0,0,0,1,0,0,0,1,0,0,0,0
fri_c2_500_50_920,2,0.82,0.0012464523315429,0.0001513957977294,1,0,0,0,1,0,0,0,0,0,0,0,0,0,0,0,0,1,0,0,0,1,0,0,0,0
fri_c2_500_50_920,2,0.82,0.0012540817260742,0.0001168251037597,1,0,1,0,0,0,0,0,0,0,0,0,0,0,0,0,0,1,0,0,0,1,0,0,0,0
fri_c2_500_50_920,2,0.82,0.0012412071228027,0.0001506805419921,0,1,1,0,0,0,0,0,0,0,0,0,0,0,0,0,0,1,0,0,0,1,0,0,0,0
fri_c2_500_50_920,0,0.81,0.0011696815490722,0.0001153945922851,1,0,0,1,0,0,0,0,1,0,0,0,0,0,0,0,0,0,0,0,0,0,1,0,0,0
fri_c2_500_50_920,2,0.81,0.0011980533599853,0.0001118183135986,0,1,0,0,1,0,0,0,0,0,0,0,0,0,0,0,0,1,0,0,0,0,0,1,0,0
fri_c2_500_50_920,0,0.81,0.0014140605926513,0.0001156330108642,1,0,0,1,0,0,0,0,1,0,0,0,0,0,0,0,0,0,0,0,0,0,0,0,1,0
fri_c2_500_50_920,0,0.81,0.0010826587677001,0.0001120567321777,0,1,0,1,0,0,0,0,1,0,0,0,0,0,0,0,0,0,0,0,0,1,0,0,0,0
fri_c2_500_50_920,0,0.81,0.001523733139038,0.0001220703125,0,1,1,0,0,0,0,0,1,0,0,0,0,0,0,0,0,0,0,0,1,0,0,0,0,0
fri_c2_500_50_920,2,0.81,0.0013892650604248,0.0001287460327148,1,0,0,0,1,1,0,0,0,0,0,0,0,0,0,0,0,0,0,0,0,0,0,1,0,0
fri_c2_500_50_920,0,0.81,0.0010819435119628,0.0001125335693359,0,1,1,0,0,0,0,0,1,0,0,0,0,0,0,0,0,0,0,0,0,0,1,0,0,0
fri_c2_500_50_920,0,0.81,0.0013017654418945,0.0001213550567626,0,1,0,1,0,0,0,0,1,0,0,0,0,0,0,0,0,0,0,0,0,0,0,0,1,0
fri_c2_500_50_920,0,0.81,0.0013468265533447,0.0001180171966552,0,1,0,0,1,0,0,0,1,0,0,0,0,0,0,0,0,0,0,1,0,0,0,0,0,0
fri_c2_500_50_920,2,0.81,0.0013296604156494,0.0001299381256103,0,1,0,1,0,1,0,0,0,0,0,0,0,0,0,0,0,0,0,0,0,0,0,1,0,0
fri_c2_500_50_920,0,0.81,0.001143455505371,0.0001118183135986,1,0,0,1,0,0,0,0,1,0,0,0,0,0,0,0,0,0,0,0,0,1,0,0,0,0
fri_c2_500_50_920,0,0.81,0.0012023448944091,0.0001113414764404,1,0,1,0,0,0,0,0,1,0,0,0,0,0,0,0,0,0,0,0,0,0,0,0,0,1
fri_c2_500_50_920,0,0.81,0.0013282299041748,0.0001120567321777,0,1,0,0,1,0,0,0,1,0,0,0,0,0,0,0,0,0,0,0,0,1,0,0,0,0
fri_c2_500_50_920,2,0.81,0.0012843608856201,0.0001187324523925,1,0,1,0,0,0,0,0,0,0,0,0,0,0,0,0,0,1,0,0,0,0,0,1,0,0
blood-transfusion-service-center_1464,3,0.8859060402684564,0.0171289443969726,0.0002007484436035,1,0,0,1,0,0,0,0,0,0,0,0,1,0,0,0,0,0,0,0,0,0,0,0,0,1
blood-transfusion-service-center_1464,3,0.8859060402684564,0.0134494304656982,0.0002434253692626,1,0,1,0,0,0,0,0,0,0,0,0,1,0,0,0,0,0,0,0,0,0,0,0,0,1
blood-transfusion-service-center_1464,3,0.8859060402684564,0.0105175971984863,0.0002856254577636,1,0,0,0,1,0,0,0,0,0,0,0,1,0,0,0,0,0,0,0,0,0,0,0,0,1
blood-transfusion-service-center_1464,3,0.8859060402684564,0.0094289779663085,0.0002062320709228,0,1,0,0,1,0,0,0,0,0,0,0,1,0,0,0,0,0,0,0,0,0,0,0,0,1
blood-transfusion-service-center_1464,3,0.8859060402684564,0.0130887031555175,0.000199556350708,0,1,0,1,0,0,0,0,0,0,0,0,1,0,0,0,0,0,0,0,0,0,0,0,0,1
blood-transfusion-service-center_1464,3,0.8859060402684564,0.0192205905914306,0.0003201961517333,0,1,1,0,0,0,0,0,0,0,0,0,1,0,0,0,0,0,0,0,0,0,0,0,0,1
blood-transfusion-service-center_1464,3,0.87248322147651,0.004828929901123,0.0001537799835205,1,0,0,1,0,0,0,0,0,0,0,0,0,0,0,0,1,0,0,1,0,0,0,0,0,0
blood-transfusion-service-center_1464,3,0.87248322147651,0.0072948932647705,0.0002613067626953,0,1,0,1,0,0,0,0,0,0,0,0,0,0,0,0,1,0,0,1,0,0,0,0,0,0
blood-transfusion-service-center_1464,3,0.87248322147651,0.0073106288909912,0.0002062320709228,0,1,0,0,1,0,0,0,0,0,0,0,0,0,0,0,1,0,0,1,0,0,0,0,0,0
blood-transfusion-service-center_1464,3,0.87248322147651,0.0054795742034912,0.0002269744873046,0,1,1,0,0,0,0,0,0,0,0,0,0,0,0,0,1,0,0,1,0,0,0,0,0,0
blood-transfusion-service-center_1464,3,0.87248322147651,0.0026607513427734,0.0001282691955566,1,0,1,0,0,0,0,0,0,0,0,0,0,0,1,0,0,0,0,0,0,0,1,0,0,0
blood-transfusion-service-center_1464,3,0.87248322147651,0.0022008419036865,0.0001254081726074,1,0,0,1,0,0,0,0,0,0,0,0,0,0,1,0,0,0,0,0,0,0,1,0,0,0
blood-transfusion-service-center_1464,3,0.87248322147651,0.0022385120391845,0.0001239776611328,0,1,0,0,1,0,0,0,0,0,0,0,0,0,1,0,0,0,0,0,0,0,1,0,0,0
blood-transfusion-service-center_1464,3,0.87248322147651,0.0126111507415771,0.0001780986785888,0,1,0,0,1,0,0,0,0,0,0,0,1,0,0,0,0,0,0,0,0,0,1,0,0,0
blood-transfusion-service-center_1464,3,0.87248322147651,0.0067920684814453,0.0001676082611083,1,0,0,0,1,0,0,0,0,0,0,0,0,0,0,0,1,0,0,1,0,0,0,0,0,0
blood-transfusion-service-center_1464,3,0.87248322147651,0.0093660354614257,0.0001873970031738,1,0,0,1,0,0,0,0,0,0,0,0,1,0,0,0,0,0,0,0,0,0,1,0,0,0
blood-transfusion-service-center_1464,3,0.87248322147651,0.0114026069641113,0.0001709461212158,0,1,0,1,0,0,0,0,0,0,0,0,1,0,0,0,0,0,0,0,0,0,1,0,0,0
blood-transfusion-service-center_1464,3,0.87248322147651,0.0025298595428466,0.0001428127288818,0,1,0,1,0,0,0,0,0,0,0,0,0,0,1,0,0,0,0,0,0,0,1,0,0,0
blood-transfusion-service-center_1464,3,0.87248322147651,0.0073356628417968,0.0001664161682128,1,0,1,0,0,0,0,0,0,0,0,0,0,0,0,0,1,0,0,1,0,0,0,0,0,0
blood-transfusion-service-center_1464,3,0.87248322147651,0.0147874355316162,0.0002243518829345,1,0,1,0,0,0,0,0,0,0,0,0,1,0,0,0,0,0,0,0,0,0,1,0,0,0
abalone_183,1,0.3026315789473684,1.4405126571655271,0.0006041526794433,0,1,0,0,1,0,0,0,0,0,0,0,1,0,0,0,0,0,0,0,0,0,1,0,0,0
abalone_183,1,0.3026315789473684,1.4584753513336182,0.0006318092346191,1,0,0,0,1,0,0,0,0,0,0,0,1,0,0,0,0,0,0,0,0,0,1,0,0,0
abalone_183,1,0.2990430622009569,1.5136311054229736,0.0006017684936523,1,0,0,0,1,0,0,0,0,0,0,0,1,0,0,0,0,0,0,0,0,0,0,0,0,1
abalone_183,1,0.2990430622009569,1.4718017578125,0.0006098747253417,0,1,0,0,1,0,0,0,0,0,0,0,1,0,0,0,0,0,0,0,0,0,0,0,0,1
abalone_183,1,0.2978468899521531,1.4570047855377195,0.0006225109100341,1,0,0,1,0,0,0,0,0,0,0,0,1,0,0,0,0,0,0,0,0,0,0,0,1,0
abalone_183,1,0.2978468899521531,1.4386546611785889,0.0006463527679443,0,1,0,1,0,0,0,0,0,0,0,0,1,0,0,0,0,0,0,0,0,0,0,0,1,0
abalone_183,0,0.2954545454545454,1.4887611865997314,0.0005872249603271,0,1,0,1,0,0,0,0,0,0,0,0,0,0,0,0,1,0,0,0,0,1,0,0,0,0
abalone_183,0,0.2954545454545454,1.4745018482208252,0.000636339187622,1,0,0,1,0,0,0,0,0,0,0,0,0,0,0,0,1,0,0,0,0,1,0,0,0,0
abalone_183,1,0.2942583732057416,1.380666732788086,0.0006446838378906,1,0,0,0,1,0,0,0,0,0,0,0,1,0,0,0,0,0,0,0,0,0,0,0,1,0
abalone_183,1,0.2942583732057416,2.043987274169922,0.0005855560302734,0,1,0,0,1,0,0,0,0,0,0,0,1,0,0,0,0,0,0,0,0,0,0,0,1,0
abalone_183,0,0.2942583732057416,1.3649346828460691,0.0006632804870605,1,0,0,1,0,0,0,0,0,0,0,0,1,0,0,0,0,0,0,0,0,0,0,0,1,0
abalone_183,0,0.2942583732057416,1.3588788509368896,0.0006437301635742,0,1,0,1,0,0,0,0,0,0,0,0,1,0,0,0,0,0,0,0,0,0,0,0,1,0
abalone_183,1,0.2930622009569378,2.218996524810791,0.0006473064422607,0,1,0,1,0,0,0,0,0,0,0,0,1,0,0,0,0,0,0,0,0,0,1,0,0,0
abalone_183,1,0.2930622009569378,1.597630500793457,0.0005984306335449,0,1,0,1,0,0,0,0,0,0,0,0,1,0,0,0,0,0,0,0,0,0,0,0,0,1
abalone_183,1,0.2930622009569378,1.6034345626831057,0.000633955001831,1,0,0,1,0,0,0,0,0,0,0,0,1,0,0,0,0,0,0,0,0,0,1,0,0,0
abalone_183,1,0.2930622009569378,1.4085097312927246,0.0006182193756103,1,0,0,0,1,0,0,0,0,0,0,0,0,0,0,0,1,0,0,0,0,0,0,1,0,0
abalone_183,1,0.2930622009569378,1.6882107257843018,0.0006549358367919,1,0,0,1,0,0,0,0,0,0,0,0,1,0,0,0,0,0,0,0,0,0,0,0,0,1
abalone_183,1,0.2930622009569378,1.4021377563476562,0.0006384849548339,0,1,0,0,1,0,0,0,0,0,0,0,0,0,0,0,1,0,0,0,0,0,0,1,0,0
abalone_183,1,0.291866028708134,1.274200201034546,0.000582218170166,0,1,0,0,1,0,0,0,0,0,0,0,0,0,0,0,1,0,0,1,0,0,0,0,0,0
abalone_183,1,0.291866028708134,1.3562448024749756,0.0006189346313476,1,0,0,0,1,0,0,0,0,0,0,0,0,0,0,0,1,0,0,1,0,0,0,0,0,0
fri_c1_1000_50_837,2,0.78,0.0015594959259033,0.0001211166381835,1,0,0,0,1,0,0,1,0,0,0,0,0,0,0,0,0,0,0,0,0,1,0,0,0,0
fri_c1_1000_50_837,2,0.78,0.0015835762023925,0.000126838684082,0,1,1,0,0,0,0,1,0,0,0,0,0,0,0,0,0,0,0,0,0,0,0,0,1,0
fri_c1_1000_50_837,2,0.78,0.0015590190887451,0.0001180171966552,1,0,0,1,0,0,0,1,0,0,0,0,0,0,0,0,0,0,0,0,0,1,0,0,0,0
fri_c1_1000_50_837,2,0.78,0.0015301704406738,0.0001192092895507,0,1,0,0,1,0,0,1,0,0,0,0,0,0,0,0,0,0,0,0,0,0,0,0,1,0
fri_c1_1000_50_837,2,0.78,0.0015506744384765,0.0001258850097656,1,0,0,1,0,0,0,1,0,0,0,0,0,0,0,0,0,0,0,0,0,0,0,0,1,0
fri_c1_1000_50_837,2,0.78,0.0015294551849365,0.000178575515747,1,0,1,0,0,0,0,1,0,0,0,0,0,0,0,0,0,0,0,0,0,1,0,0,0,0
fri_c1_1000_50_837,2,0.78,0.0014011859893798,0.0001153945922851,0,1,0,1,0,0,0,1,0,0,0,0,0,0,0,0,0,0,0,0,0,1,0,0,0,0
fri_c1_1000_50_837,2,0.78,0.0015418529510498,0.0001261234283447,0,1,1,0,0,0,0,1,0,0,0,0,0,0,0,0,0,0,0,0,0,1,0,0,0,0
fri_c1_1000_50_837,2,0.78,0.0017652511596679,0.0001208782196044,1,0,1,0,0,0,0,1,0,0,0,0,0,0,0,0,0,0,0,0,0,0,0,0,1,0
fri_c1_1000_50_837,2,0.78,0.0016446113586425,0.0001730918884277,0,1,0,0,1,0,0,1,0,0,0,0,0,0,0,0,0,0,0,0,0,1,0,0,0,0
fri_c1_1000_50_837,2,0.78,0.002018928527832,0.0002408027648925,1,0,0,0,1,0,0,1,0,0,0,0,0,0,0,0,0,0,0,0,0,0,0,0,1,0
fri_c1_1000_50_837,2,0.78,0.0014736652374267,0.0001206398010253,0,1,0,1,0,0,0,1,0,0,0,0,0,0,0,0,0,0,0,0,0,0,0,0,1,0
fri_c1_1000_50_837,2,0.775,0.0018491744995117,0.0001420974731445,0,1,1,0,0,0,0,1,0,0,0,0,0,0,0,0,0,0,0,0,0,0,1,0,0,0
fri_c1_1000_50_837,2,0.775,0.0014078617095947,0.0001170635223388,1,0,0,0,1,0,0,1,0,0,0,0,0,0,0,0,0,0,0,0,0,0,0,1,0,0
fri_c1_1000_50_837,2,0.775,0.0015511512756347,0.0001225471496582,1,0,0,0,1,0,0,1,0,0,0,0,0,0,0,0,0,0,0,0,0,0,0,0,0,1
fri_c1_1000_50_837,2,0.775,0.0016047954559326,0.0001230239868164,1,0,0,1,0,0,0,1,0,0,0,0,0,0,0,0,0,0,0,0,0,0,0,0,0,1
fri_c1_1000_50_837,2,0.775,0.0013701915740966,0.0001473426818847,0,1,1,0,0,0,0,1,0,0,0,0,0,0,0,0,0,0,0,0,0,0,0,0,0,1
fri_c1_1000_50_837,2,0.775,0.0015571117401123,0.0002326965332031,0,1,0,1,0,0,0,1,0,0,0,0,0,0,0,0,0,0,0,0,0,0,1,0,0,0
fri_c1_1000_50_837,2,0.775,0.0016365051269531,0.0001170635223388,1,0,0,1,0,0,0,1,0,0,0,0,0,0,0,0,0,0,0,0,0,0,1,0,0,0
fri_c1_1000_50_837,2,0.775,0.0013394355773925,0.0001156330108642,0,1,0,0,1,0,0,1,0,0,0,0,0,0,0,0,0,0,0,0,0,0,0,0,0,1
arsenic-female-bladder_949,0,0.9107142857142856,0.0013043880462646,0.0001201629638671,1,0,0,1,0,1,0,0,0,0,0,0,0,0,0,0,0,0,0,0,0,0,1,0,0,0
arsenic-female-bladder_949,0,0.9107142857142856,0.0013201236724853,0.0001308917999267,0,1,0,0,1,0,1,0,0,0,0,0,0,0,0,0,0,0,0,0,0,0,1,0,0,0
arsenic-female-bladder_949,0,0.9107142857142856,0.0086565017700195,0.0002572536468505,1,0,0,0,1,0,0,0,0,0,0,0,0,0,0,0,1,0,0,0,0,0,0,1,0,0
arsenic-female-bladder_949,0,0.9107142857142856,0.0060303211212158,0.0001764297485351,1,0,1,0,0,0,0,0,0,0,0,0,1,0,0,0,0,0,0,0,0,0,0,0,0,1
arsenic-female-bladder_949,0,0.9107142857142856,0.0059318542480468,0.0001537799835205,1,0,0,0,1,0,0,0,0,0,0,0,1,0,0,0,0,0,0,0,0,0,0,0,0,1
arsenic-female-bladder_949,0,0.9107142857142856,0.0016770362854003,0.0001404285430908,1,0,0,1,0,0,0,0,0,0,0,1,0,0,0,0,0,0,0,0,0,0,1,0,0,0
arsenic-female-bladder_949,0,0.9107142857142856,0.0012390613555908,0.0001163482666015,1,0,0,1,0,0,0,0,0,0,0,0,0,1,0,0,0,0,0,0,0,0,1,0,0,0
arsenic-female-bladder_949,0,0.9107142857142856,0.0020692348480224,0.000117540359497,1,0,0,1,0,0,0,0,0,0,0,0,0,0,1,0,0,0,0,0,0,0,1,0,0,0
arsenic-female-bladder_949,0,0.9107142857142856,0.0014305114746093,0.0002782344818115,1,0,0,1,0,0,1,0,0,0,0,0,0,0,0,0,0,0,0,0,0,0,1,0,0,0
arsenic-female-bladder_949,0,0.9107142857142856,0.0021338462829589,0.0001320838928222,0,1,0,0,1,0,0,0,0,0,0,0,0,0,1,0,0,0,0,0,0,0,1,0,0,0
arsenic-female-bladder_949,0,0.9107142857142856,0.0029845237731933,0.0002720355987548,0,1,0,0,1,0,0,0,0,0,0,1,0,0,0,0,0,0,0,0,0,0,1,0,0,0
arsenic-female-bladder_949,0,0.9107142857142856,0.0014710426330566,0.0001266002655029,0,1,0,0,1,0,0,0,0,0,0,0,0,1,0,0,0,0,0,0,0,0,1,0,0,0
arsenic-female-bladder_949,0,0.9107142857142856,0.0017008781433105,0.0001168251037597,1,0,0,0,1,0,0,0,0,0,0,0,0,0,1,0,0,0,0,0,0,0,0,1,0,0
arsenic-female-bladder_949,0,0.9107142857142856,0.0017657279968261,0.0001595020294189,1,0,0,0,1,0,0,0,0,0,0,1,0,0,0,0,0,0,0,0,0,0,1,0,0,0
arsenic-female-bladder_949,0,0.9107142857142856,0.001235008239746,0.0001208782196044,1,0,0,0,1,1,0,0,0,0,0,0,0,0,0,0,0,0,0,0,0,0,1,0,0,0
arsenic-female-bladder_949,0,0.9107142857142856,0.0017216205596923,0.0001428127288818,1,0,0,0,1,0,0,0,0,1,0,0,0,0,0,0,0,0,0,0,0,0,1,0,0,0
arsenic-female-bladder_949,0,0.9107142857142856,0.0020012855529785,0.0001375675201416,1,0,0,0,1,0,0,0,0,0,0,0,0,0,1,0,0,0,0,0,0,0,1,0,0,0
arsenic-female-bladder_949,0,0.9107142857142856,0.0013201236724853,0.0001184940338134,1,0,0,0,1,0,0,0,0,0,0,0,0,1,0,0,0,0,0,0,0,0,1,0,0,0
arsenic-female-bladder_949,0,0.9107142857142856,0.0012297630310058,0.0001204013824462,1,0,0,0,1,0,1,0,0,0,0,0,0,0,0,0,0,0,0,0,0,0,1,0,0,0
arsenic-female-bladder_949,0,0.9107142857142856,0.0012822151184082,0.0001211166381835,0,1,0,1,0,1,0,0,0,0,0,0,0,0,0,0,0,0,0,0,0,0,1,0,0,0
PizzaCutter3_1444,0,0.9043062200956936,0.0054013729095458,0.0001180171966552,1,0,0,1,0,1,0,0,0,0,0,0,0,0,0,0,0,0,0,0,1,0,0,0,0,0
PizzaCutter3_1444,0,0.9043062200956936,0.005594253540039,0.0001492500305175,1,0,1,0,0,1,0,0,0,0,0,0,0,0,0,0,0,0,0,0,1,0,0,0,0,0
PizzaCutter3_1444,0,0.9043062200956936,0.0164728164672851,0.0001802444458007,0,1,0,0,1,0,0,0,0,0,0,0,1,0,0,0,0,0,0,0,0,0,1,0,0,0
PizzaCutter3_1444,0,0.9043062200956936,0.0170290470123291,0.0002486705780029,1,0,1,0,0,0,0,0,0,0,0,0,1,0,0,0,0,0,0,0,0,0,1,0,0,0
PizzaCutter3_1444,0,0.9043062200956936,0.0030643939971923,0.0001273155212402,1,0,0,0,1,1,0,0,0,0,0,0,0,0,0,0,0,0,0,0,0,0,0,0,1,0
PizzaCutter3_1444,0,0.9043062200956936,0.0156755447387695,0.0002150535583496,1,0,0,1,0,0,0,0,0,0,0,0,1,0,0,0,0,0,0,0,0,0,1,0,0,0
PizzaCutter3_1444,0,0.9043062200956936,0.0148918628692626,0.0002539157867431,0,1,0,1,0,0,0,0,0,0,0,0,1,0,0,0,0,0,0,0,0,0,1,0,0,0
PizzaCutter3_1444,0,0.9043062200956936,0.0053162574768066,0.0001170635223388,0,1,0,0,1,1,0,0,0,0,0,0,0,0,0,0,0,0,0,0,1,0,0,0,0,0
PizzaCutter3_1444,0,0.9043062200956936,0.0056126117706298,0.0001752376556396,0,1,0,1,0,1,0,0,0,0,0,0,0,0,0,0,0,0,0,0,1,0,0,0,0,0
PizzaCutter3_1444,0,0.9043062200956936,0.005434513092041,0.0001211166381835,0,1,1,0,0,1,0,0,0,0,0,0,0,0,0,0,0,0,0,0,1,0,0,0,0,0
PizzaCutter3_1444,0,0.9043062200956936,0.0029184818267822,0.0001208782196044,1,0,1,0,0,1,0,0,0,0,0,0,0,0,0,0,0,0,0,0,0,0,0,0,1,0
PizzaCutter3_1444,0,0.9043062200956936,0.0029387474060058,0.000133991241455,0,1,1,0,0,1,0,0,0,0,0,0,0,0,0,0,0,0,0,0,0,0,0,0,1,0
PizzaCutter3_1444,0,0.9043062200956936,0.012341022491455,0.0002102851867675,1,0,0,0,1,0,0,0,0,0,0,0,1,0,0,0,0,0,0,0,0,0,1,0,0,0
PizzaCutter3_1444,0,0.9043062200956936,0.0029184818267822,0.0001327991485595,1,0,0,1,0,1,0,0,0,0,0,0,0,0,0,0,0,0,0,0,0,0,0,0,1,0
PizzaCutter3_1444,0,0.9043062200956936,0.0029263496398925,0.0001249313354492,0,1,0,0,1,1,0,0,0,0,0,0,0,0,0,0,0,0,0,0,0,0,0,0,1,0
PizzaCutter3_1444,0,0.9043062200956936,0.0053887367248535,0.0001192092895507,1,0,0,0,1,1,0,0,0,0,0,0,0,0,0,0,0,0,0,0,1,0,0,0,0,0
PizzaCutter3_1444,0,0.9043062200956936,0.0127573013305664,0.0001845359802246,0,1,1,0,0,0,0,0,0,0,0,0,1,0,0,0,0,0,0,0,0,0,1,0,0,0
PizzaCutter3_1444,0,0.9043062200956936,0.0029201507568359,0.0001404285430908,0,1,0,1,0,1,0,0,0,0,0,0,0,0,0,0,0,0,0,0,0,0,0,0,1,0
PizzaCutter3_1444,0,0.8995215311004785,0.0015702247619628,0.0001180171966552,1,0,1,0,0,0,0,0,0,0,0,0,0,0,0,0,0,1,0,0,0,0,0,1,0,0
PizzaCutter3_1444,0,0.8995215311004785,0.0014576911926269,0.0001134872436523,1,0,1,0,0,0,0,0,1,0,0,0,0,0,0,0,0,0,0,0,0,0,0,1,0,0
robot-failures-lp5_1520,3,0.8181818181818182,0.0547025203704834,0.0002381801605224,1,0,1,0,0,0,0,0,0,0,0,0,0,0,0,1,0,0,0,0,0,0,0,1,0,0
robot-failures-lp5_1520,3,0.8181818181818182,0.0428018569946289,0.0002374649047851,0,1,0,1,0,0,0,0,0,0,0,0,0,0,0,1,0,0,0,0,0,0,0,1,0,0
robot-failures-lp5_1520,3,0.8181818181818182,0.0552399158477783,0.0002534389495849,1,0,0,0,1,0,0,0,0,0,0,0,0,0,0,1,0,0,0,0,0,0,0,1,0,0
robot-failures-lp5_1520,3,0.8181818181818182,0.0409018993377685,0.0002462863922119,0,1,1,0,0,0,0,0,0,0,0,0,0,0,0,1,0,0,0,0,0,0,0,1,0,0
robot-failures-lp5_1520,3,0.8181818181818182,0.0431973934173584,0.0002274513244628,1,0,0,1,0,0,0,0,0,0,0,0,0,0,0,1,0,0,0,0,0,0,0,1,0,0
robot-failures-lp5_1520,3,0.8181818181818182,0.0421912670135498,0.0002326965332031,0,1,0,0,1,0,0,0,0,0,0,0,0,0,0,1,0,0,0,0,0,0,0,1,0,0
robot-failures-lp5_1520,3,0.7575757575757576,0.0045089721679687,0.0001361370086669,0,1,0,1,0,0,0,0,0,0,0,0,1,0,0,0,0,0,0,0,0,0,0,1,0,0
robot-failures-lp5_1520,0,0.7575757575757576,0.0046141147613525,0.0001394748687744,0,1,1,0,0,0,0,0,0,0,0,0,0,0,0,0,1,0,0,0,0,1,0,0,0,0
robot-failures-lp5_1520,0,0.7575757575757576,0.0042061805725097,0.0001263618469238,0,1,0,1,0,0,0,0,0,0,0,0,0,0,0,0,1,0,0,0,0,1,0,0,0,0
robot-failures-lp5_1520,3,0.7575757575757576,0.0036544799804687,0.0001237392425537,0,1,0,1,0,0,0,0,0,0,0,0,0,0,0,0,1,0,0,0,0,1,0,0,0,0
robot-failures-lp5_1520,3,0.7575757575757576,0.0064935684204101,0.0001277923583984,1,0,0,1,0,0,0,0,0,0,0,0,0,0,0,0,1,0,0,0,0,1,0,0,0,0
robot-failures-lp5_1520,0,0.7575757575757576,0.0074336528778076,0.0001783370971679,1,0,0,1,0,0,0,0,0,0,0,0,0,0,0,0,1,0,0,0,0,1,0,0,0,0
robot-failures-lp5_1520,3,0.7575757575757576,0.00718355178833,0.0001382827758789,1,0,1,0,0,0,0,0,0,0,0,0,1,0,0,0,0,0,0,0,0,0,0,1,0,0
robot-failures-lp5_1520,3,0.7575757575757576,0.0049104690551757,0.0001866817474365,0,1,1,0,0,0,0,0,0,0,0,0,0,0,0,0,1,0,0,0,0,1,0,0,0,0
robot-failures-lp5_1520,3,0.7575757575757576,0.004166841506958,0.0001380443572998,1,0,1,0,0,0,0,0,0,0,0,0,0,0,0,0,1,0,0,0,0,1,0,0,0,0
robot-failures-lp5_1520,0,0.7575757575757576,0.0073959827423095,0.0001771450042724,1,0,1,0,0,0,0,0,0,0,0,0,0,0,0,0,1,0,0,0,0,1,0,0,0,0
robot-failures-lp5_1520,3,0.7575757575757576,0.0074601173400878,0.0001587867736816,1,0,0,1,0,0,0,0,0,0,0,0,1,0,0,0,0,0,0,0,0,0,0,1,0,0
robot-failures-lp5_1520,0,0.7575757575757576,0.0049705505371093,0.0001626014709472,0,1,0,0,1,0,0,0,0,0,0,0,0,0,0,0,1,0,0,0,0,1,0,0,0,0
robot-failures-lp5_1520,3,0.7575757575757576,0.0050268173217773,0.0001862049102783,0,1,1,0,0,0,0,0,0,0,0,0,1,0,0,0,0,0,0,0,0,0,0,1,0,0
robot-failures-lp5_1520,3,0.7575757575757576,0.0037908554077148,0.0001397132873535,0,1,0,0,1,0,0,0,0,0,0,0,0,0,0,0,1,0,0,0,0,1,0,0,0,0
satimage_182,0,0.9043545878693624,0.3367257118225097,0.0004541873931884,0,1,1,0,0,0,0,0,0,0,0,0,0,0,0,0,1,0,0,1,0,0,0,0,0,0
satimage_182,0,0.9043545878693624,0.3694462776184082,0.0005145072937011,0,1,0,0,1,0,0,0,0,0,0,0,0,0,0,0,1,0,0,1,0,0,0,0,0,0
satimage_182,0,0.9043545878693624,0.3032798767089844,0.0004723072052001,1,0,0,1,0,0,0,0,0,0,0,0,0,0,0,0,1,0,0,1,0,0,0,0,0,0
satimage_182,0,0.9043545878693624,0.3538992404937744,0.000511884689331,1,0,0,0,1,0,0,0,0,0,0,0,0,0,0,0,1,0,0,1,0,0,0,0,0,0
satimage_182,0,0.9043545878693624,0.3888144493103027,0.0005419254302978,0,1,0,1,0,0,0,0,0,0,0,0,0,0,0,0,1,0,0,1,0,0,0,0,0,0
satimage_182,0,0.9043545878693624,0.3552229404449463,0.0004529953002929,1,0,1,0,0,0,0,0,0,0,0,0,0,0,0,0,1,0,0,1,0,0,0,0,0,0
satimage_182,2,0.9035769828926904,4.722822427749634,0.0110261440277099,0,1,0,1,0,0,0,0,0,0,0,0,0,0,1,0,0,0,0,0,0,0,0,1,0,0
satimage_182,2,0.9035769828926904,7.411407947540283,0.0086498260498046,1,0,1,0,0,0,0,0,0,0,0,0,0,0,1,0,0,0,0,0,0,0,0,1,0,0
satimage_182,2,0.9035769828926904,4.349568843841553,0.0090210437774658,1,0,0,0,1,0,0,0,0,0,0,0,0,0,1,0,0,0,0,0,0,0,0,1,0,0
satimage_182,2,0.9035769828926904,4.720926523208618,0.0084486007690429,0,1,1,0,0,0,0,0,0,0,0,0,0,0,1,0,0,0,0,0,0,0,0,1,0,0
satimage_182,2,0.9035769828926904,4.723905324935913,0.0098929405212402,0,1,0,0,1,0,0,0,0,0,0,0,0,0,1,0,0,0,0,0,0,0,0,1,0,0
satimage_182,2,0.9035769828926904,4.706658840179443,0.0120332241058349,1,0,0,1,0,0,0,0,0,0,0,0,0,0,1,0,0,0,0,0,0,0,0,1,0,0
satimage_182,0,0.9020217729393468,0.3913633823394775,0.0004825592041015,0,1,0,1,0,0,0,0,0,0,0,0,1,0,0,0,0,0,0,0,0,0,1,0,0,0
satimage_182,2,0.9020217729393468,15.082936763763428,0.005594253540039,0,1,1,0,0,0,0,0,0,0,0,0,0,0,1,0,0,0,0,0,0,0,0,0,1,0
satimage_182,0,0.9020217729393468,0.3504819869995117,0.0004537105560302,1,0,0,0,1,0,0,0,0,0,0,0,1,0,0,0,0,0,0,0,0,0,1,0,0,0
satimage_182,0,0.9020217729393468,0.3968915939331054,0.00048828125,0,1,1,0,0,0,0,0,0,0,0,0,1,0,0,0,0,0,0,0,0,0,1,0,0,0
satimage_182,2,0.9020217729393468,13.609739303588867,0.0090022087097167,0,1,0,0,1,0,0,0,0,0,0,0,0,0,1,0,0,0,0,0,0,0,0,0,1,0
satimage_182,2,0.9020217729393468,13.525017261505129,0.0080881118774414,0,1,0,1,0,0,0,0,0,0,0,0,0,0,1,0,0,0,0,0,0,0,0,0,1,0
satimage_182,2,0.9020217729393468,12.370022296905518,0.0112967491149902,1,0,1,0,0,0,0,0,0,0,0,0,0,0,1,0,0,0,0,0,0,0,0,0,1,0
satimage_182,0,0.9020217729393468,0.3435907363891601,0.0004372596740722,1,0,0,1,0,0,0,0,0,0,0,0,1,0,0,0,0,0,0,0,0,0,1,0,0,0
fri_c4_500_50_805,0,0.71,0.0010430812835693,0.0001089572906494,1,0,0,0,1,0,0,0,1,0,0,0,0,0,0,0,0,0,0,0,0,0,1,0,0,0
fri_c4_500_50_805,0,0.71,0.0010581016540527,0.0001091957092285,1,0,1,0,0,0,0,0,1,0,0,0,0,0,0,0,0,0,0,0,0,0,0,0,0,1
fri_c4_500_50_805,0,0.71,0.0011844635009765,0.0001149177551269,1,0,0,0,1,0,0,0,1,0,0,0,0,0,0,0,0,0,0,0,0,1,0,0,0,0
fri_c4_500_50_805,0,0.71,0.001033067703247,0.0001087188720703,1,0,1,0,0,0,0,0,1,0,0,0,0,0,0,0,0,0,0,0,1,0,0,0,0,0
fri_c4_500_50_805,0,0.71,0.0011050701141357,0.0001313686370849,1,0,0,1,0,0,0,0,1,0,0,0,0,0,0,0,0,0,0,0,0,0,1,0,0,0
fri_c4_500_50_805,0,0.71,0.0011630058288574,0.0001075267791748,0,1,0,0,1,0,0,0,1,0,0,0,0,0,0,0,0,0,0,0,0,0,0,0,0,1
fri_c4_500_50_805,0,0.71,0.0010693073272705,0.0001115798950195,1,0,0,1,0,0,0,0,1,0,0,0,0,0,0,0,0,0,0,0,0,0,0,1,0,0
fri_c4_500_50_805,0,0.71,0.0012242794036865,0.0001111030578613,0,1,0,1,0,0,0,0,1,0,0,0,0,0,0,0,0,0,0,0,1,0,0,0,0,0
fri_c4_500_50_805,0,0.71,0.0011096000671386,0.0001094341278076,1,0,0,0,1,0,0,0,1,0,0,0,0,0,0,0,0,0,0,0,0,0,0,0,1,0
fri_c4_500_50_805,0,0.71,0.0012187957763671,0.0001125335693359,0,1,1,0,0,0,0,0,1,0,0,0,0,0,0,0,0,0,0,0,0,0,0,0,0,1
fri_c4_500_50_805,0,0.71,0.0012543201446533,0.0001182556152343,0,1,1,0,0,0,0,0,1,0,0,0,0,0,0,0,0,0,0,0,1,0,0,0,0,0
fri_c4_500_50_805,0,0.71,0.0010385513305664,0.0001258850097656,0,1,0,0,1,0,0,0,1,0,0,0,0,0,0,0,0,0,0,0,0,0,0,1,0,0
fri_c4_500_50_805,0,0.71,0.0011065006256103,0.0001256465911865,1,0,0,0,1,0,0,0,1,0,0,0,0,0,0,0,0,0,0,0,0,0,0,1,0,0
fri_c4_500_50_805,0,0.71,0.0012211799621582,0.0001089572906494,1,0,0,1,0,0,0,0,1,0,0,0,0,0,0,0,0,0,0,0,0,0,0,0,0,1
fri_c4_500_50_805,0,0.71,0.0012235641479492,0.000126838684082,0,1,0,1,0,0,0,0,1,0,0,0,0,0,0,0,0,0,0,0,0,0,1,0,0,0
fri_c4_500_50_805,0,0.71,0.0010793209075927,0.0001072883605957,1,0,0,0,1,0,0,0,1,0,0,0,0,0,0,0,0,0,0,0,0,0,0,0,0,1
fri_c4_500_50_805,0,0.71,0.0010654926300048,0.0001306533813476,0,1,1,0,0,0,0,0,1,0,0,0,0,0,0,0,0,0,0,0,0,0,1,0,0,0
fri_c4_500_50_805,0,0.71,0.0011286735534667,0.0001084804534912,1,0,0,0,1,0,0,0,1,0,0,0,0,0,0,0,0,0,0,1,0,0,0,0,0,0
fri_c4_500_50_805,0,0.71,0.0010790824890136,0.0001072883605957,1,0,0,1,0,0,0,0,1,0,0,0,0,0,0,0,0,0,0,0,0,1,0,0,0,0
fri_c4_500_50_805,0,0.71,0.0010509490966796,0.000105857849121,0,1,0,0,1,0,0,0,1,0,0,0,0,0,0,0,0,0,0,0,0,1,0,0,0,0
SPECT_336,4,0.8867924528301887,0.001089334487915,0.0001029968261718,1,0,0,0,1,1,0,0,0,0,0,0,0,0,0,0,0,0,0,0,1,0,0,0,0,0
SPECT_336,4,0.8867924528301887,0.0011489391326904,0.0001227855682373,0,1,0,0,1,1,0,0,0,0,0,0,0,0,0,0,0,0,0,0,0,1,0,0,0,0
SPECT_336,4,0.8867924528301887,0.001091718673706,0.0001187324523925,0,1,0,0,1,1,0,0,0,0,0,0,0,0,0,0,0,0,0,0,0,0,0,1,0,0
SPECT_336,4,0.8867924528301887,0.0031805038452148,0.0001299381256103,1,0,0,0,1,0,0,0,0,0,0,0,0,0,0,0,1,0,0,0,0,1,0,0,0,0
SPECT_336,4,0.8867924528301887,0.0011868476867675,0.0001249313354492,1,0,1,0,0,1,0,0,0,0,0,0,0,0,0,0,0,0,0,0,0,0,0,0,0,1
SPECT_336,4,0.8867924528301887,0.0031349658966064,0.0001289844512939,0,1,0,0,1,0,0,0,0,0,0,0,0,0,0,0,1,0,0,0,0,1,0,0,0,0
SPECT_336,2,0.8867924528301887,0.0012192726135253,0.0001370906829833,0,1,0,0,1,0,0,1,0,0,0,0,0,0,0,0,0,0,0,0,0,1,0,0,0,0
SPECT_336,4,0.8867924528301887,0.0010850429534912,0.0001180171966552,1,0,0,0,1,1,0,0,0,0,0,0,0,0,0,0,0,0,0,0,0,0,0,0,0,1
SPECT_336,4,0.8867924528301887,0.0011107921600341,0.0001215934753417,1,0,0,0,1,1,0,0,0,0,0,0,0,0,0,0,0,0,0,0,0,0,0,0,1,0
SPECT_336,4,0.8867924528301887,0.0011467933654785,0.0001165866851806,0,1,0,0,1,1,0,0,0,0,0,0,0,0,0,0,0,0,0,0,0,0,1,0,0,0
SPECT_336,2,0.8867924528301887,0.0009822845458984,0.0001163482666015,0,1,0,0,1,0,0,1,0,0,0,0,0,0,0,0,0,0,0,0,0,0,1,0,0,0
SPECT_336,4,0.8867924528301887,0.0011401176452636,0.0001072883605957,1,0,1,0,0,1,0,0,0,0,0,0,0,0,0,0,0,0,0,0,1,0,0,0,0,0
SPECT_336,4,0.8867924528301887,0.0027120113372802,0.0001282691955566,0,1,0,1,0,0,0,0,0,0,0,0,0,0,0,0,1,0,0,0,0,1,0,0,0,0
SPECT_336,2,0.8867924528301887,0.0009245872497558,0.0001099109649658,1,0,1,0,0,0,0,1,0,0,0,0,0,0,0,0,0,0,0,0,0,0,1,0,0,0
SPECT_336,4,0.8867924528301887,0.0011548995971679,0.0001206398010253,1,0,0,1,0,1,0,0,0,0,0,0,0,0,0,0,0,0,0,0,0,1,0,0,0,0
SPECT_336,4,0.8867924528301887,0.0010521411895751,0.0001125335693359,0,1,1,0,0,1,0,0,0,0,0,0,0,0,0,0,0,0,0,1,0,0,0,0,0,0
SPECT_336,4,0.8867924528301887,0.001115083694458,0.0001165866851806,1,0,0,1,0,1,0,0,0,0,0,0,0,0,0,0,0,0,0,0,1,0,0,0,0,0
SPECT_336,4,0.8867924528301887,0.0010504722595214,0.0001165866851806,1,0,1,0,0,1,0,0,0,0,0,0,0,0,0,0,0,0,0,0,0,0,1,0,0,0
SPECT_336,2,0.8867924528301887,0.0010261535644531,0.0001146793365478,0,1,0,1,0,0,0,1,0,0,0,0,0,0,0,0,0,0,0,0,0,0,1,0,0,0
SPECT_336,4,0.8867924528301887,0.0011398792266845,0.0001215934753417,1,0,0,0,1,1,0,0,0,0,0,0,0,0,0,0,0,0,0,1,0,0,0,0,0,0
LED-display-domain-7digit_40496,4,0.81,0.0062665939331054,0.0002095699310302,0,1,0,0,1,0,0,0,0,0,0,0,0,0,1,0,0,0,0,0,0,1,0,0,0,0
LED-display-domain-7digit_40496,4,0.81,0.0058162212371826,0.0001318454742431,1,0,0,0,1,0,0,0,0,0,0,0,0,0,1,0,0,0,0,0,0,1,0,0,0,0
LED-display-domain-7digit_40496,4,0.81,0.0059547424316406,0.0001671314239501,1,0,0,1,0,0,0,0,0,0,0,0,0,0,1,0,0,0,0,0,0,1,0,0,0,0
LED-display-domain-7digit_40496,4,0.81,0.0089154243469238,0.0001389980316162,0,1,0,1,0,0,0,0,0,0,0,0,0,0,1,0,0,0,0,0,0,1,0,0,0,0
LED-display-domain-7digit_40496,4,0.81,0.0059034824371337,0.0001332759857177,0,1,1,0,0,0,0,0,0,0,0,0,0,0,1,0,0,0,0,0,0,1,0,0,0,0
LED-display-domain-7digit_40496,4,0.81,0.0067882537841796,0.0001561641693115,1,0,1,0,0,0,0,0,0,0,0,0,0,0,1,0,0,0,0,0,0,1,0,0,0,0
LED-display-domain-7digit_40496,4,0.8,0.0022554397583007,0.0001232624053955,1,0,0,0,1,0,1,0,0,0,0,0,0,0,0,0,0,0,0,0,0,0,0,0,1,0
LED-display-domain-7digit_40496,4,0.8,0.0032329559326171,0.0001502037048339,1,0,1,0,0,0,0,0,0,1,0,0,0,0,0,0,0,0,0,0,0,0,0,1,0,0
LED-display-domain-7digit_40496,4,0.8,0.002303123474121,0.0001235008239746,0,1,0,0,1,0,1,0,0,0,0,0,0,0,0,0,0,0,0,0,1,0,0,0,0,0
LED-display-domain-7digit_40496,4,0.8,0.0031180381774902,0.0001888275146484,0,1,1,0,0,0,0,0,0,1,0,0,0,0,0,0,0,0,0,0,1,0,0,0,0,0
LED-display-domain-7digit_40496,4,0.8,0.0023798942565917,0.0001258850097656,1,0,0,1,0,0,1,0,0,0,0,0,0,0,0,0,0,0,0,0,1,0,0,0,0,0
LED-display-domain-7digit_40496,4,0.8,0.0034759044647216,0.0001783370971679,0,1,0,1,0,0,0,0,0,1,0,0,0,0,0,0,0,0,0,0,0,0,0,1,0,0
LED-display-domain-7digit_40496,4,0.8,0.0026192665100097,0.0001323223114013,1,0,0,0,1,0,0,0,0,0,0,0,0,1,0,0,0,0,0,0,0,0,0,0,1,0
LED-display-domain-7digit_40496,4,0.8,0.0030217170715332,0.0001485347747802,1,0,0,0,1,0,0,0,0,1,0,0,0,0,0,0,0,0,0,1,0,0,0,0,0,0
LED-display-domain-7digit_40496,4,0.8,0.0023040771484375,0.0001251697540283,0,1,1,0,0,0,1,0,0,0,0,0,0,0,0,0,0,0,0,0,0,0,0,1,0,0
LED-display-domain-7digit_40496,4,0.8,0.0024304389953613,0.0001301765441894,0,1,1,0,0,0,0,0,0,0,0,0,0,1,0,0,0,0,0,0,0,0,0,1,0,0
LED-display-domain-7digit_40496,4,0.8,0.0033278465270996,0.0001454353332519,1,0,0,0,1,0,0,0,0,1,0,0,0,0,0,0,0,0,0,0,0,0,0,1,0,0
LED-display-domain-7digit_40496,4,0.8,0.0024592876434326,0.0001232624053955,0,1,0,0,1,0,0,0,0,0,0,0,0,1,0,0,0,0,0,0,1,0,0,0,0,0
LED-display-domain-7digit_40496,4,0.8,0.003162145614624,0.0001919269561767,0,1,1,0,0,0,0,0,0,1,0,0,0,0,0,0,0,0,0,0,0,0,1,0,0,0
LED-display-domain-7digit_40496,4,0.8,0.0040466785430908,0.0001876354217529,1,0,0,1,0,0,0,0,0,1,0,0,0,0,0,0,0,0,0,0,1,0,0,0,0,0
Mammographic-Mass-Data-Set_45557,0,0.8393782383419689,0.0121746063232421,0.0002517700195312,0,1,0,1,0,0,0,0,0,0,0,0,1,0,0,0,0,0,0,0,0,0,0,1,0,0
Mammographic-Mass-Data-Set_45557,0,0.8393782383419689,0.0110650062561035,0.0001981258392333,0,1,1,0,0,0,0,0,0,0,0,0,1,0,0,0,0,0,0,1,0,0,0,0,0,0
Mammographic-Mass-Data-Set_45557,0,0.8393782383419689,0.0092580318450927,0.0002763271331787,0,1,1,0,0,0,0,0,0,0,0,0,1,0,0,0,0,0,0,0,0,0,0,1,0,0
Mammographic-Mass-Data-Set_45557,0,0.8393782383419689,0.008174180984497,0.0001857280731201,0,1,0,0,1,0,0,0,0,0,0,0,1,0,0,0,0,0,0,0,0,0,0,1,0,0
Mammographic-Mass-Data-Set_45557,0,0.8393782383419689,0.0095040798187255,0.0001702308654785,0,1,0,0,1,0,0,0,0,0,0,0,1,0,0,0,0,0,0,1,0,0,0,0,0,0
Mammographic-Mass-Data-Set_45557,0,0.8393782383419689,0.0107777118682861,0.0002458095550537,0,1,0,1,0,0,0,0,0,0,0,0,1,0,0,0,0,0,0,1,0,0,0,0,0,0
Mammographic-Mass-Data-Set_45557,0,0.8341968911917098,0.001108169555664,0.0001101493835449,0,1,0,1,0,0,0,0,0,0,0,0,0,0,0,0,0,0,1,1,0,0,0,0,0,0
Mammographic-Mass-Data-Set_45557,0,0.8341968911917098,0.0010633468627929,0.0001347064971923,0,1,0,1,0,0,0,0,0,0,1,0,0,0,0,0,0,0,0,0,0,0,0,1,0,0
Mammographic-Mass-Data-Set_45557,0,0.8341968911917098,0.0011401176452636,0.0001113414764404,0,1,0,0,1,0,0,0,0,0,0,0,0,0,0,0,0,0,1,1,0,0,0,0,0,0
Mammographic-Mass-Data-Set_45557,0,0.8341968911917098,0.0011897087097167,0.0001156330108642,0,1,0,0,1,0,0,0,0,0,1,0,0,0,0,0,0,0,0,0,0,0,0,1,0,0
Mammographic-Mass-Data-Set_45557,0,0.8341968911917098,0.0011653900146484,0.0001144409179687,0,1,0,1,0,1,0,0,0,0,0,0,0,0,0,0,0,0,0,0,0,0,0,1,0,0
Mammographic-Mass-Data-Set_45557,0,0.8341968911917098,0.0013210773468017,0.0001208782196044,0,1,1,0,0,0,0,0,0,0,1,0,0,0,0,0,0,0,0,0,0,0,0,1,0,0
Mammographic-Mass-Data-Set_45557,0,0.8341968911917098,0.0011775493621826,0.0001389980316162,0,1,1,0,0,1,0,0,0,0,0,0,0,0,0,0,0,0,0,0,0,0,0,1,0,0
Mammographic-Mass-Data-Set_45557,0,0.8341968911917098,0.0013232231140136,0.0001647472381591,0,1,1,0,0,0,0,0,0,0,0,0,0,0,0,0,0,0,1,1,0,0,0,0,0,0
Mammographic-Mass-Data-Set_45557,0,0.8341968911917098,0.0012087821960449,0.0001180171966552,0,1,0,0,1,1,0,0,0,0,0,0,0,0,0,0,0,0,0,0,0,0,0,1,0,0
Mammographic-Mass-Data-Set_45557,2,0.8333333333333334,0.011418342590332,0.0002591609954833,0,1,1,0,0,0,0,0,0,0,0,0,1,0,0,0,0,0,0,0,0,0,0,1,0,0
Mammographic-Mass-Data-Set_45557,2,0.8333333333333334,0.0134274959564208,0.0002541542053222,0,1,0,1,0,0,0,0,0,0,0,0,1,0,0,0,0,0,0,0,0,0,0,1,0,0
Mammographic-Mass-Data-Set_45557,2,0.8333333333333334,0.0079858303070068,0.0001721382141113,0,1,0,0,1,0,0,0,0,0,0,0,1,0,0,0,0,0,0,0,0,0,0,1,0,0
Mammographic-Mass-Data-Set_45557,0,0.8290155440414507,0.0013530254364013,0.0001158714294433,0,1,0,1,0,1,0,0,0,0,0,0,0,0,0,0,0,0,0,0,0,0,1,0,0,0
Mammographic-Mass-Data-Set_45557,0,0.8290155440414507,0.0010316371917724,0.0001106262207031,0,1,0,1,0,0,0,0,0,0,0,0,0,0,0,0,0,0,1,0,0,0,0,1,0,0
vote_56,1,1.0,0.0033357143402099,0.0001225471496582,0,1,0,0,1,0,0,0,0,0,0,0,0,0,1,0,0,0,0,1,0,0,0,0,0,0
vote_56,1,1.0,0.0133032798767089,0.0001604557037353,0,1,0,0,1,0,0,0,0,0,0,0,0,0,0,1,0,0,0,0,0,1,0,0,0,0
vote_56,1,0.9885057471264368,0.0160150527954101,0.000162124633789,1,0,0,1,0,0,0,0,0,0,0,0,0,0,0,1,0,0,0,0,0,0,0,0,0,1
vote_56,1,0.9885057471264368,0.0015585422515869,0.0001266002655029,1,0,0,1,0,0,0,0,0,0,0,1,0,0,0,0,0,0,0,0,0,1,0,0,0,0
vote_56,1,0.9885057471264368,0.0120596885681152,0.000133991241455,0,1,0,0,1,0,0,0,0,0,0,0,0,0,1,0,0,0,0,0,0,0,0,0,1,0
vote_56,1,0.9885057471264368,0.0045948028564453,0.0002064704895019,0,1,0,1,0,0,0,0,0,0,0,0,0,0,1,0,0,0,0,0,0,1,0,0,0,0
vote_56,1,0.9885057471264368,0.0022740364074707,0.0001347064971923,1,0,0,1,0,0,0,0,0,0,0,0,0,1,0,0,0,0,0,0,0,1,0,0,0,0
vote_56,1,0.9885057471264368,0.0021483898162841,0.0001428127288818,1,0,0,1,0,0,0,0,0,1,0,0,0,0,0,0,0,0,0,0,0,1,0,0,0,0
vote_56,0,0.9885057471264368,0.0013723373413085,0.0001170635223388,0,1,0,0,1,0,0,0,0,0,0,1,0,0,0,0,0,0,0,0,0,0,1,0,0,0
vote_56,1,0.9885057471264368,0.017305850982666,0.0001678466796875,1,0,0,1,0,0,0,0,0,0,0,0,0,0,0,1,0,0,0,0,0,0,1,0,0,0
vote_56,0,0.9885057471264368,0.0012304782867431,0.000117540359497,0,1,0,0,1,0,1,0,0,0,0,0,0,0,0,0,0,0,0,0,0,0,1,0,0,0
vote_56,0,0.9885057471264368,0.0014622211456298,0.0001113414764404,0,1,0,0,1,0,0,0,0,0,0,0,0,1,0,0,0,0,0,0,0,0,1,0,0,0
vote_56,1,0.9885057471264368,0.0023779869079589,0.0001924037933349,0,1,0,1,0,0,0,0,0,0,0,0,0,1,0,0,0,0,0,0,0,1,0,0,0,0
vote_56,1,0.9885057471264368,0.0030968189239501,0.0001349449157714,0,1,0,1,0,0,0,0,0,0,0,0,1,0,0,0,0,0,0,0,0,0,0,0,1,0
vote_56,1,0.9885057471264368,0.0124118328094482,0.0001313686370849,1,0,0,1,0,0,0,0,0,0,0,0,0,0,0,1,0,0,0,0,1,0,0,0,0,0
vote_56,1,0.9885057471264368,0.0127384662628173,0.0002107620239257,1,0,0,1,0,0,0,0,0,0,0,0,0,0,0,1,0,0,0,0,0,0,0,1,0,0
vote_56,0,0.9885057471264368,0.0013198852539062,0.0001153945922851,0,1,0,0,1,0,1,0,0,0,0,0,0,0,0,0,0,0,0,0,0,0,0,0,1,0
vote_56,1,0.9885057471264368,0.0031507015228271,0.0001399517059326,0,1,0,1,0,0,0,0,0,0,0,0,1,0,0,0,0,0,0,1,0,0,0,0,0,0
vote_56,0,0.9885057471264368,0.0026178359985351,0.0010781288146972,0,1,0,0,1,0,0,0,0,0,0,1,0,0,0,0,0,0,0,0,1,0,0,0,0,0
vote_56,0,0.9885057471264368,0.0012652873992919,0.0001091957092285,0,1,0,0,1,0,0,0,0,0,0,0,0,1,0,0,0,0,0,0,1,0,0,0,0,0
chscase_census2_909,2,0.65,0.0010366439819335,0.0001184940338134,1,0,1,0,0,0,0,0,0,0,1,0,0,0,0,0,0,0,0,0,0,0,1,0,0,0
chscase_census2_909,2,0.65,0.0011310577392578,0.0001239776611328,1,0,0,0,1,0,0,0,0,0,1,0,0,0,0,0,0,0,0,0,0,0,1,0,0,0
chscase_census2_909,2,0.65,0.0011661052703857,0.0001187324523925,0,1,0,1,0,0,0,0,0,0,1,0,0,0,0,0,0,0,0,0,0,0,1,0,0,0
chscase_census2_909,2,0.65,0.0011272430419921,0.0001230239868164,0,1,1,0,0,0,0,0,0,0,1,0,0,0,0,0,0,0,0,0,0,0,1,0,0,0
chscase_census2_909,2,0.65,0.0011031627655029,0.0001194477081298,0,1,0,0,1,0,0,0,0,0,1,0,0,0,0,0,0,0,0,0,0,0,1,0,0,0
chscase_census2_909,2,0.65,0.0010621547698974,0.0001170635223388,1,0,0,1,0,0,0,0,0,0,1,0,0,0,0,0,0,0,0,0,0,0,1,0,0,0
chscase_census2_909,2,0.6375,0.0012340545654296,0.0001208782196044,1,0,0,0,1,0,0,0,0,0,0,0,0,0,0,0,0,0,1,0,1,0,0,0,0,0
chscase_census2_909,2,0.6375,0.0010547637939453,0.0001173019409179,0,1,1,0,0,0,0,0,0,0,1,0,0,0,0,0,0,0,0,0,0,0,0,1,0,0
chscase_census2_909,2,0.6375,0.0012176036834716,0.0001194477081298,0,1,0,0,1,0,0,0,0,0,0,0,0,0,0,0,0,0,1,0,1,0,0,0,0,0
chscase_census2_909,2,0.6375,0.0010607242584228,0.0001168251037597,1,0,0,1,0,0,0,0,0,0,1,0,0,0,0,0,0,0,0,0,0,0,0,1,0,0
chscase_census2_909,2,0.6375,0.0011487007141113,0.0001187324523925,0,1,1,0,0,0,0,1,0,0,0,0,0,0,0,0,0,0,0,0,1,0,0,0,0,0
chscase_census2_909,2,0.6375,0.0012269020080566,0.0001277923583984,1,0,1,0,0,0,0,1,0,0,0,0,0,0,0,0,0,0,0,0,1,0,0,0,0,0
chscase_census2_909,2,0.6375,0.0013694763183593,0.0001428127288818,1,0,1,0,0,0,0,0,0,0,1,0,0,0,0,0,0,0,0,0,0,0,0,1,0,0
chscase_census2_909,2,0.6375,0.0013248920440673,0.0001215934753417,1,0,0,1,0,0,0,0,0,0,0,0,0,0,0,0,0,0,1,0,1,0,0,0,0,0
chscase_census2_909,2,0.6375,0.0010960102081298,0.0001158714294433,0,1,0,0,1,0,0,1,0,0,0,0,0,0,0,0,0,0,0,0,1,0,0,0,0,0
chscase_census2_909,2,0.6375,0.0010821819305419,0.0001163482666015,0,1,0,0,1,0,0,0,0,0,1,0,0,0,0,0,0,0,0,0,0,0,0,1,0,0
chscase_census2_909,2,0.6375,0.0011987686157226,0.0001206398010253,0,1,1,0,0,0,0,0,0,0,0,0,0,0,0,0,0,0,1,0,1,0,0,0,0,0
chscase_census2_909,2,0.6375,0.0011894702911376,0.0001180171966552,1,0,0,0,1,0,0,1,0,0,0,0,0,0,0,0,0,0,0,0,1,0,0,0,0,0
chscase_census2_909,2,0.6375,0.001115083694458,0.0001165866851806,1,0,0,1,0,0,0,1,0,0,0,0,0,0,0,0,0,0,0,0,1,0,0,0,0,0
chscase_census2_909,2,0.6375,0.0010833740234375,0.0001170635223388,1,0,0,0,1,0,0,0,0,0,1,0,0,0,0,0,0,0,0,0,0,0,0,1,0,0
autoPrice_756,1,1.0,0.0050375461578369,0.0001227855682373,1,0,0,1,0,0,0,0,0,0,0,0,0,0,1,0,0,0,0,0,0,0,0,1,0,0
autoPrice_756,1,1.0,0.0024371147155761,0.0002541542053222,0,1,0,0,1,0,0,0,0,1,0,0,0,0,0,0,0,0,0,0,0,0,0,1,0,0
autoPrice_756,1,1.0,0.0014817714691162,0.0001380443572998,0,1,0,0,1,0,0,0,0,1,0,0,0,0,0,0,0,0,0,0,0,0,1,0,0,0
autoPrice_756,1,1.0,0.0015342235565185,0.0001566410064697,1,0,1,0,0,0,0,0,0,0,0,1,0,0,0,0,0,0,0,0,0,0,0,0,0,1
autoPrice_756,1,1.0,0.0011942386627197,0.0001211166381835,1,0,1,0,0,0,0,0,0,0,0,0,0,1,0,0,0,0,0,0,0,0,0,0,0,1
autoPrice_756,1,1.0,0.001387596130371,0.0001394748687744,0,1,0,0,1,0,0,0,0,0,0,1,0,0,0,0,0,0,0,0,0,0,0,1,0,0
autoPrice_756,3,1.0,0.0013031959533691,0.0001533031463623,0,1,0,0,1,0,0,0,0,0,0,1,0,0,0,0,0,0,0,0,0,0,0,1,0,0
autoPrice_756,1,1.0,0.0011959075927734,0.0001301765441894,0,1,0,0,1,0,0,0,0,0,0,0,0,1,0,0,0,0,0,0,0,0,0,1,0,0
autoPrice_756,1,1.0,0.0011885166168212,0.0001235008239746,0,1,0,0,1,1,0,0,0,0,0,0,0,0,0,0,0,0,0,0,0,0,0,1,0,0
autoPrice_756,1,1.0,0.0011899471282958,0.0001215934753417,1,0,1,0,0,0,1,0,0,0,0,0,0,0,0,0,0,0,0,0,1,0,0,0,0,0
autoPrice_756,0,1.0,0.0010359287261962,0.0001397132873535,0,1,0,0,1,0,0,0,0,0,0,0,0,0,0,0,0,1,0,0,0,0,0,1,0,0
autoPrice_756,3,1.0,0.0012774467468261,0.0001280307769775,0,1,0,0,1,0,0,0,0,0,0,0,0,1,0,0,0,0,0,0,0,0,0,1,0,0
autoPrice_756,1,1.0,0.0012035369873046,0.0001411437988281,0,1,0,0,1,0,1,0,0,0,0,0,0,0,0,0,0,0,0,0,0,0,0,1,0,0
autoPrice_756,1,1.0,0.0095019340515136,0.0001413822174072,1,0,0,0,1,0,0,0,0,0,0,0,0,0,0,1,0,0,0,0,0,0,0,0,0,1
autoPrice_756,3,1.0,0.0079355239868164,0.000154972076416,1,0,0,0,1,0,0,0,0,0,0,0,0,0,0,1,0,0,0,0,0,0,0,0,0,1
autoPrice_756,1,1.0,0.0028793811798095,0.0001823902130126,1,0,0,0,1,0,0,0,0,0,0,0,1,0,0,0,0,0,0,0,0,0,0,0,0,1
autoPrice_756,3,1.0,0.0022227764129638,0.0002048015594482,1,0,0,0,1,0,0,0,0,0,0,0,1,0,0,0,0,0,0,0,0,0,0,0,0,1
autoPrice_756,1,1.0,0.0013563632965087,0.000119924545288,1,0,1,0,0,0,0,0,0,0,0,0,0,1,0,0,0,0,0,0,1,0,0,0,0,0
autoPrice_756,1,1.0,0.0011591911315917,0.0001177787780761,1,0,1,0,0,0,1,0,0,0,0,0,0,0,0,0,0,0,0,0,0,0,0,0,0,1
autoPrice_756,3,1.0,0.0094218254089355,0.0001370906829833,0,1,0,0,1,0,0,0,0,0,0,0,0,0,0,1,0,0,0,0,0,0,1,0,0,0
