Dataset,Fold,Fold Accuracy,Training Time,Testing Time,Imputer Strategy_none,Imputer Strategy_simpleimputer,Categorical Strategy_none,Categorical Strategy_onehot,Categorical Strategy_ordinalencoder,Feature Selection_extra_tree,Feature Selection_fastica,Feature Selection_feature_agglomeration,Feature Selection_generic_univariate,Feature Selection_kernel_pca,Feature Selection_linear_svc,Feature Selection_none,Feature Selection_nystroem,Feature Selection_pca,Feature Selection_polynomial_features,Feature Selection_rbf_sampler,Feature Selection_select_percentile,Feature Selection_truncated_svd,Scaler_minmax,Scaler_none,Scaler_normalizer,Scaler_power,Scaler_quantile,Scaler_robust,Scaler_standard
autoUniv-au6-1000_1555,3,0.325,0.0015180110931396,0.0002856254577636,0,1,0,0,1,0,0,0,1,0,0,0,0,0,0,0,0,0,0,0,0,0,1,0,0
autoUniv-au6-1000_1555,3,0.325,0.0016121864318847,0.0003178119659423,1,0,0,0,1,0,0,0,1,0,0,0,0,0,0,0,0,0,0,0,0,0,1,0,0
autoUniv-au6-1000_1555,3,0.325,0.0015599727630615,0.0002877712249755,1,0,0,1,0,0,0,0,1,0,0,0,0,0,0,0,0,0,0,0,0,0,1,0,0
autoUniv-au6-1000_1555,3,0.325,0.0014898777008056,0.0002815723419189,0,1,0,1,0,0,0,0,1,0,0,0,0,0,0,0,0,0,0,0,0,0,1,0,0
autoUniv-au6-1000_1555,3,0.315,0.0015785694122314,0.0003347396850585,1,0,0,0,1,0,0,1,0,0,0,0,0,0,0,0,0,0,0,0,0,1,0,0,0
autoUniv-au6-1000_1555,3,0.315,0.0017008781433105,0.0003449916839599,1,0,0,0,1,0,0,0,0,0,0,0,0,0,0,0,1,0,0,0,0,0,1,0,0
autoUniv-au6-1000_1555,3,0.315,0.0016674995422363,0.0003421306610107,0,1,0,0,1,0,0,0,0,0,0,0,0,0,0,0,1,0,0,0,0,0,1,0,0
autoUniv-au6-1000_1555,3,0.315,0.0015413761138916,0.0003316402435302,0,1,0,0,1,0,0,1,0,0,0,0,0,0,0,0,0,0,0,0,0,1,0,0,0
autoUniv-au6-1000_1555,3,0.31,0.0441341400146484,0.002288818359375,0,1,0,1,0,0,0,0,0,0,0,0,1,0,0,0,0,0,0,0,0,0,0,1,0
autoUniv-au6-1000_1555,3,0.31,0.027552843093872,0.0021498203277587,1,0,0,1,0,0,0,0,0,0,0,0,0,0,0,1,0,0,0,0,0,0,0,0,1
autoUniv-au6-1000_1555,3,0.31,0.083158254623413,0.0028197765350341,0,1,0,1,0,0,0,0,0,0,0,0,1,0,0,0,0,0,0,0,0,0,0,0,1
autoUniv-au6-1000_1555,3,0.31,0.0281298160552978,0.0032103061676025,0,1,0,1,0,0,0,0,0,0,0,0,0,0,0,1,0,0,0,1,0,0,0,0,0
autoUniv-au6-1000_1555,3,0.31,0.0705354213714599,0.0020978450775146,0,1,0,1,0,0,0,0,0,0,0,0,1,0,0,0,0,0,1,0,0,0,0,0,0
autoUniv-au6-1000_1555,3,0.31,0.0018477439880371,0.0003612041473388,1,0,0,1,0,0,0,0,0,0,0,0,0,0,0,0,0,1,0,1,0,0,0,0,0
autoUniv-au6-1000_1555,3,0.31,0.0014748573303222,0.0002830028533935,0,1,0,0,1,0,0,0,1,0,0,0,0,0,0,0,0,0,0,0,0,1,0,0,0
autoUniv-au6-1000_1555,3,0.31,0.0232818126678466,0.0022037029266357,0,1,0,1,0,0,0,0,0,0,0,0,0,0,0,1,0,0,1,0,0,0,0,0,0
autoUniv-au6-1000_1555,3,0.31,0.0667293071746826,0.0021913051605224,1,0,0,1,0,0,0,0,0,0,0,0,1,0,0,0,0,0,0,0,0,0,0,0,1
autoUniv-au6-1000_1555,3,0.31,0.0270962715148925,0.0022447109222412,0,1,0,1,0,0,0,0,0,0,0,0,0,0,0,1,0,0,0,0,0,0,0,1,0
autoUniv-au6-1000_1555,3,0.31,0.0646486282348632,0.0021898746490478,1,0,0,0,1,0,0,0,0,0,0,0,1,0,0,0,0,0,0,0,0,0,1,0,0
autoUniv-au6-1000_1555,3,0.31,0.001551866531372,0.0002927780151367,0,1,0,0,1,0,0,0,1,0,0,0,0,0,0,0,0,0,0,0,1,0,0,0,0
analcatdata_creditscore_461,0,1.0,0.0006549358367919,0.0001473426818847,1,0,1,0,0,0,0,0,0,0,0,0,0,0,0,0,0,1,0,1,0,0,0,0,0
analcatdata_creditscore_461,4,1.0,0.0007398128509521,0.0001511573791503,1,0,1,0,0,0,1,0,0,0,0,0,0,0,0,0,0,0,0,1,0,0,0,0,0
analcatdata_creditscore_461,3,1.0,0.0008604526519775,0.000154972076416,1,0,1,0,0,0,1,0,0,0,0,0,0,0,0,0,0,0,0,1,0,0,0,0,0
analcatdata_creditscore_461,1,1.0,0.0007791519165039,0.0001511573791503,1,0,1,0,0,0,1,0,0,0,0,0,0,0,0,0,0,0,0,1,0,0,0,0,0
analcatdata_creditscore_461,0,1.0,0.000739574432373,0.0001502037048339,1,0,1,0,0,0,1,0,0,0,0,0,0,0,0,0,0,0,0,1,0,0,0,0,0
analcatdata_creditscore_461,3,1.0,0.0014827251434326,0.000868797302246,1,0,1,0,0,0,0,0,0,0,0,1,0,0,0,0,0,0,0,1,0,0,0,0,0
analcatdata_creditscore_461,4,1.0,0.0007176399230957,0.0001485347747802,1,0,1,0,0,0,0,0,0,0,0,0,0,1,0,0,0,0,0,1,0,0,0,0,0
analcatdata_creditscore_461,0,1.0,0.0007264614105224,0.0001511573791503,1,0,1,0,0,0,0,0,0,0,0,0,0,1,0,0,0,0,0,1,0,0,0,0,0
analcatdata_creditscore_461,1,1.0,0.0007426738739013,0.0001502037048339,1,0,1,0,0,0,0,0,0,0,0,0,0,1,0,0,0,0,0,1,0,0,0,0,0
analcatdata_creditscore_461,0,1.0,0.0007333755493164,0.0001449584960937,0,1,1,0,0,1,0,0,0,0,0,0,0,0,0,0,0,0,0,0,0,1,0,0,0
analcatdata_creditscore_461,1,1.0,0.000852346420288,0.0001475811004638,0,1,1,0,0,1,0,0,0,0,0,0,0,0,0,0,0,0,0,0,0,1,0,0,0
analcatdata_creditscore_461,1,1.0,0.0008490085601806,0.0002179145812988,0,1,1,0,0,0,0,0,0,0,0,1,0,0,0,0,0,0,0,0,0,0,1,0,0
analcatdata_creditscore_461,4,1.0,0.0006866455078125,0.000150442123413,0,1,1,0,0,1,0,0,0,0,0,0,0,0,0,0,0,0,0,0,0,1,0,0,0
analcatdata_creditscore_461,0,1.0,0.0006718635559082,0.0001411437988281,0,1,1,0,0,0,0,0,0,0,1,0,0,0,0,0,0,0,0,0,0,1,0,0,0
analcatdata_creditscore_461,1,1.0,0.0007407665252685,0.0001916885375976,0,1,1,0,0,0,0,0,0,0,1,0,0,0,0,0,0,0,0,0,0,1,0,0,0
analcatdata_creditscore_461,3,1.0,0.0006473064422607,0.000138521194458,0,1,1,0,0,0,0,0,0,0,1,0,0,0,0,0,0,0,0,0,0,1,0,0,0
analcatdata_creditscore_461,4,1.0,0.000734806060791,0.0001428127288818,0,1,1,0,0,0,0,0,0,0,1,0,0,0,0,0,0,0,0,0,0,1,0,0,0
analcatdata_creditscore_461,3,1.0,0.0007259845733642,0.0001499652862548,0,1,1,0,0,0,0,0,0,0,0,0,0,1,0,0,0,0,0,0,0,0,1,0,0
analcatdata_creditscore_461,4,1.0,0.000770092010498,0.0001482963562011,0,1,1,0,0,0,0,0,0,0,0,0,0,1,0,0,0,0,0,0,0,0,1,0,0
analcatdata_creditscore_461,0,1.0,0.0009691715240478,0.0001544952392578,0,1,1,0,0,0,1,0,0,0,0,0,0,0,0,0,0,0,0,0,0,0,1,0,0
sa-heart_1498,2,0.782608695652174,0.0008447170257568,0.0001757144927978,1,0,0,0,1,0,0,1,0,0,0,0,0,0,0,0,0,0,0,0,0,0,0,0,1
sa-heart_1498,2,0.782608695652174,0.0007445812225341,0.0001666545867919,0,1,0,1,0,0,0,1,0,0,0,0,0,0,0,0,0,0,0,0,0,0,0,0,1
sa-heart_1498,2,0.782608695652174,0.0007460117340087,0.0001633167266845,1,0,0,0,1,0,0,0,0,0,0,0,0,0,0,0,0,1,0,0,0,0,0,1,0
sa-heart_1498,2,0.782608695652174,0.0008027553558349,0.000185489654541,1,0,0,0,1,0,0,0,0,0,1,0,0,0,0,0,0,0,0,0,0,1,0,0,0
sa-heart_1498,2,0.782608695652174,0.0007784366607666,0.0001628398895263,1,0,1,0,0,0,0,0,0,0,1,0,0,0,0,0,0,0,0,0,0,1,0,0,0
sa-heart_1498,2,0.782608695652174,0.0007827281951904,0.0001688003540039,1,0,0,1,0,0,0,0,0,0,1,0,0,0,0,0,0,0,0,0,0,1,0,0,0
sa-heart_1498,2,0.782608695652174,0.0007894039154052,0.000159740447998,1,0,0,1,0,0,0,1,0,0,0,0,0,0,0,0,0,0,0,0,0,0,0,0,1
sa-heart_1498,2,0.782608695652174,0.0007364749908447,0.0001564025878906,0,1,0,0,1,0,0,0,0,0,0,0,0,0,0,0,0,1,0,0,0,0,0,1,0
sa-heart_1498,2,0.782608695652174,0.0007381439208984,0.0001578330993652,0,1,0,0,1,0,0,1,0,0,0,0,0,0,0,0,0,0,0,0,0,0,0,0,1
sa-heart_1498,2,0.782608695652174,0.0007462501525878,0.0001840591430664,0,1,1,0,0,0,0,0,0,0,0,0,0,0,0,0,0,1,0,0,0,0,0,1,0
sa-heart_1498,2,0.782608695652174,0.0007495880126953,0.000159740447998,1,0,0,1,0,0,0,0,0,0,0,0,0,0,0,0,0,1,0,0,0,0,0,1,0
sa-heart_1498,2,0.782608695652174,0.0009808540344238,0.0004515647888183,0,1,1,0,0,0,0,0,0,0,1,0,0,0,0,0,0,0,0,0,0,1,0,0,0
sa-heart_1498,2,0.782608695652174,0.0007307529449462,0.0001583099365234,1,0,1,0,0,0,0,0,0,0,0,0,0,0,0,0,0,1,0,0,0,0,0,1,0
sa-heart_1498,2,0.782608695652174,0.000720739364624,0.0001623630523681,0,1,1,0,0,0,0,1,0,0,0,0,0,0,0,0,0,0,0,0,0,0,0,0,1
sa-heart_1498,2,0.782608695652174,0.0007598400115966,0.0001614093780517,0,1,0,1,0,0,0,0,0,0,0,0,0,0,0,0,0,1,0,0,0,0,0,1,0
sa-heart_1498,2,0.782608695652174,0.0007674694061279,0.0001568794250488,1,0,1,0,0,0,0,1,0,0,0,0,0,0,0,0,0,0,0,0,0,0,0,0,1
sa-heart_1498,2,0.782608695652174,0.0008563995361328,0.0001697540283203,0,1,0,1,0,0,0,0,0,0,1,0,0,0,0,0,0,0,0,0,0,1,0,0,0
sa-heart_1498,2,0.782608695652174,0.0007867813110351,0.000173807144165,0,1,0,0,1,0,0,0,0,0,1,0,0,0,0,0,0,0,0,0,0,1,0,0,0
sa-heart_1498,0,0.7741935483870968,0.0034828186035156,0.0003244876861572,0,1,1,0,0,0,0,0,0,0,0,0,0,0,1,0,0,0,0,0,1,0,0,0,0
sa-heart_1498,0,0.7741935483870968,0.0036036968231201,0.0003290176391601,1,0,0,1,0,0,0,0,0,0,0,0,0,0,1,0,0,0,0,0,1,0,0,0,0
autoUniv-au6-400_1551,3,0.3875,0.0012063980102539,0.0002586841583251,0,1,0,0,1,0,0,0,1,0,0,0,0,0,0,0,0,0,1,0,0,0,0,0,0
autoUniv-au6-400_1551,3,0.3875,0.0012178421020507,0.0002799034118652,0,1,0,0,1,0,0,0,1,0,0,0,0,0,0,0,0,0,0,1,0,0,0,0,0
autoUniv-au6-400_1551,3,0.3875,0.0012540817260742,0.0002977848052978,0,1,0,1,0,0,0,0,1,0,0,0,0,0,0,0,0,0,0,1,0,0,0,0,0
autoUniv-au6-400_1551,3,0.3875,0.0011882781982421,0.0002706050872802,1,0,0,0,1,0,0,0,1,0,0,0,0,0,0,0,0,0,0,0,0,0,1,0,0
autoUniv-au6-400_1551,3,0.3875,0.0011603832244873,0.0002617835998535,0,1,0,0,1,0,0,0,1,0,0,0,0,0,0,0,0,0,0,0,0,0,0,1,0
autoUniv-au6-400_1551,3,0.3875,0.0013794898986816,0.0002634525299072,0,1,0,1,0,0,0,0,1,0,0,0,0,0,0,0,0,0,0,0,0,0,0,1,0
autoUniv-au6-400_1551,2,0.3875,0.0018272399902343,0.0003530979156494,0,1,0,0,1,0,0,1,0,0,0,0,0,0,0,0,0,0,0,0,0,0,0,1,0
autoUniv-au6-400_1551,3,0.3875,0.0011978149414062,0.0002617835998535,0,1,0,1,0,0,0,0,1,0,0,0,0,0,0,0,0,0,0,0,0,1,0,0,0
autoUniv-au6-400_1551,3,0.3875,0.0011534690856933,0.0002741813659667,0,1,0,0,1,0,0,0,1,0,0,0,0,0,0,0,0,0,0,0,0,0,1,0,0
autoUniv-au6-400_1551,3,0.3875,0.0014786720275878,0.000303030014038,1,0,0,1,0,0,0,0,1,0,0,0,0,0,0,0,0,0,0,1,0,0,0,0,0
autoUniv-au6-400_1551,3,0.3875,0.0012233257293701,0.0002598762512207,1,0,0,0,1,0,0,0,1,0,0,0,0,0,0,0,0,0,1,0,0,0,0,0,0
autoUniv-au6-400_1551,3,0.3875,0.0012683868408203,0.0002608299255371,1,0,0,0,1,0,0,0,1,0,0,0,0,0,0,0,0,0,0,0,0,0,0,0,1
autoUniv-au6-400_1551,2,0.3875,0.0013861656188964,0.0002939701080322,1,0,0,0,1,0,0,1,0,0,0,0,0,0,0,0,0,0,0,0,0,0,0,1,0
autoUniv-au6-400_1551,3,0.3875,0.0013463497161865,0.0002808570861816,1,0,0,0,1,0,0,0,1,0,0,0,0,0,0,0,0,0,0,1,0,0,0,0,0
autoUniv-au6-400_1551,3,0.3875,0.0011546611785888,0.0005476474761962,1,0,0,1,0,0,0,0,1,0,0,0,0,0,0,0,0,0,0,0,0,0,0,0,1
autoUniv-au6-400_1551,3,0.3875,0.00124192237854,0.0002582073211669,0,1,0,0,1,0,0,0,1,0,0,0,0,0,0,0,0,0,0,0,0,1,0,0,0
autoUniv-au6-400_1551,3,0.3875,0.0013327598571777,0.0003271102905273,1,0,0,1,0,0,0,0,1,0,0,0,0,0,0,0,0,0,0,0,0,0,1,0,0
autoUniv-au6-400_1551,3,0.3875,0.0011665821075439,0.0002574920654296,1,0,0,1,0,0,0,0,1,0,0,0,0,0,0,0,0,0,0,0,0,1,0,0,0
autoUniv-au6-400_1551,3,0.3875,0.0012357234954833,0.0002703666687011,0,1,0,0,1,0,0,0,1,0,0,0,0,0,0,0,0,0,0,0,0,0,0,0,1
autoUniv-au6-400_1551,3,0.3875,0.0015983581542968,0.0003623962402343,1,0,0,0,1,0,0,0,1,0,0,0,0,0,0,0,0,0,0,0,0,1,0,0,0
analcatdata_marketing_986,4,0.7083333333333334,0.0470397472381591,0.0010054111480712,0,1,0,1,0,0,0,0,0,0,0,0,0,0,1,0,0,0,0,0,0,0,1,0,0
analcatdata_marketing_986,4,0.7083333333333334,0.0349347591400146,0.0010898113250732,0,1,0,0,1,0,0,0,0,0,0,0,0,0,1,0,0,0,0,0,0,0,1,0,0
analcatdata_marketing_986,4,0.7083333333333334,0.0324790477752685,0.0010898113250732,0,1,1,0,0,0,0,0,0,0,0,0,0,0,1,0,0,0,0,0,0,0,1,0,0
analcatdata_marketing_986,0,0.684931506849315,0.0016894340515136,0.0002112388610839,0,1,1,0,0,0,1,0,0,0,0,0,0,0,0,0,0,0,0,0,0,0,0,0,1
analcatdata_marketing_986,0,0.684931506849315,0.0016767978668212,0.0002863407135009,0,1,0,1,0,0,0,0,0,1,0,0,0,0,0,0,0,0,0,0,0,0,0,1,0
analcatdata_marketing_986,0,0.684931506849315,0.0016698837280273,0.0002145767211914,0,1,1,0,0,0,0,0,0,0,0,1,0,0,0,0,0,0,0,0,0,0,0,1,0
analcatdata_marketing_986,0,0.684931506849315,0.001570701599121,0.0001938343048095,0,1,1,0,0,0,0,0,0,0,0,0,0,1,0,0,0,0,0,0,0,0,0,1,0
analcatdata_marketing_986,0,0.684931506849315,0.0014278888702392,0.0001895427703857,0,1,1,0,0,0,1,0,0,0,0,0,0,0,0,0,0,0,0,0,0,0,0,1,0
analcatdata_marketing_986,0,0.684931506849315,0.00175142288208,0.0002355575561523,0,1,1,0,0,0,0,0,0,1,0,0,0,0,0,0,0,0,1,0,0,0,0,0,0
analcatdata_marketing_986,0,0.684931506849315,0.0018069744110107,0.0002350807189941,0,1,0,0,1,0,0,0,0,1,0,0,0,0,0,0,0,0,0,0,0,0,0,1,0
analcatdata_marketing_986,0,0.684931506849315,0.0018670558929443,0.0002357959747314,0,1,0,1,0,0,0,0,0,1,0,0,0,0,0,0,0,0,1,0,0,0,0,0,0
analcatdata_marketing_986,0,0.684931506849315,0.0017931461334228,0.0002655982971191,0,1,0,1,0,0,0,0,0,0,0,1,0,0,0,0,0,0,0,0,0,0,0,1,0
analcatdata_marketing_986,0,0.684931506849315,0.0013508796691894,0.0001921653747558,0,1,0,1,0,0,0,0,0,0,0,0,0,1,0,0,0,0,0,0,0,0,0,1,0
analcatdata_marketing_986,0,0.684931506849315,0.0013904571533203,0.0001895427703857,0,1,0,1,0,0,1,0,0,0,0,0,0,0,0,0,0,0,0,0,0,0,0,1,0
analcatdata_marketing_986,0,0.684931506849315,0.0018222332000732,0.0002443790435791,0,1,0,1,0,0,0,0,0,0,0,1,0,0,0,0,0,0,1,0,0,0,0,0,0
analcatdata_marketing_986,0,0.684931506849315,0.0017659664154052,0.0002627372741699,0,1,0,1,0,0,0,0,0,0,0,0,0,1,0,0,0,0,1,0,0,0,0,0,0
analcatdata_marketing_986,0,0.684931506849315,0.0015192031860351,0.0002040863037109,0,1,1,0,0,0,1,0,0,0,0,0,0,0,0,0,0,0,1,0,0,0,0,0,0
analcatdata_marketing_986,0,0.684931506849315,0.0016274452209472,0.0002667903900146,0,1,1,0,0,0,0,0,0,1,0,0,0,0,0,0,0,0,0,1,0,0,0,0,0
analcatdata_marketing_986,0,0.684931506849315,0.0017042160034179,0.0002591609954833,0,1,1,0,0,0,0,0,0,0,0,0,0,1,0,0,0,0,0,1,0,0,0,0,0
analcatdata_marketing_986,0,0.684931506849315,0.0025050640106201,0.0012731552124023,0,1,0,0,1,0,0,0,0,0,0,1,0,0,0,0,0,0,0,1,0,0,0,0,0
badges2_1121,2,1.0,0.0009078979492187,0.0001602172851562,0,1,1,0,0,0,0,0,0,0,0,0,0,1,0,0,0,0,0,0,0,0,0,1,0
badges2_1121,3,1.0,0.0008690357208251,0.0002038478851318,0,1,1,0,0,0,0,0,0,0,0,0,0,1,0,0,0,0,0,0,0,0,0,1,0
badges2_1121,4,1.0,0.0008473396301269,0.0001664161682128,0,1,1,0,0,0,0,0,0,0,0,0,0,1,0,0,0,0,0,0,0,0,0,1,0
badges2_1121,0,1.0,0.0008528232574462,0.0001885890960693,0,1,1,0,0,0,1,0,0,0,0,0,0,0,0,0,0,0,0,0,0,0,0,1,0
badges2_1121,1,1.0,0.0008563995361328,0.0001804828643798,0,1,1,0,0,0,1,0,0,0,0,0,0,0,0,0,0,0,0,0,0,0,0,1,0
badges2_1121,2,1.0,0.000849962234497,0.0001595020294189,0,1,1,0,0,0,1,0,0,0,0,0,0,0,0,0,0,0,0,0,0,0,0,1,0
badges2_1121,3,1.0,0.0008714199066162,0.0001797676086425,0,1,1,0,0,0,1,0,0,0,0,0,0,0,0,0,0,0,0,0,0,0,0,1,0
badges2_1121,4,1.0,0.0009393692016601,0.0001623630523681,0,1,1,0,0,0,1,0,0,0,0,0,0,0,0,0,0,0,0,0,0,0,0,1,0
badges2_1121,4,1.0,0.1930017471313476,0.0004215240478515,0,1,1,0,0,0,0,0,0,0,0,0,1,0,0,0,0,0,0,0,0,0,0,1,0
badges2_1121,0,1.0,0.0997674465179443,0.0003426074981689,0,1,1,0,0,0,0,0,0,0,0,0,0,0,1,0,0,0,0,0,0,0,0,1,0
badges2_1121,1,1.0,0.075944185256958,0.0004036426544189,0,1,1,0,0,0,0,0,0,0,0,0,0,0,1,0,0,0,0,0,0,0,0,1,0
badges2_1121,2,1.0,0.067141056060791,0.0003645420074462,0,1,1,0,0,0,0,0,0,0,0,0,0,0,1,0,0,0,0,0,0,0,0,1,0
badges2_1121,3,1.0,0.0648984909057617,0.0004079341888427,0,1,1,0,0,0,0,0,0,0,0,0,0,0,1,0,0,0,0,0,0,0,0,1,0
badges2_1121,4,1.0,0.0682625770568847,0.0003840923309326,0,1,1,0,0,0,0,0,0,0,0,0,0,0,1,0,0,0,0,0,0,0,0,1,0
badges2_1121,0,1.0,0.2016692161560058,0.0005083084106445,0,1,1,0,0,0,0,0,0,0,0,0,1,0,0,0,0,0,0,0,0,0,0,1,0
badges2_1121,2,1.0,0.0011870861053466,0.0002157688140869,0,1,1,0,0,0,0,0,0,1,0,0,0,0,0,0,0,0,0,0,0,0,0,1,0
badges2_1121,3,1.0,0.0012369155883789,0.000241994857788,0,1,1,0,0,0,0,0,0,1,0,0,0,0,0,0,0,0,0,0,0,0,0,1,0
badges2_1121,4,1.0,0.0011806488037109,0.0001804828643798,0,1,1,0,0,0,0,0,0,1,0,0,0,0,0,0,0,0,0,0,0,0,0,1,0
badges2_1121,0,1.0,0.0010361671447753,0.0001857280731201,0,1,1,0,0,0,0,0,0,0,0,1,0,0,0,0,0,0,0,0,1,0,0,0,0
badges2_1121,1,1.0,0.0058901309967041,0.0003080368041992,0,1,1,0,0,0,0,0,0,0,0,1,0,0,0,0,0,0,0,0,1,0,0,0,0
sensory_826,0,0.7241379310344828,0.00616455078125,0.0004575252532958,1,0,1,0,0,0,0,0,0,0,0,0,0,0,1,0,0,0,1,0,0,0,0,0,0
sensory_826,0,0.7241379310344828,0.0062649250030517,0.0004291534423828,0,1,1,0,0,0,0,0,0,0,0,0,0,0,1,0,0,0,1,0,0,0,0,0,0
sensory_826,0,0.7241379310344828,0.0064303874969482,0.0005197525024414,1,0,0,1,0,0,0,0,0,0,0,0,0,0,1,0,0,0,1,0,0,0,0,0,0
sensory_826,0,0.7241379310344828,0.0064175128936767,0.0004658699035644,1,0,0,0,1,0,0,0,0,0,0,0,0,0,1,0,0,0,1,0,0,0,0,0,0
sensory_826,0,0.7241379310344828,0.1026308536529541,0.0005185604095458,0,1,0,0,1,0,0,0,0,0,0,0,0,0,1,0,0,0,1,0,0,0,0,0,0
sensory_826,0,0.7241379310344828,0.0058989524841308,0.0004045963287353,0,1,0,1,0,0,0,0,0,0,0,0,0,0,1,0,0,0,1,0,0,0,0,0,0
sensory_826,1,0.7130434782608696,0.0554969310760498,0.000525951385498,1,0,0,1,0,0,0,0,0,0,0,0,1,0,0,0,0,0,0,0,0,0,1,0,0
sensory_826,1,0.7130434782608696,0.0395953655242919,0.0005238056182861,1,0,1,0,0,0,0,0,0,0,0,0,1,0,0,0,0,0,0,0,0,0,1,0,0
sensory_826,1,0.7130434782608696,0.0116586685180664,0.0005514621734619,0,1,1,0,0,0,0,0,0,0,0,0,1,0,0,0,0,0,0,0,0,0,1,0,0
sensory_826,1,0.7130434782608696,0.0129203796386718,0.0006420612335205,0,1,0,0,1,0,0,0,0,0,0,0,1,0,0,0,0,0,0,0,0,0,1,0,0
sensory_826,1,0.7130434782608696,0.0466434955596923,0.0005824565887451,0,1,0,1,0,0,0,0,0,0,0,0,1,0,0,0,0,0,0,0,0,0,1,0,0
sensory_826,1,0.7130434782608696,0.0797398090362548,0.0005555152893066,1,0,0,0,1,0,0,0,0,0,0,0,1,0,0,0,0,0,0,0,0,0,1,0,0
sensory_826,1,0.7043478260869566,0.0110218524932861,0.0005536079406738,1,0,0,0,1,0,0,0,0,0,0,0,1,0,0,0,0,0,1,0,0,0,0,0,0
sensory_826,1,0.7043478260869566,0.0404601097106933,0.0005550384521484,1,0,1,0,0,0,0,0,0,0,0,0,1,0,0,0,0,0,1,0,0,0,0,0,0
sensory_826,1,0.7043478260869566,0.0107254981994628,0.0005569458007812,1,0,0,1,0,0,0,0,0,0,0,0,1,0,0,0,0,0,1,0,0,0,0,0,0
sensory_826,1,0.7043478260869566,0.01031494140625,0.0005385875701904,0,1,1,0,0,0,0,0,0,0,0,0,1,0,0,0,0,0,1,0,0,0,0,0,0
sensory_826,1,0.7043478260869566,0.0434739589691162,0.0108339786529541,0,1,0,0,1,0,0,0,0,0,0,0,1,0,0,0,0,0,1,0,0,0,0,0,0
sensory_826,1,0.7043478260869566,0.043210744857788,0.0135271549224853,0,1,0,1,0,0,0,0,0,0,0,0,1,0,0,0,0,0,1,0,0,0,0,0,0
sensory_826,0,0.6896551724137931,0.0099549293518066,0.0004699230194091,1,0,1,0,0,0,0,0,0,0,0,0,1,0,0,0,0,0,0,0,1,0,0,0,0
sensory_826,0,0.6896551724137931,0.0224921703338623,0.0006659030914306,1,0,0,1,0,0,0,0,0,0,0,0,1,0,0,0,0,0,0,0,1,0,0,0,0
balance-scale_11,4,0.968,0.0009548664093017,0.0001754760742187,1,0,0,0,1,0,0,1,0,0,0,0,0,0,0,0,0,0,0,0,0,0,1,0,0
balance-scale_11,4,0.968,0.0009906291961669,0.0001828670501708,1,0,0,0,1,0,0,0,0,0,0,0,0,1,0,0,0,0,0,0,0,0,1,0,0
balance-scale_11,2,0.968,0.5856020450592041,0.0007340908050537,1,0,1,0,0,0,0,0,0,0,0,0,0,0,0,1,0,0,0,0,1,0,0,0,0
balance-scale_11,4,0.968,0.0009222030639648,0.0002064704895019,0,1,0,0,1,0,0,0,0,0,0,0,0,1,0,0,0,0,0,0,0,0,1,0,0
balance-scale_11,2,0.968,0.6668877601623535,0.0008132457733154,0,1,0,1,0,0,0,0,0,0,0,0,1,0,0,0,0,0,0,0,1,0,0,0,0
balance-scale_11,4,0.968,0.0009937286376953,0.0001900196075439,0,1,0,0,1,0,0,0,0,0,0,1,0,0,0,0,0,0,0,0,0,0,1,0,0
balance-scale_11,4,0.968,0.0009906291961669,0.0001916885375976,0,1,0,0,1,0,1,0,0,0,0,0,0,0,0,0,0,0,0,0,0,0,1,0,0
balance-scale_11,4,0.968,0.0013844966888427,0.0002174377441406,0,1,0,0,1,0,0,0,0,1,0,0,0,0,0,0,0,0,0,0,0,0,1,0,0
balance-scale_11,2,0.968,0.6148641109466553,0.0008308887481689,0,1,0,1,0,0,0,0,0,0,0,0,1,0,0,0,0,0,0,0,0,1,0,0,0
balance-scale_11,2,0.968,0.610131025314331,0.0008547306060791,0,1,0,0,1,0,0,0,0,0,0,0,1,0,0,0,0,0,0,0,1,0,0,0,0
balance-scale_11,4,0.968,0.0009853839874267,0.0002195835113525,0,1,1,0,0,0,0,0,0,0,0,1,0,0,0,0,0,0,0,0,0,0,1,0,0
balance-scale_11,4,0.968,0.0012924671173095,0.0002167224884033,1,0,0,0,1,0,0,0,0,1,0,0,0,0,0,0,0,0,0,0,0,0,1,0,0
balance-scale_11,2,0.968,0.5473175048828125,0.0007414817810058,0,1,0,0,1,0,0,0,0,0,0,0,0,0,0,1,0,0,0,0,1,0,0,0,0
balance-scale_11,4,0.968,0.0010347366333007,0.0002000331878662,1,0,0,0,1,0,0,0,0,0,0,1,0,0,0,0,0,0,0,0,0,0,1,0,0
balance-scale_11,2,0.968,0.499065637588501,0.0007297992706298,0,1,1,0,0,0,0,0,0,0,0,0,1,0,0,0,0,0,0,0,0,1,0,0,0
balance-scale_11,2,0.968,0.5441446304321289,0.0006935596466064,1,0,1,0,0,0,0,0,0,0,0,0,1,0,0,0,0,0,0,0,0,1,0,0,0
balance-scale_11,4,0.968,0.0012650489807128,0.000201940536499,1,0,0,1,0,0,0,0,0,0,0,1,0,0,0,0,0,0,0,0,0,0,1,0,0
balance-scale_11,2,0.968,0.4655394554138183,0.0033700466156005,1,0,0,1,0,0,0,0,0,0,0,0,1,0,0,0,0,0,0,0,0,1,0,0,0
balance-scale_11,4,0.968,0.0010249614715576,0.0001790523529052,0,1,1,0,0,0,0,1,0,0,0,0,0,0,0,0,0,0,0,0,0,0,1,0,0
balance-scale_11,2,0.968,0.5612502098083496,0.0007202625274658,1,0,0,0,1,0,0,0,0,0,0,0,0,0,0,1,0,0,0,0,1,0,0,0,0
breastTumor_844,4,0.7719298245614035,0.0007936954498291,0.0001482963562011,1,0,0,1,0,0,0,0,0,0,0,0,0,0,0,0,0,1,0,0,0,0,0,0,1
breastTumor_844,4,0.7719298245614035,0.0006921291351318,0.0001449584960937,0,1,0,1,0,0,0,0,0,0,0,0,0,0,0,0,0,1,0,0,0,0,0,0,1
breastTumor_844,4,0.7719298245614035,0.0008046627044677,0.000154972076416,0,1,0,0,1,1,0,0,0,0,0,0,0,0,0,0,0,0,0,0,0,0,1,0,0
breastTumor_844,4,0.7543859649122807,0.0007312297821044,0.0001478195190429,0,1,0,0,1,0,0,1,0,0,0,0,0,0,0,0,0,0,0,1,0,0,0,0,0
breastTumor_844,4,0.7368421052631579,0.000678539276123,0.0001449584960937,0,1,0,0,1,0,0,1,0,0,0,0,0,0,0,0,0,0,0,0,1,0,0,0,0
breastTumor_844,4,0.7368421052631579,0.118333101272583,0.000333547592163,0,1,0,0,1,0,0,0,0,0,0,0,0,0,1,0,0,0,0,0,0,0,0,0,1
breastTumor_844,4,0.7368421052631579,0.0006787776947021,0.0001459121704101,0,1,0,0,1,0,0,1,0,0,0,0,0,0,0,0,0,0,0,0,0,1,0,0,0
breastTumor_844,4,0.7368421052631579,0.0381085872650146,0.000279426574707,0,1,0,0,1,0,0,0,0,0,0,0,0,0,1,0,0,0,1,0,0,0,0,0,0
breastTumor_844,4,0.7368421052631579,0.0007295608520507,0.0001451969146728,1,0,0,1,0,0,0,0,0,0,0,0,0,0,0,0,0,1,0,0,0,1,0,0,0
breastTumor_844,4,0.7368421052631579,0.0006935596466064,0.0001475811004638,0,1,0,1,0,0,0,0,0,0,0,0,0,0,0,0,0,1,0,0,0,1,0,0,0
breastTumor_844,4,0.7368421052631579,0.0007150173187255,0.0001468658447265,0,1,0,0,1,0,0,0,0,0,0,0,0,0,0,0,0,1,0,0,0,0,1,0,0
breastTumor_844,4,0.7192982456140351,0.0008037090301513,0.0001521110534667,0,1,0,0,1,1,0,0,0,0,0,0,0,0,0,0,0,0,0,0,0,1,0,0,0
breastTumor_844,4,0.7192982456140351,0.0009548664093017,0.0001616477966308,0,1,0,0,1,0,0,0,0,0,0,0,0,0,0,0,0,1,0,0,0,1,0,0,0
breastTumor_844,4,0.7192982456140351,0.0006880760192871,0.0001451969146728,0,1,0,0,1,0,0,0,0,0,0,0,0,0,0,0,0,1,0,0,0,0,0,0,1
breastTumor_844,4,0.7192982456140351,0.0007643699645996,0.0001511573791503,0,1,0,1,0,0,0,0,0,0,0,0,0,0,0,0,0,1,0,0,0,0,1,0,0
breastTumor_844,4,0.7192982456140351,0.0007212162017822,0.0001485347747802,1,0,0,1,0,0,0,0,0,0,0,0,0,0,0,0,0,1,0,0,0,0,1,0,0
breastTumor_844,4,0.7192982456140351,0.0008342266082763,0.0001587867736816,0,1,0,0,1,0,0,0,0,0,0,1,0,0,0,0,0,0,0,0,0,0,1,0,0
breastTumor_844,4,0.7192982456140351,0.0379633903503418,0.0002903938293457,0,1,0,0,1,0,0,0,0,0,0,0,0,0,1,0,0,0,0,0,0,0,0,1,0
breastTumor_844,4,0.7192982456140351,0.0007548332214355,0.0001559257507324,0,1,0,0,1,0,0,0,0,0,0,0,0,1,0,0,0,0,0,0,0,0,1,0,0
breastTumor_844,4,0.7192982456140351,0.0011878013610839,0.0002734661102294,0,1,0,0,1,0,0,0,0,1,0,0,0,0,0,0,0,0,0,0,0,0,1,0,0
arsenic-male-lung_951,2,1.0,0.0009398460388183,0.00016450881958,1,0,1,0,0,0,1,0,0,0,0,0,0,0,0,0,0,0,0,1,0,0,0,0,0
arsenic-male-lung_951,4,1.0,0.0013811588287353,0.00020432472229,0,1,0,0,1,0,0,0,0,1,0,0,0,0,0,0,0,0,0,0,0,0,1,0,0
arsenic-male-lung_951,3,1.0,0.0014235973358154,0.0002069473266601,0,1,0,0,1,0,0,0,0,1,0,0,0,0,0,0,0,0,0,0,0,0,1,0,0
arsenic-male-lung_951,2,1.0,0.0011920928955078,0.0001945495605468,0,1,0,0,1,0,0,0,0,1,0,0,0,0,0,0,0,0,0,0,0,0,1,0,0
arsenic-male-lung_951,1,1.0,0.0012907981872558,0.0001986026763916,0,1,0,0,1,0,0,0,0,1,0,0,0,0,0,0,0,0,0,0,0,0,1,0,0
arsenic-male-lung_951,0,1.0,0.0012557506561279,0.0002000331878662,0,1,0,0,1,0,0,0,0,1,0,0,0,0,0,0,0,0,0,0,0,0,1,0,0
arsenic-male-lung_951,1,1.0,0.0010092258453369,0.0001604557037353,1,0,1,0,0,0,1,0,0,0,0,0,0,0,0,0,0,0,0,1,0,0,0,0,0
arsenic-male-lung_951,0,1.0,0.0009052753448486,0.0001592636108398,1,0,1,0,0,0,1,0,0,0,0,0,0,0,0,0,0,0,0,1,0,0,0,0,0
arsenic-male-lung_951,4,1.0,0.0008926391601562,0.0001566410064697,1,0,1,0,0,0,0,0,0,0,0,0,0,1,0,0,0,0,0,1,0,0,0,0,0
arsenic-male-lung_951,3,1.0,0.0008127689361572,0.0002739429473876,1,0,1,0,0,0,0,0,0,0,0,0,0,1,0,0,0,0,0,1,0,0,0,0,0
arsenic-male-lung_951,3,1.0,0.0009844303131103,0.0001671314239501,0,1,0,1,0,0,1,0,0,0,0,0,0,0,0,0,0,0,1,0,0,0,0,0,0
arsenic-male-lung_951,4,1.0,0.0009911060333251,0.0002562999725341,0,1,0,1,0,0,1,0,0,0,0,0,0,0,0,0,0,0,1,0,0,0,0,0,0
arsenic-male-lung_951,0,1.0,0.0008721351623535,0.0001661777496337,0,1,0,0,1,0,0,1,0,0,0,0,0,0,0,0,0,0,0,0,0,0,1,0,0
arsenic-male-lung_951,3,1.0,0.0009756088256835,0.000173807144165,0,1,0,0,1,0,0,1,0,0,0,0,0,0,0,0,0,0,0,0,0,0,1,0,0
arsenic-male-lung_951,4,1.0,0.000908613204956,0.0001709461212158,0,1,0,0,1,0,0,1,0,0,0,0,0,0,0,0,0,0,0,0,0,0,1,0,0
arsenic-male-lung_951,1,1.0,0.0008857250213623,0.0001547336578369,0,1,0,1,0,0,0,0,0,0,0,0,0,0,0,0,1,0,1,0,0,0,0,0,0
arsenic-male-lung_951,2,1.0,0.0008633136749267,0.0001547336578369,0,1,0,1,0,0,0,0,0,0,0,0,0,0,0,0,1,0,1,0,0,0,0,0,0
arsenic-male-lung_951,2,1.0,0.0010137557983398,0.0001788139343261,0,1,0,1,0,0,0,0,0,0,0,0,0,1,0,0,0,0,1,0,0,0,0,0,0
arsenic-male-lung_951,3,1.0,0.0009770393371582,0.0001661777496337,0,1,0,1,0,0,0,0,0,0,0,0,0,1,0,0,0,0,1,0,0,0,0,0,0
arsenic-male-lung_951,4,1.0,0.0008964538574218,0.0001647472381591,0,1,0,1,0,0,0,0,0,0,0,0,0,1,0,0,0,0,1,0,0,0,0,0,0
rmftsa_ladata_717,2,0.9607843137254902,0.000889778137207,0.0001900196075439,1,0,1,0,0,1,0,0,0,0,0,0,0,0,0,0,0,0,0,0,0,0,0,0,1
rmftsa_ladata_717,2,0.9607843137254902,0.0008256435394287,0.0001881122589111,1,0,0,1,0,1,0,0,0,0,0,0,0,0,0,0,0,0,1,0,0,0,0,0,0
rmftsa_ladata_717,2,0.9607843137254902,0.000819444656372,0.0001862049102783,0,1,0,1,0,1,0,0,0,0,0,0,0,0,0,0,0,0,0,0,0,0,0,0,1
rmftsa_ladata_717,2,0.9607843137254902,0.0008113384246826,0.000187873840332,1,0,0,0,1,1,0,0,0,0,0,0,0,0,0,0,0,0,0,0,0,0,0,0,1
rmftsa_ladata_717,2,0.9607843137254902,0.0008165836334228,0.000187873840332,0,1,0,0,1,1,0,0,0,0,0,0,0,0,0,0,0,0,0,0,0,0,0,0,1
rmftsa_ladata_717,2,0.9607843137254902,0.0007946491241455,0.0001859664916992,0,1,0,1,0,1,0,0,0,0,0,0,0,0,0,0,0,0,0,0,0,0,0,1,0
rmftsa_ladata_717,2,0.9607843137254902,0.0007987022399902,0.0001881122589111,1,0,0,1,0,1,0,0,0,0,0,0,0,0,0,0,0,0,0,1,0,0,0,0,0
rmftsa_ladata_717,2,0.9607843137254902,0.0009527206420898,0.0001912117004394,1,0,0,1,0,1,0,0,0,0,0,0,0,0,0,0,0,0,0,0,0,0,0,0,1
rmftsa_ladata_717,2,0.9607843137254902,0.0008964538574218,0.0001952648162841,0,1,1,0,0,1,0,0,0,0,0,0,0,0,0,0,0,0,0,0,0,0,0,1,0
rmftsa_ladata_717,2,0.9607843137254902,0.0008051395416259,0.0001885890960693,1,0,1,0,0,1,0,0,0,0,0,0,0,0,0,0,0,0,0,1,0,0,0,0,0
rmftsa_ladata_717,2,0.9607843137254902,0.0007750988006591,0.0001840591430664,0,1,0,0,1,1,0,0,0,0,0,0,0,0,0,0,0,0,1,0,0,0,0,0,0
rmftsa_ladata_717,2,0.9607843137254902,0.0008153915405273,0.000185489654541,1,0,0,0,1,1,0,0,0,0,0,0,0,0,0,0,0,0,0,1,0,0,0,0,0
rmftsa_ladata_717,2,0.9607843137254902,0.0008189678192138,0.0001864433288574,0,1,0,1,0,1,0,0,0,0,0,0,0,0,0,0,0,0,1,0,0,0,0,0,0
rmftsa_ladata_717,2,0.9607843137254902,0.0008654594421386,0.0001904964447021,1,0,1,0,0,1,0,0,0,0,0,0,0,0,0,0,0,0,1,0,0,0,0,0,0
rmftsa_ladata_717,2,0.9607843137254902,0.0008251667022705,0.0001893043518066,0,1,0,0,1,1,0,0,0,0,0,0,0,0,0,0,0,0,0,0,0,0,0,1,0
rmftsa_ladata_717,2,0.9607843137254902,0.0008773803710937,0.0001888275146484,1,0,1,0,0,1,0,0,0,0,0,0,0,0,0,0,0,0,0,0,0,0,0,1,0
rmftsa_ladata_717,2,0.9607843137254902,0.0008044242858886,0.0001838207244873,0,1,1,0,0,1,0,0,0,0,0,0,0,0,0,0,0,0,1,0,0,0,0,0,0
rmftsa_ladata_717,2,0.9607843137254902,0.0008087158203125,0.0001864433288574,1,0,0,0,1,1,0,0,0,0,0,0,0,0,0,0,0,0,1,0,0,0,0,0,0
rmftsa_ladata_717,2,0.9607843137254902,0.0008716583251953,0.0001885890960693,0,1,0,0,1,1,0,0,0,0,0,0,0,0,0,0,0,0,0,1,0,0,0,0,0
rmftsa_ladata_717,2,0.9607843137254902,0.000955581665039,0.0002095699310302,0,1,0,1,0,1,0,0,0,0,0,0,0,0,0,0,0,0,0,1,0,0,0,0,0
analcatdata_lawsuit_450,2,1.0,0.0006570816040039,0.0001482963562011,1,0,1,0,0,0,1,0,0,0,0,0,0,0,0,0,0,0,0,1,0,0,0,0,0
analcatdata_lawsuit_450,2,1.0,0.0006451606750488,0.0001492500305175,1,0,1,0,0,0,0,0,0,0,0,0,0,1,0,0,0,0,0,1,0,0,0,0,0
analcatdata_lawsuit_450,4,1.0,0.0005981922149658,0.000140905380249,1,0,1,0,0,0,0,0,0,0,0,0,0,0,0,0,0,1,0,1,0,0,0,0,0
analcatdata_lawsuit_450,2,1.0,0.0006577968597412,0.0001425743103027,1,0,1,0,0,0,0,0,0,0,0,0,0,0,0,0,0,1,0,1,0,0,0,0,0
analcatdata_lawsuit_450,2,1.0,0.0013411045074462,0.0008220672607421,1,0,1,0,0,0,0,0,0,0,0,1,0,0,0,0,0,0,0,1,0,0,0,0,0
analcatdata_lawsuit_450,1,1.0,0.0006418228149414,0.0001444816589355,1,0,1,0,0,0,0,0,0,0,0,0,0,0,0,0,0,1,0,1,0,0,0,0,0
analcatdata_lawsuit_450,4,1.0,0.0006015300750732,0.0001399517059326,1,0,1,0,0,0,0,0,1,0,0,0,0,0,0,0,0,0,0,1,0,0,0,0,0
analcatdata_lawsuit_450,4,1.0,0.0005524158477783,0.0001378059387207,1,0,1,0,0,0,0,0,0,0,0,0,0,0,0,0,1,0,0,1,0,0,0,0,0
analcatdata_lawsuit_450,4,1.0,0.0005419254302978,0.0001287460327148,0,1,0,0,1,0,0,0,0,0,0,0,0,0,0,0,1,0,0,0,0,0,1,0,0
analcatdata_lawsuit_450,2,1.0,0.000716209411621,0.0001482963562011,1,0,0,0,1,0,1,0,0,0,0,0,0,0,0,0,0,0,1,0,0,0,0,0,0
analcatdata_lawsuit_450,2,1.0,0.0008409023284912,0.0001730918884277,1,0,0,0,1,0,0,0,0,0,0,1,0,0,0,0,0,0,1,0,0,0,0,0,0
analcatdata_lawsuit_450,4,1.0,0.0005497932434082,0.00014328956604,1,0,0,0,1,0,0,0,0,0,1,0,0,0,0,0,0,0,0,0,0,0,0,0,1
analcatdata_lawsuit_450,4,1.0,0.0005669593811035,0.0001373291015625,1,0,0,0,1,0,0,0,1,0,0,0,0,0,0,0,0,0,1,0,0,0,0,0,0
analcatdata_lawsuit_450,2,1.0,0.0006217956542968,0.0001475811004638,1,0,0,0,1,0,0,0,0,0,0,0,0,1,0,0,0,0,1,0,0,0,0,0,0
analcatdata_lawsuit_450,4,1.0,0.0007469654083251,0.0001757144927978,1,0,0,0,1,0,0,0,0,0,0,0,0,0,0,0,1,0,0,1,0,0,0,0,0
analcatdata_lawsuit_450,4,1.0,0.0006260871887207,0.0001380443572998,1,0,0,0,1,0,0,0,1,0,0,0,0,0,0,0,0,0,0,1,0,0,0,0,0
analcatdata_lawsuit_450,4,1.0,0.0005784034729003,0.0001375675201416,1,0,0,0,1,0,0,0,0,0,0,0,0,0,0,0,1,0,1,0,0,0,0,0,0
analcatdata_lawsuit_450,4,1.0,0.0006320476531982,0.000169038772583,1,0,0,0,1,0,0,1,0,0,0,0,0,0,0,0,0,0,0,1,0,0,0,0,0
analcatdata_lawsuit_450,4,1.0,0.000676155090332,0.000140905380249,1,0,0,0,1,1,0,0,0,0,0,0,0,0,0,0,0,0,0,1,0,0,0,0,0
analcatdata_lawsuit_450,1,1.0,0.0006585121154785,0.000145673751831,1,0,0,0,1,0,0,1,0,0,0,0,0,0,0,0,0,0,0,1,0,0,0,0,0
arsenic-male-bladder_947,2,1.0,0.0008754730224609,0.0001885890960693,1,0,1,0,0,0,0,0,0,0,0,0,0,1,0,0,0,0,0,0,0,0,0,0,1
arsenic-male-bladder_947,2,1.0,0.0008862018585205,0.0001571178436279,0,1,0,1,0,1,0,0,0,0,0,0,0,0,0,0,0,0,0,0,0,0,0,1,0
arsenic-male-bladder_947,2,1.0,0.0011169910430908,0.0002017021179199,1,0,1,0,0,0,0,0,0,1,0,0,0,0,0,0,0,0,0,0,0,0,0,0,1
arsenic-male-bladder_947,2,1.0,0.0010731220245361,0.0001888275146484,1,0,1,0,0,0,0,0,0,0,0,1,0,0,0,0,0,0,1,0,0,0,0,0,0
arsenic-male-bladder_947,2,1.0,0.0009174346923828,0.0001711845397949,1,0,1,0,0,0,0,0,0,0,0,0,0,1,0,0,0,0,1,0,0,0,0,0,0
arsenic-male-bladder_947,2,1.0,0.0008869171142578,0.0001533031463623,0,1,1,0,0,0,0,0,0,0,0,0,0,0,0,0,1,0,1,0,0,0,0,0,0
arsenic-male-bladder_947,2,1.0,0.0009074211120605,0.0001652240753173,0,1,1,0,0,0,0,1,0,0,0,0,0,0,0,0,0,0,1,0,0,0,0,0,0
arsenic-male-bladder_947,2,1.0,0.0008196830749511,0.0001466274261474,1,0,1,0,0,0,0,0,0,0,1,0,0,0,0,0,0,0,0,0,0,0,0,0,1
arsenic-male-bladder_947,2,1.0,0.0010497570037841,0.0001730918884277,0,1,1,0,0,0,0,1,0,0,0,0,0,0,0,0,0,0,0,0,0,0,0,1,0
arsenic-male-bladder_947,2,1.0,0.0011322498321533,0.0001935958862304,0,1,1,0,0,0,0,0,0,1,0,0,0,0,0,0,0,0,0,0,0,0,0,1,0
arsenic-male-bladder_947,2,1.0,0.0008416175842285,0.0001518726348876,0,1,1,0,0,0,0,0,1,0,0,0,0,0,0,0,0,0,1,0,0,0,0,0,0
arsenic-male-bladder_947,2,1.0,0.0009229183197021,0.0001697540283203,1,0,1,0,0,0,0,1,0,0,0,0,0,0,0,0,0,0,0,1,0,0,0,0,0
arsenic-male-bladder_947,2,1.0,0.0086889266967773,0.005488634109497,1,0,1,0,0,0,0,0,0,0,0,0,1,0,0,0,0,0,0,0,0,0,0,0,1
arsenic-male-bladder_947,2,1.0,0.0008695125579833,0.00016450881958,0,1,1,0,0,1,0,0,0,0,0,0,0,0,0,0,0,0,0,0,0,0,0,1,0
arsenic-male-bladder_947,2,1.0,0.0008699893951416,0.0001606941223144,0,1,1,0,0,0,0,0,0,0,1,0,0,0,0,0,0,0,0,0,0,0,0,1,0
arsenic-male-bladder_947,2,1.0,0.0008130073547363,0.0001513957977294,1,0,0,1,0,1,0,0,0,0,0,0,0,0,0,0,0,0,0,0,0,0,0,1,0
arsenic-male-bladder_947,2,1.0,0.0010256767272949,0.0001688003540039,1,0,0,1,0,0,0,0,0,0,0,0,0,1,0,0,0,0,0,0,0,0,0,1,0
arsenic-male-bladder_947,2,1.0,0.000955581665039,0.0001733303070068,1,0,0,1,0,0,0,0,0,0,1,0,0,0,0,0,0,0,0,0,0,0,0,1,0
arsenic-male-bladder_947,2,1.0,0.0011684894561767,0.0001966953277587,0,1,0,1,0,0,0,0,0,1,0,0,0,0,0,0,0,0,0,0,0,0,0,1,0
arsenic-male-bladder_947,2,1.0,0.0008432865142822,0.0001602172851562,1,0,0,1,0,0,0,1,0,0,0,0,0,0,0,0,0,0,0,0,0,0,0,1,0
MindCave2_1450,0,0.92,0.0007212162017822,0.0001473426818847,1,0,1,0,0,0,0,0,0,0,0,0,0,0,0,0,0,1,0,0,0,0,0,0,1
MindCave2_1450,0,0.92,0.0006582736968994,0.0001497268676757,0,1,0,1,0,0,0,1,0,0,0,0,0,0,0,0,0,0,1,0,0,0,0,0,0
MindCave2_1450,0,0.92,0.0006434917449951,0.0001778602600097,0,1,0,0,1,0,0,1,0,0,0,0,0,0,0,0,0,0,1,0,0,0,0,0,0
MindCave2_1450,0,0.92,0.0006136894226074,0.0001428127288818,1,0,0,1,0,0,0,0,1,0,0,0,0,0,0,0,0,0,0,1,0,0,0,0,0
MindCave2_1450,0,0.92,0.0006735324859619,0.0001428127288818,0,1,0,0,1,0,0,0,0,0,0,0,0,0,0,0,0,1,0,0,0,0,0,1,0
MindCave2_1450,0,0.92,0.0006532669067382,0.0001437664031982,0,1,0,0,1,0,0,0,1,0,0,0,0,0,0,0,0,0,0,0,0,0,0,1,0
MindCave2_1450,0,0.92,0.0006241798400878,0.0001416206359863,0,1,0,1,0,0,0,0,1,0,0,0,0,0,0,0,0,0,1,0,0,0,0,0,0
MindCave2_1450,0,0.92,0.0005848407745361,0.0001418590545654,1,0,1,0,0,0,0,0,1,0,0,0,0,0,0,0,0,0,1,0,0,0,0,0,0
MindCave2_1450,0,0.92,0.0006377696990966,0.0001463890075683,1,0,1,0,0,0,0,0,0,0,0,0,0,0,0,0,0,1,1,0,0,0,0,0,0
MindCave2_1450,0,0.92,0.0006415843963623,0.0001447200775146,0,1,0,1,0,0,0,0,0,0,0,0,0,0,0,0,0,1,1,0,0,0,0,0,0
MindCave2_1450,0,0.92,0.0006484985351562,0.0001492500305175,1,0,0,1,0,0,0,0,1,0,0,0,0,0,0,0,0,0,1,0,0,0,0,0,0
MindCave2_1450,0,0.92,0.000676155090332,0.0001523494720458,0,1,0,1,0,0,0,0,0,0,0,0,0,0,0,0,0,1,0,0,0,0,0,0,1
MindCave2_1450,0,0.92,0.0007021427154541,0.0001449584960937,1,0,0,0,1,0,0,0,1,0,0,0,0,0,0,0,0,0,0,0,0,0,0,0,1
MindCave2_1450,0,0.92,0.0006310939788818,0.0001440048217773,1,0,1,0,0,0,0,1,0,0,0,0,0,0,0,0,0,0,0,0,0,0,0,0,1
MindCave2_1450,0,0.92,0.0005912780761718,0.000140905380249,0,1,0,1,0,0,0,0,1,0,0,0,0,0,0,0,0,0,0,0,0,0,0,1,0
MindCave2_1450,0,0.92,0.0007047653198242,0.0001468658447265,0,1,0,1,0,0,0,0,0,0,0,0,0,0,0,0,0,1,0,0,0,0,0,1,0
MindCave2_1450,0,0.92,0.0006906986236572,0.0001688003540039,0,1,0,0,1,0,0,0,0,0,0,0,0,0,0,0,0,1,1,0,0,0,0,0,0
MindCave2_1450,0,0.92,0.0006895065307617,0.0001454353332519,0,1,0,0,1,0,0,0,1,0,0,0,0,0,0,0,0,0,1,0,0,0,0,0,0
MindCave2_1450,0,0.92,0.0006556510925292,0.0001749992370605,1,0,0,1,0,0,0,0,0,0,0,0,0,0,0,0,0,1,0,0,0,0,0,0,1
MindCave2_1450,0,0.92,0.0006659030914306,0.0001430511474609,1,0,0,1,0,0,0,0,1,0,0,0,0,0,0,0,0,0,0,0,0,0,0,0,1
PieChart3_1453,3,0.9209302325581395,0.1665964126586914,0.0049328804016113,0,1,0,0,1,0,0,0,0,0,0,0,0,0,1,0,0,0,1,0,0,0,0,0,0
PieChart3_1453,3,0.9209302325581395,0.1640143394470214,0.0052821636199951,1,0,0,1,0,0,0,0,0,0,0,0,0,0,1,0,0,0,1,0,0,0,0,0,0
PieChart3_1453,3,0.9209302325581395,0.158968448638916,0.004911184310913,0,1,1,0,0,0,0,0,0,0,0,0,0,0,1,0,0,0,1,0,0,0,0,0,0
PieChart3_1453,3,0.9209302325581395,0.7327632904052734,0.024015188217163,1,0,0,0,1,0,0,0,0,0,0,0,0,0,1,0,0,0,1,0,0,0,0,0,0
PieChart3_1453,3,0.9209302325581395,0.1717262268066406,0.0051579475402832,0,1,0,1,0,0,0,0,0,0,0,0,0,0,1,0,0,0,1,0,0,0,0,0,0
PieChart3_1453,3,0.9209302325581395,0.168699026107788,0.0049273967742919,1,0,1,0,0,0,0,0,0,0,0,0,0,0,1,0,0,0,1,0,0,0,0,0,0
PieChart3_1453,3,0.916279069767442,0.1595962047576904,0.0078198909759521,1,0,1,0,0,0,0,0,0,0,0,0,0,0,1,0,0,0,0,1,0,0,0,0,0
PieChart3_1453,3,0.916279069767442,0.0287306308746337,0.0006666183471679,1,0,1,0,0,0,0,0,0,0,0,0,0,0,0,1,0,0,0,1,0,0,0,0,0
PieChart3_1453,3,0.916279069767442,0.0161576271057128,0.0015208721160888,0,1,0,0,1,0,0,0,0,0,0,0,0,0,0,1,0,0,0,0,0,1,0,0,0
PieChart3_1453,3,0.916279069767442,0.0010082721710205,0.0001642704010009,0,1,0,0,1,0,0,1,0,0,0,0,0,0,0,0,0,0,0,0,0,1,0,0,0
PieChart3_1453,3,0.916279069767442,0.0010082721710205,0.0001900196075439,0,1,0,0,1,0,0,0,0,0,0,0,0,0,0,0,0,1,0,0,0,0,1,0,0
PieChart3_1453,3,0.916279069767442,0.0010092258453369,0.000150442123413,0,1,0,0,1,0,0,0,1,0,0,0,0,0,0,0,0,0,0,0,0,1,0,0,0
PieChart3_1453,3,0.916279069767442,0.0009207725524902,0.0001533031463623,1,0,0,0,1,0,0,0,0,0,0,0,0,0,0,0,0,1,0,0,0,1,0,0,0
PieChart3_1453,3,0.916279069767442,0.0011320114135742,0.0001709461212158,1,0,1,0,0,0,0,1,0,0,0,0,0,0,0,0,0,0,0,0,0,0,1,0,0
PieChart3_1453,3,0.916279069767442,0.0513439178466796,0.0007171630859375,1,0,0,0,1,0,0,0,0,0,0,0,0,0,0,1,0,0,0,0,0,0,0,1,0
PieChart3_1453,3,0.916279069767442,0.0160140991210937,0.0006971359252929,1,0,1,0,0,0,0,0,0,0,0,0,0,0,0,1,0,0,0,0,0,0,1,0,0
PieChart3_1453,3,0.916279069767442,0.0011069774627685,0.000157356262207,1,0,0,0,1,0,0,0,1,0,0,0,0,0,0,0,0,0,0,0,0,1,0,0,0
PieChart3_1453,3,0.916279069767442,0.014427900314331,0.0008599758148193,1,0,0,0,1,0,0,0,0,0,0,0,0,0,0,1,0,0,0,0,0,1,0,0,0
PieChart3_1453,3,0.916279069767442,0.0011179447174072,0.0001707077026367,0,1,0,0,1,0,0,0,0,0,0,0,0,0,0,0,0,1,0,0,0,1,0,0,0
PieChart3_1453,3,0.916279069767442,0.0009832382202148,0.0001618862152099,1,0,0,0,1,0,0,1,0,0,0,0,0,0,0,0,0,0,0,0,0,1,0,0,0
appendicitis_test_edsa_45613,3,1.0,0.0015830993652343,0.000248908996582,0,1,0,1,0,0,0,0,0,0,0,0,0,0,1,0,0,0,0,0,0,0,0,0,1
appendicitis_test_edsa_45613,3,1.0,0.0012781620025634,0.0001933574676513,0,1,0,1,0,0,0,0,0,0,0,0,0,0,1,0,0,0,1,0,0,0,0,0,0
appendicitis_test_edsa_45613,3,1.0,0.0015234947204589,0.0002977848052978,0,1,1,0,0,0,0,0,0,0,0,0,0,0,1,0,0,0,0,1,0,0,0,0,0
appendicitis_test_edsa_45613,3,1.0,0.0011899471282958,0.000173807144165,1,0,0,0,1,0,0,0,0,0,0,0,0,0,1,0,0,0,0,1,0,0,0,0,0
appendicitis_test_edsa_45613,3,1.0,0.0011999607086181,0.0002882480621337,1,0,0,1,0,0,0,0,0,0,1,0,0,0,0,0,0,0,0,1,0,0,0,0,0
appendicitis_test_edsa_45613,3,1.0,0.001460313796997,0.0002205371856689,0,1,0,1,0,0,0,0,0,0,0,0,0,0,1,0,0,0,0,0,0,0,1,0,0
appendicitis_test_edsa_45613,3,1.0,0.0007987022399902,0.0001509189605712,0,1,0,1,0,0,0,0,0,0,1,0,0,0,0,0,0,0,1,0,0,0,0,0,0
appendicitis_test_edsa_45613,3,1.0,0.0016436576843261,0.0002171993255615,0,1,0,0,1,0,0,0,0,0,0,0,0,0,1,0,0,0,0,1,0,0,0,0,0
appendicitis_test_edsa_45613,3,1.0,0.0010275840759277,0.000162124633789,1,0,1,0,0,0,0,0,0,0,0,0,0,0,1,0,0,0,0,0,1,0,0,0,0
appendicitis_test_edsa_45613,3,1.0,0.0014798641204833,0.000253677368164,1,0,0,1,0,0,0,0,0,0,0,0,0,0,1,0,0,0,0,1,0,0,0,0,0
appendicitis_test_edsa_45613,3,1.0,0.0006053447723388,0.0001401901245117,1,0,0,0,1,0,0,0,0,0,1,0,0,0,0,0,0,0,1,0,0,0,0,0,0
appendicitis_test_edsa_45613,3,1.0,0.0011961460113525,0.0001754760742187,1,0,0,1,0,0,0,0,0,0,0,0,0,0,1,0,0,0,0,0,0,1,0,0,0
appendicitis_test_edsa_45613,3,1.0,0.0010843276977539,0.0001795291900634,1,0,0,1,0,0,0,0,0,0,0,0,0,0,1,0,0,0,0,0,0,0,0,0,1
appendicitis_test_edsa_45613,3,1.0,0.0010693073272705,0.0001628398895263,1,0,0,1,0,0,0,0,0,0,0,0,0,0,1,0,0,0,0,0,0,0,0,1,0
appendicitis_test_edsa_45613,3,1.0,0.0011498928070068,0.0001640319824218,0,1,1,0,0,0,0,0,0,0,0,0,0,0,1,0,0,0,0,0,0,1,0,0,0
appendicitis_test_edsa_45613,3,1.0,0.0014302730560302,0.0002448558807373,0,1,0,0,1,0,0,0,0,0,0,0,0,0,1,0,0,0,1,0,0,0,0,0,0
appendicitis_test_edsa_45613,3,1.0,0.0012693405151367,0.0002057552337646,0,1,0,0,1,0,0,0,0,0,0,0,0,0,1,0,0,0,0,0,0,1,0,0,0
appendicitis_test_edsa_45613,3,1.0,0.0011160373687744,0.0001666545867919,1,0,1,0,0,0,0,0,0,0,0,0,0,0,1,0,0,0,0,0,0,0,0,0,1
appendicitis_test_edsa_45613,3,1.0,0.0012502670288085,0.0001990795135498,1,0,0,1,0,0,0,0,0,0,0,0,0,0,1,0,0,0,0,0,1,0,0,0,0
appendicitis_test_edsa_45613,3,1.0,0.0013859272003173,0.0002510547637939,0,1,0,1,0,0,0,0,0,0,0,0,0,0,1,0,0,0,0,0,0,0,0,1,0
DiabeticMellitus_41430,4,1.0,0.0006258487701416,0.0001437664031982,0,1,1,0,0,0,0,0,1,0,0,0,0,0,0,0,0,0,0,0,0,0,1,0,0
DiabeticMellitus_41430,4,1.0,0.0008852481842041,0.0001730918884277,0,1,0,0,1,0,0,0,0,0,1,0,0,0,0,0,0,0,0,0,1,0,0,0,0
DiabeticMellitus_41430,4,1.0,0.0009136199951171,0.0001833438873291,0,1,0,0,1,0,0,0,0,0,0,0,0,0,0,0,1,0,0,0,0,1,0,0,0
DiabeticMellitus_41430,4,1.0,0.0006730556488037,0.0001478195190429,0,1,0,0,1,0,0,0,1,0,0,0,0,0,0,0,0,0,0,0,0,0,1,0,0
DiabeticMellitus_41430,4,1.0,0.0007383823394775,0.0001590251922607,0,1,1,0,0,0,0,0,0,0,0,0,0,0,0,0,1,0,0,0,0,1,0,0,0
DiabeticMellitus_41430,0,1.0,0.000716209411621,0.0001533031463623,0,1,0,0,1,0,0,0,1,0,0,0,0,0,0,0,0,0,0,0,0,0,1,0,0
DiabeticMellitus_41430,4,1.0,0.0007987022399902,0.0003001689910888,0,1,1,0,0,0,0,0,0,0,1,0,0,0,0,0,0,0,0,0,1,0,0,0,0
DiabeticMellitus_41430,4,1.0,0.0007157325744628,0.0001516342163085,0,1,0,1,0,0,0,0,1,0,0,0,0,0,0,0,0,0,0,0,0,0,1,0,0
DiabeticMellitus_41430,0,1.0,0.0006670951843261,0.0001494884490966,0,1,0,1,0,0,0,0,1,0,0,0,0,0,0,0,0,0,0,0,0,0,1,0,0
DiabeticMellitus_41430,4,1.0,0.0008771419525146,0.0001742839813232,0,1,0,1,0,0,0,0,0,0,1,0,0,0,0,0,0,0,0,0,1,0,0,0,0
DiabeticMellitus_41430,4,1.0,0.0007569789886474,0.0002284049987792,0,1,0,1,0,0,0,0,0,0,0,0,0,0,0,0,1,0,0,0,0,1,0,0,0
DiabeticMellitus_41430,0,1.0,0.0006639957427978,0.0001428127288818,0,1,1,0,0,0,0,0,1,0,0,0,0,0,0,0,0,0,0,0,0,0,1,0,0
DiabeticMellitus_41430,0,0.9824561403508772,0.0006392002105712,0.0001473426818847,0,1,0,0,1,0,0,0,1,0,0,0,0,0,0,0,0,0,1,0,0,0,0,0,0
DiabeticMellitus_41430,0,0.9824561403508772,0.0006933212280273,0.0001490116119384,0,1,0,1,0,0,0,0,1,0,0,0,0,0,0,0,0,0,0,0,0,1,0,0,0
DiabeticMellitus_41430,0,0.9824561403508772,0.0007176399230957,0.000152587890625,0,1,0,0,1,0,0,0,1,0,0,0,0,0,0,0,0,0,0,0,0,0,0,1,0
DiabeticMellitus_41430,0,0.9824561403508772,0.0007057189941406,0.0001521110534667,0,1,1,0,0,0,0,0,1,0,0,0,0,0,0,0,0,0,0,0,0,0,0,1,0
DiabeticMellitus_41430,0,0.9824561403508772,0.0006864070892333,0.000178575515747,0,1,0,0,1,0,0,0,1,0,0,0,0,0,0,0,0,0,0,0,0,0,0,0,1
DiabeticMellitus_41430,0,0.9824561403508772,0.0006546974182128,0.0001661777496337,0,1,1,0,0,0,0,0,1,0,0,0,0,0,0,0,0,0,0,0,1,0,0,0,0
DiabeticMellitus_41430,0,0.9824561403508772,0.0006890296936035,0.0001437664031982,0,1,1,0,0,0,0,0,1,0,0,0,0,0,0,0,0,0,0,1,0,0,0,0,0
DiabeticMellitus_41430,0,0.9824561403508772,0.0006358623504638,0.0001420974731445,0,1,1,0,0,0,0,0,1,0,0,0,0,0,0,0,0,0,0,0,0,0,0,0,1
tae_48,1,0.7666666666666667,0.0747029781341552,0.0003931522369384,1,0,1,0,0,0,0,0,0,0,0,0,1,0,0,0,0,0,1,0,0,0,0,0,0
tae_48,1,0.7666666666666667,0.0431878566741943,0.0003881454467773,0,1,1,0,0,0,0,0,0,0,0,0,1,0,0,0,0,0,1,0,0,0,0,0,0
tae_48,1,0.7666666666666667,0.0027451515197753,0.0003645420074462,0,1,1,0,0,0,0,0,0,0,0,0,0,0,0,1,0,0,1,0,0,0,0,0,0
tae_48,1,0.7666666666666667,0.0028135776519775,0.0003669261932373,0,1,0,1,0,0,0,0,0,0,0,0,0,0,0,1,0,0,1,0,0,0,0,0,0
tae_48,1,0.7666666666666667,0.0098567008972167,0.0003721714019775,1,0,1,0,0,0,0,0,0,0,0,0,0,0,0,1,0,0,1,0,0,0,0,0,0
tae_48,1,0.7666666666666667,0.0028798580169677,0.0003085136413574,0,1,0,0,1,0,0,0,0,0,0,0,0,0,0,1,0,0,0,0,0,0,0,1,0
tae_48,1,0.7666666666666667,0.0039594173431396,0.0003180503845214,1,0,1,0,0,0,0,0,0,0,0,0,0,0,0,1,0,0,0,0,0,0,0,1,0
tae_48,1,0.7666666666666667,0.0046231746673583,0.000411033630371,0,1,1,0,0,0,0,0,0,0,0,0,0,0,0,1,0,0,0,0,0,0,0,1,0
tae_48,1,0.7666666666666667,0.0029256343841552,0.0003149509429931,1,0,0,1,0,0,0,0,0,0,0,0,0,0,0,1,0,0,0,0,0,0,0,1,0
tae_48,1,0.7666666666666667,0.0043563842773437,0.0004539489746093,0,1,0,0,1,0,0,0,0,0,0,0,0,0,0,1,0,0,1,0,0,0,0,0,0
tae_48,1,0.7666666666666667,0.0042345523834228,0.0003237724304199,1,0,0,0,1,0,0,0,0,0,0,0,0,0,0,1,0,0,1,0,0,0,0,0,0
tae_48,1,0.7666666666666667,0.0760791301727294,0.0003879070281982,1,0,0,0,1,0,0,0,0,0,0,0,1,0,0,0,0,0,1,0,0,0,0,0,0
tae_48,1,0.7666666666666667,0.0030038356781005,0.0003468990325927,1,0,0,0,1,0,0,0,0,0,0,0,0,0,0,1,0,0,0,0,0,0,0,1,0
tae_48,1,0.7666666666666667,0.0028028488159179,0.000309944152832,1,0,0,1,0,0,0,0,0,0,0,0,0,0,0,1,0,0,1,0,0,0,0,0,0
tae_48,1,0.7666666666666667,0.0632002353668212,0.0003776550292968,1,0,0,1,0,0,0,0,0,0,0,0,1,0,0,0,0,0,1,0,0,0,0,0,0
tae_48,1,0.7666666666666667,0.0640273094177246,0.0003981590270996,0,1,0,0,1,0,0,0,0,0,0,0,1,0,0,0,0,0,1,0,0,0,0,0,0
tae_48,1,0.7666666666666667,0.0194149017333984,0.0004596710205078,0,1,0,1,0,0,0,0,0,0,0,0,1,0,0,0,0,0,1,0,0,0,0,0,0
tae_48,1,0.7666666666666667,0.0029048919677734,0.0003116130828857,0,1,0,1,0,0,0,0,0,0,0,0,0,0,0,1,0,0,0,0,0,0,0,1,0
tae_48,0,0.7419354838709677,0.0026743412017822,0.0003139972686767,1,0,1,0,0,0,0,0,0,0,0,0,0,0,0,1,0,0,0,0,0,0,1,0,0
tae_48,0,0.7419354838709677,0.0025863647460937,0.0003104209899902,0,1,1,0,0,0,0,0,0,0,0,0,0,0,0,1,0,0,0,0,0,0,1,0,0
fri_c1_500_50_766,3,0.79,0.0008158683776855,0.0001585483551025,0,1,1,0,0,0,0,1,0,0,0,0,0,0,0,0,0,0,1,0,0,0,0,0,0
fri_c1_500_50_766,3,0.79,0.0009455680847167,0.0001616477966308,0,1,0,0,1,0,0,1,0,0,0,0,0,0,0,0,0,0,1,0,0,0,0,0,0
fri_c1_500_50_766,3,0.79,0.0008566379547119,0.0001611709594726,1,0,0,0,1,0,0,1,0,0,0,0,0,0,0,0,0,0,0,0,0,0,1,0,0
fri_c1_500_50_766,3,0.79,0.0008761882781982,0.0001623630523681,1,0,0,1,0,0,0,1,0,0,0,0,0,0,0,0,0,0,1,0,0,0,0,0,0
fri_c1_500_50_766,3,0.79,0.0008916854858398,0.000166893005371,0,1,0,1,0,0,0,1,0,0,0,0,0,0,0,0,0,0,0,0,0,0,1,0,0
fri_c1_500_50_766,3,0.79,0.0011603832244873,0.0001609325408935,1,0,1,0,0,0,0,1,0,0,0,0,0,0,0,0,0,0,1,0,0,0,0,0,0
fri_c1_500_50_766,3,0.79,0.0008759498596191,0.0001871585845947,0,1,0,1,0,0,0,1,0,0,0,0,0,0,0,0,0,0,1,0,0,0,0,0,0
fri_c1_500_50_766,3,0.79,0.000861644744873,0.0001702308654785,0,1,0,0,1,0,0,1,0,0,0,0,0,0,0,0,0,0,0,0,0,0,1,0,0
fri_c1_500_50_766,3,0.79,0.0009117126464843,0.0001637935638427,1,0,0,1,0,0,0,1,0,0,0,0,0,0,0,0,0,0,0,0,0,0,1,0,0
fri_c1_500_50_766,3,0.79,0.0009064674377441,0.0001640319824218,1,0,0,0,1,0,0,1,0,0,0,0,0,0,0,0,0,0,1,0,0,0,0,0,0
fri_c1_500_50_766,3,0.79,0.0008699893951416,0.0001623630523681,0,1,1,0,0,0,0,1,0,0,0,0,0,0,0,0,0,0,0,0,0,0,1,0,0
fri_c1_500_50_766,3,0.79,0.0008821487426757,0.0001821517944335,1,0,1,0,0,0,0,1,0,0,0,0,0,0,0,0,0,0,0,0,0,0,1,0,0
fri_c1_500_50_766,3,0.78,0.0009186267852783,0.0001637935638427,1,0,0,1,0,0,0,1,0,0,0,0,0,0,0,0,0,0,0,0,1,0,0,0,0
fri_c1_500_50_766,3,0.78,0.0008835792541503,0.0001602172851562,1,0,1,0,0,0,0,1,0,0,0,0,0,0,0,0,0,0,0,0,1,0,0,0,0
fri_c1_500_50_766,3,0.78,0.0009055137634277,0.0001685619354248,0,1,0,1,0,0,0,1,0,0,0,0,0,0,0,0,0,0,0,0,1,0,0,0,0
fri_c1_500_50_766,3,0.78,0.0009407997131347,0.000197410583496,1,0,0,0,1,0,0,1,0,0,0,0,0,0,0,0,0,0,0,0,1,0,0,0,0
fri_c1_500_50_766,3,0.78,0.0009067058563232,0.0001611709594726,0,1,0,0,1,0,0,1,0,0,0,0,0,0,0,0,0,0,0,0,1,0,0,0,0
fri_c1_500_50_766,3,0.78,0.0011215209960937,0.0001647472381591,0,1,1,0,0,0,0,1,0,0,0,0,0,0,0,0,0,0,0,0,1,0,0,0,0
fri_c1_500_50_766,3,0.77,0.0008399486541748,0.0001626014709472,1,0,0,1,0,0,0,1,0,0,0,0,0,0,0,0,0,0,0,1,0,0,0,0,0
fri_c1_500_50_766,3,0.77,0.001194953918457,0.000162124633789,1,0,1,0,0,0,0,1,0,0,0,0,0,0,0,0,0,0,0,0,0,0,0,0,1
tokyo1_40705,1,0.9635416666666666,0.0010046958923339,0.0001857280731201,0,1,0,0,1,0,0,0,0,0,1,0,0,0,0,0,0,0,0,0,0,1,0,0,0
tokyo1_40705,1,0.9635416666666666,0.0011067390441894,0.0002002716064453,0,1,1,0,0,0,0,0,0,0,1,0,0,0,0,0,0,0,0,0,0,1,0,0,0
tokyo1_40705,1,0.9635416666666666,0.0009210109710693,0.0002052783966064,1,0,0,0,1,0,0,0,0,0,1,0,0,0,0,0,0,0,0,0,0,1,0,0,0
tokyo1_40705,1,0.9635416666666666,0.0010170936584472,0.0002768039703369,1,0,1,0,0,0,0,0,0,0,1,0,0,0,0,0,0,0,0,0,0,1,0,0,0
tokyo1_40705,1,0.9635416666666666,0.0010018348693847,0.000185489654541,1,0,0,1,0,0,0,0,0,0,1,0,0,0,0,0,0,0,0,0,0,1,0,0,0
tokyo1_40705,1,0.9635416666666666,0.0010073184967041,0.000197410583496,0,1,0,1,0,0,0,0,0,0,1,0,0,0,0,0,0,0,0,0,0,1,0,0,0
tokyo1_40705,2,0.9583333333333334,0.0150403976440429,0.0006568431854248,1,0,0,0,1,0,0,0,0,0,0,0,1,0,0,0,0,0,0,0,0,1,0,0,0
tokyo1_40705,2,0.9583333333333334,0.071732759475708,0.0007047653198242,0,1,0,1,0,0,0,0,0,0,0,0,1,0,0,0,0,0,0,0,0,1,0,0,0
tokyo1_40705,2,0.9583333333333334,0.0752789974212646,0.0005936622619628,1,0,1,0,0,0,0,0,0,0,0,0,1,0,0,0,0,0,0,0,0,1,0,0,0
tokyo1_40705,2,0.9583333333333334,0.0128200054168701,0.0005767345428466,1,0,0,1,0,0,0,0,0,0,0,0,1,0,0,0,0,0,0,0,0,1,0,0,0
tokyo1_40705,2,0.9583333333333334,0.0177118778228759,0.0006141662597656,0,1,0,0,1,0,0,0,0,0,0,0,1,0,0,0,0,0,0,0,0,1,0,0,0
tokyo1_40705,2,0.9583333333333334,0.0137922763824462,0.0005955696105957,0,1,1,0,0,0,0,0,0,0,0,0,1,0,0,0,0,0,0,0,0,1,0,0,0
tokyo1_40705,2,0.953125,0.0705454349517822,0.0006995201110839,1,0,0,1,0,0,0,0,0,0,0,0,1,0,0,0,0,0,0,0,0,0,1,0,0
tokyo1_40705,2,0.953125,0.0159599781036376,0.0006887912750244,1,0,1,0,0,0,0,0,0,0,0,0,1,0,0,0,0,0,0,0,0,0,1,0,0
tokyo1_40705,2,0.953125,0.012850284576416,0.0006251335144042,0,1,1,0,0,0,0,0,0,0,0,0,1,0,0,0,0,0,0,0,0,0,1,0,0
tokyo1_40705,2,0.953125,0.030733585357666,0.0006392002105712,0,1,0,0,1,0,0,0,0,0,0,0,1,0,0,0,0,0,0,0,0,0,1,0,0
tokyo1_40705,2,0.953125,0.0394387245178222,0.0007367134094238,1,0,0,0,1,0,0,0,0,0,0,0,1,0,0,0,0,0,0,0,0,0,1,0,0
tokyo1_40705,2,0.953125,0.029085636138916,0.0006399154663085,0,1,0,1,0,0,0,0,0,0,0,0,1,0,0,0,0,0,0,0,0,0,1,0,0
tokyo1_40705,2,0.9479166666666666,0.0007610321044921,0.0001661777496337,0,1,0,0,1,0,0,0,0,0,0,0,0,0,0,0,1,0,0,0,0,0,1,0,0
tokyo1_40705,1,0.9479166666666666,0.0135092735290527,0.0006756782531738,1,0,0,1,0,0,0,0,0,0,0,0,1,0,0,0,0,0,0,0,0,1,0,0,0
schizo_466,1,0.9117647058823528,0.0756809711456298,0.0005052089691162,0,1,0,1,0,0,0,0,0,0,0,0,1,0,0,0,0,0,0,1,0,0,0,0,0
schizo_466,1,0.8676470588235294,0.0525557994842529,0.000504732131958,0,1,0,0,1,0,0,0,0,0,0,0,1,0,0,0,0,0,0,1,0,0,0,0,0
schizo_466,3,0.8676470588235294,0.0962753295898437,0.0005064010620117,0,1,0,0,1,0,0,0,0,0,0,0,1,0,0,0,0,0,0,1,0,0,0,0,0
schizo_466,3,0.8529411764705882,0.0070185661315917,0.00046968460083,0,1,0,1,0,0,0,0,0,0,0,0,1,0,0,0,0,0,0,1,0,0,0,0,0
schizo_466,0,0.8529411764705882,0.0074360370635986,0.0004351139068603,0,1,0,0,1,0,0,0,0,0,0,0,0,0,0,1,0,0,0,1,0,0,0,0,0
schizo_466,4,0.8382352941176471,0.0734455585479736,0.0004763603210449,0,1,0,0,1,0,0,0,0,0,0,0,1,0,0,0,0,0,0,1,0,0,0,0,0
schizo_466,4,0.8235294117647058,0.0370135307312011,0.0004615783691406,0,1,0,1,0,0,0,0,0,0,0,0,1,0,0,0,0,0,0,1,0,0,0,0,0
schizo_466,3,0.7941176470588235,0.0091872215270996,0.0004715919494628,0,1,0,0,1,0,0,0,0,0,0,0,0,0,0,1,0,0,0,1,0,0,0,0,0
schizo_466,0,0.7794117647058824,0.0071558952331542,0.0004568099975585,0,1,0,1,0,0,0,0,0,0,0,0,1,0,0,0,0,0,0,1,0,0,0,0,0
schizo_466,1,0.7794117647058824,0.0089976787567138,0.0004370212554931,0,1,0,0,1,0,0,0,0,0,0,0,0,0,0,1,0,0,0,1,0,0,0,0,0
schizo_466,0,0.7647058823529411,0.0748257637023925,0.0005135536193847,0,1,0,0,1,0,0,0,0,0,0,0,1,0,0,0,0,0,0,1,0,0,0,0,0
schizo_466,2,0.7647058823529411,0.0079817771911621,0.0003998279571533,0,1,0,0,1,0,0,0,0,0,0,0,0,0,0,1,0,0,0,1,0,0,0,0,0
schizo_466,2,0.75,0.069237470626831,0.0004529953002929,0,1,0,1,0,0,0,0,0,0,0,0,1,0,0,0,0,0,0,1,0,0,0,0,0
schizo_466,2,0.75,0.0584630966186523,0.0005202293395996,0,1,0,0,1,0,0,0,0,0,0,0,1,0,0,0,0,0,0,1,0,0,0,0,0
schizo_466,1,0.75,0.0186231136322021,0.0005278587341308,0,1,0,1,0,0,0,0,0,0,0,0,0,0,0,1,0,0,0,1,0,0,0,0,0
schizo_466,1,0.7352941176470589,0.0009748935699462,0.0001723766326904,0,1,0,0,1,0,0,0,0,0,0,0,0,1,0,0,0,0,0,0,0,1,0,0,0
schizo_466,2,0.7352941176470589,0.0073342323303222,0.0005371570587158,0,1,0,1,0,0,0,0,0,0,0,0,0,0,0,1,0,0,0,1,0,0,0,0,0
schizo_466,1,0.7352941176470589,0.001246690750122,0.0002038478851318,0,1,0,0,1,0,0,0,0,1,0,0,0,0,0,0,0,0,0,0,0,1,0,0,0
schizo_466,1,0.7352941176470589,0.0011029243469238,0.0002057552337646,0,1,0,0,1,0,0,0,0,0,0,1,0,0,0,0,0,0,0,0,0,1,0,0,0
schizo_466,1,0.7352941176470589,0.0009810924530029,0.0001697540283203,0,1,0,0,1,0,1,0,0,0,0,0,0,0,0,0,0,0,0,0,0,1,0,0,0
glass_1005,2,0.8372093023255814,0.0007894039154052,0.000162124633789,1,0,0,1,0,1,0,0,0,0,0,0,0,0,0,0,0,0,0,0,0,0,1,0,0
glass_1005,2,0.8372093023255814,0.0008096694946289,0.0001599788665771,1,0,0,0,1,1,0,0,0,0,0,0,0,0,0,0,0,0,0,0,0,0,1,0,0
glass_1005,2,0.8372093023255814,0.0008466243743896,0.0001628398895263,0,1,1,0,0,1,0,0,0,0,0,0,0,0,0,0,0,0,0,0,0,0,1,0,0
glass_1005,2,0.8372093023255814,0.0008487701416015,0.0001630783081054,0,1,0,0,1,1,0,0,0,0,0,0,0,0,0,0,0,0,0,0,0,0,1,0,0
glass_1005,2,0.8372093023255814,0.0008711814880371,0.0001623630523681,1,0,1,0,0,1,0,0,0,0,0,0,0,0,0,0,0,0,0,0,0,0,1,0,0
glass_1005,2,0.8372093023255814,0.0009074211120605,0.0001661777496337,0,1,0,1,0,1,0,0,0,0,0,0,0,0,0,0,0,0,0,0,0,0,1,0,0
glass_1005,4,0.8333333333333334,0.0006580352783203,0.0001435279846191,1,0,1,0,0,0,0,0,0,0,0,0,0,0,0,0,1,0,0,0,0,0,1,0,0
glass_1005,4,0.8333333333333334,0.0008058547973632,0.0001518726348876,1,0,0,1,0,0,0,0,0,0,0,0,0,0,0,0,1,0,0,0,0,0,1,0,0
glass_1005,4,0.8333333333333334,0.0006384849548339,0.0001461505889892,0,1,0,0,1,0,0,0,1,0,0,0,0,0,0,0,0,0,0,0,0,0,1,0,0
glass_1005,4,0.8333333333333334,0.0006537437438964,0.0001451969146728,1,0,0,0,1,0,0,0,0,0,0,0,0,0,0,0,1,0,0,0,0,0,1,0,0
glass_1005,4,0.8333333333333334,0.0006446838378906,0.0001466274261474,1,0,1,0,0,0,0,0,1,0,0,0,0,0,0,0,0,0,0,0,0,0,1,0,0
glass_1005,4,0.8333333333333334,0.0006532669067382,0.0001463890075683,1,0,0,0,1,0,0,0,1,0,0,0,0,0,0,0,0,0,0,0,0,0,1,0,0
glass_1005,4,0.8333333333333334,0.0006604194641113,0.0001695156097412,0,1,0,1,0,0,0,0,1,0,0,0,0,0,0,0,0,0,0,0,0,0,1,0,0
glass_1005,4,0.8333333333333334,0.0006575584411621,0.0002162456512451,0,1,0,0,1,0,0,0,0,0,0,0,0,0,0,0,1,0,0,0,0,0,1,0,0
glass_1005,4,0.8333333333333334,0.0008168220520019,0.0001502037048339,0,1,0,1,0,0,0,0,0,0,0,0,0,0,0,0,1,0,0,0,0,0,1,0,0
glass_1005,4,0.8333333333333334,0.000664472579956,0.0001726150512695,0,1,1,0,0,0,0,0,1,0,0,0,0,0,0,0,0,0,0,0,0,0,1,0,0
glass_1005,4,0.8333333333333334,0.0006606578826904,0.0001473426818847,0,1,1,0,0,0,0,0,0,0,0,0,0,0,0,0,1,0,0,0,0,0,1,0,0
glass_1005,4,0.8333333333333334,0.0006518363952636,0.0001430511474609,1,0,0,1,0,0,0,0,1,0,0,0,0,0,0,0,0,0,0,0,0,0,1,0,0
glass_1005,2,0.7906976744186046,0.0010023117065429,0.0002353191375732,1,0,0,0,1,0,0,0,0,1,0,0,0,0,0,0,0,0,0,0,0,0,1,0,0
glass_1005,2,0.7906976744186046,0.0029909610748291,0.000258445739746,1,0,1,0,0,0,0,0,0,0,0,0,0,0,1,0,0,0,1,0,0,0,0,0,0
backache_463,1,0.9444444444444444,0.0006599426269531,0.0001449584960937,0,1,1,0,0,0,0,0,0,0,0,0,0,0,0,0,0,1,1,0,0,0,0,0,0
backache_463,1,0.9444444444444444,0.0007326602935791,0.0001468658447265,0,1,0,1,0,0,0,0,0,0,0,0,0,0,0,0,0,1,0,0,0,0,1,0,0
backache_463,1,0.9444444444444444,0.0010113716125488,0.0002219676971435,1,0,1,0,0,0,0,0,0,0,0,0,0,0,0,0,0,1,0,0,0,0,1,0,0
backache_463,1,0.9444444444444444,0.000664472579956,0.0001430511474609,0,1,0,0,1,0,0,0,0,0,0,0,0,0,0,0,0,1,1,0,0,0,0,0,0
backache_463,1,0.9444444444444444,0.0006334781646728,0.0001964569091796,1,0,0,1,0,0,0,0,0,0,0,0,0,0,0,0,0,1,0,0,0,0,1,0,0
backache_463,1,0.9444444444444444,0.0006284713745117,0.0002274513244628,1,0,0,0,1,0,0,0,0,0,0,0,0,0,0,0,0,1,1,0,0,0,0,0,0
backache_463,1,0.9444444444444444,0.0007205009460449,0.0001435279846191,1,0,0,1,0,0,0,0,0,0,0,0,0,0,0,0,0,1,1,0,0,0,0,0,0
backache_463,1,0.9444444444444444,0.0007450580596923,0.0001463890075683,1,0,1,0,0,0,0,0,0,0,0,0,0,0,0,0,0,1,1,0,0,0,0,0,0
backache_463,1,0.9444444444444444,0.0007944107055664,0.0001654624938964,1,0,0,0,1,0,0,0,0,0,0,0,0,0,0,0,0,1,0,0,0,0,1,0,0
backache_463,1,0.9444444444444444,0.0006628036499023,0.0001454353332519,0,1,0,1,0,0,0,0,0,0,0,0,0,0,0,0,0,1,1,0,0,0,0,0,0
backache_463,1,0.9444444444444444,0.0009703636169433,0.0003564357757568,0,1,0,0,1,0,0,0,0,0,0,0,0,0,0,0,0,1,0,0,0,0,1,0,0
backache_463,1,0.9444444444444444,0.0006394386291503,0.0001661777496337,0,1,1,0,0,0,0,0,0,0,0,0,0,0,0,0,0,1,0,0,0,0,1,0,0
backache_463,1,0.9166666666666666,0.0006301403045654,0.0001387596130371,0,1,1,0,0,0,0,0,1,0,0,0,0,0,0,0,0,0,0,0,0,0,0,1,0
backache_463,1,0.9166666666666666,0.0013456344604492,0.0002000331878662,1,0,0,0,1,0,0,0,0,0,0,1,0,0,0,0,0,0,1,0,0,0,0,0,0
backache_463,1,0.9166666666666666,0.0010962486267089,0.0001862049102783,1,0,0,0,1,0,1,0,0,0,0,0,0,0,0,0,0,0,1,0,0,0,0,0,0
backache_463,1,0.9166666666666666,0.0010378360748291,0.000176191329956,0,1,0,1,0,0,0,0,0,0,0,0,0,1,0,0,0,0,0,0,0,0,1,0,0
backache_463,1,0.9166666666666666,0.0011482238769531,0.00018310546875,1,0,0,0,1,0,0,0,0,0,0,0,0,1,0,0,0,0,1,0,0,0,0,0,0
backache_463,1,0.9166666666666666,0.0006523132324218,0.0001449584960937,1,0,0,0,1,0,0,0,0,0,0,0,0,0,0,0,1,0,1,0,0,0,0,0,0
backache_463,1,0.9166666666666666,0.0006301403045654,0.0001378059387207,0,1,0,1,0,0,0,0,1,0,0,0,0,0,0,0,0,0,0,0,0,0,1,0,0
backache_463,1,0.9166666666666666,0.1554305553436279,0.0004501342773437,0,1,1,0,0,0,0,0,0,0,0,0,1,0,0,0,0,0,0,0,0,0,0,0,1
parkinsons_1488,2,0.9743589743589745,0.0009207725524902,0.0001649856567382,1,0,1,0,0,0,0,0,0,0,0,1,0,0,0,0,0,0,0,0,0,1,0,0,0
parkinsons_1488,2,0.9743589743589745,0.000922679901123,0.000166893005371,0,1,1,0,0,0,0,0,0,0,0,0,0,1,0,0,0,0,0,0,0,1,0,0,0
parkinsons_1488,2,0.9743589743589745,0.000962495803833,0.000169038772583,1,0,0,0,1,0,0,0,0,0,0,1,0,0,0,0,0,0,0,0,0,1,0,0,0
parkinsons_1488,2,0.9743589743589745,0.001227855682373,0.0001981258392333,1,0,1,0,0,0,0,0,0,1,0,0,0,0,0,0,0,0,0,0,0,1,0,0,0
parkinsons_1488,2,0.9743589743589745,0.0009546279907226,0.000169038772583,1,0,0,1,0,0,1,0,0,0,0,0,0,0,0,0,0,0,0,0,0,1,0,0,0
parkinsons_1488,2,0.9743589743589745,0.0011489391326904,0.0001840591430664,0,1,0,0,1,0,0,0,0,1,0,0,0,0,0,0,0,0,0,0,0,1,0,0,0
parkinsons_1488,2,0.9743589743589745,0.001227855682373,0.0001964569091796,1,0,0,1,0,0,0,0,0,1,0,0,0,0,0,0,0,0,0,0,0,1,0,0,0
parkinsons_1488,2,0.9743589743589745,0.0009787082672119,0.0001664161682128,0,1,1,0,0,0,1,0,0,0,0,0,0,0,0,0,0,0,0,0,0,1,0,0,0
parkinsons_1488,2,0.9743589743589745,0.0009734630584716,0.000166893005371,0,1,0,1,0,0,1,0,0,0,0,0,0,0,0,0,0,0,0,0,0,1,0,0,0
parkinsons_1488,2,0.9743589743589745,0.0008645057678222,0.0001578330993652,1,0,0,1,0,0,0,0,0,0,0,0,0,1,0,0,0,0,0,0,0,1,0,0,0
parkinsons_1488,2,0.9743589743589745,0.0009100437164306,0.0001752376556396,1,0,0,1,0,0,0,0,0,0,0,1,0,0,0,0,0,0,0,0,0,1,0,0,0
parkinsons_1488,2,0.9743589743589745,0.0010244846343994,0.0001697540283203,0,1,0,1,0,0,0,0,0,0,0,1,0,0,0,0,0,0,0,0,0,1,0,0,0
parkinsons_1488,2,0.9743589743589745,0.0012164115905761,0.0002129077911376,1,0,0,0,1,0,0,0,0,1,0,0,0,0,0,0,0,0,0,0,0,1,0,0,0
parkinsons_1488,2,0.9743589743589745,0.0010619163513183,0.0001943111419677,0,1,0,1,0,0,0,0,0,1,0,0,0,0,0,0,0,0,0,0,0,1,0,0,0
parkinsons_1488,2,0.9743589743589745,0.0008935928344726,0.0001652240753173,0,1,1,0,0,0,0,0,0,0,0,1,0,0,0,0,0,0,0,0,0,1,0,0,0
parkinsons_1488,2,0.9743589743589745,0.0009524822235107,0.0001664161682128,1,0,1,0,0,0,1,0,0,0,0,0,0,0,0,0,0,0,0,0,0,1,0,0,0
parkinsons_1488,2,0.9743589743589745,0.0010113716125488,0.0001695156097412,1,0,0,0,1,0,1,0,0,0,0,0,0,0,0,0,0,0,0,0,0,1,0,0,0
parkinsons_1488,2,0.9743589743589745,0.0009369850158691,0.0001673698425292,1,0,0,0,1,0,0,0,0,0,0,0,0,1,0,0,0,0,0,0,0,1,0,0,0
parkinsons_1488,2,0.9743589743589745,0.0009951591491699,0.0001828670501708,0,1,0,1,0,0,0,0,0,0,0,0,0,1,0,0,0,0,0,0,0,1,0,0,0
parkinsons_1488,2,0.9743589743589745,0.0010442733764648,0.0001735687255859,0,1,0,0,1,0,1,0,0,0,0,0,0,0,0,0,0,0,0,0,0,1,0,0,0
PieChart1_1451,1,0.9361702127659576,0.002875804901123,0.0003433227539062,0,1,0,0,1,0,0,0,0,0,0,1,0,0,0,0,0,0,0,0,0,0,1,0,0
PieChart1_1451,3,0.9361702127659576,0.0029406547546386,0.0002713203430175,0,1,0,0,1,0,0,0,0,1,0,0,0,0,0,0,0,0,0,0,0,1,0,0,0
PieChart1_1451,3,0.9361702127659576,0.1012935638427734,0.0026416778564453,1,0,0,1,0,0,0,0,0,0,0,0,0,0,1,0,0,0,0,1,0,0,0,0,0
PieChart1_1451,3,0.9361702127659576,0.0028903484344482,0.0003936290740966,1,0,0,0,1,0,1,0,0,0,0,0,0,0,0,0,0,0,0,0,0,0,0,1,0
PieChart1_1451,1,0.9361702127659576,0.0027055740356445,0.0003540515899658,0,1,0,0,1,0,0,0,0,0,0,0,0,1,0,0,0,0,0,0,0,0,1,0,0
PieChart1_1451,3,0.9361702127659576,0.0027787685394287,0.0002827644348144,0,1,0,1,0,0,1,0,0,0,0,0,0,0,0,0,0,0,1,0,0,0,0,0,0
PieChart1_1451,3,0.9361702127659576,0.0024244785308837,0.0002474784851074,0,1,0,1,0,0,0,0,0,0,0,0,0,1,0,0,0,0,0,0,0,1,0,0,0
PieChart1_1451,1,0.9361702127659576,0.0009164810180664,0.0001606941223144,0,1,0,1,0,0,0,0,0,0,0,0,0,0,0,0,0,1,1,0,0,0,0,0,0
PieChart1_1451,3,0.9361702127659576,0.0026471614837646,0.0002954006195068,0,1,0,1,0,0,0,0,0,0,0,1,0,0,0,0,0,0,0,0,0,1,0,0,0
PieChart1_1451,1,0.9361702127659576,0.0036053657531738,0.0003530979156494,0,1,1,0,0,0,1,0,0,0,0,0,0,0,0,0,0,0,0,0,0,0,1,0,0
PieChart1_1451,3,0.9361702127659576,0.0023770332336425,0.0002267360687255,0,1,0,1,0,0,1,0,0,0,0,0,0,0,0,0,0,0,0,0,0,0,0,1,0
PieChart1_1451,3,0.9361702127659576,0.0024003982543945,0.0002298355102539,1,0,0,0,1,0,1,0,0,0,0,0,0,0,0,0,0,0,1,0,0,0,0,0,0
PieChart1_1451,1,0.9361702127659576,0.0009346008300781,0.0002107620239257,1,0,0,0,1,0,0,0,0,0,0,0,0,0,0,0,0,1,1,0,0,0,0,0,0
PieChart1_1451,3,0.9361702127659576,0.0024812221527099,0.0002286434173583,1,0,1,0,0,0,1,0,0,0,0,0,0,0,0,0,0,0,1,0,0,0,0,0,0
PieChart1_1451,1,0.9361702127659576,0.0009841918945312,0.0001716613769531,1,0,1,0,0,0,0,0,0,0,0,0,0,0,0,0,0,1,1,0,0,0,0,0,0
PieChart1_1451,3,0.9361702127659576,0.0028488636016845,0.0002894401550292,0,1,0,0,1,0,1,0,0,0,0,0,0,0,0,0,0,0,0,0,0,1,0,0,0
PieChart1_1451,3,0.9361702127659576,0.0026187896728515,0.000291109085083,1,0,0,0,1,0,0,0,0,0,0,0,0,1,0,0,0,0,0,0,0,1,0,0,0
PieChart1_1451,3,0.9361702127659576,0.0022976398468017,0.0002250671386718,1,0,0,1,0,0,1,0,0,0,0,0,0,0,0,0,0,0,1,0,0,0,0,0,0
PieChart1_1451,1,0.9361702127659576,0.0012030601501464,0.0001852512359619,1,0,0,1,0,0,0,0,0,0,0,0,0,0,0,0,0,1,1,0,0,0,0,0,0
PieChart1_1451,3,0.9361702127659576,0.0028216838836669,0.0002980232238769,0,1,1,0,0,0,0,0,0,1,0,0,0,0,0,0,0,0,0,0,0,1,0,0,0
bridges_327,0,0.8095238095238095,0.0008401870727539,0.0002276897430419,0,1,0,1,0,0,0,0,1,0,0,0,0,0,0,0,0,0,0,0,0,0,0,0,1
bridges_327,0,0.8095238095238095,0.0008974075317382,0.000216007232666,0,1,0,0,1,0,0,0,0,0,0,0,0,0,0,0,0,1,0,0,0,0,0,0,1
bridges_327,0,0.8095238095238095,0.0012333393096923,0.0002577304840087,0,1,0,1,0,0,0,0,0,0,1,0,0,0,0,0,0,0,1,0,0,0,0,0,0
bridges_327,0,0.8095238095238095,0.0012383460998535,0.0002429485321044,0,1,0,1,0,1,0,0,0,0,0,0,0,0,0,0,0,0,0,0,1,0,0,0,0
bridges_327,0,0.7142857142857143,0.0013008117675781,0.0002496242523193,0,1,0,1,0,0,0,0,0,0,0,1,0,0,0,0,0,0,1,0,0,0,0,0,0
bridges_327,0,0.7142857142857143,0.0019154548645019,0.0003895759582519,0,1,0,1,0,0,0,0,0,1,0,0,0,0,0,0,0,0,0,0,0,0,0,0,1
bridges_327,0,0.7142857142857143,0.0012891292572021,0.0002501010894775,0,1,0,1,0,0,0,0,0,0,0,0,0,1,0,0,0,0,0,0,0,0,0,1,0
bridges_327,0,0.7142857142857143,0.0012722015380859,0.0002479553222656,0,1,0,1,0,0,0,0,0,0,0,0,0,1,0,0,0,0,0,1,0,0,0,0,0
bridges_327,0,0.7142857142857143,0.0013167858123779,0.0002493858337402,0,1,0,1,0,0,0,0,0,0,0,0,0,1,0,0,0,0,1,0,0,0,0,0,0
bridges_327,0,0.7142857142857143,0.0015640258789062,0.0004210472106933,0,1,0,1,0,0,0,0,0,1,0,0,0,0,0,0,0,0,0,0,0,1,0,0,0
bridges_327,0,0.7142857142857143,0.0013089179992675,0.000248908996582,0,1,0,1,0,0,0,0,0,0,0,0,0,1,0,0,0,0,0,0,0,0,1,0,0
bridges_327,0,0.7142857142857143,0.0015077590942382,0.0002820491790771,0,1,0,1,0,0,0,0,0,1,0,0,0,0,0,0,0,0,1,0,0,0,0,0,0
bridges_327,0,0.7142857142857143,0.0016162395477294,0.0003154277801513,0,1,0,1,0,0,0,0,0,0,0,1,0,0,0,0,0,0,0,0,0,0,0,0,1
bridges_327,0,0.7142857142857143,0.0008842945098876,0.0002157688140869,0,1,0,0,1,0,0,0,0,0,0,0,0,0,0,0,0,1,0,0,0,0,0,1,0
bridges_327,0,0.7142857142857143,0.0012941360473632,0.0002384185791015,0,1,0,1,0,0,0,0,0,1,0,0,0,0,0,0,0,0,0,0,0,0,0,1,0
bridges_327,0,0.7142857142857143,0.0014116764068603,0.0002686977386474,0,1,0,1,0,0,0,0,0,0,0,1,0,0,0,0,0,0,0,0,0,0,0,1,0
bridges_327,0,0.7142857142857143,0.0014564990997314,0.0002858638763427,0,1,0,1,0,0,0,0,0,1,0,0,0,0,0,0,0,0,0,1,0,0,0,0,0
bridges_327,0,0.7142857142857143,0.0009891986846923,0.0002193450927734,0,1,0,0,1,0,0,1,0,0,0,0,0,0,0,0,0,0,0,0,0,1,0,0,0
bridges_327,0,0.7142857142857143,0.0015463829040527,0.000258445739746,0,1,0,1,0,0,0,0,0,0,0,1,0,0,0,0,0,0,0,1,0,0,0,0,0
bridges_327,0,0.7142857142857143,0.0011572837829589,0.0002369880676269,0,1,0,0,1,0,1,0,0,0,0,0,0,0,0,0,0,0,0,0,0,0,1,0,0
bwin_amlb_45717,2,0.7264150943396226,0.0008041858673095,0.000197410583496,1,0,0,0,1,1,0,0,0,0,0,0,0,0,0,0,0,0,0,0,0,0,0,1,0
bwin_amlb_45717,2,0.7264150943396226,0.0008354187011718,0.0001935958862304,1,0,0,1,0,1,0,0,0,0,0,0,0,0,0,0,0,0,1,0,0,0,0,0,0
bwin_amlb_45717,2,0.7264150943396226,0.0007760524749755,0.0001962184906005,0,1,1,0,0,1,0,0,0,0,0,0,0,0,0,0,0,0,1,0,0,0,0,0,0
bwin_amlb_45717,2,0.7264150943396226,0.0007648468017578,0.0001938343048095,0,1,0,1,0,1,0,0,0,0,0,0,0,0,0,0,0,0,0,1,0,0,0,0,0
bwin_amlb_45717,2,0.7264150943396226,0.0008783340454101,0.0002171993255615,1,0,0,0,1,1,0,0,0,0,0,0,0,0,0,0,0,0,1,0,0,0,0,0,0
bwin_amlb_45717,2,0.7264150943396226,0.0007922649383544,0.0001928806304931,1,0,1,0,0,1,0,0,0,0,0,0,0,0,0,0,0,0,0,0,0,0,0,0,1
bwin_amlb_45717,2,0.7264150943396226,0.0007672309875488,0.0001945495605468,1,0,0,0,1,1,0,0,0,0,0,0,0,0,0,0,0,0,0,0,0,0,0,0,1
bwin_amlb_45717,2,0.7264150943396226,0.0007798671722412,0.0001959800720214,0,1,1,0,0,1,0,0,0,0,0,0,0,0,0,0,0,0,0,1,0,0,0,0,0
bwin_amlb_45717,2,0.7264150943396226,0.0007650852203369,0.0002055168151855,1,0,1,0,0,1,0,0,0,0,0,0,0,0,0,0,0,0,0,0,0,0,0,1,0
bwin_amlb_45717,2,0.7264150943396226,0.0007927417755126,0.0002017021179199,1,0,0,1,0,1,0,0,0,0,0,0,0,0,0,0,0,0,0,0,0,0,0,0,1
bwin_amlb_45717,2,0.7264150943396226,0.0008680820465087,0.0002086162567138,0,1,0,1,0,1,0,0,0,0,0,0,0,0,0,0,0,0,0,0,0,0,0,1,0
bwin_amlb_45717,2,0.7264150943396226,0.0008401870727539,0.0001978874206542,1,0,0,1,0,1,0,0,0,0,0,0,0,0,0,0,0,0,0,0,0,0,0,1,0
bwin_amlb_45717,2,0.7264150943396226,0.0007746219635009,0.0001943111419677,0,1,0,0,1,1,0,0,0,0,0,0,0,0,0,0,0,0,0,0,0,0,0,0,1
bwin_amlb_45717,2,0.7264150943396226,0.0008516311645507,0.0002021789550781,0,1,1,0,0,1,0,0,0,0,0,0,0,0,0,0,0,0,0,0,0,0,0,0,1
bwin_amlb_45717,2,0.7264150943396226,0.0007846355438232,0.0001921653747558,0,1,0,0,1,1,0,0,0,0,0,0,0,0,0,0,0,0,1,0,0,0,0,0,0
bwin_amlb_45717,2,0.7264150943396226,0.0007433891296386,0.0001921653747558,1,0,0,0,1,1,0,0,0,0,0,0,0,0,0,0,0,0,0,1,0,0,0,0,0
bwin_amlb_45717,2,0.7264150943396226,0.0007483959197998,0.000490665435791,0,1,0,0,1,1,0,0,0,0,0,0,0,0,0,0,0,0,0,1,0,0,0,0,0
bwin_amlb_45717,2,0.7264150943396226,0.0007691383361816,0.0001921653747558,1,0,0,1,0,1,0,0,0,0,0,0,0,0,0,0,0,0,0,1,0,0,0,0,0
bwin_amlb_45717,2,0.7264150943396226,0.0007703304290771,0.0001935958862304,0,1,0,1,0,1,0,0,0,0,0,0,0,0,0,0,0,0,0,0,0,0,0,0,1
bwin_amlb_45717,2,0.7264150943396226,0.0007898807525634,0.0001993179321289,1,0,1,0,0,1,0,0,0,0,0,0,0,0,0,0,0,0,1,0,0,0,0,0,0
analcatdata_authorship_458,2,0.9940476190476192,0.0017845630645751,0.0002918243408203,0,1,0,0,1,1,0,0,0,0,0,0,0,0,0,0,0,0,0,0,0,0,1,0,0
analcatdata_authorship_458,2,0.9940476190476192,0.0018112659454345,0.0003073215484619,1,0,1,0,0,1,0,0,0,0,0,0,0,0,0,0,0,0,0,0,0,0,1,0,0
analcatdata_authorship_458,1,0.9940476190476192,0.0020587444305419,0.0003340244293212,1,0,0,1,0,1,0,0,0,0,0,0,0,0,0,0,0,0,0,0,0,1,0,0,0
analcatdata_authorship_458,1,0.9940476190476192,0.0020525455474853,0.0003187656402587,0,1,0,1,0,1,0,0,0,0,0,0,0,0,0,0,0,0,0,0,0,1,0,0,0
analcatdata_authorship_458,2,0.9940476190476192,0.0020413398742675,0.0003161430358886,0,1,0,1,0,0,0,0,0,0,1,0,0,0,0,0,0,0,0,0,0,1,0,0,0
analcatdata_authorship_458,1,0.9940476190476192,0.0021865367889404,0.000331163406372,0,1,0,1,0,0,0,0,0,0,1,0,0,0,0,0,0,0,0,0,0,1,0,0,0
analcatdata_authorship_458,1,0.9940476190476192,0.0020930767059326,0.0003173351287841,1,0,0,1,0,0,0,0,0,0,1,0,0,0,0,0,0,0,0,0,0,0,1,0,0
analcatdata_authorship_458,2,0.9940476190476192,0.0020220279693603,0.0002739429473876,0,1,1,0,0,1,0,0,0,0,0,0,0,0,0,0,0,0,0,0,0,0,1,0,0
analcatdata_authorship_458,1,0.9940476190476192,0.0020892620086669,0.0003471374511718,0,1,1,0,0,0,0,0,0,0,1,0,0,0,0,0,0,0,0,0,0,0,1,0,0
analcatdata_authorship_458,1,0.9940476190476192,0.0020980834960937,0.0003154277801513,1,0,1,0,0,0,0,0,0,0,1,0,0,0,0,0,0,0,0,0,0,0,1,0,0
analcatdata_authorship_458,1,0.9940476190476192,0.0021352767944335,0.0003788471221923,0,1,0,1,0,0,0,0,0,0,1,0,0,0,0,0,0,0,0,0,0,0,1,0,0
analcatdata_authorship_458,1,0.9940476190476192,0.0019912719726562,0.0003085136413574,1,0,0,0,1,1,0,0,0,0,0,0,0,0,0,0,0,0,0,0,0,1,0,0,0
analcatdata_authorship_458,2,0.9940476190476192,0.0020101070404052,0.0003094673156738,1,0,0,1,0,0,0,0,0,0,1,0,0,0,0,0,0,0,0,0,0,1,0,0,0
analcatdata_authorship_458,1,0.9940476190476192,0.0021901130676269,0.0003204345703125,1,0,0,1,0,0,0,0,0,0,1,0,0,0,0,0,0,0,0,0,0,1,0,0,0
analcatdata_authorship_458,2,0.9940476190476192,0.0020053386688232,0.0003058910369873,1,0,1,0,0,0,0,0,0,0,1,0,0,0,0,0,0,0,0,0,0,1,0,0,0
analcatdata_authorship_458,1,0.9940476190476192,0.0021686553955078,0.0003120899200439,1,0,1,0,0,0,0,0,0,0,1,0,0,0,0,0,0,0,0,0,0,1,0,0,0
analcatdata_authorship_458,1,0.9940476190476192,0.0020439624786376,0.0003104209899902,1,0,1,0,0,1,0,0,0,0,0,0,0,0,0,0,0,0,0,0,0,1,0,0,0
analcatdata_authorship_458,1,0.9940476190476192,0.0023255348205566,0.000382661819458,0,1,0,0,1,0,0,0,0,0,1,0,0,0,0,0,0,0,0,0,0,1,0,0,0
analcatdata_authorship_458,2,0.9940476190476192,0.001840591430664,0.0003235340118408,0,1,0,1,0,1,0,0,0,0,0,0,0,0,0,0,0,0,0,0,0,0,1,0,0
analcatdata_authorship_458,1,0.9940476190476192,0.0020587444305419,0.0003204345703125,0,1,1,0,0,1,0,0,0,0,0,0,0,0,0,0,0,0,0,0,0,1,0,0,0
Loan-Predication_43595,2,0.8455284552845529,0.0008909702301025,0.0001635551452636,0,1,0,1,0,0,0,0,0,0,0,0,0,0,0,0,1,0,0,1,0,0,0,0,0
Loan-Predication_43595,2,0.8455284552845529,0.0007779598236083,0.0001406669616699,0,1,0,1,0,0,0,0,1,0,0,0,0,0,0,0,0,0,0,1,0,0,0,0,0
Loan-Predication_43595,2,0.8455284552845529,0.0009841918945312,0.000178575515747,0,1,0,0,1,0,0,0,0,0,1,0,0,0,0,0,0,0,0,1,0,0,0,0,0
Loan-Predication_43595,2,0.8455284552845529,0.0008187294006347,0.0001518726348876,0,1,0,0,1,0,0,0,0,0,1,0,0,0,0,0,0,0,0,0,0,0,0,1,0
Loan-Predication_43595,2,0.8455284552845529,0.0007905960083007,0.0001425743103027,0,1,0,0,1,0,0,0,0,0,0,0,0,0,0,0,1,0,1,0,0,0,0,0,0
Loan-Predication_43595,2,0.8455284552845529,0.0008046627044677,0.0002903938293457,0,1,0,1,0,0,0,0,0,0,0,0,0,0,0,0,1,0,0,0,0,0,0,1,0
Loan-Predication_43595,2,0.8455284552845529,0.000784158706665,0.0001423358917236,0,1,0,0,1,0,0,0,1,0,0,0,0,0,0,0,0,0,0,0,0,0,0,1,0
Loan-Predication_43595,2,0.8455284552845529,0.0009505748748779,0.0001544952392578,0,1,0,0,1,0,0,0,1,0,0,0,0,0,0,0,0,0,0,0,0,0,0,0,1
Loan-Predication_43595,2,0.8455284552845529,0.0008397102355957,0.0001535415649414,0,1,0,1,0,0,0,0,0,0,0,0,0,0,0,0,1,0,0,0,0,0,0,0,1
Loan-Predication_43595,2,0.8455284552845529,0.0007872581481933,0.0001440048217773,0,1,0,0,1,0,0,0,0,0,0,0,0,0,0,0,1,0,0,0,0,0,0,1,0
Loan-Predication_43595,2,0.8455284552845529,0.0007767677307128,0.0001411437988281,0,1,0,1,0,0,0,0,1,0,0,0,0,0,0,0,0,0,0,0,0,0,0,0,1
Loan-Predication_43595,2,0.8455284552845529,0.000847578048706,0.000148057937622,0,1,0,0,1,0,0,0,0,0,0,0,0,0,0,0,1,0,0,0,0,0,0,0,1
Loan-Predication_43595,2,0.8455284552845529,0.0008244514465332,0.00014328956604,0,1,0,1,0,0,0,0,1,0,0,0,0,0,0,0,0,0,0,0,0,0,0,1,0
Loan-Predication_43595,2,0.8455284552845529,0.000882863998413,0.0001633167266845,0,1,0,0,1,0,0,0,1,0,0,0,0,0,0,0,0,0,0,1,0,0,0,0,0
Loan-Predication_43595,2,0.8455284552845529,0.0009005069732666,0.0001513957977294,0,1,0,1,0,0,0,0,1,0,0,0,0,0,0,0,0,0,1,0,0,0,0,0,0
Loan-Predication_43595,2,0.8455284552845529,0.0008885860443115,0.000157356262207,0,1,0,1,0,0,0,0,0,0,0,0,0,0,0,0,1,0,1,0,0,0,0,0,0
Loan-Predication_43595,2,0.8455284552845529,0.0008685588836669,0.0001640319824218,0,1,0,0,1,0,0,0,0,0,0,0,0,0,0,0,1,0,0,1,0,0,0,0,0
Loan-Predication_43595,2,0.8455284552845529,0.000899314880371,0.0001564025878906,0,1,0,0,1,0,0,0,0,0,1,0,0,0,0,0,0,0,0,0,0,0,0,0,1
Loan-Predication_43595,2,0.8455284552845529,0.0008506774902343,0.0001423358917236,0,1,0,0,1,0,0,0,1,0,0,0,0,0,0,0,0,0,1,0,0,0,0,0,0
Loan-Predication_43595,4,0.8360655737704918,0.001357078552246,0.0002298355102539,0,1,0,0,1,0,0,0,0,1,0,0,0,0,0,0,0,0,0,0,1,0,0,0,0
xd6_40693,3,1.0,0.000864028930664,0.0001804828643798,1,0,1,0,0,0,0,0,0,0,0,0,0,1,0,0,0,0,0,1,0,0,0,0,0
xd6_40693,3,1.0,0.0016555786132812,0.0008652210235595,1,0,1,0,0,0,0,0,0,0,0,1,0,0,0,0,0,0,0,1,0,0,0,0,0
xd6_40693,3,1.0,0.0008106231689453,0.0001776218414306,0,1,0,0,1,0,1,0,0,0,0,0,0,0,0,0,0,0,0,0,0,0,1,0,0
xd6_40693,3,1.0,0.000899314880371,0.0001821517944335,0,1,0,0,1,0,0,0,0,0,0,0,0,1,0,0,0,0,0,0,0,0,1,0,0
xd6_40693,3,1.0,0.0008058547973632,0.0001764297485351,1,0,1,0,0,0,1,0,0,0,0,0,0,0,0,0,0,0,0,1,0,0,0,0,0
xd6_40693,3,1.0,0.001021385192871,0.0002274513244628,0,1,1,0,0,0,0,0,0,0,0,1,0,0,0,0,0,0,0,0,0,0,0,0,1
xd6_40693,3,1.0,0.0009145736694335,0.0001921653747558,0,1,0,0,1,0,0,0,0,0,0,1,0,0,0,0,0,0,0,0,0,0,1,0,0
xd6_40693,2,1.0,0.0341534614562988,0.0006728172302246,0,1,1,0,0,0,0,0,0,0,0,0,1,0,0,0,0,0,0,1,0,0,0,0,0
xd6_40693,3,1.0,0.0141582489013671,0.0005881786346435,0,1,1,0,0,0,0,0,0,0,0,0,1,0,0,0,0,0,0,1,0,0,0,0,0
xd6_40693,3,1.0,0.0007331371307373,0.0001652240753173,1,0,1,0,0,0,0,0,0,0,0,0,0,1,0,0,0,0,0,0,0,0,0,0,1
xd6_40693,3,1.0,0.0008707046508789,0.0001788139343261,1,0,1,0,0,0,0,0,0,0,0,1,0,0,0,0,0,0,0,0,0,0,0,0,1
xd6_40693,3,1.0,0.0010952949523925,0.000258445739746,0,1,1,0,0,0,0,0,0,1,0,0,0,0,0,0,0,0,0,1,0,0,0,0,0
xd6_40693,3,1.0,0.0010833740234375,0.0002291202545166,0,1,0,0,1,0,0,0,0,1,0,0,0,0,0,0,0,0,0,0,0,0,1,0,0
xd6_40693,3,1.0,0.0009961128234863,0.0002095699310302,1,0,0,1,0,0,0,0,0,0,0,1,0,0,0,0,0,0,0,0,0,0,0,1,0
xd6_40693,3,1.0,0.0008866786956787,0.0001881122589111,1,0,0,1,0,0,0,0,0,0,0,0,0,1,0,0,0,0,0,0,0,0,0,1,0
xd6_40693,3,1.0,0.0011157989501953,0.0002131462097167,1,0,0,1,0,0,0,0,0,1,0,0,0,0,0,0,0,0,0,0,0,0,0,1,0
xd6_40693,3,1.0,0.0010132789611816,0.0002133846282958,0,1,0,1,0,0,0,0,0,1,0,0,0,0,0,0,0,0,0,0,0,0,0,1,0
xd6_40693,3,1.0,0.0007834434509277,0.0001730918884277,1,0,0,1,0,0,1,0,0,0,0,0,0,0,0,0,0,0,0,0,0,0,0,1,0
xd6_40693,3,1.0,0.0408506393432617,0.0015122890472412,0,1,0,1,0,0,0,0,0,0,0,0,1,0,0,0,0,0,0,0,0,1,0,0,0
xd6_40693,3,1.0,0.0155384540557861,0.0005948543548583,1,0,0,1,0,0,0,0,0,0,0,0,1,0,0,0,0,0,0,0,0,0,0,0,1
mc2_1054,3,0.84375,0.001188039779663,0.0001683235168457,0,1,1,0,0,0,0,0,0,0,0,0,0,1,0,0,0,0,0,0,0,0,0,0,1
mc2_1054,3,0.84375,0.0011794567108154,0.0001704692840576,0,1,0,0,1,0,0,0,0,0,0,0,0,1,0,0,0,0,0,0,0,0,0,0,1
mc2_1054,3,0.84375,0.0012061595916748,0.0001707077026367,0,1,0,1,0,0,0,0,0,0,0,0,0,1,0,0,0,0,0,0,0,0,0,0,1
mc2_1054,3,0.84375,0.0012757778167724,0.0001838207244873,1,0,1,0,0,0,0,0,0,0,0,0,0,1,0,0,0,0,0,0,0,0,0,0,1
mc2_1054,3,0.84375,0.0013039112091064,0.0001828670501708,1,0,0,0,1,0,0,0,0,0,0,0,0,1,0,0,0,0,0,0,0,0,0,0,1
mc2_1054,3,0.84375,0.0011737346649169,0.0001709461212158,1,0,0,1,0,0,0,0,0,0,0,0,0,1,0,0,0,0,0,0,0,0,0,0,1
mc2_1054,0,0.8181818181818182,0.0008037090301513,0.0001568794250488,0,1,0,0,1,1,0,0,0,0,0,0,0,0,0,0,0,0,0,0,0,1,0,0,0
mc2_1054,0,0.8181818181818182,0.0006072521209716,0.0001413822174072,1,0,1,0,0,0,0,0,0,0,0,0,0,0,0,0,0,1,0,0,0,0,1,0,0
mc2_1054,0,0.8181818181818182,0.0005722045898437,0.0001416206359863,1,0,0,1,0,0,0,0,0,0,0,0,0,0,0,0,0,1,0,0,0,1,0,0,0
mc2_1054,0,0.8181818181818182,0.0007824897766113,0.0001699924468994,0,1,1,0,0,1,0,0,0,0,0,0,0,0,0,0,0,0,0,0,0,1,0,0,0
mc2_1054,0,0.8181818181818182,0.0007855892181396,0.0001716613769531,1,0,1,0,0,1,0,0,0,0,0,0,0,0,0,0,0,0,0,0,0,1,0,0,0
mc2_1054,0,0.8181818181818182,0.0006253719329833,0.0001418590545654,0,1,0,1,0,0,0,0,0,0,0,0,0,0,0,0,0,1,0,0,0,0,1,0,0
mc2_1054,0,0.8181818181818182,0.0006327629089355,0.0001437664031982,1,0,0,0,1,0,0,0,0,0,0,0,0,0,0,0,0,1,0,0,0,0,1,0,0
mc2_1054,0,0.8181818181818182,0.0006303787231445,0.0001416206359863,0,1,1,0,0,0,0,0,0,0,0,0,0,0,0,0,0,1,0,0,0,0,1,0,0
mc2_1054,0,0.8181818181818182,0.0007894039154052,0.0001823902130126,1,0,0,0,1,1,0,0,0,0,0,0,0,0,0,0,0,0,0,0,0,1,0,0,0
mc2_1054,0,0.8181818181818182,0.00057053565979,0.0001378059387207,0,1,1,0,0,0,0,0,0,0,0,0,0,0,0,0,0,1,0,0,0,1,0,0,0
mc2_1054,0,0.8181818181818182,0.0006449222564697,0.0001487731933593,0,1,0,0,1,0,0,0,0,0,0,0,0,0,0,0,0,1,0,0,0,0,1,0,0
mc2_1054,0,0.8181818181818182,0.0006179809570312,0.0001392364501953,0,1,0,1,0,0,0,0,0,0,0,0,0,0,0,0,0,1,0,0,0,1,0,0,0
mc2_1054,0,0.8181818181818182,0.0009090900421142,0.0001716613769531,0,1,0,1,0,1,0,0,0,0,0,0,0,0,0,0,0,0,0,0,0,1,0,0,0
mc2_1054,0,0.8181818181818182,0.000636339187622,0.0001602172851562,1,0,1,0,0,0,0,0,0,0,0,0,0,0,0,0,0,1,0,0,0,1,0,0,0
chscase_census5_906,2,0.6375,0.0077676773071289,0.0004148483276367,1,0,1,0,0,0,0,0,0,0,0,0,1,0,0,0,0,0,0,1,0,0,0,0,0
chscase_census5_906,2,0.6375,0.0433406829833984,0.0004312992095947,0,1,0,0,1,0,0,0,0,0,0,0,1,0,0,0,0,0,0,1,0,0,0,0,0
chscase_census5_906,2,0.6375,0.0078473091125488,0.0004591941833496,0,1,0,1,0,0,0,0,0,0,0,0,1,0,0,0,0,0,0,1,0,0,0,0,0
chscase_census5_906,2,0.6375,0.0081851482391357,0.0004971027374267,1,0,0,1,0,0,0,0,0,0,0,0,1,0,0,0,0,0,0,1,0,0,0,0,0
chscase_census5_906,2,0.6375,0.0079941749572753,0.0004687309265136,0,1,1,0,0,0,0,0,0,0,0,0,1,0,0,0,0,0,0,1,0,0,0,0,0
chscase_census5_906,2,0.6375,0.0080435276031494,0.0004637241363525,1,0,0,0,1,0,0,0,0,0,0,0,1,0,0,0,0,0,0,1,0,0,0,0,0
chscase_census5_906,2,0.625,0.0008535385131835,0.0001599788665771,1,0,0,1,0,1,0,0,0,0,0,0,0,0,0,0,0,0,0,0,0,1,0,0,0
chscase_census5_906,2,0.625,0.000868797302246,0.0001630783081054,0,1,1,0,0,1,0,0,0,0,0,0,0,0,0,0,0,0,0,0,0,1,0,0,0
chscase_census5_906,2,0.625,0.0008800029754638,0.0001666545867919,0,1,0,1,0,1,0,0,0,0,0,0,0,0,0,0,0,0,0,0,0,1,0,0,0
chscase_census5_906,2,0.625,0.0008807182312011,0.0001640319824218,1,0,1,0,0,1,0,0,0,0,0,0,0,0,0,0,0,0,0,0,0,1,0,0,0
chscase_census5_906,2,0.625,0.000946044921875,0.000178575515747,1,0,0,0,1,1,0,0,0,0,0,0,0,0,0,0,0,0,0,0,0,1,0,0,0
chscase_census5_906,2,0.625,0.0011072158813476,0.0001671314239501,0,1,0,0,1,1,0,0,0,0,0,0,0,0,0,0,0,0,0,0,0,1,0,0,0
chscase_census5_906,1,0.6125,0.0008840560913085,0.0001864433288574,1,0,0,0,1,0,0,0,0,0,0,0,0,0,0,0,0,1,1,0,0,0,0,0,0
chscase_census5_906,1,0.6125,0.0008156299591064,0.0001592636108398,0,1,0,1,0,0,0,0,0,0,0,0,0,0,0,0,0,1,1,0,0,0,0,0,0
chscase_census5_906,1,0.6125,0.0008490085601806,0.0001616477966308,0,1,0,0,1,0,0,0,0,0,0,0,0,0,0,0,0,1,1,0,0,0,0,0,0
chscase_census5_906,2,0.6125,0.0008280277252197,0.0001618862152099,1,0,0,0,1,0,0,0,0,0,1,0,0,0,0,0,0,0,0,0,0,1,0,0,0
chscase_census5_906,2,0.6125,0.0008261203765869,0.0001609325408935,0,1,0,0,1,0,0,0,0,0,1,0,0,0,0,0,0,0,0,0,0,1,0,0,0
chscase_census5_906,1,0.6125,0.0010168552398681,0.0001602172851562,1,0,1,0,0,0,0,0,0,0,0,0,0,0,0,0,0,1,1,0,0,0,0,0,0
chscase_census5_906,2,0.6125,0.0008766651153564,0.000178575515747,1,0,0,1,0,0,0,0,0,0,1,0,0,0,0,0,0,0,0,0,0,1,0,0,0
chscase_census5_906,1,0.6125,0.0007920265197753,0.0002319812774658,0,1,1,0,0,0,0,0,0,0,0,0,0,0,0,0,0,1,1,0,0,0,0,0,0
strikes_770,4,0.952,0.6446101665496826,0.0005910396575927,1,0,0,1,0,0,0,0,0,0,0,0,0,0,0,1,0,0,0,0,0,1,0,0,0
strikes_770,4,0.952,0.9856207370758056,0.0005886554718017,1,0,0,0,1,0,0,0,0,0,0,0,0,0,0,1,0,0,0,0,0,1,0,0,0
strikes_770,4,0.952,0.6448655128479004,0.0006446838378906,1,0,1,0,0,0,0,0,0,0,0,0,0,0,0,1,0,0,0,0,0,1,0,0,0
strikes_770,4,0.952,2.6142923831939697,0.0011465549468994,0,1,0,1,0,0,0,0,0,0,0,0,0,0,0,1,0,0,0,0,0,1,0,0,0
strikes_770,4,0.952,0.4682505130767822,0.0005960464477539,0,1,0,0,1,0,0,0,0,0,0,0,0,0,0,1,0,0,0,0,0,1,0,0,0
strikes_770,4,0.952,0.7147562503814697,0.0006537437438964,0,1,1,0,0,0,0,0,0,0,0,0,0,0,0,1,0,0,0,0,0,1,0,0,0
strikes_770,3,0.944,0.5519082546234131,0.0006370544433593,0,1,0,0,1,0,0,0,0,0,0,0,1,0,0,0,0,0,0,0,0,0,1,0,0
strikes_770,1,0.944,0.4831798076629638,0.0006048679351806,0,1,0,0,1,0,0,0,0,0,0,0,0,0,0,1,0,0,0,0,0,0,1,0,0
strikes_770,4,0.944,0.6980855464935303,0.0006628036499023,0,1,0,0,1,0,0,0,0,0,0,0,0,0,0,1,0,0,1,0,0,0,0,0,0
strikes_770,4,0.944,0.5877890586853027,0.0006558895111083,1,0,0,0,1,0,0,0,0,0,0,0,0,0,0,1,0,0,1,0,0,0,0,0,0
strikes_770,1,0.944,0.9615762233734132,0.0006587505340576,1,0,1,0,0,0,0,0,0,0,0,0,1,0,0,0,0,0,0,0,0,0,1,0,0
strikes_770,1,0.944,0.7448654174804688,0.000734806060791,0,1,0,0,1,0,0,0,0,0,0,0,1,0,0,0,0,0,0,0,0,0,1,0,0
strikes_770,3,0.944,1.0092709064483645,0.0006248950958251,1,0,0,0,1,0,0,0,0,0,0,0,1,0,0,0,0,0,0,0,0,1,0,0,0
strikes_770,1,0.944,0.028773546218872,0.0005600452423095,1,0,1,0,0,0,0,0,0,0,0,0,1,0,0,0,0,0,1,0,0,0,0,0,0
strikes_770,1,0.944,0.7161526679992676,0.0005698204040527,0,1,0,1,0,0,0,0,0,0,0,0,1,0,0,0,0,0,0,0,0,0,1,0,0
strikes_770,1,0.944,1.456955909729004,0.0013046264648437,1,0,0,0,1,0,0,0,0,0,0,0,1,0,0,0,0,0,0,0,0,0,1,0,0
strikes_770,3,0.944,0.7397372722625732,0.0006000995635986,1,0,1,0,0,0,0,0,0,0,0,0,1,0,0,0,0,0,0,0,0,1,0,0,0
strikes_770,1,0.944,0.8426146507263184,0.0006365776062011,0,1,1,0,0,0,0,0,0,0,0,0,1,0,0,0,0,0,0,0,0,0,1,0,0
strikes_770,3,0.944,0.7162067890167236,0.0017364025115966,0,1,1,0,0,0,0,0,0,0,0,0,1,0,0,0,0,0,0,0,0,0,1,0,0
strikes_770,3,0.944,0.7216734886169434,0.0006618499755859,0,1,0,0,1,0,0,0,0,0,0,0,1,0,0,0,0,0,0,0,0,1,0,0,0
analcatdata_halloffame_966,3,0.9701492537313432,0.0011639595031738,0.0001699924468994,0,1,0,1,0,0,0,0,0,0,0,0,0,0,0,0,1,0,0,0,0,1,0,0,0
analcatdata_halloffame_966,3,0.9701492537313432,0.0010359287261962,0.0001657009124755,0,1,0,1,0,0,0,0,0,0,0,0,0,0,0,0,0,1,0,0,0,0,0,0,1
analcatdata_halloffame_966,4,0.9664179104477612,0.0010654926300048,0.0001742839813232,0,1,0,0,1,0,0,1,0,0,0,0,0,0,0,0,0,0,0,0,0,1,0,0,0
analcatdata_halloffame_966,4,0.9664179104477612,0.0012502670288085,0.0001866817474365,0,1,0,1,0,0,0,0,0,0,0,0,0,0,0,0,0,1,1,0,0,0,0,0,0
analcatdata_halloffame_966,4,0.9664179104477612,0.0010418891906738,0.0001652240753173,0,1,0,1,0,0,0,0,0,0,0,0,0,0,0,0,0,1,0,0,0,0,0,0,1
analcatdata_halloffame_966,3,0.9664179104477612,0.001542329788208,0.0002167224884033,0,1,0,0,1,0,0,0,0,0,0,0,0,0,0,0,0,1,0,0,0,0,0,0,1
analcatdata_halloffame_966,3,0.9664179104477612,0.0011799335479736,0.0001819133758544,0,1,0,1,0,0,0,0,0,0,0,0,0,0,0,0,0,1,0,0,0,1,0,0,0
analcatdata_halloffame_966,3,0.9664179104477612,0.0010876655578613,0.0001699924468994,0,1,0,0,1,0,0,0,0,0,0,0,0,0,0,0,0,1,1,0,0,0,0,0,0
analcatdata_halloffame_966,4,0.9626865671641792,0.0011699199676513,0.0001838207244873,0,1,0,1,0,0,0,0,0,0,0,0,0,0,0,0,0,1,0,0,0,1,0,0,0
analcatdata_halloffame_966,3,0.9626865671641792,0.0010709762573242,0.0001678466796875,0,1,0,0,1,0,0,0,0,0,0,0,0,0,0,0,0,1,0,0,0,1,0,0,0
analcatdata_halloffame_966,4,0.9626865671641792,0.0014517307281494,0.0001978874206542,0,1,0,0,1,0,0,0,0,0,0,0,0,0,0,0,0,1,0,0,0,0,0,0,1
analcatdata_halloffame_966,3,0.9626865671641792,0.0011379718780517,0.0001742839813232,0,1,0,1,0,0,0,1,0,0,0,0,0,0,0,0,0,0,0,0,0,0,0,1,0
analcatdata_halloffame_966,3,0.9626865671641792,0.0012307167053222,0.0001814365386962,0,1,0,1,0,0,0,0,0,0,1,0,0,0,0,0,0,0,0,0,0,1,0,0,0
analcatdata_halloffame_966,3,0.9626865671641792,0.0013296604156494,0.0001740455627441,0,1,0,0,1,0,0,1,0,0,0,0,0,0,0,0,0,0,0,0,0,0,0,0,1
analcatdata_halloffame_966,4,0.9626865671641792,0.0013034343719482,0.0002005100250244,0,1,0,0,1,0,0,0,0,0,0,0,0,0,0,0,0,1,0,0,0,0,0,1,0
analcatdata_halloffame_966,3,0.9626865671641792,0.0012323856353759,0.0001871585845947,0,1,0,0,1,0,0,1,0,0,0,0,0,0,0,0,0,0,1,0,0,0,0,0,0
analcatdata_halloffame_966,3,0.9626865671641792,0.001070499420166,0.0001688003540039,0,1,0,0,1,0,0,1,0,0,0,0,0,0,0,0,0,0,0,0,0,1,0,0,0
analcatdata_halloffame_966,3,0.9626865671641792,0.0011119842529296,0.00018310546875,0,1,0,0,1,0,0,0,0,0,1,0,0,0,0,0,0,0,0,0,0,1,0,0,0
analcatdata_halloffame_966,3,0.9589552238805972,0.0011980533599853,0.0001728534698486,0,1,0,0,1,0,0,0,0,0,0,0,0,0,0,0,0,1,0,0,0,0,0,1,0
analcatdata_halloffame_966,4,0.9589552238805972,0.0011141300201416,0.0001711845397949,0,1,0,1,0,0,0,1,0,0,0,0,0,0,0,0,0,0,1,0,0,0,0,0,0
biomed_481,4,0.975609756097561,0.021808385848999,0.000288963317871,0,1,0,1,0,0,0,0,0,0,0,0,0,0,1,0,0,0,0,0,0,0,0,0,1
biomed_481,4,0.975609756097561,0.0269532203674316,0.0003671646118164,0,1,0,0,1,0,0,0,0,0,0,0,0,0,1,0,0,0,1,0,0,0,0,0,0
biomed_481,4,0.975609756097561,0.0302228927612304,0.0002799034118652,0,1,1,0,0,0,0,0,0,0,0,0,0,0,1,0,0,0,0,0,0,0,0,0,1
biomed_481,4,0.975609756097561,0.0320563316345214,0.0002927780151367,0,1,0,1,0,0,0,0,0,0,0,0,0,0,1,0,0,0,1,0,0,0,0,0,0
biomed_481,4,0.975609756097561,0.0314385890960693,0.0002913475036621,0,1,1,0,0,0,0,0,0,0,0,0,0,0,1,0,0,0,1,0,0,0,0,0,0
biomed_481,4,0.975609756097561,0.0306730270385742,0.000324010848999,0,1,0,0,1,0,0,0,0,0,0,0,0,0,1,0,0,0,0,0,0,0,1,0,0
biomed_481,4,0.975609756097561,0.0308961868286132,0.0002977848052978,0,1,0,0,1,0,0,0,0,0,0,0,0,0,1,0,0,0,0,0,0,0,0,0,1
biomed_481,4,0.975609756097561,0.0326709747314453,0.0003390312194824,0,1,0,1,0,0,0,0,0,0,0,0,0,0,1,0,0,0,0,0,0,0,1,0,0
biomed_481,4,0.975609756097561,0.0272598266601562,0.0003478527069091,0,1,1,0,0,0,0,0,0,0,0,0,0,0,1,0,0,0,0,0,0,0,1,0,0
biomed_481,1,0.9523809523809524,0.0009775161743164,0.0001890659332275,0,1,0,1,0,0,0,0,0,1,0,0,0,0,0,0,0,0,0,0,0,1,0,0,0
biomed_481,1,0.9523809523809524,0.0009775161743164,0.0002980232238769,0,1,0,1,0,0,0,0,0,0,0,1,0,0,0,0,0,0,0,0,0,0,1,0,0
biomed_481,1,0.9523809523809524,0.0007696151733398,0.0001599788665771,0,1,0,1,0,0,0,0,0,0,0,0,0,1,0,0,0,0,0,0,0,1,0,0,0
biomed_481,1,0.9523809523809524,0.0009472370147705,0.0002081394195556,0,1,0,1,0,0,0,0,0,0,0,1,0,0,0,0,0,0,0,0,0,1,0,0,0
biomed_481,1,0.9523809523809524,0.001155138015747,0.000171422958374,0,1,0,1,0,0,1,0,0,0,0,0,0,0,0,0,0,0,0,0,0,1,0,0,0
biomed_481,1,0.9523809523809524,0.000706672668457,0.0001530647277832,0,1,0,1,0,0,0,0,0,0,0,0,0,0,0,0,0,1,0,0,0,1,0,0,0
biomed_481,1,0.9523809523809524,0.0008111000061035,0.0001626014709472,0,1,0,1,0,0,1,0,0,0,0,0,0,0,0,0,0,0,0,0,0,0,1,0,0
biomed_481,1,0.9523809523809524,0.0008714199066162,0.0001726150512695,0,1,0,1,0,0,0,0,0,1,0,0,0,0,0,0,0,0,0,0,0,0,1,0,0
biomed_481,1,0.9523809523809524,0.0008938312530517,0.0001723766326904,0,1,1,0,0,0,0,0,0,0,0,0,0,1,0,0,0,0,0,0,0,1,0,0,0
biomed_481,1,0.9523809523809524,0.0009517669677734,0.0001916885375976,0,1,1,0,0,0,0,0,0,0,0,1,0,0,0,0,0,0,0,0,0,0,1,0,0
biomed_481,1,0.9523809523809524,0.0007541179656982,0.0001630783081054,0,1,0,1,0,0,0,0,0,0,0,0,0,1,0,0,0,0,0,0,0,0,1,0,0
analcatdata_dmft_1014,4,0.8364779874213837,0.0010309219360351,0.0001778602600097,0,1,0,0,1,0,0,1,0,0,0,0,0,0,0,0,0,0,0,0,1,0,0,0,0
analcatdata_dmft_1014,4,0.8364779874213837,0.0009083747863769,0.0001633167266845,1,0,0,0,1,0,0,1,0,0,0,0,0,0,0,0,0,0,0,0,1,0,0,0,0
analcatdata_dmft_1014,2,0.8364779874213837,0.0010712146759033,0.000178575515747,1,0,0,1,0,0,0,0,0,0,0,0,0,1,0,0,0,0,0,0,0,0,1,0,0
analcatdata_dmft_1014,4,0.8364779874213837,0.00087571144104,0.0001628398895263,1,0,0,0,1,0,0,0,0,0,0,0,0,0,0,0,0,1,0,0,1,0,0,0,0
analcatdata_dmft_1014,2,0.8364779874213837,0.0009937286376953,0.0001969337463378,0,1,0,1,0,0,0,0,0,0,0,0,0,1,0,0,0,0,0,0,0,0,1,0,0
analcatdata_dmft_1014,4,0.8364779874213837,0.0008635520935058,0.0001633167266845,0,1,0,0,1,0,0,0,0,0,0,0,0,0,0,0,0,1,0,0,1,0,0,0,0
analcatdata_dmft_1014,1,0.83125,0.0127058029174804,0.000673770904541,0,1,0,1,0,0,0,0,0,0,0,0,1,0,0,0,0,0,0,0,1,0,0,0,0
analcatdata_dmft_1014,1,0.83125,0.0008747577667236,0.0001637935638427,0,1,0,0,1,0,0,0,0,0,0,0,0,0,0,0,0,1,0,0,1,0,0,0,0
analcatdata_dmft_1014,1,0.83125,0.0008633136749267,0.0001642704010009,1,0,0,0,1,0,0,1,0,0,0,0,0,0,0,0,0,0,0,0,1,0,0,0,0
analcatdata_dmft_1014,1,0.83125,0.0009081363677978,0.0002105236053466,1,0,0,0,1,0,0,0,0,0,0,0,0,0,0,0,0,1,0,0,1,0,0,0,0
analcatdata_dmft_1014,1,0.83125,0.0617029666900634,0.0007572174072265,1,0,0,1,0,0,0,0,0,0,0,0,1,0,0,0,0,0,0,0,1,0,0,0,0
analcatdata_dmft_1014,1,0.83125,0.0008985996246337,0.0001652240753173,0,1,0,0,1,0,0,1,0,0,0,0,0,0,0,0,0,0,0,0,1,0,0,0,0
analcatdata_dmft_1014,2,0.8301886792452831,0.0012357234954833,0.0001964569091796,1,0,0,0,1,0,0,0,0,0,0,1,0,0,0,0,0,0,0,0,0,0,0,1,0
analcatdata_dmft_1014,4,0.8301886792452831,0.001335859298706,0.0002434253692626,1,0,0,0,1,0,0,0,0,1,0,0,0,0,0,0,0,0,1,0,0,0,0,0,0
analcatdata_dmft_1014,4,0.8301886792452831,0.001000165939331,0.0001685619354248,1,0,0,0,1,1,0,0,0,0,0,0,0,0,0,0,0,0,1,0,0,0,0,0,0
analcatdata_dmft_1014,4,0.8301886792452831,0.0009150505065917,0.0001685619354248,0,1,0,0,1,0,0,0,0,0,0,1,0,0,0,0,0,0,1,0,0,0,0,0,0
analcatdata_dmft_1014,4,0.8301886792452831,0.0009152889251708,0.0001637935638427,0,1,0,0,1,0,0,0,0,0,0,0,0,0,0,0,0,1,1,0,0,0,0,0,0
analcatdata_dmft_1014,4,0.8301886792452831,0.0010018348693847,0.0001807212829589,1,0,0,0,1,0,0,0,0,0,0,1,0,0,0,0,0,0,0,0,0,0,0,1,0
analcatdata_dmft_1014,2,0.8301886792452831,0.0009605884552001,0.0002017021179199,1,0,0,0,1,0,0,0,0,0,0,0,0,1,0,0,0,0,0,0,0,0,0,1,0
analcatdata_dmft_1014,4,0.8301886792452831,0.0009102821350097,0.0001683235168457,1,0,0,0,1,0,0,0,0,0,0,0,0,1,0,0,0,0,0,0,0,0,0,1,0
teachingAssistant_1115,2,0.7333333333333333,0.0010285377502441,0.0002439022064208,0,1,0,0,1,0,0,0,0,1,0,0,0,0,0,0,0,0,0,0,1,0,0,0,0
teachingAssistant_1115,2,0.7333333333333333,0.001253604888916,0.0002334117889404,0,1,0,0,1,0,0,0,0,0,0,0,0,0,1,0,0,0,0,0,1,0,0,0,0
teachingAssistant_1115,1,0.7333333333333333,0.0012831687927246,0.0002059936523437,0,1,0,0,1,0,0,0,0,0,0,0,0,0,1,0,0,0,0,0,1,0,0,0,0
teachingAssistant_1115,2,0.7333333333333333,0.0009114742279052,0.0001943111419677,0,1,0,1,0,0,0,0,0,0,0,0,0,1,0,0,0,0,0,0,1,0,0,0,0
teachingAssistant_1115,2,0.7333333333333333,0.0015127658843994,0.0002131462097167,0,1,1,0,0,0,0,0,0,0,0,0,0,0,1,0,0,0,0,0,1,0,0,0,0
teachingAssistant_1115,2,0.7333333333333333,0.0010075569152832,0.0001983642578125,1,0,1,0,0,0,0,0,0,0,0,1,0,0,0,0,0,0,0,0,1,0,0,0,0
teachingAssistant_1115,1,0.7333333333333333,0.0013308525085449,0.0002110004425048,1,0,1,0,0,0,0,0,0,0,0,0,0,0,1,0,0,0,0,0,1,0,0,0,0
teachingAssistant_1115,2,0.7333333333333333,0.0008463859558105,0.0002057552337646,1,0,1,0,0,0,1,0,0,0,0,0,0,0,0,0,0,0,0,0,1,0,0,0,0
teachingAssistant_1115,2,0.7333333333333333,0.0008909702301025,0.0001795291900634,0,1,1,0,0,0,0,0,0,0,0,0,0,1,0,0,0,0,0,0,1,0,0,0,0
teachingAssistant_1115,2,0.7333333333333333,0.0008208751678466,0.0001778602600097,0,1,1,0,0,0,1,0,0,0,0,0,0,0,0,0,0,0,0,0,1,0,0,0,0
teachingAssistant_1115,2,0.7333333333333333,0.0009932518005371,0.0002129077911376,1,0,1,0,0,0,0,0,0,1,0,0,0,0,0,0,0,0,0,0,1,0,0,0,0
teachingAssistant_1115,2,0.7333333333333333,0.0009851455688476,0.0002110004425048,0,1,1,0,0,0,0,0,0,1,0,0,0,0,0,0,0,0,0,0,1,0,0,0,0
teachingAssistant_1115,2,0.7333333333333333,0.0009200572967529,0.0001990795135498,0,1,0,0,1,0,0,0,0,0,0,1,0,0,0,0,0,0,0,0,1,0,0,0,0
teachingAssistant_1115,2,0.7333333333333333,0.0020513534545898,0.0002186298370361,1,0,0,0,1,0,0,0,0,1,0,0,0,0,0,0,0,0,0,0,1,0,0,0,0
teachingAssistant_1115,1,0.7333333333333333,0.0013298988342285,0.0002045631408691,0,1,1,0,0,0,0,0,0,0,0,0,0,0,1,0,0,0,0,0,1,0,0,0,0
teachingAssistant_1115,2,0.7333333333333333,0.0009303092956542,0.0001919269561767,0,1,1,0,0,0,0,0,0,0,0,1,0,0,0,0,0,0,0,0,1,0,0,0,0
teachingAssistant_1115,2,0.7333333333333333,0.0009131431579589,0.0001828670501708,1,0,1,0,0,0,0,0,0,0,0,0,0,1,0,0,0,0,0,0,1,0,0,0,0
teachingAssistant_1115,2,0.7333333333333333,0.0009174346923828,0.0002105236053466,1,0,0,0,1,0,0,0,0,0,0,1,0,0,0,0,0,0,0,0,1,0,0,0,0
teachingAssistant_1115,2,0.7333333333333333,0.0008425712585449,0.0001807212829589,1,0,0,1,0,0,0,0,0,0,0,0,0,1,0,0,0,0,0,0,1,0,0,0,0
teachingAssistant_1115,2,0.7333333333333333,0.0008728504180908,0.0001940727233886,0,1,0,1,0,0,1,0,0,0,0,0,0,0,0,0,0,0,0,0,1,0,0,0,0
MeanWhile1_1449,2,0.9607843137254902,0.0008547306060791,0.000197410583496,0,1,0,1,0,0,0,0,0,0,1,0,0,0,0,0,0,0,0,0,0,1,0,0,0
MeanWhile1_1449,2,0.9607843137254902,0.0009989738464355,0.0001752376556396,1,0,0,0,1,0,0,0,0,0,1,0,0,0,0,0,0,0,0,0,0,1,0,0,0
MeanWhile1_1449,2,0.9607843137254902,0.0008447170257568,0.0001997947692871,0,1,1,0,0,0,0,0,0,0,1,0,0,0,0,0,0,0,0,0,0,1,0,0,0
MeanWhile1_1449,2,0.9607843137254902,0.0010075569152832,0.0002021789550781,1,0,1,0,0,0,0,0,0,0,1,0,0,0,0,0,0,0,0,0,0,1,0,0,0
MeanWhile1_1449,2,0.9607843137254902,0.001004934310913,0.0002052783966064,0,1,0,0,1,0,0,0,0,0,1,0,0,0,0,0,0,0,0,0,0,1,0,0,0
MeanWhile1_1449,2,0.9607843137254902,0.0008983612060546,0.0001723766326904,1,0,0,1,0,0,0,0,0,0,1,0,0,0,0,0,0,0,0,0,0,1,0,0,0
MeanWhile1_1449,3,0.96,0.0013971328735351,0.0002126693725585,0,1,0,1,0,0,1,0,0,0,0,0,0,0,0,0,0,0,0,0,0,0,0,1,0
MeanWhile1_1449,3,0.96,0.0018117427825927,0.0002796649932861,1,0,0,1,0,0,0,0,0,1,0,0,0,0,0,0,0,0,0,1,0,0,0,0,0
MeanWhile1_1449,3,0.96,0.0014522075653076,0.0001921653747558,1,0,0,1,0,0,1,0,0,0,0,0,0,0,0,0,0,0,0,0,0,0,0,0,1
MeanWhile1_1449,3,0.96,0.0812606811523437,0.0004160404205322,0,1,0,1,0,0,0,0,0,0,0,0,1,0,0,0,0,0,0,0,0,0,0,1,0
MeanWhile1_1449,3,0.96,0.0013234615325927,0.000185489654541,1,0,0,1,0,0,0,0,0,0,0,0,0,1,0,0,0,0,0,0,0,0,0,0,1
MeanWhile1_1449,3,0.96,0.0013375282287597,0.0001859664916992,1,0,0,0,1,0,0,0,0,0,0,0,0,1,0,0,0,0,0,1,0,0,0,0,0
MeanWhile1_1449,3,0.96,0.0017526149749755,0.0002586841583251,1,0,0,1,0,0,0,0,0,1,0,0,0,0,0,0,0,0,0,0,0,0,1,0,0
MeanWhile1_1449,3,0.96,0.0024099349975585,0.001086950302124,1,0,0,0,1,0,0,0,0,0,0,1,0,0,0,0,0,0,0,1,0,0,0,0,0
MeanWhile1_1449,3,0.96,0.0017807483673095,0.0002362728118896,0,1,0,1,0,0,0,0,0,1,0,0,0,0,0,0,0,0,0,0,0,0,0,1,0
MeanWhile1_1449,3,0.96,0.0385890007019043,0.0003998279571533,1,0,0,1,0,0,0,0,0,0,0,0,1,0,0,0,0,0,0,1,0,0,0,0,0
MeanWhile1_1449,3,0.96,0.0117039680480957,0.000396728515625,1,0,0,1,0,0,0,0,0,0,0,0,0,0,0,1,0,0,0,1,0,0,0,0,0
MeanWhile1_1449,4,0.96,0.0007615089416503,0.0001535415649414,0,1,0,1,0,0,0,1,0,0,0,0,0,0,0,0,0,0,0,0,0,0,0,1,0
MeanWhile1_1449,3,0.96,0.0014050006866455,0.0001885890960693,0,1,0,1,0,0,0,0,0,0,0,0,0,1,0,0,0,0,0,0,1,0,0,0,0
MeanWhile1_1449,3,0.96,0.0014646053314208,0.0002484321594238,1,0,1,0,0,0,0,0,0,0,0,0,0,1,0,0,0,0,0,0,0,1,0,0,0
veteran_719,1,0.9285714285714286,0.0007030963897705,0.0001394748687744,0,1,0,0,1,1,0,0,0,0,0,0,0,0,0,0,0,0,0,0,0,0,1,0,0
veteran_719,1,0.9285714285714286,0.000739574432373,0.0001416206359863,0,1,1,0,0,1,0,0,0,0,0,0,0,0,0,0,0,0,0,0,0,0,1,0,0
veteran_719,1,0.9285714285714286,0.0007684230804443,0.0001502037048339,1,0,1,0,0,1,0,0,0,0,0,0,0,0,0,0,0,0,0,0,0,0,1,0,0
veteran_719,1,0.9285714285714286,0.0007715225219726,0.0001478195190429,1,0,0,0,1,1,0,0,0,0,0,0,0,0,0,0,0,0,0,0,0,0,1,0,0
veteran_719,1,0.9285714285714286,0.0007452964782714,0.0001428127288818,0,1,0,1,0,1,0,0,0,0,0,0,0,0,0,0,0,0,0,0,0,0,1,0,0
veteran_719,1,0.9285714285714286,0.0007195472717285,0.0001518726348876,1,0,0,1,0,1,0,0,0,0,0,0,0,0,0,0,0,0,0,0,0,0,1,0,0
veteran_719,1,0.8928571428571429,0.0007154941558837,0.0001435279846191,0,1,1,0,0,1,0,0,0,0,0,0,0,0,0,0,0,0,0,0,0,0,0,0,1
veteran_719,1,0.8928571428571429,0.0007054805755615,0.0001516342163085,1,0,0,1,0,1,0,0,0,0,0,0,0,0,0,0,0,0,0,0,0,0,0,1,0
veteran_719,1,0.8928571428571429,0.0009317398071289,0.0001654624938964,0,1,0,0,1,1,0,0,0,0,0,0,0,0,0,0,0,0,1,0,0,0,0,0,0
veteran_719,1,0.8928571428571429,0.0008072853088378,0.0001425743103027,1,0,1,0,0,1,0,0,0,0,0,0,0,0,0,0,0,0,1,0,0,0,0,0,0
veteran_719,1,0.8928571428571429,0.0008332729339599,0.0001707077026367,1,0,0,1,0,1,0,0,0,0,0,0,0,0,0,0,0,0,1,0,0,0,0,0,0
veteran_719,1,0.8928571428571429,0.0006520748138427,0.0001404285430908,0,1,0,1,0,1,0,0,0,0,0,0,0,0,0,0,0,0,0,0,0,0,0,0,1
veteran_719,1,0.8928571428571429,0.0007338523864746,0.0001530647277832,0,1,1,0,0,1,0,0,0,0,0,0,0,0,0,0,0,0,0,0,0,1,0,0,0
veteran_719,1,0.8928571428571429,0.0006608963012695,0.0001325607299804,0,1,1,0,0,1,0,0,0,0,0,0,0,0,0,0,0,0,0,1,0,0,0,0,0
veteran_719,1,0.8928571428571429,0.0007805824279785,0.0001411437988281,1,0,0,1,0,1,0,0,0,0,0,0,0,0,0,0,0,0,0,1,0,0,0,0,0
veteran_719,1,0.8928571428571429,0.0007553100585937,0.0001530647277832,0,1,0,0,1,1,0,0,0,0,0,0,0,0,0,0,0,0,0,0,0,0,0,0,1
veteran_719,1,0.8928571428571429,0.0008022785186767,0.0001616477966308,0,1,0,0,1,1,0,0,0,0,0,0,0,0,0,0,0,0,0,0,0,0,0,1,0
veteran_719,1,0.8928571428571429,0.0007998943328857,0.000176191329956,1,0,0,1,0,1,0,0,0,0,0,0,0,0,0,0,0,0,0,0,0,1,0,0,0
veteran_719,1,0.8928571428571429,0.0007226467132568,0.00014328956604,0,1,1,0,0,1,0,0,0,0,0,0,0,0,0,0,0,0,1,0,0,0,0,0,0
veteran_719,1,0.8928571428571429,0.0006725788116455,0.0001604557037353,1,0,0,0,1,1,0,0,0,0,0,0,0,0,0,0,0,0,1,0,0,0,0,0,0
autoUniv-au6-750_1549,3,0.3333333333333333,0.0153427124023437,0.0016930103302001,0,1,0,0,1,0,0,0,0,0,0,0,1,0,0,0,0,0,0,0,0,1,0,0,0
autoUniv-au6-750_1549,3,0.3333333333333333,0.0579087734222412,0.0015726089477539,1,0,0,0,1,0,0,0,0,0,0,0,1,0,0,0,0,0,0,0,0,1,0,0,0
autoUniv-au6-750_1549,3,0.32,0.0174896717071533,0.0016565322875976,0,1,0,1,0,0,0,0,0,0,0,0,1,0,0,0,0,0,0,0,0,0,0,0,1
autoUniv-au6-750_1549,3,0.32,0.0562491416931152,0.0017135143280029,1,0,0,1,0,0,0,0,0,0,0,0,1,0,0,0,0,0,0,0,0,0,0,0,1
autoUniv-au6-750_1549,3,0.3,0.0160126686096191,0.0016226768493652,1,0,0,1,0,0,0,0,0,0,0,0,1,0,0,0,0,0,0,0,0,0,1,0,0
autoUniv-au6-750_1549,3,0.3,0.0496854782104492,0.0018625259399414,0,1,0,1,0,0,0,0,0,0,0,0,1,0,0,0,0,0,0,0,0,0,1,0,0
autoUniv-au6-750_1549,3,0.2933333333333333,0.0152618885040283,0.00227952003479,1,0,0,1,0,0,0,0,0,0,0,0,1,0,0,0,0,0,1,0,0,0,0,0,0
autoUniv-au6-750_1549,1,0.2933333333333333,0.001556396484375,0.0003280639648437,1,0,0,1,0,0,0,0,0,0,0,0,0,0,0,0,1,0,1,0,0,0,0,0,0
autoUniv-au6-750_1549,1,0.2933333333333333,0.0014233589172363,0.0003128051757812,0,1,0,1,0,0,0,0,0,0,0,0,0,0,0,0,1,0,1,0,0,0,0,0,0
autoUniv-au6-750_1549,3,0.2933333333333333,0.0145635604858398,0.0014145374298095,0,1,0,1,0,0,0,0,0,0,0,0,0,0,0,1,0,0,0,0,0,0,1,0,0
autoUniv-au6-750_1549,1,0.2933333333333333,0.0014538764953613,0.0003097057342529,0,1,0,1,0,0,0,0,0,0,0,0,0,0,0,0,1,0,0,0,0,0,0,1,0
autoUniv-au6-750_1549,1,0.2933333333333333,0.0015361309051513,0.0003156661987304,0,1,0,1,0,0,0,0,0,0,0,0,0,0,0,0,1,0,0,0,0,0,0,0,1
autoUniv-au6-750_1549,3,0.2933333333333333,0.0615015029907226,0.0026249885559082,1,0,0,1,0,0,0,0,0,0,0,0,1,0,0,0,0,0,0,0,0,1,0,0,0
autoUniv-au6-750_1549,3,0.2933333333333333,0.1011888980865478,0.0022122859954833,0,1,0,1,0,0,0,0,0,0,0,0,1,0,0,0,0,0,1,0,0,0,0,0,0
autoUniv-au6-750_1549,3,0.2933333333333333,0.0169055461883544,0.0016357898712158,0,1,0,1,0,0,0,0,0,0,0,0,1,0,0,0,0,0,0,0,0,1,0,0,0
autoUniv-au6-750_1549,1,0.2933333333333333,0.0015592575073242,0.0003113746643066,1,0,0,1,0,0,0,0,0,0,0,0,0,0,0,0,1,0,0,1,0,0,0,0,0
autoUniv-au6-750_1549,1,0.2933333333333333,0.0014448165893554,0.0004909038543701,1,0,0,1,0,0,0,0,0,0,0,0,0,0,0,0,1,0,0,0,0,0,0,1,0
autoUniv-au6-750_1549,1,0.2933333333333333,0.0015325546264648,0.0003120899200439,0,1,0,1,0,0,0,0,0,0,0,0,0,0,0,0,1,0,0,1,0,0,0,0,0
autoUniv-au6-750_1549,1,0.2933333333333333,0.0014970302581787,0.0003259181976318,1,0,0,1,0,0,0,0,0,0,0,0,0,0,0,0,1,0,0,0,0,0,0,0,1
autoUniv-au6-750_1549,3,0.2933333333333333,0.0163033008575439,0.0016367435455322,1,0,0,1,0,0,0,0,0,0,0,0,0,0,0,1,0,0,0,0,0,0,1,0,0
Engine1_4340,4,0.9078947368421052,0.0008103847503662,0.0001635551452636,1,0,1,0,0,0,0,0,0,0,1,0,0,0,0,0,0,0,0,0,0,0,1,0,0
Engine1_4340,4,0.9078947368421052,0.0008242130279541,0.0001561641693115,0,1,0,1,0,0,0,0,0,0,1,0,0,0,0,0,0,0,0,0,0,0,1,0,0
Engine1_4340,4,0.9078947368421052,0.0009129047393798,0.0001733303070068,1,0,0,0,1,0,0,0,0,0,1,0,0,0,0,0,0,0,0,0,0,0,1,0,0
Engine1_4340,4,0.9078947368421052,0.0008623600006103,0.0001614093780517,1,0,0,1,0,0,0,0,0,0,1,0,0,0,0,0,0,0,0,0,0,0,1,0,0
Engine1_4340,4,0.9078947368421052,0.000821828842163,0.0001547336578369,0,1,1,0,0,0,0,0,0,0,1,0,0,0,0,0,0,0,0,0,0,0,1,0,0
Engine1_4340,4,0.9078947368421052,0.0008385181427001,0.0001652240753173,0,1,0,0,1,0,0,0,0,0,1,0,0,0,0,0,0,0,0,0,0,0,1,0,0
Engine1_4340,4,0.868421052631579,0.001086950302124,0.0001721382141113,0,1,1,0,0,1,0,0,0,0,0,0,0,0,0,0,0,0,0,0,0,0,1,0,0
Engine1_4340,4,0.868421052631579,0.0008680820465087,0.0001871585845947,1,0,0,1,0,1,0,0,0,0,0,0,0,0,0,0,0,0,0,0,0,0,1,0,0
Engine1_4340,4,0.868421052631579,0.0008795261383056,0.0001628398895263,0,1,0,1,0,1,0,0,0,0,0,0,0,0,0,0,0,0,0,0,0,0,1,0,0
Engine1_4340,4,0.868421052631579,0.0008878707885742,0.0001783370971679,1,0,0,0,1,1,0,0,0,0,0,0,0,0,0,0,0,0,0,0,0,0,1,0,0
Engine1_4340,4,0.868421052631579,0.0009810924530029,0.000314712524414,0,1,0,0,1,1,0,0,0,0,0,0,0,0,0,0,0,0,0,0,0,0,1,0,0
Engine1_4340,4,0.868421052631579,0.0008547306060791,0.0001626014709472,1,0,1,0,0,1,0,0,0,0,0,0,0,0,0,0,0,0,0,0,0,0,1,0,0
Engine1_4340,4,0.8552631578947368,0.0008478164672851,0.0001637935638427,0,1,0,0,1,1,0,0,0,0,0,0,0,0,0,0,0,0,0,0,0,0,0,1,0
Engine1_4340,4,0.8552631578947368,0.0016112327575683,0.0003767013549804,0,1,0,0,1,1,0,0,0,0,0,0,0,0,0,0,0,0,1,0,0,0,0,0,0
Engine1_4340,4,0.8552631578947368,0.0008976459503173,0.0001652240753173,1,0,0,1,0,1,0,0,0,0,0,0,0,0,0,0,0,0,0,0,0,0,0,0,1
Engine1_4340,4,0.8552631578947368,0.0008463859558105,0.0002315044403076,0,1,0,0,1,1,0,0,0,0,0,0,0,0,0,0,0,0,0,0,0,0,0,0,1
Engine1_4340,4,0.8552631578947368,0.0008580684661865,0.0001606941223144,1,0,0,1,0,1,0,0,0,0,0,0,0,0,0,0,0,0,1,0,0,0,0,0,0
Engine1_4340,4,0.8552631578947368,0.0009303092956542,0.0001747608184814,1,0,0,1,0,1,0,0,0,0,0,0,0,0,0,0,0,0,0,1,0,0,0,0,0
Engine1_4340,4,0.8552631578947368,0.000859260559082,0.0001630783081054,0,1,0,1,0,1,0,0,0,0,0,0,0,0,0,0,0,0,0,1,0,0,0,0,0
Engine1_4340,4,0.8552631578947368,0.0008594989776611,0.0001609325408935,1,0,0,0,1,1,0,0,0,0,0,0,0,0,0,0,0,0,1,0,0,0,0,0,0
PieChart2_1452,3,1.0,0.0118727684020996,0.0005409717559814,1,0,0,0,1,0,0,0,0,0,0,0,0,0,0,1,0,0,0,1,0,0,0,0,0
PieChart2_1452,3,1.0,0.0028822422027587,0.0002915859222412,0,1,0,0,1,0,0,0,0,0,0,0,0,1,0,0,0,0,0,0,0,0,1,0,0
PieChart2_1452,3,1.0,0.0026695728302001,0.0003035068511962,1,0,1,0,0,0,0,0,0,0,0,0,0,1,0,0,0,0,0,1,0,0,0,0,0
PieChart2_1452,3,1.0,0.0028676986694335,0.0002987384796142,0,1,0,0,1,0,0,0,0,1,0,0,0,0,0,0,0,0,0,0,0,0,1,0,0
PieChart2_1452,3,1.0,0.0030057430267333,0.0004184246063232,1,0,0,0,1,0,0,0,0,0,0,0,0,1,0,0,0,0,0,1,0,0,0,0,0
PieChart2_1452,3,1.0,0.0025041103363037,0.0002713203430175,1,0,0,0,1,0,1,0,0,0,0,0,0,0,0,0,0,0,0,1,0,0,0,0,0
PieChart2_1452,3,1.0,0.0030229091644287,0.0003089904785156,1,0,0,1,0,0,0,0,0,1,0,0,0,0,0,0,0,0,0,0,0,0,1,0,0
PieChart2_1452,3,1.0,0.1624739170074463,0.004542589187622,0,1,0,0,1,0,0,0,0,0,0,0,0,0,1,0,0,0,0,0,0,0,1,0,0
PieChart2_1452,3,1.0,0.0038845539093017,0.0014717578887939,1,0,0,0,1,0,0,0,0,0,0,1,0,0,0,0,0,0,0,1,0,0,0,0,0
PieChart2_1452,3,1.0,0.0013668537139892,0.0001966953277587,1,0,0,0,1,1,0,0,0,0,0,0,0,0,0,0,0,0,0,1,0,0,0,0,0
PieChart2_1452,3,1.0,0.0016682147979736,0.0003306865692138,0,1,0,0,1,1,0,0,0,0,0,0,0,0,0,0,0,0,0,0,0,0,1,0,0
PieChart2_1452,3,1.0,0.0038495063781738,0.0014443397521972,1,0,1,0,0,0,0,0,0,0,0,1,0,0,0,0,0,0,0,1,0,0,0,0,0
PieChart2_1452,3,1.0,0.1804230213165283,0.0006577968597412,0,1,0,0,1,0,0,0,0,0,0,0,0,0,0,1,0,0,0,0,0,0,1,0,0
PieChart2_1452,3,1.0,0.0010712146759033,0.0001814365386962,0,1,0,0,1,0,0,1,0,0,0,0,0,0,0,0,0,0,0,0,0,0,1,0,0
PieChart2_1452,3,1.0,0.0099954605102539,0.000589370727539,0,1,0,0,1,0,0,0,0,0,0,0,1,0,0,0,0,0,0,0,0,0,1,0,0
PieChart2_1452,3,1.0,0.001000165939331,0.0001587867736816,0,1,0,0,1,0,0,0,1,0,0,0,0,0,0,0,0,0,0,0,0,0,1,0,0
PieChart2_1452,3,1.0,0.002908706665039,0.0003278255462646,1,0,1,0,0,0,1,0,0,0,0,0,0,0,0,0,0,0,0,1,0,0,0,0,0
PieChart2_1452,3,1.0,0.0024592876434326,0.0002975463867187,1,0,1,0,0,0,1,0,0,0,0,0,0,0,0,0,0,0,0,0,0,0,0,0,1
PieChart2_1452,3,1.0,0.0023078918457031,0.0002431869506835,0,1,0,0,1,0,1,0,0,0,0,0,0,0,0,0,0,0,0,0,0,1,0,0,0
PieChart2_1452,3,1.0,0.0009286403656005,0.0001707077026367,0,1,0,0,1,0,0,0,0,0,0,0,0,0,0,0,0,1,0,0,0,1,0,0,0
German-Credit-Risk-with-Target_46116,1,0.77,0.0016686916351318,0.0002205371856689,0,1,0,0,1,0,0,0,0,1,0,0,0,0,0,0,0,0,0,0,0,1,0,0,0
German-Credit-Risk-with-Target_46116,1,0.77,0.0012049674987792,0.0001909732818603,0,1,0,0,1,0,0,0,0,0,0,1,0,0,0,0,0,0,0,0,0,1,0,0,0
German-Credit-Risk-with-Target_46116,1,0.77,0.0012657642364501,0.0002088546752929,0,1,0,0,1,0,0,0,0,0,0,0,0,1,0,0,0,0,0,0,0,1,0,0,0
German-Credit-Risk-with-Target_46116,1,0.77,0.0011651515960693,0.0001828670501708,0,1,0,0,1,0,1,0,0,0,0,0,0,0,0,0,0,0,0,0,0,1,0,0,0
German-Credit-Risk-with-Target_46116,0,0.765,0.001072883605957,0.0001747608184814,0,1,0,0,1,0,0,0,0,0,1,0,0,0,0,0,0,0,0,0,0,1,0,0,0
German-Credit-Risk-with-Target_46116,0,0.76,0.0012445449829101,0.0002055168151855,0,1,0,0,1,0,0,0,0,0,1,0,0,0,0,0,0,0,0,0,0,0,1,0,0
German-Credit-Risk-with-Target_46116,1,0.755,0.0014183521270751,0.0002272129058837,0,1,0,0,1,0,0,0,0,0,0,1,0,0,0,0,0,0,0,0,0,0,1,0,0
German-Credit-Risk-with-Target_46116,4,0.755,0.0010685920715332,0.0001723766326904,0,1,0,1,0,0,0,0,0,0,0,0,0,0,0,0,1,0,0,0,0,0,1,0,0
German-Credit-Risk-with-Target_46116,1,0.755,0.0029094219207763,0.0003893375396728,1,0,0,1,0,0,0,0,0,0,0,0,0,1,0,0,0,0,0,1,0,0,0,0,0
German-Credit-Risk-with-Target_46116,1,0.755,0.0014457702636718,0.0002224445343017,0,1,0,0,1,0,1,0,0,0,0,0,0,0,0,0,0,0,0,0,0,0,1,0,0
German-Credit-Risk-with-Target_46116,4,0.755,0.0012502670288085,0.0002102851867675,1,0,0,1,0,0,0,0,0,0,0,0,0,0,0,0,1,0,0,0,0,1,0,0,0
German-Credit-Risk-with-Target_46116,1,0.755,0.0011100769042968,0.0001835823059082,0,1,0,0,1,0,0,0,0,0,0,0,0,1,0,0,0,0,0,0,0,0,1,0,0
German-Credit-Risk-with-Target_46116,3,0.755,0.0009927749633789,0.0002110004425048,0,1,0,0,1,0,0,0,0,0,1,0,0,0,0,0,0,0,0,0,0,0,1,0,0
German-Credit-Risk-with-Target_46116,1,0.755,0.0024583339691162,0.0002813339233398,0,1,0,1,0,0,0,0,0,0,0,0,0,1,0,0,0,0,0,1,0,0,0,0,0
German-Credit-Risk-with-Target_46116,1,0.755,0.6725003719329834,0.0039072036743164,1,0,0,1,0,0,0,0,0,0,0,0,1,0,0,0,0,0,0,0,0,0,0,1,0
German-Credit-Risk-with-Target_46116,4,0.755,0.0010774135589599,0.0001728534698486,0,1,0,1,0,0,0,0,0,0,0,0,0,0,0,0,1,0,0,0,0,1,0,0,0
German-Credit-Risk-with-Target_46116,4,0.755,0.0011062622070312,0.0001749992370605,1,0,0,1,0,0,0,0,0,0,0,0,0,0,0,0,1,0,0,0,0,0,1,0,0
German-Credit-Risk-with-Target_46116,1,0.755,0.5375020503997803,0.0007572174072265,0,1,0,1,0,0,0,0,0,0,0,0,1,0,0,0,0,0,0,0,0,0,0,1,0
German-Credit-Risk-with-Target_46116,1,0.755,0.0017874240875244,0.0002195835113525,0,1,0,0,1,0,0,0,0,1,0,0,0,0,0,0,0,0,0,0,0,0,1,0,0
German-Credit-Risk-with-Target_46116,0,0.75,0.0012040138244628,0.0001790523529052,0,1,0,1,0,1,0,0,0,0,0,0,0,0,0,0,0,0,0,1,0,0,0,0,0
analcatdata_germangss_1025,3,0.875,0.0007872581481933,0.0001604557037353,0,1,0,0,1,0,1,0,0,0,0,0,0,0,0,0,0,0,0,0,1,0,0,0,0
analcatdata_germangss_1025,3,0.875,0.0010182857513427,0.0001759529113769,0,1,0,0,1,0,0,0,0,0,0,1,0,0,0,0,0,0,0,0,1,0,0,0,0
analcatdata_germangss_1025,3,0.875,0.0008392333984375,0.0001566410064697,1,0,0,0,1,0,1,0,0,0,0,0,0,0,0,0,0,0,0,0,1,0,0,0,0
analcatdata_germangss_1025,3,0.875,0.0008020401000976,0.0001592636108398,0,1,0,0,1,0,0,0,0,0,0,0,0,1,0,0,0,0,0,0,1,0,0,0,0
analcatdata_germangss_1025,3,0.875,0.0008027553558349,0.0001590251922607,1,0,0,0,1,0,0,0,0,0,0,0,0,1,0,0,0,0,0,0,1,0,0,0,0
analcatdata_germangss_1025,3,0.875,0.0008602142333984,0.0001702308654785,1,0,0,0,1,0,0,0,0,0,0,1,0,0,0,0,0,0,0,0,1,0,0,0,0
analcatdata_germangss_1025,2,0.8625,0.0006790161132812,0.0001444816589355,0,1,0,1,0,0,0,0,1,0,0,0,0,0,0,0,0,0,0,0,0,0,0,0,1
analcatdata_germangss_1025,2,0.8625,0.0008368492126464,0.0001587867736816,0,1,0,1,0,0,0,0,0,0,0,0,0,0,0,0,1,0,0,0,1,0,0,0,0
analcatdata_germangss_1025,2,0.8625,0.0006744861602783,0.0001442432403564,1,0,0,1,0,0,0,0,1,0,0,0,0,0,0,0,0,0,0,1,0,0,0,0,0
analcatdata_germangss_1025,2,0.8625,0.0007193088531494,0.0001537799835205,1,0,0,1,0,0,0,0,0,0,0,0,0,0,0,0,1,0,0,1,0,0,0,0,0
analcatdata_germangss_1025,2,0.8625,0.0006895065307617,0.0001473426818847,1,0,0,1,0,0,0,0,0,0,0,0,0,0,0,0,1,0,0,0,0,0,0,0,1
analcatdata_germangss_1025,2,0.8625,0.0006716251373291,0.0001387596130371,1,0,0,1,0,0,0,0,1,0,0,0,0,0,0,0,0,0,0,0,0,0,0,0,1
analcatdata_germangss_1025,3,0.8625,0.0008227825164794,0.0001626014709472,0,1,0,0,1,0,0,0,0,0,1,0,0,0,0,0,0,0,0,0,0,1,0,0,0
analcatdata_germangss_1025,3,0.8625,0.0008103847503662,0.0001800060272216,0,1,0,0,1,0,0,0,0,0,0,1,0,0,0,0,0,0,0,0,0,1,0,0,0
analcatdata_germangss_1025,2,0.8625,0.0006744861602783,0.0001435279846191,1,0,0,1,0,0,0,0,1,0,0,0,0,0,0,0,0,0,0,0,1,0,0,0,0
analcatdata_germangss_1025,3,0.8625,0.0007698535919189,0.0001595020294189,1,0,0,0,1,0,0,0,0,0,0,0,0,1,0,0,0,0,0,0,0,1,0,0,0
analcatdata_germangss_1025,2,0.8625,0.0008530616760253,0.0001587867736816,1,0,0,1,0,0,0,0,0,0,0,0,0,0,0,0,1,0,0,0,0,0,1,0,0
analcatdata_germangss_1025,2,0.8625,0.000760793685913,0.0001475811004638,0,1,0,1,0,0,0,0,1,0,0,0,0,0,0,0,0,0,1,0,0,0,0,0,0
analcatdata_germangss_1025,3,0.8625,0.0007479190826416,0.0001568794250488,0,1,0,0,1,0,1,0,0,0,0,0,0,0,0,0,0,0,0,0,0,1,0,0,0
analcatdata_germangss_1025,2,0.8625,0.0006773471832275,0.0001451969146728,0,1,0,1,0,0,0,0,1,0,0,0,0,0,0,0,0,0,0,0,0,0,0,1,0
chscase_census6_900,3,0.6875,0.0009872913360595,0.0001678466796875,1,0,0,1,0,1,0,0,0,0,0,0,0,0,0,0,0,0,0,0,0,1,0,0,0
chscase_census6_900,3,0.6875,0.0008809566497802,0.0001816749572753,0,1,1,0,0,1,0,0,0,0,0,0,0,0,0,0,0,0,0,0,0,1,0,0,0
chscase_census6_900,3,0.6875,0.0010616779327392,0.000187873840332,1,0,0,0,1,1,0,0,0,0,0,0,0,0,0,0,0,0,0,0,0,1,0,0,0
chscase_census6_900,3,0.6875,0.0009341239929199,0.0001685619354248,0,1,0,1,0,1,0,0,0,0,0,0,0,0,0,0,0,0,0,0,0,1,0,0,0
chscase_census6_900,3,0.6875,0.0009312629699707,0.0001683235168457,1,0,1,0,0,1,0,0,0,0,0,0,0,0,0,0,0,0,0,0,0,1,0,0,0
chscase_census6_900,3,0.6875,0.0009446144104003,0.0001721382141113,0,1,0,0,1,1,0,0,0,0,0,0,0,0,0,0,0,0,0,0,0,1,0,0,0
chscase_census6_900,1,0.6375,0.0008420944213867,0.0001611709594726,0,1,0,1,0,0,0,0,0,0,0,0,0,0,0,0,0,1,0,1,0,0,0,0,0
chscase_census6_900,1,0.6375,0.0008485317230224,0.0001623630523681,1,0,1,0,0,0,0,0,0,0,0,0,0,0,0,0,0,1,0,1,0,0,0,0,0
chscase_census6_900,1,0.6375,0.0008759498596191,0.0001618862152099,0,1,1,0,0,0,0,0,0,0,0,0,0,0,0,0,0,1,0,1,0,0,0,0,0
chscase_census6_900,1,0.6375,0.0008623600006103,0.0001680850982666,1,0,0,1,0,0,0,1,0,0,0,0,0,0,0,0,0,0,1,0,0,0,0,0,0
chscase_census6_900,1,0.6375,0.0008683204650878,0.0001661777496337,0,1,0,0,1,0,0,1,0,0,0,0,0,0,0,0,0,0,0,1,0,0,0,0,0
chscase_census6_900,1,0.6375,0.0008656978607177,0.0001914501190185,1,0,0,0,1,0,0,1,0,0,0,0,0,0,0,0,0,0,0,1,0,0,0,0,0
chscase_census6_900,1,0.6375,0.0009100437164306,0.0001657009124755,0,1,0,0,1,0,0,1,0,0,0,0,0,0,0,0,0,0,1,0,0,0,0,0,0
chscase_census6_900,1,0.6375,0.0008964538574218,0.000162124633789,1,0,0,1,0,0,0,1,0,0,0,0,0,0,0,0,0,0,0,1,0,0,0,0,0
chscase_census6_900,1,0.6375,0.0008502006530761,0.0001733303070068,1,0,0,0,1,0,0,1,0,0,0,0,0,0,0,0,0,0,1,0,0,0,0,0,0
chscase_census6_900,1,0.6375,0.0008909702301025,0.0001637935638427,0,1,0,0,1,0,0,0,0,0,0,0,0,0,0,0,0,1,0,1,0,0,0,0,0
chscase_census6_900,1,0.6375,0.000906229019165,0.000166893005371,0,1,0,1,0,0,0,1,0,0,0,0,0,0,0,0,0,0,0,1,0,0,0,0,0
chscase_census6_900,1,0.6375,0.0008580684661865,0.00016450881958,1,0,1,0,0,0,0,1,0,0,0,0,0,0,0,0,0,0,0,1,0,0,0,0,0
chscase_census6_900,1,0.6375,0.0008366107940673,0.0001654624938964,1,0,0,1,0,0,0,0,0,0,0,0,0,0,0,0,0,1,0,1,0,0,0,0,0
chscase_census6_900,1,0.6375,0.0008895397186279,0.0001797676086425,1,0,1,0,0,0,0,1,0,0,0,0,0,0,0,0,0,0,1,0,0,0,0,0,0
visualizing_galaxy_925,0,0.9846153846153848,0.001028299331665,0.0001842975616455,0,1,0,0,1,0,0,0,0,1,0,0,0,0,0,0,0,0,0,0,0,0,1,0,0
visualizing_galaxy_925,1,0.9846153846153848,0.0007224082946777,0.0001418590545654,1,0,1,0,0,0,0,0,0,0,1,0,0,0,0,0,0,0,0,1,0,0,0,0,0
visualizing_galaxy_925,1,0.9846153846153848,0.0007319450378417,0.0001475811004638,1,0,0,0,1,0,0,0,0,0,1,0,0,0,0,0,0,0,0,0,0,1,0,0,0
visualizing_galaxy_925,0,0.9846153846153848,0.0007104873657226,0.0001566410064697,1,0,0,1,0,0,0,0,0,0,0,0,0,1,0,0,0,0,0,0,0,0,1,0,0
visualizing_galaxy_925,0,0.9846153846153848,0.0006852149963378,0.000169038772583,1,0,0,1,0,0,1,0,0,0,0,0,0,0,0,0,0,0,0,0,0,0,1,0,0
visualizing_galaxy_925,0,0.9846153846153848,0.0008895397186279,0.0002150535583496,0,1,0,0,1,0,0,0,0,1,0,0,0,0,0,0,0,0,0,0,1,0,0,0,0
visualizing_galaxy_925,0,0.9846153846153848,0.0007464885711669,0.0001535415649414,0,1,1,0,0,0,0,0,0,0,0,0,0,1,0,0,0,0,0,0,0,0,1,0,0
visualizing_galaxy_925,0,0.9846153846153848,0.0007987022399902,0.0001702308654785,0,1,1,0,0,0,0,0,0,0,0,1,0,0,0,0,0,0,0,0,0,0,1,0,0
visualizing_galaxy_925,0,0.9846153846153848,0.0007257461547851,0.0001459121704101,0,1,1,0,0,0,1,0,0,0,0,0,0,0,0,0,0,0,0,0,0,0,1,0,0
visualizing_galaxy_925,0,0.9846153846153848,0.0008971691131591,0.0001695156097412,0,1,0,1,0,0,0,0,0,1,0,0,0,0,0,0,0,0,0,0,0,0,1,0,0
visualizing_galaxy_925,0,0.9846153846153848,0.0007824897766113,0.0001578330993652,1,0,0,0,1,0,0,0,0,0,0,0,0,1,0,0,0,0,0,0,0,0,1,0,0
visualizing_galaxy_925,0,0.9846153846153848,0.0013191699981689,0.0001807212829589,1,0,0,1,0,0,0,0,0,0,0,1,0,0,0,0,0,0,0,0,1,0,0,0,0
visualizing_galaxy_925,1,0.9846153846153848,0.0008180141448974,0.000148057937622,0,1,0,1,0,0,0,0,0,0,1,0,0,0,0,0,0,0,1,0,0,0,0,0,0
visualizing_galaxy_925,0,0.9846153846153848,0.0008604526519775,0.0001723766326904,1,0,0,0,1,0,0,0,0,0,0,1,0,0,0,0,0,0,0,0,1,0,0,0,0
visualizing_galaxy_925,0,0.9846153846153848,0.0007390975952148,0.000154972076416,0,1,0,1,0,0,1,0,0,0,0,0,0,0,0,0,0,0,0,0,1,0,0,0,0
visualizing_galaxy_925,0,0.9846153846153848,0.0008270740509033,0.0001511573791503,1,0,0,0,1,0,1,0,0,0,0,0,0,0,0,0,0,0,0,0,1,0,0,0,0
visualizing_galaxy_925,0,0.9846153846153848,0.00091552734375,0.0001733303070068,1,0,1,0,0,0,0,0,0,0,0,0,0,1,0,0,0,0,0,0,1,0,0,0,0
visualizing_galaxy_925,0,0.9846153846153848,0.001004934310913,0.0001742839813232,0,1,0,0,1,0,0,0,0,0,0,1,0,0,0,0,0,0,0,0,1,0,0,0,0
visualizing_galaxy_925,0,0.9846153846153848,0.0011694431304931,0.000234842300415,0,1,0,0,1,0,0,0,0,0,0,1,0,0,0,0,0,0,0,0,0,0,1,0,0
visualizing_galaxy_925,1,0.9846153846153848,0.0007901191711425,0.0001502037048339,0,1,0,0,1,0,0,0,0,0,1,0,0,0,0,0,0,0,0,0,0,1,0,0,0
fri_c4_1000_50_797,4,0.76,0.0010349750518798,0.0001702308654785,0,1,0,1,0,1,0,0,0,0,0,0,0,0,0,0,0,0,0,0,0,0,0,1,0
fri_c4_1000_50_797,4,0.76,0.0010442733764648,0.0001699924468994,1,0,1,0,0,1,0,0,0,0,0,0,0,0,0,0,0,0,0,1,0,0,0,0,0
fri_c4_1000_50_797,4,0.76,0.0010867118835449,0.0001749992370605,0,1,0,1,0,1,0,0,0,0,0,0,0,0,0,0,0,0,1,0,0,0,0,0,0
fri_c4_1000_50_797,4,0.76,0.0010623931884765,0.000169038772583,0,1,0,1,0,1,0,0,0,0,0,0,0,0,0,0,0,0,0,0,0,0,0,0,1
fri_c4_1000_50_797,4,0.76,0.0011262893676757,0.0001835823059082,0,1,1,0,0,1,0,0,0,0,0,0,0,0,0,0,0,0,0,0,0,0,0,1,0
fri_c4_1000_50_797,4,0.76,0.0011167526245117,0.0001723766326904,0,1,0,1,0,1,0,0,0,0,0,0,0,0,0,0,0,0,0,1,0,0,0,0,0
fri_c4_1000_50_797,4,0.76,0.0010452270507812,0.0001683235168457,0,1,1,0,0,1,0,0,0,0,0,0,0,0,0,0,0,0,1,0,0,0,0,0,0
fri_c4_1000_50_797,4,0.76,0.0011959075927734,0.0001900196075439,0,1,0,0,1,1,0,0,0,0,0,0,0,0,0,0,0,0,0,1,0,0,0,0,0
fri_c4_1000_50_797,4,0.76,0.0010976791381835,0.0001707077026367,0,1,1,0,0,1,0,0,0,0,0,0,0,0,0,0,0,0,0,1,0,0,0,0,0
fri_c4_1000_50_797,4,0.76,0.0012156963348388,0.0002312660217285,1,0,0,1,0,1,0,0,0,0,0,0,0,0,0,0,0,0,0,0,0,0,0,0,1
fri_c4_1000_50_797,4,0.76,0.0011584758758544,0.0001776218414306,1,0,0,1,0,1,0,0,0,0,0,0,0,0,0,0,0,0,0,0,0,0,0,1,0
fri_c4_1000_50_797,4,0.76,0.0011780261993408,0.0001816749572753,1,0,1,0,0,1,0,0,0,0,0,0,0,0,0,0,0,0,1,0,0,0,0,0,0
fri_c4_1000_50_797,4,0.76,0.0011110305786132,0.0001749992370605,0,1,0,0,1,1,0,0,0,0,0,0,0,0,0,0,0,0,0,0,0,0,0,1,0
fri_c4_1000_50_797,4,0.76,0.0010561943054199,0.0001740455627441,1,0,0,1,0,1,0,0,0,0,0,0,0,0,0,0,0,0,1,0,0,0,0,0,0
fri_c4_1000_50_797,4,0.76,0.001145601272583,0.0001726150512695,1,0,0,1,0,1,0,0,0,0,0,0,0,0,0,0,0,0,0,1,0,0,0,0,0
fri_c4_1000_50_797,4,0.76,0.0010526180267333,0.0001704692840576,1,0,1,0,0,1,0,0,0,0,0,0,0,0,0,0,0,0,0,0,0,0,0,1,0
fri_c4_1000_50_797,4,0.76,0.0010647773742675,0.0001716613769531,1,0,0,0,1,1,0,0,0,0,0,0,0,0,0,0,0,0,0,1,0,0,0,0,0
fri_c4_1000_50_797,4,0.76,0.0010740756988525,0.0001707077026367,0,1,0,0,1,1,0,0,0,0,0,0,0,0,0,0,0,0,1,0,0,0,0,0,0
fri_c4_1000_50_797,4,0.76,0.0010702610015869,0.0001707077026367,1,0,0,0,1,1,0,0,0,0,0,0,0,0,0,0,0,0,0,0,0,0,0,1,0
fri_c4_1000_50_797,4,0.76,0.001157522201538,0.0001807212829589,0,1,0,0,1,1,0,0,0,0,0,0,0,0,0,0,0,0,0,0,0,0,0,0,1
MegaWatt1_1442,2,0.9607843137254902,0.0008883476257324,0.0001709461212158,0,1,0,1,0,0,0,0,0,0,1,0,0,0,0,0,0,0,0,0,0,1,0,0,0
MegaWatt1_1442,2,0.9607843137254902,0.0010969638824462,0.000185489654541,1,0,0,0,1,0,0,0,0,0,1,0,0,0,0,0,0,0,0,0,0,1,0,0,0
MegaWatt1_1442,2,0.9607843137254902,0.0009593963623046,0.000169038772583,0,1,1,0,0,0,0,0,0,0,1,0,0,0,0,0,0,0,0,0,0,1,0,0,0
MegaWatt1_1442,2,0.9607843137254902,0.0008695125579833,0.0001623630523681,1,0,1,0,0,0,0,0,0,0,1,0,0,0,0,0,0,0,0,0,0,1,0,0,0
MegaWatt1_1442,2,0.9607843137254902,0.0008888244628906,0.0001764297485351,0,1,0,0,1,0,0,0,0,0,1,0,0,0,0,0,0,0,0,0,0,1,0,0,0
MegaWatt1_1442,2,0.9607843137254902,0.0008878707885742,0.0001773834228515,1,0,0,1,0,0,0,0,0,0,1,0,0,0,0,0,0,0,0,0,0,1,0,0,0
MegaWatt1_1442,3,0.96,0.0013935565948486,0.0001893043518066,0,1,0,1,0,0,1,0,0,0,0,0,0,0,0,0,0,0,0,0,0,0,0,1,0
MegaWatt1_1442,3,0.96,0.0016384124755859,0.0002257823944091,1,0,0,1,0,0,0,0,0,1,0,0,0,0,0,0,0,0,0,1,0,0,0,0,0
MegaWatt1_1442,3,0.96,0.0013902187347412,0.0001900196075439,1,0,0,1,0,0,1,0,0,0,0,0,0,0,0,0,0,0,0,0,0,0,0,0,1
MegaWatt1_1442,3,0.96,0.0207362174987792,0.0003986358642578,0,1,0,1,0,0,0,0,0,0,0,0,1,0,0,0,0,0,0,0,0,0,0,1,0
MegaWatt1_1442,3,0.96,0.0014443397521972,0.0002105236053466,1,0,0,1,0,0,0,0,0,0,0,0,0,1,0,0,0,0,0,0,0,0,0,0,1
MegaWatt1_1442,3,0.96,0.0013270378112792,0.0001914501190185,1,0,0,0,1,0,0,0,0,0,0,0,0,1,0,0,0,0,0,1,0,0,0,0,0
MegaWatt1_1442,3,0.96,0.0017755031585693,0.0002756118774414,1,0,0,1,0,0,0,0,0,1,0,0,0,0,0,0,0,0,0,0,0,0,1,0,0
MegaWatt1_1442,3,0.96,0.0025563240051269,0.0011348724365234,1,0,0,0,1,0,0,0,0,0,0,1,0,0,0,0,0,0,0,1,0,0,0,0,0
MegaWatt1_1442,3,0.96,0.0015888214111328,0.000244140625,0,1,0,1,0,0,0,0,0,1,0,0,0,0,0,0,0,0,0,0,0,0,0,1,0
MegaWatt1_1442,3,0.96,0.02604341506958,0.0003924369812011,1,0,0,1,0,0,0,0,0,0,0,0,1,0,0,0,0,0,0,1,0,0,0,0,0
MegaWatt1_1442,3,0.96,0.0052206516265869,0.0003514289855957,1,0,0,1,0,0,0,0,0,0,0,0,0,0,0,1,0,0,0,1,0,0,0,0,0
MegaWatt1_1442,4,0.96,0.0008394718170166,0.0001583099365234,0,1,0,1,0,0,0,1,0,0,0,0,0,0,0,0,0,0,0,0,0,0,0,1,0
MegaWatt1_1442,3,0.96,0.0013177394866943,0.0001916885375976,0,1,0,1,0,0,0,0,0,0,0,0,0,1,0,0,0,0,0,0,1,0,0,0,0
MegaWatt1_1442,3,0.96,0.00132417678833,0.0001850128173828,1,0,1,0,0,0,0,0,0,0,0,0,0,1,0,0,0,0,0,0,0,1,0,0,0
stock_841,4,0.9789473684210528,0.0435004234313964,0.0006392002105712,0,1,0,0,1,0,0,0,0,0,0,0,1,0,0,0,0,0,1,0,0,0,0,0,0
stock_841,2,0.9789473684210528,0.0163249969482421,0.0006740093231201,0,1,1,0,0,0,0,0,0,0,0,0,0,0,0,1,0,0,0,0,0,0,1,0,0
stock_841,4,0.9789473684210528,0.0162966251373291,0.000659704208374,1,0,1,0,0,0,0,0,0,0,0,0,1,0,0,0,0,0,0,0,0,0,1,0,0
stock_841,4,0.9789473684210528,0.0152771472930908,0.0007238388061523,0,1,1,0,0,0,0,0,0,0,0,0,1,0,0,0,0,0,0,0,0,0,1,0,0
stock_841,2,0.9789473684210528,0.0158262252807617,0.0006868839263916,1,0,1,0,0,0,0,0,0,0,0,0,0,0,0,1,0,0,0,0,0,0,1,0,0
stock_841,4,0.9789473684210528,0.0157663822174072,0.0006697177886962,0,1,0,0,1,0,0,0,0,0,0,0,0,0,0,1,0,0,1,0,0,0,0,0,0
stock_841,4,0.9789473684210528,0.0145807266235351,0.0006356239318847,1,0,0,1,0,0,0,0,0,0,0,0,0,0,0,1,0,0,1,0,0,0,0,0,0
stock_841,4,0.9789473684210528,0.0423166751861572,0.0006635189056396,0,1,0,1,0,0,0,0,0,0,0,0,1,0,0,0,0,0,1,0,0,0,0,0,0
stock_841,4,0.9789473684210528,0.0625989437103271,0.0006983280181884,1,0,0,0,1,0,0,0,0,0,0,0,1,0,0,0,0,0,0,0,0,0,1,0,0
stock_841,2,0.9789473684210528,0.0156292915344238,0.0006849765777587,1,0,0,0,1,0,0,0,0,0,0,0,0,0,0,1,0,0,0,0,0,0,1,0,0
stock_841,4,0.9789473684210528,0.0723514556884765,0.0007288455963134,0,1,1,0,0,0,0,0,0,0,0,0,1,0,0,0,0,0,1,0,0,0,0,0,0
stock_841,4,0.9789473684210528,0.0074763298034667,0.0004220008850097,1,0,1,0,0,0,0,0,0,0,0,0,0,0,1,0,0,0,0,0,1,0,0,0,0
stock_841,4,0.9789473684210528,0.0055997371673583,0.0004467964172363,0,1,0,0,1,0,0,0,0,0,0,0,0,0,1,0,0,0,0,0,1,0,0,0,0
stock_841,4,0.9789473684210528,0.0143878459930419,0.0006256103515625,0,1,0,0,1,0,0,0,0,0,0,0,0,0,0,1,0,0,0,0,0,0,0,0,1
stock_841,4,0.9789473684210528,0.020414113998413,0.0006251335144042,1,0,0,1,0,0,0,0,0,0,0,0,1,0,0,0,0,0,1,0,0,0,0,0,0
stock_841,4,0.9789473684210528,0.0231010913848876,0.0006830692291259,1,0,0,0,1,0,0,0,0,0,0,0,1,0,0,0,0,0,1,0,0,0,0,0,0
stock_841,4,0.9789473684210528,0.0154392719268798,0.0006930828094482,1,0,1,0,0,0,0,0,0,0,0,0,0,0,0,1,0,0,1,0,0,0,0,0,0
stock_841,4,0.9789473684210528,0.0693719387054443,0.0006978511810302,1,0,1,0,0,0,0,0,0,0,0,0,1,0,0,0,0,0,1,0,0,0,0,0,0
stock_841,4,0.9789473684210528,0.0781741142272949,0.0006484985351562,0,1,0,1,0,0,0,0,0,0,0,0,1,0,0,0,0,0,0,0,0,0,1,0,0
stock_841,4,0.9789473684210528,0.0074806213378906,0.0005774497985839,1,0,0,1,0,0,0,0,0,0,0,0,0,0,1,0,0,0,0,0,1,0,0,0,0
autoUniv-au7-1100_1552,2,0.4318181818181818,0.002619981765747,0.0004143714904785,1,0,0,1,0,0,0,0,0,1,0,0,0,0,0,0,0,0,0,0,1,0,0,0,0
autoUniv-au7-1100_1552,2,0.4318181818181818,0.0026648044586181,0.0004198551177978,0,1,0,1,0,0,0,0,0,1,0,0,0,0,0,0,0,0,0,0,1,0,0,0,0
autoUniv-au7-1100_1552,2,0.4318181818181818,0.0021159648895263,0.0003666877746582,1,0,0,1,0,0,0,0,0,0,0,0,0,1,0,0,0,0,0,0,0,0,0,1,0
autoUniv-au7-1100_1552,2,0.4318181818181818,0.0020039081573486,0.0003530979156494,0,1,0,1,0,0,0,0,0,0,0,0,0,1,0,0,0,0,0,0,0,0,0,1,0
autoUniv-au7-1100_1552,2,0.4227272727272727,0.0024967193603515,0.0004220008850097,0,1,0,1,0,0,0,0,0,1,0,0,0,0,0,0,0,0,0,1,0,0,0,0,0
autoUniv-au7-1100_1552,2,0.4227272727272727,0.002403974533081,0.0003988742828369,1,0,0,1,0,0,0,0,0,1,0,0,0,0,0,0,0,0,1,0,0,0,0,0,0
autoUniv-au7-1100_1552,2,0.4227272727272727,0.0025165081024169,0.0004024505615234,0,1,0,1,0,0,0,0,0,1,0,0,0,0,0,0,0,0,1,0,0,0,0,0,0
autoUniv-au7-1100_1552,2,0.4227272727272727,0.0029313564300537,0.000411033630371,0,1,0,1,0,0,0,0,0,1,0,0,0,0,0,0,0,0,0,0,0,0,0,1,0
autoUniv-au7-1100_1552,2,0.4227272727272727,0.002465009689331,0.0003960132598876,1,0,0,1,0,0,0,0,0,1,0,0,0,0,0,0,0,0,0,0,0,0,0,0,1
autoUniv-au7-1100_1552,2,0.4227272727272727,0.0024628639221191,0.0004076957702636,0,1,0,1,0,0,0,0,0,1,0,0,0,0,0,0,0,0,0,0,0,0,0,0,1
autoUniv-au7-1100_1552,2,0.4227272727272727,0.0024511814117431,0.0004007816314697,1,0,0,1,0,0,0,0,0,1,0,0,0,0,0,0,0,0,0,0,0,0,0,1,0
autoUniv-au7-1100_1552,2,0.4227272727272727,0.0024821758270263,0.0004010200500488,1,0,0,1,0,0,0,0,0,1,0,0,0,0,0,0,0,0,0,1,0,0,0,0,0
autoUniv-au7-1100_1552,2,0.4181818181818181,0.001932144165039,0.000354528427124,1,0,0,1,0,0,0,0,0,0,0,0,0,1,0,0,0,0,0,1,0,0,0,0,0
autoUniv-au7-1100_1552,2,0.4181818181818181,0.0019161701202392,0.0003542900085449,0,1,0,1,0,0,0,0,0,0,0,0,0,1,0,0,0,0,0,1,0,0,0,0,0
autoUniv-au7-1100_1552,2,0.4136363636363636,0.0023763179779052,0.0003914833068847,1,0,0,1,0,0,0,0,0,1,0,0,0,0,0,0,0,0,0,0,0,1,0,0,0
autoUniv-au7-1100_1552,2,0.4136363636363636,0.0024504661560058,0.0004715919494628,0,1,0,1,0,0,0,0,0,1,0,0,0,0,0,0,0,0,0,0,0,1,0,0,0
autoUniv-au7-1100_1552,1,0.4045454545454545,0.0014135837554931,0.0002744197845458,0,1,0,0,1,0,0,0,0,0,1,0,0,0,0,0,0,0,1,0,0,0,0,0,0
autoUniv-au7-1100_1552,1,0.4045454545454545,0.0013837814331054,0.0002713203430175,1,0,0,0,1,0,0,0,0,0,1,0,0,0,0,0,0,0,1,0,0,0,0,0,0
autoUniv-au7-1100_1552,1,0.4045454545454545,0.0014805793762207,0.0002732276916503,0,1,0,0,1,0,0,0,0,0,1,0,0,0,0,0,0,0,0,0,0,0,0,1,0
autoUniv-au7-1100_1552,1,0.4045454545454545,0.0014705657958984,0.0002784729003906,1,0,0,0,1,0,0,0,0,0,1,0,0,0,0,0,0,0,0,0,0,0,0,1,0
robot-failures-lp4_1519,4,1.0,0.0008068084716796,0.0001969337463378,1,0,1,0,0,0,0,1,0,0,0,0,0,0,0,0,0,0,0,0,0,1,0,0,0
robot-failures-lp4_1519,0,1.0,0.0007154941558837,0.0001716613769531,1,0,0,1,0,0,0,1,0,0,0,0,0,0,0,0,0,0,0,0,0,1,0,0,0
robot-failures-lp4_1519,4,1.0,0.0007824897766113,0.0001764297485351,1,0,0,1,0,0,0,1,0,0,0,0,0,0,0,0,0,0,0,0,0,1,0,0,0
robot-failures-lp4_1519,0,1.0,0.0007951259613037,0.0001699924468994,0,1,1,0,0,0,0,1,0,0,0,0,0,0,0,0,0,0,0,0,0,1,0,0,0
robot-failures-lp4_1519,4,1.0,0.0007328987121582,0.0001709461212158,0,1,0,0,1,0,0,1,0,0,0,0,0,0,0,0,0,0,0,0,0,1,0,0,0
robot-failures-lp4_1519,4,1.0,0.0007402896881103,0.0001709461212158,1,0,0,0,1,0,0,1,0,0,0,0,0,0,0,0,0,0,0,0,0,1,0,0,0
robot-failures-lp4_1519,0,1.0,0.0008060932159423,0.0001718997955322,1,0,0,0,1,0,0,1,0,0,0,0,0,0,0,0,0,0,0,0,0,1,0,0,0
robot-failures-lp4_1519,0,1.0,0.0007143020629882,0.000171422958374,0,1,0,1,0,0,0,1,0,0,0,0,0,0,0,0,0,0,0,0,0,1,0,0,0
robot-failures-lp4_1519,4,1.0,0.0007596015930175,0.0001742839813232,0,1,0,1,0,0,0,1,0,0,0,0,0,0,0,0,0,0,0,0,0,1,0,0,0
robot-failures-lp4_1519,0,1.0,0.0007014274597167,0.000171422958374,0,1,0,0,1,0,0,1,0,0,0,0,0,0,0,0,0,0,0,0,0,1,0,0,0
robot-failures-lp4_1519,4,1.0,0.000786542892456,0.0001764297485351,0,1,1,0,0,0,0,1,0,0,0,0,0,0,0,0,0,0,0,0,0,1,0,0,0
robot-failures-lp4_1519,0,1.0,0.0008158683776855,0.0001792907714843,1,0,1,0,0,0,0,1,0,0,0,0,0,0,0,0,0,0,0,0,0,1,0,0,0
robot-failures-lp4_1519,0,0.9583333333333334,0.0007524490356445,0.0001728534698486,1,0,0,0,1,0,0,1,0,0,0,0,0,0,0,0,0,0,0,1,0,0,0,0,0
robot-failures-lp4_1519,0,0.9583333333333334,0.0006885528564453,0.0001757144927978,1,0,0,1,0,0,0,1,0,0,0,0,0,0,0,0,0,0,0,0,0,0,0,1,0
robot-failures-lp4_1519,0,0.9583333333333334,0.0007400512695312,0.0001718997955322,0,1,0,1,0,0,0,1,0,0,0,0,0,0,0,0,0,0,0,1,0,0,0,0,0
robot-failures-lp4_1519,0,0.9583333333333334,0.0007686614990234,0.000173807144165,1,0,0,1,0,0,0,1,0,0,0,0,0,0,0,0,0,0,0,1,0,0,0,0,0
robot-failures-lp4_1519,0,0.9583333333333334,0.0007658004760742,0.0001742839813232,1,0,1,0,0,0,0,1,0,0,0,0,0,0,0,0,0,0,0,0,0,0,0,1,0
robot-failures-lp4_1519,0,0.9583333333333334,0.0007247924804687,0.0001728534698486,0,1,1,0,0,0,0,1,0,0,0,0,0,0,0,0,0,0,0,1,0,0,0,0,0
robot-failures-lp4_1519,0,0.9583333333333334,0.0007326602935791,0.0001733303070068,0,1,0,0,1,0,0,1,0,0,0,0,0,0,0,0,0,0,0,1,0,0,0,0,0
robot-failures-lp4_1519,0,0.9583333333333334,0.0007388591766357,0.0001728534698486,1,0,0,0,1,0,0,1,0,0,0,0,0,0,0,0,0,0,0,0,0,0,0,1,0
Sick_numeric_41946,0,0.9668874172185432,0.0017781257629394,0.0002353191375732,1,0,0,0,1,0,0,0,0,0,0,0,0,0,0,0,1,0,0,0,0,0,1,0,0
Sick_numeric_41946,0,0.9668874172185432,0.0019536018371582,0.0002322196960449,1,0,1,0,0,0,0,0,0,0,0,0,0,0,0,0,1,0,0,0,0,0,1,0,0
Sick_numeric_41946,0,0.9668874172185432,0.0018749237060546,0.0002322196960449,0,1,0,1,0,0,0,0,0,0,0,0,0,0,0,0,1,0,0,0,0,0,1,0,0
Sick_numeric_41946,0,0.9668874172185432,0.0019576549530029,0.0002408027648925,0,1,0,0,1,0,0,0,0,0,0,0,0,0,0,0,1,0,0,0,0,0,1,0,0
Sick_numeric_41946,0,0.9668874172185432,0.0018446445465087,0.0002362728118896,1,0,0,1,0,0,0,0,0,0,0,0,0,0,0,0,1,0,0,0,0,0,1,0,0
Sick_numeric_41946,0,0.9668874172185432,0.0018117427825927,0.0002260208129882,0,1,1,0,0,0,0,0,0,0,0,0,0,0,0,0,1,0,0,0,0,0,1,0,0
Sick_numeric_41946,2,0.9641909814323608,0.0018589496612548,0.0002241134643554,1,0,1,0,0,0,0,0,0,0,0,0,0,0,0,0,1,0,0,0,0,0,1,0,0
Sick_numeric_41946,2,0.9641909814323608,0.0017998218536376,0.0002243518829345,1,0,0,0,1,0,0,0,0,0,0,0,0,0,0,0,1,0,0,0,0,0,1,0,0
Sick_numeric_41946,2,0.9641909814323608,0.0018610954284667,0.0002219676971435,0,1,0,1,0,0,0,0,0,0,0,0,0,0,0,0,1,0,0,0,0,0,1,0,0
Sick_numeric_41946,2,0.9641909814323608,0.0027060508728027,0.000382661819458,0,1,1,0,0,0,0,0,0,0,0,0,0,0,0,0,1,0,0,0,0,0,1,0,0
Sick_numeric_41946,2,0.9641909814323608,0.002150535583496,0.0002644062042236,0,1,0,0,1,0,0,0,0,0,0,0,0,0,0,0,1,0,0,0,0,0,1,0,0
Sick_numeric_41946,2,0.9641909814323608,0.0018410682678222,0.0002188682556152,1,0,0,1,0,0,0,0,0,0,0,0,0,0,0,0,1,0,0,0,0,0,1,0,0
Sick_numeric_41946,1,0.96158940397351,0.0018374919891357,0.000232458114624,0,1,1,0,0,0,0,0,0,0,0,0,0,0,0,0,1,0,0,0,0,0,1,0,0
Sick_numeric_41946,1,0.96158940397351,0.0019037723541259,0.0002675056457519,0,1,1,0,0,0,0,0,0,0,1,0,0,0,0,0,0,0,0,0,0,0,0,0,1
Sick_numeric_41946,1,0.96158940397351,0.0020592212677001,0.0004487037658691,1,0,0,1,0,0,0,0,0,0,0,0,0,0,0,0,1,0,0,0,0,0,1,0,0
Sick_numeric_41946,1,0.96158940397351,0.0017499923706054,0.000220775604248,1,0,0,1,0,0,0,0,0,0,1,0,0,0,0,0,0,0,0,0,0,0,0,0,1
Sick_numeric_41946,0,0.96158940397351,0.0023603439331054,0.0003142356872558,0,1,1,0,0,1,0,0,0,0,0,0,0,0,0,0,0,0,0,0,0,1,0,0,0
Sick_numeric_41946,0,0.96158940397351,0.002103567123413,0.0002586841583251,1,0,0,1,0,1,0,0,0,0,0,0,0,0,0,0,0,0,0,0,0,1,0,0,0
Sick_numeric_41946,0,0.96158940397351,0.0024399757385253,0.0002727508544921,1,0,0,0,1,1,0,0,0,0,0,0,0,0,0,0,0,0,0,0,0,1,0,0,0
Sick_numeric_41946,0,0.96158940397351,0.0020751953125,0.0002806186676025,0,1,0,1,0,1,0,0,0,0,0,0,0,0,0,0,0,0,0,0,0,1,0,0,0
steel-plates-fault_40982,1,0.7087628865979382,0.0293354988098144,0.0010044574737548,0,1,0,1,0,0,0,0,0,1,0,0,0,0,0,0,0,0,0,0,0,0,1,0,0
steel-plates-fault_40982,1,0.7087628865979382,0.0058915615081787,0.0009498596191406,1,0,0,1,0,0,0,0,0,1,0,0,0,0,0,0,0,0,0,0,0,0,1,0,0
steel-plates-fault_40982,1,0.7087628865979382,0.010350227355957,0.001777172088623,0,1,0,0,1,0,0,0,0,1,0,0,0,0,0,0,0,0,0,0,0,0,1,0,0
steel-plates-fault_40982,1,0.7087628865979382,0.02496337890625,0.0009477138519287,1,0,0,0,1,0,0,0,0,1,0,0,0,0,0,0,0,0,0,0,0,0,1,0,0
steel-plates-fault_40982,1,0.7087628865979382,0.0253262519836425,0.0009889602661132,1,0,1,0,0,0,0,0,0,1,0,0,0,0,0,0,0,0,0,0,0,0,1,0,0
steel-plates-fault_40982,1,0.7087628865979382,0.0073318481445312,0.0011322498321533,0,1,1,0,0,0,0,0,0,1,0,0,0,0,0,0,0,0,0,0,0,0,1,0,0
steel-plates-fault_40982,4,0.7061855670103093,0.0368545055389404,0.0009994506835937,1,0,0,0,1,0,0,0,0,1,0,0,0,0,0,0,0,0,0,0,0,0,1,0,0
steel-plates-fault_40982,1,0.7061855670103093,0.0049672126770019,0.0010251998901367,1,0,1,0,0,0,1,0,0,0,0,0,0,0,0,0,0,0,0,0,0,0,1,0,0
steel-plates-fault_40982,4,0.7061855670103093,0.0052611827850341,0.0009620189666748,1,0,1,0,0,0,0,0,0,1,0,0,0,0,0,0,0,0,0,0,0,0,1,0,0
steel-plates-fault_40982,4,0.7061855670103093,0.0051925182342529,0.0022521018981933,0,1,1,0,0,0,0,0,0,1,0,0,0,0,0,0,0,0,0,0,0,0,1,0,0
steel-plates-fault_40982,1,0.7061855670103093,0.004042625427246,0.0007469654083251,0,1,1,0,0,0,1,0,0,0,0,0,0,0,0,0,0,0,0,0,0,0,1,0,0
steel-plates-fault_40982,1,0.7061855670103093,0.0044994354248046,0.0008242130279541,0,1,0,0,1,0,1,0,0,0,0,0,0,0,0,0,0,0,0,0,0,0,1,0,0
steel-plates-fault_40982,1,0.7061855670103093,0.0040404796600341,0.0007226467132568,1,0,0,0,1,0,1,0,0,0,0,0,0,0,0,0,0,0,0,0,0,0,1,0,0
steel-plates-fault_40982,4,0.7061855670103093,0.0067725181579589,0.0010077953338623,0,1,0,0,1,0,0,0,0,1,0,0,0,0,0,0,0,0,0,0,0,0,1,0,0
steel-plates-fault_40982,1,0.7061855670103093,0.0065371990203857,0.0013289451599121,0,1,0,1,0,0,1,0,0,0,0,0,0,0,0,0,0,0,0,0,0,0,1,0,0
steel-plates-fault_40982,4,0.7061855670103093,0.0537829399108886,0.0010561943054199,1,0,0,1,0,0,0,0,0,1,0,0,0,0,0,0,0,0,0,0,0,0,1,0,0
steel-plates-fault_40982,4,0.7061855670103093,0.0339272022247314,0.0041470527648925,0,1,0,1,0,0,0,0,0,1,0,0,0,0,0,0,0,0,0,0,0,0,1,0,0
steel-plates-fault_40982,1,0.7061855670103093,0.0053822994232177,0.0009868144989013,1,0,0,1,0,0,1,0,0,0,0,0,0,0,0,0,0,0,0,0,0,0,1,0,0
steel-plates-fault_40982,0,0.7017994858611826,0.0051243305206298,0.0010583400726318,1,0,0,0,1,0,0,0,0,0,0,0,0,1,0,0,0,0,0,0,0,0,1,0,0
steel-plates-fault_40982,0,0.7017994858611826,0.0069048404693603,0.0013737678527832,1,0,1,0,0,0,0,0,0,0,0,0,0,1,0,0,0,0,0,0,0,0,1,0,0
analcatdata_supreme_728,0,0.9938347718865598,0.0719764232635498,0.001774787902832,0,1,0,1,0,0,0,0,0,0,0,0,1,0,0,0,0,0,0,0,0,0,1,0,0
analcatdata_supreme_728,0,0.9938347718865598,0.0445387363433837,0.0017578601837158,1,0,0,1,0,0,0,0,0,0,0,0,1,0,0,0,0,0,0,0,0,0,1,0,0
analcatdata_supreme_728,0,0.9938347718865598,0.3193264007568359,0.0015075206756591,0,1,1,0,0,0,0,0,0,0,0,0,1,0,0,0,0,0,0,0,0,0,1,0,0
analcatdata_supreme_728,0,0.9938347718865598,0.3962929248809814,0.0057547092437744,1,0,1,0,0,0,0,0,0,0,0,0,1,0,0,0,0,0,0,0,0,0,1,0,0
analcatdata_supreme_728,0,0.9938347718865598,0.1679322719573974,0.0015933513641357,0,1,0,0,1,0,0,0,0,0,0,0,1,0,0,0,0,0,0,0,0,0,1,0,0
analcatdata_supreme_728,0,0.9938347718865598,0.0716781616210937,0.0015585422515869,1,0,0,0,1,0,0,0,0,0,0,0,1,0,0,0,0,0,0,0,0,0,1,0,0
analcatdata_supreme_728,2,0.9938271604938272,0.0464212894439697,0.0017266273498535,1,0,1,0,0,0,0,0,0,0,0,0,1,0,0,0,0,0,0,0,0,0,1,0,0
analcatdata_supreme_728,2,0.9938271604938272,0.0738193988800048,0.0019230842590332,0,1,0,1,0,0,0,0,0,0,0,0,1,0,0,0,0,0,0,0,0,0,1,0,0
analcatdata_supreme_728,2,0.9938271604938272,0.0752859115600586,0.0015578269958496,1,0,0,1,0,0,0,0,0,0,0,0,1,0,0,0,0,0,0,0,0,0,1,0,0
analcatdata_supreme_728,2,0.9938271604938272,0.0653200149536132,0.001704454421997,0,1,1,0,0,0,0,0,0,0,0,0,1,0,0,0,0,0,0,0,0,0,1,0,0
analcatdata_supreme_728,2,0.9938271604938272,0.0718386173248291,0.0036578178405761,0,1,0,0,1,0,0,0,0,0,0,0,1,0,0,0,0,0,0,0,0,0,1,0,0
analcatdata_supreme_728,2,0.9938271604938272,0.0606350898742675,0.0041530132293701,1,0,0,0,1,0,0,0,0,0,0,0,1,0,0,0,0,0,0,0,0,0,1,0,0
analcatdata_supreme_728,3,0.9925925925925926,0.0647611618041992,0.0133986473083496,1,0,0,1,0,0,0,0,0,0,0,0,1,0,0,0,0,0,0,0,0,0,0,1,0
analcatdata_supreme_728,3,0.9925925925925926,0.3348171710968017,0.0035946369171142,1,0,0,1,0,0,0,0,0,0,0,0,1,0,0,0,0,0,0,0,0,1,0,0,0
analcatdata_supreme_728,3,0.9925925925925926,0.0413262844085693,0.0017604827880859,1,0,0,0,1,0,0,0,0,0,0,0,1,0,0,0,0,0,0,0,0,1,0,0,0
analcatdata_supreme_728,3,0.9925925925925926,0.0644855499267578,0.0022106170654296,0,1,1,0,0,0,0,0,0,0,0,0,1,0,0,0,0,0,0,0,0,0,1,0,0
analcatdata_supreme_728,3,0.9925925925925926,0.0883855819702148,0.0020039081573486,1,0,0,0,1,0,0,0,0,0,0,0,1,0,0,0,0,0,0,0,0,0,1,0,0
analcatdata_supreme_728,3,0.9925925925925926,0.0375909805297851,0.0015175342559814,0,1,0,0,1,0,0,0,0,0,0,0,1,0,0,0,0,0,0,0,0,0,0,1,0
analcatdata_supreme_728,3,0.9925925925925926,0.0416007041931152,0.0019230842590332,1,0,1,0,0,0,0,0,0,0,0,0,1,0,0,0,0,0,0,0,0,0,0,1,0
analcatdata_supreme_728,3,0.9925925925925926,0.0941886901855468,0.0017988681793212,0,1,0,1,0,0,0,0,0,0,0,0,1,0,0,0,0,0,0,0,0,0,1,0,0
analcatdata_broadwaymult_452,0,0.543859649122807,0.0009856224060058,0.0002446174621582,0,1,0,0,1,0,0,0,0,0,1,0,0,0,0,0,0,0,0,0,0,0,0,1,0
analcatdata_broadwaymult_452,0,0.543859649122807,0.0010433197021484,0.0002639293670654,0,1,0,0,1,0,0,0,0,0,1,0,0,0,0,0,0,0,0,0,0,1,0,0,0
analcatdata_broadwaymult_452,0,0.543859649122807,0.0010828971862792,0.0002467632293701,0,1,0,0,1,0,0,0,0,0,1,0,0,0,0,0,0,0,0,0,0,0,0,0,1
analcatdata_broadwaymult_452,0,0.5263157894736842,0.0062119960784912,0.000739574432373,0,1,0,1,0,0,0,0,0,0,0,0,1,0,0,0,0,0,0,0,0,0,1,0,0
analcatdata_broadwaymult_452,0,0.5263157894736842,0.0017855167388916,0.0005364418029785,0,1,0,0,1,0,0,0,0,0,1,0,0,0,0,0,0,0,0,1,0,0,0,0,0
analcatdata_broadwaymult_452,0,0.5263157894736842,0.0009984970092773,0.0002460479736328,0,1,0,0,1,0,0,0,0,0,1,0,0,0,0,0,0,0,0,0,1,0,0,0,0
analcatdata_broadwaymult_452,0,0.5263157894736842,0.0010387897491455,0.0002486705780029,0,1,0,0,1,1,0,0,0,0,0,0,0,0,0,0,0,0,0,0,1,0,0,0,0
analcatdata_broadwaymult_452,0,0.5087719298245614,0.0015463829040527,0.0003654956817626,0,1,0,0,1,0,0,0,0,1,0,0,0,0,0,0,0,0,0,0,0,0,1,0,0
analcatdata_broadwaymult_452,0,0.5087719298245614,0.0010406970977783,0.0002508163452148,0,1,0,0,1,0,1,0,0,0,0,0,0,0,0,0,0,0,1,0,0,0,0,0,0
analcatdata_broadwaymult_452,0,0.5087719298245614,0.0014264583587646,0.0003387928009033,0,1,0,0,1,0,0,0,0,0,0,1,0,0,0,0,0,0,1,0,0,0,0,0,0
analcatdata_broadwaymult_452,0,0.5087719298245614,0.0010097026824951,0.0002715587615966,0,1,0,0,1,0,0,0,0,0,0,0,0,1,0,0,0,0,0,0,0,0,0,0,1
analcatdata_broadwaymult_452,0,0.5087719298245614,0.001014232635498,0.000260591506958,0,1,0,0,1,0,0,0,0,0,0,0,0,1,0,0,0,0,0,0,0,0,0,1,0
analcatdata_broadwaymult_452,0,0.5087719298245614,0.0012238025665283,0.0002636909484863,0,1,0,0,1,0,0,0,0,0,0,0,0,1,0,0,0,0,0,1,0,0,0,0,0
analcatdata_broadwaymult_452,0,0.5087719298245614,0.0011754035949707,0.0002861022949218,0,1,0,0,1,0,1,0,0,0,0,0,0,0,0,0,0,0,0,0,0,0,1,0,0
analcatdata_broadwaymult_452,0,0.5087719298245614,0.0012516975402832,0.0003340244293212,0,1,0,0,1,0,0,0,0,0,0,1,0,0,0,0,0,0,0,0,0,0,0,0,1
analcatdata_broadwaymult_452,0,0.5087719298245614,0.0010430812835693,0.0002539157867431,0,1,0,0,1,0,1,0,0,0,0,0,0,0,0,0,0,0,0,0,0,0,0,0,1
analcatdata_broadwaymult_452,0,0.5087719298245614,0.00124192237854,0.0002613067626953,0,1,0,0,1,0,1,0,0,0,0,0,0,0,0,0,0,0,0,1,0,0,0,0,0
analcatdata_broadwaymult_452,0,0.5087719298245614,0.0010352134704589,0.0002541542053222,0,1,0,0,1,0,0,0,0,0,0,0,0,1,0,0,0,0,1,0,0,0,0,0,0
analcatdata_broadwaymult_452,0,0.5087719298245614,0.0016505718231201,0.0003197193145751,0,1,0,0,1,0,0,0,0,1,0,0,0,0,0,0,0,0,0,0,0,0,0,0,1
analcatdata_broadwaymult_452,0,0.5087719298245614,0.0015234947204589,0.0004124641418457,0,1,0,0,1,0,0,0,0,0,0,1,0,0,0,0,0,0,0,0,0,0,0,1,0
students_scores_43097,1,0.925,0.0010790824890136,0.0001711845397949,0,1,0,0,1,0,0,0,0,0,0,1,0,0,0,0,0,0,0,0,0,1,0,0,0
students_scores_43097,1,0.925,0.0011196136474609,0.0001754760742187,1,0,0,0,1,0,1,0,0,0,0,0,0,0,0,0,0,0,0,0,0,1,0,0,0
students_scores_43097,1,0.925,0.0010604858398437,0.0001826286315917,0,1,0,0,1,0,0,0,0,0,0,0,0,1,0,0,0,0,0,0,0,1,0,0,0
students_scores_43097,1,0.925,0.0011396408081054,0.0001804828643798,0,1,0,0,1,0,1,0,0,0,0,0,0,0,0,0,0,0,0,0,0,1,0,0,0
students_scores_43097,1,0.925,0.0016670227050781,0.0002233982086181,1,0,0,0,1,0,0,0,0,1,0,0,0,0,0,0,0,0,0,0,0,1,0,0,0
students_scores_43097,1,0.925,0.0010013580322265,0.0001673698425292,1,0,0,0,1,0,0,0,0,0,0,0,0,1,0,0,0,0,0,0,0,1,0,0,0
students_scores_43097,1,0.925,0.0011534690856933,0.0001833438873291,1,0,0,0,1,0,0,0,0,0,0,1,0,0,0,0,0,0,0,0,0,1,0,0,0
students_scores_43097,1,0.925,0.003514289855957,0.0030300617218017,0,1,0,0,1,0,0,0,0,1,0,0,0,0,0,0,0,0,0,0,0,1,0,0,0
students_scores_43097,1,0.92,0.0010652542114257,0.0002081394195556,1,0,0,0,1,0,0,0,0,0,0,0,0,1,0,0,0,0,0,1,0,0,0,0,0
students_scores_43097,1,0.92,0.0014040470123291,0.0001990795135498,0,1,0,0,1,0,0,0,0,0,0,1,0,0,0,0,0,0,0,0,0,0,0,0,1
students_scores_43097,1,0.92,0.0018072128295898,0.0002708435058593,1,0,0,0,1,0,0,0,0,0,0,1,0,0,0,0,0,0,0,0,0,0,0,0,1
students_scores_43097,1,0.92,0.0013771057128906,0.0001978874206542,0,1,0,0,1,0,0,0,0,1,0,0,0,0,0,0,0,0,0,1,0,0,0,0,0
students_scores_43097,1,0.92,0.0010571479797363,0.0001945495605468,0,1,0,0,1,0,0,0,0,0,0,0,0,1,0,0,0,0,0,1,0,0,0,0,0
students_scores_43097,1,0.92,0.0025038719177246,0.0011751651763916,0,1,0,0,1,0,0,0,0,0,0,1,0,0,0,0,0,0,0,1,0,0,0,0,0
students_scores_43097,1,0.92,0.001549482345581,0.0002129077911376,1,0,0,0,1,0,0,0,0,1,0,0,0,0,0,0,0,0,0,0,0,0,0,1,0
students_scores_43097,1,0.92,0.0014569759368896,0.0002355575561523,0,1,0,0,1,0,0,0,0,1,0,0,0,0,0,0,0,0,0,0,0,0,0,1,0
students_scores_43097,1,0.92,0.0010616779327392,0.000187873840332,1,0,0,0,1,0,1,0,0,0,0,0,0,0,0,0,0,0,0,1,0,0,0,0,0
students_scores_43097,1,0.92,0.0014891624450683,0.0002415180206298,1,0,0,0,1,0,0,0,0,1,0,0,0,0,0,0,0,0,0,1,0,0,0,0,0
students_scores_43097,1,0.92,0.0011141300201416,0.0001695156097412,0,1,0,0,1,0,1,0,0,0,0,0,0,0,0,0,0,0,0,0,0,0,0,0,1
students_scores_43097,1,0.92,0.0010216236114501,0.0001692771911621,1,0,0,0,1,0,0,0,0,0,0,0,0,1,0,0,0,0,0,0,0,0,0,0,1
KungChi3_1441,4,1.0,0.0013327598571777,0.0001852512359619,0,1,1,0,0,0,0,0,0,0,0,1,0,0,0,0,0,0,0,0,1,0,0,0,0
KungChi3_1441,4,1.0,0.0011787414550781,0.000251293182373,1,0,0,0,1,0,1,0,0,0,0,0,0,0,0,0,0,0,0,0,0,1,0,0,0
KungChi3_1441,4,1.0,0.0006659030914306,0.0001463890075683,0,1,1,0,0,0,0,1,0,0,0,0,0,0,0,0,0,0,0,0,0,0,0,1,0
KungChi3_1441,4,1.0,0.0012674331665039,0.0001742839813232,0,1,0,1,0,0,1,0,0,0,0,0,0,0,0,0,0,0,0,1,0,0,0,0,0
KungChi3_1441,4,1.0,0.0012996196746826,0.0001821517944335,1,0,0,0,1,0,0,0,0,0,0,0,0,1,0,0,0,0,0,0,0,1,0,0,0
KungChi3_1441,4,1.0,0.0012717247009277,0.0001752376556396,1,0,0,0,1,0,0,0,0,0,0,1,0,0,0,0,0,0,0,0,0,1,0,0,0
KungChi3_1441,4,1.0,0.0005979537963867,0.0001397132873535,0,1,0,1,0,0,0,0,1,0,0,0,0,0,0,0,0,0,0,0,0,0,0,1,0
KungChi3_1441,4,1.0,0.0013120174407958,0.000178575515747,1,0,1,0,0,0,0,0,0,0,0,1,0,0,0,0,0,0,0,0,0,1,0,0,0
KungChi3_1441,4,1.0,0.0008172988891601,0.0001592636108398,1,0,1,0,0,1,0,0,0,0,0,0,0,0,0,0,0,0,0,0,0,1,0,0,0
KungChi3_1441,4,1.0,0.001612901687622,0.0002093315124511,1,0,1,0,0,0,0,0,0,1,0,0,0,0,0,0,0,0,0,0,0,1,0,0,0
KungChi3_1441,4,1.0,0.0007185935974121,0.0001475811004638,1,0,1,0,0,0,0,1,0,0,0,0,0,0,0,0,0,0,0,0,0,0,0,1,0
KungChi3_1441,4,1.0,0.0015859603881835,0.0002386569976806,0,1,0,0,1,0,0,0,0,1,0,0,0,0,0,0,0,0,0,0,0,0,0,0,1
KungChi3_1441,4,1.0,0.0009703636169433,0.0001664161682128,0,1,0,0,1,0,0,0,0,0,1,0,0,0,0,0,0,0,0,0,0,0,0,0,1
KungChi3_1441,4,1.0,0.003572940826416,0.0003027915954589,1,0,0,1,0,0,0,0,0,0,0,0,0,0,0,1,0,0,0,0,1,0,0,0,0
KungChi3_1441,4,1.0,0.0669033527374267,0.0003235340118408,1,0,0,1,0,0,0,0,0,0,0,0,1,0,0,0,0,0,0,0,1,0,0,0,0
KungChi3_1441,4,1.0,0.0013120174407958,0.0001759529113769,0,1,0,0,1,0,0,0,0,0,0,0,0,1,0,0,0,0,1,0,0,0,0,0,0
KungChi3_1441,4,1.0,0.0006425380706787,0.0001442432403564,0,1,0,1,0,0,0,1,0,0,0,0,0,0,0,0,0,0,0,0,0,0,0,1,0
KungChi3_1441,4,1.0,0.0014295578002929,0.0002145767211914,0,1,0,0,1,0,0,0,0,0,0,1,0,0,0,0,0,0,1,0,0,0,0,0,0
KungChi3_1441,4,1.0,0.0012292861938476,0.0001718997955322,0,1,0,0,1,0,1,0,0,0,0,0,0,0,0,0,0,0,1,0,0,0,0,0,0
KungChi3_1441,4,1.0,0.0008437633514404,0.0001437664031982,1,0,1,0,0,0,0,0,1,0,0,0,0,0,0,0,0,0,0,0,0,1,0,0,0
autoUniv-au7-700_1553,3,0.5428571428571428,0.0206692218780517,0.0008082389831542,1,0,0,0,1,0,0,0,0,0,0,0,1,0,0,0,0,0,0,0,0,0,0,0,1
autoUniv-au7-700_1553,3,0.5428571428571428,0.0161700248718261,0.0007355213165283,0,1,0,0,1,0,0,0,0,0,0,0,1,0,0,0,0,0,0,0,0,0,0,0,1
autoUniv-au7-700_1553,4,0.5071428571428571,0.0010039806365966,0.000187873840332,0,1,0,0,1,0,0,0,0,0,1,0,0,0,0,0,0,0,0,0,0,0,0,1,0
autoUniv-au7-700_1553,4,0.5071428571428571,0.0009660720825195,0.0001869201660156,1,0,0,0,1,0,0,0,0,0,1,0,0,0,0,0,0,0,0,0,0,0,0,1,0
autoUniv-au7-700_1553,3,0.5,0.0011687278747558,0.0001983642578125,1,0,0,0,1,1,0,0,0,0,0,0,0,0,0,0,0,0,0,0,0,0,1,0,0
autoUniv-au7-700_1553,4,0.5,0.000974416732788,0.0001919269561767,1,0,0,0,1,0,0,0,0,0,0,0,0,0,0,0,1,0,0,0,0,0,1,0,0
autoUniv-au7-700_1553,4,0.5,0.0009427070617675,0.0001838207244873,1,0,0,1,0,0,0,0,0,0,0,0,0,0,0,0,1,0,0,0,0,0,1,0,0
autoUniv-au7-700_1553,3,0.5,0.001685619354248,0.0002179145812988,0,1,0,0,1,1,0,0,0,0,0,0,0,0,0,0,0,0,0,0,0,0,1,0,0
autoUniv-au7-700_1553,4,0.5,0.0009269714355468,0.0001835823059082,0,1,0,0,1,0,0,0,0,0,0,0,0,0,0,0,1,0,0,0,0,0,1,0,0
autoUniv-au7-700_1553,4,0.5,0.0010361671447753,0.0002257823944091,0,1,0,1,0,0,0,0,0,0,0,0,0,0,0,0,1,0,0,0,0,0,1,0,0
autoUniv-au7-700_1553,3,0.5,0.0011730194091796,0.0002138614654541,0,1,0,1,0,0,0,0,0,0,1,0,0,0,0,0,0,0,0,0,0,0,0,1,0
autoUniv-au7-700_1553,3,0.5,0.0010273456573486,0.0001943111419677,1,0,0,1,0,0,0,0,0,0,1,0,0,0,0,0,0,0,0,0,0,0,0,1,0
autoUniv-au7-700_1553,3,0.4928571428571429,0.0010766983032226,0.0002169609069824,1,0,0,1,0,0,0,0,0,0,0,0,0,0,0,0,1,0,0,0,0,0,1,0,0
autoUniv-au7-700_1553,4,0.4928571428571429,0.0011477470397949,0.00020432472229,1,0,0,0,1,0,0,0,0,0,1,0,0,0,0,0,0,0,0,0,0,0,1,0,0
autoUniv-au7-700_1553,1,0.4928571428571429,0.0176217555999755,0.0008080005645751,0,1,0,0,1,0,0,0,0,0,0,0,1,0,0,0,0,0,0,0,0,0,0,1,0
autoUniv-au7-700_1553,1,0.4928571428571429,0.0271222591400146,0.0010497570037841,1,0,0,0,1,0,0,0,0,0,0,0,1,0,0,0,0,0,0,0,0,0,0,1,0
autoUniv-au7-700_1553,4,0.4928571428571429,0.0010230541229248,0.0002045631408691,0,1,0,0,1,0,0,0,0,0,1,0,0,0,0,0,0,0,0,0,0,0,0,0,1
autoUniv-au7-700_1553,3,0.4928571428571429,0.0009565353393554,0.0001885890960693,1,0,0,0,1,0,0,0,0,0,0,0,0,0,0,0,1,0,0,0,0,0,1,0,0
autoUniv-au7-700_1553,4,0.4928571428571429,0.0009496212005615,0.0001871585845947,1,0,0,0,1,0,0,0,0,0,1,0,0,0,0,0,0,0,1,0,0,0,0,0,0
autoUniv-au7-700_1553,3,0.4928571428571429,0.0010015964508056,0.0001833438873291,0,1,0,1,0,0,0,0,0,0,0,0,0,0,0,0,1,0,0,0,0,0,1,0,0
pm10_750,4,0.66,0.0164432525634765,0.0005650520324707,1,0,0,0,1,0,0,0,0,0,0,0,1,0,0,0,0,0,1,0,0,0,0,0,0
pm10_750,4,0.66,0.0099601745605468,0.0004975795745849,0,1,0,0,1,0,0,0,0,0,0,0,1,0,0,0,0,0,0,0,0,0,0,1,0
pm10_750,4,0.66,0.0291571617126464,0.0006420612335205,0,1,0,0,1,0,0,0,0,0,0,0,1,0,0,0,0,0,1,0,0,0,0,0,0
pm10_750,3,0.66,0.012812852859497,0.0004937648773193,1,0,0,1,0,0,0,0,0,0,0,0,0,0,0,1,0,0,0,0,0,1,0,0,0
pm10_750,4,0.66,0.0220842361450195,0.0004496574401855,1,0,0,0,1,0,0,0,0,0,0,0,1,0,0,0,0,0,0,0,0,0,0,1,0
pm10_750,3,0.66,0.0104460716247558,0.0010323524475097,0,1,0,0,1,0,0,0,0,0,0,0,0,0,0,1,0,0,0,0,0,1,0,0,0
pm10_750,3,0.66,0.0113410949707031,0.0004928112030029,0,1,1,0,0,0,0,0,0,0,0,0,0,0,0,1,0,0,0,0,0,1,0,0,0
pm10_750,4,0.66,0.0677554607391357,0.0006165504455566,1,0,1,0,0,0,0,0,0,0,0,0,1,0,0,0,0,0,0,0,0,0,0,1,0
pm10_750,4,0.66,0.0428669452667236,0.0006461143493652,0,1,0,1,0,0,0,0,0,0,0,0,1,0,0,0,0,0,0,0,0,0,0,1,0
pm10_750,4,0.66,0.0557518005371093,0.0005297660827636,0,1,0,1,0,0,0,0,0,0,0,0,1,0,0,0,0,0,1,0,0,0,0,0,0
pm10_750,4,0.66,0.0102546215057373,0.0004913806915283,1,0,0,1,0,0,0,0,0,0,0,0,1,0,0,0,0,0,0,0,0,0,0,1,0
pm10_750,4,0.66,0.0097849369049072,0.0004401206970214,0,1,1,0,0,0,0,0,0,0,0,0,1,0,0,0,0,0,0,0,0,0,0,1,0
pm10_750,4,0.66,0.0658340454101562,0.0005252361297607,1,0,1,0,0,0,0,0,0,0,0,0,1,0,0,0,0,0,1,0,0,0,0,0,0
pm10_750,3,0.66,0.01267671585083,0.0005311965942382,1,0,0,0,1,0,0,0,0,0,0,0,0,0,0,1,0,0,0,0,0,1,0,0,0
pm10_750,4,0.66,0.0102167129516601,0.0005528926849365,0,1,1,0,0,0,0,0,0,0,0,0,1,0,0,0,0,0,1,0,0,0,0,0,0
pm10_750,4,0.66,0.0632956027984619,0.0005755424499511,1,0,0,1,0,0,0,0,0,0,0,0,1,0,0,0,0,0,1,0,0,0,0,0,0
pm10_750,3,0.66,0.0121159553527832,0.0007567405700683,0,1,0,1,0,0,0,0,0,0,0,0,0,0,0,1,0,0,0,0,0,1,0,0,0
pm10_750,3,0.66,0.0113866329193115,0.0005660057067871,1,0,1,0,0,0,0,0,0,0,0,0,0,0,0,1,0,0,0,0,0,1,0,0,0
pm10_750,4,0.65,0.0137257575988769,0.0004594326019287,0,1,1,0,0,0,0,0,0,0,0,0,1,0,0,0,0,0,0,0,0,0,0,0,1
pm10_750,1,0.65,0.0103406906127929,0.0005395412445068,0,1,1,0,0,0,0,0,0,0,0,0,0,0,0,1,0,0,0,0,0,0,0,1,0
algerian_forest_fires_46279,2,1.0,0.0007910728454589,0.0001468658447265,1,0,0,1,0,0,0,0,0,0,1,0,0,0,0,0,0,0,0,0,0,0,0,0,1
algerian_forest_fires_46279,3,1.0,0.000802993774414,0.0001528263092041,1,0,0,1,0,0,0,0,0,0,0,0,0,0,0,0,1,0,0,0,1,0,0,0,0
algerian_forest_fires_46279,0,1.0,0.0006694793701171,0.0001642704010009,1,0,0,0,1,0,0,0,0,0,0,0,0,0,0,0,1,0,0,0,0,0,0,1,0
algerian_forest_fires_46279,0,1.0,0.0010859966278076,0.0001795291900634,1,0,0,0,1,0,0,0,0,0,0,0,0,0,0,0,1,0,1,0,0,0,0,0,0
algerian_forest_fires_46279,0,1.0,0.0007739067077636,0.0001547336578369,0,1,1,0,0,0,0,0,0,0,0,0,0,0,0,0,1,0,0,0,1,0,0,0,0
algerian_forest_fires_46279,0,1.0,0.0008163452148437,0.0001654624938964,0,1,0,0,1,0,0,0,0,0,0,0,0,0,0,0,1,0,0,1,0,0,0,0,0
algerian_forest_fires_46279,0,1.0,0.0007009506225585,0.0002501010894775,0,1,0,0,1,0,0,0,0,0,0,0,0,0,0,0,1,0,0,0,0,0,0,1,0
algerian_forest_fires_46279,3,1.0,0.0007879734039306,0.0001535415649414,0,1,0,1,0,0,0,0,0,0,0,0,0,0,0,0,1,0,0,0,0,0,1,0,0
algerian_forest_fires_46279,0,1.0,0.000805377960205,0.0001537799835205,0,1,1,0,0,0,0,0,0,0,0,0,0,0,0,0,1,0,0,0,0,0,0,1,0
algerian_forest_fires_46279,0,1.0,0.000650405883789,0.0001835823059082,1,0,0,1,0,0,0,0,0,0,0,0,0,0,0,0,1,0,0,0,0,0,0,0,1
algerian_forest_fires_46279,0,1.0,0.0007829666137695,0.000162124633789,0,1,0,1,0,0,0,0,0,0,0,0,0,0,0,0,1,0,0,1,0,0,0,0,0
algerian_forest_fires_46279,0,1.0,0.0007236003875732,0.0001735687255859,1,0,1,0,0,0,0,0,0,0,0,0,0,0,0,0,1,0,0,0,0,0,0,1,0
algerian_forest_fires_46279,4,1.0,0.0007755756378173,0.0001578330993652,1,0,0,0,1,0,0,0,0,0,1,0,0,0,0,0,0,0,0,0,1,0,0,0,0
algerian_forest_fires_46279,3,1.0,0.0007295608520507,0.0001635551452636,0,1,0,1,0,0,0,0,0,0,0,0,0,0,0,0,1,0,0,0,1,0,0,0,0
algerian_forest_fires_46279,0,1.0,0.000664472579956,0.0001821517944335,1,0,0,1,0,0,0,0,0,0,0,0,0,0,0,0,1,0,0,1,0,0,0,0,0
algerian_forest_fires_46279,0,1.0,0.0007240772247314,0.0001523494720458,1,0,0,0,1,0,0,0,0,0,0,0,0,0,0,0,1,0,0,0,1,0,0,0,0
algerian_forest_fires_46279,3,1.0,0.0007388591766357,0.0001647472381591,1,0,0,1,0,0,0,0,0,0,0,0,0,0,0,0,1,0,1,0,0,0,0,0,0
algerian_forest_fires_46279,4,1.0,0.0007874965667724,0.0001695156097412,0,1,0,0,1,0,0,0,0,0,1,0,0,0,0,0,0,0,0,0,1,0,0,0,0
algerian_forest_fires_46279,3,1.0,0.0008256435394287,0.0001544952392578,0,1,0,1,0,0,0,0,0,0,0,0,0,0,0,0,1,0,0,1,0,0,0,0,0
algerian_forest_fires_46279,2,1.0,0.0008187294006347,0.000159740447998,0,1,0,1,0,0,0,0,0,0,1,0,0,0,0,0,0,0,0,0,0,0,0,0,1
fri_c3_500_50_937,2,0.77,0.0010843276977539,0.0001838207244873,0,1,0,1,0,0,0,0,0,0,1,0,0,0,0,0,0,0,0,0,1,0,0,0,0
fri_c3_500_50_937,2,0.77,0.0010452270507812,0.0001857280731201,1,0,1,0,0,0,0,0,0,0,1,0,0,0,0,0,0,0,0,0,1,0,0,0,0
fri_c3_500_50_937,2,0.77,0.0011389255523681,0.0001919269561767,0,1,1,0,0,0,0,0,0,0,1,0,0,0,0,0,0,0,0,0,1,0,0,0,0
fri_c3_500_50_937,2,0.77,0.0010662078857421,0.0001833438873291,0,1,0,0,1,0,0,0,0,0,1,0,0,0,0,0,0,0,0,0,1,0,0,0,0
fri_c3_500_50_937,2,0.77,0.001225471496582,0.0002028942108154,1,0,0,1,0,0,0,0,0,0,1,0,0,0,0,0,0,0,0,0,1,0,0,0,0
fri_c3_500_50_937,2,0.77,0.0011508464813232,0.0001907348632812,1,0,0,0,1,0,0,0,0,0,1,0,0,0,0,0,0,0,0,0,1,0,0,0,0
fri_c3_500_50_937,2,0.74,0.0011382102966308,0.0001990795135498,1,0,1,0,0,0,0,0,0,0,1,0,0,0,0,0,0,0,0,0,0,0,0,1,0
fri_c3_500_50_937,2,0.74,0.0010385513305664,0.0001811981201171,0,1,0,0,1,0,0,0,0,0,1,0,0,0,0,0,0,0,0,0,0,0,0,1,0
fri_c3_500_50_937,2,0.74,0.0011627674102783,0.0001940727233886,1,0,0,0,1,0,0,0,0,0,1,0,0,0,0,0,0,0,0,0,0,0,0,1,0
fri_c3_500_50_937,2,0.74,0.001084566116333,0.0001821517944335,0,1,0,1,0,0,0,0,0,0,1,0,0,0,0,0,0,0,0,0,0,0,0,1,0
fri_c3_500_50_937,2,0.74,0.0010228157043457,0.0001821517944335,0,1,1,0,0,0,0,0,0,0,1,0,0,0,0,0,0,0,0,0,0,0,0,1,0
fri_c3_500_50_937,2,0.74,0.0010268688201904,0.0001833438873291,1,0,0,1,0,0,0,0,0,0,1,0,0,0,0,0,0,0,0,0,0,0,0,1,0
fri_c3_500_50_937,2,0.73,0.0009312629699707,0.0001728534698486,1,0,0,0,1,1,0,0,0,0,0,0,0,0,0,0,0,0,0,0,1,0,0,0,0
fri_c3_500_50_937,2,0.73,0.0010061264038085,0.0001802444458007,1,0,0,1,0,1,0,0,0,0,0,0,0,0,0,0,0,0,0,0,0,0,0,1,0
fri_c3_500_50_937,2,0.73,0.0009529590606689,0.0001716613769531,1,0,1,0,0,1,0,0,0,0,0,0,0,0,0,0,0,0,0,0,1,0,0,0,0
fri_c3_500_50_937,2,0.73,0.0009009838104248,0.0001659393310546,1,0,0,0,1,1,0,0,0,0,0,0,0,0,0,0,0,0,0,0,0,0,0,1,0
fri_c3_500_50_937,2,0.73,0.000990867614746,0.0001766681671142,1,0,0,1,0,1,0,0,0,0,0,0,0,0,0,0,0,0,0,0,1,0,0,0,0
fri_c3_500_50_937,2,0.73,0.0009634494781494,0.0001711845397949,0,1,0,1,0,1,0,0,0,0,0,0,0,0,0,0,0,0,0,1,0,0,0,0,0
fri_c3_500_50_937,2,0.73,0.0009222030639648,0.0001671314239501,0,1,0,1,0,1,0,0,0,0,0,0,0,0,0,0,0,0,0,0,0,0,0,0,1
fri_c3_500_50_937,2,0.73,0.000906229019165,0.0001711845397949,1,0,0,1,0,1,0,0,0,0,0,0,0,0,0,0,0,0,0,0,0,0,0,0,1
fri_c2_1000_50_866,3,0.81,0.0009427070617675,0.0001461505889892,0,1,1,0,0,0,0,0,1,0,0,0,0,0,0,0,0,0,0,0,0,0,1,0,0
fri_c2_1000_50_866,3,0.81,0.0009734630584716,0.0001559257507324,0,1,0,0,1,0,0,0,1,0,0,0,0,0,0,0,0,0,0,0,0,0,1,0,0
fri_c2_1000_50_866,3,0.81,0.0010304450988769,0.0001599788665771,1,0,0,0,1,0,0,0,1,0,0,0,0,0,0,0,0,0,0,0,0,0,1,0,0
fri_c2_1000_50_866,3,0.81,0.0011169910430908,0.0001864433288574,0,1,0,0,1,0,0,0,1,0,0,0,0,0,0,0,0,0,0,0,1,0,0,0,0
fri_c2_1000_50_866,3,0.81,0.0009565353393554,0.0001492500305175,0,1,0,1,0,0,0,0,1,0,0,0,0,0,0,0,0,0,0,0,1,0,0,0,0
fri_c2_1000_50_866,3,0.81,0.0009033679962158,0.0001466274261474,1,0,0,1,0,0,0,0,1,0,0,0,0,0,0,0,0,0,0,0,0,0,1,0,0
fri_c2_1000_50_866,3,0.81,0.0008895397186279,0.0001502037048339,0,1,0,1,0,0,0,0,1,0,0,0,0,0,0,0,0,0,0,0,0,0,1,0,0
fri_c2_1000_50_866,3,0.81,0.0011184215545654,0.0001678466796875,1,0,0,0,1,0,0,0,1,0,0,0,0,0,0,0,0,0,0,0,1,0,0,0,0
fri_c2_1000_50_866,3,0.81,0.0010364055633544,0.0001592636108398,1,0,1,0,0,0,0,0,1,0,0,0,0,0,0,0,0,0,0,0,0,0,1,0,0
fri_c2_1000_50_866,3,0.81,0.0010631084442138,0.0001602172851562,1,0,0,1,0,0,0,0,1,0,0,0,0,0,0,0,0,0,0,0,1,0,0,0,0
fri_c2_1000_50_866,3,0.81,0.0008935928344726,0.0001451969146728,0,1,1,0,0,0,0,0,1,0,0,0,0,0,0,0,0,0,0,0,1,0,0,0,0
fri_c2_1000_50_866,3,0.81,0.000889778137207,0.0003223419189453,1,0,1,0,0,0,0,0,1,0,0,0,0,0,0,0,0,0,0,0,1,0,0,0,0
fri_c2_1000_50_866,3,0.805,0.0011906623840332,0.0001795291900634,1,0,1,0,0,0,0,1,0,0,0,0,0,0,0,0,0,0,1,0,0,0,0,0,0
fri_c2_1000_50_866,3,0.805,0.0009360313415527,0.0001847743988037,0,1,0,0,1,0,0,0,1,0,0,0,0,0,0,0,0,0,0,0,0,1,0,0,0
fri_c2_1000_50_866,3,0.805,0.0009458065032958,0.0001447200775146,0,1,0,1,0,0,0,0,1,0,0,0,0,0,0,0,0,0,1,0,0,0,0,0,0
fri_c2_1000_50_866,3,0.805,0.0009598731994628,0.0001463890075683,0,1,0,0,1,0,0,0,1,0,0,0,0,0,0,0,0,0,0,1,0,0,0,0,0
fri_c2_1000_50_866,3,0.805,0.000913381576538,0.0001454353332519,1,0,1,0,0,0,0,0,1,0,0,0,0,0,0,0,0,0,0,0,0,0,0,1,0
fri_c2_1000_50_866,3,0.805,0.0011043548583984,0.0001726150512695,1,0,0,0,1,0,0,1,0,0,0,0,0,0,0,0,0,0,1,0,0,0,0,0,0
fri_c2_1000_50_866,3,0.805,0.0009794235229492,0.0001587867736816,1,0,1,0,0,0,0,0,1,0,0,0,0,0,0,0,0,0,1,0,0,0,0,0,0
fri_c2_1000_50_866,3,0.805,0.0009469985961914,0.0001459121704101,1,0,1,0,0,0,0,0,1,0,0,0,0,0,0,0,0,0,0,0,0,0,0,0,1
fruitfly_714,0,0.72,0.0006117820739746,0.0001442432403564,0,1,1,0,0,0,0,0,0,0,0,0,0,0,0,0,0,1,0,0,0,1,0,0,0
fruitfly_714,0,0.72,0.0006370544433593,0.00014328956604,0,1,0,1,0,0,0,0,0,0,0,0,0,0,0,0,0,1,0,0,0,1,0,0,0
fruitfly_714,0,0.72,0.0006206035614013,0.00014328956604,1,0,0,0,1,0,0,0,0,0,0,0,0,0,0,0,0,1,0,0,0,1,0,0,0
fruitfly_714,0,0.72,0.0006017684936523,0.000140905380249,1,0,1,0,0,0,0,0,0,0,0,0,0,0,0,0,0,1,0,0,0,1,0,0,0
fruitfly_714,0,0.72,0.0006220340728759,0.0002112388610839,0,1,0,0,1,0,0,0,0,0,0,0,0,0,0,0,0,1,0,0,0,1,0,0,0
fruitfly_714,0,0.72,0.0007171630859375,0.0001544952392578,1,0,0,1,0,0,0,0,0,0,0,0,0,0,0,0,0,1,0,0,0,1,0,0,0
fruitfly_714,3,0.68,0.0005946159362792,0.0001425743103027,1,0,0,0,1,0,0,0,1,0,0,0,0,0,0,0,0,0,0,0,0,0,0,1,0
fruitfly_714,3,0.68,0.0005750656127929,0.0001401901245117,0,1,0,1,0,0,0,0,1,0,0,0,0,0,0,0,0,0,0,1,0,0,0,0,0
fruitfly_714,3,0.68,0.0006027221679687,0.0001387596130371,0,1,0,0,1,0,0,0,0,0,0,0,0,0,0,0,0,1,0,0,0,0,1,0,0
fruitfly_714,3,0.68,0.0005683898925781,0.0001370906829833,1,0,1,0,0,0,0,0,1,0,0,0,0,0,0,0,0,0,0,1,0,0,0,0,0
fruitfly_714,0,0.68,0.0007424354553222,0.0001764297485351,1,0,1,0,0,0,0,1,0,0,0,0,0,0,0,0,0,0,0,1,0,0,0,0,0
fruitfly_714,3,0.68,0.000894546508789,0.0003120899200439,1,0,1,0,0,0,0,0,0,0,1,0,0,0,0,0,0,0,0,1,0,0,0,0,0
fruitfly_714,0,0.68,0.0006840229034423,0.0001494884490966,0,1,0,0,1,0,0,1,0,0,0,0,0,0,0,0,0,0,0,1,0,0,0,0,0
fruitfly_714,3,0.68,0.0005896091461181,0.0001406669616699,0,1,1,0,0,0,0,0,1,0,0,0,0,0,0,0,0,0,0,0,0,0,0,0,1
fruitfly_714,3,0.68,0.0006062984466552,0.0001585483551025,0,1,1,0,0,0,0,0,0,0,0,0,0,0,0,0,0,1,0,0,0,0,0,0,1
fruitfly_714,3,0.68,0.0006475448608398,0.0001389980316162,1,0,1,0,0,0,0,0,0,0,0,0,0,0,0,0,1,0,0,0,0,0,0,0,1
fruitfly_714,3,0.68,0.0006513595581054,0.000140905380249,1,0,1,0,0,0,0,0,1,0,0,0,0,0,0,0,0,0,0,0,0,0,0,0,1
fruitfly_714,3,0.68,0.000558853149414,0.0001449584960937,1,0,1,0,0,0,0,0,0,0,0,0,0,0,0,0,1,0,1,0,0,0,0,0,0
fruitfly_714,4,0.68,0.0006110668182373,0.0001430511474609,0,1,0,0,1,0,0,0,1,0,0,0,0,0,0,0,0,0,0,0,0,1,0,0,0
fruitfly_714,3,0.68,0.0006248950958251,0.0001642704010009,1,0,1,0,0,0,0,0,0,0,0,0,0,0,0,0,0,1,0,0,0,0,0,0,1
analcatdata_draft_984,0,0.972972972972973,0.0007572174072265,0.000159740447998,0,1,1,0,0,0,1,0,0,0,0,0,0,0,0,0,0,0,0,1,0,0,0,0,0
analcatdata_draft_984,0,0.972972972972973,0.0007474422454833,0.0001568794250488,0,1,1,0,0,0,0,0,0,0,0,0,0,1,0,0,0,0,0,1,0,0,0,0,0
analcatdata_draft_984,0,0.972972972972973,0.0019831657409667,0.0010442733764648,0,1,1,0,0,0,0,0,0,0,0,1,0,0,0,0,0,0,0,1,0,0,0,0,0
analcatdata_draft_984,0,0.972972972972973,0.0007491111755371,0.0001492500305175,0,1,1,0,0,0,0,0,0,0,0,0,0,0,0,0,1,0,0,1,0,0,0,0,0
analcatdata_draft_984,0,0.972972972972973,0.0007526874542236,0.0001552104949951,0,1,0,0,1,0,0,0,0,0,0,0,0,0,0,0,0,1,0,0,0,0,1,0,0
analcatdata_draft_984,0,0.972972972972973,0.0007710456848144,0.0001609325408935,0,1,1,0,0,0,0,0,0,0,0,0,0,0,0,0,0,1,0,1,0,0,0,0,0
analcatdata_draft_984,0,0.972972972972973,0.0007188320159912,0.0001494884490966,0,1,0,0,1,0,0,0,0,0,0,0,0,0,0,0,1,0,0,0,0,0,1,0,0
analcatdata_draft_984,0,0.972972972972973,0.0011463165283203,0.0004010200500488,0,1,1,0,0,0,0,0,0,0,0,0,0,0,1,0,0,0,0,1,0,0,0,0,0
analcatdata_draft_984,0,0.972972972972973,0.0008380413055419,0.0001699924468994,0,1,0,0,1,0,0,0,0,0,0,0,0,1,0,0,0,0,0,0,0,0,1,0,0
analcatdata_draft_984,0,0.972972972972973,0.0007898807525634,0.0001587867736816,0,1,1,0,0,0,0,0,1,0,0,0,0,0,0,0,0,0,0,1,0,0,0,0,0
analcatdata_draft_984,0,0.972972972972973,0.0007452964782714,0.0001542568206787,0,1,0,0,1,0,1,0,0,0,0,0,0,0,0,0,0,0,0,0,0,0,1,0,0
analcatdata_draft_984,0,0.972972972972973,0.0073425769805908,0.0003998279571533,0,1,1,0,0,0,0,0,0,0,0,0,0,0,0,1,0,0,0,1,0,0,0,0,0
analcatdata_draft_984,0,0.972972972972973,0.0011322498321533,0.0002198219299316,0,1,0,0,1,0,0,0,0,1,0,0,0,0,0,0,0,0,0,0,0,1,0,0,0
analcatdata_draft_984,0,0.972972972972973,0.0009446144104003,0.0004734992980957,0,1,0,0,1,0,0,0,0,0,0,0,0,0,1,0,0,0,0,0,0,0,1,0,0
analcatdata_draft_984,0,0.972972972972973,0.0007627010345458,0.0001626014709472,0,1,0,1,0,0,0,1,0,0,0,0,0,0,0,0,0,0,0,0,0,0,0,1,0
analcatdata_draft_984,0,0.972972972972973,0.0007770061492919,0.0001585483551025,0,1,0,1,0,1,0,0,0,0,0,0,0,0,0,0,0,0,0,0,0,0,0,1,0
analcatdata_draft_984,0,0.972972972972973,0.0414085388183593,0.0004212856292724,0,1,0,1,0,0,0,0,0,0,0,0,1,0,0,0,0,0,0,0,0,0,0,1,0
analcatdata_draft_984,0,0.972972972972973,0.0074219703674316,0.0004639625549316,0,1,0,1,0,0,0,0,0,0,0,0,0,0,0,1,0,0,0,0,0,0,0,1,0
analcatdata_draft_984,0,0.972972972972973,0.0009987354278564,0.0001869201660156,0,1,0,1,0,0,0,0,0,0,0,1,0,0,0,0,0,0,0,0,1,0,0,0,0
analcatdata_draft_984,0,0.972972972972973,0.0008056163787841,0.000169038772583,0,1,0,1,0,0,0,0,0,0,0,0,0,1,0,0,0,0,0,0,1,0,0,0,0
fri_c0_1000_50_904,3,0.885,0.0010910034179687,0.0001671314239501,1,0,0,1,0,1,0,0,0,0,0,0,0,0,0,0,0,0,0,0,0,0,0,0,1
fri_c0_1000_50_904,3,0.885,0.0011296272277832,0.0001735687255859,0,1,0,0,1,1,0,0,0,0,0,0,0,0,0,0,0,0,0,0,0,0,0,1,0
fri_c0_1000_50_904,3,0.885,0.0010702610015869,0.0001728534698486,1,0,1,0,0,1,0,0,0,0,0,0,0,0,0,0,0,0,0,0,0,0,1,0,0
fri_c0_1000_50_904,3,0.885,0.0012366771697998,0.000176191329956,1,0,0,1,0,1,0,0,0,0,0,0,0,0,0,0,0,0,1,0,0,0,0,0,0
fri_c0_1000_50_904,3,0.885,0.0010721683502197,0.0001709461212158,0,1,1,0,0,1,0,0,0,0,0,0,0,0,0,0,0,0,0,0,0,0,1,0,0
fri_c0_1000_50_904,3,0.885,0.0010738372802734,0.000171422958374,1,0,1,0,0,1,0,0,0,0,0,0,0,0,0,0,0,0,0,0,0,0,0,0,1
fri_c0_1000_50_904,3,0.885,0.0010106563568115,0.0001637935638427,0,1,0,1,0,1,0,0,0,0,0,0,0,0,0,0,0,0,0,1,0,0,0,0,0
fri_c0_1000_50_904,3,0.885,0.0010700225830078,0.0001718997955322,0,1,0,1,0,1,0,0,0,0,0,0,0,0,0,0,0,0,0,0,1,0,0,0,0
fri_c0_1000_50_904,3,0.885,0.0010948181152343,0.0001707077026367,0,1,0,0,1,1,0,0,0,0,0,0,0,0,0,0,0,0,0,0,1,0,0,0,0
fri_c0_1000_50_904,3,0.885,0.0010240077972412,0.0001637935638427,1,0,0,1,0,1,0,0,0,0,0,0,0,0,0,0,0,0,0,0,1,0,0,0,0
fri_c0_1000_50_904,3,0.885,0.0010228157043457,0.000171422958374,0,1,1,0,0,1,0,0,0,0,0,0,0,0,0,0,0,0,0,0,0,1,0,0,0
fri_c0_1000_50_904,3,0.885,0.0011031627655029,0.0001881122589111,1,0,0,1,0,1,0,0,0,0,0,0,0,0,0,0,0,0,0,0,0,1,0,0,0
fri_c0_1000_50_904,3,0.885,0.0010437965393066,0.00016450881958,1,0,0,1,0,1,0,0,0,0,0,0,0,0,0,0,0,0,0,0,0,0,1,0,0
fri_c0_1000_50_904,3,0.885,0.0011041164398193,0.0001935958862304,0,1,1,0,0,1,0,0,0,0,0,0,0,0,0,0,0,0,1,0,0,0,0,0,0
fri_c0_1000_50_904,3,0.885,0.0012683868408203,0.0002176761627197,1,0,1,0,0,1,0,0,0,0,0,0,0,0,0,0,0,0,0,0,0,1,0,0,0
fri_c0_1000_50_904,3,0.885,0.0010724067687988,0.0001673698425292,0,1,0,0,1,1,0,0,0,0,0,0,0,0,0,0,0,0,1,0,0,0,0,0,0
fri_c0_1000_50_904,3,0.885,0.0011248588562011,0.0001752376556396,0,1,1,0,0,1,0,0,0,0,0,0,0,0,0,0,0,0,0,0,1,0,0,0,0
fri_c0_1000_50_904,3,0.885,0.0010581016540527,0.0001699924468994,1,0,0,1,0,1,0,0,0,0,0,0,0,0,0,0,0,0,0,0,0,0,0,1,0
fri_c0_1000_50_904,3,0.885,0.0010499954223632,0.0001635551452636,1,0,1,0,0,1,0,0,0,0,0,0,0,0,0,0,0,0,1,0,0,0,0,0,0
fri_c0_1000_50_904,3,0.885,0.0010473728179931,0.0001647472381591,0,1,0,1,0,1,0,0,0,0,0,0,0,0,0,0,0,0,0,0,0,0,1,0,0
breast-w_15,3,0.9857142857142858,0.0008606910705566,0.0001618862152099,0,1,0,0,1,0,0,0,0,0,0,0,0,0,0,0,0,1,0,0,0,0,0,0,1
breast-w_15,3,0.9857142857142858,0.0008561611175537,0.0001640319824218,0,1,0,1,0,0,0,0,0,0,0,0,0,0,0,0,0,1,1,0,0,0,0,0,0
breast-w_15,3,0.9857142857142858,0.0008955001831054,0.0001595020294189,0,1,0,1,0,0,0,1,0,0,0,0,0,0,0,0,0,0,0,0,0,0,0,0,1
breast-w_15,3,0.9857142857142858,0.0008554458618164,0.0001604557037353,0,1,0,0,1,0,0,0,0,0,0,0,0,0,0,0,0,1,0,0,0,0,0,1,0
breast-w_15,3,0.9857142857142858,0.0009293556213378,0.0001635551452636,0,1,1,0,0,0,0,0,0,0,0,0,0,0,0,0,0,1,1,0,0,0,0,0,0
breast-w_15,3,0.9857142857142858,0.149000883102417,0.0004639625549316,0,1,1,0,0,0,0,0,0,0,0,0,0,0,1,0,0,0,0,0,0,1,0,0,0
breast-w_15,3,0.9857142857142858,0.1298317909240722,0.0004994869232177,0,1,0,1,0,0,0,0,0,0,0,0,0,0,1,0,0,0,0,0,0,1,0,0,0
breast-w_15,3,0.9857142857142858,0.0008857250213623,0.0001630783081054,0,1,1,0,0,0,0,1,0,0,0,0,0,0,0,0,0,0,0,0,0,0,0,0,1
breast-w_15,3,0.9857142857142858,0.0008435249328613,0.000157356262207,0,1,1,0,0,0,0,0,0,0,0,0,0,0,0,0,0,1,0,1,0,0,0,0,0
breast-w_15,3,0.9857142857142858,0.0009703636169433,0.0001666545867919,0,1,0,1,0,0,0,1,0,0,0,0,0,0,0,0,0,0,0,0,0,0,0,1,0
breast-w_15,3,0.9857142857142858,0.0008521080017089,0.0001618862152099,0,1,0,0,1,0,0,0,0,0,0,0,0,0,0,0,0,1,0,1,0,0,0,0,0
breast-w_15,3,0.9857142857142858,0.000901460647583,0.0001654624938964,0,1,1,0,0,0,0,1,0,0,0,0,0,0,0,0,0,0,0,0,0,0,0,1,0
breast-w_15,3,0.9857142857142858,0.0008394718170166,0.0001614093780517,0,1,0,1,0,0,0,0,0,0,0,0,0,0,0,0,0,1,0,0,0,0,0,1,0
breast-w_15,3,0.9857142857142858,0.0008726119995117,0.0001626014709472,0,1,1,0,0,0,0,0,0,0,0,0,0,0,0,0,0,1,0,0,0,0,0,1,0
breast-w_15,3,0.9857142857142858,0.0008902549743652,0.0001618862152099,0,1,0,1,0,0,0,0,0,0,0,0,0,0,0,0,0,1,0,0,0,0,0,0,1
breast-w_15,3,0.9857142857142858,0.000903844833374,0.0001628398895263,0,1,0,0,1,0,0,1,0,0,0,0,0,0,0,0,0,0,0,0,0,0,0,1,0
breast-w_15,3,0.9857142857142858,0.0008571147918701,0.0001587867736816,0,1,0,0,1,0,0,0,0,0,0,0,0,0,0,0,0,1,1,0,0,0,0,0,0
breast-w_15,3,0.9857142857142858,0.0008659362792968,0.0001647472381591,0,1,0,0,1,0,0,1,0,0,0,0,0,0,0,0,0,0,0,0,0,0,0,0,1
breast-w_15,3,0.9857142857142858,0.0008556842803955,0.00016450881958,0,1,1,0,0,0,0,0,0,0,0,0,0,0,0,0,0,1,0,0,0,0,0,0,1
breast-w_15,3,0.9857142857142858,0.1329767704010009,0.0010628700256347,0,1,0,0,1,0,0,0,0,0,0,0,0,0,1,0,0,0,0,0,0,1,0,0,0
chscase_census4_907,3,0.625,0.0008041858673095,0.0001611709594726,1,0,0,1,0,0,0,1,0,0,0,0,0,0,0,0,0,0,0,0,1,0,0,0,0
chscase_census4_907,3,0.625,0.0007715225219726,0.0001578330993652,0,1,0,1,0,0,0,1,0,0,0,0,0,0,0,0,0,0,0,0,1,0,0,0,0
chscase_census4_907,3,0.625,0.0007662773132324,0.0001583099365234,0,1,0,0,1,0,0,1,0,0,0,0,0,0,0,0,0,0,0,0,1,0,0,0,0
chscase_census4_907,3,0.625,0.0007519721984863,0.0001559257507324,1,0,1,0,0,0,0,1,0,0,0,0,0,0,0,0,0,0,0,0,1,0,0,0,0
chscase_census4_907,3,0.625,0.000910997390747,0.0001602172851562,0,1,1,0,0,0,0,1,0,0,0,0,0,0,0,0,0,0,0,0,1,0,0,0,0
chscase_census4_907,3,0.625,0.0008044242858886,0.0001885890960693,1,0,0,0,1,0,0,1,0,0,0,0,0,0,0,0,0,0,0,0,1,0,0,0,0
chscase_census4_907,3,0.6125,0.0008919239044189,0.0001602172851562,0,1,0,1,0,0,0,0,0,0,0,0,0,0,0,0,0,1,0,1,0,0,0,0,0
chscase_census4_907,3,0.6125,0.0009322166442871,0.0001678466796875,1,0,1,0,0,0,0,0,0,0,0,0,0,0,0,0,0,1,0,1,0,0,0,0,0
chscase_census4_907,3,0.6125,0.0007679462432861,0.0001502037048339,0,1,0,0,1,0,0,0,0,0,0,0,0,0,0,0,1,0,0,0,0,1,0,0,0
chscase_census4_907,1,0.6125,0.0017540454864501,0.0002133846282958,1,0,1,0,0,0,0,0,0,0,0,0,0,0,1,0,0,0,0,0,0,0,1,0,0
chscase_census4_907,3,0.6125,0.0011806488037109,0.0002715587615966,0,1,0,1,0,0,0,0,0,0,0,0,0,0,0,0,1,0,0,0,0,1,0,0,0
chscase_census4_907,3,0.6125,0.0007646083831787,0.0001492500305175,0,1,0,1,0,0,0,0,1,0,0,0,0,0,0,0,0,0,0,0,0,1,0,0,0
chscase_census4_907,3,0.6125,0.0008721351623535,0.0001611709594726,0,1,1,0,0,0,0,0,0,0,0,0,0,0,0,0,0,1,0,1,0,0,0,0,0
chscase_census4_907,1,0.6125,0.0017242431640625,0.000213623046875,0,1,1,0,0,0,0,0,0,0,0,0,0,0,1,0,0,0,0,0,0,0,1,0,0
chscase_census4_907,3,0.6125,0.0008530616760253,0.0001533031463623,0,1,1,0,0,0,0,0,1,0,0,0,0,0,0,0,0,0,0,0,0,1,0,0,0
chscase_census4_907,3,0.6125,0.000852346420288,0.000150442123413,1,0,0,1,0,0,0,0,1,0,0,0,0,0,0,0,0,0,0,0,0,1,0,0,0
chscase_census4_907,3,0.6125,0.000720739364624,0.0001475811004638,1,0,1,0,0,0,0,0,0,0,0,0,0,0,0,0,1,0,0,0,0,1,0,0,0
chscase_census4_907,3,0.6125,0.0008857250213623,0.0001537799835205,1,0,1,0,0,0,0,0,1,0,0,0,0,0,0,0,0,0,0,0,0,1,0,0,0
chscase_census4_907,3,0.6125,0.0008752346038818,0.0002079010009765,0,1,0,0,1,0,0,0,0,0,0,0,0,0,0,0,0,1,0,1,0,0,0,0,0
chscase_census4_907,3,0.6125,0.0009493827819824,0.0001642704010009,1,0,0,1,0,0,0,0,0,0,0,0,0,0,0,0,0,1,0,1,0,0,0,0,0
autoUniv-au1-1000_1547,3,0.825,0.0010366439819335,0.0001695156097412,0,1,0,0,1,0,0,0,0,0,1,0,0,0,0,0,0,0,0,0,0,0,1,0,0
autoUniv-au1-1000_1547,3,0.825,0.0011079311370849,0.0001819133758544,1,0,0,0,1,0,0,0,0,0,1,0,0,0,0,0,0,0,0,0,0,1,0,0,0
autoUniv-au1-1000_1547,3,0.825,0.0010440349578857,0.0001642704010009,1,0,0,1,0,0,0,0,0,0,1,0,0,0,0,0,0,0,0,1,0,0,0,0,0
autoUniv-au1-1000_1547,3,0.825,0.0010766983032226,0.0001661777496337,1,0,1,0,0,0,0,0,0,0,1,0,0,0,0,0,0,0,0,1,0,0,0,0,0
autoUniv-au1-1000_1547,3,0.825,0.0010640621185302,0.0001702308654785,1,0,0,1,0,0,0,0,0,0,1,0,0,0,0,0,0,0,0,0,0,0,0,1,0
autoUniv-au1-1000_1547,3,0.825,0.0010268688201904,0.0001702308654785,0,1,0,1,0,0,0,0,0,0,1,0,0,0,0,0,0,0,1,0,0,0,0,0,0
autoUniv-au1-1000_1547,3,0.825,0.0010015964508056,0.0001633167266845,0,1,0,1,0,0,0,0,0,0,1,0,0,0,0,0,0,0,0,0,0,1,0,0,0
autoUniv-au1-1000_1547,3,0.825,0.0009944438934326,0.0001659393310546,1,0,0,1,0,0,0,0,0,0,1,0,0,0,0,0,0,0,1,0,0,0,0,0,0
autoUniv-au1-1000_1547,3,0.825,0.0010790824890136,0.0001721382141113,1,0,0,0,1,0,0,0,0,0,1,0,0,0,0,0,0,0,0,0,0,0,0,1,0
autoUniv-au1-1000_1547,3,0.825,0.0011658668518066,0.0001947879791259,1,0,1,0,0,0,0,0,0,0,1,0,0,0,0,0,0,0,1,0,0,0,0,0,0
autoUniv-au1-1000_1547,3,0.825,0.0010077953338623,0.0001666545867919,0,1,1,0,0,0,0,0,0,0,1,0,0,0,0,0,0,0,0,0,0,0,0,0,1
autoUniv-au1-1000_1547,3,0.825,0.0010457038879394,0.0001702308654785,0,1,0,1,0,0,0,0,0,0,1,0,0,0,0,0,0,0,0,0,0,0,0,1,0
autoUniv-au1-1000_1547,3,0.825,0.001021385192871,0.000169038772583,0,1,0,1,0,0,0,0,0,0,1,0,0,0,0,0,0,0,0,0,0,0,0,0,1
autoUniv-au1-1000_1547,3,0.825,0.0010700225830078,0.0001752376556396,1,0,1,0,0,0,0,0,0,0,1,0,0,0,0,0,0,0,0,0,0,0,1,0,0
autoUniv-au1-1000_1547,3,0.825,0.0010972023010253,0.000178575515747,0,1,1,0,0,0,0,0,0,0,1,0,0,0,0,0,0,0,1,0,0,0,0,0,0
autoUniv-au1-1000_1547,3,0.825,0.001108169555664,0.0001676082611083,0,1,0,1,0,0,0,0,0,0,1,0,0,0,0,0,0,0,0,0,0,0,1,0,0
autoUniv-au1-1000_1547,3,0.825,0.0010280609130859,0.0001716613769531,0,1,1,0,0,0,0,0,0,0,1,0,0,0,0,0,0,0,0,0,0,0,0,1,0
autoUniv-au1-1000_1547,3,0.825,0.0010292530059814,0.0001692771911621,1,0,0,0,1,0,0,0,0,0,1,0,0,0,0,0,0,0,1,0,0,0,0,0,0
autoUniv-au1-1000_1547,3,0.825,0.0010476112365722,0.0001699924468994,0,1,0,0,1,0,0,0,0,0,1,0,0,0,0,0,0,0,0,0,0,0,0,1,0
autoUniv-au1-1000_1547,3,0.825,0.0009779930114746,0.0001740455627441,0,1,0,0,1,0,0,0,0,0,1,0,0,0,0,0,0,0,0,0,0,0,0,0,1
blogger_1463,1,0.95,0.0228052139282226,0.0002753734588623,0,1,0,1,0,0,0,0,0,0,0,0,0,0,1,0,0,0,0,0,0,0,0,0,1
blogger_1463,1,0.95,0.0826549530029296,0.0002624988555908,0,1,0,0,1,0,0,0,0,0,0,0,1,0,0,0,0,0,0,0,0,0,0,0,1
blogger_1463,1,0.95,0.0219478607177734,0.000361680984497,0,1,0,1,0,0,0,0,0,0,0,0,0,0,0,1,0,0,0,0,0,0,0,1,0
blogger_1463,1,0.95,0.0218918323516845,0.0003716945648193,0,1,0,1,0,0,0,0,0,0,0,0,0,0,1,0,0,0,0,0,0,1,0,0,0
blogger_1463,1,0.95,0.0240232944488525,0.0002586841583251,1,0,0,1,0,0,0,0,0,0,0,0,0,0,0,1,0,0,0,0,0,0,0,0,1
blogger_1463,1,0.95,0.031257152557373,0.0003273487091064,0,1,0,1,0,0,0,0,0,0,0,0,0,0,0,1,0,0,0,0,0,0,0,0,1
blogger_1463,1,0.95,0.022505760192871,0.0002462863922119,1,0,0,1,0,0,0,0,0,0,0,0,0,0,0,1,0,0,0,0,0,0,0,1,0
blogger_1463,1,0.95,0.0826075077056884,0.0003166198730468,1,0,0,0,1,0,0,0,0,0,0,0,1,0,0,0,0,0,0,0,0,0,0,0,1
blogger_1463,1,0.95,0.0195779800415039,0.0003156661987304,1,0,0,1,0,0,0,0,0,0,0,0,0,0,1,0,0,0,0,0,0,1,0,0,0
blogger_1463,1,0.95,0.0362241268157959,0.0003128051757812,1,0,0,1,0,0,0,0,0,0,0,0,0,0,1,0,0,0,0,0,0,0,0,0,1
blogger_1463,3,0.9,0.0559632778167724,0.0003557205200195,0,1,0,0,1,0,0,0,0,0,0,0,1,0,0,0,0,0,0,0,0,0,1,0,0
blogger_1463,1,0.9,0.0273480415344238,0.0003211498260498,0,1,0,1,0,0,0,0,0,0,0,0,0,0,1,0,0,0,0,0,0,0,1,0,0
blogger_1463,1,0.9,0.0192923545837402,0.0003139972686767,0,1,0,0,1,0,0,0,0,0,0,0,0,0,0,1,0,0,0,0,0,0,1,0,0
blogger_1463,3,0.9,0.0228438377380371,0.0002553462982177,0,1,0,0,1,0,0,0,0,0,0,0,0,0,0,1,0,0,0,0,0,0,1,0,0
blogger_1463,1,0.9,0.0943899154663086,0.0003218650817871,0,1,0,1,0,0,0,0,0,0,0,0,1,0,0,0,0,0,1,0,0,0,0,0,0
blogger_1463,3,0.9,0.0976176261901855,0.0004138946533203,0,1,0,1,0,0,0,0,0,0,0,0,1,0,0,0,0,0,1,0,0,0,0,0,0
blogger_1463,1,0.9,0.0172450542449951,0.0003371238708496,1,0,0,1,0,0,0,0,0,0,0,0,0,0,0,1,0,0,0,0,0,0,1,0,0
blogger_1463,3,0.9,0.0255219936370849,0.0002534389495849,1,0,0,1,0,0,0,0,0,0,0,0,0,0,0,1,0,0,0,0,0,0,0,0,1
blogger_1463,1,0.9,0.0740201473236084,0.0004150867462158,0,1,0,0,1,0,0,0,0,0,0,0,1,0,0,0,0,0,1,0,0,0,0,0,0
blogger_1463,3,0.9,0.1268224716186523,0.0003206729888916,0,1,0,1,0,0,0,0,0,0,0,0,1,0,0,0,0,0,0,0,0,1,0,0,0
analcatdata_reviewer_1008,4,0.72,0.0014197826385498,0.0001819133758544,0,1,0,0,1,0,0,0,0,0,0,0,0,0,1,0,0,0,0,0,0,0,1,0,0
analcatdata_reviewer_1008,2,0.7105263157894737,0.0007479190826416,0.0001440048217773,0,1,0,0,1,1,0,0,0,0,0,0,0,0,0,0,0,0,0,0,1,0,0,0,0
analcatdata_reviewer_1008,4,0.7066666666666667,0.0008816719055175,0.0001499652862548,1,0,0,1,0,0,0,1,0,0,0,0,0,0,0,0,0,0,0,0,0,0,0,0,1
analcatdata_reviewer_1008,4,0.7066666666666667,0.0007588863372802,0.0001478195190429,0,1,0,1,0,0,0,1,0,0,0,0,0,0,0,0,0,0,0,0,0,0,0,0,1
analcatdata_reviewer_1008,4,0.7066666666666667,0.0014574527740478,0.0002694129943847,0,1,0,0,1,0,0,1,0,0,0,0,0,0,0,0,0,0,0,0,0,0,1,0,0
analcatdata_reviewer_1008,4,0.7066666666666667,0.0007233619689941,0.0001461505889892,1,0,0,1,0,0,0,1,0,0,0,0,0,0,0,0,0,0,0,0,0,1,0,0,0
analcatdata_reviewer_1008,4,0.7066666666666667,0.0007143020629882,0.0001490116119384,0,1,0,1,0,0,0,1,0,0,0,0,0,0,0,0,0,0,0,0,0,1,0,0,0
analcatdata_reviewer_1008,2,0.6973684210526315,0.0011179447174072,0.0001721382141113,0,1,0,1,0,0,0,0,0,0,0,0,0,1,0,0,0,0,0,0,0,0,0,0,1
analcatdata_reviewer_1008,2,0.6973684210526315,0.0011978149414062,0.0001833438873291,1,0,0,1,0,0,0,0,0,0,0,0,0,1,0,0,0,0,0,0,1,0,0,0,0
analcatdata_reviewer_1008,2,0.6973684210526315,0.0011837482452392,0.0002622604370117,0,1,0,1,0,0,0,0,0,0,0,0,0,1,0,0,0,0,0,0,1,0,0,0,0
analcatdata_reviewer_1008,2,0.6973684210526315,0.0011560916900634,0.0001707077026367,1,0,0,1,0,0,0,0,0,0,0,0,0,1,0,0,0,0,0,0,0,1,0,0,0
analcatdata_reviewer_1008,2,0.6973684210526315,0.0012397766113281,0.0001964569091796,0,1,0,1,0,0,0,0,0,0,0,0,0,1,0,0,0,0,0,0,0,1,0,0,0
analcatdata_reviewer_1008,2,0.6973684210526315,0.0012474060058593,0.000185489654541,1,0,0,1,0,0,0,0,0,0,0,0,0,1,0,0,0,0,0,0,0,0,0,0,1
analcatdata_reviewer_1008,4,0.6933333333333334,0.001150369644165,0.0001933574676513,0,1,0,1,0,0,1,0,0,0,0,0,0,0,0,0,0,0,0,0,0,1,0,0,0
analcatdata_reviewer_1008,4,0.6933333333333334,0.0006783008575439,0.0001420974731445,0,1,0,0,1,0,0,1,0,0,0,0,0,0,0,0,0,0,0,0,0,1,0,0,0
analcatdata_reviewer_1008,4,0.6933333333333334,0.0007765293121337,0.0001466274261474,0,1,0,0,1,1,0,0,0,0,0,0,0,0,0,0,0,0,0,0,1,0,0,0,0
analcatdata_reviewer_1008,4,0.6933333333333334,0.0007779598236083,0.0001478195190429,0,1,0,0,1,0,0,0,0,0,1,0,0,0,0,0,0,0,0,0,1,0,0,0,0
analcatdata_reviewer_1008,4,0.6933333333333334,0.0011432170867919,0.0001728534698486,1,0,0,1,0,0,1,0,0,0,0,0,0,0,0,0,0,0,0,0,0,1,0,0,0
analcatdata_reviewer_1008,4,0.6933333333333334,0.0006880760192871,0.0001430511474609,0,1,0,0,1,0,0,0,0,0,0,0,0,0,0,0,0,1,1,0,0,0,0,0,0
analcatdata_reviewer_1008,4,0.6933333333333334,0.0007312297821044,0.0001449584960937,0,1,0,0,1,0,0,0,0,0,0,0,0,0,0,0,0,1,0,1,0,0,0,0,0
chscase_whale_939,3,1.0,0.0008521080017089,0.0001647472381591,0,1,1,0,0,0,1,0,0,0,0,0,0,0,0,0,0,0,0,1,0,0,0,0,0
chscase_whale_939,2,1.0,0.0008375644683837,0.0001609325408935,0,1,1,0,0,0,1,0,0,0,0,0,0,0,0,0,0,0,0,1,0,0,0,0,0
chscase_whale_939,1,1.0,0.0008351802825927,0.0001652240753173,0,1,1,0,0,0,1,0,0,0,0,0,0,0,0,0,0,0,0,1,0,0,0,0,0
chscase_whale_939,3,1.0,0.0023221969604492,0.0002467632293701,0,1,1,0,0,0,0,0,0,0,0,0,0,0,1,0,0,0,0,1,0,0,0,0,0
chscase_whale_939,2,1.0,0.0023419857025146,0.000241994857788,0,1,1,0,0,0,0,0,0,0,0,0,0,0,1,0,0,0,0,1,0,0,0,0,0
chscase_whale_939,3,1.0,0.0016684532165527,0.0009441375732421,0,1,1,0,0,0,0,0,0,0,0,1,0,0,0,0,0,0,0,1,0,0,0,0,0
chscase_whale_939,1,1.0,0.0058579444885253,0.0002477169036865,0,1,1,0,0,0,0,0,0,0,0,0,0,0,1,0,0,0,0,1,0,0,0,0,0
chscase_whale_939,2,1.0,0.0230169296264648,0.0003905296325683,0,1,0,0,1,0,0,0,0,0,0,0,1,0,0,0,0,0,0,0,0,0,1,0,0
chscase_whale_939,1,1.0,0.001044750213623,0.0001938343048095,0,1,0,0,1,0,0,0,0,1,0,0,0,0,0,0,0,0,0,0,0,0,1,0,0
chscase_whale_939,1,1.0,0.0794479846954345,0.0005278587341308,0,1,0,0,1,0,0,0,0,0,0,0,1,0,0,0,0,0,0,0,0,0,1,0,0
chscase_whale_939,1,1.0,0.0007977485656738,0.0001616477966308,0,1,0,1,0,0,0,0,0,0,0,0,0,1,0,0,0,0,0,0,0,0,0,1,0
chscase_whale_939,3,1.0,0.00091552734375,0.0001931190490722,0,1,0,1,0,0,0,0,0,0,0,0,0,1,0,0,0,0,0,0,1,0,0,0,0
chscase_whale_939,3,1.0,0.0008368492126464,0.0001618862152099,0,1,0,1,0,0,0,0,0,0,0,0,0,1,0,0,0,0,0,0,0,0,0,1,0
chscase_whale_939,1,1.0,0.0009527206420898,0.000206708908081,0,1,0,1,0,0,1,0,0,0,0,0,0,0,0,0,0,0,0,0,0,0,0,1,0
chscase_whale_939,2,1.0,0.0008785724639892,0.0001866817474365,0,1,0,1,0,0,1,0,0,0,0,0,0,0,0,0,0,0,0,0,0,0,0,1,0
chscase_whale_939,3,1.0,0.0008738040924072,0.0001912117004394,0,1,0,1,0,0,1,0,0,0,0,0,0,0,0,0,0,0,0,0,0,0,0,1,0
chscase_whale_939,3,1.0,0.0022439956665039,0.0002391338348388,0,1,0,1,0,0,0,0,0,0,0,0,0,0,1,0,0,0,0,0,1,0,0,0,0
chscase_whale_939,1,1.0,0.0042943954467773,0.0002772808074951,0,1,0,1,0,0,0,0,0,0,0,0,0,0,1,0,0,0,0,0,0,0,0,1,0
chscase_whale_939,1,1.0,0.0023958683013916,0.0004963874816894,0,1,0,1,0,0,0,0,0,0,0,0,0,0,1,0,0,0,0,0,1,0,0,0,0
chscase_whale_939,3,1.0,0.0010292530059814,0.0001780986785888,0,1,1,0,0,0,1,0,0,0,0,0,0,0,0,0,0,0,0,0,0,0,0,0,1
Smartphone-Based_Recognition_of_Human_Activities_4153,4,0.8888888888888888,0.0010225772857666,0.0002541542053222,0,1,0,1,0,0,0,0,0,0,0,0,0,0,0,0,0,1,0,0,0,0,0,1,0
Smartphone-Based_Recognition_of_Human_Activities_4153,4,0.8888888888888888,0.0009775161743164,0.0002624988555908,1,0,1,0,0,0,0,0,0,0,0,0,0,0,0,0,0,1,0,0,0,0,0,1,0
Smartphone-Based_Recognition_of_Human_Activities_4153,4,0.8888888888888888,0.0009388923645019,0.0002546310424804,1,0,0,0,1,0,0,0,0,0,0,0,0,0,0,0,0,1,0,0,0,0,0,1,0
Smartphone-Based_Recognition_of_Human_Activities_4153,4,0.8888888888888888,0.0009448528289794,0.0003268718719482,0,1,0,0,1,0,0,0,0,0,0,0,0,0,0,0,0,1,0,0,0,0,0,1,0
Smartphone-Based_Recognition_of_Human_Activities_4153,4,0.8888888888888888,0.0009827613830566,0.0002598762512207,1,0,0,1,0,0,0,0,0,0,0,0,0,0,0,0,0,1,0,0,0,0,0,1,0
Smartphone-Based_Recognition_of_Human_Activities_4153,4,0.8888888888888888,0.0010459423065185,0.0002517700195312,0,1,1,0,0,0,0,0,0,0,0,0,0,0,0,0,0,1,0,0,0,0,0,1,0
Smartphone-Based_Recognition_of_Human_Activities_4153,3,0.8611111111111112,0.0013666152954101,0.0002722740173339,1,0,1,0,0,0,0,0,0,0,0,0,0,0,0,0,1,0,0,0,1,0,0,0,0
Smartphone-Based_Recognition_of_Human_Activities_4153,3,0.8611111111111112,0.0016171932220458,0.0003044605255126,1,0,0,0,1,0,0,0,0,0,0,0,0,0,0,0,1,0,0,0,1,0,0,0,0
Smartphone-Based_Recognition_of_Human_Activities_4153,3,0.8611111111111112,0.0013709068298339,0.0002882480621337,0,1,0,1,0,0,0,0,0,0,0,0,0,0,0,0,1,0,0,0,1,0,0,0,0
Smartphone-Based_Recognition_of_Human_Activities_4153,3,0.8611111111111112,0.0015788078308105,0.0003328323364257,1,0,0,1,0,0,0,0,0,0,0,0,0,0,0,0,1,0,0,0,1,0,0,0,0
Smartphone-Based_Recognition_of_Human_Activities_4153,3,0.8611111111111112,0.0014123916625976,0.0002727508544921,0,1,1,0,0,0,0,0,0,0,0,0,0,0,0,0,1,0,0,0,1,0,0,0,0
Smartphone-Based_Recognition_of_Human_Activities_4153,3,0.8611111111111112,0.0015387535095214,0.0003247261047363,0,1,0,0,1,0,0,0,0,0,0,0,0,0,0,0,1,0,0,0,1,0,0,0,0
Smartphone-Based_Recognition_of_Human_Activities_4153,0,0.8333333333333334,0.0010972023010253,0.0002975463867187,0,1,0,0,1,0,0,0,0,0,0,0,0,0,0,0,0,1,0,0,0,0,0,1,0
Smartphone-Based_Recognition_of_Human_Activities_4153,4,0.8333333333333334,0.0018141269683837,0.0003285408020019,0,1,0,0,1,1,0,0,0,0,0,0,0,0,0,0,0,0,1,0,0,0,0,0,0
Smartphone-Based_Recognition_of_Human_Activities_4153,1,0.8333333333333334,0.0010273456573486,0.0002727508544921,0,1,1,0,0,0,0,0,0,0,0,0,0,0,0,0,0,1,0,0,0,0,0,1,0
Smartphone-Based_Recognition_of_Human_Activities_4153,1,0.8333333333333334,0.0011029243469238,0.0002856254577636,1,0,0,1,0,0,0,0,0,0,0,0,0,0,0,0,0,1,0,0,0,0,0,1,0
Smartphone-Based_Recognition_of_Human_Activities_4153,4,0.8333333333333334,0.0021679401397705,0.0004191398620605,1,0,1,0,0,1,0,0,0,0,0,0,0,0,0,0,0,0,1,0,0,0,0,0,0
Smartphone-Based_Recognition_of_Human_Activities_4153,4,0.8333333333333334,0.0017130374908447,0.0003023147583007,1,0,0,0,1,1,0,0,0,0,0,0,0,0,0,0,0,0,1,0,0,0,0,0,0
Smartphone-Based_Recognition_of_Human_Activities_4153,0,0.8333333333333334,0.0014100074768066,0.0004019737243652,0,1,0,1,0,0,0,0,0,0,0,0,0,0,0,0,0,1,0,0,0,0,0,1,0
Smartphone-Based_Recognition_of_Human_Activities_4153,1,0.8333333333333334,0.0011920928955078,0.000277042388916,0,1,0,0,1,0,0,0,0,0,0,0,0,0,0,0,0,1,0,0,0,0,0,1,0
bodyfat_778,3,1.0,0.0007882118225097,0.0001599788665771,0,1,1,0,0,0,0,0,1,0,0,0,0,0,0,0,0,0,0,0,0,1,0,0,0
bodyfat_778,0,1.0,0.0006318092346191,0.0001735687255859,0,1,0,0,1,0,0,0,1,0,0,0,0,0,0,0,0,0,0,0,0,0,1,0,0
bodyfat_778,2,1.0,0.0006604194641113,0.0001394748687744,0,1,1,0,0,0,0,0,1,0,0,0,0,0,0,0,0,0,0,0,0,1,0,0,0
bodyfat_778,3,1.0,0.0006706714630126,0.000140905380249,0,1,0,0,1,0,0,0,1,0,0,0,0,0,0,0,0,0,0,0,0,0,1,0,0
bodyfat_778,2,1.0,0.0006892681121826,0.0001468658447265,0,1,0,0,1,0,0,0,1,0,0,0,0,0,0,0,0,0,0,0,0,0,1,0,0
bodyfat_778,1,1.0,0.0006539821624755,0.0001382827758789,0,1,1,0,0,0,0,0,1,0,0,0,0,0,0,0,0,0,0,0,0,1,0,0,0
bodyfat_778,1,1.0,0.0006678104400634,0.0001423358917236,0,1,0,0,1,0,0,0,1,0,0,0,0,0,0,0,0,0,0,0,0,0,1,0,0
bodyfat_778,1,1.0,0.0006959438323974,0.0001463890075683,0,1,1,0,0,0,0,0,0,0,0,0,0,0,0,0,1,0,0,0,0,1,0,0,0
bodyfat_778,2,1.0,0.0007081031799316,0.0001695156097412,0,1,1,0,0,0,0,0,0,0,0,0,0,0,0,0,1,0,0,0,0,1,0,0,0
bodyfat_778,3,1.0,0.0007464885711669,0.0001473426818847,0,1,1,0,0,0,0,0,0,0,0,0,0,0,0,0,1,0,0,0,0,1,0,0,0
bodyfat_778,0,1.0,0.0008285045623779,0.0001513957977294,1,0,1,0,0,0,0,0,1,0,0,0,0,0,0,0,0,0,0,0,0,0,0,0,1
bodyfat_778,2,1.0,0.0007610321044921,0.0001537799835205,1,0,1,0,0,0,0,0,0,0,1,0,0,0,0,0,0,0,0,1,0,0,0,0,0
bodyfat_778,1,1.0,0.0008013248443603,0.000154972076416,1,0,1,0,0,0,0,0,0,0,1,0,0,0,0,0,0,0,0,1,0,0,0,0,0
bodyfat_778,2,1.0,0.0007100105285644,0.0001471042633056,1,0,1,0,0,0,0,0,0,0,0,0,0,0,0,0,1,0,0,1,0,0,0,0,0
bodyfat_778,0,1.0,0.0007402896881103,0.0001516342163085,1,0,0,0,1,0,0,0,0,0,1,0,0,0,0,0,0,0,0,0,0,0,0,1,0
bodyfat_778,1,1.0,0.0006971359252929,0.0001616477966308,1,0,0,0,1,0,0,0,0,0,1,0,0,0,0,0,0,0,0,0,0,0,0,1,0
bodyfat_778,0,1.0,0.0006964206695556,0.0001461505889892,1,0,0,1,0,0,0,0,1,0,0,0,0,0,0,0,0,0,0,0,0,0,0,1,0
bodyfat_778,1,1.0,0.0007028579711914,0.0001468658447265,1,0,0,1,0,0,0,0,1,0,0,0,0,0,0,0,0,0,0,0,0,0,0,1,0
bodyfat_778,2,1.0,0.0006847381591796,0.0001814365386962,1,0,0,1,0,0,0,0,1,0,0,0,0,0,0,0,0,0,0,0,0,0,0,1,0
bodyfat_778,3,1.0,0.000673770904541,0.000145673751831,1,0,0,1,0,0,0,0,1,0,0,0,0,0,0,0,0,0,0,0,0,0,0,1,0
socmob_934,2,0.961038961038961,0.0043337345123291,0.0004878044128417,0,1,0,1,0,0,0,0,0,0,0,0,0,1,0,0,0,0,0,0,1,0,0,0,0
socmob_934,2,0.961038961038961,0.0149557590484619,0.0004644393920898,1,0,0,1,0,0,0,0,0,1,0,0,0,0,0,0,0,0,0,0,1,0,0,0,0
socmob_934,2,0.961038961038961,0.0042452812194824,0.0004999637603759,1,0,0,1,0,0,0,0,0,0,0,0,0,1,0,0,0,0,0,0,1,0,0,0,0
socmob_934,2,0.961038961038961,0.0293681621551513,0.0009074211120605,0,1,0,1,0,0,0,0,0,1,0,0,0,0,0,0,0,0,0,0,1,0,0,0,0
socmob_934,2,0.9567099567099568,0.0038700103759765,0.0004794597625732,1,0,0,1,0,0,0,0,0,0,0,1,0,0,0,0,0,0,0,0,1,0,0,0,0
socmob_934,2,0.9567099567099568,0.0033152103424072,0.0004358291625976,0,1,0,1,0,0,1,0,0,0,0,0,0,0,0,0,0,0,0,0,1,0,0,0,0
socmob_934,2,0.9567099567099568,0.0037670135498046,0.0004136562347412,0,1,0,1,0,0,0,0,0,0,0,1,0,0,0,0,0,0,0,0,1,0,0,0,0
socmob_934,2,0.9567099567099568,0.0082128047943115,0.0005412101745605,1,0,0,1,0,0,1,0,0,0,0,0,0,0,0,0,0,0,0,0,1,0,0,0,0
socmob_934,4,0.9523809523809524,0.0037817955017089,0.0004026889801025,1,0,0,1,0,0,1,0,0,0,0,0,0,0,0,0,0,0,0,0,1,0,0,0,0
socmob_934,4,0.9523809523809524,0.0041995048522949,0.0005073547363281,1,0,0,1,0,0,0,0,0,0,0,0,0,1,0,0,0,0,0,0,0,0,0,1,0
socmob_934,4,0.9523809523809524,0.0039422512054443,0.0005159378051757,0,1,0,1,0,0,0,0,0,0,0,0,0,1,0,0,0,0,0,0,0,0,0,1,0
socmob_934,4,0.9523809523809524,0.0034828186035156,0.0005140304565429,0,1,0,1,0,0,1,0,0,0,0,0,0,0,0,0,0,0,0,0,1,0,0,0,0
socmob_934,0,0.9482758620689656,0.4125599861145019,0.0007526874542236,0,1,0,1,0,0,0,0,0,0,0,0,1,0,0,0,0,0,0,0,0,0,0,1,0
socmob_934,0,0.9482758620689656,0.4039614200592041,0.0007815361022949,1,0,0,1,0,0,0,0,0,0,0,0,1,0,0,0,0,0,0,0,0,0,0,1,0
socmob_934,3,0.948051948051948,0.0009717941284179,0.0001964569091796,0,1,0,1,0,0,0,0,0,0,0,0,0,0,0,0,0,1,0,0,0,0,1,0,0
socmob_934,1,0.948051948051948,0.0041723251342773,0.0004985332489013,1,0,0,1,0,0,0,0,0,0,0,0,0,1,0,0,0,0,0,0,1,0,0,0,0
socmob_934,1,0.948051948051948,0.0033905506134033,0.0004208087921142,0,1,0,1,0,0,1,0,0,0,0,0,0,0,0,0,0,0,0,0,1,0,0,0,0
socmob_934,4,0.948051948051948,0.0059354305267333,0.00114107131958,1,0,0,1,0,0,0,0,0,0,0,0,0,1,0,0,0,0,0,1,0,0,0,0,0
socmob_934,4,0.948051948051948,0.0061671733856201,0.0004317760467529,0,1,0,1,0,0,0,0,0,0,0,0,0,1,0,0,0,0,0,1,0,0,0,0,0
socmob_934,3,0.948051948051948,0.0010266304016113,0.0002667903900146,1,0,0,1,0,0,0,0,0,0,0,0,0,0,0,0,0,1,0,0,0,0,1,0,0
servo_747,2,1.0,0.0006873607635498,0.0001559257507324,1,0,0,0,1,0,0,1,0,0,0,0,0,0,0,0,0,0,0,0,0,0,0,0,1
servo_747,2,1.0,0.0007615089416503,0.0001611709594726,0,1,0,0,1,0,0,1,0,0,0,0,0,0,0,0,0,0,0,0,0,0,0,0,1
servo_747,2,1.0,0.0006928443908691,0.0001561641693115,1,0,0,0,1,0,0,1,0,0,0,0,0,0,0,0,0,0,1,0,0,0,0,0,0
servo_747,1,1.0,0.0029985904693603,0.0002245903015136,1,0,0,0,1,0,0,0,0,1,0,0,0,0,0,0,0,0,1,0,0,0,0,0,0
servo_747,3,1.0,0.0011277198791503,0.0002055168151855,0,1,0,0,1,0,0,0,0,1,0,0,0,0,0,0,0,0,0,0,0,1,0,0,0
servo_747,3,1.0,0.0010952949523925,0.0001938343048095,1,0,0,0,1,0,0,0,0,1,0,0,0,0,0,0,0,0,0,0,0,1,0,0,0
servo_747,2,1.0,0.0006875991821289,0.0001795291900634,0,1,0,0,1,0,0,1,0,0,0,0,0,0,0,0,0,0,1,0,0,0,0,0,0
servo_747,1,1.0,0.0010802745819091,0.0001916885375976,0,1,0,0,1,0,0,0,0,1,0,0,0,0,0,0,0,0,1,0,0,0,0,0,0
servo_747,1,0.9705882352941176,0.0007269382476806,0.0001552104949951,1,0,0,0,1,0,0,0,0,0,0,0,0,0,0,0,0,1,1,0,0,0,0,0,0
servo_747,1,0.9705882352941176,0.0010693073272705,0.0001893043518066,0,1,0,1,0,0,0,0,0,1,0,0,0,0,0,0,0,0,0,0,0,1,0,0,0
servo_747,1,0.9705882352941176,0.0006957054138183,0.0001552104949951,1,0,0,0,1,0,0,0,0,0,0,0,0,0,0,0,0,1,0,0,0,0,1,0,0
servo_747,1,0.9705882352941176,0.0011000633239746,0.0002000331878662,1,0,0,1,0,0,0,0,0,1,0,0,0,0,0,0,0,0,0,0,0,1,0,0,0
servo_747,1,0.9705882352941176,0.0013062953948974,0.0002026557922363,1,0,0,1,0,0,0,0,0,1,0,0,0,0,0,0,0,0,0,0,0,0,0,0,1
servo_747,1,0.9705882352941176,0.0007910728454589,0.0001561641693115,0,1,0,0,1,0,0,0,0,0,0,0,0,0,0,0,0,1,1,0,0,0,0,0,0
servo_747,1,0.9705882352941176,0.0008242130279541,0.0001583099365234,0,1,0,0,1,0,0,0,0,0,0,0,0,0,0,0,0,1,0,0,0,0,1,0,0
servo_747,1,0.9705882352941176,0.0013685226440429,0.0002577304840087,0,1,0,1,0,0,0,0,0,1,0,0,0,0,0,0,0,0,0,0,0,0,0,0,1
servo_747,4,0.9696969696969696,0.0006940364837646,0.0001564025878906,0,1,0,1,0,0,0,1,0,0,0,0,0,0,0,0,0,0,0,0,0,0,0,0,1
servo_747,4,0.9696969696969696,0.0010664463043212,0.0001919269561767,1,0,0,1,0,0,0,0,0,1,0,0,0,0,0,0,0,0,0,0,0,0,0,1,0
servo_747,2,0.9696969696969696,0.0008912086486816,0.000169038772583,0,1,0,1,0,0,0,0,0,0,0,0,0,1,0,0,0,0,0,0,0,0,1,0,0
servo_747,4,0.9696969696969696,0.001218557357788,0.0002112388610839,0,1,0,1,0,0,0,0,0,1,0,0,0,0,0,0,0,0,0,0,0,0,0,1,0
KnuggetChase3_1448,1,0.9230769230769232,0.0009078979492187,0.0002248287200927,0,1,0,0,1,0,0,0,1,0,0,0,0,0,0,0,0,0,0,0,1,0,0,0,0
KnuggetChase3_1448,1,0.9230769230769232,0.0008480548858642,0.0002400875091552,1,0,1,0,0,0,0,0,1,0,0,0,0,0,0,0,0,0,0,0,1,0,0,0,0
KnuggetChase3_1448,1,0.9230769230769232,0.0007281303405761,0.0001964569091796,1,0,0,1,0,0,0,0,1,0,0,0,0,0,0,0,0,0,0,0,1,0,0,0,0
KnuggetChase3_1448,1,0.9230769230769232,0.0007343292236328,0.0001730918884277,1,0,0,0,1,0,0,0,1,0,0,0,0,0,0,0,0,0,0,0,1,0,0,0,0
KnuggetChase3_1448,1,0.9230769230769232,0.0007216930389404,0.0002062320709228,0,1,0,1,0,0,0,0,1,0,0,0,0,0,0,0,0,0,0,0,1,0,0,0,0
KnuggetChase3_1448,1,0.9230769230769232,0.0008039474487304,0.0001745223999023,0,1,1,0,0,0,0,0,1,0,0,0,0,0,0,0,0,0,0,0,1,0,0,0,0
KnuggetChase3_1448,4,0.9210526315789472,0.0008354187011718,0.0002360343933105,1,0,0,1,0,0,0,0,0,0,0,0,0,0,0,0,1,0,1,0,0,0,0,0,0
KnuggetChase3_1448,4,0.9210526315789472,0.0007956027984619,0.0002107620239257,1,0,1,0,0,0,0,0,0,0,0,0,0,0,0,0,1,0,1,0,0,0,0,0,0
KnuggetChase3_1448,4,0.9210526315789472,0.0007212162017822,0.0002124309539794,0,1,1,0,0,0,0,0,0,0,1,0,0,0,0,0,0,0,1,0,0,0,0,0,0
KnuggetChase3_1448,4,0.9210526315789472,0.0007400512695312,0.0001869201660156,1,0,1,0,0,0,0,0,0,0,1,0,0,0,0,0,0,0,1,0,0,0,0,0,0
KnuggetChase3_1448,4,0.9210526315789472,0.0009272098541259,0.000253677368164,0,1,0,1,0,0,0,0,0,0,1,0,0,0,0,0,0,0,1,0,0,0,0,0,0
KnuggetChase3_1448,4,0.9210526315789472,0.000849962234497,0.0002253055572509,0,1,0,0,1,0,0,0,0,0,0,0,0,0,0,0,1,0,1,0,0,0,0,0,0
KnuggetChase3_1448,4,0.9210526315789472,0.0007650852203369,0.0001885890960693,1,0,0,1,0,0,0,0,0,0,1,0,0,0,0,0,0,0,1,0,0,0,0,0,0
KnuggetChase3_1448,4,0.9210526315789472,0.000849962234497,0.0001890659332275,0,1,1,0,0,0,0,0,0,0,0,0,0,0,0,0,1,0,1,0,0,0,0,0,0
KnuggetChase3_1448,4,0.9210526315789472,0.000807762145996,0.0001859664916992,0,1,0,1,0,0,0,0,0,0,0,0,0,0,0,0,1,0,1,0,0,0,0,0,0
KnuggetChase3_1448,4,0.9210526315789472,0.0009372234344482,0.000248908996582,1,0,0,0,1,0,0,0,0,0,1,0,0,0,0,0,0,0,1,0,0,0,0,0,0
KnuggetChase3_1448,4,0.9210526315789472,0.0007257461547851,0.0001866817474365,0,1,0,0,1,0,0,0,0,0,1,0,0,0,0,0,0,0,1,0,0,0,0,0,0
KnuggetChase3_1448,4,0.9210526315789472,0.0008585453033447,0.000185489654541,1,0,0,0,1,0,0,0,0,0,0,0,0,0,0,0,1,0,1,0,0,0,0,0,0
KnuggetChase3_1448,1,0.8974358974358975,0.0009882450103759,0.0001993179321289,1,0,1,0,0,1,0,0,0,0,0,0,0,0,0,0,0,0,0,0,0,0,0,0,1
KnuggetChase3_1448,1,0.8974358974358975,0.0007820129394531,0.0001795291900634,0,1,1,0,0,0,0,0,1,0,0,0,0,0,0,0,0,0,0,0,0,0,1,0,0
analcatdata_wildcat_748,3,0.96875,0.0007786750793457,0.0001528263092041,1,0,1,0,0,0,0,0,0,0,0,0,0,1,0,0,0,0,0,1,0,0,0,0,0
analcatdata_wildcat_748,3,0.96875,0.0007126331329345,0.0001485347747802,1,0,0,1,0,0,1,0,0,0,0,0,0,0,0,0,0,0,0,0,0,0,0,0,1
analcatdata_wildcat_748,3,0.96875,0.0008327960968017,0.0001721382141113,1,0,0,1,0,0,0,0,0,0,0,1,0,0,0,0,0,0,1,0,0,0,0,0,0
analcatdata_wildcat_748,3,0.96875,0.0015392303466796,0.0008957386016845,0,1,0,1,0,0,0,0,0,0,0,1,0,0,0,0,0,0,0,1,0,0,0,0,0
analcatdata_wildcat_748,3,0.96875,0.0007376670837402,0.0001502037048339,1,0,0,1,0,0,1,0,0,0,0,0,0,0,0,0,0,0,1,0,0,0,0,0,0
analcatdata_wildcat_748,3,0.96875,0.000720739364624,0.0001497268676757,0,1,0,1,0,0,1,0,0,0,0,0,0,0,0,0,0,0,0,1,0,0,0,0,0
analcatdata_wildcat_748,3,0.96875,0.0015931129455566,0.000216007232666,0,1,0,1,0,0,0,0,0,1,0,0,0,0,0,0,0,0,1,0,0,0,0,0,0
analcatdata_wildcat_748,3,0.96875,0.0010623931884765,0.0002143383026123,1,0,0,1,0,0,1,0,0,0,0,0,0,0,0,0,0,0,0,0,0,0,0,1,0
analcatdata_wildcat_748,3,0.96875,0.0009269714355468,0.0001752376556396,0,1,0,1,0,0,0,0,0,1,0,0,0,0,0,0,0,0,0,0,0,0,0,0,1
analcatdata_wildcat_748,3,0.96875,0.0008738040924072,0.0001618862152099,0,1,0,1,0,0,0,0,0,0,0,1,0,0,0,0,0,0,1,0,0,0,0,0,0
analcatdata_wildcat_748,3,0.96875,0.0007600784301757,0.0001499652862548,0,1,0,1,0,0,1,0,0,0,0,0,0,0,0,0,0,0,0,0,0,0,0,1,0
analcatdata_wildcat_748,3,0.96875,0.0007421970367431,0.0001494884490966,0,1,0,1,0,0,1,0,0,0,0,0,0,0,0,0,0,0,0,0,0,0,0,0,1
analcatdata_wildcat_748,3,0.96875,0.0007410049438476,0.0001509189605712,0,1,0,1,0,0,0,0,0,0,0,0,0,1,0,0,0,0,0,0,0,0,0,0,1
analcatdata_wildcat_748,3,0.96875,0.0006818771362304,0.0001735687255859,1,0,0,1,0,0,0,0,0,0,0,0,0,1,0,0,0,0,1,0,0,0,0,0,0
analcatdata_wildcat_748,3,0.96875,0.0008347034454345,0.0001642704010009,1,0,1,0,0,0,0,0,0,0,0,1,0,0,0,0,0,0,0,0,0,0,0,0,1
analcatdata_wildcat_748,3,0.96875,0.0007460117340087,0.0001513957977294,1,0,0,0,1,0,1,0,0,0,0,0,0,0,0,0,0,0,0,0,0,0,0,0,1
analcatdata_wildcat_748,3,0.96875,0.0007431507110595,0.0001568794250488,1,0,0,0,1,0,0,0,0,0,0,0,0,1,0,0,0,0,0,0,0,0,0,0,1
analcatdata_wildcat_748,3,0.96875,0.0008630752563476,0.0001513957977294,1,0,1,0,0,0,0,0,0,0,0,0,0,1,0,0,0,0,0,0,0,0,0,0,1
analcatdata_wildcat_748,3,0.96875,0.0007407665252685,0.0001513957977294,1,0,1,0,0,0,1,0,0,0,0,0,0,0,0,0,0,0,0,0,0,0,0,0,1
analcatdata_wildcat_748,3,0.96875,0.0020351409912109,0.0002624988555908,1,0,0,0,1,0,0,0,0,1,0,0,0,0,0,0,0,0,0,0,0,0,0,1,0
qualitative-bankruptcy_1495,0,1.0,0.0007016658782958,0.0001537799835205,1,0,1,0,0,0,1,0,0,0,0,0,0,0,0,0,0,0,0,1,0,0,0,0,0
qualitative-bankruptcy_1495,1,1.0,0.0006101131439208,0.0001509189605712,1,0,1,0,0,0,0,0,0,0,0,0,0,0,0,0,1,0,0,1,0,0,0,0,0
qualitative-bankruptcy_1495,0,1.0,0.0017404556274414,0.0008695125579833,1,0,1,0,0,0,0,0,0,0,0,1,0,0,0,0,0,0,0,1,0,0,0,0,0
qualitative-bankruptcy_1495,0,1.0,0.00063157081604,0.0001320838928222,1,0,1,0,0,0,0,0,0,0,0,0,0,0,0,0,1,0,0,1,0,0,0,0,0
qualitative-bankruptcy_1495,3,1.0,0.0005614757537841,0.0001296997070312,1,0,1,0,0,0,0,0,1,0,0,0,0,0,0,0,0,0,0,1,0,0,0,0,0
qualitative-bankruptcy_1495,1,1.0,0.0005488395690917,0.0001304149627685,1,0,1,0,0,0,0,0,1,0,0,0,0,0,0,0,0,0,0,1,0,0,0,0,0
qualitative-bankruptcy_1495,0,1.0,0.0007350444793701,0.0001666545867919,0,1,0,0,1,0,0,0,0,1,0,0,0,0,0,0,0,0,0,0,0,0,1,0,0
qualitative-bankruptcy_1495,1,1.0,0.0005419254302978,0.0001296997070312,0,1,0,0,1,0,0,0,0,0,0,0,0,0,0,0,1,0,0,0,0,0,1,0,0
qualitative-bankruptcy_1495,0,1.0,0.0005714893341064,0.0001561641693115,1,0,1,0,0,0,0,0,1,0,0,0,0,0,0,0,0,0,0,1,0,0,0,0,0
qualitative-bankruptcy_1495,3,1.0,0.0005571842193603,0.0001320838928222,0,1,0,0,1,0,0,0,0,0,0,0,0,0,0,0,1,0,0,0,0,0,1,0,0
qualitative-bankruptcy_1495,0,1.0,0.0006418228149414,0.0001354217529296,0,1,0,0,1,0,0,0,1,0,0,0,0,0,0,0,0,0,0,0,0,0,1,0,0
qualitative-bankruptcy_1495,1,1.0,0.0005469322204589,0.0001327991485595,0,1,0,0,1,0,0,0,1,0,0,0,0,0,0,0,0,0,0,0,0,0,1,0,0
qualitative-bankruptcy_1495,3,1.0,0.0005764961242675,0.0001294612884521,1,0,1,0,0,0,0,0,0,0,0,0,0,0,0,0,1,0,0,1,0,0,0,0,0
qualitative-bankruptcy_1495,3,1.0,0.0005519390106201,0.0001313686370849,0,1,0,0,1,0,0,0,1,0,0,0,0,0,0,0,0,0,0,0,0,0,1,0,0
qualitative-bankruptcy_1495,0,1.0,0.0005669593811035,0.0001311302185058,0,1,0,0,1,0,0,0,0,0,0,0,0,0,0,0,1,0,0,0,0,0,1,0,0
qualitative-bankruptcy_1495,0,1.0,0.0006678104400634,0.000157356262207,0,1,0,0,1,0,0,0,0,0,0,0,0,1,0,0,0,0,0,0,0,0,1,0,0
qualitative-bankruptcy_1495,3,1.0,0.0006554126739501,0.0001492500305175,0,1,1,0,0,0,0,0,1,0,0,0,0,0,0,0,0,0,0,1,0,0,0,0,0
qualitative-bankruptcy_1495,0,1.0,0.0011320114135742,0.0001981258392333,0,1,1,0,0,0,0,0,0,0,0,0,0,0,1,0,0,0,0,1,0,0,0,0,0
qualitative-bankruptcy_1495,1,1.0,0.0010221004486083,0.0001697540283203,0,1,1,0,0,0,0,0,0,0,0,0,0,0,1,0,0,0,0,1,0,0,0,0,0
qualitative-bankruptcy_1495,2,1.0,0.0011577606201171,0.0001895427703857,0,1,1,0,0,0,0,0,0,0,0,0,0,0,1,0,0,0,0,1,0,0,0,0,0
boston_853,0,0.9215686274509804,0.0009889602661132,0.0001637935638427,0,1,1,0,0,0,0,0,0,0,1,0,0,0,0,0,0,0,0,0,0,0,1,0,0
boston_853,0,0.9215686274509804,0.0008299350738525,0.0001559257507324,0,1,0,1,0,1,0,0,0,0,0,0,0,0,0,0,0,0,0,0,0,0,1,0,0
boston_853,0,0.9215686274509804,0.0009880065917968,0.0001630783081054,0,1,0,1,0,0,0,0,0,0,1,0,0,0,0,0,0,0,0,0,0,0,1,0,0
boston_853,0,0.9215686274509804,0.0011978149414062,0.0002017021179199,0,1,0,1,0,0,0,0,0,0,0,0,0,0,0,0,1,0,0,0,0,0,1,0,0
boston_853,0,0.9215686274509804,0.1497919559478759,0.0005631446838378,0,1,0,0,1,0,0,0,0,0,0,0,1,0,0,0,0,0,0,0,0,1,0,0,0
boston_853,0,0.9215686274509804,0.0009124279022216,0.0001678466796875,0,1,1,0,0,1,0,0,0,0,0,0,0,0,0,0,0,0,0,0,0,0,1,0,0
boston_853,0,0.9215686274509804,0.0008399486541748,0.0001800060272216,1,0,0,1,0,0,0,0,0,0,1,0,0,0,0,0,0,0,0,0,0,0,1,0,0
boston_853,0,0.9215686274509804,0.000821828842163,0.0001575946807861,1,0,0,1,0,1,0,0,0,0,0,0,0,0,0,0,0,0,0,0,0,0,1,0,0
boston_853,0,0.9215686274509804,0.0009136199951171,0.0001819133758544,0,1,1,0,0,0,0,0,0,0,0,0,0,0,0,0,1,0,0,0,0,0,1,0,0
boston_853,0,0.9215686274509804,0.0523569583892822,0.0005769729614257,1,0,0,0,1,0,0,0,0,0,0,0,1,0,0,0,0,0,0,0,0,1,0,0,0
boston_853,0,0.9215686274509804,0.6256997585296631,0.0007236003875732,0,1,1,0,0,0,0,0,0,0,0,0,1,0,0,0,0,0,0,0,0,1,0,0,0
boston_853,0,0.9215686274509804,0.0008814334869384,0.0001552104949951,1,0,0,1,0,0,0,0,0,0,0,0,0,0,0,0,1,0,0,0,0,0,1,0,0
boston_853,0,0.9215686274509804,0.0008583068847656,0.0001556873321533,1,0,0,0,1,0,0,0,0,0,0,0,0,0,0,0,1,0,0,0,0,0,1,0,0
boston_853,0,0.9215686274509804,0.0009849071502685,0.0001709461212158,1,0,0,0,1,1,0,0,0,0,0,0,0,0,0,0,0,0,0,0,0,0,1,0,0
boston_853,0,0.9215686274509804,0.000809907913208,0.0001585483551025,0,1,0,0,1,0,0,0,0,0,0,0,0,0,0,0,1,0,0,0,0,0,1,0,0
boston_853,0,0.9215686274509804,0.0009331703186035,0.0001702308654785,0,1,0,0,1,0,0,0,0,0,1,0,0,0,0,0,0,0,0,0,0,0,1,0,0
boston_853,0,0.9215686274509804,0.0008370876312255,0.0001583099365234,1,0,0,0,1,0,0,0,0,0,1,0,0,0,0,0,0,0,0,0,0,0,1,0,0
boston_853,0,0.9215686274509804,0.0008723735809326,0.0001640319824218,0,1,0,0,1,1,0,0,0,0,0,0,0,0,0,0,0,0,0,0,0,0,1,0,0
boston_853,0,0.9215686274509804,0.0509085655212402,0.0005474090576171,1,0,0,1,0,0,0,0,0,0,0,0,1,0,0,0,0,0,0,0,0,1,0,0,0
boston_853,0,0.9215686274509804,0.0008504390716552,0.0001540184020996,1,0,1,0,0,1,0,0,0,0,0,0,0,0,0,0,0,0,0,0,0,0,1,0,0
seeds_1499,0,1.0,0.000788927078247,0.0001671314239501,1,0,1,0,0,0,0,0,0,0,1,0,0,0,0,0,0,0,0,0,0,0,0,1,0
seeds_1499,1,1.0,0.0009620189666748,0.0002102851867675,1,0,0,0,1,0,0,0,0,0,0,1,0,0,0,0,0,0,0,0,1,0,0,0,0
seeds_1499,0,1.0,0.0007514953613281,0.00016450881958,0,1,0,0,1,0,0,0,0,0,1,0,0,0,0,0,0,0,0,0,0,0,0,1,0
seeds_1499,1,1.0,0.0007956027984619,0.0001745223999023,1,0,0,0,1,0,1,0,0,0,0,0,0,0,0,0,0,0,0,0,1,0,0,0,0
seeds_1499,4,1.0,0.0008132457733154,0.0001692771911621,1,0,0,0,1,0,0,0,0,0,1,0,0,0,0,0,0,0,0,0,0,0,0,1,0
seeds_1499,1,1.0,0.0008518695831298,0.0001852512359619,1,0,0,0,1,0,0,0,0,0,0,0,0,1,0,0,0,0,0,0,1,0,0,0,0
seeds_1499,4,1.0,0.0006697177886962,0.00016450881958,0,1,0,0,1,0,0,0,0,0,1,0,0,0,0,0,0,0,0,0,0,0,0,1,0
seeds_1499,1,1.0,0.0007588863372802,0.000180959701538,1,0,0,1,0,0,0,0,0,0,0,0,0,1,0,0,0,0,0,0,1,0,0,0,0
seeds_1499,1,1.0,0.0011811256408691,0.0002224445343017,0,1,0,0,1,0,0,0,0,0,0,1,0,0,0,0,0,0,0,0,1,0,0,0,0
seeds_1499,0,1.0,0.0007016658782958,0.0001640319824218,0,1,0,0,1,0,0,0,0,0,1,0,0,0,0,0,0,0,0,0,0,0,0,0,1
seeds_1499,1,1.0,0.0007877349853515,0.0001747608184814,0,1,1,0,0,0,1,0,0,0,0,0,0,0,0,0,0,0,0,0,1,0,0,0,0
seeds_1499,1,1.0,0.0009100437164306,0.0002534389495849,1,0,0,1,0,0,0,0,0,0,0,1,0,0,0,0,0,0,0,0,1,0,0,0,0
seeds_1499,1,1.0,0.0008685588836669,0.0002021789550781,1,0,0,1,0,0,0,0,0,1,0,0,0,0,0,0,0,0,0,0,1,0,0,0,0
seeds_1499,4,1.0,0.0007524490356445,0.0001871585845947,1,0,0,0,1,0,0,0,0,0,1,0,0,0,0,0,0,0,0,0,0,1,0,0,0
seeds_1499,1,1.0,0.0008563995361328,0.0002009868621826,0,1,1,0,0,0,0,0,0,0,0,1,0,0,0,0,0,0,0,0,1,0,0,0,0
seeds_1499,0,1.0,0.0007021427154541,0.0001637935638427,1,0,1,0,0,0,0,0,0,0,1,0,0,0,0,0,0,0,0,0,0,0,0,0,1
seeds_1499,0,1.0,0.000650405883789,0.0001633167266845,0,1,1,0,0,0,0,0,0,0,1,0,0,0,0,0,0,0,0,0,0,0,0,0,1
seeds_1499,4,1.0,0.001345157623291,0.0002050399780273,1,0,1,0,0,0,0,0,0,0,0,0,0,0,1,0,0,0,1,0,0,0,0,0,0
seeds_1499,4,1.0,0.0007541179656982,0.0001654624938964,0,1,1,0,0,0,0,0,0,0,1,0,0,0,0,0,0,0,0,0,0,0,0,1,0
seeds_1499,1,1.0,0.0008695125579833,0.000190258026123,0,1,1,0,0,0,0,0,0,0,0,0,0,1,0,0,0,0,0,0,1,0,0,0,0
analcatdata_gsssexsurvey_852,1,0.90625,0.0018913745880126,0.0002222061157226,0,1,1,0,0,0,0,0,0,0,0,0,0,0,1,0,0,0,0,1,0,0,0,0,0
analcatdata_gsssexsurvey_852,1,0.90625,0.0050013065338134,0.0003292560577392,0,1,0,0,1,0,0,0,0,0,0,0,0,0,1,0,0,0,0,0,0,0,1,0,0
analcatdata_gsssexsurvey_852,1,0.90625,0.0020084381103515,0.0002272129058837,0,1,0,1,0,0,0,0,0,0,0,0,0,0,1,0,0,0,0,0,0,0,0,0,1
analcatdata_gsssexsurvey_852,1,0.90625,0.0023932456970214,0.0002250671386718,0,1,0,0,1,0,0,0,0,0,0,0,0,0,1,0,0,0,0,0,0,0,0,1,0
analcatdata_gsssexsurvey_852,1,0.90625,0.0019228458404541,0.0002238750457763,0,1,0,0,1,0,0,0,0,0,0,0,0,0,1,0,0,0,0,0,0,1,0,0,0
analcatdata_gsssexsurvey_852,1,0.90625,0.0020356178283691,0.0002610683441162,0,1,1,0,0,0,0,0,0,0,0,0,0,0,1,0,0,0,0,0,0,0,0,1,0
analcatdata_gsssexsurvey_852,1,0.90625,0.0018963813781738,0.0002243518829345,0,1,1,0,0,0,0,0,0,0,0,0,0,0,1,0,0,0,1,0,0,0,0,0,0
analcatdata_gsssexsurvey_852,1,0.90625,0.0025217533111572,0.0002262592315673,0,1,0,1,0,0,0,0,0,0,0,0,0,0,1,0,0,0,0,0,0,0,1,0,0
analcatdata_gsssexsurvey_852,1,0.90625,0.0033156871795654,0.0002596378326416,0,1,1,0,0,0,0,0,0,0,0,0,0,0,1,0,0,0,0,0,1,0,0,0,0
analcatdata_gsssexsurvey_852,1,0.90625,0.0018501281738281,0.0002338886260986,0,1,0,0,1,0,0,0,0,0,0,0,0,0,1,0,0,0,0,1,0,0,0,0,0
analcatdata_gsssexsurvey_852,1,0.90625,0.0020132064819335,0.0002193450927734,0,1,0,0,1,0,0,0,0,0,0,0,0,0,1,0,0,0,1,0,0,0,0,0,0
analcatdata_gsssexsurvey_852,1,0.90625,0.0018591880798339,0.0002262592315673,0,1,0,1,0,0,0,0,0,0,0,0,0,0,1,0,0,0,0,1,0,0,0,0,0
analcatdata_gsssexsurvey_852,1,0.90625,0.0019648075103759,0.0002253055572509,0,1,0,0,1,0,0,0,0,0,0,0,0,0,1,0,0,0,0,0,0,0,0,0,1
analcatdata_gsssexsurvey_852,1,0.90625,0.0150637626647949,0.0003259181976318,0,1,0,1,0,0,0,0,0,0,0,0,0,0,1,0,0,0,0,0,1,0,0,0,0
analcatdata_gsssexsurvey_852,1,0.90625,0.0019612312316894,0.0002241134643554,0,1,0,1,0,0,0,0,0,0,0,0,0,0,1,0,0,0,0,0,0,0,0,1,0
analcatdata_gsssexsurvey_852,1,0.90625,0.0024335384368896,0.0002157688140869,0,1,1,0,0,0,0,0,0,0,0,0,0,0,1,0,0,0,0,0,0,1,0,0,0
analcatdata_gsssexsurvey_852,1,0.90625,0.0035481452941894,0.0004434585571289,0,1,0,1,0,0,0,0,0,0,0,0,0,0,1,0,0,0,0,0,0,1,0,0,0
analcatdata_gsssexsurvey_852,1,0.90625,0.0019540786743164,0.0002253055572509,0,1,0,1,0,0,0,0,0,0,0,0,0,0,1,0,0,0,1,0,0,0,0,0,0
analcatdata_gsssexsurvey_852,1,0.90625,0.0018618106842041,0.0002205371856689,0,1,1,0,0,0,0,0,0,0,0,0,0,0,1,0,0,0,0,0,0,0,1,0,0
analcatdata_gsssexsurvey_852,1,0.90625,0.002070665359497,0.0003302097320556,0,1,0,0,1,0,0,0,0,0,0,0,0,0,1,0,0,0,0,0,1,0,0,0,0
autoUniv-au7-500_1554,1,0.56,0.0018150806427001,0.0003156661987304,0,1,0,1,0,0,0,0,0,1,0,0,0,0,0,0,0,0,0,0,0,0,0,0,1
autoUniv-au7-500_1554,1,0.56,0.0021471977233886,0.0003716945648193,1,0,0,1,0,0,0,0,0,1,0,0,0,0,0,0,0,0,1,0,0,0,0,0,0
autoUniv-au7-500_1554,1,0.56,0.0017497539520263,0.0003161430358886,0,1,0,1,0,0,0,0,0,1,0,0,0,0,0,0,0,0,0,1,0,0,0,0,0
autoUniv-au7-500_1554,1,0.56,0.0018742084503173,0.0003213882446289,1,0,0,1,0,0,0,0,0,1,0,0,0,0,0,0,0,0,0,0,0,0,0,1,0
autoUniv-au7-500_1554,1,0.56,0.001788854598999,0.0003192424774169,1,0,0,1,0,0,0,0,0,1,0,0,0,0,0,0,0,0,0,1,0,0,0,0,0
autoUniv-au7-500_1554,1,0.56,0.001910924911499,0.0003836154937744,0,1,0,1,0,0,0,0,0,1,0,0,0,0,0,0,0,0,1,0,0,0,0,0,0
autoUniv-au7-500_1554,1,0.56,0.0019140243530273,0.0003211498260498,1,0,0,1,0,0,0,0,0,1,0,0,0,0,0,0,0,0,0,0,0,0,0,0,1
autoUniv-au7-500_1554,1,0.56,0.0019795894622802,0.0003919601440429,0,1,0,1,0,0,0,0,0,1,0,0,0,0,0,0,0,0,0,0,0,0,0,1,0
autoUniv-au7-500_1554,1,0.53,0.0017881393432617,0.0003159046173095,1,0,0,1,0,0,0,0,0,1,0,0,0,0,0,0,0,0,0,0,0,1,0,0,0
autoUniv-au7-500_1554,1,0.53,0.0017554759979248,0.0003247261047363,0,1,0,1,0,0,0,0,0,1,0,0,0,0,0,0,0,0,0,0,0,1,0,0,0
autoUniv-au7-500_1554,1,0.52,0.0012505054473876,0.0002598762512207,1,0,0,0,1,0,0,0,0,0,0,0,0,0,0,0,1,0,0,0,0,0,0,0,1
autoUniv-au7-500_1554,1,0.52,0.0011470317840576,0.0002374649047851,0,1,0,0,1,0,0,0,0,0,0,0,0,0,0,0,1,0,0,0,0,0,0,1,0
autoUniv-au7-500_1554,1,0.52,0.0011746883392333,0.0002415180206298,1,0,0,0,1,0,0,0,0,0,0,0,0,0,0,0,1,0,0,0,0,1,0,0,0
autoUniv-au7-500_1554,1,0.52,0.0010609626770019,0.0002548694610595,1,0,0,0,1,0,0,0,0,0,0,0,0,0,0,0,1,0,0,0,0,0,0,1,0
autoUniv-au7-500_1554,1,0.52,0.0011134147644042,0.0003173351287841,1,0,0,0,1,0,0,0,0,0,0,0,0,0,0,0,1,0,0,1,0,0,0,0,0
autoUniv-au7-500_1554,1,0.52,0.0011646747589111,0.0002539157867431,0,1,0,0,1,0,0,0,0,0,0,0,0,0,0,0,1,0,0,1,0,0,0,0,0
autoUniv-au7-500_1554,1,0.52,0.0012459754943847,0.0002386569976806,0,1,0,0,1,0,0,0,0,0,0,0,0,0,0,0,1,0,1,0,0,0,0,0,0
autoUniv-au7-500_1554,1,0.52,0.0011465549468994,0.0002298355102539,0,1,0,0,1,0,0,0,0,0,0,0,0,0,0,0,1,0,0,0,0,0,0,0,1
autoUniv-au7-500_1554,1,0.52,0.0010268688201904,0.0002264976501464,0,1,0,0,1,0,0,0,0,0,0,0,0,0,0,0,1,0,0,0,0,0,1,0,0
autoUniv-au7-500_1554,1,0.52,0.001086950302124,0.0002310276031494,1,0,0,0,1,0,0,0,0,0,0,0,0,0,0,0,1,0,1,0,0,0,0,0,0
PizzaCutter1_1443,1,0.9545454545454546,0.0007863044738769,0.000148057937622,0,1,0,1,0,0,0,0,0,0,0,0,0,0,0,0,0,1,0,0,0,1,0,0,0
PizzaCutter1_1443,1,0.9545454545454546,0.000795841217041,0.0001971721649169,0,1,0,0,1,0,0,0,0,0,0,0,0,0,0,0,0,1,0,0,0,1,0,0,0
PizzaCutter1_1443,1,0.9545454545454546,0.000842809677124,0.0002062320709228,1,0,1,0,0,0,0,0,0,0,0,0,0,0,0,0,0,1,0,0,0,1,0,0,0
PizzaCutter1_1443,1,0.9545454545454546,0.0008213520050048,0.0001509189605712,1,0,0,1,0,0,0,0,0,0,0,0,0,0,0,0,0,1,0,0,0,1,0,0,0
PizzaCutter1_1443,1,0.9545454545454546,0.0007851123809814,0.0001497268676757,1,0,0,0,1,0,0,0,0,0,0,0,0,0,0,0,0,1,0,0,0,1,0,0,0
PizzaCutter1_1443,1,0.9545454545454546,0.0007834434509277,0.0001482963562011,0,1,1,0,0,0,0,0,0,0,0,0,0,0,0,0,0,1,0,0,0,1,0,0,0
PizzaCutter1_1443,1,0.946969696969697,0.0094664096832275,0.0004851818084716,0,1,0,0,1,0,0,0,0,0,0,0,0,0,0,1,0,0,1,0,0,0,0,0,0
PizzaCutter1_1443,1,0.946969696969697,0.0008132457733154,0.0001447200775146,0,1,1,0,0,0,0,0,1,0,0,0,0,0,0,0,0,0,0,0,0,0,1,0,0
PizzaCutter1_1443,1,0.946969696969697,0.0023374557495117,0.0002522468566894,0,1,1,0,0,0,1,0,0,0,0,0,0,0,0,0,0,0,0,0,0,0,1,0,0
PizzaCutter1_1443,1,0.946969696969697,0.0093274116516113,0.0005533695220947,1,0,1,0,0,0,0,0,0,0,0,0,1,0,0,0,0,0,0,0,0,0,1,0,0
PizzaCutter1_1443,1,0.946969696969697,0.0095582008361816,0.000617504119873,0,1,1,0,0,0,0,0,0,0,0,0,0,0,0,1,0,0,0,0,0,0,1,0,0
PizzaCutter1_1443,1,0.946969696969697,0.0010178089141845,0.0001730918884277,0,1,1,0,0,0,0,0,0,0,0,0,0,0,0,0,0,1,0,0,0,0,0,0,1
PizzaCutter1_1443,1,0.946969696969697,0.0100395679473876,0.0005135536193847,0,1,1,0,0,0,0,0,0,0,0,0,0,0,0,1,0,0,0,0,0,0,0,0,1
PizzaCutter1_1443,1,0.946969696969697,0.011432409286499,0.0005128383636474,0,1,1,0,0,0,0,0,0,0,0,0,1,0,0,0,0,0,0,0,0,0,0,0,1
PizzaCutter1_1443,1,0.946969696969697,0.0009176731109619,0.0001676082611083,0,1,1,0,0,0,0,0,0,0,0,0,0,0,0,0,0,1,0,0,0,0,1,0,0
PizzaCutter1_1443,1,0.946969696969697,0.0132780075073242,0.0007436275482177,1,0,0,1,0,0,0,0,0,0,0,0,0,0,0,1,0,0,0,1,0,0,0,0,0
PizzaCutter1_1443,1,0.946969696969697,3.1023647785186768,0.0027577877044677,1,0,0,1,0,0,0,0,0,0,0,0,0,0,1,0,0,0,0,1,0,0,0,0,0
PizzaCutter1_1443,1,0.946969696969697,0.0022113323211669,0.0002202987670898,0,1,1,0,0,0,1,0,0,0,0,0,0,0,0,0,0,0,0,0,0,0,0,0,1
PizzaCutter1_1443,1,0.946969696969697,0.0086700916290283,0.0004999637603759,0,1,0,0,1,0,0,0,0,0,0,0,1,0,0,0,0,0,1,0,0,0,0,0,0
PizzaCutter1_1443,1,0.946969696969697,0.0024411678314208,0.0002667903900146,1,0,1,0,0,0,1,0,0,0,0,0,0,0,0,0,0,0,0,0,0,1,0,0,0
solar-flare_40687,4,0.7934272300469484,0.0010955333709716,0.0003135204315185,1,0,0,1,0,0,0,0,0,0,0,0,0,0,0,0,1,0,0,0,0,1,0,0,0
solar-flare_40687,4,0.7934272300469484,0.0011723041534423,0.000307559967041,0,1,0,1,0,1,0,0,0,0,0,0,0,0,0,0,0,0,0,0,0,1,0,0,0
solar-flare_40687,4,0.7934272300469484,0.0010581016540527,0.0003125667572021,0,1,0,1,0,0,0,0,0,0,0,0,0,0,0,0,1,0,0,0,0,1,0,0,0
solar-flare_40687,4,0.7934272300469484,0.0010237693786621,0.0003011226654052,0,1,0,0,1,0,0,0,0,0,0,0,0,0,0,0,1,0,0,0,0,1,0,0,0
solar-flare_40687,4,0.7934272300469484,0.0011203289031982,0.00030517578125,1,0,0,0,1,0,0,0,0,0,0,0,0,0,0,0,1,0,0,0,0,1,0,0,0
solar-flare_40687,4,0.7934272300469484,0.0011553764343261,0.0003054141998291,1,0,0,1,0,1,0,0,0,0,0,0,0,0,0,0,0,0,0,0,0,1,0,0,0
solar-flare_40687,4,0.7934272300469484,0.0012497901916503,0.0003225803375244,0,1,0,0,1,1,0,0,0,0,0,0,0,0,0,0,0,0,0,0,0,1,0,0,0
solar-flare_40687,4,0.7934272300469484,0.0012228488922119,0.0003538131713867,0,1,1,0,0,0,0,0,0,0,0,0,0,0,0,0,1,0,0,0,0,1,0,0,0
solar-flare_40687,4,0.7934272300469484,0.001108169555664,0.0003159046173095,1,0,1,0,0,0,0,0,0,0,0,0,0,0,0,0,1,0,0,0,0,1,0,0,0
solar-flare_40687,4,0.7934272300469484,0.0011122226715087,0.0003092288970947,0,1,1,0,0,1,0,0,0,0,0,0,0,0,0,0,0,0,0,0,0,1,0,0,0
solar-flare_40687,4,0.7934272300469484,0.0011365413665771,0.0003340244293212,1,0,1,0,0,1,0,0,0,0,0,0,0,0,0,0,0,0,0,0,0,1,0,0,0
solar-flare_40687,4,0.7934272300469484,0.0011599063873291,0.0003111362457275,1,0,0,0,1,1,0,0,0,0,0,0,0,0,0,0,0,0,0,0,0,1,0,0,0
solar-flare_40687,4,0.7887323943661971,0.0009849071502685,0.0003015995025634,1,0,0,0,1,0,0,0,0,0,0,0,0,0,0,0,1,0,0,0,1,0,0,0,0
solar-flare_40687,4,0.7887323943661971,0.0010750293731689,0.0003044605255126,0,1,1,0,0,0,0,0,0,0,0,0,0,0,0,0,1,0,0,0,1,0,0,0,0
solar-flare_40687,4,0.7887323943661971,0.0010344982147216,0.0003077983856201,0,1,0,1,0,0,0,0,0,0,0,0,0,0,0,0,1,0,0,0,1,0,0,0,0
solar-flare_40687,4,0.7887323943661971,0.0009829998016357,0.0003004074096679,1,0,0,1,0,0,0,0,0,0,0,0,0,0,0,0,1,0,0,0,1,0,0,0,0
solar-flare_40687,4,0.7887323943661971,0.001171588897705,0.0003080368041992,0,1,0,0,1,0,0,0,0,0,0,0,0,0,0,0,1,0,0,0,1,0,0,0,0
solar-flare_40687,4,0.7887323943661971,0.0009772777557373,0.0003297328948974,1,0,1,0,0,0,0,0,0,0,0,0,0,0,0,0,1,0,0,0,1,0,0,0,0
solar-flare_40687,4,0.7746478873239436,0.0012080669403076,0.0003178119659423,0,1,1,0,0,1,0,0,0,0,0,0,0,0,0,0,0,0,0,0,1,0,0,0,0
solar-flare_40687,4,0.7746478873239436,0.001213788986206,0.0003204345703125,1,0,1,0,0,1,0,0,0,0,0,0,0,0,0,0,0,0,0,0,1,0,0,0,0
arsenic-female-lung_950,2,1.0,0.0012125968933105,0.0007040500640869,0,1,0,0,1,0,0,0,0,1,0,0,0,0,0,0,0,0,0,0,0,1,0,0,0
arsenic-female-lung_950,2,1.0,0.0009253025054931,0.000169038772583,1,0,1,0,0,0,1,0,0,0,0,0,0,0,0,0,0,0,0,1,0,0,0,0,0
arsenic-female-lung_950,2,1.0,0.0013933181762695,0.0002100467681884,1,0,0,1,0,0,0,0,0,1,0,0,0,0,0,0,0,0,0,0,0,1,0,0,0
arsenic-female-lung_950,2,1.0,0.0153782367706298,0.0005655288696289,0,1,0,1,0,0,0,0,0,0,0,0,1,0,0,0,0,0,0,0,0,0,0,1,0
arsenic-female-lung_950,2,1.0,0.0008833408355712,0.0001587867736816,0,1,0,1,0,0,0,0,0,0,0,0,0,0,0,0,1,0,0,0,0,0,0,1,0
arsenic-female-lung_950,2,1.0,0.0008535385131835,0.0001554489135742,1,0,0,1,0,0,0,0,1,0,0,0,0,0,0,0,0,0,0,0,0,1,0,0,0
arsenic-female-lung_950,2,1.0,0.0008795261383056,0.0001664161682128,1,0,0,1,0,1,0,0,0,0,0,0,0,0,0,0,0,0,0,0,0,1,0,0,0
arsenic-female-lung_950,2,1.0,0.001382827758789,0.0002036094665527,0,1,0,1,0,0,0,0,0,1,0,0,0,0,0,0,0,0,0,0,0,0,0,1,0
arsenic-female-lung_950,2,1.0,0.0008707046508789,0.0001697540283203,0,1,0,1,0,0,0,0,0,0,1,0,0,0,0,0,0,0,0,0,0,0,0,1,0
arsenic-female-lung_950,2,1.0,0.0009126663208007,0.0001685619354248,1,0,0,1,0,0,0,1,0,0,0,0,0,0,0,0,0,0,0,0,0,1,0,0,0
arsenic-female-lung_950,2,1.0,0.0010192394256591,0.0001945495605468,0,1,0,1,0,0,0,0,0,0,0,0,0,1,0,0,0,0,0,0,0,0,0,1,0
arsenic-female-lung_950,2,1.0,0.0009026527404785,0.0001654624938964,0,1,0,1,0,0,1,0,0,0,0,0,0,0,0,0,0,0,0,0,0,0,0,1,0
arsenic-female-lung_950,2,1.0,0.0009007453918457,0.000157356262207,0,1,0,1,0,0,0,0,1,0,0,0,0,0,0,0,0,0,0,0,0,0,0,1,0
arsenic-female-lung_950,2,1.0,0.0009422302246093,0.0001676082611083,0,1,0,1,0,0,0,0,0,0,0,0,0,0,0,0,0,1,0,0,0,0,0,1,0
arsenic-female-lung_950,2,1.0,0.0008890628814697,0.0001695156097412,1,0,1,0,0,0,0,1,0,0,0,0,0,0,0,0,0,0,0,0,0,0,0,0,1
arsenic-female-lung_950,2,1.0,0.0012531280517578,0.0002381801605224,1,0,1,0,0,0,0,0,0,1,0,0,0,0,0,0,0,0,0,0,0,0,0,0,1
arsenic-female-lung_950,2,1.0,0.0015425682067871,0.0002346038818359,1,0,1,0,0,0,0,0,0,0,0,1,0,0,0,0,0,0,1,0,0,0,0,0,0
arsenic-female-lung_950,2,1.0,0.0008790493011474,0.0001547336578369,1,0,1,0,0,1,0,0,0,0,0,0,0,0,0,0,0,0,0,0,0,0,0,0,1
arsenic-female-lung_950,2,1.0,0.0085301399230957,0.0004580020904541,1,0,1,0,0,0,0,0,0,0,0,0,1,0,0,0,0,0,0,0,0,0,0,0,1
arsenic-female-lung_950,2,1.0,0.0009036064147949,0.0002081394195556,1,0,1,0,0,0,0,0,0,0,1,0,0,0,0,0,0,0,0,0,0,0,0,0,1
chscase_census3_908,1,0.6,0.0008010864257812,0.0001602172851562,0,1,0,0,1,0,0,0,0,0,0,0,0,0,0,0,0,1,0,1,0,0,0,0,0
chscase_census3_908,1,0.6,0.000866413116455,0.0001871585845947,0,1,1,0,0,0,0,0,0,0,0,0,0,0,0,0,0,1,0,1,0,0,0,0,0
chscase_census3_908,1,0.6,0.0008561611175537,0.000162124633789,0,1,1,0,0,0,0,1,0,0,0,0,0,0,0,0,0,0,1,0,0,0,0,0,0
chscase_census3_908,1,0.6,0.0008563995361328,0.000162124633789,0,1,1,0,0,0,0,0,0,0,0,0,0,0,0,0,0,1,1,0,0,0,0,0,0
chscase_census3_908,1,0.6,0.0008301734924316,0.0001618862152099,1,0,0,0,1,0,0,0,0,0,0,0,0,0,0,0,0,1,1,0,0,0,0,0,0
chscase_census3_908,1,0.6,0.0009255409240722,0.0001630783081054,1,0,0,0,1,0,0,0,0,0,0,0,0,0,0,0,0,1,0,1,0,0,0,0,0
chscase_census3_908,1,0.6,0.0008487701416015,0.0001871585845947,1,0,0,1,0,0,0,0,0,0,0,0,0,0,0,0,0,1,1,0,0,0,0,0,0
chscase_census3_908,1,0.6,0.0009126663208007,0.0001881122589111,0,1,0,1,0,0,0,0,0,0,0,0,0,0,0,0,0,1,0,1,0,0,0,0,0
chscase_census3_908,1,0.6,0.0009198188781738,0.0001657009124755,1,0,1,0,0,0,0,1,0,0,0,0,0,0,0,0,0,0,1,0,0,0,0,0,0
chscase_census3_908,1,0.6,0.0008549690246582,0.0001587867736816,0,1,0,1,0,0,0,1,0,0,0,0,0,0,0,0,0,0,1,0,0,0,0,0,0
chscase_census3_908,1,0.6,0.0008730888366699,0.0001609325408935,0,1,0,0,1,0,0,1,0,0,0,0,0,0,0,0,0,0,1,0,0,0,0,0,0
chscase_census3_908,1,0.6,0.0007827281951904,0.0001602172851562,0,1,0,0,1,0,0,0,0,0,0,0,0,0,0,0,0,1,1,0,0,0,0,0,0
chscase_census3_908,1,0.6,0.0008692741394042,0.0001618862152099,0,1,0,1,0,0,0,0,0,0,0,0,0,0,0,0,0,1,1,0,0,0,0,0,0
chscase_census3_908,1,0.6,0.0008785724639892,0.0001630783081054,1,0,0,1,0,0,0,0,0,0,0,0,0,0,0,0,0,1,0,1,0,0,0,0,0
chscase_census3_908,1,0.6,0.0008652210235595,0.0001609325408935,1,0,1,0,0,0,0,0,0,0,0,0,0,0,0,0,0,1,1,0,0,0,0,0,0
chscase_census3_908,1,0.6,0.0008647441864013,0.0001654624938964,1,0,0,0,1,0,0,1,0,0,0,0,0,0,0,0,0,0,1,0,0,0,0,0,0
chscase_census3_908,1,0.6,0.000802993774414,0.0001575946807861,1,0,1,0,0,0,0,0,0,0,0,0,0,0,0,0,0,1,0,1,0,0,0,0,0
chscase_census3_908,1,0.6,0.0008699893951416,0.000162124633789,1,0,0,1,0,0,0,1,0,0,0,0,0,0,0,0,0,0,1,0,0,0,0,0,0
chscase_census3_908,2,0.5875,0.0008227825164794,0.0001606941223144,1,0,1,0,0,0,0,0,0,0,1,0,0,0,0,0,0,0,0,0,1,0,0,0,0
chscase_census3_908,1,0.5875,0.0009119510650634,0.0001895427703857,1,0,0,1,0,0,0,0,0,0,0,0,0,0,0,0,0,1,0,0,0,0,1,0,0
PopularKids_1100,2,0.6354166666666666,0.0011281967163085,0.0001955032348632,0,1,0,0,1,0,0,0,0,0,1,0,0,0,0,0,0,0,0,0,0,0,0,1,0
PopularKids_1100,2,0.6354166666666666,0.000870943069458,0.0001814365386962,1,0,0,0,1,0,0,0,0,0,1,0,0,0,0,0,0,0,0,0,0,0,0,1,0
PopularKids_1100,2,0.6354166666666666,0.0011999607086181,0.0001859664916992,0,1,0,0,1,0,0,0,0,0,1,0,0,0,0,0,0,0,0,0,0,0,0,0,1
PopularKids_1100,2,0.6354166666666666,0.001183271408081,0.0002105236053466,1,0,0,0,1,0,0,0,0,0,1,0,0,0,0,0,0,0,0,0,0,0,0,0,1
PopularKids_1100,2,0.6145833333333334,0.0009889602661132,0.0001890659332275,0,1,0,0,1,0,0,0,0,0,1,0,0,0,0,0,0,0,0,0,0,0,1,0,0
PopularKids_1100,2,0.6145833333333334,0.0012986660003662,0.0002088546752929,1,0,0,0,1,0,0,0,0,0,1,0,0,0,0,0,0,0,0,0,0,0,1,0,0
PopularKids_1100,2,0.6041666666666666,0.0009636878967285,0.000187873840332,0,1,0,0,1,1,0,0,0,0,0,0,0,0,0,0,0,0,0,0,1,0,0,0,0
PopularKids_1100,2,0.6041666666666666,0.0009326934814453,0.0001881122589111,1,0,0,0,1,1,0,0,0,0,0,0,0,0,0,0,0,0,0,0,1,0,0,0,0
PopularKids_1100,3,0.6,0.0277154445648193,0.0018339157104492,0,1,0,1,0,0,0,0,0,0,0,0,0,0,1,0,0,0,0,0,0,1,0,0,0
PopularKids_1100,3,0.6,0.0287928581237792,0.0011768341064453,1,0,0,1,0,0,0,0,0,0,0,0,0,0,1,0,0,0,0,0,0,1,0,0,0
PopularKids_1100,3,0.6,0.0009670257568359,0.0001907348632812,1,0,0,1,0,0,0,1,0,0,0,0,0,0,0,0,0,0,0,0,0,0,0,1,0
PopularKids_1100,3,0.6,0.0010161399841308,0.0002005100250244,0,1,0,1,0,0,0,1,0,0,0,0,0,0,0,0,0,0,0,0,0,0,0,1,0
PopularKids_1100,3,0.6,0.0009400844573974,0.0001871585845947,0,1,0,0,1,0,0,1,0,0,0,0,0,0,0,0,0,0,0,0,0,1,0,0,0
PopularKids_1100,3,0.6,0.0009758472442626,0.0001871585845947,1,0,0,0,1,0,0,1,0,0,0,0,0,0,0,0,0,0,0,0,0,1,0,0,0
PopularKids_1100,3,0.5894736842105263,0.0009040832519531,0.0001907348632812,1,0,0,0,1,0,0,0,1,0,0,0,0,0,0,0,0,0,0,0,0,0,0,0,1
PopularKids_1100,3,0.5894736842105263,0.0009951591491699,0.000195026397705,1,0,0,0,1,0,0,0,0,0,0,0,0,0,0,0,1,0,0,0,0,0,0,0,1
PopularKids_1100,3,0.5894736842105263,0.0009331703186035,0.000187873840332,1,0,0,0,1,0,0,1,0,0,0,0,0,0,0,0,0,0,0,0,1,0,0,0,0
PopularKids_1100,3,0.5894736842105263,0.0009305477142333,0.0001845359802246,1,0,0,0,1,0,0,0,0,0,0,0,0,0,0,0,0,1,0,1,0,0,0,0,0
PopularKids_1100,3,0.5894736842105263,0.0008535385131835,0.0001864433288574,1,0,0,0,1,0,0,0,0,0,0,0,0,0,0,0,1,0,0,1,0,0,0,0,0
PopularKids_1100,3,0.5894736842105263,0.0008947849273681,0.0001795291900634,0,1,0,0,1,0,0,0,1,0,0,0,0,0,0,0,0,0,0,0,0,0,0,1,0
fri_c0_500_50_888,2,0.91,0.0009632110595703,0.0001685619354248,1,0,0,1,0,1,0,0,0,0,0,0,0,0,0,0,0,0,0,0,1,0,0,0,0
fri_c0_500_50_888,2,0.91,0.00093674659729,0.0001931190490722,0,1,0,1,0,1,0,0,0,0,0,0,0,0,0,0,0,0,0,0,1,0,0,0,0
fri_c0_500_50_888,2,0.91,0.000892162322998,0.0001637935638427,1,0,0,0,1,1,0,0,0,0,0,0,0,0,0,0,0,0,0,0,1,0,0,0,0
fri_c0_500_50_888,2,0.91,0.0009570121765136,0.0001697540283203,0,1,0,0,1,1,0,0,0,0,0,0,0,0,0,0,0,0,0,0,1,0,0,0,0
fri_c0_500_50_888,2,0.91,0.0009465217590332,0.0001676082611083,1,0,1,0,0,1,0,0,0,0,0,0,0,0,0,0,0,0,0,0,1,0,0,0,0
fri_c0_500_50_888,2,0.91,0.0010178089141845,0.0002224445343017,0,1,1,0,0,1,0,0,0,0,0,0,0,0,0,0,0,0,0,0,1,0,0,0,0
fri_c0_500_50_888,4,0.9,0.0009524822235107,0.0001764297485351,1,0,0,1,0,0,0,0,0,0,1,0,0,0,0,0,0,0,0,0,0,0,0,1,0
fri_c0_500_50_888,4,0.9,0.0009193420410156,0.0001673698425292,0,1,0,0,1,0,0,0,0,0,1,0,0,0,0,0,0,0,1,0,0,0,0,0,0
fri_c0_500_50_888,4,0.9,0.0009822845458984,0.00018310546875,1,0,1,0,0,0,0,0,0,0,1,0,0,0,0,0,0,0,1,0,0,0,0,0,0
fri_c0_500_50_888,4,0.9,0.0009171962738037,0.0001845359802246,0,1,1,0,0,0,0,0,0,0,1,0,0,0,0,0,0,0,0,0,0,0,0,1,0
fri_c0_500_50_888,4,0.9,0.0009689331054687,0.0001752376556396,1,0,0,1,0,0,0,0,0,0,1,0,0,0,0,0,0,0,0,0,0,0,0,0,1
fri_c0_500_50_888,4,0.9,0.0009238719940185,0.0001764297485351,1,0,1,0,0,0,0,0,0,0,1,0,0,0,0,0,0,0,0,0,0,0,0,1,0
fri_c0_500_50_888,4,0.9,0.0009374618530273,0.0001764297485351,1,0,0,0,1,0,0,0,0,0,1,0,0,0,0,0,0,0,0,1,0,0,0,0,0
fri_c0_500_50_888,4,0.9,0.0008573532104492,0.0001616477966308,0,1,0,0,1,0,0,0,0,0,1,0,0,0,0,0,0,0,0,0,0,0,0,1,0
fri_c0_500_50_888,4,0.9,0.0011007785797119,0.0001769065856933,0,1,1,0,0,0,0,0,0,0,1,0,0,0,0,0,0,0,1,0,0,0,0,0,0
fri_c0_500_50_888,4,0.9,0.000927448272705,0.0001759529113769,1,0,0,1,0,0,0,0,0,0,1,0,0,0,0,0,0,0,0,1,0,0,0,0,0
fri_c0_500_50_888,4,0.9,0.0009617805480957,0.0001773834228515,0,1,0,1,0,0,0,0,0,0,1,0,0,0,0,0,0,0,0,1,0,0,0,0,0
fri_c0_500_50_888,4,0.9,0.0009131431579589,0.0001742839813232,1,0,0,0,1,0,0,0,0,0,1,0,0,0,0,0,0,0,0,0,0,0,0,1,0
fri_c0_500_50_888,4,0.9,0.0009279251098632,0.0001847743988037,1,0,0,0,1,0,0,0,0,0,1,0,0,0,0,0,0,0,1,0,0,0,0,0,0
fri_c0_500_50_888,4,0.9,0.0009267330169677,0.0001814365386962,0,1,1,0,0,0,0,0,0,0,1,0,0,0,0,0,0,0,0,0,0,0,0,0,1
fri_c2_500_50_920,2,0.82,0.0008778572082519,0.0001587867736816,1,0,1,0,0,0,0,0,0,0,0,0,0,0,0,0,1,0,0,1,0,0,0,0,0
fri_c2_500_50_920,2,0.82,0.0008847713470458,0.0001711845397949,0,1,0,1,0,0,0,0,0,0,0,0,0,0,0,0,1,0,1,0,0,0,0,0,0
fri_c2_500_50_920,2,0.82,0.0007381439208984,0.0001490116119384,1,0,0,0,1,0,0,0,0,0,0,0,0,0,0,0,1,0,1,0,0,0,0,0,0
fri_c2_500_50_920,2,0.82,0.0007774829864501,0.0001556873321533,1,0,0,1,0,0,0,0,0,0,0,0,0,0,0,0,1,0,0,1,0,0,0,0,0
fri_c2_500_50_920,2,0.82,0.0008680820465087,0.0001585483551025,0,1,0,0,1,0,0,0,0,0,0,0,0,0,0,0,1,0,0,0,0,0,0,0,1
fri_c2_500_50_920,2,0.82,0.0008101463317871,0.0001528263092041,1,0,0,0,1,0,0,0,0,0,0,0,0,0,0,0,1,0,0,0,0,0,0,0,1
fri_c2_500_50_920,2,0.82,0.0008563995361328,0.0001587867736816,0,1,0,1,0,0,0,0,0,0,0,0,0,0,0,0,1,0,0,0,0,0,0,0,1
fri_c2_500_50_920,2,0.82,0.0008656978607177,0.0001578330993652,1,0,0,1,0,0,0,0,0,0,0,0,0,0,0,0,1,0,0,0,0,0,0,1,0
fri_c2_500_50_920,2,0.82,0.0009703636169433,0.000169038772583,0,1,0,0,1,0,0,0,0,0,0,0,0,0,0,0,1,0,0,0,0,0,0,1,0
fri_c2_500_50_920,2,0.82,0.0008387565612792,0.0001523494720458,1,0,1,0,0,0,0,0,0,0,0,0,0,0,0,0,1,0,0,0,0,0,0,1,0
fri_c2_500_50_920,2,0.82,0.0007400512695312,0.0001516342163085,1,0,0,1,0,0,0,0,0,0,0,0,0,0,0,0,1,0,1,0,0,0,0,0,0
fri_c2_500_50_920,2,0.82,0.0008745193481445,0.0001540184020996,0,1,0,1,0,0,0,0,0,0,0,0,0,0,0,0,1,0,0,1,0,0,0,0,0
fri_c2_500_50_920,2,0.82,0.0008189678192138,0.0001609325408935,0,1,1,0,0,0,0,0,0,0,0,0,0,0,0,0,1,0,0,0,0,0,0,0,1
fri_c2_500_50_920,2,0.82,0.0008425712585449,0.0001530647277832,1,0,1,0,0,0,0,0,0,0,0,0,0,0,0,0,1,0,1,0,0,0,0,0,0
fri_c2_500_50_920,2,0.82,0.0007660388946533,0.0001528263092041,1,0,0,0,1,0,0,0,0,0,0,0,0,0,0,0,1,0,0,1,0,0,0,0,0
fri_c2_500_50_920,2,0.82,0.0008323192596435,0.0001533031463623,1,0,0,0,1,0,0,0,0,0,0,0,0,0,0,0,1,0,0,0,0,0,0,1,0
fri_c2_500_50_920,2,0.82,0.0008118152618408,0.0001506805419921,0,1,1,0,0,0,0,0,0,0,0,0,0,0,0,0,1,0,0,1,0,0,0,0,0
fri_c2_500_50_920,2,0.82,0.0008056163787841,0.000154972076416,0,1,0,0,1,0,0,0,0,0,0,0,0,0,0,0,1,0,1,0,0,0,0,0,0
fri_c2_500_50_920,2,0.82,0.0007655620574951,0.000150442123413,1,0,0,1,0,0,0,0,0,0,0,0,0,0,0,0,1,0,0,0,0,0,0,0,1
fri_c2_500_50_920,2,0.82,0.0007736682891845,0.0001502037048339,0,1,1,0,0,0,0,0,0,0,0,0,0,0,0,0,1,0,0,0,0,0,0,1,0
blood-transfusion-service-center_1464,3,0.8791946308724832,0.0014863014221191,0.0002069473266601,1,0,0,0,1,0,0,0,0,1,0,0,0,0,0,0,0,0,0,0,0,0,0,1,0
blood-transfusion-service-center_1464,3,0.8791946308724832,0.0010080337524414,0.0001976490020751,1,0,0,0,1,0,0,0,0,1,0,0,0,0,0,0,0,0,1,0,0,0,0,0,0
blood-transfusion-service-center_1464,3,0.8791946308724832,0.0009078979492187,0.0001931190490722,1,0,0,1,0,0,0,0,0,1,0,0,0,0,0,0,0,0,0,1,0,0,0,0,0
blood-transfusion-service-center_1464,3,0.8791946308724832,0.0008831024169921,0.0001897811889648,1,0,1,0,0,0,0,0,0,1,0,0,0,0,0,0,0,0,0,1,0,0,0,0,0
blood-transfusion-service-center_1464,3,0.8791946308724832,0.0010986328125,0.0016157627105712,0,1,0,0,1,0,0,0,0,1,0,0,0,0,0,0,0,0,0,0,0,0,0,0,1
blood-transfusion-service-center_1464,3,0.8791946308724832,0.0009264945983886,0.0001912117004394,0,1,1,0,0,0,0,0,0,1,0,0,0,0,0,0,0,0,0,1,0,0,0,0,0
blood-transfusion-service-center_1464,3,0.8791946308724832,0.0009090900421142,0.0002202987670898,1,0,1,0,0,0,0,0,0,1,0,0,0,0,0,0,0,0,0,0,0,0,0,0,1
blood-transfusion-service-center_1464,3,0.8791946308724832,0.001044750213623,0.0002007484436035,1,0,0,1,0,0,0,0,0,1,0,0,0,0,0,0,0,0,1,0,0,0,0,0,0
blood-transfusion-service-center_1464,3,0.8791946308724832,0.0009627342224121,0.0001943111419677,0,1,0,1,0,0,0,0,0,1,0,0,0,0,0,0,0,0,0,1,0,0,0,0,0
blood-transfusion-service-center_1464,3,0.8791946308724832,0.0021655559539794,0.0002040863037109,1,0,0,1,0,0,0,0,0,1,0,0,0,0,0,0,0,0,0,0,0,0,0,1,0
blood-transfusion-service-center_1464,3,0.8791946308724832,0.0009362697601318,0.0001924037933349,0,1,1,0,0,0,0,0,0,1,0,0,0,0,0,0,0,0,0,0,0,0,0,1,0
blood-transfusion-service-center_1464,3,0.8791946308724832,0.0008916854858398,0.0002193450927734,1,0,1,0,0,0,0,0,0,1,0,0,0,0,0,0,0,0,1,0,0,0,0,0,0
blood-transfusion-service-center_1464,3,0.8791946308724832,0.0021703243255615,0.0002243518829345,1,0,0,1,0,0,0,0,0,1,0,0,0,0,0,0,0,0,0,0,0,0,0,0,1
blood-transfusion-service-center_1464,3,0.8791946308724832,0.0010623931884765,0.0002307891845703,0,1,0,0,1,0,0,0,0,1,0,0,0,0,0,0,0,0,1,0,0,0,0,0,0
blood-transfusion-service-center_1464,3,0.8791946308724832,0.0008978843688964,0.0001888275146484,1,0,0,0,1,0,0,0,0,1,0,0,0,0,0,0,0,0,0,1,0,0,0,0,0
blood-transfusion-service-center_1464,3,0.8791946308724832,0.0009541511535644,0.0001969337463378,0,1,0,1,0,0,0,0,0,1,0,0,0,0,0,0,0,0,0,0,0,0,0,0,1
blood-transfusion-service-center_1464,3,0.8791946308724832,0.0008802413940429,0.000216007232666,1,0,1,0,0,0,0,0,0,1,0,0,0,0,0,0,0,0,0,0,0,0,0,1,0
blood-transfusion-service-center_1464,3,0.8791946308724832,0.0008971691131591,0.0002157688140869,0,1,0,1,0,0,0,0,0,1,0,0,0,0,0,0,0,0,1,0,0,0,0,0,0
blood-transfusion-service-center_1464,3,0.8791946308724832,0.000849962234497,0.0001888275146484,1,0,0,0,1,0,0,0,0,1,0,0,0,0,0,0,0,0,0,0,0,0,0,0,1
blood-transfusion-service-center_1464,3,0.8791946308724832,0.0009114742279052,0.0001916885375976,0,1,0,1,0,0,0,0,0,1,0,0,0,0,0,0,0,0,0,0,0,0,0,1,0
fri_c1_1000_50_837,2,0.775,0.0010619163513183,0.0001695156097412,1,0,0,1,0,1,0,0,0,0,0,0,0,0,0,0,0,0,0,0,0,0,1,0,0
fri_c1_1000_50_837,2,0.775,0.0012807846069335,0.0001873970031738,1,0,1,0,0,1,0,0,0,0,0,0,0,0,0,0,0,0,0,0,0,0,1,0,0
fri_c1_1000_50_837,2,0.775,0.001039981842041,0.000166893005371,0,1,0,1,0,1,0,0,0,0,0,0,0,0,0,0,0,0,0,0,0,0,1,0,0
fri_c1_1000_50_837,2,0.775,0.0010335445404052,0.0001697540283203,0,1,1,0,0,1,0,0,0,0,0,0,0,0,0,0,0,0,0,0,0,0,1,0,0
fri_c1_1000_50_837,2,0.775,0.0011508464813232,0.0001852512359619,0,1,0,0,1,1,0,0,0,0,0,0,0,0,0,0,0,0,0,0,0,0,1,0,0
fri_c1_1000_50_837,2,0.775,0.0010871887207031,0.0001745223999023,1,0,0,0,1,1,0,0,0,0,0,0,0,0,0,0,0,0,0,0,0,0,1,0,0
fri_c1_1000_50_837,2,0.77,0.0010309219360351,0.0001688003540039,0,1,0,0,1,0,0,1,0,0,0,0,0,0,0,0,0,0,0,0,0,0,1,0,0
fri_c1_1000_50_837,2,0.77,0.0010652542114257,0.00016450881958,1,0,0,1,0,0,0,1,0,0,0,0,0,0,0,0,0,0,0,0,0,0,1,0,0
fri_c1_1000_50_837,1,0.77,0.0011193752288818,0.0002040863037109,0,1,0,1,0,1,0,0,0,0,0,0,0,0,0,0,0,0,0,0,0,0,1,0,0
fri_c1_1000_50_837,2,0.77,0.0010216236114501,0.0001628398895263,0,1,1,0,0,0,0,1,0,0,0,0,0,0,0,0,0,0,0,0,0,0,1,0,0
fri_c1_1000_50_837,1,0.77,0.0010790824890136,0.000171422958374,1,0,1,0,0,1,0,0,0,0,0,0,0,0,0,0,0,0,0,0,0,0,1,0,0
fri_c1_1000_50_837,2,0.77,0.0009524822235107,0.0001616477966308,1,0,1,0,0,0,0,1,0,0,0,0,0,0,0,0,0,0,0,0,0,0,1,0,0
fri_c1_1000_50_837,1,0.77,0.0011076927185058,0.0001702308654785,1,0,0,1,0,1,0,0,0,0,0,0,0,0,0,0,0,0,0,0,0,0,1,0,0
fri_c1_1000_50_837,2,0.77,0.000941514968872,0.0001640319824218,1,0,0,0,1,0,0,1,0,0,0,0,0,0,0,0,0,0,0,0,0,0,1,0,0
fri_c1_1000_50_837,1,0.77,0.0010967254638671,0.0001728534698486,1,0,0,0,1,1,0,0,0,0,0,0,0,0,0,0,0,0,0,0,0,0,1,0,0
fri_c1_1000_50_837,2,0.77,0.0009152889251708,0.0001564025878906,0,1,0,1,0,0,0,1,0,0,0,0,0,0,0,0,0,0,0,0,0,0,1,0,0
fri_c1_1000_50_837,1,0.77,0.0010981559753417,0.0001697540283203,0,1,1,0,0,1,0,0,0,0,0,0,0,0,0,0,0,0,0,0,0,0,1,0,0
fri_c1_1000_50_837,1,0.77,0.0011610984802246,0.000201940536499,0,1,0,0,1,1,0,0,0,0,0,0,0,0,0,0,0,0,0,0,0,0,1,0,0
fri_c1_1000_50_837,1,0.76,0.0011432170867919,0.0002059936523437,1,0,1,0,0,0,0,0,0,0,1,0,0,0,0,0,0,0,0,0,0,0,1,0,0
fri_c1_1000_50_837,1,0.76,0.0011444091796875,0.0001718997955322,0,1,1,0,0,0,0,0,0,0,1,0,0,0,0,0,0,0,0,0,0,0,1,0,0
arsenic-female-bladder_949,2,0.9017857142857144,0.0009117126464843,0.0001561641693115,0,1,0,1,0,0,0,0,0,0,0,0,0,1,0,0,0,0,0,0,0,0,0,1,0
arsenic-female-bladder_949,2,0.9017857142857144,0.0010859966278076,0.0001797676086425,0,1,0,0,1,0,0,0,0,0,0,1,0,0,0,0,0,0,1,0,0,0,0,0,0
arsenic-female-bladder_949,2,0.9017857142857144,0.0008606910705566,0.0001640319824218,0,1,0,0,1,0,0,0,0,0,0,0,0,1,0,0,0,0,1,0,0,0,0,0,0
arsenic-female-bladder_949,2,0.9017857142857144,0.0008544921875,0.0003254413604736,0,1,0,0,1,0,1,0,0,0,0,0,0,0,0,0,0,0,1,0,0,0,0,0,0
arsenic-female-bladder_949,2,0.9017857142857144,0.0009214878082275,0.0001556873321533,0,1,0,0,1,0,0,1,0,0,0,0,0,0,0,0,0,0,1,0,0,0,0,0,0
arsenic-female-bladder_949,2,0.9017857142857144,0.0011405944824218,0.0002362728118896,0,1,0,0,1,0,0,0,0,1,0,0,0,0,0,0,0,0,1,0,0,0,0,0,0
arsenic-female-bladder_949,2,0.9017857142857144,0.001133918762207,0.0002362728118896,1,0,0,1,0,0,0,0,0,0,0,1,0,0,0,0,0,0,0,0,0,0,0,1,0
arsenic-female-bladder_949,2,0.9017857142857144,0.000823974609375,0.000152587890625,0,1,0,1,0,1,0,0,0,0,0,0,0,0,0,0,0,0,0,0,0,0,0,1,0
arsenic-female-bladder_949,2,0.9017857142857144,0.00075364112854,0.0001494884490966,1,0,0,1,0,0,0,0,0,0,0,0,0,1,0,0,0,0,0,0,0,0,0,1,0
arsenic-female-bladder_949,2,0.9017857142857144,0.0008237361907958,0.0001561641693115,1,0,0,0,1,0,0,0,0,0,0,0,0,1,0,0,0,0,1,0,0,0,0,0,0
arsenic-female-bladder_949,2,0.9017857142857144,0.0008533000946044,0.0001552104949951,1,0,0,0,1,0,1,0,0,0,0,0,0,0,0,0,0,0,1,0,0,0,0,0,0
arsenic-female-bladder_949,2,0.9017857142857144,0.0013437271118164,0.0001900196075439,0,1,0,1,0,0,0,0,0,1,0,0,0,0,0,0,0,0,0,0,0,0,0,1,0
arsenic-female-bladder_949,2,0.9017857142857144,0.0008406639099121,0.0001540184020996,0,1,0,1,0,0,0,1,0,0,0,0,0,0,0,0,0,0,0,0,0,0,0,1,0
arsenic-female-bladder_949,2,0.9017857142857144,0.0008325576782226,0.0001533031463623,1,0,0,0,1,1,0,0,0,0,0,0,0,0,0,0,0,0,1,0,0,0,0,0,0
arsenic-female-bladder_949,2,0.9017857142857144,0.0009224414825439,0.0001547336578369,1,0,1,0,0,1,0,0,0,0,0,0,0,0,0,0,0,0,0,0,0,0,0,1,0
arsenic-female-bladder_949,2,0.9017857142857144,0.0011653900146484,0.0001881122589111,0,1,1,0,0,0,0,0,0,1,0,0,0,0,0,0,0,0,0,0,0,0,0,0,1
arsenic-female-bladder_949,2,0.9017857142857144,0.0008816719055175,0.0001535415649414,0,1,1,0,0,0,1,0,0,0,0,0,0,0,0,0,0,0,1,0,0,0,0,0,0
arsenic-female-bladder_949,2,0.9017857142857144,0.0012593269348144,0.0003049373626708,0,1,1,0,0,0,0,0,0,0,0,1,0,0,0,0,0,0,1,0,0,0,0,0,0
arsenic-female-bladder_949,2,0.9017857142857144,0.0014674663543701,0.000209093093872,0,1,0,0,1,0,0,0,0,1,0,0,0,0,0,0,0,0,0,1,0,0,0,0,0
arsenic-female-bladder_949,2,0.9017857142857144,0.000892162322998,0.0001528263092041,0,1,1,0,0,1,0,0,0,0,0,0,0,0,0,0,0,0,0,0,0,0,0,0,1
PizzaCutter3_1444,0,0.9043062200956936,0.0507731437683105,0.0007526874542236,0,1,0,1,0,0,0,0,0,0,0,0,0,0,0,1,0,0,1,0,0,0,0,0,0
PizzaCutter3_1444,0,0.9043062200956936,0.0164361000061035,0.0007424354553222,1,0,1,0,0,0,0,0,0,0,0,0,0,0,0,1,0,0,0,0,0,0,1,0,0
PizzaCutter3_1444,0,0.9043062200956936,0.0277845859527587,0.0008158683776855,1,0,0,1,0,0,0,0,0,0,0,0,0,0,0,1,0,0,1,0,0,0,0,0,0
PizzaCutter3_1444,0,0.9043062200956936,0.0147814750671386,0.0018999576568603,1,0,0,1,0,0,0,0,0,0,0,0,1,0,0,0,0,0,1,0,0,0,0,0,0
PizzaCutter3_1444,0,0.9043062200956936,0.0290157794952392,0.0007922649383544,1,0,0,0,1,0,0,0,0,0,0,0,0,0,0,1,0,0,0,0,0,0,1,0,0
PizzaCutter3_1444,0,0.9043062200956936,0.015709638595581,0.0008347034454345,0,1,0,1,0,0,0,0,0,0,0,0,1,0,0,0,0,0,1,0,0,0,0,0,0
PizzaCutter3_1444,0,0.9043062200956936,0.023395299911499,0.0007359981536865,0,1,1,0,0,0,0,0,0,0,0,0,1,0,0,0,0,0,1,0,0,0,0,0,0
PizzaCutter3_1444,0,0.9043062200956936,0.0149013996124267,0.0007627010345458,0,1,1,0,0,0,0,0,0,0,0,0,0,0,0,1,0,0,1,0,0,0,0,0,0
PizzaCutter3_1444,0,0.9043062200956936,0.0438697338104248,0.0007581710815429,0,1,0,1,0,0,0,0,0,0,0,0,0,0,0,1,0,0,0,0,0,0,1,0,0
PizzaCutter3_1444,0,0.9043062200956936,0.0167443752288818,0.0007476806640625,1,0,1,0,0,0,0,0,0,0,0,0,0,0,0,1,0,0,1,0,0,0,0,0,0
PizzaCutter3_1444,0,0.9043062200956936,0.0143282413482666,0.0007491111755371,1,0,1,0,0,0,0,0,0,0,0,0,1,0,0,0,0,0,1,0,0,0,0,0,0
PizzaCutter3_1444,0,0.9043062200956936,0.0489511489868164,0.0008130073547363,0,1,1,0,0,0,0,0,0,0,0,0,0,0,0,1,0,0,0,0,0,0,1,0,0
PizzaCutter3_1444,0,0.9043062200956936,0.0272226333618164,0.0010046958923339,1,0,0,0,1,0,0,0,0,0,0,0,0,0,0,1,0,0,1,0,0,0,0,0,0
PizzaCutter3_1444,0,0.9043062200956936,0.0146417617797851,0.0007202625274658,1,0,0,0,1,0,0,0,0,0,0,0,1,0,0,0,0,0,1,0,0,0,0,0,0
PizzaCutter3_1444,0,0.9043062200956936,0.0238199234008789,0.000983715057373,1,0,0,1,0,0,0,0,0,0,0,0,0,0,0,1,0,0,0,0,0,0,1,0,0
PizzaCutter3_1444,0,0.9043062200956936,0.0151195526123046,0.001105785369873,0,1,0,0,1,0,0,0,0,0,0,0,0,0,0,1,0,0,0,0,0,0,1,0,0
PizzaCutter3_1444,0,0.9043062200956936,0.0139994621276855,0.0007071495056152,0,1,0,0,1,0,0,0,0,0,0,0,1,0,0,0,0,0,1,0,0,0,0,0,0
PizzaCutter3_1444,0,0.9043062200956936,0.0169990062713623,0.0007820129394531,0,1,0,0,1,0,0,0,0,0,0,0,0,0,0,1,0,0,1,0,0,0,0,0,0
PizzaCutter3_1444,0,0.8995215311004785,0.0014305114746093,0.0002307891845703,1,0,0,1,0,0,0,0,0,0,0,0,0,0,0,0,0,1,0,1,0,0,0,0,0
PizzaCutter3_1444,1,0.8995215311004785,0.0010459423065185,0.0001614093780517,1,0,0,1,0,0,0,0,1,0,0,0,0,0,0,0,0,0,0,1,0,0,0,0,0
robot-failures-lp5_1520,3,0.7878787878787878,0.0011296272277832,0.0002148151397705,0,1,0,0,1,0,0,0,0,0,0,0,0,0,0,0,0,1,0,0,1,0,0,0,0
robot-failures-lp5_1520,3,0.7878787878787878,0.0009858608245849,0.0002224445343017,0,1,1,0,0,0,0,0,0,0,0,0,0,0,0,0,0,1,0,0,1,0,0,0,0
robot-failures-lp5_1520,3,0.7878787878787878,0.0009291172027587,0.0002102851867675,0,1,0,1,0,0,0,0,0,0,0,0,0,0,0,0,0,1,0,0,1,0,0,0,0
robot-failures-lp5_1520,3,0.7878787878787878,0.0010378360748291,0.0002291202545166,1,0,0,0,1,0,0,0,0,0,0,0,0,0,0,0,0,1,0,0,1,0,0,0,0
robot-failures-lp5_1520,3,0.7878787878787878,0.0009272098541259,0.0002229213714599,1,0,1,0,0,0,0,0,0,0,0,0,0,0,0,0,0,1,0,0,1,0,0,0,0
robot-failures-lp5_1520,3,0.7878787878787878,0.0012662410736083,0.0002272129058837,1,0,0,1,0,0,0,0,0,0,0,0,0,0,0,0,0,1,0,0,1,0,0,0,0
robot-failures-lp5_1520,4,0.71875,0.0010230541229248,0.0002281665802001,0,1,1,0,0,0,0,0,0,0,0,0,0,0,0,0,1,0,0,0,1,0,0,0,0
robot-failures-lp5_1520,4,0.71875,0.0010452270507812,0.0002238750457763,0,1,0,0,1,0,0,0,0,0,0,0,0,0,0,0,1,0,0,0,1,0,0,0,0
robot-failures-lp5_1520,4,0.71875,0.0009951591491699,0.0002496242523193,0,1,0,1,0,0,0,0,0,0,0,0,0,0,0,0,1,0,0,0,1,0,0,0,0
robot-failures-lp5_1520,4,0.71875,0.0010836124420166,0.0002417564392089,1,0,0,1,0,0,0,0,0,0,0,0,0,0,0,0,1,0,0,0,1,0,0,0,0
robot-failures-lp5_1520,4,0.71875,0.0010714530944824,0.0002303123474121,1,0,1,0,0,0,0,0,0,0,0,0,0,0,0,0,1,0,0,0,1,0,0,0,0
robot-failures-lp5_1520,4,0.71875,0.0010735988616943,0.0002305507659912,1,0,0,0,1,0,0,0,0,0,0,0,0,0,0,0,1,0,0,0,1,0,0,0,0
robot-failures-lp5_1520,3,0.696969696969697,0.0008430480957031,0.000206708908081,0,1,0,1,0,0,0,0,0,0,0,0,0,0,0,0,0,1,0,0,0,1,0,0,0
robot-failures-lp5_1520,3,0.696969696969697,0.0008728504180908,0.0002274513244628,0,1,0,0,1,0,0,0,0,0,0,0,0,0,0,0,0,1,0,0,0,1,0,0,0
robot-failures-lp5_1520,3,0.696969696969697,0.0009090900421142,0.0002088546752929,0,1,1,0,0,0,0,0,0,0,0,0,0,0,0,0,0,1,0,0,0,1,0,0,0
robot-failures-lp5_1520,3,0.696969696969697,0.0009219646453857,0.0002102851867675,1,0,0,1,0,0,0,0,0,0,0,0,0,0,0,0,0,1,0,0,0,1,0,0,0
robot-failures-lp5_1520,3,0.696969696969697,0.000889778137207,0.0002112388610839,1,0,1,0,0,0,0,0,0,0,0,0,0,0,0,0,0,1,0,0,0,1,0,0,0
robot-failures-lp5_1520,3,0.696969696969697,0.0008745193481445,0.0002052783966064,1,0,0,0,1,0,0,0,0,0,0,0,0,0,0,0,0,1,0,0,0,1,0,0,0
robot-failures-lp5_1520,4,0.6875,0.0010106563568115,0.0002107620239257,0,1,0,0,1,0,0,1,0,0,0,0,0,0,0,0,0,0,0,0,1,0,0,0,0
robot-failures-lp5_1520,4,0.6875,0.0008668899536132,0.0002081394195556,0,1,1,0,0,0,0,1,0,0,0,0,0,0,0,0,0,0,0,0,1,0,0,0,0
satimage_182,0,0.9105754276827372,1.4393980503082275,0.0186352729797363,0,1,0,0,1,0,0,0,0,0,0,0,0,0,0,1,0,0,0,0,0,0,1,0,0
satimage_182,0,0.9105754276827372,2.076261281967163,0.0231020450592041,0,1,0,1,0,0,0,0,0,0,0,0,0,0,0,1,0,0,0,0,0,0,1,0,0
satimage_182,0,0.9105754276827372,1.7166194915771484,0.0396504402160644,1,0,1,0,0,0,0,0,0,0,0,0,0,0,0,1,0,0,0,0,0,0,1,0,0
satimage_182,0,0.9105754276827372,1.6703014373779297,0.0148415565490722,0,1,1,0,0,0,0,0,0,0,0,0,0,0,0,1,0,0,0,0,0,0,1,0,0
satimage_182,0,0.9105754276827372,1.9240305423736568,0.0194036960601806,1,0,0,0,1,0,0,0,0,0,0,0,0,0,0,1,0,0,0,0,0,0,1,0,0
satimage_182,0,0.9105754276827372,1.7476351261138916,0.014986515045166,1,0,0,1,0,0,0,0,0,0,0,0,0,0,0,1,0,0,0,0,0,0,1,0,0
satimage_182,0,0.9097978227060654,1.4654309749603271,0.0147986412048339,1,0,1,0,0,0,0,0,0,0,0,0,0,0,0,1,0,0,1,0,0,0,0,0,0
satimage_182,0,0.9097978227060654,1.596364974975586,0.0274932384490966,0,1,0,0,1,0,0,0,0,0,0,0,0,0,0,1,0,0,1,0,0,0,0,0,0
satimage_182,0,0.9097978227060654,1.3589448928833008,0.0151011943817138,0,1,1,0,0,0,0,0,0,0,0,0,0,0,0,1,0,0,1,0,0,0,0,0,0
satimage_182,0,0.9097978227060654,2.0246005058288574,0.0227625370025634,1,0,0,0,1,0,0,0,0,0,0,0,0,0,0,1,0,0,1,0,0,0,0,0,0
satimage_182,0,0.9097978227060654,1.7062420845031738,0.0173561573028564,0,1,0,1,0,0,0,0,0,0,0,0,0,0,0,1,0,0,1,0,0,0,0,0,0
satimage_182,0,0.9097978227060654,1.811250686645508,0.0221543312072753,1,0,0,1,0,0,0,0,0,0,0,0,0,0,0,1,0,0,1,0,0,0,0,0,0
satimage_182,2,0.9027993779160186,2.081720352172852,0.0282127857208251,1,0,0,0,1,0,0,0,0,0,0,0,0,0,0,1,0,0,1,0,0,0,0,0,0
satimage_182,2,0.9027993779160186,4.201388835906982,0.0254669189453125,0,1,0,0,1,0,0,0,0,0,0,0,0,0,0,1,0,0,1,0,0,0,0,0,0
satimage_182,2,0.9027993779160186,1.3294520378112793,0.0116117000579833,0,1,1,0,0,0,0,0,0,0,0,0,0,0,0,1,0,0,1,0,0,0,0,0,0
satimage_182,2,0.9027993779160186,1.9342963695526123,0.018439769744873,1,0,0,1,0,0,0,0,0,0,0,0,0,0,0,1,0,0,1,0,0,0,0,0,0
satimage_182,2,0.9027993779160186,1.645493507385254,0.0200741291046142,0,1,0,1,0,0,0,0,0,0,0,0,0,0,0,1,0,0,1,0,0,0,0,0,0
satimage_182,2,0.9027993779160186,1.4730608463287354,0.0172247886657714,1,0,1,0,0,0,0,0,0,0,0,0,0,0,0,1,0,0,1,0,0,0,0,0,0
satimage_182,1,0.9004665629860031,1.3410279750823977,0.020726203918457,0,1,0,0,1,0,0,0,0,0,0,0,0,0,0,1,0,0,0,0,0,0,1,0,0
satimage_182,1,0.9004665629860031,1.6990885734558103,0.0180983543395996,1,0,1,0,0,0,0,0,0,0,0,0,0,0,0,1,0,0,0,0,0,0,1,0,0
fri_c4_500_50_805,3,0.73,0.0009083747863769,0.0001587867736816,1,0,1,0,0,1,0,0,0,0,0,0,0,0,0,0,0,0,0,1,0,0,0,0,0
fri_c4_500_50_805,3,0.73,0.0009398460388183,0.0001704692840576,0,1,0,1,0,1,0,0,0,0,0,0,0,0,0,0,0,0,0,0,0,0,0,1,0
fri_c4_500_50_805,3,0.73,0.0009429454803466,0.0001692771911621,1,0,0,0,1,1,0,0,0,0,0,0,0,0,0,0,0,0,0,0,1,0,0,0,0
fri_c4_500_50_805,3,0.73,0.0008959770202636,0.0001752376556396,0,1,0,1,0,1,0,0,0,0,0,0,0,0,0,0,0,0,0,0,0,0,0,0,1
fri_c4_500_50_805,3,0.73,0.000927448272705,0.0001695156097412,0,1,0,1,0,1,0,0,0,0,0,0,0,0,0,0,0,0,0,0,1,0,0,0,0
fri_c4_500_50_805,3,0.73,0.0009212493896484,0.0001692771911621,0,1,0,0,1,1,0,0,0,0,0,0,0,0,0,0,0,0,0,1,0,0,0,0,0
fri_c4_500_50_805,3,0.73,0.0009260177612304,0.0001657009124755,1,0,0,1,0,1,0,0,0,0,0,0,0,0,0,0,0,0,0,0,0,0,0,0,1
fri_c4_500_50_805,3,0.73,0.0008893013000488,0.0001718997955322,1,0,1,0,0,1,0,0,0,0,0,0,0,0,0,0,0,0,0,0,0,0,0,0,1
fri_c4_500_50_805,3,0.73,0.0009381771087646,0.0001704692840576,0,1,0,1,0,1,0,0,0,0,0,0,0,0,0,0,0,0,1,0,0,0,0,0,0
fri_c4_500_50_805,3,0.73,0.0008933544158935,0.000162124633789,1,0,0,0,1,1,0,0,0,0,0,0,0,0,0,0,0,0,0,0,0,0,0,1,0
fri_c4_500_50_805,3,0.73,0.0009682178497314,0.0001606941223144,1,0,1,0,0,1,0,0,0,0,0,0,0,0,0,0,0,0,0,0,0,0,0,1,0
fri_c4_500_50_805,3,0.73,0.0008907318115234,0.0001618862152099,1,0,0,1,0,1,0,0,0,0,0,0,0,0,0,0,0,0,0,1,0,0,0,0,0
fri_c4_500_50_805,3,0.73,0.0010361671447753,0.0001695156097412,0,1,0,0,1,1,0,0,0,0,0,0,0,0,0,0,0,0,0,0,0,0,0,1,0
fri_c4_500_50_805,3,0.73,0.0009152889251708,0.0001609325408935,1,0,1,0,0,1,0,0,0,0,0,0,0,0,0,0,0,0,1,0,0,0,0,0,0
fri_c4_500_50_805,3,0.73,0.0009300708770751,0.0001773834228515,0,1,0,1,0,1,0,0,0,0,0,0,0,0,0,0,0,0,0,1,0,0,0,0,0
fri_c4_500_50_805,3,0.73,0.0009412765502929,0.0002708435058593,0,1,1,0,0,1,0,0,0,0,0,0,0,0,0,0,0,0,1,0,0,0,0,0,0
fri_c4_500_50_805,3,0.73,0.0009465217590332,0.0001692771911621,1,0,0,1,0,1,0,0,0,0,0,0,0,0,0,0,0,0,0,0,1,0,0,0,0
fri_c4_500_50_805,3,0.73,0.0009100437164306,0.0001723766326904,1,0,0,0,1,1,0,0,0,0,0,0,0,0,0,0,0,0,0,1,0,0,0,0,0
fri_c4_500_50_805,3,0.73,0.0012857913970947,0.000237226486206,0,1,0,0,1,1,0,0,0,0,0,0,0,0,0,0,0,0,1,0,0,0,0,0,0
fri_c4_500_50_805,3,0.73,0.0008823871612548,0.0001673698425292,1,0,1,0,0,1,0,0,0,0,0,0,0,0,0,0,0,0,0,0,1,0,0,0,0
SPECT_336,2,0.8867924528301887,0.0015323162078857,0.0002036094665527,0,1,1,0,0,0,0,0,0,0,0,1,0,0,0,0,0,0,0,0,0,0,0,1,0
SPECT_336,2,0.8867924528301887,0.0018157958984375,0.0008473396301269,0,1,0,0,1,0,0,0,0,0,0,1,0,0,0,0,0,0,0,1,0,0,0,0,0
SPECT_336,2,0.8867924528301887,0.0019335746765136,0.0008718967437744,0,1,1,0,0,0,0,0,0,0,0,1,0,0,0,0,0,0,0,1,0,0,0,0,0
SPECT_336,2,0.8867924528301887,0.0018751621246337,0.0008604526519775,1,0,0,1,0,0,0,0,0,0,0,1,0,0,0,0,0,0,0,1,0,0,0,0,0
SPECT_336,2,0.8867924528301887,0.0019683837890625,0.0008935928344726,1,0,1,0,0,0,0,0,0,0,0,1,0,0,0,0,0,0,0,1,0,0,0,0,0
SPECT_336,4,0.8867924528301887,0.000643253326416,0.0001442432403564,1,0,0,1,0,0,0,0,0,0,0,0,0,0,0,0,0,1,0,0,1,0,0,0,0
SPECT_336,2,0.8867924528301887,0.0014123916625976,0.0002088546752929,1,0,1,0,0,0,0,0,0,0,0,1,0,0,0,0,0,0,1,0,0,0,0,0,0
SPECT_336,4,0.8867924528301887,0.0006239414215087,0.0001440048217773,1,0,0,0,1,0,0,0,0,0,0,0,0,0,0,0,0,1,0,0,1,0,0,0,0
SPECT_336,2,0.8867924528301887,0.000765323638916,0.0001478195190429,0,1,0,0,1,0,0,1,0,0,0,0,0,0,0,0,0,0,0,0,1,0,0,0,0
SPECT_336,4,0.8867924528301887,0.0008220672607421,0.0001473426818847,0,1,0,0,1,0,0,0,0,0,0,0,0,0,0,0,0,1,0,0,1,0,0,0,0
SPECT_336,2,0.8867924528301887,0.0013108253479003,0.0002014636993408,0,1,1,0,0,0,0,0,0,0,0,1,0,0,0,0,0,0,1,0,0,0,0,0,0
SPECT_336,2,0.8867924528301887,0.0006895065307617,0.0001468658447265,0,1,0,1,0,0,0,1,0,0,0,0,0,0,0,0,0,0,0,0,1,0,0,0,0
SPECT_336,2,0.8867924528301887,0.000739574432373,0.000178575515747,1,0,1,0,0,0,0,1,0,0,0,0,0,0,0,0,0,0,0,0,1,0,0,0,0
SPECT_336,2,0.8867924528301887,0.0013422966003417,0.0002028942108154,0,1,1,0,0,0,0,0,0,0,0,1,0,0,0,0,0,0,0,0,0,0,1,0,0
SPECT_336,2,0.8867924528301887,0.0011146068572998,0.0001821517944335,1,0,0,1,0,0,0,0,0,0,0,1,0,0,0,0,0,0,0,0,0,0,0,1,0
SPECT_336,2,0.8867924528301887,0.0036323070526123,0.0002586841583251,1,0,0,0,1,0,0,0,0,0,0,1,0,0,0,0,0,0,0,0,0,0,0,1,0
SPECT_336,2,0.8867924528301887,0.0013177394866943,0.0002002716064453,1,0,1,0,0,0,0,0,0,0,0,1,0,0,0,0,0,0,0,0,0,0,0,1,0
SPECT_336,4,0.8867924528301887,0.0007209777832031,0.0001444816589355,1,0,1,0,0,0,0,0,0,0,0,0,0,0,0,0,0,1,0,0,1,0,0,0,0
SPECT_336,4,0.8867924528301887,0.0007715225219726,0.0001492500305175,0,1,1,0,0,0,0,0,0,0,0,0,0,0,0,0,0,1,0,0,1,0,0,0,0
SPECT_336,2,0.8867924528301887,0.0012993812561035,0.000199556350708,0,1,0,0,1,0,0,0,0,0,0,1,0,0,0,0,0,0,1,0,0,0,0,0,0
LED-display-domain-7digit_40496,4,0.75,0.0022542476654052,0.0004503726959228,0,1,1,0,0,0,0,0,0,1,0,0,0,0,0,0,0,0,0,0,1,0,0,0,0
LED-display-domain-7digit_40496,4,0.75,0.001732587814331,0.0004668235778808,1,0,0,0,1,0,0,0,0,0,0,1,0,0,0,0,0,0,0,0,1,0,0,0,0
LED-display-domain-7digit_40496,4,0.75,0.0015523433685302,0.0003995895385742,0,1,1,0,0,0,0,0,0,0,0,1,0,0,0,0,0,0,0,0,1,0,0,0,0
LED-display-domain-7digit_40496,4,0.75,0.0018727779388427,0.0004303455352783,0,1,0,1,0,0,0,0,0,1,0,0,0,0,0,0,0,0,0,0,1,0,0,0,0
LED-display-domain-7digit_40496,4,0.75,0.0016157627105712,0.0004034042358398,0,1,0,0,1,0,0,0,0,0,0,1,0,0,0,0,0,0,0,0,1,0,0,0,0
LED-display-domain-7digit_40496,4,0.75,0.0015106201171875,0.0003843307495117,0,1,0,0,1,0,1,0,0,0,0,0,0,0,0,0,0,0,0,0,1,0,0,0,0
LED-display-domain-7digit_40496,4,0.75,0.001439094543457,0.0003600120544433,0,1,1,0,0,0,1,0,0,0,0,0,0,0,0,0,0,0,0,0,1,0,0,0,0
LED-display-domain-7digit_40496,4,0.75,0.0014641284942626,0.0003659725189208,0,1,1,0,0,0,0,0,0,0,0,0,0,1,0,0,0,0,0,0,1,0,0,0,0
LED-display-domain-7digit_40496,4,0.75,0.0015869140625,0.0003631114959716,0,1,0,0,1,0,0,0,0,0,0,0,0,1,0,0,0,0,0,0,1,0,0,0,0
LED-display-domain-7digit_40496,4,0.75,0.0015325546264648,0.0004229545593261,0,1,0,1,0,0,0,0,0,0,0,1,0,0,0,0,0,0,0,0,1,0,0,0,0
LED-display-domain-7digit_40496,4,0.75,0.0014560222625732,0.0003855228424072,1,0,1,0,0,0,1,0,0,0,0,0,0,0,0,0,0,0,0,0,1,0,0,0,0
LED-display-domain-7digit_40496,4,0.75,0.001467227935791,0.0003552436828613,0,1,0,1,0,0,1,0,0,0,0,0,0,0,0,0,0,0,0,0,1,0,0,0,0
LED-display-domain-7digit_40496,4,0.75,0.0014984607696533,0.0003604888916015,0,1,0,1,0,0,0,0,0,0,0,0,0,1,0,0,0,0,0,0,1,0,0,0,0
LED-display-domain-7digit_40496,4,0.75,0.0015358924865722,0.0003798007965087,1,0,0,1,0,0,0,0,0,0,0,1,0,0,0,0,0,0,0,0,1,0,0,0,0
LED-display-domain-7digit_40496,4,0.75,0.0019316673278808,0.0004553794860839,1,0,0,1,0,0,0,0,0,1,0,0,0,0,0,0,0,0,0,0,1,0,0,0,0
LED-display-domain-7digit_40496,4,0.75,0.0016822814941406,0.0003986358642578,1,0,0,1,0,0,0,0,0,0,0,0,0,1,0,0,0,0,0,0,1,0,0,0,0
LED-display-domain-7digit_40496,4,0.75,0.001502513885498,0.0003750324249267,1,0,1,0,0,0,0,0,0,0,0,1,0,0,0,0,0,0,0,0,1,0,0,0,0
LED-display-domain-7digit_40496,4,0.75,0.0034995079040527,0.0005338191986083,1,0,1,0,0,0,0,0,0,1,0,0,0,0,0,0,0,0,0,0,1,0,0,0,0
LED-display-domain-7digit_40496,4,0.75,0.0015408992767333,0.0003509521484375,1,0,1,0,0,0,0,0,0,0,0,0,0,1,0,0,0,0,0,0,1,0,0,0,0
LED-display-domain-7digit_40496,4,0.75,0.0015101432800292,0.0004212856292724,1,0,0,0,1,0,0,0,0,0,0,0,0,1,0,0,0,0,0,0,1,0,0,0,0
Mammographic-Mass-Data-Set_45557,0,0.8341968911917098,0.0008039474487304,0.0001730918884277,0,1,0,0,1,0,0,0,0,0,0,0,0,0,0,0,0,1,0,0,0,0,0,0,1
Mammographic-Mass-Data-Set_45557,0,0.8341968911917098,0.0007140636444091,0.0001752376556396,0,1,0,1,0,0,0,0,0,0,0,0,0,0,0,0,0,1,0,0,0,0,0,0,1
Mammographic-Mass-Data-Set_45557,0,0.8341968911917098,0.0007827281951904,0.0001735687255859,0,1,0,1,0,0,0,0,0,0,0,0,0,0,0,0,0,1,0,0,0,0,0,1,0
Mammographic-Mass-Data-Set_45557,0,0.8341968911917098,0.0008299350738525,0.0001797676086425,0,1,1,0,0,0,0,0,0,0,0,0,0,0,0,0,0,1,0,0,0,0,0,0,1
Mammographic-Mass-Data-Set_45557,0,0.8341968911917098,0.0007967948913574,0.0001752376556396,0,1,1,0,0,0,0,0,0,0,0,0,0,0,0,0,0,1,0,0,0,0,0,1,0
Mammographic-Mass-Data-Set_45557,0,0.8341968911917098,0.0008378028869628,0.0001773834228515,0,1,0,0,1,0,0,0,0,0,0,0,0,0,0,0,0,1,0,0,0,0,0,1,0
Mammographic-Mass-Data-Set_45557,0,0.8290155440414507,0.0007662773132324,0.0001728534698486,0,1,0,1,0,0,0,0,0,0,0,0,0,0,0,0,0,1,0,0,0,1,0,0,0
Mammographic-Mass-Data-Set_45557,0,0.8290155440414507,0.0008904933929443,0.0002126693725585,0,1,1,0,0,0,0,1,0,0,0,0,0,0,0,0,0,0,0,0,0,1,0,0,0
Mammographic-Mass-Data-Set_45557,0,0.8290155440414507,0.0007297992706298,0.0001730918884277,0,1,1,0,0,0,0,0,0,0,0,0,0,0,0,0,0,1,0,0,0,1,0,0,0
Mammographic-Mass-Data-Set_45557,0,0.8290155440414507,0.0008630752563476,0.0001845359802246,0,1,0,0,1,0,0,1,0,0,0,0,0,0,0,0,0,0,0,0,0,1,0,0,0
Mammographic-Mass-Data-Set_45557,0,0.8290155440414507,0.0011126995086669,0.0001919269561767,0,1,0,1,0,0,0,1,0,0,0,0,0,0,0,0,0,0,0,0,0,1,0,0,0
Mammographic-Mass-Data-Set_45557,0,0.8290155440414507,0.0008065700531005,0.0001752376556396,0,1,0,0,1,0,0,0,0,0,0,0,0,0,0,0,0,1,0,0,0,1,0,0,0
Mammographic-Mass-Data-Set_45557,2,0.828125,0.0007994174957275,0.000173807144165,0,1,0,1,0,0,0,1,0,0,0,0,0,0,0,0,0,0,0,0,0,0,0,0,1
Mammographic-Mass-Data-Set_45557,2,0.828125,0.0007343292236328,0.0001730918884277,0,1,1,0,0,0,0,1,0,0,0,0,0,0,0,0,0,0,0,0,0,1,0,0,0
Mammographic-Mass-Data-Set_45557,2,0.828125,0.0470852851867675,0.0008397102355957,0,1,1,0,0,0,0,0,0,0,0,0,1,0,0,0,0,0,1,0,0,0,0,0,0
Mammographic-Mass-Data-Set_45557,2,0.828125,0.0008342266082763,0.0001757144927978,0,1,0,1,0,0,0,1,0,0,0,0,0,0,0,0,0,0,0,0,0,1,0,0,0
Mammographic-Mass-Data-Set_45557,2,0.828125,0.0008125305175781,0.0001823902130126,0,1,0,0,1,0,0,1,0,0,0,0,0,0,0,0,0,0,0,0,0,1,0,0,0
Mammographic-Mass-Data-Set_45557,2,0.828125,0.0009286403656005,0.0001866817474365,0,1,1,0,0,0,0,1,0,0,0,0,0,0,0,0,0,0,0,0,0,0,0,0,1
Mammographic-Mass-Data-Set_45557,2,0.828125,0.0593726634979248,0.000676155090332,0,1,0,1,0,0,0,0,0,0,0,0,1,0,0,0,0,0,1,0,0,0,0,0,0
Mammographic-Mass-Data-Set_45557,2,0.828125,0.0007908344268798,0.0001747608184814,0,1,0,0,1,0,0,1,0,0,0,0,0,0,0,0,0,0,0,0,0,0,0,0,1
vote_56,4,0.9885057471264368,0.0008351802825927,0.0001502037048339,1,0,0,1,0,0,0,0,0,0,0,0,0,0,0,0,1,0,0,1,0,0,0,0,0
vote_56,1,0.9885057471264368,0.0011146068572998,0.0002026557922363,1,0,0,1,0,0,0,0,0,0,1,0,0,0,0,0,0,0,0,0,0,0,0,1,0
vote_56,4,0.9885057471264368,0.0007495880126953,0.0001473426818847,1,0,0,1,0,0,0,0,0,0,0,0,0,0,0,0,1,0,0,0,1,0,0,0,0
vote_56,4,0.9885057471264368,0.0008366107940673,0.0001807212829589,0,1,0,1,0,0,0,0,0,0,1,0,0,0,0,0,0,0,0,0,1,0,0,0,0
vote_56,4,0.9885057471264368,0.0008950233459472,0.0001606941223144,1,0,0,1,0,0,0,0,0,0,1,0,0,0,0,0,0,0,0,0,1,0,0,0,0
vote_56,4,0.9885057471264368,0.0007555484771728,0.0001502037048339,1,0,0,1,0,0,0,0,0,0,0,0,0,0,0,0,1,0,0,0,0,0,1,0,0
vote_56,4,0.9885057471264368,0.0007116794586181,0.0001652240753173,1,0,0,1,0,0,0,0,0,0,0,0,0,0,0,0,1,0,0,0,0,0,0,1,0
vote_56,4,0.9885057471264368,0.0007269382476806,0.0001454353332519,0,1,0,1,0,0,0,0,0,0,0,0,0,0,0,0,1,0,0,1,0,0,0,0,0
vote_56,0,0.9885057471264368,0.000859260559082,0.0001471042633056,0,1,0,0,1,0,0,0,0,0,1,0,0,0,0,0,0,0,0,0,0,0,0,1,0
vote_56,4,0.9885057471264368,0.0006861686706542,0.0001404285430908,0,1,0,1,0,0,0,0,0,0,0,0,0,0,0,0,1,0,0,0,0,1,0,0,0
vote_56,4,0.9885057471264368,0.0008761882781982,0.0001585483551025,1,0,0,1,0,0,0,0,0,0,0,0,0,0,0,0,1,0,1,0,0,0,0,0,0
vote_56,0,0.9885057471264368,0.0007731914520263,0.0001683235168457,0,1,0,0,1,0,0,0,0,0,1,0,0,0,0,0,0,0,0,1,0,0,0,0,0
vote_56,4,0.9885057471264368,0.0008914470672607,0.0001521110534667,0,1,0,1,0,0,0,0,0,0,0,0,0,0,0,0,1,0,0,0,0,0,0,0,1
vote_56,4,0.9885057471264368,0.0007796287536621,0.0001485347747802,0,1,0,1,0,0,0,0,0,0,0,0,0,0,0,0,1,0,0,0,0,0,1,0,0
vote_56,4,0.9885057471264368,0.0007002353668212,0.0001461505889892,0,1,0,1,0,0,0,0,0,0,0,0,0,0,0,0,1,0,0,0,1,0,0,0,0
vote_56,4,0.9885057471264368,0.0009193420410156,0.0001535415649414,1,0,0,1,0,0,0,0,0,0,0,0,0,0,0,0,1,0,0,0,0,0,0,0,1
vote_56,4,0.9885057471264368,0.0007705688476562,0.0001492500305175,0,1,0,1,0,0,0,0,0,0,0,0,0,0,0,0,1,0,0,0,0,0,0,1,0
vote_56,4,0.9885057471264368,0.0010199546813964,0.0001606941223144,0,1,0,1,0,0,0,0,0,0,0,0,0,0,0,0,1,0,1,0,0,0,0,0,0
vote_56,4,0.9885057471264368,0.0007455348968505,0.0001506805419921,1,0,0,1,0,0,0,0,0,0,0,0,0,0,0,0,1,0,0,0,0,1,0,0,0
vote_56,1,0.9770114942528736,0.0008583068847656,0.0001859664916992,1,0,0,1,0,0,0,0,1,0,0,0,0,0,0,0,0,0,0,0,0,1,0,0,0
chscase_census2_909,4,0.6,0.0096733570098876,0.0005819797515869,0,1,0,1,0,0,0,0,0,0,0,0,0,0,0,1,0,0,1,0,0,0,0,0,0
chscase_census2_909,4,0.6,0.0077748298645019,0.0004711151123046,0,1,0,0,1,0,0,0,0,0,0,0,0,0,0,1,0,0,1,0,0,0,0,0,0
chscase_census2_909,4,0.6,0.0094544887542724,0.0004870891571044,0,1,1,0,0,0,0,0,0,0,0,0,0,0,0,1,0,0,1,0,0,0,0,0,0
chscase_census2_909,4,0.6,0.0073528289794921,0.0004446506500244,1,0,0,0,1,0,0,0,0,0,0,0,0,0,0,1,0,0,1,0,0,0,0,0,0
chscase_census2_909,4,0.6,0.0076444149017333,0.00042724609375,1,0,0,1,0,0,0,0,0,0,0,0,0,0,0,1,0,0,1,0,0,0,0,0,0
chscase_census2_909,4,0.6,0.0077588558197021,0.0003736019134521,1,0,1,0,0,0,0,0,0,0,0,0,0,0,0,1,0,0,1,0,0,0,0,0,0
chscase_census2_909,0,0.6,0.0075714588165283,0.0020313262939453,1,0,0,0,1,0,0,0,0,0,0,0,1,0,0,0,0,0,0,1,0,0,0,0,0
chscase_census2_909,1,0.6,0.0097713470458984,0.0005290508270263,1,0,0,0,1,0,0,0,0,0,0,0,0,0,0,1,0,0,0,1,0,0,0,0,0
chscase_census2_909,1,0.6,0.0081970691680908,0.0004003047943115,0,1,0,1,0,0,0,0,0,0,0,0,0,0,0,1,0,0,0,1,0,0,0,0,0
chscase_census2_909,1,0.6,0.0082993507385253,0.0004301071166992,0,1,1,0,0,0,0,0,0,0,0,0,0,0,0,1,0,0,0,1,0,0,0,0,0
chscase_census2_909,1,0.6,0.0081179141998291,0.0005466938018798,1,0,0,1,0,0,0,0,0,0,0,0,0,0,0,1,0,0,0,1,0,0,0,0,0
chscase_census2_909,1,0.6,0.0103647708892822,0.0004737377166748,0,1,0,0,1,0,0,0,0,0,0,0,0,0,0,1,0,0,0,1,0,0,0,0,0
chscase_census2_909,1,0.6,0.0084338188171386,0.0005192756652832,1,0,1,0,0,0,0,0,0,0,0,0,0,0,0,1,0,0,0,1,0,0,0,0,0
chscase_census2_909,0,0.6,0.0072064399719238,0.0004258155822753,0,1,0,1,0,0,0,0,0,0,0,0,1,0,0,0,0,0,0,1,0,0,0,0,0
chscase_census2_909,0,0.6,0.011974811553955,0.0004570484161376,1,0,0,1,0,0,0,0,0,0,0,0,1,0,0,0,0,0,0,1,0,0,0,0,0
chscase_census2_909,0,0.6,0.0093967914581298,0.0004973411560058,1,0,1,0,0,0,0,0,0,0,0,0,1,0,0,0,0,0,0,1,0,0,0,0,0
chscase_census2_909,0,0.6,0.008329153060913,0.0004501342773437,0,1,0,0,1,0,0,0,0,0,0,0,1,0,0,0,0,0,0,1,0,0,0,0,0
chscase_census2_909,0,0.6,0.0074694156646728,0.0004193782806396,0,1,1,0,0,0,0,0,0,0,0,0,1,0,0,0,0,0,0,1,0,0,0,0,0
chscase_census2_909,4,0.5875,0.001474380493164,0.0001912117004394,1,0,0,0,1,0,0,0,0,0,0,0,0,0,1,0,0,0,0,0,0,0,0,0,1
chscase_census2_909,4,0.5875,0.0014605522155761,0.0001897811889648,0,1,1,0,0,0,0,0,0,0,0,0,0,0,1,0,0,0,0,0,0,0,0,1,0
autoPrice_756,1,1.0,0.0009269714355468,0.0002086162567138,1,0,1,0,0,0,1,0,0,0,0,0,0,0,0,0,0,0,0,0,0,0,0,0,1
autoPrice_756,1,1.0,0.0009393692016601,0.0001680850982666,1,0,1,0,0,0,0,0,0,0,0,0,0,1,0,0,0,0,0,0,0,0,0,0,1
autoPrice_756,1,1.0,0.0008363723754882,0.0001516342163085,0,1,1,0,0,0,1,0,0,0,0,0,0,0,0,0,0,0,0,1,0,0,0,0,0
autoPrice_756,1,1.0,0.000892162322998,0.0001561641693115,1,0,1,0,0,0,1,0,0,0,0,0,0,0,0,0,0,0,0,1,0,0,0,0,0
autoPrice_756,1,1.0,0.0015902519226074,0.0009212493896484,0,1,1,0,0,0,0,0,0,0,0,1,0,0,0,0,0,0,0,1,0,0,0,0,0
autoPrice_756,1,1.0,0.0016558170318603,0.0008842945098876,1,0,1,0,0,0,0,0,0,0,0,1,0,0,0,0,0,0,0,1,0,0,0,0,0
autoPrice_756,0,1.0,0.0008656978607177,0.0001492500305175,0,1,0,0,1,0,0,0,0,0,0,0,0,0,0,0,1,0,0,0,0,0,1,0,0
autoPrice_756,0,1.0,0.0006358623504638,0.0001468658447265,1,0,0,0,1,0,0,0,0,0,0,0,0,0,0,0,1,0,0,0,0,0,1,0,0
autoPrice_756,1,1.0,0.0009739398956298,0.0001826286315917,1,0,1,0,0,0,0,0,0,0,0,1,0,0,0,0,0,0,0,0,0,0,0,0,1
autoPrice_756,4,1.0,0.001044750213623,0.0001852512359619,0,1,0,1,0,0,1,0,0,0,0,0,0,0,0,0,0,0,0,0,1,0,0,0,0
autoPrice_756,1,1.0,0.0008785724639892,0.000159740447998,0,1,0,1,0,0,0,0,0,0,0,0,0,1,0,0,0,0,0,0,0,0,0,0,1
autoPrice_756,4,1.0,0.0011484622955322,0.00022554397583,0,1,0,0,1,0,0,0,0,1,0,0,0,0,0,0,0,0,0,0,0,1,0,0,0
autoPrice_756,4,1.0,0.0009381771087646,0.0001637935638427,0,1,0,1,0,0,0,0,0,0,0,0,0,1,0,0,0,0,0,0,1,0,0,0,0
autoPrice_756,1,1.0,0.0009169578552246,0.0001685619354248,1,0,0,1,0,0,0,0,0,0,0,0,0,1,0,0,0,0,0,0,0,0,0,1,0
autoPrice_756,1,1.0,0.0009000301361083,0.0001652240753173,1,0,0,1,0,0,1,0,0,0,0,0,0,0,0,0,0,0,0,0,0,0,0,1,0
autoPrice_756,1,1.0,0.0010123252868652,0.0001873970031738,0,1,0,1,0,0,0,0,0,1,0,0,0,0,0,0,0,0,0,1,0,0,0,0,0
autoPrice_756,1,1.0,0.0008666515350341,0.0002241134643554,0,1,0,1,0,0,1,0,0,0,0,0,0,0,0,0,0,0,0,0,0,0,0,0,1
autoPrice_756,1,1.0,0.0009419918060302,0.0001914501190185,1,0,1,0,0,0,0,0,0,0,0,0,0,1,0,0,0,0,1,0,0,0,0,0,0
autoPrice_756,1,1.0,0.0008838176727294,0.0001635551452636,1,0,1,0,0,0,1,0,0,0,0,0,0,0,0,0,0,0,1,0,0,0,0,0,0
autoPrice_756,1,1.0,0.0010249614715576,0.0001897811889648,1,0,0,0,1,0,0,0,0,0,0,0,0,1,0,0,0,0,0,0,0,1,0,0,0
