Dataset,Imputer Strategy,Categorical Strategy,Feature Selection,Scaler,Classifier,Fold,Fold Accuracy,Training Time,Testing Time,source_csv
sick_38,none,onehot,none,none,DecisionTreeClassifier(random_state=0),0,0.9933774834437086,0.0092124938964843,0.0003178119659423,sick_38_results_DecisionTreeClassifier(random_state=0).csv
sick_38,none,onehot,none,robust,DecisionTreeClassifier(random_state=0),0,0.9933774834437086,0.008918285369873,0.0002532005310058,sick_38_results_DecisionTreeClassifier(random_state=0).csv
sick_38,none,ordinalencoder,extra_tree,none,DecisionTreeClassifier(random_state=0),0,0.9933774834437086,0.0072357654571533,0.0003433227539062,sick_38_results_DecisionTreeClassifier(random_state=0).csv
sick_38,none,ordinalencoder,none,none,DecisionTreeClassifier(random_state=0),0,0.9933774834437086,0.012477159500122,0.0021669864654541,sick_38_results_DecisionTreeClassifier(random_state=0).csv
sick_38,none,ordinalencoder,none,robust,DecisionTreeClassifier(random_state=0),0,0.9933774834437086,0.0076925754547119,0.000251293182373,sick_38_results_DecisionTreeClassifier(random_state=0).csv
sick_38,none,ordinalencoder,extra_tree,robust,DecisionTreeClassifier(random_state=0),0,0.9933774834437086,0.0063912868499755,0.0002083778381347,sick_38_results_DecisionTreeClassifier(random_state=0).csv
sick_38,none,onehot,extra_tree,standard,DecisionTreeClassifier(random_state=0),4,0.993368700265252,0.0069098472595214,0.0002453327178955,sick_38_results_DecisionTreeClassifier(random_state=0).csv
sick_38,none,onehot,extra_tree,none,DecisionTreeClassifier(random_state=0),4,0.993368700265252,0.0066444873809814,0.0002326965332031,sick_38_results_DecisionTreeClassifier(random_state=0).csv
sick_38,none,onehot,extra_tree,minmax,DecisionTreeClassifier(random_state=0),4,0.993368700265252,0.0066251754760742,0.0002317428588867,sick_38_results_DecisionTreeClassifier(random_state=0).csv
sick_38,none,onehot,extra_tree,robust,DecisionTreeClassifier(random_state=0),4,0.993368700265252,0.0069532394409179,0.0002257823944091,sick_38_results_DecisionTreeClassifier(random_state=0).csv
sick_38,none,onehot,extra_tree,quantile,DecisionTreeClassifier(random_state=0),4,0.993368700265252,0.0065119266510009,0.0002162456512451,sick_38_results_DecisionTreeClassifier(random_state=0).csv
sick_38,none,ordinalencoder,none,minmax,DecisionTreeClassifier(random_state=0),0,0.9920529801324504,0.0078954696655273,0.0002527236938476,sick_38_results_DecisionTreeClassifier(random_state=0).csv
sick_38,none,onehot,none,minmax,DecisionTreeClassifier(random_state=0),0,0.9920529801324504,0.0088751316070556,0.0002460479736328,sick_38_results_DecisionTreeClassifier(random_state=0).csv
sick_38,none,onehot,extra_tree,robust,DecisionTreeClassifier(random_state=0),0,0.9920529801324504,0.0065479278564453,0.0002121925354003,sick_38_results_DecisionTreeClassifier(random_state=0).csv
sick_38,none,onehot,extra_tree,none,DecisionTreeClassifier(random_state=0),0,0.9920529801324504,0.0064437389373779,0.0002021789550781,sick_38_results_DecisionTreeClassifier(random_state=0).csv
sick_38,none,ordinalencoder,extra_tree,minmax,DecisionTreeClassifier(random_state=0),0,0.9920529801324504,0.0064547061920166,0.0002110004425048,sick_38_results_DecisionTreeClassifier(random_state=0).csv
sick_38,none,ordinalencoder,none,standard,DecisionTreeClassifier(random_state=0),0,0.9920529801324504,0.0079472064971923,0.000272512435913,sick_38_results_DecisionTreeClassifier(random_state=0).csv
sick_38,none,ordinalencoder,extra_tree,standard,DecisionTreeClassifier(random_state=0),0,0.9920529801324504,0.0064277648925781,0.0002095699310302,sick_38_results_DecisionTreeClassifier(random_state=0).csv
sick_38,none,onehot,none,standard,DecisionTreeClassifier(random_state=0),0,0.9920529801324504,0.0089783668518066,0.0002832412719726,sick_38_results_DecisionTreeClassifier(random_state=0).csv
sick_38,none,ordinalencoder,none,quantile,DecisionTreeClassifier(random_state=0),3,0.9920424403183024,0.0074703693389892,0.0002448558807373,sick_38_results_DecisionTreeClassifier(random_state=0).csv
autoUniv-au6-1000_1555,simpleimputer,ordinalencoder,nystroem,none,DecisionTreeClassifier(random_state=0),3,0.31,0.0157594680786132,0.0003485679626464,autoUniv-au6-1000_1555_results_DecisionTreeClassifier(random_state=0).csv
autoUniv-au6-1000_1555,none,ordinalencoder,nystroem,none,DecisionTreeClassifier(random_state=0),3,0.31,0.0145125389099121,0.0003204345703125,autoUniv-au6-1000_1555_results_DecisionTreeClassifier(random_state=0).csv
autoUniv-au6-1000_1555,simpleimputer,onehot,nystroem,none,DecisionTreeClassifier(random_state=0),3,0.31,0.0138406753540039,0.0002267360687255,autoUniv-au6-1000_1555_results_DecisionTreeClassifier(random_state=0).csv
autoUniv-au6-1000_1555,none,onehot,nystroem,none,DecisionTreeClassifier(random_state=0),3,0.31,0.0138072967529296,0.000223159790039,autoUniv-au6-1000_1555_results_DecisionTreeClassifier(random_state=0).csv
autoUniv-au6-1000_1555,none,onehot,linear_svc,quantile,DecisionTreeClassifier(random_state=0),3,0.305,0.0081837177276611,0.0002455711364746,autoUniv-au6-1000_1555_results_DecisionTreeClassifier(random_state=0).csv
autoUniv-au6-1000_1555,simpleimputer,onehot,linear_svc,quantile,DecisionTreeClassifier(random_state=0),3,0.305,0.0078334808349609,0.0001537799835205,autoUniv-au6-1000_1555_results_DecisionTreeClassifier(random_state=0).csv
autoUniv-au6-1000_1555,simpleimputer,ordinalencoder,select_percentile,quantile,DecisionTreeClassifier(random_state=0),3,0.29,0.0038728713989257,0.0001692771911621,autoUniv-au6-1000_1555_results_DecisionTreeClassifier(random_state=0).csv
autoUniv-au6-1000_1555,none,ordinalencoder,select_percentile,quantile,DecisionTreeClassifier(random_state=0),3,0.29,0.0037951469421386,0.0001487731933593,autoUniv-au6-1000_1555_results_DecisionTreeClassifier(random_state=0).csv
autoUniv-au6-1000_1555,simpleimputer,ordinalencoder,select_percentile,quantile,DecisionTreeClassifier(random_state=0),0,0.285,0.0037126541137695,0.0001528263092041,autoUniv-au6-1000_1555_results_DecisionTreeClassifier(random_state=0).csv
autoUniv-au6-1000_1555,none,ordinalencoder,extra_tree,quantile,DecisionTreeClassifier(random_state=0),0,0.285,0.012958288192749,0.0002577304840087,autoUniv-au6-1000_1555_results_DecisionTreeClassifier(random_state=0).csv
autoUniv-au6-1000_1555,none,ordinalencoder,select_percentile,quantile,DecisionTreeClassifier(random_state=0),0,0.285,0.0038149356842041,0.0001542568206787,autoUniv-au6-1000_1555_results_DecisionTreeClassifier(random_state=0).csv
autoUniv-au6-1000_1555,simpleimputer,ordinalencoder,extra_tree,quantile,DecisionTreeClassifier(random_state=0),0,0.285,0.0124063491821289,0.000169038772583,autoUniv-au6-1000_1555_results_DecisionTreeClassifier(random_state=0).csv
autoUniv-au6-1000_1555,simpleimputer,ordinalencoder,extra_tree,none,DecisionTreeClassifier(random_state=0),0,0.27,0.0136806964874267,0.0002696514129638,autoUniv-au6-1000_1555_results_DecisionTreeClassifier(random_state=0).csv
autoUniv-au6-1000_1555,simpleimputer,ordinalencoder,extra_tree,standard,DecisionTreeClassifier(random_state=0),0,0.27,0.0132272243499755,0.0001540184020996,autoUniv-au6-1000_1555_results_DecisionTreeClassifier(random_state=0).csv
autoUniv-au6-1000_1555,none,ordinalencoder,extra_tree,standard,DecisionTreeClassifier(random_state=0),0,0.27,0.0132067203521728,0.0001702308654785,autoUniv-au6-1000_1555_results_DecisionTreeClassifier(random_state=0).csv
autoUniv-au6-1000_1555,none,ordinalencoder,extra_tree,minmax,DecisionTreeClassifier(random_state=0),0,0.27,0.0134022235870361,0.0001587867736816,autoUniv-au6-1000_1555_results_DecisionTreeClassifier(random_state=0).csv
autoUniv-au6-1000_1555,none,ordinalencoder,extra_tree,none,DecisionTreeClassifier(random_state=0),0,0.27,0.0140306949615478,0.000314712524414,autoUniv-au6-1000_1555_results_DecisionTreeClassifier(random_state=0).csv
autoUniv-au6-1000_1555,simpleimputer,ordinalencoder,extra_tree,minmax,DecisionTreeClassifier(random_state=0),0,0.27,0.0130834579467773,0.0001697540283203,autoUniv-au6-1000_1555_results_DecisionTreeClassifier(random_state=0).csv
autoUniv-au6-1000_1555,none,onehot,polynomial_features,none,DecisionTreeClassifier(random_state=0),0,0.27,0.546565055847168,0.0006616115570068,autoUniv-au6-1000_1555_results_DecisionTreeClassifier(random_state=0).csv
autoUniv-au6-1000_1555,simpleimputer,ordinalencoder,extra_tree,robust,DecisionTreeClassifier(random_state=0),0,0.27,0.0131208896636962,0.0001561641693115,autoUniv-au6-1000_1555_results_DecisionTreeClassifier(random_state=0).csv
analcatdata_creditscore_461,none,none,select_percentile,none,DecisionTreeClassifier(random_state=0),4,1.0,0.0009121894836425,0.0001215934753417,analcatdata_creditscore_461_results_DecisionTreeClassifier(random_state=0).csv
analcatdata_creditscore_461,simpleimputer,ordinalencoder,kernel_pca,quantile,DecisionTreeClassifier(random_state=0),0,1.0,0.0008111000061035,0.0001132488250732,analcatdata_creditscore_461_results_DecisionTreeClassifier(random_state=0).csv
analcatdata_creditscore_461,none,none,none,none,DecisionTreeClassifier(random_state=0),0,1.0,0.0018117427825927,0.0008497238159179,analcatdata_creditscore_461_results_DecisionTreeClassifier(random_state=0).csv
analcatdata_creditscore_461,none,none,select_percentile,none,DecisionTreeClassifier(random_state=0),3,1.0,0.0008387565612792,0.0001180171966552,analcatdata_creditscore_461_results_DecisionTreeClassifier(random_state=0).csv
analcatdata_creditscore_461,none,none,truncated_svd,none,DecisionTreeClassifier(random_state=0),4,1.0,0.0008490085601806,0.0001177787780761,analcatdata_creditscore_461_results_DecisionTreeClassifier(random_state=0).csv
analcatdata_creditscore_461,none,none,none,none,DecisionTreeClassifier(random_state=0),3,1.0,0.0015668869018554,0.0008082389831542,analcatdata_creditscore_461_results_DecisionTreeClassifier(random_state=0).csv
analcatdata_creditscore_461,none,none,none,none,DecisionTreeClassifier(random_state=0),4,1.0,0.0016076564788818,0.00081467628479,analcatdata_creditscore_461_results_DecisionTreeClassifier(random_state=0).csv
analcatdata_creditscore_461,none,none,pca,none,DecisionTreeClassifier(random_state=0),0,1.0,0.0009117126464843,0.0001204013824462,analcatdata_creditscore_461_results_DecisionTreeClassifier(random_state=0).csv
analcatdata_creditscore_461,none,none,pca,none,DecisionTreeClassifier(random_state=0),1,1.0,0.0008566379547119,0.0001168251037597,analcatdata_creditscore_461_results_DecisionTreeClassifier(random_state=0).csv
analcatdata_creditscore_461,none,none,polynomial_features,none,DecisionTreeClassifier(random_state=0),4,1.0,0.0009727478027343,0.0001430511474609,analcatdata_creditscore_461_results_DecisionTreeClassifier(random_state=0).csv
analcatdata_creditscore_461,none,none,pca,none,DecisionTreeClassifier(random_state=0),3,1.0,0.0008614063262939,0.0001180171966552,analcatdata_creditscore_461_results_DecisionTreeClassifier(random_state=0).csv
analcatdata_creditscore_461,none,none,pca,none,DecisionTreeClassifier(random_state=0),4,1.0,0.0008409023284912,0.0001192092895507,analcatdata_creditscore_461_results_DecisionTreeClassifier(random_state=0).csv
analcatdata_creditscore_461,simpleimputer,ordinalencoder,linear_svc,quantile,DecisionTreeClassifier(random_state=0),4,1.0,0.0006897449493408,0.0001082420349121,analcatdata_creditscore_461_results_DecisionTreeClassifier(random_state=0).csv
analcatdata_creditscore_461,simpleimputer,ordinalencoder,linear_svc,quantile,DecisionTreeClassifier(random_state=0),3,1.0,0.0008261203765869,0.000110387802124,analcatdata_creditscore_461_results_DecisionTreeClassifier(random_state=0).csv
analcatdata_creditscore_461,simpleimputer,ordinalencoder,extra_tree,quantile,DecisionTreeClassifier(random_state=0),0,1.0,0.0009047985076904,0.0001096725463867,analcatdata_creditscore_461_results_DecisionTreeClassifier(random_state=0).csv
analcatdata_creditscore_461,simpleimputer,ordinalencoder,extra_tree,quantile,DecisionTreeClassifier(random_state=0),1,1.0,0.0007851123809814,0.0001091957092285,analcatdata_creditscore_461_results_DecisionTreeClassifier(random_state=0).csv
analcatdata_creditscore_461,simpleimputer,ordinalencoder,extra_tree,quantile,DecisionTreeClassifier(random_state=0),3,1.0,0.0007634162902832,0.0001089572906494,analcatdata_creditscore_461_results_DecisionTreeClassifier(random_state=0).csv
analcatdata_creditscore_461,simpleimputer,ordinalencoder,extra_tree,quantile,DecisionTreeClassifier(random_state=0),4,1.0,0.0008502006530761,0.0001118183135986,analcatdata_creditscore_461_results_DecisionTreeClassifier(random_state=0).csv
analcatdata_creditscore_461,none,none,truncated_svd,none,DecisionTreeClassifier(random_state=0),3,1.0,0.0008926391601562,0.000117540359497,analcatdata_creditscore_461_results_DecisionTreeClassifier(random_state=0).csv
analcatdata_creditscore_461,simpleimputer,ordinalencoder,random_trees_embedding,quantile,DecisionTreeClassifier(random_state=0),1,1.0,0.0029246807098388,0.0002555847167968,analcatdata_creditscore_461_results_DecisionTreeClassifier(random_state=0).csv
sa-heart_1498,simpleimputer,onehot,fastica,minmax,DecisionTreeClassifier(random_state=0),2,0.7391304347826086,0.0035436153411865,0.0001454353332519,sa-heart_1498_results_DecisionTreeClassifier(random_state=0).csv
sa-heart_1498,none,ordinalencoder,fastica,minmax,DecisionTreeClassifier(random_state=0),2,0.7391304347826086,0.003502607345581,0.0001444816589355,sa-heart_1498_results_DecisionTreeClassifier(random_state=0).csv
sa-heart_1498,none,none,fastica,minmax,DecisionTreeClassifier(random_state=0),2,0.7391304347826086,0.0033676624298095,0.0001394748687744,sa-heart_1498_results_DecisionTreeClassifier(random_state=0).csv
sa-heart_1498,simpleimputer,ordinalencoder,fastica,minmax,DecisionTreeClassifier(random_state=0),2,0.7391304347826086,0.0034945011138916,0.0001351833343505,sa-heart_1498_results_DecisionTreeClassifier(random_state=0).csv
sa-heart_1498,simpleimputer,none,fastica,minmax,DecisionTreeClassifier(random_state=0),2,0.7391304347826086,0.0033941268920898,0.0001356601715087,sa-heart_1498_results_DecisionTreeClassifier(random_state=0).csv
sa-heart_1498,none,onehot,fastica,minmax,DecisionTreeClassifier(random_state=0),2,0.7391304347826086,0.0033710002899169,0.0001375675201416,sa-heart_1498_results_DecisionTreeClassifier(random_state=0).csv
sa-heart_1498,none,onehot,kernel_pca,robust,DecisionTreeClassifier(random_state=0),1,0.7311827956989247,0.0035574436187744,0.0001585483551025,sa-heart_1498_results_DecisionTreeClassifier(random_state=0).csv
sa-heart_1498,none,ordinalencoder,kernel_pca,robust,DecisionTreeClassifier(random_state=0),1,0.7311827956989247,0.0036375522613525,0.0001606941223144,sa-heart_1498_results_DecisionTreeClassifier(random_state=0).csv
sa-heart_1498,none,none,kernel_pca,robust,DecisionTreeClassifier(random_state=0),1,0.7311827956989247,0.0037767887115478,0.0002031326293945,sa-heart_1498_results_DecisionTreeClassifier(random_state=0).csv
sa-heart_1498,simpleimputer,onehot,kernel_pca,robust,DecisionTreeClassifier(random_state=0),1,0.7311827956989247,0.0038964748382568,0.0003337860107421,sa-heart_1498_results_DecisionTreeClassifier(random_state=0).csv
sa-heart_1498,simpleimputer,ordinalencoder,kernel_pca,robust,DecisionTreeClassifier(random_state=0),1,0.7311827956989247,0.005706787109375,0.0002229213714599,sa-heart_1498_results_DecisionTreeClassifier(random_state=0).csv
sa-heart_1498,simpleimputer,none,kernel_pca,robust,DecisionTreeClassifier(random_state=0),1,0.7311827956989247,0.0038642883300781,0.0001673698425292,sa-heart_1498_results_DecisionTreeClassifier(random_state=0).csv
sa-heart_1498,simpleimputer,ordinalencoder,fastica,none,DecisionTreeClassifier(random_state=0),1,0.7204301075268817,0.0031995773315429,0.0001337528228759,sa-heart_1498_results_DecisionTreeClassifier(random_state=0).csv
sa-heart_1498,none,none,kernel_pca,quantile,DecisionTreeClassifier(random_state=0),1,0.7204301075268817,0.004425048828125,0.0001749992370605,sa-heart_1498_results_DecisionTreeClassifier(random_state=0).csv
sa-heart_1498,simpleimputer,onehot,kernel_pca,quantile,DecisionTreeClassifier(random_state=0),1,0.7204301075268817,0.0058012008666992,0.0003085136413574,sa-heart_1498_results_DecisionTreeClassifier(random_state=0).csv
sa-heart_1498,none,ordinalencoder,fastica,none,DecisionTreeClassifier(random_state=0),1,0.7204301075268817,0.0033297538757324,0.0001406669616699,sa-heart_1498_results_DecisionTreeClassifier(random_state=0).csv
sa-heart_1498,none,onehot,kernel_pca,quantile,DecisionTreeClassifier(random_state=0),1,0.7204301075268817,0.003936767578125,0.000213623046875,sa-heart_1498_results_DecisionTreeClassifier(random_state=0).csv
sa-heart_1498,simpleimputer,onehot,fastica,none,DecisionTreeClassifier(random_state=0),1,0.7204301075268817,0.0033166408538818,0.0001347064971923,sa-heart_1498_results_DecisionTreeClassifier(random_state=0).csv
sa-heart_1498,none,ordinalencoder,kernel_pca,quantile,DecisionTreeClassifier(random_state=0),1,0.7204301075268817,0.0039329528808593,0.0001626014709472,sa-heart_1498_results_DecisionTreeClassifier(random_state=0).csv
sa-heart_1498,simpleimputer,none,fastica,none,DecisionTreeClassifier(random_state=0),1,0.7204301075268817,0.0035297870635986,0.0001466274261474,sa-heart_1498_results_DecisionTreeClassifier(random_state=0).csv
autoUniv-au6-400_1551,simpleimputer,ordinalencoder,polynomial_features,quantile,DecisionTreeClassifier(random_state=0),0,0.4125,0.1563401222229004,0.0003309249877929,autoUniv-au6-400_1551_results_DecisionTreeClassifier(random_state=0).csv
autoUniv-au6-400_1551,none,ordinalencoder,polynomial_features,none,DecisionTreeClassifier(random_state=0),0,0.4125,0.1667475700378418,0.0003564357757568,autoUniv-au6-400_1551_results_DecisionTreeClassifier(random_state=0).csv
autoUniv-au6-400_1551,simpleimputer,ordinalencoder,polynomial_features,none,DecisionTreeClassifier(random_state=0),0,0.4125,0.1650211811065673,0.0003626346588134,autoUniv-au6-400_1551_results_DecisionTreeClassifier(random_state=0).csv
autoUniv-au6-400_1551,none,ordinalencoder,polynomial_features,quantile,DecisionTreeClassifier(random_state=0),0,0.4125,0.1549487113952636,0.0003345012664794,autoUniv-au6-400_1551_results_DecisionTreeClassifier(random_state=0).csv
autoUniv-au6-400_1551,none,onehot,polynomial_features,quantile,DecisionTreeClassifier(random_state=0),0,0.3875,0.1651005744934082,0.0003461837768554,autoUniv-au6-400_1551_results_DecisionTreeClassifier(random_state=0).csv
autoUniv-au6-400_1551,simpleimputer,onehot,linear_svc,minmax,DecisionTreeClassifier(random_state=0),4,0.3875,0.004648208618164,0.000140905380249,autoUniv-au6-400_1551_results_DecisionTreeClassifier(random_state=0).csv
autoUniv-au6-400_1551,none,onehot,linear_svc,minmax,DecisionTreeClassifier(random_state=0),4,0.3875,0.0045175552368164,0.0001440048217773,autoUniv-au6-400_1551_results_DecisionTreeClassifier(random_state=0).csv
autoUniv-au6-400_1551,none,onehot,extra_tree,quantile,DecisionTreeClassifier(random_state=0),1,0.3875,0.0062112808227539,0.0001454353332519,autoUniv-au6-400_1551_results_DecisionTreeClassifier(random_state=0).csv
autoUniv-au6-400_1551,simpleimputer,onehot,extra_tree,quantile,DecisionTreeClassifier(random_state=0),1,0.3875,0.0062589645385742,0.0001547336578369,autoUniv-au6-400_1551_results_DecisionTreeClassifier(random_state=0).csv
autoUniv-au6-400_1551,simpleimputer,onehot,polynomial_features,quantile,DecisionTreeClassifier(random_state=0),0,0.3875,0.1613907814025879,0.00034761428833,autoUniv-au6-400_1551_results_DecisionTreeClassifier(random_state=0).csv
autoUniv-au6-400_1551,none,onehot,extra_tree,quantile,DecisionTreeClassifier(random_state=0),4,0.375,0.0060079097747802,0.0001494884490966,autoUniv-au6-400_1551_results_DecisionTreeClassifier(random_state=0).csv
autoUniv-au6-400_1551,simpleimputer,onehot,extra_tree,power,DecisionTreeClassifier(random_state=0),4,0.375,0.0069680213928222,0.0001447200775146,autoUniv-au6-400_1551_results_DecisionTreeClassifier(random_state=0).csv
autoUniv-au6-400_1551,none,onehot,extra_tree,power,DecisionTreeClassifier(random_state=0),4,0.375,0.0071034431457519,0.0001435279846191,autoUniv-au6-400_1551_results_DecisionTreeClassifier(random_state=0).csv
autoUniv-au6-400_1551,simpleimputer,onehot,polynomial_features,none,DecisionTreeClassifier(random_state=0),0,0.375,0.1786370277404785,0.0004277229309082,autoUniv-au6-400_1551_results_DecisionTreeClassifier(random_state=0).csv
autoUniv-au6-400_1551,simpleimputer,onehot,extra_tree,quantile,DecisionTreeClassifier(random_state=0),4,0.375,0.0058612823486328,0.0001413822174072,autoUniv-au6-400_1551_results_DecisionTreeClassifier(random_state=0).csv
autoUniv-au6-400_1551,simpleimputer,ordinalencoder,polynomial_features,quantile,DecisionTreeClassifier(random_state=0),1,0.375,0.1692581176757812,0.0003583431243896,autoUniv-au6-400_1551_results_DecisionTreeClassifier(random_state=0).csv
autoUniv-au6-400_1551,simpleimputer,onehot,extra_tree,robust,DecisionTreeClassifier(random_state=0),1,0.375,0.0054812431335449,0.0001862049102783,autoUniv-au6-400_1551_results_DecisionTreeClassifier(random_state=0).csv
autoUniv-au6-400_1551,none,onehot,extra_tree,robust,DecisionTreeClassifier(random_state=0),1,0.375,0.0056409835815429,0.0001945495605468,autoUniv-au6-400_1551_results_DecisionTreeClassifier(random_state=0).csv
autoUniv-au6-400_1551,none,onehot,polynomial_features,none,DecisionTreeClassifier(random_state=0),0,0.375,0.1742937564849853,0.0003366470336914,autoUniv-au6-400_1551_results_DecisionTreeClassifier(random_state=0).csv
autoUniv-au6-400_1551,none,ordinalencoder,polynomial_features,quantile,DecisionTreeClassifier(random_state=0),1,0.375,0.1705281734466552,0.0003228187561035,autoUniv-au6-400_1551_results_DecisionTreeClassifier(random_state=0).csv
analcatdata_marketing_986,simpleimputer,ordinalencoder,extra_tree,power,DecisionTreeClassifier(random_state=0),0,0.6712328767123288,0.0016679763793945,0.0001249313354492,analcatdata_marketing_986_results_DecisionTreeClassifier(random_state=0).csv
analcatdata_marketing_986,simpleimputer,none,extra_tree,power,DecisionTreeClassifier(random_state=0),0,0.6712328767123288,0.0016877651214599,0.0001230239868164,analcatdata_marketing_986_results_DecisionTreeClassifier(random_state=0).csv
analcatdata_marketing_986,simpleimputer,none,truncated_svd,standard,DecisionTreeClassifier(random_state=0),0,0.6712328767123288,0.0014553070068359,0.0001819133758544,analcatdata_marketing_986_results_DecisionTreeClassifier(random_state=0).csv
analcatdata_marketing_986,simpleimputer,ordinalencoder,truncated_svd,standard,DecisionTreeClassifier(random_state=0),0,0.6712328767123288,0.0014708042144775,0.0001289844512939,analcatdata_marketing_986_results_DecisionTreeClassifier(random_state=0).csv
analcatdata_marketing_986,simpleimputer,onehot,truncated_svd,standard,DecisionTreeClassifier(random_state=0),0,0.6712328767123288,0.0014464855194091,0.0001263618469238,analcatdata_marketing_986_results_DecisionTreeClassifier(random_state=0).csv
analcatdata_marketing_986,simpleimputer,onehot,extra_tree,power,DecisionTreeClassifier(random_state=0),0,0.6712328767123288,0.001664400100708,0.0001258850097656,analcatdata_marketing_986_results_DecisionTreeClassifier(random_state=0).csv
analcatdata_marketing_986,simpleimputer,onehot,select_percentile,power,DecisionTreeClassifier(random_state=0),0,0.6575342465753424,0.0010807514190673,0.0001258850097656,analcatdata_marketing_986_results_DecisionTreeClassifier(random_state=0).csv
analcatdata_marketing_986,simpleimputer,none,select_percentile,power,DecisionTreeClassifier(random_state=0),0,0.6575342465753424,0.0010087490081787,0.0001177787780761,analcatdata_marketing_986_results_DecisionTreeClassifier(random_state=0).csv
analcatdata_marketing_986,simpleimputer,ordinalencoder,nystroem,standard,DecisionTreeClassifier(random_state=0),0,0.6575342465753424,0.0321455001831054,0.0002739429473876,analcatdata_marketing_986_results_DecisionTreeClassifier(random_state=0).csv
analcatdata_marketing_986,simpleimputer,none,nystroem,standard,DecisionTreeClassifier(random_state=0),0,0.6575342465753424,0.0308451652526855,0.0001640319824218,analcatdata_marketing_986_results_DecisionTreeClassifier(random_state=0).csv
analcatdata_marketing_986,simpleimputer,ordinalencoder,select_percentile,quantile,DecisionTreeClassifier(random_state=0),0,0.6575342465753424,0.0010602474212646,0.0001201629638671,analcatdata_marketing_986_results_DecisionTreeClassifier(random_state=0).csv
analcatdata_marketing_986,simpleimputer,none,select_percentile,quantile,DecisionTreeClassifier(random_state=0),0,0.6575342465753424,0.0010309219360351,0.0001196861267089,analcatdata_marketing_986_results_DecisionTreeClassifier(random_state=0).csv
analcatdata_marketing_986,simpleimputer,ordinalencoder,select_percentile,power,DecisionTreeClassifier(random_state=0),0,0.6575342465753424,0.0010595321655273,0.0001213550567626,analcatdata_marketing_986_results_DecisionTreeClassifier(random_state=0).csv
analcatdata_marketing_986,simpleimputer,onehot,nystroem,standard,DecisionTreeClassifier(random_state=0),0,0.6575342465753424,0.0316729545593261,0.0002224445343017,analcatdata_marketing_986_results_DecisionTreeClassifier(random_state=0).csv
analcatdata_marketing_986,simpleimputer,onehot,select_percentile,quantile,DecisionTreeClassifier(random_state=0),0,0.6575342465753424,0.0011608600616455,0.0001218318939208,analcatdata_marketing_986_results_DecisionTreeClassifier(random_state=0).csv
analcatdata_marketing_986,simpleimputer,onehot,kernel_pca,quantile,DecisionTreeClassifier(random_state=0),4,0.6527777777777778,0.0088691711425781,0.0001626014709472,analcatdata_marketing_986_results_DecisionTreeClassifier(random_state=0).csv
analcatdata_marketing_986,simpleimputer,none,kernel_pca,quantile,DecisionTreeClassifier(random_state=0),4,0.6527777777777778,0.0091071128845214,0.0003533363342285,analcatdata_marketing_986_results_DecisionTreeClassifier(random_state=0).csv
analcatdata_marketing_986,simpleimputer,ordinalencoder,kernel_pca,quantile,DecisionTreeClassifier(random_state=0),4,0.6527777777777778,0.009350299835205,0.000218391418457,analcatdata_marketing_986_results_DecisionTreeClassifier(random_state=0).csv
analcatdata_marketing_986,simpleimputer,none,generic_univariate,none,DecisionTreeClassifier(random_state=0),0,0.6438356164383562,0.0009195804595947,0.0001347064971923,analcatdata_marketing_986_results_DecisionTreeClassifier(random_state=0).csv
analcatdata_marketing_986,simpleimputer,ordinalencoder,fastica,standard,DecisionTreeClassifier(random_state=0),0,0.6438356164383562,0.0101327896118164,0.0001657009124755,analcatdata_marketing_986_results_DecisionTreeClassifier(random_state=0).csv
badges2_1121,simpleimputer,ordinalencoder,polynomial_features,quantile,DecisionTreeClassifier(random_state=0),3,1.0,0.0011806488037109,0.0001320838928222,badges2_1121_results_DecisionTreeClassifier(random_state=0).csv
badges2_1121,simpleimputer,ordinalencoder,linear_svc,quantile,DecisionTreeClassifier(random_state=0),0,1.0,0.000960350036621,0.0001435279846191,badges2_1121_results_DecisionTreeClassifier(random_state=0).csv
badges2_1121,simpleimputer,ordinalencoder,linear_svc,quantile,DecisionTreeClassifier(random_state=0),1,1.0,0.0009524822235107,0.0001208782196044,badges2_1121_results_DecisionTreeClassifier(random_state=0).csv
badges2_1121,simpleimputer,ordinalencoder,random_trees_embedding,quantile,DecisionTreeClassifier(random_state=0),1,1.0,0.0054919719696044,0.0001988410949707,badges2_1121_results_DecisionTreeClassifier(random_state=0).csv
badges2_1121,simpleimputer,ordinalencoder,polynomial_features,quantile,DecisionTreeClassifier(random_state=0),2,1.0,0.0011036396026611,0.0001246929168701,badges2_1121_results_DecisionTreeClassifier(random_state=0).csv
badges2_1121,simpleimputer,ordinalencoder,random_trees_embedding,quantile,DecisionTreeClassifier(random_state=0),4,1.0,0.0046243667602539,0.0002229213714599,badges2_1121_results_DecisionTreeClassifier(random_state=0).csv
badges2_1121,simpleimputer,ordinalencoder,kernel_pca,quantile,DecisionTreeClassifier(random_state=0),2,1.0,0.0075664520263671,0.000429630279541,badges2_1121_results_DecisionTreeClassifier(random_state=0).csv
badges2_1121,simpleimputer,ordinalencoder,kernel_pca,quantile,DecisionTreeClassifier(random_state=0),3,1.0,0.0012240409851074,0.0001389980316162,badges2_1121_results_DecisionTreeClassifier(random_state=0).csv
badges2_1121,none,none,none,none,DecisionTreeClassifier(random_state=0),3,1.0,0.0018420219421386,0.000995397567749,badges2_1121_results_DecisionTreeClassifier(random_state=0).csv
badges2_1121,simpleimputer,ordinalencoder,extra_tree,quantile,DecisionTreeClassifier(random_state=0),0,1.0,0.0009505748748779,0.000117540359497,badges2_1121_results_DecisionTreeClassifier(random_state=0).csv
badges2_1121,simpleimputer,ordinalencoder,extra_tree,quantile,DecisionTreeClassifier(random_state=0),1,1.0,0.0009317398071289,0.000117540359497,badges2_1121_results_DecisionTreeClassifier(random_state=0).csv
badges2_1121,simpleimputer,ordinalencoder,extra_tree,quantile,DecisionTreeClassifier(random_state=0),2,1.0,0.0009324550628662,0.000119924545288,badges2_1121_results_DecisionTreeClassifier(random_state=0).csv
badges2_1121,simpleimputer,ordinalencoder,extra_tree,quantile,DecisionTreeClassifier(random_state=0),3,1.0,0.0010361671447753,0.0001235008239746,badges2_1121_results_DecisionTreeClassifier(random_state=0).csv
badges2_1121,simpleimputer,ordinalencoder,extra_tree,quantile,DecisionTreeClassifier(random_state=0),4,1.0,0.0009756088256835,0.0001373291015625,badges2_1121_results_DecisionTreeClassifier(random_state=0).csv
badges2_1121,simpleimputer,onehot,polynomial_features,power,DecisionTreeClassifier(random_state=0),4,1.0,0.0013356208801269,0.0001299381256103,badges2_1121_results_DecisionTreeClassifier(random_state=0).csv
badges2_1121,simpleimputer,ordinalencoder,linear_svc,quantile,DecisionTreeClassifier(random_state=0),2,1.0,0.0009033679962158,0.0001242160797119,badges2_1121_results_DecisionTreeClassifier(random_state=0).csv
badges2_1121,simpleimputer,ordinalencoder,linear_svc,quantile,DecisionTreeClassifier(random_state=0),3,1.0,0.0008816719055175,0.0001173019409179,badges2_1121_results_DecisionTreeClassifier(random_state=0).csv
badges2_1121,simpleimputer,ordinalencoder,linear_svc,quantile,DecisionTreeClassifier(random_state=0),4,1.0,0.0008623600006103,0.0001189708709716,badges2_1121_results_DecisionTreeClassifier(random_state=0).csv
badges2_1121,simpleimputer,ordinalencoder,kernel_pca,quantile,DecisionTreeClassifier(random_state=0),0,1.0,0.0017204284667968,0.0002107620239257,badges2_1121_results_DecisionTreeClassifier(random_state=0).csv
badges2_1121,simpleimputer,ordinalencoder,kernel_pca,quantile,DecisionTreeClassifier(random_state=0),1,1.0,0.0015871524810791,0.0001754760742187,badges2_1121_results_DecisionTreeClassifier(random_state=0).csv
sensory_826,simpleimputer,onehot,polynomial_features,power,DecisionTreeClassifier(random_state=0),0,0.7241379310344828,0.0062906742095947,0.0002162456512451,sensory_826_results_DecisionTreeClassifier(random_state=0).csv
sensory_826,none,ordinalencoder,polynomial_features,power,DecisionTreeClassifier(random_state=0),0,0.7241379310344828,0.0061302185058593,0.0001435279846191,sensory_826_results_DecisionTreeClassifier(random_state=0).csv
sensory_826,none,none,polynomial_features,power,DecisionTreeClassifier(random_state=0),0,0.7241379310344828,0.0062654018402099,0.000171422958374,sensory_826_results_DecisionTreeClassifier(random_state=0).csv
sensory_826,simpleimputer,none,polynomial_features,power,DecisionTreeClassifier(random_state=0),0,0.7241379310344828,0.006239891052246,0.0001482963562011,sensory_826_results_DecisionTreeClassifier(random_state=0).csv
sensory_826,none,onehot,polynomial_features,power,DecisionTreeClassifier(random_state=0),0,0.7241379310344828,0.0063223838806152,0.0001442432403564,sensory_826_results_DecisionTreeClassifier(random_state=0).csv
sensory_826,simpleimputer,ordinalencoder,polynomial_features,power,DecisionTreeClassifier(random_state=0),0,0.7241379310344828,0.0063123703002929,0.0001966953277587,sensory_826_results_DecisionTreeClassifier(random_state=0).csv
sensory_826,simpleimputer,onehot,linear_svc,none,DecisionTreeClassifier(random_state=0),1,0.7043478260869566,0.0012304782867431,0.0001311302185058,sensory_826_results_DecisionTreeClassifier(random_state=0).csv
sensory_826,none,none,polynomial_features,quantile,DecisionTreeClassifier(random_state=0),4,0.7043478260869566,0.0059304237365722,0.0001418590545654,sensory_826_results_DecisionTreeClassifier(random_state=0).csv
sensory_826,none,ordinalencoder,polynomial_features,quantile,DecisionTreeClassifier(random_state=0),4,0.7043478260869566,0.0059535503387451,0.0001723766326904,sensory_826_results_DecisionTreeClassifier(random_state=0).csv
sensory_826,none,onehot,polynomial_features,quantile,DecisionTreeClassifier(random_state=0),4,0.7043478260869566,0.0059506893157958,0.0001542568206787,sensory_826_results_DecisionTreeClassifier(random_state=0).csv
sensory_826,simpleimputer,none,polynomial_features,quantile,DecisionTreeClassifier(random_state=0),4,0.7043478260869566,0.005826711654663,0.0001418590545654,sensory_826_results_DecisionTreeClassifier(random_state=0).csv
sensory_826,simpleimputer,none,linear_svc,none,DecisionTreeClassifier(random_state=0),1,0.7043478260869566,0.0013730525970458,0.0001327991485595,sensory_826_results_DecisionTreeClassifier(random_state=0).csv
sensory_826,none,none,linear_svc,none,DecisionTreeClassifier(random_state=0),1,0.7043478260869566,0.0012338161468505,0.0001330375671386,sensory_826_results_DecisionTreeClassifier(random_state=0).csv
sensory_826,simpleimputer,ordinalencoder,linear_svc,none,DecisionTreeClassifier(random_state=0),1,0.7043478260869566,0.0013129711151123,0.0001413822174072,sensory_826_results_DecisionTreeClassifier(random_state=0).csv
sensory_826,none,ordinalencoder,linear_svc,none,DecisionTreeClassifier(random_state=0),1,0.7043478260869566,0.0011518001556396,0.0001304149627685,sensory_826_results_DecisionTreeClassifier(random_state=0).csv
sensory_826,simpleimputer,onehot,polynomial_features,quantile,DecisionTreeClassifier(random_state=0),4,0.7043478260869566,0.006075382232666,0.0002009868621826,sensory_826_results_DecisionTreeClassifier(random_state=0).csv
sensory_826,none,onehot,linear_svc,none,DecisionTreeClassifier(random_state=0),1,0.7043478260869566,0.0011663436889648,0.0001277923583984,sensory_826_results_DecisionTreeClassifier(random_state=0).csv
sensory_826,simpleimputer,ordinalencoder,polynomial_features,quantile,DecisionTreeClassifier(random_state=0),4,0.7043478260869566,0.0059242248535156,0.0001614093780517,sensory_826_results_DecisionTreeClassifier(random_state=0).csv
sensory_826,none,onehot,random_trees_embedding,standard,DecisionTreeClassifier(random_state=0),0,0.6982758620689655,0.0521833896636962,0.0003752708435058,sensory_826_results_DecisionTreeClassifier(random_state=0).csv
sensory_826,simpleimputer,onehot,random_trees_embedding,none,DecisionTreeClassifier(random_state=0),0,0.6982758620689655,0.0539057254791259,0.0003793239593505,sensory_826_results_DecisionTreeClassifier(random_state=0).csv
balance-scale_11,none,ordinalencoder,polynomial_features,normalizer,DecisionTreeClassifier(random_state=0),4,1.0,0.0021705627441406,0.0001254081726074,balance-scale_11_results_DecisionTreeClassifier(random_state=0).csv
balance-scale_11,simpleimputer,none,polynomial_features,normalizer,DecisionTreeClassifier(random_state=0),4,1.0,0.0021862983703613,0.0001215934753417,balance-scale_11_results_DecisionTreeClassifier(random_state=0).csv
balance-scale_11,simpleimputer,ordinalencoder,polynomial_features,normalizer,DecisionTreeClassifier(random_state=0),4,1.0,0.0022716522216796,0.0002644062042236,balance-scale_11_results_DecisionTreeClassifier(random_state=0).csv
balance-scale_11,simpleimputer,onehot,polynomial_features,normalizer,DecisionTreeClassifier(random_state=0),4,1.0,0.0022094249725341,0.0001595020294189,balance-scale_11_results_DecisionTreeClassifier(random_state=0).csv
balance-scale_11,none,onehot,polynomial_features,normalizer,DecisionTreeClassifier(random_state=0),4,1.0,0.0023305416107177,0.0001287460327148,balance-scale_11_results_DecisionTreeClassifier(random_state=0).csv
balance-scale_11,none,none,polynomial_features,normalizer,DecisionTreeClassifier(random_state=0),4,1.0,0.0022807121276855,0.0001771450042724,balance-scale_11_results_DecisionTreeClassifier(random_state=0).csv
balance-scale_11,simpleimputer,ordinalencoder,polynomial_features,normalizer,DecisionTreeClassifier(random_state=0),1,0.992,0.0021905899047851,0.0001246929168701,balance-scale_11_results_DecisionTreeClassifier(random_state=0).csv
balance-scale_11,simpleimputer,ordinalencoder,polynomial_features,normalizer,DecisionTreeClassifier(random_state=0),2,0.992,0.0023458003997802,0.0001230239868164,balance-scale_11_results_DecisionTreeClassifier(random_state=0).csv
balance-scale_11,simpleimputer,ordinalencoder,polynomial_features,normalizer,DecisionTreeClassifier(random_state=0),3,0.992,0.0022225379943847,0.000126838684082,balance-scale_11_results_DecisionTreeClassifier(random_state=0).csv
balance-scale_11,simpleimputer,none,polynomial_features,normalizer,DecisionTreeClassifier(random_state=0),3,0.992,0.0021486282348632,0.0001270771026611,balance-scale_11_results_DecisionTreeClassifier(random_state=0).csv
balance-scale_11,simpleimputer,onehot,polynomial_features,normalizer,DecisionTreeClassifier(random_state=0),1,0.992,0.0022528171539306,0.0001289844512939,balance-scale_11_results_DecisionTreeClassifier(random_state=0).csv
balance-scale_11,none,ordinalencoder,polynomial_features,normalizer,DecisionTreeClassifier(random_state=0),3,0.992,0.0022046566009521,0.000126838684082,balance-scale_11_results_DecisionTreeClassifier(random_state=0).csv
balance-scale_11,simpleimputer,none,polynomial_features,normalizer,DecisionTreeClassifier(random_state=0),1,0.992,0.0021760463714599,0.0001220703125,balance-scale_11_results_DecisionTreeClassifier(random_state=0).csv
balance-scale_11,simpleimputer,none,polynomial_features,normalizer,DecisionTreeClassifier(random_state=0),2,0.992,0.0023291110992431,0.0001206398010253,balance-scale_11_results_DecisionTreeClassifier(random_state=0).csv
balance-scale_11,simpleimputer,onehot,polynomial_features,normalizer,DecisionTreeClassifier(random_state=0),3,0.992,0.0023012161254882,0.0001263618469238,balance-scale_11_results_DecisionTreeClassifier(random_state=0).csv
balance-scale_11,none,onehot,polynomial_features,normalizer,DecisionTreeClassifier(random_state=0),1,0.992,0.0022799968719482,0.0001275539398193,balance-scale_11_results_DecisionTreeClassifier(random_state=0).csv
balance-scale_11,none,none,polynomial_features,normalizer,DecisionTreeClassifier(random_state=0),1,0.992,0.0021555423736572,0.0001249313354492,balance-scale_11_results_DecisionTreeClassifier(random_state=0).csv
balance-scale_11,none,ordinalencoder,polynomial_features,normalizer,DecisionTreeClassifier(random_state=0),1,0.992,0.0022110939025878,0.0001270771026611,balance-scale_11_results_DecisionTreeClassifier(random_state=0).csv
balance-scale_11,none,ordinalencoder,polynomial_features,normalizer,DecisionTreeClassifier(random_state=0),2,0.992,0.0023634433746337,0.0001249313354492,balance-scale_11_results_DecisionTreeClassifier(random_state=0).csv
balance-scale_11,none,none,polynomial_features,normalizer,DecisionTreeClassifier(random_state=0),2,0.992,0.0023999214172363,0.0001294612884521,balance-scale_11_results_DecisionTreeClassifier(random_state=0).csv
breastTumor_844,simpleimputer,onehot,truncated_svd,none,DecisionTreeClassifier(random_state=0),4,0.7543859649122807,0.0014371871948242,0.0001287460327148,breastTumor_844_results_DecisionTreeClassifier(random_state=0).csv
breastTumor_844,none,onehot,truncated_svd,none,DecisionTreeClassifier(random_state=0),4,0.7543859649122807,0.0014235973358154,0.0001335144042968,breastTumor_844_results_DecisionTreeClassifier(random_state=0).csv
breastTumor_844,simpleimputer,ordinalencoder,none,minmax,DecisionTreeClassifier(random_state=0),4,0.7192982456140351,0.0013117790222167,0.0001378059387207,breastTumor_844_results_DecisionTreeClassifier(random_state=0).csv
breastTumor_844,simpleimputer,ordinalencoder,none,robust,DecisionTreeClassifier(random_state=0),4,0.7192982456140351,0.0015316009521484,0.0001406669616699,breastTumor_844_results_DecisionTreeClassifier(random_state=0).csv
breastTumor_844,none,ordinalencoder,none,minmax,DecisionTreeClassifier(random_state=0),4,0.7192982456140351,0.0015316009521484,0.0001728534698486,breastTumor_844_results_DecisionTreeClassifier(random_state=0).csv
breastTumor_844,none,ordinalencoder,none,robust,DecisionTreeClassifier(random_state=0),4,0.7192982456140351,0.001551866531372,0.0001444816589355,breastTumor_844_results_DecisionTreeClassifier(random_state=0).csv
breastTumor_844,simpleimputer,ordinalencoder,none,power,DecisionTreeClassifier(random_state=0),4,0.7192982456140351,0.0013186931610107,0.0001275539398193,breastTumor_844_results_DecisionTreeClassifier(random_state=0).csv
breastTumor_844,none,onehot,none,none,DecisionTreeClassifier(random_state=0),4,0.7017543859649122,0.0014140605926513,0.0001285076141357,breastTumor_844_results_DecisionTreeClassifier(random_state=0).csv
breastTumor_844,none,onehot,none,robust,DecisionTreeClassifier(random_state=0),4,0.7017543859649122,0.0015702247619628,0.0001378059387207,breastTumor_844_results_DecisionTreeClassifier(random_state=0).csv
breastTumor_844,none,onehot,none,quantile,DecisionTreeClassifier(random_state=0),4,0.7017543859649122,0.0014798641204833,0.0001294612884521,breastTumor_844_results_DecisionTreeClassifier(random_state=0).csv
breastTumor_844,none,onehot,none,standard,DecisionTreeClassifier(random_state=0),4,0.7017543859649122,0.0015442371368408,0.0001366138458251,breastTumor_844_results_DecisionTreeClassifier(random_state=0).csv
breastTumor_844,none,onehot,none,power,DecisionTreeClassifier(random_state=0),4,0.7017543859649122,0.0014650821685791,0.0001289844512939,breastTumor_844_results_DecisionTreeClassifier(random_state=0).csv
breastTumor_844,none,ordinalencoder,none,power,DecisionTreeClassifier(random_state=0),4,0.7017543859649122,0.0014135837554931,0.000140905380249,breastTumor_844_results_DecisionTreeClassifier(random_state=0).csv
breastTumor_844,none,onehot,none,minmax,DecisionTreeClassifier(random_state=0),4,0.7017543859649122,0.0016109943389892,0.0001375675201416,breastTumor_844_results_DecisionTreeClassifier(random_state=0).csv
breastTumor_844,none,onehot,feature_agglomeration,none,DecisionTreeClassifier(random_state=0),0,0.6896551724137931,0.0012178421020507,0.0001261234283447,breastTumor_844_results_DecisionTreeClassifier(random_state=0).csv
breastTumor_844,simpleimputer,onehot,feature_agglomeration,none,DecisionTreeClassifier(random_state=0),0,0.6896551724137931,0.0011100769042968,0.0001614093780517,breastTumor_844_results_DecisionTreeClassifier(random_state=0).csv
breastTumor_844,none,onehot,linear_svc,none,DecisionTreeClassifier(random_state=0),4,0.6842105263157895,0.0008852481842041,0.000119924545288,breastTumor_844_results_DecisionTreeClassifier(random_state=0).csv
breastTumor_844,none,onehot,feature_agglomeration,none,DecisionTreeClassifier(random_state=0),3,0.6842105263157895,0.0010657310485839,0.0001251697540283,breastTumor_844_results_DecisionTreeClassifier(random_state=0).csv
breastTumor_844,none,onehot,polynomial_features,normalizer,DecisionTreeClassifier(random_state=0),1,0.6842105263157895,0.0099072456359863,0.0001471042633056,breastTumor_844_results_DecisionTreeClassifier(random_state=0).csv
breastTumor_844,simpleimputer,onehot,feature_agglomeration,normalizer,DecisionTreeClassifier(random_state=0),3,0.6842105263157895,0.0012202262878417,0.0001285076141357,breastTumor_844_results_DecisionTreeClassifier(random_state=0).csv
arsenic-male-lung_951,simpleimputer,ordinalencoder,kernel_pca,quantile,DecisionTreeClassifier(random_state=0),3,1.0,0.001826524734497,0.0001852512359619,arsenic-male-lung_951_results_DecisionTreeClassifier(random_state=0).csv
arsenic-male-lung_951,none,none,none,none,DecisionTreeClassifier(random_state=0),0,1.0,0.0021252632141113,0.0008933544158935,arsenic-male-lung_951_results_DecisionTreeClassifier(random_state=0).csv
arsenic-male-lung_951,none,none,none,none,DecisionTreeClassifier(random_state=0),1,1.0,0.0020437240600585,0.0008587837219238,arsenic-male-lung_951_results_DecisionTreeClassifier(random_state=0).csv
arsenic-male-lung_951,none,none,none,none,DecisionTreeClassifier(random_state=0),2,1.0,0.0019657611846923,0.0008416175842285,arsenic-male-lung_951_results_DecisionTreeClassifier(random_state=0).csv
arsenic-male-lung_951,none,none,none,none,DecisionTreeClassifier(random_state=0),3,1.0,0.0018792152404785,0.0008895397186279,arsenic-male-lung_951_results_DecisionTreeClassifier(random_state=0).csv
arsenic-male-lung_951,none,none,none,none,DecisionTreeClassifier(random_state=0),4,1.0,0.001918077468872,0.0008604526519775,arsenic-male-lung_951_results_DecisionTreeClassifier(random_state=0).csv
arsenic-male-lung_951,none,none,pca,none,DecisionTreeClassifier(random_state=0),0,1.0,0.0012967586517333,0.0001327991485595,arsenic-male-lung_951_results_DecisionTreeClassifier(random_state=0).csv
arsenic-male-lung_951,none,none,pca,none,DecisionTreeClassifier(random_state=0),1,1.0,0.0012907981872558,0.0001320838928222,arsenic-male-lung_951_results_DecisionTreeClassifier(random_state=0).csv
arsenic-male-lung_951,none,none,pca,none,DecisionTreeClassifier(random_state=0),2,1.0,0.0011489391326904,0.0001282691955566,arsenic-male-lung_951_results_DecisionTreeClassifier(random_state=0).csv
arsenic-male-lung_951,simpleimputer,ordinalencoder,kernel_pca,quantile,DecisionTreeClassifier(random_state=0),2,1.0,0.00181245803833,0.0001583099365234,arsenic-male-lung_951_results_DecisionTreeClassifier(random_state=0).csv
arsenic-male-lung_951,none,none,pca,none,DecisionTreeClassifier(random_state=0),4,1.0,0.0013060569763183,0.0001399517059326,arsenic-male-lung_951_results_DecisionTreeClassifier(random_state=0).csv
arsenic-male-lung_951,none,none,fastica,none,DecisionTreeClassifier(random_state=0),0,1.0,0.0013415813446044,0.0001404285430908,arsenic-male-lung_951_results_DecisionTreeClassifier(random_state=0).csv
arsenic-male-lung_951,none,none,fastica,none,DecisionTreeClassifier(random_state=0),1,1.0,0.0011746883392333,0.0001280307769775,arsenic-male-lung_951_results_DecisionTreeClassifier(random_state=0).csv
arsenic-male-lung_951,none,none,fastica,none,DecisionTreeClassifier(random_state=0),2,1.0,0.0012078285217285,0.0001287460327148,arsenic-male-lung_951_results_DecisionTreeClassifier(random_state=0).csv
arsenic-male-lung_951,simpleimputer,ordinalencoder,linear_svc,quantile,DecisionTreeClassifier(random_state=0),4,1.0,0.0012776851654052,0.0001547336578369,arsenic-male-lung_951_results_DecisionTreeClassifier(random_state=0).csv
arsenic-male-lung_951,none,none,fastica,none,DecisionTreeClassifier(random_state=0),4,1.0,0.0012378692626953,0.0001602172851562,arsenic-male-lung_951_results_DecisionTreeClassifier(random_state=0).csv
arsenic-male-lung_951,none,none,truncated_svd,none,DecisionTreeClassifier(random_state=0),0,1.0,0.0011262893676757,0.0001285076141357,arsenic-male-lung_951_results_DecisionTreeClassifier(random_state=0).csv
arsenic-male-lung_951,none,none,truncated_svd,none,DecisionTreeClassifier(random_state=0),1,1.0,0.0011422634124755,0.0001285076141357,arsenic-male-lung_951_results_DecisionTreeClassifier(random_state=0).csv
arsenic-male-lung_951,none,none,truncated_svd,none,DecisionTreeClassifier(random_state=0),2,1.0,0.0011899471282958,0.000152587890625,arsenic-male-lung_951_results_DecisionTreeClassifier(random_state=0).csv
arsenic-male-lung_951,none,none,truncated_svd,none,DecisionTreeClassifier(random_state=0),3,1.0,0.0012540817260742,0.0001330375671386,arsenic-male-lung_951_results_DecisionTreeClassifier(random_state=0).csv
rmftsa_ladata_717,none,onehot,kernel_pca,quantile,DecisionTreeClassifier(random_state=0),2,0.9215686274509804,0.0049107074737548,0.0002121925354003,rmftsa_ladata_717_results_DecisionTreeClassifier(random_state=0).csv
rmftsa_ladata_717,none,ordinalencoder,kernel_pca,quantile,DecisionTreeClassifier(random_state=0),2,0.9215686274509804,0.0048048496246337,0.0002081394195556,rmftsa_ladata_717_results_DecisionTreeClassifier(random_state=0).csv
rmftsa_ladata_717,simpleimputer,onehot,kernel_pca,quantile,DecisionTreeClassifier(random_state=0),2,0.9215686274509804,0.0047929286956787,0.0002081394195556,rmftsa_ladata_717_results_DecisionTreeClassifier(random_state=0).csv
rmftsa_ladata_717,simpleimputer,none,kernel_pca,quantile,DecisionTreeClassifier(random_state=0),2,0.9215686274509804,0.0049548149108886,0.000260591506958,rmftsa_ladata_717_results_DecisionTreeClassifier(random_state=0).csv
rmftsa_ladata_717,simpleimputer,ordinalencoder,kernel_pca,quantile,DecisionTreeClassifier(random_state=0),2,0.9215686274509804,0.004814863204956,0.0002918243408203,rmftsa_ladata_717_results_DecisionTreeClassifier(random_state=0).csv
rmftsa_ladata_717,none,none,kernel_pca,quantile,DecisionTreeClassifier(random_state=0),2,0.9215686274509804,0.0064554214477539,0.0004379749298095,rmftsa_ladata_717_results_DecisionTreeClassifier(random_state=0).csv
rmftsa_ladata_717,simpleimputer,onehot,polynomial_features,power,DecisionTreeClassifier(random_state=0),2,0.9117647058823528,0.0187709331512451,0.0001895427703857,rmftsa_ladata_717_results_DecisionTreeClassifier(random_state=0).csv
rmftsa_ladata_717,none,ordinalencoder,pca,quantile,DecisionTreeClassifier(random_state=0),2,0.9117647058823528,0.0037188529968261,0.0001728534698486,rmftsa_ladata_717_results_DecisionTreeClassifier(random_state=0).csv
rmftsa_ladata_717,none,ordinalencoder,polynomial_features,power,DecisionTreeClassifier(random_state=0),2,0.9117647058823528,0.0187218189239501,0.0002295970916748,rmftsa_ladata_717_results_DecisionTreeClassifier(random_state=0).csv
rmftsa_ladata_717,none,onehot,polynomial_features,power,DecisionTreeClassifier(random_state=0),2,0.9117647058823528,0.0187468528747558,0.0001807212829589,rmftsa_ladata_717_results_DecisionTreeClassifier(random_state=0).csv
rmftsa_ladata_717,none,none,polynomial_features,power,DecisionTreeClassifier(random_state=0),2,0.9117647058823528,0.0188286304473876,0.0002195835113525,rmftsa_ladata_717_results_DecisionTreeClassifier(random_state=0).csv
rmftsa_ladata_717,none,onehot,pca,quantile,DecisionTreeClassifier(random_state=0),2,0.9117647058823528,0.0037105083465576,0.0001850128173828,rmftsa_ladata_717_results_DecisionTreeClassifier(random_state=0).csv
rmftsa_ladata_717,simpleimputer,ordinalencoder,polynomial_features,power,DecisionTreeClassifier(random_state=0),2,0.9117647058823528,0.0191595554351806,0.0002906322479248,rmftsa_ladata_717_results_DecisionTreeClassifier(random_state=0).csv
rmftsa_ladata_717,none,none,pca,quantile,DecisionTreeClassifier(random_state=0),2,0.9117647058823528,0.0036897659301757,0.0001721382141113,rmftsa_ladata_717_results_DecisionTreeClassifier(random_state=0).csv
rmftsa_ladata_717,simpleimputer,ordinalencoder,pca,quantile,DecisionTreeClassifier(random_state=0),2,0.9117647058823528,0.0036861896514892,0.0001821517944335,rmftsa_ladata_717_results_DecisionTreeClassifier(random_state=0).csv
rmftsa_ladata_717,simpleimputer,none,polynomial_features,power,DecisionTreeClassifier(random_state=0),2,0.9117647058823528,0.0186471939086914,0.0002450942993164,rmftsa_ladata_717_results_DecisionTreeClassifier(random_state=0).csv
rmftsa_ladata_717,simpleimputer,none,pca,quantile,DecisionTreeClassifier(random_state=0),2,0.9117647058823528,0.0040552616119384,0.0002124309539794,rmftsa_ladata_717_results_DecisionTreeClassifier(random_state=0).csv
rmftsa_ladata_717,simpleimputer,onehot,pca,quantile,DecisionTreeClassifier(random_state=0),2,0.9117647058823528,0.0038042068481445,0.0001819133758544,rmftsa_ladata_717_results_DecisionTreeClassifier(random_state=0).csv
rmftsa_ladata_717,none,onehot,random_trees_embedding,standard,DecisionTreeClassifier(random_state=0),2,0.9019607843137256,0.0161764621734619,0.0003001689910888,rmftsa_ladata_717_results_DecisionTreeClassifier(random_state=0).csv
rmftsa_ladata_717,none,none,none,none,DecisionTreeClassifier(random_state=0),2,0.9019607843137256,0.0045340061187744,0.0008645057678222,rmftsa_ladata_717_results_DecisionTreeClassifier(random_state=0).csv
analcatdata_lawsuit_450,none,none,pca,none,DecisionTreeClassifier(random_state=0),1,1.0,0.0010907649993896,0.0001180171966552,analcatdata_lawsuit_450_results_DecisionTreeClassifier(random_state=0).csv
analcatdata_lawsuit_450,simpleimputer,ordinalencoder,linear_svc,quantile,DecisionTreeClassifier(random_state=0),1,1.0,0.0010163784027099,0.0001285076141357,analcatdata_lawsuit_450_results_DecisionTreeClassifier(random_state=0).csv
analcatdata_lawsuit_450,none,none,none,none,DecisionTreeClassifier(random_state=0),4,1.0,0.00160813331604,0.0007627010345458,analcatdata_lawsuit_450_results_DecisionTreeClassifier(random_state=0).csv
analcatdata_lawsuit_450,none,none,none,none,DecisionTreeClassifier(random_state=0),3,1.0,0.0016374588012695,0.0007603168487548,analcatdata_lawsuit_450_results_DecisionTreeClassifier(random_state=0).csv
analcatdata_lawsuit_450,simpleimputer,ordinalencoder,linear_svc,quantile,DecisionTreeClassifier(random_state=0),4,1.0,0.0008852481842041,0.0001215934753417,analcatdata_lawsuit_450_results_DecisionTreeClassifier(random_state=0).csv
analcatdata_lawsuit_450,none,none,none,none,DecisionTreeClassifier(random_state=0),1,1.0,0.0016443729400634,0.0008466243743896,analcatdata_lawsuit_450_results_DecisionTreeClassifier(random_state=0).csv
analcatdata_lawsuit_450,none,none,fastica,none,DecisionTreeClassifier(random_state=0),4,1.0,0.0009851455688476,0.0001163482666015,analcatdata_lawsuit_450_results_DecisionTreeClassifier(random_state=0).csv
analcatdata_lawsuit_450,none,none,fastica,none,DecisionTreeClassifier(random_state=0),1,1.0,0.0012409687042236,0.0001347064971923,analcatdata_lawsuit_450_results_DecisionTreeClassifier(random_state=0).csv
analcatdata_lawsuit_450,none,none,pca,none,DecisionTreeClassifier(random_state=0),4,1.0,0.0010123252868652,0.0001153945922851,analcatdata_lawsuit_450_results_DecisionTreeClassifier(random_state=0).csv
analcatdata_lawsuit_450,none,none,truncated_svd,none,DecisionTreeClassifier(random_state=0),4,1.0,0.0008904933929443,0.0001120567321777,analcatdata_lawsuit_450_results_DecisionTreeClassifier(random_state=0).csv
analcatdata_lawsuit_450,simpleimputer,ordinalencoder,kernel_pca,quantile,DecisionTreeClassifier(random_state=0),1,1.0,0.0013959407806396,0.0001430511474609,analcatdata_lawsuit_450_results_DecisionTreeClassifier(random_state=0).csv
analcatdata_lawsuit_450,simpleimputer,onehot,random_trees_embedding,standard,DecisionTreeClassifier(random_state=0),4,1.0,0.0040853023529052,0.0001780986785888,analcatdata_lawsuit_450_results_DecisionTreeClassifier(random_state=0).csv
analcatdata_lawsuit_450,none,ordinalencoder,none,minmax,DecisionTreeClassifier(random_state=0),3,1.0,0.0012226104736328,0.0001368522644042,analcatdata_lawsuit_450_results_DecisionTreeClassifier(random_state=0).csv
analcatdata_lawsuit_450,none,ordinalencoder,none,minmax,DecisionTreeClassifier(random_state=0),4,1.0,0.0011496543884277,0.000136375427246,analcatdata_lawsuit_450_results_DecisionTreeClassifier(random_state=0).csv
analcatdata_lawsuit_450,none,ordinalencoder,fastica,minmax,DecisionTreeClassifier(random_state=0),1,1.0,0.0011475086212158,0.0001256465911865,analcatdata_lawsuit_450_results_DecisionTreeClassifier(random_state=0).csv
analcatdata_lawsuit_450,none,ordinalencoder,nystroem,standard,DecisionTreeClassifier(random_state=0),4,1.0,0.0075047016143798,0.0001511573791503,analcatdata_lawsuit_450_results_DecisionTreeClassifier(random_state=0).csv
analcatdata_lawsuit_450,none,ordinalencoder,pca,minmax,DecisionTreeClassifier(random_state=0),1,1.0,0.0012555122375488,0.0001857280731201,analcatdata_lawsuit_450_results_DecisionTreeClassifier(random_state=0).csv
analcatdata_lawsuit_450,none,ordinalencoder,kernel_pca,standard,DecisionTreeClassifier(random_state=0),1,1.0,0.0015060901641845,0.0001518726348876,analcatdata_lawsuit_450_results_DecisionTreeClassifier(random_state=0).csv
analcatdata_lawsuit_450,none,ordinalencoder,fastica,minmax,DecisionTreeClassifier(random_state=0),4,1.0,0.0011341571807861,0.0001249313354492,analcatdata_lawsuit_450_results_DecisionTreeClassifier(random_state=0).csv
analcatdata_lawsuit_450,none,ordinalencoder,none,minmax,DecisionTreeClassifier(random_state=0),1,1.0,0.0013356208801269,0.000176191329956,analcatdata_lawsuit_450_results_DecisionTreeClassifier(random_state=0).csv
arsenic-male-bladder_947,simpleimputer,onehot,generic_univariate,quantile,DecisionTreeClassifier(random_state=0),2,1.0,0.0011854171752929,0.0001277923583984,arsenic-male-bladder_947_results_DecisionTreeClassifier(random_state=0).csv
arsenic-male-bladder_947,none,none,generic_univariate,quantile,DecisionTreeClassifier(random_state=0),2,1.0,0.0011408329010009,0.0001394748687744,arsenic-male-bladder_947_results_DecisionTreeClassifier(random_state=0).csv
arsenic-male-bladder_947,simpleimputer,onehot,polynomial_features,quantile,DecisionTreeClassifier(random_state=0),2,1.0,0.0032250881195068,0.000157356262207,arsenic-male-bladder_947_results_DecisionTreeClassifier(random_state=0).csv
arsenic-male-bladder_947,simpleimputer,none,polynomial_features,standard,DecisionTreeClassifier(random_state=0),2,1.0,0.0027363300323486,0.0001354217529296,arsenic-male-bladder_947_results_DecisionTreeClassifier(random_state=0).csv
arsenic-male-bladder_947,simpleimputer,ordinalencoder,linear_svc,none,DecisionTreeClassifier(random_state=0),2,1.0,0.0011420249938964,0.0001311302185058,arsenic-male-bladder_947_results_DecisionTreeClassifier(random_state=0).csv
arsenic-male-bladder_947,simpleimputer,onehot,polynomial_features,standard,DecisionTreeClassifier(random_state=0),2,1.0,0.0030272006988525,0.0001449584960937,arsenic-male-bladder_947_results_DecisionTreeClassifier(random_state=0).csv
arsenic-male-bladder_947,simpleimputer,none,truncated_svd,normalizer,DecisionTreeClassifier(random_state=0),2,1.0,0.0016322135925292,0.0001332759857177,arsenic-male-bladder_947_results_DecisionTreeClassifier(random_state=0).csv
arsenic-male-bladder_947,none,onehot,select_percentile,quantile,DecisionTreeClassifier(random_state=0),2,1.0,0.0011615753173828,0.0001335144042968,arsenic-male-bladder_947_results_DecisionTreeClassifier(random_state=0).csv
arsenic-male-bladder_947,simpleimputer,onehot,linear_svc,none,DecisionTreeClassifier(random_state=0),2,1.0,0.0011734962463378,0.0001304149627685,arsenic-male-bladder_947_results_DecisionTreeClassifier(random_state=0).csv
arsenic-male-bladder_947,none,onehot,generic_univariate,quantile,DecisionTreeClassifier(random_state=0),2,1.0,0.0011367797851562,0.0001311302185058,arsenic-male-bladder_947_results_DecisionTreeClassifier(random_state=0).csv
arsenic-male-bladder_947,simpleimputer,none,polynomial_features,none,DecisionTreeClassifier(random_state=0),2,1.0,0.0037846565246582,0.0001382827758789,arsenic-male-bladder_947_results_DecisionTreeClassifier(random_state=0).csv
arsenic-male-bladder_947,none,ordinalencoder,linear_svc,none,DecisionTreeClassifier(random_state=0),2,1.0,0.0013976097106933,0.0001347064971923,arsenic-male-bladder_947_results_DecisionTreeClassifier(random_state=0).csv
arsenic-male-bladder_947,simpleimputer,none,linear_svc,none,DecisionTreeClassifier(random_state=0),2,1.0,0.0011570453643798,0.0001294612884521,arsenic-male-bladder_947_results_DecisionTreeClassifier(random_state=0).csv
arsenic-male-bladder_947,none,none,select_percentile,quantile,DecisionTreeClassifier(random_state=0),2,1.0,0.0011377334594726,0.0001301765441894,arsenic-male-bladder_947_results_DecisionTreeClassifier(random_state=0).csv
arsenic-male-bladder_947,simpleimputer,onehot,select_percentile,quantile,DecisionTreeClassifier(random_state=0),2,1.0,0.0013256072998046,0.0001649856567382,arsenic-male-bladder_947_results_DecisionTreeClassifier(random_state=0).csv
arsenic-male-bladder_947,none,ordinalencoder,polynomial_features,none,DecisionTreeClassifier(random_state=0),2,1.0,0.0039513111114501,0.000199556350708,arsenic-male-bladder_947_results_DecisionTreeClassifier(random_state=0).csv
arsenic-male-bladder_947,none,none,polynomial_features,quantile,DecisionTreeClassifier(random_state=0),2,1.0,0.0033094882965087,0.0001406669616699,arsenic-male-bladder_947_results_DecisionTreeClassifier(random_state=0).csv
arsenic-male-bladder_947,none,ordinalencoder,truncated_svd,normalizer,DecisionTreeClassifier(random_state=0),2,1.0,0.0016577243804931,0.0001344680786132,arsenic-male-bladder_947_results_DecisionTreeClassifier(random_state=0).csv
arsenic-male-bladder_947,simpleimputer,none,select_percentile,quantile,DecisionTreeClassifier(random_state=0),2,1.0,0.0011696815490722,0.0001308917999267,arsenic-male-bladder_947_results_DecisionTreeClassifier(random_state=0).csv
arsenic-male-bladder_947,none,none,polynomial_features,standard,DecisionTreeClassifier(random_state=0),2,1.0,0.0041403770446777,0.0004281997680664,arsenic-male-bladder_947_results_DecisionTreeClassifier(random_state=0).csv
MindCave2_1450,none,none,polynomial_features,none,DecisionTreeClassifier(random_state=0),0,0.88,0.0196568965911865,0.0002162456512451,MindCave2_1450_results_DecisionTreeClassifier(random_state=0).csv
MindCave2_1450,none,onehot,linear_svc,quantile,DecisionTreeClassifier(random_state=0),0,0.88,0.001373291015625,0.0001459121704101,MindCave2_1450_results_DecisionTreeClassifier(random_state=0).csv
MindCave2_1450,none,ordinalencoder,polynomial_features,none,DecisionTreeClassifier(random_state=0),0,0.88,0.0215139389038085,0.0001828670501708,MindCave2_1450_results_DecisionTreeClassifier(random_state=0).csv
MindCave2_1450,none,ordinalencoder,linear_svc,quantile,DecisionTreeClassifier(random_state=0),0,0.88,0.0013415813446044,0.0001375675201416,MindCave2_1450_results_DecisionTreeClassifier(random_state=0).csv
MindCave2_1450,simpleimputer,none,polynomial_features,none,DecisionTreeClassifier(random_state=0),0,0.88,0.020928144454956,0.0002033710479736,MindCave2_1450_results_DecisionTreeClassifier(random_state=0).csv
MindCave2_1450,none,onehot,polynomial_features,none,DecisionTreeClassifier(random_state=0),0,0.88,0.0194330215454101,0.0001947879791259,MindCave2_1450_results_DecisionTreeClassifier(random_state=0).csv
MindCave2_1450,simpleimputer,ordinalencoder,linear_svc,quantile,DecisionTreeClassifier(random_state=0),0,0.88,0.0014317035675048,0.0001387596130371,MindCave2_1450_results_DecisionTreeClassifier(random_state=0).csv
MindCave2_1450,simpleimputer,onehot,polynomial_features,none,DecisionTreeClassifier(random_state=0),0,0.88,0.0222558975219726,0.000277042388916,MindCave2_1450_results_DecisionTreeClassifier(random_state=0).csv
MindCave2_1450,simpleimputer,none,linear_svc,quantile,DecisionTreeClassifier(random_state=0),0,0.88,0.0013313293457031,0.000136375427246,MindCave2_1450_results_DecisionTreeClassifier(random_state=0).csv
MindCave2_1450,simpleimputer,ordinalencoder,polynomial_features,none,DecisionTreeClassifier(random_state=0),0,0.88,0.0231208801269531,0.0002884864807128,MindCave2_1450_results_DecisionTreeClassifier(random_state=0).csv
MindCave2_1450,simpleimputer,onehot,linear_svc,quantile,DecisionTreeClassifier(random_state=0),0,0.88,0.0013759136199951,0.0001275539398193,MindCave2_1450_results_DecisionTreeClassifier(random_state=0).csv
MindCave2_1450,none,none,linear_svc,quantile,DecisionTreeClassifier(random_state=0),0,0.88,0.0012867450714111,0.0001327991485595,MindCave2_1450_results_DecisionTreeClassifier(random_state=0).csv
MindCave2_1450,simpleimputer,ordinalencoder,extra_tree,minmax,DecisionTreeClassifier(random_state=0),0,0.84,0.0013706684112548,0.000162124633789,MindCave2_1450_results_DecisionTreeClassifier(random_state=0).csv
MindCave2_1450,none,none,extra_tree,standard,DecisionTreeClassifier(random_state=0),0,0.84,0.001544713973999,0.0001337528228759,MindCave2_1450_results_DecisionTreeClassifier(random_state=0).csv
MindCave2_1450,none,ordinalencoder,nystroem,none,DecisionTreeClassifier(random_state=0),0,0.84,0.0139224529266357,0.0003185272216796,MindCave2_1450_results_DecisionTreeClassifier(random_state=0).csv
MindCave2_1450,none,onehot,extra_tree,minmax,DecisionTreeClassifier(random_state=0),0,0.84,0.0013263225555419,0.0001237392425537,MindCave2_1450_results_DecisionTreeClassifier(random_state=0).csv
MindCave2_1450,none,onehot,linear_svc,quantile,DecisionTreeClassifier(random_state=0),1,0.84,0.0012838840484619,0.0001296997070312,MindCave2_1450_results_DecisionTreeClassifier(random_state=0).csv
MindCave2_1450,none,onehot,polynomial_features,quantile,DecisionTreeClassifier(random_state=0),0,0.84,0.0201137065887451,0.0002238750457763,MindCave2_1450_results_DecisionTreeClassifier(random_state=0).csv
MindCave2_1450,none,onehot,truncated_svd,power,DecisionTreeClassifier(random_state=0),2,0.84,0.0009405612945556,0.0001211166381835,MindCave2_1450_results_DecisionTreeClassifier(random_state=0).csv
MindCave2_1450,simpleimputer,ordinalencoder,polynomial_features,normalizer,DecisionTreeClassifier(random_state=0),0,0.84,0.0219290256500244,0.0003244876861572,MindCave2_1450_results_DecisionTreeClassifier(random_state=0).csv
PieChart3_1453,none,ordinalencoder,nystroem,none,DecisionTreeClassifier(random_state=0),3,0.916279069767442,0.0583167076110839,0.0004215240478515,PieChart3_1453_results_DecisionTreeClassifier(random_state=0).csv
PieChart3_1453,simpleimputer,ordinalencoder,nystroem,none,DecisionTreeClassifier(random_state=0),3,0.916279069767442,0.0580785274505615,0.0004169940948486,PieChart3_1453_results_DecisionTreeClassifier(random_state=0).csv
PieChart3_1453,simpleimputer,none,nystroem,none,DecisionTreeClassifier(random_state=0),3,0.916279069767442,0.0600085258483886,0.0003905296325683,PieChart3_1453_results_DecisionTreeClassifier(random_state=0).csv
PieChart3_1453,none,onehot,nystroem,none,DecisionTreeClassifier(random_state=0),3,0.916279069767442,0.0605390071868896,0.0003576278686523,PieChart3_1453_results_DecisionTreeClassifier(random_state=0).csv
PieChart3_1453,none,none,nystroem,none,DecisionTreeClassifier(random_state=0),3,0.916279069767442,0.0590462684631347,0.0003783702850341,PieChart3_1453_results_DecisionTreeClassifier(random_state=0).csv
PieChart3_1453,simpleimputer,onehot,nystroem,none,DecisionTreeClassifier(random_state=0),3,0.916279069767442,0.0582025051116943,0.0003695487976074,PieChart3_1453_results_DecisionTreeClassifier(random_state=0).csv
PieChart3_1453,none,ordinalencoder,generic_univariate,robust,DecisionTreeClassifier(random_state=0),4,0.9069767441860463,0.0013718605041503,0.000133991241455,PieChart3_1453_results_DecisionTreeClassifier(random_state=0).csv
PieChart3_1453,simpleimputer,onehot,generic_univariate,power,DecisionTreeClassifier(random_state=0),4,0.9069767441860463,0.001427412033081,0.0001368522644042,PieChart3_1453_results_DecisionTreeClassifier(random_state=0).csv
PieChart3_1453,simpleimputer,none,generic_univariate,standard,DecisionTreeClassifier(random_state=0),4,0.9069767441860463,0.0013651847839355,0.0001344680786132,PieChart3_1453_results_DecisionTreeClassifier(random_state=0).csv
PieChart3_1453,none,none,nystroem,none,DecisionTreeClassifier(random_state=0),4,0.9069767441860463,0.0528197288513183,0.0003800392150878,PieChart3_1453_results_DecisionTreeClassifier(random_state=0).csv
PieChart3_1453,none,ordinalencoder,nystroem,none,DecisionTreeClassifier(random_state=0),4,0.9069767441860463,0.0497684478759765,0.0003407001495361,PieChart3_1453_results_DecisionTreeClassifier(random_state=0).csv
PieChart3_1453,simpleimputer,ordinalencoder,generic_univariate,quantile,DecisionTreeClassifier(random_state=0),4,0.9069767441860463,0.0014252662658691,0.0001358985900878,PieChart3_1453_results_DecisionTreeClassifier(random_state=0).csv
PieChart3_1453,simpleimputer,ordinalencoder,nystroem,none,DecisionTreeClassifier(random_state=0),4,0.9069767441860463,0.0480740070343017,0.0002918243408203,PieChart3_1453_results_DecisionTreeClassifier(random_state=0).csv
PieChart3_1453,simpleimputer,ordinalencoder,generic_univariate,none,DecisionTreeClassifier(random_state=0),4,0.9069767441860463,0.0015380382537841,0.000136375427246,PieChart3_1453_results_DecisionTreeClassifier(random_state=0).csv
PieChart3_1453,simpleimputer,none,generic_univariate,robust,DecisionTreeClassifier(random_state=0),4,0.9069767441860463,0.0013370513916015,0.0001256465911865,PieChart3_1453_results_DecisionTreeClassifier(random_state=0).csv
PieChart3_1453,none,onehot,generic_univariate,standard,DecisionTreeClassifier(random_state=0),4,0.9069767441860463,0.001436710357666,0.0001361370086669,PieChart3_1453_results_DecisionTreeClassifier(random_state=0).csv
PieChart3_1453,none,onehot,generic_univariate,minmax,DecisionTreeClassifier(random_state=0),4,0.9069767441860463,0.0013620853424072,0.0001361370086669,PieChart3_1453_results_DecisionTreeClassifier(random_state=0).csv
PieChart3_1453,none,none,generic_univariate,minmax,DecisionTreeClassifier(random_state=0),4,0.9069767441860463,0.0013704299926757,0.0001351833343505,PieChart3_1453_results_DecisionTreeClassifier(random_state=0).csv
PieChart3_1453,simpleimputer,onehot,generic_univariate,standard,DecisionTreeClassifier(random_state=0),4,0.9069767441860463,0.001382827758789,0.0001361370086669,PieChart3_1453_results_DecisionTreeClassifier(random_state=0).csv
PieChart3_1453,simpleimputer,onehot,generic_univariate,quantile,DecisionTreeClassifier(random_state=0),4,0.9069767441860463,0.0015954971313476,0.000138521194458,PieChart3_1453_results_DecisionTreeClassifier(random_state=0).csv
appendicitis_test_edsa_45613,none,ordinalencoder,none,quantile,DecisionTreeClassifier(random_state=0),3,1.0,0.0014705657958984,0.0001368522644042,appendicitis_test_edsa_45613_results_DecisionTreeClassifier(random_state=0).csv
appendicitis_test_edsa_45613,none,onehot,none,quantile,DecisionTreeClassifier(random_state=0),3,1.0,0.0012571811676025,0.0001552104949951,appendicitis_test_edsa_45613_results_DecisionTreeClassifier(random_state=0).csv
appendicitis_test_edsa_45613,simpleimputer,onehot,none,quantile,DecisionTreeClassifier(random_state=0),3,1.0,0.001253604888916,0.0001332759857177,appendicitis_test_edsa_45613_results_DecisionTreeClassifier(random_state=0).csv
appendicitis_test_edsa_45613,simpleimputer,none,none,power,DecisionTreeClassifier(random_state=0),3,1.0,0.0011639595031738,0.0001258850097656,appendicitis_test_edsa_45613_results_DecisionTreeClassifier(random_state=0).csv
appendicitis_test_edsa_45613,simpleimputer,ordinalencoder,none,quantile,DecisionTreeClassifier(random_state=0),3,1.0,0.0013003349304199,0.000154972076416,appendicitis_test_edsa_45613_results_DecisionTreeClassifier(random_state=0).csv
appendicitis_test_edsa_45613,simpleimputer,ordinalencoder,none,power,DecisionTreeClassifier(random_state=0),3,1.0,0.0012555122375488,0.0001368522644042,appendicitis_test_edsa_45613_results_DecisionTreeClassifier(random_state=0).csv
appendicitis_test_edsa_45613,simpleimputer,onehot,none,power,DecisionTreeClassifier(random_state=0),3,1.0,0.0022287368774414,0.0002260208129882,appendicitis_test_edsa_45613_results_DecisionTreeClassifier(random_state=0).csv
appendicitis_test_edsa_45613,simpleimputer,none,none,quantile,DecisionTreeClassifier(random_state=0),3,1.0,0.0015158653259277,0.0003502368927001,appendicitis_test_edsa_45613_results_DecisionTreeClassifier(random_state=0).csv
appendicitis_test_edsa_45613,none,none,none,quantile,DecisionTreeClassifier(random_state=0),3,1.0,0.0014374256134033,0.0001444816589355,appendicitis_test_edsa_45613_results_DecisionTreeClassifier(random_state=0).csv
appendicitis_test_edsa_45613,none,onehot,none,power,DecisionTreeClassifier(random_state=0),3,1.0,0.0012421607971191,0.0001296997070312,appendicitis_test_edsa_45613_results_DecisionTreeClassifier(random_state=0).csv
appendicitis_test_edsa_45613,none,none,none,power,DecisionTreeClassifier(random_state=0),3,1.0,0.001122236251831,0.0001490116119384,appendicitis_test_edsa_45613_results_DecisionTreeClassifier(random_state=0).csv
appendicitis_test_edsa_45613,none,ordinalencoder,none,power,DecisionTreeClassifier(random_state=0),3,1.0,0.001253604888916,0.0001337528228759,appendicitis_test_edsa_45613_results_DecisionTreeClassifier(random_state=0).csv
appendicitis_test_edsa_45613,simpleimputer,ordinalencoder,none,none,DecisionTreeClassifier(random_state=0),3,0.9523809523809524,0.0020780563354492,0.0008354187011718,appendicitis_test_edsa_45613_results_DecisionTreeClassifier(random_state=0).csv
appendicitis_test_edsa_45613,none,none,feature_agglomeration,minmax,DecisionTreeClassifier(random_state=0),3,0.9523809523809524,0.0009078979492187,0.0001177787780761,appendicitis_test_edsa_45613_results_DecisionTreeClassifier(random_state=0).csv
appendicitis_test_edsa_45613,none,ordinalencoder,nystroem,standard,DecisionTreeClassifier(random_state=0),3,0.9523809523809524,0.0043141841888427,0.0001676082611083,appendicitis_test_edsa_45613_results_DecisionTreeClassifier(random_state=0).csv
appendicitis_test_edsa_45613,none,ordinalencoder,feature_agglomeration,minmax,DecisionTreeClassifier(random_state=0),3,0.9523809523809524,0.0009858608245849,0.0001745223999023,appendicitis_test_edsa_45613_results_DecisionTreeClassifier(random_state=0).csv
appendicitis_test_edsa_45613,none,none,none,robust,DecisionTreeClassifier(random_state=0),3,0.9523809523809524,0.001326560974121,0.0001814365386962,appendicitis_test_edsa_45613_results_DecisionTreeClassifier(random_state=0).csv
appendicitis_test_edsa_45613,none,ordinalencoder,kernel_pca,minmax,DecisionTreeClassifier(random_state=0),1,0.9523809523809524,0.0011587142944335,0.0001258850097656,appendicitis_test_edsa_45613_results_DecisionTreeClassifier(random_state=0).csv
appendicitis_test_edsa_45613,none,ordinalencoder,none,robust,DecisionTreeClassifier(random_state=0),3,0.9523809523809524,0.001368761062622,0.0001430511474609,appendicitis_test_edsa_45613_results_DecisionTreeClassifier(random_state=0).csv
appendicitis_test_edsa_45613,simpleimputer,ordinalencoder,kernel_pca,none,DecisionTreeClassifier(random_state=0),1,0.9523809523809524,0.0015695095062255,0.0001735687255859,appendicitis_test_edsa_45613_results_DecisionTreeClassifier(random_state=0).csv
DiabeticMellitus_41430,none,onehot,none,minmax,DecisionTreeClassifier(random_state=0),0,1.0,0.0020070075988769,0.0002408027648925,DiabeticMellitus_41430_results_DecisionTreeClassifier(random_state=0).csv
DiabeticMellitus_41430,none,onehot,none,quantile,DecisionTreeClassifier(random_state=0),0,1.0,0.0015289783477783,0.0001671314239501,DiabeticMellitus_41430_results_DecisionTreeClassifier(random_state=0).csv
DiabeticMellitus_41430,simpleimputer,ordinalencoder,select_percentile,quantile,DecisionTreeClassifier(random_state=0),0,1.0,0.0010027885437011,0.0001275539398193,DiabeticMellitus_41430_results_DecisionTreeClassifier(random_state=0).csv
DiabeticMellitus_41430,none,onehot,none,power,DecisionTreeClassifier(random_state=0),4,1.0,0.0015239715576171,0.0001323223114013,DiabeticMellitus_41430_results_DecisionTreeClassifier(random_state=0).csv
DiabeticMellitus_41430,none,onehot,none,power,DecisionTreeClassifier(random_state=0),0,1.0,0.001594066619873,0.0001342296600341,DiabeticMellitus_41430_results_DecisionTreeClassifier(random_state=0).csv
DiabeticMellitus_41430,simpleimputer,ordinalencoder,select_percentile,quantile,DecisionTreeClassifier(random_state=0),4,1.0,0.0009841918945312,0.0001256465911865,DiabeticMellitus_41430_results_DecisionTreeClassifier(random_state=0).csv
DiabeticMellitus_41430,none,none,none,standard,DecisionTreeClassifier(random_state=0),0,1.0,0.001861572265625,0.0002331733703613,DiabeticMellitus_41430_results_DecisionTreeClassifier(random_state=0).csv
DiabeticMellitus_41430,simpleimputer,ordinalencoder,none,quantile,DecisionTreeClassifier(random_state=0),0,1.0,0.0014002323150634,0.0001368522644042,DiabeticMellitus_41430_results_DecisionTreeClassifier(random_state=0).csv
DiabeticMellitus_41430,none,onehot,none,robust,DecisionTreeClassifier(random_state=0),4,1.0,0.001429796218872,0.0001332759857177,DiabeticMellitus_41430_results_DecisionTreeClassifier(random_state=0).csv
DiabeticMellitus_41430,none,none,none,quantile,DecisionTreeClassifier(random_state=0),4,1.0,0.0014934539794921,0.0001344680786132,DiabeticMellitus_41430_results_DecisionTreeClassifier(random_state=0).csv
DiabeticMellitus_41430,none,onehot,none,none,DecisionTreeClassifier(random_state=0),0,1.0,0.0027971267700195,0.0013482570648193,DiabeticMellitus_41430_results_DecisionTreeClassifier(random_state=0).csv
DiabeticMellitus_41430,none,none,none,standard,DecisionTreeClassifier(random_state=0),4,1.0,0.0015871524810791,0.0001499652862548,DiabeticMellitus_41430_results_DecisionTreeClassifier(random_state=0).csv
DiabeticMellitus_41430,none,none,none,minmax,DecisionTreeClassifier(random_state=0),0,1.0,0.0018649101257324,0.0001838207244873,DiabeticMellitus_41430_results_DecisionTreeClassifier(random_state=0).csv
DiabeticMellitus_41430,simpleimputer,onehot,none,quantile,DecisionTreeClassifier(random_state=0),0,1.0,0.001598834991455,0.0001881122589111,DiabeticMellitus_41430_results_DecisionTreeClassifier(random_state=0).csv
DiabeticMellitus_41430,none,none,none,minmax,DecisionTreeClassifier(random_state=0),4,1.0,0.0015068054199218,0.0001420974731445,DiabeticMellitus_41430_results_DecisionTreeClassifier(random_state=0).csv
DiabeticMellitus_41430,none,none,none,robust,DecisionTreeClassifier(random_state=0),0,1.0,0.0019385814666748,0.0001637935638427,DiabeticMellitus_41430_results_DecisionTreeClassifier(random_state=0).csv
DiabeticMellitus_41430,none,none,none,none,DecisionTreeClassifier(random_state=0),0,1.0,0.0031375885009765,0.0014128684997558,DiabeticMellitus_41430_results_DecisionTreeClassifier(random_state=0).csv
DiabeticMellitus_41430,simpleimputer,onehot,linear_svc,power,DecisionTreeClassifier(random_state=0),0,1.0,0.0010256767272949,0.000124454498291,DiabeticMellitus_41430_results_DecisionTreeClassifier(random_state=0).csv
DiabeticMellitus_41430,simpleimputer,none,generic_univariate,quantile,DecisionTreeClassifier(random_state=0),0,1.0,0.0008590221405029,0.0001204013824462,DiabeticMellitus_41430_results_DecisionTreeClassifier(random_state=0).csv
DiabeticMellitus_41430,simpleimputer,none,generic_univariate,quantile,DecisionTreeClassifier(random_state=0),4,1.0,0.000866413116455,0.0001196861267089,DiabeticMellitus_41430_results_DecisionTreeClassifier(random_state=0).csv
tae_48,simpleimputer,onehot,truncated_svd,normalizer,DecisionTreeClassifier(random_state=0),1,0.8,0.0010132789611816,0.0001242160797119,tae_48_results_DecisionTreeClassifier(random_state=0).csv
tae_48,simpleimputer,none,truncated_svd,normalizer,DecisionTreeClassifier(random_state=0),1,0.8,0.0009434223175048,0.0001204013824462,tae_48_results_DecisionTreeClassifier(random_state=0).csv
tae_48,none,ordinalencoder,truncated_svd,normalizer,DecisionTreeClassifier(random_state=0),1,0.8,0.0010678768157958,0.0001215934753417,tae_48_results_DecisionTreeClassifier(random_state=0).csv
tae_48,none,onehot,truncated_svd,normalizer,DecisionTreeClassifier(random_state=0),1,0.8,0.0010082721710205,0.0001206398010253,tae_48_results_DecisionTreeClassifier(random_state=0).csv
tae_48,none,none,truncated_svd,normalizer,DecisionTreeClassifier(random_state=0),1,0.8,0.0009193420410156,0.0001192092895507,tae_48_results_DecisionTreeClassifier(random_state=0).csv
tae_48,simpleimputer,ordinalencoder,truncated_svd,normalizer,DecisionTreeClassifier(random_state=0),1,0.8,0.0010342597961425,0.0001201629638671,tae_48_results_DecisionTreeClassifier(random_state=0).csv
tae_48,none,ordinalencoder,fastica,minmax,DecisionTreeClassifier(random_state=0),0,0.7741935483870968,0.0011496543884277,0.000126838684082,tae_48_results_DecisionTreeClassifier(random_state=0).csv
tae_48,none,ordinalencoder,feature_agglomeration,standard,DecisionTreeClassifier(random_state=0),0,0.7741935483870968,0.0010621547698974,0.0001266002655029,tae_48_results_DecisionTreeClassifier(random_state=0).csv
tae_48,simpleimputer,onehot,feature_agglomeration,standard,DecisionTreeClassifier(random_state=0),0,0.7741935483870968,0.0010476112365722,0.0001263618469238,tae_48_results_DecisionTreeClassifier(random_state=0).csv
tae_48,simpleimputer,ordinalencoder,feature_agglomeration,standard,DecisionTreeClassifier(random_state=0),0,0.7741935483870968,0.001014232635498,0.0001394748687744,tae_48_results_DecisionTreeClassifier(random_state=0).csv
tae_48,simpleimputer,onehot,fastica,minmax,DecisionTreeClassifier(random_state=0),0,0.7741935483870968,0.0013127326965332,0.0001277923583984,tae_48_results_DecisionTreeClassifier(random_state=0).csv
tae_48,simpleimputer,ordinalencoder,fastica,minmax,DecisionTreeClassifier(random_state=0),0,0.7741935483870968,0.0012276172637939,0.0001237392425537,tae_48_results_DecisionTreeClassifier(random_state=0).csv
tae_48,none,none,feature_agglomeration,standard,DecisionTreeClassifier(random_state=0),0,0.7741935483870968,0.0009381771087646,0.0001208782196044,tae_48_results_DecisionTreeClassifier(random_state=0).csv
tae_48,none,onehot,feature_agglomeration,standard,DecisionTreeClassifier(random_state=0),0,0.7741935483870968,0.0009477138519287,0.0001184940338134,tae_48_results_DecisionTreeClassifier(random_state=0).csv
tae_48,none,none,fastica,minmax,DecisionTreeClassifier(random_state=0),0,0.7741935483870968,0.0013060569763183,0.0001273155212402,tae_48_results_DecisionTreeClassifier(random_state=0).csv
tae_48,simpleimputer,none,fastica,minmax,DecisionTreeClassifier(random_state=0),0,0.7741935483870968,0.0011892318725585,0.0001227855682373,tae_48_results_DecisionTreeClassifier(random_state=0).csv
tae_48,none,onehot,fastica,minmax,DecisionTreeClassifier(random_state=0),0,0.7741935483870968,0.001239538192749,0.0001335144042968,tae_48_results_DecisionTreeClassifier(random_state=0).csv
tae_48,simpleimputer,ordinalencoder,fastica,quantile,DecisionTreeClassifier(random_state=0),0,0.7741935483870968,0.0011265277862548,0.0001213550567626,tae_48_results_DecisionTreeClassifier(random_state=0).csv
tae_48,none,ordinalencoder,fastica,quantile,DecisionTreeClassifier(random_state=0),0,0.7741935483870968,0.0011470317840576,0.0001246929168701,tae_48_results_DecisionTreeClassifier(random_state=0).csv
tae_48,none,none,fastica,quantile,DecisionTreeClassifier(random_state=0),0,0.7741935483870968,0.0011384487152099,0.0001223087310791,tae_48_results_DecisionTreeClassifier(random_state=0).csv
fri_c1_500_50_766,none,onehot,select_percentile,none,DecisionTreeClassifier(random_state=0),2,0.9,0.0024349689483642,0.0001447200775146,fri_c1_500_50_766_results_DecisionTreeClassifier(random_state=0).csv
fri_c1_500_50_766,none,ordinalencoder,extra_tree,none,DecisionTreeClassifier(random_state=0),2,0.9,0.002535343170166,0.0001389980316162,fri_c1_500_50_766_results_DecisionTreeClassifier(random_state=0).csv
fri_c1_500_50_766,simpleimputer,none,select_percentile,power,DecisionTreeClassifier(random_state=0),2,0.9,0.0022494792938232,0.0001337528228759,fri_c1_500_50_766_results_DecisionTreeClassifier(random_state=0).csv
fri_c1_500_50_766,simpleimputer,ordinalencoder,extra_tree,robust,DecisionTreeClassifier(random_state=0),2,0.9,0.0022141933441162,0.0001389980316162,fri_c1_500_50_766_results_DecisionTreeClassifier(random_state=0).csv
fri_c1_500_50_766,none,none,extra_tree,standard,DecisionTreeClassifier(random_state=0),2,0.9,0.0023808479309082,0.0001451969146728,fri_c1_500_50_766_results_DecisionTreeClassifier(random_state=0).csv
fri_c1_500_50_766,simpleimputer,ordinalencoder,select_percentile,normalizer,DecisionTreeClassifier(random_state=0),2,0.9,0.0021905899047851,0.0001320838928222,fri_c1_500_50_766_results_DecisionTreeClassifier(random_state=0).csv
fri_c1_500_50_766,none,onehot,select_percentile,power,DecisionTreeClassifier(random_state=0),2,0.9,0.0022823810577392,0.0001437664031982,fri_c1_500_50_766_results_DecisionTreeClassifier(random_state=0).csv
fri_c1_500_50_766,none,ordinalencoder,select_percentile,standard,DecisionTreeClassifier(random_state=0),2,0.9,0.0024199485778808,0.0001511573791503,fri_c1_500_50_766_results_DecisionTreeClassifier(random_state=0).csv
fri_c1_500_50_766,simpleimputer,ordinalencoder,extra_tree,minmax,DecisionTreeClassifier(random_state=0),2,0.9,0.0023107528686523,0.0001368522644042,fri_c1_500_50_766_results_DecisionTreeClassifier(random_state=0).csv
fri_c1_500_50_766,simpleimputer,ordinalencoder,select_percentile,robust,DecisionTreeClassifier(random_state=0),2,0.9,0.0022051334381103,0.0001678466796875,fri_c1_500_50_766_results_DecisionTreeClassifier(random_state=0).csv
fri_c1_500_50_766,none,onehot,select_percentile,standard,DecisionTreeClassifier(random_state=0),2,0.9,0.0026700496673583,0.0001609325408935,fri_c1_500_50_766_results_DecisionTreeClassifier(random_state=0).csv
fri_c1_500_50_766,simpleimputer,none,extra_tree,robust,DecisionTreeClassifier(random_state=0),2,0.9,0.0024852752685546,0.0001356601715087,fri_c1_500_50_766_results_DecisionTreeClassifier(random_state=0).csv
fri_c1_500_50_766,none,ordinalencoder,extra_tree,standard,DecisionTreeClassifier(random_state=0),2,0.9,0.0022470951080322,0.0001647472381591,fri_c1_500_50_766_results_DecisionTreeClassifier(random_state=0).csv
fri_c1_500_50_766,simpleimputer,none,select_percentile,normalizer,DecisionTreeClassifier(random_state=0),2,0.9,0.0022554397583007,0.0001347064971923,fri_c1_500_50_766_results_DecisionTreeClassifier(random_state=0).csv
fri_c1_500_50_766,simpleimputer,none,select_percentile,quantile,DecisionTreeClassifier(random_state=0),2,0.9,0.0022225379943847,0.000136375427246,fri_c1_500_50_766_results_DecisionTreeClassifier(random_state=0).csv
fri_c1_500_50_766,none,onehot,extra_tree,none,DecisionTreeClassifier(random_state=0),2,0.9,0.0024080276489257,0.0001919269561767,fri_c1_500_50_766_results_DecisionTreeClassifier(random_state=0).csv
fri_c1_500_50_766,simpleimputer,onehot,extra_tree,none,DecisionTreeClassifier(random_state=0),2,0.9,0.0022585391998291,0.0001552104949951,fri_c1_500_50_766_results_DecisionTreeClassifier(random_state=0).csv
fri_c1_500_50_766,simpleimputer,onehot,select_percentile,none,DecisionTreeClassifier(random_state=0),2,0.9,0.0022487640380859,0.0001347064971923,fri_c1_500_50_766_results_DecisionTreeClassifier(random_state=0).csv
fri_c1_500_50_766,simpleimputer,none,select_percentile,robust,DecisionTreeClassifier(random_state=0),2,0.9,0.002434492111206,0.0001590251922607,fri_c1_500_50_766_results_DecisionTreeClassifier(random_state=0).csv
fri_c1_500_50_766,none,none,select_percentile,minmax,DecisionTreeClassifier(random_state=0),2,0.9,0.0022995471954345,0.0001490116119384,fri_c1_500_50_766_results_DecisionTreeClassifier(random_state=0).csv
tokyo1_40705,none,ordinalencoder,random_trees_embedding,robust,DecisionTreeClassifier(random_state=0),2,0.9635416666666666,0.0220875740051269,0.0002977848052978,tokyo1_40705_results_DecisionTreeClassifier(random_state=0).csv
tokyo1_40705,simpleimputer,onehot,random_trees_embedding,none,DecisionTreeClassifier(random_state=0),2,0.9635416666666666,0.0222043991088867,0.0005252361297607,tokyo1_40705_results_DecisionTreeClassifier(random_state=0).csv
tokyo1_40705,simpleimputer,ordinalencoder,random_trees_embedding,robust,DecisionTreeClassifier(random_state=0),2,0.9635416666666666,0.0226168632507324,0.0003175735473632,tokyo1_40705_results_DecisionTreeClassifier(random_state=0).csv
tokyo1_40705,none,ordinalencoder,random_trees_embedding,none,DecisionTreeClassifier(random_state=0),2,0.9635416666666666,0.0219802856445312,0.0003018379211425,tokyo1_40705_results_DecisionTreeClassifier(random_state=0).csv
tokyo1_40705,none,onehot,random_trees_embedding,robust,DecisionTreeClassifier(random_state=0),2,0.9635416666666666,0.0225491523742675,0.0003983974456787,tokyo1_40705_results_DecisionTreeClassifier(random_state=0).csv
tokyo1_40705,simpleimputer,ordinalencoder,random_trees_embedding,none,DecisionTreeClassifier(random_state=0),2,0.9635416666666666,0.0218033790588378,0.0003600120544433,tokyo1_40705_results_DecisionTreeClassifier(random_state=0).csv
tokyo1_40705,simpleimputer,onehot,random_trees_embedding,robust,DecisionTreeClassifier(random_state=0),2,0.9635416666666666,0.0226149559020996,0.0003914833068847,tokyo1_40705_results_DecisionTreeClassifier(random_state=0).csv
tokyo1_40705,none,onehot,random_trees_embedding,none,DecisionTreeClassifier(random_state=0),2,0.9635416666666666,0.0219287872314453,0.0002858638763427,tokyo1_40705_results_DecisionTreeClassifier(random_state=0).csv
tokyo1_40705,none,none,random_trees_embedding,robust,DecisionTreeClassifier(random_state=0),2,0.9635416666666666,0.021834373474121,0.0002973079681396,tokyo1_40705_results_DecisionTreeClassifier(random_state=0).csv
tokyo1_40705,simpleimputer,none,random_trees_embedding,robust,DecisionTreeClassifier(random_state=0),2,0.9635416666666666,0.0225660800933837,0.0003507137298583,tokyo1_40705_results_DecisionTreeClassifier(random_state=0).csv
tokyo1_40705,none,none,random_trees_embedding,none,DecisionTreeClassifier(random_state=0),2,0.9635416666666666,0.0213191509246826,0.0002973079681396,tokyo1_40705_results_DecisionTreeClassifier(random_state=0).csv
tokyo1_40705,simpleimputer,none,random_trees_embedding,none,DecisionTreeClassifier(random_state=0),2,0.9635416666666666,0.0219213962554931,0.0003354549407958,tokyo1_40705_results_DecisionTreeClassifier(random_state=0).csv
tokyo1_40705,none,none,polynomial_features,robust,DecisionTreeClassifier(random_state=0),2,0.953125,0.4815831184387207,0.0004122257232666,tokyo1_40705_results_DecisionTreeClassifier(random_state=0).csv
tokyo1_40705,none,onehot,random_trees_embedding,standard,DecisionTreeClassifier(random_state=0),2,0.953125,0.0224342346191406,0.0003120899200439,tokyo1_40705_results_DecisionTreeClassifier(random_state=0).csv
tokyo1_40705,simpleimputer,none,random_trees_embedding,quantile,DecisionTreeClassifier(random_state=0),2,0.953125,0.0247020721435546,0.000270128250122,tokyo1_40705_results_DecisionTreeClassifier(random_state=0).csv
tokyo1_40705,simpleimputer,ordinalencoder,random_trees_embedding,standard,DecisionTreeClassifier(random_state=0),2,0.953125,0.022303819656372,0.000455617904663,tokyo1_40705_results_DecisionTreeClassifier(random_state=0).csv
tokyo1_40705,simpleimputer,onehot,random_trees_embedding,quantile,DecisionTreeClassifier(random_state=0),2,0.953125,0.025026798248291,0.0004003047943115,tokyo1_40705_results_DecisionTreeClassifier(random_state=0).csv
tokyo1_40705,simpleimputer,onehot,polynomial_features,robust,DecisionTreeClassifier(random_state=0),2,0.953125,0.5217092037200928,0.0004279613494873,tokyo1_40705_results_DecisionTreeClassifier(random_state=0).csv
tokyo1_40705,none,ordinalencoder,random_trees_embedding,standard,DecisionTreeClassifier(random_state=0),2,0.953125,0.0217235088348388,0.0003187656402587,tokyo1_40705_results_DecisionTreeClassifier(random_state=0).csv
tokyo1_40705,none,ordinalencoder,random_trees_embedding,quantile,DecisionTreeClassifier(random_state=0),2,0.953125,0.0243732929229736,0.0002913475036621,tokyo1_40705_results_DecisionTreeClassifier(random_state=0).csv
schizo_466,simpleimputer,onehot,linear_svc,normalizer,DecisionTreeClassifier(random_state=0),3,1.0,0.0011610984802246,0.000126838684082,schizo_466_results_DecisionTreeClassifier(random_state=0).csv
schizo_466,simpleimputer,onehot,select_percentile,normalizer,DecisionTreeClassifier(random_state=0),3,1.0,0.0010552406311035,0.0001242160797119,schizo_466_results_DecisionTreeClassifier(random_state=0).csv
schizo_466,simpleimputer,onehot,select_percentile,normalizer,DecisionTreeClassifier(random_state=0),2,1.0,0.001068115234375,0.0001423358917236,schizo_466_results_DecisionTreeClassifier(random_state=0).csv
schizo_466,simpleimputer,onehot,linear_svc,normalizer,DecisionTreeClassifier(random_state=0),1,0.9705882352941176,0.0010051727294921,0.0001242160797119,schizo_466_results_DecisionTreeClassifier(random_state=0).csv
schizo_466,simpleimputer,ordinalencoder,nystroem,none,DecisionTreeClassifier(random_state=0),0,0.9705882352941176,0.0171494483947753,0.0001807212829589,schizo_466_results_DecisionTreeClassifier(random_state=0).csv
schizo_466,simpleimputer,onehot,select_percentile,normalizer,DecisionTreeClassifier(random_state=0),1,0.9705882352941176,0.0010371208190917,0.000124454498291,schizo_466_results_DecisionTreeClassifier(random_state=0).csv
schizo_466,simpleimputer,ordinalencoder,feature_agglomeration,none,DecisionTreeClassifier(random_state=0),0,0.9705882352941176,0.0013198852539062,0.0001258850097656,schizo_466_results_DecisionTreeClassifier(random_state=0).csv
schizo_466,simpleimputer,onehot,truncated_svd,none,DecisionTreeClassifier(random_state=0),3,0.9705882352941176,0.0012927055358886,0.0001575946807861,schizo_466_results_DecisionTreeClassifier(random_state=0).csv
schizo_466,simpleimputer,onehot,select_percentile,normalizer,DecisionTreeClassifier(random_state=0),4,0.9705882352941176,0.0011780261993408,0.0001323223114013,schizo_466_results_DecisionTreeClassifier(random_state=0).csv
schizo_466,simpleimputer,onehot,feature_agglomeration,robust,DecisionTreeClassifier(random_state=0),3,0.9558823529411764,0.0012037754058837,0.0001230239868164,schizo_466_results_DecisionTreeClassifier(random_state=0).csv
schizo_466,simpleimputer,onehot,nystroem,none,DecisionTreeClassifier(random_state=0),3,0.9558823529411764,0.019402265548706,0.0003628730773925,schizo_466_results_DecisionTreeClassifier(random_state=0).csv
schizo_466,simpleimputer,ordinalencoder,feature_agglomeration,none,DecisionTreeClassifier(random_state=0),2,0.9558823529411764,0.0013048648834228,0.0001521110534667,schizo_466_results_DecisionTreeClassifier(random_state=0).csv
schizo_466,simpleimputer,onehot,nystroem,none,DecisionTreeClassifier(random_state=0),2,0.9558823529411764,0.0255708694458007,0.0003304481506347,schizo_466_results_DecisionTreeClassifier(random_state=0).csv
schizo_466,simpleimputer,ordinalencoder,polynomial_features,quantile,DecisionTreeClassifier(random_state=0),3,0.9558823529411764,0.0154261589050292,0.0002295970916748,schizo_466_results_DecisionTreeClassifier(random_state=0).csv
schizo_466,simpleimputer,onehot,feature_agglomeration,none,DecisionTreeClassifier(random_state=0),3,0.9411764705882352,0.0013496875762939,0.0001318454742431,schizo_466_results_DecisionTreeClassifier(random_state=0).csv
schizo_466,simpleimputer,ordinalencoder,nystroem,none,DecisionTreeClassifier(random_state=0),3,0.9411764705882352,0.0184588432312011,0.0001943111419677,schizo_466_results_DecisionTreeClassifier(random_state=0).csv
schizo_466,simpleimputer,onehot,linear_svc,normalizer,DecisionTreeClassifier(random_state=0),0,0.9411764705882352,0.001023530960083,0.0001859664916992,schizo_466_results_DecisionTreeClassifier(random_state=0).csv
schizo_466,simpleimputer,onehot,select_percentile,normalizer,DecisionTreeClassifier(random_state=0),0,0.9411764705882352,0.0010275840759277,0.000124454498291,schizo_466_results_DecisionTreeClassifier(random_state=0).csv
schizo_466,simpleimputer,ordinalencoder,truncated_svd,none,DecisionTreeClassifier(random_state=0),3,0.9411764705882352,0.0014193058013916,0.0001296997070312,schizo_466_results_DecisionTreeClassifier(random_state=0).csv
schizo_466,simpleimputer,ordinalencoder,truncated_svd,none,DecisionTreeClassifier(random_state=0),2,0.9411764705882352,0.0013034343719482,0.0001256465911865,schizo_466_results_DecisionTreeClassifier(random_state=0).csv
glass_1005,none,none,kernel_pca,power,DecisionTreeClassifier(random_state=0),2,0.9069767441860463,0.0022563934326171,0.0001506805419921,glass_1005_results_DecisionTreeClassifier(random_state=0).csv
glass_1005,simpleimputer,onehot,kernel_pca,power,DecisionTreeClassifier(random_state=0),2,0.9069767441860463,0.0021815299987792,0.0001564025878906,glass_1005_results_DecisionTreeClassifier(random_state=0).csv
glass_1005,none,ordinalencoder,kernel_pca,power,DecisionTreeClassifier(random_state=0),2,0.9069767441860463,0.002403974533081,0.0001692771911621,glass_1005_results_DecisionTreeClassifier(random_state=0).csv
glass_1005,simpleimputer,none,kernel_pca,power,DecisionTreeClassifier(random_state=0),2,0.9069767441860463,0.0025269985198974,0.0002570152282714,glass_1005_results_DecisionTreeClassifier(random_state=0).csv
glass_1005,none,onehot,kernel_pca,power,DecisionTreeClassifier(random_state=0),2,0.9069767441860463,0.0022904872894287,0.0001554489135742,glass_1005_results_DecisionTreeClassifier(random_state=0).csv
glass_1005,simpleimputer,ordinalencoder,kernel_pca,power,DecisionTreeClassifier(random_state=0),2,0.9069767441860463,0.0022592544555664,0.0001540184020996,glass_1005_results_DecisionTreeClassifier(random_state=0).csv
glass_1005,none,onehot,polynomial_features,robust,DecisionTreeClassifier(random_state=0),0,0.8837209302325582,0.0032315254211425,0.000154972076416,glass_1005_results_DecisionTreeClassifier(random_state=0).csv
glass_1005,none,onehot,polynomial_features,robust,DecisionTreeClassifier(random_state=0),2,0.8837209302325582,0.0043747425079345,0.0001337528228759,glass_1005_results_DecisionTreeClassifier(random_state=0).csv
glass_1005,none,none,polynomial_features,robust,DecisionTreeClassifier(random_state=0),0,0.8837209302325582,0.0031375885009765,0.000129222869873,glass_1005_results_DecisionTreeClassifier(random_state=0).csv
glass_1005,simpleimputer,onehot,none,power,DecisionTreeClassifier(random_state=0),0,0.8837209302325582,0.0016536712646484,0.0001540184020996,glass_1005_results_DecisionTreeClassifier(random_state=0).csv
glass_1005,none,ordinalencoder,none,normalizer,DecisionTreeClassifier(random_state=0),0,0.8837209302325582,0.0017609596252441,0.0001533031463623,glass_1005_results_DecisionTreeClassifier(random_state=0).csv
glass_1005,none,none,none,power,DecisionTreeClassifier(random_state=0),0,0.8837209302325582,0.0016291141510009,0.000176191329956,glass_1005_results_DecisionTreeClassifier(random_state=0).csv
glass_1005,simpleimputer,ordinalencoder,polynomial_features,robust,DecisionTreeClassifier(random_state=0),0,0.8837209302325582,0.0031549930572509,0.0001301765441894,glass_1005_results_DecisionTreeClassifier(random_state=0).csv
glass_1005,none,none,none,normalizer,DecisionTreeClassifier(random_state=0),0,0.8837209302325582,0.0017626285552978,0.0001533031463623,glass_1005_results_DecisionTreeClassifier(random_state=0).csv
glass_1005,simpleimputer,onehot,none,normalizer,DecisionTreeClassifier(random_state=0),0,0.8837209302325582,0.0018219947814941,0.0001575946807861,glass_1005_results_DecisionTreeClassifier(random_state=0).csv
glass_1005,none,onehot,none,normalizer,DecisionTreeClassifier(random_state=0),0,0.8837209302325582,0.0017712116241455,0.0001513957977294,glass_1005_results_DecisionTreeClassifier(random_state=0).csv
glass_1005,simpleimputer,onehot,polynomial_features,robust,DecisionTreeClassifier(random_state=0),0,0.8837209302325582,0.0033886432647705,0.0001378059387207,glass_1005_results_DecisionTreeClassifier(random_state=0).csv
glass_1005,simpleimputer,none,polynomial_features,robust,DecisionTreeClassifier(random_state=0),0,0.8837209302325582,0.0031268596649169,0.0001287460327148,glass_1005_results_DecisionTreeClassifier(random_state=0).csv
glass_1005,none,ordinalencoder,polynomial_features,robust,DecisionTreeClassifier(random_state=0),0,0.8837209302325582,0.0032203197479248,0.0001325607299804,glass_1005_results_DecisionTreeClassifier(random_state=0).csv
glass_1005,simpleimputer,ordinalencoder,none,normalizer,DecisionTreeClassifier(random_state=0),0,0.8837209302325582,0.0017797946929931,0.0001654624938964,glass_1005_results_DecisionTreeClassifier(random_state=0).csv
backache_463,simpleimputer,onehot,select_percentile,none,DecisionTreeClassifier(random_state=0),1,0.9444444444444444,0.0008409023284912,0.0001111030578613,backache_463_results_DecisionTreeClassifier(random_state=0).csv
backache_463,none,none,select_percentile,power,DecisionTreeClassifier(random_state=0),1,0.9444444444444444,0.0007908344268798,0.0001111030578613,backache_463_results_DecisionTreeClassifier(random_state=0).csv
backache_463,simpleimputer,ordinalencoder,select_percentile,none,DecisionTreeClassifier(random_state=0),1,0.9444444444444444,0.0008797645568847,0.0001206398010253,backache_463_results_DecisionTreeClassifier(random_state=0).csv
backache_463,simpleimputer,ordinalencoder,select_percentile,standard,DecisionTreeClassifier(random_state=0),1,0.9444444444444444,0.0009045600891113,0.000115156173706,backache_463_results_DecisionTreeClassifier(random_state=0).csv
backache_463,simpleimputer,onehot,select_percentile,minmax,DecisionTreeClassifier(random_state=0),1,0.9444444444444444,0.0008914470672607,0.0001192092895507,backache_463_results_DecisionTreeClassifier(random_state=0).csv
backache_463,none,none,select_percentile,minmax,DecisionTreeClassifier(random_state=0),1,0.9444444444444444,0.0010275840759277,0.0001213550567626,backache_463_results_DecisionTreeClassifier(random_state=0).csv
backache_463,simpleimputer,onehot,select_percentile,robust,DecisionTreeClassifier(random_state=0),1,0.9444444444444444,0.0009655952453613,0.0001256465911865,backache_463_results_DecisionTreeClassifier(random_state=0).csv
backache_463,simpleimputer,onehot,select_percentile,quantile,DecisionTreeClassifier(random_state=0),1,0.9444444444444444,0.0009608268737792,0.0001213550567626,backache_463_results_DecisionTreeClassifier(random_state=0).csv
backache_463,none,onehot,select_percentile,robust,DecisionTreeClassifier(random_state=0),1,0.9444444444444444,0.0008695125579833,0.0001208782196044,backache_463_results_DecisionTreeClassifier(random_state=0).csv
backache_463,simpleimputer,onehot,select_percentile,power,DecisionTreeClassifier(random_state=0),1,0.9444444444444444,0.000887393951416,0.0001451969146728,backache_463_results_DecisionTreeClassifier(random_state=0).csv
backache_463,none,none,select_percentile,standard,DecisionTreeClassifier(random_state=0),1,0.9444444444444444,0.0008971691131591,0.0001215934753417,backache_463_results_DecisionTreeClassifier(random_state=0).csv
backache_463,none,onehot,select_percentile,none,DecisionTreeClassifier(random_state=0),1,0.9444444444444444,0.0009281635284423,0.0001213550567626,backache_463_results_DecisionTreeClassifier(random_state=0).csv
backache_463,none,onehot,select_percentile,minmax,DecisionTreeClassifier(random_state=0),1,0.9444444444444444,0.0009148120880126,0.0001213550567626,backache_463_results_DecisionTreeClassifier(random_state=0).csv
backache_463,none,ordinalencoder,select_percentile,quantile,DecisionTreeClassifier(random_state=0),1,0.9444444444444444,0.0008120536804199,0.0001287460327148,backache_463_results_DecisionTreeClassifier(random_state=0).csv
backache_463,none,none,select_percentile,quantile,DecisionTreeClassifier(random_state=0),1,0.9444444444444444,0.0009491443634033,0.0001230239868164,backache_463_results_DecisionTreeClassifier(random_state=0).csv
backache_463,none,ordinalencoder,select_percentile,robust,DecisionTreeClassifier(random_state=0),1,0.9444444444444444,0.0009872913360595,0.0001194477081298,backache_463_results_DecisionTreeClassifier(random_state=0).csv
backache_463,simpleimputer,ordinalencoder,select_percentile,power,DecisionTreeClassifier(random_state=0),1,0.9444444444444444,0.0009090900421142,0.0001192092895507,backache_463_results_DecisionTreeClassifier(random_state=0).csv
backache_463,simpleimputer,none,select_percentile,robust,DecisionTreeClassifier(random_state=0),1,0.9444444444444444,0.000873327255249,0.0001354217529296,backache_463_results_DecisionTreeClassifier(random_state=0).csv
backache_463,simpleimputer,ordinalencoder,select_percentile,robust,DecisionTreeClassifier(random_state=0),1,0.9444444444444444,0.0008285045623779,0.0001170635223388,backache_463_results_DecisionTreeClassifier(random_state=0).csv
backache_463,simpleimputer,none,select_percentile,standard,DecisionTreeClassifier(random_state=0),1,0.9444444444444444,0.000913381576538,0.0001194477081298,backache_463_results_DecisionTreeClassifier(random_state=0).csv
parkinsons_1488,simpleimputer,none,random_trees_embedding,power,DecisionTreeClassifier(random_state=0),2,1.0,0.0061686038970947,0.0002453327178955,parkinsons_1488_results_DecisionTreeClassifier(random_state=0).csv
parkinsons_1488,none,ordinalencoder,random_trees_embedding,power,DecisionTreeClassifier(random_state=0),2,1.0,0.0061497688293457,0.0001945495605468,parkinsons_1488_results_DecisionTreeClassifier(random_state=0).csv
parkinsons_1488,none,onehot,random_trees_embedding,power,DecisionTreeClassifier(random_state=0),2,1.0,0.0061700344085693,0.000192642211914,parkinsons_1488_results_DecisionTreeClassifier(random_state=0).csv
parkinsons_1488,none,none,random_trees_embedding,power,DecisionTreeClassifier(random_state=0),2,1.0,0.0059986114501953,0.0001833438873291,parkinsons_1488_results_DecisionTreeClassifier(random_state=0).csv
parkinsons_1488,simpleimputer,onehot,random_trees_embedding,power,DecisionTreeClassifier(random_state=0),2,1.0,0.0061910152435302,0.0001928806304931,parkinsons_1488_results_DecisionTreeClassifier(random_state=0).csv
parkinsons_1488,simpleimputer,ordinalencoder,random_trees_embedding,power,DecisionTreeClassifier(random_state=0),2,1.0,0.0061104297637939,0.0001964569091796,parkinsons_1488_results_DecisionTreeClassifier(random_state=0).csv
parkinsons_1488,none,onehot,truncated_svd,standard,DecisionTreeClassifier(random_state=0),2,0.9743589743589745,0.0010211467742919,0.000119924545288,parkinsons_1488_results_DecisionTreeClassifier(random_state=0).csv
parkinsons_1488,none,ordinalencoder,truncated_svd,standard,DecisionTreeClassifier(random_state=0),2,0.9743589743589745,0.0009176731109619,0.0001184940338134,parkinsons_1488_results_DecisionTreeClassifier(random_state=0).csv
parkinsons_1488,simpleimputer,onehot,truncated_svd,standard,DecisionTreeClassifier(random_state=0),2,0.9743589743589745,0.0009877681732177,0.0001194477081298,parkinsons_1488_results_DecisionTreeClassifier(random_state=0).csv
parkinsons_1488,simpleimputer,none,truncated_svd,standard,DecisionTreeClassifier(random_state=0),2,0.9743589743589745,0.0009605884552001,0.0001201629638671,parkinsons_1488_results_DecisionTreeClassifier(random_state=0).csv
parkinsons_1488,simpleimputer,ordinalencoder,truncated_svd,standard,DecisionTreeClassifier(random_state=0),2,0.9743589743589745,0.000967264175415,0.0001194477081298,parkinsons_1488_results_DecisionTreeClassifier(random_state=0).csv
parkinsons_1488,none,none,truncated_svd,standard,DecisionTreeClassifier(random_state=0),2,0.9743589743589745,0.0009565353393554,0.0001194477081298,parkinsons_1488_results_DecisionTreeClassifier(random_state=0).csv
parkinsons_1488,simpleimputer,onehot,pca,normalizer,DecisionTreeClassifier(random_state=0),2,0.9487179487179488,0.0020573139190673,0.0001266002655029,parkinsons_1488_results_DecisionTreeClassifier(random_state=0).csv
parkinsons_1488,none,onehot,truncated_svd,robust,DecisionTreeClassifier(random_state=0),2,0.9487179487179488,0.0009918212890625,0.0001206398010253,parkinsons_1488_results_DecisionTreeClassifier(random_state=0).csv
parkinsons_1488,simpleimputer,none,extra_tree,quantile,DecisionTreeClassifier(random_state=0),2,0.9487179487179488,0.001265525817871,0.0001327991485595,parkinsons_1488_results_DecisionTreeClassifier(random_state=0).csv
parkinsons_1488,none,none,extra_tree,quantile,DecisionTreeClassifier(random_state=0),2,0.9487179487179488,0.0012409687042236,0.0001277923583984,parkinsons_1488_results_DecisionTreeClassifier(random_state=0).csv
parkinsons_1488,none,none,truncated_svd,robust,DecisionTreeClassifier(random_state=0),2,0.9487179487179488,0.0010073184967041,0.0001235008239746,parkinsons_1488_results_DecisionTreeClassifier(random_state=0).csv
parkinsons_1488,none,ordinalencoder,extra_tree,quantile,DecisionTreeClassifier(random_state=0),2,0.9487179487179488,0.0012433528900146,0.000126838684082,parkinsons_1488_results_DecisionTreeClassifier(random_state=0).csv
parkinsons_1488,none,ordinalencoder,truncated_svd,robust,DecisionTreeClassifier(random_state=0),2,0.9487179487179488,0.0009644031524658,0.0001206398010253,parkinsons_1488_results_DecisionTreeClassifier(random_state=0).csv
parkinsons_1488,simpleimputer,ordinalencoder,truncated_svd,robust,DecisionTreeClassifier(random_state=0),2,0.9487179487179488,0.0009763240814208,0.0001206398010253,parkinsons_1488_results_DecisionTreeClassifier(random_state=0).csv
PieChart1_1451,none,ordinalencoder,polynomial_features,minmax,DecisionTreeClassifier(random_state=0),3,0.950354609929078,0.148632526397705,0.0003399848937988,PieChart1_1451_results_DecisionTreeClassifier(random_state=0).csv
PieChart1_1451,simpleimputer,onehot,polynomial_features,minmax,DecisionTreeClassifier(random_state=0),3,0.950354609929078,0.151670217514038,0.0003647804260253,PieChart1_1451_results_DecisionTreeClassifier(random_state=0).csv
PieChart1_1451,simpleimputer,none,polynomial_features,minmax,DecisionTreeClassifier(random_state=0),3,0.950354609929078,0.1516642570495605,0.0003473758697509,PieChart1_1451_results_DecisionTreeClassifier(random_state=0).csv
PieChart1_1451,none,onehot,polynomial_features,minmax,DecisionTreeClassifier(random_state=0),3,0.950354609929078,0.1551971435546875,0.0003454685211181,PieChart1_1451_results_DecisionTreeClassifier(random_state=0).csv
PieChart1_1451,none,none,polynomial_features,minmax,DecisionTreeClassifier(random_state=0),3,0.950354609929078,0.158219575881958,0.0003509521484375,PieChart1_1451_results_DecisionTreeClassifier(random_state=0).csv
PieChart1_1451,simpleimputer,ordinalencoder,polynomial_features,minmax,DecisionTreeClassifier(random_state=0),3,0.950354609929078,0.1551666259765625,0.0003867149353027,PieChart1_1451_results_DecisionTreeClassifier(random_state=0).csv
PieChart1_1451,none,ordinalencoder,kernel_pca,standard,DecisionTreeClassifier(random_state=0),3,0.9432624113475178,0.0195362567901611,0.0006239414215087,PieChart1_1451_results_DecisionTreeClassifier(random_state=0).csv
PieChart1_1451,none,onehot,kernel_pca,standard,DecisionTreeClassifier(random_state=0),3,0.9432624113475178,0.0177247524261474,0.0001924037933349,PieChart1_1451_results_DecisionTreeClassifier(random_state=0).csv
PieChart1_1451,simpleimputer,ordinalencoder,kernel_pca,standard,DecisionTreeClassifier(random_state=0),3,0.9432624113475178,0.0186703205108642,0.000178575515747,PieChart1_1451_results_DecisionTreeClassifier(random_state=0).csv
PieChart1_1451,simpleimputer,onehot,linear_svc,none,DecisionTreeClassifier(random_state=0),3,0.9432624113475178,0.002701997756958,0.0001349449157714,PieChart1_1451_results_DecisionTreeClassifier(random_state=0).csv
PieChart1_1451,none,none,kernel_pca,standard,DecisionTreeClassifier(random_state=0),3,0.9432624113475178,0.0187444686889648,0.0003056526184082,PieChart1_1451_results_DecisionTreeClassifier(random_state=0).csv
PieChart1_1451,simpleimputer,onehot,kernel_pca,standard,DecisionTreeClassifier(random_state=0),3,0.9432624113475178,0.019150972366333,0.0002045631408691,PieChart1_1451_results_DecisionTreeClassifier(random_state=0).csv
PieChart1_1451,none,ordinalencoder,linear_svc,none,DecisionTreeClassifier(random_state=0),3,0.9432624113475178,0.0028443336486816,0.0001494884490966,PieChart1_1451_results_DecisionTreeClassifier(random_state=0).csv
PieChart1_1451,none,onehot,linear_svc,none,DecisionTreeClassifier(random_state=0),3,0.9432624113475178,0.003239631652832,0.000159740447998,PieChart1_1451_results_DecisionTreeClassifier(random_state=0).csv
PieChart1_1451,simpleimputer,ordinalencoder,linear_svc,none,DecisionTreeClassifier(random_state=0),3,0.9432624113475178,0.0027253627777099,0.0001349449157714,PieChart1_1451_results_DecisionTreeClassifier(random_state=0).csv
PieChart1_1451,simpleimputer,none,kernel_pca,standard,DecisionTreeClassifier(random_state=0),3,0.9432624113475178,0.0203592777252197,0.0002784729003906,PieChart1_1451_results_DecisionTreeClassifier(random_state=0).csv
PieChart1_1451,simpleimputer,none,linear_svc,none,DecisionTreeClassifier(random_state=0),3,0.9432624113475178,0.0029211044311523,0.0001590251922607,PieChart1_1451_results_DecisionTreeClassifier(random_state=0).csv
PieChart1_1451,none,none,linear_svc,none,DecisionTreeClassifier(random_state=0),3,0.9432624113475178,0.0026602745056152,0.0001306533813476,PieChart1_1451_results_DecisionTreeClassifier(random_state=0).csv
PieChart1_1451,none,onehot,pca,robust,DecisionTreeClassifier(random_state=0),3,0.9361702127659576,0.0155291557312011,0.0001623630523681,PieChart1_1451_results_DecisionTreeClassifier(random_state=0).csv
PieChart1_1451,simpleimputer,onehot,pca,robust,DecisionTreeClassifier(random_state=0),3,0.9361702127659576,0.0175240039825439,0.0002748966217041,PieChart1_1451_results_DecisionTreeClassifier(random_state=0).csv
bridges_327,simpleimputer,ordinalencoder,random_trees_embedding,robust,DecisionTreeClassifier(random_state=0),0,0.9047619047619048,0.0065498352050781,0.000190258026123,bridges_327_results_DecisionTreeClassifier(random_state=0).csv
bridges_327,simpleimputer,ordinalencoder,random_trees_embedding,minmax,DecisionTreeClassifier(random_state=0),0,0.9047619047619048,0.0067181587219238,0.0002987384796142,bridges_327_results_DecisionTreeClassifier(random_state=0).csv
bridges_327,simpleimputer,ordinalencoder,random_trees_embedding,standard,DecisionTreeClassifier(random_state=0),0,0.9047619047619048,0.0065093040466308,0.0001871585845947,bridges_327_results_DecisionTreeClassifier(random_state=0).csv
bridges_327,simpleimputer,ordinalencoder,random_trees_embedding,none,DecisionTreeClassifier(random_state=0),0,0.9047619047619048,0.0066344738006591,0.0001900196075439,bridges_327_results_DecisionTreeClassifier(random_state=0).csv
bridges_327,simpleimputer,ordinalencoder,linear_svc,minmax,DecisionTreeClassifier(random_state=0),0,0.8095238095238095,0.0009095668792724,0.0001206398010253,bridges_327_results_DecisionTreeClassifier(random_state=0).csv
bridges_327,simpleimputer,onehot,extra_tree,power,DecisionTreeClassifier(random_state=0),0,0.8095238095238095,0.0010762214660644,0.0001235008239746,bridges_327_results_DecisionTreeClassifier(random_state=0).csv
bridges_327,simpleimputer,onehot,linear_svc,minmax,DecisionTreeClassifier(random_state=0),0,0.8095238095238095,0.0010521411895751,0.0001218318939208,bridges_327_results_DecisionTreeClassifier(random_state=0).csv
bridges_327,simpleimputer,ordinalencoder,linear_svc,standard,DecisionTreeClassifier(random_state=0),0,0.7619047619047619,0.0010228157043457,0.0001208782196044,bridges_327_results_DecisionTreeClassifier(random_state=0).csv
bridges_327,simpleimputer,onehot,select_percentile,normalizer,DecisionTreeClassifier(random_state=0),0,0.7619047619047619,0.0008242130279541,0.0001173019409179,bridges_327_results_DecisionTreeClassifier(random_state=0).csv
bridges_327,simpleimputer,ordinalencoder,polynomial_features,normalizer,DecisionTreeClassifier(random_state=0),1,0.7619047619047619,0.0027122497558593,0.0001380443572998,bridges_327_results_DecisionTreeClassifier(random_state=0).csv
bridges_327,simpleimputer,ordinalencoder,extra_tree,quantile,DecisionTreeClassifier(random_state=0),0,0.7619047619047619,0.0013079643249511,0.0001335144042968,bridges_327_results_DecisionTreeClassifier(random_state=0).csv
bridges_327,simpleimputer,ordinalencoder,linear_svc,quantile,DecisionTreeClassifier(random_state=0),0,0.7619047619047619,0.0010061264038085,0.0001208782196044,bridges_327_results_DecisionTreeClassifier(random_state=0).csv
bridges_327,simpleimputer,onehot,pca,normalizer,DecisionTreeClassifier(random_state=0),0,0.7619047619047619,0.0016086101531982,0.0001239776611328,bridges_327_results_DecisionTreeClassifier(random_state=0).csv
bridges_327,simpleimputer,onehot,pca,power,DecisionTreeClassifier(random_state=0),0,0.7619047619047619,0.0017001628875732,0.0001232624053955,bridges_327_results_DecisionTreeClassifier(random_state=0).csv
bridges_327,simpleimputer,ordinalencoder,polynomial_features,normalizer,DecisionTreeClassifier(random_state=0),4,0.7619047619047619,0.0027177333831787,0.0001318454742431,bridges_327_results_DecisionTreeClassifier(random_state=0).csv
bridges_327,simpleimputer,ordinalencoder,polynomial_features,normalizer,DecisionTreeClassifier(random_state=0),0,0.7619047619047619,0.0033009052276611,0.0001914501190185,bridges_327_results_DecisionTreeClassifier(random_state=0).csv
bridges_327,simpleimputer,ordinalencoder,linear_svc,robust,DecisionTreeClassifier(random_state=0),0,0.7619047619047619,0.0009427070617675,0.0001213550567626,bridges_327_results_DecisionTreeClassifier(random_state=0).csv
bridges_327,simpleimputer,ordinalencoder,none,quantile,DecisionTreeClassifier(random_state=0),1,0.7142857142857143,0.0011119842529296,0.0001273155212402,bridges_327_results_DecisionTreeClassifier(random_state=0).csv
bridges_327,simpleimputer,ordinalencoder,generic_univariate,robust,DecisionTreeClassifier(random_state=0),0,0.7142857142857143,0.0007863044738769,0.0001156330108642,bridges_327_results_DecisionTreeClassifier(random_state=0).csv
bridges_327,simpleimputer,ordinalencoder,none,power,DecisionTreeClassifier(random_state=0),1,0.7142857142857143,0.0011460781097412,0.0001304149627685,bridges_327_results_DecisionTreeClassifier(random_state=0).csv
bwin_amlb_45717,none,onehot,linear_svc,power,DecisionTreeClassifier(random_state=0),1,0.7075471698113207,0.0017106533050537,0.0001289844512939,bwin_amlb_45717_results_DecisionTreeClassifier(random_state=0).csv
bwin_amlb_45717,simpleimputer,onehot,linear_svc,power,DecisionTreeClassifier(random_state=0),1,0.7075471698113207,0.0017430782318115,0.0001327991485595,bwin_amlb_45717_results_DecisionTreeClassifier(random_state=0).csv
bwin_amlb_45717,none,ordinalencoder,linear_svc,power,DecisionTreeClassifier(random_state=0),1,0.7075471698113207,0.0016582012176513,0.0001273155212402,bwin_amlb_45717_results_DecisionTreeClassifier(random_state=0).csv
bwin_amlb_45717,simpleimputer,ordinalencoder,linear_svc,power,DecisionTreeClassifier(random_state=0),1,0.7075471698113207,0.001650333404541,0.0001251697540283,bwin_amlb_45717_results_DecisionTreeClassifier(random_state=0).csv
bwin_amlb_45717,simpleimputer,none,linear_svc,power,DecisionTreeClassifier(random_state=0),1,0.7075471698113207,0.0015966892242431,0.000119924545288,bwin_amlb_45717_results_DecisionTreeClassifier(random_state=0).csv
bwin_amlb_45717,none,none,linear_svc,power,DecisionTreeClassifier(random_state=0),1,0.7075471698113207,0.0017383098602294,0.0001275539398193,bwin_amlb_45717_results_DecisionTreeClassifier(random_state=0).csv
bwin_amlb_45717,none,ordinalencoder,nystroem,none,DecisionTreeClassifier(random_state=0),2,0.6981132075471698,0.0133435726165771,0.0001885890960693,bwin_amlb_45717_results_DecisionTreeClassifier(random_state=0).csv
bwin_amlb_45717,simpleimputer,onehot,nystroem,none,DecisionTreeClassifier(random_state=0),2,0.6981132075471698,0.0135107040405273,0.0003144741058349,bwin_amlb_45717_results_DecisionTreeClassifier(random_state=0).csv
bwin_amlb_45717,simpleimputer,ordinalencoder,nystroem,none,DecisionTreeClassifier(random_state=0),2,0.6981132075471698,0.0139415264129638,0.0003027915954589,bwin_amlb_45717_results_DecisionTreeClassifier(random_state=0).csv
bwin_amlb_45717,simpleimputer,none,nystroem,none,DecisionTreeClassifier(random_state=0),2,0.6981132075471698,0.0373544692993164,0.0007710456848144,bwin_amlb_45717_results_DecisionTreeClassifier(random_state=0).csv
bwin_amlb_45717,none,onehot,nystroem,none,DecisionTreeClassifier(random_state=0),2,0.6981132075471698,0.0130929946899414,0.0001850128173828,bwin_amlb_45717_results_DecisionTreeClassifier(random_state=0).csv
bwin_amlb_45717,none,none,nystroem,none,DecisionTreeClassifier(random_state=0),2,0.6981132075471698,0.0138638019561767,0.0002722740173339,bwin_amlb_45717_results_DecisionTreeClassifier(random_state=0).csv
bwin_amlb_45717,simpleimputer,onehot,generic_univariate,quantile,DecisionTreeClassifier(random_state=0),2,0.6886792452830188,0.0011637210845947,0.0001235008239746,bwin_amlb_45717_results_DecisionTreeClassifier(random_state=0).csv
bwin_amlb_45717,simpleimputer,none,generic_univariate,quantile,DecisionTreeClassifier(random_state=0),2,0.6886792452830188,0.0012118816375732,0.0001327991485595,bwin_amlb_45717_results_DecisionTreeClassifier(random_state=0).csv
bwin_amlb_45717,simpleimputer,none,nystroem,none,DecisionTreeClassifier(random_state=0),0,0.6886792452830188,0.0195584297180175,0.0002143383026123,bwin_amlb_45717_results_DecisionTreeClassifier(random_state=0).csv
bwin_amlb_45717,simpleimputer,onehot,linear_svc,none,DecisionTreeClassifier(random_state=0),0,0.6886792452830188,0.0019586086273193,0.0001273155212402,bwin_amlb_45717_results_DecisionTreeClassifier(random_state=0).csv
bwin_amlb_45717,none,onehot,linear_svc,none,DecisionTreeClassifier(random_state=0),0,0.6886792452830188,0.0024120807647705,0.0002191066741943,bwin_amlb_45717_results_DecisionTreeClassifier(random_state=0).csv
bwin_amlb_45717,none,ordinalencoder,linear_svc,none,DecisionTreeClassifier(random_state=0),0,0.6886792452830188,0.0019278526306152,0.0001263618469238,bwin_amlb_45717_results_DecisionTreeClassifier(random_state=0).csv
bwin_amlb_45717,none,none,generic_univariate,quantile,DecisionTreeClassifier(random_state=0),2,0.6886792452830188,0.0011506080627441,0.0001249313354492,bwin_amlb_45717_results_DecisionTreeClassifier(random_state=0).csv
bwin_amlb_45717,none,ordinalencoder,generic_univariate,quantile,DecisionTreeClassifier(random_state=0),2,0.6886792452830188,0.0012226104736328,0.0001277923583984,bwin_amlb_45717_results_DecisionTreeClassifier(random_state=0).csv
analcatdata_authorship_458,simpleimputer,ordinalencoder,none,quantile,DecisionTreeClassifier(random_state=0),3,0.988095238095238,0.0087318420410156,0.000131607055664,analcatdata_authorship_458_results_DecisionTreeClassifier(random_state=0).csv
analcatdata_authorship_458,none,onehot,none,quantile,DecisionTreeClassifier(random_state=0),3,0.988095238095238,0.0087380409240722,0.0001313686370849,analcatdata_authorship_458_results_DecisionTreeClassifier(random_state=0).csv
analcatdata_authorship_458,none,none,none,quantile,DecisionTreeClassifier(random_state=0),3,0.988095238095238,0.0102827548980712,0.0001528263092041,analcatdata_authorship_458_results_DecisionTreeClassifier(random_state=0).csv
analcatdata_authorship_458,none,ordinalencoder,none,quantile,DecisionTreeClassifier(random_state=0),3,0.988095238095238,0.0088801383972167,0.0001325607299804,analcatdata_authorship_458_results_DecisionTreeClassifier(random_state=0).csv
analcatdata_authorship_458,none,onehot,none,power,DecisionTreeClassifier(random_state=0),3,0.988095238095238,0.0085258483886718,0.0001697540283203,analcatdata_authorship_458_results_DecisionTreeClassifier(random_state=0).csv
analcatdata_authorship_458,simpleimputer,none,none,quantile,DecisionTreeClassifier(random_state=0),3,0.988095238095238,0.0087718963623046,0.0001323223114013,analcatdata_authorship_458_results_DecisionTreeClassifier(random_state=0).csv
analcatdata_authorship_458,none,ordinalencoder,none,power,DecisionTreeClassifier(random_state=0),3,0.988095238095238,0.0088593959808349,0.0001530647277832,analcatdata_authorship_458_results_DecisionTreeClassifier(random_state=0).csv
analcatdata_authorship_458,simpleimputer,onehot,none,power,DecisionTreeClassifier(random_state=0),3,0.988095238095238,0.00872802734375,0.0002038478851318,analcatdata_authorship_458_results_DecisionTreeClassifier(random_state=0).csv
analcatdata_authorship_458,simpleimputer,none,none,power,DecisionTreeClassifier(random_state=0),3,0.988095238095238,0.0087552070617675,0.0001692771911621,analcatdata_authorship_458_results_DecisionTreeClassifier(random_state=0).csv
analcatdata_authorship_458,simpleimputer,onehot,none,quantile,DecisionTreeClassifier(random_state=0),3,0.988095238095238,0.0094006061553955,0.0001404285430908,analcatdata_authorship_458_results_DecisionTreeClassifier(random_state=0).csv
analcatdata_authorship_458,simpleimputer,ordinalencoder,none,power,DecisionTreeClassifier(random_state=0),3,0.988095238095238,0.0086786746978759,0.0001454353332519,analcatdata_authorship_458_results_DecisionTreeClassifier(random_state=0).csv
analcatdata_authorship_458,none,none,none,power,DecisionTreeClassifier(random_state=0),3,0.988095238095238,0.0085487365722656,0.0001747608184814,analcatdata_authorship_458_results_DecisionTreeClassifier(random_state=0).csv
analcatdata_authorship_458,simpleimputer,onehot,none,standard,DecisionTreeClassifier(random_state=0),3,0.9821428571428572,0.0086524486541748,0.0001299381256103,analcatdata_authorship_458_results_DecisionTreeClassifier(random_state=0).csv
analcatdata_authorship_458,none,onehot,polynomial_features,quantile,DecisionTreeClassifier(random_state=0),2,0.9821428571428572,0.4288280010223388,0.000493049621582,analcatdata_authorship_458_results_DecisionTreeClassifier(random_state=0).csv
analcatdata_authorship_458,simpleimputer,none,none,standard,DecisionTreeClassifier(random_state=0),3,0.9821428571428572,0.0092599391937255,0.0001728534698486,analcatdata_authorship_458_results_DecisionTreeClassifier(random_state=0).csv
analcatdata_authorship_458,none,none,none,standard,DecisionTreeClassifier(random_state=0),3,0.9821428571428572,0.0097284317016601,0.0002253055572509,analcatdata_authorship_458_results_DecisionTreeClassifier(random_state=0).csv
analcatdata_authorship_458,simpleimputer,ordinalencoder,linear_svc,standard,DecisionTreeClassifier(random_state=0),3,0.9821428571428572,0.0052626132965087,0.0001344680786132,analcatdata_authorship_458_results_DecisionTreeClassifier(random_state=0).csv
analcatdata_authorship_458,simpleimputer,ordinalencoder,none,standard,DecisionTreeClassifier(random_state=0),3,0.9821428571428572,0.0087456703186035,0.0001511573791503,analcatdata_authorship_458_results_DecisionTreeClassifier(random_state=0).csv
analcatdata_authorship_458,simpleimputer,none,polynomial_features,quantile,DecisionTreeClassifier(random_state=0),2,0.9821428571428572,0.411384105682373,0.0005228519439697,analcatdata_authorship_458_results_DecisionTreeClassifier(random_state=0).csv
analcatdata_authorship_458,simpleimputer,onehot,linear_svc,standard,DecisionTreeClassifier(random_state=0),3,0.9821428571428572,0.004798412322998,0.0001230239868164,analcatdata_authorship_458_results_DecisionTreeClassifier(random_state=0).csv
Loan-Predication_43595,simpleimputer,ordinalencoder,select_percentile,standard,DecisionTreeClassifier(random_state=0),2,0.8455284552845529,0.0010273456573486,0.000124454498291,Loan-Predication_43595_results_DecisionTreeClassifier(random_state=0).csv
Loan-Predication_43595,simpleimputer,ordinalencoder,generic_univariate,standard,DecisionTreeClassifier(random_state=0),2,0.8455284552845529,0.0011656284332275,0.0001325607299804,Loan-Predication_43595_results_DecisionTreeClassifier(random_state=0).csv
Loan-Predication_43595,simpleimputer,onehot,select_percentile,quantile,DecisionTreeClassifier(random_state=0),2,0.8455284552845529,0.001206636428833,0.0001311302185058,Loan-Predication_43595_results_DecisionTreeClassifier(random_state=0).csv
Loan-Predication_43595,simpleimputer,onehot,generic_univariate,quantile,DecisionTreeClassifier(random_state=0),2,0.8455284552845529,0.0010008811950683,0.000129222869873,Loan-Predication_43595_results_DecisionTreeClassifier(random_state=0).csv
Loan-Predication_43595,simpleimputer,ordinalencoder,select_percentile,none,DecisionTreeClassifier(random_state=0),2,0.8455284552845529,0.0010170936584472,0.0001258850097656,Loan-Predication_43595_results_DecisionTreeClassifier(random_state=0).csv
Loan-Predication_43595,simpleimputer,ordinalencoder,generic_univariate,none,DecisionTreeClassifier(random_state=0),2,0.8455284552845529,0.0011358261108398,0.0001294612884521,Loan-Predication_43595_results_DecisionTreeClassifier(random_state=0).csv
Loan-Predication_43595,simpleimputer,ordinalencoder,linear_svc,none,DecisionTreeClassifier(random_state=0),2,0.8455284552845529,0.0011651515960693,0.0001327991485595,Loan-Predication_43595_results_DecisionTreeClassifier(random_state=0).csv
Loan-Predication_43595,simpleimputer,onehot,select_percentile,none,DecisionTreeClassifier(random_state=0),2,0.8455284552845529,0.0011043548583984,0.0001461505889892,Loan-Predication_43595_results_DecisionTreeClassifier(random_state=0).csv
Loan-Predication_43595,simpleimputer,ordinalencoder,linear_svc,standard,DecisionTreeClassifier(random_state=0),2,0.8455284552845529,0.0011851787567138,0.0001351833343505,Loan-Predication_43595_results_DecisionTreeClassifier(random_state=0).csv
Loan-Predication_43595,simpleimputer,onehot,generic_univariate,none,DecisionTreeClassifier(random_state=0),2,0.8455284552845529,0.0010755062103271,0.0001242160797119,Loan-Predication_43595_results_DecisionTreeClassifier(random_state=0).csv
Loan-Predication_43595,simpleimputer,onehot,generic_univariate,robust,DecisionTreeClassifier(random_state=0),2,0.8455284552845529,0.0012035369873046,0.0001342296600341,Loan-Predication_43595_results_DecisionTreeClassifier(random_state=0).csv
Loan-Predication_43595,simpleimputer,onehot,linear_svc,robust,DecisionTreeClassifier(random_state=0),2,0.8455284552845529,0.0011143684387207,0.0001280307769775,Loan-Predication_43595_results_DecisionTreeClassifier(random_state=0).csv
Loan-Predication_43595,simpleimputer,ordinalencoder,select_percentile,quantile,DecisionTreeClassifier(random_state=0),2,0.8455284552845529,0.001086950302124,0.0001223087310791,Loan-Predication_43595_results_DecisionTreeClassifier(random_state=0).csv
Loan-Predication_43595,simpleimputer,ordinalencoder,generic_univariate,quantile,DecisionTreeClassifier(random_state=0),2,0.8455284552845529,0.0009760856628417,0.000119924545288,Loan-Predication_43595_results_DecisionTreeClassifier(random_state=0).csv
Loan-Predication_43595,simpleimputer,ordinalencoder,select_percentile,robust,DecisionTreeClassifier(random_state=0),2,0.8455284552845529,0.0011727809906005,0.0001263618469238,Loan-Predication_43595_results_DecisionTreeClassifier(random_state=0).csv
Loan-Predication_43595,simpleimputer,ordinalencoder,generic_univariate,robust,DecisionTreeClassifier(random_state=0),2,0.8455284552845529,0.00103759765625,0.0001261234283447,Loan-Predication_43595_results_DecisionTreeClassifier(random_state=0).csv
Loan-Predication_43595,simpleimputer,ordinalencoder,select_percentile,power,DecisionTreeClassifier(random_state=0),2,0.8455284552845529,0.0010526180267333,0.0001256465911865,Loan-Predication_43595_results_DecisionTreeClassifier(random_state=0).csv
Loan-Predication_43595,simpleimputer,ordinalencoder,generic_univariate,power,DecisionTreeClassifier(random_state=0),2,0.8455284552845529,0.0010819435119628,0.0001251697540283,Loan-Predication_43595_results_DecisionTreeClassifier(random_state=0).csv
Loan-Predication_43595,simpleimputer,onehot,select_percentile,power,DecisionTreeClassifier(random_state=0),2,0.8455284552845529,0.0010619163513183,0.0001266002655029,Loan-Predication_43595_results_DecisionTreeClassifier(random_state=0).csv
Loan-Predication_43595,simpleimputer,onehot,generic_univariate,power,DecisionTreeClassifier(random_state=0),2,0.8455284552845529,0.0010218620300292,0.0001235008239746,Loan-Predication_43595_results_DecisionTreeClassifier(random_state=0).csv
xd6_40693,none,none,polynomial_features,none,DecisionTreeClassifier(random_state=0),3,1.0,0.0018470287322998,0.0001394748687744,xd6_40693_results_DecisionTreeClassifier(random_state=0).csv
xd6_40693,none,none,polynomial_features,none,DecisionTreeClassifier(random_state=0),2,1.0,0.0019080638885498,0.0001430511474609,xd6_40693_results_DecisionTreeClassifier(random_state=0).csv
xd6_40693,none,none,none,none,DecisionTreeClassifier(random_state=0),0,1.0,0.0021638870239257,0.0009231567382812,xd6_40693_results_DecisionTreeClassifier(random_state=0).csv
xd6_40693,none,none,none,none,DecisionTreeClassifier(random_state=0),1,1.0,0.0020008087158203,0.0008084774017333,xd6_40693_results_DecisionTreeClassifier(random_state=0).csv
xd6_40693,none,none,none,none,DecisionTreeClassifier(random_state=0),2,1.0,0.0020170211791992,0.0008075237274169,xd6_40693_results_DecisionTreeClassifier(random_state=0).csv
xd6_40693,none,none,none,none,DecisionTreeClassifier(random_state=0),3,1.0,0.0020332336425781,0.0008094310760498,xd6_40693_results_DecisionTreeClassifier(random_state=0).csv
xd6_40693,none,none,none,none,DecisionTreeClassifier(random_state=0),4,1.0,0.0019443035125732,0.0008051395416259,xd6_40693_results_DecisionTreeClassifier(random_state=0).csv
xd6_40693,simpleimputer,none,none,none,DecisionTreeClassifier(random_state=0),0,1.0,0.0023529529571533,0.0009894371032714,xd6_40693_results_DecisionTreeClassifier(random_state=0).csv
xd6_40693,simpleimputer,none,none,none,DecisionTreeClassifier(random_state=0),1,1.0,0.0022871494293212,0.0009717941284179,xd6_40693_results_DecisionTreeClassifier(random_state=0).csv
xd6_40693,simpleimputer,none,none,none,DecisionTreeClassifier(random_state=0),2,1.0,0.0021173954010009,0.0008649826049804,xd6_40693_results_DecisionTreeClassifier(random_state=0).csv
xd6_40693,simpleimputer,none,none,none,DecisionTreeClassifier(random_state=0),4,1.0,0.0020630359649658,0.0008656978607177,xd6_40693_results_DecisionTreeClassifier(random_state=0).csv
xd6_40693,simpleimputer,none,polynomial_features,none,DecisionTreeClassifier(random_state=0),0,1.0,0.001835823059082,0.0001401901245117,xd6_40693_results_DecisionTreeClassifier(random_state=0).csv
xd6_40693,simpleimputer,none,polynomial_features,none,DecisionTreeClassifier(random_state=0),1,1.0,0.0019135475158691,0.0001506805419921,xd6_40693_results_DecisionTreeClassifier(random_state=0).csv
xd6_40693,simpleimputer,none,polynomial_features,none,DecisionTreeClassifier(random_state=0),2,1.0,0.0018389225006103,0.0001389980316162,xd6_40693_results_DecisionTreeClassifier(random_state=0).csv
xd6_40693,simpleimputer,none,polynomial_features,none,DecisionTreeClassifier(random_state=0),3,1.0,0.001906394958496,0.0001745223999023,xd6_40693_results_DecisionTreeClassifier(random_state=0).csv
xd6_40693,simpleimputer,none,polynomial_features,none,DecisionTreeClassifier(random_state=0),4,1.0,0.0018620491027832,0.0001389980316162,xd6_40693_results_DecisionTreeClassifier(random_state=0).csv
xd6_40693,simpleimputer,none,random_trees_embedding,none,DecisionTreeClassifier(random_state=0),1,1.0,0.0235598087310791,0.0003998279571533,xd6_40693_results_DecisionTreeClassifier(random_state=0).csv
xd6_40693,simpleimputer,none,random_trees_embedding,none,DecisionTreeClassifier(random_state=0),2,1.0,0.0237035751342773,0.0004537105560302,xd6_40693_results_DecisionTreeClassifier(random_state=0).csv
xd6_40693,simpleimputer,none,random_trees_embedding,none,DecisionTreeClassifier(random_state=0),3,1.0,0.0237271785736084,0.0003848075866699,xd6_40693_results_DecisionTreeClassifier(random_state=0).csv
xd6_40693,simpleimputer,none,random_trees_embedding,none,DecisionTreeClassifier(random_state=0),4,1.0,0.0216374397277832,0.0004441738128662,xd6_40693_results_DecisionTreeClassifier(random_state=0).csv
wisconsin_753,simpleimputer,ordinalencoder,feature_agglomeration,quantile,DecisionTreeClassifier(random_state=0),1,0.717948717948718,0.0012004375457763,0.0001242160797119,wisconsin_753_results_DecisionTreeClassifier(random_state=0).csv
wisconsin_753,simpleimputer,none,feature_agglomeration,quantile,DecisionTreeClassifier(random_state=0),1,0.717948717948718,0.0011591911315917,0.0001223087310791,wisconsin_753_results_DecisionTreeClassifier(random_state=0).csv
wisconsin_753,simpleimputer,onehot,feature_agglomeration,quantile,DecisionTreeClassifier(random_state=0),1,0.717948717948718,0.0012967586517333,0.0001325607299804,wisconsin_753_results_DecisionTreeClassifier(random_state=0).csv
wisconsin_753,none,ordinalencoder,feature_agglomeration,quantile,DecisionTreeClassifier(random_state=0),1,0.717948717948718,0.001382827758789,0.0002000331878662,wisconsin_753_results_DecisionTreeClassifier(random_state=0).csv
wisconsin_753,none,onehot,feature_agglomeration,quantile,DecisionTreeClassifier(random_state=0),1,0.717948717948718,0.0010848045349121,0.0001213550567626,wisconsin_753_results_DecisionTreeClassifier(random_state=0).csv
wisconsin_753,none,none,feature_agglomeration,quantile,DecisionTreeClassifier(random_state=0),1,0.717948717948718,0.0011408329010009,0.0001585483551025,wisconsin_753_results_DecisionTreeClassifier(random_state=0).csv
wisconsin_753,simpleimputer,ordinalencoder,rbf_sampler,minmax,DecisionTreeClassifier(random_state=0),1,0.6923076923076923,0.0121982097625732,0.0003132820129394,wisconsin_753_results_DecisionTreeClassifier(random_state=0).csv
wisconsin_753,simpleimputer,none,rbf_sampler,minmax,DecisionTreeClassifier(random_state=0),1,0.6923076923076923,0.0104138851165771,0.0001451969146728,wisconsin_753_results_DecisionTreeClassifier(random_state=0).csv
wisconsin_753,none,none,feature_agglomeration,minmax,DecisionTreeClassifier(random_state=0),0,0.6923076923076923,0.0014843940734863,0.0001566410064697,wisconsin_753_results_DecisionTreeClassifier(random_state=0).csv
wisconsin_753,none,none,rbf_sampler,minmax,DecisionTreeClassifier(random_state=0),1,0.6923076923076923,0.011695384979248,0.0002734661102294,wisconsin_753_results_DecisionTreeClassifier(random_state=0).csv
wisconsin_753,simpleimputer,ordinalencoder,feature_agglomeration,minmax,DecisionTreeClassifier(random_state=0),0,0.6923076923076923,0.0010569095611572,0.000126838684082,wisconsin_753_results_DecisionTreeClassifier(random_state=0).csv
wisconsin_753,none,onehot,feature_agglomeration,minmax,DecisionTreeClassifier(random_state=0),0,0.6923076923076923,0.001112937927246,0.0001289844512939,wisconsin_753_results_DecisionTreeClassifier(random_state=0).csv
wisconsin_753,none,ordinalencoder,rbf_sampler,minmax,DecisionTreeClassifier(random_state=0),1,0.6923076923076923,0.0111713409423828,0.0001540184020996,wisconsin_753_results_DecisionTreeClassifier(random_state=0).csv
wisconsin_753,simpleimputer,none,feature_agglomeration,minmax,DecisionTreeClassifier(random_state=0),0,0.6923076923076923,0.0011618137359619,0.0001332759857177,wisconsin_753_results_DecisionTreeClassifier(random_state=0).csv
wisconsin_753,simpleimputer,onehot,feature_agglomeration,minmax,DecisionTreeClassifier(random_state=0),0,0.6923076923076923,0.0010461807250976,0.0001182556152343,wisconsin_753_results_DecisionTreeClassifier(random_state=0).csv
wisconsin_753,simpleimputer,onehot,fastica,robust,DecisionTreeClassifier(random_state=0),2,0.6923076923076923,0.0029616355895996,0.0001368522644042,wisconsin_753_results_DecisionTreeClassifier(random_state=0).csv
wisconsin_753,none,none,fastica,robust,DecisionTreeClassifier(random_state=0),2,0.6923076923076923,0.0031962394714355,0.0001332759857177,wisconsin_753_results_DecisionTreeClassifier(random_state=0).csv
wisconsin_753,none,ordinalencoder,feature_agglomeration,minmax,DecisionTreeClassifier(random_state=0),0,0.6923076923076923,0.0010819435119628,0.0001287460327148,wisconsin_753_results_DecisionTreeClassifier(random_state=0).csv
wisconsin_753,none,onehot,rbf_sampler,minmax,DecisionTreeClassifier(random_state=0),1,0.6923076923076923,0.0109350681304931,0.0001740455627441,wisconsin_753_results_DecisionTreeClassifier(random_state=0).csv
wisconsin_753,none,onehot,fastica,robust,DecisionTreeClassifier(random_state=0),2,0.6923076923076923,0.0031430721282958,0.0001332759857177,wisconsin_753_results_DecisionTreeClassifier(random_state=0).csv
mc2_1054,none,onehot,polynomial_features,minmax,DecisionTreeClassifier(random_state=0),1,0.84375,0.0289111137390136,0.0001900196075439,mc2_1054_results_DecisionTreeClassifier(random_state=0).csv
mc2_1054,none,ordinalencoder,polynomial_features,minmax,DecisionTreeClassifier(random_state=0),1,0.84375,0.029296875,0.0001792907714843,mc2_1054_results_DecisionTreeClassifier(random_state=0).csv
mc2_1054,none,none,polynomial_features,minmax,DecisionTreeClassifier(random_state=0),1,0.84375,0.0292346477508544,0.0002694129943847,mc2_1054_results_DecisionTreeClassifier(random_state=0).csv
mc2_1054,simpleimputer,onehot,polynomial_features,minmax,DecisionTreeClassifier(random_state=0),1,0.84375,0.0287389755249023,0.0001711845397949,mc2_1054_results_DecisionTreeClassifier(random_state=0).csv
mc2_1054,simpleimputer,ordinalencoder,polynomial_features,minmax,DecisionTreeClassifier(random_state=0),1,0.84375,0.0292682647705078,0.0002744197845458,mc2_1054_results_DecisionTreeClassifier(random_state=0).csv
mc2_1054,simpleimputer,none,polynomial_features,minmax,DecisionTreeClassifier(random_state=0),1,0.84375,0.0285720825195312,0.0001962184906005,mc2_1054_results_DecisionTreeClassifier(random_state=0).csv
mc2_1054,simpleimputer,onehot,polynomial_features,robust,DecisionTreeClassifier(random_state=0),1,0.8125,0.0398671627044677,0.0002303123474121,mc2_1054_results_DecisionTreeClassifier(random_state=0).csv
mc2_1054,simpleimputer,ordinalencoder,kernel_pca,robust,DecisionTreeClassifier(random_state=0),1,0.8125,0.0040590763092041,0.0002202987670898,mc2_1054_results_DecisionTreeClassifier(random_state=0).csv
mc2_1054,simpleimputer,onehot,extra_tree,normalizer,DecisionTreeClassifier(random_state=0),1,0.8125,0.0017149448394775,0.0001208782196044,mc2_1054_results_DecisionTreeClassifier(random_state=0).csv
mc2_1054,simpleimputer,onehot,kernel_pca,robust,DecisionTreeClassifier(random_state=0),1,0.8125,0.0038845539093017,0.0001430511474609,mc2_1054_results_DecisionTreeClassifier(random_state=0).csv
mc2_1054,none,ordinalencoder,polynomial_features,robust,DecisionTreeClassifier(random_state=0),1,0.8125,0.0405056476593017,0.0002350807189941,mc2_1054_results_DecisionTreeClassifier(random_state=0).csv
mc2_1054,simpleimputer,ordinalencoder,extra_tree,normalizer,DecisionTreeClassifier(random_state=0),1,0.8125,0.0017042160034179,0.0001177787780761,mc2_1054_results_DecisionTreeClassifier(random_state=0).csv
mc2_1054,none,onehot,polynomial_features,robust,DecisionTreeClassifier(random_state=0),1,0.8125,0.0402998924255371,0.0002593994140625,mc2_1054_results_DecisionTreeClassifier(random_state=0).csv
mc2_1054,none,onehot,kernel_pca,robust,DecisionTreeClassifier(random_state=0),1,0.8125,0.0039498805999755,0.0001437664031982,mc2_1054_results_DecisionTreeClassifier(random_state=0).csv
mc2_1054,simpleimputer,ordinalencoder,polynomial_features,robust,DecisionTreeClassifier(random_state=0),1,0.8125,0.0397663116455078,0.0002675056457519,mc2_1054_results_DecisionTreeClassifier(random_state=0).csv
mc2_1054,none,none,kernel_pca,robust,DecisionTreeClassifier(random_state=0),1,0.8125,0.0039234161376953,0.0001449584960937,mc2_1054_results_DecisionTreeClassifier(random_state=0).csv
mc2_1054,simpleimputer,none,extra_tree,normalizer,DecisionTreeClassifier(random_state=0),1,0.8125,0.001650333404541,0.0001170635223388,mc2_1054_results_DecisionTreeClassifier(random_state=0).csv
mc2_1054,simpleimputer,none,kernel_pca,robust,DecisionTreeClassifier(random_state=0),1,0.8125,0.0038399696350097,0.0001440048217773,mc2_1054_results_DecisionTreeClassifier(random_state=0).csv
mc2_1054,simpleimputer,none,polynomial_features,robust,DecisionTreeClassifier(random_state=0),1,0.8125,0.0423619747161865,0.0002641677856445,mc2_1054_results_DecisionTreeClassifier(random_state=0).csv
mc2_1054,none,onehot,extra_tree,normalizer,DecisionTreeClassifier(random_state=0),1,0.8125,0.0016639232635498,0.0001165866851806,mc2_1054_results_DecisionTreeClassifier(random_state=0).csv
chscase_census5_906,none,none,generic_univariate,standard,DecisionTreeClassifier(random_state=0),3,0.6625,0.0013468265533447,0.0001323223114013,chscase_census5_906_results_DecisionTreeClassifier(random_state=0).csv
chscase_census5_906,simpleimputer,onehot,generic_univariate,standard,DecisionTreeClassifier(random_state=0),3,0.6625,0.001436710357666,0.0001378059387207,chscase_census5_906_results_DecisionTreeClassifier(random_state=0).csv
chscase_census5_906,simpleimputer,onehot,select_percentile,standard,DecisionTreeClassifier(random_state=0),3,0.6625,0.0013637542724609,0.0001294612884521,chscase_census5_906_results_DecisionTreeClassifier(random_state=0).csv
chscase_census5_906,none,ordinalencoder,generic_univariate,standard,DecisionTreeClassifier(random_state=0),3,0.6625,0.0013370513916015,0.0001306533813476,chscase_census5_906_results_DecisionTreeClassifier(random_state=0).csv
chscase_census5_906,none,onehot,select_percentile,standard,DecisionTreeClassifier(random_state=0),3,0.6625,0.0013811588287353,0.0001349449157714,chscase_census5_906_results_DecisionTreeClassifier(random_state=0).csv
chscase_census5_906,simpleimputer,none,generic_univariate,standard,DecisionTreeClassifier(random_state=0),3,0.6625,0.0013554096221923,0.0001299381256103,chscase_census5_906_results_DecisionTreeClassifier(random_state=0).csv
chscase_census5_906,simpleimputer,none,select_percentile,standard,DecisionTreeClassifier(random_state=0),3,0.6625,0.001389741897583,0.0001437664031982,chscase_census5_906_results_DecisionTreeClassifier(random_state=0).csv
chscase_census5_906,simpleimputer,ordinalencoder,generic_univariate,standard,DecisionTreeClassifier(random_state=0),3,0.6625,0.0014538764953613,0.0001468658447265,chscase_census5_906_results_DecisionTreeClassifier(random_state=0).csv
chscase_census5_906,none,ordinalencoder,select_percentile,standard,DecisionTreeClassifier(random_state=0),3,0.6625,0.0014007091522216,0.000138521194458,chscase_census5_906_results_DecisionTreeClassifier(random_state=0).csv
chscase_census5_906,simpleimputer,ordinalencoder,select_percentile,standard,DecisionTreeClassifier(random_state=0),3,0.6625,0.0013847351074218,0.0001308917999267,chscase_census5_906_results_DecisionTreeClassifier(random_state=0).csv
chscase_census5_906,none,none,select_percentile,standard,DecisionTreeClassifier(random_state=0),3,0.6625,0.0013363361358642,0.0001311302185058,chscase_census5_906_results_DecisionTreeClassifier(random_state=0).csv
chscase_census5_906,none,onehot,generic_univariate,standard,DecisionTreeClassifier(random_state=0),3,0.6625,0.0013411045074462,0.0001347064971923,chscase_census5_906_results_DecisionTreeClassifier(random_state=0).csv
chscase_census5_906,simpleimputer,ordinalencoder,generic_univariate,none,DecisionTreeClassifier(random_state=0),3,0.65,0.0013873577117919,0.0001342296600341,chscase_census5_906_results_DecisionTreeClassifier(random_state=0).csv
chscase_census5_906,simpleimputer,none,select_percentile,robust,DecisionTreeClassifier(random_state=0),3,0.65,0.0013515949249267,0.0001301765441894,chscase_census5_906_results_DecisionTreeClassifier(random_state=0).csv
chscase_census5_906,none,onehot,generic_univariate,minmax,DecisionTreeClassifier(random_state=0),3,0.65,0.0012991428375244,0.0001840591430664,chscase_census5_906_results_DecisionTreeClassifier(random_state=0).csv
chscase_census5_906,simpleimputer,onehot,generic_univariate,none,DecisionTreeClassifier(random_state=0),3,0.65,0.0013701915740966,0.0001325607299804,chscase_census5_906_results_DecisionTreeClassifier(random_state=0).csv
chscase_census5_906,none,ordinalencoder,select_percentile,robust,DecisionTreeClassifier(random_state=0),3,0.65,0.0013670921325683,0.0001308917999267,chscase_census5_906_results_DecisionTreeClassifier(random_state=0).csv
chscase_census5_906,none,none,select_percentile,robust,DecisionTreeClassifier(random_state=0),3,0.65,0.0013599395751953,0.0001313686370849,chscase_census5_906_results_DecisionTreeClassifier(random_state=0).csv
chscase_census5_906,simpleimputer,none,generic_univariate,robust,DecisionTreeClassifier(random_state=0),3,0.65,0.0014483928680419,0.0001313686370849,chscase_census5_906_results_DecisionTreeClassifier(random_state=0).csv
chscase_census5_906,none,none,generic_univariate,robust,DecisionTreeClassifier(random_state=0),3,0.65,0.001319408416748,0.0001301765441894,chscase_census5_906_results_DecisionTreeClassifier(random_state=0).csv
strikes_770,simpleimputer,none,linear_svc,none,DecisionTreeClassifier(random_state=0),1,1.0,0.0014042854309082,0.0001294612884521,strikes_770_results_DecisionTreeClassifier(random_state=0).csv
strikes_770,simpleimputer,none,extra_tree,none,DecisionTreeClassifier(random_state=0),1,1.0,0.0011866092681884,0.0001177787780761,strikes_770_results_DecisionTreeClassifier(random_state=0).csv
strikes_770,none,onehot,linear_svc,none,DecisionTreeClassifier(random_state=0),1,1.0,0.0019652843475341,0.000237226486206,strikes_770_results_DecisionTreeClassifier(random_state=0).csv
strikes_770,simpleimputer,none,extra_tree,none,DecisionTreeClassifier(random_state=0),3,1.0,0.0012543201446533,0.0001218318939208,strikes_770_results_DecisionTreeClassifier(random_state=0).csv
strikes_770,none,onehot,extra_tree,standard,DecisionTreeClassifier(random_state=0),1,1.0,0.0012283325195312,0.0001399517059326,strikes_770_results_DecisionTreeClassifier(random_state=0).csv
strikes_770,simpleimputer,ordinalencoder,extra_tree,standard,DecisionTreeClassifier(random_state=0),1,1.0,0.0012409687042236,0.0001375675201416,strikes_770_results_DecisionTreeClassifier(random_state=0).csv
strikes_770,none,onehot,extra_tree,minmax,DecisionTreeClassifier(random_state=0),3,1.0,0.0012001991271972,0.0001378059387207,strikes_770_results_DecisionTreeClassifier(random_state=0).csv
strikes_770,simpleimputer,ordinalencoder,extra_tree,standard,DecisionTreeClassifier(random_state=0),3,1.0,0.0012614727020263,0.0001304149627685,strikes_770_results_DecisionTreeClassifier(random_state=0).csv
strikes_770,simpleimputer,none,extra_tree,standard,DecisionTreeClassifier(random_state=0),1,1.0,0.0012147426605224,0.0001428127288818,strikes_770_results_DecisionTreeClassifier(random_state=0).csv
strikes_770,none,none,extra_tree,standard,DecisionTreeClassifier(random_state=0),1,1.0,0.0012040138244628,0.0001220703125,strikes_770_results_DecisionTreeClassifier(random_state=0).csv
strikes_770,simpleimputer,ordinalencoder,extra_tree,normalizer,DecisionTreeClassifier(random_state=0),4,1.0,0.0017197132110595,0.0001273155212402,strikes_770_results_DecisionTreeClassifier(random_state=0).csv
strikes_770,simpleimputer,onehot,extra_tree,normalizer,DecisionTreeClassifier(random_state=0),4,1.0,0.0017237663269042,0.0001351833343505,strikes_770_results_DecisionTreeClassifier(random_state=0).csv
strikes_770,none,ordinalencoder,extra_tree,standard,DecisionTreeClassifier(random_state=0),3,1.0,0.0011661052703857,0.0001146793365478,strikes_770_results_DecisionTreeClassifier(random_state=0).csv
strikes_770,none,ordinalencoder,extra_tree,minmax,DecisionTreeClassifier(random_state=0),3,1.0,0.00115966796875,0.0001206398010253,strikes_770_results_DecisionTreeClassifier(random_state=0).csv
strikes_770,none,ordinalencoder,extra_tree,robust,DecisionTreeClassifier(random_state=0),3,1.0,0.0012257099151611,0.0001218318939208,strikes_770_results_DecisionTreeClassifier(random_state=0).csv
strikes_770,none,ordinalencoder,extra_tree,robust,DecisionTreeClassifier(random_state=0),1,1.0,0.0012614727020263,0.0001218318939208,strikes_770_results_DecisionTreeClassifier(random_state=0).csv
strikes_770,none,ordinalencoder,extra_tree,minmax,DecisionTreeClassifier(random_state=0),1,1.0,0.0011322498321533,0.0001189708709716,strikes_770_results_DecisionTreeClassifier(random_state=0).csv
strikes_770,none,onehot,extra_tree,robust,DecisionTreeClassifier(random_state=0),3,1.0,0.0011732578277587,0.0001211166381835,strikes_770_results_DecisionTreeClassifier(random_state=0).csv
strikes_770,none,onehot,extra_tree,robust,DecisionTreeClassifier(random_state=0),1,1.0,0.0012557506561279,0.0001220703125,strikes_770_results_DecisionTreeClassifier(random_state=0).csv
strikes_770,none,none,extra_tree,normalizer,DecisionTreeClassifier(random_state=0),4,1.0,0.0016729831695556,0.0001230239868164,strikes_770_results_DecisionTreeClassifier(random_state=0).csv
analcatdata_halloffame_966,simpleimputer,onehot,polynomial_features,power,DecisionTreeClassifier(random_state=0),4,0.9664179104477612,0.3661129474639892,0.0003299713134765,analcatdata_halloffame_966_results_DecisionTreeClassifier(random_state=0).csv
analcatdata_halloffame_966,simpleimputer,onehot,linear_svc,robust,DecisionTreeClassifier(random_state=0),4,0.9664179104477612,0.0031619071960449,0.0001499652862548,analcatdata_halloffame_966_results_DecisionTreeClassifier(random_state=0).csv
analcatdata_halloffame_966,simpleimputer,ordinalencoder,polynomial_features,power,DecisionTreeClassifier(random_state=0),4,0.9664179104477612,0.1541340351104736,0.0002894401550292,analcatdata_halloffame_966_results_DecisionTreeClassifier(random_state=0).csv
analcatdata_halloffame_966,simpleimputer,ordinalencoder,random_trees_embedding,quantile,DecisionTreeClassifier(random_state=0),3,0.9626865671641792,0.0463254451751709,0.0004255771636962,analcatdata_halloffame_966_results_DecisionTreeClassifier(random_state=0).csv
analcatdata_halloffame_966,simpleimputer,onehot,random_trees_embedding,normalizer,DecisionTreeClassifier(random_state=0),4,0.9626865671641792,0.0351388454437255,0.0004558563232421,analcatdata_halloffame_966_results_DecisionTreeClassifier(random_state=0).csv
analcatdata_halloffame_966,simpleimputer,ordinalencoder,linear_svc,quantile,DecisionTreeClassifier(random_state=0),0,0.9626865671641792,0.0050814151763916,0.0001368522644042,analcatdata_halloffame_966_results_DecisionTreeClassifier(random_state=0).csv
analcatdata_halloffame_966,simpleimputer,ordinalencoder,none,minmax,DecisionTreeClassifier(random_state=0),0,0.9589552238805972,0.0127415657043457,0.0002031326293945,analcatdata_halloffame_966_results_DecisionTreeClassifier(random_state=0).csv
analcatdata_halloffame_966,none,ordinalencoder,none,minmax,DecisionTreeClassifier(random_state=0),0,0.9589552238805972,0.0112886428833007,0.0002307891845703,analcatdata_halloffame_966_results_DecisionTreeClassifier(random_state=0).csv
analcatdata_halloffame_966,simpleimputer,onehot,polynomial_features,robust,DecisionTreeClassifier(random_state=0),4,0.9589552238805972,0.2319889068603515,0.0003314018249511,analcatdata_halloffame_966_results_DecisionTreeClassifier(random_state=0).csv
analcatdata_halloffame_966,none,ordinalencoder,none,power,DecisionTreeClassifier(random_state=0),0,0.9589552238805972,0.0110695362091064,0.0001575946807861,analcatdata_halloffame_966_results_DecisionTreeClassifier(random_state=0).csv
analcatdata_halloffame_966,none,ordinalencoder,none,robust,DecisionTreeClassifier(random_state=0),0,0.9589552238805972,0.0111610889434814,0.0001649856567382,analcatdata_halloffame_966_results_DecisionTreeClassifier(random_state=0).csv
analcatdata_halloffame_966,simpleimputer,ordinalencoder,none,standard,DecisionTreeClassifier(random_state=0),0,0.9589552238805972,0.0125503540039062,0.0001816749572753,analcatdata_halloffame_966_results_DecisionTreeClassifier(random_state=0).csv
analcatdata_halloffame_966,none,ordinalencoder,none,quantile,DecisionTreeClassifier(random_state=0),0,0.9589552238805972,0.011160135269165,0.0001616477966308,analcatdata_halloffame_966_results_DecisionTreeClassifier(random_state=0).csv
analcatdata_halloffame_966,simpleimputer,ordinalencoder,none,none,DecisionTreeClassifier(random_state=0),0,0.9589552238805972,0.0131990909576416,0.0014805793762207,analcatdata_halloffame_966_results_DecisionTreeClassifier(random_state=0).csv
analcatdata_halloffame_966,simpleimputer,ordinalencoder,none,quantile,DecisionTreeClassifier(random_state=0),0,0.9589552238805972,0.0111196041107177,0.0001626014709472,analcatdata_halloffame_966_results_DecisionTreeClassifier(random_state=0).csv
analcatdata_halloffame_966,simpleimputer,onehot,pca,power,DecisionTreeClassifier(random_state=0),4,0.9589552238805972,0.0174431800842285,0.0001704692840576,analcatdata_halloffame_966_results_DecisionTreeClassifier(random_state=0).csv
analcatdata_halloffame_966,simpleimputer,ordinalencoder,none,robust,DecisionTreeClassifier(random_state=0),0,0.9589552238805972,0.0127997398376464,0.0002186298370361,analcatdata_halloffame_966_results_DecisionTreeClassifier(random_state=0).csv
analcatdata_halloffame_966,none,ordinalencoder,none,standard,DecisionTreeClassifier(random_state=0),0,0.9589552238805972,0.0109093189239501,0.000166893005371,analcatdata_halloffame_966_results_DecisionTreeClassifier(random_state=0).csv
analcatdata_halloffame_966,simpleimputer,ordinalencoder,none,power,DecisionTreeClassifier(random_state=0),0,0.9589552238805972,0.0111920833587646,0.0001559257507324,analcatdata_halloffame_966_results_DecisionTreeClassifier(random_state=0).csv
analcatdata_halloffame_966,none,ordinalencoder,none,none,DecisionTreeClassifier(random_state=0),0,0.9589552238805972,0.0123507976531982,0.0010578632354736,analcatdata_halloffame_966_results_DecisionTreeClassifier(random_state=0).csv
biomed_481,simpleimputer,none,truncated_svd,none,DecisionTreeClassifier(random_state=0),2,0.9761904761904762,0.0011639595031738,0.000145673751831,biomed_481_results_DecisionTreeClassifier(random_state=0).csv
biomed_481,simpleimputer,onehot,truncated_svd,none,DecisionTreeClassifier(random_state=0),3,0.9761904761904762,0.0010285377502441,0.0001628398895263,biomed_481_results_DecisionTreeClassifier(random_state=0).csv
biomed_481,simpleimputer,none,truncated_svd,none,DecisionTreeClassifier(random_state=0),3,0.9761904761904762,0.001030683517456,0.0001192092895507,biomed_481_results_DecisionTreeClassifier(random_state=0).csv
biomed_481,simpleimputer,onehot,truncated_svd,none,DecisionTreeClassifier(random_state=0),2,0.9761904761904762,0.0010292530059814,0.0001225471496582,biomed_481_results_DecisionTreeClassifier(random_state=0).csv
biomed_481,simpleimputer,onehot,polynomial_features,standard,DecisionTreeClassifier(random_state=0),2,0.9761904761904762,0.0030796527862548,0.000162124633789,biomed_481_results_DecisionTreeClassifier(random_state=0).csv
biomed_481,simpleimputer,ordinalencoder,polynomial_features,standard,DecisionTreeClassifier(random_state=0),2,0.9761904761904762,0.0030837059020996,0.0001401901245117,biomed_481_results_DecisionTreeClassifier(random_state=0).csv
biomed_481,simpleimputer,ordinalencoder,truncated_svd,none,DecisionTreeClassifier(random_state=0),3,0.9761904761904762,0.0009932518005371,0.0001182556152343,biomed_481_results_DecisionTreeClassifier(random_state=0).csv
biomed_481,simpleimputer,none,polynomial_features,standard,DecisionTreeClassifier(random_state=0),2,0.9761904761904762,0.0028965473175048,0.0001254081726074,biomed_481_results_DecisionTreeClassifier(random_state=0).csv
biomed_481,simpleimputer,ordinalencoder,truncated_svd,none,DecisionTreeClassifier(random_state=0),2,0.9761904761904762,0.0010323524475097,0.0001201629638671,biomed_481_results_DecisionTreeClassifier(random_state=0).csv
biomed_481,simpleimputer,none,truncated_svd,none,DecisionTreeClassifier(random_state=0),4,0.975609756097561,0.0009906291961669,0.0001158714294433,biomed_481_results_DecisionTreeClassifier(random_state=0).csv
biomed_481,simpleimputer,onehot,truncated_svd,none,DecisionTreeClassifier(random_state=0),4,0.975609756097561,0.0010535717010498,0.0001189708709716,biomed_481_results_DecisionTreeClassifier(random_state=0).csv
biomed_481,simpleimputer,ordinalencoder,truncated_svd,none,DecisionTreeClassifier(random_state=0),4,0.975609756097561,0.0010144710540771,0.0001223087310791,biomed_481_results_DecisionTreeClassifier(random_state=0).csv
biomed_481,simpleimputer,ordinalencoder,polynomial_features,power,DecisionTreeClassifier(random_state=0),2,0.9523809523809524,0.0032250881195068,0.0001533031463623,biomed_481_results_DecisionTreeClassifier(random_state=0).csv
biomed_481,none,onehot,none,quantile,DecisionTreeClassifier(random_state=0),2,0.9523809523809524,0.001279592514038,0.0001332759857177,biomed_481_results_DecisionTreeClassifier(random_state=0).csv
biomed_481,simpleimputer,onehot,truncated_svd,none,DecisionTreeClassifier(random_state=0),0,0.9523809523809524,0.0011558532714843,0.0001304149627685,biomed_481_results_DecisionTreeClassifier(random_state=0).csv
biomed_481,none,ordinalencoder,none,quantile,DecisionTreeClassifier(random_state=0),2,0.9523809523809524,0.0012919902801513,0.0001289844512939,biomed_481_results_DecisionTreeClassifier(random_state=0).csv
biomed_481,simpleimputer,none,truncated_svd,none,DecisionTreeClassifier(random_state=0),0,0.9523809523809524,0.0010526180267333,0.0001182556152343,biomed_481_results_DecisionTreeClassifier(random_state=0).csv
biomed_481,simpleimputer,ordinalencoder,linear_svc,robust,DecisionTreeClassifier(random_state=0),1,0.9523809523809524,0.0010449886322021,0.0001168251037597,biomed_481_results_DecisionTreeClassifier(random_state=0).csv
biomed_481,simpleimputer,none,linear_svc,quantile,DecisionTreeClassifier(random_state=0),2,0.9523809523809524,0.0011060237884521,0.0001223087310791,biomed_481_results_DecisionTreeClassifier(random_state=0).csv
biomed_481,simpleimputer,ordinalencoder,extra_tree,robust,DecisionTreeClassifier(random_state=0),2,0.9523809523809524,0.0011138916015625,0.0001213550567626,biomed_481_results_DecisionTreeClassifier(random_state=0).csv
analcatdata_dmft_1014,simpleimputer,ordinalencoder,generic_univariate,minmax,DecisionTreeClassifier(random_state=0),2,0.8301886792452831,0.0011098384857177,0.0001258850097656,analcatdata_dmft_1014_results_DecisionTreeClassifier(random_state=0).csv
analcatdata_dmft_1014,simpleimputer,ordinalencoder,generic_univariate,minmax,DecisionTreeClassifier(random_state=0),4,0.8301886792452831,0.0010755062103271,0.0001256465911865,analcatdata_dmft_1014_results_DecisionTreeClassifier(random_state=0).csv
analcatdata_dmft_1014,none,ordinalencoder,generic_univariate,standard,DecisionTreeClassifier(random_state=0),4,0.8301886792452831,0.0009784698486328,0.0001170635223388,analcatdata_dmft_1014_results_DecisionTreeClassifier(random_state=0).csv
analcatdata_dmft_1014,simpleimputer,ordinalencoder,linear_svc,minmax,DecisionTreeClassifier(random_state=0),4,0.8301886792452831,0.0014529228210449,0.0001277923583984,analcatdata_dmft_1014_results_DecisionTreeClassifier(random_state=0).csv
analcatdata_dmft_1014,simpleimputer,ordinalencoder,generic_univariate,robust,DecisionTreeClassifier(random_state=0),2,0.8301886792452831,0.0009768009185791,0.000115156173706,analcatdata_dmft_1014_results_DecisionTreeClassifier(random_state=0).csv
analcatdata_dmft_1014,none,ordinalencoder,generic_univariate,minmax,DecisionTreeClassifier(random_state=0),2,0.8301886792452831,0.0010719299316406,0.0001182556152343,analcatdata_dmft_1014_results_DecisionTreeClassifier(random_state=0).csv
analcatdata_dmft_1014,none,ordinalencoder,generic_univariate,minmax,DecisionTreeClassifier(random_state=0),4,0.8301886792452831,0.000962495803833,0.0001342296600341,analcatdata_dmft_1014_results_DecisionTreeClassifier(random_state=0).csv
analcatdata_dmft_1014,none,ordinalencoder,linear_svc,standard,DecisionTreeClassifier(random_state=0),4,0.8301886792452831,0.0010211467742919,0.0001208782196044,analcatdata_dmft_1014_results_DecisionTreeClassifier(random_state=0).csv
analcatdata_dmft_1014,simpleimputer,onehot,generic_univariate,power,DecisionTreeClassifier(random_state=0),4,0.8301886792452831,0.0010027885437011,0.000117540359497,analcatdata_dmft_1014_results_DecisionTreeClassifier(random_state=0).csv
analcatdata_dmft_1014,simpleimputer,onehot,select_percentile,power,DecisionTreeClassifier(random_state=0),4,0.8301886792452831,0.001025915145874,0.0001192092895507,analcatdata_dmft_1014_results_DecisionTreeClassifier(random_state=0).csv
analcatdata_dmft_1014,simpleimputer,ordinalencoder,linear_svc,power,DecisionTreeClassifier(random_state=0),4,0.8301886792452831,0.0011279582977294,0.0001251697540283,analcatdata_dmft_1014_results_DecisionTreeClassifier(random_state=0).csv
analcatdata_dmft_1014,simpleimputer,ordinalencoder,select_percentile,minmax,DecisionTreeClassifier(random_state=0),2,0.8301886792452831,0.0010972023010253,0.0001263618469238,analcatdata_dmft_1014_results_DecisionTreeClassifier(random_state=0).csv
analcatdata_dmft_1014,none,ordinalencoder,linear_svc,minmax,DecisionTreeClassifier(random_state=0),4,0.8301886792452831,0.0010485649108886,0.0001168251037597,analcatdata_dmft_1014_results_DecisionTreeClassifier(random_state=0).csv
analcatdata_dmft_1014,simpleimputer,ordinalencoder,select_percentile,minmax,DecisionTreeClassifier(random_state=0),4,0.8301886792452831,0.0011003017425537,0.0001246929168701,analcatdata_dmft_1014_results_DecisionTreeClassifier(random_state=0).csv
analcatdata_dmft_1014,none,ordinalencoder,select_percentile,minmax,DecisionTreeClassifier(random_state=0),2,0.8301886792452831,0.0010035037994384,0.0001149177551269,analcatdata_dmft_1014_results_DecisionTreeClassifier(random_state=0).csv
analcatdata_dmft_1014,none,ordinalencoder,generic_univariate,none,DecisionTreeClassifier(random_state=0),4,0.8301886792452831,0.0009963512420654,0.000119924545288,analcatdata_dmft_1014_results_DecisionTreeClassifier(random_state=0).csv
analcatdata_dmft_1014,none,ordinalencoder,select_percentile,minmax,DecisionTreeClassifier(random_state=0),4,0.8301886792452831,0.0011184215545654,0.0001201629638671,analcatdata_dmft_1014_results_DecisionTreeClassifier(random_state=0).csv
analcatdata_dmft_1014,simpleimputer,onehot,select_percentile,power,DecisionTreeClassifier(random_state=0),2,0.8301886792452831,0.0010919570922851,0.0001180171966552,analcatdata_dmft_1014_results_DecisionTreeClassifier(random_state=0).csv
analcatdata_dmft_1014,none,ordinalencoder,generic_univariate,robust,DecisionTreeClassifier(random_state=0),4,0.8301886792452831,0.0009863376617431,0.0001163482666015,analcatdata_dmft_1014_results_DecisionTreeClassifier(random_state=0).csv
analcatdata_dmft_1014,simpleimputer,onehot,feature_agglomeration,robust,DecisionTreeClassifier(random_state=0),4,0.8301886792452831,0.0011646747589111,0.0001237392425537,analcatdata_dmft_1014_results_DecisionTreeClassifier(random_state=0).csv
teachingAssistant_1115,simpleimputer,ordinalencoder,none,power,DecisionTreeClassifier(random_state=0),0,0.967741935483871,0.0012929439544677,0.0001425743103027,teachingAssistant_1115_results_DecisionTreeClassifier(random_state=0).csv
teachingAssistant_1115,none,none,select_percentile,power,DecisionTreeClassifier(random_state=0),0,0.967741935483871,0.0009529590606689,0.0001213550567626,teachingAssistant_1115_results_DecisionTreeClassifier(random_state=0).csv
teachingAssistant_1115,simpleimputer,none,select_percentile,power,DecisionTreeClassifier(random_state=0),0,0.967741935483871,0.0008277893066406,0.0001182556152343,teachingAssistant_1115_results_DecisionTreeClassifier(random_state=0).csv
teachingAssistant_1115,none,none,generic_univariate,power,DecisionTreeClassifier(random_state=0),0,0.967741935483871,0.0008766651153564,0.000119924545288,teachingAssistant_1115_results_DecisionTreeClassifier(random_state=0).csv
teachingAssistant_1115,none,none,none,power,DecisionTreeClassifier(random_state=0),0,0.967741935483871,0.0013301372528076,0.0001509189605712,teachingAssistant_1115_results_DecisionTreeClassifier(random_state=0).csv
teachingAssistant_1115,simpleimputer,none,extra_tree,power,DecisionTreeClassifier(random_state=0),0,0.967741935483871,0.0010757446289062,0.0001187324523925,teachingAssistant_1115_results_DecisionTreeClassifier(random_state=0).csv
teachingAssistant_1115,simpleimputer,ordinalencoder,extra_tree,power,DecisionTreeClassifier(random_state=0),0,0.967741935483871,0.0010926723480224,0.0001218318939208,teachingAssistant_1115_results_DecisionTreeClassifier(random_state=0).csv
teachingAssistant_1115,none,none,extra_tree,power,DecisionTreeClassifier(random_state=0),0,0.967741935483871,0.0010678768157958,0.0001246929168701,teachingAssistant_1115_results_DecisionTreeClassifier(random_state=0).csv
teachingAssistant_1115,none,ordinalencoder,generic_univariate,power,DecisionTreeClassifier(random_state=0),0,0.967741935483871,0.0008883476257324,0.0001192092895507,teachingAssistant_1115_results_DecisionTreeClassifier(random_state=0).csv
teachingAssistant_1115,none,ordinalencoder,none,power,DecisionTreeClassifier(random_state=0),0,0.967741935483871,0.0016777515411376,0.0001938343048095,teachingAssistant_1115_results_DecisionTreeClassifier(random_state=0).csv
teachingAssistant_1115,simpleimputer,none,linear_svc,power,DecisionTreeClassifier(random_state=0),0,0.967741935483871,0.0009489059448242,0.0001208782196044,teachingAssistant_1115_results_DecisionTreeClassifier(random_state=0).csv
teachingAssistant_1115,none,onehot,none,power,DecisionTreeClassifier(random_state=0),0,0.967741935483871,0.0013446807861328,0.0001487731933593,teachingAssistant_1115_results_DecisionTreeClassifier(random_state=0).csv
teachingAssistant_1115,simpleimputer,none,none,power,DecisionTreeClassifier(random_state=0),0,0.967741935483871,0.0012893676757812,0.0001473426818847,teachingAssistant_1115_results_DecisionTreeClassifier(random_state=0).csv
teachingAssistant_1115,none,ordinalencoder,select_percentile,power,DecisionTreeClassifier(random_state=0),0,0.967741935483871,0.0008344650268554,0.000136375427246,teachingAssistant_1115_results_DecisionTreeClassifier(random_state=0).csv
teachingAssistant_1115,none,onehot,extra_tree,power,DecisionTreeClassifier(random_state=0),0,0.967741935483871,0.0010936260223388,0.0001225471496582,teachingAssistant_1115_results_DecisionTreeClassifier(random_state=0).csv
teachingAssistant_1115,none,onehot,select_percentile,power,DecisionTreeClassifier(random_state=0),0,0.967741935483871,0.0009088516235351,0.0001235008239746,teachingAssistant_1115_results_DecisionTreeClassifier(random_state=0).csv
teachingAssistant_1115,simpleimputer,onehot,select_percentile,power,DecisionTreeClassifier(random_state=0),0,0.967741935483871,0.0009803771972656,0.0001254081726074,teachingAssistant_1115_results_DecisionTreeClassifier(random_state=0).csv
teachingAssistant_1115,none,onehot,generic_univariate,power,DecisionTreeClassifier(random_state=0),0,0.967741935483871,0.0009431838989257,0.0001246929168701,teachingAssistant_1115_results_DecisionTreeClassifier(random_state=0).csv
teachingAssistant_1115,simpleimputer,ordinalencoder,select_percentile,power,DecisionTreeClassifier(random_state=0),0,0.967741935483871,0.0009140968322753,0.0002157688140869,teachingAssistant_1115_results_DecisionTreeClassifier(random_state=0).csv
teachingAssistant_1115,none,onehot,linear_svc,power,DecisionTreeClassifier(random_state=0),0,0.967741935483871,0.0010411739349365,0.0001213550567626,teachingAssistant_1115_results_DecisionTreeClassifier(random_state=0).csv
MeanWhile1_1449,none,none,nystroem,none,DecisionTreeClassifier(random_state=0),3,0.96,0.0180773735046386,0.0002162456512451,MeanWhile1_1449_results_DecisionTreeClassifier(random_state=0).csv
MeanWhile1_1449,simpleimputer,none,nystroem,none,DecisionTreeClassifier(random_state=0),3,0.96,0.0196666717529296,0.0001945495605468,MeanWhile1_1449_results_DecisionTreeClassifier(random_state=0).csv
MeanWhile1_1449,simpleimputer,onehot,nystroem,none,DecisionTreeClassifier(random_state=0),3,0.96,0.0182874202728271,0.0002276897430419,MeanWhile1_1449_results_DecisionTreeClassifier(random_state=0).csv
MeanWhile1_1449,none,onehot,nystroem,none,DecisionTreeClassifier(random_state=0),3,0.96,0.026118516921997,0.0003292560577392,MeanWhile1_1449_results_DecisionTreeClassifier(random_state=0).csv
MeanWhile1_1449,simpleimputer,ordinalencoder,nystroem,none,DecisionTreeClassifier(random_state=0),3,0.96,0.0199155807495117,0.000385046005249,MeanWhile1_1449_results_DecisionTreeClassifier(random_state=0).csv
MeanWhile1_1449,none,ordinalencoder,nystroem,none,DecisionTreeClassifier(random_state=0),3,0.96,0.0202994346618652,0.0002143383026123,MeanWhile1_1449_results_DecisionTreeClassifier(random_state=0).csv
MeanWhile1_1449,none,onehot,nystroem,quantile,DecisionTreeClassifier(random_state=0),2,0.9411764705882352,0.0198726654052734,0.0002074241638183,MeanWhile1_1449_results_DecisionTreeClassifier(random_state=0).csv
MeanWhile1_1449,simpleimputer,onehot,nystroem,quantile,DecisionTreeClassifier(random_state=0),2,0.9411764705882352,0.019413948059082,0.0001602172851562,MeanWhile1_1449_results_DecisionTreeClassifier(random_state=0).csv
MeanWhile1_1449,simpleimputer,none,nystroem,quantile,DecisionTreeClassifier(random_state=0),2,0.9411764705882352,0.0216743946075439,0.0003125667572021,MeanWhile1_1449_results_DecisionTreeClassifier(random_state=0).csv
MeanWhile1_1449,none,none,nystroem,quantile,DecisionTreeClassifier(random_state=0),2,0.9411764705882352,0.0198168754577636,0.0002870559692382,MeanWhile1_1449_results_DecisionTreeClassifier(random_state=0).csv
MeanWhile1_1449,none,ordinalencoder,nystroem,quantile,DecisionTreeClassifier(random_state=0),2,0.9411764705882352,0.0218081474304199,0.0002336502075195,MeanWhile1_1449_results_DecisionTreeClassifier(random_state=0).csv
MeanWhile1_1449,simpleimputer,ordinalencoder,nystroem,quantile,DecisionTreeClassifier(random_state=0),2,0.9411764705882352,0.0208048820495605,0.0002186298370361,MeanWhile1_1449_results_DecisionTreeClassifier(random_state=0).csv
MeanWhile1_1449,none,none,rbf_sampler,minmax,DecisionTreeClassifier(random_state=0),3,0.94,0.0189454555511474,0.0002155303955078,MeanWhile1_1449_results_DecisionTreeClassifier(random_state=0).csv
MeanWhile1_1449,none,onehot,rbf_sampler,minmax,DecisionTreeClassifier(random_state=0),3,0.94,0.0190134048461914,0.0002107620239257,MeanWhile1_1449_results_DecisionTreeClassifier(random_state=0).csv
MeanWhile1_1449,none,onehot,nystroem,robust,DecisionTreeClassifier(random_state=0),3,0.94,0.026534080505371,0.0002589225769042,MeanWhile1_1449_results_DecisionTreeClassifier(random_state=0).csv
MeanWhile1_1449,simpleimputer,none,rbf_sampler,minmax,DecisionTreeClassifier(random_state=0),3,0.94,0.0186467170715332,0.000176191329956,MeanWhile1_1449_results_DecisionTreeClassifier(random_state=0).csv
MeanWhile1_1449,simpleimputer,none,truncated_svd,quantile,DecisionTreeClassifier(random_state=0),3,0.94,0.0011830329895019,0.0001251697540283,MeanWhile1_1449_results_DecisionTreeClassifier(random_state=0).csv
MeanWhile1_1449,simpleimputer,onehot,nystroem,robust,DecisionTreeClassifier(random_state=0),3,0.94,0.0319008827209472,0.0002439022064208,MeanWhile1_1449_results_DecisionTreeClassifier(random_state=0).csv
MeanWhile1_1449,none,none,nystroem,robust,DecisionTreeClassifier(random_state=0),3,0.94,0.0361785888671875,0.0001788139343261,MeanWhile1_1449_results_DecisionTreeClassifier(random_state=0).csv
MeanWhile1_1449,none,none,truncated_svd,quantile,DecisionTreeClassifier(random_state=0),3,0.94,0.0012111663818359,0.0001375675201416,MeanWhile1_1449_results_DecisionTreeClassifier(random_state=0).csv
veteran_719,none,onehot,polynomial_features,none,DecisionTreeClassifier(random_state=0),1,0.8928571428571429,0.0014894008636474,0.0001211166381835,veteran_719_results_DecisionTreeClassifier(random_state=0).csv
veteran_719,none,onehot,polynomial_features,standard,DecisionTreeClassifier(random_state=0),1,0.8928571428571429,0.001495361328125,0.000117540359497,veteran_719_results_DecisionTreeClassifier(random_state=0).csv
veteran_719,simpleimputer,ordinalencoder,polynomial_features,standard,DecisionTreeClassifier(random_state=0),1,0.8928571428571429,0.0015177726745605,0.0001137256622314,veteran_719_results_DecisionTreeClassifier(random_state=0).csv
veteran_719,none,none,polynomial_features,none,DecisionTreeClassifier(random_state=0),1,0.8928571428571429,0.0014357566833496,0.0001168251037597,veteran_719_results_DecisionTreeClassifier(random_state=0).csv
veteran_719,none,none,polynomial_features,standard,DecisionTreeClassifier(random_state=0),1,0.8928571428571429,0.0015366077423095,0.0001342296600341,veteran_719_results_DecisionTreeClassifier(random_state=0).csv
veteran_719,simpleimputer,onehot,polynomial_features,standard,DecisionTreeClassifier(random_state=0),1,0.8928571428571429,0.001511812210083,0.0001163482666015,veteran_719_results_DecisionTreeClassifier(random_state=0).csv
veteran_719,none,ordinalencoder,polynomial_features,standard,DecisionTreeClassifier(random_state=0),1,0.8928571428571429,0.0016529560089111,0.0001273155212402,veteran_719_results_DecisionTreeClassifier(random_state=0).csv
veteran_719,simpleimputer,onehot,polynomial_features,none,DecisionTreeClassifier(random_state=0),1,0.8928571428571429,0.001641035079956,0.0001275539398193,veteran_719_results_DecisionTreeClassifier(random_state=0).csv
veteran_719,simpleimputer,ordinalencoder,polynomial_features,none,DecisionTreeClassifier(random_state=0),1,0.8928571428571429,0.0015521049499511,0.0001463890075683,veteran_719_results_DecisionTreeClassifier(random_state=0).csv
veteran_719,simpleimputer,none,polynomial_features,none,DecisionTreeClassifier(random_state=0),1,0.8928571428571429,0.0014545917510986,0.000117540359497,veteran_719_results_DecisionTreeClassifier(random_state=0).csv
veteran_719,simpleimputer,none,polynomial_features,standard,DecisionTreeClassifier(random_state=0),1,0.8928571428571429,0.0016441345214843,0.0001261234283447,veteran_719_results_DecisionTreeClassifier(random_state=0).csv
veteran_719,none,ordinalencoder,polynomial_features,none,DecisionTreeClassifier(random_state=0),1,0.8928571428571429,0.0014522075653076,0.0001177787780761,veteran_719_results_DecisionTreeClassifier(random_state=0).csv
veteran_719,simpleimputer,none,fastica,none,DecisionTreeClassifier(random_state=0),1,0.8571428571428571,0.0013380050659179,0.0001180171966552,veteran_719_results_DecisionTreeClassifier(random_state=0).csv
veteran_719,none,none,none,standard,DecisionTreeClassifier(random_state=0),1,0.8571428571428571,0.0013105869293212,0.0001444816589355,veteran_719_results_DecisionTreeClassifier(random_state=0).csv
veteran_719,simpleimputer,onehot,polynomial_features,quantile,DecisionTreeClassifier(random_state=0),1,0.8571428571428571,0.0014259815216064,0.0001177787780761,veteran_719_results_DecisionTreeClassifier(random_state=0).csv
veteran_719,none,ordinalencoder,polynomial_features,quantile,DecisionTreeClassifier(random_state=0),1,0.8571428571428571,0.0014224052429199,0.0001168251037597,veteran_719_results_DecisionTreeClassifier(random_state=0).csv
veteran_719,simpleimputer,onehot,none,quantile,DecisionTreeClassifier(random_state=0),1,0.8571428571428571,0.002108097076416,0.0001492500305175,veteran_719_results_DecisionTreeClassifier(random_state=0).csv
veteran_719,simpleimputer,onehot,random_trees_embedding,power,DecisionTreeClassifier(random_state=0),1,0.8571428571428571,0.0079085826873779,0.0001871585845947,veteran_719_results_DecisionTreeClassifier(random_state=0).csv
veteran_719,none,onehot,none,minmax,DecisionTreeClassifier(random_state=0),1,0.8571428571428571,0.0015082359313964,0.0001611709594726,veteran_719_results_DecisionTreeClassifier(random_state=0).csv
veteran_719,none,none,fastica,none,DecisionTreeClassifier(random_state=0),1,0.8571428571428571,0.0011305809020996,0.0001161098480224,veteran_719_results_DecisionTreeClassifier(random_state=0).csv
autoUniv-au6-750_1549,none,ordinalencoder,extra_tree,power,DecisionTreeClassifier(random_state=0),1,0.28,0.0139174461364746,0.0001556873321533,autoUniv-au6-750_1549_results_DecisionTreeClassifier(random_state=0).csv
autoUniv-au6-750_1549,simpleimputer,ordinalencoder,extra_tree,power,DecisionTreeClassifier(random_state=0),1,0.28,0.0136559009552001,0.0001606941223144,autoUniv-au6-750_1549_results_DecisionTreeClassifier(random_state=0).csv
autoUniv-au6-750_1549,simpleimputer,ordinalencoder,nystroem,none,DecisionTreeClassifier(random_state=0),3,0.2666666666666666,0.0117318630218505,0.0003867149353027,autoUniv-au6-750_1549_results_DecisionTreeClassifier(random_state=0).csv
autoUniv-au6-750_1549,none,ordinalencoder,nystroem,none,DecisionTreeClassifier(random_state=0),3,0.2666666666666666,0.0111949443817138,0.0002028942108154,autoUniv-au6-750_1549_results_DecisionTreeClassifier(random_state=0).csv
autoUniv-au6-750_1549,simpleimputer,onehot,nystroem,none,DecisionTreeClassifier(random_state=0),3,0.2666666666666666,0.011904239654541,0.0003328323364257,autoUniv-au6-750_1549_results_DecisionTreeClassifier(random_state=0).csv
autoUniv-au6-750_1549,none,onehot,nystroem,none,DecisionTreeClassifier(random_state=0),3,0.2666666666666666,0.0121171474456787,0.0002341270446777,autoUniv-au6-750_1549_results_DecisionTreeClassifier(random_state=0).csv
autoUniv-au6-750_1549,simpleimputer,ordinalencoder,none,standard,DecisionTreeClassifier(random_state=0),4,0.26,0.0166244506835937,0.0001657009124755,autoUniv-au6-750_1549_results_DecisionTreeClassifier(random_state=0).csv
autoUniv-au6-750_1549,none,ordinalencoder,none,minmax,DecisionTreeClassifier(random_state=0),4,0.26,0.0170707702636718,0.000171422958374,autoUniv-au6-750_1549_results_DecisionTreeClassifier(random_state=0).csv
autoUniv-au6-750_1549,none,ordinalencoder,none,robust,DecisionTreeClassifier(random_state=0),4,0.26,0.016531229019165,0.0001778602600097,autoUniv-au6-750_1549_results_DecisionTreeClassifier(random_state=0).csv
autoUniv-au6-750_1549,simpleimputer,ordinalencoder,none,none,DecisionTreeClassifier(random_state=0),4,0.26,0.0184478759765625,0.0013034343719482,autoUniv-au6-750_1549_results_DecisionTreeClassifier(random_state=0).csv
autoUniv-au6-750_1549,simpleimputer,ordinalencoder,none,minmax,DecisionTreeClassifier(random_state=0),4,0.26,0.0168170928955078,0.00016450881958,autoUniv-au6-750_1549_results_DecisionTreeClassifier(random_state=0).csv
autoUniv-au6-750_1549,none,ordinalencoder,polynomial_features,quantile,DecisionTreeClassifier(random_state=0),4,0.26,0.3969407081604004,0.0003926753997802,autoUniv-au6-750_1549_results_DecisionTreeClassifier(random_state=0).csv
autoUniv-au6-750_1549,simpleimputer,ordinalencoder,rbf_sampler,standard,DecisionTreeClassifier(random_state=0),3,0.26,0.0799856185913086,0.0003180503845214,autoUniv-au6-750_1549_results_DecisionTreeClassifier(random_state=0).csv
autoUniv-au6-750_1549,none,ordinalencoder,none,none,DecisionTreeClassifier(random_state=0),4,0.26,0.0195016860961914,0.0016281604766845,autoUniv-au6-750_1549_results_DecisionTreeClassifier(random_state=0).csv
autoUniv-au6-750_1549,none,ordinalencoder,rbf_sampler,standard,DecisionTreeClassifier(random_state=0),3,0.26,0.0782289505004882,0.0003049373626708,autoUniv-au6-750_1549_results_DecisionTreeClassifier(random_state=0).csv
autoUniv-au6-750_1549,none,ordinalencoder,none,standard,DecisionTreeClassifier(random_state=0),4,0.26,0.0173039436340332,0.000201940536499,autoUniv-au6-750_1549_results_DecisionTreeClassifier(random_state=0).csv
autoUniv-au6-750_1549,simpleimputer,ordinalencoder,none,robust,DecisionTreeClassifier(random_state=0),4,0.26,0.0167837142944335,0.0001871585845947,autoUniv-au6-750_1549_results_DecisionTreeClassifier(random_state=0).csv
autoUniv-au6-750_1549,none,ordinalencoder,none,quantile,DecisionTreeClassifier(random_state=0),4,0.26,0.0169954299926757,0.0001611709594726,autoUniv-au6-750_1549_results_DecisionTreeClassifier(random_state=0).csv
autoUniv-au6-750_1549,simpleimputer,ordinalencoder,none,quantile,DecisionTreeClassifier(random_state=0),4,0.26,0.0179102420806884,0.0002808570861816,autoUniv-au6-750_1549_results_DecisionTreeClassifier(random_state=0).csv
autoUniv-au6-750_1549,simpleimputer,ordinalencoder,polynomial_features,quantile,DecisionTreeClassifier(random_state=0),4,0.26,0.3965692520141601,0.0003955364227294,autoUniv-au6-750_1549_results_DecisionTreeClassifier(random_state=0).csv
Engine1_4340,none,none,random_trees_embedding,standard,DecisionTreeClassifier(random_state=0),0,0.987012987012987,0.0089678764343261,0.0002679824829101,Engine1_4340_results_DecisionTreeClassifier(random_state=0).csv
Engine1_4340,none,none,random_trees_embedding,none,DecisionTreeClassifier(random_state=0),0,0.987012987012987,0.0090737342834472,0.0002343654632568,Engine1_4340_results_DecisionTreeClassifier(random_state=0).csv
Engine1_4340,none,ordinalencoder,random_trees_embedding,standard,DecisionTreeClassifier(random_state=0),0,0.987012987012987,0.0091266632080078,0.0002303123474121,Engine1_4340_results_DecisionTreeClassifier(random_state=0).csv
Engine1_4340,simpleimputer,ordinalencoder,random_trees_embedding,standard,DecisionTreeClassifier(random_state=0),0,0.987012987012987,0.0091505050659179,0.0002212524414062,Engine1_4340_results_DecisionTreeClassifier(random_state=0).csv
Engine1_4340,simpleimputer,onehot,random_trees_embedding,robust,DecisionTreeClassifier(random_state=0),0,0.987012987012987,0.0091180801391601,0.0002291202545166,Engine1_4340_results_DecisionTreeClassifier(random_state=0).csv
Engine1_4340,simpleimputer,none,random_trees_embedding,minmax,DecisionTreeClassifier(random_state=0),0,0.987012987012987,0.0090181827545166,0.000220775604248,Engine1_4340_results_DecisionTreeClassifier(random_state=0).csv
Engine1_4340,simpleimputer,none,random_trees_embedding,none,DecisionTreeClassifier(random_state=0),0,0.987012987012987,0.0094237327575683,0.0002713203430175,Engine1_4340_results_DecisionTreeClassifier(random_state=0).csv
Engine1_4340,simpleimputer,none,random_trees_embedding,robust,DecisionTreeClassifier(random_state=0),0,0.987012987012987,0.0093660354614257,0.0003869533538818,Engine1_4340_results_DecisionTreeClassifier(random_state=0).csv
Engine1_4340,simpleimputer,ordinalencoder,random_trees_embedding,minmax,DecisionTreeClassifier(random_state=0),0,0.987012987012987,0.0092480182647705,0.0002253055572509,Engine1_4340_results_DecisionTreeClassifier(random_state=0).csv
Engine1_4340,none,ordinalencoder,random_trees_embedding,robust,DecisionTreeClassifier(random_state=0),0,0.987012987012987,0.0090370178222656,0.0002310276031494,Engine1_4340_results_DecisionTreeClassifier(random_state=0).csv
Engine1_4340,none,none,random_trees_embedding,minmax,DecisionTreeClassifier(random_state=0),0,0.987012987012987,0.0090072154998779,0.0002472400665283,Engine1_4340_results_DecisionTreeClassifier(random_state=0).csv
Engine1_4340,none,onehot,random_trees_embedding,standard,DecisionTreeClassifier(random_state=0),0,0.987012987012987,0.0093584060668945,0.0002617835998535,Engine1_4340_results_DecisionTreeClassifier(random_state=0).csv
Engine1_4340,simpleimputer,onehot,random_trees_embedding,minmax,DecisionTreeClassifier(random_state=0),0,0.987012987012987,0.0093190670013427,0.0002350807189941,Engine1_4340_results_DecisionTreeClassifier(random_state=0).csv
Engine1_4340,none,ordinalencoder,random_trees_embedding,none,DecisionTreeClassifier(random_state=0),0,0.987012987012987,0.0091602802276611,0.000251293182373,Engine1_4340_results_DecisionTreeClassifier(random_state=0).csv
Engine1_4340,none,ordinalencoder,random_trees_embedding,minmax,DecisionTreeClassifier(random_state=0),0,0.987012987012987,0.0091712474822998,0.0002295970916748,Engine1_4340_results_DecisionTreeClassifier(random_state=0).csv
Engine1_4340,none,onehot,random_trees_embedding,minmax,DecisionTreeClassifier(random_state=0),0,0.987012987012987,0.0092232227325439,0.0002236366271972,Engine1_4340_results_DecisionTreeClassifier(random_state=0).csv
Engine1_4340,simpleimputer,ordinalencoder,random_trees_embedding,none,DecisionTreeClassifier(random_state=0),0,0.987012987012987,0.0092039108276367,0.0002284049987792,Engine1_4340_results_DecisionTreeClassifier(random_state=0).csv
Engine1_4340,simpleimputer,ordinalencoder,random_trees_embedding,robust,DecisionTreeClassifier(random_state=0),0,0.987012987012987,0.0093083381652832,0.0002458095550537,Engine1_4340_results_DecisionTreeClassifier(random_state=0).csv
Engine1_4340,none,onehot,random_trees_embedding,none,DecisionTreeClassifier(random_state=0),0,0.987012987012987,0.0091209411621093,0.0002326965332031,Engine1_4340_results_DecisionTreeClassifier(random_state=0).csv
Engine1_4340,none,none,random_trees_embedding,robust,DecisionTreeClassifier(random_state=0),0,0.987012987012987,0.0096099376678466,0.0002293586730957,Engine1_4340_results_DecisionTreeClassifier(random_state=0).csv
PieChart2_1452,none,none,nystroem,none,DecisionTreeClassifier(random_state=0),3,1.0,0.0573987960815429,0.0004589557647705,PieChart2_1452_results_DecisionTreeClassifier(random_state=0).csv
PieChart2_1452,simpleimputer,ordinalencoder,feature_agglomeration,power,DecisionTreeClassifier(random_state=0),3,1.0,0.0017046928405761,0.0001318454742431,PieChart2_1452_results_DecisionTreeClassifier(random_state=0).csv
PieChart2_1452,simpleimputer,ordinalencoder,nystroem,none,DecisionTreeClassifier(random_state=0),3,1.0,0.0602219104766845,0.0003707408905029,PieChart2_1452_results_DecisionTreeClassifier(random_state=0).csv
PieChart2_1452,none,onehot,nystroem,none,DecisionTreeClassifier(random_state=0),3,1.0,0.0534656047821044,0.0003478527069091,PieChart2_1452_results_DecisionTreeClassifier(random_state=0).csv
PieChart2_1452,none,none,feature_agglomeration,power,DecisionTreeClassifier(random_state=0),3,1.0,0.0016951560974121,0.0001337528228759,PieChart2_1452_results_DecisionTreeClassifier(random_state=0).csv
PieChart2_1452,simpleimputer,none,feature_agglomeration,power,DecisionTreeClassifier(random_state=0),3,1.0,0.0015439987182617,0.0001323223114013,PieChart2_1452_results_DecisionTreeClassifier(random_state=0).csv
PieChart2_1452,simpleimputer,onehot,nystroem,none,DecisionTreeClassifier(random_state=0),3,1.0,0.0610136985778808,0.0003886222839355,PieChart2_1452_results_DecisionTreeClassifier(random_state=0).csv
PieChart2_1452,simpleimputer,none,nystroem,none,DecisionTreeClassifier(random_state=0),3,1.0,0.0641794204711914,0.0003168582916259,PieChart2_1452_results_DecisionTreeClassifier(random_state=0).csv
PieChart2_1452,none,ordinalencoder,feature_agglomeration,power,DecisionTreeClassifier(random_state=0),3,1.0,0.001565933227539,0.0001223087310791,PieChart2_1452_results_DecisionTreeClassifier(random_state=0).csv
PieChart2_1452,none,ordinalencoder,nystroem,none,DecisionTreeClassifier(random_state=0),3,1.0,0.0559167861938476,0.000258445739746,PieChart2_1452_results_DecisionTreeClassifier(random_state=0).csv
PieChart2_1452,simpleimputer,onehot,feature_agglomeration,power,DecisionTreeClassifier(random_state=0),3,1.0,0.0018138885498046,0.0001678466796875,PieChart2_1452_results_DecisionTreeClassifier(random_state=0).csv
PieChart2_1452,none,onehot,feature_agglomeration,power,DecisionTreeClassifier(random_state=0),3,1.0,0.001763105392456,0.000150442123413,PieChart2_1452_results_DecisionTreeClassifier(random_state=0).csv
PieChart2_1452,simpleimputer,ordinalencoder,none,power,DecisionTreeClassifier(random_state=0),3,0.9932885906040269,0.0045738220214843,0.0001301765441894,PieChart2_1452_results_DecisionTreeClassifier(random_state=0).csv
PieChart2_1452,simpleimputer,ordinalencoder,random_trees_embedding,quantile,DecisionTreeClassifier(random_state=0),3,0.9932885906040269,0.0181379318237304,0.0003376007080078,PieChart2_1452_results_DecisionTreeClassifier(random_state=0).csv
PieChart2_1452,none,onehot,generic_univariate,power,DecisionTreeClassifier(random_state=0),3,0.9932885906040269,0.0010650157928466,0.0001189708709716,PieChart2_1452_results_DecisionTreeClassifier(random_state=0).csv
PieChart2_1452,none,none,none,none,DecisionTreeClassifier(random_state=0),3,0.9932885906040269,0.0058488845825195,0.0010762214660644,PieChart2_1452_results_DecisionTreeClassifier(random_state=0).csv
PieChart2_1452,none,ordinalencoder,fastica,quantile,DecisionTreeClassifier(random_state=0),3,0.9932885906040269,0.0230615139007568,0.0002598762512207,PieChart2_1452_results_DecisionTreeClassifier(random_state=0).csv
PieChart2_1452,none,none,random_trees_embedding,quantile,DecisionTreeClassifier(random_state=0),3,0.9932885906040269,0.0169618129730224,0.0002467632293701,PieChart2_1452_results_DecisionTreeClassifier(random_state=0).csv
PieChart2_1452,none,ordinalencoder,none,none,DecisionTreeClassifier(random_state=0),3,0.9932885906040269,0.0058741569519042,0.0010130405426025,PieChart2_1452_results_DecisionTreeClassifier(random_state=0).csv
PieChart2_1452,simpleimputer,ordinalencoder,fastica,quantile,DecisionTreeClassifier(random_state=0),3,0.9932885906040269,0.0227010250091552,0.0001771450042724,PieChart2_1452_results_DecisionTreeClassifier(random_state=0).csv
German-Credit-Risk-with-Target_46116,none,onehot,select_percentile,power,DecisionTreeClassifier(random_state=0),4,0.775,0.001523733139038,0.0001468658447265,German-Credit-Risk-with-Target_46116_results_DecisionTreeClassifier(random_state=0).csv
German-Credit-Risk-with-Target_46116,simpleimputer,onehot,select_percentile,quantile,DecisionTreeClassifier(random_state=0),4,0.775,0.0014164447784423,0.0001442432403564,German-Credit-Risk-with-Target_46116_results_DecisionTreeClassifier(random_state=0).csv
German-Credit-Risk-with-Target_46116,simpleimputer,onehot,select_percentile,robust,DecisionTreeClassifier(random_state=0),4,0.775,0.0013785362243652,0.0001423358917236,German-Credit-Risk-with-Target_46116_results_DecisionTreeClassifier(random_state=0).csv
German-Credit-Risk-with-Target_46116,none,onehot,select_percentile,minmax,DecisionTreeClassifier(random_state=0),4,0.775,0.0016217231750488,0.0001671314239501,German-Credit-Risk-with-Target_46116_results_DecisionTreeClassifier(random_state=0).csv
German-Credit-Risk-with-Target_46116,simpleimputer,onehot,select_percentile,standard,DecisionTreeClassifier(random_state=0),4,0.775,0.001420259475708,0.0001699924468994,German-Credit-Risk-with-Target_46116_results_DecisionTreeClassifier(random_state=0).csv
German-Credit-Risk-with-Target_46116,none,onehot,select_percentile,none,DecisionTreeClassifier(random_state=0),4,0.775,0.0014576911926269,0.0001685619354248,German-Credit-Risk-with-Target_46116_results_DecisionTreeClassifier(random_state=0).csv
German-Credit-Risk-with-Target_46116,none,onehot,select_percentile,standard,DecisionTreeClassifier(random_state=0),4,0.775,0.0013928413391113,0.0001592636108398,German-Credit-Risk-with-Target_46116_results_DecisionTreeClassifier(random_state=0).csv
German-Credit-Risk-with-Target_46116,simpleimputer,onehot,select_percentile,minmax,DecisionTreeClassifier(random_state=0),4,0.775,0.0017733573913574,0.0001678466796875,German-Credit-Risk-with-Target_46116_results_DecisionTreeClassifier(random_state=0).csv
German-Credit-Risk-with-Target_46116,simpleimputer,onehot,select_percentile,power,DecisionTreeClassifier(random_state=0),4,0.775,0.0014426708221435,0.0001411437988281,German-Credit-Risk-with-Target_46116_results_DecisionTreeClassifier(random_state=0).csv
German-Credit-Risk-with-Target_46116,none,onehot,select_percentile,quantile,DecisionTreeClassifier(random_state=0),4,0.775,0.0014162063598632,0.0001392364501953,German-Credit-Risk-with-Target_46116_results_DecisionTreeClassifier(random_state=0).csv
German-Credit-Risk-with-Target_46116,none,onehot,select_percentile,robust,DecisionTreeClassifier(random_state=0),4,0.775,0.0014643669128417,0.0001444816589355,German-Credit-Risk-with-Target_46116_results_DecisionTreeClassifier(random_state=0).csv
German-Credit-Risk-with-Target_46116,simpleimputer,onehot,select_percentile,none,DecisionTreeClassifier(random_state=0),4,0.775,0.0015621185302734,0.000166893005371,German-Credit-Risk-with-Target_46116_results_DecisionTreeClassifier(random_state=0).csv
German-Credit-Risk-with-Target_46116,simpleimputer,onehot,linear_svc,minmax,DecisionTreeClassifier(random_state=0),4,0.77,0.0017054080963134,0.0001459121704101,German-Credit-Risk-with-Target_46116_results_DecisionTreeClassifier(random_state=0).csv
German-Credit-Risk-with-Target_46116,none,onehot,linear_svc,minmax,DecisionTreeClassifier(random_state=0),4,0.77,0.0017561912536621,0.000169038772583,German-Credit-Risk-with-Target_46116_results_DecisionTreeClassifier(random_state=0).csv
German-Credit-Risk-with-Target_46116,simpleimputer,ordinalencoder,linear_svc,robust,DecisionTreeClassifier(random_state=0),4,0.755,0.0019872188568115,0.0001509189605712,German-Credit-Risk-with-Target_46116_results_DecisionTreeClassifier(random_state=0).csv
German-Credit-Risk-with-Target_46116,simpleimputer,onehot,random_trees_embedding,power,DecisionTreeClassifier(random_state=0),0,0.755,0.0829548835754394,0.0004174709320068,German-Credit-Risk-with-Target_46116_results_DecisionTreeClassifier(random_state=0).csv
German-Credit-Risk-with-Target_46116,none,onehot,extra_tree,none,DecisionTreeClassifier(random_state=0),3,0.745,0.0029578208923339,0.0001864433288574,German-Credit-Risk-with-Target_46116_results_DecisionTreeClassifier(random_state=0).csv
German-Credit-Risk-with-Target_46116,none,onehot,extra_tree,standard,DecisionTreeClassifier(random_state=0),3,0.745,0.002964973449707,0.0001530647277832,German-Credit-Risk-with-Target_46116_results_DecisionTreeClassifier(random_state=0).csv
German-Credit-Risk-with-Target_46116,simpleimputer,ordinalencoder,none,minmax,DecisionTreeClassifier(random_state=0),1,0.745,0.0031304359436035,0.0001828670501708,German-Credit-Risk-with-Target_46116_results_DecisionTreeClassifier(random_state=0).csv
German-Credit-Risk-with-Target_46116,none,onehot,extra_tree,robust,DecisionTreeClassifier(random_state=0),3,0.745,0.0030388832092285,0.000154972076416,German-Credit-Risk-with-Target_46116_results_DecisionTreeClassifier(random_state=0).csv
analcatdata_germangss_1025,none,onehot,polynomial_features,standard,DecisionTreeClassifier(random_state=0),2,0.9625,0.0035631656646728,0.0001528263092041,analcatdata_germangss_1025_results_DecisionTreeClassifier(random_state=0).csv
analcatdata_germangss_1025,simpleimputer,ordinalencoder,fastica,quantile,DecisionTreeClassifier(random_state=0),0,0.9625,0.0017697811126708,0.000133991241455,analcatdata_germangss_1025_results_DecisionTreeClassifier(random_state=0).csv
analcatdata_germangss_1025,simpleimputer,ordinalencoder,random_trees_embedding,normalizer,DecisionTreeClassifier(random_state=0),2,0.9625,0.018153429031372,0.0002558231353759,analcatdata_germangss_1025_results_DecisionTreeClassifier(random_state=0).csv
analcatdata_germangss_1025,simpleimputer,onehot,polynomial_features,power,DecisionTreeClassifier(random_state=0),2,0.9625,0.0033099651336669,0.0001387596130371,analcatdata_germangss_1025_results_DecisionTreeClassifier(random_state=0).csv
analcatdata_germangss_1025,simpleimputer,onehot,polynomial_features,standard,DecisionTreeClassifier(random_state=0),2,0.9625,0.0033845901489257,0.0001487731933593,analcatdata_germangss_1025_results_DecisionTreeClassifier(random_state=0).csv
analcatdata_germangss_1025,simpleimputer,ordinalencoder,fastica,normalizer,DecisionTreeClassifier(random_state=0),3,0.9625,0.0018832683563232,0.0001320838928222,analcatdata_germangss_1025_results_DecisionTreeClassifier(random_state=0).csv
analcatdata_germangss_1025,none,ordinalencoder,random_trees_embedding,normalizer,DecisionTreeClassifier(random_state=0),2,0.9625,0.0182240009307861,0.0002295970916748,analcatdata_germangss_1025_results_DecisionTreeClassifier(random_state=0).csv
analcatdata_germangss_1025,none,ordinalencoder,fastica,quantile,DecisionTreeClassifier(random_state=0),0,0.9625,0.0016419887542724,0.0001494884490966,analcatdata_germangss_1025_results_DecisionTreeClassifier(random_state=0).csv
analcatdata_germangss_1025,none,onehot,polynomial_features,power,DecisionTreeClassifier(random_state=0),2,0.9625,0.0033135414123535,0.0001435279846191,analcatdata_germangss_1025_results_DecisionTreeClassifier(random_state=0).csv
analcatdata_germangss_1025,none,ordinalencoder,fastica,normalizer,DecisionTreeClassifier(random_state=0),3,0.9625,0.0020289421081542,0.0001361370086669,analcatdata_germangss_1025_results_DecisionTreeClassifier(random_state=0).csv
analcatdata_germangss_1025,none,ordinalencoder,none,normalizer,DecisionTreeClassifier(random_state=0),3,0.95,0.0013952255249023,0.0001394748687744,analcatdata_germangss_1025_results_DecisionTreeClassifier(random_state=0).csv
analcatdata_germangss_1025,none,onehot,polynomial_features,none,DecisionTreeClassifier(random_state=0),3,0.95,0.0026180744171142,0.0001459121704101,analcatdata_germangss_1025_results_DecisionTreeClassifier(random_state=0).csv
analcatdata_germangss_1025,simpleimputer,ordinalencoder,polynomial_features,quantile,DecisionTreeClassifier(random_state=0),3,0.95,0.0016460418701171,0.0001361370086669,analcatdata_germangss_1025_results_DecisionTreeClassifier(random_state=0).csv
analcatdata_germangss_1025,none,onehot,linear_svc,standard,DecisionTreeClassifier(random_state=0),0,0.95,0.0011777877807617,0.000131607055664,analcatdata_germangss_1025_results_DecisionTreeClassifier(random_state=0).csv
analcatdata_germangss_1025,simpleimputer,onehot,polynomial_features,robust,DecisionTreeClassifier(random_state=0),3,0.95,0.002439260482788,0.0001578330993652,analcatdata_germangss_1025_results_DecisionTreeClassifier(random_state=0).csv
analcatdata_germangss_1025,none,onehot,none,normalizer,DecisionTreeClassifier(random_state=0),3,0.95,0.00160813331604,0.0001533031463623,analcatdata_germangss_1025_results_DecisionTreeClassifier(random_state=0).csv
analcatdata_germangss_1025,none,onehot,linear_svc,none,DecisionTreeClassifier(random_state=0),0,0.95,0.0010199546813964,0.0001308917999267,analcatdata_germangss_1025_results_DecisionTreeClassifier(random_state=0).csv
analcatdata_germangss_1025,simpleimputer,onehot,polynomial_features,none,DecisionTreeClassifier(random_state=0),3,0.95,0.0024187564849853,0.0001389980316162,analcatdata_germangss_1025_results_DecisionTreeClassifier(random_state=0).csv
analcatdata_germangss_1025,simpleimputer,onehot,none,normalizer,DecisionTreeClassifier(random_state=0),3,0.95,0.0013046264648437,0.0001392364501953,analcatdata_germangss_1025_results_DecisionTreeClassifier(random_state=0).csv
analcatdata_germangss_1025,simpleimputer,onehot,polynomial_features,minmax,DecisionTreeClassifier(random_state=0),3,0.95,0.0023572444915771,0.0001420974731445,analcatdata_germangss_1025_results_DecisionTreeClassifier(random_state=0).csv
chscase_census6_900,simpleimputer,onehot,pca,robust,DecisionTreeClassifier(random_state=0),0,0.675,0.0027289390563964,0.0001380443572998,chscase_census6_900_results_DecisionTreeClassifier(random_state=0).csv
chscase_census6_900,simpleimputer,onehot,kernel_pca,robust,DecisionTreeClassifier(random_state=0),0,0.675,0.0032544136047363,0.0001776218414306,chscase_census6_900_results_DecisionTreeClassifier(random_state=0).csv
chscase_census6_900,simpleimputer,ordinalencoder,pca,robust,DecisionTreeClassifier(random_state=0),0,0.675,0.0027365684509277,0.0001416206359863,chscase_census6_900_results_DecisionTreeClassifier(random_state=0).csv
chscase_census6_900,none,ordinalencoder,kernel_pca,robust,DecisionTreeClassifier(random_state=0),0,0.675,0.0032987594604492,0.0001602172851562,chscase_census6_900_results_DecisionTreeClassifier(random_state=0).csv
chscase_census6_900,simpleimputer,ordinalencoder,kernel_pca,robust,DecisionTreeClassifier(random_state=0),0,0.675,0.0032196044921875,0.0001578330993652,chscase_census6_900_results_DecisionTreeClassifier(random_state=0).csv
chscase_census6_900,none,ordinalencoder,pca,robust,DecisionTreeClassifier(random_state=0),0,0.675,0.0027894973754882,0.0001435279846191,chscase_census6_900_results_DecisionTreeClassifier(random_state=0).csv
chscase_census6_900,none,onehot,pca,robust,DecisionTreeClassifier(random_state=0),0,0.675,0.0027551651000976,0.0001449584960937,chscase_census6_900_results_DecisionTreeClassifier(random_state=0).csv
chscase_census6_900,simpleimputer,none,kernel_pca,robust,DecisionTreeClassifier(random_state=0),0,0.675,0.0032136440277099,0.0001566410064697,chscase_census6_900_results_DecisionTreeClassifier(random_state=0).csv
chscase_census6_900,simpleimputer,none,pca,robust,DecisionTreeClassifier(random_state=0),0,0.675,0.0027670860290527,0.0001411437988281,chscase_census6_900_results_DecisionTreeClassifier(random_state=0).csv
chscase_census6_900,none,none,kernel_pca,robust,DecisionTreeClassifier(random_state=0),0,0.675,0.0032005310058593,0.0001759529113769,chscase_census6_900_results_DecisionTreeClassifier(random_state=0).csv
chscase_census6_900,none,onehot,kernel_pca,robust,DecisionTreeClassifier(random_state=0),0,0.675,0.0043754577636718,0.0001730918884277,chscase_census6_900_results_DecisionTreeClassifier(random_state=0).csv
chscase_census6_900,none,none,pca,robust,DecisionTreeClassifier(random_state=0),0,0.675,0.0027837753295898,0.0001416206359863,chscase_census6_900_results_DecisionTreeClassifier(random_state=0).csv
chscase_census6_900,simpleimputer,onehot,pca,standard,DecisionTreeClassifier(random_state=0),4,0.65,0.0024025440216064,0.0001344680786132,chscase_census6_900_results_DecisionTreeClassifier(random_state=0).csv
chscase_census6_900,none,onehot,pca,standard,DecisionTreeClassifier(random_state=0),4,0.65,0.002342939376831,0.000136375427246,chscase_census6_900_results_DecisionTreeClassifier(random_state=0).csv
chscase_census6_900,simpleimputer,ordinalencoder,pca,standard,DecisionTreeClassifier(random_state=0),4,0.65,0.0025558471679687,0.0001704692840576,chscase_census6_900_results_DecisionTreeClassifier(random_state=0).csv
chscase_census6_900,none,none,pca,standard,DecisionTreeClassifier(random_state=0),4,0.65,0.0023443698883056,0.0001323223114013,chscase_census6_900_results_DecisionTreeClassifier(random_state=0).csv
chscase_census6_900,simpleimputer,none,pca,standard,DecisionTreeClassifier(random_state=0),4,0.65,0.0024468898773193,0.0001335144042968,chscase_census6_900_results_DecisionTreeClassifier(random_state=0).csv
chscase_census6_900,none,ordinalencoder,pca,standard,DecisionTreeClassifier(random_state=0),4,0.65,0.0024080276489257,0.0001389980316162,chscase_census6_900_results_DecisionTreeClassifier(random_state=0).csv
chscase_census6_900,none,ordinalencoder,polynomial_features,none,DecisionTreeClassifier(random_state=0),4,0.6375,0.0081501007080078,0.0001399517059326,chscase_census6_900_results_DecisionTreeClassifier(random_state=0).csv
chscase_census6_900,simpleimputer,none,polynomial_features,none,DecisionTreeClassifier(random_state=0),4,0.6375,0.0082342624664306,0.0001397132873535,chscase_census6_900_results_DecisionTreeClassifier(random_state=0).csv
visualizing_galaxy_925,none,ordinalencoder,rbf_sampler,quantile,DecisionTreeClassifier(random_state=0),1,0.9846153846153848,0.0109901428222656,0.0002655982971191,visualizing_galaxy_925_results_DecisionTreeClassifier(random_state=0).csv
visualizing_galaxy_925,none,none,rbf_sampler,minmax,DecisionTreeClassifier(random_state=0),0,0.9846153846153848,0.0118310451507568,0.000298261642456,visualizing_galaxy_925_results_DecisionTreeClassifier(random_state=0).csv
visualizing_galaxy_925,none,onehot,kernel_pca,quantile,DecisionTreeClassifier(random_state=0),0,0.9846153846153848,0.0015094280242919,0.0001618862152099,visualizing_galaxy_925_results_DecisionTreeClassifier(random_state=0).csv
visualizing_galaxy_925,none,onehot,rbf_sampler,quantile,DecisionTreeClassifier(random_state=0),1,0.9846153846153848,0.0087769031524658,0.000148057937622,visualizing_galaxy_925_results_DecisionTreeClassifier(random_state=0).csv
visualizing_galaxy_925,none,ordinalencoder,kernel_pca,standard,DecisionTreeClassifier(random_state=0),0,0.9846153846153848,0.0014426708221435,0.0001392364501953,visualizing_galaxy_925_results_DecisionTreeClassifier(random_state=0).csv
visualizing_galaxy_925,none,ordinalencoder,pca,standard,DecisionTreeClassifier(random_state=0),0,0.9846153846153848,0.0014131069183349,0.0001330375671386,visualizing_galaxy_925_results_DecisionTreeClassifier(random_state=0).csv
visualizing_galaxy_925,none,ordinalencoder,rbf_sampler,minmax,DecisionTreeClassifier(random_state=0),0,0.9846153846153848,0.0093014240264892,0.0002813339233398,visualizing_galaxy_925_results_DecisionTreeClassifier(random_state=0).csv
visualizing_galaxy_925,simpleimputer,none,rbf_sampler,minmax,DecisionTreeClassifier(random_state=0),0,0.9846153846153848,0.0088832378387451,0.0001499652862548,visualizing_galaxy_925_results_DecisionTreeClassifier(random_state=0).csv
visualizing_galaxy_925,simpleimputer,none,kernel_pca,standard,DecisionTreeClassifier(random_state=0),0,0.9846153846153848,0.0017175674438476,0.0001502037048339,visualizing_galaxy_925_results_DecisionTreeClassifier(random_state=0).csv
visualizing_galaxy_925,simpleimputer,none,pca,standard,DecisionTreeClassifier(random_state=0),0,0.9846153846153848,0.0013113021850585,0.0001282691955566,visualizing_galaxy_925_results_DecisionTreeClassifier(random_state=0).csv
visualizing_galaxy_925,none,ordinalencoder,kernel_pca,quantile,DecisionTreeClassifier(random_state=0),0,0.9846153846153848,0.0016307830810546,0.0001425743103027,visualizing_galaxy_925_results_DecisionTreeClassifier(random_state=0).csv
visualizing_galaxy_925,none,none,pca,standard,DecisionTreeClassifier(random_state=0),0,0.9846153846153848,0.0012855529785156,0.0001626014709472,visualizing_galaxy_925_results_DecisionTreeClassifier(random_state=0).csv
visualizing_galaxy_925,none,onehot,pca,standard,DecisionTreeClassifier(random_state=0),0,0.9846153846153848,0.0012905597686767,0.0001242160797119,visualizing_galaxy_925_results_DecisionTreeClassifier(random_state=0).csv
visualizing_galaxy_925,simpleimputer,onehot,pca,quantile,DecisionTreeClassifier(random_state=0),0,0.9846153846153848,0.0014293193817138,0.0001344680786132,visualizing_galaxy_925_results_DecisionTreeClassifier(random_state=0).csv
visualizing_galaxy_925,simpleimputer,onehot,rbf_sampler,quantile,DecisionTreeClassifier(random_state=0),1,0.9846153846153848,0.0096685886383056,0.0002551078796386,visualizing_galaxy_925_results_DecisionTreeClassifier(random_state=0).csv
visualizing_galaxy_925,none,none,kernel_pca,quantile,DecisionTreeClassifier(random_state=0),0,0.9846153846153848,0.0017144680023193,0.0001454353332519,visualizing_galaxy_925_results_DecisionTreeClassifier(random_state=0).csv
visualizing_galaxy_925,none,none,rbf_sampler,quantile,DecisionTreeClassifier(random_state=0),1,0.9846153846153848,0.0080964565277099,0.0002174377441406,visualizing_galaxy_925_results_DecisionTreeClassifier(random_state=0).csv
visualizing_galaxy_925,none,none,pca,quantile,DecisionTreeClassifier(random_state=0),0,0.9846153846153848,0.0013957023620605,0.0002162456512451,visualizing_galaxy_925_results_DecisionTreeClassifier(random_state=0).csv
visualizing_galaxy_925,none,onehot,rbf_sampler,minmax,DecisionTreeClassifier(random_state=0),0,0.9846153846153848,0.0090842247009277,0.0001513957977294,visualizing_galaxy_925_results_DecisionTreeClassifier(random_state=0).csv
visualizing_galaxy_925,none,onehot,kernel_pca,standard,DecisionTreeClassifier(random_state=0),0,0.9846153846153848,0.0015575885772705,0.0001511573791503,visualizing_galaxy_925_results_DecisionTreeClassifier(random_state=0).csv
fri_c4_1000_50_797,none,none,extra_tree,quantile,DecisionTreeClassifier(random_state=0),4,0.9,0.0041241645812988,0.000157356262207,fri_c4_1000_50_797_results_DecisionTreeClassifier(random_state=0).csv
fri_c4_1000_50_797,simpleimputer,ordinalencoder,extra_tree,quantile,DecisionTreeClassifier(random_state=0),4,0.9,0.0038232803344726,0.0001652240753173,fri_c4_1000_50_797_results_DecisionTreeClassifier(random_state=0).csv
fri_c4_1000_50_797,simpleimputer,onehot,extra_tree,quantile,DecisionTreeClassifier(random_state=0),4,0.9,0.0038621425628662,0.0001382827758789,fri_c4_1000_50_797_results_DecisionTreeClassifier(random_state=0).csv
fri_c4_1000_50_797,simpleimputer,none,extra_tree,quantile,DecisionTreeClassifier(random_state=0),4,0.9,0.0039143562316894,0.000138521194458,fri_c4_1000_50_797_results_DecisionTreeClassifier(random_state=0).csv
fri_c4_1000_50_797,none,ordinalencoder,extra_tree,quantile,DecisionTreeClassifier(random_state=0),4,0.9,0.0039687156677246,0.0001711845397949,fri_c4_1000_50_797_results_DecisionTreeClassifier(random_state=0).csv
fri_c4_1000_50_797,none,onehot,extra_tree,quantile,DecisionTreeClassifier(random_state=0),4,0.9,0.0038461685180664,0.0001387596130371,fri_c4_1000_50_797_results_DecisionTreeClassifier(random_state=0).csv
fri_c4_1000_50_797,none,none,extra_tree,none,DecisionTreeClassifier(random_state=0),4,0.895,0.0037219524383544,0.0001461505889892,fri_c4_1000_50_797_results_DecisionTreeClassifier(random_state=0).csv
fri_c4_1000_50_797,simpleimputer,ordinalencoder,select_percentile,quantile,DecisionTreeClassifier(random_state=0),4,0.895,0.0039334297180175,0.0001473426818847,fri_c4_1000_50_797_results_DecisionTreeClassifier(random_state=0).csv
fri_c4_1000_50_797,none,onehot,extra_tree,robust,DecisionTreeClassifier(random_state=0),4,0.895,0.003857135772705,0.0001575946807861,fri_c4_1000_50_797_results_DecisionTreeClassifier(random_state=0).csv
fri_c4_1000_50_797,simpleimputer,none,extra_tree,none,DecisionTreeClassifier(random_state=0),4,0.895,0.0038795471191406,0.0001411437988281,fri_c4_1000_50_797_results_DecisionTreeClassifier(random_state=0).csv
fri_c4_1000_50_797,none,onehot,extra_tree,minmax,DecisionTreeClassifier(random_state=0),4,0.895,0.0038506984710693,0.0001430511474609,fri_c4_1000_50_797_results_DecisionTreeClassifier(random_state=0).csv
fri_c4_1000_50_797,simpleimputer,none,select_percentile,quantile,DecisionTreeClassifier(random_state=0),4,0.895,0.0039753913879394,0.0001444816589355,fri_c4_1000_50_797_results_DecisionTreeClassifier(random_state=0).csv
fri_c4_1000_50_797,simpleimputer,onehot,extra_tree,none,DecisionTreeClassifier(random_state=0),4,0.895,0.0039873123168945,0.0001595020294189,fri_c4_1000_50_797_results_DecisionTreeClassifier(random_state=0).csv
fri_c4_1000_50_797,none,ordinalencoder,extra_tree,minmax,DecisionTreeClassifier(random_state=0),4,0.895,0.0039608478546142,0.0001413822174072,fri_c4_1000_50_797_results_DecisionTreeClassifier(random_state=0).csv
fri_c4_1000_50_797,none,onehot,extra_tree,standard,DecisionTreeClassifier(random_state=0),4,0.895,0.0039844512939453,0.000154972076416,fri_c4_1000_50_797_results_DecisionTreeClassifier(random_state=0).csv
fri_c4_1000_50_797,simpleimputer,ordinalencoder,extra_tree,standard,DecisionTreeClassifier(random_state=0),4,0.895,0.003840684890747,0.0001373291015625,fri_c4_1000_50_797_results_DecisionTreeClassifier(random_state=0).csv
fri_c4_1000_50_797,none,ordinalencoder,extra_tree,none,DecisionTreeClassifier(random_state=0),4,0.895,0.0041015148162841,0.0003020763397216,fri_c4_1000_50_797_results_DecisionTreeClassifier(random_state=0).csv
fri_c4_1000_50_797,none,ordinalencoder,extra_tree,robust,DecisionTreeClassifier(random_state=0),4,0.895,0.0037975311279296,0.0001387596130371,fri_c4_1000_50_797_results_DecisionTreeClassifier(random_state=0).csv
fri_c4_1000_50_797,simpleimputer,none,extra_tree,robust,DecisionTreeClassifier(random_state=0),4,0.895,0.0040500164031982,0.00014328956604,fri_c4_1000_50_797_results_DecisionTreeClassifier(random_state=0).csv
fri_c4_1000_50_797,simpleimputer,ordinalencoder,extra_tree,none,DecisionTreeClassifier(random_state=0),4,0.895,0.0040187835693359,0.0001447200775146,fri_c4_1000_50_797_results_DecisionTreeClassifier(random_state=0).csv
MegaWatt1_1442,none,none,nystroem,none,DecisionTreeClassifier(random_state=0),3,0.96,0.0194535255432128,0.0003185272216796,MegaWatt1_1442_results_DecisionTreeClassifier(random_state=0).csv
MegaWatt1_1442,simpleimputer,none,nystroem,none,DecisionTreeClassifier(random_state=0),3,0.96,0.0205843448638916,0.0002567768096923,MegaWatt1_1442_results_DecisionTreeClassifier(random_state=0).csv
MegaWatt1_1442,simpleimputer,onehot,nystroem,none,DecisionTreeClassifier(random_state=0),3,0.96,0.0189855098724365,0.0002722740173339,MegaWatt1_1442_results_DecisionTreeClassifier(random_state=0).csv
MegaWatt1_1442,none,onehot,nystroem,none,DecisionTreeClassifier(random_state=0),3,0.96,0.0190153121948242,0.0002937316894531,MegaWatt1_1442_results_DecisionTreeClassifier(random_state=0).csv
MegaWatt1_1442,simpleimputer,ordinalencoder,nystroem,none,DecisionTreeClassifier(random_state=0),3,0.96,0.0194973945617675,0.0003168582916259,MegaWatt1_1442_results_DecisionTreeClassifier(random_state=0).csv
MegaWatt1_1442,none,ordinalencoder,nystroem,none,DecisionTreeClassifier(random_state=0),3,0.96,0.0176763534545898,0.0002472400665283,MegaWatt1_1442_results_DecisionTreeClassifier(random_state=0).csv
MegaWatt1_1442,none,onehot,nystroem,quantile,DecisionTreeClassifier(random_state=0),2,0.9411764705882352,0.0206685066223144,0.0002799034118652,MegaWatt1_1442_results_DecisionTreeClassifier(random_state=0).csv
MegaWatt1_1442,simpleimputer,onehot,nystroem,quantile,DecisionTreeClassifier(random_state=0),2,0.9411764705882352,0.0396327972412109,0.0002760887145996,MegaWatt1_1442_results_DecisionTreeClassifier(random_state=0).csv
MegaWatt1_1442,simpleimputer,none,nystroem,quantile,DecisionTreeClassifier(random_state=0),2,0.9411764705882352,0.0192391872406005,0.0001759529113769,MegaWatt1_1442_results_DecisionTreeClassifier(random_state=0).csv
MegaWatt1_1442,none,none,nystroem,quantile,DecisionTreeClassifier(random_state=0),2,0.9411764705882352,0.0271003246307373,0.0009794235229492,MegaWatt1_1442_results_DecisionTreeClassifier(random_state=0).csv
MegaWatt1_1442,none,ordinalencoder,nystroem,quantile,DecisionTreeClassifier(random_state=0),2,0.9411764705882352,0.0207569599151611,0.0002901554107666,MegaWatt1_1442_results_DecisionTreeClassifier(random_state=0).csv
MegaWatt1_1442,simpleimputer,ordinalencoder,nystroem,quantile,DecisionTreeClassifier(random_state=0),2,0.9411764705882352,0.0175445079803466,0.00020432472229,MegaWatt1_1442_results_DecisionTreeClassifier(random_state=0).csv
MegaWatt1_1442,none,none,rbf_sampler,minmax,DecisionTreeClassifier(random_state=0),3,0.94,0.0209162235260009,0.0001864433288574,MegaWatt1_1442_results_DecisionTreeClassifier(random_state=0).csv
MegaWatt1_1442,none,onehot,rbf_sampler,minmax,DecisionTreeClassifier(random_state=0),3,0.94,0.0190308094024658,0.0001640319824218,MegaWatt1_1442_results_DecisionTreeClassifier(random_state=0).csv
MegaWatt1_1442,none,onehot,nystroem,robust,DecisionTreeClassifier(random_state=0),3,0.94,0.0258312225341796,0.0002434253692626,MegaWatt1_1442_results_DecisionTreeClassifier(random_state=0).csv
MegaWatt1_1442,simpleimputer,none,rbf_sampler,minmax,DecisionTreeClassifier(random_state=0),3,0.94,0.0182657241821289,0.0002191066741943,MegaWatt1_1442_results_DecisionTreeClassifier(random_state=0).csv
MegaWatt1_1442,simpleimputer,none,truncated_svd,quantile,DecisionTreeClassifier(random_state=0),3,0.94,0.0011670589447021,0.0001215934753417,MegaWatt1_1442_results_DecisionTreeClassifier(random_state=0).csv
MegaWatt1_1442,simpleimputer,onehot,nystroem,robust,DecisionTreeClassifier(random_state=0),3,0.94,0.025609016418457,0.000178575515747,MegaWatt1_1442_results_DecisionTreeClassifier(random_state=0).csv
MegaWatt1_1442,none,none,nystroem,robust,DecisionTreeClassifier(random_state=0),3,0.94,0.026902437210083,0.0002737045288085,MegaWatt1_1442_results_DecisionTreeClassifier(random_state=0).csv
MegaWatt1_1442,none,none,truncated_svd,quantile,DecisionTreeClassifier(random_state=0),3,0.94,0.0012197494506835,0.0001249313354492,MegaWatt1_1442_results_DecisionTreeClassifier(random_state=0).csv
stock_841,simpleimputer,ordinalencoder,extra_tree,power,DecisionTreeClassifier(random_state=0),1,0.9894736842105264,0.0018091201782226,0.0001301765441894,stock_841_results_DecisionTreeClassifier(random_state=0).csv
stock_841,simpleimputer,none,extra_tree,quantile,DecisionTreeClassifier(random_state=0),1,0.9894736842105264,0.0019073486328125,0.0001380443572998,stock_841_results_DecisionTreeClassifier(random_state=0).csv
stock_841,simpleimputer,onehot,extra_tree,none,DecisionTreeClassifier(random_state=0),1,0.9894736842105264,0.0018436908721923,0.0001304149627685,stock_841_results_DecisionTreeClassifier(random_state=0).csv
stock_841,simpleimputer,none,extra_tree,minmax,DecisionTreeClassifier(random_state=0),1,0.9894736842105264,0.0017621517181396,0.0001270771026611,stock_841_results_DecisionTreeClassifier(random_state=0).csv
stock_841,none,none,extra_tree,none,DecisionTreeClassifier(random_state=0),1,0.9894736842105264,0.0020484924316406,0.0002617835998535,stock_841_results_DecisionTreeClassifier(random_state=0).csv
stock_841,none,ordinalencoder,extra_tree,minmax,DecisionTreeClassifier(random_state=0),1,0.9894736842105264,0.0017154216766357,0.0001230239868164,stock_841_results_DecisionTreeClassifier(random_state=0).csv
stock_841,none,none,extra_tree,robust,DecisionTreeClassifier(random_state=0),1,0.9894736842105264,0.0017116069793701,0.0001235008239746,stock_841_results_DecisionTreeClassifier(random_state=0).csv
stock_841,none,onehot,extra_tree,quantile,DecisionTreeClassifier(random_state=0),1,0.9894736842105264,0.0017304420471191,0.0001285076141357,stock_841_results_DecisionTreeClassifier(random_state=0).csv
stock_841,simpleimputer,onehot,extra_tree,robust,DecisionTreeClassifier(random_state=0),1,0.9894736842105264,0.0017273426055908,0.0001430511474609,stock_841_results_DecisionTreeClassifier(random_state=0).csv
stock_841,simpleimputer,none,extra_tree,power,DecisionTreeClassifier(random_state=0),1,0.9894736842105264,0.0018024444580078,0.0001299381256103,stock_841_results_DecisionTreeClassifier(random_state=0).csv
stock_841,none,ordinalencoder,extra_tree,none,DecisionTreeClassifier(random_state=0),1,0.9894736842105264,0.0017905235290527,0.0001254081726074,stock_841_results_DecisionTreeClassifier(random_state=0).csv
stock_841,simpleimputer,onehot,extra_tree,minmax,DecisionTreeClassifier(random_state=0),1,0.9894736842105264,0.0016891956329345,0.0001213550567626,stock_841_results_DecisionTreeClassifier(random_state=0).csv
stock_841,simpleimputer,ordinalencoder,extra_tree,robust,DecisionTreeClassifier(random_state=0),1,0.9894736842105264,0.0018212795257568,0.0001311302185058,stock_841_results_DecisionTreeClassifier(random_state=0).csv
stock_841,none,ordinalencoder,extra_tree,robust,DecisionTreeClassifier(random_state=0),1,0.9894736842105264,0.0017566680908203,0.0001258850097656,stock_841_results_DecisionTreeClassifier(random_state=0).csv
stock_841,none,onehot,extra_tree,power,DecisionTreeClassifier(random_state=0),1,0.9894736842105264,0.0017530918121337,0.000129222869873,stock_841_results_DecisionTreeClassifier(random_state=0).csv
stock_841,none,ordinalencoder,extra_tree,power,DecisionTreeClassifier(random_state=0),1,0.9894736842105264,0.0017323493957519,0.0001282691955566,stock_841_results_DecisionTreeClassifier(random_state=0).csv
stock_841,none,none,extra_tree,minmax,DecisionTreeClassifier(random_state=0),1,0.9894736842105264,0.0018212795257568,0.0001285076141357,stock_841_results_DecisionTreeClassifier(random_state=0).csv
stock_841,none,onehot,extra_tree,minmax,DecisionTreeClassifier(random_state=0),1,0.9894736842105264,0.0018212795257568,0.0001294612884521,stock_841_results_DecisionTreeClassifier(random_state=0).csv
stock_841,none,none,extra_tree,power,DecisionTreeClassifier(random_state=0),1,0.9894736842105264,0.0020930767059326,0.0001509189605712,stock_841_results_DecisionTreeClassifier(random_state=0).csv
stock_841,simpleimputer,ordinalencoder,extra_tree,minmax,DecisionTreeClassifier(random_state=0),1,0.9894736842105264,0.001723289489746,0.0001266002655029,stock_841_results_DecisionTreeClassifier(random_state=0).csv
autoUniv-au7-1100_1552,none,onehot,polynomial_features,none,DecisionTreeClassifier(random_state=0),2,0.4227272727272727,0.0549798011779785,0.0003106594085693,autoUniv-au7-1100_1552_results_DecisionTreeClassifier(random_state=0).csv
autoUniv-au7-1100_1552,simpleimputer,onehot,polynomial_features,none,DecisionTreeClassifier(random_state=0),2,0.4227272727272727,0.0457348823547363,0.0002589225769042,autoUniv-au7-1100_1552_results_DecisionTreeClassifier(random_state=0).csv
autoUniv-au7-1100_1552,none,onehot,linear_svc,standard,DecisionTreeClassifier(random_state=0),0,0.4090909090909091,0.0040750503540039,0.0001778602600097,autoUniv-au7-1100_1552_results_DecisionTreeClassifier(random_state=0).csv
autoUniv-au7-1100_1552,none,onehot,none,normalizer,DecisionTreeClassifier(random_state=0),1,0.4090909090909091,0.0146999359130859,0.0003304481506347,autoUniv-au7-1100_1552_results_DecisionTreeClassifier(random_state=0).csv
autoUniv-au7-1100_1552,simpleimputer,onehot,none,normalizer,DecisionTreeClassifier(random_state=0),1,0.4090909090909091,0.0119829177856445,0.0002355575561523,autoUniv-au7-1100_1552_results_DecisionTreeClassifier(random_state=0).csv
autoUniv-au7-1100_1552,simpleimputer,onehot,linear_svc,standard,DecisionTreeClassifier(random_state=0),0,0.4090909090909091,0.0037875175476074,0.0001533031463623,autoUniv-au7-1100_1552_results_DecisionTreeClassifier(random_state=0).csv
autoUniv-au7-1100_1552,none,onehot,linear_svc,quantile,DecisionTreeClassifier(random_state=0),0,0.4045454545454545,0.0037696361541748,0.0001423358917236,autoUniv-au7-1100_1552_results_DecisionTreeClassifier(random_state=0).csv
autoUniv-au7-1100_1552,simpleimputer,onehot,linear_svc,quantile,DecisionTreeClassifier(random_state=0),0,0.4045454545454545,0.0039396286010742,0.0001659393310546,autoUniv-au7-1100_1552_results_DecisionTreeClassifier(random_state=0).csv
autoUniv-au7-1100_1552,none,ordinalencoder,polynomial_features,none,DecisionTreeClassifier(random_state=0),0,0.4,0.0322539806365966,0.0002048015594482,autoUniv-au7-1100_1552_results_DecisionTreeClassifier(random_state=0).csv
autoUniv-au7-1100_1552,none,onehot,fastica,robust,DecisionTreeClassifier(random_state=0),0,0.4,0.015622854232788,0.0001919269561767,autoUniv-au7-1100_1552_results_DecisionTreeClassifier(random_state=0).csv
autoUniv-au7-1100_1552,simpleimputer,onehot,fastica,robust,DecisionTreeClassifier(random_state=0),0,0.4,0.0162463188171386,0.0001769065856933,autoUniv-au7-1100_1552_results_DecisionTreeClassifier(random_state=0).csv
autoUniv-au7-1100_1552,simpleimputer,ordinalencoder,polynomial_features,none,DecisionTreeClassifier(random_state=0),0,0.4,0.0333330631256103,0.0001943111419677,autoUniv-au7-1100_1552_results_DecisionTreeClassifier(random_state=0).csv
autoUniv-au7-1100_1552,none,onehot,polynomial_features,standard,DecisionTreeClassifier(random_state=0),0,0.3954545454545454,0.0785481929779052,0.0003278255462646,autoUniv-au7-1100_1552_results_DecisionTreeClassifier(random_state=0).csv
autoUniv-au7-1100_1552,simpleimputer,onehot,polynomial_features,standard,DecisionTreeClassifier(random_state=0),0,0.3954545454545454,0.072953462600708,0.000312328338623,autoUniv-au7-1100_1552_results_DecisionTreeClassifier(random_state=0).csv
autoUniv-au7-1100_1552,simpleimputer,ordinalencoder,none,minmax,DecisionTreeClassifier(random_state=0),0,0.3909090909090909,0.0062904357910156,0.0001764297485351,autoUniv-au7-1100_1552_results_DecisionTreeClassifier(random_state=0).csv
autoUniv-au7-1100_1552,none,ordinalencoder,polynomial_features,none,DecisionTreeClassifier(random_state=0),2,0.3909090909090909,0.0308403968811035,0.000201940536499,autoUniv-au7-1100_1552_results_DecisionTreeClassifier(random_state=0).csv
autoUniv-au7-1100_1552,simpleimputer,onehot,none,normalizer,DecisionTreeClassifier(random_state=0),2,0.3909090909090909,0.0118544101715087,0.0001897811889648,autoUniv-au7-1100_1552_results_DecisionTreeClassifier(random_state=0).csv
autoUniv-au7-1100_1552,simpleimputer,ordinalencoder,polynomial_features,none,DecisionTreeClassifier(random_state=0),2,0.3909090909090909,0.0321593284606933,0.0002059936523437,autoUniv-au7-1100_1552_results_DecisionTreeClassifier(random_state=0).csv
autoUniv-au7-1100_1552,simpleimputer,ordinalencoder,none,none,DecisionTreeClassifier(random_state=0),0,0.3909090909090909,0.0071673393249511,0.0011589527130126,autoUniv-au7-1100_1552_results_DecisionTreeClassifier(random_state=0).csv
autoUniv-au7-1100_1552,simpleimputer,ordinalencoder,none,robust,DecisionTreeClassifier(random_state=0),0,0.3909090909090909,0.0062344074249267,0.0001783370971679,autoUniv-au7-1100_1552_results_DecisionTreeClassifier(random_state=0).csv
robot-failures-lp4_1519,simpleimputer,onehot,feature_agglomeration,robust,DecisionTreeClassifier(random_state=0),0,1.0,0.0008783340454101,0.0001182556152343,robot-failures-lp4_1519_results_DecisionTreeClassifier(random_state=0).csv
robot-failures-lp4_1519,none,ordinalencoder,extra_tree,normalizer,DecisionTreeClassifier(random_state=0),4,1.0,0.0016179084777832,0.0001220703125,robot-failures-lp4_1519_results_DecisionTreeClassifier(random_state=0).csv
robot-failures-lp4_1519,simpleimputer,ordinalencoder,pca,minmax,DecisionTreeClassifier(random_state=0),0,1.0,0.0046126842498779,0.0001871585845947,robot-failures-lp4_1519_results_DecisionTreeClassifier(random_state=0).csv
robot-failures-lp4_1519,simpleimputer,none,feature_agglomeration,robust,DecisionTreeClassifier(random_state=0),0,1.0,0.0008857250213623,0.000115156173706,robot-failures-lp4_1519_results_DecisionTreeClassifier(random_state=0).csv
robot-failures-lp4_1519,none,none,feature_agglomeration,robust,DecisionTreeClassifier(random_state=0),0,1.0,0.0008432865142822,0.0001142024993896,robot-failures-lp4_1519_results_DecisionTreeClassifier(random_state=0).csv
robot-failures-lp4_1519,none,ordinalencoder,pca,minmax,DecisionTreeClassifier(random_state=0),0,1.0,0.0039460659027099,0.0001747608184814,robot-failures-lp4_1519_results_DecisionTreeClassifier(random_state=0).csv
robot-failures-lp4_1519,simpleimputer,none,pca,minmax,DecisionTreeClassifier(random_state=0),0,1.0,0.0041859149932861,0.000159740447998,robot-failures-lp4_1519_results_DecisionTreeClassifier(random_state=0).csv
robot-failures-lp4_1519,none,onehot,feature_agglomeration,robust,DecisionTreeClassifier(random_state=0),0,1.0,0.0008559226989746,0.0001170635223388,robot-failures-lp4_1519_results_DecisionTreeClassifier(random_state=0).csv
robot-failures-lp4_1519,none,none,extra_tree,normalizer,DecisionTreeClassifier(random_state=0),4,1.0,0.0016140937805175,0.0001206398010253,robot-failures-lp4_1519_results_DecisionTreeClassifier(random_state=0).csv
robot-failures-lp4_1519,simpleimputer,ordinalencoder,feature_agglomeration,robust,DecisionTreeClassifier(random_state=0),0,1.0,0.0008478164672851,0.0001134872436523,robot-failures-lp4_1519_results_DecisionTreeClassifier(random_state=0).csv
robot-failures-lp4_1519,none,none,pca,minmax,DecisionTreeClassifier(random_state=0),0,1.0,0.0039877891540527,0.0001454353332519,robot-failures-lp4_1519_results_DecisionTreeClassifier(random_state=0).csv
robot-failures-lp4_1519,simpleimputer,ordinalencoder,extra_tree,normalizer,DecisionTreeClassifier(random_state=0),4,1.0,0.0015699863433837,0.000115156173706,robot-failures-lp4_1519_results_DecisionTreeClassifier(random_state=0).csv
robot-failures-lp4_1519,none,onehot,pca,minmax,DecisionTreeClassifier(random_state=0),0,1.0,0.003925085067749,0.0001502037048339,robot-failures-lp4_1519_results_DecisionTreeClassifier(random_state=0).csv
robot-failures-lp4_1519,simpleimputer,onehot,extra_tree,normalizer,DecisionTreeClassifier(random_state=0),4,1.0,0.0015792846679687,0.0001208782196044,robot-failures-lp4_1519_results_DecisionTreeClassifier(random_state=0).csv
robot-failures-lp4_1519,simpleimputer,onehot,pca,minmax,DecisionTreeClassifier(random_state=0),0,1.0,0.0041139125823974,0.0001649856567382,robot-failures-lp4_1519_results_DecisionTreeClassifier(random_state=0).csv
robot-failures-lp4_1519,none,ordinalencoder,feature_agglomeration,robust,DecisionTreeClassifier(random_state=0),0,1.0,0.0009386539459228,0.0001161098480224,robot-failures-lp4_1519_results_DecisionTreeClassifier(random_state=0).csv
robot-failures-lp4_1519,simpleimputer,none,extra_tree,normalizer,DecisionTreeClassifier(random_state=0),4,1.0,0.0015552043914794,0.0001177787780761,robot-failures-lp4_1519_results_DecisionTreeClassifier(random_state=0).csv
robot-failures-lp4_1519,none,onehot,extra_tree,normalizer,DecisionTreeClassifier(random_state=0),4,1.0,0.0016634464263916,0.0001218318939208,robot-failures-lp4_1519_results_DecisionTreeClassifier(random_state=0).csv
robot-failures-lp4_1519,simpleimputer,none,kernel_pca,minmax,DecisionTreeClassifier(random_state=0),0,0.9583333333333334,0.003821849822998,0.0001451969146728,robot-failures-lp4_1519_results_DecisionTreeClassifier(random_state=0).csv
robot-failures-lp4_1519,none,onehot,kernel_pca,minmax,DecisionTreeClassifier(random_state=0),0,0.9583333333333334,0.00386643409729,0.0001466274261474,robot-failures-lp4_1519_results_DecisionTreeClassifier(random_state=0).csv
Sick_numeric_41946,simpleimputer,ordinalencoder,polynomial_features,standard,DecisionTreeClassifier(random_state=0),0,0.9827814569536424,0.1301021575927734,0.000615119934082,Sick_numeric_41946_results_DecisionTreeClassifier(random_state=0).csv
Sick_numeric_41946,simpleimputer,none,polynomial_features,standard,DecisionTreeClassifier(random_state=0),0,0.9827814569536424,0.1354143619537353,0.0005810260772705,Sick_numeric_41946_results_DecisionTreeClassifier(random_state=0).csv
Sick_numeric_41946,simpleimputer,onehot,polynomial_features,standard,DecisionTreeClassifier(random_state=0),0,0.9827814569536424,0.1299540996551513,0.0006062984466552,Sick_numeric_41946_results_DecisionTreeClassifier(random_state=0).csv
Sick_numeric_41946,none,none,polynomial_features,standard,DecisionTreeClassifier(random_state=0),0,0.9827814569536424,0.1357851028442382,0.00057053565979,Sick_numeric_41946_results_DecisionTreeClassifier(random_state=0).csv
Sick_numeric_41946,none,onehot,polynomial_features,standard,DecisionTreeClassifier(random_state=0),0,0.9827814569536424,0.132791519165039,0.0005974769592285,Sick_numeric_41946_results_DecisionTreeClassifier(random_state=0).csv
Sick_numeric_41946,none,ordinalencoder,polynomial_features,standard,DecisionTreeClassifier(random_state=0),0,0.9827814569536424,0.1342537403106689,0.0006327629089355,Sick_numeric_41946_results_DecisionTreeClassifier(random_state=0).csv
Sick_numeric_41946,none,onehot,polynomial_features,robust,DecisionTreeClassifier(random_state=0),3,0.9827586206896552,0.0831491947174072,0.0005552768707275,Sick_numeric_41946_results_DecisionTreeClassifier(random_state=0).csv
Sick_numeric_41946,none,none,polynomial_features,robust,DecisionTreeClassifier(random_state=0),3,0.9827586206896552,0.0885612964630127,0.0005717277526855,Sick_numeric_41946_results_DecisionTreeClassifier(random_state=0).csv
Sick_numeric_41946,simpleimputer,onehot,polynomial_features,robust,DecisionTreeClassifier(random_state=0),3,0.9827586206896552,0.079456090927124,0.000725507736206,Sick_numeric_41946_results_DecisionTreeClassifier(random_state=0).csv
Sick_numeric_41946,simpleimputer,none,polynomial_features,robust,DecisionTreeClassifier(random_state=0),3,0.9827586206896552,0.0926048755645752,0.0006287097930908,Sick_numeric_41946_results_DecisionTreeClassifier(random_state=0).csv
Sick_numeric_41946,none,ordinalencoder,polynomial_features,robust,DecisionTreeClassifier(random_state=0),3,0.9827586206896552,0.0807468891143798,0.0005505084991455,Sick_numeric_41946_results_DecisionTreeClassifier(random_state=0).csv
Sick_numeric_41946,simpleimputer,ordinalencoder,polynomial_features,robust,DecisionTreeClassifier(random_state=0),3,0.9827586206896552,0.0800623893737793,0.0005488395690917,Sick_numeric_41946_results_DecisionTreeClassifier(random_state=0).csv
Sick_numeric_41946,none,onehot,polynomial_features,robust,DecisionTreeClassifier(random_state=0),1,0.981456953642384,0.0845286846160888,0.000584602355957,Sick_numeric_41946_results_DecisionTreeClassifier(random_state=0).csv
Sick_numeric_41946,none,none,polynomial_features,robust,DecisionTreeClassifier(random_state=0),1,0.981456953642384,0.0838100910186767,0.0005342960357666,Sick_numeric_41946_results_DecisionTreeClassifier(random_state=0).csv
Sick_numeric_41946,none,ordinalencoder,polynomial_features,robust,DecisionTreeClassifier(random_state=0),1,0.981456953642384,0.082637071609497,0.0005555152893066,Sick_numeric_41946_results_DecisionTreeClassifier(random_state=0).csv
Sick_numeric_41946,none,ordinalencoder,polynomial_features,standard,DecisionTreeClassifier(random_state=0),1,0.981456953642384,0.1530525684356689,0.0005631446838378,Sick_numeric_41946_results_DecisionTreeClassifier(random_state=0).csv
Sick_numeric_41946,none,none,polynomial_features,standard,DecisionTreeClassifier(random_state=0),1,0.981456953642384,0.1543262004852295,0.0005815029144287,Sick_numeric_41946_results_DecisionTreeClassifier(random_state=0).csv
Sick_numeric_41946,simpleimputer,onehot,polynomial_features,standard,DecisionTreeClassifier(random_state=0),1,0.981456953642384,0.1526229381561279,0.000542402267456,Sick_numeric_41946_results_DecisionTreeClassifier(random_state=0).csv
Sick_numeric_41946,simpleimputer,none,polynomial_features,standard,DecisionTreeClassifier(random_state=0),1,0.981456953642384,0.1507401466369629,0.0005800724029541,Sick_numeric_41946_results_DecisionTreeClassifier(random_state=0).csv
Sick_numeric_41946,simpleimputer,none,polynomial_features,robust,DecisionTreeClassifier(random_state=0),1,0.981456953642384,0.0844287872314453,0.0006306171417236,Sick_numeric_41946_results_DecisionTreeClassifier(random_state=0).csv
steel-plates-fault_40982,simpleimputer,none,linear_svc,none,DecisionTreeClassifier(random_state=0),1,0.7577319587628866,0.0102303028106689,0.0002238750457763,steel-plates-fault_40982_results_DecisionTreeClassifier(random_state=0).csv
steel-plates-fault_40982,none,onehot,linear_svc,none,DecisionTreeClassifier(random_state=0),1,0.7577319587628866,0.0101151466369628,0.0001671314239501,steel-plates-fault_40982_results_DecisionTreeClassifier(random_state=0).csv
steel-plates-fault_40982,simpleimputer,onehot,linear_svc,none,DecisionTreeClassifier(random_state=0),1,0.7577319587628866,0.0100862979888916,0.0001642704010009,steel-plates-fault_40982_results_DecisionTreeClassifier(random_state=0).csv
steel-plates-fault_40982,simpleimputer,ordinalencoder,linear_svc,none,DecisionTreeClassifier(random_state=0),1,0.7577319587628866,0.0102488994598388,0.0002582073211669,steel-plates-fault_40982_results_DecisionTreeClassifier(random_state=0).csv
steel-plates-fault_40982,none,none,linear_svc,none,DecisionTreeClassifier(random_state=0),1,0.7577319587628866,0.0102159976959228,0.0002107620239257,steel-plates-fault_40982_results_DecisionTreeClassifier(random_state=0).csv
steel-plates-fault_40982,none,ordinalencoder,linear_svc,none,DecisionTreeClassifier(random_state=0),1,0.7577319587628866,0.0100457668304443,0.0001749992370605,steel-plates-fault_40982_results_DecisionTreeClassifier(random_state=0).csv
steel-plates-fault_40982,simpleimputer,none,random_trees_embedding,none,DecisionTreeClassifier(random_state=0),1,0.7551546391752577,0.099034309387207,0.0004136562347412,steel-plates-fault_40982_results_DecisionTreeClassifier(random_state=0).csv
steel-plates-fault_40982,none,onehot,random_trees_embedding,robust,DecisionTreeClassifier(random_state=0),1,0.7551546391752577,0.1019723415374755,0.0004138946533203,steel-plates-fault_40982_results_DecisionTreeClassifier(random_state=0).csv
steel-plates-fault_40982,simpleimputer,ordinalencoder,random_trees_embedding,standard,DecisionTreeClassifier(random_state=0),1,0.7551546391752577,0.1015276908874511,0.0004427433013916,steel-plates-fault_40982_results_DecisionTreeClassifier(random_state=0).csv
steel-plates-fault_40982,none,onehot,random_trees_embedding,minmax,DecisionTreeClassifier(random_state=0),1,0.7551546391752577,0.1049616336822509,0.0004606246948242,steel-plates-fault_40982_results_DecisionTreeClassifier(random_state=0).csv
steel-plates-fault_40982,simpleimputer,ordinalencoder,random_trees_embedding,minmax,DecisionTreeClassifier(random_state=0),1,0.7551546391752577,0.1032540798187255,0.0004286766052246,steel-plates-fault_40982_results_DecisionTreeClassifier(random_state=0).csv
steel-plates-fault_40982,simpleimputer,onehot,random_trees_embedding,minmax,DecisionTreeClassifier(random_state=0),1,0.7551546391752577,0.1042304039001464,0.0004267692565917,steel-plates-fault_40982_results_DecisionTreeClassifier(random_state=0).csv
steel-plates-fault_40982,simpleimputer,onehot,random_trees_embedding,robust,DecisionTreeClassifier(random_state=0),1,0.7551546391752577,0.1027584075927734,0.0004374980926513,steel-plates-fault_40982_results_DecisionTreeClassifier(random_state=0).csv
steel-plates-fault_40982,none,none,random_trees_embedding,minmax,DecisionTreeClassifier(random_state=0),1,0.7551546391752577,0.1040163040161132,0.0004358291625976,steel-plates-fault_40982_results_DecisionTreeClassifier(random_state=0).csv
steel-plates-fault_40982,simpleimputer,none,random_trees_embedding,robust,DecisionTreeClassifier(random_state=0),1,0.7551546391752577,0.1036741733551025,0.0004422664642333,steel-plates-fault_40982_results_DecisionTreeClassifier(random_state=0).csv
steel-plates-fault_40982,simpleimputer,none,random_trees_embedding,standard,DecisionTreeClassifier(random_state=0),1,0.7551546391752577,0.1049215793609619,0.000436782836914,steel-plates-fault_40982_results_DecisionTreeClassifier(random_state=0).csv
steel-plates-fault_40982,none,onehot,random_trees_embedding,standard,DecisionTreeClassifier(random_state=0),1,0.7551546391752577,0.1043939590454101,0.0004172325134277,steel-plates-fault_40982_results_DecisionTreeClassifier(random_state=0).csv
steel-plates-fault_40982,simpleimputer,none,random_trees_embedding,minmax,DecisionTreeClassifier(random_state=0),1,0.7551546391752577,0.1026017665863037,0.0004370212554931,steel-plates-fault_40982_results_DecisionTreeClassifier(random_state=0).csv
steel-plates-fault_40982,none,none,random_trees_embedding,none,DecisionTreeClassifier(random_state=0),1,0.7551546391752577,0.1070647239685058,0.0004413127899169,steel-plates-fault_40982_results_DecisionTreeClassifier(random_state=0).csv
steel-plates-fault_40982,simpleimputer,ordinalencoder,random_trees_embedding,none,DecisionTreeClassifier(random_state=0),1,0.7551546391752577,0.1062469482421875,0.0004546642303466,steel-plates-fault_40982_results_DecisionTreeClassifier(random_state=0).csv
analcatdata_supreme_728,none,none,none,standard,DecisionTreeClassifier(random_state=0),0,0.995067817509248,0.0043063163757324,0.000199556350708,analcatdata_supreme_728_results_DecisionTreeClassifier(random_state=0).csv
analcatdata_supreme_728,none,ordinalencoder,none,standard,DecisionTreeClassifier(random_state=0),0,0.995067817509248,0.0041358470916748,0.0001678466796875,analcatdata_supreme_728_results_DecisionTreeClassifier(random_state=0).csv
analcatdata_supreme_728,none,none,none,none,DecisionTreeClassifier(random_state=0),0,0.995067817509248,0.0037798881530761,0.0009114742279052,analcatdata_supreme_728_results_DecisionTreeClassifier(random_state=0).csv
analcatdata_supreme_728,none,none,pca,minmax,DecisionTreeClassifier(random_state=0),0,0.995067817509248,0.0083584785461425,0.0001640319824218,analcatdata_supreme_728_results_DecisionTreeClassifier(random_state=0).csv
analcatdata_supreme_728,none,none,none,minmax,DecisionTreeClassifier(random_state=0),0,0.995067817509248,0.0042614936828613,0.0001749992370605,analcatdata_supreme_728_results_DecisionTreeClassifier(random_state=0).csv
analcatdata_supreme_728,none,onehot,kernel_pca,minmax,DecisionTreeClassifier(random_state=0),0,0.995067817509248,0.0103421211242675,0.0002901554107666,analcatdata_supreme_728_results_DecisionTreeClassifier(random_state=0).csv
analcatdata_supreme_728,none,none,none,robust,DecisionTreeClassifier(random_state=0),0,0.995067817509248,0.0041210651397705,0.0001707077026367,analcatdata_supreme_728_results_DecisionTreeClassifier(random_state=0).csv
analcatdata_supreme_728,none,none,truncated_svd,minmax,DecisionTreeClassifier(random_state=0),0,0.995067817509248,0.0049273967742919,0.0001876354217529,analcatdata_supreme_728_results_DecisionTreeClassifier(random_state=0).csv
analcatdata_supreme_728,simpleimputer,none,kernel_pca,minmax,DecisionTreeClassifier(random_state=0),0,0.995067817509248,0.010646104812622,0.0002534389495849,analcatdata_supreme_728_results_DecisionTreeClassifier(random_state=0).csv
analcatdata_supreme_728,simpleimputer,none,none,robust,DecisionTreeClassifier(random_state=0),0,0.995067817509248,0.0042872428894042,0.0002007484436035,analcatdata_supreme_728_results_DecisionTreeClassifier(random_state=0).csv
analcatdata_supreme_728,simpleimputer,onehot,none,standard,DecisionTreeClassifier(random_state=0),0,0.995067817509248,0.0041790008544921,0.0001764297485351,analcatdata_supreme_728_results_DecisionTreeClassifier(random_state=0).csv
analcatdata_supreme_728,simpleimputer,onehot,pca,minmax,DecisionTreeClassifier(random_state=0),0,0.995067817509248,0.0086245536804199,0.0001671314239501,analcatdata_supreme_728_results_DecisionTreeClassifier(random_state=0).csv
analcatdata_supreme_728,simpleimputer,none,none,none,DecisionTreeClassifier(random_state=0),0,0.995067817509248,0.0051510334014892,0.0010597705841064,analcatdata_supreme_728_results_DecisionTreeClassifier(random_state=0).csv
analcatdata_supreme_728,none,ordinalencoder,none,quantile,DecisionTreeClassifier(random_state=0),0,0.995067817509248,0.0030438899993896,0.0001487731933593,analcatdata_supreme_728_results_DecisionTreeClassifier(random_state=0).csv
analcatdata_supreme_728,simpleimputer,onehot,kernel_pca,minmax,DecisionTreeClassifier(random_state=0),0,0.995067817509248,0.0103414058685302,0.0001876354217529,analcatdata_supreme_728_results_DecisionTreeClassifier(random_state=0).csv
analcatdata_supreme_728,simpleimputer,ordinalencoder,none,minmax,DecisionTreeClassifier(random_state=0),0,0.995067817509248,0.0041766166687011,0.0001688003540039,analcatdata_supreme_728_results_DecisionTreeClassifier(random_state=0).csv
analcatdata_supreme_728,simpleimputer,ordinalencoder,kernel_pca,minmax,DecisionTreeClassifier(random_state=0),0,0.995067817509248,0.010244607925415,0.0001838207244873,analcatdata_supreme_728_results_DecisionTreeClassifier(random_state=0).csv
analcatdata_supreme_728,simpleimputer,ordinalencoder,none,robust,DecisionTreeClassifier(random_state=0),0,0.995067817509248,0.0041649341583251,0.0001802444458007,analcatdata_supreme_728_results_DecisionTreeClassifier(random_state=0).csv
analcatdata_supreme_728,none,none,kernel_pca,minmax,DecisionTreeClassifier(random_state=0),0,0.995067817509248,0.0103905200958251,0.0001990795135498,analcatdata_supreme_728_results_DecisionTreeClassifier(random_state=0).csv
analcatdata_supreme_728,simpleimputer,onehot,none,robust,DecisionTreeClassifier(random_state=0),0,0.995067817509248,0.0040485858917236,0.0002305507659912,analcatdata_supreme_728_results_DecisionTreeClassifier(random_state=0).csv
analcatdata_broadwaymult_452,simpleimputer,ordinalencoder,select_percentile,power,DecisionTreeClassifier(random_state=0),3,0.5263157894736842,0.0008199214935302,0.0001165866851806,analcatdata_broadwaymult_452_results_DecisionTreeClassifier(random_state=0).csv
analcatdata_broadwaymult_452,simpleimputer,ordinalencoder,generic_univariate,power,DecisionTreeClassifier(random_state=0),3,0.5263157894736842,0.000927448272705,0.0001211166381835,analcatdata_broadwaymult_452_results_DecisionTreeClassifier(random_state=0).csv
analcatdata_broadwaymult_452,simpleimputer,onehot,generic_univariate,standard,DecisionTreeClassifier(random_state=0),3,0.5263157894736842,0.0008430480957031,0.0001211166381835,analcatdata_broadwaymult_452_results_DecisionTreeClassifier(random_state=0).csv
analcatdata_broadwaymult_452,simpleimputer,onehot,linear_svc,none,DecisionTreeClassifier(random_state=0),3,0.5263157894736842,0.0016336441040039,0.00014328956604,analcatdata_broadwaymult_452_results_DecisionTreeClassifier(random_state=0).csv
analcatdata_broadwaymult_452,simpleimputer,onehot,generic_univariate,none,DecisionTreeClassifier(random_state=0),3,0.5263157894736842,0.0007562637329101,0.0001122951507568,analcatdata_broadwaymult_452_results_DecisionTreeClassifier(random_state=0).csv
analcatdata_broadwaymult_452,simpleimputer,ordinalencoder,select_percentile,quantile,DecisionTreeClassifier(random_state=0),3,0.5263157894736842,0.0008020401000976,0.0001156330108642,analcatdata_broadwaymult_452_results_DecisionTreeClassifier(random_state=0).csv
analcatdata_broadwaymult_452,simpleimputer,ordinalencoder,generic_univariate,none,DecisionTreeClassifier(random_state=0),3,0.5263157894736842,0.0008111000061035,0.0001168251037597,analcatdata_broadwaymult_452_results_DecisionTreeClassifier(random_state=0).csv
analcatdata_broadwaymult_452,simpleimputer,onehot,generic_univariate,robust,DecisionTreeClassifier(random_state=0),3,0.5263157894736842,0.0008602142333984,0.000119924545288,analcatdata_broadwaymult_452_results_DecisionTreeClassifier(random_state=0).csv
analcatdata_broadwaymult_452,simpleimputer,ordinalencoder,select_percentile,none,DecisionTreeClassifier(random_state=0),3,0.5263157894736842,0.0008130073547363,0.0001165866851806,analcatdata_broadwaymult_452_results_DecisionTreeClassifier(random_state=0).csv
analcatdata_broadwaymult_452,simpleimputer,ordinalencoder,select_percentile,minmax,DecisionTreeClassifier(random_state=0),3,0.5263157894736842,0.0007610321044921,0.0001144409179687,analcatdata_broadwaymult_452_results_DecisionTreeClassifier(random_state=0).csv
analcatdata_broadwaymult_452,simpleimputer,ordinalencoder,generic_univariate,minmax,DecisionTreeClassifier(random_state=0),3,0.5263157894736842,0.0009562969207763,0.0001161098480224,analcatdata_broadwaymult_452_results_DecisionTreeClassifier(random_state=0).csv
analcatdata_broadwaymult_452,simpleimputer,ordinalencoder,select_percentile,standard,DecisionTreeClassifier(random_state=0),3,0.5263157894736842,0.0007979869842529,0.0001144409179687,analcatdata_broadwaymult_452_results_DecisionTreeClassifier(random_state=0).csv
analcatdata_broadwaymult_452,simpleimputer,ordinalencoder,generic_univariate,standard,DecisionTreeClassifier(random_state=0),3,0.5263157894736842,0.0007896423339843,0.0001137256622314,analcatdata_broadwaymult_452_results_DecisionTreeClassifier(random_state=0).csv
analcatdata_broadwaymult_452,simpleimputer,ordinalencoder,kernel_pca,minmax,DecisionTreeClassifier(random_state=0),0,0.5263157894736842,0.0024535655975341,0.0001530647277832,analcatdata_broadwaymult_452_results_DecisionTreeClassifier(random_state=0).csv
analcatdata_broadwaymult_452,simpleimputer,onehot,generic_univariate,minmax,DecisionTreeClassifier(random_state=0),3,0.5263157894736842,0.0007870197296142,0.000117540359497,analcatdata_broadwaymult_452_results_DecisionTreeClassifier(random_state=0).csv
analcatdata_broadwaymult_452,simpleimputer,ordinalencoder,generic_univariate,robust,DecisionTreeClassifier(random_state=0),3,0.5263157894736842,0.000988483428955,0.0001289844512939,analcatdata_broadwaymult_452_results_DecisionTreeClassifier(random_state=0).csv
analcatdata_broadwaymult_452,simpleimputer,ordinalencoder,select_percentile,robust,DecisionTreeClassifier(random_state=0),3,0.5263157894736842,0.0008671283721923,0.0001158714294433,analcatdata_broadwaymult_452_results_DecisionTreeClassifier(random_state=0).csv
analcatdata_broadwaymult_452,simpleimputer,onehot,linear_svc,robust,DecisionTreeClassifier(random_state=0),3,0.5263157894736842,0.0018360614776611,0.0001387596130371,analcatdata_broadwaymult_452_results_DecisionTreeClassifier(random_state=0).csv
analcatdata_broadwaymult_452,simpleimputer,ordinalencoder,generic_univariate,quantile,DecisionTreeClassifier(random_state=0),3,0.5263157894736842,0.0008027553558349,0.0001173019409179,analcatdata_broadwaymult_452_results_DecisionTreeClassifier(random_state=0).csv
analcatdata_broadwaymult_452,simpleimputer,onehot,generic_univariate,power,DecisionTreeClassifier(random_state=0),3,0.5263157894736842,0.0008323192596435,0.0001204013824462,analcatdata_broadwaymult_452_results_DecisionTreeClassifier(random_state=0).csv
students_scores_43097,none,ordinalencoder,fastica,minmax,DecisionTreeClassifier(random_state=0),1,0.905,0.004920482635498,0.0001909732818603,students_scores_43097_results_DecisionTreeClassifier(random_state=0).csv
students_scores_43097,simpleimputer,onehot,kernel_pca,minmax,DecisionTreeClassifier(random_state=0),2,0.905,0.0119915008544921,0.000309944152832,students_scores_43097_results_DecisionTreeClassifier(random_state=0).csv
students_scores_43097,simpleimputer,ordinalencoder,fastica,minmax,DecisionTreeClassifier(random_state=0),1,0.905,0.0047557353973388,0.0001397132873535,students_scores_43097_results_DecisionTreeClassifier(random_state=0).csv
students_scores_43097,none,onehot,kernel_pca,minmax,DecisionTreeClassifier(random_state=0),2,0.905,0.0115718841552734,0.00030517578125,students_scores_43097_results_DecisionTreeClassifier(random_state=0).csv
students_scores_43097,none,onehot,pca,minmax,DecisionTreeClassifier(random_state=0),2,0.905,0.0093743801116943,0.0001528263092041,students_scores_43097_results_DecisionTreeClassifier(random_state=0).csv
students_scores_43097,simpleimputer,onehot,pca,minmax,DecisionTreeClassifier(random_state=0),2,0.905,0.0095210075378417,0.0001485347747802,students_scores_43097_results_DecisionTreeClassifier(random_state=0).csv
students_scores_43097,none,ordinalencoder,fastica,standard,DecisionTreeClassifier(random_state=0),1,0.895,0.0042293071746826,0.0001909732818603,students_scores_43097_results_DecisionTreeClassifier(random_state=0).csv
students_scores_43097,simpleimputer,ordinalencoder,fastica,standard,DecisionTreeClassifier(random_state=0),1,0.895,0.0044779777526855,0.0001511573791503,students_scores_43097_results_DecisionTreeClassifier(random_state=0).csv
students_scores_43097,none,ordinalencoder,fastica,power,DecisionTreeClassifier(random_state=0),4,0.89,0.0042586326599121,0.0001356601715087,students_scores_43097_results_DecisionTreeClassifier(random_state=0).csv
students_scores_43097,simpleimputer,ordinalencoder,fastica,power,DecisionTreeClassifier(random_state=0),4,0.89,0.0044233798980712,0.0001401901245117,students_scores_43097_results_DecisionTreeClassifier(random_state=0).csv
students_scores_43097,simpleimputer,onehot,pca,power,DecisionTreeClassifier(random_state=0),1,0.885,0.0090267658233642,0.000180959701538,students_scores_43097_results_DecisionTreeClassifier(random_state=0).csv
students_scores_43097,none,ordinalencoder,fastica,robust,DecisionTreeClassifier(random_state=0),1,0.885,0.007153034210205,0.0003666877746582,students_scores_43097_results_DecisionTreeClassifier(random_state=0).csv
students_scores_43097,none,onehot,pca,power,DecisionTreeClassifier(random_state=0),1,0.885,0.0089294910430908,0.0002064704895019,students_scores_43097_results_DecisionTreeClassifier(random_state=0).csv
students_scores_43097,simpleimputer,ordinalencoder,fastica,robust,DecisionTreeClassifier(random_state=0),1,0.885,0.0043542385101318,0.000140905380249,students_scores_43097_results_DecisionTreeClassifier(random_state=0).csv
students_scores_43097,none,onehot,pca,minmax,DecisionTreeClassifier(random_state=0),1,0.88,0.0091545581817626,0.0001783370971679,students_scores_43097_results_DecisionTreeClassifier(random_state=0).csv
students_scores_43097,simpleimputer,onehot,kernel_pca,quantile,DecisionTreeClassifier(random_state=0),0,0.88,0.0124735832214355,0.0002810955047607,students_scores_43097_results_DecisionTreeClassifier(random_state=0).csv
students_scores_43097,none,onehot,polynomial_features,none,DecisionTreeClassifier(random_state=0),0,0.88,0.0117089748382568,0.0002253055572509,students_scores_43097_results_DecisionTreeClassifier(random_state=0).csv
students_scores_43097,simpleimputer,onehot,polynomial_features,none,DecisionTreeClassifier(random_state=0),0,0.88,0.0117082595825195,0.0002169609069824,students_scores_43097_results_DecisionTreeClassifier(random_state=0).csv
students_scores_43097,simpleimputer,ordinalencoder,pca,power,DecisionTreeClassifier(random_state=0),0,0.88,0.0052988529205322,0.0002229213714599,students_scores_43097_results_DecisionTreeClassifier(random_state=0).csv
students_scores_43097,none,onehot,kernel_pca,quantile,DecisionTreeClassifier(random_state=0),0,0.88,0.0120670795440673,0.0001828670501708,students_scores_43097_results_DecisionTreeClassifier(random_state=0).csv
KungChi3_1441,simpleimputer,none,generic_univariate,quantile,DecisionTreeClassifier(random_state=0),4,1.0,0.0008363723754882,0.0001163482666015,KungChi3_1441_results_DecisionTreeClassifier(random_state=0).csv
KungChi3_1441,simpleimputer,none,polynomial_features,quantile,DecisionTreeClassifier(random_state=0),0,1.0,0.0220248699188232,0.000223159790039,KungChi3_1441_results_DecisionTreeClassifier(random_state=0).csv
KungChi3_1441,simpleimputer,none,generic_univariate,power,DecisionTreeClassifier(random_state=0),4,1.0,0.0008015632629394,0.0001149177551269,KungChi3_1441_results_DecisionTreeClassifier(random_state=0).csv
KungChi3_1441,simpleimputer,none,generic_univariate,normalizer,DecisionTreeClassifier(random_state=0),4,1.0,0.0008623600006103,0.0001194477081298,KungChi3_1441_results_DecisionTreeClassifier(random_state=0).csv
KungChi3_1441,none,none,nystroem,standard,DecisionTreeClassifier(random_state=0),2,1.0,0.0049808025360107,0.0001466274261474,KungChi3_1441_results_DecisionTreeClassifier(random_state=0).csv
KungChi3_1441,none,none,generic_univariate,standard,DecisionTreeClassifier(random_state=0),4,1.0,0.0008180141448974,0.0001084804534912,KungChi3_1441_results_DecisionTreeClassifier(random_state=0).csv
KungChi3_1441,none,onehot,nystroem,standard,DecisionTreeClassifier(random_state=0),2,1.0,0.0048530101776123,0.0001530647277832,KungChi3_1441_results_DecisionTreeClassifier(random_state=0).csv
KungChi3_1441,simpleimputer,onehot,generic_univariate,none,DecisionTreeClassifier(random_state=0),4,1.0,0.0008540153503417,0.0004389286041259,KungChi3_1441_results_DecisionTreeClassifier(random_state=0).csv
KungChi3_1441,simpleimputer,none,generic_univariate,robust,DecisionTreeClassifier(random_state=0),4,1.0,0.0008368492126464,0.0001173019409179,KungChi3_1441_results_DecisionTreeClassifier(random_state=0).csv
KungChi3_1441,simpleimputer,none,feature_agglomeration,power,DecisionTreeClassifier(random_state=0),4,1.0,0.0009012222290039,0.0001132488250732,KungChi3_1441_results_DecisionTreeClassifier(random_state=0).csv
KungChi3_1441,simpleimputer,ordinalencoder,nystroem,none,DecisionTreeClassifier(random_state=0),4,1.0,0.0073640346527099,0.0001595020294189,KungChi3_1441_results_DecisionTreeClassifier(random_state=0).csv
KungChi3_1441,none,onehot,generic_univariate,normalizer,DecisionTreeClassifier(random_state=0),4,1.0,0.00077486038208,0.0001082420349121,KungChi3_1441_results_DecisionTreeClassifier(random_state=0).csv
KungChi3_1441,none,onehot,generic_univariate,robust,DecisionTreeClassifier(random_state=0),4,1.0,0.0008826255798339,0.0001282691955566,KungChi3_1441_results_DecisionTreeClassifier(random_state=0).csv
KungChi3_1441,simpleimputer,ordinalencoder,feature_agglomeration,power,DecisionTreeClassifier(random_state=0),4,1.0,0.0008695125579833,0.0001096725463867,KungChi3_1441_results_DecisionTreeClassifier(random_state=0).csv
KungChi3_1441,simpleimputer,ordinalencoder,nystroem,standard,DecisionTreeClassifier(random_state=0),2,1.0,0.0049400329589843,0.0001604557037353,KungChi3_1441_results_DecisionTreeClassifier(random_state=0).csv
KungChi3_1441,simpleimputer,onehot,nystroem,none,DecisionTreeClassifier(random_state=0),4,1.0,0.0074374675750732,0.000157356262207,KungChi3_1441_results_DecisionTreeClassifier(random_state=0).csv
KungChi3_1441,simpleimputer,ordinalencoder,generic_univariate,standard,DecisionTreeClassifier(random_state=0),4,1.0,0.0008652210235595,0.0001163482666015,KungChi3_1441_results_DecisionTreeClassifier(random_state=0).csv
KungChi3_1441,none,onehot,generic_univariate,minmax,DecisionTreeClassifier(random_state=0),4,1.0,0.0008246898651123,0.0001156330108642,KungChi3_1441_results_DecisionTreeClassifier(random_state=0).csv
KungChi3_1441,none,none,generic_univariate,normalizer,DecisionTreeClassifier(random_state=0),4,1.0,0.0009114742279052,0.0001108646392822,KungChi3_1441_results_DecisionTreeClassifier(random_state=0).csv
KungChi3_1441,simpleimputer,onehot,generic_univariate,quantile,DecisionTreeClassifier(random_state=0),4,1.0,0.0008437633514404,0.0001168251037597,KungChi3_1441_results_DecisionTreeClassifier(random_state=0).csv
autoUniv-au7-700_1553,none,ordinalencoder,none,none,DecisionTreeClassifier(random_state=0),2,0.5857142857142857,0.0046954154968261,0.000981330871582,autoUniv-au7-700_1553_results_DecisionTreeClassifier(random_state=0).csv
autoUniv-au7-700_1553,simpleimputer,ordinalencoder,none,none,DecisionTreeClassifier(random_state=0),2,0.5857142857142857,0.0048704147338867,0.0010483264923095,autoUniv-au7-700_1553_results_DecisionTreeClassifier(random_state=0).csv
autoUniv-au7-700_1553,simpleimputer,ordinalencoder,none,minmax,DecisionTreeClassifier(random_state=0),2,0.5785714285714286,0.0038897991180419,0.0001592636108398,autoUniv-au7-700_1553_results_DecisionTreeClassifier(random_state=0).csv
autoUniv-au7-700_1553,none,ordinalencoder,none,robust,DecisionTreeClassifier(random_state=0),2,0.5785714285714286,0.0038833618164062,0.0001823902130126,autoUniv-au7-700_1553_results_DecisionTreeClassifier(random_state=0).csv
autoUniv-au7-700_1553,none,ordinalencoder,none,standard,DecisionTreeClassifier(random_state=0),2,0.5785714285714286,0.003819465637207,0.0001580715179443,autoUniv-au7-700_1553_results_DecisionTreeClassifier(random_state=0).csv
autoUniv-au7-700_1553,none,ordinalencoder,none,minmax,DecisionTreeClassifier(random_state=0),2,0.5785714285714286,0.003941535949707,0.000159740447998,autoUniv-au7-700_1553_results_DecisionTreeClassifier(random_state=0).csv
autoUniv-au7-700_1553,none,ordinalencoder,none,quantile,DecisionTreeClassifier(random_state=0),2,0.5785714285714286,0.003986120223999,0.0002057552337646,autoUniv-au7-700_1553_results_DecisionTreeClassifier(random_state=0).csv
autoUniv-au7-700_1553,simpleimputer,ordinalencoder,none,standard,DecisionTreeClassifier(random_state=0),2,0.5785714285714286,0.0039217472076416,0.0001575946807861,autoUniv-au7-700_1553_results_DecisionTreeClassifier(random_state=0).csv
autoUniv-au7-700_1553,simpleimputer,ordinalencoder,none,quantile,DecisionTreeClassifier(random_state=0),2,0.5785714285714286,0.0036158561706542,0.0001471042633056,autoUniv-au7-700_1553_results_DecisionTreeClassifier(random_state=0).csv
autoUniv-au7-700_1553,simpleimputer,ordinalencoder,none,robust,DecisionTreeClassifier(random_state=0),2,0.5785714285714286,0.0035123825073242,0.0001435279846191,autoUniv-au7-700_1553_results_DecisionTreeClassifier(random_state=0).csv
autoUniv-au7-700_1553,none,ordinalencoder,polynomial_features,robust,DecisionTreeClassifier(random_state=0),0,0.5714285714285714,0.0205833911895751,0.0002801418304443,autoUniv-au7-700_1553_results_DecisionTreeClassifier(random_state=0).csv
autoUniv-au7-700_1553,simpleimputer,ordinalencoder,polynomial_features,robust,DecisionTreeClassifier(random_state=0),0,0.5714285714285714,0.0199742317199707,0.0001797676086425,autoUniv-au7-700_1553_results_DecisionTreeClassifier(random_state=0).csv
autoUniv-au7-700_1553,none,ordinalencoder,polynomial_features,none,DecisionTreeClassifier(random_state=0),3,0.5571428571428572,0.0206949710845947,0.000173807144165,autoUniv-au7-700_1553_results_DecisionTreeClassifier(random_state=0).csv
autoUniv-au7-700_1553,simpleimputer,ordinalencoder,polynomial_features,none,DecisionTreeClassifier(random_state=0),3,0.5571428571428572,0.0222313404083251,0.0002458095550537,autoUniv-au7-700_1553_results_DecisionTreeClassifier(random_state=0).csv
autoUniv-au7-700_1553,simpleimputer,onehot,polynomial_features,standard,DecisionTreeClassifier(random_state=0),3,0.55,0.0361049175262451,0.0002174377441406,autoUniv-au7-700_1553_results_DecisionTreeClassifier(random_state=0).csv
autoUniv-au7-700_1553,none,onehot,polynomial_features,standard,DecisionTreeClassifier(random_state=0),3,0.55,0.0373957157135009,0.0002894401550292,autoUniv-au7-700_1553_results_DecisionTreeClassifier(random_state=0).csv
autoUniv-au7-700_1553,none,onehot,linear_svc,robust,DecisionTreeClassifier(random_state=0),2,0.5428571428571428,0.0023655891418457,0.0001847743988037,autoUniv-au7-700_1553_results_DecisionTreeClassifier(random_state=0).csv
autoUniv-au7-700_1553,simpleimputer,onehot,linear_svc,robust,DecisionTreeClassifier(random_state=0),2,0.5428571428571428,0.0021648406982421,0.000145673751831,autoUniv-au7-700_1553_results_DecisionTreeClassifier(random_state=0).csv
autoUniv-au7-700_1553,none,onehot,none,none,DecisionTreeClassifier(random_state=0),2,0.5357142857142857,0.003901720046997,0.0001502037048339,autoUniv-au7-700_1553_results_DecisionTreeClassifier(random_state=0).csv
autoUniv-au7-700_1553,simpleimputer,onehot,polynomial_features,none,DecisionTreeClassifier(random_state=0),0,0.5357142857142857,0.0312399864196777,0.0003223419189453,autoUniv-au7-700_1553_results_DecisionTreeClassifier(random_state=0).csv
pm10_750,none,ordinalencoder,nystroem,power,DecisionTreeClassifier(random_state=0),4,0.66,0.0387485027313232,0.000319480895996,pm10_750_results_DecisionTreeClassifier(random_state=0).csv
pm10_750,simpleimputer,ordinalencoder,nystroem,power,DecisionTreeClassifier(random_state=0),4,0.66,0.0390708446502685,0.0002753734588623,pm10_750_results_DecisionTreeClassifier(random_state=0).csv
pm10_750,none,none,nystroem,power,DecisionTreeClassifier(random_state=0),4,0.66,0.0389707088470459,0.0003817081451416,pm10_750_results_DecisionTreeClassifier(random_state=0).csv
pm10_750,simpleimputer,none,nystroem,power,DecisionTreeClassifier(random_state=0),4,0.66,0.0419232845306396,0.0003337860107421,pm10_750_results_DecisionTreeClassifier(random_state=0).csv
pm10_750,simpleimputer,onehot,nystroem,power,DecisionTreeClassifier(random_state=0),4,0.66,0.0389409065246582,0.0002317428588867,pm10_750_results_DecisionTreeClassifier(random_state=0).csv
pm10_750,none,onehot,nystroem,power,DecisionTreeClassifier(random_state=0),4,0.66,0.0370128154754638,0.0002493858337402,pm10_750_results_DecisionTreeClassifier(random_state=0).csv
pm10_750,simpleimputer,ordinalencoder,nystroem,minmax,DecisionTreeClassifier(random_state=0),4,0.65,0.0403978824615478,0.0002131462097167,pm10_750_results_DecisionTreeClassifier(random_state=0).csv
pm10_750,none,none,nystroem,minmax,DecisionTreeClassifier(random_state=0),4,0.65,0.0542800426483154,0.0004193782806396,pm10_750_results_DecisionTreeClassifier(random_state=0).csv
pm10_750,none,onehot,nystroem,minmax,DecisionTreeClassifier(random_state=0),4,0.65,0.0435950756072998,0.0003151893615722,pm10_750_results_DecisionTreeClassifier(random_state=0).csv
pm10_750,simpleimputer,onehot,nystroem,minmax,DecisionTreeClassifier(random_state=0),4,0.65,0.0415678024291992,0.0002038478851318,pm10_750_results_DecisionTreeClassifier(random_state=0).csv
pm10_750,none,ordinalencoder,nystroem,minmax,DecisionTreeClassifier(random_state=0),4,0.65,0.043370246887207,0.0002782344818115,pm10_750_results_DecisionTreeClassifier(random_state=0).csv
pm10_750,simpleimputer,none,nystroem,minmax,DecisionTreeClassifier(random_state=0),4,0.65,0.0409395694732666,0.0002977848052978,pm10_750_results_DecisionTreeClassifier(random_state=0).csv
pm10_750,simpleimputer,onehot,kernel_pca,standard,DecisionTreeClassifier(random_state=0),1,0.64,0.0041494369506835,0.0001680850982666,pm10_750_results_DecisionTreeClassifier(random_state=0).csv
pm10_750,none,ordinalencoder,kernel_pca,standard,DecisionTreeClassifier(random_state=0),1,0.64,0.005460500717163,0.0001969337463378,pm10_750_results_DecisionTreeClassifier(random_state=0).csv
pm10_750,simpleimputer,ordinalencoder,fastica,robust,DecisionTreeClassifier(random_state=0),1,0.64,0.0035109519958496,0.0001349449157714,pm10_750_results_DecisionTreeClassifier(random_state=0).csv
pm10_750,none,none,fastica,quantile,DecisionTreeClassifier(random_state=0),1,0.64,0.0031118392944335,0.0001354217529296,pm10_750_results_DecisionTreeClassifier(random_state=0).csv
pm10_750,none,ordinalencoder,fastica,quantile,DecisionTreeClassifier(random_state=0),1,0.64,0.0029022693634033,0.0001502037048339,pm10_750_results_DecisionTreeClassifier(random_state=0).csv
pm10_750,none,none,fastica,robust,DecisionTreeClassifier(random_state=0),1,0.64,0.0035004615783691,0.0001821517944335,pm10_750_results_DecisionTreeClassifier(random_state=0).csv
pm10_750,simpleimputer,none,extra_tree,normalizer,DecisionTreeClassifier(random_state=0),1,0.64,0.0022268295288085,0.0001366138458251,pm10_750_results_DecisionTreeClassifier(random_state=0).csv
pm10_750,none,onehot,kernel_pca,standard,DecisionTreeClassifier(random_state=0),1,0.64,0.0042519569396972,0.0001661777496337,pm10_750_results_DecisionTreeClassifier(random_state=0).csv
algerian_forest_fires_46279,simpleimputer,onehot,linear_svc,minmax,DecisionTreeClassifier(random_state=0),2,1.0,0.0010793209075927,0.000124454498291,algerian_forest_fires_46279_results_DecisionTreeClassifier(random_state=0).csv
algerian_forest_fires_46279,simpleimputer,ordinalencoder,linear_svc,quantile,DecisionTreeClassifier(random_state=0),0,1.0,0.001124620437622,0.0001637935638427,algerian_forest_fires_46279_results_DecisionTreeClassifier(random_state=0).csv
algerian_forest_fires_46279,simpleimputer,ordinalencoder,generic_univariate,quantile,DecisionTreeClassifier(random_state=0),2,1.0,0.0009312629699707,0.0001237392425537,algerian_forest_fires_46279_results_DecisionTreeClassifier(random_state=0).csv
algerian_forest_fires_46279,none,none,generic_univariate,none,DecisionTreeClassifier(random_state=0),0,1.0,0.0014283657073974,0.0001709461212158,algerian_forest_fires_46279_results_DecisionTreeClassifier(random_state=0).csv
algerian_forest_fires_46279,none,none,generic_univariate,none,DecisionTreeClassifier(random_state=0),2,1.0,0.0011012554168701,0.0001275539398193,algerian_forest_fires_46279_results_DecisionTreeClassifier(random_state=0).csv
algerian_forest_fires_46279,simpleimputer,ordinalencoder,polynomial_features,quantile,DecisionTreeClassifier(random_state=0),2,1.0,0.0041544437408447,0.0001368522644042,algerian_forest_fires_46279_results_DecisionTreeClassifier(random_state=0).csv
algerian_forest_fires_46279,none,none,select_percentile,none,DecisionTreeClassifier(random_state=0),0,1.0,0.0010206699371337,0.0001254081726074,algerian_forest_fires_46279_results_DecisionTreeClassifier(random_state=0).csv
algerian_forest_fires_46279,simpleimputer,none,extra_tree,quantile,DecisionTreeClassifier(random_state=0),0,1.0,0.0012810230255126,0.0001509189605712,algerian_forest_fires_46279_results_DecisionTreeClassifier(random_state=0).csv
algerian_forest_fires_46279,simpleimputer,ordinalencoder,extra_tree,quantile,DecisionTreeClassifier(random_state=0),0,1.0,0.0011587142944335,0.0001530647277832,algerian_forest_fires_46279_results_DecisionTreeClassifier(random_state=0).csv
algerian_forest_fires_46279,none,none,generic_univariate,none,DecisionTreeClassifier(random_state=0),1,1.0,0.0012340545654296,0.0001721382141113,algerian_forest_fires_46279_results_DecisionTreeClassifier(random_state=0).csv
algerian_forest_fires_46279,none,none,select_percentile,none,DecisionTreeClassifier(random_state=0),2,1.0,0.0014491081237792,0.0001702308654785,algerian_forest_fires_46279_results_DecisionTreeClassifier(random_state=0).csv
algerian_forest_fires_46279,simpleimputer,none,linear_svc,quantile,DecisionTreeClassifier(random_state=0),0,1.0,0.0010395050048828,0.0001235008239746,algerian_forest_fires_46279_results_DecisionTreeClassifier(random_state=0).csv
algerian_forest_fires_46279,none,onehot,select_percentile,robust,DecisionTreeClassifier(random_state=0),2,1.0,0.001741886138916,0.0001847743988037,algerian_forest_fires_46279_results_DecisionTreeClassifier(random_state=0).csv
algerian_forest_fires_46279,none,onehot,generic_univariate,robust,DecisionTreeClassifier(random_state=0),0,1.0,0.0011236667633056,0.000133991241455,algerian_forest_fires_46279_results_DecisionTreeClassifier(random_state=0).csv
algerian_forest_fires_46279,none,onehot,generic_univariate,robust,DecisionTreeClassifier(random_state=0),1,1.0,0.0014290809631347,0.0001802444458007,algerian_forest_fires_46279_results_DecisionTreeClassifier(random_state=0).csv
algerian_forest_fires_46279,simpleimputer,none,none,normalizer,DecisionTreeClassifier(random_state=0),0,1.0,0.0016083717346191,0.0001642704010009,algerian_forest_fires_46279_results_DecisionTreeClassifier(random_state=0).csv
algerian_forest_fires_46279,simpleimputer,ordinalencoder,extra_tree,power,DecisionTreeClassifier(random_state=0),2,1.0,0.0010583400726318,0.0001194477081298,algerian_forest_fires_46279_results_DecisionTreeClassifier(random_state=0).csv
algerian_forest_fires_46279,simpleimputer,ordinalencoder,linear_svc,power,DecisionTreeClassifier(random_state=0),2,1.0,0.0010468959808349,0.0001208782196044,algerian_forest_fires_46279_results_DecisionTreeClassifier(random_state=0).csv
algerian_forest_fires_46279,none,none,linear_svc,standard,DecisionTreeClassifier(random_state=0),2,1.0,0.0012650489807128,0.0001406669616699,algerian_forest_fires_46279_results_DecisionTreeClassifier(random_state=0).csv
algerian_forest_fires_46279,simpleimputer,ordinalencoder,linear_svc,power,DecisionTreeClassifier(random_state=0),0,1.0,0.001042366027832,0.0001189708709716,algerian_forest_fires_46279_results_DecisionTreeClassifier(random_state=0).csv
fri_c3_500_50_937,none,ordinalencoder,linear_svc,power,DecisionTreeClassifier(random_state=0),1,0.91,0.0032644271850585,0.0001251697540283,fri_c3_500_50_937_results_DecisionTreeClassifier(random_state=0).csv
fri_c3_500_50_937,simpleimputer,ordinalencoder,linear_svc,standard,DecisionTreeClassifier(random_state=0),1,0.91,0.00325608253479,0.0001237392425537,fri_c3_500_50_937_results_DecisionTreeClassifier(random_state=0).csv
fri_c3_500_50_937,simpleimputer,onehot,linear_svc,standard,DecisionTreeClassifier(random_state=0),1,0.91,0.0032746791839599,0.000124454498291,fri_c3_500_50_937_results_DecisionTreeClassifier(random_state=0).csv
fri_c3_500_50_937,simpleimputer,none,linear_svc,standard,DecisionTreeClassifier(random_state=0),1,0.91,0.0032415390014648,0.0001249313354492,fri_c3_500_50_937_results_DecisionTreeClassifier(random_state=0).csv
fri_c3_500_50_937,none,ordinalencoder,linear_svc,minmax,DecisionTreeClassifier(random_state=0),1,0.91,0.003230333328247,0.0001218318939208,fri_c3_500_50_937_results_DecisionTreeClassifier(random_state=0).csv
fri_c3_500_50_937,simpleimputer,none,linear_svc,none,DecisionTreeClassifier(random_state=0),1,0.91,0.0034615993499755,0.0002615451812744,fri_c3_500_50_937_results_DecisionTreeClassifier(random_state=0).csv
fri_c3_500_50_937,simpleimputer,ordinalencoder,linear_svc,none,DecisionTreeClassifier(random_state=0),1,0.91,0.0034615993499755,0.0001323223114013,fri_c3_500_50_937_results_DecisionTreeClassifier(random_state=0).csv
fri_c3_500_50_937,none,onehot,linear_svc,standard,DecisionTreeClassifier(random_state=0),1,0.91,0.0034208297729492,0.0001327991485595,fri_c3_500_50_937_results_DecisionTreeClassifier(random_state=0).csv
fri_c3_500_50_937,none,none,linear_svc,power,DecisionTreeClassifier(random_state=0),1,0.91,0.003392219543457,0.0001382827758789,fri_c3_500_50_937_results_DecisionTreeClassifier(random_state=0).csv
fri_c3_500_50_937,simpleimputer,none,linear_svc,minmax,DecisionTreeClassifier(random_state=0),1,0.91,0.0032389163970947,0.0001263618469238,fri_c3_500_50_937_results_DecisionTreeClassifier(random_state=0).csv
fri_c3_500_50_937,none,none,linear_svc,minmax,DecisionTreeClassifier(random_state=0),1,0.91,0.0032045841217041,0.0001251697540283,fri_c3_500_50_937_results_DecisionTreeClassifier(random_state=0).csv
fri_c3_500_50_937,none,onehot,linear_svc,minmax,DecisionTreeClassifier(random_state=0),1,0.91,0.0034630298614501,0.0001449584960937,fri_c3_500_50_937_results_DecisionTreeClassifier(random_state=0).csv
fri_c3_500_50_937,simpleimputer,onehot,linear_svc,none,DecisionTreeClassifier(random_state=0),1,0.91,0.0032887458801269,0.0001301765441894,fri_c3_500_50_937_results_DecisionTreeClassifier(random_state=0).csv
fri_c3_500_50_937,none,onehot,linear_svc,none,DecisionTreeClassifier(random_state=0),1,0.91,0.0031771659851074,0.0001223087310791,fri_c3_500_50_937_results_DecisionTreeClassifier(random_state=0).csv
fri_c3_500_50_937,none,ordinalencoder,linear_svc,standard,DecisionTreeClassifier(random_state=0),1,0.91,0.0032312870025634,0.0001225471496582,fri_c3_500_50_937_results_DecisionTreeClassifier(random_state=0).csv
fri_c3_500_50_937,none,none,linear_svc,none,DecisionTreeClassifier(random_state=0),1,0.91,0.0032501220703125,0.0001218318939208,fri_c3_500_50_937_results_DecisionTreeClassifier(random_state=0).csv
fri_c3_500_50_937,none,none,linear_svc,standard,DecisionTreeClassifier(random_state=0),1,0.91,0.0032286643981933,0.0001225471496582,fri_c3_500_50_937_results_DecisionTreeClassifier(random_state=0).csv
fri_c3_500_50_937,simpleimputer,ordinalencoder,linear_svc,minmax,DecisionTreeClassifier(random_state=0),1,0.91,0.0034666061401367,0.0002529621124267,fri_c3_500_50_937_results_DecisionTreeClassifier(random_state=0).csv
fri_c3_500_50_937,none,ordinalencoder,linear_svc,none,DecisionTreeClassifier(random_state=0),1,0.91,0.0031864643096923,0.0001201629638671,fri_c3_500_50_937_results_DecisionTreeClassifier(random_state=0).csv
fri_c3_500_50_937,none,onehot,linear_svc,power,DecisionTreeClassifier(random_state=0),1,0.91,0.0033483505249023,0.0001275539398193,fri_c3_500_50_937_results_DecisionTreeClassifier(random_state=0).csv
fri_c2_1000_50_866,none,none,extra_tree,quantile,DecisionTreeClassifier(random_state=0),3,0.905,0.0039587020874023,0.0001425743103027,fri_c2_1000_50_866_results_DecisionTreeClassifier(random_state=0).csv
fri_c2_1000_50_866,none,ordinalencoder,extra_tree,quantile,DecisionTreeClassifier(random_state=0),3,0.905,0.0038833618164062,0.0001356601715087,fri_c2_1000_50_866_results_DecisionTreeClassifier(random_state=0).csv
fri_c2_1000_50_866,simpleimputer,onehot,extra_tree,quantile,DecisionTreeClassifier(random_state=0),3,0.905,0.0037641525268554,0.0001358985900878,fri_c2_1000_50_866_results_DecisionTreeClassifier(random_state=0).csv
fri_c2_1000_50_866,none,none,select_percentile,quantile,DecisionTreeClassifier(random_state=0),3,0.905,0.0038816928863525,0.0001413822174072,fri_c2_1000_50_866_results_DecisionTreeClassifier(random_state=0).csv
fri_c2_1000_50_866,simpleimputer,ordinalencoder,select_percentile,quantile,DecisionTreeClassifier(random_state=0),3,0.905,0.0039875507354736,0.0001411437988281,fri_c2_1000_50_866_results_DecisionTreeClassifier(random_state=0).csv
fri_c2_1000_50_866,none,onehot,extra_tree,quantile,DecisionTreeClassifier(random_state=0),3,0.905,0.0039422512054443,0.0001568794250488,fri_c2_1000_50_866_results_DecisionTreeClassifier(random_state=0).csv
fri_c2_1000_50_866,none,onehot,select_percentile,quantile,DecisionTreeClassifier(random_state=0),3,0.905,0.0041563510894775,0.0001585483551025,fri_c2_1000_50_866_results_DecisionTreeClassifier(random_state=0).csv
fri_c2_1000_50_866,simpleimputer,onehot,select_percentile,quantile,DecisionTreeClassifier(random_state=0),3,0.905,0.0038833618164062,0.0001406669616699,fri_c2_1000_50_866_results_DecisionTreeClassifier(random_state=0).csv
fri_c2_1000_50_866,simpleimputer,ordinalencoder,extra_tree,quantile,DecisionTreeClassifier(random_state=0),3,0.905,0.0041885375976562,0.0001540184020996,fri_c2_1000_50_866_results_DecisionTreeClassifier(random_state=0).csv
fri_c2_1000_50_866,simpleimputer,none,select_percentile,quantile,DecisionTreeClassifier(random_state=0),3,0.905,0.0038578510284423,0.0001401901245117,fri_c2_1000_50_866_results_DecisionTreeClassifier(random_state=0).csv
fri_c2_1000_50_866,simpleimputer,none,extra_tree,quantile,DecisionTreeClassifier(random_state=0),3,0.905,0.0037803649902343,0.0001540184020996,fri_c2_1000_50_866_results_DecisionTreeClassifier(random_state=0).csv
fri_c2_1000_50_866,none,ordinalencoder,select_percentile,quantile,DecisionTreeClassifier(random_state=0),3,0.905,0.0040254592895507,0.0001592636108398,fri_c2_1000_50_866_results_DecisionTreeClassifier(random_state=0).csv
fri_c2_1000_50_866,simpleimputer,none,linear_svc,robust,DecisionTreeClassifier(random_state=0),3,0.9,0.0099415779113769,0.0001981258392333,fri_c2_1000_50_866_results_DecisionTreeClassifier(random_state=0).csv
fri_c2_1000_50_866,none,onehot,linear_svc,robust,DecisionTreeClassifier(random_state=0),3,0.9,0.0087578296661376,0.0001554489135742,fri_c2_1000_50_866_results_DecisionTreeClassifier(random_state=0).csv
fri_c2_1000_50_866,none,ordinalencoder,linear_svc,robust,DecisionTreeClassifier(random_state=0),3,0.9,0.0090689659118652,0.0001842975616455,fri_c2_1000_50_866_results_DecisionTreeClassifier(random_state=0).csv
fri_c2_1000_50_866,simpleimputer,ordinalencoder,linear_svc,robust,DecisionTreeClassifier(random_state=0),3,0.9,0.0091438293457031,0.0001826286315917,fri_c2_1000_50_866_results_DecisionTreeClassifier(random_state=0).csv
fri_c2_1000_50_866,none,none,linear_svc,robust,DecisionTreeClassifier(random_state=0),3,0.9,0.0101814270019531,0.0003080368041992,fri_c2_1000_50_866_results_DecisionTreeClassifier(random_state=0).csv
fri_c2_1000_50_866,simpleimputer,onehot,linear_svc,robust,DecisionTreeClassifier(random_state=0),3,0.9,0.0083749294281005,0.0001349449157714,fri_c2_1000_50_866_results_DecisionTreeClassifier(random_state=0).csv
fri_c2_1000_50_866,simpleimputer,onehot,extra_tree,none,DecisionTreeClassifier(random_state=0),3,0.895,0.0040020942687988,0.0001585483551025,fri_c2_1000_50_866_results_DecisionTreeClassifier(random_state=0).csv
fri_c2_1000_50_866,simpleimputer,onehot,select_percentile,standard,DecisionTreeClassifier(random_state=0),3,0.895,0.0040869712829589,0.0001442432403564,fri_c2_1000_50_866_results_DecisionTreeClassifier(random_state=0).csv
fruitfly_714,simpleimputer,onehot,extra_tree,normalizer,DecisionTreeClassifier(random_state=0),1,0.8,0.0010318756103515,0.0001170635223388,fruitfly_714_results_DecisionTreeClassifier(random_state=0).csv
fruitfly_714,none,none,extra_tree,normalizer,DecisionTreeClassifier(random_state=0),1,0.8,0.000978946685791,0.0001146793365478,fruitfly_714_results_DecisionTreeClassifier(random_state=0).csv
fruitfly_714,simpleimputer,ordinalencoder,extra_tree,normalizer,DecisionTreeClassifier(random_state=0),1,0.8,0.0009124279022216,0.0001137256622314,fruitfly_714_results_DecisionTreeClassifier(random_state=0).csv
fruitfly_714,simpleimputer,none,extra_tree,normalizer,DecisionTreeClassifier(random_state=0),1,0.8,0.0010485649108886,0.0001208782196044,fruitfly_714_results_DecisionTreeClassifier(random_state=0).csv
fruitfly_714,none,onehot,extra_tree,normalizer,DecisionTreeClassifier(random_state=0),1,0.8,0.0010747909545898,0.0001261234283447,fruitfly_714_results_DecisionTreeClassifier(random_state=0).csv
fruitfly_714,none,ordinalencoder,extra_tree,normalizer,DecisionTreeClassifier(random_state=0),1,0.8,0.000969648361206,0.0001137256622314,fruitfly_714_results_DecisionTreeClassifier(random_state=0).csv
fruitfly_714,none,ordinalencoder,feature_agglomeration,minmax,DecisionTreeClassifier(random_state=0),1,0.76,0.0009198188781738,0.0001206398010253,fruitfly_714_results_DecisionTreeClassifier(random_state=0).csv
fruitfly_714,simpleimputer,none,feature_agglomeration,normalizer,DecisionTreeClassifier(random_state=0),1,0.76,0.0009839534759521,0.0001156330108642,fruitfly_714_results_DecisionTreeClassifier(random_state=0).csv
fruitfly_714,simpleimputer,ordinalencoder,feature_agglomeration,normalizer,DecisionTreeClassifier(random_state=0),1,0.76,0.0009334087371826,0.0001144409179687,fruitfly_714_results_DecisionTreeClassifier(random_state=0).csv
fruitfly_714,none,none,feature_agglomeration,minmax,DecisionTreeClassifier(random_state=0),1,0.76,0.0008637905120849,0.0001120567321777,fruitfly_714_results_DecisionTreeClassifier(random_state=0).csv
fruitfly_714,simpleimputer,onehot,feature_agglomeration,normalizer,DecisionTreeClassifier(random_state=0),1,0.76,0.0012125968933105,0.0001294612884521,fruitfly_714_results_DecisionTreeClassifier(random_state=0).csv
fruitfly_714,none,onehot,feature_agglomeration,normalizer,DecisionTreeClassifier(random_state=0),1,0.76,0.0010175704956054,0.0001187324523925,fruitfly_714_results_DecisionTreeClassifier(random_state=0).csv
fruitfly_714,simpleimputer,onehot,feature_agglomeration,minmax,DecisionTreeClassifier(random_state=0),1,0.76,0.0009117126464843,0.0001189708709716,fruitfly_714_results_DecisionTreeClassifier(random_state=0).csv
fruitfly_714,none,onehot,feature_agglomeration,minmax,DecisionTreeClassifier(random_state=0),1,0.76,0.0009543895721435,0.0001220703125,fruitfly_714_results_DecisionTreeClassifier(random_state=0).csv
fruitfly_714,none,ordinalencoder,feature_agglomeration,normalizer,DecisionTreeClassifier(random_state=0),1,0.76,0.0009074211120605,0.0001139640808105,fruitfly_714_results_DecisionTreeClassifier(random_state=0).csv
fruitfly_714,simpleimputer,none,feature_agglomeration,minmax,DecisionTreeClassifier(random_state=0),1,0.76,0.0008876323699951,0.0001165866851806,fruitfly_714_results_DecisionTreeClassifier(random_state=0).csv
fruitfly_714,simpleimputer,ordinalencoder,feature_agglomeration,minmax,DecisionTreeClassifier(random_state=0),1,0.76,0.0008773803710937,0.0001177787780761,fruitfly_714_results_DecisionTreeClassifier(random_state=0).csv
fruitfly_714,none,none,feature_agglomeration,normalizer,DecisionTreeClassifier(random_state=0),1,0.76,0.0008952617645263,0.0001134872436523,fruitfly_714_results_DecisionTreeClassifier(random_state=0).csv
fruitfly_714,none,none,truncated_svd,normalizer,DecisionTreeClassifier(random_state=0),1,0.72,0.000889778137207,0.0001120567321777,fruitfly_714_results_DecisionTreeClassifier(random_state=0).csv
fruitfly_714,simpleimputer,none,none,normalizer,DecisionTreeClassifier(random_state=0),1,0.72,0.0012505054473876,0.0001382827758789,fruitfly_714_results_DecisionTreeClassifier(random_state=0).csv
analcatdata_draft_984,simpleimputer,ordinalencoder,generic_univariate,quantile,DecisionTreeClassifier(random_state=0),0,0.972972972972973,0.0009698867797851,0.0001242160797119,analcatdata_draft_984_results_DecisionTreeClassifier(random_state=0).csv
analcatdata_draft_984,simpleimputer,ordinalencoder,select_percentile,quantile,DecisionTreeClassifier(random_state=0),0,0.972972972972973,0.0010614395141601,0.0001413822174072,analcatdata_draft_984_results_DecisionTreeClassifier(random_state=0).csv
analcatdata_draft_984,simpleimputer,onehot,linear_svc,robust,DecisionTreeClassifier(random_state=0),0,0.972972972972973,0.0011103153228759,0.0001270771026611,analcatdata_draft_984_results_DecisionTreeClassifier(random_state=0).csv
analcatdata_draft_984,simpleimputer,onehot,select_percentile,power,DecisionTreeClassifier(random_state=0),0,0.972972972972973,0.0009629726409912,0.0001301765441894,analcatdata_draft_984_results_DecisionTreeClassifier(random_state=0).csv
analcatdata_draft_984,simpleimputer,onehot,select_percentile,robust,DecisionTreeClassifier(random_state=0),0,0.972972972972973,0.0009450912475585,0.0001256465911865,analcatdata_draft_984_results_DecisionTreeClassifier(random_state=0).csv
analcatdata_draft_984,simpleimputer,onehot,generic_univariate,power,DecisionTreeClassifier(random_state=0),0,0.972972972972973,0.0009393692016601,0.0001237392425537,analcatdata_draft_984_results_DecisionTreeClassifier(random_state=0).csv
analcatdata_draft_984,simpleimputer,onehot,generic_univariate,minmax,DecisionTreeClassifier(random_state=0),0,0.972972972972973,0.0009572505950927,0.0001230239868164,analcatdata_draft_984_results_DecisionTreeClassifier(random_state=0).csv
analcatdata_draft_984,simpleimputer,onehot,select_percentile,quantile,DecisionTreeClassifier(random_state=0),0,0.972972972972973,0.000960350036621,0.0001227855682373,analcatdata_draft_984_results_DecisionTreeClassifier(random_state=0).csv
analcatdata_draft_984,simpleimputer,none,nystroem,none,DecisionTreeClassifier(random_state=0),0,0.972972972972973,0.0383951663970947,0.0001988410949707,analcatdata_draft_984_results_DecisionTreeClassifier(random_state=0).csv
analcatdata_draft_984,simpleimputer,ordinalencoder,select_percentile,power,DecisionTreeClassifier(random_state=0),0,0.972972972972973,0.0009410381317138,0.0001235008239746,analcatdata_draft_984_results_DecisionTreeClassifier(random_state=0).csv
analcatdata_draft_984,simpleimputer,ordinalencoder,generic_univariate,power,DecisionTreeClassifier(random_state=0),0,0.972972972972973,0.000950813293457,0.0001235008239746,analcatdata_draft_984_results_DecisionTreeClassifier(random_state=0).csv
analcatdata_draft_984,simpleimputer,onehot,select_percentile,minmax,DecisionTreeClassifier(random_state=0),0,0.972972972972973,0.0009212493896484,0.0001230239868164,analcatdata_draft_984_results_DecisionTreeClassifier(random_state=0).csv
analcatdata_draft_984,simpleimputer,none,generic_univariate,none,DecisionTreeClassifier(random_state=0),0,0.972972972972973,0.0009436607360839,0.0001261234283447,analcatdata_draft_984_results_DecisionTreeClassifier(random_state=0).csv
analcatdata_draft_984,simpleimputer,none,select_percentile,none,DecisionTreeClassifier(random_state=0),0,0.972972972972973,0.0009088516235351,0.0001220703125,analcatdata_draft_984_results_DecisionTreeClassifier(random_state=0).csv
analcatdata_draft_984,simpleimputer,onehot,linear_svc,minmax,DecisionTreeClassifier(random_state=0),0,0.972972972972973,0.0010709762573242,0.0001440048217773,analcatdata_draft_984_results_DecisionTreeClassifier(random_state=0).csv
analcatdata_draft_984,simpleimputer,onehot,generic_univariate,robust,DecisionTreeClassifier(random_state=0),0,0.972972972972973,0.0009131431579589,0.0001215934753417,analcatdata_draft_984_results_DecisionTreeClassifier(random_state=0).csv
analcatdata_draft_984,simpleimputer,none,linear_svc,minmax,DecisionTreeClassifier(random_state=0),0,0.972972972972973,0.0010955333709716,0.0001256465911865,analcatdata_draft_984_results_DecisionTreeClassifier(random_state=0).csv
analcatdata_draft_984,simpleimputer,onehot,select_percentile,none,DecisionTreeClassifier(random_state=0),0,0.972972972972973,0.0009963512420654,0.0001249313354492,analcatdata_draft_984_results_DecisionTreeClassifier(random_state=0).csv
analcatdata_draft_984,simpleimputer,ordinalencoder,select_percentile,standard,DecisionTreeClassifier(random_state=0),0,0.972972972972973,0.000929832458496,0.0001225471496582,analcatdata_draft_984_results_DecisionTreeClassifier(random_state=0).csv
analcatdata_draft_984,simpleimputer,onehot,generic_univariate,none,DecisionTreeClassifier(random_state=0),0,0.972972972972973,0.0009727478027343,0.000124454498291,analcatdata_draft_984_results_DecisionTreeClassifier(random_state=0).csv
fri_c0_1000_50_904,none,onehot,extra_tree,power,DecisionTreeClassifier(random_state=0),2,0.885,0.0037741661071777,0.0001492500305175,fri_c0_1000_50_904_results_DecisionTreeClassifier(random_state=0).csv
fri_c0_1000_50_904,simpleimputer,none,extra_tree,standard,DecisionTreeClassifier(random_state=0),2,0.885,0.0042095184326171,0.0001487731933593,fri_c0_1000_50_904_results_DecisionTreeClassifier(random_state=0).csv
fri_c0_1000_50_904,simpleimputer,ordinalencoder,extra_tree,power,DecisionTreeClassifier(random_state=0),2,0.885,0.0043389797210693,0.000293493270874,fri_c0_1000_50_904_results_DecisionTreeClassifier(random_state=0).csv
fri_c0_1000_50_904,simpleimputer,none,extra_tree,none,DecisionTreeClassifier(random_state=0),2,0.885,0.004122257232666,0.0001718997955322,fri_c0_1000_50_904_results_DecisionTreeClassifier(random_state=0).csv
fri_c0_1000_50_904,simpleimputer,onehot,extra_tree,standard,DecisionTreeClassifier(random_state=0),2,0.885,0.0039842128753662,0.0002558231353759,fri_c0_1000_50_904_results_DecisionTreeClassifier(random_state=0).csv
fri_c0_1000_50_904,none,ordinalencoder,extra_tree,none,DecisionTreeClassifier(random_state=0),2,0.885,0.0042579174041748,0.0001530647277832,fri_c0_1000_50_904_results_DecisionTreeClassifier(random_state=0).csv
fri_c0_1000_50_904,none,onehot,extra_tree,minmax,DecisionTreeClassifier(random_state=0),2,0.885,0.0040869712829589,0.0001614093780517,fri_c0_1000_50_904_results_DecisionTreeClassifier(random_state=0).csv
fri_c0_1000_50_904,simpleimputer,none,extra_tree,minmax,DecisionTreeClassifier(random_state=0),2,0.885,0.004073143005371,0.0001444816589355,fri_c0_1000_50_904_results_DecisionTreeClassifier(random_state=0).csv
fri_c0_1000_50_904,simpleimputer,onehot,extra_tree,minmax,DecisionTreeClassifier(random_state=0),2,0.885,0.0041298866271972,0.0001485347747802,fri_c0_1000_50_904_results_DecisionTreeClassifier(random_state=0).csv
fri_c0_1000_50_904,none,onehot,extra_tree,robust,DecisionTreeClassifier(random_state=0),2,0.885,0.0040483474731445,0.0001626014709472,fri_c0_1000_50_904_results_DecisionTreeClassifier(random_state=0).csv
fri_c0_1000_50_904,none,none,extra_tree,standard,DecisionTreeClassifier(random_state=0),2,0.885,0.0040078163146972,0.0001404285430908,fri_c0_1000_50_904_results_DecisionTreeClassifier(random_state=0).csv
fri_c0_1000_50_904,simpleimputer,onehot,extra_tree,power,DecisionTreeClassifier(random_state=0),2,0.885,0.0041971206665039,0.0001447200775146,fri_c0_1000_50_904_results_DecisionTreeClassifier(random_state=0).csv
fri_c0_1000_50_904,none,none,extra_tree,robust,DecisionTreeClassifier(random_state=0),2,0.885,0.0040264129638671,0.0001404285430908,fri_c0_1000_50_904_results_DecisionTreeClassifier(random_state=0).csv
fri_c0_1000_50_904,none,none,extra_tree,minmax,DecisionTreeClassifier(random_state=0),2,0.885,0.0042834281921386,0.0001482963562011,fri_c0_1000_50_904_results_DecisionTreeClassifier(random_state=0).csv
fri_c0_1000_50_904,none,onehot,extra_tree,none,DecisionTreeClassifier(random_state=0),2,0.885,0.0040163993835449,0.0001430511474609,fri_c0_1000_50_904_results_DecisionTreeClassifier(random_state=0).csv
fri_c0_1000_50_904,none,ordinalencoder,extra_tree,standard,DecisionTreeClassifier(random_state=0),2,0.885,0.0039937496185302,0.0001406669616699,fri_c0_1000_50_904_results_DecisionTreeClassifier(random_state=0).csv
fri_c0_1000_50_904,simpleimputer,onehot,extra_tree,none,DecisionTreeClassifier(random_state=0),2,0.885,0.0041837692260742,0.0001492500305175,fri_c0_1000_50_904_results_DecisionTreeClassifier(random_state=0).csv
fri_c0_1000_50_904,none,onehot,extra_tree,standard,DecisionTreeClassifier(random_state=0),2,0.885,0.004035472869873,0.0001416206359863,fri_c0_1000_50_904_results_DecisionTreeClassifier(random_state=0).csv
fri_c0_1000_50_904,simpleimputer,none,extra_tree,robust,DecisionTreeClassifier(random_state=0),2,0.885,0.0040116310119628,0.0001394748687744,fri_c0_1000_50_904_results_DecisionTreeClassifier(random_state=0).csv
fri_c0_1000_50_904,none,none,extra_tree,power,DecisionTreeClassifier(random_state=0),2,0.885,0.0040969848632812,0.000166893005371,fri_c0_1000_50_904_results_DecisionTreeClassifier(random_state=0).csv
breast-w_15,simpleimputer,onehot,pca,robust,DecisionTreeClassifier(random_state=0),1,0.9857142857142858,0.0026488304138183,0.0001323223114013,breast-w_15_results_DecisionTreeClassifier(random_state=0).csv
breast-w_15,simpleimputer,onehot,kernel_pca,robust,DecisionTreeClassifier(random_state=0),1,0.9857142857142858,0.0031862258911132,0.0001518726348876,breast-w_15_results_DecisionTreeClassifier(random_state=0).csv
breast-w_15,simpleimputer,onehot,pca,standard,DecisionTreeClassifier(random_state=0),1,0.9857142857142858,0.0022978782653808,0.0001327991485595,breast-w_15_results_DecisionTreeClassifier(random_state=0).csv
breast-w_15,simpleimputer,none,kernel_pca,robust,DecisionTreeClassifier(random_state=0),1,0.9857142857142858,0.0030577182769775,0.0002417564392089,breast-w_15_results_DecisionTreeClassifier(random_state=0).csv
breast-w_15,simpleimputer,ordinalencoder,pca,standard,DecisionTreeClassifier(random_state=0),1,0.9857142857142858,0.0023818016052246,0.000126838684082,breast-w_15_results_DecisionTreeClassifier(random_state=0).csv
breast-w_15,simpleimputer,none,pca,robust,DecisionTreeClassifier(random_state=0),1,0.9857142857142858,0.00286865234375,0.0001463890075683,breast-w_15_results_DecisionTreeClassifier(random_state=0).csv
breast-w_15,simpleimputer,ordinalencoder,nystroem,standard,DecisionTreeClassifier(random_state=0),1,0.9857142857142858,0.0339577198028564,0.0018761157989501,breast-w_15_results_DecisionTreeClassifier(random_state=0).csv
breast-w_15,simpleimputer,none,pca,standard,DecisionTreeClassifier(random_state=0),1,0.9857142857142858,0.0024123191833496,0.0001342296600341,breast-w_15_results_DecisionTreeClassifier(random_state=0).csv
breast-w_15,simpleimputer,onehot,kernel_pca,standard,DecisionTreeClassifier(random_state=0),1,0.9857142857142858,0.0029258728027343,0.0001611709594726,breast-w_15_results_DecisionTreeClassifier(random_state=0).csv
breast-w_15,simpleimputer,none,kernel_pca,standard,DecisionTreeClassifier(random_state=0),1,0.9857142857142858,0.0024282932281494,0.0001361370086669,breast-w_15_results_DecisionTreeClassifier(random_state=0).csv
breast-w_15,simpleimputer,ordinalencoder,kernel_pca,standard,DecisionTreeClassifier(random_state=0),1,0.9857142857142858,0.0028173923492431,0.0001533031463623,breast-w_15_results_DecisionTreeClassifier(random_state=0).csv
breast-w_15,simpleimputer,ordinalencoder,kernel_pca,robust,DecisionTreeClassifier(random_state=0),1,0.9857142857142858,0.0031220912933349,0.0001516342163085,breast-w_15_results_DecisionTreeClassifier(random_state=0).csv
breast-w_15,simpleimputer,none,nystroem,standard,DecisionTreeClassifier(random_state=0),1,0.9857142857142858,0.0391173362731933,0.0002679824829101,breast-w_15_results_DecisionTreeClassifier(random_state=0).csv
breast-w_15,simpleimputer,ordinalencoder,pca,robust,DecisionTreeClassifier(random_state=0),1,0.9857142857142858,0.002652883529663,0.0001311302185058,breast-w_15_results_DecisionTreeClassifier(random_state=0).csv
breast-w_15,simpleimputer,onehot,nystroem,standard,DecisionTreeClassifier(random_state=0),1,0.9857142857142858,0.023916482925415,0.0001637935638427,breast-w_15_results_DecisionTreeClassifier(random_state=0).csv
breast-w_15,simpleimputer,none,feature_agglomeration,power,DecisionTreeClassifier(random_state=0),3,0.9785714285714284,0.0011978149414062,0.0001282691955566,breast-w_15_results_DecisionTreeClassifier(random_state=0).csv
breast-w_15,simpleimputer,onehot,truncated_svd,minmax,DecisionTreeClassifier(random_state=0),1,0.9785714285714284,0.0012550354003906,0.0001187324523925,breast-w_15_results_DecisionTreeClassifier(random_state=0).csv
breast-w_15,simpleimputer,none,truncated_svd,minmax,DecisionTreeClassifier(random_state=0),1,0.9785714285714284,0.0012848377227783,0.0001230239868164,breast-w_15_results_DecisionTreeClassifier(random_state=0).csv
breast-w_15,simpleimputer,ordinalencoder,truncated_svd,minmax,DecisionTreeClassifier(random_state=0),1,0.9785714285714284,0.0013959407806396,0.0001299381256103,breast-w_15_results_DecisionTreeClassifier(random_state=0).csv
breast-w_15,simpleimputer,ordinalencoder,feature_agglomeration,power,DecisionTreeClassifier(random_state=0),3,0.9785714285714284,0.0011725425720214,0.0001201629638671,breast-w_15_results_DecisionTreeClassifier(random_state=0).csv
chscase_census4_907,simpleimputer,ordinalencoder,linear_svc,quantile,DecisionTreeClassifier(random_state=0),4,0.65,0.0015811920166015,0.0001277923583984,chscase_census4_907_results_DecisionTreeClassifier(random_state=0).csv
chscase_census4_907,none,none,linear_svc,quantile,DecisionTreeClassifier(random_state=0),4,0.65,0.0015146732330322,0.0001301765441894,chscase_census4_907_results_DecisionTreeClassifier(random_state=0).csv
chscase_census4_907,simpleimputer,onehot,linear_svc,quantile,DecisionTreeClassifier(random_state=0),4,0.65,0.0016226768493652,0.0001473426818847,chscase_census4_907_results_DecisionTreeClassifier(random_state=0).csv
chscase_census4_907,none,ordinalencoder,fastica,normalizer,DecisionTreeClassifier(random_state=0),1,0.65,0.0025224685668945,0.0001518726348876,chscase_census4_907_results_DecisionTreeClassifier(random_state=0).csv
chscase_census4_907,simpleimputer,onehot,fastica,normalizer,DecisionTreeClassifier(random_state=0),1,0.65,0.0025868415832519,0.0001595020294189,chscase_census4_907_results_DecisionTreeClassifier(random_state=0).csv
chscase_census4_907,simpleimputer,none,linear_svc,quantile,DecisionTreeClassifier(random_state=0),4,0.65,0.0016264915466308,0.0001296997070312,chscase_census4_907_results_DecisionTreeClassifier(random_state=0).csv
chscase_census4_907,none,onehot,fastica,normalizer,DecisionTreeClassifier(random_state=0),1,0.65,0.0026819705963134,0.0001611709594726,chscase_census4_907_results_DecisionTreeClassifier(random_state=0).csv
chscase_census4_907,simpleimputer,ordinalencoder,fastica,normalizer,DecisionTreeClassifier(random_state=0),1,0.65,0.0026612281799316,0.0001535415649414,chscase_census4_907_results_DecisionTreeClassifier(random_state=0).csv
chscase_census4_907,none,onehot,linear_svc,quantile,DecisionTreeClassifier(random_state=0),4,0.65,0.0015289783477783,0.0001308917999267,chscase_census4_907_results_DecisionTreeClassifier(random_state=0).csv
chscase_census4_907,none,none,fastica,normalizer,DecisionTreeClassifier(random_state=0),1,0.65,0.002681016921997,0.0001788139343261,chscase_census4_907_results_DecisionTreeClassifier(random_state=0).csv
chscase_census4_907,none,ordinalencoder,linear_svc,quantile,DecisionTreeClassifier(random_state=0),4,0.65,0.0016312599182128,0.0001280307769775,chscase_census4_907_results_DecisionTreeClassifier(random_state=0).csv
chscase_census4_907,simpleimputer,none,fastica,normalizer,DecisionTreeClassifier(random_state=0),1,0.65,0.0026929378509521,0.0001397132873535,chscase_census4_907_results_DecisionTreeClassifier(random_state=0).csv
chscase_census4_907,simpleimputer,ordinalencoder,truncated_svd,standard,DecisionTreeClassifier(random_state=0),0,0.6375,0.0015449523925781,0.0001437664031982,chscase_census4_907_results_DecisionTreeClassifier(random_state=0).csv
chscase_census4_907,none,ordinalencoder,truncated_svd,none,DecisionTreeClassifier(random_state=0),4,0.6375,0.0015327930450439,0.000129222869873,chscase_census4_907_results_DecisionTreeClassifier(random_state=0).csv
chscase_census4_907,none,ordinalencoder,truncated_svd,standard,DecisionTreeClassifier(random_state=0),0,0.6375,0.0016071796417236,0.0001280307769775,chscase_census4_907_results_DecisionTreeClassifier(random_state=0).csv
chscase_census4_907,none,onehot,truncated_svd,none,DecisionTreeClassifier(random_state=0),4,0.6375,0.0016512870788574,0.0001406669616699,chscase_census4_907_results_DecisionTreeClassifier(random_state=0).csv
chscase_census4_907,none,none,truncated_svd,standard,DecisionTreeClassifier(random_state=0),0,0.6375,0.0017280578613281,0.0001342296600341,chscase_census4_907_results_DecisionTreeClassifier(random_state=0).csv
chscase_census4_907,none,onehot,truncated_svd,standard,DecisionTreeClassifier(random_state=0),0,0.6375,0.0016019344329833,0.0001332759857177,chscase_census4_907_results_DecisionTreeClassifier(random_state=0).csv
chscase_census4_907,simpleimputer,onehot,pca,power,DecisionTreeClassifier(random_state=0),1,0.6375,0.0026535987854003,0.0001730918884277,chscase_census4_907_results_DecisionTreeClassifier(random_state=0).csv
chscase_census4_907,none,onehot,pca,power,DecisionTreeClassifier(random_state=0),1,0.6375,0.0027592182159423,0.0001397132873535,chscase_census4_907_results_DecisionTreeClassifier(random_state=0).csv
autoUniv-au1-1000_1547,simpleimputer,none,linear_svc,power,DecisionTreeClassifier(random_state=0),3,0.82,0.0014426708221435,0.0001375675201416,autoUniv-au1-1000_1547_results_DecisionTreeClassifier(random_state=0).csv
autoUniv-au1-1000_1547,simpleimputer,onehot,linear_svc,quantile,DecisionTreeClassifier(random_state=0),3,0.82,0.0014843940734863,0.0001420974731445,autoUniv-au1-1000_1547_results_DecisionTreeClassifier(random_state=0).csv
autoUniv-au1-1000_1547,simpleimputer,ordinalencoder,linear_svc,quantile,DecisionTreeClassifier(random_state=0),3,0.82,0.0014810562133789,0.000148057937622,autoUniv-au1-1000_1547_results_DecisionTreeClassifier(random_state=0).csv
autoUniv-au1-1000_1547,simpleimputer,ordinalencoder,linear_svc,power,DecisionTreeClassifier(random_state=0),3,0.82,0.0014357566833496,0.0001382827758789,autoUniv-au1-1000_1547_results_DecisionTreeClassifier(random_state=0).csv
autoUniv-au1-1000_1547,none,none,linear_svc,none,DecisionTreeClassifier(random_state=0),3,0.82,0.001455545425415,0.0001411437988281,autoUniv-au1-1000_1547_results_DecisionTreeClassifier(random_state=0).csv
autoUniv-au1-1000_1547,none,onehot,linear_svc,robust,DecisionTreeClassifier(random_state=0),3,0.82,0.0014362335205078,0.0001378059387207,autoUniv-au1-1000_1547_results_DecisionTreeClassifier(random_state=0).csv
autoUniv-au1-1000_1547,simpleimputer,ordinalencoder,linear_svc,robust,DecisionTreeClassifier(random_state=0),3,0.82,0.0015938282012939,0.0001428127288818,autoUniv-au1-1000_1547_results_DecisionTreeClassifier(random_state=0).csv
autoUniv-au1-1000_1547,simpleimputer,ordinalencoder,linear_svc,standard,DecisionTreeClassifier(random_state=0),3,0.82,0.0014851093292236,0.0001428127288818,autoUniv-au1-1000_1547_results_DecisionTreeClassifier(random_state=0).csv
autoUniv-au1-1000_1547,simpleimputer,onehot,linear_svc,power,DecisionTreeClassifier(random_state=0),3,0.82,0.0014982223510742,0.0001411437988281,autoUniv-au1-1000_1547_results_DecisionTreeClassifier(random_state=0).csv
autoUniv-au1-1000_1547,simpleimputer,onehot,linear_svc,standard,DecisionTreeClassifier(random_state=0),3,0.82,0.001549482345581,0.0001423358917236,autoUniv-au1-1000_1547_results_DecisionTreeClassifier(random_state=0).csv
autoUniv-au1-1000_1547,simpleimputer,none,linear_svc,robust,DecisionTreeClassifier(random_state=0),3,0.82,0.0014524459838867,0.0001394748687744,autoUniv-au1-1000_1547_results_DecisionTreeClassifier(random_state=0).csv
autoUniv-au1-1000_1547,simpleimputer,none,linear_svc,quantile,DecisionTreeClassifier(random_state=0),3,0.82,0.0014657974243164,0.0001404285430908,autoUniv-au1-1000_1547_results_DecisionTreeClassifier(random_state=0).csv
autoUniv-au1-1000_1547,simpleimputer,onehot,linear_svc,minmax,DecisionTreeClassifier(random_state=0),3,0.82,0.0013923645019531,0.0001554489135742,autoUniv-au1-1000_1547_results_DecisionTreeClassifier(random_state=0).csv
autoUniv-au1-1000_1547,none,onehot,linear_svc,standard,DecisionTreeClassifier(random_state=0),3,0.82,0.0014939308166503,0.0001366138458251,autoUniv-au1-1000_1547_results_DecisionTreeClassifier(random_state=0).csv
autoUniv-au1-1000_1547,none,onehot,linear_svc,none,DecisionTreeClassifier(random_state=0),3,0.82,0.0015714168548583,0.0001430511474609,autoUniv-au1-1000_1547_results_DecisionTreeClassifier(random_state=0).csv
autoUniv-au1-1000_1547,none,ordinalencoder,linear_svc,robust,DecisionTreeClassifier(random_state=0),3,0.82,0.0014684200286865,0.0001392364501953,autoUniv-au1-1000_1547_results_DecisionTreeClassifier(random_state=0).csv
autoUniv-au1-1000_1547,none,ordinalencoder,linear_svc,standard,DecisionTreeClassifier(random_state=0),3,0.82,0.0014402866363525,0.0001392364501953,autoUniv-au1-1000_1547_results_DecisionTreeClassifier(random_state=0).csv
autoUniv-au1-1000_1547,none,none,linear_svc,minmax,DecisionTreeClassifier(random_state=0),3,0.82,0.0014269351959228,0.0001392364501953,autoUniv-au1-1000_1547_results_DecisionTreeClassifier(random_state=0).csv
autoUniv-au1-1000_1547,simpleimputer,none,linear_svc,standard,DecisionTreeClassifier(random_state=0),3,0.82,0.0014493465423583,0.0001397132873535,autoUniv-au1-1000_1547_results_DecisionTreeClassifier(random_state=0).csv
autoUniv-au1-1000_1547,none,none,linear_svc,quantile,DecisionTreeClassifier(random_state=0),3,0.82,0.0014598369598388,0.0001378059387207,autoUniv-au1-1000_1547_results_DecisionTreeClassifier(random_state=0).csv
blogger_1463,simpleimputer,ordinalencoder,fastica,quantile,DecisionTreeClassifier(random_state=0),3,0.95,0.0009875297546386,0.0001285076141357,blogger_1463_results_DecisionTreeClassifier(random_state=0).csv
blogger_1463,simpleimputer,ordinalencoder,polynomial_features,quantile,DecisionTreeClassifier(random_state=0),3,0.95,0.0009593963623046,0.0001280307769775,blogger_1463_results_DecisionTreeClassifier(random_state=0).csv
blogger_1463,simpleimputer,ordinalencoder,kernel_pca,quantile,DecisionTreeClassifier(random_state=0),3,0.95,0.0012557506561279,0.0001401901245117,blogger_1463_results_DecisionTreeClassifier(random_state=0).csv
blogger_1463,none,onehot,pca,none,DecisionTreeClassifier(random_state=0),3,0.95,0.0011310577392578,0.0001318454742431,blogger_1463_results_DecisionTreeClassifier(random_state=0).csv
blogger_1463,simpleimputer,ordinalencoder,polynomial_features,quantile,DecisionTreeClassifier(random_state=0),1,0.95,0.0010356903076171,0.0001356601715087,blogger_1463_results_DecisionTreeClassifier(random_state=0).csv
blogger_1463,none,onehot,none,none,DecisionTreeClassifier(random_state=0),3,0.95,0.0009272098541259,0.0001266002655029,blogger_1463_results_DecisionTreeClassifier(random_state=0).csv
blogger_1463,simpleimputer,ordinalencoder,pca,quantile,DecisionTreeClassifier(random_state=0),3,0.95,0.0009911060333251,0.0001256465911865,blogger_1463_results_DecisionTreeClassifier(random_state=0).csv
blogger_1463,simpleimputer,onehot,none,standard,DecisionTreeClassifier(random_state=0),3,0.95,0.0009260177612304,0.0001332759857177,blogger_1463_results_DecisionTreeClassifier(random_state=0).csv
blogger_1463,none,onehot,truncated_svd,none,DecisionTreeClassifier(random_state=0),1,0.95,0.0009183883666992,0.0001254081726074,blogger_1463_results_DecisionTreeClassifier(random_state=0).csv
blogger_1463,none,onehot,truncated_svd,none,DecisionTreeClassifier(random_state=0),3,0.95,0.001070499420166,0.0001394748687744,blogger_1463_results_DecisionTreeClassifier(random_state=0).csv
blogger_1463,none,onehot,pca,none,DecisionTreeClassifier(random_state=0),1,0.95,0.00114107131958,0.000126838684082,blogger_1463_results_DecisionTreeClassifier(random_state=0).csv
blogger_1463,simpleimputer,ordinalencoder,rbf_sampler,quantile,DecisionTreeClassifier(random_state=0),3,0.95,0.0022706985473632,0.0001370906829833,blogger_1463_results_DecisionTreeClassifier(random_state=0).csv
blogger_1463,simpleimputer,onehot,nystroem,normalizer,DecisionTreeClassifier(random_state=0),3,0.95,0.0024580955505371,0.0001585483551025,blogger_1463_results_DecisionTreeClassifier(random_state=0).csv
blogger_1463,simpleimputer,onehot,polynomial_features,normalizer,DecisionTreeClassifier(random_state=0),3,0.95,0.0012905597686767,0.0001349449157714,blogger_1463_results_DecisionTreeClassifier(random_state=0).csv
blogger_1463,none,ordinalencoder,pca,normalizer,DecisionTreeClassifier(random_state=0),3,0.95,0.0009698867797851,0.0001461505889892,blogger_1463_results_DecisionTreeClassifier(random_state=0).csv
blogger_1463,simpleimputer,onehot,truncated_svd,normalizer,DecisionTreeClassifier(random_state=0),3,0.95,0.0009262561798095,0.0001566410064697,blogger_1463_results_DecisionTreeClassifier(random_state=0).csv
blogger_1463,none,ordinalencoder,polynomial_features,normalizer,DecisionTreeClassifier(random_state=0),3,0.95,0.0011916160583496,0.00032639503479,blogger_1463_results_DecisionTreeClassifier(random_state=0).csv
blogger_1463,none,ordinalencoder,select_percentile,normalizer,DecisionTreeClassifier(random_state=0),1,0.95,0.0008966922760009,0.0001237392425537,blogger_1463_results_DecisionTreeClassifier(random_state=0).csv
blogger_1463,none,ordinalencoder,generic_univariate,normalizer,DecisionTreeClassifier(random_state=0),1,0.95,0.0008480548858642,0.0001254081726074,blogger_1463_results_DecisionTreeClassifier(random_state=0).csv
blogger_1463,none,ordinalencoder,fastica,normalizer,DecisionTreeClassifier(random_state=0),3,0.95,0.0010578632354736,0.0001273155212402,blogger_1463_results_DecisionTreeClassifier(random_state=0).csv
analcatdata_reviewer_1008,simpleimputer,ordinalencoder,feature_agglomeration,minmax,DecisionTreeClassifier(random_state=0),0,0.7105263157894737,0.0010256767272949,0.0001206398010253,analcatdata_reviewer_1008_results_DecisionTreeClassifier(random_state=0).csv
analcatdata_reviewer_1008,simpleimputer,ordinalencoder,feature_agglomeration,none,DecisionTreeClassifier(random_state=0),0,0.7105263157894737,0.0011193752288818,0.0001227855682373,analcatdata_reviewer_1008_results_DecisionTreeClassifier(random_state=0).csv
analcatdata_reviewer_1008,simpleimputer,ordinalencoder,nystroem,minmax,DecisionTreeClassifier(random_state=0),2,0.6842105263157895,0.0263805389404296,0.0002598762512207,analcatdata_reviewer_1008_results_DecisionTreeClassifier(random_state=0).csv
analcatdata_reviewer_1008,simpleimputer,ordinalencoder,kernel_pca,power,DecisionTreeClassifier(random_state=0),3,0.6842105263157895,0.0028760433197021,0.0001881122589111,analcatdata_reviewer_1008_results_DecisionTreeClassifier(random_state=0).csv
analcatdata_reviewer_1008,simpleimputer,ordinalencoder,feature_agglomeration,normalizer,DecisionTreeClassifier(random_state=0),0,0.6842105263157895,0.0012421607971191,0.0001211166381835,analcatdata_reviewer_1008_results_DecisionTreeClassifier(random_state=0).csv
analcatdata_reviewer_1008,none,onehot,generic_univariate,power,DecisionTreeClassifier(random_state=0),4,0.68,0.0008275508880615,0.0001122951507568,analcatdata_reviewer_1008_results_DecisionTreeClassifier(random_state=0).csv
analcatdata_reviewer_1008,simpleimputer,onehot,generic_univariate,minmax,DecisionTreeClassifier(random_state=0),4,0.68,0.0008602142333984,0.0001313686370849,analcatdata_reviewer_1008_results_DecisionTreeClassifier(random_state=0).csv
analcatdata_reviewer_1008,none,onehot,generic_univariate,minmax,DecisionTreeClassifier(random_state=0),4,0.68,0.0008938312530517,0.0001120567321777,analcatdata_reviewer_1008_results_DecisionTreeClassifier(random_state=0).csv
analcatdata_reviewer_1008,none,onehot,generic_univariate,quantile,DecisionTreeClassifier(random_state=0),4,0.68,0.0009045600891113,0.0001215934753417,analcatdata_reviewer_1008_results_DecisionTreeClassifier(random_state=0).csv
analcatdata_reviewer_1008,simpleimputer,onehot,generic_univariate,quantile,DecisionTreeClassifier(random_state=0),4,0.68,0.0008735656738281,0.0001156330108642,analcatdata_reviewer_1008_results_DecisionTreeClassifier(random_state=0).csv
analcatdata_reviewer_1008,none,onehot,generic_univariate,normalizer,DecisionTreeClassifier(random_state=0),4,0.68,0.0008361339569091,0.0001122951507568,analcatdata_reviewer_1008_results_DecisionTreeClassifier(random_state=0).csv
analcatdata_reviewer_1008,simpleimputer,onehot,generic_univariate,robust,DecisionTreeClassifier(random_state=0),4,0.68,0.0009472370147705,0.0001211166381835,analcatdata_reviewer_1008_results_DecisionTreeClassifier(random_state=0).csv
analcatdata_reviewer_1008,none,onehot,generic_univariate,standard,DecisionTreeClassifier(random_state=0),4,0.68,0.0008378028869628,0.0001106262207031,analcatdata_reviewer_1008_results_DecisionTreeClassifier(random_state=0).csv
analcatdata_reviewer_1008,simpleimputer,onehot,generic_univariate,power,DecisionTreeClassifier(random_state=0),4,0.68,0.0008642673492431,0.0001137256622314,analcatdata_reviewer_1008_results_DecisionTreeClassifier(random_state=0).csv
analcatdata_reviewer_1008,none,onehot,generic_univariate,robust,DecisionTreeClassifier(random_state=0),4,0.68,0.0009338855743408,0.0001213550567626,analcatdata_reviewer_1008_results_DecisionTreeClassifier(random_state=0).csv
analcatdata_reviewer_1008,simpleimputer,onehot,generic_univariate,normalizer,DecisionTreeClassifier(random_state=0),4,0.68,0.0008692741394042,0.0001139640808105,analcatdata_reviewer_1008_results_DecisionTreeClassifier(random_state=0).csv
analcatdata_reviewer_1008,none,onehot,generic_univariate,none,DecisionTreeClassifier(random_state=0),4,0.68,0.0008232593536376,0.0001101493835449,analcatdata_reviewer_1008_results_DecisionTreeClassifier(random_state=0).csv
analcatdata_reviewer_1008,simpleimputer,onehot,generic_univariate,standard,DecisionTreeClassifier(random_state=0),4,0.68,0.0009050369262695,0.0001165866851806,analcatdata_reviewer_1008_results_DecisionTreeClassifier(random_state=0).csv
analcatdata_reviewer_1008,simpleimputer,onehot,generic_univariate,none,DecisionTreeClassifier(random_state=0),4,0.68,0.0009770393371582,0.0001170635223388,analcatdata_reviewer_1008_results_DecisionTreeClassifier(random_state=0).csv
analcatdata_reviewer_1008,simpleimputer,ordinalencoder,select_percentile,robust,DecisionTreeClassifier(random_state=0),2,0.6710526315789473,0.000864028930664,0.0001153945922851,analcatdata_reviewer_1008_results_DecisionTreeClassifier(random_state=0).csv
chscase_whale_939,none,onehot,none,none,DecisionTreeClassifier(random_state=0),1,1.0,0.001918077468872,0.0008420944213867,chscase_whale_939_results_DecisionTreeClassifier(random_state=0).csv
chscase_whale_939,none,onehot,none,none,DecisionTreeClassifier(random_state=0),0,1.0,0.0019598007202148,0.0008385181427001,chscase_whale_939_results_DecisionTreeClassifier(random_state=0).csv
chscase_whale_939,none,none,none,none,DecisionTreeClassifier(random_state=0),0,1.0,0.0021302700042724,0.0008749961853027,chscase_whale_939_results_DecisionTreeClassifier(random_state=0).csv
chscase_whale_939,none,none,none,none,DecisionTreeClassifier(random_state=0),1,1.0,0.0018975734710693,0.000861644744873,chscase_whale_939_results_DecisionTreeClassifier(random_state=0).csv
chscase_whale_939,none,none,none,none,DecisionTreeClassifier(random_state=0),2,1.0,0.0019404888153076,0.0009009838104248,chscase_whale_939_results_DecisionTreeClassifier(random_state=0).csv
chscase_whale_939,none,none,none,none,DecisionTreeClassifier(random_state=0),3,1.0,0.001957893371582,0.0008521080017089,chscase_whale_939_results_DecisionTreeClassifier(random_state=0).csv
chscase_whale_939,none,none,none,none,DecisionTreeClassifier(random_state=0),4,1.0,0.0019819736480712,0.0008537769317626,chscase_whale_939_results_DecisionTreeClassifier(random_state=0).csv
chscase_whale_939,none,none,none,standard,DecisionTreeClassifier(random_state=0),0,1.0,0.0011451244354248,0.000140905380249,chscase_whale_939_results_DecisionTreeClassifier(random_state=0).csv
chscase_whale_939,none,none,none,standard,DecisionTreeClassifier(random_state=0),1,1.0,0.0010855197906494,0.0001387596130371,chscase_whale_939_results_DecisionTreeClassifier(random_state=0).csv
chscase_whale_939,none,none,none,standard,DecisionTreeClassifier(random_state=0),2,1.0,0.0010762214660644,0.0001373291015625,chscase_whale_939_results_DecisionTreeClassifier(random_state=0).csv
chscase_whale_939,none,none,none,standard,DecisionTreeClassifier(random_state=0),3,1.0,0.0010597705841064,0.0001266002655029,chscase_whale_939_results_DecisionTreeClassifier(random_state=0).csv
chscase_whale_939,none,none,none,standard,DecisionTreeClassifier(random_state=0),4,1.0,0.001124620437622,0.0001389980316162,chscase_whale_939_results_DecisionTreeClassifier(random_state=0).csv
chscase_whale_939,none,none,none,minmax,DecisionTreeClassifier(random_state=0),0,1.0,0.001105785369873,0.0001394748687744,chscase_whale_939_results_DecisionTreeClassifier(random_state=0).csv
chscase_whale_939,none,none,none,minmax,DecisionTreeClassifier(random_state=0),1,1.0,0.0011086463928222,0.0001578330993652,chscase_whale_939_results_DecisionTreeClassifier(random_state=0).csv
chscase_whale_939,none,none,none,minmax,DecisionTreeClassifier(random_state=0),2,1.0,0.0010988712310791,0.0001387596130371,chscase_whale_939_results_DecisionTreeClassifier(random_state=0).csv
chscase_whale_939,none,none,none,minmax,DecisionTreeClassifier(random_state=0),3,1.0,0.0010397434234619,0.0001270771026611,chscase_whale_939_results_DecisionTreeClassifier(random_state=0).csv
chscase_whale_939,none,none,none,minmax,DecisionTreeClassifier(random_state=0),4,1.0,0.001096487045288,0.0001418590545654,chscase_whale_939_results_DecisionTreeClassifier(random_state=0).csv
chscase_whale_939,none,none,none,robust,DecisionTreeClassifier(random_state=0),0,1.0,0.0011115074157714,0.0001392364501953,chscase_whale_939_results_DecisionTreeClassifier(random_state=0).csv
chscase_whale_939,none,none,none,robust,DecisionTreeClassifier(random_state=0),1,1.0,0.0012087821960449,0.0001392364501953,chscase_whale_939_results_DecisionTreeClassifier(random_state=0).csv
chscase_whale_939,none,none,none,robust,DecisionTreeClassifier(random_state=0),2,1.0,0.0010640621185302,0.0001387596130371,chscase_whale_939_results_DecisionTreeClassifier(random_state=0).csv
Smartphone-Based_Recognition_of_Human_Activities_4153,simpleimputer,none,linear_svc,power,DecisionTreeClassifier(random_state=0),1,1.0,0.0021350383758544,0.0001559257507324,Smartphone-Based_Recognition_of_Human_Activities_4153_results_DecisionTreeClassifier(random_state=0).csv
Smartphone-Based_Recognition_of_Human_Activities_4153,simpleimputer,none,linear_svc,power,DecisionTreeClassifier(random_state=0),0,1.0,0.0020921230316162,0.0001580715179443,Smartphone-Based_Recognition_of_Human_Activities_4153_results_DecisionTreeClassifier(random_state=0).csv
Smartphone-Based_Recognition_of_Human_Activities_4153,simpleimputer,ordinalencoder,linear_svc,quantile,DecisionTreeClassifier(random_state=0),1,1.0,0.0021424293518066,0.0001938343048095,Smartphone-Based_Recognition_of_Human_Activities_4153_results_DecisionTreeClassifier(random_state=0).csv
Smartphone-Based_Recognition_of_Human_Activities_4153,simpleimputer,none,extra_tree,power,DecisionTreeClassifier(random_state=0),0,1.0,0.0018935203552246,0.0001590251922607,Smartphone-Based_Recognition_of_Human_Activities_4153_results_DecisionTreeClassifier(random_state=0).csv
Smartphone-Based_Recognition_of_Human_Activities_4153,simpleimputer,onehot,linear_svc,standard,DecisionTreeClassifier(random_state=0),1,1.0,0.0021600723266601,0.0001590251922607,Smartphone-Based_Recognition_of_Human_Activities_4153_results_DecisionTreeClassifier(random_state=0).csv
Smartphone-Based_Recognition_of_Human_Activities_4153,simpleimputer,onehot,linear_svc,standard,DecisionTreeClassifier(random_state=0),3,1.0,0.002190351486206,0.0001575946807861,Smartphone-Based_Recognition_of_Human_Activities_4153_results_DecisionTreeClassifier(random_state=0).csv
Smartphone-Based_Recognition_of_Human_Activities_4153,simpleimputer,onehot,extra_tree,standard,DecisionTreeClassifier(random_state=0),1,1.0,0.0020592212677001,0.0001611709594726,Smartphone-Based_Recognition_of_Human_Activities_4153_results_DecisionTreeClassifier(random_state=0).csv
Smartphone-Based_Recognition_of_Human_Activities_4153,none,none,polynomial_features,power,DecisionTreeClassifier(random_state=0),1,1.0,0.1126809120178222,0.0003395080566406,Smartphone-Based_Recognition_of_Human_Activities_4153_results_DecisionTreeClassifier(random_state=0).csv
Smartphone-Based_Recognition_of_Human_Activities_4153,simpleimputer,onehot,none,standard,DecisionTreeClassifier(random_state=0),0,1.0,0.0045835971832275,0.0001811981201171,Smartphone-Based_Recognition_of_Human_Activities_4153_results_DecisionTreeClassifier(random_state=0).csv
Smartphone-Based_Recognition_of_Human_Activities_4153,none,none,linear_svc,power,DecisionTreeClassifier(random_state=0),0,1.0,0.0021471977233886,0.0001614093780517,Smartphone-Based_Recognition_of_Human_Activities_4153_results_DecisionTreeClassifier(random_state=0).csv
Smartphone-Based_Recognition_of_Human_Activities_4153,simpleimputer,none,extra_tree,none,DecisionTreeClassifier(random_state=0),1,1.0,0.0021257400512695,0.0001602172851562,Smartphone-Based_Recognition_of_Human_Activities_4153_results_DecisionTreeClassifier(random_state=0).csv
Smartphone-Based_Recognition_of_Human_Activities_4153,simpleimputer,none,extra_tree,standard,DecisionTreeClassifier(random_state=0),1,1.0,0.0020656585693359,0.000180959701538,Smartphone-Based_Recognition_of_Human_Activities_4153_results_DecisionTreeClassifier(random_state=0).csv
Smartphone-Based_Recognition_of_Human_Activities_4153,none,none,none,power,DecisionTreeClassifier(random_state=0),0,1.0,0.0041420459747314,0.0001780986785888,Smartphone-Based_Recognition_of_Human_Activities_4153_results_DecisionTreeClassifier(random_state=0).csv
Smartphone-Based_Recognition_of_Human_Activities_4153,simpleimputer,onehot,extra_tree,none,DecisionTreeClassifier(random_state=0),1,1.0,0.0021522045135498,0.0002253055572509,Smartphone-Based_Recognition_of_Human_Activities_4153_results_DecisionTreeClassifier(random_state=0).csv
Smartphone-Based_Recognition_of_Human_Activities_4153,simpleimputer,ordinalencoder,linear_svc,minmax,DecisionTreeClassifier(random_state=0),3,1.0,0.0021805763244628,0.0001659393310546,Smartphone-Based_Recognition_of_Human_Activities_4153_results_DecisionTreeClassifier(random_state=0).csv
Smartphone-Based_Recognition_of_Human_Activities_4153,simpleimputer,ordinalencoder,none,robust,DecisionTreeClassifier(random_state=0),0,1.0,0.0051496028900146,0.0002501010894775,Smartphone-Based_Recognition_of_Human_Activities_4153_results_DecisionTreeClassifier(random_state=0).csv
Smartphone-Based_Recognition_of_Human_Activities_4153,simpleimputer,ordinalencoder,extra_tree,minmax,DecisionTreeClassifier(random_state=0),1,1.0,0.0021388530731201,0.0001730918884277,Smartphone-Based_Recognition_of_Human_Activities_4153_results_DecisionTreeClassifier(random_state=0).csv
Smartphone-Based_Recognition_of_Human_Activities_4153,simpleimputer,ordinalencoder,linear_svc,minmax,DecisionTreeClassifier(random_state=0),0,1.0,0.002061128616333,0.0001635551452636,Smartphone-Based_Recognition_of_Human_Activities_4153_results_DecisionTreeClassifier(random_state=0).csv
Smartphone-Based_Recognition_of_Human_Activities_4153,simpleimputer,none,none,standard,DecisionTreeClassifier(random_state=0),0,1.0,0.0051436424255371,0.0002129077911376,Smartphone-Based_Recognition_of_Human_Activities_4153_results_DecisionTreeClassifier(random_state=0).csv
Smartphone-Based_Recognition_of_Human_Activities_4153,simpleimputer,onehot,linear_svc,quantile,DecisionTreeClassifier(random_state=0),3,1.0,0.0023937225341796,0.0001626014709472,Smartphone-Based_Recognition_of_Human_Activities_4153_results_DecisionTreeClassifier(random_state=0).csv
bodyfat_778,none,none,select_percentile,none,DecisionTreeClassifier(random_state=0),3,1.0,0.0010454654693603,0.0001304149627685,bodyfat_778_results_DecisionTreeClassifier(random_state=0).csv
bodyfat_778,none,none,select_percentile,none,DecisionTreeClassifier(random_state=0),2,1.0,0.0009772777557373,0.0001296997070312,bodyfat_778_results_DecisionTreeClassifier(random_state=0).csv
bodyfat_778,none,none,none,none,DecisionTreeClassifier(random_state=0),0,1.0,0.0023379325866699,0.0010735988616943,bodyfat_778_results_DecisionTreeClassifier(random_state=0).csv
bodyfat_778,none,none,none,none,DecisionTreeClassifier(random_state=0),1,1.0,0.0021634101867675,0.0010430812835693,bodyfat_778_results_DecisionTreeClassifier(random_state=0).csv
bodyfat_778,none,none,none,none,DecisionTreeClassifier(random_state=0),2,1.0,0.0020990371704101,0.0010509490966796,bodyfat_778_results_DecisionTreeClassifier(random_state=0).csv
bodyfat_778,none,none,none,none,DecisionTreeClassifier(random_state=0),3,1.0,0.0022239685058593,0.0011088848114013,bodyfat_778_results_DecisionTreeClassifier(random_state=0).csv
bodyfat_778,simpleimputer,ordinalencoder,random_trees_embedding,quantile,DecisionTreeClassifier(random_state=0),2,1.0,0.0058856010437011,0.0002086162567138,bodyfat_778_results_DecisionTreeClassifier(random_state=0).csv
bodyfat_778,simpleimputer,ordinalencoder,extra_tree,quantile,DecisionTreeClassifier(random_state=0),0,1.0,0.0011336803436279,0.000150442123413,bodyfat_778_results_DecisionTreeClassifier(random_state=0).csv
bodyfat_778,simpleimputer,ordinalencoder,extra_tree,quantile,DecisionTreeClassifier(random_state=0),1,1.0,0.0009236335754394,0.0001156330108642,bodyfat_778_results_DecisionTreeClassifier(random_state=0).csv
bodyfat_778,simpleimputer,ordinalencoder,extra_tree,quantile,DecisionTreeClassifier(random_state=0),3,1.0,0.0010230541229248,0.0001146793365478,bodyfat_778_results_DecisionTreeClassifier(random_state=0).csv
bodyfat_778,simpleimputer,none,select_percentile,power,DecisionTreeClassifier(random_state=0),1,1.0,0.0009987354278564,0.0001287460327148,bodyfat_778_results_DecisionTreeClassifier(random_state=0).csv
bodyfat_778,simpleimputer,none,select_percentile,power,DecisionTreeClassifier(random_state=0),2,1.0,0.0010101795196533,0.0001308917999267,bodyfat_778_results_DecisionTreeClassifier(random_state=0).csv
bodyfat_778,simpleimputer,none,select_percentile,power,DecisionTreeClassifier(random_state=0),3,1.0,0.0010457038879394,0.0001325607299804,bodyfat_778_results_DecisionTreeClassifier(random_state=0).csv
bodyfat_778,simpleimputer,none,generic_univariate,power,DecisionTreeClassifier(random_state=0),0,1.0,0.0009741783142089,0.0001511573791503,bodyfat_778_results_DecisionTreeClassifier(random_state=0).csv
bodyfat_778,simpleimputer,none,generic_univariate,power,DecisionTreeClassifier(random_state=0),1,1.0,0.001094102859497,0.0001406669616699,bodyfat_778_results_DecisionTreeClassifier(random_state=0).csv
bodyfat_778,simpleimputer,none,generic_univariate,power,DecisionTreeClassifier(random_state=0),2,1.0,0.0011701583862304,0.0001475811004638,bodyfat_778_results_DecisionTreeClassifier(random_state=0).csv
bodyfat_778,simpleimputer,none,generic_univariate,power,DecisionTreeClassifier(random_state=0),3,1.0,0.0009753704071044,0.0001299381256103,bodyfat_778_results_DecisionTreeClassifier(random_state=0).csv
bodyfat_778,simpleimputer,none,polynomial_features,power,DecisionTreeClassifier(random_state=0),0,1.0,0.003288984298706,0.000145673751831,bodyfat_778_results_DecisionTreeClassifier(random_state=0).csv
bodyfat_778,simpleimputer,none,polynomial_features,power,DecisionTreeClassifier(random_state=0),1,1.0,0.0035011768341064,0.0001575946807861,bodyfat_778_results_DecisionTreeClassifier(random_state=0).csv
bodyfat_778,simpleimputer,none,polynomial_features,power,DecisionTreeClassifier(random_state=0),2,1.0,0.0035383701324462,0.0001580715179443,bodyfat_778_results_DecisionTreeClassifier(random_state=0).csv
socmob_934,none,ordinalencoder,polynomial_features,power,DecisionTreeClassifier(random_state=0),4,0.9567099567099568,0.004810094833374,0.0001845359802246,socmob_934_results_DecisionTreeClassifier(random_state=0).csv
socmob_934,simpleimputer,ordinalencoder,polynomial_features,power,DecisionTreeClassifier(random_state=0),4,0.9567099567099568,0.0048744678497314,0.0001873970031738,socmob_934_results_DecisionTreeClassifier(random_state=0).csv
socmob_934,none,onehot,none,normalizer,DecisionTreeClassifier(random_state=0),2,0.9567099567099568,0.0046920776367187,0.0003042221069335,socmob_934_results_DecisionTreeClassifier(random_state=0).csv
socmob_934,simpleimputer,onehot,none,normalizer,DecisionTreeClassifier(random_state=0),2,0.9567099567099568,0.0041921138763427,0.0001924037933349,socmob_934_results_DecisionTreeClassifier(random_state=0).csv
socmob_934,none,ordinalencoder,none,minmax,DecisionTreeClassifier(random_state=0),4,0.9523809523809524,0.0021002292633056,0.00018310546875,socmob_934_results_DecisionTreeClassifier(random_state=0).csv
socmob_934,none,ordinalencoder,none,power,DecisionTreeClassifier(random_state=0),4,0.9523809523809524,0.0020921230316162,0.0001835823059082,socmob_934_results_DecisionTreeClassifier(random_state=0).csv
socmob_934,simpleimputer,ordinalencoder,none,power,DecisionTreeClassifier(random_state=0),4,0.9523809523809524,0.0019659996032714,0.0001728534698486,socmob_934_results_DecisionTreeClassifier(random_state=0).csv
socmob_934,none,onehot,polynomial_features,none,DecisionTreeClassifier(random_state=0),2,0.9523809523809524,0.0243916511535644,0.000443696975708,socmob_934_results_DecisionTreeClassifier(random_state=0).csv
socmob_934,none,ordinalencoder,none,quantile,DecisionTreeClassifier(random_state=0),4,0.9523809523809524,0.0019612312316894,0.0001733303070068,socmob_934_results_DecisionTreeClassifier(random_state=0).csv
socmob_934,none,onehot,polynomial_features,standard,DecisionTreeClassifier(random_state=0),4,0.9523809523809524,0.0471105575561523,0.0004456043243408,socmob_934_results_DecisionTreeClassifier(random_state=0).csv
socmob_934,simpleimputer,ordinalencoder,none,robust,DecisionTreeClassifier(random_state=0),4,0.9523809523809524,0.0020027160644531,0.0001800060272216,socmob_934_results_DecisionTreeClassifier(random_state=0).csv
socmob_934,simpleimputer,onehot,polynomial_features,none,DecisionTreeClassifier(random_state=0),2,0.9523809523809524,0.0247938632965087,0.0004410743713378,socmob_934_results_DecisionTreeClassifier(random_state=0).csv
socmob_934,simpleimputer,onehot,polynomial_features,standard,DecisionTreeClassifier(random_state=0),4,0.9523809523809524,0.0508263111114501,0.0004963874816894,socmob_934_results_DecisionTreeClassifier(random_state=0).csv
socmob_934,none,ordinalencoder,none,none,DecisionTreeClassifier(random_state=0),4,0.9523809523809524,0.0028433799743652,0.0008111000061035,socmob_934_results_DecisionTreeClassifier(random_state=0).csv
socmob_934,none,onehot,polynomial_features,minmax,DecisionTreeClassifier(random_state=0),2,0.9523809523809524,0.0242819786071777,0.0004189014434814,socmob_934_results_DecisionTreeClassifier(random_state=0).csv
socmob_934,simpleimputer,onehot,none,none,DecisionTreeClassifier(random_state=0),2,0.9523809523809524,0.0024757385253906,0.0001852512359619,socmob_934_results_DecisionTreeClassifier(random_state=0).csv
socmob_934,none,ordinalencoder,none,standard,DecisionTreeClassifier(random_state=0),4,0.9523809523809524,0.0020961761474609,0.0001838207244873,socmob_934_results_DecisionTreeClassifier(random_state=0).csv
socmob_934,simpleimputer,ordinalencoder,none,standard,DecisionTreeClassifier(random_state=0),4,0.9523809523809524,0.0019748210906982,0.0001990795135498,socmob_934_results_DecisionTreeClassifier(random_state=0).csv
socmob_934,simpleimputer,onehot,polynomial_features,minmax,DecisionTreeClassifier(random_state=0),2,0.9523809523809524,0.0235340595245361,0.0004599094390869,socmob_934_results_DecisionTreeClassifier(random_state=0).csv
socmob_934,simpleimputer,onehot,none,robust,DecisionTreeClassifier(random_state=0),2,0.9523809523809524,0.0023958683013916,0.0001778602600097,socmob_934_results_DecisionTreeClassifier(random_state=0).csv
servo_747,none,ordinalencoder,pca,robust,DecisionTreeClassifier(random_state=0),1,1.0,0.0010733604431152,0.000131607055664,servo_747_results_DecisionTreeClassifier(random_state=0).csv
servo_747,none,ordinalencoder,rbf_sampler,minmax,DecisionTreeClassifier(random_state=0),2,1.0,0.0047600269317626,0.0001847743988037,servo_747_results_DecisionTreeClassifier(random_state=0).csv
servo_747,simpleimputer,ordinalencoder,fastica,quantile,DecisionTreeClassifier(random_state=0),1,1.0,0.0011224746704101,0.0001356601715087,servo_747_results_DecisionTreeClassifier(random_state=0).csv
servo_747,none,onehot,truncated_svd,none,DecisionTreeClassifier(random_state=0),4,1.0,0.0009996891021728,0.0001275539398193,servo_747_results_DecisionTreeClassifier(random_state=0).csv
servo_747,none,onehot,linear_svc,none,DecisionTreeClassifier(random_state=0),1,1.0,0.0008728504180908,0.0001249313354492,servo_747_results_DecisionTreeClassifier(random_state=0).csv
servo_747,none,ordinalencoder,feature_agglomeration,standard,DecisionTreeClassifier(random_state=0),2,1.0,0.0010297298431396,0.0001318454742431,servo_747_results_DecisionTreeClassifier(random_state=0).csv
servo_747,none,ordinalencoder,feature_agglomeration,minmax,DecisionTreeClassifier(random_state=0),2,1.0,0.0009131431579589,0.0001296997070312,servo_747_results_DecisionTreeClassifier(random_state=0).csv
servo_747,none,ordinalencoder,feature_agglomeration,minmax,DecisionTreeClassifier(random_state=0),1,1.0,0.0011332035064697,0.0001351833343505,servo_747_results_DecisionTreeClassifier(random_state=0).csv
servo_747,none,ordinalencoder,feature_agglomeration,minmax,DecisionTreeClassifier(random_state=0),3,1.0,0.0009326934814453,0.0001277923583984,servo_747_results_DecisionTreeClassifier(random_state=0).csv
servo_747,simpleimputer,onehot,kernel_pca,normalizer,DecisionTreeClassifier(random_state=0),4,1.0,0.001591682434082,0.0001592636108398,servo_747_results_DecisionTreeClassifier(random_state=0).csv
servo_747,simpleimputer,ordinalencoder,feature_agglomeration,minmax,DecisionTreeClassifier(random_state=0),3,1.0,0.0009434223175048,0.0001895427703857,servo_747_results_DecisionTreeClassifier(random_state=0).csv
servo_747,none,onehot,nystroem,robust,DecisionTreeClassifier(random_state=0),1,1.0,0.0061159133911132,0.0001726150512695,servo_747_results_DecisionTreeClassifier(random_state=0).csv
servo_747,none,onehot,kernel_pca,normalizer,DecisionTreeClassifier(random_state=0),4,1.0,0.0015993118286132,0.0001516342163085,servo_747_results_DecisionTreeClassifier(random_state=0).csv
servo_747,simpleimputer,ordinalencoder,feature_agglomeration,power,DecisionTreeClassifier(random_state=0),2,1.0,0.0017070770263671,0.0002055168151855,servo_747_results_DecisionTreeClassifier(random_state=0).csv
servo_747,simpleimputer,onehot,nystroem,robust,DecisionTreeClassifier(random_state=0),1,1.0,0.0065762996673583,0.000171422958374,servo_747_results_DecisionTreeClassifier(random_state=0).csv
servo_747,simpleimputer,ordinalencoder,feature_agglomeration,power,DecisionTreeClassifier(random_state=0),3,1.0,0.0015485286712646,0.0001473426818847,servo_747_results_DecisionTreeClassifier(random_state=0).csv
servo_747,simpleimputer,ordinalencoder,feature_agglomeration,minmax,DecisionTreeClassifier(random_state=0),1,1.0,0.0009138584136962,0.0001273155212402,servo_747_results_DecisionTreeClassifier(random_state=0).csv
servo_747,none,ordinalencoder,fastica,power,DecisionTreeClassifier(random_state=0),1,1.0,0.0009996891021728,0.0001313686370849,servo_747_results_DecisionTreeClassifier(random_state=0).csv
servo_747,simpleimputer,onehot,linear_svc,none,DecisionTreeClassifier(random_state=0),1,1.0,0.0008952617645263,0.0001173019409179,servo_747_results_DecisionTreeClassifier(random_state=0).csv
servo_747,simpleimputer,onehot,nystroem,quantile,DecisionTreeClassifier(random_state=0),1,1.0,0.0077674388885498,0.0003206729888916,servo_747_results_DecisionTreeClassifier(random_state=0).csv
KnuggetChase3_1448,none,ordinalencoder,kernel_pca,minmax,DecisionTreeClassifier(random_state=0),1,0.8974358974358975,0.0057733058929443,0.0003402233123779,KnuggetChase3_1448_results_DecisionTreeClassifier(random_state=0).csv
KnuggetChase3_1448,none,onehot,none,normalizer,DecisionTreeClassifier(random_state=0),1,0.8974358974358975,0.0057647228240966,0.0001921653747558,KnuggetChase3_1448_results_DecisionTreeClassifier(random_state=0).csv
KnuggetChase3_1448,simpleimputer,ordinalencoder,kernel_pca,minmax,DecisionTreeClassifier(random_state=0),1,0.8974358974358975,0.0058355331420898,0.0002787113189697,KnuggetChase3_1448_results_DecisionTreeClassifier(random_state=0).csv
KnuggetChase3_1448,simpleimputer,ordinalencoder,truncated_svd,minmax,DecisionTreeClassifier(random_state=0),3,0.8974358974358975,0.0010361671447753,0.0001494884490966,KnuggetChase3_1448_results_DecisionTreeClassifier(random_state=0).csv
KnuggetChase3_1448,simpleimputer,ordinalencoder,none,normalizer,DecisionTreeClassifier(random_state=0),1,0.8974358974358975,0.0066199302673339,0.0002365112304687,KnuggetChase3_1448_results_DecisionTreeClassifier(random_state=0).csv
KnuggetChase3_1448,none,ordinalencoder,none,normalizer,DecisionTreeClassifier(random_state=0),1,0.8974358974358975,0.0065748691558837,0.000199556350708,KnuggetChase3_1448_results_DecisionTreeClassifier(random_state=0).csv
KnuggetChase3_1448,none,onehot,truncated_svd,minmax,DecisionTreeClassifier(random_state=0),3,0.8974358974358975,0.0010859966278076,0.0001528263092041,KnuggetChase3_1448_results_DecisionTreeClassifier(random_state=0).csv
KnuggetChase3_1448,none,onehot,kernel_pca,minmax,DecisionTreeClassifier(random_state=0),1,0.8974358974358975,0.0052711963653564,0.0001754760742187,KnuggetChase3_1448_results_DecisionTreeClassifier(random_state=0).csv
KnuggetChase3_1448,none,ordinalencoder,truncated_svd,minmax,DecisionTreeClassifier(random_state=0),3,0.8974358974358975,0.0010514259338378,0.0001749992370605,KnuggetChase3_1448_results_DecisionTreeClassifier(random_state=0).csv
KnuggetChase3_1448,simpleimputer,none,kernel_pca,minmax,DecisionTreeClassifier(random_state=0),1,0.8974358974358975,0.0089287757873535,0.0003533363342285,KnuggetChase3_1448_results_DecisionTreeClassifier(random_state=0).csv
KnuggetChase3_1448,simpleimputer,none,truncated_svd,minmax,DecisionTreeClassifier(random_state=0),3,0.8974358974358975,0.0011072158813476,0.0001537799835205,KnuggetChase3_1448_results_DecisionTreeClassifier(random_state=0).csv
KnuggetChase3_1448,none,none,truncated_svd,minmax,DecisionTreeClassifier(random_state=0),3,0.8974358974358975,0.0010545253753662,0.0001499652862548,KnuggetChase3_1448_results_DecisionTreeClassifier(random_state=0).csv
KnuggetChase3_1448,simpleimputer,onehot,truncated_svd,minmax,DecisionTreeClassifier(random_state=0),3,0.8974358974358975,0.0012025833129882,0.0001630783081054,KnuggetChase3_1448_results_DecisionTreeClassifier(random_state=0).csv
KnuggetChase3_1448,simpleimputer,onehot,kernel_pca,minmax,DecisionTreeClassifier(random_state=0),1,0.8974358974358975,0.0055739879608154,0.0001909732818603,KnuggetChase3_1448_results_DecisionTreeClassifier(random_state=0).csv
KnuggetChase3_1448,simpleimputer,onehot,none,normalizer,DecisionTreeClassifier(random_state=0),1,0.8974358974358975,0.0066139698028564,0.0002617835998535,KnuggetChase3_1448_results_DecisionTreeClassifier(random_state=0).csv
KnuggetChase3_1448,none,none,kernel_pca,minmax,DecisionTreeClassifier(random_state=0),1,0.8974358974358975,0.0057592391967773,0.0002017021179199,KnuggetChase3_1448_results_DecisionTreeClassifier(random_state=0).csv
KnuggetChase3_1448,simpleimputer,none,none,normalizer,DecisionTreeClassifier(random_state=0),1,0.8974358974358975,0.0066723823547363,0.0001955032348632,KnuggetChase3_1448_results_DecisionTreeClassifier(random_state=0).csv
KnuggetChase3_1448,none,none,none,normalizer,DecisionTreeClassifier(random_state=0),1,0.8974358974358975,0.0066974163055419,0.0002839565277099,KnuggetChase3_1448_results_DecisionTreeClassifier(random_state=0).csv
KnuggetChase3_1448,simpleimputer,ordinalencoder,select_percentile,minmax,DecisionTreeClassifier(random_state=0),1,0.8717948717948718,0.0011782646179199,0.0001535415649414,KnuggetChase3_1448_results_DecisionTreeClassifier(random_state=0).csv
KnuggetChase3_1448,simpleimputer,ordinalencoder,extra_tree,standard,DecisionTreeClassifier(random_state=0),1,0.8717948717948718,0.0017945766448974,0.0001611709594726,KnuggetChase3_1448_results_DecisionTreeClassifier(random_state=0).csv
analcatdata_wildcat_748,none,none,random_trees_embedding,power,DecisionTreeClassifier(random_state=0),0,0.8787878787878788,0.0081236362457275,0.0001924037933349,analcatdata_wildcat_748_results_DecisionTreeClassifier(random_state=0).csv
analcatdata_wildcat_748,simpleimputer,none,random_trees_embedding,power,DecisionTreeClassifier(random_state=0),0,0.8787878787878788,0.0081448554992675,0.0001947879791259,analcatdata_wildcat_748_results_DecisionTreeClassifier(random_state=0).csv
analcatdata_wildcat_748,none,ordinalencoder,random_trees_embedding,power,DecisionTreeClassifier(random_state=0),0,0.8787878787878788,0.008573293685913,0.0002417564392089,analcatdata_wildcat_748_results_DecisionTreeClassifier(random_state=0).csv
analcatdata_wildcat_748,simpleimputer,onehot,fastica,standard,DecisionTreeClassifier(random_state=0),0,0.8787878787878788,0.0010950565338134,0.0001132488250732,analcatdata_wildcat_748_results_DecisionTreeClassifier(random_state=0).csv
analcatdata_wildcat_748,simpleimputer,none,fastica,standard,DecisionTreeClassifier(random_state=0),0,0.8787878787878788,0.0012228488922119,0.0001206398010253,analcatdata_wildcat_748_results_DecisionTreeClassifier(random_state=0).csv
analcatdata_wildcat_748,none,onehot,fastica,standard,DecisionTreeClassifier(random_state=0),0,0.8787878787878788,0.0011522769927978,0.000117540359497,analcatdata_wildcat_748_results_DecisionTreeClassifier(random_state=0).csv
analcatdata_wildcat_748,simpleimputer,ordinalencoder,fastica,standard,DecisionTreeClassifier(random_state=0),0,0.8787878787878788,0.0012516975402832,0.0001208782196044,analcatdata_wildcat_748_results_DecisionTreeClassifier(random_state=0).csv
analcatdata_wildcat_748,none,onehot,random_trees_embedding,power,DecisionTreeClassifier(random_state=0),0,0.8787878787878788,0.0083434581756591,0.0003213882446289,analcatdata_wildcat_748_results_DecisionTreeClassifier(random_state=0).csv
analcatdata_wildcat_748,simpleimputer,onehot,random_trees_embedding,power,DecisionTreeClassifier(random_state=0),0,0.8787878787878788,0.0083000659942626,0.000192642211914,analcatdata_wildcat_748_results_DecisionTreeClassifier(random_state=0).csv
analcatdata_wildcat_748,simpleimputer,ordinalencoder,random_trees_embedding,power,DecisionTreeClassifier(random_state=0),0,0.8787878787878788,0.0083444118499755,0.0002281665802001,analcatdata_wildcat_748_results_DecisionTreeClassifier(random_state=0).csv
analcatdata_wildcat_748,none,none,fastica,standard,DecisionTreeClassifier(random_state=0),0,0.8787878787878788,0.0011351108551025,0.0001447200775146,analcatdata_wildcat_748_results_DecisionTreeClassifier(random_state=0).csv
analcatdata_wildcat_748,none,ordinalencoder,fastica,standard,DecisionTreeClassifier(random_state=0),0,0.8787878787878788,0.0011255741119384,0.0001156330108642,analcatdata_wildcat_748_results_DecisionTreeClassifier(random_state=0).csv
analcatdata_wildcat_748,none,onehot,truncated_svd,quantile,DecisionTreeClassifier(random_state=0),3,0.875,0.0011360645294189,0.000162124633789,analcatdata_wildcat_748_results_DecisionTreeClassifier(random_state=0).csv
analcatdata_wildcat_748,none,onehot,kernel_pca,none,DecisionTreeClassifier(random_state=0),3,0.875,0.0014934539794921,0.000138521194458,analcatdata_wildcat_748_results_DecisionTreeClassifier(random_state=0).csv
analcatdata_wildcat_748,none,ordinalencoder,truncated_svd,quantile,DecisionTreeClassifier(random_state=0),3,0.875,0.0009975433349609,0.0001158714294433,analcatdata_wildcat_748_results_DecisionTreeClassifier(random_state=0).csv
analcatdata_wildcat_748,simpleimputer,none,pca,none,DecisionTreeClassifier(random_state=0),3,0.875,0.001288890838623,0.0001523494720458,analcatdata_wildcat_748_results_DecisionTreeClassifier(random_state=0).csv
analcatdata_wildcat_748,simpleimputer,onehot,pca,none,DecisionTreeClassifier(random_state=0),3,0.875,0.0011911392211914,0.0001249313354492,analcatdata_wildcat_748_results_DecisionTreeClassifier(random_state=0).csv
analcatdata_wildcat_748,none,ordinalencoder,pca,none,DecisionTreeClassifier(random_state=0),3,0.875,0.0012247562408447,0.0001146793365478,analcatdata_wildcat_748_results_DecisionTreeClassifier(random_state=0).csv
analcatdata_wildcat_748,simpleimputer,ordinalencoder,fastica,normalizer,DecisionTreeClassifier(random_state=0),3,0.875,0.0012309551239013,0.0001182556152343,analcatdata_wildcat_748_results_DecisionTreeClassifier(random_state=0).csv
analcatdata_wildcat_748,none,none,truncated_svd,quantile,DecisionTreeClassifier(random_state=0),3,0.875,0.0009124279022216,0.0001122951507568,analcatdata_wildcat_748_results_DecisionTreeClassifier(random_state=0).csv
qualitative-bankruptcy_1495,simpleimputer,ordinalencoder,kernel_pca,quantile,DecisionTreeClassifier(random_state=0),0,1.0,0.0013060569763183,0.000138521194458,qualitative-bankruptcy_1495_results_DecisionTreeClassifier(random_state=0).csv
qualitative-bankruptcy_1495,none,none,none,none,DecisionTreeClassifier(random_state=0),0,1.0,0.0017116069793701,0.0009994506835937,qualitative-bankruptcy_1495_results_DecisionTreeClassifier(random_state=0).csv
qualitative-bankruptcy_1495,none,none,none,none,DecisionTreeClassifier(random_state=0),1,1.0,0.0015771389007568,0.0009996891021728,qualitative-bankruptcy_1495_results_DecisionTreeClassifier(random_state=0).csv
qualitative-bankruptcy_1495,none,none,none,none,DecisionTreeClassifier(random_state=0),2,1.0,0.0015196800231933,0.0009393692016601,qualitative-bankruptcy_1495_results_DecisionTreeClassifier(random_state=0).csv
qualitative-bankruptcy_1495,none,none,none,none,DecisionTreeClassifier(random_state=0),3,1.0,0.0015735626220703,0.0007417201995849,qualitative-bankruptcy_1495_results_DecisionTreeClassifier(random_state=0).csv
qualitative-bankruptcy_1495,none,none,none,none,DecisionTreeClassifier(random_state=0),4,1.0,0.0017132759094238,0.0007636547088623,qualitative-bankruptcy_1495_results_DecisionTreeClassifier(random_state=0).csv
qualitative-bankruptcy_1495,none,none,pca,none,DecisionTreeClassifier(random_state=0),0,1.0,0.0010981559753417,0.0001256465911865,qualitative-bankruptcy_1495_results_DecisionTreeClassifier(random_state=0).csv
qualitative-bankruptcy_1495,simpleimputer,ordinalencoder,linear_svc,quantile,DecisionTreeClassifier(random_state=0),3,1.0,0.000842809677124,0.0001180171966552,qualitative-bankruptcy_1495_results_DecisionTreeClassifier(random_state=0).csv
qualitative-bankruptcy_1495,simpleimputer,ordinalencoder,linear_svc,quantile,DecisionTreeClassifier(random_state=0),0,1.0,0.0007755756378173,0.000124454498291,qualitative-bankruptcy_1495_results_DecisionTreeClassifier(random_state=0).csv
qualitative-bankruptcy_1495,simpleimputer,ordinalencoder,extra_tree,quantile,DecisionTreeClassifier(random_state=0),4,1.0,0.0008437633514404,0.0001161098480224,qualitative-bankruptcy_1495_results_DecisionTreeClassifier(random_state=0).csv
qualitative-bankruptcy_1495,simpleimputer,ordinalencoder,extra_tree,quantile,DecisionTreeClassifier(random_state=0),3,1.0,0.0008718967437744,0.0001149177551269,qualitative-bankruptcy_1495_results_DecisionTreeClassifier(random_state=0).csv
qualitative-bankruptcy_1495,simpleimputer,ordinalencoder,extra_tree,quantile,DecisionTreeClassifier(random_state=0),2,1.0,0.0008487701416015,0.0001149177551269,qualitative-bankruptcy_1495_results_DecisionTreeClassifier(random_state=0).csv
qualitative-bankruptcy_1495,none,none,fastica,none,DecisionTreeClassifier(random_state=0),1,1.0,0.0010981559753417,0.0001211166381835,qualitative-bankruptcy_1495_results_DecisionTreeClassifier(random_state=0).csv
qualitative-bankruptcy_1495,none,none,fastica,none,DecisionTreeClassifier(random_state=0),2,1.0,0.0011496543884277,0.000119924545288,qualitative-bankruptcy_1495_results_DecisionTreeClassifier(random_state=0).csv
qualitative-bankruptcy_1495,simpleimputer,ordinalencoder,extra_tree,quantile,DecisionTreeClassifier(random_state=0),1,1.0,0.0008761882781982,0.0001678466796875,qualitative-bankruptcy_1495_results_DecisionTreeClassifier(random_state=0).csv
qualitative-bankruptcy_1495,simpleimputer,ordinalencoder,select_percentile,quantile,DecisionTreeClassifier(random_state=0),0,1.0,0.0009443759918212,0.000295877456665,qualitative-bankruptcy_1495_results_DecisionTreeClassifier(random_state=0).csv
qualitative-bankruptcy_1495,simpleimputer,ordinalencoder,select_percentile,quantile,DecisionTreeClassifier(random_state=0),1,1.0,0.0009517669677734,0.0001146793365478,qualitative-bankruptcy_1495_results_DecisionTreeClassifier(random_state=0).csv
qualitative-bankruptcy_1495,simpleimputer,ordinalencoder,select_percentile,quantile,DecisionTreeClassifier(random_state=0),3,1.0,0.0008008480072021,0.0001139640808105,qualitative-bankruptcy_1495_results_DecisionTreeClassifier(random_state=0).csv
qualitative-bankruptcy_1495,simpleimputer,ordinalencoder,fastica,quantile,DecisionTreeClassifier(random_state=0),0,1.0,0.0010673999786376,0.0001232624053955,qualitative-bankruptcy_1495_results_DecisionTreeClassifier(random_state=0).csv
qualitative-bankruptcy_1495,simpleimputer,ordinalencoder,fastica,quantile,DecisionTreeClassifier(random_state=0),1,1.0,0.0011336803436279,0.0001218318939208,qualitative-bankruptcy_1495_results_DecisionTreeClassifier(random_state=0).csv
wilt_40983,none,onehot,fastica,robust,DecisionTreeClassifier(random_state=0),4,0.9896587383660806,0.0145127773284912,0.0002036094665527,wilt_40983_results_DecisionTreeClassifier(random_state=0).csv
wilt_40983,simpleimputer,onehot,fastica,robust,DecisionTreeClassifier(random_state=0),4,0.9896587383660806,0.0142862796783447,0.0002129077911376,wilt_40983_results_DecisionTreeClassifier(random_state=0).csv
wilt_40983,none,ordinalencoder,fastica,robust,DecisionTreeClassifier(random_state=0),4,0.9896587383660806,0.0162363052368164,0.0002620220184326,wilt_40983_results_DecisionTreeClassifier(random_state=0).csv
wilt_40983,simpleimputer,none,fastica,robust,DecisionTreeClassifier(random_state=0),4,0.9896587383660806,0.0147531032562255,0.0002295970916748,wilt_40983_results_DecisionTreeClassifier(random_state=0).csv
wilt_40983,simpleimputer,ordinalencoder,fastica,robust,DecisionTreeClassifier(random_state=0),4,0.9896587383660806,0.0148398876190185,0.000206708908081,wilt_40983_results_DecisionTreeClassifier(random_state=0).csv
wilt_40983,none,none,fastica,robust,DecisionTreeClassifier(random_state=0),4,0.9896587383660806,0.014075756072998,0.0002038478851318,wilt_40983_results_DecisionTreeClassifier(random_state=0).csv
wilt_40983,none,none,kernel_pca,power,DecisionTreeClassifier(random_state=0),4,0.9886246122026888,0.0173869132995605,0.0002508163452148,wilt_40983_results_DecisionTreeClassifier(random_state=0).csv
wilt_40983,none,onehot,fastica,none,DecisionTreeClassifier(random_state=0),4,0.9886246122026888,0.017613410949707,0.0002293586730957,wilt_40983_results_DecisionTreeClassifier(random_state=0).csv
wilt_40983,none,none,fastica,none,DecisionTreeClassifier(random_state=0),4,0.9886246122026888,0.0205621719360351,0.0003824234008789,wilt_40983_results_DecisionTreeClassifier(random_state=0).csv
wilt_40983,none,ordinalencoder,kernel_pca,power,DecisionTreeClassifier(random_state=0),4,0.9886246122026888,0.0172810554504394,0.0002202987670898,wilt_40983_results_DecisionTreeClassifier(random_state=0).csv
wilt_40983,simpleimputer,none,fastica,none,DecisionTreeClassifier(random_state=0),4,0.9886246122026888,0.0166926383972167,0.00022554397583,wilt_40983_results_DecisionTreeClassifier(random_state=0).csv
wilt_40983,simpleimputer,none,kernel_pca,power,DecisionTreeClassifier(random_state=0),4,0.9886246122026888,0.0290453433990478,0.0003421306610107,wilt_40983_results_DecisionTreeClassifier(random_state=0).csv
wilt_40983,simpleimputer,onehot,fastica,none,DecisionTreeClassifier(random_state=0),4,0.9886246122026888,0.021733283996582,0.0003936290740966,wilt_40983_results_DecisionTreeClassifier(random_state=0).csv
wilt_40983,none,ordinalencoder,fastica,none,DecisionTreeClassifier(random_state=0),4,0.9886246122026888,0.0167796611785888,0.000197410583496,wilt_40983_results_DecisionTreeClassifier(random_state=0).csv
wilt_40983,simpleimputer,onehot,kernel_pca,power,DecisionTreeClassifier(random_state=0),4,0.9886246122026888,0.0171599388122558,0.0001897811889648,wilt_40983_results_DecisionTreeClassifier(random_state=0).csv
wilt_40983,simpleimputer,ordinalencoder,fastica,none,DecisionTreeClassifier(random_state=0),4,0.9886246122026888,0.0165975093841552,0.0002415180206298,wilt_40983_results_DecisionTreeClassifier(random_state=0).csv
wilt_40983,none,onehot,kernel_pca,power,DecisionTreeClassifier(random_state=0),4,0.9886246122026888,0.0167498588562011,0.0001947879791259,wilt_40983_results_DecisionTreeClassifier(random_state=0).csv
wilt_40983,simpleimputer,ordinalencoder,kernel_pca,power,DecisionTreeClassifier(random_state=0),4,0.9886246122026888,0.0192291736602783,0.0003280639648437,wilt_40983_results_DecisionTreeClassifier(random_state=0).csv
wilt_40983,simpleimputer,onehot,pca,power,DecisionTreeClassifier(random_state=0),3,0.987603305785124,0.0130214691162109,0.0002577304840087,wilt_40983_results_DecisionTreeClassifier(random_state=0).csv
wilt_40983,none,ordinalencoder,kernel_pca,power,DecisionTreeClassifier(random_state=0),3,0.987603305785124,0.015263557434082,0.0001933574676513,wilt_40983_results_DecisionTreeClassifier(random_state=0).csv
boston_853,none,ordinalencoder,polynomial_features,standard,DecisionTreeClassifier(random_state=0),0,0.9019607843137256,0.0223441123962402,0.0002093315124511,boston_853_results_DecisionTreeClassifier(random_state=0).csv
boston_853,simpleimputer,none,polynomial_features,standard,DecisionTreeClassifier(random_state=0),0,0.9019607843137256,0.0225627422332763,0.0001959800720214,boston_853_results_DecisionTreeClassifier(random_state=0).csv
boston_853,none,none,polynomial_features,standard,DecisionTreeClassifier(random_state=0),0,0.9019607843137256,0.0226545333862304,0.0002784729003906,boston_853_results_DecisionTreeClassifier(random_state=0).csv
boston_853,simpleimputer,ordinalencoder,polynomial_features,standard,DecisionTreeClassifier(random_state=0),0,0.9019607843137256,0.0224437713623046,0.0002038478851318,boston_853_results_DecisionTreeClassifier(random_state=0).csv
boston_853,simpleimputer,onehot,polynomial_features,standard,DecisionTreeClassifier(random_state=0),0,0.9019607843137256,0.0227777957916259,0.0002698898315429,boston_853_results_DecisionTreeClassifier(random_state=0).csv
boston_853,none,onehot,polynomial_features,standard,DecisionTreeClassifier(random_state=0),0,0.9019607843137256,0.0225725173950195,0.0002031326293945,boston_853_results_DecisionTreeClassifier(random_state=0).csv
boston_853,none,none,pca,standard,DecisionTreeClassifier(random_state=0),1,0.900990099009901,0.0034651756286621,0.0002357959747314,boston_853_results_DecisionTreeClassifier(random_state=0).csv
boston_853,simpleimputer,onehot,pca,standard,DecisionTreeClassifier(random_state=0),1,0.900990099009901,0.0034270286560058,0.0001473426818847,boston_853_results_DecisionTreeClassifier(random_state=0).csv
boston_853,simpleimputer,none,pca,standard,DecisionTreeClassifier(random_state=0),1,0.900990099009901,0.0036525726318359,0.0002012252807617,boston_853_results_DecisionTreeClassifier(random_state=0).csv
boston_853,none,onehot,pca,standard,DecisionTreeClassifier(random_state=0),1,0.900990099009901,0.0034489631652832,0.0001623630523681,boston_853_results_DecisionTreeClassifier(random_state=0).csv
boston_853,none,ordinalencoder,pca,standard,DecisionTreeClassifier(random_state=0),1,0.900990099009901,0.0034215450286865,0.0001497268676757,boston_853_results_DecisionTreeClassifier(random_state=0).csv
boston_853,simpleimputer,ordinalencoder,pca,standard,DecisionTreeClassifier(random_state=0),1,0.900990099009901,0.0035030841827392,0.0001471042633056,boston_853_results_DecisionTreeClassifier(random_state=0).csv
boston_853,none,none,none,normalizer,DecisionTreeClassifier(random_state=0),0,0.8921568627450981,0.0042755603790283,0.000169038772583,boston_853_results_DecisionTreeClassifier(random_state=0).csv
boston_853,simpleimputer,ordinalencoder,none,normalizer,DecisionTreeClassifier(random_state=0),0,0.8921568627450981,0.0041024684906005,0.0001628398895263,boston_853_results_DecisionTreeClassifier(random_state=0).csv
boston_853,none,ordinalencoder,none,normalizer,DecisionTreeClassifier(random_state=0),0,0.8921568627450981,0.0040919780731201,0.0001962184906005,boston_853_results_DecisionTreeClassifier(random_state=0).csv
boston_853,simpleimputer,onehot,none,normalizer,DecisionTreeClassifier(random_state=0),0,0.8921568627450981,0.0042893886566162,0.0002009868621826,boston_853_results_DecisionTreeClassifier(random_state=0).csv
boston_853,none,onehot,none,normalizer,DecisionTreeClassifier(random_state=0),0,0.8921568627450981,0.0041403770446777,0.0001626014709472,boston_853_results_DecisionTreeClassifier(random_state=0).csv
boston_853,simpleimputer,none,none,normalizer,DecisionTreeClassifier(random_state=0),0,0.8921568627450981,0.0043561458587646,0.0001657009124755,boston_853_results_DecisionTreeClassifier(random_state=0).csv
boston_853,none,onehot,polynomial_features,normalizer,DecisionTreeClassifier(random_state=0),1,0.8910891089108911,0.0237488746643066,0.0001640319824218,boston_853_results_DecisionTreeClassifier(random_state=0).csv
boston_853,simpleimputer,none,polynomial_features,normalizer,DecisionTreeClassifier(random_state=0),1,0.8910891089108911,0.0232906341552734,0.0002059936523437,boston_853_results_DecisionTreeClassifier(random_state=0).csv
seeds_1499,none,none,extra_tree,none,DecisionTreeClassifier(random_state=0),4,1.0,0.0010075569152832,0.0001204013824462,seeds_1499_results_DecisionTreeClassifier(random_state=0).csv
seeds_1499,simpleimputer,onehot,extra_tree,none,DecisionTreeClassifier(random_state=0),4,1.0,0.001035451889038,0.0001449584960937,seeds_1499_results_DecisionTreeClassifier(random_state=0).csv
seeds_1499,simpleimputer,onehot,extra_tree,standard,DecisionTreeClassifier(random_state=0),4,1.0,0.0010805130004882,0.000124454498291,seeds_1499_results_DecisionTreeClassifier(random_state=0).csv
seeds_1499,simpleimputer,ordinalencoder,extra_tree,standard,DecisionTreeClassifier(random_state=0),4,1.0,0.0010852813720703,0.0001723766326904,seeds_1499_results_DecisionTreeClassifier(random_state=0).csv
seeds_1499,none,ordinalencoder,extra_tree,robust,DecisionTreeClassifier(random_state=0),4,1.0,0.001021385192871,0.0001156330108642,seeds_1499_results_DecisionTreeClassifier(random_state=0).csv
seeds_1499,simpleimputer,onehot,extra_tree,minmax,DecisionTreeClassifier(random_state=0),4,1.0,0.0010240077972412,0.0001213550567626,seeds_1499_results_DecisionTreeClassifier(random_state=0).csv
seeds_1499,none,none,extra_tree,standard,DecisionTreeClassifier(random_state=0),4,1.0,0.0010795593261718,0.0001223087310791,seeds_1499_results_DecisionTreeClassifier(random_state=0).csv
seeds_1499,none,ordinalencoder,extra_tree,standard,DecisionTreeClassifier(random_state=0),4,1.0,0.001049518585205,0.0001230239868164,seeds_1499_results_DecisionTreeClassifier(random_state=0).csv
seeds_1499,none,none,extra_tree,robust,DecisionTreeClassifier(random_state=0),4,1.0,0.0011019706726074,0.0001225471496582,seeds_1499_results_DecisionTreeClassifier(random_state=0).csv
seeds_1499,simpleimputer,none,extra_tree,none,DecisionTreeClassifier(random_state=0),4,1.0,0.0010311603546142,0.0001204013824462,seeds_1499_results_DecisionTreeClassifier(random_state=0).csv
seeds_1499,simpleimputer,none,extra_tree,standard,DecisionTreeClassifier(random_state=0),4,1.0,0.0010609626770019,0.0001204013824462,seeds_1499_results_DecisionTreeClassifier(random_state=0).csv
seeds_1499,simpleimputer,none,extra_tree,minmax,DecisionTreeClassifier(random_state=0),4,1.0,0.0010547637939453,0.0001230239868164,seeds_1499_results_DecisionTreeClassifier(random_state=0).csv
seeds_1499,none,ordinalencoder,extra_tree,minmax,DecisionTreeClassifier(random_state=0),4,1.0,0.0010998249053955,0.0001182556152343,seeds_1499_results_DecisionTreeClassifier(random_state=0).csv
seeds_1499,simpleimputer,ordinalencoder,extra_tree,robust,DecisionTreeClassifier(random_state=0),4,1.0,0.0011205673217773,0.0001215934753417,seeds_1499_results_DecisionTreeClassifier(random_state=0).csv
seeds_1499,none,onehot,extra_tree,robust,DecisionTreeClassifier(random_state=0),4,1.0,0.001047134399414,0.0001332759857177,seeds_1499_results_DecisionTreeClassifier(random_state=0).csv
seeds_1499,simpleimputer,ordinalencoder,extra_tree,minmax,DecisionTreeClassifier(random_state=0),4,1.0,0.0010578632354736,0.0001204013824462,seeds_1499_results_DecisionTreeClassifier(random_state=0).csv
seeds_1499,none,onehot,extra_tree,minmax,DecisionTreeClassifier(random_state=0),4,1.0,0.001072883605957,0.0001211166381835,seeds_1499_results_DecisionTreeClassifier(random_state=0).csv
seeds_1499,none,ordinalencoder,extra_tree,none,DecisionTreeClassifier(random_state=0),4,1.0,0.0010535717010498,0.0001258850097656,seeds_1499_results_DecisionTreeClassifier(random_state=0).csv
seeds_1499,none,none,extra_tree,minmax,DecisionTreeClassifier(random_state=0),4,1.0,0.0010671615600585,0.0001242160797119,seeds_1499_results_DecisionTreeClassifier(random_state=0).csv
seeds_1499,simpleimputer,onehot,extra_tree,robust,DecisionTreeClassifier(random_state=0),4,1.0,0.0011317729949951,0.0001220703125,seeds_1499_results_DecisionTreeClassifier(random_state=0).csv
analcatdata_gsssexsurvey_852,simpleimputer,none,select_percentile,none,DecisionTreeClassifier(random_state=0),1,0.84375,0.0008349418640136,0.000117540359497,analcatdata_gsssexsurvey_852_results_DecisionTreeClassifier(random_state=0).csv
analcatdata_gsssexsurvey_852,simpleimputer,ordinalencoder,select_percentile,quantile,DecisionTreeClassifier(random_state=0),1,0.84375,0.0008313655853271,0.0001149177551269,analcatdata_gsssexsurvey_852_results_DecisionTreeClassifier(random_state=0).csv
analcatdata_gsssexsurvey_852,simpleimputer,onehot,linear_svc,robust,DecisionTreeClassifier(random_state=0),1,0.84375,0.0008330345153808,0.0001211166381835,analcatdata_gsssexsurvey_852_results_DecisionTreeClassifier(random_state=0).csv
analcatdata_gsssexsurvey_852,simpleimputer,ordinalencoder,generic_univariate,standard,DecisionTreeClassifier(random_state=0),1,0.84375,0.0008220672607421,0.0001149177551269,analcatdata_gsssexsurvey_852_results_DecisionTreeClassifier(random_state=0).csv
analcatdata_gsssexsurvey_852,simpleimputer,none,generic_univariate,robust,DecisionTreeClassifier(random_state=0),1,0.84375,0.0007622241973876,0.0001170635223388,analcatdata_gsssexsurvey_852_results_DecisionTreeClassifier(random_state=0).csv
analcatdata_gsssexsurvey_852,simpleimputer,none,select_percentile,power,DecisionTreeClassifier(random_state=0),1,0.84375,0.0008285045623779,0.000115156173706,analcatdata_gsssexsurvey_852_results_DecisionTreeClassifier(random_state=0).csv
analcatdata_gsssexsurvey_852,simpleimputer,ordinalencoder,linear_svc,robust,DecisionTreeClassifier(random_state=0),1,0.84375,0.0008490085601806,0.0001246929168701,analcatdata_gsssexsurvey_852_results_DecisionTreeClassifier(random_state=0).csv
analcatdata_gsssexsurvey_852,simpleimputer,ordinalencoder,select_percentile,standard,DecisionTreeClassifier(random_state=0),1,0.84375,0.0008444786071777,0.0001158714294433,analcatdata_gsssexsurvey_852_results_DecisionTreeClassifier(random_state=0).csv
analcatdata_gsssexsurvey_852,simpleimputer,ordinalencoder,random_trees_embedding,robust,DecisionTreeClassifier(random_state=0),3,0.84375,0.009535789489746,0.0002005100250244,analcatdata_gsssexsurvey_852_results_DecisionTreeClassifier(random_state=0).csv
analcatdata_gsssexsurvey_852,simpleimputer,onehot,generic_univariate,quantile,DecisionTreeClassifier(random_state=0),1,0.84375,0.0008025169372558,0.0001177787780761,analcatdata_gsssexsurvey_852_results_DecisionTreeClassifier(random_state=0).csv
analcatdata_gsssexsurvey_852,simpleimputer,onehot,select_percentile,quantile,DecisionTreeClassifier(random_state=0),1,0.84375,0.0008234977722167,0.0001182556152343,analcatdata_gsssexsurvey_852_results_DecisionTreeClassifier(random_state=0).csv
analcatdata_gsssexsurvey_852,simpleimputer,none,generic_univariate,none,DecisionTreeClassifier(random_state=0),1,0.84375,0.0009472370147705,0.0001218318939208,analcatdata_gsssexsurvey_852_results_DecisionTreeClassifier(random_state=0).csv
analcatdata_gsssexsurvey_852,simpleimputer,none,random_trees_embedding,none,DecisionTreeClassifier(random_state=0),3,0.84375,0.0098867416381835,0.0001962184906005,analcatdata_gsssexsurvey_852_results_DecisionTreeClassifier(random_state=0).csv
analcatdata_gsssexsurvey_852,simpleimputer,onehot,select_percentile,standard,DecisionTreeClassifier(random_state=0),1,0.84375,0.0008995532989501,0.0001177787780761,analcatdata_gsssexsurvey_852_results_DecisionTreeClassifier(random_state=0).csv
analcatdata_gsssexsurvey_852,simpleimputer,ordinalencoder,generic_univariate,minmax,DecisionTreeClassifier(random_state=0),1,0.84375,0.0008175373077392,0.0001146793365478,analcatdata_gsssexsurvey_852_results_DecisionTreeClassifier(random_state=0).csv
analcatdata_gsssexsurvey_852,simpleimputer,none,random_trees_embedding,minmax,DecisionTreeClassifier(random_state=0),3,0.84375,0.0099930763244628,0.0002138614654541,analcatdata_gsssexsurvey_852_results_DecisionTreeClassifier(random_state=0).csv
analcatdata_gsssexsurvey_852,simpleimputer,onehot,select_percentile,robust,DecisionTreeClassifier(random_state=0),1,0.84375,0.0008361339569091,0.0001173019409179,analcatdata_gsssexsurvey_852_results_DecisionTreeClassifier(random_state=0).csv
analcatdata_gsssexsurvey_852,simpleimputer,onehot,select_percentile,normalizer,DecisionTreeClassifier(random_state=0),1,0.84375,0.0008456707000732,0.0001184940338134,analcatdata_gsssexsurvey_852_results_DecisionTreeClassifier(random_state=0).csv
analcatdata_gsssexsurvey_852,simpleimputer,none,random_trees_embedding,standard,DecisionTreeClassifier(random_state=0),3,0.84375,0.0102138519287109,0.0002093315124511,analcatdata_gsssexsurvey_852_results_DecisionTreeClassifier(random_state=0).csv
analcatdata_gsssexsurvey_852,simpleimputer,ordinalencoder,random_trees_embedding,standard,DecisionTreeClassifier(random_state=0),3,0.84375,0.0099720954895019,0.0002098083496093,analcatdata_gsssexsurvey_852_results_DecisionTreeClassifier(random_state=0).csv
autoUniv-au7-500_1554,simpleimputer,onehot,polynomial_features,none,DecisionTreeClassifier(random_state=0),1,0.56,0.0190176963806152,0.0003538131713867,autoUniv-au7-500_1554_results_DecisionTreeClassifier(random_state=0).csv
autoUniv-au7-500_1554,simpleimputer,onehot,polynomial_features,robust,DecisionTreeClassifier(random_state=0),1,0.56,0.0208034515380859,0.0002837181091308,autoUniv-au7-500_1554_results_DecisionTreeClassifier(random_state=0).csv
autoUniv-au7-500_1554,none,onehot,polynomial_features,robust,DecisionTreeClassifier(random_state=0),1,0.56,0.019646406173706,0.0002622604370117,autoUniv-au7-500_1554_results_DecisionTreeClassifier(random_state=0).csv
autoUniv-au7-500_1554,none,onehot,polynomial_features,none,DecisionTreeClassifier(random_state=0),1,0.56,0.0186669826507568,0.0001790523529052,autoUniv-au7-500_1554_results_DecisionTreeClassifier(random_state=0).csv
autoUniv-au7-500_1554,none,onehot,polynomial_features,none,DecisionTreeClassifier(random_state=0),0,0.55,0.020695686340332,0.0001912117004394,autoUniv-au7-500_1554_results_DecisionTreeClassifier(random_state=0).csv
autoUniv-au7-500_1554,none,onehot,polynomial_features,none,DecisionTreeClassifier(random_state=0),2,0.55,0.0202803611755371,0.000284194946289,autoUniv-au7-500_1554_results_DecisionTreeClassifier(random_state=0).csv
autoUniv-au7-500_1554,simpleimputer,onehot,polynomial_features,none,DecisionTreeClassifier(random_state=0),0,0.55,0.0202603340148925,0.0002295970916748,autoUniv-au7-500_1554_results_DecisionTreeClassifier(random_state=0).csv
autoUniv-au7-500_1554,simpleimputer,onehot,polynomial_features,none,DecisionTreeClassifier(random_state=0),2,0.55,0.019968032836914,0.0002875328063964,autoUniv-au7-500_1554_results_DecisionTreeClassifier(random_state=0).csv
autoUniv-au7-500_1554,none,onehot,extra_tree,normalizer,DecisionTreeClassifier(random_state=0),3,0.54,0.004225730895996,0.0001895427703857,autoUniv-au7-500_1554_results_DecisionTreeClassifier(random_state=0).csv
autoUniv-au7-500_1554,simpleimputer,onehot,polynomial_features,minmax,DecisionTreeClassifier(random_state=0),2,0.54,0.0206995010375976,0.0002176761627197,autoUniv-au7-500_1554_results_DecisionTreeClassifier(random_state=0).csv
autoUniv-au7-500_1554,simpleimputer,ordinalencoder,polynomial_features,robust,DecisionTreeClassifier(random_state=0),1,0.54,0.0146694183349609,0.0002627372741699,autoUniv-au7-500_1554_results_DecisionTreeClassifier(random_state=0).csv
autoUniv-au7-500_1554,none,onehot,polynomial_features,minmax,DecisionTreeClassifier(random_state=0),2,0.54,0.0203745365142822,0.0001871585845947,autoUniv-au7-500_1554_results_DecisionTreeClassifier(random_state=0).csv
autoUniv-au7-500_1554,simpleimputer,onehot,extra_tree,normalizer,DecisionTreeClassifier(random_state=0),3,0.54,0.0046038627624511,0.000152587890625,autoUniv-au7-500_1554_results_DecisionTreeClassifier(random_state=0).csv
autoUniv-au7-500_1554,none,ordinalencoder,polynomial_features,robust,DecisionTreeClassifier(random_state=0),1,0.54,0.0144579410552978,0.0002341270446777,autoUniv-au7-500_1554_results_DecisionTreeClassifier(random_state=0).csv
autoUniv-au7-500_1554,none,onehot,linear_svc,standard,DecisionTreeClassifier(random_state=0),0,0.53,0.0017261505126953,0.000138521194458,autoUniv-au7-500_1554_results_DecisionTreeClassifier(random_state=0).csv
autoUniv-au7-500_1554,simpleimputer,onehot,linear_svc,standard,DecisionTreeClassifier(random_state=0),0,0.53,0.00215744972229,0.0002968311309814,autoUniv-au7-500_1554_results_DecisionTreeClassifier(random_state=0).csv
autoUniv-au7-500_1554,simpleimputer,ordinalencoder,polynomial_features,none,DecisionTreeClassifier(random_state=0),1,0.52,0.0161380767822265,0.0002834796905517,autoUniv-au7-500_1554_results_DecisionTreeClassifier(random_state=0).csv
autoUniv-au7-500_1554,none,onehot,none,normalizer,DecisionTreeClassifier(random_state=0),3,0.52,0.0056679248809814,0.0001580715179443,autoUniv-au7-500_1554_results_DecisionTreeClassifier(random_state=0).csv
autoUniv-au7-500_1554,none,ordinalencoder,polynomial_features,quantile,DecisionTreeClassifier(random_state=0),1,0.52,0.0150136947631835,0.0002150535583496,autoUniv-au7-500_1554_results_DecisionTreeClassifier(random_state=0).csv
autoUniv-au7-500_1554,simpleimputer,onehot,polynomial_features,quantile,DecisionTreeClassifier(random_state=0),1,0.52,0.0189051628112792,0.0002000331878662,autoUniv-au7-500_1554_results_DecisionTreeClassifier(random_state=0).csv
PizzaCutter1_1443,none,none,generic_univariate,minmax,DecisionTreeClassifier(random_state=0),1,0.946969696969697,0.0010726451873779,0.0001556873321533,PizzaCutter1_1443_results_DecisionTreeClassifier(random_state=0).csv
PizzaCutter1_1443,none,none,generic_univariate,standard,DecisionTreeClassifier(random_state=0),1,0.946969696969697,0.0011172294616699,0.0001242160797119,PizzaCutter1_1443_results_DecisionTreeClassifier(random_state=0).csv
PizzaCutter1_1443,simpleimputer,onehot,generic_univariate,none,DecisionTreeClassifier(random_state=0),1,0.946969696969697,0.0010933876037597,0.0001227855682373,PizzaCutter1_1443_results_DecisionTreeClassifier(random_state=0).csv
PizzaCutter1_1443,simpleimputer,none,generic_univariate,robust,DecisionTreeClassifier(random_state=0),1,0.946969696969697,0.0023133754730224,0.0003061294555664,PizzaCutter1_1443_results_DecisionTreeClassifier(random_state=0).csv
PizzaCutter1_1443,none,onehot,generic_univariate,minmax,DecisionTreeClassifier(random_state=0),1,0.946969696969697,0.0010795593261718,0.0001242160797119,PizzaCutter1_1443_results_DecisionTreeClassifier(random_state=0).csv
PizzaCutter1_1443,simpleimputer,none,extra_tree,quantile,DecisionTreeClassifier(random_state=0),2,0.946969696969697,0.0033154487609863,0.0001287460327148,PizzaCutter1_1443_results_DecisionTreeClassifier(random_state=0).csv
PizzaCutter1_1443,none,onehot,generic_univariate,robust,DecisionTreeClassifier(random_state=0),1,0.946969696969697,0.0011465549468994,0.000152587890625,PizzaCutter1_1443_results_DecisionTreeClassifier(random_state=0).csv
PizzaCutter1_1443,none,onehot,generic_univariate,standard,DecisionTreeClassifier(random_state=0),1,0.946969696969697,0.0011041164398193,0.0001406669616699,PizzaCutter1_1443_results_DecisionTreeClassifier(random_state=0).csv
PizzaCutter1_1443,simpleimputer,onehot,generic_univariate,standard,DecisionTreeClassifier(random_state=0),1,0.946969696969697,0.0011377334594726,0.0001249313354492,PizzaCutter1_1443_results_DecisionTreeClassifier(random_state=0).csv
PizzaCutter1_1443,simpleimputer,onehot,nystroem,none,DecisionTreeClassifier(random_state=0),1,0.946969696969697,0.0322422981262207,0.0003700256347656,PizzaCutter1_1443_results_DecisionTreeClassifier(random_state=0).csv
PizzaCutter1_1443,simpleimputer,ordinalencoder,generic_univariate,robust,DecisionTreeClassifier(random_state=0),1,0.946969696969697,0.0011184215545654,0.0001249313354492,PizzaCutter1_1443_results_DecisionTreeClassifier(random_state=0).csv
PizzaCutter1_1443,simpleimputer,none,generic_univariate,standard,DecisionTreeClassifier(random_state=0),1,0.946969696969697,0.0011065006256103,0.000124454498291,PizzaCutter1_1443_results_DecisionTreeClassifier(random_state=0).csv
PizzaCutter1_1443,simpleimputer,onehot,generic_univariate,robust,DecisionTreeClassifier(random_state=0),1,0.946969696969697,0.001094102859497,0.000124454498291,PizzaCutter1_1443_results_DecisionTreeClassifier(random_state=0).csv
PizzaCutter1_1443,none,onehot,generic_univariate,none,DecisionTreeClassifier(random_state=0),1,0.946969696969697,0.0012645721435546,0.0001792907714843,PizzaCutter1_1443_results_DecisionTreeClassifier(random_state=0).csv
PizzaCutter1_1443,simpleimputer,none,generic_univariate,minmax,DecisionTreeClassifier(random_state=0),1,0.946969696969697,0.001112937927246,0.0001239776611328,PizzaCutter1_1443_results_DecisionTreeClassifier(random_state=0).csv
PizzaCutter1_1443,none,onehot,nystroem,none,DecisionTreeClassifier(random_state=0),1,0.946969696969697,0.0286459922790527,0.0004220008850097,PizzaCutter1_1443_results_DecisionTreeClassifier(random_state=0).csv
PizzaCutter1_1443,simpleimputer,onehot,generic_univariate,minmax,DecisionTreeClassifier(random_state=0),1,0.946969696969697,0.0010793209075927,0.0001313686370849,PizzaCutter1_1443_results_DecisionTreeClassifier(random_state=0).csv
PizzaCutter1_1443,none,onehot,extra_tree,quantile,DecisionTreeClassifier(random_state=0),2,0.946969696969697,0.0033497810363769,0.0001330375671386,PizzaCutter1_1443_results_DecisionTreeClassifier(random_state=0).csv
PizzaCutter1_1443,simpleimputer,none,nystroem,none,DecisionTreeClassifier(random_state=0),1,0.946969696969697,0.0309202671051025,0.0005030632019042,PizzaCutter1_1443_results_DecisionTreeClassifier(random_state=0).csv
PizzaCutter1_1443,none,ordinalencoder,generic_univariate,standard,DecisionTreeClassifier(random_state=0),1,0.946969696969697,0.0010597705841064,0.0001223087310791,PizzaCutter1_1443_results_DecisionTreeClassifier(random_state=0).csv
solar-flare_40687,none,ordinalencoder,feature_agglomeration,standard,DecisionTreeClassifier(random_state=0),4,0.812206572769953,0.0017652511596679,0.0001862049102783,solar-flare_40687_results_DecisionTreeClassifier(random_state=0).csv
solar-flare_40687,simpleimputer,none,feature_agglomeration,standard,DecisionTreeClassifier(random_state=0),4,0.812206572769953,0.0014741420745849,0.0002081394195556,solar-flare_40687_results_DecisionTreeClassifier(random_state=0).csv
solar-flare_40687,none,onehot,rbf_sampler,normalizer,DecisionTreeClassifier(random_state=0),4,0.812206572769953,0.0309324264526367,0.0003302097320556,solar-flare_40687_results_DecisionTreeClassifier(random_state=0).csv
solar-flare_40687,simpleimputer,onehot,feature_agglomeration,standard,DecisionTreeClassifier(random_state=0),4,0.812206572769953,0.0013790130615234,0.0001671314239501,solar-flare_40687_results_DecisionTreeClassifier(random_state=0).csv
solar-flare_40687,simpleimputer,none,rbf_sampler,normalizer,DecisionTreeClassifier(random_state=0),4,0.812206572769953,0.0266637802124023,0.0002424716949462,solar-flare_40687_results_DecisionTreeClassifier(random_state=0).csv
solar-flare_40687,none,onehot,feature_agglomeration,standard,DecisionTreeClassifier(random_state=0),4,0.812206572769953,0.0013465881347656,0.0001888275146484,solar-flare_40687_results_DecisionTreeClassifier(random_state=0).csv
solar-flare_40687,none,ordinalencoder,rbf_sampler,normalizer,DecisionTreeClassifier(random_state=0),4,0.812206572769953,0.0252633094787597,0.0002088546752929,solar-flare_40687_results_DecisionTreeClassifier(random_state=0).csv
solar-flare_40687,none,none,feature_agglomeration,standard,DecisionTreeClassifier(random_state=0),4,0.812206572769953,0.0013389587402343,0.0001649856567382,solar-flare_40687_results_DecisionTreeClassifier(random_state=0).csv
solar-flare_40687,none,none,rbf_sampler,normalizer,DecisionTreeClassifier(random_state=0),4,0.812206572769953,0.0268175601959228,0.000218391418457,solar-flare_40687_results_DecisionTreeClassifier(random_state=0).csv
solar-flare_40687,simpleimputer,ordinalencoder,feature_agglomeration,standard,DecisionTreeClassifier(random_state=0),4,0.812206572769953,0.0013952255249023,0.0001702308654785,solar-flare_40687_results_DecisionTreeClassifier(random_state=0).csv
solar-flare_40687,simpleimputer,ordinalencoder,rbf_sampler,normalizer,DecisionTreeClassifier(random_state=0),4,0.812206572769953,0.0287740230560302,0.0002720355987548,solar-flare_40687_results_DecisionTreeClassifier(random_state=0).csv
solar-flare_40687,simpleimputer,onehot,rbf_sampler,normalizer,DecisionTreeClassifier(random_state=0),4,0.812206572769953,0.0265884399414062,0.0002343654632568,solar-flare_40687_results_DecisionTreeClassifier(random_state=0).csv
solar-flare_40687,none,none,kernel_pca,normalizer,DecisionTreeClassifier(random_state=0),4,0.8075117370892019,0.0067098140716552,0.0002946853637695,solar-flare_40687_results_DecisionTreeClassifier(random_state=0).csv
solar-flare_40687,simpleimputer,onehot,kernel_pca,normalizer,DecisionTreeClassifier(random_state=0),4,0.8075117370892019,0.0070385932922363,0.0002624988555908,solar-flare_40687_results_DecisionTreeClassifier(random_state=0).csv
solar-flare_40687,simpleimputer,ordinalencoder,polynomial_features,standard,DecisionTreeClassifier(random_state=0),4,0.8075117370892019,0.0051255226135253,0.0002169609069824,solar-flare_40687_results_DecisionTreeClassifier(random_state=0).csv
solar-flare_40687,simpleimputer,none,polynomial_features,standard,DecisionTreeClassifier(random_state=0),4,0.8075117370892019,0.0051329135894775,0.0001912117004394,solar-flare_40687_results_DecisionTreeClassifier(random_state=0).csv
solar-flare_40687,none,onehot,nystroem,normalizer,DecisionTreeClassifier(random_state=0),4,0.8075117370892019,0.0327343940734863,0.0003077983856201,solar-flare_40687_results_DecisionTreeClassifier(random_state=0).csv
solar-flare_40687,none,ordinalencoder,kernel_pca,normalizer,DecisionTreeClassifier(random_state=0),4,0.8075117370892019,0.0056817531585693,0.0002098083496093,solar-flare_40687_results_DecisionTreeClassifier(random_state=0).csv
solar-flare_40687,none,onehot,polynomial_features,standard,DecisionTreeClassifier(random_state=0),4,0.8075117370892019,0.0049555301666259,0.0001988410949707,solar-flare_40687_results_DecisionTreeClassifier(random_state=0).csv
solar-flare_40687,simpleimputer,ordinalencoder,nystroem,normalizer,DecisionTreeClassifier(random_state=0),4,0.8075117370892019,0.0500476360321044,0.0006988048553466,solar-flare_40687_results_DecisionTreeClassifier(random_state=0).csv
arsenic-female-lung_950,none,none,truncated_svd,none,DecisionTreeClassifier(random_state=0),2,1.0,0.0015168190002441,0.0001282691955566,arsenic-female-lung_950_results_DecisionTreeClassifier(random_state=0).csv
arsenic-female-lung_950,none,none,select_percentile,none,DecisionTreeClassifier(random_state=0),2,1.0,0.0012221336364746,0.0001220703125,arsenic-female-lung_950_results_DecisionTreeClassifier(random_state=0).csv
arsenic-female-lung_950,none,none,generic_univariate,none,DecisionTreeClassifier(random_state=0),2,1.0,0.0014111995697021,0.0001311302185058,arsenic-female-lung_950_results_DecisionTreeClassifier(random_state=0).csv
arsenic-female-lung_950,simpleimputer,ordinalencoder,linear_svc,quantile,DecisionTreeClassifier(random_state=0),2,1.0,0.0012378692626953,0.0001211166381835,arsenic-female-lung_950_results_DecisionTreeClassifier(random_state=0).csv
arsenic-female-lung_950,none,none,none,none,DecisionTreeClassifier(random_state=0),2,1.0,0.0021388530731201,0.0008163452148437,arsenic-female-lung_950_results_DecisionTreeClassifier(random_state=0).csv
arsenic-female-lung_950,simpleimputer,ordinalencoder,generic_univariate,quantile,DecisionTreeClassifier(random_state=0),2,1.0,0.0013256072998046,0.0001320838928222,arsenic-female-lung_950_results_DecisionTreeClassifier(random_state=0).csv
arsenic-female-lung_950,simpleimputer,ordinalencoder,select_percentile,quantile,DecisionTreeClassifier(random_state=0),2,1.0,0.0012388229370117,0.0001225471496582,arsenic-female-lung_950_results_DecisionTreeClassifier(random_state=0).csv
arsenic-female-lung_950,simpleimputer,ordinalencoder,polynomial_features,quantile,DecisionTreeClassifier(random_state=0),2,1.0,0.0027136802673339,0.0001337528228759,arsenic-female-lung_950_results_DecisionTreeClassifier(random_state=0).csv
arsenic-female-lung_950,simpleimputer,ordinalencoder,extra_tree,quantile,DecisionTreeClassifier(random_state=0),2,1.0,0.0016782283782958,0.0001242160797119,arsenic-female-lung_950_results_DecisionTreeClassifier(random_state=0).csv
arsenic-female-lung_950,none,none,pca,none,DecisionTreeClassifier(random_state=0),2,1.0,0.0019245147705078,0.0001616477966308,arsenic-female-lung_950_results_DecisionTreeClassifier(random_state=0).csv
arsenic-female-lung_950,none,onehot,select_percentile,quantile,DecisionTreeClassifier(random_state=0),2,1.0,0.001237154006958,0.0001225471496582,arsenic-female-lung_950_results_DecisionTreeClassifier(random_state=0).csv
arsenic-female-lung_950,none,onehot,generic_univariate,quantile,DecisionTreeClassifier(random_state=0),2,1.0,0.0011794567108154,0.0001215934753417,arsenic-female-lung_950_results_DecisionTreeClassifier(random_state=0).csv
arsenic-female-lung_950,none,onehot,kernel_pca,power,DecisionTreeClassifier(random_state=0),2,1.0,0.0023014545440673,0.0002038478851318,arsenic-female-lung_950_results_DecisionTreeClassifier(random_state=0).csv
arsenic-female-lung_950,none,onehot,none,quantile,DecisionTreeClassifier(random_state=0),2,1.0,0.0017178058624267,0.0001487731933593,arsenic-female-lung_950_results_DecisionTreeClassifier(random_state=0).csv
arsenic-female-lung_950,none,onehot,linear_svc,power,DecisionTreeClassifier(random_state=0),2,1.0,0.0013098716735839,0.0001299381256103,arsenic-female-lung_950_results_DecisionTreeClassifier(random_state=0).csv
arsenic-female-lung_950,none,onehot,feature_agglomeration,quantile,DecisionTreeClassifier(random_state=0),2,1.0,0.0013370513916015,0.0001263618469238,arsenic-female-lung_950_results_DecisionTreeClassifier(random_state=0).csv
arsenic-female-lung_950,none,onehot,polynomial_features,quantile,DecisionTreeClassifier(random_state=0),2,1.0,0.0032315254211425,0.0001471042633056,arsenic-female-lung_950_results_DecisionTreeClassifier(random_state=0).csv
arsenic-female-lung_950,none,onehot,polynomial_features,normalizer,DecisionTreeClassifier(random_state=0),2,1.0,0.0037596225738525,0.0001587867736816,arsenic-female-lung_950_results_DecisionTreeClassifier(random_state=0).csv
arsenic-female-lung_950,none,onehot,extra_tree,quantile,DecisionTreeClassifier(random_state=0),2,1.0,0.0013742446899414,0.000131607055664,arsenic-female-lung_950_results_DecisionTreeClassifier(random_state=0).csv
arsenic-female-lung_950,none,onehot,linear_svc,quantile,DecisionTreeClassifier(random_state=0),2,1.0,0.0012876987457275,0.0001254081726074,arsenic-female-lung_950_results_DecisionTreeClassifier(random_state=0).csv
chscase_census3_908,none,none,pca,none,DecisionTreeClassifier(random_state=0),2,0.6625,0.0024173259735107,0.0001320838928222,chscase_census3_908_results_DecisionTreeClassifier(random_state=0).csv
chscase_census3_908,none,ordinalencoder,pca,none,DecisionTreeClassifier(random_state=0),2,0.6625,0.0024702548980712,0.0001332759857177,chscase_census3_908_results_DecisionTreeClassifier(random_state=0).csv
chscase_census3_908,none,onehot,pca,none,DecisionTreeClassifier(random_state=0),2,0.6625,0.0024220943450927,0.0001299381256103,chscase_census3_908_results_DecisionTreeClassifier(random_state=0).csv
chscase_census3_908,simpleimputer,none,pca,none,DecisionTreeClassifier(random_state=0),2,0.6625,0.002497911453247,0.0001442432403564,chscase_census3_908_results_DecisionTreeClassifier(random_state=0).csv
chscase_census3_908,simpleimputer,ordinalencoder,pca,none,DecisionTreeClassifier(random_state=0),2,0.6625,0.0025303363800048,0.0001392364501953,chscase_census3_908_results_DecisionTreeClassifier(random_state=0).csv
chscase_census3_908,simpleimputer,onehot,pca,none,DecisionTreeClassifier(random_state=0),2,0.6625,0.0024807453155517,0.0001354217529296,chscase_census3_908_results_DecisionTreeClassifier(random_state=0).csv
chscase_census3_908,simpleimputer,none,linear_svc,standard,DecisionTreeClassifier(random_state=0),4,0.6375,0.0019240379333496,0.0001318454742431,chscase_census3_908_results_DecisionTreeClassifier(random_state=0).csv
chscase_census3_908,simpleimputer,onehot,feature_agglomeration,robust,DecisionTreeClassifier(random_state=0),3,0.6375,0.0020055770874023,0.0001311302185058,chscase_census3_908_results_DecisionTreeClassifier(random_state=0).csv
chscase_census3_908,none,none,linear_svc,minmax,DecisionTreeClassifier(random_state=0),4,0.6375,0.0020794868469238,0.0001368522644042,chscase_census3_908_results_DecisionTreeClassifier(random_state=0).csv
chscase_census3_908,simpleimputer,none,linear_svc,minmax,DecisionTreeClassifier(random_state=0),4,0.6375,0.0019383430480957,0.0001685619354248,chscase_census3_908_results_DecisionTreeClassifier(random_state=0).csv
chscase_census3_908,simpleimputer,ordinalencoder,feature_agglomeration,robust,DecisionTreeClassifier(random_state=0),3,0.6375,0.0020668506622314,0.0001330375671386,chscase_census3_908_results_DecisionTreeClassifier(random_state=0).csv
chscase_census3_908,simpleimputer,ordinalencoder,linear_svc,standard,DecisionTreeClassifier(random_state=0),4,0.6375,0.0019254684448242,0.0001335144042968,chscase_census3_908_results_DecisionTreeClassifier(random_state=0).csv
chscase_census3_908,none,onehot,linear_svc,robust,DecisionTreeClassifier(random_state=0),4,0.6375,0.0018854141235351,0.0001296997070312,chscase_census3_908_results_DecisionTreeClassifier(random_state=0).csv
chscase_census3_908,simpleimputer,onehot,linear_svc,robust,DecisionTreeClassifier(random_state=0),4,0.6375,0.0018725395202636,0.0002264976501464,chscase_census3_908_results_DecisionTreeClassifier(random_state=0).csv
chscase_census3_908,simpleimputer,none,feature_agglomeration,robust,DecisionTreeClassifier(random_state=0),3,0.6375,0.0020170211791992,0.000148057937622,chscase_census3_908_results_DecisionTreeClassifier(random_state=0).csv
chscase_census3_908,none,ordinalencoder,linear_svc,minmax,DecisionTreeClassifier(random_state=0),4,0.6375,0.0019237995147705,0.0001289844512939,chscase_census3_908_results_DecisionTreeClassifier(random_state=0).csv
chscase_census3_908,none,ordinalencoder,linear_svc,standard,DecisionTreeClassifier(random_state=0),4,0.6375,0.0018746852874755,0.0001301765441894,chscase_census3_908_results_DecisionTreeClassifier(random_state=0).csv
chscase_census3_908,simpleimputer,none,linear_svc,robust,DecisionTreeClassifier(random_state=0),4,0.6375,0.0018575191497802,0.0001282691955566,chscase_census3_908_results_DecisionTreeClassifier(random_state=0).csv
chscase_census3_908,none,none,linear_svc,standard,DecisionTreeClassifier(random_state=0),4,0.6375,0.0019919872283935,0.0001330375671386,chscase_census3_908_results_DecisionTreeClassifier(random_state=0).csv
chscase_census3_908,none,ordinalencoder,linear_svc,robust,DecisionTreeClassifier(random_state=0),4,0.6375,0.0020582675933837,0.0001373291015625,chscase_census3_908_results_DecisionTreeClassifier(random_state=0).csv
PopularKids_1100,none,onehot,generic_univariate,normalizer,DecisionTreeClassifier(random_state=0),4,0.6,0.0011420249938964,0.0001299381256103,PopularKids_1100_results_DecisionTreeClassifier(random_state=0).csv
PopularKids_1100,simpleimputer,onehot,generic_univariate,normalizer,DecisionTreeClassifier(random_state=0),4,0.6,0.0010080337524414,0.0001285076141357,PopularKids_1100_results_DecisionTreeClassifier(random_state=0).csv
PopularKids_1100,simpleimputer,ordinalencoder,generic_univariate,standard,DecisionTreeClassifier(random_state=0),3,0.5894736842105263,0.000978946685791,0.0001249313354492,PopularKids_1100_results_DecisionTreeClassifier(random_state=0).csv
PopularKids_1100,simpleimputer,ordinalencoder,generic_univariate,none,DecisionTreeClassifier(random_state=0),3,0.5894736842105263,0.001077651977539,0.0001366138458251,PopularKids_1100_results_DecisionTreeClassifier(random_state=0).csv
PopularKids_1100,none,ordinalencoder,select_percentile,standard,DecisionTreeClassifier(random_state=0),3,0.5894736842105263,0.001105785369873,0.0001308917999267,PopularKids_1100_results_DecisionTreeClassifier(random_state=0).csv
PopularKids_1100,simpleimputer,onehot,generic_univariate,standard,DecisionTreeClassifier(random_state=0),3,0.5894736842105263,0.0010807514190673,0.0001273155212402,PopularKids_1100_results_DecisionTreeClassifier(random_state=0).csv
PopularKids_1100,simpleimputer,ordinalencoder,select_percentile,none,DecisionTreeClassifier(random_state=0),3,0.5894736842105263,0.0010724067687988,0.0001342296600341,PopularKids_1100_results_DecisionTreeClassifier(random_state=0).csv
PopularKids_1100,none,onehot,generic_univariate,standard,DecisionTreeClassifier(random_state=0),3,0.5894736842105263,0.0011324882507324,0.000129222869873,PopularKids_1100_results_DecisionTreeClassifier(random_state=0).csv
PopularKids_1100,simpleimputer,ordinalencoder,select_percentile,standard,DecisionTreeClassifier(random_state=0),3,0.5894736842105263,0.001063585281372,0.0001258850097656,PopularKids_1100_results_DecisionTreeClassifier(random_state=0).csv
PopularKids_1100,simpleimputer,onehot,generic_univariate,robust,DecisionTreeClassifier(random_state=0),3,0.5894736842105263,0.0010449886322021,0.000126838684082,PopularKids_1100_results_DecisionTreeClassifier(random_state=0).csv
PopularKids_1100,none,ordinalencoder,generic_univariate,none,DecisionTreeClassifier(random_state=0),3,0.5894736842105263,0.0010170936584472,0.0001296997070312,PopularKids_1100_results_DecisionTreeClassifier(random_state=0).csv
PopularKids_1100,none,ordinalencoder,select_percentile,none,DecisionTreeClassifier(random_state=0),3,0.5894736842105263,0.0010795593261718,0.0001296997070312,PopularKids_1100_results_DecisionTreeClassifier(random_state=0).csv
PopularKids_1100,none,onehot,generic_univariate,minmax,DecisionTreeClassifier(random_state=0),3,0.5894736842105263,0.0011491775512695,0.0001251697540283,PopularKids_1100_results_DecisionTreeClassifier(random_state=0).csv
PopularKids_1100,simpleimputer,ordinalencoder,select_percentile,minmax,DecisionTreeClassifier(random_state=0),3,0.5894736842105263,0.0010449886322021,0.0004165172576904,PopularKids_1100_results_DecisionTreeClassifier(random_state=0).csv
PopularKids_1100,simpleimputer,ordinalencoder,generic_univariate,minmax,DecisionTreeClassifier(random_state=0),3,0.5894736842105263,0.0009713172912597,0.0001258850097656,PopularKids_1100_results_DecisionTreeClassifier(random_state=0).csv
PopularKids_1100,simpleimputer,onehot,generic_univariate,none,DecisionTreeClassifier(random_state=0),3,0.5894736842105263,0.0010604858398437,0.0001249313354492,PopularKids_1100_results_DecisionTreeClassifier(random_state=0).csv
PopularKids_1100,none,ordinalencoder,generic_univariate,minmax,DecisionTreeClassifier(random_state=0),3,0.5894736842105263,0.0010187625885009,0.0001308917999267,PopularKids_1100_results_DecisionTreeClassifier(random_state=0).csv
PopularKids_1100,none,ordinalencoder,select_percentile,minmax,DecisionTreeClassifier(random_state=0),3,0.5894736842105263,0.0010747909545898,0.0001235008239746,PopularKids_1100_results_DecisionTreeClassifier(random_state=0).csv
PopularKids_1100,none,onehot,generic_univariate,robust,DecisionTreeClassifier(random_state=0),3,0.5894736842105263,0.0010998249053955,0.0001313686370849,PopularKids_1100_results_DecisionTreeClassifier(random_state=0).csv
PopularKids_1100,simpleimputer,ordinalencoder,select_percentile,robust,DecisionTreeClassifier(random_state=0),3,0.5894736842105263,0.0010888576507568,0.0001266002655029,PopularKids_1100_results_DecisionTreeClassifier(random_state=0).csv
fri_c0_500_50_888,simpleimputer,none,extra_tree,normalizer,DecisionTreeClassifier(random_state=0),2,0.88,0.0024139881134033,0.0001347064971923,fri_c0_500_50_888_results_DecisionTreeClassifier(random_state=0).csv
fri_c0_500_50_888,none,ordinalencoder,extra_tree,normalizer,DecisionTreeClassifier(random_state=0),2,0.88,0.0023975372314453,0.000131607055664,fri_c0_500_50_888_results_DecisionTreeClassifier(random_state=0).csv
fri_c0_500_50_888,none,onehot,extra_tree,normalizer,DecisionTreeClassifier(random_state=0),2,0.88,0.002352237701416,0.0001513957977294,fri_c0_500_50_888_results_DecisionTreeClassifier(random_state=0).csv
fri_c0_500_50_888,none,none,extra_tree,normalizer,DecisionTreeClassifier(random_state=0),2,0.88,0.0024664402008056,0.0001375675201416,fri_c0_500_50_888_results_DecisionTreeClassifier(random_state=0).csv
fri_c0_500_50_888,simpleimputer,ordinalencoder,extra_tree,normalizer,DecisionTreeClassifier(random_state=0),2,0.88,0.0023741722106933,0.0001382827758789,fri_c0_500_50_888_results_DecisionTreeClassifier(random_state=0).csv
fri_c0_500_50_888,simpleimputer,onehot,extra_tree,normalizer,DecisionTreeClassifier(random_state=0),2,0.88,0.0024447441101074,0.0001349449157714,fri_c0_500_50_888_results_DecisionTreeClassifier(random_state=0).csv
fri_c0_500_50_888,none,none,select_percentile,normalizer,DecisionTreeClassifier(random_state=0),2,0.85,0.0024964809417724,0.000157356262207,fri_c0_500_50_888_results_DecisionTreeClassifier(random_state=0).csv
fri_c0_500_50_888,simpleimputer,onehot,polynomial_features,quantile,DecisionTreeClassifier(random_state=0),2,0.85,0.332637071609497,0.0003931522369384,fri_c0_500_50_888_results_DecisionTreeClassifier(random_state=0).csv
fri_c0_500_50_888,simpleimputer,none,select_percentile,normalizer,DecisionTreeClassifier(random_state=0),2,0.85,0.0021860599517822,0.0001296997070312,fri_c0_500_50_888_results_DecisionTreeClassifier(random_state=0).csv
fri_c0_500_50_888,none,ordinalencoder,polynomial_features,quantile,DecisionTreeClassifier(random_state=0),2,0.85,0.3368177413940429,0.0003845691680908,fri_c0_500_50_888_results_DecisionTreeClassifier(random_state=0).csv
fri_c0_500_50_888,none,onehot,select_percentile,normalizer,DecisionTreeClassifier(random_state=0),2,0.85,0.0021452903747558,0.0001318454742431,fri_c0_500_50_888_results_DecisionTreeClassifier(random_state=0).csv
fri_c0_500_50_888,simpleimputer,none,polynomial_features,quantile,DecisionTreeClassifier(random_state=0),2,0.85,0.3337953090667724,0.0003986358642578,fri_c0_500_50_888_results_DecisionTreeClassifier(random_state=0).csv
fri_c0_500_50_888,none,onehot,polynomial_features,quantile,DecisionTreeClassifier(random_state=0),2,0.85,0.3369722366333008,0.0003969669342041,fri_c0_500_50_888_results_DecisionTreeClassifier(random_state=0).csv
fri_c0_500_50_888,none,ordinalencoder,select_percentile,normalizer,DecisionTreeClassifier(random_state=0),2,0.85,0.0021207332611083,0.0001335144042968,fri_c0_500_50_888_results_DecisionTreeClassifier(random_state=0).csv
fri_c0_500_50_888,none,none,polynomial_features,quantile,DecisionTreeClassifier(random_state=0),2,0.85,0.362117052078247,0.0004558563232421,fri_c0_500_50_888_results_DecisionTreeClassifier(random_state=0).csv
fri_c0_500_50_888,simpleimputer,ordinalencoder,select_percentile,normalizer,DecisionTreeClassifier(random_state=0),2,0.85,0.0022306442260742,0.0001325607299804,fri_c0_500_50_888_results_DecisionTreeClassifier(random_state=0).csv
fri_c0_500_50_888,simpleimputer,ordinalencoder,polynomial_features,quantile,DecisionTreeClassifier(random_state=0),2,0.85,0.3481171131134033,0.0003943443298339,fri_c0_500_50_888_results_DecisionTreeClassifier(random_state=0).csv
fri_c0_500_50_888,simpleimputer,onehot,select_percentile,normalizer,DecisionTreeClassifier(random_state=0),2,0.85,0.0022158622741699,0.0001320838928222,fri_c0_500_50_888_results_DecisionTreeClassifier(random_state=0).csv
fri_c0_500_50_888,simpleimputer,none,select_percentile,standard,DecisionTreeClassifier(random_state=0),4,0.84,0.0024595260620117,0.0001471042633056,fri_c0_500_50_888_results_DecisionTreeClassifier(random_state=0).csv
fri_c0_500_50_888,none,onehot,select_percentile,standard,DecisionTreeClassifier(random_state=0),4,0.84,0.002237319946289,0.0001330375671386,fri_c0_500_50_888_results_DecisionTreeClassifier(random_state=0).csv
fri_c2_500_50_920,none,ordinalencoder,extra_tree,normalizer,DecisionTreeClassifier(random_state=0),0,0.93,0.0021016597747802,0.0001306533813476,fri_c2_500_50_920_results_DecisionTreeClassifier(random_state=0).csv
fri_c2_500_50_920,simpleimputer,onehot,select_percentile,normalizer,DecisionTreeClassifier(random_state=0),0,0.93,0.0019986629486083,0.0001230239868164,fri_c2_500_50_920_results_DecisionTreeClassifier(random_state=0).csv
fri_c2_500_50_920,simpleimputer,ordinalencoder,select_percentile,normalizer,DecisionTreeClassifier(random_state=0),0,0.93,0.0033876895904541,0.0003120899200439,fri_c2_500_50_920_results_DecisionTreeClassifier(random_state=0).csv
fri_c2_500_50_920,none,none,extra_tree,normalizer,DecisionTreeClassifier(random_state=0),0,0.93,0.0020220279693603,0.0001449584960937,fri_c2_500_50_920_results_DecisionTreeClassifier(random_state=0).csv
fri_c2_500_50_920,simpleimputer,none,extra_tree,normalizer,DecisionTreeClassifier(random_state=0),0,0.93,0.0020983219146728,0.0001282691955566,fri_c2_500_50_920_results_DecisionTreeClassifier(random_state=0).csv
fri_c2_500_50_920,simpleimputer,onehot,extra_tree,normalizer,DecisionTreeClassifier(random_state=0),0,0.93,0.0022697448730468,0.0001378059387207,fri_c2_500_50_920_results_DecisionTreeClassifier(random_state=0).csv
fri_c2_500_50_920,none,onehot,extra_tree,normalizer,DecisionTreeClassifier(random_state=0),0,0.93,0.0020809173583984,0.0001256465911865,fri_c2_500_50_920_results_DecisionTreeClassifier(random_state=0).csv
fri_c2_500_50_920,none,none,select_percentile,normalizer,DecisionTreeClassifier(random_state=0),0,0.93,0.0022966861724853,0.0001487731933593,fri_c2_500_50_920_results_DecisionTreeClassifier(random_state=0).csv
fri_c2_500_50_920,simpleimputer,ordinalencoder,extra_tree,normalizer,DecisionTreeClassifier(random_state=0),0,0.93,0.0021929740905761,0.0001435279846191,fri_c2_500_50_920_results_DecisionTreeClassifier(random_state=0).csv
fri_c2_500_50_920,none,ordinalencoder,select_percentile,normalizer,DecisionTreeClassifier(random_state=0),0,0.93,0.0019929409027099,0.0001266002655029,fri_c2_500_50_920_results_DecisionTreeClassifier(random_state=0).csv
fri_c2_500_50_920,simpleimputer,none,select_percentile,normalizer,DecisionTreeClassifier(random_state=0),0,0.93,0.0019690990447998,0.0001249313354492,fri_c2_500_50_920_results_DecisionTreeClassifier(random_state=0).csv
fri_c2_500_50_920,none,onehot,select_percentile,normalizer,DecisionTreeClassifier(random_state=0),0,0.93,0.0021028518676757,0.0001270771026611,fri_c2_500_50_920_results_DecisionTreeClassifier(random_state=0).csv
fri_c2_500_50_920,simpleimputer,onehot,select_percentile,minmax,DecisionTreeClassifier(random_state=0),2,0.91,0.0022499561309814,0.0001699924468994,fri_c2_500_50_920_results_DecisionTreeClassifier(random_state=0).csv
fri_c2_500_50_920,none,onehot,polynomial_features,standard,DecisionTreeClassifier(random_state=0),3,0.91,0.2686524391174316,0.0003407001495361,fri_c2_500_50_920_results_DecisionTreeClassifier(random_state=0).csv
fri_c2_500_50_920,none,ordinalencoder,select_percentile,quantile,DecisionTreeClassifier(random_state=0),2,0.91,0.0021238327026367,0.0001373291015625,fri_c2_500_50_920_results_DecisionTreeClassifier(random_state=0).csv
fri_c2_500_50_920,none,onehot,select_percentile,robust,DecisionTreeClassifier(random_state=0),2,0.91,0.0021865367889404,0.0001440048217773,fri_c2_500_50_920_results_DecisionTreeClassifier(random_state=0).csv
fri_c2_500_50_920,none,onehot,extra_tree,standard,DecisionTreeClassifier(random_state=0),2,0.91,0.0019705295562744,0.0001537799835205,fri_c2_500_50_920_results_DecisionTreeClassifier(random_state=0).csv
fri_c2_500_50_920,simpleimputer,ordinalencoder,select_percentile,power,DecisionTreeClassifier(random_state=0),2,0.91,0.0020606517791748,0.0001425743103027,fri_c2_500_50_920_results_DecisionTreeClassifier(random_state=0).csv
fri_c2_500_50_920,none,ordinalencoder,select_percentile,power,DecisionTreeClassifier(random_state=0),2,0.91,0.0020973682403564,0.000124454498291,fri_c2_500_50_920_results_DecisionTreeClassifier(random_state=0).csv
fri_c2_500_50_920,none,none,polynomial_features,standard,DecisionTreeClassifier(random_state=0),3,0.91,0.2663800716400146,0.0003302097320556,fri_c2_500_50_920_results_DecisionTreeClassifier(random_state=0).csv
blood-transfusion-service-center_1464,none,ordinalencoder,generic_univariate,normalizer,DecisionTreeClassifier(random_state=0),3,0.8389261744966443,0.0013747215270996,0.0001637935638427,blood-transfusion-service-center_1464_results_DecisionTreeClassifier(random_state=0).csv
blood-transfusion-service-center_1464,simpleimputer,onehot,select_percentile,normalizer,DecisionTreeClassifier(random_state=0),3,0.8389261744966443,0.0014154911041259,0.0001378059387207,blood-transfusion-service-center_1464_results_DecisionTreeClassifier(random_state=0).csv
blood-transfusion-service-center_1464,simpleimputer,ordinalencoder,generic_univariate,normalizer,DecisionTreeClassifier(random_state=0),3,0.8389261744966443,0.0014045238494873,0.0001375675201416,blood-transfusion-service-center_1464_results_DecisionTreeClassifier(random_state=0).csv
blood-transfusion-service-center_1464,simpleimputer,onehot,generic_univariate,normalizer,DecisionTreeClassifier(random_state=0),3,0.8389261744966443,0.0014858245849609,0.0001399517059326,blood-transfusion-service-center_1464_results_DecisionTreeClassifier(random_state=0).csv
blood-transfusion-service-center_1464,none,ordinalencoder,select_percentile,normalizer,DecisionTreeClassifier(random_state=0),3,0.8389261744966443,0.0017163753509521,0.00016450881958,blood-transfusion-service-center_1464_results_DecisionTreeClassifier(random_state=0).csv
blood-transfusion-service-center_1464,simpleimputer,none,generic_univariate,normalizer,DecisionTreeClassifier(random_state=0),3,0.8389261744966443,0.0016703605651855,0.0001726150512695,blood-transfusion-service-center_1464_results_DecisionTreeClassifier(random_state=0).csv
blood-transfusion-service-center_1464,none,none,generic_univariate,normalizer,DecisionTreeClassifier(random_state=0),3,0.8389261744966443,0.0013716220855712,0.0001571178436279,blood-transfusion-service-center_1464_results_DecisionTreeClassifier(random_state=0).csv
blood-transfusion-service-center_1464,none,none,select_percentile,normalizer,DecisionTreeClassifier(random_state=0),3,0.8389261744966443,0.0014271736145019,0.0001680850982666,blood-transfusion-service-center_1464_results_DecisionTreeClassifier(random_state=0).csv
blood-transfusion-service-center_1464,simpleimputer,none,select_percentile,normalizer,DecisionTreeClassifier(random_state=0),3,0.8389261744966443,0.0015599727630615,0.0001406669616699,blood-transfusion-service-center_1464_results_DecisionTreeClassifier(random_state=0).csv
blood-transfusion-service-center_1464,none,onehot,generic_univariate,normalizer,DecisionTreeClassifier(random_state=0),3,0.8389261744966443,0.0014045238494873,0.0001420974731445,blood-transfusion-service-center_1464_results_DecisionTreeClassifier(random_state=0).csv
blood-transfusion-service-center_1464,simpleimputer,ordinalencoder,select_percentile,normalizer,DecisionTreeClassifier(random_state=0),3,0.8389261744966443,0.0014142990112304,0.0001380443572998,blood-transfusion-service-center_1464_results_DecisionTreeClassifier(random_state=0).csv
blood-transfusion-service-center_1464,none,onehot,select_percentile,normalizer,DecisionTreeClassifier(random_state=0),3,0.8389261744966443,0.0014245510101318,0.0001411437988281,blood-transfusion-service-center_1464_results_DecisionTreeClassifier(random_state=0).csv
blood-transfusion-service-center_1464,simpleimputer,onehot,rbf_sampler,minmax,DecisionTreeClassifier(random_state=0),3,0.8322147651006712,0.0409080982208251,0.0001881122589111,blood-transfusion-service-center_1464_results_DecisionTreeClassifier(random_state=0).csv
blood-transfusion-service-center_1464,simpleimputer,none,pca,normalizer,DecisionTreeClassifier(random_state=0),3,0.8322147651006712,0.0022523403167724,0.0001614093780517,blood-transfusion-service-center_1464_results_DecisionTreeClassifier(random_state=0).csv
blood-transfusion-service-center_1464,simpleimputer,onehot,truncated_svd,normalizer,DecisionTreeClassifier(random_state=0),3,0.8322147651006712,0.0016894340515136,0.0001378059387207,blood-transfusion-service-center_1464_results_DecisionTreeClassifier(random_state=0).csv
blood-transfusion-service-center_1464,simpleimputer,ordinalencoder,rbf_sampler,minmax,DecisionTreeClassifier(random_state=0),3,0.8322147651006712,0.0408828258514404,0.000244140625,blood-transfusion-service-center_1464_results_DecisionTreeClassifier(random_state=0).csv
blood-transfusion-service-center_1464,simpleimputer,none,rbf_sampler,minmax,DecisionTreeClassifier(random_state=0),3,0.8322147651006712,0.0409872531890869,0.00020432472229,blood-transfusion-service-center_1464_results_DecisionTreeClassifier(random_state=0).csv
blood-transfusion-service-center_1464,none,none,pca,normalizer,DecisionTreeClassifier(random_state=0),3,0.8322147651006712,0.0022342205047607,0.0001413822174072,blood-transfusion-service-center_1464_results_DecisionTreeClassifier(random_state=0).csv
blood-transfusion-service-center_1464,none,ordinalencoder,pca,normalizer,DecisionTreeClassifier(random_state=0),3,0.8322147651006712,0.0023765563964843,0.0001494884490966,blood-transfusion-service-center_1464_results_DecisionTreeClassifier(random_state=0).csv
blood-transfusion-service-center_1464,none,ordinalencoder,rbf_sampler,minmax,DecisionTreeClassifier(random_state=0),3,0.8322147651006712,0.0408127307891845,0.0001990795135498,blood-transfusion-service-center_1464_results_DecisionTreeClassifier(random_state=0).csv
abalone_183,none,ordinalencoder,select_percentile,power,DecisionTreeClassifier(random_state=0),2,0.2634730538922156,0.004857063293457,0.0004243850708007,abalone_183_results_DecisionTreeClassifier(random_state=0).csv
abalone_183,none,onehot,generic_univariate,power,DecisionTreeClassifier(random_state=0),2,0.2634730538922156,0.0068686008453369,0.0004739761352539,abalone_183_results_DecisionTreeClassifier(random_state=0).csv
abalone_183,simpleimputer,ordinalencoder,generic_univariate,power,DecisionTreeClassifier(random_state=0),2,0.2634730538922156,0.0046460628509521,0.0003325939178466,abalone_183_results_DecisionTreeClassifier(random_state=0).csv
abalone_183,none,ordinalencoder,generic_univariate,power,DecisionTreeClassifier(random_state=0),2,0.2634730538922156,0.0049059391021728,0.0004386901855468,abalone_183_results_DecisionTreeClassifier(random_state=0).csv
abalone_183,simpleimputer,onehot,generic_univariate,power,DecisionTreeClassifier(random_state=0),2,0.2634730538922156,0.0044515132904052,0.0002884864807128,abalone_183_results_DecisionTreeClassifier(random_state=0).csv
abalone_183,simpleimputer,onehot,select_percentile,power,DecisionTreeClassifier(random_state=0),2,0.2634730538922156,0.0062510967254638,0.0004198551177978,abalone_183_results_DecisionTreeClassifier(random_state=0).csv
abalone_183,simpleimputer,ordinalencoder,select_percentile,power,DecisionTreeClassifier(random_state=0),2,0.2634730538922156,0.0046467781066894,0.0003201961517333,abalone_183_results_DecisionTreeClassifier(random_state=0).csv
abalone_183,none,onehot,select_percentile,power,DecisionTreeClassifier(random_state=0),2,0.2634730538922156,0.0044879913330078,0.0003213882446289,abalone_183_results_DecisionTreeClassifier(random_state=0).csv
abalone_183,none,ordinalencoder,generic_univariate,quantile,DecisionTreeClassifier(random_state=0),2,0.2622754491017964,0.0044057369232177,0.0002872943878173,abalone_183_results_DecisionTreeClassifier(random_state=0).csv
abalone_183,none,ordinalencoder,select_percentile,quantile,DecisionTreeClassifier(random_state=0),2,0.2622754491017964,0.0082714557647705,0.0008814334869384,abalone_183_results_DecisionTreeClassifier(random_state=0).csv
abalone_183,simpleimputer,onehot,generic_univariate,quantile,DecisionTreeClassifier(random_state=0),2,0.2622754491017964,0.0044553279876708,0.0003108978271484,abalone_183_results_DecisionTreeClassifier(random_state=0).csv
abalone_183,none,onehot,select_percentile,quantile,DecisionTreeClassifier(random_state=0),2,0.2622754491017964,0.0047986507415771,0.0003571510314941,abalone_183_results_DecisionTreeClassifier(random_state=0).csv
abalone_183,simpleimputer,ordinalencoder,generic_univariate,quantile,DecisionTreeClassifier(random_state=0),2,0.2622754491017964,0.0044732093811035,0.0003199577331542,abalone_183_results_DecisionTreeClassifier(random_state=0).csv
abalone_183,simpleimputer,ordinalencoder,select_percentile,quantile,DecisionTreeClassifier(random_state=0),2,0.2622754491017964,0.0048542022705078,0.00030517578125,abalone_183_results_DecisionTreeClassifier(random_state=0).csv
abalone_183,none,onehot,generic_univariate,quantile,DecisionTreeClassifier(random_state=0),2,0.2622754491017964,0.0048210620880126,0.0003583431243896,abalone_183_results_DecisionTreeClassifier(random_state=0).csv
abalone_183,simpleimputer,onehot,select_percentile,quantile,DecisionTreeClassifier(random_state=0),2,0.2622754491017964,0.0044219493865966,0.0003001689910888,abalone_183_results_DecisionTreeClassifier(random_state=0).csv
abalone_183,none,onehot,select_percentile,robust,DecisionTreeClassifier(random_state=0),0,0.2619617224880383,0.0022594928741455,0.0002722740173339,abalone_183_results_DecisionTreeClassifier(random_state=0).csv
abalone_183,simpleimputer,ordinalencoder,generic_univariate,minmax,DecisionTreeClassifier(random_state=0),0,0.2619617224880383,0.002777099609375,0.0004010200500488,abalone_183_results_DecisionTreeClassifier(random_state=0).csv
abalone_183,simpleimputer,onehot,generic_univariate,none,DecisionTreeClassifier(random_state=0),0,0.2619617224880383,0.0018696784973144,0.0002648830413818,abalone_183_results_DecisionTreeClassifier(random_state=0).csv
abalone_183,simpleimputer,ordinalencoder,generic_univariate,none,DecisionTreeClassifier(random_state=0),0,0.2619617224880383,0.002004861831665,0.0002784729003906,abalone_183_results_DecisionTreeClassifier(random_state=0).csv
fri_c1_1000_50_837,simpleimputer,ordinalencoder,select_percentile,quantile,DecisionTreeClassifier(random_state=0),3,0.92,0.0038137435913085,0.0001401901245117,fri_c1_1000_50_837_results_DecisionTreeClassifier(random_state=0).csv
fri_c1_1000_50_837,none,ordinalencoder,select_percentile,quantile,DecisionTreeClassifier(random_state=0),3,0.92,0.003788948059082,0.000277042388916,fri_c1_1000_50_837_results_DecisionTreeClassifier(random_state=0).csv
fri_c1_1000_50_837,simpleimputer,none,select_percentile,quantile,DecisionTreeClassifier(random_state=0),3,0.92,0.0040266513824462,0.0001449584960937,fri_c1_1000_50_837_results_DecisionTreeClassifier(random_state=0).csv
fri_c1_1000_50_837,simpleimputer,onehot,select_percentile,quantile,DecisionTreeClassifier(random_state=0),3,0.92,0.0039422512054443,0.0001461505889892,fri_c1_1000_50_837_results_DecisionTreeClassifier(random_state=0).csv
fri_c1_1000_50_837,none,onehot,select_percentile,quantile,DecisionTreeClassifier(random_state=0),3,0.92,0.0038578510284423,0.000140905380249,fri_c1_1000_50_837_results_DecisionTreeClassifier(random_state=0).csv
fri_c1_1000_50_837,none,none,select_percentile,quantile,DecisionTreeClassifier(random_state=0),3,0.92,0.0037109851837158,0.00014328956604,fri_c1_1000_50_837_results_DecisionTreeClassifier(random_state=0).csv
fri_c1_1000_50_837,simpleimputer,onehot,extra_tree,power,DecisionTreeClassifier(random_state=0),3,0.915,0.0038433074951171,0.0001387596130371,fri_c1_1000_50_837_results_DecisionTreeClassifier(random_state=0).csv
fri_c1_1000_50_837,simpleimputer,onehot,extra_tree,minmax,DecisionTreeClassifier(random_state=0),3,0.915,0.0038769245147705,0.0001401901245117,fri_c1_1000_50_837_results_DecisionTreeClassifier(random_state=0).csv
fri_c1_1000_50_837,none,none,select_percentile,standard,DecisionTreeClassifier(random_state=0),3,0.915,0.003873586654663,0.0001428127288818,fri_c1_1000_50_837_results_DecisionTreeClassifier(random_state=0).csv
fri_c1_1000_50_837,none,ordinalencoder,select_percentile,minmax,DecisionTreeClassifier(random_state=0),3,0.915,0.0037600994110107,0.0001411437988281,fri_c1_1000_50_837_results_DecisionTreeClassifier(random_state=0).csv
fri_c1_1000_50_837,none,onehot,extra_tree,none,DecisionTreeClassifier(random_state=0),3,0.915,0.003871202468872,0.0001428127288818,fri_c1_1000_50_837_results_DecisionTreeClassifier(random_state=0).csv
fri_c1_1000_50_837,none,ordinalencoder,select_percentile,standard,DecisionTreeClassifier(random_state=0),3,0.915,0.0040512084960937,0.0001626014709472,fri_c1_1000_50_837_results_DecisionTreeClassifier(random_state=0).csv
fri_c1_1000_50_837,none,none,extra_tree,power,DecisionTreeClassifier(random_state=0),3,0.915,0.0041413307189941,0.0001554489135742,fri_c1_1000_50_837_results_DecisionTreeClassifier(random_state=0).csv
fri_c1_1000_50_837,none,none,select_percentile,power,DecisionTreeClassifier(random_state=0),3,0.915,0.0038261413574218,0.0001506805419921,fri_c1_1000_50_837_results_DecisionTreeClassifier(random_state=0).csv
fri_c1_1000_50_837,simpleimputer,none,select_percentile,power,DecisionTreeClassifier(random_state=0),3,0.915,0.0038309097290039,0.0001392364501953,fri_c1_1000_50_837_results_DecisionTreeClassifier(random_state=0).csv
fri_c1_1000_50_837,simpleimputer,ordinalencoder,extra_tree,robust,DecisionTreeClassifier(random_state=0),3,0.915,0.0038661956787109,0.0001399517059326,fri_c1_1000_50_837_results_DecisionTreeClassifier(random_state=0).csv
fri_c1_1000_50_837,simpleimputer,ordinalencoder,extra_tree,minmax,DecisionTreeClassifier(random_state=0),3,0.915,0.003824234008789,0.0001699924468994,fri_c1_1000_50_837_results_DecisionTreeClassifier(random_state=0).csv
fri_c1_1000_50_837,none,none,extra_tree,minmax,DecisionTreeClassifier(random_state=0),3,0.915,0.0038926601409912,0.000140905380249,fri_c1_1000_50_837_results_DecisionTreeClassifier(random_state=0).csv
fri_c1_1000_50_837,simpleimputer,none,select_percentile,robust,DecisionTreeClassifier(random_state=0),3,0.915,0.0038604736328125,0.0001578330993652,fri_c1_1000_50_837_results_DecisionTreeClassifier(random_state=0).csv
fri_c1_1000_50_837,simpleimputer,none,extra_tree,minmax,DecisionTreeClassifier(random_state=0),3,0.915,0.0040574073791503,0.0001459121704101,fri_c1_1000_50_837_results_DecisionTreeClassifier(random_state=0).csv
arsenic-female-bladder_949,none,none,none,quantile,DecisionTreeClassifier(random_state=0),0,0.9017857142857144,0.0022759437561035,0.0001754760742187,arsenic-female-bladder_949_results_DecisionTreeClassifier(random_state=0).csv
arsenic-female-bladder_949,none,none,none,none,DecisionTreeClassifier(random_state=0),0,0.9017857142857144,0.0026435852050781,0.0008380413055419,arsenic-female-bladder_949_results_DecisionTreeClassifier(random_state=0).csv
arsenic-female-bladder_949,none,ordinalencoder,none,quantile,DecisionTreeClassifier(random_state=0),0,0.9017857142857144,0.0044312477111816,0.000312328338623,arsenic-female-bladder_949_results_DecisionTreeClassifier(random_state=0).csv
arsenic-female-bladder_949,none,ordinalencoder,none,power,DecisionTreeClassifier(random_state=0),0,0.9017857142857144,0.0021262168884277,0.0001516342163085,arsenic-female-bladder_949_results_DecisionTreeClassifier(random_state=0).csv
arsenic-female-bladder_949,simpleimputer,onehot,none,quantile,DecisionTreeClassifier(random_state=0),0,0.9017857142857144,0.0030319690704345,0.00018310546875,arsenic-female-bladder_949_results_DecisionTreeClassifier(random_state=0).csv
arsenic-female-bladder_949,none,ordinalencoder,none,standard,DecisionTreeClassifier(random_state=0),0,0.9017857142857144,0.0022370815277099,0.0001528263092041,arsenic-female-bladder_949_results_DecisionTreeClassifier(random_state=0).csv
arsenic-female-bladder_949,none,none,none,minmax,DecisionTreeClassifier(random_state=0),0,0.9017857142857144,0.0020956993103027,0.0001800060272216,arsenic-female-bladder_949_results_DecisionTreeClassifier(random_state=0).csv
arsenic-female-bladder_949,simpleimputer,ordinalencoder,linear_svc,robust,DecisionTreeClassifier(random_state=0),2,0.9017857142857144,0.0012180805206298,0.0001266002655029,arsenic-female-bladder_949_results_DecisionTreeClassifier(random_state=0).csv
arsenic-female-bladder_949,none,onehot,linear_svc,none,DecisionTreeClassifier(random_state=0),2,0.9017857142857144,0.0011274814605712,0.0001215934753417,arsenic-female-bladder_949_results_DecisionTreeClassifier(random_state=0).csv
arsenic-female-bladder_949,simpleimputer,onehot,none,robust,DecisionTreeClassifier(random_state=0),0,0.9017857142857144,0.0053534507751464,0.0002369880676269,arsenic-female-bladder_949_results_DecisionTreeClassifier(random_state=0).csv
arsenic-female-bladder_949,simpleimputer,ordinalencoder,none,quantile,DecisionTreeClassifier(random_state=0),0,0.9017857142857144,0.0019588470458984,0.0001487731933593,arsenic-female-bladder_949_results_DecisionTreeClassifier(random_state=0).csv
arsenic-female-bladder_949,none,none,none,standard,DecisionTreeClassifier(random_state=0),0,0.9017857142857144,0.0021665096282958,0.0001721382141113,arsenic-female-bladder_949_results_DecisionTreeClassifier(random_state=0).csv
arsenic-female-bladder_949,none,none,linear_svc,none,DecisionTreeClassifier(random_state=0),2,0.9017857142857144,0.0011951923370361,0.0001218318939208,arsenic-female-bladder_949_results_DecisionTreeClassifier(random_state=0).csv
arsenic-female-bladder_949,none,ordinalencoder,linear_svc,robust,DecisionTreeClassifier(random_state=0),2,0.9017857142857144,0.0011754035949707,0.0001230239868164,arsenic-female-bladder_949_results_DecisionTreeClassifier(random_state=0).csv
arsenic-female-bladder_949,simpleimputer,none,none,none,DecisionTreeClassifier(random_state=0),0,0.9017857142857144,0.0029690265655517,0.0009992122650146,arsenic-female-bladder_949_results_DecisionTreeClassifier(random_state=0).csv
arsenic-female-bladder_949,none,onehot,none,none,DecisionTreeClassifier(random_state=0),0,0.9017857142857144,0.0034544467926025,0.0009799003601074,arsenic-female-bladder_949_results_DecisionTreeClassifier(random_state=0).csv
arsenic-female-bladder_949,simpleimputer,ordinalencoder,none,none,DecisionTreeClassifier(random_state=0),0,0.9017857142857144,0.0047645568847656,0.0013210773468017,arsenic-female-bladder_949_results_DecisionTreeClassifier(random_state=0).csv
arsenic-female-bladder_949,none,ordinalencoder,none,robust,DecisionTreeClassifier(random_state=0),0,0.9017857142857144,0.0019519329071044,0.0001537799835205,arsenic-female-bladder_949_results_DecisionTreeClassifier(random_state=0).csv
arsenic-female-bladder_949,simpleimputer,ordinalencoder,none,standard,DecisionTreeClassifier(random_state=0),0,0.9017857142857144,0.002455711364746,0.0002262592315673,arsenic-female-bladder_949_results_DecisionTreeClassifier(random_state=0).csv
arsenic-female-bladder_949,none,onehot,none,standard,DecisionTreeClassifier(random_state=0),0,0.9017857142857144,0.0020945072174072,0.0001780986785888,arsenic-female-bladder_949_results_DecisionTreeClassifier(random_state=0).csv
PizzaCutter3_1444,simpleimputer,onehot,nystroem,none,DecisionTreeClassifier(random_state=0),0,0.8995215311004785,0.0461719036102294,0.0003454685211181,PizzaCutter3_1444_results_DecisionTreeClassifier(random_state=0).csv
PizzaCutter3_1444,none,onehot,nystroem,none,DecisionTreeClassifier(random_state=0),0,0.8995215311004785,0.047518253326416,0.0003423690795898,PizzaCutter3_1444_results_DecisionTreeClassifier(random_state=0).csv
PizzaCutter3_1444,simpleimputer,ordinalencoder,nystroem,none,DecisionTreeClassifier(random_state=0),0,0.8995215311004785,0.0453717708587646,0.0003566741943359,PizzaCutter3_1444_results_DecisionTreeClassifier(random_state=0).csv
PizzaCutter3_1444,simpleimputer,none,nystroem,none,DecisionTreeClassifier(random_state=0),0,0.8995215311004785,0.047184944152832,0.0003681182861328,PizzaCutter3_1444_results_DecisionTreeClassifier(random_state=0).csv
PizzaCutter3_1444,none,ordinalencoder,nystroem,none,DecisionTreeClassifier(random_state=0),0,0.8995215311004785,0.047480821609497,0.0003597736358642,PizzaCutter3_1444_results_DecisionTreeClassifier(random_state=0).csv
PizzaCutter3_1444,none,none,nystroem,none,DecisionTreeClassifier(random_state=0),0,0.8995215311004785,0.0463175773620605,0.0003516674041748,PizzaCutter3_1444_results_DecisionTreeClassifier(random_state=0).csv
PizzaCutter3_1444,simpleimputer,onehot,pca,robust,DecisionTreeClassifier(random_state=0),0,0.8851674641148325,0.026787519454956,0.0002944469451904,PizzaCutter3_1444_results_DecisionTreeClassifier(random_state=0).csv
PizzaCutter3_1444,none,ordinalencoder,pca,robust,DecisionTreeClassifier(random_state=0),0,0.8851674641148325,0.0222594738006591,0.0001626014709472,PizzaCutter3_1444_results_DecisionTreeClassifier(random_state=0).csv
PizzaCutter3_1444,none,none,pca,robust,DecisionTreeClassifier(random_state=0),0,0.8851674641148325,0.022036075592041,0.0001602172851562,PizzaCutter3_1444_results_DecisionTreeClassifier(random_state=0).csv
PizzaCutter3_1444,simpleimputer,ordinalencoder,pca,robust,DecisionTreeClassifier(random_state=0),0,0.8851674641148325,0.0218112468719482,0.0002121925354003,PizzaCutter3_1444_results_DecisionTreeClassifier(random_state=0).csv
PizzaCutter3_1444,none,onehot,polynomial_features,normalizer,DecisionTreeClassifier(random_state=0),0,0.8851674641148325,0.1877815723419189,0.000441551208496,PizzaCutter3_1444_results_DecisionTreeClassifier(random_state=0).csv
PizzaCutter3_1444,simpleimputer,none,pca,robust,DecisionTreeClassifier(random_state=0),0,0.8851674641148325,0.0237023830413818,0.0003132820129394,PizzaCutter3_1444_results_DecisionTreeClassifier(random_state=0).csv
PizzaCutter3_1444,simpleimputer,onehot,polynomial_features,normalizer,DecisionTreeClassifier(random_state=0),0,0.8851674641148325,0.1811335086822509,0.0003957748413085,PizzaCutter3_1444_results_DecisionTreeClassifier(random_state=0).csv
PizzaCutter3_1444,none,none,polynomial_features,normalizer,DecisionTreeClassifier(random_state=0),0,0.8851674641148325,0.1805362701416015,0.0004024505615234,PizzaCutter3_1444_results_DecisionTreeClassifier(random_state=0).csv
PizzaCutter3_1444,none,onehot,pca,robust,DecisionTreeClassifier(random_state=0),0,0.8851674641148325,0.0255572795867919,0.000272512435913,PizzaCutter3_1444_results_DecisionTreeClassifier(random_state=0).csv
PizzaCutter3_1444,simpleimputer,none,polynomial_features,normalizer,DecisionTreeClassifier(random_state=0),0,0.8851674641148325,0.1806983947753906,0.000392198562622,PizzaCutter3_1444_results_DecisionTreeClassifier(random_state=0).csv
PizzaCutter3_1444,simpleimputer,ordinalencoder,polynomial_features,normalizer,DecisionTreeClassifier(random_state=0),0,0.8851674641148325,0.1828517913818359,0.0003960132598876,PizzaCutter3_1444_results_DecisionTreeClassifier(random_state=0).csv
PizzaCutter3_1444,none,ordinalencoder,polynomial_features,normalizer,DecisionTreeClassifier(random_state=0),0,0.8851674641148325,0.1766703128814697,0.0004010200500488,PizzaCutter3_1444_results_DecisionTreeClassifier(random_state=0).csv
PizzaCutter3_1444,simpleimputer,ordinalencoder,fastica,power,DecisionTreeClassifier(random_state=0),4,0.8846153846153846,0.0560705661773681,0.0002758502960205,PizzaCutter3_1444_results_DecisionTreeClassifier(random_state=0).csv
PizzaCutter3_1444,none,onehot,fastica,power,DecisionTreeClassifier(random_state=0),4,0.8846153846153846,0.0624372959136962,0.0002157688140869,PizzaCutter3_1444_results_DecisionTreeClassifier(random_state=0).csv
robot-failures-lp5_1520,simpleimputer,onehot,truncated_svd,none,DecisionTreeClassifier(random_state=0),3,0.8484848484848485,0.0011060237884521,0.0001318454742431,robot-failures-lp5_1520_results_DecisionTreeClassifier(random_state=0).csv
robot-failures-lp5_1520,none,ordinalencoder,truncated_svd,none,DecisionTreeClassifier(random_state=0),3,0.8484848484848485,0.0013079643249511,0.0001425743103027,robot-failures-lp5_1520_results_DecisionTreeClassifier(random_state=0).csv
robot-failures-lp5_1520,none,onehot,truncated_svd,none,DecisionTreeClassifier(random_state=0),3,0.8484848484848485,0.0010948181152343,0.0001354217529296,robot-failures-lp5_1520_results_DecisionTreeClassifier(random_state=0).csv
robot-failures-lp5_1520,simpleimputer,ordinalencoder,truncated_svd,none,DecisionTreeClassifier(random_state=0),3,0.8484848484848485,0.001094102859497,0.000131607055664,robot-failures-lp5_1520_results_DecisionTreeClassifier(random_state=0).csv
robot-failures-lp5_1520,none,none,truncated_svd,none,DecisionTreeClassifier(random_state=0),3,0.8484848484848485,0.0010910034179687,0.0001296997070312,robot-failures-lp5_1520_results_DecisionTreeClassifier(random_state=0).csv
robot-failures-lp5_1520,simpleimputer,none,truncated_svd,none,DecisionTreeClassifier(random_state=0),3,0.8484848484848485,0.0012223720550537,0.0001358985900878,robot-failures-lp5_1520_results_DecisionTreeClassifier(random_state=0).csv
robot-failures-lp5_1520,none,onehot,nystroem,power,DecisionTreeClassifier(random_state=0),4,0.78125,0.0066049098968505,0.0001521110534667,robot-failures-lp5_1520_results_DecisionTreeClassifier(random_state=0).csv
robot-failures-lp5_1520,simpleimputer,onehot,nystroem,power,DecisionTreeClassifier(random_state=0),4,0.78125,0.0073826313018798,0.0001685619354248,robot-failures-lp5_1520_results_DecisionTreeClassifier(random_state=0).csv
robot-failures-lp5_1520,simpleimputer,ordinalencoder,nystroem,power,DecisionTreeClassifier(random_state=0),4,0.78125,0.0075314044952392,0.0001666545867919,robot-failures-lp5_1520_results_DecisionTreeClassifier(random_state=0).csv
robot-failures-lp5_1520,simpleimputer,onehot,feature_agglomeration,none,DecisionTreeClassifier(random_state=0),4,0.78125,0.0010714530944824,0.0001287460327148,robot-failures-lp5_1520_results_DecisionTreeClassifier(random_state=0).csv
robot-failures-lp5_1520,none,none,nystroem,power,DecisionTreeClassifier(random_state=0),4,0.78125,0.006575584411621,0.0001542568206787,robot-failures-lp5_1520_results_DecisionTreeClassifier(random_state=0).csv
robot-failures-lp5_1520,simpleimputer,ordinalencoder,feature_agglomeration,none,DecisionTreeClassifier(random_state=0),4,0.78125,0.001101016998291,0.0001928806304931,robot-failures-lp5_1520_results_DecisionTreeClassifier(random_state=0).csv
robot-failures-lp5_1520,none,ordinalencoder,feature_agglomeration,none,DecisionTreeClassifier(random_state=0),4,0.78125,0.0010530948638916,0.0001358985900878,robot-failures-lp5_1520_results_DecisionTreeClassifier(random_state=0).csv
robot-failures-lp5_1520,none,none,feature_agglomeration,none,DecisionTreeClassifier(random_state=0),4,0.78125,0.0010170936584472,0.0001266002655029,robot-failures-lp5_1520_results_DecisionTreeClassifier(random_state=0).csv
robot-failures-lp5_1520,simpleimputer,none,feature_agglomeration,none,DecisionTreeClassifier(random_state=0),4,0.78125,0.0010502338409423,0.0001289844512939,robot-failures-lp5_1520_results_DecisionTreeClassifier(random_state=0).csv
robot-failures-lp5_1520,simpleimputer,none,nystroem,power,DecisionTreeClassifier(random_state=0),4,0.78125,0.0066673755645751,0.0001478195190429,robot-failures-lp5_1520_results_DecisionTreeClassifier(random_state=0).csv
robot-failures-lp5_1520,none,ordinalencoder,nystroem,power,DecisionTreeClassifier(random_state=0),4,0.78125,0.0074138641357421,0.0001699924468994,robot-failures-lp5_1520_results_DecisionTreeClassifier(random_state=0).csv
robot-failures-lp5_1520,none,onehot,feature_agglomeration,none,DecisionTreeClassifier(random_state=0),4,0.78125,0.0010545253753662,0.0001301765441894,robot-failures-lp5_1520_results_DecisionTreeClassifier(random_state=0).csv
robot-failures-lp5_1520,simpleimputer,ordinalencoder,truncated_svd,none,DecisionTreeClassifier(random_state=0),0,0.7575757575757576,0.0016412734985351,0.0001585483551025,robot-failures-lp5_1520_results_DecisionTreeClassifier(random_state=0).csv
robot-failures-lp5_1520,simpleimputer,ordinalencoder,nystroem,robust,DecisionTreeClassifier(random_state=0),0,0.7575757575757576,0.007866621017456,0.0001595020294189,robot-failures-lp5_1520_results_DecisionTreeClassifier(random_state=0).csv
satimage_182,none,onehot,polynomial_features,minmax,DecisionTreeClassifier(random_state=0),0,0.8748055987558321,3.063065767288208,0.0014317035675048,satimage_182_results_DecisionTreeClassifier(random_state=0).csv
satimage_182,none,none,polynomial_features,minmax,DecisionTreeClassifier(random_state=0),0,0.8748055987558321,3.037951946258545,0.0013556480407714,satimage_182_results_DecisionTreeClassifier(random_state=0).csv
satimage_182,none,ordinalencoder,polynomial_features,minmax,DecisionTreeClassifier(random_state=0),0,0.8748055987558321,2.877608299255371,0.0012931823730468,satimage_182_results_DecisionTreeClassifier(random_state=0).csv
satimage_182,simpleimputer,ordinalencoder,polynomial_features,minmax,DecisionTreeClassifier(random_state=0),0,0.8748055987558321,2.995022773742676,0.0012943744659423,satimage_182_results_DecisionTreeClassifier(random_state=0).csv
satimage_182,simpleimputer,none,polynomial_features,minmax,DecisionTreeClassifier(random_state=0),0,0.8748055987558321,2.900252103805542,0.0012621879577636,satimage_182_results_DecisionTreeClassifier(random_state=0).csv
satimage_182,simpleimputer,onehot,polynomial_features,minmax,DecisionTreeClassifier(random_state=0),0,0.8748055987558321,3.006784677505493,0.0012242794036865,satimage_182_results_DecisionTreeClassifier(random_state=0).csv
satimage_182,simpleimputer,onehot,nystroem,standard,DecisionTreeClassifier(random_state=0),0,0.8740279937791602,0.8138337135314941,0.0004703998565673,satimage_182_results_DecisionTreeClassifier(random_state=0).csv
satimage_182,none,none,nystroem,standard,DecisionTreeClassifier(random_state=0),0,0.8740279937791602,0.8398580551147461,0.0004768371582031,satimage_182_results_DecisionTreeClassifier(random_state=0).csv
satimage_182,simpleimputer,none,nystroem,standard,DecisionTreeClassifier(random_state=0),0,0.8740279937791602,0.8004100322723389,0.0005180835723876,satimage_182_results_DecisionTreeClassifier(random_state=0).csv
satimage_182,simpleimputer,ordinalencoder,nystroem,standard,DecisionTreeClassifier(random_state=0),0,0.8740279937791602,0.8963158130645752,0.0004808902740478,satimage_182_results_DecisionTreeClassifier(random_state=0).csv
satimage_182,none,ordinalencoder,nystroem,standard,DecisionTreeClassifier(random_state=0),0,0.8740279937791602,0.8790876865386963,0.0004842281341552,satimage_182_results_DecisionTreeClassifier(random_state=0).csv
satimage_182,none,onehot,nystroem,standard,DecisionTreeClassifier(random_state=0),0,0.8740279937791602,0.8637406826019287,0.0004880428314208,satimage_182_results_DecisionTreeClassifier(random_state=0).csv
satimage_182,none,onehot,linear_svc,power,DecisionTreeClassifier(random_state=0),1,0.8732503888024883,0.0363905429840087,0.0003135204315185,satimage_182_results_DecisionTreeClassifier(random_state=0).csv
satimage_182,simpleimputer,onehot,linear_svc,power,DecisionTreeClassifier(random_state=0),1,0.8732503888024883,0.0357446670532226,0.0003304481506347,satimage_182_results_DecisionTreeClassifier(random_state=0).csv
satimage_182,none,none,linear_svc,power,DecisionTreeClassifier(random_state=0),1,0.8732503888024883,0.038100242614746,0.0004065036773681,satimage_182_results_DecisionTreeClassifier(random_state=0).csv
satimage_182,simpleimputer,none,linear_svc,power,DecisionTreeClassifier(random_state=0),1,0.8732503888024883,0.0366590023040771,0.0003173351287841,satimage_182_results_DecisionTreeClassifier(random_state=0).csv
satimage_182,simpleimputer,ordinalencoder,linear_svc,power,DecisionTreeClassifier(random_state=0),1,0.8732503888024883,0.036900520324707,0.000356912612915,satimage_182_results_DecisionTreeClassifier(random_state=0).csv
satimage_182,none,ordinalencoder,linear_svc,power,DecisionTreeClassifier(random_state=0),1,0.8732503888024883,0.0373210906982421,0.0003035068511962,satimage_182_results_DecisionTreeClassifier(random_state=0).csv
satimage_182,simpleimputer,ordinalencoder,nystroem,quantile,DecisionTreeClassifier(random_state=0),0,0.8701399688958009,0.8924310207366943,0.0005686283111572,satimage_182_results_DecisionTreeClassifier(random_state=0).csv
satimage_182,simpleimputer,none,nystroem,quantile,DecisionTreeClassifier(random_state=0),0,0.8701399688958009,0.8883652687072754,0.0005247592926025,satimage_182_results_DecisionTreeClassifier(random_state=0).csv
fri_c4_500_50_805,simpleimputer,onehot,extra_tree,normalizer,DecisionTreeClassifier(random_state=0),1,0.93,0.0023002624511718,0.0001227855682373,fri_c4_500_50_805_results_DecisionTreeClassifier(random_state=0).csv
fri_c4_500_50_805,none,none,extra_tree,normalizer,DecisionTreeClassifier(random_state=0),1,0.93,0.0022354125976562,0.0001263618469238,fri_c4_500_50_805_results_DecisionTreeClassifier(random_state=0).csv
fri_c4_500_50_805,simpleimputer,none,extra_tree,normalizer,DecisionTreeClassifier(random_state=0),1,0.93,0.0023987293243408,0.0001354217529296,fri_c4_500_50_805_results_DecisionTreeClassifier(random_state=0).csv
fri_c4_500_50_805,simpleimputer,ordinalencoder,extra_tree,normalizer,DecisionTreeClassifier(random_state=0),1,0.93,0.0025258064270019,0.000140905380249,fri_c4_500_50_805_results_DecisionTreeClassifier(random_state=0).csv
fri_c4_500_50_805,none,ordinalencoder,extra_tree,normalizer,DecisionTreeClassifier(random_state=0),1,0.93,0.0024182796478271,0.0001347064971923,fri_c4_500_50_805_results_DecisionTreeClassifier(random_state=0).csv
fri_c4_500_50_805,none,onehot,extra_tree,normalizer,DecisionTreeClassifier(random_state=0),1,0.93,0.0024554729461669,0.0001347064971923,fri_c4_500_50_805_results_DecisionTreeClassifier(random_state=0).csv
fri_c4_500_50_805,none,onehot,extra_tree,quantile,DecisionTreeClassifier(random_state=0),1,0.9,0.002371072769165,0.0001356601715087,fri_c4_500_50_805_results_DecisionTreeClassifier(random_state=0).csv
fri_c4_500_50_805,none,ordinalencoder,extra_tree,quantile,DecisionTreeClassifier(random_state=0),1,0.9,0.0025606155395507,0.0003104209899902,fri_c4_500_50_805_results_DecisionTreeClassifier(random_state=0).csv
fri_c4_500_50_805,simpleimputer,onehot,extra_tree,quantile,DecisionTreeClassifier(random_state=0),1,0.9,0.0024075508117675,0.000133991241455,fri_c4_500_50_805_results_DecisionTreeClassifier(random_state=0).csv
fri_c4_500_50_805,simpleimputer,ordinalencoder,extra_tree,quantile,DecisionTreeClassifier(random_state=0),1,0.9,0.0022647380828857,0.0001258850097656,fri_c4_500_50_805_results_DecisionTreeClassifier(random_state=0).csv
fri_c4_500_50_805,simpleimputer,none,extra_tree,quantile,DecisionTreeClassifier(random_state=0),1,0.9,0.0024290084838867,0.0001361370086669,fri_c4_500_50_805_results_DecisionTreeClassifier(random_state=0).csv
fri_c4_500_50_805,none,none,extra_tree,quantile,DecisionTreeClassifier(random_state=0),1,0.9,0.0023910999298095,0.000133991241455,fri_c4_500_50_805_results_DecisionTreeClassifier(random_state=0).csv
fri_c4_500_50_805,none,onehot,extra_tree,robust,DecisionTreeClassifier(random_state=0),1,0.89,0.0025043487548828,0.0002398490905761,fri_c4_500_50_805_results_DecisionTreeClassifier(random_state=0).csv
fri_c4_500_50_805,none,onehot,extra_tree,standard,DecisionTreeClassifier(random_state=0),1,0.89,0.0023972988128662,0.0001435279846191,fri_c4_500_50_805_results_DecisionTreeClassifier(random_state=0).csv
fri_c4_500_50_805,none,ordinalencoder,extra_tree,none,DecisionTreeClassifier(random_state=0),1,0.89,0.0026803016662597,0.0001399517059326,fri_c4_500_50_805_results_DecisionTreeClassifier(random_state=0).csv
fri_c4_500_50_805,simpleimputer,onehot,extra_tree,standard,DecisionTreeClassifier(random_state=0),1,0.89,0.0023684501647949,0.0001356601715087,fri_c4_500_50_805_results_DecisionTreeClassifier(random_state=0).csv
fri_c4_500_50_805,simpleimputer,ordinalencoder,extra_tree,minmax,DecisionTreeClassifier(random_state=0),1,0.89,0.0023756027221679,0.0001358985900878,fri_c4_500_50_805_results_DecisionTreeClassifier(random_state=0).csv
fri_c4_500_50_805,simpleimputer,none,extra_tree,none,DecisionTreeClassifier(random_state=0),1,0.89,0.0026876926422119,0.0002245903015136,fri_c4_500_50_805_results_DecisionTreeClassifier(random_state=0).csv
fri_c4_500_50_805,simpleimputer,ordinalencoder,extra_tree,none,DecisionTreeClassifier(random_state=0),1,0.89,0.0024406909942626,0.0001401901245117,fri_c4_500_50_805_results_DecisionTreeClassifier(random_state=0).csv
fri_c4_500_50_805,none,none,extra_tree,minmax,DecisionTreeClassifier(random_state=0),1,0.89,0.0023281574249267,0.0001327991485595,fri_c4_500_50_805_results_DecisionTreeClassifier(random_state=0).csv
SPECT_336,none,none,feature_agglomeration,none,DecisionTreeClassifier(random_state=0),4,0.8679245283018868,0.0010364055633544,0.0001270771026611,SPECT_336_results_DecisionTreeClassifier(random_state=0).csv
SPECT_336,simpleimputer,ordinalencoder,feature_agglomeration,quantile,DecisionTreeClassifier(random_state=0),4,0.8679245283018868,0.0009856224060058,0.0001516342163085,SPECT_336_results_DecisionTreeClassifier(random_state=0).csv
SPECT_336,simpleimputer,ordinalencoder,feature_agglomeration,minmax,DecisionTreeClassifier(random_state=0),4,0.8679245283018868,0.0009922981262207,0.0001282691955566,SPECT_336_results_DecisionTreeClassifier(random_state=0).csv
SPECT_336,none,ordinalencoder,feature_agglomeration,none,DecisionTreeClassifier(random_state=0),4,0.8679245283018868,0.0009779930114746,0.0001165866851806,SPECT_336_results_DecisionTreeClassifier(random_state=0).csv
SPECT_336,simpleimputer,onehot,feature_agglomeration,none,DecisionTreeClassifier(random_state=0),4,0.8679245283018868,0.0010123252868652,0.0001294612884521,SPECT_336_results_DecisionTreeClassifier(random_state=0).csv
SPECT_336,none,onehot,feature_agglomeration,robust,DecisionTreeClassifier(random_state=0),4,0.8679245283018868,0.0010833740234375,0.0001294612884521,SPECT_336_results_DecisionTreeClassifier(random_state=0).csv
SPECT_336,simpleimputer,ordinalencoder,feature_agglomeration,none,DecisionTreeClassifier(random_state=0),4,0.8679245283018868,0.0009644031524658,0.0001246929168701,SPECT_336_results_DecisionTreeClassifier(random_state=0).csv
SPECT_336,none,none,feature_agglomeration,quantile,DecisionTreeClassifier(random_state=0),4,0.8679245283018868,0.0008690357208251,0.0001146793365478,SPECT_336_results_DecisionTreeClassifier(random_state=0).csv
SPECT_336,simpleimputer,none,feature_agglomeration,robust,DecisionTreeClassifier(random_state=0),4,0.8679245283018868,0.0009713172912597,0.0001192092895507,SPECT_336_results_DecisionTreeClassifier(random_state=0).csv
SPECT_336,none,ordinalencoder,feature_agglomeration,robust,DecisionTreeClassifier(random_state=0),4,0.8679245283018868,0.0010972023010253,0.0001420974731445,SPECT_336_results_DecisionTreeClassifier(random_state=0).csv
SPECT_336,none,none,feature_agglomeration,minmax,DecisionTreeClassifier(random_state=0),4,0.8679245283018868,0.0010807514190673,0.0001282691955566,SPECT_336_results_DecisionTreeClassifier(random_state=0).csv
SPECT_336,none,ordinalencoder,feature_agglomeration,minmax,DecisionTreeClassifier(random_state=0),4,0.8679245283018868,0.0010044574737548,0.0001285076141357,SPECT_336_results_DecisionTreeClassifier(random_state=0).csv
SPECT_336,none,onehot,feature_agglomeration,minmax,DecisionTreeClassifier(random_state=0),4,0.8679245283018868,0.0010740756988525,0.0001306533813476,SPECT_336_results_DecisionTreeClassifier(random_state=0).csv
SPECT_336,simpleimputer,ordinalencoder,feature_agglomeration,robust,DecisionTreeClassifier(random_state=0),4,0.8679245283018868,0.0009951591491699,0.0001442432403564,SPECT_336_results_DecisionTreeClassifier(random_state=0).csv
SPECT_336,simpleimputer,onehot,feature_agglomeration,minmax,DecisionTreeClassifier(random_state=0),4,0.8679245283018868,0.0009782314300537,0.0001230239868164,SPECT_336_results_DecisionTreeClassifier(random_state=0).csv
SPECT_336,none,onehot,feature_agglomeration,none,DecisionTreeClassifier(random_state=0),4,0.8679245283018868,0.0010492801666259,0.0001308917999267,SPECT_336_results_DecisionTreeClassifier(random_state=0).csv
SPECT_336,simpleimputer,onehot,feature_agglomeration,robust,DecisionTreeClassifier(random_state=0),4,0.8679245283018868,0.0009510517120361,0.0001232624053955,SPECT_336_results_DecisionTreeClassifier(random_state=0).csv
SPECT_336,simpleimputer,none,feature_agglomeration,none,DecisionTreeClassifier(random_state=0),4,0.8679245283018868,0.0009591579437255,0.000124454498291,SPECT_336_results_DecisionTreeClassifier(random_state=0).csv
SPECT_336,none,none,feature_agglomeration,robust,DecisionTreeClassifier(random_state=0),4,0.8679245283018868,0.0010926723480224,0.0001270771026611,SPECT_336_results_DecisionTreeClassifier(random_state=0).csv
SPECT_336,simpleimputer,none,feature_agglomeration,minmax,DecisionTreeClassifier(random_state=0),4,0.8679245283018868,0.000943899154663,0.000124454498291,SPECT_336_results_DecisionTreeClassifier(random_state=0).csv
LED-display-domain-7digit_40496,simpleimputer,ordinalencoder,truncated_svd,quantile,DecisionTreeClassifier(random_state=0),4,0.78,0.0011243820190429,0.0001251697540283,LED-display-domain-7digit_40496_results_DecisionTreeClassifier(random_state=0).csv
LED-display-domain-7digit_40496,none,onehot,nystroem,quantile,DecisionTreeClassifier(random_state=0),4,0.78,0.0116183757781982,0.0001909732818603,LED-display-domain-7digit_40496_results_DecisionTreeClassifier(random_state=0).csv
LED-display-domain-7digit_40496,simpleimputer,ordinalencoder,fastica,quantile,DecisionTreeClassifier(random_state=0),4,0.78,0.0015270709991455,0.0001468658447265,LED-display-domain-7digit_40496_results_DecisionTreeClassifier(random_state=0).csv
LED-display-domain-7digit_40496,none,none,nystroem,none,DecisionTreeClassifier(random_state=0),4,0.78,0.0121922492980957,0.0002021789550781,LED-display-domain-7digit_40496_results_DecisionTreeClassifier(random_state=0).csv
LED-display-domain-7digit_40496,none,none,truncated_svd,none,DecisionTreeClassifier(random_state=0),4,0.78,0.0011003017425537,0.0001254081726074,LED-display-domain-7digit_40496_results_DecisionTreeClassifier(random_state=0).csv
LED-display-domain-7digit_40496,none,none,kernel_pca,power,DecisionTreeClassifier(random_state=0),4,0.78,0.0018799304962158,0.000152587890625,LED-display-domain-7digit_40496_results_DecisionTreeClassifier(random_state=0).csv
LED-display-domain-7digit_40496,none,ordinalencoder,truncated_svd,standard,DecisionTreeClassifier(random_state=0),4,0.78,0.0011541843414306,0.000131607055664,LED-display-domain-7digit_40496_results_DecisionTreeClassifier(random_state=0).csv
LED-display-domain-7digit_40496,none,onehot,rbf_sampler,quantile,DecisionTreeClassifier(random_state=0),4,0.78,0.0084156990051269,0.0001473426818847,LED-display-domain-7digit_40496_results_DecisionTreeClassifier(random_state=0).csv
LED-display-domain-7digit_40496,simpleimputer,onehot,truncated_svd,power,DecisionTreeClassifier(random_state=0),4,0.78,0.0011858940124511,0.0001263618469238,LED-display-domain-7digit_40496_results_DecisionTreeClassifier(random_state=0).csv
LED-display-domain-7digit_40496,simpleimputer,none,fastica,robust,DecisionTreeClassifier(random_state=0),4,0.78,0.0014255046844482,0.000126838684082,LED-display-domain-7digit_40496_results_DecisionTreeClassifier(random_state=0).csv
LED-display-domain-7digit_40496,simpleimputer,none,truncated_svd,robust,DecisionTreeClassifier(random_state=0),4,0.78,0.0011215209960937,0.000126838684082,LED-display-domain-7digit_40496_results_DecisionTreeClassifier(random_state=0).csv
LED-display-domain-7digit_40496,none,onehot,nystroem,minmax,DecisionTreeClassifier(random_state=0),4,0.78,0.013364553451538,0.0003004074096679,LED-display-domain-7digit_40496_results_DecisionTreeClassifier(random_state=0).csv
LED-display-domain-7digit_40496,none,onehot,truncated_svd,minmax,DecisionTreeClassifier(random_state=0),4,0.78,0.0011994838714599,0.0001602172851562,LED-display-domain-7digit_40496_results_DecisionTreeClassifier(random_state=0).csv
LED-display-domain-7digit_40496,simpleimputer,none,rbf_sampler,minmax,DecisionTreeClassifier(random_state=0),4,0.78,0.0086021423339843,0.0002579689025878,LED-display-domain-7digit_40496_results_DecisionTreeClassifier(random_state=0).csv
LED-display-domain-7digit_40496,simpleimputer,none,kernel_pca,standard,DecisionTreeClassifier(random_state=0),4,0.78,0.0022141933441162,0.0001580715179443,LED-display-domain-7digit_40496_results_DecisionTreeClassifier(random_state=0).csv
LED-display-domain-7digit_40496,simpleimputer,none,fastica,minmax,DecisionTreeClassifier(random_state=0),4,0.78,0.001537799835205,0.0001311302185058,LED-display-domain-7digit_40496_results_DecisionTreeClassifier(random_state=0).csv
LED-display-domain-7digit_40496,simpleimputer,none,truncated_svd,minmax,DecisionTreeClassifier(random_state=0),4,0.78,0.0010747909545898,0.000126838684082,LED-display-domain-7digit_40496_results_DecisionTreeClassifier(random_state=0).csv
LED-display-domain-7digit_40496,none,onehot,truncated_svd,power,DecisionTreeClassifier(random_state=0),4,0.78,0.00118088722229,0.0001273155212402,LED-display-domain-7digit_40496_results_DecisionTreeClassifier(random_state=0).csv
LED-display-domain-7digit_40496,none,ordinalencoder,nystroem,robust,DecisionTreeClassifier(random_state=0),4,0.78,0.0122442245483398,0.0001955032348632,LED-display-domain-7digit_40496_results_DecisionTreeClassifier(random_state=0).csv
LED-display-domain-7digit_40496,simpleimputer,ordinalencoder,rbf_sampler,minmax,DecisionTreeClassifier(random_state=0),4,0.78,0.0080649852752685,0.0002593994140625,LED-display-domain-7digit_40496_results_DecisionTreeClassifier(random_state=0).csv
Mammographic-Mass-Data-Set_45557,simpleimputer,none,truncated_svd,none,DecisionTreeClassifier(random_state=0),0,0.8341968911917098,0.001866340637207,0.0001358985900878,Mammographic-Mass-Data-Set_45557_results_DecisionTreeClassifier(random_state=0).csv
Mammographic-Mass-Data-Set_45557,simpleimputer,onehot,truncated_svd,none,DecisionTreeClassifier(random_state=0),0,0.8341968911917098,0.0020303726196289,0.0001449584960937,Mammographic-Mass-Data-Set_45557_results_DecisionTreeClassifier(random_state=0).csv
Mammographic-Mass-Data-Set_45557,simpleimputer,ordinalencoder,truncated_svd,none,DecisionTreeClassifier(random_state=0),0,0.8341968911917098,0.0018837451934814,0.0001342296600341,Mammographic-Mass-Data-Set_45557_results_DecisionTreeClassifier(random_state=0).csv
Mammographic-Mass-Data-Set_45557,simpleimputer,onehot,linear_svc,none,DecisionTreeClassifier(random_state=0),1,0.828125,0.0010790824890136,0.0001368522644042,Mammographic-Mass-Data-Set_45557_results_DecisionTreeClassifier(random_state=0).csv
Mammographic-Mass-Data-Set_45557,simpleimputer,ordinalencoder,linear_svc,none,DecisionTreeClassifier(random_state=0),1,0.828125,0.0008952617645263,0.0001239776611328,Mammographic-Mass-Data-Set_45557_results_DecisionTreeClassifier(random_state=0).csv
Mammographic-Mass-Data-Set_45557,simpleimputer,none,linear_svc,none,DecisionTreeClassifier(random_state=0),1,0.828125,0.0011584758758544,0.0001695156097412,Mammographic-Mass-Data-Set_45557_results_DecisionTreeClassifier(random_state=0).csv
Mammographic-Mass-Data-Set_45557,simpleimputer,onehot,feature_agglomeration,standard,DecisionTreeClassifier(random_state=0),0,0.8238341968911918,0.0018341541290283,0.0001773834228515,Mammographic-Mass-Data-Set_45557_results_DecisionTreeClassifier(random_state=0).csv
Mammographic-Mass-Data-Set_45557,simpleimputer,ordinalencoder,feature_agglomeration,standard,DecisionTreeClassifier(random_state=0),0,0.8238341968911918,0.0016641616821289,0.0001404285430908,Mammographic-Mass-Data-Set_45557_results_DecisionTreeClassifier(random_state=0).csv
Mammographic-Mass-Data-Set_45557,simpleimputer,none,feature_agglomeration,standard,DecisionTreeClassifier(random_state=0),0,0.8238341968911918,0.00146484375,0.0001356601715087,Mammographic-Mass-Data-Set_45557_results_DecisionTreeClassifier(random_state=0).csv
Mammographic-Mass-Data-Set_45557,simpleimputer,onehot,nystroem,robust,DecisionTreeClassifier(random_state=0),0,0.8186528497409327,0.0576152801513671,0.0002949237823486,Mammographic-Mass-Data-Set_45557_results_DecisionTreeClassifier(random_state=0).csv
Mammographic-Mass-Data-Set_45557,simpleimputer,ordinalencoder,nystroem,robust,DecisionTreeClassifier(random_state=0),0,0.8186528497409327,0.0539851188659668,0.0003383159637451,Mammographic-Mass-Data-Set_45557_results_DecisionTreeClassifier(random_state=0).csv
Mammographic-Mass-Data-Set_45557,simpleimputer,onehot,kernel_pca,standard,DecisionTreeClassifier(random_state=0),0,0.8186528497409327,0.0038962364196777,0.0001935958862304,Mammographic-Mass-Data-Set_45557_results_DecisionTreeClassifier(random_state=0).csv
Mammographic-Mass-Data-Set_45557,simpleimputer,none,kernel_pca,standard,DecisionTreeClassifier(random_state=0),0,0.8186528497409327,0.0051765441894531,0.0001730918884277,Mammographic-Mass-Data-Set_45557_results_DecisionTreeClassifier(random_state=0).csv
Mammographic-Mass-Data-Set_45557,simpleimputer,ordinalencoder,none,normalizer,DecisionTreeClassifier(random_state=0),0,0.8186528497409327,0.0073661804199218,0.0002081394195556,Mammographic-Mass-Data-Set_45557_results_DecisionTreeClassifier(random_state=0).csv
Mammographic-Mass-Data-Set_45557,simpleimputer,none,polynomial_features,quantile,DecisionTreeClassifier(random_state=0),0,0.8186528497409327,0.0033669471740722,0.0001492500305175,Mammographic-Mass-Data-Set_45557_results_DecisionTreeClassifier(random_state=0).csv
Mammographic-Mass-Data-Set_45557,simpleimputer,ordinalencoder,polynomial_features,quantile,DecisionTreeClassifier(random_state=0),0,0.8186528497409327,0.0031096935272216,0.0001564025878906,Mammographic-Mass-Data-Set_45557_results_DecisionTreeClassifier(random_state=0).csv
Mammographic-Mass-Data-Set_45557,simpleimputer,ordinalencoder,kernel_pca,standard,DecisionTreeClassifier(random_state=0),0,0.8186528497409327,0.0041875839233398,0.0001740455627441,Mammographic-Mass-Data-Set_45557_results_DecisionTreeClassifier(random_state=0).csv
Mammographic-Mass-Data-Set_45557,simpleimputer,none,none,normalizer,DecisionTreeClassifier(random_state=0),0,0.8186528497409327,0.0028855800628662,0.0001444816589355,Mammographic-Mass-Data-Set_45557_results_DecisionTreeClassifier(random_state=0).csv
Mammographic-Mass-Data-Set_45557,simpleimputer,none,nystroem,robust,DecisionTreeClassifier(random_state=0),0,0.8186528497409327,0.0559229850769043,0.0002970695495605,Mammographic-Mass-Data-Set_45557_results_DecisionTreeClassifier(random_state=0).csv
Mammographic-Mass-Data-Set_45557,simpleimputer,onehot,none,normalizer,DecisionTreeClassifier(random_state=0),0,0.8186528497409327,0.0032680034637451,0.0001618862152099,Mammographic-Mass-Data-Set_45557_results_DecisionTreeClassifier(random_state=0).csv
vote_56,simpleimputer,ordinalencoder,polynomial_features,normalizer,DecisionTreeClassifier(random_state=0),1,1.0,0.0105559825897216,0.0001466274261474,vote_56_results_DecisionTreeClassifier(random_state=0).csv
vote_56,simpleimputer,ordinalencoder,none,quantile,DecisionTreeClassifier(random_state=0),1,0.9885057471264368,0.0011439323425292,0.0002124309539794,vote_56_results_DecisionTreeClassifier(random_state=0).csv
vote_56,simpleimputer,onehot,polynomial_features,quantile,DecisionTreeClassifier(random_state=0),1,0.9885057471264368,0.0107297897338867,0.0002434253692626,vote_56_results_DecisionTreeClassifier(random_state=0).csv
vote_56,simpleimputer,ordinalencoder,kernel_pca,minmax,DecisionTreeClassifier(random_state=0),1,0.9885057471264368,0.0033128261566162,0.000152587890625,vote_56_results_DecisionTreeClassifier(random_state=0).csv
vote_56,simpleimputer,ordinalencoder,none,none,DecisionTreeClassifier(random_state=0),1,0.9885057471264368,0.0026524066925048,0.0009822845458984,vote_56_results_DecisionTreeClassifier(random_state=0).csv
vote_56,none,onehot,polynomial_features,none,DecisionTreeClassifier(random_state=0),1,0.9885057471264368,0.0096185207366943,0.000218391418457,vote_56_results_DecisionTreeClassifier(random_state=0).csv
vote_56,simpleimputer,ordinalencoder,pca,robust,DecisionTreeClassifier(random_state=0),1,0.9885057471264368,0.0027821063995361,0.0001485347747802,vote_56_results_DecisionTreeClassifier(random_state=0).csv
vote_56,simpleimputer,ordinalencoder,extra_tree,normalizer,DecisionTreeClassifier(random_state=0),4,0.9885057471264368,0.0011472702026367,0.0001330375671386,vote_56_results_DecisionTreeClassifier(random_state=0).csv
vote_56,none,onehot,polynomial_features,quantile,DecisionTreeClassifier(random_state=0),1,0.9885057471264368,0.0103397369384765,0.0003924369812011,vote_56_results_DecisionTreeClassifier(random_state=0).csv
vote_56,simpleimputer,ordinalencoder,none,minmax,DecisionTreeClassifier(random_state=0),1,0.9885057471264368,0.0012445449829101,0.0001332759857177,vote_56_results_DecisionTreeClassifier(random_state=0).csv
vote_56,none,onehot,polynomial_features,minmax,DecisionTreeClassifier(random_state=0),1,0.9885057471264368,0.0098297595977783,0.0002365112304687,vote_56_results_DecisionTreeClassifier(random_state=0).csv
vote_56,simpleimputer,ordinalencoder,none,power,DecisionTreeClassifier(random_state=0),1,0.9885057471264368,0.0012009143829345,0.0001335144042968,vote_56_results_DecisionTreeClassifier(random_state=0).csv
vote_56,simpleimputer,ordinalencoder,none,standard,DecisionTreeClassifier(random_state=0),1,0.9885057471264368,0.0011899471282958,0.0001490116119384,vote_56_results_DecisionTreeClassifier(random_state=0).csv
vote_56,simpleimputer,ordinalencoder,pca,none,DecisionTreeClassifier(random_state=0),1,0.9885057471264368,0.0027549266815185,0.0001258850097656,vote_56_results_DecisionTreeClassifier(random_state=0).csv
vote_56,simpleimputer,ordinalencoder,kernel_pca,none,DecisionTreeClassifier(random_state=0),1,0.9885057471264368,0.0034005641937255,0.000154972076416,vote_56_results_DecisionTreeClassifier(random_state=0).csv
vote_56,none,onehot,polynomial_features,normalizer,DecisionTreeClassifier(random_state=0),1,0.9885057471264368,0.0094664096832275,0.0002496242523193,vote_56_results_DecisionTreeClassifier(random_state=0).csv
vote_56,simpleimputer,ordinalencoder,none,robust,DecisionTreeClassifier(random_state=0),1,0.9885057471264368,0.0011980533599853,0.0001332759857177,vote_56_results_DecisionTreeClassifier(random_state=0).csv
vote_56,simpleimputer,ordinalencoder,pca,minmax,DecisionTreeClassifier(random_state=0),1,0.9885057471264368,0.0028138160705566,0.0001304149627685,vote_56_results_DecisionTreeClassifier(random_state=0).csv
vote_56,simpleimputer,onehot,polynomial_features,minmax,DecisionTreeClassifier(random_state=0),1,0.9885057471264368,0.0093390941619873,0.0002133846282958,vote_56_results_DecisionTreeClassifier(random_state=0).csv
vote_56,simpleimputer,onehot,polynomial_features,normalizer,DecisionTreeClassifier(random_state=0),1,0.9885057471264368,0.0096693038940429,0.0002403259277343,vote_56_results_DecisionTreeClassifier(random_state=0).csv
chscase_census2_909,simpleimputer,onehot,kernel_pca,none,DecisionTreeClassifier(random_state=0),2,0.675,0.0036964416503906,0.0003037452697753,chscase_census2_909_results_DecisionTreeClassifier(random_state=0).csv
chscase_census2_909,simpleimputer,onehot,pca,none,DecisionTreeClassifier(random_state=0),2,0.675,0.0026571750640869,0.0001327991485595,chscase_census2_909_results_DecisionTreeClassifier(random_state=0).csv
chscase_census2_909,none,ordinalencoder,kernel_pca,none,DecisionTreeClassifier(random_state=0),2,0.675,0.0030195713043212,0.0001482963562011,chscase_census2_909_results_DecisionTreeClassifier(random_state=0).csv
chscase_census2_909,none,onehot,kernel_pca,none,DecisionTreeClassifier(random_state=0),2,0.675,0.0031301975250244,0.0001509189605712,chscase_census2_909_results_DecisionTreeClassifier(random_state=0).csv
chscase_census2_909,none,onehot,pca,none,DecisionTreeClassifier(random_state=0),2,0.675,0.0025105476379394,0.0001299381256103,chscase_census2_909_results_DecisionTreeClassifier(random_state=0).csv
chscase_census2_909,simpleimputer,none,polynomial_features,quantile,DecisionTreeClassifier(random_state=0),1,0.675,0.0075325965881347,0.0001387596130371,chscase_census2_909_results_DecisionTreeClassifier(random_state=0).csv
chscase_census2_909,none,none,polynomial_features,quantile,DecisionTreeClassifier(random_state=0),1,0.675,0.0074067115783691,0.0001330375671386,chscase_census2_909_results_DecisionTreeClassifier(random_state=0).csv
chscase_census2_909,none,ordinalencoder,pca,none,DecisionTreeClassifier(random_state=0),2,0.675,0.0024452209472656,0.0001282691955566,chscase_census2_909_results_DecisionTreeClassifier(random_state=0).csv
chscase_census2_909,simpleimputer,none,pca,none,DecisionTreeClassifier(random_state=0),2,0.675,0.0025422573089599,0.0001275539398193,chscase_census2_909_results_DecisionTreeClassifier(random_state=0).csv
chscase_census2_909,simpleimputer,ordinalencoder,pca,none,DecisionTreeClassifier(random_state=0),2,0.675,0.0025680065155029,0.000126838684082,chscase_census2_909_results_DecisionTreeClassifier(random_state=0).csv
chscase_census2_909,simpleimputer,ordinalencoder,kernel_pca,none,DecisionTreeClassifier(random_state=0),2,0.675,0.0031154155731201,0.0001530647277832,chscase_census2_909_results_DecisionTreeClassifier(random_state=0).csv
chscase_census2_909,none,ordinalencoder,polynomial_features,quantile,DecisionTreeClassifier(random_state=0),1,0.675,0.0074832439422607,0.0001318454742431,chscase_census2_909_results_DecisionTreeClassifier(random_state=0).csv
chscase_census2_909,none,none,kernel_pca,none,DecisionTreeClassifier(random_state=0),2,0.675,0.0029547214508056,0.0001666545867919,chscase_census2_909_results_DecisionTreeClassifier(random_state=0).csv
chscase_census2_909,simpleimputer,ordinalencoder,polynomial_features,quantile,DecisionTreeClassifier(random_state=0),1,0.675,0.0074658393859863,0.0001318454742431,chscase_census2_909_results_DecisionTreeClassifier(random_state=0).csv
chscase_census2_909,none,none,pca,none,DecisionTreeClassifier(random_state=0),2,0.675,0.0025584697723388,0.0001304149627685,chscase_census2_909_results_DecisionTreeClassifier(random_state=0).csv
chscase_census2_909,simpleimputer,none,kernel_pca,none,DecisionTreeClassifier(random_state=0),2,0.675,0.0030624866485595,0.0001604557037353,chscase_census2_909_results_DecisionTreeClassifier(random_state=0).csv
chscase_census2_909,none,onehot,polynomial_features,quantile,DecisionTreeClassifier(random_state=0),1,0.675,0.0074679851531982,0.0001318454742431,chscase_census2_909_results_DecisionTreeClassifier(random_state=0).csv
chscase_census2_909,simpleimputer,onehot,polynomial_features,quantile,DecisionTreeClassifier(random_state=0),1,0.675,0.007603645324707,0.0001442432403564,chscase_census2_909_results_DecisionTreeClassifier(random_state=0).csv
chscase_census2_909,none,none,kernel_pca,power,DecisionTreeClassifier(random_state=0),4,0.65,0.0032215118408203,0.0001575946807861,chscase_census2_909_results_DecisionTreeClassifier(random_state=0).csv
chscase_census2_909,simpleimputer,onehot,kernel_pca,power,DecisionTreeClassifier(random_state=0),4,0.65,0.0032317638397216,0.0001637935638427,chscase_census2_909_results_DecisionTreeClassifier(random_state=0).csv
autoPrice_756,simpleimputer,onehot,select_percentile,robust,DecisionTreeClassifier(random_state=0),1,1.0,0.0009229183197021,0.0001208782196044,autoPrice_756_results_DecisionTreeClassifier(random_state=0).csv
autoPrice_756,simpleimputer,onehot,select_percentile,robust,DecisionTreeClassifier(random_state=0),0,1.0,0.0009481906890869,0.0001189708709716,autoPrice_756_results_DecisionTreeClassifier(random_state=0).csv
autoPrice_756,simpleimputer,onehot,polynomial_features,robust,DecisionTreeClassifier(random_state=0),1,1.0,0.0036177635192871,0.0001311302185058,autoPrice_756_results_DecisionTreeClassifier(random_state=0).csv
autoPrice_756,simpleimputer,none,extra_tree,none,DecisionTreeClassifier(random_state=0),1,1.0,0.0011763572692871,0.0001356601715087,autoPrice_756_results_DecisionTreeClassifier(random_state=0).csv
autoPrice_756,simpleimputer,onehot,random_trees_embedding,normalizer,DecisionTreeClassifier(random_state=0),1,1.0,0.0041279792785644,0.0002267360687255,autoPrice_756_results_DecisionTreeClassifier(random_state=0).csv
autoPrice_756,simpleimputer,none,linear_svc,none,DecisionTreeClassifier(random_state=0),1,1.0,0.0010020732879638,0.0001208782196044,autoPrice_756_results_DecisionTreeClassifier(random_state=0).csv
autoPrice_756,simpleimputer,none,linear_svc,none,DecisionTreeClassifier(random_state=0),3,1.0,0.001021385192871,0.0001196861267089,autoPrice_756_results_DecisionTreeClassifier(random_state=0).csv
autoPrice_756,none,onehot,random_trees_embedding,power,DecisionTreeClassifier(random_state=0),4,1.0,0.0032238960266113,0.0002131462097167,autoPrice_756_results_DecisionTreeClassifier(random_state=0).csv
autoPrice_756,none,onehot,feature_agglomeration,power,DecisionTreeClassifier(random_state=0),0,1.0,0.0010547637939453,0.0001227855682373,autoPrice_756_results_DecisionTreeClassifier(random_state=0).csv
autoPrice_756,none,onehot,feature_agglomeration,power,DecisionTreeClassifier(random_state=0),1,1.0,0.0009341239929199,0.0001211166381835,autoPrice_756_results_DecisionTreeClassifier(random_state=0).csv
autoPrice_756,none,none,extra_tree,power,DecisionTreeClassifier(random_state=0),1,1.0,0.001054048538208,0.0001237392425537,autoPrice_756_results_DecisionTreeClassifier(random_state=0).csv
autoPrice_756,none,onehot,nystroem,power,DecisionTreeClassifier(random_state=0),3,1.0,0.0043032169342041,0.0001611709594726,autoPrice_756_results_DecisionTreeClassifier(random_state=0).csv
autoPrice_756,none,ordinalencoder,random_trees_embedding,quantile,DecisionTreeClassifier(random_state=0),1,1.0,0.0039312839508056,0.0002191066741943,autoPrice_756_results_DecisionTreeClassifier(random_state=0).csv
autoPrice_756,none,onehot,kernel_pca,quantile,DecisionTreeClassifier(random_state=0),1,1.0,0.00203537940979,0.0001871585845947,autoPrice_756_results_DecisionTreeClassifier(random_state=0).csv
autoPrice_756,none,none,feature_agglomeration,power,DecisionTreeClassifier(random_state=0),1,1.0,0.0009677410125732,0.0001437664031982,autoPrice_756_results_DecisionTreeClassifier(random_state=0).csv
autoPrice_756,none,none,feature_agglomeration,power,DecisionTreeClassifier(random_state=0),0,1.0,0.0009927749633789,0.0001213550567626,autoPrice_756_results_DecisionTreeClassifier(random_state=0).csv
autoPrice_756,none,none,random_trees_embedding,power,DecisionTreeClassifier(random_state=0),4,1.0,0.0033404827117919,0.0002248287200927,autoPrice_756_results_DecisionTreeClassifier(random_state=0).csv
autoPrice_756,none,none,random_trees_embedding,power,DecisionTreeClassifier(random_state=0),3,1.0,0.0033769607543945,0.0002033710479736,autoPrice_756_results_DecisionTreeClassifier(random_state=0).csv
autoPrice_756,none,none,linear_svc,power,DecisionTreeClassifier(random_state=0),1,1.0,0.0010435581207275,0.0001225471496582,autoPrice_756_results_DecisionTreeClassifier(random_state=0).csv
autoPrice_756,none,onehot,extra_tree,power,DecisionTreeClassifier(random_state=0),1,1.0,0.0010685920715332,0.0001473426818847,autoPrice_756_results_DecisionTreeClassifier(random_state=0).csv
anneal_2,none,onehot,none,none,DecisionTreeClassifier(random_state=0),2,1.0,0.0023558139801025,0.0001566410064697,anneal_2_results_DecisionTreeClassifier(random_state=0).csv
anneal_2,none,onehot,none,standard,DecisionTreeClassifier(random_state=0),2,1.0,0.0022988319396972,0.000154972076416,anneal_2_results_DecisionTreeClassifier(random_state=0).csv
anneal_2,none,onehot,none,robust,DecisionTreeClassifier(random_state=0),2,1.0,0.0023365020751953,0.0001547336578369,anneal_2_results_DecisionTreeClassifier(random_state=0).csv
anneal_2,none,onehot,none,minmax,DecisionTreeClassifier(random_state=0),2,1.0,0.0024065971374511,0.0001938343048095,anneal_2_results_DecisionTreeClassifier(random_state=0).csv
anneal_2,none,onehot,none,quantile,DecisionTreeClassifier(random_state=0),2,1.0,0.0024988651275634,0.000159740447998,anneal_2_results_DecisionTreeClassifier(random_state=0).csv
anneal_2,none,ordinalencoder,none,quantile,DecisionTreeClassifier(random_state=0),2,0.9944444444444444,0.0019793510437011,0.0001454353332519,anneal_2_results_DecisionTreeClassifier(random_state=0).csv
anneal_2,none,ordinalencoder,none,robust,DecisionTreeClassifier(random_state=0),2,0.9944444444444444,0.0020675659179687,0.0001487731933593,anneal_2_results_DecisionTreeClassifier(random_state=0).csv
anneal_2,none,ordinalencoder,none,none,DecisionTreeClassifier(random_state=0),2,0.9944444444444444,0.0040266513824462,0.0013697147369384,anneal_2_results_DecisionTreeClassifier(random_state=0).csv
anneal_2,none,ordinalencoder,none,minmax,DecisionTreeClassifier(random_state=0),2,0.9944444444444444,0.0021865367889404,0.0001726150512695,anneal_2_results_DecisionTreeClassifier(random_state=0).csv
anneal_2,none,ordinalencoder,none,standard,DecisionTreeClassifier(random_state=0),2,0.9944444444444444,0.0021843910217285,0.0001800060272216,anneal_2_results_DecisionTreeClassifier(random_state=0).csv
anneal_2,none,onehot,none,standard,DecisionTreeClassifier(random_state=0),0,0.9833333333333332,0.00252366065979,0.0001523494720458,anneal_2_results_DecisionTreeClassifier(random_state=0).csv
anneal_2,none,onehot,none,none,DecisionTreeClassifier(random_state=0),0,0.9833333333333332,0.0026884078979492,0.0001718997955322,anneal_2_results_DecisionTreeClassifier(random_state=0).csv
anneal_2,none,ordinalencoder,none,none,DecisionTreeClassifier(random_state=0),0,0.9833333333333332,0.0040724277496337,0.0012528896331787,anneal_2_results_DecisionTreeClassifier(random_state=0).csv
anneal_2,none,onehot,none,quantile,DecisionTreeClassifier(random_state=0),0,0.9833333333333332,0.0025916099548339,0.0001759529113769,anneal_2_results_DecisionTreeClassifier(random_state=0).csv
anneal_2,none,onehot,none,minmax,DecisionTreeClassifier(random_state=0),0,0.9833333333333332,0.0024752616882324,0.000152587890625,anneal_2_results_DecisionTreeClassifier(random_state=0).csv
anneal_2,none,onehot,none,robust,DecisionTreeClassifier(random_state=0),0,0.9833333333333332,0.0024762153625488,0.0001533031463623,anneal_2_results_DecisionTreeClassifier(random_state=0).csv
anneal_2,none,ordinalencoder,none,minmax,DecisionTreeClassifier(random_state=0),0,0.9833333333333332,0.0019309520721435,0.0001440048217773,anneal_2_results_DecisionTreeClassifier(random_state=0).csv
anneal_2,none,ordinalencoder,none,standard,DecisionTreeClassifier(random_state=0),0,0.9833333333333332,0.003389835357666,0.0003285408020019,anneal_2_results_DecisionTreeClassifier(random_state=0).csv
anneal_2,none,ordinalencoder,none,robust,DecisionTreeClassifier(random_state=0),0,0.9833333333333332,0.0023088455200195,0.0001611709594726,anneal_2_results_DecisionTreeClassifier(random_state=0).csv
anneal_2,none,ordinalencoder,none,quantile,DecisionTreeClassifier(random_state=0),0,0.9833333333333332,0.0019924640655517,0.0001521110534667,anneal_2_results_DecisionTreeClassifier(random_state=0).csv
