Dataset,Imputer Strategy,Categorical Strategy,Feature Selection,Scaler,Classifier,Fold,Fold Accuracy,Training Time,Testing Time,source_csv
autoUniv-au6-1000_1555,simpleimputer,ordinalencoder,select_percentile,quantile,GaussianNB(),3,0.325,0.0015628337860107,0.000317096710205,autoUniv-au6-1000_1555_results_GaussianNB().csv
autoUniv-au6-1000_1555,none,ordinalencoder,generic_univariate,quantile,GaussianNB(),3,0.325,0.001805305480957,0.000309944152832,autoUniv-au6-1000_1555_results_GaussianNB().csv
autoUniv-au6-1000_1555,simpleimputer,onehot,generic_univariate,quantile,GaussianNB(),3,0.325,0.0017440319061279,0.0003364086151123,autoUniv-au6-1000_1555_results_GaussianNB().csv
autoUniv-au6-1000_1555,none,onehot,generic_univariate,quantile,GaussianNB(),3,0.325,0.0017659664154052,0.0002944469451904,autoUniv-au6-1000_1555_results_GaussianNB().csv
autoUniv-au6-1000_1555,none,ordinalencoder,select_percentile,quantile,GaussianNB(),3,0.325,0.0016078948974609,0.0003151893615722,autoUniv-au6-1000_1555_results_GaussianNB().csv
autoUniv-au6-1000_1555,simpleimputer,ordinalencoder,generic_univariate,quantile,GaussianNB(),3,0.325,0.0017182826995849,0.0003597736358642,autoUniv-au6-1000_1555_results_GaussianNB().csv
autoUniv-au6-1000_1555,simpleimputer,onehot,select_percentile,quantile,GaussianNB(),3,0.32,0.0017080307006835,0.0003259181976318,autoUniv-au6-1000_1555_results_GaussianNB().csv
autoUniv-au6-1000_1555,none,onehot,select_percentile,quantile,GaussianNB(),3,0.32,0.0016007423400878,0.0003209114074707,autoUniv-au6-1000_1555_results_GaussianNB().csv
autoUniv-au6-1000_1555,simpleimputer,ordinalencoder,generic_univariate,power,GaussianNB(),3,0.315,0.0015475749969482,0.0002946853637695,autoUniv-au6-1000_1555_results_GaussianNB().csv
autoUniv-au6-1000_1555,none,ordinalencoder,generic_univariate,power,GaussianNB(),3,0.315,0.001800537109375,0.0003325939178466,autoUniv-au6-1000_1555_results_GaussianNB().csv
autoUniv-au6-1000_1555,none,onehot,generic_univariate,power,GaussianNB(),3,0.315,0.0017390251159667,0.0002961158752441,autoUniv-au6-1000_1555_results_GaussianNB().csv
autoUniv-au6-1000_1555,simpleimputer,onehot,generic_univariate,power,GaussianNB(),3,0.315,0.0015671253204345,0.0002939701080322,autoUniv-au6-1000_1555_results_GaussianNB().csv
autoUniv-au6-1000_1555,simpleimputer,ordinalencoder,generic_univariate,normalizer,GaussianNB(),3,0.31,0.0015792846679687,0.0002956390380859,autoUniv-au6-1000_1555_results_GaussianNB().csv
autoUniv-au6-1000_1555,simpleimputer,ordinalencoder,truncated_svd,normalizer,GaussianNB(),3,0.31,0.0015811920166015,0.0003392696380615,autoUniv-au6-1000_1555_results_GaussianNB().csv
autoUniv-au6-1000_1555,simpleimputer,onehot,select_percentile,none,GaussianNB(),3,0.31,0.0017275810241699,0.0003225803375244,autoUniv-au6-1000_1555_results_GaussianNB().csv
autoUniv-au6-1000_1555,simpleimputer,onehot,truncated_svd,normalizer,GaussianNB(),3,0.31,0.0016403198242187,0.0003724098205566,autoUniv-au6-1000_1555_results_GaussianNB().csv
autoUniv-au6-1000_1555,none,ordinalencoder,generic_univariate,normalizer,GaussianNB(),3,0.31,0.0015537738800048,0.0002906322479248,autoUniv-au6-1000_1555_results_GaussianNB().csv
autoUniv-au6-1000_1555,none,ordinalencoder,truncated_svd,normalizer,GaussianNB(),3,0.31,0.0021014213562011,0.0003952980041503,autoUniv-au6-1000_1555_results_GaussianNB().csv
autoUniv-au6-1000_1555,simpleimputer,ordinalencoder,select_percentile,none,GaussianNB(),3,0.31,0.0019357204437255,0.0003767013549804,autoUniv-au6-1000_1555_results_GaussianNB().csv
autoUniv-au6-1000_1555,none,onehot,generic_univariate,normalizer,GaussianNB(),3,0.31,0.0015559196472167,0.0002925395965576,autoUniv-au6-1000_1555_results_GaussianNB().csv
analcatdata_creditscore_461,none,none,truncated_svd,none,GaussianNB(),1,1.0,0.0006439685821533,0.0001344680786132,analcatdata_creditscore_461_results_GaussianNB().csv
analcatdata_creditscore_461,simpleimputer,ordinalencoder,kernel_pca,quantile,GaussianNB(),3,1.0,0.0008783340454101,0.0001618862152099,analcatdata_creditscore_461_results_GaussianNB().csv
analcatdata_creditscore_461,none,none,none,none,GaussianNB(),0,1.0,0.001645803451538,0.0008032321929931,analcatdata_creditscore_461_results_GaussianNB().csv
analcatdata_creditscore_461,none,none,none,none,GaussianNB(),1,1.0,0.0014512538909912,0.0008184909820556,analcatdata_creditscore_461_results_GaussianNB().csv
analcatdata_creditscore_461,none,none,truncated_svd,none,GaussianNB(),0,1.0,0.0007209777832031,0.0001399517059326,analcatdata_creditscore_461_results_GaussianNB().csv
analcatdata_creditscore_461,none,none,none,none,GaussianNB(),3,1.0,0.0013856887817382,0.0007808208465576,analcatdata_creditscore_461_results_GaussianNB().csv
analcatdata_creditscore_461,none,none,none,none,GaussianNB(),4,1.0,0.0015158653259277,0.000817060470581,analcatdata_creditscore_461_results_GaussianNB().csv
analcatdata_creditscore_461,simpleimputer,none,select_percentile,normalizer,GaussianNB(),3,1.0,0.0007326602935791,0.0001468658447265,analcatdata_creditscore_461_results_GaussianNB().csv
analcatdata_creditscore_461,simpleimputer,ordinalencoder,linear_svc,quantile,GaussianNB(),1,1.0,0.0007078647613525,0.0001344680786132,analcatdata_creditscore_461_results_GaussianNB().csv
analcatdata_creditscore_461,simpleimputer,ordinalencoder,linear_svc,quantile,GaussianNB(),3,1.0,0.0007445812225341,0.0001361370086669,analcatdata_creditscore_461_results_GaussianNB().csv
analcatdata_creditscore_461,simpleimputer,ordinalencoder,linear_svc,quantile,GaussianNB(),4,1.0,0.0006327629089355,0.0001349449157714,analcatdata_creditscore_461_results_GaussianNB().csv
analcatdata_creditscore_461,none,none,pca,none,GaussianNB(),3,1.0,0.00067138671875,0.0001347064971923,analcatdata_creditscore_461_results_GaussianNB().csv
analcatdata_creditscore_461,simpleimputer,ordinalencoder,extra_tree,quantile,GaussianNB(),0,1.0,0.000760793685913,0.000138521194458,analcatdata_creditscore_461_results_GaussianNB().csv
analcatdata_creditscore_461,simpleimputer,none,polynomial_features,normalizer,GaussianNB(),0,1.0,0.0007219314575195,0.0001473426818847,analcatdata_creditscore_461_results_GaussianNB().csv
analcatdata_creditscore_461,simpleimputer,none,polynomial_features,normalizer,GaussianNB(),1,1.0,0.0007002353668212,0.000148057937622,analcatdata_creditscore_461_results_GaussianNB().csv
analcatdata_creditscore_461,simpleimputer,none,truncated_svd,normalizer,GaussianNB(),1,1.0,0.0006897449493408,0.0001368522644042,analcatdata_creditscore_461_results_GaussianNB().csv
analcatdata_creditscore_461,simpleimputer,none,truncated_svd,normalizer,GaussianNB(),3,1.0,0.0007491111755371,0.0001587867736816,analcatdata_creditscore_461_results_GaussianNB().csv
analcatdata_creditscore_461,simpleimputer,none,truncated_svd,normalizer,GaussianNB(),4,1.0,0.0007071495056152,0.0001380443572998,analcatdata_creditscore_461_results_GaussianNB().csv
analcatdata_creditscore_461,simpleimputer,none,select_percentile,normalizer,GaussianNB(),0,1.0,0.0007073879241943,0.0001356601715087,analcatdata_creditscore_461_results_GaussianNB().csv
analcatdata_creditscore_461,simpleimputer,none,select_percentile,normalizer,GaussianNB(),1,1.0,0.0006716251373291,0.0001673698425292,analcatdata_creditscore_461_results_GaussianNB().csv
sa-heart_1498,simpleimputer,none,kernel_pca,quantile,GaussianNB(),2,0.8260869565217391,0.0015931129455566,0.0002074241638183,sa-heart_1498_results_GaussianNB().csv
sa-heart_1498,none,onehot,kernel_pca,quantile,GaussianNB(),2,0.8260869565217391,0.0038034915924072,0.0002274513244628,sa-heart_1498_results_GaussianNB().csv
sa-heart_1498,none,none,pca,quantile,GaussianNB(),2,0.8260869565217391,0.0009098052978515,0.0001740455627441,sa-heart_1498_results_GaussianNB().csv
sa-heart_1498,simpleimputer,none,pca,quantile,GaussianNB(),2,0.8260869565217391,0.0009021759033203,0.0001659393310546,sa-heart_1498_results_GaussianNB().csv
sa-heart_1498,none,none,kernel_pca,quantile,GaussianNB(),2,0.8260869565217391,0.0010900497436523,0.0001935958862304,sa-heart_1498_results_GaussianNB().csv
sa-heart_1498,none,ordinalencoder,kernel_pca,quantile,GaussianNB(),2,0.8260869565217391,0.0011305809020996,0.000192642211914,sa-heart_1498_results_GaussianNB().csv
sa-heart_1498,none,onehot,pca,quantile,GaussianNB(),2,0.8260869565217391,0.0008466243743896,0.0001654624938964,sa-heart_1498_results_GaussianNB().csv
sa-heart_1498,none,ordinalencoder,pca,quantile,GaussianNB(),2,0.8260869565217391,0.00091552734375,0.0001697540283203,sa-heart_1498_results_GaussianNB().csv
sa-heart_1498,simpleimputer,onehot,pca,quantile,GaussianNB(),2,0.8260869565217391,0.0008482933044433,0.0001661777496337,sa-heart_1498_results_GaussianNB().csv
sa-heart_1498,simpleimputer,ordinalencoder,kernel_pca,quantile,GaussianNB(),2,0.8260869565217391,0.0010757446289062,0.0001938343048095,sa-heart_1498_results_GaussianNB().csv
sa-heart_1498,simpleimputer,ordinalencoder,pca,quantile,GaussianNB(),2,0.8260869565217391,0.0008864402770996,0.0001676082611083,sa-heart_1498_results_GaussianNB().csv
sa-heart_1498,simpleimputer,onehot,kernel_pca,quantile,GaussianNB(),2,0.8260869565217391,0.0010898113250732,0.0002264976501464,sa-heart_1498_results_GaussianNB().csv
sa-heart_1498,none,onehot,feature_agglomeration,standard,GaussianNB(),2,0.8043478260869565,0.0008556842803955,0.0001599788665771,sa-heart_1498_results_GaussianNB().csv
sa-heart_1498,simpleimputer,ordinalencoder,polynomial_features,robust,GaussianNB(),2,0.8043478260869565,0.0011115074157714,0.000190258026123,sa-heart_1498_results_GaussianNB().csv
sa-heart_1498,none,ordinalencoder,polynomial_features,robust,GaussianNB(),2,0.8043478260869565,0.0008933544158935,0.0001859664916992,sa-heart_1498_results_GaussianNB().csv
sa-heart_1498,none,none,feature_agglomeration,standard,GaussianNB(),2,0.8043478260869565,0.000868797302246,0.0001606941223144,sa-heart_1498_results_GaussianNB().csv
sa-heart_1498,simpleimputer,onehot,polynomial_features,robust,GaussianNB(),2,0.8043478260869565,0.0009040832519531,0.0001866817474365,sa-heart_1498_results_GaussianNB().csv
sa-heart_1498,simpleimputer,onehot,feature_agglomeration,standard,GaussianNB(),2,0.8043478260869565,0.0008521080017089,0.0001630783081054,sa-heart_1498_results_GaussianNB().csv
sa-heart_1498,none,none,polynomial_features,robust,GaussianNB(),2,0.8043478260869565,0.0009665489196777,0.0001990795135498,sa-heart_1498_results_GaussianNB().csv
sa-heart_1498,simpleimputer,none,polynomial_features,robust,GaussianNB(),2,0.8043478260869565,0.0009272098541259,0.0001885890960693,sa-heart_1498_results_GaussianNB().csv
autoUniv-au6-400_1551,none,onehot,generic_univariate,quantile,GaussianNB(),3,0.4,0.0014054775238037,0.0002954006195068,autoUniv-au6-400_1551_results_GaussianNB().csv
autoUniv-au6-400_1551,simpleimputer,ordinalencoder,generic_univariate,quantile,GaussianNB(),3,0.4,0.0013554096221923,0.000295877456665,autoUniv-au6-400_1551_results_GaussianNB().csv
autoUniv-au6-400_1551,simpleimputer,onehot,generic_univariate,quantile,GaussianNB(),3,0.4,0.0013737678527832,0.0002884864807128,autoUniv-au6-400_1551_results_GaussianNB().csv
autoUniv-au6-400_1551,none,ordinalencoder,generic_univariate,quantile,GaussianNB(),3,0.4,0.0014982223510742,0.0002951622009277,autoUniv-au6-400_1551_results_GaussianNB().csv
autoUniv-au6-400_1551,simpleimputer,onehot,generic_univariate,minmax,GaussianNB(),3,0.3875,0.0013141632080078,0.0002989768981933,autoUniv-au6-400_1551_results_GaussianNB().csv
autoUniv-au6-400_1551,none,onehot,generic_univariate,none,GaussianNB(),3,0.3875,0.001380443572998,0.0003581047058105,autoUniv-au6-400_1551_results_GaussianNB().csv
autoUniv-au6-400_1551,simpleimputer,ordinalencoder,generic_univariate,minmax,GaussianNB(),3,0.3875,0.0013313293457031,0.000317096710205,autoUniv-au6-400_1551_results_GaussianNB().csv
autoUniv-au6-400_1551,simpleimputer,ordinalencoder,generic_univariate,robust,GaussianNB(),3,0.3875,0.0014176368713378,0.0002946853637695,autoUniv-au6-400_1551_results_GaussianNB().csv
autoUniv-au6-400_1551,none,onehot,generic_univariate,standard,GaussianNB(),3,0.3875,0.001408576965332,0.0002954006195068,autoUniv-au6-400_1551_results_GaussianNB().csv
autoUniv-au6-400_1551,none,ordinalencoder,generic_univariate,robust,GaussianNB(),3,0.3875,0.0014395713806152,0.0003049373626708,autoUniv-au6-400_1551_results_GaussianNB().csv
autoUniv-au6-400_1551,simpleimputer,ordinalencoder,generic_univariate,none,GaussianNB(),3,0.3875,0.0013999938964843,0.0003063678741455,autoUniv-au6-400_1551_results_GaussianNB().csv
autoUniv-au6-400_1551,none,ordinalencoder,generic_univariate,minmax,GaussianNB(),3,0.3875,0.0013420581817626,0.0002882480621337,autoUniv-au6-400_1551_results_GaussianNB().csv
autoUniv-au6-400_1551,none,onehot,generic_univariate,minmax,GaussianNB(),3,0.3875,0.001396894454956,0.0003261566162109,autoUniv-au6-400_1551_results_GaussianNB().csv
autoUniv-au6-400_1551,none,ordinalencoder,generic_univariate,none,GaussianNB(),3,0.3875,0.0013463497161865,0.0003092288970947,autoUniv-au6-400_1551_results_GaussianNB().csv
autoUniv-au6-400_1551,simpleimputer,ordinalencoder,generic_univariate,power,GaussianNB(),3,0.3875,0.0015637874603271,0.0003292560577392,autoUniv-au6-400_1551_results_GaussianNB().csv
autoUniv-au6-400_1551,none,ordinalencoder,generic_univariate,power,GaussianNB(),3,0.3875,0.0014810562133789,0.0003004074096679,autoUniv-au6-400_1551_results_GaussianNB().csv
autoUniv-au6-400_1551,simpleimputer,onehot,generic_univariate,power,GaussianNB(),3,0.3875,0.0014619827270507,0.000298261642456,autoUniv-au6-400_1551_results_GaussianNB().csv
autoUniv-au6-400_1551,simpleimputer,onehot,generic_univariate,standard,GaussianNB(),3,0.3875,0.0013887882232666,0.0002903938293457,autoUniv-au6-400_1551_results_GaussianNB().csv
autoUniv-au6-400_1551,none,ordinalencoder,generic_univariate,standard,GaussianNB(),3,0.3875,0.0013020038604736,0.0002861022949218,autoUniv-au6-400_1551_results_GaussianNB().csv
autoUniv-au6-400_1551,simpleimputer,ordinalencoder,generic_univariate,standard,GaussianNB(),3,0.3875,0.0013103485107421,0.0002908706665039,autoUniv-au6-400_1551_results_GaussianNB().csv
analcatdata_marketing_986,simpleimputer,onehot,extra_tree,minmax,GaussianNB(),4,0.6805555555555556,0.0008587837219238,0.000154972076416,analcatdata_marketing_986_results_GaussianNB().csv
analcatdata_marketing_986,simpleimputer,onehot,extra_tree,standard,GaussianNB(),4,0.6805555555555556,0.0009300708770751,0.0001673698425292,analcatdata_marketing_986_results_GaussianNB().csv
analcatdata_marketing_986,simpleimputer,onehot,extra_tree,robust,GaussianNB(),4,0.6805555555555556,0.0009596347808837,0.0001552104949951,analcatdata_marketing_986_results_GaussianNB().csv
analcatdata_marketing_986,simpleimputer,none,extra_tree,none,GaussianNB(),4,0.6805555555555556,0.0008707046508789,0.0001506805419921,analcatdata_marketing_986_results_GaussianNB().csv
analcatdata_marketing_986,simpleimputer,none,extra_tree,robust,GaussianNB(),4,0.6805555555555556,0.0008399486541748,0.000150442123413,analcatdata_marketing_986_results_GaussianNB().csv
analcatdata_marketing_986,simpleimputer,ordinalencoder,extra_tree,standard,GaussianNB(),4,0.6805555555555556,0.0008809566497802,0.0002260208129882,analcatdata_marketing_986_results_GaussianNB().csv
analcatdata_marketing_986,simpleimputer,ordinalencoder,extra_tree,none,GaussianNB(),4,0.6805555555555556,0.000845193862915,0.0001544952392578,analcatdata_marketing_986_results_GaussianNB().csv
analcatdata_marketing_986,simpleimputer,none,extra_tree,standard,GaussianNB(),4,0.6805555555555556,0.0008456707000732,0.0001499652862548,analcatdata_marketing_986_results_GaussianNB().csv
analcatdata_marketing_986,simpleimputer,ordinalencoder,extra_tree,minmax,GaussianNB(),4,0.6805555555555556,0.0008738040924072,0.0002295970916748,analcatdata_marketing_986_results_GaussianNB().csv
analcatdata_marketing_986,simpleimputer,onehot,extra_tree,power,GaussianNB(),4,0.6805555555555556,0.0008506774902343,0.0001490116119384,analcatdata_marketing_986_results_GaussianNB().csv
analcatdata_marketing_986,simpleimputer,ordinalencoder,extra_tree,robust,GaussianNB(),4,0.6805555555555556,0.0008301734924316,0.0001509189605712,analcatdata_marketing_986_results_GaussianNB().csv
analcatdata_marketing_986,simpleimputer,none,extra_tree,minmax,GaussianNB(),4,0.6805555555555556,0.0009791851043701,0.0001711845397949,analcatdata_marketing_986_results_GaussianNB().csv
analcatdata_marketing_986,simpleimputer,ordinalencoder,extra_tree,power,GaussianNB(),4,0.6805555555555556,0.0008752346038818,0.0001552104949951,analcatdata_marketing_986_results_GaussianNB().csv
analcatdata_marketing_986,simpleimputer,none,extra_tree,power,GaussianNB(),4,0.6805555555555556,0.0008656978607177,0.0001497268676757,analcatdata_marketing_986_results_GaussianNB().csv
analcatdata_marketing_986,simpleimputer,onehot,extra_tree,none,GaussianNB(),4,0.6805555555555556,0.0009548664093017,0.0001666545867919,analcatdata_marketing_986_results_GaussianNB().csv
analcatdata_marketing_986,simpleimputer,onehot,fastica,quantile,GaussianNB(),0,0.6712328767123288,0.0008735656738281,0.0001780986785888,analcatdata_marketing_986_results_GaussianNB().csv
analcatdata_marketing_986,simpleimputer,none,linear_svc,power,GaussianNB(),0,0.6712328767123288,0.000823974609375,0.0001583099365234,analcatdata_marketing_986_results_GaussianNB().csv
analcatdata_marketing_986,simpleimputer,none,fastica,quantile,GaussianNB(),0,0.6712328767123288,0.0008711814880371,0.0001871585845947,analcatdata_marketing_986_results_GaussianNB().csv
analcatdata_marketing_986,simpleimputer,ordinalencoder,linear_svc,power,GaussianNB(),0,0.6712328767123288,0.0008342266082763,0.000150442123413,analcatdata_marketing_986_results_GaussianNB().csv
analcatdata_marketing_986,simpleimputer,onehot,linear_svc,power,GaussianNB(),0,0.6712328767123288,0.0007941722869873,0.0001535415649414,analcatdata_marketing_986_results_GaussianNB().csv
badges2_1121,none,none,select_percentile,none,GaussianNB(),3,1.0,0.0008177757263183,0.0001420974731445,badges2_1121_results_GaussianNB().csv
badges2_1121,none,none,select_percentile,none,GaussianNB(),2,1.0,0.0008895397186279,0.0001511573791503,badges2_1121_results_GaussianNB().csv
badges2_1121,none,none,none,none,GaussianNB(),0,1.0,0.0018355846405029,0.0009198188781738,badges2_1121_results_GaussianNB().csv
badges2_1121,none,none,none,none,GaussianNB(),1,1.0,0.0017037391662597,0.0009393692016601,badges2_1121_results_GaussianNB().csv
badges2_1121,none,none,none,none,GaussianNB(),2,1.0,0.0019311904907226,0.0008974075317382,badges2_1121_results_GaussianNB().csv
badges2_1121,none,none,none,none,GaussianNB(),3,1.0,0.0017039775848388,0.0008652210235595,badges2_1121_results_GaussianNB().csv
badges2_1121,none,none,none,none,GaussianNB(),4,1.0,0.0016472339630126,0.0008635520935058,badges2_1121_results_GaussianNB().csv
badges2_1121,none,none,pca,none,GaussianNB(),0,1.0,0.0008556842803955,0.0001544952392578,badges2_1121_results_GaussianNB().csv
badges2_1121,none,none,select_percentile,none,GaussianNB(),1,1.0,0.0008916854858398,0.0001454353332519,badges2_1121_results_GaussianNB().csv
badges2_1121,none,none,select_percentile,none,GaussianNB(),0,1.0,0.0008802413940429,0.00014328956604,badges2_1121_results_GaussianNB().csv
badges2_1121,none,none,pca,none,GaussianNB(),3,1.0,0.000887393951416,0.0001544952392578,badges2_1121_results_GaussianNB().csv
badges2_1121,none,none,polynomial_features,none,GaussianNB(),4,1.0,0.0008809566497802,0.0001664161682128,badges2_1121_results_GaussianNB().csv
badges2_1121,none,none,polynomial_features,none,GaussianNB(),3,1.0,0.0010545253753662,0.0002460479736328,badges2_1121_results_GaussianNB().csv
badges2_1121,none,none,polynomial_features,none,GaussianNB(),2,1.0,0.0009815692901611,0.0001795291900634,badges2_1121_results_GaussianNB().csv
badges2_1121,none,none,polynomial_features,none,GaussianNB(),1,1.0,0.0010209083557128,0.0001821517944335,badges2_1121_results_GaussianNB().csv
badges2_1121,none,none,polynomial_features,none,GaussianNB(),0,1.0,0.0010452270507812,0.0002069473266601,badges2_1121_results_GaussianNB().csv
badges2_1121,simpleimputer,ordinalencoder,kernel_pca,quantile,GaussianNB(),3,1.0,0.0011279582977294,0.0002145767211914,badges2_1121_results_GaussianNB().csv
badges2_1121,simpleimputer,ordinalencoder,select_percentile,quantile,GaussianNB(),0,1.0,0.0008599758148193,0.0001852512359619,badges2_1121_results_GaussianNB().csv
badges2_1121,simpleimputer,ordinalencoder,select_percentile,quantile,GaussianNB(),1,1.0,0.0009069442749023,0.0001606941223144,badges2_1121_results_GaussianNB().csv
badges2_1121,simpleimputer,ordinalencoder,select_percentile,quantile,GaussianNB(),2,1.0,0.0009093284606933,0.0001530647277832,badges2_1121_results_GaussianNB().csv
sensory_826,none,none,kernel_pca,none,GaussianNB(),3,0.6956521739130435,0.0013289451599121,0.0001873970031738,sensory_826_results_GaussianNB().csv
sensory_826,simpleimputer,onehot,kernel_pca,none,GaussianNB(),3,0.6956521739130435,0.0012376308441162,0.0001807212829589,sensory_826_results_GaussianNB().csv
sensory_826,simpleimputer,onehot,pca,none,GaussianNB(),3,0.6956521739130435,0.0009739398956298,0.0001585483551025,sensory_826_results_GaussianNB().csv
sensory_826,none,onehot,kernel_pca,none,GaussianNB(),3,0.6956521739130435,0.001328706741333,0.0002033710479736,sensory_826_results_GaussianNB().csv
sensory_826,simpleimputer,ordinalencoder,pca,none,GaussianNB(),3,0.6956521739130435,0.001051902770996,0.0001633167266845,sensory_826_results_GaussianNB().csv
sensory_826,simpleimputer,none,kernel_pca,none,GaussianNB(),3,0.6956521739130435,0.001209020614624,0.0001904964447021,sensory_826_results_GaussianNB().csv
sensory_826,none,none,pca,none,GaussianNB(),3,0.6956521739130435,0.0009772777557373,0.0001678466796875,sensory_826_results_GaussianNB().csv
sensory_826,none,ordinalencoder,kernel_pca,none,GaussianNB(),3,0.6956521739130435,0.0013487339019775,0.0002164840698242,sensory_826_results_GaussianNB().csv
sensory_826,none,onehot,pca,none,GaussianNB(),3,0.6956521739130435,0.0009791851043701,0.0001659393310546,sensory_826_results_GaussianNB().csv
sensory_826,simpleimputer,none,pca,none,GaussianNB(),3,0.6956521739130435,0.0009071826934814,0.0001554489135742,sensory_826_results_GaussianNB().csv
sensory_826,none,ordinalencoder,pca,none,GaussianNB(),3,0.6956521739130435,0.0010154247283935,0.0001699924468994,sensory_826_results_GaussianNB().csv
sensory_826,simpleimputer,ordinalencoder,kernel_pca,none,GaussianNB(),3,0.6956521739130435,0.0012209415435791,0.0001897811889648,sensory_826_results_GaussianNB().csv
sensory_826,none,ordinalencoder,polynomial_features,power,GaussianNB(),1,0.6869565217391305,0.0011851787567138,0.0002079010009765,sensory_826_results_GaussianNB().csv
sensory_826,simpleimputer,none,polynomial_features,power,GaussianNB(),1,0.6869565217391305,0.0010516643524169,0.0001924037933349,sensory_826_results_GaussianNB().csv
sensory_826,none,onehot,polynomial_features,power,GaussianNB(),1,0.6869565217391305,0.0010762214660644,0.0001907348632812,sensory_826_results_GaussianNB().csv
sensory_826,none,none,polynomial_features,power,GaussianNB(),1,0.6869565217391305,0.0010523796081542,0.0001897811889648,sensory_826_results_GaussianNB().csv
sensory_826,simpleimputer,ordinalencoder,polynomial_features,power,GaussianNB(),1,0.6869565217391305,0.0012080669403076,0.0002393722534179,sensory_826_results_GaussianNB().csv
sensory_826,simpleimputer,onehot,polynomial_features,power,GaussianNB(),1,0.6869565217391305,0.0011234283447265,0.0002050399780273,sensory_826_results_GaussianNB().csv
sensory_826,none,none,polynomial_features,standard,GaussianNB(),1,0.6695652173913044,0.0010528564453125,0.0001893043518066,sensory_826_results_GaussianNB().csv
sensory_826,simpleimputer,onehot,none,none,GaussianNB(),1,0.6695652173913044,0.0021717548370361,0.0009684562683105,sensory_826_results_GaussianNB().csv
balance-scale_11,simpleimputer,ordinalencoder,fastica,power,GaussianNB(),2,0.96,0.0010504722595214,0.0001842975616455,balance-scale_11_results_GaussianNB().csv
balance-scale_11,simpleimputer,onehot,fastica,power,GaussianNB(),2,0.96,0.0011248588562011,0.0002510547637939,balance-scale_11_results_GaussianNB().csv
balance-scale_11,none,ordinalencoder,fastica,power,GaussianNB(),2,0.96,0.000988483428955,0.0001788139343261,balance-scale_11_results_GaussianNB().csv
balance-scale_11,simpleimputer,onehot,none,power,GaussianNB(),2,0.96,0.0010905265808105,0.0002052783966064,balance-scale_11_results_GaussianNB().csv
balance-scale_11,none,none,fastica,normalizer,GaussianNB(),2,0.96,0.0010657310485839,0.0001842975616455,balance-scale_11_results_GaussianNB().csv
balance-scale_11,simpleimputer,ordinalencoder,fastica,normalizer,GaussianNB(),2,0.96,0.0010473728179931,0.0001852512359619,balance-scale_11_results_GaussianNB().csv
balance-scale_11,none,ordinalencoder,none,power,GaussianNB(),2,0.96,0.0011146068572998,0.0001857280731201,balance-scale_11_results_GaussianNB().csv
balance-scale_11,none,ordinalencoder,fastica,normalizer,GaussianNB(),2,0.96,0.0010290145874023,0.0001840591430664,balance-scale_11_results_GaussianNB().csv
balance-scale_11,simpleimputer,none,fastica,normalizer,GaussianNB(),2,0.96,0.0010151863098144,0.0001819133758544,balance-scale_11_results_GaussianNB().csv
balance-scale_11,simpleimputer,onehot,fastica,normalizer,GaussianNB(),2,0.96,0.0010192394256591,0.0001816749572753,balance-scale_11_results_GaussianNB().csv
balance-scale_11,none,none,fastica,power,GaussianNB(),2,0.96,0.001155138015747,0.0002298355102539,balance-scale_11_results_GaussianNB().csv
balance-scale_11,none,onehot,fastica,power,GaussianNB(),2,0.96,0.0010623931884765,0.0001845359802246,balance-scale_11_results_GaussianNB().csv
balance-scale_11,simpleimputer,none,fastica,power,GaussianNB(),2,0.96,0.0010623931884765,0.0001871585845947,balance-scale_11_results_GaussianNB().csv
balance-scale_11,none,none,none,power,GaussianNB(),2,0.96,0.0015120506286621,0.0002694129943847,balance-scale_11_results_GaussianNB().csv
balance-scale_11,none,onehot,none,power,GaussianNB(),2,0.96,0.0011706352233886,0.0001888275146484,balance-scale_11_results_GaussianNB().csv
balance-scale_11,simpleimputer,ordinalencoder,none,power,GaussianNB(),2,0.96,0.0011060237884521,0.0001871585845947,balance-scale_11_results_GaussianNB().csv
balance-scale_11,none,onehot,fastica,normalizer,GaussianNB(),2,0.96,0.0011169910430908,0.0003013610839843,balance-scale_11_results_GaussianNB().csv
balance-scale_11,simpleimputer,none,none,power,GaussianNB(),2,0.96,0.0012640953063964,0.0001924037933349,balance-scale_11_results_GaussianNB().csv
balance-scale_11,none,onehot,fastica,minmax,GaussianNB(),2,0.944,0.0009992122650146,0.0001807212829589,balance-scale_11_results_GaussianNB().csv
balance-scale_11,none,none,fastica,none,GaussianNB(),2,0.944,0.0011367797851562,0.0002083778381347,balance-scale_11_results_GaussianNB().csv
breastTumor_844,simpleimputer,ordinalencoder,feature_agglomeration,none,GaussianNB(),4,0.7719298245614035,0.0008127689361572,0.0001556873321533,breastTumor_844_results_GaussianNB().csv
breastTumor_844,simpleimputer,ordinalencoder,nystroem,quantile,GaussianNB(),4,0.7719298245614035,0.0012447834014892,0.0002241134643554,breastTumor_844_results_GaussianNB().csv
breastTumor_844,simpleimputer,ordinalencoder,fastica,robust,GaussianNB(),4,0.7543859649122807,0.0008749961853027,0.0001676082611083,breastTumor_844_results_GaussianNB().csv
breastTumor_844,simpleimputer,onehot,linear_svc,normalizer,GaussianNB(),4,0.7543859649122807,0.0007987022399902,0.0001587867736816,breastTumor_844_results_GaussianNB().csv
breastTumor_844,none,onehot,linear_svc,normalizer,GaussianNB(),4,0.7543859649122807,0.0007843971252441,0.0001559257507324,breastTumor_844_results_GaussianNB().csv
breastTumor_844,simpleimputer,onehot,truncated_svd,standard,GaussianNB(),4,0.7543859649122807,0.000798225402832,0.0001749992370605,breastTumor_844_results_GaussianNB().csv
breastTumor_844,none,onehot,feature_agglomeration,quantile,GaussianNB(),1,0.7543859649122807,0.0008864402770996,0.0001544952392578,breastTumor_844_results_GaussianNB().csv
breastTumor_844,none,onehot,extra_tree,normalizer,GaussianNB(),4,0.7543859649122807,0.0009210109710693,0.0001666545867919,breastTumor_844_results_GaussianNB().csv
breastTumor_844,simpleimputer,onehot,feature_agglomeration,quantile,GaussianNB(),1,0.7543859649122807,0.0007948875427246,0.0001759529113769,breastTumor_844_results_GaussianNB().csv
breastTumor_844,none,onehot,truncated_svd,standard,GaussianNB(),4,0.7543859649122807,0.0008237361907958,0.0001540184020996,breastTumor_844_results_GaussianNB().csv
breastTumor_844,simpleimputer,onehot,extra_tree,normalizer,GaussianNB(),4,0.7543859649122807,0.0009276866912841,0.0001659393310546,breastTumor_844_results_GaussianNB().csv
breastTumor_844,none,onehot,truncated_svd,power,GaussianNB(),4,0.7368421052631579,0.0008175373077392,0.0001521110534667,breastTumor_844_results_GaussianNB().csv
breastTumor_844,simpleimputer,ordinalencoder,kernel_pca,quantile,GaussianNB(),4,0.7368421052631579,0.0011110305786132,0.0001971721649169,breastTumor_844_results_GaussianNB().csv
breastTumor_844,simpleimputer,ordinalencoder,truncated_svd,quantile,GaussianNB(),4,0.7368421052631579,0.0008485317230224,0.0001540184020996,breastTumor_844_results_GaussianNB().csv
breastTumor_844,simpleimputer,ordinalencoder,none,quantile,GaussianNB(),4,0.7368421052631579,0.0009210109710693,0.0001702308654785,breastTumor_844_results_GaussianNB().csv
breastTumor_844,simpleimputer,ordinalencoder,pca,standard,GaussianNB(),4,0.7368421052631579,0.0008163452148437,0.0001592636108398,breastTumor_844_results_GaussianNB().csv
breastTumor_844,simpleimputer,ordinalencoder,kernel_pca,standard,GaussianNB(),4,0.7368421052631579,0.0010445117950439,0.0002593994140625,breastTumor_844_results_GaussianNB().csv
breastTumor_844,simpleimputer,ordinalencoder,none,standard,GaussianNB(),4,0.7368421052631579,0.0008277893066406,0.0001590251922607,breastTumor_844_results_GaussianNB().csv
breastTumor_844,simpleimputer,ordinalencoder,rbf_sampler,quantile,GaussianNB(),4,0.7368421052631579,0.0009174346923828,0.0001852512359619,breastTumor_844_results_GaussianNB().csv
breastTumor_844,none,onehot,extra_tree,robust,GaussianNB(),4,0.7368421052631579,0.0009348392486572,0.0001590251922607,breastTumor_844_results_GaussianNB().csv
arsenic-male-lung_951,simpleimputer,ordinalencoder,kernel_pca,quantile,GaussianNB(),3,1.0,0.0013589859008789,0.0001981258392333,arsenic-male-lung_951_results_GaussianNB().csv
arsenic-male-lung_951,none,none,none,none,GaussianNB(),0,1.0,0.0019924640655517,0.0009682178497314,arsenic-male-lung_951_results_GaussianNB().csv
arsenic-male-lung_951,none,none,none,none,GaussianNB(),1,1.0,0.0018751621246337,0.0008490085601806,arsenic-male-lung_951_results_GaussianNB().csv
arsenic-male-lung_951,none,none,none,none,GaussianNB(),2,1.0,0.0018234252929687,0.0008609294891357,arsenic-male-lung_951_results_GaussianNB().csv
arsenic-male-lung_951,none,none,none,none,GaussianNB(),3,1.0,0.001802921295166,0.0009956359863281,arsenic-male-lung_951_results_GaussianNB().csv
arsenic-male-lung_951,none,none,none,none,GaussianNB(),4,1.0,0.0017390251159667,0.0008900165557861,arsenic-male-lung_951_results_GaussianNB().csv
arsenic-male-lung_951,none,none,pca,none,GaussianNB(),0,1.0,0.0010304450988769,0.0001666545867919,arsenic-male-lung_951_results_GaussianNB().csv
arsenic-male-lung_951,none,none,pca,none,GaussianNB(),1,1.0,0.0009546279907226,0.0001602172851562,arsenic-male-lung_951_results_GaussianNB().csv
arsenic-male-lung_951,none,none,pca,none,GaussianNB(),2,1.0,0.0010390281677246,0.0001618862152099,arsenic-male-lung_951_results_GaussianNB().csv
arsenic-male-lung_951,simpleimputer,ordinalencoder,select_percentile,quantile,GaussianNB(),4,1.0,0.000974416732788,0.0001499652862548,arsenic-male-lung_951_results_GaussianNB().csv
arsenic-male-lung_951,simpleimputer,ordinalencoder,generic_univariate,quantile,GaussianNB(),0,1.0,0.0009422302246093,0.0001499652862548,arsenic-male-lung_951_results_GaussianNB().csv
arsenic-male-lung_951,simpleimputer,ordinalencoder,generic_univariate,quantile,GaussianNB(),1,1.0,0.0009000301361083,0.0001554489135742,arsenic-male-lung_951_results_GaussianNB().csv
arsenic-male-lung_951,simpleimputer,ordinalencoder,generic_univariate,quantile,GaussianNB(),2,1.0,0.0009641647338867,0.0001747608184814,arsenic-male-lung_951_results_GaussianNB().csv
arsenic-male-lung_951,simpleimputer,ordinalencoder,generic_univariate,quantile,GaussianNB(),3,1.0,0.0009503364562988,0.0001492500305175,arsenic-male-lung_951_results_GaussianNB().csv
arsenic-male-lung_951,simpleimputer,ordinalencoder,generic_univariate,quantile,GaussianNB(),4,1.0,0.0010075569152832,0.000157356262207,arsenic-male-lung_951_results_GaussianNB().csv
arsenic-male-lung_951,simpleimputer,ordinalencoder,polynomial_features,quantile,GaussianNB(),0,1.0,0.0009591579437255,0.0001697540283203,arsenic-male-lung_951_results_GaussianNB().csv
arsenic-male-lung_951,simpleimputer,ordinalencoder,polynomial_features,quantile,GaussianNB(),1,1.0,0.0009815692901611,0.0001704692840576,arsenic-male-lung_951_results_GaussianNB().csv
arsenic-male-lung_951,simpleimputer,ordinalencoder,select_percentile,quantile,GaussianNB(),0,1.0,0.0009160041809082,0.000150442123413,arsenic-male-lung_951_results_GaussianNB().csv
arsenic-male-lung_951,simpleimputer,ordinalencoder,select_percentile,quantile,GaussianNB(),1,1.0,0.0008656978607177,0.0001475811004638,arsenic-male-lung_951_results_GaussianNB().csv
arsenic-male-lung_951,simpleimputer,ordinalencoder,select_percentile,quantile,GaussianNB(),2,1.0,0.0009479522705078,0.0001499652862548,arsenic-male-lung_951_results_GaussianNB().csv
rmftsa_ladata_717,simpleimputer,onehot,select_percentile,normalizer,GaussianNB(),2,0.931372549019608,0.0008397102355957,0.0001745223999023,rmftsa_ladata_717_results_GaussianNB().csv
rmftsa_ladata_717,simpleimputer,onehot,generic_univariate,normalizer,GaussianNB(),2,0.931372549019608,0.0007658004760742,0.000171422958374,rmftsa_ladata_717_results_GaussianNB().csv
rmftsa_ladata_717,none,ordinalencoder,select_percentile,normalizer,GaussianNB(),2,0.931372549019608,0.0007984638214111,0.0001842975616455,rmftsa_ladata_717_results_GaussianNB().csv
rmftsa_ladata_717,none,ordinalencoder,generic_univariate,normalizer,GaussianNB(),2,0.931372549019608,0.0008060932159423,0.0001749992370605,rmftsa_ladata_717_results_GaussianNB().csv
rmftsa_ladata_717,none,none,select_percentile,normalizer,GaussianNB(),2,0.931372549019608,0.0008563995361328,0.0001790523529052,rmftsa_ladata_717_results_GaussianNB().csv
rmftsa_ladata_717,none,none,generic_univariate,normalizer,GaussianNB(),2,0.931372549019608,0.0008516311645507,0.000178575515747,rmftsa_ladata_717_results_GaussianNB().csv
rmftsa_ladata_717,simpleimputer,none,generic_univariate,normalizer,GaussianNB(),2,0.931372549019608,0.0008115768432617,0.0001788139343261,rmftsa_ladata_717_results_GaussianNB().csv
rmftsa_ladata_717,simpleimputer,ordinalencoder,select_percentile,normalizer,GaussianNB(),2,0.931372549019608,0.0008268356323242,0.0001766681671142,rmftsa_ladata_717_results_GaussianNB().csv
rmftsa_ladata_717,simpleimputer,none,select_percentile,normalizer,GaussianNB(),2,0.931372549019608,0.000901460647583,0.0001847743988037,rmftsa_ladata_717_results_GaussianNB().csv
rmftsa_ladata_717,simpleimputer,ordinalencoder,generic_univariate,normalizer,GaussianNB(),2,0.931372549019608,0.0007870197296142,0.0001766681671142,rmftsa_ladata_717_results_GaussianNB().csv
rmftsa_ladata_717,none,onehot,generic_univariate,normalizer,GaussianNB(),2,0.931372549019608,0.0009052753448486,0.0001783370971679,rmftsa_ladata_717_results_GaussianNB().csv
rmftsa_ladata_717,none,onehot,select_percentile,normalizer,GaussianNB(),2,0.931372549019608,0.0009925365447998,0.0001993179321289,rmftsa_ladata_717_results_GaussianNB().csv
rmftsa_ladata_717,none,none,pca,quantile,GaussianNB(),3,0.9306930693069309,0.0009033679962158,0.0001909732818603,rmftsa_ladata_717_results_GaussianNB().csv
rmftsa_ladata_717,simpleimputer,none,generic_univariate,power,GaussianNB(),3,0.9306930693069309,0.0008203983306884,0.0001957416534423,rmftsa_ladata_717_results_GaussianNB().csv
rmftsa_ladata_717,none,onehot,select_percentile,power,GaussianNB(),3,0.9306930693069309,0.0008635520935058,0.0001769065856933,rmftsa_ladata_717_results_GaussianNB().csv
rmftsa_ladata_717,none,onehot,pca,quantile,GaussianNB(),3,0.9306930693069309,0.0008254051208496,0.0001862049102783,rmftsa_ladata_717_results_GaussianNB().csv
rmftsa_ladata_717,simpleimputer,onehot,generic_univariate,quantile,GaussianNB(),3,0.9306930693069309,0.0009036064147949,0.0001800060272216,rmftsa_ladata_717_results_GaussianNB().csv
rmftsa_ladata_717,simpleimputer,ordinalencoder,generic_univariate,power,GaussianNB(),3,0.9306930693069309,0.0010275840759277,0.0001955032348632,rmftsa_ladata_717_results_GaussianNB().csv
rmftsa_ladata_717,none,onehot,generic_univariate,power,GaussianNB(),3,0.9306930693069309,0.0008614063262939,0.0001757144927978,rmftsa_ladata_717_results_GaussianNB().csv
rmftsa_ladata_717,simpleimputer,onehot,pca,quantile,GaussianNB(),3,0.9306930693069309,0.0009098052978515,0.0002603530883789,rmftsa_ladata_717_results_GaussianNB().csv
analcatdata_lawsuit_450,none,ordinalencoder,select_percentile,standard,GaussianNB(),4,1.0,0.0006909370422363,0.0001366138458251,analcatdata_lawsuit_450_results_GaussianNB().csv
analcatdata_lawsuit_450,simpleimputer,none,truncated_svd,power,GaussianNB(),1,1.0,0.0007429122924804,0.000145673751831,analcatdata_lawsuit_450_results_GaussianNB().csv
analcatdata_lawsuit_450,none,none,generic_univariate,none,GaussianNB(),4,1.0,0.0007238388061523,0.0001406669616699,analcatdata_lawsuit_450_results_GaussianNB().csv
analcatdata_lawsuit_450,simpleimputer,ordinalencoder,select_percentile,quantile,GaussianNB(),4,1.0,0.0008094310760498,0.0001454353332519,analcatdata_lawsuit_450_results_GaussianNB().csv
analcatdata_lawsuit_450,simpleimputer,onehot,extra_tree,power,GaussianNB(),4,1.0,0.0008041858673095,0.0002264976501464,analcatdata_lawsuit_450_results_GaussianNB().csv
analcatdata_lawsuit_450,none,ordinalencoder,truncated_svd,standard,GaussianNB(),1,1.0,0.0006999969482421,0.000173807144165,analcatdata_lawsuit_450_results_GaussianNB().csv
analcatdata_lawsuit_450,none,none,feature_agglomeration,none,GaussianNB(),2,1.0,0.0007624626159667,0.0001454353332519,analcatdata_lawsuit_450_results_GaussianNB().csv
analcatdata_lawsuit_450,none,none,polynomial_features,standard,GaussianNB(),1,1.0,0.0007362365722656,0.0001459121704101,analcatdata_lawsuit_450_results_GaussianNB().csv
analcatdata_lawsuit_450,none,none,select_percentile,standard,GaussianNB(),4,1.0,0.0006711483001708,0.0001327991485595,analcatdata_lawsuit_450_results_GaussianNB().csv
analcatdata_lawsuit_450,simpleimputer,none,generic_univariate,power,GaussianNB(),4,1.0,0.0007021427154541,0.0001430511474609,analcatdata_lawsuit_450_results_GaussianNB().csv
analcatdata_lawsuit_450,none,none,feature_agglomeration,none,GaussianNB(),4,1.0,0.0007112026214599,0.0001392364501953,analcatdata_lawsuit_450_results_GaussianNB().csv
analcatdata_lawsuit_450,simpleimputer,none,pca,quantile,GaussianNB(),1,1.0,0.0007591247558593,0.0001485347747802,analcatdata_lawsuit_450_results_GaussianNB().csv
analcatdata_lawsuit_450,none,none,generic_univariate,standard,GaussianNB(),4,1.0,0.0006732940673828,0.000133991241455,analcatdata_lawsuit_450_results_GaussianNB().csv
analcatdata_lawsuit_450,none,none,truncated_svd,standard,GaussianNB(),1,1.0,0.0007567405700683,0.000140905380249,analcatdata_lawsuit_450_results_GaussianNB().csv
analcatdata_lawsuit_450,simpleimputer,none,fastica,quantile,GaussianNB(),1,1.0,0.0007407665252685,0.0001509189605712,analcatdata_lawsuit_450_results_GaussianNB().csv
analcatdata_lawsuit_450,none,ordinalencoder,extra_tree,minmax,GaussianNB(),4,1.0,0.0008084774017333,0.0001471042633056,analcatdata_lawsuit_450_results_GaussianNB().csv
analcatdata_lawsuit_450,simpleimputer,onehot,kernel_pca,quantile,GaussianNB(),1,1.0,0.0012142658233642,0.0002748966217041,analcatdata_lawsuit_450_results_GaussianNB().csv
analcatdata_lawsuit_450,simpleimputer,onehot,extra_tree,quantile,GaussianNB(),4,1.0,0.0007333755493164,0.0001440048217773,analcatdata_lawsuit_450_results_GaussianNB().csv
analcatdata_lawsuit_450,none,none,linear_svc,standard,GaussianNB(),4,1.0,0.00069260597229,0.0001347064971923,analcatdata_lawsuit_450_results_GaussianNB().csv
analcatdata_lawsuit_450,simpleimputer,ordinalencoder,linear_svc,power,GaussianNB(),1,1.0,0.0007891654968261,0.0001473426818847,analcatdata_lawsuit_450_results_GaussianNB().csv
arsenic-male-bladder_947,none,ordinalencoder,none,none,GaussianNB(),2,1.0,0.0019667148590087,0.0011606216430664,arsenic-male-bladder_947_results_GaussianNB().csv
arsenic-male-bladder_947,none,none,feature_agglomeration,none,GaussianNB(),2,1.0,0.0011403560638427,0.000176191329956,arsenic-male-bladder_947_results_GaussianNB().csv
arsenic-male-bladder_947,none,none,extra_tree,none,GaussianNB(),2,1.0,0.0010671615600585,0.0001711845397949,arsenic-male-bladder_947_results_GaussianNB().csv
arsenic-male-bladder_947,none,ordinalencoder,fastica,none,GaussianNB(),2,1.0,0.0011370182037353,0.0001881122589111,arsenic-male-bladder_947_results_GaussianNB().csv
arsenic-male-bladder_947,simpleimputer,onehot,truncated_svd,none,GaussianNB(),2,1.0,0.0010592937469482,0.0001647472381591,arsenic-male-bladder_947_results_GaussianNB().csv
arsenic-male-bladder_947,simpleimputer,onehot,select_percentile,none,GaussianNB(),2,1.0,0.0009384155273437,0.0001804828643798,arsenic-male-bladder_947_results_GaussianNB().csv
arsenic-male-bladder_947,simpleimputer,onehot,pca,none,GaussianNB(),2,1.0,0.0010707378387451,0.0001733303070068,arsenic-male-bladder_947_results_GaussianNB().csv
arsenic-male-bladder_947,simpleimputer,onehot,fastica,none,GaussianNB(),2,1.0,0.0010137557983398,0.0001678466796875,arsenic-male-bladder_947_results_GaussianNB().csv
arsenic-male-bladder_947,none,none,kernel_pca,power,GaussianNB(),2,1.0,0.0013296604156494,0.0002408027648925,arsenic-male-bladder_947_results_GaussianNB().csv
arsenic-male-bladder_947,simpleimputer,onehot,none,none,GaussianNB(),2,1.0,0.0018939971923828,0.0009315013885498,arsenic-male-bladder_947_results_GaussianNB().csv
arsenic-male-bladder_947,simpleimputer,onehot,fastica,minmax,GaussianNB(),2,1.0,0.0010175704956054,0.0001766681671142,arsenic-male-bladder_947_results_GaussianNB().csv
arsenic-male-bladder_947,simpleimputer,onehot,extra_tree,none,GaussianNB(),2,1.0,0.0010054111480712,0.0001583099365234,arsenic-male-bladder_947_results_GaussianNB().csv
arsenic-male-bladder_947,simpleimputer,onehot,linear_svc,standard,GaussianNB(),2,1.0,0.0011372566223144,0.0001606941223144,arsenic-male-bladder_947_results_GaussianNB().csv
arsenic-male-bladder_947,simpleimputer,onehot,feature_agglomeration,standard,GaussianNB(),2,1.0,0.0010468959808349,0.0001683235168457,arsenic-male-bladder_947_results_GaussianNB().csv
arsenic-male-bladder_947,none,none,pca,power,GaussianNB(),2,1.0,0.0010337829589843,0.0001964569091796,arsenic-male-bladder_947_results_GaussianNB().csv
arsenic-male-bladder_947,simpleimputer,onehot,none,standard,GaussianNB(),2,1.0,0.0012176036834716,0.0001888275146484,arsenic-male-bladder_947_results_GaussianNB().csv
arsenic-male-bladder_947,simpleimputer,onehot,kernel_pca,none,GaussianNB(),2,1.0,0.0015156269073486,0.0002470016479492,arsenic-male-bladder_947_results_GaussianNB().csv
arsenic-male-bladder_947,simpleimputer,onehot,feature_agglomeration,none,GaussianNB(),2,1.0,0.0010035037994384,0.0001664161682128,arsenic-male-bladder_947_results_GaussianNB().csv
arsenic-male-bladder_947,simpleimputer,onehot,generic_univariate,standard,GaussianNB(),2,1.0,0.0010859966278076,0.0001671314239501,arsenic-male-bladder_947_results_GaussianNB().csv
arsenic-male-bladder_947,simpleimputer,onehot,fastica,standard,GaussianNB(),2,1.0,0.0010068416595458,0.0002572536468505,arsenic-male-bladder_947_results_GaussianNB().csv
MindCave2_1450,none,none,feature_agglomeration,none,GaussianNB(),0,0.96,0.0009589195251464,0.0001540184020996,MindCave2_1450_results_GaussianNB().csv
MindCave2_1450,simpleimputer,none,feature_agglomeration,none,GaussianNB(),0,0.96,0.0007643699645996,0.0001463890075683,MindCave2_1450_results_GaussianNB().csv
MindCave2_1450,simpleimputer,onehot,feature_agglomeration,none,GaussianNB(),0,0.96,0.0008623600006103,0.0001497268676757,MindCave2_1450_results_GaussianNB().csv
MindCave2_1450,simpleimputer,ordinalencoder,feature_agglomeration,none,GaussianNB(),0,0.96,0.0008213520050048,0.0001506805419921,MindCave2_1450_results_GaussianNB().csv
MindCave2_1450,none,ordinalencoder,feature_agglomeration,none,GaussianNB(),0,0.96,0.000739574432373,0.0001468658447265,MindCave2_1450_results_GaussianNB().csv
MindCave2_1450,none,onehot,feature_agglomeration,none,GaussianNB(),0,0.96,0.0008373260498046,0.0001783370971679,MindCave2_1450_results_GaussianNB().csv
MindCave2_1450,none,ordinalencoder,pca,none,GaussianNB(),0,0.92,0.0009057521820068,0.0001826286315917,MindCave2_1450_results_GaussianNB().csv
MindCave2_1450,none,onehot,kernel_pca,quantile,GaussianNB(),1,0.92,0.0010781288146972,0.0002055168151855,MindCave2_1450_results_GaussianNB().csv
MindCave2_1450,none,none,none,none,GaussianNB(),0,0.92,0.0022637844085693,0.0010979175567626,MindCave2_1450_results_GaussianNB().csv
MindCave2_1450,none,ordinalencoder,none,none,GaussianNB(),0,0.92,0.0020263195037841,0.0011436939239501,MindCave2_1450_results_GaussianNB().csv
MindCave2_1450,none,none,linear_svc,none,GaussianNB(),0,0.92,0.0008721351623535,0.0001664161682128,MindCave2_1450_results_GaussianNB().csv
MindCave2_1450,simpleimputer,ordinalencoder,pca,quantile,GaussianNB(),1,0.92,0.0007903575897216,0.0001482963562011,MindCave2_1450_results_GaussianNB().csv
MindCave2_1450,simpleimputer,onehot,kernel_pca,quantile,GaussianNB(),1,0.92,0.0010054111480712,0.0001864433288574,MindCave2_1450_results_GaussianNB().csv
MindCave2_1450,simpleimputer,ordinalencoder,none,none,GaussianNB(),0,0.92,0.0019524097442626,0.0011346340179443,MindCave2_1450_results_GaussianNB().csv
MindCave2_1450,simpleimputer,none,none,none,GaussianNB(),0,0.92,0.001953125,0.0010948181152343,MindCave2_1450_results_GaussianNB().csv
MindCave2_1450,none,ordinalencoder,pca,quantile,GaussianNB(),1,0.92,0.0009715557098388,0.0001633167266845,MindCave2_1450_results_GaussianNB().csv
MindCave2_1450,none,ordinalencoder,truncated_svd,none,GaussianNB(),0,0.92,0.0008232593536376,0.0001497268676757,MindCave2_1450_results_GaussianNB().csv
MindCave2_1450,none,none,pca,quantile,GaussianNB(),1,0.92,0.0008699893951416,0.000159740447998,MindCave2_1450_results_GaussianNB().csv
MindCave2_1450,none,onehot,polynomial_features,robust,GaussianNB(),0,0.92,0.0012621879577636,0.0002720355987548,MindCave2_1450_results_GaussianNB().csv
MindCave2_1450,simpleimputer,none,pca,none,GaussianNB(),0,0.92,0.0008685588836669,0.0001664161682128,MindCave2_1450_results_GaussianNB().csv
PieChart3_1453,none,onehot,generic_univariate,quantile,GaussianNB(),3,0.916279069767442,0.0010592937469482,0.0001440048217773,PieChart3_1453_results_GaussianNB().csv
PieChart3_1453,simpleimputer,none,feature_agglomeration,quantile,GaussianNB(),3,0.916279069767442,0.0011868476867675,0.0001680850982666,PieChart3_1453_results_GaussianNB().csv
PieChart3_1453,none,ordinalencoder,feature_agglomeration,standard,GaussianNB(),3,0.916279069767442,0.0013599395751953,0.0001780986785888,PieChart3_1453_results_GaussianNB().csv
PieChart3_1453,simpleimputer,ordinalencoder,generic_univariate,power,GaussianNB(),3,0.916279069767442,0.0011873245239257,0.0001580715179443,PieChart3_1453_results_GaussianNB().csv
PieChart3_1453,none,ordinalencoder,generic_univariate,quantile,GaussianNB(),3,0.916279069767442,0.0011239051818847,0.0001564025878906,PieChart3_1453_results_GaussianNB().csv
PieChart3_1453,none,onehot,feature_agglomeration,quantile,GaussianNB(),3,0.916279069767442,0.0013306140899658,0.0001626014709472,PieChart3_1453_results_GaussianNB().csv
PieChart3_1453,none,none,truncated_svd,minmax,GaussianNB(),3,0.916279069767442,0.0013597011566162,0.0001757144927978,PieChart3_1453_results_GaussianNB().csv
PieChart3_1453,none,onehot,truncated_svd,standard,GaussianNB(),3,0.916279069767442,0.0013854503631591,0.0001997947692871,PieChart3_1453_results_GaussianNB().csv
PieChart3_1453,none,ordinalencoder,feature_agglomeration,quantile,GaussianNB(),3,0.916279069767442,0.0013425350189208,0.0001728534698486,PieChart3_1453_results_GaussianNB().csv
PieChart3_1453,none,none,feature_agglomeration,power,GaussianNB(),3,0.916279069767442,0.0011582374572753,0.0001609325408935,PieChart3_1453_results_GaussianNB().csv
PieChart3_1453,simpleimputer,onehot,generic_univariate,quantile,GaussianNB(),3,0.916279069767442,0.0011124610900878,0.0001783370971679,PieChart3_1453_results_GaussianNB().csv
PieChart3_1453,simpleimputer,ordinalencoder,truncated_svd,minmax,GaussianNB(),3,0.916279069767442,0.0013022422790527,0.0001721382141113,PieChart3_1453_results_GaussianNB().csv
PieChart3_1453,none,onehot,generic_univariate,normalizer,GaussianNB(),3,0.916279069767442,0.0011806488037109,0.000157356262207,PieChart3_1453_results_GaussianNB().csv
PieChart3_1453,none,onehot,generic_univariate,power,GaussianNB(),3,0.916279069767442,0.0011882781982421,0.0001571178436279,PieChart3_1453_results_GaussianNB().csv
PieChart3_1453,none,onehot,feature_agglomeration,standard,GaussianNB(),3,0.916279069767442,0.0012543201446533,0.0001702308654785,PieChart3_1453_results_GaussianNB().csv
PieChart3_1453,none,ordinalencoder,generic_univariate,normalizer,GaussianNB(),3,0.916279069767442,0.0011811256408691,0.0001559257507324,PieChart3_1453_results_GaussianNB().csv
PieChart3_1453,simpleimputer,ordinalencoder,truncated_svd,standard,GaussianNB(),3,0.916279069767442,0.0012650489807128,0.0001735687255859,PieChart3_1453_results_GaussianNB().csv
PieChart3_1453,none,ordinalencoder,truncated_svd,minmax,GaussianNB(),3,0.916279069767442,0.0016608238220214,0.0002176761627197,PieChart3_1453_results_GaussianNB().csv
PieChart3_1453,none,ordinalencoder,generic_univariate,power,GaussianNB(),3,0.916279069767442,0.0011343955993652,0.0001494884490966,PieChart3_1453_results_GaussianNB().csv
PieChart3_1453,none,ordinalencoder,feature_agglomeration,power,GaussianNB(),3,0.916279069767442,0.0012178421020507,0.0001657009124755,PieChart3_1453_results_GaussianNB().csv
appendicitis_test_edsa_45613,none,none,pca,none,GaussianNB(),3,0.9523809523809524,0.0007336139678955,0.0001475811004638,appendicitis_test_edsa_45613_results_GaussianNB().csv
appendicitis_test_edsa_45613,simpleimputer,ordinalencoder,kernel_pca,quantile,GaussianNB(),3,0.9523809523809524,0.0008444786071777,0.0001528263092041,appendicitis_test_edsa_45613_results_GaussianNB().csv
appendicitis_test_edsa_45613,none,none,pca,none,GaussianNB(),1,0.9523809523809524,0.0008509159088134,0.0001478195190429,appendicitis_test_edsa_45613_results_GaussianNB().csv
appendicitis_test_edsa_45613,none,none,truncated_svd,none,GaussianNB(),3,0.9523809523809524,0.000823974609375,0.0001418590545654,appendicitis_test_edsa_45613_results_GaussianNB().csv
appendicitis_test_edsa_45613,simpleimputer,ordinalencoder,truncated_svd,quantile,GaussianNB(),3,0.9523809523809524,0.0009829998016357,0.000150442123413,appendicitis_test_edsa_45613_results_GaussianNB().csv
appendicitis_test_edsa_45613,none,onehot,feature_agglomeration,quantile,GaussianNB(),1,0.9523809523809524,0.0007317066192626,0.0001661777496337,appendicitis_test_edsa_45613_results_GaussianNB().csv
appendicitis_test_edsa_45613,none,onehot,feature_agglomeration,quantile,GaussianNB(),3,0.9523809523809524,0.0008096694946289,0.0001375675201416,appendicitis_test_edsa_45613_results_GaussianNB().csv
appendicitis_test_edsa_45613,none,ordinalencoder,truncated_svd,none,GaussianNB(),1,0.9523809523809524,0.0007498264312744,0.0001404285430908,appendicitis_test_edsa_45613_results_GaussianNB().csv
appendicitis_test_edsa_45613,none,ordinalencoder,truncated_svd,none,GaussianNB(),3,0.9523809523809524,0.000701904296875,0.0001378059387207,appendicitis_test_edsa_45613_results_GaussianNB().csv
appendicitis_test_edsa_45613,none,ordinalencoder,pca,none,GaussianNB(),1,0.9523809523809524,0.0007493495941162,0.0002009868621826,appendicitis_test_edsa_45613_results_GaussianNB().csv
appendicitis_test_edsa_45613,none,ordinalencoder,pca,none,GaussianNB(),3,0.9523809523809524,0.0007936954498291,0.0001659393310546,appendicitis_test_edsa_45613_results_GaussianNB().csv
appendicitis_test_edsa_45613,none,onehot,kernel_pca,quantile,GaussianNB(),3,0.9523809523809524,0.0009491443634033,0.0001471042633056,appendicitis_test_edsa_45613_results_GaussianNB().csv
appendicitis_test_edsa_45613,none,ordinalencoder,fastica,none,GaussianNB(),3,0.9523809523809524,0.0008144378662109,0.0001633167266845,appendicitis_test_edsa_45613_results_GaussianNB().csv
appendicitis_test_edsa_45613,none,onehot,truncated_svd,power,GaussianNB(),1,0.9523809523809524,0.0008420944213867,0.0001599788665771,appendicitis_test_edsa_45613_results_GaussianNB().csv
appendicitis_test_edsa_45613,none,onehot,truncated_svd,power,GaussianNB(),3,0.9523809523809524,0.000823974609375,0.0001473426818847,appendicitis_test_edsa_45613_results_GaussianNB().csv
appendicitis_test_edsa_45613,none,onehot,pca,power,GaussianNB(),3,0.9523809523809524,0.0007870197296142,0.0001471042633056,appendicitis_test_edsa_45613_results_GaussianNB().csv
appendicitis_test_edsa_45613,none,ordinalencoder,feature_agglomeration,none,GaussianNB(),1,0.9523809523809524,0.000833511352539,0.000150442123413,appendicitis_test_edsa_45613_results_GaussianNB().csv
appendicitis_test_edsa_45613,simpleimputer,ordinalencoder,kernel_pca,robust,GaussianNB(),3,0.9523809523809524,0.0010278224945068,0.0001792907714843,appendicitis_test_edsa_45613_results_GaussianNB().csv
appendicitis_test_edsa_45613,simpleimputer,ordinalencoder,feature_agglomeration,robust,GaussianNB(),1,0.9523809523809524,0.0009629726409912,0.0001547336578369,appendicitis_test_edsa_45613_results_GaussianNB().csv
appendicitis_test_edsa_45613,simpleimputer,ordinalencoder,feature_agglomeration,robust,GaussianNB(),3,0.9523809523809524,0.001432180404663,0.0001862049102783,appendicitis_test_edsa_45613_results_GaussianNB().csv
DiabeticMellitus_41430,simpleimputer,onehot,select_percentile,robust,GaussianNB(),4,1.0,0.0008392333984375,0.0001571178436279,DiabeticMellitus_41430_results_GaussianNB().csv
DiabeticMellitus_41430,simpleimputer,onehot,select_percentile,minmax,GaussianNB(),4,1.0,0.0008721351623535,0.0001587867736816,DiabeticMellitus_41430_results_GaussianNB().csv
DiabeticMellitus_41430,simpleimputer,onehot,extra_tree,minmax,GaussianNB(),4,1.0,0.0009348392486572,0.0001897811889648,DiabeticMellitus_41430_results_GaussianNB().csv
DiabeticMellitus_41430,simpleimputer,none,select_percentile,minmax,GaussianNB(),4,1.0,0.0008134841918945,0.000190258026123,DiabeticMellitus_41430_results_GaussianNB().csv
DiabeticMellitus_41430,simpleimputer,none,extra_tree,standard,GaussianNB(),4,1.0,0.0008668899536132,0.0001606941223144,DiabeticMellitus_41430_results_GaussianNB().csv
DiabeticMellitus_41430,simpleimputer,none,select_percentile,standard,GaussianNB(),4,1.0,0.0008323192596435,0.0001623630523681,DiabeticMellitus_41430_results_GaussianNB().csv
DiabeticMellitus_41430,simpleimputer,none,select_percentile,robust,GaussianNB(),4,1.0,0.0007665157318115,0.0001769065856933,DiabeticMellitus_41430_results_GaussianNB().csv
DiabeticMellitus_41430,simpleimputer,ordinalencoder,extra_tree,minmax,GaussianNB(),4,1.0,0.0008375644683837,0.0001509189605712,DiabeticMellitus_41430_results_GaussianNB().csv
DiabeticMellitus_41430,simpleimputer,onehot,extra_tree,none,GaussianNB(),4,1.0,0.0008995532989501,0.0001592636108398,DiabeticMellitus_41430_results_GaussianNB().csv
DiabeticMellitus_41430,simpleimputer,onehot,select_percentile,standard,GaussianNB(),4,1.0,0.0008559226989746,0.0001924037933349,DiabeticMellitus_41430_results_GaussianNB().csv
DiabeticMellitus_41430,simpleimputer,ordinalencoder,extra_tree,robust,GaussianNB(),4,1.0,0.0011532306671142,0.0001642704010009,DiabeticMellitus_41430_results_GaussianNB().csv
DiabeticMellitus_41430,simpleimputer,none,extra_tree,minmax,GaussianNB(),4,1.0,0.0009627342224121,0.0002012252807617,DiabeticMellitus_41430_results_GaussianNB().csv
DiabeticMellitus_41430,simpleimputer,onehot,extra_tree,robust,GaussianNB(),4,1.0,0.0008368492126464,0.000187873840332,DiabeticMellitus_41430_results_GaussianNB().csv
DiabeticMellitus_41430,simpleimputer,onehot,extra_tree,standard,GaussianNB(),4,1.0,0.0008628368377685,0.0001626014709472,DiabeticMellitus_41430_results_GaussianNB().csv
DiabeticMellitus_41430,simpleimputer,none,generic_univariate,quantile,GaussianNB(),0,1.0,0.0007164478302001,0.0001406669616699,DiabeticMellitus_41430_results_GaussianNB().csv
DiabeticMellitus_41430,simpleimputer,onehot,generic_univariate,quantile,GaussianNB(),4,1.0,0.0008351802825927,0.0001463890075683,DiabeticMellitus_41430_results_GaussianNB().csv
DiabeticMellitus_41430,simpleimputer,none,extra_tree,robust,GaussianNB(),4,1.0,0.0008735656738281,0.0001599788665771,DiabeticMellitus_41430_results_GaussianNB().csv
DiabeticMellitus_41430,simpleimputer,ordinalencoder,select_percentile,minmax,GaussianNB(),4,1.0,0.0008220672607421,0.000154972076416,DiabeticMellitus_41430_results_GaussianNB().csv
DiabeticMellitus_41430,simpleimputer,onehot,select_percentile,none,GaussianNB(),4,1.0,0.0007760524749755,0.000157356262207,DiabeticMellitus_41430_results_GaussianNB().csv
DiabeticMellitus_41430,simpleimputer,onehot,generic_univariate,quantile,GaussianNB(),0,1.0,0.000781774520874,0.0001444816589355,DiabeticMellitus_41430_results_GaussianNB().csv
tae_48,simpleimputer,ordinalencoder,kernel_pca,power,GaussianNB(),1,0.7,0.0011441707611083,0.0002152919769287,tae_48_results_GaussianNB().csv
tae_48,simpleimputer,none,kernel_pca,power,GaussianNB(),1,0.7,0.001025915145874,0.000209093093872,tae_48_results_GaussianNB().csv
tae_48,simpleimputer,onehot,kernel_pca,power,GaussianNB(),1,0.7,0.0010027885437011,0.0002124309539794,tae_48_results_GaussianNB().csv
tae_48,none,ordinalencoder,pca,power,GaussianNB(),1,0.7,0.0008654594421386,0.0001912117004394,tae_48_results_GaussianNB().csv
tae_48,simpleimputer,ordinalencoder,pca,power,GaussianNB(),1,0.7,0.0007991790771484,0.0001778602600097,tae_48_results_GaussianNB().csv
tae_48,simpleimputer,none,pca,power,GaussianNB(),1,0.7,0.0009148120880126,0.0001800060272216,tae_48_results_GaussianNB().csv
tae_48,none,none,pca,power,GaussianNB(),1,0.7,0.0008025169372558,0.0001866817474365,tae_48_results_GaussianNB().csv
tae_48,simpleimputer,onehot,pca,power,GaussianNB(),1,0.7,0.0008783340454101,0.0002050399780273,tae_48_results_GaussianNB().csv
tae_48,none,none,kernel_pca,power,GaussianNB(),1,0.7,0.0017414093017578,0.0004723072052001,tae_48_results_GaussianNB().csv
tae_48,none,ordinalencoder,kernel_pca,power,GaussianNB(),1,0.7,0.0009441375732421,0.0002088546752929,tae_48_results_GaussianNB().csv
tae_48,none,none,nystroem,robust,GaussianNB(),1,0.7,0.0013587474822998,0.0002281665802001,tae_48_results_GaussianNB().csv
tae_48,simpleimputer,none,nystroem,robust,GaussianNB(),1,0.7,0.0010933876037597,0.0002384185791015,tae_48_results_GaussianNB().csv
tae_48,none,ordinalencoder,nystroem,robust,GaussianNB(),1,0.7,0.0011448860168457,0.0002663135528564,tae_48_results_GaussianNB().csv
tae_48,simpleimputer,onehot,nystroem,robust,GaussianNB(),1,0.7,0.00105881690979,0.0002391338348388,tae_48_results_GaussianNB().csv
tae_48,simpleimputer,ordinalencoder,nystroem,robust,GaussianNB(),1,0.7,0.0014033317565917,0.000251293182373,tae_48_results_GaussianNB().csv
tae_48,none,onehot,pca,power,GaussianNB(),1,0.7,0.0008192062377929,0.0001797676086425,tae_48_results_GaussianNB().csv
tae_48,none,onehot,kernel_pca,power,GaussianNB(),1,0.7,0.0011234283447265,0.0002167224884033,tae_48_results_GaussianNB().csv
tae_48,none,onehot,nystroem,robust,GaussianNB(),1,0.7,0.0010366439819335,0.0002360343933105,tae_48_results_GaussianNB().csv
tae_48,simpleimputer,ordinalencoder,rbf_sampler,standard,GaussianNB(),2,0.6666666666666666,0.0009896755218505,0.0002222061157226,tae_48_results_GaussianNB().csv
tae_48,none,none,rbf_sampler,standard,GaussianNB(),2,0.6666666666666666,0.0010490417480468,0.0002362728118896,tae_48_results_GaussianNB().csv
fri_c1_500_50_766,none,onehot,feature_agglomeration,minmax,GaussianNB(),3,0.78,0.0010683536529541,0.0001735687255859,fri_c1_500_50_766_results_GaussianNB().csv
fri_c1_500_50_766,simpleimputer,none,feature_agglomeration,quantile,GaussianNB(),3,0.78,0.0010352134704589,0.0001640319824218,fri_c1_500_50_766_results_GaussianNB().csv
fri_c1_500_50_766,none,ordinalencoder,feature_agglomeration,quantile,GaussianNB(),3,0.78,0.001065969467163,0.00016450881958,fri_c1_500_50_766_results_GaussianNB().csv
fri_c1_500_50_766,none,none,feature_agglomeration,quantile,GaussianNB(),3,0.78,0.0010263919830322,0.0001771450042724,fri_c1_500_50_766_results_GaussianNB().csv
fri_c1_500_50_766,simpleimputer,none,feature_agglomeration,minmax,GaussianNB(),3,0.78,0.0010442733764648,0.0001697540283203,fri_c1_500_50_766_results_GaussianNB().csv
fri_c1_500_50_766,simpleimputer,onehot,feature_agglomeration,minmax,GaussianNB(),3,0.78,0.0010526180267333,0.0001659393310546,fri_c1_500_50_766_results_GaussianNB().csv
fri_c1_500_50_766,simpleimputer,onehot,feature_agglomeration,quantile,GaussianNB(),3,0.78,0.001112937927246,0.0001766681671142,fri_c1_500_50_766_results_GaussianNB().csv
fri_c1_500_50_766,none,ordinalencoder,feature_agglomeration,minmax,GaussianNB(),3,0.78,0.0010063648223876,0.0001652240753173,fri_c1_500_50_766_results_GaussianNB().csv
fri_c1_500_50_766,simpleimputer,ordinalencoder,feature_agglomeration,quantile,GaussianNB(),3,0.78,0.0009593963623046,0.0001838207244873,fri_c1_500_50_766_results_GaussianNB().csv
fri_c1_500_50_766,none,onehot,feature_agglomeration,quantile,GaussianNB(),3,0.78,0.0010833740234375,0.0001652240753173,fri_c1_500_50_766_results_GaussianNB().csv
fri_c1_500_50_766,none,none,feature_agglomeration,minmax,GaussianNB(),3,0.78,0.0010359287261962,0.0001866817474365,fri_c1_500_50_766_results_GaussianNB().csv
fri_c1_500_50_766,simpleimputer,ordinalencoder,feature_agglomeration,minmax,GaussianNB(),3,0.78,0.0010254383087158,0.0001654624938964,fri_c1_500_50_766_results_GaussianNB().csv
fri_c1_500_50_766,none,onehot,feature_agglomeration,robust,GaussianNB(),3,0.77,0.0010662078857421,0.0001664161682128,fri_c1_500_50_766_results_GaussianNB().csv
fri_c1_500_50_766,simpleimputer,ordinalencoder,feature_agglomeration,robust,GaussianNB(),3,0.77,0.001110553741455,0.0001642704010009,fri_c1_500_50_766_results_GaussianNB().csv
fri_c1_500_50_766,simpleimputer,ordinalencoder,feature_agglomeration,normalizer,GaussianNB(),3,0.77,0.001039981842041,0.0001647472381591,fri_c1_500_50_766_results_GaussianNB().csv
fri_c1_500_50_766,none,ordinalencoder,feature_agglomeration,robust,GaussianNB(),3,0.77,0.0010137557983398,0.0001633167266845,fri_c1_500_50_766_results_GaussianNB().csv
fri_c1_500_50_766,simpleimputer,none,feature_agglomeration,robust,GaussianNB(),3,0.77,0.001105785369873,0.0001647472381591,fri_c1_500_50_766_results_GaussianNB().csv
fri_c1_500_50_766,none,onehot,feature_agglomeration,normalizer,GaussianNB(),3,0.77,0.0010323524475097,0.0001647472381591,fri_c1_500_50_766_results_GaussianNB().csv
fri_c1_500_50_766,none,ordinalencoder,feature_agglomeration,normalizer,GaussianNB(),3,0.77,0.0010848045349121,0.0001759529113769,fri_c1_500_50_766_results_GaussianNB().csv
fri_c1_500_50_766,simpleimputer,onehot,feature_agglomeration,robust,GaussianNB(),3,0.77,0.0010683536529541,0.0002388954162597,fri_c1_500_50_766_results_GaussianNB().csv
tokyo1_40705,simpleimputer,none,linear_svc,quantile,GaussianNB(),2,0.9427083333333334,0.0008420944213867,0.0001707077026367,tokyo1_40705_results_GaussianNB().csv
tokyo1_40705,simpleimputer,ordinalencoder,nystroem,quantile,GaussianNB(),2,0.9427083333333334,0.0016191005706787,0.0004513263702392,tokyo1_40705_results_GaussianNB().csv
tokyo1_40705,none,none,nystroem,quantile,GaussianNB(),2,0.9427083333333334,0.0015196800231933,0.000319480895996,tokyo1_40705_results_GaussianNB().csv
tokyo1_40705,simpleimputer,onehot,nystroem,quantile,GaussianNB(),2,0.9427083333333334,0.0015981197357177,0.0003101825714111,tokyo1_40705_results_GaussianNB().csv
tokyo1_40705,none,ordinalencoder,linear_svc,quantile,GaussianNB(),2,0.9427083333333334,0.0008809566497802,0.0001909732818603,tokyo1_40705_results_GaussianNB().csv
tokyo1_40705,none,onehot,linear_svc,quantile,GaussianNB(),2,0.9427083333333334,0.000960350036621,0.0001971721649169,tokyo1_40705_results_GaussianNB().csv
tokyo1_40705,none,none,linear_svc,quantile,GaussianNB(),2,0.9427083333333334,0.0015854835510253,0.0003321170806884,tokyo1_40705_results_GaussianNB().csv
tokyo1_40705,none,ordinalencoder,nystroem,quantile,GaussianNB(),2,0.9427083333333334,0.0016779899597167,0.0003087520599365,tokyo1_40705_results_GaussianNB().csv
tokyo1_40705,simpleimputer,ordinalencoder,linear_svc,quantile,GaussianNB(),2,0.9427083333333334,0.0008201599121093,0.0001735687255859,tokyo1_40705_results_GaussianNB().csv
tokyo1_40705,none,onehot,nystroem,quantile,GaussianNB(),2,0.9427083333333334,0.0015590190887451,0.0003132820129394,tokyo1_40705_results_GaussianNB().csv
tokyo1_40705,simpleimputer,none,nystroem,quantile,GaussianNB(),2,0.9427083333333334,0.0015175342559814,0.0003168582916259,tokyo1_40705_results_GaussianNB().csv
tokyo1_40705,simpleimputer,onehot,linear_svc,quantile,GaussianNB(),2,0.9427083333333334,0.000852346420288,0.0001749992370605,tokyo1_40705_results_GaussianNB().csv
tokyo1_40705,simpleimputer,ordinalencoder,extra_tree,robust,GaussianNB(),2,0.9375,0.0009336471557617,0.0001709461212158,tokyo1_40705_results_GaussianNB().csv
tokyo1_40705,none,ordinalencoder,extra_tree,standard,GaussianNB(),2,0.9375,0.0008201599121093,0.0001614093780517,tokyo1_40705_results_GaussianNB().csv
tokyo1_40705,none,none,select_percentile,quantile,GaussianNB(),2,0.9375,0.0008308887481689,0.0001599788665771,tokyo1_40705_results_GaussianNB().csv
tokyo1_40705,simpleimputer,none,extra_tree,robust,GaussianNB(),2,0.9375,0.0008528232574462,0.0001707077026367,tokyo1_40705_results_GaussianNB().csv
tokyo1_40705,none,onehot,extra_tree,standard,GaussianNB(),2,0.9375,0.0009198188781738,0.0001735687255859,tokyo1_40705_results_GaussianNB().csv
tokyo1_40705,simpleimputer,onehot,select_percentile,quantile,GaussianNB(),2,0.9375,0.0007989406585693,0.0001575946807861,tokyo1_40705_results_GaussianNB().csv
tokyo1_40705,simpleimputer,ordinalencoder,select_percentile,quantile,GaussianNB(),2,0.9375,0.0008907318115234,0.0001585483551025,tokyo1_40705_results_GaussianNB().csv
tokyo1_40705,none,none,extra_tree,standard,GaussianNB(),2,0.9375,0.0009005069732666,0.0001728534698486,tokyo1_40705_results_GaussianNB().csv
schizo_466,simpleimputer,ordinalencoder,nystroem,none,GaussianNB(),1,0.8970588235294118,0.0015342235565185,0.0009229183197021,schizo_466_results_GaussianNB().csv
schizo_466,simpleimputer,onehot,nystroem,none,GaussianNB(),1,0.8529411764705882,0.0014786720275878,0.0002572536468505,schizo_466_results_GaussianNB().csv
schizo_466,simpleimputer,ordinalencoder,nystroem,none,GaussianNB(),3,0.8529411764705882,0.0012855529785156,0.0002901554107666,schizo_466_results_GaussianNB().csv
schizo_466,simpleimputer,onehot,nystroem,none,GaussianNB(),3,0.8529411764705882,0.0013401508331298,0.0002586841583251,schizo_466_results_GaussianNB().csv
schizo_466,simpleimputer,onehot,nystroem,none,GaussianNB(),2,0.8382352941176471,0.0013065338134765,0.0002446174621582,schizo_466_results_GaussianNB().csv
schizo_466,simpleimputer,ordinalencoder,nystroem,none,GaussianNB(),2,0.8382352941176471,0.0014243125915527,0.0002751350402832,schizo_466_results_GaussianNB().csv
schizo_466,simpleimputer,onehot,nystroem,none,GaussianNB(),0,0.8382352941176471,0.0012903213500976,0.0002481937408447,schizo_466_results_GaussianNB().csv
schizo_466,simpleimputer,ordinalencoder,nystroem,none,GaussianNB(),0,0.8235294117647058,0.0017290115356445,0.0004477500915527,schizo_466_results_GaussianNB().csv
schizo_466,simpleimputer,ordinalencoder,nystroem,none,GaussianNB(),4,0.7647058823529411,0.0017902851104736,0.0002627372741699,schizo_466_results_GaussianNB().csv
schizo_466,simpleimputer,onehot,nystroem,none,GaussianNB(),4,0.75,0.0013346672058105,0.0002493858337402,schizo_466_results_GaussianNB().csv
schizo_466,simpleimputer,onehot,rbf_sampler,none,GaussianNB(),0,0.7352941176470589,0.0013008117675781,0.0002458095550537,schizo_466_results_GaussianNB().csv
schizo_466,simpleimputer,ordinalencoder,fastica,none,GaussianNB(),1,0.7205882352941176,0.0010325908660888,0.0001726150512695,schizo_466_results_GaussianNB().csv
schizo_466,simpleimputer,ordinalencoder,rbf_sampler,none,GaussianNB(),3,0.7205882352941176,0.0011775493621826,0.0002307891845703,schizo_466_results_GaussianNB().csv
schizo_466,simpleimputer,onehot,kernel_pca,robust,GaussianNB(),1,0.7205882352941176,0.0012016296386718,0.0001988410949707,schizo_466_results_GaussianNB().csv
schizo_466,simpleimputer,onehot,pca,robust,GaussianNB(),1,0.7205882352941176,0.0009081363677978,0.0001697540283203,schizo_466_results_GaussianNB().csv
schizo_466,simpleimputer,onehot,pca,minmax,GaussianNB(),1,0.7058823529411765,0.0008718967437744,0.0001678466796875,schizo_466_results_GaussianNB().csv
schizo_466,simpleimputer,onehot,kernel_pca,robust,GaussianNB(),3,0.7058823529411765,0.0012509822845458,0.0002052783966064,schizo_466_results_GaussianNB().csv
schizo_466,simpleimputer,onehot,kernel_pca,minmax,GaussianNB(),1,0.7058823529411765,0.001296043395996,0.0002036094665527,schizo_466_results_GaussianNB().csv
schizo_466,simpleimputer,onehot,pca,robust,GaussianNB(),3,0.7058823529411765,0.0009214878082275,0.0001921653747558,schizo_466_results_GaussianNB().csv
schizo_466,simpleimputer,onehot,kernel_pca,minmax,GaussianNB(),0,0.6911764705882353,0.0011205673217773,0.0001990795135498,schizo_466_results_GaussianNB().csv
glass_1005,none,ordinalencoder,generic_univariate,quantile,GaussianNB(),4,0.8333333333333334,0.0007874965667724,0.0001478195190429,glass_1005_results_GaussianNB().csv
glass_1005,none,ordinalencoder,select_percentile,quantile,GaussianNB(),4,0.8333333333333334,0.0007963180541992,0.0001473426818847,glass_1005_results_GaussianNB().csv
glass_1005,none,onehot,select_percentile,quantile,GaussianNB(),4,0.8333333333333334,0.0007252693176269,0.0001351833343505,glass_1005_results_GaussianNB().csv
glass_1005,simpleimputer,onehot,select_percentile,quantile,GaussianNB(),4,0.8333333333333334,0.0006930828094482,0.0001301765441894,glass_1005_results_GaussianNB().csv
glass_1005,none,none,rbf_sampler,power,GaussianNB(),4,0.8333333333333334,0.0008401870727539,0.0001704692840576,glass_1005_results_GaussianNB().csv
glass_1005,simpleimputer,onehot,generic_univariate,quantile,GaussianNB(),4,0.8333333333333334,0.0007274150848388,0.0001332759857177,glass_1005_results_GaussianNB().csv
glass_1005,simpleimputer,none,generic_univariate,quantile,GaussianNB(),4,0.8333333333333334,0.000821828842163,0.0001459121704101,glass_1005_results_GaussianNB().csv
glass_1005,simpleimputer,none,select_percentile,quantile,GaussianNB(),4,0.8333333333333334,0.0006895065307617,0.0001940727233886,glass_1005_results_GaussianNB().csv
glass_1005,none,none,generic_univariate,quantile,GaussianNB(),4,0.8333333333333334,0.0007555484771728,0.0001609325408935,glass_1005_results_GaussianNB().csv
glass_1005,none,onehot,rbf_sampler,power,GaussianNB(),4,0.8333333333333334,0.0007920265197753,0.0001609325408935,glass_1005_results_GaussianNB().csv
glass_1005,none,none,select_percentile,quantile,GaussianNB(),4,0.8333333333333334,0.0007326602935791,0.0001418590545654,glass_1005_results_GaussianNB().csv
glass_1005,none,ordinalencoder,rbf_sampler,power,GaussianNB(),4,0.8333333333333334,0.0008773803710937,0.0001795291900634,glass_1005_results_GaussianNB().csv
glass_1005,simpleimputer,ordinalencoder,rbf_sampler,power,GaussianNB(),4,0.8333333333333334,0.0008432865142822,0.0001699924468994,glass_1005_results_GaussianNB().csv
glass_1005,simpleimputer,none,rbf_sampler,power,GaussianNB(),4,0.8333333333333334,0.0008003711700439,0.0001881122589111,glass_1005_results_GaussianNB().csv
glass_1005,none,onehot,generic_univariate,quantile,GaussianNB(),4,0.8333333333333334,0.000680923461914,0.0001330375671386,glass_1005_results_GaussianNB().csv
glass_1005,simpleimputer,onehot,rbf_sampler,power,GaussianNB(),4,0.8333333333333334,0.0008151531219482,0.0001592636108398,glass_1005_results_GaussianNB().csv
glass_1005,simpleimputer,ordinalencoder,generic_univariate,quantile,GaussianNB(),4,0.8333333333333334,0.0007147789001464,0.0001394748687744,glass_1005_results_GaussianNB().csv
glass_1005,simpleimputer,ordinalencoder,select_percentile,quantile,GaussianNB(),4,0.8333333333333334,0.0007295608520507,0.0001387596130371,glass_1005_results_GaussianNB().csv
glass_1005,none,ordinalencoder,rbf_sampler,robust,GaussianNB(),4,0.8095238095238095,0.0009188652038574,0.0001807212829589,glass_1005_results_GaussianNB().csv
glass_1005,simpleimputer,ordinalencoder,rbf_sampler,robust,GaussianNB(),4,0.8095238095238095,0.000922679901123,0.0001637935638427,glass_1005_results_GaussianNB().csv
backache_463,simpleimputer,ordinalencoder,rbf_sampler,robust,GaussianNB(),1,0.9444444444444444,0.00099778175354,0.0002355575561523,backache_463_results_GaussianNB().csv
backache_463,simpleimputer,onehot,rbf_sampler,robust,GaussianNB(),1,0.9444444444444444,0.0009193420410156,0.000211477279663,backache_463_results_GaussianNB().csv
backache_463,simpleimputer,none,rbf_sampler,robust,GaussianNB(),1,0.9444444444444444,0.0010149478912353,0.0002002716064453,backache_463_results_GaussianNB().csv
backache_463,none,onehot,rbf_sampler,robust,GaussianNB(),1,0.9444444444444444,0.0009269714355468,0.0002646446228027,backache_463_results_GaussianNB().csv
backache_463,none,none,rbf_sampler,robust,GaussianNB(),1,0.9444444444444444,0.0010011196136474,0.0002012252807617,backache_463_results_GaussianNB().csv
backache_463,none,ordinalencoder,rbf_sampler,robust,GaussianNB(),1,0.9444444444444444,0.0009469985961914,0.0002257823944091,backache_463_results_GaussianNB().csv
backache_463,simpleimputer,none,feature_agglomeration,power,GaussianNB(),1,0.9166666666666666,0.0008051395416259,0.0003480911254882,backache_463_results_GaussianNB().csv
backache_463,simpleimputer,onehot,rbf_sampler,power,GaussianNB(),1,0.9166666666666666,0.000943899154663,0.0001749992370605,backache_463_results_GaussianNB().csv
backache_463,none,onehot,rbf_sampler,power,GaussianNB(),1,0.9166666666666666,0.0008423328399658,0.000173807144165,backache_463_results_GaussianNB().csv
backache_463,none,onehot,generic_univariate,power,GaussianNB(),1,0.9166666666666666,0.0007159709930419,0.0001459121704101,backache_463_results_GaussianNB().csv
backache_463,simpleimputer,none,feature_agglomeration,none,GaussianNB(),1,0.9166666666666666,0.000784158706665,0.0001461505889892,backache_463_results_GaussianNB().csv
backache_463,none,ordinalencoder,truncated_svd,standard,GaussianNB(),1,0.9166666666666666,0.0007524490356445,0.000145673751831,backache_463_results_GaussianNB().csv
backache_463,simpleimputer,none,rbf_sampler,none,GaussianNB(),1,0.9166666666666666,0.0009336471557617,0.0001828670501708,backache_463_results_GaussianNB().csv
backache_463,none,onehot,generic_univariate,quantile,GaussianNB(),1,0.9166666666666666,0.0007269382476806,0.0001440048217773,backache_463_results_GaussianNB().csv
backache_463,none,ordinalencoder,rbf_sampler,power,GaussianNB(),1,0.9166666666666666,0.000873327255249,0.0001704692840576,backache_463_results_GaussianNB().csv
backache_463,none,onehot,feature_agglomeration,power,GaussianNB(),1,0.9166666666666666,0.00079345703125,0.0001804828643798,backache_463_results_GaussianNB().csv
backache_463,none,ordinalencoder,feature_agglomeration,power,GaussianNB(),1,0.9166666666666666,0.0007569789886474,0.0001461505889892,backache_463_results_GaussianNB().csv
backache_463,none,ordinalencoder,generic_univariate,power,GaussianNB(),1,0.9166666666666666,0.0007445812225341,0.000171422958374,backache_463_results_GaussianNB().csv
backache_463,none,ordinalencoder,generic_univariate,minmax,GaussianNB(),1,0.9166666666666666,0.0008139610290527,0.0001449584960937,backache_463_results_GaussianNB().csv
backache_463,simpleimputer,none,truncated_svd,none,GaussianNB(),1,0.9166666666666666,0.0007667541503906,0.0001451969146728,backache_463_results_GaussianNB().csv
parkinsons_1488,none,none,linear_svc,normalizer,GaussianNB(),2,0.9743589743589745,0.0008389949798583,0.0001623630523681,parkinsons_1488_results_GaussianNB().csv
parkinsons_1488,simpleimputer,ordinalencoder,linear_svc,normalizer,GaussianNB(),2,0.9743589743589745,0.0007600784301757,0.0001542568206787,parkinsons_1488_results_GaussianNB().csv
parkinsons_1488,simpleimputer,onehot,linear_svc,normalizer,GaussianNB(),2,0.9743589743589745,0.000812292098999,0.0001537799835205,parkinsons_1488_results_GaussianNB().csv
parkinsons_1488,none,ordinalencoder,linear_svc,normalizer,GaussianNB(),2,0.9743589743589745,0.0007593631744384,0.0001535415649414,parkinsons_1488_results_GaussianNB().csv
parkinsons_1488,none,onehot,linear_svc,normalizer,GaussianNB(),2,0.9743589743589745,0.0008096694946289,0.0001533031463623,parkinsons_1488_results_GaussianNB().csv
parkinsons_1488,simpleimputer,none,linear_svc,normalizer,GaussianNB(),2,0.9743589743589745,0.0007739067077636,0.0001518726348876,parkinsons_1488_results_GaussianNB().csv
parkinsons_1488,simpleimputer,none,generic_univariate,minmax,GaussianNB(),0,0.9230769230769232,0.0007381439208984,0.0001461505889892,parkinsons_1488_results_GaussianNB().csv
parkinsons_1488,none,onehot,generic_univariate,robust,GaussianNB(),0,0.9230769230769232,0.0008924007415771,0.0001485347747802,parkinsons_1488_results_GaussianNB().csv
parkinsons_1488,none,onehot,rbf_sampler,quantile,GaussianNB(),0,0.9230769230769232,0.0010726451873779,0.0002045631408691,parkinsons_1488_results_GaussianNB().csv
parkinsons_1488,simpleimputer,none,generic_univariate,standard,GaussianNB(),0,0.9230769230769232,0.000709056854248,0.0001544952392578,parkinsons_1488_results_GaussianNB().csv
parkinsons_1488,simpleimputer,none,rbf_sampler,quantile,GaussianNB(),0,0.9230769230769232,0.0010607242584228,0.0001921653747558,parkinsons_1488_results_GaussianNB().csv
parkinsons_1488,simpleimputer,none,generic_univariate,power,GaussianNB(),0,0.9230769230769232,0.000709056854248,0.00014328956604,parkinsons_1488_results_GaussianNB().csv
parkinsons_1488,none,ordinalencoder,generic_univariate,none,GaussianNB(),0,0.9230769230769232,0.0007522106170654,0.0001428127288818,parkinsons_1488_results_GaussianNB().csv
parkinsons_1488,simpleimputer,none,generic_univariate,robust,GaussianNB(),0,0.9230769230769232,0.0006921291351318,0.0001442432403564,parkinsons_1488_results_GaussianNB().csv
parkinsons_1488,simpleimputer,onehot,generic_univariate,robust,GaussianNB(),0,0.9230769230769232,0.0006954669952392,0.0001444816589355,parkinsons_1488_results_GaussianNB().csv
parkinsons_1488,simpleimputer,ordinalencoder,generic_univariate,power,GaussianNB(),0,0.9230769230769232,0.0006866455078125,0.0001587867736816,parkinsons_1488_results_GaussianNB().csv
parkinsons_1488,simpleimputer,onehot,generic_univariate,minmax,GaussianNB(),0,0.9230769230769232,0.0006866455078125,0.0001440048217773,parkinsons_1488_results_GaussianNB().csv
parkinsons_1488,none,ordinalencoder,generic_univariate,minmax,GaussianNB(),0,0.9230769230769232,0.0007979869842529,0.0001547336578369,parkinsons_1488_results_GaussianNB().csv
parkinsons_1488,none,ordinalencoder,generic_univariate,robust,GaussianNB(),0,0.9230769230769232,0.0006840229034423,0.000145673751831,parkinsons_1488_results_GaussianNB().csv
parkinsons_1488,none,none,generic_univariate,robust,GaussianNB(),0,0.9230769230769232,0.0007429122924804,0.0001442432403564,parkinsons_1488_results_GaussianNB().csv
PieChart1_1451,none,none,polynomial_features,none,GaussianNB(),1,0.9361702127659576,0.00417160987854,0.0007586479187011,PieChart1_1451_results_GaussianNB().csv
PieChart1_1451,simpleimputer,ordinalencoder,truncated_svd,quantile,GaussianNB(),3,0.9361702127659576,0.0009996891021728,0.0001602172851562,PieChart1_1451_results_GaussianNB().csv
PieChart1_1451,none,none,truncated_svd,quantile,GaussianNB(),3,0.9361702127659576,0.0011961460113525,0.0001721382141113,PieChart1_1451_results_GaussianNB().csv
PieChart1_1451,none,onehot,truncated_svd,minmax,GaussianNB(),1,0.9361702127659576,0.0010943412780761,0.0001559257507324,PieChart1_1451_results_GaussianNB().csv
PieChart1_1451,none,none,truncated_svd,minmax,GaussianNB(),1,0.9361702127659576,0.0011489391326904,0.0001704692840576,PieChart1_1451_results_GaussianNB().csv
PieChart1_1451,simpleimputer,ordinalencoder,truncated_svd,minmax,GaussianNB(),1,0.9361702127659576,0.0010652542114257,0.0001702308654785,PieChart1_1451_results_GaussianNB().csv
PieChart1_1451,simpleimputer,ordinalencoder,polynomial_features,none,GaussianNB(),1,0.9361702127659576,0.0038983821868896,0.0007555484771728,PieChart1_1451_results_GaussianNB().csv
PieChart1_1451,simpleimputer,none,truncated_svd,quantile,GaussianNB(),3,0.9361702127659576,0.0009500980377197,0.0001559257507324,PieChart1_1451_results_GaussianNB().csv
PieChart1_1451,simpleimputer,onehot,polynomial_features,none,GaussianNB(),1,0.9361702127659576,0.0042872428894042,0.0007016658782958,PieChart1_1451_results_GaussianNB().csv
PieChart1_1451,simpleimputer,onehot,truncated_svd,minmax,GaussianNB(),1,0.9361702127659576,0.0010621547698974,0.0001716613769531,PieChart1_1451_results_GaussianNB().csv
PieChart1_1451,none,onehot,truncated_svd,quantile,GaussianNB(),3,0.9361702127659576,0.0011072158813476,0.0001704692840576,PieChart1_1451_results_GaussianNB().csv
PieChart1_1451,simpleimputer,onehot,truncated_svd,quantile,GaussianNB(),3,0.9361702127659576,0.0009868144989013,0.000162124633789,PieChart1_1451_results_GaussianNB().csv
PieChart1_1451,simpleimputer,none,truncated_svd,minmax,GaussianNB(),1,0.9361702127659576,0.0009613037109375,0.0001552104949951,PieChart1_1451_results_GaussianNB().csv
PieChart1_1451,simpleimputer,none,polynomial_features,none,GaussianNB(),1,0.9361702127659576,0.0048046112060546,0.0008113384246826,PieChart1_1451_results_GaussianNB().csv
PieChart1_1451,none,ordinalencoder,truncated_svd,quantile,GaussianNB(),3,0.9361702127659576,0.0010247230529785,0.0001635551452636,PieChart1_1451_results_GaussianNB().csv
PieChart1_1451,none,onehot,polynomial_features,none,GaussianNB(),1,0.9361702127659576,0.0039093494415283,0.0007662773132324,PieChart1_1451_results_GaussianNB().csv
PieChart1_1451,none,ordinalencoder,polynomial_features,none,GaussianNB(),1,0.9361702127659576,0.0040886402130126,0.0008718967437744,PieChart1_1451_results_GaussianNB().csv
PieChart1_1451,none,ordinalencoder,truncated_svd,minmax,GaussianNB(),1,0.9361702127659576,0.0014178752899169,0.0002124309539794,PieChart1_1451_results_GaussianNB().csv
PieChart1_1451,none,onehot,generic_univariate,minmax,GaussianNB(),3,0.9290780141843972,0.0009703636169433,0.0001461505889892,PieChart1_1451_results_GaussianNB().csv
PieChart1_1451,simpleimputer,ordinalencoder,polynomial_features,none,GaussianNB(),3,0.9290780141843972,0.003751516342163,0.0008316040039062,PieChart1_1451_results_GaussianNB().csv
bridges_327,simpleimputer,ordinalencoder,pca,standard,GaussianNB(),0,0.9047619047619048,0.0010914802551269,0.0002696514129638,bridges_327_results_GaussianNB().csv
bridges_327,simpleimputer,ordinalencoder,kernel_pca,standard,GaussianNB(),0,0.9047619047619048,0.0012383460998535,0.0002553462982177,bridges_327_results_GaussianNB().csv
bridges_327,simpleimputer,ordinalencoder,pca,robust,GaussianNB(),0,0.9047619047619048,0.0010464191436767,0.0002529621124267,bridges_327_results_GaussianNB().csv
bridges_327,simpleimputer,ordinalencoder,kernel_pca,robust,GaussianNB(),0,0.9047619047619048,0.0011518001556396,0.0002529621124267,bridges_327_results_GaussianNB().csv
bridges_327,simpleimputer,ordinalencoder,pca,none,GaussianNB(),0,0.8571428571428571,0.0011267662048339,0.0002558231353759,bridges_327_results_GaussianNB().csv
bridges_327,simpleimputer,ordinalencoder,kernel_pca,none,GaussianNB(),0,0.8571428571428571,0.0010766983032226,0.0002887248992919,bridges_327_results_GaussianNB().csv
bridges_327,simpleimputer,ordinalencoder,extra_tree,normalizer,GaussianNB(),0,0.8095238095238095,0.0010921955108642,0.0002458095550537,bridges_327_results_GaussianNB().csv
bridges_327,simpleimputer,ordinalencoder,pca,normalizer,GaussianNB(),0,0.8095238095238095,0.0010347366333007,0.0002532005310058,bridges_327_results_GaussianNB().csv
bridges_327,simpleimputer,onehot,pca,none,GaussianNB(),0,0.8095238095238095,0.0010602474212646,0.0002570152282714,bridges_327_results_GaussianNB().csv
bridges_327,simpleimputer,ordinalencoder,kernel_pca,normalizer,GaussianNB(),0,0.8095238095238095,0.0013487339019775,0.0002899169921875,bridges_327_results_GaussianNB().csv
bridges_327,simpleimputer,onehot,generic_univariate,standard,GaussianNB(),0,0.8095238095238095,0.0010902881622314,0.0002474784851074,bridges_327_results_GaussianNB().csv
bridges_327,simpleimputer,ordinalencoder,fastica,standard,GaussianNB(),0,0.8095238095238095,0.0010616779327392,0.0002539157867431,bridges_327_results_GaussianNB().csv
bridges_327,simpleimputer,ordinalencoder,truncated_svd,standard,GaussianNB(),0,0.8095238095238095,0.000981330871582,0.0002384185791015,bridges_327_results_GaussianNB().csv
bridges_327,simpleimputer,onehot,kernel_pca,none,GaussianNB(),0,0.8095238095238095,0.0010740756988525,0.0002658367156982,bridges_327_results_GaussianNB().csv
bridges_327,simpleimputer,onehot,nystroem,robust,GaussianNB(),0,0.8095238095238095,0.0012860298156738,0.0003232955932617,bridges_327_results_GaussianNB().csv
bridges_327,simpleimputer,ordinalencoder,rbf_sampler,minmax,GaussianNB(),0,0.7619047619047619,0.0013887882232666,0.0003333091735839,bridges_327_results_GaussianNB().csv
bridges_327,simpleimputer,ordinalencoder,none,normalizer,GaussianNB(),0,0.7619047619047619,0.001035451889038,0.0002503395080566,bridges_327_results_GaussianNB().csv
bridges_327,simpleimputer,onehot,kernel_pca,standard,GaussianNB(),0,0.7619047619047619,0.0010151863098144,0.0002517700195312,bridges_327_results_GaussianNB().csv
bridges_327,simpleimputer,onehot,fastica,robust,GaussianNB(),0,0.7619047619047619,0.0010724067687988,0.000270128250122,bridges_327_results_GaussianNB().csv
bridges_327,simpleimputer,ordinalencoder,kernel_pca,quantile,GaussianNB(),0,0.7619047619047619,0.0010285377502441,0.0003013610839843,bridges_327_results_GaussianNB().csv
bwin_amlb_45717,none,none,truncated_svd,standard,GaussianNB(),2,0.7169811320754716,0.000765323638916,0.0001771450042724,bwin_amlb_45717_results_GaussianNB().csv
bwin_amlb_45717,none,ordinalencoder,truncated_svd,standard,GaussianNB(),2,0.7169811320754716,0.0008854866027832,0.0001792907714843,bwin_amlb_45717_results_GaussianNB().csv
bwin_amlb_45717,none,onehot,truncated_svd,standard,GaussianNB(),2,0.7169811320754716,0.0007524490356445,0.0001754760742187,bwin_amlb_45717_results_GaussianNB().csv
bwin_amlb_45717,simpleimputer,onehot,truncated_svd,standard,GaussianNB(),2,0.7169811320754716,0.0007765293121337,0.0001780986785888,bwin_amlb_45717_results_GaussianNB().csv
bwin_amlb_45717,simpleimputer,ordinalencoder,truncated_svd,standard,GaussianNB(),2,0.7169811320754716,0.0007169246673583,0.0001623630523681,bwin_amlb_45717_results_GaussianNB().csv
bwin_amlb_45717,none,none,linear_svc,minmax,GaussianNB(),2,0.7169811320754716,0.0007169246673583,0.0001916885375976,bwin_amlb_45717_results_GaussianNB().csv
bwin_amlb_45717,simpleimputer,ordinalencoder,linear_svc,minmax,GaussianNB(),2,0.7169811320754716,0.0007858276367187,0.0001773834228515,bwin_amlb_45717_results_GaussianNB().csv
bwin_amlb_45717,simpleimputer,none,truncated_svd,standard,GaussianNB(),2,0.7169811320754716,0.0007789134979248,0.000176191329956,bwin_amlb_45717_results_GaussianNB().csv
bwin_amlb_45717,simpleimputer,onehot,linear_svc,minmax,GaussianNB(),2,0.7169811320754716,0.0006904602050781,0.0001728534698486,bwin_amlb_45717_results_GaussianNB().csv
bwin_amlb_45717,none,onehot,linear_svc,minmax,GaussianNB(),2,0.7169811320754716,0.0007216930389404,0.0001742839813232,bwin_amlb_45717_results_GaussianNB().csv
bwin_amlb_45717,none,ordinalencoder,linear_svc,minmax,GaussianNB(),2,0.7169811320754716,0.0006966590881347,0.0002641677856445,bwin_amlb_45717_results_GaussianNB().csv
bwin_amlb_45717,simpleimputer,none,linear_svc,minmax,GaussianNB(),2,0.7169811320754716,0.0007238388061523,0.0001718997955322,bwin_amlb_45717_results_GaussianNB().csv
bwin_amlb_45717,none,ordinalencoder,feature_agglomeration,power,GaussianNB(),2,0.6981132075471698,0.0007531642913818,0.000176191329956,bwin_amlb_45717_results_GaussianNB().csv
bwin_amlb_45717,none,ordinalencoder,extra_tree,normalizer,GaussianNB(),0,0.6981132075471698,0.0007860660552978,0.0001811981201171,bwin_amlb_45717_results_GaussianNB().csv
bwin_amlb_45717,simpleimputer,ordinalencoder,truncated_svd,minmax,GaussianNB(),2,0.6981132075471698,0.0007569789886474,0.000176191329956,bwin_amlb_45717_results_GaussianNB().csv
bwin_amlb_45717,simpleimputer,ordinalencoder,generic_univariate,normalizer,GaussianNB(),2,0.6981132075471698,0.0006825923919677,0.0001623630523681,bwin_amlb_45717_results_GaussianNB().csv
bwin_amlb_45717,simpleimputer,ordinalencoder,select_percentile,normalizer,GaussianNB(),2,0.6981132075471698,0.0007753372192382,0.0001707077026367,bwin_amlb_45717_results_GaussianNB().csv
bwin_amlb_45717,none,ordinalencoder,generic_univariate,power,GaussianNB(),2,0.6981132075471698,0.0006704330444335,0.0001659393310546,bwin_amlb_45717_results_GaussianNB().csv
bwin_amlb_45717,simpleimputer,ordinalencoder,generic_univariate,robust,GaussianNB(),2,0.6981132075471698,0.0007030963897705,0.0001628398895263,bwin_amlb_45717_results_GaussianNB().csv
bwin_amlb_45717,none,none,feature_agglomeration,standard,GaussianNB(),2,0.6981132075471698,0.0007927417755126,0.0001788139343261,bwin_amlb_45717_results_GaussianNB().csv
analcatdata_authorship_458,none,onehot,pca,quantile,GaussianNB(),3,1.0,0.0025162696838378,0.0004198551177978,analcatdata_authorship_458_results_GaussianNB().csv
analcatdata_authorship_458,simpleimputer,ordinalencoder,none,quantile,GaussianNB(),3,1.0,0.0014901161193847,0.0003309249877929,analcatdata_authorship_458_results_GaussianNB().csv
analcatdata_authorship_458,none,onehot,pca,quantile,GaussianNB(),0,1.0,0.0019006729125976,0.0004489421844482,analcatdata_authorship_458_results_GaussianNB().csv
analcatdata_authorship_458,none,ordinalencoder,pca,minmax,GaussianNB(),3,1.0,0.0019471645355224,0.000439167022705,analcatdata_authorship_458_results_GaussianNB().csv
analcatdata_authorship_458,none,onehot,kernel_pca,power,GaussianNB(),4,1.0,0.0019962787628173,0.0004513263702392,analcatdata_authorship_458_results_GaussianNB().csv
analcatdata_authorship_458,none,onehot,kernel_pca,power,GaussianNB(),3,1.0,0.0021300315856933,0.0004513263702392,analcatdata_authorship_458_results_GaussianNB().csv
analcatdata_authorship_458,none,none,linear_svc,standard,GaussianNB(),3,1.0,0.0013391971588134,0.0003232955932617,analcatdata_authorship_458_results_GaussianNB().csv
analcatdata_authorship_458,none,onehot,none,quantile,GaussianNB(),3,1.0,0.0014569759368896,0.0003509521484375,analcatdata_authorship_458_results_GaussianNB().csv
analcatdata_authorship_458,simpleimputer,ordinalencoder,kernel_pca,quantile,GaussianNB(),3,1.0,0.0020751953125,0.0004830360412597,analcatdata_authorship_458_results_GaussianNB().csv
analcatdata_authorship_458,none,ordinalencoder,nystroem,minmax,GaussianNB(),3,1.0,0.0020861625671386,0.0004546642303466,analcatdata_authorship_458_results_GaussianNB().csv
analcatdata_authorship_458,none,onehot,extra_tree,power,GaussianNB(),2,1.0,0.0013301372528076,0.0002577304840087,analcatdata_authorship_458_results_GaussianNB().csv
analcatdata_authorship_458,none,ordinalencoder,kernel_pca,minmax,GaussianNB(),3,1.0,0.0020465850830078,0.0004138946533203,analcatdata_authorship_458_results_GaussianNB().csv
analcatdata_authorship_458,none,ordinalencoder,pca,standard,GaussianNB(),3,1.0,0.0020759105682373,0.0004117488861083,analcatdata_authorship_458_results_GaussianNB().csv
analcatdata_authorship_458,simpleimputer,ordinalencoder,extra_tree,power,GaussianNB(),2,1.0,0.0013031959533691,0.0002534389495849,analcatdata_authorship_458_results_GaussianNB().csv
analcatdata_authorship_458,simpleimputer,ordinalencoder,pca,quantile,GaussianNB(),3,1.0,0.002044677734375,0.000441551208496,analcatdata_authorship_458_results_GaussianNB().csv
analcatdata_authorship_458,simpleimputer,ordinalencoder,kernel_pca,power,GaussianNB(),3,1.0,0.0031144618988037,0.0004267692565917,analcatdata_authorship_458_results_GaussianNB().csv
analcatdata_authorship_458,simpleimputer,ordinalencoder,kernel_pca,power,GaussianNB(),4,1.0,0.0019612312316894,0.000406265258789,analcatdata_authorship_458_results_GaussianNB().csv
analcatdata_authorship_458,simpleimputer,onehot,pca,quantile,GaussianNB(),3,1.0,0.0019714832305908,0.0004489421844482,analcatdata_authorship_458_results_GaussianNB().csv
analcatdata_authorship_458,simpleimputer,onehot,kernel_pca,power,GaussianNB(),3,1.0,0.0019295215606689,0.0004220008850097,analcatdata_authorship_458_results_GaussianNB().csv
analcatdata_authorship_458,simpleimputer,onehot,pca,standard,GaussianNB(),3,1.0,0.0019042491912841,0.0004541873931884,analcatdata_authorship_458_results_GaussianNB().csv
Loan-Predication_43595,simpleimputer,onehot,select_percentile,none,GaussianNB(),2,0.8455284552845529,0.000931978225708,0.0001497268676757,Loan-Predication_43595_results_GaussianNB().csv
Loan-Predication_43595,simpleimputer,ordinalencoder,generic_univariate,none,GaussianNB(),2,0.8455284552845529,0.0009922981262207,0.0001642704010009,Loan-Predication_43595_results_GaussianNB().csv
Loan-Predication_43595,simpleimputer,onehot,select_percentile,standard,GaussianNB(),2,0.8455284552845529,0.0009565353393554,0.0001523494720458,Loan-Predication_43595_results_GaussianNB().csv
Loan-Predication_43595,simpleimputer,ordinalencoder,linear_svc,none,GaussianNB(),2,0.8455284552845529,0.0013661384582519,0.0001845359802246,Loan-Predication_43595_results_GaussianNB().csv
Loan-Predication_43595,simpleimputer,onehot,select_percentile,minmax,GaussianNB(),2,0.8455284552845529,0.0008742809295654,0.000145673751831,Loan-Predication_43595_results_GaussianNB().csv
Loan-Predication_43595,simpleimputer,ordinalencoder,linear_svc,robust,GaussianNB(),2,0.8455284552845529,0.0012805461883544,0.0002589225769042,Loan-Predication_43595_results_GaussianNB().csv
Loan-Predication_43595,simpleimputer,ordinalencoder,select_percentile,none,GaussianNB(),2,0.8455284552845529,0.0009586811065673,0.000162124633789,Loan-Predication_43595_results_GaussianNB().csv
Loan-Predication_43595,simpleimputer,onehot,generic_univariate,standard,GaussianNB(),2,0.8455284552845529,0.0010316371917724,0.0001485347747802,Loan-Predication_43595_results_GaussianNB().csv
Loan-Predication_43595,simpleimputer,onehot,generic_univariate,none,GaussianNB(),2,0.8455284552845529,0.0009572505950927,0.0001730918884277,Loan-Predication_43595_results_GaussianNB().csv
Loan-Predication_43595,simpleimputer,ordinalencoder,select_percentile,robust,GaussianNB(),2,0.8455284552845529,0.0010256767272949,0.0001637935638427,Loan-Predication_43595_results_GaussianNB().csv
Loan-Predication_43595,simpleimputer,onehot,select_percentile,robust,GaussianNB(),2,0.8455284552845529,0.0010087490081787,0.0001502037048339,Loan-Predication_43595_results_GaussianNB().csv
Loan-Predication_43595,simpleimputer,onehot,generic_univariate,robust,GaussianNB(),2,0.8455284552845529,0.0009713172912597,0.0001466274261474,Loan-Predication_43595_results_GaussianNB().csv
Loan-Predication_43595,simpleimputer,ordinalencoder,select_percentile,minmax,GaussianNB(),2,0.8455284552845529,0.0009663105010986,0.0001490116119384,Loan-Predication_43595_results_GaussianNB().csv
Loan-Predication_43595,simpleimputer,ordinalencoder,generic_univariate,standard,GaussianNB(),2,0.8455284552845529,0.0010104179382324,0.0001502037048339,Loan-Predication_43595_results_GaussianNB().csv
Loan-Predication_43595,simpleimputer,ordinalencoder,select_percentile,standard,GaussianNB(),2,0.8455284552845529,0.0010504722595214,0.0001492500305175,Loan-Predication_43595_results_GaussianNB().csv
Loan-Predication_43595,simpleimputer,ordinalencoder,generic_univariate,robust,GaussianNB(),2,0.8455284552845529,0.0009522438049316,0.0001449584960937,Loan-Predication_43595_results_GaussianNB().csv
Loan-Predication_43595,simpleimputer,ordinalencoder,linear_svc,standard,GaussianNB(),2,0.8455284552845529,0.0009629726409912,0.000152587890625,Loan-Predication_43595_results_GaussianNB().csv
Loan-Predication_43595,simpleimputer,onehot,generic_univariate,minmax,GaussianNB(),2,0.8455284552845529,0.001110553741455,0.0001487731933593,Loan-Predication_43595_results_GaussianNB().csv
Loan-Predication_43595,simpleimputer,ordinalencoder,generic_univariate,minmax,GaussianNB(),2,0.8455284552845529,0.0011134147644042,0.0001575946807861,Loan-Predication_43595_results_GaussianNB().csv
Loan-Predication_43595,simpleimputer,onehot,pca,none,GaussianNB(),1,0.8211382113821138,0.0009746551513671,0.0001928806304931,Loan-Predication_43595_results_GaussianNB().csv
xd6_40693,simpleimputer,onehot,polynomial_features,power,GaussianNB(),0,0.953846153846154,0.0011966228485107,0.0002789497375488,xd6_40693_results_GaussianNB().csv
xd6_40693,none,none,polynomial_features,power,GaussianNB(),0,0.953846153846154,0.0010888576507568,0.0002288818359375,xd6_40693_results_GaussianNB().csv
xd6_40693,simpleimputer,onehot,polynomial_features,standard,GaussianNB(),0,0.953846153846154,0.0010600090026855,0.0002245903015136,xd6_40693_results_GaussianNB().csv
xd6_40693,simpleimputer,none,polynomial_features,power,GaussianNB(),0,0.953846153846154,0.0010836124420166,0.0002272129058837,xd6_40693_results_GaussianNB().csv
xd6_40693,simpleimputer,none,polynomial_features,standard,GaussianNB(),0,0.953846153846154,0.0011227130889892,0.0002381801605224,xd6_40693_results_GaussianNB().csv
xd6_40693,none,ordinalencoder,polynomial_features,power,GaussianNB(),0,0.953846153846154,0.0011389255523681,0.000232458114624,xd6_40693_results_GaussianNB().csv
xd6_40693,simpleimputer,ordinalencoder,polynomial_features,standard,GaussianNB(),0,0.953846153846154,0.0011045932769775,0.000230073928833,xd6_40693_results_GaussianNB().csv
xd6_40693,none,ordinalencoder,polynomial_features,standard,GaussianNB(),0,0.953846153846154,0.0014059543609619,0.0002641677856445,xd6_40693_results_GaussianNB().csv
xd6_40693,none,onehot,polynomial_features,standard,GaussianNB(),0,0.953846153846154,0.0012652873992919,0.0002548694610595,xd6_40693_results_GaussianNB().csv
xd6_40693,none,none,polynomial_features,standard,GaussianNB(),0,0.953846153846154,0.0011227130889892,0.0002627372741699,xd6_40693_results_GaussianNB().csv
xd6_40693,simpleimputer,ordinalencoder,polynomial_features,power,GaussianNB(),0,0.953846153846154,0.0010719299316406,0.000241994857788,xd6_40693_results_GaussianNB().csv
xd6_40693,none,onehot,polynomial_features,power,GaussianNB(),0,0.953846153846154,0.0011615753173828,0.0002250671386718,xd6_40693_results_GaussianNB().csv
xd6_40693,none,ordinalencoder,polynomial_features,power,GaussianNB(),3,0.9484536082474226,0.0011091232299804,0.0002326965332031,xd6_40693_results_GaussianNB().csv
xd6_40693,simpleimputer,none,polynomial_features,power,GaussianNB(),3,0.9484536082474226,0.0010607242584228,0.0002241134643554,xd6_40693_results_GaussianNB().csv
xd6_40693,none,none,polynomial_features,standard,GaussianNB(),3,0.9484536082474226,0.0011651515960693,0.0002310276031494,xd6_40693_results_GaussianNB().csv
xd6_40693,simpleimputer,onehot,polynomial_features,power,GaussianNB(),3,0.9484536082474226,0.0010912418365478,0.000223159790039,xd6_40693_results_GaussianNB().csv
xd6_40693,none,ordinalencoder,polynomial_features,standard,GaussianNB(),3,0.9484536082474226,0.0010650157928466,0.0002315044403076,xd6_40693_results_GaussianNB().csv
xd6_40693,none,onehot,polynomial_features,standard,GaussianNB(),3,0.9484536082474226,0.001091718673706,0.0002548694610595,xd6_40693_results_GaussianNB().csv
xd6_40693,simpleimputer,none,polynomial_features,standard,GaussianNB(),3,0.9484536082474226,0.0010912418365478,0.0002353191375732,xd6_40693_results_GaussianNB().csv
xd6_40693,simpleimputer,ordinalencoder,polynomial_features,standard,GaussianNB(),3,0.9484536082474226,0.0011398792266845,0.0002303123474121,xd6_40693_results_GaussianNB().csv
wisconsin_753,simpleimputer,ordinalencoder,polynomial_features,robust,GaussianNB(),3,0.7692307692307693,0.0012476444244384,0.0002722740173339,wisconsin_753_results_GaussianNB().csv
wisconsin_753,none,onehot,polynomial_features,robust,GaussianNB(),3,0.7692307692307693,0.0012528896331787,0.0002706050872802,wisconsin_753_results_GaussianNB().csv
wisconsin_753,none,ordinalencoder,polynomial_features,robust,GaussianNB(),3,0.7692307692307693,0.0013155937194824,0.0003252029418945,wisconsin_753_results_GaussianNB().csv
wisconsin_753,simpleimputer,onehot,polynomial_features,robust,GaussianNB(),3,0.7692307692307693,0.0011703968048095,0.0002632141113281,wisconsin_753_results_GaussianNB().csv
wisconsin_753,simpleimputer,none,polynomial_features,robust,GaussianNB(),3,0.7692307692307693,0.0012273788452148,0.0002658367156982,wisconsin_753_results_GaussianNB().csv
wisconsin_753,none,none,polynomial_features,robust,GaussianNB(),3,0.7692307692307693,0.001354694366455,0.0003206729888916,wisconsin_753_results_GaussianNB().csv
wisconsin_753,none,onehot,polynomial_features,quantile,GaussianNB(),3,0.7435897435897436,0.0012006759643554,0.0002768039703369,wisconsin_753_results_GaussianNB().csv
wisconsin_753,simpleimputer,ordinalencoder,polynomial_features,quantile,GaussianNB(),3,0.7435897435897436,0.0012154579162597,0.0002686977386474,wisconsin_753_results_GaussianNB().csv
wisconsin_753,simpleimputer,none,polynomial_features,quantile,GaussianNB(),3,0.7435897435897436,0.001239538192749,0.0002694129943847,wisconsin_753_results_GaussianNB().csv
wisconsin_753,simpleimputer,onehot,polynomial_features,quantile,GaussianNB(),3,0.7435897435897436,0.0012156963348388,0.0002787113189697,wisconsin_753_results_GaussianNB().csv
wisconsin_753,none,none,polynomial_features,quantile,GaussianNB(),3,0.7435897435897436,0.0012142658233642,0.0002863407135009,wisconsin_753_results_GaussianNB().csv
wisconsin_753,none,ordinalencoder,polynomial_features,quantile,GaussianNB(),3,0.7435897435897436,0.0012285709381103,0.0002632141113281,wisconsin_753_results_GaussianNB().csv
wisconsin_753,none,onehot,linear_svc,robust,GaussianNB(),3,0.717948717948718,0.0009393692016601,0.0001590251922607,wisconsin_753_results_GaussianNB().csv
wisconsin_753,none,none,polynomial_features,standard,GaussianNB(),3,0.717948717948718,0.0011765956878662,0.0002651214599609,wisconsin_753_results_GaussianNB().csv
wisconsin_753,simpleimputer,ordinalencoder,feature_agglomeration,normalizer,GaussianNB(),2,0.717948717948718,0.0008802413940429,0.0001530647277832,wisconsin_753_results_GaussianNB().csv
wisconsin_753,simpleimputer,ordinalencoder,polynomial_features,minmax,GaussianNB(),3,0.717948717948718,0.0012290477752685,0.0002722740173339,wisconsin_753_results_GaussianNB().csv
wisconsin_753,none,none,linear_svc,normalizer,GaussianNB(),3,0.717948717948718,0.0007882118225097,0.0001885890960693,wisconsin_753_results_GaussianNB().csv
wisconsin_753,simpleimputer,onehot,linear_svc,robust,GaussianNB(),3,0.717948717948718,0.0007905960083007,0.0001578330993652,wisconsin_753_results_GaussianNB().csv
wisconsin_753,simpleimputer,none,feature_agglomeration,normalizer,GaussianNB(),2,0.717948717948718,0.0027520656585693,0.0005347728729248,wisconsin_753_results_GaussianNB().csv
wisconsin_753,simpleimputer,ordinalencoder,extra_tree,power,GaussianNB(),1,0.717948717948718,0.0008573532104492,0.0001575946807861,wisconsin_753_results_GaussianNB().csv
mc2_1054,simpleimputer,ordinalencoder,kernel_pca,power,GaussianNB(),0,0.9090909090909092,0.0010175704956054,0.0001864433288574,mc2_1054_results_GaussianNB().csv
mc2_1054,none,onehot,pca,power,GaussianNB(),0,0.9090909090909092,0.0007731914520263,0.0001506805419921,mc2_1054_results_GaussianNB().csv
mc2_1054,simpleimputer,ordinalencoder,pca,power,GaussianNB(),0,0.9090909090909092,0.0007212162017822,0.0001516342163085,mc2_1054_results_GaussianNB().csv
mc2_1054,simpleimputer,onehot,kernel_pca,power,GaussianNB(),0,0.9090909090909092,0.0008764266967773,0.0001823902130126,mc2_1054_results_GaussianNB().csv
mc2_1054,none,none,pca,power,GaussianNB(),0,0.9090909090909092,0.0007309913635253,0.000148057937622,mc2_1054_results_GaussianNB().csv
mc2_1054,simpleimputer,onehot,pca,power,GaussianNB(),0,0.9090909090909092,0.0007071495056152,0.0001499652862548,mc2_1054_results_GaussianNB().csv
mc2_1054,simpleimputer,none,kernel_pca,power,GaussianNB(),0,0.9090909090909092,0.0008862018585205,0.0001726150512695,mc2_1054_results_GaussianNB().csv
mc2_1054,none,ordinalencoder,pca,power,GaussianNB(),0,0.9090909090909092,0.0007936954498291,0.000152587890625,mc2_1054_results_GaussianNB().csv
mc2_1054,none,none,kernel_pca,power,GaussianNB(),0,0.9090909090909092,0.0009338855743408,0.0001759529113769,mc2_1054_results_GaussianNB().csv
mc2_1054,none,onehot,kernel_pca,power,GaussianNB(),0,0.9090909090909092,0.0008485317230224,0.0001776218414306,mc2_1054_results_GaussianNB().csv
mc2_1054,none,ordinalencoder,kernel_pca,power,GaussianNB(),0,0.9090909090909092,0.0008926391601562,0.0001807212829589,mc2_1054_results_GaussianNB().csv
mc2_1054,simpleimputer,none,pca,power,GaussianNB(),0,0.9090909090909092,0.0007214546203613,0.0001492500305175,mc2_1054_results_GaussianNB().csv
mc2_1054,simpleimputer,onehot,nystroem,standard,GaussianNB(),0,0.8181818181818182,0.0009849071502685,0.000190258026123,mc2_1054_results_GaussianNB().csv
mc2_1054,simpleimputer,none,select_percentile,none,GaussianNB(),0,0.8181818181818182,0.0007505416870117,0.0001468658447265,mc2_1054_results_GaussianNB().csv
mc2_1054,simpleimputer,ordinalencoder,nystroem,standard,GaussianNB(),0,0.8181818181818182,0.0008347034454345,0.000171422958374,mc2_1054_results_GaussianNB().csv
mc2_1054,simpleimputer,onehot,linear_svc,minmax,GaussianNB(),0,0.8181818181818182,0.0007591247558593,0.0001735687255859,mc2_1054_results_GaussianNB().csv
mc2_1054,none,ordinalencoder,select_percentile,none,GaussianNB(),0,0.8181818181818182,0.000744342803955,0.0001459121704101,mc2_1054_results_GaussianNB().csv
mc2_1054,none,ordinalencoder,nystroem,standard,GaussianNB(),0,0.8181818181818182,0.000906229019165,0.0001904964447021,mc2_1054_results_GaussianNB().csv
mc2_1054,simpleimputer,onehot,select_percentile,minmax,GaussianNB(),0,0.8181818181818182,0.0008256435394287,0.0001509189605712,mc2_1054_results_GaussianNB().csv
mc2_1054,none,none,select_percentile,none,GaussianNB(),0,0.8181818181818182,0.0007672309875488,0.0001552104949951,mc2_1054_results_GaussianNB().csv
chscase_census5_906,none,onehot,feature_agglomeration,normalizer,GaussianNB(),0,0.625,0.0008788108825683,0.0001502037048339,chscase_census5_906_results_GaussianNB().csv
chscase_census5_906,simpleimputer,none,feature_agglomeration,normalizer,GaussianNB(),0,0.625,0.0008506774902343,0.0001499652862548,chscase_census5_906_results_GaussianNB().csv
chscase_census5_906,simpleimputer,ordinalencoder,feature_agglomeration,normalizer,GaussianNB(),0,0.625,0.0009646415710449,0.0001556873321533,chscase_census5_906_results_GaussianNB().csv
chscase_census5_906,none,none,feature_agglomeration,normalizer,GaussianNB(),0,0.625,0.0009210109710693,0.0001528263092041,chscase_census5_906_results_GaussianNB().csv
chscase_census5_906,simpleimputer,onehot,feature_agglomeration,normalizer,GaussianNB(),0,0.625,0.0008900165557861,0.0001585483551025,chscase_census5_906_results_GaussianNB().csv
chscase_census5_906,none,ordinalencoder,feature_agglomeration,normalizer,GaussianNB(),0,0.625,0.0008380413055419,0.0001487731933593,chscase_census5_906_results_GaussianNB().csv
chscase_census5_906,none,onehot,kernel_pca,quantile,GaussianNB(),4,0.6125,0.0013055801391601,0.0002408027648925,chscase_census5_906_results_GaussianNB().csv
chscase_census5_906,simpleimputer,ordinalencoder,pca,quantile,GaussianNB(),4,0.6125,0.0008955001831054,0.0001606941223144,chscase_census5_906_results_GaussianNB().csv
chscase_census5_906,none,onehot,polynomial_features,minmax,GaussianNB(),4,0.6125,0.0008821487426757,0.0001626014709472,chscase_census5_906_results_GaussianNB().csv
chscase_census5_906,simpleimputer,onehot,kernel_pca,quantile,GaussianNB(),4,0.6125,0.0010948181152343,0.0001769065856933,chscase_census5_906_results_GaussianNB().csv
chscase_census5_906,simpleimputer,none,extra_tree,power,GaussianNB(),2,0.6125,0.0008866786956787,0.0001475811004638,chscase_census5_906_results_GaussianNB().csv
chscase_census5_906,simpleimputer,none,pca,quantile,GaussianNB(),4,0.6125,0.0008876323699951,0.0001568794250488,chscase_census5_906_results_GaussianNB().csv
chscase_census5_906,simpleimputer,none,kernel_pca,quantile,GaussianNB(),4,0.6125,0.0010838508605957,0.0001764297485351,chscase_census5_906_results_GaussianNB().csv
chscase_census5_906,none,ordinalencoder,extra_tree,power,GaussianNB(),2,0.6125,0.0009188652038574,0.0001518726348876,chscase_census5_906_results_GaussianNB().csv
chscase_census5_906,none,ordinalencoder,polynomial_features,minmax,GaussianNB(),4,0.6125,0.0008525848388671,0.000159740447998,chscase_census5_906_results_GaussianNB().csv
chscase_census5_906,simpleimputer,ordinalencoder,kernel_pca,quantile,GaussianNB(),4,0.6125,0.0011329650878906,0.0001845359802246,chscase_census5_906_results_GaussianNB().csv
chscase_census5_906,none,none,kernel_pca,quantile,GaussianNB(),4,0.6125,0.0011458396911621,0.0001990795135498,chscase_census5_906_results_GaussianNB().csv
chscase_census5_906,simpleimputer,onehot,extra_tree,power,GaussianNB(),2,0.6125,0.0009741783142089,0.0001559257507324,chscase_census5_906_results_GaussianNB().csv
chscase_census5_906,simpleimputer,none,polynomial_features,minmax,GaussianNB(),4,0.6125,0.0008976459503173,0.0001707077026367,chscase_census5_906_results_GaussianNB().csv
chscase_census5_906,none,onehot,extra_tree,power,GaussianNB(),2,0.6125,0.0009264945983886,0.000152587890625,chscase_census5_906_results_GaussianNB().csv
strikes_770,simpleimputer,ordinalencoder,nystroem,power,GaussianNB(),3,0.832,0.0016314983367919,0.0002644062042236,strikes_770_results_GaussianNB().csv
strikes_770,none,onehot,nystroem,power,GaussianNB(),3,0.832,0.0017776489257812,0.0002779960632324,strikes_770_results_GaussianNB().csv
strikes_770,none,none,nystroem,power,GaussianNB(),3,0.832,0.001624584197998,0.000253677368164,strikes_770_results_GaussianNB().csv
strikes_770,simpleimputer,onehot,nystroem,power,GaussianNB(),3,0.832,0.0018591880798339,0.0004334449768066,strikes_770_results_GaussianNB().csv
strikes_770,none,ordinalencoder,nystroem,power,GaussianNB(),3,0.832,0.0016863346099853,0.0002713203430175,strikes_770_results_GaussianNB().csv
strikes_770,simpleimputer,none,nystroem,power,GaussianNB(),3,0.832,0.0016281604766845,0.0002624988555908,strikes_770_results_GaussianNB().csv
strikes_770,none,onehot,fastica,power,GaussianNB(),3,0.824,0.0009489059448242,0.000159740447998,strikes_770_results_GaussianNB().csv
strikes_770,simpleimputer,ordinalencoder,fastica,power,GaussianNB(),3,0.824,0.0009489059448242,0.0001580715179443,strikes_770_results_GaussianNB().csv
strikes_770,simpleimputer,onehot,fastica,power,GaussianNB(),3,0.824,0.0009503364562988,0.0001568794250488,strikes_770_results_GaussianNB().csv
strikes_770,none,none,fastica,power,GaussianNB(),3,0.824,0.0009639263153076,0.000190258026123,strikes_770_results_GaussianNB().csv
strikes_770,simpleimputer,none,fastica,power,GaussianNB(),3,0.824,0.0009276866912841,0.0001792907714843,strikes_770_results_GaussianNB().csv
strikes_770,none,ordinalencoder,fastica,power,GaussianNB(),3,0.824,0.0009574890136718,0.0001575946807861,strikes_770_results_GaussianNB().csv
strikes_770,none,ordinalencoder,nystroem,quantile,GaussianNB(),3,0.808,0.0016376972198486,0.0002598762512207,strikes_770_results_GaussianNB().csv
strikes_770,simpleimputer,ordinalencoder,nystroem,quantile,GaussianNB(),3,0.808,0.0016248226165771,0.0002622604370117,strikes_770_results_GaussianNB().csv
strikes_770,none,ordinalencoder,rbf_sampler,power,GaussianNB(),4,0.808,0.0012247562408447,0.000216007232666,strikes_770_results_GaussianNB().csv
strikes_770,none,none,rbf_sampler,power,GaussianNB(),4,0.808,0.001122236251831,0.0002095699310302,strikes_770_results_GaussianNB().csv
strikes_770,simpleimputer,onehot,rbf_sampler,power,GaussianNB(),4,0.808,0.0011217594146728,0.0002126693725585,strikes_770_results_GaussianNB().csv
strikes_770,simpleimputer,none,nystroem,quantile,GaussianNB(),3,0.808,0.0016980171203613,0.0002789497375488,strikes_770_results_GaussianNB().csv
strikes_770,none,none,nystroem,quantile,GaussianNB(),3,0.808,0.0016419887542724,0.0002565383911132,strikes_770_results_GaussianNB().csv
strikes_770,none,onehot,nystroem,quantile,GaussianNB(),3,0.808,0.0016415119171142,0.0002593994140625,strikes_770_results_GaussianNB().csv
analcatdata_halloffame_966,simpleimputer,onehot,truncated_svd,standard,GaussianNB(),3,0.9701492537313432,0.0017557144165039,0.0002107620239257,analcatdata_halloffame_966_results_GaussianNB().csv
analcatdata_halloffame_966,simpleimputer,onehot,truncated_svd,standard,GaussianNB(),4,0.9701492537313432,0.0017836093902587,0.00020432472229,analcatdata_halloffame_966_results_GaussianNB().csv
analcatdata_halloffame_966,simpleimputer,ordinalencoder,kernel_pca,power,GaussianNB(),4,0.9664179104477612,0.0019662380218505,0.000244140625,analcatdata_halloffame_966_results_GaussianNB().csv
analcatdata_halloffame_966,simpleimputer,ordinalencoder,pca,power,GaussianNB(),4,0.9664179104477612,0.0015056133270263,0.0002217292785644,analcatdata_halloffame_966_results_GaussianNB().csv
analcatdata_halloffame_966,simpleimputer,ordinalencoder,truncated_svd,minmax,GaussianNB(),3,0.9664179104477612,0.0018327236175537,0.0002350807189941,analcatdata_halloffame_966_results_GaussianNB().csv
analcatdata_halloffame_966,simpleimputer,ordinalencoder,truncated_svd,robust,GaussianNB(),4,0.9664179104477612,0.0013272762298583,0.0001776218414306,analcatdata_halloffame_966_results_GaussianNB().csv
analcatdata_halloffame_966,simpleimputer,onehot,feature_agglomeration,power,GaussianNB(),3,0.9664179104477612,0.0012109279632568,0.0001769065856933,analcatdata_halloffame_966_results_GaussianNB().csv
analcatdata_halloffame_966,simpleimputer,ordinalencoder,pca,power,GaussianNB(),3,0.9626865671641792,0.0013034343719482,0.0001883506774902,analcatdata_halloffame_966_results_GaussianNB().csv
analcatdata_halloffame_966,simpleimputer,onehot,feature_agglomeration,standard,GaussianNB(),3,0.9626865671641792,0.0012493133544921,0.0001711845397949,analcatdata_halloffame_966_results_GaussianNB().csv
analcatdata_halloffame_966,simpleimputer,ordinalencoder,truncated_svd,robust,GaussianNB(),3,0.9626865671641792,0.0012590885162353,0.0001745223999023,analcatdata_halloffame_966_results_GaussianNB().csv
analcatdata_halloffame_966,simpleimputer,ordinalencoder,truncated_svd,power,GaussianNB(),3,0.9626865671641792,0.0014476776123046,0.0002138614654541,analcatdata_halloffame_966_results_GaussianNB().csv
analcatdata_halloffame_966,simpleimputer,onehot,truncated_svd,minmax,GaussianNB(),3,0.9626865671641792,0.0013065338134765,0.000171422958374,analcatdata_halloffame_966_results_GaussianNB().csv
analcatdata_halloffame_966,simpleimputer,onehot,truncated_svd,robust,GaussianNB(),4,0.9626865671641792,0.0013556480407714,0.0001745223999023,analcatdata_halloffame_966_results_GaussianNB().csv
analcatdata_halloffame_966,simpleimputer,onehot,truncated_svd,quantile,GaussianNB(),3,0.9626865671641792,0.001239538192749,0.0001697540283203,analcatdata_halloffame_966_results_GaussianNB().csv
analcatdata_halloffame_966,simpleimputer,ordinalencoder,truncated_svd,standard,GaussianNB(),4,0.9626865671641792,0.0012714862823486,0.0001716613769531,analcatdata_halloffame_966_results_GaussianNB().csv
analcatdata_halloffame_966,simpleimputer,ordinalencoder,kernel_pca,power,GaussianNB(),3,0.9626865671641792,0.0019116401672363,0.0002343654632568,analcatdata_halloffame_966_results_GaussianNB().csv
analcatdata_halloffame_966,simpleimputer,onehot,truncated_svd,power,GaussianNB(),3,0.9626865671641792,0.0013437271118164,0.0001745223999023,analcatdata_halloffame_966_results_GaussianNB().csv
analcatdata_halloffame_966,simpleimputer,onehot,pca,power,GaussianNB(),3,0.9626865671641792,0.0013964176177978,0.0002026557922363,analcatdata_halloffame_966_results_GaussianNB().csv
analcatdata_halloffame_966,simpleimputer,onehot,kernel_pca,power,GaussianNB(),3,0.9626865671641792,0.001988410949707,0.0002496242523193,analcatdata_halloffame_966_results_GaussianNB().csv
analcatdata_halloffame_966,simpleimputer,ordinalencoder,truncated_svd,standard,GaussianNB(),3,0.9589552238805972,0.0013473033905029,0.0001833438873291,analcatdata_halloffame_966_results_GaussianNB().csv
biomed_481,simpleimputer,none,pca,none,GaussianNB(),2,0.9523809523809524,0.0007894039154052,0.0001492500305175,biomed_481_results_GaussianNB().csv
biomed_481,simpleimputer,onehot,kernel_pca,none,GaussianNB(),2,0.9523809523809524,0.0009245872497558,0.0002038478851318,biomed_481_results_GaussianNB().csv
biomed_481,simpleimputer,onehot,extra_tree,none,GaussianNB(),2,0.9523809523809524,0.000847578048706,0.0001680850982666,biomed_481_results_GaussianNB().csv
biomed_481,simpleimputer,onehot,pca,none,GaussianNB(),2,0.9523809523809524,0.000805377960205,0.000150442123413,biomed_481_results_GaussianNB().csv
biomed_481,simpleimputer,ordinalencoder,extra_tree,minmax,GaussianNB(),2,0.9523809523809524,0.0009157657623291,0.000239610671997,biomed_481_results_GaussianNB().csv
biomed_481,simpleimputer,ordinalencoder,extra_tree,robust,GaussianNB(),2,0.9523809523809524,0.0008723735809326,0.0001521110534667,biomed_481_results_GaussianNB().csv
biomed_481,simpleimputer,ordinalencoder,none,power,GaussianNB(),1,0.9523809523809524,0.0008280277252197,0.0001816749572753,biomed_481_results_GaussianNB().csv
biomed_481,simpleimputer,none,extra_tree,robust,GaussianNB(),2,0.9523809523809524,0.0008854866027832,0.0001718997955322,biomed_481_results_GaussianNB().csv
biomed_481,simpleimputer,onehot,extra_tree,standard,GaussianNB(),2,0.9523809523809524,0.0008583068847656,0.0001490116119384,biomed_481_results_GaussianNB().csv
biomed_481,simpleimputer,ordinalencoder,extra_tree,standard,GaussianNB(),2,0.9523809523809524,0.0008480548858642,0.0001485347747802,biomed_481_results_GaussianNB().csv
biomed_481,simpleimputer,onehot,extra_tree,minmax,GaussianNB(),2,0.9523809523809524,0.0007789134979248,0.0001676082611083,biomed_481_results_GaussianNB().csv
biomed_481,simpleimputer,none,extra_tree,standard,GaussianNB(),2,0.9523809523809524,0.0008084774017333,0.0001740455627441,biomed_481_results_GaussianNB().csv
biomed_481,simpleimputer,onehot,extra_tree,robust,GaussianNB(),2,0.9523809523809524,0.000847578048706,0.0001490116119384,biomed_481_results_GaussianNB().csv
biomed_481,simpleimputer,ordinalencoder,pca,none,GaussianNB(),2,0.9523809523809524,0.0008494853973388,0.0001673698425292,biomed_481_results_GaussianNB().csv
biomed_481,simpleimputer,ordinalencoder,kernel_pca,none,GaussianNB(),2,0.9523809523809524,0.0010647773742675,0.0001807212829589,biomed_481_results_GaussianNB().csv
biomed_481,simpleimputer,onehot,none,power,GaussianNB(),1,0.9523809523809524,0.0008373260498046,0.0001804828643798,biomed_481_results_GaussianNB().csv
biomed_481,simpleimputer,onehot,truncated_svd,power,GaussianNB(),1,0.9523809523809524,0.0007712841033935,0.0001435279846191,biomed_481_results_GaussianNB().csv
biomed_481,simpleimputer,none,truncated_svd,power,GaussianNB(),1,0.9523809523809524,0.0008771419525146,0.0001702308654785,biomed_481_results_GaussianNB().csv
biomed_481,simpleimputer,none,none,power,GaussianNB(),1,0.9523809523809524,0.0009284019470214,0.0001556873321533,biomed_481_results_GaussianNB().csv
biomed_481,simpleimputer,ordinalencoder,extra_tree,none,GaussianNB(),2,0.9523809523809524,0.0008399486541748,0.000148057937622,biomed_481_results_GaussianNB().csv
analcatdata_dmft_1014,simpleimputer,ordinalencoder,truncated_svd,normalizer,GaussianNB(),4,0.8364779874213837,0.001072883605957,0.0001616477966308,analcatdata_dmft_1014_results_GaussianNB().csv
analcatdata_dmft_1014,simpleimputer,onehot,fastica,minmax,GaussianNB(),2,0.8364779874213837,0.0009927749633789,0.0001609325408935,analcatdata_dmft_1014_results_GaussianNB().csv
analcatdata_dmft_1014,none,onehot,fastica,minmax,GaussianNB(),2,0.8364779874213837,0.0010302066802978,0.0001616477966308,analcatdata_dmft_1014_results_GaussianNB().csv
analcatdata_dmft_1014,none,ordinalencoder,truncated_svd,normalizer,GaussianNB(),4,0.8364779874213837,0.0010263919830322,0.0001535415649414,analcatdata_dmft_1014_results_GaussianNB().csv
analcatdata_dmft_1014,none,ordinalencoder,truncated_svd,normalizer,GaussianNB(),1,0.83125,0.0009975433349609,0.0001535415649414,analcatdata_dmft_1014_results_GaussianNB().csv
analcatdata_dmft_1014,simpleimputer,ordinalencoder,truncated_svd,normalizer,GaussianNB(),1,0.83125,0.00093674659729,0.0001537799835205,analcatdata_dmft_1014_results_GaussianNB().csv
analcatdata_dmft_1014,simpleimputer,onehot,extra_tree,none,GaussianNB(),2,0.8301886792452831,0.0009999275207519,0.0001497268676757,analcatdata_dmft_1014_results_GaussianNB().csv
analcatdata_dmft_1014,none,ordinalencoder,extra_tree,power,GaussianNB(),4,0.8301886792452831,0.0010766983032226,0.0001769065856933,analcatdata_dmft_1014_results_GaussianNB().csv
analcatdata_dmft_1014,none,ordinalencoder,linear_svc,power,GaussianNB(),2,0.8301886792452831,0.0010383129119873,0.0001828670501708,analcatdata_dmft_1014_results_GaussianNB().csv
analcatdata_dmft_1014,simpleimputer,onehot,kernel_pca,power,GaussianNB(),2,0.8301886792452831,0.0013444423675537,0.0001893043518066,analcatdata_dmft_1014_results_GaussianNB().csv
analcatdata_dmft_1014,simpleimputer,onehot,linear_svc,normalizer,GaussianNB(),4,0.8301886792452831,0.0008955001831054,0.0001444816589355,analcatdata_dmft_1014_results_GaussianNB().csv
analcatdata_dmft_1014,none,ordinalencoder,linear_svc,power,GaussianNB(),4,0.8301886792452831,0.0009489059448242,0.000145673751831,analcatdata_dmft_1014_results_GaussianNB().csv
analcatdata_dmft_1014,none,ordinalencoder,kernel_pca,power,GaussianNB(),2,0.8301886792452831,0.0013575553894042,0.0002272129058837,analcatdata_dmft_1014_results_GaussianNB().csv
analcatdata_dmft_1014,none,ordinalencoder,kernel_pca,power,GaussianNB(),4,0.8301886792452831,0.0023581981658935,0.0001914501190185,analcatdata_dmft_1014_results_GaussianNB().csv
analcatdata_dmft_1014,none,ordinalencoder,extra_tree,power,GaussianNB(),2,0.8301886792452831,0.00101900100708,0.0001490116119384,analcatdata_dmft_1014_results_GaussianNB().csv
analcatdata_dmft_1014,simpleimputer,ordinalencoder,linear_svc,none,GaussianNB(),4,0.8301886792452831,0.0009636878967285,0.0001676082611083,analcatdata_dmft_1014_results_GaussianNB().csv
analcatdata_dmft_1014,simpleimputer,ordinalencoder,feature_agglomeration,none,GaussianNB(),2,0.8301886792452831,0.000964879989624,0.0001535415649414,analcatdata_dmft_1014_results_GaussianNB().csv
analcatdata_dmft_1014,simpleimputer,onehot,kernel_pca,power,GaussianNB(),4,0.8301886792452831,0.0013890266418457,0.0001890659332275,analcatdata_dmft_1014_results_GaussianNB().csv
analcatdata_dmft_1014,simpleimputer,ordinalencoder,feature_agglomeration,none,GaussianNB(),4,0.8301886792452831,0.0012378692626953,0.0001642704010009,analcatdata_dmft_1014_results_GaussianNB().csv
analcatdata_dmft_1014,none,ordinalencoder,extra_tree,quantile,GaussianNB(),4,0.8301886792452831,0.0009822845458984,0.0001449584960937,analcatdata_dmft_1014_results_GaussianNB().csv
teachingAssistant_1115,simpleimputer,onehot,nystroem,robust,GaussianNB(),1,0.7333333333333333,0.0011296272277832,0.000295877456665,teachingAssistant_1115_results_GaussianNB().csv
teachingAssistant_1115,none,ordinalencoder,nystroem,standard,GaussianNB(),1,0.7333333333333333,0.0010643005371093,0.0002617835998535,teachingAssistant_1115_results_GaussianNB().csv
teachingAssistant_1115,simpleimputer,ordinalencoder,nystroem,standard,GaussianNB(),1,0.7333333333333333,0.0013320446014404,0.0002784729003906,teachingAssistant_1115_results_GaussianNB().csv
teachingAssistant_1115,simpleimputer,onehot,nystroem,standard,GaussianNB(),1,0.7333333333333333,0.0015039443969726,0.0003280639648437,teachingAssistant_1115_results_GaussianNB().csv
teachingAssistant_1115,none,onehot,nystroem,robust,GaussianNB(),1,0.7333333333333333,0.0013084411621093,0.0002946853637695,teachingAssistant_1115_results_GaussianNB().csv
teachingAssistant_1115,none,none,nystroem,robust,GaussianNB(),1,0.7333333333333333,0.0011582374572753,0.0002412796020507,teachingAssistant_1115_results_GaussianNB().csv
teachingAssistant_1115,none,ordinalencoder,nystroem,robust,GaussianNB(),1,0.7333333333333333,0.0012991428375244,0.0002920627593994,teachingAssistant_1115_results_GaussianNB().csv
teachingAssistant_1115,simpleimputer,ordinalencoder,nystroem,robust,GaussianNB(),1,0.7333333333333333,0.0011684894561767,0.0002825260162353,teachingAssistant_1115_results_GaussianNB().csv
teachingAssistant_1115,simpleimputer,none,nystroem,robust,GaussianNB(),1,0.7333333333333333,0.0010569095611572,0.0002944469451904,teachingAssistant_1115_results_GaussianNB().csv
teachingAssistant_1115,none,none,nystroem,standard,GaussianNB(),1,0.7333333333333333,0.0010805130004882,0.0002377033233642,teachingAssistant_1115_results_GaussianNB().csv
teachingAssistant_1115,none,onehot,nystroem,standard,GaussianNB(),1,0.7333333333333333,0.0016436576843261,0.0003204345703125,teachingAssistant_1115_results_GaussianNB().csv
teachingAssistant_1115,simpleimputer,none,nystroem,standard,GaussianNB(),1,0.7333333333333333,0.0023155212402343,0.0003135204315185,teachingAssistant_1115_results_GaussianNB().csv
teachingAssistant_1115,simpleimputer,ordinalencoder,nystroem,power,GaussianNB(),1,0.7,0.0023221969604492,0.0003509521484375,teachingAssistant_1115_results_GaussianNB().csv
teachingAssistant_1115,none,onehot,nystroem,power,GaussianNB(),1,0.7,0.0012040138244628,0.0002415180206298,teachingAssistant_1115_results_GaussianNB().csv
teachingAssistant_1115,simpleimputer,onehot,nystroem,power,GaussianNB(),1,0.7,0.0012164115905761,0.0002393722534179,teachingAssistant_1115_results_GaussianNB().csv
teachingAssistant_1115,simpleimputer,none,nystroem,power,GaussianNB(),1,0.7,0.0016424655914306,0.0002641677856445,teachingAssistant_1115_results_GaussianNB().csv
teachingAssistant_1115,simpleimputer,onehot,nystroem,quantile,GaussianNB(),1,0.7,0.0010886192321777,0.000274658203125,teachingAssistant_1115_results_GaussianNB().csv
teachingAssistant_1115,none,ordinalencoder,nystroem,quantile,GaussianNB(),1,0.7,0.0012311935424804,0.0002505779266357,teachingAssistant_1115_results_GaussianNB().csv
teachingAssistant_1115,simpleimputer,none,nystroem,quantile,GaussianNB(),1,0.7,0.0032615661621093,0.0003278255462646,teachingAssistant_1115_results_GaussianNB().csv
teachingAssistant_1115,none,ordinalencoder,nystroem,power,GaussianNB(),1,0.7,0.001328706741333,0.0003550052642822,teachingAssistant_1115_results_GaussianNB().csv
MeanWhile1_1449,simpleimputer,none,polynomial_features,standard,GaussianNB(),2,0.9803921568627452,0.0021607875823974,0.0005202293395996,MeanWhile1_1449_results_GaussianNB().csv
MeanWhile1_1449,simpleimputer,ordinalencoder,polynomial_features,standard,GaussianNB(),2,0.9803921568627452,0.0022253990173339,0.000406265258789,MeanWhile1_1449_results_GaussianNB().csv
MeanWhile1_1449,none,none,polynomial_features,standard,GaussianNB(),2,0.9803921568627452,0.0020711421966552,0.0004339218139648,MeanWhile1_1449_results_GaussianNB().csv
MeanWhile1_1449,simpleimputer,onehot,polynomial_features,standard,GaussianNB(),2,0.9803921568627452,0.0020420551300048,0.0003910064697265,MeanWhile1_1449_results_GaussianNB().csv
MeanWhile1_1449,none,onehot,polynomial_features,standard,GaussianNB(),2,0.9803921568627452,0.0019581317901611,0.0004200935363769,MeanWhile1_1449_results_GaussianNB().csv
MeanWhile1_1449,none,ordinalencoder,polynomial_features,standard,GaussianNB(),2,0.9803921568627452,0.0020170211791992,0.0004653930664062,MeanWhile1_1449_results_GaussianNB().csv
MeanWhile1_1449,simpleimputer,ordinalencoder,kernel_pca,quantile,GaussianNB(),3,0.96,0.0011210441589355,0.0002028942108154,MeanWhile1_1449_results_GaussianNB().csv
MeanWhile1_1449,none,onehot,feature_agglomeration,normalizer,GaussianNB(),3,0.96,0.000840425491333,0.0001571178436279,MeanWhile1_1449_results_GaussianNB().csv
MeanWhile1_1449,simpleimputer,ordinalencoder,fastica,quantile,GaussianNB(),3,0.96,0.0010149478912353,0.0001790523529052,MeanWhile1_1449_results_GaussianNB().csv
MeanWhile1_1449,simpleimputer,ordinalencoder,feature_agglomeration,robust,GaussianNB(),4,0.96,0.0008361339569091,0.0001585483551025,MeanWhile1_1449_results_GaussianNB().csv
MeanWhile1_1449,none,ordinalencoder,fastica,quantile,GaussianNB(),3,0.96,0.0009334087371826,0.000173807144165,MeanWhile1_1449_results_GaussianNB().csv
MeanWhile1_1449,simpleimputer,none,feature_agglomeration,quantile,GaussianNB(),3,0.96,0.0009140968322753,0.0001556873321533,MeanWhile1_1449_results_GaussianNB().csv
MeanWhile1_1449,none,ordinalencoder,pca,quantile,GaussianNB(),3,0.96,0.0009043216705322,0.0001692771911621,MeanWhile1_1449_results_GaussianNB().csv
MeanWhile1_1449,simpleimputer,none,kernel_pca,quantile,GaussianNB(),3,0.96,0.0010507106781005,0.000232458114624,MeanWhile1_1449_results_GaussianNB().csv
MeanWhile1_1449,none,none,feature_agglomeration,normalizer,GaussianNB(),3,0.96,0.0009307861328125,0.0001587867736816,MeanWhile1_1449_results_GaussianNB().csv
MeanWhile1_1449,simpleimputer,ordinalencoder,generic_univariate,normalizer,GaussianNB(),3,0.96,0.0007901191711425,0.0001506805419921,MeanWhile1_1449_results_GaussianNB().csv
MeanWhile1_1449,none,onehot,fastica,quantile,GaussianNB(),3,0.96,0.0010061264038085,0.0001747608184814,MeanWhile1_1449_results_GaussianNB().csv
MeanWhile1_1449,none,onehot,generic_univariate,normalizer,GaussianNB(),3,0.96,0.0010311603546142,0.0001676082611083,MeanWhile1_1449_results_GaussianNB().csv
MeanWhile1_1449,none,ordinalencoder,feature_agglomeration,power,GaussianNB(),3,0.96,0.0008714199066162,0.0001564025878906,MeanWhile1_1449_results_GaussianNB().csv
MeanWhile1_1449,none,none,feature_agglomeration,robust,GaussianNB(),4,0.96,0.000939130783081,0.0001661777496337,MeanWhile1_1449_results_GaussianNB().csv
veteran_719,none,none,none,minmax,GaussianNB(),1,0.9285714285714286,0.0019161701202392,0.0001730918884277,veteran_719_results_GaussianNB().csv
veteran_719,none,ordinalencoder,none,minmax,GaussianNB(),1,0.9285714285714286,0.0009090900421142,0.0001704692840576,veteran_719_results_GaussianNB().csv
veteran_719,simpleimputer,ordinalencoder,none,robust,GaussianNB(),1,0.9285714285714286,0.0008966922760009,0.000256061553955,veteran_719_results_GaussianNB().csv
veteran_719,simpleimputer,onehot,none,robust,GaussianNB(),1,0.9285714285714286,0.0009534358978271,0.0001723766326904,veteran_719_results_GaussianNB().csv
veteran_719,simpleimputer,ordinalencoder,kernel_pca,none,GaussianNB(),1,0.9285714285714286,0.0009377002716064,0.0002064704895019,veteran_719_results_GaussianNB().csv
veteran_719,simpleimputer,none,none,standard,GaussianNB(),1,0.9285714285714286,0.0008678436279296,0.000173807144165,veteran_719_results_GaussianNB().csv
veteran_719,simpleimputer,none,kernel_pca,none,GaussianNB(),1,0.9285714285714286,0.0013182163238525,0.0002105236053466,veteran_719_results_GaussianNB().csv
veteran_719,simpleimputer,none,kernel_pca,quantile,GaussianNB(),1,0.9285714285714286,0.0009195804595947,0.0001695156097412,veteran_719_results_GaussianNB().csv
veteran_719,none,none,none,robust,GaussianNB(),1,0.9285714285714286,0.0008623600006103,0.0001742839813232,veteran_719_results_GaussianNB().csv
veteran_719,simpleimputer,onehot,pca,none,GaussianNB(),1,0.9285714285714286,0.0007734298706054,0.0001459121704101,veteran_719_results_GaussianNB().csv
veteran_719,simpleimputer,onehot,none,none,GaussianNB(),1,0.9285714285714286,0.0016639232635498,0.0008766651153564,veteran_719_results_GaussianNB().csv
veteran_719,none,onehot,kernel_pca,quantile,GaussianNB(),1,0.9285714285714286,0.0027506351470947,0.0002598762512207,veteran_719_results_GaussianNB().csv
veteran_719,none,ordinalencoder,none,standard,GaussianNB(),1,0.9285714285714286,0.000988483428955,0.0001776218414306,veteran_719_results_GaussianNB().csv
veteran_719,none,none,kernel_pca,quantile,GaussianNB(),1,0.9285714285714286,0.000929832458496,0.0001757144927978,veteran_719_results_GaussianNB().csv
veteran_719,none,ordinalencoder,none,none,GaussianNB(),1,0.9285714285714286,0.0019059181213378,0.0010366439819335,veteran_719_results_GaussianNB().csv
veteran_719,simpleimputer,onehot,none,minmax,GaussianNB(),1,0.9285714285714286,0.0008025169372558,0.0002167224884033,veteran_719_results_GaussianNB().csv
veteran_719,none,ordinalencoder,kernel_pca,none,GaussianNB(),1,0.9285714285714286,0.0010092258453369,0.0001742839813232,veteran_719_results_GaussianNB().csv
veteran_719,none,none,pca,quantile,GaussianNB(),1,0.9285714285714286,0.0007770061492919,0.0001571178436279,veteran_719_results_GaussianNB().csv
veteran_719,none,ordinalencoder,none,robust,GaussianNB(),1,0.9285714285714286,0.0009791851043701,0.0001764297485351,veteran_719_results_GaussianNB().csv
veteran_719,simpleimputer,none,pca,quantile,GaussianNB(),1,0.9285714285714286,0.0007810592651367,0.0001406669616699,veteran_719_results_GaussianNB().csv
autoUniv-au6-750_1549,simpleimputer,ordinalencoder,truncated_svd,none,GaussianNB(),3,0.2933333333333333,0.0014448165893554,0.0003151893615722,autoUniv-au6-750_1549_results_GaussianNB().csv
autoUniv-au6-750_1549,simpleimputer,onehot,truncated_svd,none,GaussianNB(),3,0.2933333333333333,0.0015561580657958,0.0003597736358642,autoUniv-au6-750_1549_results_GaussianNB().csv
autoUniv-au6-750_1549,none,onehot,truncated_svd,none,GaussianNB(),3,0.2933333333333333,0.00160813331604,0.0003559589385986,autoUniv-au6-750_1549_results_GaussianNB().csv
autoUniv-au6-750_1549,none,ordinalencoder,truncated_svd,robust,GaussianNB(),3,0.2933333333333333,0.0014955997467041,0.0003402233123779,autoUniv-au6-750_1549_results_GaussianNB().csv
autoUniv-au6-750_1549,simpleimputer,ordinalencoder,truncated_svd,robust,GaussianNB(),3,0.2933333333333333,0.0016913414001464,0.0003669261932373,autoUniv-au6-750_1549_results_GaussianNB().csv
autoUniv-au6-750_1549,none,ordinalencoder,truncated_svd,none,GaussianNB(),3,0.2933333333333333,0.0016219615936279,0.0004308223724365,autoUniv-au6-750_1549_results_GaussianNB().csv
autoUniv-au6-750_1549,simpleimputer,ordinalencoder,extra_tree,quantile,GaussianNB(),4,0.2866666666666667,0.0017540454864501,0.0004422664642333,autoUniv-au6-750_1549_results_GaussianNB().csv
autoUniv-au6-750_1549,none,ordinalencoder,extra_tree,quantile,GaussianNB(),4,0.2866666666666667,0.001734972000122,0.000518798828125,autoUniv-au6-750_1549_results_GaussianNB().csv
autoUniv-au6-750_1549,simpleimputer,ordinalencoder,none,power,GaussianNB(),4,0.28,0.0015146732330322,0.0003955364227294,autoUniv-au6-750_1549_results_GaussianNB().csv
autoUniv-au6-750_1549,simpleimputer,onehot,extra_tree,quantile,GaussianNB(),4,0.28,0.0017228126525878,0.0004146099090576,autoUniv-au6-750_1549_results_GaussianNB().csv
autoUniv-au6-750_1549,simpleimputer,onehot,none,none,GaussianNB(),4,0.28,0.0015876293182373,0.0004279613494873,autoUniv-au6-750_1549_results_GaussianNB().csv
autoUniv-au6-750_1549,none,onehot,extra_tree,none,GaussianNB(),3,0.28,0.0018703937530517,0.0004446506500244,autoUniv-au6-750_1549_results_GaussianNB().csv
autoUniv-au6-750_1549,simpleimputer,onehot,truncated_svd,none,GaussianNB(),4,0.28,0.0015280246734619,0.0003402233123779,autoUniv-au6-750_1549_results_GaussianNB().csv
autoUniv-au6-750_1549,none,ordinalencoder,truncated_svd,none,GaussianNB(),4,0.28,0.0015888214111328,0.000342845916748,autoUniv-au6-750_1549_results_GaussianNB().csv
autoUniv-au6-750_1549,none,onehot,extra_tree,quantile,GaussianNB(),4,0.28,0.0016350746154785,0.0003983974456787,autoUniv-au6-750_1549_results_GaussianNB().csv
autoUniv-au6-750_1549,simpleimputer,onehot,extra_tree,none,GaussianNB(),3,0.28,0.0016579627990722,0.0004160404205322,autoUniv-au6-750_1549_results_GaussianNB().csv
autoUniv-au6-750_1549,none,onehot,none,none,GaussianNB(),4,0.28,0.0016767978668212,0.0005214214324951,autoUniv-au6-750_1549_results_GaussianNB().csv
autoUniv-au6-750_1549,none,onehot,truncated_svd,none,GaussianNB(),4,0.28,0.0016360282897949,0.0003595352172851,autoUniv-au6-750_1549_results_GaussianNB().csv
autoUniv-au6-750_1549,simpleimputer,ordinalencoder,truncated_svd,none,GaussianNB(),4,0.28,0.0015232563018798,0.0003342628479003,autoUniv-au6-750_1549_results_GaussianNB().csv
autoUniv-au6-750_1549,none,ordinalencoder,none,power,GaussianNB(),4,0.28,0.001662254333496,0.0004632472991943,autoUniv-au6-750_1549_results_GaussianNB().csv
Engine1_4340,simpleimputer,ordinalencoder,fastica,quantile,GaussianNB(),1,0.961038961038961,0.001033067703247,0.0001952648162841,Engine1_4340_results_GaussianNB().csv
Engine1_4340,none,none,fastica,quantile,GaussianNB(),1,0.961038961038961,0.0010144710540771,0.0001916885375976,Engine1_4340_results_GaussianNB().csv
Engine1_4340,simpleimputer,onehot,fastica,quantile,GaussianNB(),1,0.961038961038961,0.0010898113250732,0.0002493858337402,Engine1_4340_results_GaussianNB().csv
Engine1_4340,none,ordinalencoder,fastica,quantile,GaussianNB(),1,0.961038961038961,0.001033067703247,0.0001933574676513,Engine1_4340_results_GaussianNB().csv
Engine1_4340,simpleimputer,none,fastica,quantile,GaussianNB(),1,0.961038961038961,0.0010256767272949,0.0001907348632812,Engine1_4340_results_GaussianNB().csv
Engine1_4340,none,onehot,fastica,quantile,GaussianNB(),1,0.961038961038961,0.0011730194091796,0.0001957416534423,Engine1_4340_results_GaussianNB().csv
Engine1_4340,none,none,kernel_pca,none,GaussianNB(),2,0.935064935064935,0.0014173984527587,0.0002298355102539,Engine1_4340_results_GaussianNB().csv
Engine1_4340,none,none,pca,none,GaussianNB(),2,0.935064935064935,0.0010378360748291,0.0002226829528808,Engine1_4340_results_GaussianNB().csv
Engine1_4340,simpleimputer,none,pca,robust,GaussianNB(),2,0.935064935064935,0.0010547637939453,0.0002002716064453,Engine1_4340_results_GaussianNB().csv
Engine1_4340,simpleimputer,none,kernel_pca,none,GaussianNB(),2,0.935064935064935,0.0012505054473876,0.0002260208129882,Engine1_4340_results_GaussianNB().csv
Engine1_4340,none,onehot,fastica,robust,GaussianNB(),2,0.935064935064935,0.0013117790222167,0.0002202987670898,Engine1_4340_results_GaussianNB().csv
Engine1_4340,none,none,fastica,robust,GaussianNB(),2,0.935064935064935,0.0010256767272949,0.0001847743988037,Engine1_4340_results_GaussianNB().csv
Engine1_4340,none,none,pca,standard,GaussianNB(),2,0.935064935064935,0.0010108947753906,0.0001947879791259,Engine1_4340_results_GaussianNB().csv
Engine1_4340,simpleimputer,onehot,kernel_pca,minmax,GaussianNB(),2,0.935064935064935,0.0013415813446044,0.0002391338348388,Engine1_4340_results_GaussianNB().csv
Engine1_4340,simpleimputer,ordinalencoder,kernel_pca,minmax,GaussianNB(),2,0.935064935064935,0.0012438297271728,0.0002644062042236,Engine1_4340_results_GaussianNB().csv
Engine1_4340,none,ordinalencoder,pca,none,GaussianNB(),2,0.935064935064935,0.0011100769042968,0.0001940727233886,Engine1_4340_results_GaussianNB().csv
Engine1_4340,simpleimputer,none,fastica,standard,GaussianNB(),2,0.935064935064935,0.0016725063323974,0.0002186298370361,Engine1_4340_results_GaussianNB().csv
Engine1_4340,none,none,kernel_pca,minmax,GaussianNB(),2,0.935064935064935,0.0012388229370117,0.0002253055572509,Engine1_4340_results_GaussianNB().csv
Engine1_4340,none,onehot,kernel_pca,minmax,GaussianNB(),2,0.935064935064935,0.001237154006958,0.0002248287200927,Engine1_4340_results_GaussianNB().csv
Engine1_4340,none,onehot,pca,minmax,GaussianNB(),2,0.935064935064935,0.0010881423950195,0.0002627372741699,Engine1_4340_results_GaussianNB().csv
PieChart2_1452,simpleimputer,none,feature_agglomeration,quantile,GaussianNB(),3,1.0,0.001030683517456,0.0001599788665771,PieChart2_1452_results_GaussianNB().csv
PieChart2_1452,simpleimputer,none,generic_univariate,quantile,GaussianNB(),3,1.0,0.0009913444519042,0.0001492500305175,PieChart2_1452_results_GaussianNB().csv
PieChart2_1452,none,onehot,rbf_sampler,none,GaussianNB(),3,1.0,0.0016326904296875,0.0002923011779785,PieChart2_1452_results_GaussianNB().csv
PieChart2_1452,none,onehot,feature_agglomeration,standard,GaussianNB(),3,1.0,0.0009596347808837,0.0001542568206787,PieChart2_1452_results_GaussianNB().csv
PieChart2_1452,none,onehot,rbf_sampler,standard,GaussianNB(),3,1.0,0.0027008056640625,0.0005550384521484,PieChart2_1452_results_GaussianNB().csv
PieChart2_1452,simpleimputer,onehot,rbf_sampler,none,GaussianNB(),3,1.0,0.0015077590942382,0.0002610683441162,PieChart2_1452_results_GaussianNB().csv
PieChart2_1452,simpleimputer,none,feature_agglomeration,power,GaussianNB(),3,1.0,0.0009644031524658,0.0001544952392578,PieChart2_1452_results_GaussianNB().csv
PieChart2_1452,simpleimputer,onehot,truncated_svd,standard,GaussianNB(),3,1.0,0.0010294914245605,0.0001554489135742,PieChart2_1452_results_GaussianNB().csv
PieChart2_1452,simpleimputer,none,rbf_sampler,power,GaussianNB(),3,1.0,0.0016288757324218,0.0002894401550292,PieChart2_1452_results_GaussianNB().csv
PieChart2_1452,none,none,feature_agglomeration,standard,GaussianNB(),3,1.0,0.0010211467742919,0.0001564025878906,PieChart2_1452_results_GaussianNB().csv
PieChart2_1452,simpleimputer,ordinalencoder,generic_univariate,power,GaussianNB(),3,1.0,0.0009312629699707,0.0001447200775146,PieChart2_1452_results_GaussianNB().csv
PieChart2_1452,simpleimputer,ordinalencoder,generic_univariate,normalizer,GaussianNB(),3,1.0,0.0011830329895019,0.0001583099365234,PieChart2_1452_results_GaussianNB().csv
PieChart2_1452,none,ordinalencoder,feature_agglomeration,minmax,GaussianNB(),3,1.0,0.0010015964508056,0.000157356262207,PieChart2_1452_results_GaussianNB().csv
PieChart2_1452,none,none,rbf_sampler,standard,GaussianNB(),3,1.0,0.0017330646514892,0.0002598762512207,PieChart2_1452_results_GaussianNB().csv
PieChart2_1452,none,ordinalencoder,truncated_svd,minmax,GaussianNB(),3,1.0,0.0010774135589599,0.0001609325408935,PieChart2_1452_results_GaussianNB().csv
PieChart2_1452,simpleimputer,none,truncated_svd,quantile,GaussianNB(),3,1.0,0.0010561943054199,0.0001630783081054,PieChart2_1452_results_GaussianNB().csv
PieChart2_1452,none,onehot,truncated_svd,minmax,GaussianNB(),3,1.0,0.0009872913360595,0.0001559257507324,PieChart2_1452_results_GaussianNB().csv
PieChart2_1452,simpleimputer,none,generic_univariate,power,GaussianNB(),3,1.0,0.0010473728179931,0.0001502037048339,PieChart2_1452_results_GaussianNB().csv
PieChart2_1452,simpleimputer,ordinalencoder,feature_agglomeration,standard,GaussianNB(),3,1.0,0.0009987354278564,0.0001587867736816,PieChart2_1452_results_GaussianNB().csv
PieChart2_1452,simpleimputer,ordinalencoder,truncated_svd,minmax,GaussianNB(),3,1.0,0.0010185241699218,0.0001540184020996,PieChart2_1452_results_GaussianNB().csv
German-Credit-Risk-with-Target_46116,simpleimputer,ordinalencoder,extra_tree,none,GaussianNB(),4,0.77,0.0013725757598876,0.0002377033233642,German-Credit-Risk-with-Target_46116_results_GaussianNB().csv
German-Credit-Risk-with-Target_46116,simpleimputer,ordinalencoder,extra_tree,standard,GaussianNB(),4,0.77,0.00132417678833,0.0001671314239501,German-Credit-Risk-with-Target_46116_results_GaussianNB().csv
German-Credit-Risk-with-Target_46116,simpleimputer,ordinalencoder,extra_tree,minmax,GaussianNB(),4,0.77,0.0012857913970947,0.000171422958374,German-Credit-Risk-with-Target_46116_results_GaussianNB().csv
German-Credit-Risk-with-Target_46116,simpleimputer,ordinalencoder,extra_tree,robust,GaussianNB(),4,0.77,0.0012280941009521,0.0001716613769531,German-Credit-Risk-with-Target_46116_results_GaussianNB().csv
German-Credit-Risk-with-Target_46116,simpleimputer,ordinalencoder,fastica,standard,GaussianNB(),4,0.765,0.0012121200561523,0.0002081394195556,German-Credit-Risk-with-Target_46116_results_GaussianNB().csv
German-Credit-Risk-with-Target_46116,simpleimputer,ordinalencoder,linear_svc,quantile,GaussianNB(),0,0.765,0.0012333393096923,0.0001711845397949,German-Credit-Risk-with-Target_46116_results_GaussianNB().csv
German-Credit-Risk-with-Target_46116,simpleimputer,onehot,extra_tree,none,GaussianNB(),4,0.76,0.0013000965118408,0.0001797676086425,German-Credit-Risk-with-Target_46116_results_GaussianNB().csv
German-Credit-Risk-with-Target_46116,simpleimputer,onehot,truncated_svd,robust,GaussianNB(),4,0.76,0.0012614727020263,0.0001726150512695,German-Credit-Risk-with-Target_46116_results_GaussianNB().csv
German-Credit-Risk-with-Target_46116,none,onehot,nystroem,robust,GaussianNB(),4,0.76,0.002298355102539,0.0003430843353271,German-Credit-Risk-with-Target_46116_results_GaussianNB().csv
German-Credit-Risk-with-Target_46116,simpleimputer,ordinalencoder,fastica,minmax,GaussianNB(),4,0.76,0.0012514591217041,0.0001845359802246,German-Credit-Risk-with-Target_46116_results_GaussianNB().csv
German-Credit-Risk-with-Target_46116,simpleimputer,ordinalencoder,pca,standard,GaussianNB(),4,0.76,0.0013704299926757,0.0002064704895019,German-Credit-Risk-with-Target_46116_results_GaussianNB().csv
German-Credit-Risk-with-Target_46116,simpleimputer,ordinalencoder,kernel_pca,standard,GaussianNB(),4,0.76,0.0018603801727294,0.0002322196960449,German-Credit-Risk-with-Target_46116_results_GaussianNB().csv
German-Credit-Risk-with-Target_46116,simpleimputer,ordinalencoder,fastica,robust,GaussianNB(),4,0.76,0.0015413761138916,0.0002028942108154,German-Credit-Risk-with-Target_46116_results_GaussianNB().csv
German-Credit-Risk-with-Target_46116,simpleimputer,onehot,fastica,standard,GaussianNB(),0,0.76,0.0017518997192382,0.0002377033233642,German-Credit-Risk-with-Target_46116_results_GaussianNB().csv
German-Credit-Risk-with-Target_46116,none,onehot,truncated_svd,robust,GaussianNB(),4,0.76,0.0012342929840087,0.0001711845397949,German-Credit-Risk-with-Target_46116_results_GaussianNB().csv
German-Credit-Risk-with-Target_46116,simpleimputer,onehot,nystroem,robust,GaussianNB(),4,0.76,0.0023093223571777,0.0003445148468017,German-Credit-Risk-with-Target_46116_results_GaussianNB().csv
German-Credit-Risk-with-Target_46116,simpleimputer,ordinalencoder,fastica,quantile,GaussianNB(),4,0.76,0.0013635158538818,0.0002031326293945,German-Credit-Risk-with-Target_46116_results_GaussianNB().csv
German-Credit-Risk-with-Target_46116,simpleimputer,ordinalencoder,linear_svc,power,GaussianNB(),3,0.76,0.0012407302856445,0.0001654624938964,German-Credit-Risk-with-Target_46116_results_GaussianNB().csv
German-Credit-Risk-with-Target_46116,none,onehot,extra_tree,none,GaussianNB(),4,0.76,0.0013954639434814,0.000187873840332,German-Credit-Risk-with-Target_46116_results_GaussianNB().csv
German-Credit-Risk-with-Target_46116,simpleimputer,ordinalencoder,fastica,none,GaussianNB(),4,0.76,0.0012905597686767,0.0001895427703857,German-Credit-Risk-with-Target_46116_results_GaussianNB().csv
analcatdata_germangss_1025,simpleimputer,onehot,nystroem,none,GaussianNB(),2,0.9625,0.0014386177062988,0.0002412796020507,analcatdata_germangss_1025_results_GaussianNB().csv
analcatdata_germangss_1025,simpleimputer,onehot,nystroem,minmax,GaussianNB(),2,0.9625,0.0013720989227294,0.0002386569976806,analcatdata_germangss_1025_results_GaussianNB().csv
analcatdata_germangss_1025,none,onehot,nystroem,minmax,GaussianNB(),2,0.9625,0.0028567314147949,0.0002548694610595,analcatdata_germangss_1025_results_GaussianNB().csv
analcatdata_germangss_1025,none,onehot,nystroem,none,GaussianNB(),2,0.9625,0.0013947486877441,0.0002350807189941,analcatdata_germangss_1025_results_GaussianNB().csv
analcatdata_germangss_1025,none,onehot,nystroem,normalizer,GaussianNB(),2,0.9625,0.0014727115631103,0.0002481937408447,analcatdata_germangss_1025_results_GaussianNB().csv
analcatdata_germangss_1025,simpleimputer,onehot,nystroem,quantile,GaussianNB(),2,0.9625,0.0014262199401855,0.0002391338348388,analcatdata_germangss_1025_results_GaussianNB().csv
analcatdata_germangss_1025,simpleimputer,onehot,nystroem,normalizer,GaussianNB(),2,0.9625,0.0013952255249023,0.0002431869506835,analcatdata_germangss_1025_results_GaussianNB().csv
analcatdata_germangss_1025,none,onehot,nystroem,quantile,GaussianNB(),2,0.9625,0.001394510269165,0.0002403259277343,analcatdata_germangss_1025_results_GaussianNB().csv
analcatdata_germangss_1025,none,onehot,nystroem,normalizer,GaussianNB(),4,0.95,0.001502513885498,0.0002551078796386,analcatdata_germangss_1025_results_GaussianNB().csv
analcatdata_germangss_1025,simpleimputer,onehot,nystroem,normalizer,GaussianNB(),4,0.95,0.0014207363128662,0.0002722740173339,analcatdata_germangss_1025_results_GaussianNB().csv
analcatdata_germangss_1025,none,onehot,pca,robust,GaussianNB(),2,0.9375,0.0009233951568603,0.0001721382141113,analcatdata_germangss_1025_results_GaussianNB().csv
analcatdata_germangss_1025,simpleimputer,onehot,pca,normalizer,GaussianNB(),2,0.9375,0.0009829998016357,0.000171422958374,analcatdata_germangss_1025_results_GaussianNB().csv
analcatdata_germangss_1025,none,onehot,pca,normalizer,GaussianNB(),0,0.9375,0.0011031627655029,0.0001814365386962,analcatdata_germangss_1025_results_GaussianNB().csv
analcatdata_germangss_1025,none,onehot,pca,normalizer,GaussianNB(),2,0.9375,0.0010128021240234,0.0001921653747558,analcatdata_germangss_1025_results_GaussianNB().csv
analcatdata_germangss_1025,none,onehot,kernel_pca,normalizer,GaussianNB(),0,0.9375,0.0019059181213378,0.0003073215484619,analcatdata_germangss_1025_results_GaussianNB().csv
analcatdata_germangss_1025,none,onehot,rbf_sampler,normalizer,GaussianNB(),2,0.9375,0.0013282299041748,0.0002403259277343,analcatdata_germangss_1025_results_GaussianNB().csv
analcatdata_germangss_1025,simpleimputer,onehot,pca,normalizer,GaussianNB(),0,0.9375,0.0010340213775634,0.0001807212829589,analcatdata_germangss_1025_results_GaussianNB().csv
analcatdata_germangss_1025,simpleimputer,onehot,kernel_pca,normalizer,GaussianNB(),0,0.9375,0.0018091201782226,0.0003056526184082,analcatdata_germangss_1025_results_GaussianNB().csv
analcatdata_germangss_1025,simpleimputer,onehot,rbf_sampler,normalizer,GaussianNB(),2,0.9375,0.0011928081512451,0.0002286434173583,analcatdata_germangss_1025_results_GaussianNB().csv
analcatdata_germangss_1025,simpleimputer,onehot,pca,robust,GaussianNB(),2,0.9375,0.0008738040924072,0.0001640319824218,analcatdata_germangss_1025_results_GaussianNB().csv
chscase_census6_900,simpleimputer,onehot,fastica,power,GaussianNB(),3,0.6625,0.0008571147918701,0.0001485347747802,chscase_census6_900_results_GaussianNB().csv
chscase_census6_900,none,none,fastica,power,GaussianNB(),3,0.6625,0.000917911529541,0.0001680850982666,chscase_census6_900_results_GaussianNB().csv
chscase_census6_900,none,ordinalencoder,fastica,power,GaussianNB(),3,0.6625,0.0010702610015869,0.0001659393310546,chscase_census6_900_results_GaussianNB().csv
chscase_census6_900,simpleimputer,none,fastica,power,GaussianNB(),3,0.6625,0.0009667873382568,0.000159740447998,chscase_census6_900_results_GaussianNB().csv
chscase_census6_900,none,onehot,fastica,power,GaussianNB(),3,0.6625,0.0009467601776123,0.0001652240753173,chscase_census6_900_results_GaussianNB().csv
chscase_census6_900,simpleimputer,ordinalencoder,fastica,power,GaussianNB(),3,0.6625,0.0010411739349365,0.0001699924468994,chscase_census6_900_results_GaussianNB().csv
chscase_census6_900,none,ordinalencoder,extra_tree,normalizer,GaussianNB(),0,0.65,0.0013480186462402,0.000223159790039,chscase_census6_900_results_GaussianNB().csv
chscase_census6_900,simpleimputer,onehot,extra_tree,normalizer,GaussianNB(),0,0.65,0.0009448528289794,0.0001637935638427,chscase_census6_900_results_GaussianNB().csv
chscase_census6_900,simpleimputer,ordinalencoder,none,normalizer,GaussianNB(),0,0.65,0.0011048316955566,0.0001921653747558,chscase_census6_900_results_GaussianNB().csv
chscase_census6_900,simpleimputer,none,extra_tree,normalizer,GaussianNB(),0,0.65,0.0009188652038574,0.000154972076416,chscase_census6_900_results_GaussianNB().csv
chscase_census6_900,none,onehot,none,normalizer,GaussianNB(),0,0.65,0.0010125637054443,0.0001795291900634,chscase_census6_900_results_GaussianNB().csv
chscase_census6_900,simpleimputer,none,none,normalizer,GaussianNB(),0,0.65,0.0018813610076904,0.0001983642578125,chscase_census6_900_results_GaussianNB().csv
chscase_census6_900,none,ordinalencoder,none,normalizer,GaussianNB(),0,0.65,0.0015082359313964,0.0001807212829589,chscase_census6_900_results_GaussianNB().csv
chscase_census6_900,none,none,extra_tree,normalizer,GaussianNB(),0,0.65,0.0009291172027587,0.0001797676086425,chscase_census6_900_results_GaussianNB().csv
chscase_census6_900,none,none,none,normalizer,GaussianNB(),0,0.65,0.0011188983917236,0.0001821517944335,chscase_census6_900_results_GaussianNB().csv
chscase_census6_900,simpleimputer,ordinalencoder,extra_tree,normalizer,GaussianNB(),0,0.65,0.0010616779327392,0.0001711845397949,chscase_census6_900_results_GaussianNB().csv
chscase_census6_900,none,onehot,extra_tree,normalizer,GaussianNB(),0,0.65,0.0009398460388183,0.0001587867736816,chscase_census6_900_results_GaussianNB().csv
chscase_census6_900,simpleimputer,onehot,none,normalizer,GaussianNB(),0,0.65,0.0010428428649902,0.0001802444458007,chscase_census6_900_results_GaussianNB().csv
chscase_census6_900,none,onehot,pca,power,GaussianNB(),2,0.6375,0.0009551048278808,0.0001647472381591,chscase_census6_900_results_GaussianNB().csv
chscase_census6_900,simpleimputer,none,truncated_svd,none,GaussianNB(),1,0.6375,0.001042366027832,0.0001628398895263,chscase_census6_900_results_GaussianNB().csv
visualizing_galaxy_925,simpleimputer,onehot,none,normalizer,GaussianNB(),0,1.0,0.0009899139404296,0.0001966953277587,visualizing_galaxy_925_results_GaussianNB().csv
visualizing_galaxy_925,simpleimputer,none,none,normalizer,GaussianNB(),0,1.0,0.0010402202606201,0.0002024173736572,visualizing_galaxy_925_results_GaussianNB().csv
visualizing_galaxy_925,none,onehot,none,normalizer,GaussianNB(),0,1.0,0.000929832458496,0.0001664161682128,visualizing_galaxy_925_results_GaussianNB().csv
visualizing_galaxy_925,simpleimputer,none,rbf_sampler,normalizer,GaussianNB(),0,1.0,0.0011935234069824,0.0002989768981933,visualizing_galaxy_925_results_GaussianNB().csv
visualizing_galaxy_925,simpleimputer,ordinalencoder,none,normalizer,GaussianNB(),0,1.0,0.0010664463043212,0.0001811981201171,visualizing_galaxy_925_results_GaussianNB().csv
visualizing_galaxy_925,simpleimputer,ordinalencoder,rbf_sampler,normalizer,GaussianNB(),0,1.0,0.0011408329010009,0.0002086162567138,visualizing_galaxy_925_results_GaussianNB().csv
visualizing_galaxy_925,simpleimputer,onehot,rbf_sampler,normalizer,GaussianNB(),0,1.0,0.0010888576507568,0.0002086162567138,visualizing_galaxy_925_results_GaussianNB().csv
visualizing_galaxy_925,none,ordinalencoder,none,normalizer,GaussianNB(),0,1.0,0.0009167194366455,0.00016450881958,visualizing_galaxy_925_results_GaussianNB().csv
visualizing_galaxy_925,none,none,none,normalizer,GaussianNB(),0,1.0,0.0010626316070556,0.0001811981201171,visualizing_galaxy_925_results_GaussianNB().csv
visualizing_galaxy_925,none,onehot,rbf_sampler,normalizer,GaussianNB(),0,1.0,0.0011703968048095,0.0002074241638183,visualizing_galaxy_925_results_GaussianNB().csv
visualizing_galaxy_925,none,none,rbf_sampler,normalizer,GaussianNB(),0,1.0,0.0012531280517578,0.0002272129058837,visualizing_galaxy_925_results_GaussianNB().csv
visualizing_galaxy_925,none,ordinalencoder,rbf_sampler,normalizer,GaussianNB(),0,1.0,0.0009667873382568,0.0001862049102783,visualizing_galaxy_925_results_GaussianNB().csv
visualizing_galaxy_925,simpleimputer,onehot,pca,normalizer,GaussianNB(),0,0.9846153846153848,0.0009105205535888,0.0001544952392578,visualizing_galaxy_925_results_GaussianNB().csv
visualizing_galaxy_925,simpleimputer,none,pca,normalizer,GaussianNB(),0,0.9846153846153848,0.00105881690979,0.0001688003540039,visualizing_galaxy_925_results_GaussianNB().csv
visualizing_galaxy_925,none,onehot,nystroem,standard,GaussianNB(),0,0.9846153846153848,0.0011458396911621,0.0001988410949707,visualizing_galaxy_925_results_GaussianNB().csv
visualizing_galaxy_925,none,onehot,pca,normalizer,GaussianNB(),0,0.9846153846153848,0.0009381771087646,0.0001666545867919,visualizing_galaxy_925_results_GaussianNB().csv
visualizing_galaxy_925,simpleimputer,ordinalencoder,nystroem,standard,GaussianNB(),0,0.9846153846153848,0.0011458396911621,0.0001997947692871,visualizing_galaxy_925_results_GaussianNB().csv
visualizing_galaxy_925,simpleimputer,none,nystroem,standard,GaussianNB(),0,0.9846153846153848,0.0011401176452636,0.0002064704895019,visualizing_galaxy_925_results_GaussianNB().csv
visualizing_galaxy_925,simpleimputer,onehot,kernel_pca,normalizer,GaussianNB(),0,0.9846153846153848,0.0011026859283447,0.0001859664916992,visualizing_galaxy_925_results_GaussianNB().csv
visualizing_galaxy_925,none,onehot,kernel_pca,normalizer,GaussianNB(),0,0.9846153846153848,0.0009303092956542,0.0001666545867919,visualizing_galaxy_925_results_GaussianNB().csv
fri_c4_1000_50_797,simpleimputer,onehot,polynomial_features,quantile,GaussianNB(),4,0.755,0.009596824645996,0.0016138553619384,fri_c4_1000_50_797_results_GaussianNB().csv
fri_c4_1000_50_797,none,none,polynomial_features,quantile,GaussianNB(),4,0.755,0.009329080581665,0.0015571117401123,fri_c4_1000_50_797_results_GaussianNB().csv
fri_c4_1000_50_797,none,onehot,polynomial_features,quantile,GaussianNB(),4,0.755,0.0100400447845458,0.0018105506896972,fri_c4_1000_50_797_results_GaussianNB().csv
fri_c4_1000_50_797,none,ordinalencoder,polynomial_features,quantile,GaussianNB(),4,0.755,0.0095140933990478,0.0015685558319091,fri_c4_1000_50_797_results_GaussianNB().csv
fri_c4_1000_50_797,simpleimputer,none,polynomial_features,quantile,GaussianNB(),4,0.755,0.0094053745269775,0.0016059875488281,fri_c4_1000_50_797_results_GaussianNB().csv
fri_c4_1000_50_797,simpleimputer,ordinalencoder,polynomial_features,quantile,GaussianNB(),4,0.755,0.009519338607788,0.0016698837280273,fri_c4_1000_50_797_results_GaussianNB().csv
fri_c4_1000_50_797,simpleimputer,none,extra_tree,minmax,GaussianNB(),4,0.74,0.001265525817871,0.0001721382141113,fri_c4_1000_50_797_results_GaussianNB().csv
fri_c4_1000_50_797,none,none,extra_tree,minmax,GaussianNB(),4,0.74,0.0012564659118652,0.0001664161682128,fri_c4_1000_50_797_results_GaussianNB().csv
fri_c4_1000_50_797,none,onehot,extra_tree,none,GaussianNB(),4,0.74,0.0014011859893798,0.0001673698425292,fri_c4_1000_50_797_results_GaussianNB().csv
fri_c4_1000_50_797,none,none,extra_tree,none,GaussianNB(),4,0.74,0.0012259483337402,0.0001652240753173,fri_c4_1000_50_797_results_GaussianNB().csv
fri_c4_1000_50_797,none,ordinalencoder,extra_tree,minmax,GaussianNB(),4,0.74,0.0011935234069824,0.000166893005371,fri_c4_1000_50_797_results_GaussianNB().csv
fri_c4_1000_50_797,simpleimputer,ordinalencoder,extra_tree,standard,GaussianNB(),4,0.74,0.0011892318725585,0.0001649856567382,fri_c4_1000_50_797_results_GaussianNB().csv
fri_c4_1000_50_797,simpleimputer,ordinalencoder,extra_tree,none,GaussianNB(),4,0.74,0.0011746883392333,0.0001678466796875,fri_c4_1000_50_797_results_GaussianNB().csv
fri_c4_1000_50_797,none,ordinalencoder,extra_tree,standard,GaussianNB(),4,0.74,0.0011777877807617,0.0001647472381591,fri_c4_1000_50_797_results_GaussianNB().csv
fri_c4_1000_50_797,simpleimputer,onehot,extra_tree,standard,GaussianNB(),4,0.74,0.0011959075927734,0.0001692771911621,fri_c4_1000_50_797_results_GaussianNB().csv
fri_c4_1000_50_797,simpleimputer,none,extra_tree,robust,GaussianNB(),4,0.74,0.0012011528015136,0.0001657009124755,fri_c4_1000_50_797_results_GaussianNB().csv
fri_c4_1000_50_797,simpleimputer,none,extra_tree,none,GaussianNB(),4,0.74,0.001176118850708,0.0001635551452636,fri_c4_1000_50_797_results_GaussianNB().csv
fri_c4_1000_50_797,none,none,extra_tree,robust,GaussianNB(),4,0.74,0.0012428760528564,0.0001685619354248,fri_c4_1000_50_797_results_GaussianNB().csv
fri_c4_1000_50_797,simpleimputer,ordinalencoder,extra_tree,robust,GaussianNB(),4,0.74,0.0012078285217285,0.0001637935638427,fri_c4_1000_50_797_results_GaussianNB().csv
fri_c4_1000_50_797,none,onehot,extra_tree,robust,GaussianNB(),4,0.74,0.001194953918457,0.0001657009124755,fri_c4_1000_50_797_results_GaussianNB().csv
MegaWatt1_1442,simpleimputer,none,polynomial_features,standard,GaussianNB(),2,0.9803921568627452,0.002312421798706,0.0003824234008789,MegaWatt1_1442_results_GaussianNB().csv
MegaWatt1_1442,simpleimputer,ordinalencoder,polynomial_features,standard,GaussianNB(),2,0.9803921568627452,0.0020003318786621,0.0003647804260253,MegaWatt1_1442_results_GaussianNB().csv
MegaWatt1_1442,none,none,polynomial_features,standard,GaussianNB(),2,0.9803921568627452,0.0019385814666748,0.0003933906555175,MegaWatt1_1442_results_GaussianNB().csv
MegaWatt1_1442,simpleimputer,onehot,polynomial_features,standard,GaussianNB(),2,0.9803921568627452,0.0024528503417968,0.0004332065582275,MegaWatt1_1442_results_GaussianNB().csv
MegaWatt1_1442,none,onehot,polynomial_features,standard,GaussianNB(),2,0.9803921568627452,0.0019266605377197,0.0003693103790283,MegaWatt1_1442_results_GaussianNB().csv
MegaWatt1_1442,none,ordinalencoder,polynomial_features,standard,GaussianNB(),2,0.9803921568627452,0.0021195411682128,0.0005292892456054,MegaWatt1_1442_results_GaussianNB().csv
MegaWatt1_1442,simpleimputer,ordinalencoder,kernel_pca,quantile,GaussianNB(),3,0.96,0.0011062622070312,0.000190258026123,MegaWatt1_1442_results_GaussianNB().csv
MegaWatt1_1442,none,onehot,feature_agglomeration,normalizer,GaussianNB(),3,0.96,0.0008695125579833,0.000150442123413,MegaWatt1_1442_results_GaussianNB().csv
MegaWatt1_1442,simpleimputer,ordinalencoder,fastica,quantile,GaussianNB(),3,0.96,0.0008809566497802,0.0001657009124755,MegaWatt1_1442_results_GaussianNB().csv
MegaWatt1_1442,simpleimputer,ordinalencoder,feature_agglomeration,robust,GaussianNB(),4,0.96,0.0008506774902343,0.0001771450042724,MegaWatt1_1442_results_GaussianNB().csv
MegaWatt1_1442,none,ordinalencoder,fastica,quantile,GaussianNB(),3,0.96,0.0009365081787109,0.0002012252807617,MegaWatt1_1442_results_GaussianNB().csv
MegaWatt1_1442,simpleimputer,none,feature_agglomeration,quantile,GaussianNB(),3,0.96,0.0008106231689453,0.0001704692840576,MegaWatt1_1442_results_GaussianNB().csv
MegaWatt1_1442,none,ordinalencoder,pca,quantile,GaussianNB(),3,0.96,0.0008506774902343,0.0001628398895263,MegaWatt1_1442_results_GaussianNB().csv
MegaWatt1_1442,simpleimputer,none,kernel_pca,quantile,GaussianNB(),3,0.96,0.0010907649993896,0.0001909732818603,MegaWatt1_1442_results_GaussianNB().csv
MegaWatt1_1442,none,none,feature_agglomeration,normalizer,GaussianNB(),3,0.96,0.0008602142333984,0.0002205371856689,MegaWatt1_1442_results_GaussianNB().csv
MegaWatt1_1442,simpleimputer,ordinalencoder,generic_univariate,normalizer,GaussianNB(),3,0.96,0.0007977485656738,0.0001430511474609,MegaWatt1_1442_results_GaussianNB().csv
MegaWatt1_1442,none,onehot,fastica,quantile,GaussianNB(),3,0.96,0.000892162322998,0.000162124633789,MegaWatt1_1442_results_GaussianNB().csv
MegaWatt1_1442,none,onehot,generic_univariate,normalizer,GaussianNB(),3,0.96,0.0010023117065429,0.0001606941223144,MegaWatt1_1442_results_GaussianNB().csv
MegaWatt1_1442,none,ordinalencoder,feature_agglomeration,power,GaussianNB(),3,0.96,0.0008957386016845,0.0001747608184814,MegaWatt1_1442_results_GaussianNB().csv
MegaWatt1_1442,none,none,feature_agglomeration,robust,GaussianNB(),4,0.96,0.000838279724121,0.0001506805419921,MegaWatt1_1442_results_GaussianNB().csv
stock_841,none,none,nystroem,none,GaussianNB(),1,0.963157894736842,0.0021376609802246,0.0004055500030517,stock_841_results_GaussianNB().csv
stock_841,simpleimputer,none,nystroem,none,GaussianNB(),4,0.963157894736842,0.002108097076416,0.000298261642456,stock_841_results_GaussianNB().csv
stock_841,simpleimputer,none,nystroem,none,GaussianNB(),1,0.963157894736842,0.0018599033355712,0.0003445148468017,stock_841_results_GaussianNB().csv
stock_841,none,none,nystroem,none,GaussianNB(),4,0.963157894736842,0.0020818710327148,0.0003154277801513,stock_841_results_GaussianNB().csv
stock_841,simpleimputer,onehot,nystroem,none,GaussianNB(),1,0.963157894736842,0.0019056797027587,0.00030517578125,stock_841_results_GaussianNB().csv
stock_841,simpleimputer,ordinalencoder,nystroem,none,GaussianNB(),1,0.963157894736842,0.0019416809082031,0.0003042221069335,stock_841_results_GaussianNB().csv
stock_841,simpleimputer,ordinalencoder,nystroem,none,GaussianNB(),4,0.963157894736842,0.0020205974578857,0.0003125667572021,stock_841_results_GaussianNB().csv
stock_841,none,onehot,nystroem,none,GaussianNB(),4,0.963157894736842,0.0020310878753662,0.000312328338623,stock_841_results_GaussianNB().csv
stock_841,none,onehot,nystroem,none,GaussianNB(),1,0.963157894736842,0.0018670558929443,0.0003106594085693,stock_841_results_GaussianNB().csv
stock_841,simpleimputer,onehot,nystroem,none,GaussianNB(),4,0.963157894736842,0.0022900104522705,0.0003085136413574,stock_841_results_GaussianNB().csv
stock_841,none,ordinalencoder,nystroem,none,GaussianNB(),4,0.963157894736842,0.0018801689147949,0.0003385543823242,stock_841_results_GaussianNB().csv
stock_841,none,ordinalencoder,nystroem,none,GaussianNB(),1,0.963157894736842,0.0019054412841796,0.0003130435943603,stock_841_results_GaussianNB().csv
stock_841,simpleimputer,onehot,nystroem,none,GaussianNB(),2,0.9526315789473684,0.0020985603332519,0.0005393028259277,stock_841_results_GaussianNB().csv
stock_841,simpleimputer,none,nystroem,none,GaussianNB(),2,0.9526315789473684,0.0033698081970214,0.0003654956817626,stock_841_results_GaussianNB().csv
stock_841,none,onehot,nystroem,none,GaussianNB(),2,0.9526315789473684,0.0019059181213378,0.0003333091735839,stock_841_results_GaussianNB().csv
stock_841,none,none,nystroem,none,GaussianNB(),2,0.9526315789473684,0.0018784999847412,0.000284194946289,stock_841_results_GaussianNB().csv
stock_841,none,ordinalencoder,nystroem,none,GaussianNB(),2,0.9526315789473684,0.0019304752349853,0.0003106594085693,stock_841_results_GaussianNB().csv
stock_841,simpleimputer,ordinalencoder,nystroem,none,GaussianNB(),2,0.9526315789473684,0.0021893978118896,0.0004215240478515,stock_841_results_GaussianNB().csv
stock_841,simpleimputer,onehot,nystroem,none,GaussianNB(),3,0.9315789473684212,0.0020174980163574,0.0003249645233154,stock_841_results_GaussianNB().csv
stock_841,none,ordinalencoder,nystroem,none,GaussianNB(),3,0.9315789473684212,0.0020382404327392,0.0003483295440673,stock_841_results_GaussianNB().csv
autoUniv-au7-1100_1552,simpleimputer,ordinalencoder,linear_svc,robust,GaussianNB(),1,0.4318181818181818,0.0014054775238037,0.0002486705780029,autoUniv-au7-1100_1552_results_GaussianNB().csv
autoUniv-au7-1100_1552,none,ordinalencoder,linear_svc,robust,GaussianNB(),1,0.4318181818181818,0.0014338493347167,0.0002477169036865,autoUniv-au7-1100_1552_results_GaussianNB().csv
autoUniv-au7-1100_1552,none,ordinalencoder,none,normalizer,GaussianNB(),1,0.4272727272727272,0.0024430751800537,0.000293493270874,autoUniv-au7-1100_1552_results_GaussianNB().csv
autoUniv-au7-1100_1552,simpleimputer,ordinalencoder,none,normalizer,GaussianNB(),1,0.4272727272727272,0.0019657611846923,0.0003371238708496,autoUniv-au7-1100_1552_results_GaussianNB().csv
autoUniv-au7-1100_1552,simpleimputer,ordinalencoder,none,standard,GaussianNB(),1,0.4090909090909091,0.0019404888153076,0.0003049373626708,autoUniv-au7-1100_1552_results_GaussianNB().csv
autoUniv-au7-1100_1552,simpleimputer,ordinalencoder,none,minmax,GaussianNB(),1,0.4090909090909091,0.0017042160034179,0.0002853870391845,autoUniv-au7-1100_1552_results_GaussianNB().csv
autoUniv-au7-1100_1552,simpleimputer,ordinalencoder,none,robust,GaussianNB(),1,0.4090909090909091,0.0015938282012939,0.0002782344818115,autoUniv-au7-1100_1552_results_GaussianNB().csv
autoUniv-au7-1100_1552,simpleimputer,ordinalencoder,linear_svc,minmax,GaussianNB(),1,0.4090909090909091,0.0014140605926513,0.0002446174621582,autoUniv-au7-1100_1552_results_GaussianNB().csv
autoUniv-au7-1100_1552,none,ordinalencoder,none,robust,GaussianNB(),1,0.4090909090909091,0.0020129680633544,0.00030517578125,autoUniv-au7-1100_1552_results_GaussianNB().csv
autoUniv-au7-1100_1552,none,ordinalencoder,linear_svc,minmax,GaussianNB(),1,0.4090909090909091,0.0014095306396484,0.0002427101135253,autoUniv-au7-1100_1552_results_GaussianNB().csv
autoUniv-au7-1100_1552,none,ordinalencoder,none,minmax,GaussianNB(),1,0.4090909090909091,0.0019502639770507,0.0003054141998291,autoUniv-au7-1100_1552_results_GaussianNB().csv
autoUniv-au7-1100_1552,none,ordinalencoder,none,standard,GaussianNB(),1,0.4090909090909091,0.0019352436065673,0.0003061294555664,autoUniv-au7-1100_1552_results_GaussianNB().csv
autoUniv-au7-1100_1552,simpleimputer,ordinalencoder,linear_svc,standard,GaussianNB(),1,0.4045454545454545,0.0014028549194335,0.0002427101135253,autoUniv-au7-1100_1552_results_GaussianNB().csv
autoUniv-au7-1100_1552,simpleimputer,ordinalencoder,none,none,GaussianNB(),1,0.4045454545454545,0.0030090808868408,0.001312255859375,autoUniv-au7-1100_1552_results_GaussianNB().csv
autoUniv-au7-1100_1552,none,onehot,extra_tree,normalizer,GaussianNB(),1,0.4045454545454545,0.0015008449554443,0.000258445739746,autoUniv-au7-1100_1552_results_GaussianNB().csv
autoUniv-au7-1100_1552,none,ordinalencoder,linear_svc,standard,GaussianNB(),1,0.4045454545454545,0.0013654232025146,0.0002427101135253,autoUniv-au7-1100_1552_results_GaussianNB().csv
autoUniv-au7-1100_1552,none,ordinalencoder,polynomial_features,standard,GaussianNB(),2,0.4045454545454545,0.0017683506011962,0.0004644393920898,autoUniv-au7-1100_1552_results_GaussianNB().csv
autoUniv-au7-1100_1552,none,ordinalencoder,none,quantile,GaussianNB(),1,0.4045454545454545,0.0015788078308105,0.0003073215484619,autoUniv-au7-1100_1552_results_GaussianNB().csv
autoUniv-au7-1100_1552,simpleimputer,onehot,extra_tree,normalizer,GaussianNB(),1,0.4045454545454545,0.0015249252319335,0.0002670288085937,autoUniv-au7-1100_1552_results_GaussianNB().csv
autoUniv-au7-1100_1552,simpleimputer,ordinalencoder,polynomial_features,standard,GaussianNB(),2,0.4045454545454545,0.0018026828765869,0.0005760192871093,autoUniv-au7-1100_1552_results_GaussianNB().csv
robot-failures-lp4_1519,none,onehot,nystroem,standard,GaussianNB(),4,1.0,0.0011594295501708,0.0002243518829345,robot-failures-lp4_1519_results_GaussianNB().csv
robot-failures-lp4_1519,none,onehot,linear_svc,robust,GaussianNB(),0,1.0,0.0009522438049316,0.0001888275146484,robot-failures-lp4_1519_results_GaussianNB().csv
robot-failures-lp4_1519,simpleimputer,ordinalencoder,rbf_sampler,minmax,GaussianNB(),0,1.0,0.0010833740234375,0.0002319812774658,robot-failures-lp4_1519_results_GaussianNB().csv
robot-failures-lp4_1519,none,onehot,linear_svc,none,GaussianNB(),0,1.0,0.0008530616760253,0.0001823902130126,robot-failures-lp4_1519_results_GaussianNB().csv
robot-failures-lp4_1519,simpleimputer,ordinalencoder,linear_svc,robust,GaussianNB(),0,1.0,0.0008273124694824,0.0002040863037109,robot-failures-lp4_1519_results_GaussianNB().csv
robot-failures-lp4_1519,none,onehot,none,power,GaussianNB(),0,1.0,0.0008423328399658,0.0001959800720214,robot-failures-lp4_1519_results_GaussianNB().csv
robot-failures-lp4_1519,none,onehot,nystroem,power,GaussianNB(),0,1.0,0.000927448272705,0.0002167224884033,robot-failures-lp4_1519_results_GaussianNB().csv
robot-failures-lp4_1519,simpleimputer,ordinalencoder,nystroem,minmax,GaussianNB(),0,1.0,0.0010015964508056,0.0002205371856689,robot-failures-lp4_1519_results_GaussianNB().csv
robot-failures-lp4_1519,simpleimputer,ordinalencoder,nystroem,standard,GaussianNB(),2,1.0,0.0010180473327636,0.0002171993255615,robot-failures-lp4_1519_results_GaussianNB().csv
robot-failures-lp4_1519,simpleimputer,ordinalencoder,nystroem,standard,GaussianNB(),4,1.0,0.0009787082672119,0.0002532005310058,robot-failures-lp4_1519_results_GaussianNB().csv
robot-failures-lp4_1519,simpleimputer,ordinalencoder,nystroem,standard,GaussianNB(),0,1.0,0.0010037422180175,0.0002391338348388,robot-failures-lp4_1519_results_GaussianNB().csv
robot-failures-lp4_1519,simpleimputer,ordinalencoder,linear_svc,standard,GaussianNB(),0,1.0,0.0009047985076904,0.000206708908081,robot-failures-lp4_1519_results_GaussianNB().csv
robot-failures-lp4_1519,none,ordinalencoder,linear_svc,none,GaussianNB(),0,1.0,0.0008344650268554,0.0001835823059082,robot-failures-lp4_1519_results_GaussianNB().csv
robot-failures-lp4_1519,none,ordinalencoder,nystroem,standard,GaussianNB(),4,1.0,0.0010530948638916,0.0002164840698242,robot-failures-lp4_1519_results_GaussianNB().csv
robot-failures-lp4_1519,none,ordinalencoder,linear_svc,standard,GaussianNB(),0,1.0,0.0008606910705566,0.0001766681671142,robot-failures-lp4_1519_results_GaussianNB().csv
robot-failures-lp4_1519,none,ordinalencoder,nystroem,minmax,GaussianNB(),0,1.0,0.00099778175354,0.0002186298370361,robot-failures-lp4_1519_results_GaussianNB().csv
robot-failures-lp4_1519,none,none,nystroem,standard,GaussianNB(),4,1.0,0.0010347366333007,0.0002434253692626,robot-failures-lp4_1519_results_GaussianNB().csv
robot-failures-lp4_1519,none,none,nystroem,standard,GaussianNB(),0,1.0,0.0009355545043945,0.0002150535583496,robot-failures-lp4_1519_results_GaussianNB().csv
robot-failures-lp4_1519,none,none,nystroem,standard,GaussianNB(),2,1.0,0.0016274452209472,0.0003046989440917,robot-failures-lp4_1519_results_GaussianNB().csv
robot-failures-lp4_1519,none,none,linear_svc,standard,GaussianNB(),0,1.0,0.0009706020355224,0.0001807212829589,robot-failures-lp4_1519_results_GaussianNB().csv
Sick_numeric_41946,none,onehot,select_percentile,robust,GaussianNB(),0,0.9668874172185432,0.0028619766235351,0.0004017353057861,Sick_numeric_41946_results_GaussianNB().csv
Sick_numeric_41946,none,ordinalencoder,select_percentile,minmax,GaussianNB(),0,0.9668874172185432,0.0029504299163818,0.0002517700195312,Sick_numeric_41946_results_GaussianNB().csv
Sick_numeric_41946,simpleimputer,onehot,select_percentile,standard,GaussianNB(),0,0.9668874172185432,0.0029222965240478,0.0002384185791015,Sick_numeric_41946_results_GaussianNB().csv
Sick_numeric_41946,none,onehot,select_percentile,minmax,GaussianNB(),0,0.9668874172185432,0.0021872520446777,0.0002486705780029,Sick_numeric_41946_results_GaussianNB().csv
Sick_numeric_41946,simpleimputer,none,select_percentile,robust,GaussianNB(),0,0.9668874172185432,0.0022196769714355,0.0002079010009765,Sick_numeric_41946_results_GaussianNB().csv
Sick_numeric_41946,none,onehot,select_percentile,standard,GaussianNB(),0,0.9668874172185432,0.0021584033966064,0.0002081394195556,Sick_numeric_41946_results_GaussianNB().csv
Sick_numeric_41946,simpleimputer,none,select_percentile,minmax,GaussianNB(),0,0.9668874172185432,0.0020670890808105,0.0002038478851318,Sick_numeric_41946_results_GaussianNB().csv
Sick_numeric_41946,simpleimputer,onehot,select_percentile,none,GaussianNB(),0,0.9668874172185432,0.0020694732666015,0.000321626663208,Sick_numeric_41946_results_GaussianNB().csv
Sick_numeric_41946,simpleimputer,ordinalencoder,select_percentile,robust,GaussianNB(),0,0.9668874172185432,0.0029520988464355,0.0002403259277343,Sick_numeric_41946_results_GaussianNB().csv
Sick_numeric_41946,none,none,select_percentile,minmax,GaussianNB(),0,0.9668874172185432,0.0029695034027099,0.0002365112304687,Sick_numeric_41946_results_GaussianNB().csv
Sick_numeric_41946,simpleimputer,onehot,select_percentile,minmax,GaussianNB(),0,0.9668874172185432,0.0021016597747802,0.0002334117889404,Sick_numeric_41946_results_GaussianNB().csv
Sick_numeric_41946,none,ordinalencoder,select_percentile,standard,GaussianNB(),0,0.9668874172185432,0.0033504962921142,0.0003302097320556,Sick_numeric_41946_results_GaussianNB().csv
Sick_numeric_41946,simpleimputer,none,select_percentile,none,GaussianNB(),0,0.9668874172185432,0.0032997131347656,0.0003039836883544,Sick_numeric_41946_results_GaussianNB().csv
Sick_numeric_41946,none,ordinalencoder,select_percentile,none,GaussianNB(),0,0.9668874172185432,0.0029551982879638,0.0002319812774658,Sick_numeric_41946_results_GaussianNB().csv
Sick_numeric_41946,simpleimputer,ordinalencoder,select_percentile,standard,GaussianNB(),0,0.9668874172185432,0.0030033588409423,0.0002338886260986,Sick_numeric_41946_results_GaussianNB().csv
Sick_numeric_41946,simpleimputer,onehot,select_percentile,robust,GaussianNB(),0,0.9668874172185432,0.0030274391174316,0.0002751350402832,Sick_numeric_41946_results_GaussianNB().csv
Sick_numeric_41946,simpleimputer,ordinalencoder,select_percentile,minmax,GaussianNB(),0,0.9668874172185432,0.0021195411682128,0.0002040863037109,Sick_numeric_41946_results_GaussianNB().csv
Sick_numeric_41946,none,none,select_percentile,robust,GaussianNB(),0,0.9668874172185432,0.0032007694244384,0.0003018379211425,Sick_numeric_41946_results_GaussianNB().csv
Sick_numeric_41946,simpleimputer,none,select_percentile,standard,GaussianNB(),0,0.9668874172185432,0.0028748512268066,0.0002312660217285,Sick_numeric_41946_results_GaussianNB().csv
Sick_numeric_41946,none,onehot,select_percentile,none,GaussianNB(),0,0.9668874172185432,0.0029563903808593,0.0003135204315185,Sick_numeric_41946_results_GaussianNB().csv
steel-plates-fault_40982,simpleimputer,ordinalencoder,pca,quantile,GaussianNB(),4,0.6958762886597938,0.0022969245910644,0.0006854534149169,steel-plates-fault_40982_results_GaussianNB().csv
steel-plates-fault_40982,simpleimputer,ordinalencoder,kernel_pca,quantile,GaussianNB(),4,0.6958762886597938,0.0033817291259765,0.0006492137908935,steel-plates-fault_40982_results_GaussianNB().csv
steel-plates-fault_40982,simpleimputer,onehot,kernel_pca,quantile,GaussianNB(),4,0.6958762886597938,0.0029914379119873,0.0005898475646972,steel-plates-fault_40982_results_GaussianNB().csv
steel-plates-fault_40982,none,none,pca,quantile,GaussianNB(),4,0.6958762886597938,0.0022234916687011,0.0005273818969726,steel-plates-fault_40982_results_GaussianNB().csv
steel-plates-fault_40982,simpleimputer,onehot,pca,quantile,GaussianNB(),4,0.6958762886597938,0.0022981166839599,0.0005419254302978,steel-plates-fault_40982_results_GaussianNB().csv
steel-plates-fault_40982,none,none,kernel_pca,quantile,GaussianNB(),4,0.6958762886597938,0.0031142234802246,0.0007178783416748,steel-plates-fault_40982_results_GaussianNB().csv
steel-plates-fault_40982,simpleimputer,none,pca,quantile,GaussianNB(),4,0.6958762886597938,0.0022611618041992,0.0005149841308593,steel-plates-fault_40982_results_GaussianNB().csv
steel-plates-fault_40982,none,onehot,kernel_pca,quantile,GaussianNB(),4,0.6958762886597938,0.0032463073730468,0.0006546974182128,steel-plates-fault_40982_results_GaussianNB().csv
steel-plates-fault_40982,none,onehot,pca,quantile,GaussianNB(),4,0.6958762886597938,0.0022077560424804,0.0005273818969726,steel-plates-fault_40982_results_GaussianNB().csv
steel-plates-fault_40982,none,ordinalencoder,pca,quantile,GaussianNB(),4,0.6958762886597938,0.0023036003112792,0.0005218982696533,steel-plates-fault_40982_results_GaussianNB().csv
steel-plates-fault_40982,none,ordinalencoder,kernel_pca,quantile,GaussianNB(),4,0.6958762886597938,0.003242015838623,0.0006520748138427,steel-plates-fault_40982_results_GaussianNB().csv
steel-plates-fault_40982,simpleimputer,none,kernel_pca,quantile,GaussianNB(),4,0.6958762886597938,0.0031721591949462,0.0006420612335205,steel-plates-fault_40982_results_GaussianNB().csv
steel-plates-fault_40982,none,onehot,rbf_sampler,quantile,GaussianNB(),4,0.6804123711340206,0.0037236213684082,0.0011546611785888,steel-plates-fault_40982_results_GaussianNB().csv
steel-plates-fault_40982,none,ordinalencoder,rbf_sampler,quantile,GaussianNB(),4,0.6804123711340206,0.0038709640502929,0.0011191368103027,steel-plates-fault_40982_results_GaussianNB().csv
steel-plates-fault_40982,simpleimputer,onehot,rbf_sampler,quantile,GaussianNB(),4,0.6804123711340206,0.0040240287780761,0.0012357234954833,steel-plates-fault_40982_results_GaussianNB().csv
steel-plates-fault_40982,simpleimputer,ordinalencoder,rbf_sampler,quantile,GaussianNB(),4,0.6804123711340206,0.0042476654052734,0.0012955665588378,steel-plates-fault_40982_results_GaussianNB().csv
steel-plates-fault_40982,simpleimputer,none,rbf_sampler,quantile,GaussianNB(),4,0.6804123711340206,0.0037667751312255,0.0011806488037109,steel-plates-fault_40982_results_GaussianNB().csv
steel-plates-fault_40982,none,none,rbf_sampler,quantile,GaussianNB(),4,0.6804123711340206,0.0037248134613037,0.0011277198791503,steel-plates-fault_40982_results_GaussianNB().csv
steel-plates-fault_40982,simpleimputer,none,kernel_pca,quantile,GaussianNB(),1,0.6778350515463918,0.0030345916748046,0.0006189346313476,steel-plates-fault_40982_results_GaussianNB().csv
steel-plates-fault_40982,none,none,kernel_pca,quantile,GaussianNB(),1,0.6778350515463918,0.0031793117523193,0.0006158351898193,steel-plates-fault_40982_results_GaussianNB().csv
analcatdata_supreme_728,simpleimputer,onehot,linear_svc,minmax,GaussianNB(),2,0.9901234567901236,0.0022258758544921,0.0001652240753173,analcatdata_supreme_728_results_GaussianNB().csv
analcatdata_supreme_728,none,none,linear_svc,minmax,GaussianNB(),2,0.9901234567901236,0.0025045871734619,0.0001864433288574,analcatdata_supreme_728_results_GaussianNB().csv
analcatdata_supreme_728,simpleimputer,ordinalencoder,truncated_svd,none,GaussianNB(),2,0.9901234567901236,0.0035979747772216,0.0002374649047851,analcatdata_supreme_728_results_GaussianNB().csv
analcatdata_supreme_728,simpleimputer,none,truncated_svd,none,GaussianNB(),2,0.9901234567901236,0.0036633014678955,0.0002679824829101,analcatdata_supreme_728_results_GaussianNB().csv
analcatdata_supreme_728,none,ordinalencoder,linear_svc,minmax,GaussianNB(),2,0.9901234567901236,0.0022847652435302,0.0001609325408935,analcatdata_supreme_728_results_GaussianNB().csv
analcatdata_supreme_728,none,ordinalencoder,truncated_svd,none,GaussianNB(),2,0.9901234567901236,0.0036675930023193,0.0002405643463134,analcatdata_supreme_728_results_GaussianNB().csv
analcatdata_supreme_728,simpleimputer,ordinalencoder,linear_svc,minmax,GaussianNB(),2,0.9901234567901236,0.0024726390838623,0.0001740455627441,analcatdata_supreme_728_results_GaussianNB().csv
analcatdata_supreme_728,none,onehot,truncated_svd,none,GaussianNB(),2,0.9901234567901236,0.0037031173706054,0.000241994857788,analcatdata_supreme_728_results_GaussianNB().csv
analcatdata_supreme_728,none,onehot,linear_svc,minmax,GaussianNB(),2,0.9901234567901236,0.0022542476654052,0.0001604557037353,analcatdata_supreme_728_results_GaussianNB().csv
analcatdata_supreme_728,simpleimputer,none,linear_svc,minmax,GaussianNB(),2,0.9901234567901236,0.0024373531341552,0.0001726150512695,analcatdata_supreme_728_results_GaussianNB().csv
analcatdata_supreme_728,simpleimputer,onehot,truncated_svd,none,GaussianNB(),2,0.9901234567901236,0.0053293704986572,0.0002522468566894,analcatdata_supreme_728_results_GaussianNB().csv
analcatdata_supreme_728,none,none,truncated_svd,none,GaussianNB(),2,0.9901234567901236,0.0036187171936035,0.0002462863922119,analcatdata_supreme_728_results_GaussianNB().csv
analcatdata_supreme_728,none,onehot,truncated_svd,none,GaussianNB(),0,0.9876695437731196,0.0038425922393798,0.0002415180206298,analcatdata_supreme_728_results_GaussianNB().csv
analcatdata_supreme_728,simpleimputer,none,truncated_svd,none,GaussianNB(),0,0.9876695437731196,0.0037572383880615,0.0002431869506835,analcatdata_supreme_728_results_GaussianNB().csv
analcatdata_supreme_728,simpleimputer,onehot,truncated_svd,none,GaussianNB(),0,0.9876695437731196,0.005143404006958,0.0002570152282714,analcatdata_supreme_728_results_GaussianNB().csv
analcatdata_supreme_728,none,ordinalencoder,truncated_svd,none,GaussianNB(),0,0.9876695437731196,0.0035681724548339,0.000274658203125,analcatdata_supreme_728_results_GaussianNB().csv
analcatdata_supreme_728,none,none,truncated_svd,none,GaussianNB(),0,0.9876695437731196,0.0036628246307373,0.0002689361572265,analcatdata_supreme_728_results_GaussianNB().csv
analcatdata_supreme_728,simpleimputer,ordinalencoder,truncated_svd,none,GaussianNB(),0,0.9876695437731196,0.0035822391510009,0.0002427101135253,analcatdata_supreme_728_results_GaussianNB().csv
analcatdata_supreme_728,simpleimputer,onehot,truncated_svd,none,GaussianNB(),3,0.9876543209876544,0.002774953842163,0.0002219676971435,analcatdata_supreme_728_results_GaussianNB().csv
analcatdata_supreme_728,none,ordinalencoder,truncated_svd,none,GaussianNB(),3,0.9876543209876544,0.0027272701263427,0.0002107620239257,analcatdata_supreme_728_results_GaussianNB().csv
analcatdata_broadwaymult_452,simpleimputer,ordinalencoder,polynomial_features,robust,GaussianNB(),0,0.6140350877192983,0.0010225772857666,0.000331163406372,analcatdata_broadwaymult_452_results_GaussianNB().csv
analcatdata_broadwaymult_452,simpleimputer,ordinalencoder,linear_svc,none,GaussianNB(),0,0.5964912280701754,0.0017652511596679,0.0005066394805908,analcatdata_broadwaymult_452_results_GaussianNB().csv
analcatdata_broadwaymult_452,simpleimputer,ordinalencoder,polynomial_features,standard,GaussianNB(),0,0.5789473684210527,0.0010039806365966,0.0003094673156738,analcatdata_broadwaymult_452_results_GaussianNB().csv
analcatdata_broadwaymult_452,simpleimputer,ordinalencoder,polynomial_features,power,GaussianNB(),0,0.5789473684210527,0.0010344982147216,0.0003225803375244,analcatdata_broadwaymult_452_results_GaussianNB().csv
analcatdata_broadwaymult_452,simpleimputer,ordinalencoder,fastica,quantile,GaussianNB(),0,0.5789473684210527,0.0014710426330566,0.0003237724304199,analcatdata_broadwaymult_452_results_GaussianNB().csv
analcatdata_broadwaymult_452,simpleimputer,ordinalencoder,fastica,minmax,GaussianNB(),0,0.5614035087719298,0.0010650157928466,0.0003001689910888,analcatdata_broadwaymult_452_results_GaussianNB().csv
analcatdata_broadwaymult_452,simpleimputer,ordinalencoder,fastica,power,GaussianNB(),0,0.5614035087719298,0.001023530960083,0.0002706050872802,analcatdata_broadwaymult_452_results_GaussianNB().csv
analcatdata_broadwaymult_452,simpleimputer,ordinalencoder,fastica,standard,GaussianNB(),0,0.5614035087719298,0.001112937927246,0.0002987384796142,analcatdata_broadwaymult_452_results_GaussianNB().csv
analcatdata_broadwaymult_452,simpleimputer,ordinalencoder,fastica,none,GaussianNB(),0,0.5614035087719298,0.0009946823120117,0.0002768039703369,analcatdata_broadwaymult_452_results_GaussianNB().csv
analcatdata_broadwaymult_452,simpleimputer,ordinalencoder,linear_svc,power,GaussianNB(),0,0.543859649122807,0.0009639263153076,0.0002632141113281,analcatdata_broadwaymult_452_results_GaussianNB().csv
analcatdata_broadwaymult_452,simpleimputer,ordinalencoder,linear_svc,standard,GaussianNB(),0,0.543859649122807,0.0009469985961914,0.0002648830413818,analcatdata_broadwaymult_452_results_GaussianNB().csv
analcatdata_broadwaymult_452,simpleimputer,ordinalencoder,linear_svc,robust,GaussianNB(),0,0.543859649122807,0.0009984970092773,0.0002636909484863,analcatdata_broadwaymult_452_results_GaussianNB().csv
analcatdata_broadwaymult_452,simpleimputer,ordinalencoder,none,normalizer,GaussianNB(),0,0.5263157894736842,0.0011413097381591,0.0003652572631835,analcatdata_broadwaymult_452_results_GaussianNB().csv
analcatdata_broadwaymult_452,simpleimputer,ordinalencoder,none,robust,GaussianNB(),0,0.5263157894736842,0.0011482238769531,0.000354528427124,analcatdata_broadwaymult_452_results_GaussianNB().csv
analcatdata_broadwaymult_452,simpleimputer,ordinalencoder,fastica,robust,GaussianNB(),0,0.5263157894736842,0.0012450218200683,0.0003128051757812,analcatdata_broadwaymult_452_results_GaussianNB().csv
analcatdata_broadwaymult_452,simpleimputer,ordinalencoder,none,minmax,GaussianNB(),0,0.5263157894736842,0.0012261867523193,0.0002887248992919,analcatdata_broadwaymult_452_results_GaussianNB().csv
analcatdata_broadwaymult_452,simpleimputer,ordinalencoder,none,none,GaussianNB(),0,0.5263157894736842,0.0024137496948242,0.0011658668518066,analcatdata_broadwaymult_452_results_GaussianNB().csv
analcatdata_broadwaymult_452,simpleimputer,ordinalencoder,none,standard,GaussianNB(),0,0.5263157894736842,0.0012001991271972,0.0003800392150878,analcatdata_broadwaymult_452_results_GaussianNB().csv
analcatdata_broadwaymult_452,simpleimputer,ordinalencoder,extra_tree,normalizer,GaussianNB(),0,0.5087719298245614,0.0010261535644531,0.0002665519714355,analcatdata_broadwaymult_452_results_GaussianNB().csv
analcatdata_broadwaymult_452,simpleimputer,ordinalencoder,linear_svc,normalizer,GaussianNB(),0,0.5087719298245614,0.0010113716125488,0.0002727508544921,analcatdata_broadwaymult_452_results_GaussianNB().csv
students_scores_43097,none,onehot,pca,none,GaussianNB(),1,0.935,0.0012500286102294,0.0002021789550781,students_scores_43097_results_GaussianNB().csv
students_scores_43097,simpleimputer,onehot,pca,none,GaussianNB(),1,0.935,0.0011982917785644,0.0001904964447021,students_scores_43097_results_GaussianNB().csv
students_scores_43097,none,onehot,kernel_pca,none,GaussianNB(),1,0.935,0.0017189979553222,0.0002460479736328,students_scores_43097_results_GaussianNB().csv
students_scores_43097,simpleimputer,onehot,kernel_pca,none,GaussianNB(),1,0.935,0.0018141269683837,0.0002224445343017,students_scores_43097_results_GaussianNB().csv
students_scores_43097,simpleimputer,ordinalencoder,kernel_pca,none,GaussianNB(),1,0.92,0.0015439987182617,0.0002074241638183,students_scores_43097_results_GaussianNB().csv
students_scores_43097,none,ordinalencoder,fastica,standard,GaussianNB(),1,0.92,0.0011684894561767,0.0001676082611083,students_scores_43097_results_GaussianNB().csv
students_scores_43097,none,ordinalencoder,kernel_pca,none,GaussianNB(),1,0.92,0.0015897750854492,0.000216007232666,students_scores_43097_results_GaussianNB().csv
students_scores_43097,simpleimputer,onehot,kernel_pca,standard,GaussianNB(),4,0.92,0.0017831325531005,0.0002186298370361,students_scores_43097_results_GaussianNB().csv
students_scores_43097,simpleimputer,ordinalencoder,linear_svc,normalizer,GaussianNB(),1,0.92,0.0010623931884765,0.0001595020294189,students_scores_43097_results_GaussianNB().csv
students_scores_43097,none,onehot,kernel_pca,standard,GaussianNB(),4,0.92,0.0032734870910644,0.0002570152282714,students_scores_43097_results_GaussianNB().csv
students_scores_43097,simpleimputer,ordinalencoder,pca,none,GaussianNB(),1,0.92,0.0011408329010009,0.0001745223999023,students_scores_43097_results_GaussianNB().csv
students_scores_43097,none,ordinalencoder,linear_svc,normalizer,GaussianNB(),1,0.92,0.0010678768157958,0.0001575946807861,students_scores_43097_results_GaussianNB().csv
students_scores_43097,none,onehot,kernel_pca,power,GaussianNB(),4,0.92,0.0017611980438232,0.0002171993255615,students_scores_43097_results_GaussianNB().csv
students_scores_43097,none,onehot,pca,power,GaussianNB(),4,0.92,0.0012099742889404,0.0001811981201171,students_scores_43097_results_GaussianNB().csv
students_scores_43097,simpleimputer,ordinalencoder,fastica,power,GaussianNB(),1,0.92,0.0011935234069824,0.0001811981201171,students_scores_43097_results_GaussianNB().csv
students_scores_43097,simpleimputer,ordinalencoder,fastica,standard,GaussianNB(),1,0.92,0.0012128353118896,0.0001776218414306,students_scores_43097_results_GaussianNB().csv
students_scores_43097,none,ordinalencoder,pca,none,GaussianNB(),1,0.92,0.0012617111206054,0.0001819133758544,students_scores_43097_results_GaussianNB().csv
students_scores_43097,simpleimputer,onehot,pca,standard,GaussianNB(),4,0.92,0.0011794567108154,0.0001816749572753,students_scores_43097_results_GaussianNB().csv
students_scores_43097,simpleimputer,onehot,kernel_pca,power,GaussianNB(),4,0.92,0.0016252994537353,0.0002157688140869,students_scores_43097_results_GaussianNB().csv
students_scores_43097,simpleimputer,onehot,pca,power,GaussianNB(),4,0.92,0.001591682434082,0.0002663135528564,students_scores_43097_results_GaussianNB().csv
KungChi3_1441,none,none,generic_univariate,quantile,GaussianNB(),4,1.0,0.0007128715515136,0.0001425743103027,KungChi3_1441_results_GaussianNB().csv
KungChi3_1441,simpleimputer,ordinalencoder,select_percentile,normalizer,GaussianNB(),4,1.0,0.0007603168487548,0.0001740455627441,KungChi3_1441_results_GaussianNB().csv
KungChi3_1441,simpleimputer,ordinalencoder,generic_univariate,none,GaussianNB(),4,1.0,0.0007908344268798,0.0001454353332519,KungChi3_1441_results_GaussianNB().csv
KungChi3_1441,simpleimputer,ordinalencoder,rbf_sampler,standard,GaussianNB(),4,1.0,0.0008270740509033,0.0002000331878662,KungChi3_1441_results_GaussianNB().csv
KungChi3_1441,simpleimputer,none,generic_univariate,standard,GaussianNB(),4,1.0,0.0007300376892089,0.0001404285430908,KungChi3_1441_results_GaussianNB().csv
KungChi3_1441,simpleimputer,onehot,feature_agglomeration,robust,GaussianNB(),4,1.0,0.0008106231689453,0.0001475811004638,KungChi3_1441_results_GaussianNB().csv
KungChi3_1441,simpleimputer,none,generic_univariate,minmax,GaussianNB(),4,1.0,0.0006928443908691,0.0001406669616699,KungChi3_1441_results_GaussianNB().csv
KungChi3_1441,none,none,generic_univariate,minmax,GaussianNB(),4,1.0,0.0008671283721923,0.0001468658447265,KungChi3_1441_results_GaussianNB().csv
KungChi3_1441,simpleimputer,ordinalencoder,generic_univariate,standard,GaussianNB(),4,1.0,0.0007843971252441,0.0001435279846191,KungChi3_1441_results_GaussianNB().csv
KungChi3_1441,none,ordinalencoder,generic_univariate,power,GaussianNB(),4,1.0,0.0007460117340087,0.0001392364501953,KungChi3_1441_results_GaussianNB().csv
KungChi3_1441,simpleimputer,none,select_percentile,normalizer,GaussianNB(),4,1.0,0.0007357597351074,0.0001523494720458,KungChi3_1441_results_GaussianNB().csv
KungChi3_1441,simpleimputer,ordinalencoder,generic_univariate,normalizer,GaussianNB(),4,1.0,0.0007915496826171,0.0001440048217773,KungChi3_1441_results_GaussianNB().csv
KungChi3_1441,simpleimputer,onehot,generic_univariate,quantile,GaussianNB(),4,1.0,0.0007054805755615,0.0001459121704101,KungChi3_1441_results_GaussianNB().csv
KungChi3_1441,simpleimputer,ordinalencoder,generic_univariate,robust,GaussianNB(),4,1.0,0.0008549690246582,0.0001561641693115,KungChi3_1441_results_GaussianNB().csv
KungChi3_1441,simpleimputer,onehot,generic_univariate,none,GaussianNB(),4,1.0,0.0007581710815429,0.0001413822174072,KungChi3_1441_results_GaussianNB().csv
KungChi3_1441,none,onehot,generic_univariate,power,GaussianNB(),4,1.0,0.0007236003875732,0.0001564025878906,KungChi3_1441_results_GaussianNB().csv
KungChi3_1441,none,none,generic_univariate,none,GaussianNB(),4,1.0,0.0007402896881103,0.0001699924468994,KungChi3_1441_results_GaussianNB().csv
KungChi3_1441,simpleimputer,ordinalencoder,generic_univariate,quantile,GaussianNB(),4,1.0,0.0007996559143066,0.0001440048217773,KungChi3_1441_results_GaussianNB().csv
KungChi3_1441,simpleimputer,none,rbf_sampler,standard,GaussianNB(),4,1.0,0.0007951259613037,0.0001864433288574,KungChi3_1441_results_GaussianNB().csv
KungChi3_1441,none,onehot,select_percentile,normalizer,GaussianNB(),4,1.0,0.000784158706665,0.0001473426818847,KungChi3_1441_results_GaussianNB().csv
autoUniv-au7-700_1553,none,onehot,linear_svc,robust,GaussianNB(),2,0.5214285714285715,0.0011913776397705,0.0002009868621826,autoUniv-au7-700_1553_results_GaussianNB().csv
autoUniv-au7-700_1553,simpleimputer,onehot,linear_svc,robust,GaussianNB(),2,0.5214285714285715,0.0010676383972167,0.000192642211914,autoUniv-au7-700_1553_results_GaussianNB().csv
autoUniv-au7-700_1553,none,ordinalencoder,polynomial_features,quantile,GaussianNB(),2,0.5,0.001572847366333,0.0003120899200439,autoUniv-au7-700_1553_results_GaussianNB().csv
autoUniv-au7-700_1553,none,ordinalencoder,polynomial_features,robust,GaussianNB(),2,0.5,0.0013678073883056,0.0002901554107666,autoUniv-au7-700_1553_results_GaussianNB().csv
autoUniv-au7-700_1553,simpleimputer,ordinalencoder,polynomial_features,robust,GaussianNB(),2,0.5,0.0013635158538818,0.0002758502960205,autoUniv-au7-700_1553_results_GaussianNB().csv
autoUniv-au7-700_1553,simpleimputer,ordinalencoder,polynomial_features,quantile,GaussianNB(),2,0.5,0.0013718605041503,0.0002908706665039,autoUniv-au7-700_1553_results_GaussianNB().csv
autoUniv-au7-700_1553,simpleimputer,onehot,linear_svc,quantile,GaussianNB(),3,0.4857142857142857,0.0011265277862548,0.000195026397705,autoUniv-au7-700_1553_results_GaussianNB().csv
autoUniv-au7-700_1553,none,onehot,linear_svc,minmax,GaussianNB(),3,0.4857142857142857,0.0010995864868164,0.0001981258392333,autoUniv-au7-700_1553_results_GaussianNB().csv
autoUniv-au7-700_1553,none,ordinalencoder,nystroem,robust,GaussianNB(),2,0.4857142857142857,0.0019378662109375,0.0003674030303955,autoUniv-au7-700_1553_results_GaussianNB().csv
autoUniv-au7-700_1553,simpleimputer,ordinalencoder,select_percentile,quantile,GaussianNB(),3,0.4857142857142857,0.0011656284332275,0.0001904964447021,autoUniv-au7-700_1553_results_GaussianNB().csv
autoUniv-au7-700_1553,none,onehot,linear_svc,quantile,GaussianNB(),3,0.4857142857142857,0.0010643005371093,0.0001873970031738,autoUniv-au7-700_1553_results_GaussianNB().csv
autoUniv-au7-700_1553,none,onehot,select_percentile,quantile,GaussianNB(),3,0.4857142857142857,0.0011420249938964,0.0001850128173828,autoUniv-au7-700_1553_results_GaussianNB().csv
autoUniv-au7-700_1553,simpleimputer,ordinalencoder,nystroem,robust,GaussianNB(),2,0.4857142857142857,0.0018596649169921,0.000394582748413,autoUniv-au7-700_1553_results_GaussianNB().csv
autoUniv-au7-700_1553,none,ordinalencoder,select_percentile,quantile,GaussianNB(),3,0.4857142857142857,0.001164436340332,0.0001857280731201,autoUniv-au7-700_1553_results_GaussianNB().csv
autoUniv-au7-700_1553,simpleimputer,onehot,linear_svc,minmax,GaussianNB(),3,0.4857142857142857,0.0011940002441406,0.0001933574676513,autoUniv-au7-700_1553_results_GaussianNB().csv
autoUniv-au7-700_1553,simpleimputer,onehot,nystroem,standard,GaussianNB(),0,0.4857142857142857,0.002007246017456,0.0003647804260253,autoUniv-au7-700_1553_results_GaussianNB().csv
autoUniv-au7-700_1553,simpleimputer,ordinalencoder,polynomial_features,minmax,GaussianNB(),2,0.4857142857142857,0.0014336109161376,0.0002908706665039,autoUniv-au7-700_1553_results_GaussianNB().csv
autoUniv-au7-700_1553,none,ordinalencoder,polynomial_features,standard,GaussianNB(),2,0.4857142857142857,0.0013298988342285,0.0002875328063964,autoUniv-au7-700_1553_results_GaussianNB().csv
autoUniv-au7-700_1553,none,ordinalencoder,polynomial_features,minmax,GaussianNB(),2,0.4857142857142857,0.0013496875762939,0.0002851486206054,autoUniv-au7-700_1553_results_GaussianNB().csv
autoUniv-au7-700_1553,simpleimputer,onehot,select_percentile,quantile,GaussianNB(),3,0.4857142857142857,0.0011322498321533,0.000187873840332,autoUniv-au7-700_1553_results_GaussianNB().csv
pm10_750,simpleimputer,none,nystroem,robust,GaussianNB(),4,0.66,0.0014009475708007,0.0002412796020507,pm10_750_results_GaussianNB().csv
pm10_750,simpleimputer,onehot,nystroem,robust,GaussianNB(),4,0.66,0.00154709815979,0.0002570152282714,pm10_750_results_GaussianNB().csv
pm10_750,none,none,nystroem,quantile,GaussianNB(),0,0.66,0.0014271736145019,0.0002498626708984,pm10_750_results_GaussianNB().csv
pm10_750,none,onehot,nystroem,robust,GaussianNB(),4,0.66,0.0014166831970214,0.0002546310424804,pm10_750_results_GaussianNB().csv
pm10_750,none,ordinalencoder,nystroem,quantile,GaussianNB(),0,0.66,0.001497745513916,0.0002636909484863,pm10_750_results_GaussianNB().csv
pm10_750,none,none,nystroem,robust,GaussianNB(),4,0.66,0.0015506744384765,0.0002472400665283,pm10_750_results_GaussianNB().csv
pm10_750,simpleimputer,ordinalencoder,nystroem,robust,GaussianNB(),4,0.66,0.0015180110931396,0.0003013610839843,pm10_750_results_GaussianNB().csv
pm10_750,simpleimputer,none,nystroem,quantile,GaussianNB(),0,0.66,0.0015959739685058,0.0002627372741699,pm10_750_results_GaussianNB().csv
pm10_750,simpleimputer,ordinalencoder,nystroem,quantile,GaussianNB(),0,0.66,0.0014083385467529,0.0002739429473876,pm10_750_results_GaussianNB().csv
pm10_750,none,ordinalencoder,nystroem,robust,GaussianNB(),4,0.66,0.0015947818756103,0.0002741813659667,pm10_750_results_GaussianNB().csv
pm10_750,simpleimputer,onehot,nystroem,quantile,GaussianNB(),0,0.66,0.0015079975128173,0.000262975692749,pm10_750_results_GaussianNB().csv
pm10_750,none,onehot,nystroem,quantile,GaussianNB(),0,0.66,0.0013978481292724,0.0002417564392089,pm10_750_results_GaussianNB().csv
pm10_750,simpleimputer,ordinalencoder,rbf_sampler,quantile,GaussianNB(),0,0.65,0.0014562606811523,0.0002543926239013,pm10_750_results_GaussianNB().csv
pm10_750,none,none,rbf_sampler,quantile,GaussianNB(),0,0.65,0.0015609264373779,0.0002496242523193,pm10_750_results_GaussianNB().csv
pm10_750,none,ordinalencoder,rbf_sampler,quantile,GaussianNB(),0,0.65,0.0014247894287109,0.0002577304840087,pm10_750_results_GaussianNB().csv
pm10_750,simpleimputer,none,rbf_sampler,quantile,GaussianNB(),0,0.65,0.0016038417816162,0.0002593994140625,pm10_750_results_GaussianNB().csv
pm10_750,simpleimputer,onehot,rbf_sampler,quantile,GaussianNB(),0,0.65,0.0015912055969238,0.0002591609954833,pm10_750_results_GaussianNB().csv
pm10_750,none,onehot,rbf_sampler,quantile,GaussianNB(),0,0.65,0.00152587890625,0.0002603530883789,pm10_750_results_GaussianNB().csv
pm10_750,none,ordinalencoder,polynomial_features,minmax,GaussianNB(),4,0.63,0.0009436607360839,0.0001764297485351,pm10_750_results_GaussianNB().csv
pm10_750,simpleimputer,onehot,polynomial_features,minmax,GaussianNB(),4,0.63,0.0009732246398925,0.0001773834228515,pm10_750_results_GaussianNB().csv
algerian_forest_fires_46279,simpleimputer,none,select_percentile,robust,GaussianNB(),3,1.0,0.0009486675262451,0.000176191329956,algerian_forest_fires_46279_results_GaussianNB().csv
algerian_forest_fires_46279,none,none,select_percentile,robust,GaussianNB(),3,1.0,0.0009000301361083,0.0001537799835205,algerian_forest_fires_46279_results_GaussianNB().csv
algerian_forest_fires_46279,none,onehot,select_percentile,standard,GaussianNB(),3,1.0,0.0008797645568847,0.0001537799835205,algerian_forest_fires_46279_results_GaussianNB().csv
algerian_forest_fires_46279,none,onehot,select_percentile,robust,GaussianNB(),3,1.0,0.0008535385131835,0.0001516342163085,algerian_forest_fires_46279_results_GaussianNB().csv
algerian_forest_fires_46279,simpleimputer,none,select_percentile,quantile,GaussianNB(),3,1.0,0.0008625984191894,0.000152587890625,algerian_forest_fires_46279_results_GaussianNB().csv
algerian_forest_fires_46279,none,none,select_percentile,none,GaussianNB(),3,1.0,0.0008628368377685,0.0001552104949951,algerian_forest_fires_46279_results_GaussianNB().csv
algerian_forest_fires_46279,none,none,select_percentile,normalizer,GaussianNB(),3,1.0,0.0008864402770996,0.0001630783081054,algerian_forest_fires_46279_results_GaussianNB().csv
algerian_forest_fires_46279,simpleimputer,ordinalencoder,select_percentile,standard,GaussianNB(),3,1.0,0.0008959770202636,0.0001554489135742,algerian_forest_fires_46279_results_GaussianNB().csv
algerian_forest_fires_46279,simpleimputer,ordinalencoder,select_percentile,none,GaussianNB(),3,1.0,0.0009524822235107,0.0001766681671142,algerian_forest_fires_46279_results_GaussianNB().csv
algerian_forest_fires_46279,none,none,select_percentile,minmax,GaussianNB(),3,1.0,0.0008244514465332,0.0001506805419921,algerian_forest_fires_46279_results_GaussianNB().csv
algerian_forest_fires_46279,none,onehot,select_percentile,normalizer,GaussianNB(),3,1.0,0.0008740425109863,0.0001547336578369,algerian_forest_fires_46279_results_GaussianNB().csv
algerian_forest_fires_46279,none,ordinalencoder,select_percentile,none,GaussianNB(),3,1.0,0.0010468959808349,0.0001771450042724,algerian_forest_fires_46279_results_GaussianNB().csv
algerian_forest_fires_46279,simpleimputer,onehot,select_percentile,minmax,GaussianNB(),3,1.0,0.0008726119995117,0.0001568794250488,algerian_forest_fires_46279_results_GaussianNB().csv
algerian_forest_fires_46279,simpleimputer,onehot,select_percentile,quantile,GaussianNB(),3,1.0,0.0011286735534667,0.000173807144165,algerian_forest_fires_46279_results_GaussianNB().csv
algerian_forest_fires_46279,simpleimputer,ordinalencoder,select_percentile,robust,GaussianNB(),3,1.0,0.0008196830749511,0.0001518726348876,algerian_forest_fires_46279_results_GaussianNB().csv
algerian_forest_fires_46279,none,none,select_percentile,standard,GaussianNB(),3,1.0,0.0008463859558105,0.0001509189605712,algerian_forest_fires_46279_results_GaussianNB().csv
algerian_forest_fires_46279,simpleimputer,none,select_percentile,none,GaussianNB(),3,1.0,0.0008556842803955,0.0001497268676757,algerian_forest_fires_46279_results_GaussianNB().csv
algerian_forest_fires_46279,simpleimputer,ordinalencoder,select_percentile,quantile,GaussianNB(),3,1.0,0.0008182525634765,0.0001502037048339,algerian_forest_fires_46279_results_GaussianNB().csv
algerian_forest_fires_46279,none,ordinalencoder,select_percentile,robust,GaussianNB(),3,1.0,0.000842809677124,0.0001499652862548,algerian_forest_fires_46279_results_GaussianNB().csv
algerian_forest_fires_46279,simpleimputer,ordinalencoder,select_percentile,normalizer,GaussianNB(),3,1.0,0.0008234977722167,0.0001535415649414,algerian_forest_fires_46279_results_GaussianNB().csv
fri_c3_500_50_937,none,ordinalencoder,extra_tree,power,GaussianNB(),2,0.74,0.0011248588562011,0.0001735687255859,fri_c3_500_50_937_results_GaussianNB().csv
fri_c3_500_50_937,none,ordinalencoder,extra_tree,quantile,GaussianNB(),2,0.74,0.0009939670562744,0.0001623630523681,fri_c3_500_50_937_results_GaussianNB().csv
fri_c3_500_50_937,simpleimputer,onehot,extra_tree,power,GaussianNB(),2,0.74,0.0010130405426025,0.0001652240753173,fri_c3_500_50_937_results_GaussianNB().csv
fri_c3_500_50_937,none,none,extra_tree,quantile,GaussianNB(),2,0.74,0.0010459423065185,0.0001659393310546,fri_c3_500_50_937_results_GaussianNB().csv
fri_c3_500_50_937,none,onehot,extra_tree,power,GaussianNB(),2,0.74,0.0010657310485839,0.0001764297485351,fri_c3_500_50_937_results_GaussianNB().csv
fri_c3_500_50_937,simpleimputer,ordinalencoder,extra_tree,quantile,GaussianNB(),2,0.74,0.0010597705841064,0.0001804828643798,fri_c3_500_50_937_results_GaussianNB().csv
fri_c3_500_50_937,simpleimputer,ordinalencoder,extra_tree,power,GaussianNB(),2,0.74,0.0009787082672119,0.0001659393310546,fri_c3_500_50_937_results_GaussianNB().csv
fri_c3_500_50_937,none,onehot,extra_tree,quantile,GaussianNB(),2,0.74,0.0010173320770263,0.0001695156097412,fri_c3_500_50_937_results_GaussianNB().csv
fri_c3_500_50_937,none,none,extra_tree,power,GaussianNB(),2,0.74,0.0009760856628417,0.0001635551452636,fri_c3_500_50_937_results_GaussianNB().csv
fri_c3_500_50_937,simpleimputer,onehot,extra_tree,quantile,GaussianNB(),2,0.74,0.0010149478912353,0.0001649856567382,fri_c3_500_50_937_results_GaussianNB().csv
fri_c3_500_50_937,simpleimputer,none,extra_tree,power,GaussianNB(),2,0.74,0.0010595321655273,0.0001652240753173,fri_c3_500_50_937_results_GaussianNB().csv
fri_c3_500_50_937,simpleimputer,none,extra_tree,quantile,GaussianNB(),2,0.74,0.001061201095581,0.0001904964447021,fri_c3_500_50_937_results_GaussianNB().csv
fri_c3_500_50_937,simpleimputer,ordinalencoder,extra_tree,normalizer,GaussianNB(),2,0.73,0.0010082721710205,0.000162124633789,fri_c3_500_50_937_results_GaussianNB().csv
fri_c3_500_50_937,simpleimputer,onehot,extra_tree,normalizer,GaussianNB(),2,0.73,0.0010271072387695,0.0001654624938964,fri_c3_500_50_937_results_GaussianNB().csv
fri_c3_500_50_937,simpleimputer,none,extra_tree,normalizer,GaussianNB(),2,0.73,0.0009782314300537,0.0001640319824218,fri_c3_500_50_937_results_GaussianNB().csv
fri_c3_500_50_937,none,ordinalencoder,extra_tree,normalizer,GaussianNB(),2,0.73,0.0010035037994384,0.0001635551452636,fri_c3_500_50_937_results_GaussianNB().csv
fri_c3_500_50_937,none,none,extra_tree,normalizer,GaussianNB(),2,0.73,0.0009951591491699,0.0001649856567382,fri_c3_500_50_937_results_GaussianNB().csv
fri_c3_500_50_937,none,onehot,extra_tree,normalizer,GaussianNB(),2,0.73,0.0010340213775634,0.0001611709594726,fri_c3_500_50_937_results_GaussianNB().csv
fri_c3_500_50_937,simpleimputer,none,linear_svc,none,GaussianNB(),2,0.72,0.0009686946868896,0.0001652240753173,fri_c3_500_50_937_results_GaussianNB().csv
fri_c3_500_50_937,simpleimputer,onehot,linear_svc,power,GaussianNB(),2,0.72,0.0009219646453857,0.0001623630523681,fri_c3_500_50_937_results_GaussianNB().csv
fri_c2_1000_50_866,none,none,select_percentile,standard,GaussianNB(),3,0.825,0.0011513233184814,0.0001664161682128,fri_c2_1000_50_866_results_GaussianNB().csv
fri_c2_1000_50_866,simpleimputer,ordinalencoder,select_percentile,quantile,GaussianNB(),3,0.825,0.0011477470397949,0.0001630783081054,fri_c2_1000_50_866_results_GaussianNB().csv
fri_c2_1000_50_866,simpleimputer,ordinalencoder,select_percentile,robust,GaussianNB(),3,0.825,0.0012784004211425,0.0001792907714843,fri_c2_1000_50_866_results_GaussianNB().csv
fri_c2_1000_50_866,none,ordinalencoder,extra_tree,none,GaussianNB(),3,0.825,0.0012269020080566,0.0001847743988037,fri_c2_1000_50_866_results_GaussianNB().csv
fri_c2_1000_50_866,simpleimputer,none,select_percentile,normalizer,GaussianNB(),3,0.825,0.0011301040649414,0.0001611709594726,fri_c2_1000_50_866_results_GaussianNB().csv
fri_c2_1000_50_866,none,ordinalencoder,extra_tree,standard,GaussianNB(),3,0.825,0.0012674331665039,0.0002133846282958,fri_c2_1000_50_866_results_GaussianNB().csv
fri_c2_1000_50_866,simpleimputer,none,select_percentile,standard,GaussianNB(),3,0.825,0.0012621879577636,0.0001728534698486,fri_c2_1000_50_866_results_GaussianNB().csv
fri_c2_1000_50_866,none,none,select_percentile,quantile,GaussianNB(),3,0.825,0.001190185546875,0.0001680850982666,fri_c2_1000_50_866_results_GaussianNB().csv
fri_c2_1000_50_866,simpleimputer,ordinalencoder,extra_tree,robust,GaussianNB(),3,0.825,0.0012574195861816,0.0001697540283203,fri_c2_1000_50_866_results_GaussianNB().csv
fri_c2_1000_50_866,none,none,extra_tree,quantile,GaussianNB(),3,0.825,0.0012099742889404,0.0001745223999023,fri_c2_1000_50_866_results_GaussianNB().csv
fri_c2_1000_50_866,simpleimputer,none,select_percentile,minmax,GaussianNB(),3,0.825,0.0012001991271972,0.0001850128173828,fri_c2_1000_50_866_results_GaussianNB().csv
fri_c2_1000_50_866,simpleimputer,onehot,extra_tree,standard,GaussianNB(),3,0.825,0.001298189163208,0.0001783370971679,fri_c2_1000_50_866_results_GaussianNB().csv
fri_c2_1000_50_866,none,none,select_percentile,minmax,GaussianNB(),3,0.825,0.0011622905731201,0.0001652240753173,fri_c2_1000_50_866_results_GaussianNB().csv
fri_c2_1000_50_866,none,none,extra_tree,minmax,GaussianNB(),3,0.825,0.0013301372528076,0.0001795291900634,fri_c2_1000_50_866_results_GaussianNB().csv
fri_c2_1000_50_866,none,onehot,extra_tree,standard,GaussianNB(),3,0.825,0.0012364387512207,0.000173807144165,fri_c2_1000_50_866_results_GaussianNB().csv
fri_c2_1000_50_866,simpleimputer,onehot,extra_tree,minmax,GaussianNB(),3,0.825,0.001190185546875,0.0001590251922607,fri_c2_1000_50_866_results_GaussianNB().csv
fri_c2_1000_50_866,simpleimputer,none,extra_tree,robust,GaussianNB(),3,0.825,0.0011160373687744,0.0003402233123779,fri_c2_1000_50_866_results_GaussianNB().csv
fri_c2_1000_50_866,simpleimputer,onehot,select_percentile,none,GaussianNB(),3,0.825,0.0011920928955078,0.0001692771911621,fri_c2_1000_50_866_results_GaussianNB().csv
fri_c2_1000_50_866,simpleimputer,none,extra_tree,quantile,GaussianNB(),3,0.825,0.0012032985687255,0.0001642704010009,fri_c2_1000_50_866_results_GaussianNB().csv
fri_c2_1000_50_866,none,ordinalencoder,extra_tree,robust,GaussianNB(),3,0.825,0.0011768341064453,0.0001602172851562,fri_c2_1000_50_866_results_GaussianNB().csv
fruitfly_714,none,onehot,fastica,quantile,GaussianNB(),3,0.72,0.000777244567871,0.0001466274261474,fruitfly_714_results_GaussianNB().csv
fruitfly_714,simpleimputer,none,feature_agglomeration,minmax,GaussianNB(),0,0.72,0.0007283687591552,0.0001418590545654,fruitfly_714_results_GaussianNB().csv
fruitfly_714,simpleimputer,ordinalencoder,none,power,GaussianNB(),3,0.72,0.0007996559143066,0.0001571178436279,fruitfly_714_results_GaussianNB().csv
fruitfly_714,simpleimputer,none,extra_tree,minmax,GaussianNB(),3,0.72,0.0007388591766357,0.0001428127288818,fruitfly_714_results_GaussianNB().csv
fruitfly_714,none,onehot,none,quantile,GaussianNB(),3,0.72,0.0009241104125976,0.0001680850982666,fruitfly_714_results_GaussianNB().csv
fruitfly_714,none,ordinalencoder,none,quantile,GaussianNB(),3,0.72,0.0008959770202636,0.0001704692840576,fruitfly_714_results_GaussianNB().csv
fruitfly_714,none,ordinalencoder,fastica,quantile,GaussianNB(),3,0.72,0.0007109642028808,0.0001428127288818,fruitfly_714_results_GaussianNB().csv
fruitfly_714,simpleimputer,ordinalencoder,linear_svc,standard,GaussianNB(),3,0.72,0.0007784366607666,0.000148057937622,fruitfly_714_results_GaussianNB().csv
fruitfly_714,simpleimputer,ordinalencoder,extra_tree,standard,GaussianNB(),3,0.72,0.0007493495941162,0.000169038772583,fruitfly_714_results_GaussianNB().csv
fruitfly_714,simpleimputer,ordinalencoder,none,quantile,GaussianNB(),3,0.72,0.0008561611175537,0.0001649856567382,fruitfly_714_results_GaussianNB().csv
fruitfly_714,none,ordinalencoder,none,power,GaussianNB(),3,0.72,0.0007648468017578,0.0001971721649169,fruitfly_714_results_GaussianNB().csv
fruitfly_714,simpleimputer,none,fastica,quantile,GaussianNB(),3,0.72,0.0007047653198242,0.0001428127288818,fruitfly_714_results_GaussianNB().csv
fruitfly_714,none,none,extra_tree,standard,GaussianNB(),3,0.72,0.00075364112854,0.0001468658447265,fruitfly_714_results_GaussianNB().csv
fruitfly_714,none,ordinalencoder,extra_tree,none,GaussianNB(),3,0.72,0.0007438659667968,0.0001423358917236,fruitfly_714_results_GaussianNB().csv
fruitfly_714,none,onehot,truncated_svd,minmax,GaussianNB(),4,0.72,0.0007429122924804,0.00014328956604,fruitfly_714_results_GaussianNB().csv
fruitfly_714,simpleimputer,none,linear_svc,minmax,GaussianNB(),3,0.72,0.0007407665252685,0.0001413822174072,fruitfly_714_results_GaussianNB().csv
fruitfly_714,none,none,linear_svc,standard,GaussianNB(),3,0.72,0.000730276107788,0.0001449584960937,fruitfly_714_results_GaussianNB().csv
fruitfly_714,none,ordinalencoder,extra_tree,robust,GaussianNB(),3,0.72,0.0007822513580322,0.000145673751831,fruitfly_714_results_GaussianNB().csv
fruitfly_714,none,ordinalencoder,linear_svc,robust,GaussianNB(),3,0.72,0.0007293224334716,0.0001389980316162,fruitfly_714_results_GaussianNB().csv
fruitfly_714,simpleimputer,ordinalencoder,fastica,quantile,GaussianNB(),3,0.72,0.0007257461547851,0.0001411437988281,fruitfly_714_results_GaussianNB().csv
analcatdata_draft_984,simpleimputer,none,extra_tree,none,GaussianNB(),0,0.972972972972973,0.0009453296661376,0.0001575946807861,analcatdata_draft_984_results_GaussianNB().csv
analcatdata_draft_984,simpleimputer,none,fastica,none,GaussianNB(),0,0.972972972972973,0.0008840560913085,0.0001587867736816,analcatdata_draft_984_results_GaussianNB().csv
analcatdata_draft_984,simpleimputer,none,feature_agglomeration,none,GaussianNB(),0,0.972972972972973,0.0009584426879882,0.0001618862152099,analcatdata_draft_984_results_GaussianNB().csv
analcatdata_draft_984,simpleimputer,none,none,none,GaussianNB(),0,0.972972972972973,0.0019712448120117,0.0009996891021728,analcatdata_draft_984_results_GaussianNB().csv
analcatdata_draft_984,simpleimputer,none,kernel_pca,none,GaussianNB(),0,0.972972972972973,0.0011155605316162,0.0001895427703857,analcatdata_draft_984_results_GaussianNB().csv
analcatdata_draft_984,simpleimputer,ordinalencoder,truncated_svd,quantile,GaussianNB(),0,0.972972972972973,0.0009706020355224,0.0002133846282958,analcatdata_draft_984_results_GaussianNB().csv
analcatdata_draft_984,simpleimputer,none,linear_svc,none,GaussianNB(),0,0.972972972972973,0.0009088516235351,0.0001575946807861,analcatdata_draft_984_results_GaussianNB().csv
analcatdata_draft_984,simpleimputer,ordinalencoder,select_percentile,quantile,GaussianNB(),0,0.972972972972973,0.0008163452148437,0.0001497268676757,analcatdata_draft_984_results_GaussianNB().csv
analcatdata_draft_984,simpleimputer,none,pca,standard,GaussianNB(),0,0.972972972972973,0.000922679901123,0.0001664161682128,analcatdata_draft_984_results_GaussianNB().csv
analcatdata_draft_984,simpleimputer,ordinalencoder,pca,quantile,GaussianNB(),0,0.972972972972973,0.0009851455688476,0.0001730918884277,analcatdata_draft_984_results_GaussianNB().csv
analcatdata_draft_984,simpleimputer,ordinalencoder,generic_univariate,power,GaussianNB(),0,0.972972972972973,0.0008046627044677,0.0001473426818847,analcatdata_draft_984_results_GaussianNB().csv
analcatdata_draft_984,simpleimputer,ordinalencoder,fastica,quantile,GaussianNB(),0,0.972972972972973,0.0008637905120849,0.0001592636108398,analcatdata_draft_984_results_GaussianNB().csv
analcatdata_draft_984,simpleimputer,ordinalencoder,select_percentile,power,GaussianNB(),0,0.972972972972973,0.0008745193481445,0.0001735687255859,analcatdata_draft_984_results_GaussianNB().csv
analcatdata_draft_984,simpleimputer,ordinalencoder,kernel_pca,power,GaussianNB(),0,0.972972972972973,0.0012025833129882,0.0001876354217529,analcatdata_draft_984_results_GaussianNB().csv
analcatdata_draft_984,simpleimputer,none,generic_univariate,none,GaussianNB(),0,0.972972972972973,0.0010921955108642,0.0001547336578369,analcatdata_draft_984_results_GaussianNB().csv
analcatdata_draft_984,simpleimputer,ordinalencoder,linear_svc,quantile,GaussianNB(),0,0.972972972972973,0.0009708404541015,0.0001595020294189,analcatdata_draft_984_results_GaussianNB().csv
analcatdata_draft_984,simpleimputer,ordinalencoder,kernel_pca,quantile,GaussianNB(),0,0.972972972972973,0.0010778903961181,0.0001890659332275,analcatdata_draft_984_results_GaussianNB().csv
analcatdata_draft_984,simpleimputer,ordinalencoder,feature_agglomeration,quantile,GaussianNB(),0,0.972972972972973,0.0009288787841796,0.0001559257507324,analcatdata_draft_984_results_GaussianNB().csv
analcatdata_draft_984,simpleimputer,none,pca,none,GaussianNB(),0,0.972972972972973,0.0008559226989746,0.0001580715179443,analcatdata_draft_984_results_GaussianNB().csv
analcatdata_draft_984,simpleimputer,ordinalencoder,generic_univariate,quantile,GaussianNB(),0,0.972972972972973,0.0008273124694824,0.0001459121704101,analcatdata_draft_984_results_GaussianNB().csv
fri_c0_1000_50_904,simpleimputer,none,extra_tree,quantile,GaussianNB(),3,0.905,0.0012447834014892,0.0001721382141113,fri_c0_1000_50_904_results_GaussianNB().csv
fri_c0_1000_50_904,none,onehot,extra_tree,quantile,GaussianNB(),3,0.905,0.0011966228485107,0.0001657009124755,fri_c0_1000_50_904_results_GaussianNB().csv
fri_c0_1000_50_904,none,ordinalencoder,extra_tree,quantile,GaussianNB(),3,0.905,0.0012362003326416,0.0001647472381591,fri_c0_1000_50_904_results_GaussianNB().csv
fri_c0_1000_50_904,simpleimputer,ordinalencoder,extra_tree,quantile,GaussianNB(),3,0.905,0.0012142658233642,0.0001664161682128,fri_c0_1000_50_904_results_GaussianNB().csv
fri_c0_1000_50_904,none,none,extra_tree,quantile,GaussianNB(),3,0.905,0.001394510269165,0.0001676082611083,fri_c0_1000_50_904_results_GaussianNB().csv
fri_c0_1000_50_904,simpleimputer,onehot,extra_tree,quantile,GaussianNB(),3,0.905,0.0011930465698242,0.0001657009124755,fri_c0_1000_50_904_results_GaussianNB().csv
fri_c0_1000_50_904,none,ordinalencoder,extra_tree,normalizer,GaussianNB(),3,0.9,0.0011966228485107,0.0001652240753173,fri_c0_1000_50_904_results_GaussianNB().csv
fri_c0_1000_50_904,simpleimputer,onehot,extra_tree,power,GaussianNB(),3,0.9,0.0012714862823486,0.0001697540283203,fri_c0_1000_50_904_results_GaussianNB().csv
fri_c0_1000_50_904,simpleimputer,ordinalencoder,extra_tree,power,GaussianNB(),3,0.9,0.0012154579162597,0.0001623630523681,fri_c0_1000_50_904_results_GaussianNB().csv
fri_c0_1000_50_904,simpleimputer,none,extra_tree,power,GaussianNB(),3,0.9,0.0011942386627197,0.0001652240753173,fri_c0_1000_50_904_results_GaussianNB().csv
fri_c0_1000_50_904,simpleimputer,ordinalencoder,extra_tree,normalizer,GaussianNB(),3,0.9,0.0011930465698242,0.0001647472381591,fri_c0_1000_50_904_results_GaussianNB().csv
fri_c0_1000_50_904,none,onehot,extra_tree,normalizer,GaussianNB(),3,0.9,0.0014173984527587,0.0001795291900634,fri_c0_1000_50_904_results_GaussianNB().csv
fri_c0_1000_50_904,none,onehot,extra_tree,power,GaussianNB(),3,0.9,0.0011966228485107,0.0001671314239501,fri_c0_1000_50_904_results_GaussianNB().csv
fri_c0_1000_50_904,simpleimputer,onehot,extra_tree,normalizer,GaussianNB(),3,0.9,0.0011920928955078,0.0001640319824218,fri_c0_1000_50_904_results_GaussianNB().csv
fri_c0_1000_50_904,none,none,extra_tree,normalizer,GaussianNB(),3,0.9,0.001230239868164,0.0001659393310546,fri_c0_1000_50_904_results_GaussianNB().csv
fri_c0_1000_50_904,simpleimputer,none,extra_tree,normalizer,GaussianNB(),3,0.9,0.0012168884277343,0.0001614093780517,fri_c0_1000_50_904_results_GaussianNB().csv
fri_c0_1000_50_904,none,ordinalencoder,extra_tree,power,GaussianNB(),3,0.9,0.0011849403381347,0.0001659393310546,fri_c0_1000_50_904_results_GaussianNB().csv
fri_c0_1000_50_904,none,none,extra_tree,power,GaussianNB(),3,0.9,0.0012416839599609,0.000169038772583,fri_c0_1000_50_904_results_GaussianNB().csv
fri_c0_1000_50_904,none,onehot,linear_svc,quantile,GaussianNB(),3,0.895,0.0011346340179443,0.0001647472381591,fri_c0_1000_50_904_results_GaussianNB().csv
fri_c0_1000_50_904,none,onehot,extra_tree,robust,GaussianNB(),3,0.895,0.001216173171997,0.0001671314239501,fri_c0_1000_50_904_results_GaussianNB().csv
breast-w_15,simpleimputer,none,truncated_svd,none,GaussianNB(),3,0.9857142857142858,0.0009381771087646,0.0001506805419921,breast-w_15_results_GaussianNB().csv
breast-w_15,simpleimputer,onehot,truncated_svd,none,GaussianNB(),3,0.9857142857142858,0.0009894371032714,0.0001530647277832,breast-w_15_results_GaussianNB().csv
breast-w_15,simpleimputer,ordinalencoder,linear_svc,power,GaussianNB(),0,0.9857142857142858,0.0010459423065185,0.0001528263092041,breast-w_15_results_GaussianNB().csv
breast-w_15,simpleimputer,ordinalencoder,truncated_svd,standard,GaussianNB(),3,0.9857142857142858,0.0010011196136474,0.0001633167266845,breast-w_15_results_GaussianNB().csv
breast-w_15,simpleimputer,ordinalencoder,nystroem,robust,GaussianNB(),3,0.9857142857142858,0.0018866062164306,0.0002918243408203,breast-w_15_results_GaussianNB().csv
breast-w_15,simpleimputer,ordinalencoder,truncated_svd,none,GaussianNB(),3,0.9857142857142858,0.0010509490966796,0.000166893005371,breast-w_15_results_GaussianNB().csv
breast-w_15,simpleimputer,ordinalencoder,truncated_svd,robust,GaussianNB(),3,0.9857142857142858,0.0010366439819335,0.00016450881958,breast-w_15_results_GaussianNB().csv
breast-w_15,simpleimputer,none,polynomial_features,minmax,GaussianNB(),3,0.9857142857142858,0.0012619495391845,0.0002028942108154,breast-w_15_results_GaussianNB().csv
breast-w_15,simpleimputer,onehot,linear_svc,power,GaussianNB(),0,0.9857142857142858,0.0029489994049072,0.0004060268402099,breast-w_15_results_GaussianNB().csv
breast-w_15,simpleimputer,none,truncated_svd,standard,GaussianNB(),3,0.9857142857142858,0.0009515285491943,0.0001487731933593,breast-w_15_results_GaussianNB().csv
breast-w_15,simpleimputer,ordinalencoder,nystroem,minmax,GaussianNB(),3,0.9857142857142858,0.0020334720611572,0.0002906322479248,breast-w_15_results_GaussianNB().csv
breast-w_15,simpleimputer,onehot,polynomial_features,quantile,GaussianNB(),1,0.9857142857142858,0.0011191368103027,0.0001931190490722,breast-w_15_results_GaussianNB().csv
breast-w_15,simpleimputer,none,nystroem,minmax,GaussianNB(),3,0.9857142857142858,0.0018794536590576,0.0002851486206054,breast-w_15_results_GaussianNB().csv
breast-w_15,simpleimputer,onehot,truncated_svd,standard,GaussianNB(),3,0.9857142857142858,0.000960350036621,0.0001506805419921,breast-w_15_results_GaussianNB().csv
breast-w_15,simpleimputer,none,polynomial_features,quantile,GaussianNB(),1,0.9857142857142858,0.0011789798736572,0.0002055168151855,breast-w_15_results_GaussianNB().csv
breast-w_15,simpleimputer,none,linear_svc,power,GaussianNB(),0,0.9857142857142858,0.0010011196136474,0.0001511573791503,breast-w_15_results_GaussianNB().csv
breast-w_15,simpleimputer,ordinalencoder,feature_agglomeration,robust,GaussianNB(),3,0.9857142857142858,0.0009727478027343,0.000159740447998,breast-w_15_results_GaussianNB().csv
breast-w_15,simpleimputer,onehot,nystroem,robust,GaussianNB(),3,0.9857142857142858,0.0017285346984863,0.000288963317871,breast-w_15_results_GaussianNB().csv
breast-w_15,simpleimputer,onehot,truncated_svd,robust,GaussianNB(),3,0.9857142857142858,0.0009591579437255,0.0001540184020996,breast-w_15_results_GaussianNB().csv
breast-w_15,simpleimputer,none,feature_agglomeration,robust,GaussianNB(),3,0.9857142857142858,0.0011489391326904,0.0001707077026367,breast-w_15_results_GaussianNB().csv
chscase_census4_907,simpleimputer,none,kernel_pca,normalizer,GaussianNB(),3,0.6375,0.0011458396911621,0.0002250671386718,chscase_census4_907_results_GaussianNB().csv
chscase_census4_907,simpleimputer,none,pca,normalizer,GaussianNB(),3,0.6375,0.0008745193481445,0.0001511573791503,chscase_census4_907_results_GaussianNB().csv
chscase_census4_907,simpleimputer,ordinalencoder,kernel_pca,normalizer,GaussianNB(),3,0.6375,0.0011725425720214,0.0001890659332275,chscase_census4_907_results_GaussianNB().csv
chscase_census4_907,none,none,pca,normalizer,GaussianNB(),3,0.6375,0.0008778572082519,0.0001561641693115,chscase_census4_907_results_GaussianNB().csv
chscase_census4_907,none,onehot,pca,normalizer,GaussianNB(),3,0.6375,0.0008695125579833,0.0001595020294189,chscase_census4_907_results_GaussianNB().csv
chscase_census4_907,simpleimputer,onehot,pca,normalizer,GaussianNB(),3,0.6375,0.000948429107666,0.000169038772583,chscase_census4_907_results_GaussianNB().csv
chscase_census4_907,none,onehot,kernel_pca,normalizer,GaussianNB(),3,0.6375,0.0021607875823974,0.0003132820129394,chscase_census4_907_results_GaussianNB().csv
chscase_census4_907,simpleimputer,onehot,kernel_pca,normalizer,GaussianNB(),3,0.6375,0.0012493133544921,0.0002040863037109,chscase_census4_907_results_GaussianNB().csv
chscase_census4_907,simpleimputer,ordinalencoder,pca,normalizer,GaussianNB(),3,0.6375,0.0008957386016845,0.0001602172851562,chscase_census4_907_results_GaussianNB().csv
chscase_census4_907,none,none,kernel_pca,normalizer,GaussianNB(),3,0.6375,0.0010597705841064,0.0001788139343261,chscase_census4_907_results_GaussianNB().csv
chscase_census4_907,none,ordinalencoder,pca,normalizer,GaussianNB(),3,0.6375,0.0008788108825683,0.0001561641693115,chscase_census4_907_results_GaussianNB().csv
chscase_census4_907,none,ordinalencoder,kernel_pca,normalizer,GaussianNB(),3,0.6375,0.0010864734649658,0.0001788139343261,chscase_census4_907_results_GaussianNB().csv
chscase_census4_907,simpleimputer,none,rbf_sampler,normalizer,GaussianNB(),3,0.625,0.0012404918670654,0.0002133846282958,chscase_census4_907_results_GaussianNB().csv
chscase_census4_907,simpleimputer,none,polynomial_features,robust,GaussianNB(),3,0.625,0.0009315013885498,0.0001757144927978,chscase_census4_907_results_GaussianNB().csv
chscase_census4_907,none,ordinalencoder,truncated_svd,standard,GaussianNB(),0,0.625,0.0009081363677978,0.000157356262207,chscase_census4_907_results_GaussianNB().csv
chscase_census4_907,none,onehot,rbf_sampler,normalizer,GaussianNB(),3,0.625,0.0012378692626953,0.00022554397583,chscase_census4_907_results_GaussianNB().csv
chscase_census4_907,simpleimputer,none,truncated_svd,standard,GaussianNB(),0,0.625,0.0009160041809082,0.0001928806304931,chscase_census4_907_results_GaussianNB().csv
chscase_census4_907,simpleimputer,onehot,rbf_sampler,normalizer,GaussianNB(),3,0.625,0.0011708736419677,0.0002181529998779,chscase_census4_907_results_GaussianNB().csv
chscase_census4_907,none,ordinalencoder,rbf_sampler,normalizer,GaussianNB(),3,0.625,0.0013175010681152,0.0002148151397705,chscase_census4_907_results_GaussianNB().csv
chscase_census4_907,none,none,truncated_svd,standard,GaussianNB(),0,0.625,0.0008895397186279,0.000157356262207,chscase_census4_907_results_GaussianNB().csv
autoUniv-au1-1000_1547,none,ordinalencoder,linear_svc,none,GaussianNB(),4,0.78,0.0011374950408935,0.0001637935638427,autoUniv-au1-1000_1547_results_GaussianNB().csv
autoUniv-au1-1000_1547,none,none,linear_svc,none,GaussianNB(),4,0.78,0.001218557357788,0.0001606941223144,autoUniv-au1-1000_1547_results_GaussianNB().csv
autoUniv-au1-1000_1547,none,onehot,linear_svc,none,GaussianNB(),4,0.78,0.0010938644409179,0.0001533031463623,autoUniv-au1-1000_1547_results_GaussianNB().csv
autoUniv-au1-1000_1547,none,none,linear_svc,minmax,GaussianNB(),4,0.78,0.0011060237884521,0.0001683235168457,autoUniv-au1-1000_1547_results_GaussianNB().csv
autoUniv-au1-1000_1547,simpleimputer,none,linear_svc,standard,GaussianNB(),4,0.78,0.001157522201538,0.0001733303070068,autoUniv-au1-1000_1547_results_GaussianNB().csv
autoUniv-au1-1000_1547,none,none,linear_svc,robust,GaussianNB(),4,0.78,0.0011234283447265,0.0001981258392333,autoUniv-au1-1000_1547_results_GaussianNB().csv
autoUniv-au1-1000_1547,none,ordinalencoder,linear_svc,minmax,GaussianNB(),4,0.78,0.0012052059173583,0.0001943111419677,autoUniv-au1-1000_1547_results_GaussianNB().csv
autoUniv-au1-1000_1547,simpleimputer,ordinalencoder,linear_svc,standard,GaussianNB(),4,0.78,0.0011849403381347,0.0001742839813232,autoUniv-au1-1000_1547_results_GaussianNB().csv
autoUniv-au1-1000_1547,none,onehot,linear_svc,power,GaussianNB(),4,0.78,0.0011422634124755,0.000169038772583,autoUniv-au1-1000_1547_results_GaussianNB().csv
autoUniv-au1-1000_1547,none,ordinalencoder,linear_svc,standard,GaussianNB(),4,0.78,0.0012609958648681,0.0001764297485351,autoUniv-au1-1000_1547_results_GaussianNB().csv
autoUniv-au1-1000_1547,none,ordinalencoder,linear_svc,power,GaussianNB(),4,0.78,0.0011701583862304,0.0001740455627441,autoUniv-au1-1000_1547_results_GaussianNB().csv
autoUniv-au1-1000_1547,simpleimputer,none,linear_svc,quantile,GaussianNB(),4,0.78,0.001162052154541,0.0001759529113769,autoUniv-au1-1000_1547_results_GaussianNB().csv
autoUniv-au1-1000_1547,simpleimputer,ordinalencoder,linear_svc,minmax,GaussianNB(),4,0.78,0.0011022090911865,0.0001697540283203,autoUniv-au1-1000_1547_results_GaussianNB().csv
autoUniv-au1-1000_1547,simpleimputer,onehot,linear_svc,none,GaussianNB(),4,0.78,0.0012423992156982,0.0001659393310546,autoUniv-au1-1000_1547_results_GaussianNB().csv
autoUniv-au1-1000_1547,none,none,linear_svc,quantile,GaussianNB(),4,0.78,0.001051902770996,0.0001590251922607,autoUniv-au1-1000_1547_results_GaussianNB().csv
autoUniv-au1-1000_1547,simpleimputer,onehot,linear_svc,standard,GaussianNB(),4,0.78,0.0012075901031494,0.000178575515747,autoUniv-au1-1000_1547_results_GaussianNB().csv
autoUniv-au1-1000_1547,simpleimputer,none,linear_svc,power,GaussianNB(),4,0.78,0.0011396408081054,0.0001723766326904,autoUniv-au1-1000_1547_results_GaussianNB().csv
autoUniv-au1-1000_1547,none,none,linear_svc,power,GaussianNB(),4,0.78,0.0010759830474853,0.0001626014709472,autoUniv-au1-1000_1547_results_GaussianNB().csv
autoUniv-au1-1000_1547,simpleimputer,onehot,linear_svc,quantile,GaussianNB(),4,0.78,0.0012357234954833,0.0001759529113769,autoUniv-au1-1000_1547_results_GaussianNB().csv
autoUniv-au1-1000_1547,simpleimputer,ordinalencoder,linear_svc,robust,GaussianNB(),4,0.78,0.0011146068572998,0.0001709461212158,autoUniv-au1-1000_1547_results_GaussianNB().csv
blogger_1463,simpleimputer,onehot,nystroem,robust,GaussianNB(),3,0.95,0.0009360313415527,0.0001909732818603,blogger_1463_results_GaussianNB().csv
blogger_1463,simpleimputer,onehot,polynomial_features,normalizer,GaussianNB(),1,0.95,0.0007860660552978,0.0001711845397949,blogger_1463_results_GaussianNB().csv
blogger_1463,simpleimputer,onehot,polynomial_features,none,GaussianNB(),3,0.95,0.0008482933044433,0.0001823902130126,blogger_1463_results_GaussianNB().csv
blogger_1463,simpleimputer,ordinalencoder,rbf_sampler,none,GaussianNB(),3,0.95,0.0008621215820312,0.0002028942108154,blogger_1463_results_GaussianNB().csv
blogger_1463,simpleimputer,ordinalencoder,rbf_sampler,power,GaussianNB(),3,0.95,0.0009975433349609,0.0001688003540039,blogger_1463_results_GaussianNB().csv
blogger_1463,simpleimputer,onehot,polynomial_features,none,GaussianNB(),1,0.95,0.0008215904235839,0.0002069473266601,blogger_1463_results_GaussianNB().csv
blogger_1463,none,ordinalencoder,rbf_sampler,power,GaussianNB(),3,0.95,0.000823974609375,0.0002036094665527,blogger_1463_results_GaussianNB().csv
blogger_1463,none,onehot,nystroem,minmax,GaussianNB(),3,0.95,0.0010225772857666,0.0001952648162841,blogger_1463_results_GaussianNB().csv
blogger_1463,simpleimputer,ordinalencoder,nystroem,none,GaussianNB(),3,0.95,0.0009031295776367,0.000232458114624,blogger_1463_results_GaussianNB().csv
blogger_1463,none,onehot,polynomial_features,minmax,GaussianNB(),3,0.95,0.0008115768432617,0.0001766681671142,blogger_1463_results_GaussianNB().csv
blogger_1463,none,onehot,polynomial_features,quantile,GaussianNB(),1,0.95,0.0007729530334472,0.0001666545867919,blogger_1463_results_GaussianNB().csv
blogger_1463,none,onehot,polynomial_features,quantile,GaussianNB(),3,0.95,0.0007848739624023,0.0001893043518066,blogger_1463_results_GaussianNB().csv
blogger_1463,none,onehot,nystroem,standard,GaussianNB(),3,0.95,0.0009262561798095,0.0002191066741943,blogger_1463_results_GaussianNB().csv
blogger_1463,none,onehot,nystroem,quantile,GaussianNB(),3,0.95,0.0010256767272949,0.0001921653747558,blogger_1463_results_GaussianNB().csv
blogger_1463,simpleimputer,onehot,polynomial_features,normalizer,GaussianNB(),3,0.95,0.000781774520874,0.0001728534698486,blogger_1463_results_GaussianNB().csv
blogger_1463,none,onehot,nystroem,robust,GaussianNB(),3,0.95,0.0020239353179931,0.000192642211914,blogger_1463_results_GaussianNB().csv
blogger_1463,simpleimputer,onehot,polynomial_features,minmax,GaussianNB(),3,0.95,0.000845193862915,0.0001764297485351,blogger_1463_results_GaussianNB().csv
blogger_1463,none,onehot,polynomial_features,normalizer,GaussianNB(),3,0.95,0.0008161067962646,0.0001711845397949,blogger_1463_results_GaussianNB().csv
blogger_1463,simpleimputer,onehot,nystroem,standard,GaussianNB(),3,0.95,0.0009641647338867,0.0002799034118652,blogger_1463_results_GaussianNB().csv
blogger_1463,simpleimputer,onehot,polynomial_features,quantile,GaussianNB(),1,0.95,0.0008370876312255,0.0002093315124511,blogger_1463_results_GaussianNB().csv
analcatdata_reviewer_1008,simpleimputer,ordinalencoder,polynomial_features,power,GaussianNB(),2,0.75,0.0008928775787353,0.0001616477966308,analcatdata_reviewer_1008_results_GaussianNB().csv
analcatdata_reviewer_1008,simpleimputer,onehot,nystroem,normalizer,GaussianNB(),2,0.75,0.0012640953063964,0.0002319812774658,analcatdata_reviewer_1008_results_GaussianNB().csv
analcatdata_reviewer_1008,none,onehot,nystroem,normalizer,GaussianNB(),2,0.75,0.0012469291687011,0.0002193450927734,analcatdata_reviewer_1008_results_GaussianNB().csv
analcatdata_reviewer_1008,simpleimputer,ordinalencoder,none,minmax,GaussianNB(),2,0.7236842105263158,0.0008308887481689,0.0001559257507324,analcatdata_reviewer_1008_results_GaussianNB().csv
analcatdata_reviewer_1008,simpleimputer,onehot,none,none,GaussianNB(),2,0.7236842105263158,0.0009348392486572,0.0001709461212158,analcatdata_reviewer_1008_results_GaussianNB().csv
analcatdata_reviewer_1008,simpleimputer,ordinalencoder,linear_svc,normalizer,GaussianNB(),2,0.7236842105263158,0.0008573532104492,0.0001478195190429,analcatdata_reviewer_1008_results_GaussianNB().csv
analcatdata_reviewer_1008,none,onehot,none,power,GaussianNB(),2,0.7236842105263158,0.0009043216705322,0.0001664161682128,analcatdata_reviewer_1008_results_GaussianNB().csv
analcatdata_reviewer_1008,none,onehot,none,robust,GaussianNB(),2,0.7236842105263158,0.0011110305786132,0.0001971721649169,analcatdata_reviewer_1008_results_GaussianNB().csv
analcatdata_reviewer_1008,simpleimputer,onehot,none,robust,GaussianNB(),2,0.7236842105263158,0.0011310577392578,0.0001814365386962,analcatdata_reviewer_1008_results_GaussianNB().csv
analcatdata_reviewer_1008,simpleimputer,onehot,none,power,GaussianNB(),2,0.7236842105263158,0.000950813293457,0.0001747608184814,analcatdata_reviewer_1008_results_GaussianNB().csv
analcatdata_reviewer_1008,simpleimputer,onehot,none,normalizer,GaussianNB(),2,0.7236842105263158,0.0010597705841064,0.0001833438873291,analcatdata_reviewer_1008_results_GaussianNB().csv
analcatdata_reviewer_1008,none,onehot,none,standard,GaussianNB(),2,0.7236842105263158,0.0013110637664794,0.0002598762512207,analcatdata_reviewer_1008_results_GaussianNB().csv
analcatdata_reviewer_1008,none,onehot,none,none,GaussianNB(),2,0.7236842105263158,0.0008559226989746,0.0001575946807861,analcatdata_reviewer_1008_results_GaussianNB().csv
analcatdata_reviewer_1008,none,onehot,none,quantile,GaussianNB(),2,0.7236842105263158,0.0008668899536132,0.0001657009124755,analcatdata_reviewer_1008_results_GaussianNB().csv
analcatdata_reviewer_1008,none,onehot,none,normalizer,GaussianNB(),2,0.7236842105263158,0.0010106563568115,0.0001788139343261,analcatdata_reviewer_1008_results_GaussianNB().csv
analcatdata_reviewer_1008,simpleimputer,onehot,none,minmax,GaussianNB(),2,0.7236842105263158,0.0009636878967285,0.0001657009124755,analcatdata_reviewer_1008_results_GaussianNB().csv
analcatdata_reviewer_1008,simpleimputer,ordinalencoder,none,none,GaussianNB(),2,0.7236842105263158,0.0015885829925537,0.0008137226104736,analcatdata_reviewer_1008_results_GaussianNB().csv
analcatdata_reviewer_1008,simpleimputer,onehot,none,quantile,GaussianNB(),2,0.7236842105263158,0.0008201599121093,0.0001554489135742,analcatdata_reviewer_1008_results_GaussianNB().csv
analcatdata_reviewer_1008,simpleimputer,ordinalencoder,none,standard,GaussianNB(),2,0.7236842105263158,0.0008442401885986,0.0001537799835205,analcatdata_reviewer_1008_results_GaussianNB().csv
analcatdata_reviewer_1008,none,onehot,none,minmax,GaussianNB(),2,0.7236842105263158,0.0010051727294921,0.0001749992370605,analcatdata_reviewer_1008_results_GaussianNB().csv
chscase_whale_939,simpleimputer,none,select_percentile,none,GaussianNB(),3,1.0,0.0009369850158691,0.0001688003540039,chscase_whale_939_results_GaussianNB().csv
chscase_whale_939,simpleimputer,none,select_percentile,none,GaussianNB(),2,1.0,0.0009288787841796,0.0001678466796875,chscase_whale_939_results_GaussianNB().csv
chscase_whale_939,simpleimputer,ordinalencoder,linear_svc,quantile,GaussianNB(),2,1.0,0.0007503032684326,0.0001440048217773,chscase_whale_939_results_GaussianNB().csv
chscase_whale_939,simpleimputer,ordinalencoder,linear_svc,quantile,GaussianNB(),3,1.0,0.0007369518280029,0.0001399517059326,chscase_whale_939_results_GaussianNB().csv
chscase_whale_939,simpleimputer,ordinalencoder,kernel_pca,quantile,GaussianNB(),1,1.0,0.0009670257568359,0.0001771450042724,chscase_whale_939_results_GaussianNB().csv
chscase_whale_939,simpleimputer,ordinalencoder,feature_agglomeration,quantile,GaussianNB(),1,1.0,0.0007622241973876,0.000148057937622,chscase_whale_939_results_GaussianNB().csv
chscase_whale_939,simpleimputer,ordinalencoder,feature_agglomeration,quantile,GaussianNB(),2,1.0,0.0007781982421875,0.0001478195190429,chscase_whale_939_results_GaussianNB().csv
chscase_whale_939,simpleimputer,ordinalencoder,feature_agglomeration,quantile,GaussianNB(),3,1.0,0.0008037090301513,0.0001447200775146,chscase_whale_939_results_GaussianNB().csv
chscase_whale_939,simpleimputer,ordinalencoder,pca,standard,GaussianNB(),2,1.0,0.0008602142333984,0.0001578330993652,chscase_whale_939_results_GaussianNB().csv
chscase_whale_939,simpleimputer,ordinalencoder,pca,standard,GaussianNB(),3,1.0,0.0009527206420898,0.000162124633789,chscase_whale_939_results_GaussianNB().csv
chscase_whale_939,simpleimputer,ordinalencoder,linear_svc,quantile,GaussianNB(),1,1.0,0.0008220672607421,0.0001451969146728,chscase_whale_939_results_GaussianNB().csv
chscase_whale_939,simpleimputer,ordinalencoder,generic_univariate,standard,GaussianNB(),1,1.0,0.000760793685913,0.0001497268676757,chscase_whale_939_results_GaussianNB().csv
chscase_whale_939,simpleimputer,ordinalencoder,fastica,standard,GaussianNB(),1,1.0,0.0009052753448486,0.0001654624938964,chscase_whale_939_results_GaussianNB().csv
chscase_whale_939,simpleimputer,ordinalencoder,fastica,standard,GaussianNB(),2,1.0,0.000894546508789,0.0001835823059082,chscase_whale_939_results_GaussianNB().csv
chscase_whale_939,simpleimputer,ordinalencoder,fastica,standard,GaussianNB(),3,1.0,0.0008370876312255,0.0001614093780517,chscase_whale_939_results_GaussianNB().csv
chscase_whale_939,simpleimputer,ordinalencoder,none,standard,GaussianNB(),3,1.0,0.0008683204650878,0.0001585483551025,chscase_whale_939_results_GaussianNB().csv
chscase_whale_939,simpleimputer,ordinalencoder,polynomial_features,standard,GaussianNB(),3,1.0,0.0009658336639404,0.0002188682556152,chscase_whale_939_results_GaussianNB().csv
chscase_whale_939,simpleimputer,ordinalencoder,select_percentile,standard,GaussianNB(),1,1.0,0.0007975101470947,0.0001528263092041,chscase_whale_939_results_GaussianNB().csv
chscase_whale_939,simpleimputer,ordinalencoder,select_percentile,standard,GaussianNB(),2,1.0,0.0007908344268798,0.000150442123413,chscase_whale_939_results_GaussianNB().csv
chscase_whale_939,simpleimputer,ordinalencoder,select_percentile,standard,GaussianNB(),3,1.0,0.0007843971252441,0.0001528263092041,chscase_whale_939_results_GaussianNB().csv
Smartphone-Based_Recognition_of_Human_Activities_4153,none,none,nystroem,standard,GaussianNB(),3,1.0,0.00130295753479,0.0003900527954101,Smartphone-Based_Recognition_of_Human_Activities_4153_results_GaussianNB().csv
Smartphone-Based_Recognition_of_Human_Activities_4153,simpleimputer,ordinalencoder,extra_tree,quantile,GaussianNB(),0,1.0,0.000948429107666,0.0002844333648681,Smartphone-Based_Recognition_of_Human_Activities_4153_results_GaussianNB().csv
Smartphone-Based_Recognition_of_Human_Activities_4153,none,onehot,extra_tree,power,GaussianNB(),0,1.0,0.001016616821289,0.0002903938293457,Smartphone-Based_Recognition_of_Human_Activities_4153_results_GaussianNB().csv
Smartphone-Based_Recognition_of_Human_Activities_4153,none,none,extra_tree,standard,GaussianNB(),0,1.0,0.0010900497436523,0.0003552436828613,Smartphone-Based_Recognition_of_Human_Activities_4153_results_GaussianNB().csv
Smartphone-Based_Recognition_of_Human_Activities_4153,none,onehot,linear_svc,minmax,GaussianNB(),0,1.0,0.0009613037109375,0.0002875328063964,Smartphone-Based_Recognition_of_Human_Activities_4153_results_GaussianNB().csv
Smartphone-Based_Recognition_of_Human_Activities_4153,simpleimputer,ordinalencoder,extra_tree,quantile,GaussianNB(),3,1.0,0.0009634494781494,0.0003025531768798,Smartphone-Based_Recognition_of_Human_Activities_4153_results_GaussianNB().csv
Smartphone-Based_Recognition_of_Human_Activities_4153,none,ordinalencoder,linear_svc,standard,GaussianNB(),0,1.0,0.0011203289031982,0.0003297328948974,Smartphone-Based_Recognition_of_Human_Activities_4153_results_GaussianNB().csv
Smartphone-Based_Recognition_of_Human_Activities_4153,simpleimputer,ordinalencoder,extra_tree,standard,GaussianNB(),0,1.0,0.0009765625,0.0002853870391845,Smartphone-Based_Recognition_of_Human_Activities_4153_results_GaussianNB().csv
Smartphone-Based_Recognition_of_Human_Activities_4153,none,onehot,extra_tree,robust,GaussianNB(),0,1.0,0.0009903907775878,0.0004398822784423,Smartphone-Based_Recognition_of_Human_Activities_4153_results_GaussianNB().csv
Smartphone-Based_Recognition_of_Human_Activities_4153,simpleimputer,none,extra_tree,none,GaussianNB(),0,1.0,0.0009820461273193,0.0002753734588623,Smartphone-Based_Recognition_of_Human_Activities_4153_results_GaussianNB().csv
Smartphone-Based_Recognition_of_Human_Activities_4153,none,ordinalencoder,extra_tree,power,GaussianNB(),0,1.0,0.0016260147094726,0.0004677772521972,Smartphone-Based_Recognition_of_Human_Activities_4153_results_GaussianNB().csv
Smartphone-Based_Recognition_of_Human_Activities_4153,simpleimputer,none,linear_svc,quantile,GaussianNB(),0,1.0,0.0009267330169677,0.000295877456665,Smartphone-Based_Recognition_of_Human_Activities_4153_results_GaussianNB().csv
Smartphone-Based_Recognition_of_Human_Activities_4153,none,onehot,linear_svc,power,GaussianNB(),0,1.0,0.0010421276092529,0.00028657913208,Smartphone-Based_Recognition_of_Human_Activities_4153_results_GaussianNB().csv
Smartphone-Based_Recognition_of_Human_Activities_4153,simpleimputer,onehot,linear_svc,robust,GaussianNB(),0,1.0,0.0009114742279052,0.0002796649932861,Smartphone-Based_Recognition_of_Human_Activities_4153_results_GaussianNB().csv
Smartphone-Based_Recognition_of_Human_Activities_4153,simpleimputer,onehot,extra_tree,power,GaussianNB(),0,1.0,0.0009558200836181,0.0003092288970947,Smartphone-Based_Recognition_of_Human_Activities_4153_results_GaussianNB().csv
Smartphone-Based_Recognition_of_Human_Activities_4153,simpleimputer,onehot,linear_svc,power,GaussianNB(),0,1.0,0.0009188652038574,0.0002808570861816,Smartphone-Based_Recognition_of_Human_Activities_4153_results_GaussianNB().csv
Smartphone-Based_Recognition_of_Human_Activities_4153,none,onehot,linear_svc,robust,GaussianNB(),0,1.0,0.0009341239929199,0.0002827644348144,Smartphone-Based_Recognition_of_Human_Activities_4153_results_GaussianNB().csv
Smartphone-Based_Recognition_of_Human_Activities_4153,none,ordinalencoder,linear_svc,robust,GaussianNB(),0,1.0,0.0009148120880126,0.0002751350402832,Smartphone-Based_Recognition_of_Human_Activities_4153_results_GaussianNB().csv
Smartphone-Based_Recognition_of_Human_Activities_4153,none,onehot,extra_tree,none,GaussianNB(),0,1.0,0.0009596347808837,0.0002791881561279,Smartphone-Based_Recognition_of_Human_Activities_4153_results_GaussianNB().csv
Smartphone-Based_Recognition_of_Human_Activities_4153,none,onehot,extra_tree,standard,GaussianNB(),0,1.0,0.0009553432464599,0.0002777576446533,Smartphone-Based_Recognition_of_Human_Activities_4153_results_GaussianNB().csv
bodyfat_778,none,onehot,generic_univariate,minmax,GaussianNB(),0,1.0,0.0007855892181396,0.0001454353332519,bodyfat_778_results_GaussianNB().csv
bodyfat_778,none,none,generic_univariate,standard,GaussianNB(),2,1.0,0.0008332729339599,0.0001566410064697,bodyfat_778_results_GaussianNB().csv
bodyfat_778,none,none,linear_svc,none,GaussianNB(),2,1.0,0.0008571147918701,0.0001711845397949,bodyfat_778_results_GaussianNB().csv
bodyfat_778,none,none,generic_univariate,standard,GaussianNB(),1,1.0,0.0009698867797851,0.0001847743988037,bodyfat_778_results_GaussianNB().csv
bodyfat_778,none,none,generic_univariate,standard,GaussianNB(),0,1.0,0.000939130783081,0.0001742839813232,bodyfat_778_results_GaussianNB().csv
bodyfat_778,none,none,extra_tree,none,GaussianNB(),2,1.0,0.0009024143218994,0.0001521110534667,bodyfat_778_results_GaussianNB().csv
bodyfat_778,simpleimputer,ordinalencoder,linear_svc,quantile,GaussianNB(),1,1.0,0.0008013248443603,0.0001528263092041,bodyfat_778_results_GaussianNB().csv
bodyfat_778,simpleimputer,ordinalencoder,linear_svc,quantile,GaussianNB(),2,1.0,0.0013751983642578,0.0001928806304931,bodyfat_778_results_GaussianNB().csv
bodyfat_778,simpleimputer,ordinalencoder,generic_univariate,quantile,GaussianNB(),1,1.0,0.0008673667907714,0.0001718997955322,bodyfat_778_results_GaussianNB().csv
bodyfat_778,simpleimputer,none,generic_univariate,quantile,GaussianNB(),3,1.0,0.0007550716400146,0.0001702308654785,bodyfat_778_results_GaussianNB().csv
bodyfat_778,simpleimputer,ordinalencoder,generic_univariate,quantile,GaussianNB(),2,1.0,0.0007998943328857,0.0001473426818847,bodyfat_778_results_GaussianNB().csv
bodyfat_778,none,none,select_percentile,none,GaussianNB(),2,1.0,0.0009574890136718,0.0001530647277832,bodyfat_778_results_GaussianNB().csv
bodyfat_778,none,none,generic_univariate,none,GaussianNB(),0,1.0,0.00087571144104,0.0001583099365234,bodyfat_778_results_GaussianNB().csv
bodyfat_778,none,none,generic_univariate,none,GaussianNB(),1,1.0,0.0008418560028076,0.0001590251922607,bodyfat_778_results_GaussianNB().csv
bodyfat_778,simpleimputer,ordinalencoder,generic_univariate,quantile,GaussianNB(),3,1.0,0.0008130073547363,0.0001490116119384,bodyfat_778_results_GaussianNB().csv
bodyfat_778,simpleimputer,ordinalencoder,select_percentile,standard,GaussianNB(),2,1.0,0.0008931159973144,0.0001595020294189,bodyfat_778_results_GaussianNB().csv
bodyfat_778,simpleimputer,ordinalencoder,select_percentile,quantile,GaussianNB(),2,1.0,0.0008587837219238,0.0001490116119384,bodyfat_778_results_GaussianNB().csv
bodyfat_778,simpleimputer,ordinalencoder,generic_univariate,quantile,GaussianNB(),0,1.0,0.0008118152618408,0.0001459121704101,bodyfat_778_results_GaussianNB().csv
bodyfat_778,simpleimputer,ordinalencoder,extra_tree,standard,GaussianNB(),2,1.0,0.0008974075317382,0.0001771450042724,bodyfat_778_results_GaussianNB().csv
bodyfat_778,none,onehot,generic_univariate,power,GaussianNB(),1,1.0,0.0008208751678466,0.000145673751831,bodyfat_778_results_GaussianNB().csv
socmob_934,none,onehot,none,normalizer,GaussianNB(),2,0.9523809523809524,0.0017628669738769,0.00030517578125,socmob_934_results_GaussianNB().csv
socmob_934,simpleimputer,onehot,none,normalizer,GaussianNB(),2,0.9523809523809524,0.0014095306396484,0.0002672672271728,socmob_934_results_GaussianNB().csv
socmob_934,simpleimputer,ordinalencoder,nystroem,robust,GaussianNB(),4,0.948051948051948,0.0022103786468505,0.0003829002380371,socmob_934_results_GaussianNB().csv
socmob_934,none,onehot,polynomial_features,none,GaussianNB(),2,0.948051948051948,0.0083227157592773,0.0013771057128906,socmob_934_results_GaussianNB().csv
socmob_934,none,ordinalencoder,nystroem,robust,GaussianNB(),4,0.948051948051948,0.0021371841430664,0.0004281997680664,socmob_934_results_GaussianNB().csv
socmob_934,simpleimputer,onehot,polynomial_features,none,GaussianNB(),3,0.948051948051948,0.0069072246551513,0.0012516975402832,socmob_934_results_GaussianNB().csv
socmob_934,none,onehot,polynomial_features,none,GaussianNB(),3,0.948051948051948,0.0090789794921875,0.0013628005981445,socmob_934_results_GaussianNB().csv
socmob_934,simpleimputer,onehot,polynomial_features,none,GaussianNB(),2,0.948051948051948,0.0066149234771728,0.0012810230255126,socmob_934_results_GaussianNB().csv
socmob_934,none,ordinalencoder,none,quantile,GaussianNB(),3,0.9437229437229436,0.0011332035064697,0.0002048015594482,socmob_934_results_GaussianNB().csv
socmob_934,simpleimputer,ordinalencoder,none,quantile,GaussianNB(),3,0.9437229437229436,0.0010938644409179,0.0001952648162841,socmob_934_results_GaussianNB().csv
socmob_934,none,ordinalencoder,polynomial_features,minmax,GaussianNB(),4,0.9437229437229436,0.0012116432189941,0.0002248287200927,socmob_934_results_GaussianNB().csv
socmob_934,simpleimputer,ordinalencoder,polynomial_features,minmax,GaussianNB(),4,0.9437229437229436,0.0012130737304687,0.0002250671386718,socmob_934_results_GaussianNB().csv
socmob_934,none,onehot,feature_agglomeration,none,GaussianNB(),4,0.9393939393939394,0.0012629032135009,0.0002353191375732,socmob_934_results_GaussianNB().csv
socmob_934,none,onehot,select_percentile,none,GaussianNB(),3,0.9393939393939394,0.0013589859008789,0.000213623046875,socmob_934_results_GaussianNB().csv
socmob_934,none,ordinalencoder,extra_tree,standard,GaussianNB(),4,0.9393939393939394,0.0012156963348388,0.0002005100250244,socmob_934_results_GaussianNB().csv
socmob_934,none,ordinalencoder,select_percentile,standard,GaussianNB(),4,0.9393939393939394,0.0011038780212402,0.0001912117004394,socmob_934_results_GaussianNB().csv
socmob_934,simpleimputer,ordinalencoder,polynomial_features,none,GaussianNB(),4,0.9393939393939394,0.0012481212615966,0.0002281665802001,socmob_934_results_GaussianNB().csv
socmob_934,simpleimputer,ordinalencoder,select_percentile,none,GaussianNB(),4,0.9393939393939394,0.0011723041534423,0.0002050399780273,socmob_934_results_GaussianNB().csv
socmob_934,none,onehot,select_percentile,minmax,GaussianNB(),3,0.9393939393939394,0.0010998249053955,0.0001914501190185,socmob_934_results_GaussianNB().csv
socmob_934,simpleimputer,ordinalencoder,extra_tree,none,GaussianNB(),4,0.9393939393939394,0.0012807846069335,0.0002145767211914,socmob_934_results_GaussianNB().csv
servo_747,none,onehot,kernel_pca,standard,GaussianNB(),4,1.0,0.0009856224060058,0.0001900196075439,servo_747_results_GaussianNB().csv
servo_747,simpleimputer,ordinalencoder,fastica,quantile,GaussianNB(),1,1.0,0.0008440017700195,0.0001616477966308,servo_747_results_GaussianNB().csv
servo_747,none,ordinalencoder,rbf_sampler,quantile,GaussianNB(),1,1.0,0.0009713172912597,0.0001888275146484,servo_747_results_GaussianNB().csv
servo_747,none,ordinalencoder,rbf_sampler,standard,GaussianNB(),2,1.0,0.0010321140289306,0.0002017021179199,servo_747_results_GaussianNB().csv
servo_747,simpleimputer,onehot,pca,power,GaussianNB(),4,1.0,0.0009520053863525,0.0001726150512695,servo_747_results_GaussianNB().csv
servo_747,none,onehot,pca,power,GaussianNB(),4,1.0,0.0007989406585693,0.0001578330993652,servo_747_results_GaussianNB().csv
servo_747,simpleimputer,onehot,kernel_pca,quantile,GaussianNB(),4,1.0,0.0009906291961669,0.0002179145812988,servo_747_results_GaussianNB().csv
servo_747,simpleimputer,ordinalencoder,rbf_sampler,minmax,GaussianNB(),1,1.0,0.0009748935699462,0.0002334117889404,servo_747_results_GaussianNB().csv
servo_747,simpleimputer,ordinalencoder,rbf_sampler,minmax,GaussianNB(),2,1.0,0.0009450912475585,0.0001890659332275,servo_747_results_GaussianNB().csv
servo_747,none,onehot,kernel_pca,power,GaussianNB(),4,1.0,0.001197338104248,0.0001881122589111,servo_747_results_GaussianNB().csv
servo_747,none,onehot,pca,quantile,GaussianNB(),4,1.0,0.0008010864257812,0.000159740447998,servo_747_results_GaussianNB().csv
servo_747,simpleimputer,onehot,pca,standard,GaussianNB(),4,1.0,0.000870943069458,0.0001626014709472,servo_747_results_GaussianNB().csv
servo_747,simpleimputer,ordinalencoder,kernel_pca,robust,GaussianNB(),2,1.0,0.0011050701141357,0.0001904964447021,servo_747_results_GaussianNB().csv
servo_747,simpleimputer,onehot,pca,quantile,GaussianNB(),4,1.0,0.0016982555389404,0.0002663135528564,servo_747_results_GaussianNB().csv
servo_747,simpleimputer,onehot,kernel_pca,power,GaussianNB(),4,1.0,0.0012528896331787,0.00022554397583,servo_747_results_GaussianNB().csv
servo_747,simpleimputer,onehot,kernel_pca,standard,GaussianNB(),4,1.0,0.0010111331939697,0.0001885890960693,servo_747_results_GaussianNB().csv
servo_747,none,onehot,kernel_pca,quantile,GaussianNB(),4,1.0,0.0020537376403808,0.0002059936523437,servo_747_results_GaussianNB().csv
servo_747,none,ordinalencoder,fastica,quantile,GaussianNB(),1,1.0,0.0008392333984375,0.0001630783081054,servo_747_results_GaussianNB().csv
servo_747,simpleimputer,ordinalencoder,pca,robust,GaussianNB(),2,1.0,0.0007953643798828,0.0001587867736816,servo_747_results_GaussianNB().csv
servo_747,none,ordinalencoder,rbf_sampler,minmax,GaussianNB(),1,1.0,0.0009760856628417,0.0002367496490478,servo_747_results_GaussianNB().csv
KnuggetChase3_1448,simpleimputer,none,select_percentile,normalizer,GaussianNB(),1,0.9230769230769232,0.0006916522979736,0.0001733303070068,KnuggetChase3_1448_results_GaussianNB().csv
KnuggetChase3_1448,simpleimputer,none,generic_univariate,normalizer,GaussianNB(),1,0.9230769230769232,0.0006759166717529,0.0001654624938964,KnuggetChase3_1448_results_GaussianNB().csv
KnuggetChase3_1448,none,ordinalencoder,generic_univariate,normalizer,GaussianNB(),1,0.9230769230769232,0.0006356239318847,0.0001845359802246,KnuggetChase3_1448_results_GaussianNB().csv
KnuggetChase3_1448,none,none,generic_univariate,normalizer,GaussianNB(),1,0.9230769230769232,0.0006537437438964,0.0001637935638427,KnuggetChase3_1448_results_GaussianNB().csv
KnuggetChase3_1448,simpleimputer,onehot,generic_univariate,normalizer,GaussianNB(),1,0.9230769230769232,0.0006558895111083,0.0001647472381591,KnuggetChase3_1448_results_GaussianNB().csv
KnuggetChase3_1448,none,ordinalencoder,select_percentile,normalizer,GaussianNB(),1,0.9230769230769232,0.0007028579711914,0.0001747608184814,KnuggetChase3_1448_results_GaussianNB().csv
KnuggetChase3_1448,none,none,select_percentile,normalizer,GaussianNB(),1,0.9230769230769232,0.0007057189941406,0.0001707077026367,KnuggetChase3_1448_results_GaussianNB().csv
KnuggetChase3_1448,none,onehot,select_percentile,normalizer,GaussianNB(),1,0.9230769230769232,0.0007131099700927,0.0001726150512695,KnuggetChase3_1448_results_GaussianNB().csv
KnuggetChase3_1448,simpleimputer,ordinalencoder,select_percentile,normalizer,GaussianNB(),1,0.9230769230769232,0.0007605552673339,0.0001718997955322,KnuggetChase3_1448_results_GaussianNB().csv
KnuggetChase3_1448,simpleimputer,onehot,select_percentile,normalizer,GaussianNB(),1,0.9230769230769232,0.0007345676422119,0.0001733303070068,KnuggetChase3_1448_results_GaussianNB().csv
KnuggetChase3_1448,none,onehot,generic_univariate,normalizer,GaussianNB(),1,0.9230769230769232,0.0007243156433105,0.000169038772583,KnuggetChase3_1448_results_GaussianNB().csv
KnuggetChase3_1448,simpleimputer,ordinalencoder,generic_univariate,normalizer,GaussianNB(),1,0.9230769230769232,0.0006687641143798,0.0001630783081054,KnuggetChase3_1448_results_GaussianNB().csv
KnuggetChase3_1448,none,onehot,pca,power,GaussianNB(),4,0.9210526315789472,0.0007116794586181,0.000195026397705,KnuggetChase3_1448_results_GaussianNB().csv
KnuggetChase3_1448,simpleimputer,ordinalencoder,pca,power,GaussianNB(),4,0.9210526315789472,0.0007359981536865,0.000185489654541,KnuggetChase3_1448_results_GaussianNB().csv
KnuggetChase3_1448,none,ordinalencoder,kernel_pca,power,GaussianNB(),4,0.9210526315789472,0.0011329650878906,0.0002861022949218,KnuggetChase3_1448_results_GaussianNB().csv
KnuggetChase3_1448,simpleimputer,onehot,kernel_pca,power,GaussianNB(),4,0.9210526315789472,0.0009181499481201,0.0002143383026123,KnuggetChase3_1448_results_GaussianNB().csv
KnuggetChase3_1448,none,ordinalencoder,pca,power,GaussianNB(),4,0.9210526315789472,0.0010237693786621,0.0002148151397705,KnuggetChase3_1448_results_GaussianNB().csv
KnuggetChase3_1448,simpleimputer,onehot,pca,power,GaussianNB(),4,0.9210526315789472,0.0009119510650634,0.0002048015594482,KnuggetChase3_1448_results_GaussianNB().csv
KnuggetChase3_1448,simpleimputer,ordinalencoder,kernel_pca,power,GaussianNB(),4,0.9210526315789472,0.0009629726409912,0.0002193450927734,KnuggetChase3_1448_results_GaussianNB().csv
KnuggetChase3_1448,none,none,pca,power,GaussianNB(),4,0.9210526315789472,0.0008051395416259,0.0001940727233886,KnuggetChase3_1448_results_GaussianNB().csv
analcatdata_wildcat_748,none,ordinalencoder,rbf_sampler,standard,GaussianNB(),3,0.9375,0.0010170936584472,0.0002241134643554,analcatdata_wildcat_748_results_GaussianNB().csv
analcatdata_wildcat_748,simpleimputer,none,rbf_sampler,standard,GaussianNB(),3,0.9375,0.0009052753448486,0.0001795291900634,analcatdata_wildcat_748_results_GaussianNB().csv
analcatdata_wildcat_748,simpleimputer,ordinalencoder,rbf_sampler,standard,GaussianNB(),3,0.9375,0.0009810924530029,0.0001916885375976,analcatdata_wildcat_748_results_GaussianNB().csv
analcatdata_wildcat_748,none,none,rbf_sampler,standard,GaussianNB(),3,0.9375,0.0008528232574462,0.0001747608184814,analcatdata_wildcat_748_results_GaussianNB().csv
analcatdata_wildcat_748,simpleimputer,onehot,rbf_sampler,standard,GaussianNB(),3,0.9375,0.0009036064147949,0.0001807212829589,analcatdata_wildcat_748_results_GaussianNB().csv
analcatdata_wildcat_748,none,onehot,rbf_sampler,standard,GaussianNB(),3,0.9375,0.0011913776397705,0.0002048015594482,analcatdata_wildcat_748_results_GaussianNB().csv
analcatdata_wildcat_748,simpleimputer,ordinalencoder,rbf_sampler,robust,GaussianNB(),3,0.90625,0.0009992122650146,0.0001945495605468,analcatdata_wildcat_748_results_GaussianNB().csv
analcatdata_wildcat_748,simpleimputer,onehot,rbf_sampler,robust,GaussianNB(),3,0.90625,0.0011003017425537,0.0001842975616455,analcatdata_wildcat_748_results_GaussianNB().csv
analcatdata_wildcat_748,none,onehot,rbf_sampler,robust,GaussianNB(),3,0.90625,0.0010604858398437,0.0001909732818603,analcatdata_wildcat_748_results_GaussianNB().csv
analcatdata_wildcat_748,none,none,rbf_sampler,robust,GaussianNB(),3,0.90625,0.0008771419525146,0.0001749992370605,analcatdata_wildcat_748_results_GaussianNB().csv
analcatdata_wildcat_748,simpleimputer,none,rbf_sampler,robust,GaussianNB(),3,0.90625,0.0009138584136962,0.0001788139343261,analcatdata_wildcat_748_results_GaussianNB().csv
analcatdata_wildcat_748,none,ordinalencoder,rbf_sampler,robust,GaussianNB(),3,0.90625,0.0010108947753906,0.0001740455627441,analcatdata_wildcat_748_results_GaussianNB().csv
analcatdata_wildcat_748,none,ordinalencoder,rbf_sampler,power,GaussianNB(),0,0.8787878787878788,0.0017139911651611,0.0001938343048095,analcatdata_wildcat_748_results_GaussianNB().csv
analcatdata_wildcat_748,none,none,rbf_sampler,power,GaussianNB(),0,0.8787878787878788,0.0009880065917968,0.0001823902130126,analcatdata_wildcat_748_results_GaussianNB().csv
analcatdata_wildcat_748,simpleimputer,none,rbf_sampler,power,GaussianNB(),0,0.8787878787878788,0.0010573863983154,0.0001909732818603,analcatdata_wildcat_748_results_GaussianNB().csv
analcatdata_wildcat_748,simpleimputer,ordinalencoder,rbf_sampler,power,GaussianNB(),0,0.8787878787878788,0.0011723041534423,0.0002450942993164,analcatdata_wildcat_748_results_GaussianNB().csv
analcatdata_wildcat_748,simpleimputer,onehot,rbf_sampler,power,GaussianNB(),0,0.8787878787878788,0.0010185241699218,0.0001857280731201,analcatdata_wildcat_748_results_GaussianNB().csv
analcatdata_wildcat_748,none,onehot,rbf_sampler,power,GaussianNB(),0,0.8787878787878788,0.0011012554168701,0.0002202987670898,analcatdata_wildcat_748_results_GaussianNB().csv
analcatdata_wildcat_748,none,ordinalencoder,kernel_pca,none,GaussianNB(),3,0.875,0.0009493827819824,0.0001735687255859,analcatdata_wildcat_748_results_GaussianNB().csv
analcatdata_wildcat_748,simpleimputer,none,rbf_sampler,power,GaussianNB(),3,0.875,0.0010969638824462,0.0002224445343017,analcatdata_wildcat_748_results_GaussianNB().csv
qualitative-bankruptcy_1495,none,none,generic_univariate,none,GaussianNB(),1,1.0,0.0007603168487548,0.0001361370086669,qualitative-bankruptcy_1495_results_GaussianNB().csv
qualitative-bankruptcy_1495,none,none,generic_univariate,none,GaussianNB(),0,1.0,0.0006675720214843,0.000131607055664,qualitative-bankruptcy_1495_results_GaussianNB().csv
qualitative-bankruptcy_1495,none,none,none,none,GaussianNB(),0,1.0,0.0015943050384521,0.0008091926574707,qualitative-bankruptcy_1495_results_GaussianNB().csv
qualitative-bankruptcy_1495,none,none,select_percentile,none,GaussianNB(),3,1.0,0.0006694793701171,0.0001323223114013,qualitative-bankruptcy_1495_results_GaussianNB().csv
qualitative-bankruptcy_1495,none,none,select_percentile,none,GaussianNB(),1,1.0,0.000687837600708,0.0001311302185058,qualitative-bankruptcy_1495_results_GaussianNB().csv
qualitative-bankruptcy_1495,simpleimputer,ordinalencoder,select_percentile,quantile,GaussianNB(),0,1.0,0.0007524490356445,0.0001411437988281,qualitative-bankruptcy_1495_results_GaussianNB().csv
qualitative-bankruptcy_1495,simpleimputer,ordinalencoder,select_percentile,quantile,GaussianNB(),1,1.0,0.000683307647705,0.0001389980316162,qualitative-bankruptcy_1495_results_GaussianNB().csv
qualitative-bankruptcy_1495,none,ordinalencoder,linear_svc,none,GaussianNB(),3,1.0,0.000725507736206,0.0001394748687744,qualitative-bankruptcy_1495_results_GaussianNB().csv
qualitative-bankruptcy_1495,none,ordinalencoder,extra_tree,none,GaussianNB(),0,1.0,0.0007340908050537,0.0001406669616699,qualitative-bankruptcy_1495_results_GaussianNB().csv
qualitative-bankruptcy_1495,none,ordinalencoder,polynomial_features,none,GaussianNB(),0,1.0,0.0007636547088623,0.0001559257507324,qualitative-bankruptcy_1495_results_GaussianNB().csv
qualitative-bankruptcy_1495,none,ordinalencoder,select_percentile,standard,GaussianNB(),0,1.0,0.000683307647705,0.0001397132873535,qualitative-bankruptcy_1495_results_GaussianNB().csv
qualitative-bankruptcy_1495,none,ordinalencoder,none,standard,GaussianNB(),0,1.0,0.0007905960083007,0.0001697540283203,qualitative-bankruptcy_1495_results_GaussianNB().csv
qualitative-bankruptcy_1495,none,ordinalencoder,linear_svc,none,GaussianNB(),0,1.0,0.0008111000061035,0.0001418590545654,qualitative-bankruptcy_1495_results_GaussianNB().csv
qualitative-bankruptcy_1495,none,ordinalencoder,none,none,GaussianNB(),0,1.0,0.0017251968383789,0.0008966922760009,qualitative-bankruptcy_1495_results_GaussianNB().csv
qualitative-bankruptcy_1495,none,onehot,linear_svc,quantile,GaussianNB(),0,1.0,0.0006861686706542,0.0001406669616699,qualitative-bankruptcy_1495_results_GaussianNB().csv
qualitative-bankruptcy_1495,none,onehot,linear_svc,quantile,GaussianNB(),3,1.0,0.0006952285766601,0.0001413822174072,qualitative-bankruptcy_1495_results_GaussianNB().csv
qualitative-bankruptcy_1495,none,ordinalencoder,select_percentile,standard,GaussianNB(),3,1.0,0.0006687641143798,0.0001375675201416,qualitative-bankruptcy_1495_results_GaussianNB().csv
qualitative-bankruptcy_1495,none,ordinalencoder,generic_univariate,standard,GaussianNB(),0,1.0,0.0008230209350585,0.000145673751831,qualitative-bankruptcy_1495_results_GaussianNB().csv
qualitative-bankruptcy_1495,none,ordinalencoder,generic_univariate,standard,GaussianNB(),1,1.0,0.0008642673492431,0.0001430511474609,qualitative-bankruptcy_1495_results_GaussianNB().csv
qualitative-bankruptcy_1495,none,ordinalencoder,generic_univariate,standard,GaussianNB(),3,1.0,0.0006830692291259,0.0001404285430908,qualitative-bankruptcy_1495_results_GaussianNB().csv
wilt_40983,simpleimputer,onehot,fastica,power,GaussianNB(),3,0.9886363636363636,0.0014545917510986,0.0003411769866943,wilt_40983_results_GaussianNB().csv
wilt_40983,none,none,fastica,power,GaussianNB(),3,0.9886363636363636,0.0013854503631591,0.000279426574707,wilt_40983_results_GaussianNB().csv
wilt_40983,none,ordinalencoder,fastica,power,GaussianNB(),3,0.9886363636363636,0.0014066696166992,0.0002896785736083,wilt_40983_results_GaussianNB().csv
wilt_40983,none,onehot,fastica,power,GaussianNB(),3,0.9886363636363636,0.0013689994812011,0.0003190040588378,wilt_40983_results_GaussianNB().csv
wilt_40983,simpleimputer,ordinalencoder,fastica,power,GaussianNB(),3,0.9886363636363636,0.0013067722320556,0.0003528594970703,wilt_40983_results_GaussianNB().csv
wilt_40983,simpleimputer,none,fastica,power,GaussianNB(),3,0.9886363636363636,0.0015649795532226,0.0003705024719238,wilt_40983_results_GaussianNB().csv
wilt_40983,simpleimputer,onehot,kernel_pca,power,GaussianNB(),3,0.9865702479338844,0.0014853477478027,0.0002925395965576,wilt_40983_results_GaussianNB().csv
wilt_40983,simpleimputer,onehot,kernel_pca,power,GaussianNB(),0,0.9865702479338844,0.001493215560913,0.0003268718719482,wilt_40983_results_GaussianNB().csv
wilt_40983,none,none,kernel_pca,power,GaussianNB(),0,0.9865702479338844,0.0015633106231689,0.0003130435943603,wilt_40983_results_GaussianNB().csv
wilt_40983,simpleimputer,ordinalencoder,pca,power,GaussianNB(),0,0.9865702479338844,0.0012526512145996,0.0002303123474121,wilt_40983_results_GaussianNB().csv
wilt_40983,simpleimputer,ordinalencoder,kernel_pca,power,GaussianNB(),0,0.9865702479338844,0.0016224384307861,0.0003321170806884,wilt_40983_results_GaussianNB().csv
wilt_40983,none,ordinalencoder,kernel_pca,power,GaussianNB(),0,0.9865702479338844,0.0014910697937011,0.0003268718719482,wilt_40983_results_GaussianNB().csv
wilt_40983,none,onehot,kernel_pca,power,GaussianNB(),3,0.9865702479338844,0.0015335083007812,0.0004234313964843,wilt_40983_results_GaussianNB().csv
wilt_40983,none,onehot,kernel_pca,power,GaussianNB(),0,0.9865702479338844,0.0017070770263671,0.0003783702850341,wilt_40983_results_GaussianNB().csv
wilt_40983,none,none,pca,power,GaussianNB(),0,0.9865702479338844,0.0012156963348388,0.0002262592315673,wilt_40983_results_GaussianNB().csv
wilt_40983,simpleimputer,none,kernel_pca,power,GaussianNB(),3,0.9865702479338844,0.0015194416046142,0.0003097057342529,wilt_40983_results_GaussianNB().csv
wilt_40983,simpleimputer,onehot,pca,power,GaussianNB(),3,0.9865702479338844,0.0012211799621582,0.0002291202545166,wilt_40983_results_GaussianNB().csv
wilt_40983,simpleimputer,none,pca,power,GaussianNB(),3,0.9865702479338844,0.0015208721160888,0.0002572536468505,wilt_40983_results_GaussianNB().csv
wilt_40983,simpleimputer,none,pca,power,GaussianNB(),0,0.9865702479338844,0.0013916492462158,0.0002748966217041,wilt_40983_results_GaussianNB().csv
wilt_40983,none,ordinalencoder,pca,power,GaussianNB(),3,0.9865702479338844,0.0012168884277343,0.0002303123474121,wilt_40983_results_GaussianNB().csv
boston_853,simpleimputer,none,select_percentile,minmax,GaussianNB(),0,0.9215686274509804,0.0010542869567871,0.0001633167266845,boston_853_results_GaussianNB().csv
boston_853,none,none,select_percentile,minmax,GaussianNB(),0,0.9215686274509804,0.000960350036621,0.0001745223999023,boston_853_results_GaussianNB().csv
boston_853,none,none,select_percentile,standard,GaussianNB(),0,0.9215686274509804,0.00095796585083,0.0001511573791503,boston_853_results_GaussianNB().csv
boston_853,none,none,extra_tree,quantile,GaussianNB(),0,0.9215686274509804,0.0010669231414794,0.0001642704010009,boston_853_results_GaussianNB().csv
boston_853,none,onehot,select_percentile,none,GaussianNB(),0,0.9215686274509804,0.0010182857513427,0.0001564025878906,boston_853_results_GaussianNB().csv
boston_853,simpleimputer,none,select_percentile,none,GaussianNB(),0,0.9215686274509804,0.0009522438049316,0.0001499652862548,boston_853_results_GaussianNB().csv
boston_853,none,ordinalencoder,select_percentile,minmax,GaussianNB(),0,0.9215686274509804,0.0010545253753662,0.0002963542938232,boston_853_results_GaussianNB().csv
boston_853,none,ordinalencoder,select_percentile,robust,GaussianNB(),0,0.9215686274509804,0.0010974407196044,0.00016450881958,boston_853_results_GaussianNB().csv
boston_853,simpleimputer,none,select_percentile,standard,GaussianNB(),0,0.9215686274509804,0.0011768341064453,0.0001702308654785,boston_853_results_GaussianNB().csv
boston_853,simpleimputer,onehot,select_percentile,none,GaussianNB(),0,0.9215686274509804,0.0011093616485595,0.0001773834228515,boston_853_results_GaussianNB().csv
boston_853,simpleimputer,onehot,extra_tree,quantile,GaussianNB(),0,0.9215686274509804,0.0012297630310058,0.0001578330993652,boston_853_results_GaussianNB().csv
boston_853,none,onehot,select_percentile,standard,GaussianNB(),0,0.9215686274509804,0.0010073184967041,0.0001535415649414,boston_853_results_GaussianNB().csv
boston_853,none,ordinalencoder,select_percentile,standard,GaussianNB(),0,0.9215686274509804,0.0010883808135986,0.0001616477966308,boston_853_results_GaussianNB().csv
boston_853,none,ordinalencoder,select_percentile,none,GaussianNB(),0,0.9215686274509804,0.0010457038879394,0.0001535415649414,boston_853_results_GaussianNB().csv
boston_853,simpleimputer,none,extra_tree,quantile,GaussianNB(),0,0.9215686274509804,0.001054048538208,0.0001640319824218,boston_853_results_GaussianNB().csv
boston_853,simpleimputer,onehot,select_percentile,minmax,GaussianNB(),0,0.9215686274509804,0.0010945796966552,0.0001699924468994,boston_853_results_GaussianNB().csv
boston_853,simpleimputer,ordinalencoder,select_percentile,none,GaussianNB(),0,0.9215686274509804,0.0010533332824707,0.0003588199615478,boston_853_results_GaussianNB().csv
boston_853,none,onehot,extra_tree,quantile,GaussianNB(),0,0.9215686274509804,0.0009257793426513,0.0001728534698486,boston_853_results_GaussianNB().csv
boston_853,simpleimputer,none,select_percentile,robust,GaussianNB(),0,0.9215686274509804,0.0012118816375732,0.0001823902130126,boston_853_results_GaussianNB().csv
boston_853,simpleimputer,ordinalencoder,select_percentile,minmax,GaussianNB(),0,0.9215686274509804,0.001054048538208,0.0001571178436279,boston_853_results_GaussianNB().csv
seeds_1499,none,none,fastica,normalizer,GaussianNB(),1,1.0,0.0008699893951416,0.0001826286315917,seeds_1499_results_GaussianNB().csv
seeds_1499,simpleimputer,none,kernel_pca,minmax,GaussianNB(),4,1.0,0.0010714530944824,0.0002319812774658,seeds_1499_results_GaussianNB().csv
seeds_1499,simpleimputer,ordinalencoder,pca,robust,GaussianNB(),4,1.0,0.0008578300476074,0.0001881122589111,seeds_1499_results_GaussianNB().csv
seeds_1499,none,ordinalencoder,fastica,normalizer,GaussianNB(),1,1.0,0.0008242130279541,0.0001792907714843,seeds_1499_results_GaussianNB().csv
seeds_1499,none,none,kernel_pca,robust,GaussianNB(),4,1.0,0.0009958744049072,0.000216007232666,seeds_1499_results_GaussianNB().csv
seeds_1499,none,onehot,kernel_pca,robust,GaussianNB(),4,1.0,0.0010046958923339,0.0002100467681884,seeds_1499_results_GaussianNB().csv
seeds_1499,simpleimputer,ordinalencoder,fastica,normalizer,GaussianNB(),1,1.0,0.0008842945098876,0.0001773834228515,seeds_1499_results_GaussianNB().csv
seeds_1499,none,onehot,kernel_pca,minmax,GaussianNB(),4,1.0,0.0013930797576904,0.0002703666687011,seeds_1499_results_GaussianNB().csv
seeds_1499,simpleimputer,onehot,fastica,normalizer,GaussianNB(),1,1.0,0.0008039474487304,0.0001735687255859,seeds_1499_results_GaussianNB().csv
seeds_1499,none,ordinalencoder,kernel_pca,standard,GaussianNB(),4,1.0,0.0013446807861328,0.0002562999725341,seeds_1499_results_GaussianNB().csv
seeds_1499,simpleimputer,none,fastica,normalizer,GaussianNB(),1,1.0,0.0008397102355957,0.0001797676086425,seeds_1499_results_GaussianNB().csv
seeds_1499,none,none,pca,robust,GaussianNB(),4,1.0,0.000758409500122,0.0001769065856933,seeds_1499_results_GaussianNB().csv
seeds_1499,none,none,kernel_pca,minmax,GaussianNB(),4,1.0,0.0009198188781738,0.0002079010009765,seeds_1499_results_GaussianNB().csv
seeds_1499,simpleimputer,none,fastica,power,GaussianNB(),1,1.0,0.0008909702301025,0.000180959701538,seeds_1499_results_GaussianNB().csv
seeds_1499,simpleimputer,onehot,fastica,power,GaussianNB(),1,1.0,0.000873327255249,0.0001807212829589,seeds_1499_results_GaussianNB().csv
seeds_1499,none,onehot,pca,robust,GaussianNB(),4,1.0,0.000922679901123,0.0001757144927978,seeds_1499_results_GaussianNB().csv
seeds_1499,simpleimputer,ordinalencoder,kernel_pca,robust,GaussianNB(),4,1.0,0.0010066032409667,0.0002317428588867,seeds_1499_results_GaussianNB().csv
seeds_1499,none,ordinalencoder,pca,standard,GaussianNB(),4,1.0,0.000842809677124,0.0001933574676513,seeds_1499_results_GaussianNB().csv
seeds_1499,simpleimputer,onehot,pca,standard,GaussianNB(),4,1.0,0.0008020401000976,0.0001866817474365,seeds_1499_results_GaussianNB().csv
seeds_1499,simpleimputer,onehot,kernel_pca,robust,GaussianNB(),4,1.0,0.0010280609130859,0.0002341270446777,seeds_1499_results_GaussianNB().csv
analcatdata_gsssexsurvey_852,simpleimputer,ordinalencoder,feature_agglomeration,minmax,GaussianNB(),1,0.875,0.0007588863372802,0.0001473426818847,analcatdata_gsssexsurvey_852_results_GaussianNB().csv
analcatdata_gsssexsurvey_852,simpleimputer,onehot,feature_agglomeration,minmax,GaussianNB(),1,0.875,0.0007708072662353,0.0001518726348876,analcatdata_gsssexsurvey_852_results_GaussianNB().csv
analcatdata_gsssexsurvey_852,simpleimputer,none,feature_agglomeration,minmax,GaussianNB(),1,0.875,0.0008060932159423,0.0001506805419921,analcatdata_gsssexsurvey_852_results_GaussianNB().csv
analcatdata_gsssexsurvey_852,simpleimputer,onehot,select_percentile,standard,GaussianNB(),1,0.84375,0.000727891921997,0.0001420974731445,analcatdata_gsssexsurvey_852_results_GaussianNB().csv
analcatdata_gsssexsurvey_852,simpleimputer,onehot,truncated_svd,none,GaussianNB(),1,0.84375,0.0007519721984863,0.0001473426818847,analcatdata_gsssexsurvey_852_results_GaussianNB().csv
analcatdata_gsssexsurvey_852,simpleimputer,none,truncated_svd,none,GaussianNB(),1,0.84375,0.0009026527404785,0.0001575946807861,analcatdata_gsssexsurvey_852_results_GaussianNB().csv
analcatdata_gsssexsurvey_852,simpleimputer,none,select_percentile,none,GaussianNB(),1,0.84375,0.0008163452148437,0.000148057937622,analcatdata_gsssexsurvey_852_results_GaussianNB().csv
analcatdata_gsssexsurvey_852,simpleimputer,onehot,select_percentile,none,GaussianNB(),1,0.84375,0.0007214546203613,0.0001425743103027,analcatdata_gsssexsurvey_852_results_GaussianNB().csv
analcatdata_gsssexsurvey_852,simpleimputer,onehot,feature_agglomeration,standard,GaussianNB(),1,0.84375,0.0008378028869628,0.0001542568206787,analcatdata_gsssexsurvey_852_results_GaussianNB().csv
analcatdata_gsssexsurvey_852,simpleimputer,onehot,generic_univariate,standard,GaussianNB(),1,0.84375,0.0007483959197998,0.0001595020294189,analcatdata_gsssexsurvey_852_results_GaussianNB().csv
analcatdata_gsssexsurvey_852,simpleimputer,ordinalencoder,feature_agglomeration,normalizer,GaussianNB(),1,0.84375,0.0007495880126953,0.0001502037048339,analcatdata_gsssexsurvey_852_results_GaussianNB().csv
analcatdata_gsssexsurvey_852,simpleimputer,none,generic_univariate,quantile,GaussianNB(),1,0.84375,0.0007412433624267,0.0001459121704101,analcatdata_gsssexsurvey_852_results_GaussianNB().csv
analcatdata_gsssexsurvey_852,simpleimputer,none,select_percentile,quantile,GaussianNB(),1,0.84375,0.0007236003875732,0.0001466274261474,analcatdata_gsssexsurvey_852_results_GaussianNB().csv
analcatdata_gsssexsurvey_852,simpleimputer,none,pca,minmax,GaussianNB(),1,0.84375,0.0007705688476562,0.0001547336578369,analcatdata_gsssexsurvey_852_results_GaussianNB().csv
analcatdata_gsssexsurvey_852,simpleimputer,none,feature_agglomeration,standard,GaussianNB(),1,0.84375,0.0007891654968261,0.0001497268676757,analcatdata_gsssexsurvey_852_results_GaussianNB().csv
analcatdata_gsssexsurvey_852,simpleimputer,onehot,select_percentile,robust,GaussianNB(),1,0.84375,0.0007166862487792,0.0001428127288818,analcatdata_gsssexsurvey_852_results_GaussianNB().csv
analcatdata_gsssexsurvey_852,simpleimputer,none,generic_univariate,minmax,GaussianNB(),1,0.84375,0.0007245540618896,0.000150442123413,analcatdata_gsssexsurvey_852_results_GaussianNB().csv
analcatdata_gsssexsurvey_852,simpleimputer,onehot,generic_univariate,robust,GaussianNB(),1,0.84375,0.0007805824279785,0.0001447200775146,analcatdata_gsssexsurvey_852_results_GaussianNB().csv
analcatdata_gsssexsurvey_852,simpleimputer,none,truncated_svd,minmax,GaussianNB(),1,0.84375,0.0008544921875,0.0001542568206787,analcatdata_gsssexsurvey_852_results_GaussianNB().csv
analcatdata_gsssexsurvey_852,simpleimputer,ordinalencoder,select_percentile,robust,GaussianNB(),1,0.84375,0.000805377960205,0.0001440048217773,analcatdata_gsssexsurvey_852_results_GaussianNB().csv
autoUniv-au7-500_1554,none,ordinalencoder,select_percentile,power,GaussianNB(),1,0.52,0.0012531280517578,0.0002431869506835,autoUniv-au7-500_1554_results_GaussianNB().csv
autoUniv-au7-500_1554,simpleimputer,ordinalencoder,select_percentile,power,GaussianNB(),1,0.52,0.0012688636779785,0.0002479553222656,autoUniv-au7-500_1554_results_GaussianNB().csv
autoUniv-au7-500_1554,none,ordinalencoder,kernel_pca,power,GaussianNB(),1,0.52,0.0016102790832519,0.000312328338623,autoUniv-au7-500_1554_results_GaussianNB().csv
autoUniv-au7-500_1554,none,ordinalencoder,pca,power,GaussianNB(),1,0.52,0.0012097358703613,0.0002663135528564,autoUniv-au7-500_1554_results_GaussianNB().csv
autoUniv-au7-500_1554,none,ordinalencoder,select_percentile,quantile,GaussianNB(),1,0.52,0.0012829303741455,0.0002479553222656,autoUniv-au7-500_1554_results_GaussianNB().csv
autoUniv-au7-500_1554,none,ordinalencoder,select_percentile,robust,GaussianNB(),1,0.52,0.0012938976287841,0.0002439022064208,autoUniv-au7-500_1554_results_GaussianNB().csv
autoUniv-au7-500_1554,simpleimputer,ordinalencoder,select_percentile,standard,GaussianNB(),1,0.52,0.0012319087982177,0.000244140625,autoUniv-au7-500_1554_results_GaussianNB().csv
autoUniv-au7-500_1554,none,ordinalencoder,select_percentile,standard,GaussianNB(),1,0.52,0.0013098716735839,0.0002439022064208,autoUniv-au7-500_1554_results_GaussianNB().csv
autoUniv-au7-500_1554,none,ordinalencoder,linear_svc,none,GaussianNB(),1,0.52,0.0012738704681396,0.0002777576446533,autoUniv-au7-500_1554_results_GaussianNB().csv
autoUniv-au7-500_1554,simpleimputer,ordinalencoder,kernel_pca,power,GaussianNB(),1,0.52,0.0016889572143554,0.0003149509429931,autoUniv-au7-500_1554_results_GaussianNB().csv
autoUniv-au7-500_1554,simpleimputer,ordinalencoder,select_percentile,minmax,GaussianNB(),1,0.52,0.0012986660003662,0.0002753734588623,autoUniv-au7-500_1554_results_GaussianNB().csv
autoUniv-au7-500_1554,simpleimputer,ordinalencoder,select_percentile,robust,GaussianNB(),1,0.52,0.0012097358703613,0.0002446174621582,autoUniv-au7-500_1554_results_GaussianNB().csv
autoUniv-au7-500_1554,simpleimputer,ordinalencoder,select_percentile,quantile,GaussianNB(),1,0.52,0.0012769699096679,0.0002462863922119,autoUniv-au7-500_1554_results_GaussianNB().csv
autoUniv-au7-500_1554,none,ordinalencoder,select_percentile,none,GaussianNB(),1,0.52,0.0012478828430175,0.0002720355987548,autoUniv-au7-500_1554_results_GaussianNB().csv
autoUniv-au7-500_1554,simpleimputer,ordinalencoder,linear_svc,none,GaussianNB(),1,0.52,0.0012824535369873,0.0002989768981933,autoUniv-au7-500_1554_results_GaussianNB().csv
autoUniv-au7-500_1554,simpleimputer,ordinalencoder,pca,power,GaussianNB(),1,0.52,0.0012989044189453,0.0003027915954589,autoUniv-au7-500_1554_results_GaussianNB().csv
autoUniv-au7-500_1554,simpleimputer,ordinalencoder,select_percentile,none,GaussianNB(),1,0.52,0.0012481212615966,0.0002670288085937,autoUniv-au7-500_1554_results_GaussianNB().csv
autoUniv-au7-500_1554,none,ordinalencoder,select_percentile,minmax,GaussianNB(),1,0.52,0.0012397766113281,0.0002431869506835,autoUniv-au7-500_1554_results_GaussianNB().csv
autoUniv-au7-500_1554,simpleimputer,ordinalencoder,linear_svc,standard,GaussianNB(),1,0.51,0.0012946128845214,0.0002963542938232,autoUniv-au7-500_1554_results_GaussianNB().csv
autoUniv-au7-500_1554,none,ordinalencoder,truncated_svd,standard,GaussianNB(),1,0.51,0.0012264251708984,0.0002510547637939,autoUniv-au7-500_1554_results_GaussianNB().csv
PizzaCutter1_1443,simpleimputer,ordinalencoder,truncated_svd,quantile,GaussianNB(),1,0.9545454545454546,0.001047134399414,0.0001533031463623,PizzaCutter1_1443_results_GaussianNB().csv
PizzaCutter1_1443,simpleimputer,onehot,truncated_svd,quantile,GaussianNB(),1,0.9545454545454546,0.0009658336639404,0.0001616477966308,PizzaCutter1_1443_results_GaussianNB().csv
PizzaCutter1_1443,simpleimputer,onehot,truncated_svd,power,GaussianNB(),1,0.9545454545454546,0.0009467601776123,0.0001559257507324,PizzaCutter1_1443_results_GaussianNB().csv
PizzaCutter1_1443,none,ordinalencoder,truncated_svd,minmax,GaussianNB(),1,0.9545454545454546,0.0009703636169433,0.000152587890625,PizzaCutter1_1443_results_GaussianNB().csv
PizzaCutter1_1443,none,none,truncated_svd,power,GaussianNB(),1,0.9545454545454546,0.0009524822235107,0.0001516342163085,PizzaCutter1_1443_results_GaussianNB().csv
PizzaCutter1_1443,simpleimputer,ordinalencoder,truncated_svd,minmax,GaussianNB(),1,0.9545454545454546,0.0009269714355468,0.0001535415649414,PizzaCutter1_1443_results_GaussianNB().csv
PizzaCutter1_1443,none,onehot,truncated_svd,quantile,GaussianNB(),1,0.9545454545454546,0.0010435581207275,0.0001788139343261,PizzaCutter1_1443_results_GaussianNB().csv
PizzaCutter1_1443,simpleimputer,none,truncated_svd,minmax,GaussianNB(),1,0.9545454545454546,0.0009698867797851,0.0001556873321533,PizzaCutter1_1443_results_GaussianNB().csv
PizzaCutter1_1443,none,none,truncated_svd,minmax,GaussianNB(),1,0.9545454545454546,0.0011532306671142,0.0001797676086425,PizzaCutter1_1443_results_GaussianNB().csv
PizzaCutter1_1443,none,ordinalencoder,truncated_svd,quantile,GaussianNB(),1,0.9545454545454546,0.0009577274322509,0.000154972076416,PizzaCutter1_1443_results_GaussianNB().csv
PizzaCutter1_1443,none,ordinalencoder,truncated_svd,power,GaussianNB(),1,0.9545454545454546,0.0009548664093017,0.000154972076416,PizzaCutter1_1443_results_GaussianNB().csv
PizzaCutter1_1443,simpleimputer,onehot,truncated_svd,minmax,GaussianNB(),1,0.9545454545454546,0.0009522438049316,0.0001542568206787,PizzaCutter1_1443_results_GaussianNB().csv
PizzaCutter1_1443,none,onehot,truncated_svd,power,GaussianNB(),1,0.9545454545454546,0.0009808540344238,0.0001537799835205,PizzaCutter1_1443_results_GaussianNB().csv
PizzaCutter1_1443,none,onehot,truncated_svd,minmax,GaussianNB(),1,0.9545454545454546,0.0009448528289794,0.000154972076416,PizzaCutter1_1443_results_GaussianNB().csv
PizzaCutter1_1443,simpleimputer,ordinalencoder,truncated_svd,power,GaussianNB(),1,0.9545454545454546,0.0009772777557373,0.0001544952392578,PizzaCutter1_1443_results_GaussianNB().csv
PizzaCutter1_1443,none,none,truncated_svd,quantile,GaussianNB(),1,0.9545454545454546,0.0009901523590087,0.0001571178436279,PizzaCutter1_1443_results_GaussianNB().csv
PizzaCutter1_1443,simpleimputer,none,truncated_svd,power,GaussianNB(),1,0.9545454545454546,0.0009520053863525,0.0001649856567382,PizzaCutter1_1443_results_GaussianNB().csv
PizzaCutter1_1443,simpleimputer,none,truncated_svd,quantile,GaussianNB(),1,0.9545454545454546,0.00093674659729,0.0001759529113769,PizzaCutter1_1443_results_GaussianNB().csv
PizzaCutter1_1443,none,none,pca,power,GaussianNB(),1,0.946969696969697,0.001133918762207,0.0001928806304931,PizzaCutter1_1443_results_GaussianNB().csv
PizzaCutter1_1443,none,none,generic_univariate,power,GaussianNB(),1,0.946969696969697,0.0009827613830566,0.0001444816589355,PizzaCutter1_1443_results_GaussianNB().csv
solar-flare_40687,none,ordinalencoder,select_percentile,normalizer,GaussianNB(),4,0.784037558685446,0.0009217262268066,0.0002956390380859,solar-flare_40687_results_GaussianNB().csv
solar-flare_40687,none,onehot,extra_tree,normalizer,GaussianNB(),4,0.784037558685446,0.0010504722595214,0.0003066062927246,solar-flare_40687_results_GaussianNB().csv
solar-flare_40687,none,none,extra_tree,normalizer,GaussianNB(),4,0.784037558685446,0.0009984970092773,0.0002846717834472,solar-flare_40687_results_GaussianNB().csv
solar-flare_40687,simpleimputer,ordinalencoder,select_percentile,normalizer,GaussianNB(),4,0.784037558685446,0.0009162425994873,0.0002720355987548,solar-flare_40687_results_GaussianNB().csv
solar-flare_40687,none,ordinalencoder,extra_tree,normalizer,GaussianNB(),4,0.784037558685446,0.000990867614746,0.0002868175506591,solar-flare_40687_results_GaussianNB().csv
solar-flare_40687,none,none,select_percentile,normalizer,GaussianNB(),4,0.784037558685446,0.00089693069458,0.0002706050872802,solar-flare_40687_results_GaussianNB().csv
solar-flare_40687,simpleimputer,ordinalencoder,extra_tree,normalizer,GaussianNB(),4,0.784037558685446,0.001033067703247,0.0003314018249511,solar-flare_40687_results_GaussianNB().csv
solar-flare_40687,simpleimputer,none,extra_tree,normalizer,GaussianNB(),4,0.784037558685446,0.0010008811950683,0.0003340244293212,solar-flare_40687_results_GaussianNB().csv
solar-flare_40687,simpleimputer,none,select_percentile,normalizer,GaussianNB(),4,0.784037558685446,0.0008735656738281,0.0002834796905517,solar-flare_40687_results_GaussianNB().csv
solar-flare_40687,simpleimputer,onehot,extra_tree,normalizer,GaussianNB(),4,0.784037558685446,0.0010292530059814,0.0002830028533935,solar-flare_40687_results_GaussianNB().csv
solar-flare_40687,none,onehot,select_percentile,normalizer,GaussianNB(),4,0.784037558685446,0.0009253025054931,0.0002872943878173,solar-flare_40687_results_GaussianNB().csv
solar-flare_40687,simpleimputer,onehot,select_percentile,normalizer,GaussianNB(),4,0.784037558685446,0.0008480548858642,0.0003011226654052,solar-flare_40687_results_GaussianNB().csv
solar-flare_40687,none,none,extra_tree,power,GaussianNB(),4,0.7793427230046949,0.0010445117950439,0.0002923011779785,solar-flare_40687_results_GaussianNB().csv
solar-flare_40687,simpleimputer,ordinalencoder,extra_tree,power,GaussianNB(),4,0.7793427230046949,0.0008974075317382,0.0002686977386474,solar-flare_40687_results_GaussianNB().csv
solar-flare_40687,none,none,extra_tree,power,GaussianNB(),1,0.7793427230046949,0.0009839534759521,0.0002827644348144,solar-flare_40687_results_GaussianNB().csv
solar-flare_40687,simpleimputer,ordinalencoder,extra_tree,power,GaussianNB(),1,0.7793427230046949,0.0009477138519287,0.000270128250122,solar-flare_40687_results_GaussianNB().csv
solar-flare_40687,simpleimputer,ordinalencoder,linear_svc,power,GaussianNB(),1,0.7793427230046949,0.0009236335754394,0.0002777576446533,solar-flare_40687_results_GaussianNB().csv
solar-flare_40687,simpleimputer,onehot,select_percentile,power,GaussianNB(),1,0.7793427230046949,0.0008411407470703,0.0002665519714355,solar-flare_40687_results_GaussianNB().csv
solar-flare_40687,none,onehot,extra_tree,power,GaussianNB(),4,0.7793427230046949,0.0009186267852783,0.000270128250122,solar-flare_40687_results_GaussianNB().csv
solar-flare_40687,none,onehot,linear_svc,power,GaussianNB(),1,0.7793427230046949,0.0008692741394042,0.000272512435913,solar-flare_40687_results_GaussianNB().csv
arsenic-female-lung_950,none,ordinalencoder,fastica,none,GaussianNB(),2,1.0,0.0009403228759765,0.0001516342163085,arsenic-female-lung_950_results_GaussianNB().csv
arsenic-female-lung_950,none,onehot,none,power,GaussianNB(),2,1.0,0.0010969638824462,0.0001702308654785,arsenic-female-lung_950_results_GaussianNB().csv
arsenic-female-lung_950,none,onehot,select_percentile,power,GaussianNB(),2,1.0,0.0009455680847167,0.0001542568206787,arsenic-female-lung_950_results_GaussianNB().csv
arsenic-female-lung_950,none,onehot,fastica,power,GaussianNB(),2,1.0,0.0009191036224365,0.0001628398895263,arsenic-female-lung_950_results_GaussianNB().csv
arsenic-female-lung_950,simpleimputer,ordinalencoder,linear_svc,power,GaussianNB(),2,1.0,0.0009195804595947,0.0001451969146728,arsenic-female-lung_950_results_GaussianNB().csv
arsenic-female-lung_950,simpleimputer,ordinalencoder,feature_agglomeration,power,GaussianNB(),2,1.0,0.0009195804595947,0.0001502037048339,arsenic-female-lung_950_results_GaussianNB().csv
arsenic-female-lung_950,simpleimputer,ordinalencoder,kernel_pca,power,GaussianNB(),2,1.0,0.001624584197998,0.0001795291900634,arsenic-female-lung_950_results_GaussianNB().csv
arsenic-female-lung_950,simpleimputer,ordinalencoder,select_percentile,power,GaussianNB(),2,1.0,0.000892162322998,0.0001440048217773,arsenic-female-lung_950_results_GaussianNB().csv
arsenic-female-lung_950,simpleimputer,ordinalencoder,fastica,power,GaussianNB(),2,1.0,0.0011322498321533,0.0002357959747314,arsenic-female-lung_950_results_GaussianNB().csv
arsenic-female-lung_950,simpleimputer,ordinalencoder,extra_tree,power,GaussianNB(),2,1.0,0.0009505748748779,0.0001482963562011,arsenic-female-lung_950_results_GaussianNB().csv
arsenic-female-lung_950,simpleimputer,ordinalencoder,none,power,GaussianNB(),2,1.0,0.0010945796966552,0.0001709461212158,arsenic-female-lung_950_results_GaussianNB().csv
arsenic-female-lung_950,simpleimputer,ordinalencoder,pca,power,GaussianNB(),2,1.0,0.0010075569152832,0.0001666545867919,arsenic-female-lung_950_results_GaussianNB().csv
arsenic-female-lung_950,simpleimputer,ordinalencoder,generic_univariate,power,GaussianNB(),2,1.0,0.0008652210235595,0.0001647472381591,arsenic-female-lung_950_results_GaussianNB().csv
arsenic-female-lung_950,none,ordinalencoder,polynomial_features,standard,GaussianNB(),2,1.0,0.000910997390747,0.0001606941223144,arsenic-female-lung_950_results_GaussianNB().csv
arsenic-female-lung_950,none,ordinalencoder,select_percentile,standard,GaussianNB(),2,1.0,0.0008420944213867,0.0001833438873291,arsenic-female-lung_950_results_GaussianNB().csv
arsenic-female-lung_950,none,ordinalencoder,fastica,standard,GaussianNB(),2,1.0,0.0013799667358398,0.0002059936523437,arsenic-female-lung_950_results_GaussianNB().csv
arsenic-female-lung_950,simpleimputer,ordinalencoder,truncated_svd,power,GaussianNB(),2,1.0,0.0011041164398193,0.000152587890625,arsenic-female-lung_950_results_GaussianNB().csv
arsenic-female-lung_950,none,none,none,standard,GaussianNB(),2,1.0,0.0013928413391113,0.0001823902130126,arsenic-female-lung_950_results_GaussianNB().csv
arsenic-female-lung_950,none,none,pca,standard,GaussianNB(),2,1.0,0.0010015964508056,0.0001604557037353,arsenic-female-lung_950_results_GaussianNB().csv
arsenic-female-lung_950,none,none,generic_univariate,standard,GaussianNB(),2,1.0,0.000809907913208,0.0001380443572998,arsenic-female-lung_950_results_GaussianNB().csv
chscase_census3_908,none,onehot,none,normalizer,GaussianNB(),2,0.6375,0.0010867118835449,0.0001883506774902,chscase_census3_908_results_GaussianNB().csv
chscase_census3_908,simpleimputer,onehot,none,normalizer,GaussianNB(),2,0.6375,0.0011134147644042,0.0002074241638183,chscase_census3_908_results_GaussianNB().csv
chscase_census3_908,none,ordinalencoder,none,normalizer,GaussianNB(),2,0.6375,0.0011229515075683,0.0001881122589111,chscase_census3_908_results_GaussianNB().csv
chscase_census3_908,simpleimputer,none,none,normalizer,GaussianNB(),2,0.6375,0.0010337829589843,0.0002069473266601,chscase_census3_908_results_GaussianNB().csv
chscase_census3_908,none,none,none,normalizer,GaussianNB(),2,0.6375,0.0012016296386718,0.0001871585845947,chscase_census3_908_results_GaussianNB().csv
chscase_census3_908,simpleimputer,ordinalencoder,none,normalizer,GaussianNB(),2,0.6375,0.0010952949523925,0.0001850128173828,chscase_census3_908_results_GaussianNB().csv
chscase_census3_908,simpleimputer,none,rbf_sampler,none,GaussianNB(),2,0.6,0.0013341903686523,0.0002782344818115,chscase_census3_908_results_GaussianNB().csv
chscase_census3_908,none,none,rbf_sampler,none,GaussianNB(),2,0.6,0.0013539791107177,0.0002858638763427,chscase_census3_908_results_GaussianNB().csv
chscase_census3_908,simpleimputer,ordinalencoder,rbf_sampler,none,GaussianNB(),2,0.6,0.0013411045074462,0.0002298355102539,chscase_census3_908_results_GaussianNB().csv
chscase_census3_908,none,ordinalencoder,rbf_sampler,none,GaussianNB(),2,0.6,0.0012938976287841,0.0002286434173583,chscase_census3_908_results_GaussianNB().csv
chscase_census3_908,none,onehot,rbf_sampler,none,GaussianNB(),2,0.6,0.0013108253479003,0.0002357959747314,chscase_census3_908_results_GaussianNB().csv
chscase_census3_908,simpleimputer,onehot,rbf_sampler,none,GaussianNB(),2,0.6,0.0013728141784667,0.0002343654632568,chscase_census3_908_results_GaussianNB().csv
chscase_census3_908,simpleimputer,onehot,feature_agglomeration,none,GaussianNB(),1,0.5875,0.0010063648223876,0.0001609325408935,chscase_census3_908_results_GaussianNB().csv
chscase_census3_908,simpleimputer,none,truncated_svd,normalizer,GaussianNB(),2,0.5875,0.0009238719940185,0.0001580715179443,chscase_census3_908_results_GaussianNB().csv
chscase_census3_908,none,ordinalencoder,feature_agglomeration,none,GaussianNB(),2,0.5875,0.000885009765625,0.0001592636108398,chscase_census3_908_results_GaussianNB().csv
chscase_census3_908,simpleimputer,onehot,feature_agglomeration,none,GaussianNB(),2,0.5875,0.0009126663208007,0.0001862049102783,chscase_census3_908_results_GaussianNB().csv
chscase_census3_908,simpleimputer,ordinalencoder,feature_agglomeration,none,GaussianNB(),2,0.5875,0.0009210109710693,0.0001575946807861,chscase_census3_908_results_GaussianNB().csv
chscase_census3_908,simpleimputer,ordinalencoder,truncated_svd,none,GaussianNB(),2,0.5875,0.0008997917175292,0.0002212524414062,chscase_census3_908_results_GaussianNB().csv
chscase_census3_908,none,ordinalencoder,truncated_svd,none,GaussianNB(),2,0.5875,0.0009751319885253,0.0001611709594726,chscase_census3_908_results_GaussianNB().csv
chscase_census3_908,none,onehot,truncated_svd,normalizer,GaussianNB(),2,0.5875,0.0009469985961914,0.0001623630523681,chscase_census3_908_results_GaussianNB().csv
PopularKids_1100,none,ordinalencoder,pca,none,GaussianNB(),2,0.625,0.0011055469512939,0.0001873970031738,PopularKids_1100_results_GaussianNB().csv
PopularKids_1100,simpleimputer,ordinalencoder,kernel_pca,none,GaussianNB(),2,0.625,0.001413345336914,0.0002336502075195,PopularKids_1100_results_GaussianNB().csv
PopularKids_1100,simpleimputer,ordinalencoder,pca,none,GaussianNB(),2,0.625,0.0011763572692871,0.0001997947692871,PopularKids_1100_results_GaussianNB().csv
PopularKids_1100,none,ordinalencoder,kernel_pca,none,GaussianNB(),2,0.625,0.0013661384582519,0.0002319812774658,PopularKids_1100_results_GaussianNB().csv
PopularKids_1100,simpleimputer,ordinalencoder,kernel_pca,normalizer,GaussianNB(),2,0.6145833333333334,0.0013134479522705,0.0002210140228271,PopularKids_1100_results_GaussianNB().csv
PopularKids_1100,simpleimputer,ordinalencoder,pca,normalizer,GaussianNB(),2,0.6145833333333334,0.0011172294616699,0.0002918243408203,PopularKids_1100_results_GaussianNB().csv
PopularKids_1100,none,ordinalencoder,kernel_pca,normalizer,GaussianNB(),2,0.6145833333333334,0.00146484375,0.0002422332763671,PopularKids_1100_results_GaussianNB().csv
PopularKids_1100,none,ordinalencoder,pca,normalizer,GaussianNB(),2,0.6145833333333334,0.0011098384857177,0.000201940536499,PopularKids_1100_results_GaussianNB().csv
PopularKids_1100,none,onehot,feature_agglomeration,robust,GaussianNB(),3,0.6,0.001143455505371,0.0002245903015136,PopularKids_1100_results_GaussianNB().csv
PopularKids_1100,simpleimputer,onehot,feature_agglomeration,robust,GaussianNB(),3,0.6,0.0011308193206787,0.0001919269561767,PopularKids_1100_results_GaussianNB().csv
PopularKids_1100,none,ordinalencoder,kernel_pca,power,GaussianNB(),2,0.59375,0.0015263557434082,0.0002422332763671,PopularKids_1100_results_GaussianNB().csv
PopularKids_1100,none,ordinalencoder,kernel_pca,minmax,GaussianNB(),2,0.59375,0.0015156269073486,0.0002734661102294,PopularKids_1100_results_GaussianNB().csv
PopularKids_1100,none,ordinalencoder,fastica,minmax,GaussianNB(),2,0.59375,0.001084566116333,0.0002484321594238,PopularKids_1100_results_GaussianNB().csv
PopularKids_1100,simpleimputer,ordinalencoder,kernel_pca,power,GaussianNB(),2,0.59375,0.0014088153839111,0.0002331733703613,PopularKids_1100_results_GaussianNB().csv
PopularKids_1100,simpleimputer,ordinalencoder,pca,minmax,GaussianNB(),2,0.59375,0.0010991096496582,0.0002000331878662,PopularKids_1100_results_GaussianNB().csv
PopularKids_1100,none,ordinalencoder,none,none,GaussianNB(),0,0.59375,0.0024363994598388,0.0011749267578125,PopularKids_1100_results_GaussianNB().csv
PopularKids_1100,simpleimputer,ordinalencoder,none,standard,GaussianNB(),0,0.59375,0.0014300346374511,0.0002343654632568,PopularKids_1100_results_GaussianNB().csv
PopularKids_1100,simpleimputer,ordinalencoder,linear_svc,none,GaussianNB(),0,0.59375,0.0011689662933349,0.0002238750457763,PopularKids_1100_results_GaussianNB().csv
PopularKids_1100,none,ordinalencoder,pca,power,GaussianNB(),2,0.59375,0.0010859966278076,0.0001988410949707,PopularKids_1100_results_GaussianNB().csv
PopularKids_1100,none,ordinalencoder,fastica,power,GaussianNB(),2,0.59375,0.0010790824890136,0.0001986026763916,PopularKids_1100_results_GaussianNB().csv
fri_c0_500_50_888,none,onehot,extra_tree,power,GaussianNB(),4,0.9,0.0010359287261962,0.000157356262207,fri_c0_500_50_888_results_GaussianNB().csv
fri_c0_500_50_888,none,ordinalencoder,select_percentile,normalizer,GaussianNB(),4,0.9,0.0010187625885009,0.0001604557037353,fri_c0_500_50_888_results_GaussianNB().csv
fri_c0_500_50_888,none,ordinalencoder,select_percentile,power,GaussianNB(),4,0.9,0.0009660720825195,0.0001583099365234,fri_c0_500_50_888_results_GaussianNB().csv
fri_c0_500_50_888,simpleimputer,none,select_percentile,normalizer,GaussianNB(),4,0.9,0.0009574890136718,0.0001580715179443,fri_c0_500_50_888_results_GaussianNB().csv
fri_c0_500_50_888,simpleimputer,ordinalencoder,extra_tree,power,GaussianNB(),4,0.9,0.000972032546997,0.0001599788665771,fri_c0_500_50_888_results_GaussianNB().csv
fri_c0_500_50_888,simpleimputer,none,extra_tree,power,GaussianNB(),4,0.9,0.0010464191436767,0.0001685619354248,fri_c0_500_50_888_results_GaussianNB().csv
fri_c0_500_50_888,simpleimputer,onehot,select_percentile,power,GaussianNB(),4,0.9,0.0008769035339355,0.000152587890625,fri_c0_500_50_888_results_GaussianNB().csv
fri_c0_500_50_888,simpleimputer,none,select_percentile,power,GaussianNB(),4,0.9,0.0010194778442382,0.000162124633789,fri_c0_500_50_888_results_GaussianNB().csv
fri_c0_500_50_888,none,ordinalencoder,extra_tree,power,GaussianNB(),4,0.9,0.0011513233184814,0.0001692771911621,fri_c0_500_50_888_results_GaussianNB().csv
fri_c0_500_50_888,none,none,extra_tree,power,GaussianNB(),4,0.9,0.0009465217590332,0.0001595020294189,fri_c0_500_50_888_results_GaussianNB().csv
fri_c0_500_50_888,simpleimputer,ordinalencoder,select_percentile,normalizer,GaussianNB(),4,0.9,0.0008704662322998,0.0001540184020996,fri_c0_500_50_888_results_GaussianNB().csv
fri_c0_500_50_888,simpleimputer,onehot,select_percentile,normalizer,GaussianNB(),4,0.9,0.0009324550628662,0.0001556873321533,fri_c0_500_50_888_results_GaussianNB().csv
fri_c0_500_50_888,none,none,select_percentile,power,GaussianNB(),4,0.9,0.0009386539459228,0.000157356262207,fri_c0_500_50_888_results_GaussianNB().csv
fri_c0_500_50_888,simpleimputer,ordinalencoder,select_percentile,power,GaussianNB(),4,0.9,0.000939130783081,0.0001571178436279,fri_c0_500_50_888_results_GaussianNB().csv
fri_c0_500_50_888,none,none,select_percentile,normalizer,GaussianNB(),4,0.9,0.0010793209075927,0.0001657009124755,fri_c0_500_50_888_results_GaussianNB().csv
fri_c0_500_50_888,none,onehot,select_percentile,normalizer,GaussianNB(),4,0.9,0.0009527206420898,0.0001578330993652,fri_c0_500_50_888_results_GaussianNB().csv
fri_c0_500_50_888,simpleimputer,onehot,extra_tree,power,GaussianNB(),4,0.9,0.0009980201721191,0.0001564025878906,fri_c0_500_50_888_results_GaussianNB().csv
fri_c0_500_50_888,none,onehot,select_percentile,power,GaussianNB(),4,0.9,0.0009160041809082,0.0001628398895263,fri_c0_500_50_888_results_GaussianNB().csv
fri_c0_500_50_888,simpleimputer,onehot,select_percentile,minmax,GaussianNB(),4,0.89,0.0008792877197265,0.0003507137298583,fri_c0_500_50_888_results_GaussianNB().csv
fri_c0_500_50_888,simpleimputer,none,select_percentile,robust,GaussianNB(),4,0.89,0.0009033679962158,0.0001556873321533,fri_c0_500_50_888_results_GaussianNB().csv
fri_c2_500_50_920,none,onehot,extra_tree,quantile,GaussianNB(),4,0.86,0.0015878677368164,0.0002634525299072,fri_c2_500_50_920_results_GaussianNB().csv
fri_c2_500_50_920,none,none,select_percentile,standard,GaussianNB(),4,0.86,0.0010466575622558,0.0001671314239501,fri_c2_500_50_920_results_GaussianNB().csv
fri_c2_500_50_920,none,ordinalencoder,select_percentile,none,GaussianNB(),4,0.86,0.0009195804595947,0.0001523494720458,fri_c2_500_50_920_results_GaussianNB().csv
fri_c2_500_50_920,simpleimputer,onehot,select_percentile,minmax,GaussianNB(),0,0.86,0.0012590885162353,0.0002129077911376,fri_c2_500_50_920_results_GaussianNB().csv
fri_c2_500_50_920,none,onehot,extra_tree,normalizer,GaussianNB(),0,0.86,0.0010561943054199,0.0001614093780517,fri_c2_500_50_920_results_GaussianNB().csv
fri_c2_500_50_920,none,none,extra_tree,quantile,GaussianNB(),4,0.86,0.0009663105010986,0.0001575946807861,fri_c2_500_50_920_results_GaussianNB().csv
fri_c2_500_50_920,simpleimputer,none,select_percentile,none,GaussianNB(),4,0.86,0.0008609294891357,0.0001471042633056,fri_c2_500_50_920_results_GaussianNB().csv
fri_c2_500_50_920,none,onehot,select_percentile,none,GaussianNB(),4,0.86,0.0009748935699462,0.0001528263092041,fri_c2_500_50_920_results_GaussianNB().csv
fri_c2_500_50_920,simpleimputer,onehot,select_percentile,power,GaussianNB(),4,0.86,0.0009295940399169,0.0001773834228515,fri_c2_500_50_920_results_GaussianNB().csv
fri_c2_500_50_920,none,ordinalencoder,extra_tree,standard,GaussianNB(),0,0.86,0.0009627342224121,0.0001542568206787,fri_c2_500_50_920_results_GaussianNB().csv
fri_c2_500_50_920,none,onehot,select_percentile,none,GaussianNB(),0,0.86,0.0009949207305908,0.0001699924468994,fri_c2_500_50_920_results_GaussianNB().csv
fri_c2_500_50_920,none,ordinalencoder,extra_tree,standard,GaussianNB(),4,0.86,0.0009326934814453,0.0001466274261474,fri_c2_500_50_920_results_GaussianNB().csv
fri_c2_500_50_920,none,ordinalencoder,extra_tree,none,GaussianNB(),0,0.86,0.0009984970092773,0.0001666545867919,fri_c2_500_50_920_results_GaussianNB().csv
fri_c2_500_50_920,none,onehot,extra_tree,power,GaussianNB(),4,0.86,0.0009167194366455,0.0001497268676757,fri_c2_500_50_920_results_GaussianNB().csv
fri_c2_500_50_920,simpleimputer,none,select_percentile,robust,GaussianNB(),0,0.86,0.0011043548583984,0.0001981258392333,fri_c2_500_50_920_results_GaussianNB().csv
fri_c2_500_50_920,none,none,extra_tree,minmax,GaussianNB(),4,0.86,0.0010287761688232,0.0001802444458007,fri_c2_500_50_920_results_GaussianNB().csv
fri_c2_500_50_920,simpleimputer,none,extra_tree,normalizer,GaussianNB(),0,0.86,0.0009772777557373,0.0001542568206787,fri_c2_500_50_920_results_GaussianNB().csv
fri_c2_500_50_920,simpleimputer,none,select_percentile,normalizer,GaussianNB(),0,0.86,0.00101900100708,0.000152587890625,fri_c2_500_50_920_results_GaussianNB().csv
fri_c2_500_50_920,none,none,select_percentile,robust,GaussianNB(),0,0.86,0.000939130783081,0.0001518726348876,fri_c2_500_50_920_results_GaussianNB().csv
fri_c2_500_50_920,none,none,select_percentile,robust,GaussianNB(),4,0.86,0.0008618831634521,0.000150442123413,fri_c2_500_50_920_results_GaussianNB().csv
blood-transfusion-service-center_1464,none,none,fastica,none,GaussianNB(),3,0.8590604026845637,0.0010018348693847,0.0001721382141113,blood-transfusion-service-center_1464_results_GaussianNB().csv
blood-transfusion-service-center_1464,none,none,pca,none,GaussianNB(),3,0.8590604026845637,0.0008964538574218,0.0001676082611083,blood-transfusion-service-center_1464_results_GaussianNB().csv
blood-transfusion-service-center_1464,none,none,kernel_pca,none,GaussianNB(),3,0.8590604026845637,0.000946044921875,0.0002055168151855,blood-transfusion-service-center_1464_results_GaussianNB().csv
blood-transfusion-service-center_1464,simpleimputer,ordinalencoder,fastica,quantile,GaussianNB(),3,0.8590604026845637,0.0009276866912841,0.0001828670501708,blood-transfusion-service-center_1464_results_GaussianNB().csv
blood-transfusion-service-center_1464,none,none,fastica,quantile,GaussianNB(),3,0.8590604026845637,0.0010197162628173,0.0001788139343261,blood-transfusion-service-center_1464_results_GaussianNB().csv
blood-transfusion-service-center_1464,none,onehot,pca,none,GaussianNB(),3,0.8590604026845637,0.0009751319885253,0.0001699924468994,blood-transfusion-service-center_1464_results_GaussianNB().csv
blood-transfusion-service-center_1464,none,onehot,fastica,none,GaussianNB(),3,0.8590604026845637,0.0008893013000488,0.0001993179321289,blood-transfusion-service-center_1464_results_GaussianNB().csv
blood-transfusion-service-center_1464,none,ordinalencoder,fastica,none,GaussianNB(),3,0.8590604026845637,0.0009307861328125,0.000176191329956,blood-transfusion-service-center_1464_results_GaussianNB().csv
blood-transfusion-service-center_1464,simpleimputer,none,kernel_pca,none,GaussianNB(),3,0.8590604026845637,0.001462697982788,0.000218391418457,blood-transfusion-service-center_1464_results_GaussianNB().csv
blood-transfusion-service-center_1464,none,ordinalencoder,kernel_pca,none,GaussianNB(),3,0.8590604026845637,0.0011868476867675,0.0002453327178955,blood-transfusion-service-center_1464_results_GaussianNB().csv
blood-transfusion-service-center_1464,simpleimputer,none,fastica,none,GaussianNB(),3,0.8590604026845637,0.0008883476257324,0.0001716613769531,blood-transfusion-service-center_1464_results_GaussianNB().csv
blood-transfusion-service-center_1464,simpleimputer,none,pca,none,GaussianNB(),3,0.8590604026845637,0.0008902549743652,0.000176191329956,blood-transfusion-service-center_1464_results_GaussianNB().csv
blood-transfusion-service-center_1464,none,onehot,kernel_pca,none,GaussianNB(),3,0.8590604026845637,0.001004934310913,0.0001976490020751,blood-transfusion-service-center_1464_results_GaussianNB().csv
blood-transfusion-service-center_1464,simpleimputer,onehot,fastica,quantile,GaussianNB(),3,0.8590604026845637,0.0010418891906738,0.0001733303070068,blood-transfusion-service-center_1464_results_GaussianNB().csv
blood-transfusion-service-center_1464,none,ordinalencoder,pca,none,GaussianNB(),3,0.8590604026845637,0.0009024143218994,0.0001702308654785,blood-transfusion-service-center_1464_results_GaussianNB().csv
blood-transfusion-service-center_1464,simpleimputer,ordinalencoder,kernel_pca,none,GaussianNB(),3,0.8590604026845637,0.0011389255523681,0.0002005100250244,blood-transfusion-service-center_1464_results_GaussianNB().csv
blood-transfusion-service-center_1464,simpleimputer,onehot,kernel_pca,none,GaussianNB(),3,0.8590604026845637,0.00108003616333,0.0002036094665527,blood-transfusion-service-center_1464_results_GaussianNB().csv
blood-transfusion-service-center_1464,none,onehot,fastica,quantile,GaussianNB(),3,0.8590604026845637,0.0009098052978515,0.0001716613769531,blood-transfusion-service-center_1464_results_GaussianNB().csv
blood-transfusion-service-center_1464,simpleimputer,ordinalencoder,pca,none,GaussianNB(),3,0.8590604026845637,0.000913381576538,0.0002305507659912,blood-transfusion-service-center_1464_results_GaussianNB().csv
blood-transfusion-service-center_1464,simpleimputer,ordinalencoder,fastica,none,GaussianNB(),3,0.8590604026845637,0.0009946823120117,0.0001869201660156,blood-transfusion-service-center_1464_results_GaussianNB().csv
abalone_183,simpleimputer,ordinalencoder,select_percentile,quantile,GaussianNB(),1,0.2990430622009569,0.0022749900817871,0.0010230541229248,abalone_183_results_GaussianNB().csv
abalone_183,simpleimputer,onehot,select_percentile,power,GaussianNB(),1,0.2990430622009569,0.0022976398468017,0.0009057521820068,abalone_183_results_GaussianNB().csv
abalone_183,none,ordinalencoder,select_percentile,power,GaussianNB(),1,0.2990430622009569,0.0020363330841064,0.0008778572082519,abalone_183_results_GaussianNB().csv
abalone_183,none,ordinalencoder,generic_univariate,power,GaussianNB(),1,0.2990430622009569,0.0021431446075439,0.0008864402770996,abalone_183_results_GaussianNB().csv
abalone_183,simpleimputer,onehot,generic_univariate,power,GaussianNB(),1,0.2990430622009569,0.0021500587463378,0.0009357929229736,abalone_183_results_GaussianNB().csv
abalone_183,none,onehot,generic_univariate,power,GaussianNB(),1,0.2990430622009569,0.0034601688385009,0.0014393329620361,abalone_183_results_GaussianNB().csv
abalone_183,none,ordinalencoder,select_percentile,quantile,GaussianNB(),1,0.2990430622009569,0.0021643638610839,0.0009329319000244,abalone_183_results_GaussianNB().csv
abalone_183,none,onehot,select_percentile,quantile,GaussianNB(),1,0.2990430622009569,0.002249002456665,0.0009217262268066,abalone_183_results_GaussianNB().csv
abalone_183,simpleimputer,ordinalencoder,select_percentile,power,GaussianNB(),1,0.2990430622009569,0.0022323131561279,0.0009691715240478,abalone_183_results_GaussianNB().csv
abalone_183,none,onehot,generic_univariate,quantile,GaussianNB(),1,0.2990430622009569,0.002152681350708,0.0008904933929443,abalone_183_results_GaussianNB().csv
abalone_183,simpleimputer,ordinalencoder,generic_univariate,power,GaussianNB(),1,0.2990430622009569,0.0026051998138427,0.0013549327850341,abalone_183_results_GaussianNB().csv
abalone_183,none,ordinalencoder,generic_univariate,quantile,GaussianNB(),1,0.2990430622009569,0.0022065639495849,0.0009925365447998,abalone_183_results_GaussianNB().csv
abalone_183,none,onehot,select_percentile,power,GaussianNB(),1,0.2990430622009569,0.0033135414123535,0.0013477802276611,abalone_183_results_GaussianNB().csv
abalone_183,simpleimputer,ordinalencoder,generic_univariate,quantile,GaussianNB(),1,0.2990430622009569,0.0023183822631835,0.00105881690979,abalone_183_results_GaussianNB().csv
abalone_183,simpleimputer,onehot,generic_univariate,quantile,GaussianNB(),1,0.2990430622009569,0.0021431446075439,0.0008914470672607,abalone_183_results_GaussianNB().csv
abalone_183,simpleimputer,onehot,select_percentile,quantile,GaussianNB(),1,0.2990430622009569,0.0034637451171875,0.0010063648223876,abalone_183_results_GaussianNB().csv
abalone_183,none,onehot,feature_agglomeration,robust,GaussianNB(),1,0.2978468899521531,0.0023925304412841,0.001500129699707,abalone_183_results_GaussianNB().csv
abalone_183,simpleimputer,onehot,feature_agglomeration,robust,GaussianNB(),1,0.2978468899521531,0.002800703048706,0.0016593933105468,abalone_183_results_GaussianNB().csv
abalone_183,none,onehot,feature_agglomeration,robust,GaussianNB(),0,0.2882775119617224,0.0023665428161621,0.0015211105346679,abalone_183_results_GaussianNB().csv
abalone_183,simpleimputer,onehot,feature_agglomeration,robust,GaussianNB(),0,0.2882775119617224,0.0023026466369628,0.0015792846679687,abalone_183_results_GaussianNB().csv
fri_c1_1000_50_837,simpleimputer,none,feature_agglomeration,quantile,GaussianNB(),2,0.76,0.0011131763458251,0.0001595020294189,fri_c1_1000_50_837_results_GaussianNB().csv
fri_c1_1000_50_837,simpleimputer,ordinalencoder,feature_agglomeration,quantile,GaussianNB(),2,0.76,0.0011172294616699,0.0001626014709472,fri_c1_1000_50_837_results_GaussianNB().csv
fri_c1_1000_50_837,none,ordinalencoder,feature_agglomeration,quantile,GaussianNB(),2,0.76,0.001124620437622,0.0001695156097412,fri_c1_1000_50_837_results_GaussianNB().csv
fri_c1_1000_50_837,none,none,feature_agglomeration,quantile,GaussianNB(),2,0.76,0.0011940002441406,0.0001723766326904,fri_c1_1000_50_837_results_GaussianNB().csv
fri_c1_1000_50_837,none,onehot,feature_agglomeration,quantile,GaussianNB(),2,0.76,0.0011451244354248,0.0001628398895263,fri_c1_1000_50_837_results_GaussianNB().csv
fri_c1_1000_50_837,simpleimputer,onehot,feature_agglomeration,quantile,GaussianNB(),2,0.76,0.0011334419250488,0.0001618862152099,fri_c1_1000_50_837_results_GaussianNB().csv
fri_c1_1000_50_837,none,ordinalencoder,feature_agglomeration,normalizer,GaussianNB(),2,0.755,0.0010569095611572,0.0001542568206787,fri_c1_1000_50_837_results_GaussianNB().csv
fri_c1_1000_50_837,none,onehot,feature_agglomeration,normalizer,GaussianNB(),2,0.755,0.0013418197631835,0.0001640319824218,fri_c1_1000_50_837_results_GaussianNB().csv
fri_c1_1000_50_837,none,none,feature_agglomeration,normalizer,GaussianNB(),2,0.755,0.0010619163513183,0.0001521110534667,fri_c1_1000_50_837_results_GaussianNB().csv
fri_c1_1000_50_837,simpleimputer,none,feature_agglomeration,normalizer,GaussianNB(),2,0.755,0.0012359619140625,0.0001659393310546,fri_c1_1000_50_837_results_GaussianNB().csv
fri_c1_1000_50_837,simpleimputer,onehot,feature_agglomeration,normalizer,GaussianNB(),2,0.755,0.0011026859283447,0.0001626014709472,fri_c1_1000_50_837_results_GaussianNB().csv
fri_c1_1000_50_837,simpleimputer,ordinalencoder,feature_agglomeration,normalizer,GaussianNB(),2,0.755,0.0012850761413574,0.0001749992370605,fri_c1_1000_50_837_results_GaussianNB().csv
fri_c1_1000_50_837,none,onehot,linear_svc,quantile,GaussianNB(),2,0.75,0.0011730194091796,0.0002193450927734,fri_c1_1000_50_837_results_GaussianNB().csv
fri_c1_1000_50_837,none,none,feature_agglomeration,robust,GaussianNB(),2,0.75,0.0013065338134765,0.0001807212829589,fri_c1_1000_50_837_results_GaussianNB().csv
fri_c1_1000_50_837,simpleimputer,none,linear_svc,quantile,GaussianNB(),2,0.75,0.0012183189392089,0.000258445739746,fri_c1_1000_50_837_results_GaussianNB().csv
fri_c1_1000_50_837,none,ordinalencoder,feature_agglomeration,robust,GaussianNB(),2,0.75,0.0011963844299316,0.0001838207244873,fri_c1_1000_50_837_results_GaussianNB().csv
fri_c1_1000_50_837,none,onehot,feature_agglomeration,robust,GaussianNB(),2,0.75,0.0012366771697998,0.0001688003540039,fri_c1_1000_50_837_results_GaussianNB().csv
fri_c1_1000_50_837,simpleimputer,onehot,feature_agglomeration,robust,GaussianNB(),2,0.75,0.0011141300201416,0.000180959701538,fri_c1_1000_50_837_results_GaussianNB().csv
fri_c1_1000_50_837,simpleimputer,ordinalencoder,feature_agglomeration,robust,GaussianNB(),2,0.75,0.0012855529785156,0.0001702308654785,fri_c1_1000_50_837_results_GaussianNB().csv
fri_c1_1000_50_837,none,none,linear_svc,quantile,GaussianNB(),2,0.75,0.0012023448944091,0.0001771450042724,fri_c1_1000_50_837_results_GaussianNB().csv
arsenic-female-bladder_949,none,onehot,extra_tree,power,GaussianNB(),0,0.9107142857142856,0.0009958744049072,0.0001528263092041,arsenic-female-bladder_949_results_GaussianNB().csv
arsenic-female-bladder_949,simpleimputer,none,extra_tree,power,GaussianNB(),0,0.9107142857142856,0.0009560585021972,0.0001471042633056,arsenic-female-bladder_949_results_GaussianNB().csv
arsenic-female-bladder_949,simpleimputer,onehot,extra_tree,power,GaussianNB(),0,0.9107142857142856,0.0010933876037597,0.0001678466796875,arsenic-female-bladder_949_results_GaussianNB().csv
arsenic-female-bladder_949,simpleimputer,ordinalencoder,extra_tree,power,GaussianNB(),0,0.9107142857142856,0.0010139942169189,0.0001578330993652,arsenic-female-bladder_949_results_GaussianNB().csv
arsenic-female-bladder_949,none,ordinalencoder,extra_tree,power,GaussianNB(),0,0.9107142857142856,0.0010721683502197,0.0001575946807861,arsenic-female-bladder_949_results_GaussianNB().csv
arsenic-female-bladder_949,none,none,extra_tree,power,GaussianNB(),0,0.9107142857142856,0.0009615421295166,0.0001506805419921,arsenic-female-bladder_949_results_GaussianNB().csv
arsenic-female-bladder_949,simpleimputer,none,fastica,standard,GaussianNB(),2,0.9017857142857144,0.0009257793426513,0.0001578330993652,arsenic-female-bladder_949_results_GaussianNB().csv
arsenic-female-bladder_949,simpleimputer,onehot,feature_agglomeration,robust,GaussianNB(),2,0.9017857142857144,0.0010972023010253,0.0001680850982666,arsenic-female-bladder_949_results_GaussianNB().csv
arsenic-female-bladder_949,simpleimputer,onehot,none,normalizer,GaussianNB(),0,0.9017857142857144,0.0011818408966064,0.0002110004425048,arsenic-female-bladder_949_results_GaussianNB().csv
arsenic-female-bladder_949,simpleimputer,onehot,kernel_pca,robust,GaussianNB(),2,0.9017857142857144,0.0012454986572265,0.0002236366271972,arsenic-female-bladder_949_results_GaussianNB().csv
arsenic-female-bladder_949,simpleimputer,onehot,extra_tree,robust,GaussianNB(),2,0.9017857142857144,0.0010080337524414,0.0001544952392578,arsenic-female-bladder_949_results_GaussianNB().csv
arsenic-female-bladder_949,simpleimputer,none,extra_tree,none,GaussianNB(),2,0.9017857142857144,0.0009863376617431,0.0001533031463623,arsenic-female-bladder_949_results_GaussianNB().csv
arsenic-female-bladder_949,simpleimputer,none,none,standard,GaussianNB(),2,0.9017857142857144,0.0011777877807617,0.0001778602600097,arsenic-female-bladder_949_results_GaussianNB().csv
arsenic-female-bladder_949,none,onehot,truncated_svd,robust,GaussianNB(),2,0.9017857142857144,0.0009701251983642,0.0001547336578369,arsenic-female-bladder_949_results_GaussianNB().csv
arsenic-female-bladder_949,none,onehot,fastica,robust,GaussianNB(),2,0.9017857142857144,0.0017426013946533,0.0002913475036621,arsenic-female-bladder_949_results_GaussianNB().csv
arsenic-female-bladder_949,none,onehot,none,robust,GaussianNB(),2,0.9017857142857144,0.0013356208801269,0.0001726150512695,arsenic-female-bladder_949_results_GaussianNB().csv
arsenic-female-bladder_949,none,onehot,kernel_pca,minmax,GaussianNB(),2,0.9017857142857144,0.0013167858123779,0.0001916885375976,arsenic-female-bladder_949_results_GaussianNB().csv
arsenic-female-bladder_949,none,onehot,pca,robust,GaussianNB(),2,0.9017857142857144,0.0011103153228759,0.0001788139343261,arsenic-female-bladder_949_results_GaussianNB().csv
arsenic-female-bladder_949,simpleimputer,none,polynomial_features,none,GaussianNB(),2,0.9017857142857144,0.0009868144989013,0.0001699924468994,arsenic-female-bladder_949_results_GaussianNB().csv
arsenic-female-bladder_949,simpleimputer,none,feature_agglomeration,none,GaussianNB(),2,0.9017857142857144,0.0009882450103759,0.0001602172851562,arsenic-female-bladder_949_results_GaussianNB().csv
PizzaCutter3_1444,none,none,truncated_svd,none,GaussianNB(),0,0.8995215311004785,0.0011417865753173,0.0001604557037353,PizzaCutter3_1444_results_GaussianNB().csv
PizzaCutter3_1444,none,onehot,feature_agglomeration,robust,GaussianNB(),0,0.8995215311004785,0.0012228488922119,0.000169038772583,PizzaCutter3_1444_results_GaussianNB().csv
PizzaCutter3_1444,none,onehot,generic_univariate,standard,GaussianNB(),1,0.8995215311004785,0.0010905265808105,0.0001599788665771,PizzaCutter3_1444_results_GaussianNB().csv
PizzaCutter3_1444,none,onehot,generic_univariate,normalizer,GaussianNB(),0,0.8995215311004785,0.0011048316955566,0.0001747608184814,PizzaCutter3_1444_results_GaussianNB().csv
PizzaCutter3_1444,none,none,truncated_svd,standard,GaussianNB(),0,0.8995215311004785,0.0012736320495605,0.0001695156097412,PizzaCutter3_1444_results_GaussianNB().csv
PizzaCutter3_1444,none,none,generic_univariate,standard,GaussianNB(),1,0.8995215311004785,0.001150369644165,0.000145673751831,PizzaCutter3_1444_results_GaussianNB().csv
PizzaCutter3_1444,simpleimputer,ordinalencoder,truncated_svd,robust,GaussianNB(),0,0.8995215311004785,0.0016472339630126,0.000213623046875,PizzaCutter3_1444_results_GaussianNB().csv
PizzaCutter3_1444,simpleimputer,ordinalencoder,generic_univariate,robust,GaussianNB(),1,0.8995215311004785,0.0012106895446777,0.0001521110534667,PizzaCutter3_1444_results_GaussianNB().csv
PizzaCutter3_1444,none,onehot,generic_univariate,power,GaussianNB(),0,0.8995215311004785,0.0010743141174316,0.0001435279846191,PizzaCutter3_1444_results_GaussianNB().csv
PizzaCutter3_1444,none,onehot,truncated_svd,power,GaussianNB(),0,0.8995215311004785,0.0010733604431152,0.0001533031463623,PizzaCutter3_1444_results_GaussianNB().csv
PizzaCutter3_1444,none,onehot,truncated_svd,standard,GaussianNB(),0,0.8995215311004785,0.0012364387512207,0.0001816749572753,PizzaCutter3_1444_results_GaussianNB().csv
PizzaCutter3_1444,none,onehot,feature_agglomeration,quantile,GaussianNB(),0,0.8995215311004785,0.001075267791748,0.0001552104949951,PizzaCutter3_1444_results_GaussianNB().csv
PizzaCutter3_1444,simpleimputer,ordinalencoder,truncated_svd,standard,GaussianNB(),0,0.8995215311004785,0.0010967254638671,0.0001561641693115,PizzaCutter3_1444_results_GaussianNB().csv
PizzaCutter3_1444,simpleimputer,ordinalencoder,generic_univariate,standard,GaussianNB(),1,0.8995215311004785,0.0011582374572753,0.0001676082611083,PizzaCutter3_1444_results_GaussianNB().csv
PizzaCutter3_1444,none,onehot,feature_agglomeration,power,GaussianNB(),0,0.8995215311004785,0.0010957717895507,0.0001554489135742,PizzaCutter3_1444_results_GaussianNB().csv
PizzaCutter3_1444,none,onehot,generic_univariate,quantile,GaussianNB(),0,0.8995215311004785,0.0011155605316162,0.0001463890075683,PizzaCutter3_1444_results_GaussianNB().csv
PizzaCutter3_1444,simpleimputer,ordinalencoder,feature_agglomeration,robust,GaussianNB(),0,0.8995215311004785,0.0011348724365234,0.0001633167266845,PizzaCutter3_1444_results_GaussianNB().csv
PizzaCutter3_1444,simpleimputer,ordinalencoder,feature_agglomeration,minmax,GaussianNB(),0,0.8995215311004785,0.0011196136474609,0.0001764297485351,PizzaCutter3_1444_results_GaussianNB().csv
PizzaCutter3_1444,none,ordinalencoder,truncated_svd,power,GaussianNB(),0,0.8995215311004785,0.0010802745819091,0.0001866817474365,PizzaCutter3_1444_results_GaussianNB().csv
PizzaCutter3_1444,none,ordinalencoder,generic_univariate,power,GaussianNB(),0,0.8995215311004785,0.0010943412780761,0.0001492500305175,PizzaCutter3_1444_results_GaussianNB().csv
robot-failures-lp5_1520,none,ordinalencoder,polynomial_features,normalizer,GaussianNB(),0,0.8484848484848485,0.006256103515625,0.0017809867858886,robot-failures-lp5_1520_results_GaussianNB().csv
robot-failures-lp5_1520,none,none,polynomial_features,normalizer,GaussianNB(),0,0.8484848484848485,0.0153834819793701,0.00187349319458,robot-failures-lp5_1520_results_GaussianNB().csv
robot-failures-lp5_1520,none,onehot,polynomial_features,normalizer,GaussianNB(),0,0.8484848484848485,0.006425142288208,0.0018222332000732,robot-failures-lp5_1520_results_GaussianNB().csv
robot-failures-lp5_1520,simpleimputer,onehot,polynomial_features,normalizer,GaussianNB(),0,0.8484848484848485,0.0064492225646972,0.0019304752349853,robot-failures-lp5_1520_results_GaussianNB().csv
robot-failures-lp5_1520,simpleimputer,ordinalencoder,polynomial_features,normalizer,GaussianNB(),0,0.8484848484848485,0.0095851421356201,0.0020661354064941,robot-failures-lp5_1520_results_GaussianNB().csv
robot-failures-lp5_1520,simpleimputer,none,polynomial_features,normalizer,GaussianNB(),0,0.8484848484848485,0.0066354274749755,0.0023560523986816,robot-failures-lp5_1520_results_GaussianNB().csv
robot-failures-lp5_1520,none,none,truncated_svd,normalizer,GaussianNB(),3,0.7878787878787878,0.0009963512420654,0.0002427101135253,robot-failures-lp5_1520_results_GaussianNB().csv
robot-failures-lp5_1520,none,none,none,normalizer,GaussianNB(),0,0.7878787878787878,0.001218557357788,0.0003399848937988,robot-failures-lp5_1520_results_GaussianNB().csv
robot-failures-lp5_1520,simpleimputer,none,none,normalizer,GaussianNB(),0,0.7878787878787878,0.0013093948364257,0.0003538131713867,robot-failures-lp5_1520_results_GaussianNB().csv
robot-failures-lp5_1520,simpleimputer,none,truncated_svd,normalizer,GaussianNB(),3,0.7878787878787878,0.0010516643524169,0.0002355575561523,robot-failures-lp5_1520_results_GaussianNB().csv
robot-failures-lp5_1520,none,onehot,truncated_svd,normalizer,GaussianNB(),3,0.7878787878787878,0.0009751319885253,0.0002439022064208,robot-failures-lp5_1520_results_GaussianNB().csv
robot-failures-lp5_1520,simpleimputer,ordinalencoder,truncated_svd,normalizer,GaussianNB(),3,0.7878787878787878,0.0009529590606689,0.0002307891845703,robot-failures-lp5_1520_results_GaussianNB().csv
robot-failures-lp5_1520,none,ordinalencoder,truncated_svd,normalizer,GaussianNB(),3,0.7878787878787878,0.001194953918457,0.0002527236938476,robot-failures-lp5_1520_results_GaussianNB().csv
robot-failures-lp5_1520,none,ordinalencoder,none,normalizer,GaussianNB(),0,0.7878787878787878,0.0013349056243896,0.0003960132598876,robot-failures-lp5_1520_results_GaussianNB().csv
robot-failures-lp5_1520,simpleimputer,onehot,truncated_svd,normalizer,GaussianNB(),3,0.7878787878787878,0.0010108947753906,0.0002331733703613,robot-failures-lp5_1520_results_GaussianNB().csv
robot-failures-lp5_1520,none,onehot,none,normalizer,GaussianNB(),0,0.7878787878787878,0.0011770725250244,0.0003824234008789,robot-failures-lp5_1520_results_GaussianNB().csv
robot-failures-lp5_1520,simpleimputer,onehot,none,normalizer,GaussianNB(),0,0.7878787878787878,0.0012063980102539,0.0003473758697509,robot-failures-lp5_1520_results_GaussianNB().csv
robot-failures-lp5_1520,simpleimputer,ordinalencoder,none,normalizer,GaussianNB(),0,0.7878787878787878,0.0012662410736083,0.0004112720489501,robot-failures-lp5_1520_results_GaussianNB().csv
robot-failures-lp5_1520,simpleimputer,onehot,truncated_svd,power,GaussianNB(),4,0.78125,0.0010247230529785,0.0002427101135253,robot-failures-lp5_1520_results_GaussianNB().csv
robot-failures-lp5_1520,simpleimputer,none,truncated_svd,power,GaussianNB(),4,0.78125,0.0009288787841796,0.0002295970916748,robot-failures-lp5_1520_results_GaussianNB().csv
satimage_182,simpleimputer,ordinalencoder,kernel_pca,minmax,GaussianNB(),2,0.854587869362364,0.0035314559936523,0.0020849704742431,satimage_182_results_GaussianNB().csv
satimage_182,none,none,pca,minmax,GaussianNB(),2,0.854587869362364,0.0044412612915039,0.0016283988952636,satimage_182_results_GaussianNB().csv
satimage_182,simpleimputer,onehot,pca,minmax,GaussianNB(),2,0.854587869362364,0.004141092300415,0.0016264915466308,satimage_182_results_GaussianNB().csv
satimage_182,simpleimputer,onehot,kernel_pca,minmax,GaussianNB(),2,0.854587869362364,0.0035023689270019,0.0017247200012207,satimage_182_results_GaussianNB().csv
satimage_182,simpleimputer,none,kernel_pca,minmax,GaussianNB(),2,0.854587869362364,0.0038433074951171,0.0016038417816162,satimage_182_results_GaussianNB().csv
satimage_182,none,onehot,kernel_pca,minmax,GaussianNB(),2,0.854587869362364,0.0036237239837646,0.0016849040985107,satimage_182_results_GaussianNB().csv
satimage_182,none,none,kernel_pca,minmax,GaussianNB(),2,0.854587869362364,0.0035164356231689,0.0019838809967041,satimage_182_results_GaussianNB().csv
satimage_182,none,onehot,pca,minmax,GaussianNB(),2,0.854587869362364,0.0039730072021484,0.0016641616821289,satimage_182_results_GaussianNB().csv
satimage_182,simpleimputer,none,pca,minmax,GaussianNB(),2,0.854587869362364,0.0039525032043457,0.001805305480957,satimage_182_results_GaussianNB().csv
satimage_182,none,ordinalencoder,kernel_pca,minmax,GaussianNB(),2,0.854587869362364,0.0040066242218017,0.0016844272613525,satimage_182_results_GaussianNB().csv
satimage_182,none,ordinalencoder,pca,minmax,GaussianNB(),2,0.854587869362364,0.0042064189910888,0.0017971992492675,satimage_182_results_GaussianNB().csv
satimage_182,simpleimputer,ordinalencoder,pca,minmax,GaussianNB(),2,0.854587869362364,0.0038940906524658,0.0016252994537353,satimage_182_results_GaussianNB().csv
satimage_182,simpleimputer,none,pca,minmax,GaussianNB(),1,0.8506998444790047,0.0062353610992431,0.0047135353088378,satimage_182_results_GaussianNB().csv
satimage_182,none,ordinalencoder,pca,minmax,GaussianNB(),1,0.8506998444790047,0.0040876865386962,0.0016417503356933,satimage_182_results_GaussianNB().csv
satimage_182,none,none,pca,minmax,GaussianNB(),1,0.8506998444790047,0.0040438175201416,0.0015079975128173,satimage_182_results_GaussianNB().csv
satimage_182,simpleimputer,onehot,pca,minmax,GaussianNB(),1,0.8506998444790047,0.0044312477111816,0.0018296241760253,satimage_182_results_GaussianNB().csv
satimage_182,none,ordinalencoder,kernel_pca,minmax,GaussianNB(),1,0.8506998444790047,0.0036463737487792,0.0016517639160156,satimage_182_results_GaussianNB().csv
satimage_182,none,onehot,pca,minmax,GaussianNB(),1,0.8506998444790047,0.004117727279663,0.0016546249389648,satimage_182_results_GaussianNB().csv
satimage_182,none,none,kernel_pca,minmax,GaussianNB(),1,0.8506998444790047,0.0036373138427734,0.0016279220581054,satimage_182_results_GaussianNB().csv
satimage_182,none,onehot,kernel_pca,minmax,GaussianNB(),1,0.8506998444790047,0.0037875175476074,0.0016167163848876,satimage_182_results_GaussianNB().csv
fri_c4_500_50_805,simpleimputer,ordinalencoder,pca,standard,GaussianNB(),0,0.73,0.0014154911041259,0.0002112388610839,fri_c4_500_50_805_results_GaussianNB().csv
fri_c4_500_50_805,simpleimputer,none,kernel_pca,standard,GaussianNB(),0,0.73,0.0012638568878173,0.0002005100250244,fri_c4_500_50_805_results_GaussianNB().csv
fri_c4_500_50_805,none,ordinalencoder,kernel_pca,standard,GaussianNB(),0,0.73,0.0013504028320312,0.0002031326293945,fri_c4_500_50_805_results_GaussianNB().csv
fri_c4_500_50_805,simpleimputer,onehot,pca,standard,GaussianNB(),0,0.73,0.0011801719665527,0.0002498626708984,fri_c4_500_50_805_results_GaussianNB().csv
fri_c4_500_50_805,none,none,kernel_pca,standard,GaussianNB(),0,0.73,0.0012917518615722,0.0002052783966064,fri_c4_500_50_805_results_GaussianNB().csv
fri_c4_500_50_805,simpleimputer,none,pca,standard,GaussianNB(),0,0.73,0.0013296604156494,0.000248908996582,fri_c4_500_50_805_results_GaussianNB().csv
fri_c4_500_50_805,none,onehot,pca,standard,GaussianNB(),0,0.73,0.0013439655303955,0.000216007232666,fri_c4_500_50_805_results_GaussianNB().csv
fri_c4_500_50_805,none,onehot,kernel_pca,standard,GaussianNB(),0,0.73,0.0012595653533935,0.0002124309539794,fri_c4_500_50_805_results_GaussianNB().csv
fri_c4_500_50_805,none,none,pca,standard,GaussianNB(),0,0.73,0.0013785362243652,0.0002198219299316,fri_c4_500_50_805_results_GaussianNB().csv
fri_c4_500_50_805,none,ordinalencoder,pca,standard,GaussianNB(),0,0.73,0.0013039112091064,0.0002102851867675,fri_c4_500_50_805_results_GaussianNB().csv
fri_c4_500_50_805,simpleimputer,onehot,kernel_pca,standard,GaussianNB(),0,0.73,0.0012867450714111,0.0002119541168212,fri_c4_500_50_805_results_GaussianNB().csv
fri_c4_500_50_805,simpleimputer,ordinalencoder,kernel_pca,standard,GaussianNB(),0,0.73,0.0011525154113769,0.0001928806304931,fri_c4_500_50_805_results_GaussianNB().csv
fri_c4_500_50_805,none,none,generic_univariate,power,GaussianNB(),0,0.72,0.0008094310760498,0.0001387596130371,fri_c4_500_50_805_results_GaussianNB().csv
fri_c4_500_50_805,none,onehot,generic_univariate,quantile,GaussianNB(),0,0.72,0.0008399486541748,0.0001366138458251,fri_c4_500_50_805_results_GaussianNB().csv
fri_c4_500_50_805,simpleimputer,none,generic_univariate,power,GaussianNB(),0,0.72,0.000988483428955,0.0001575946807861,fri_c4_500_50_805_results_GaussianNB().csv
fri_c4_500_50_805,none,ordinalencoder,kernel_pca,quantile,GaussianNB(),0,0.72,0.0012762546539306,0.0002059936523437,fri_c4_500_50_805_results_GaussianNB().csv
fri_c4_500_50_805,none,none,generic_univariate,minmax,GaussianNB(),0,0.72,0.0008692741394042,0.0001411437988281,fri_c4_500_50_805_results_GaussianNB().csv
fri_c4_500_50_805,none,ordinalencoder,pca,quantile,GaussianNB(),0,0.72,0.0012142658233642,0.0002040863037109,fri_c4_500_50_805_results_GaussianNB().csv
fri_c4_500_50_805,none,ordinalencoder,kernel_pca,power,GaussianNB(),0,0.72,0.0013298988342285,0.0002152919769287,fri_c4_500_50_805_results_GaussianNB().csv
fri_c4_500_50_805,none,ordinalencoder,polynomial_features,quantile,GaussianNB(),0,0.72,0.0041944980621337,0.0007631778717041,fri_c4_500_50_805_results_GaussianNB().csv
SPECT_336,simpleimputer,ordinalencoder,truncated_svd,normalizer,GaussianNB(),4,0.8867924528301887,0.0008168220520019,0.0001513957977294,SPECT_336_results_GaussianNB().csv
SPECT_336,none,ordinalencoder,truncated_svd,normalizer,GaussianNB(),4,0.8867924528301887,0.0008749961853027,0.0001552104949951,SPECT_336_results_GaussianNB().csv
SPECT_336,none,onehot,truncated_svd,normalizer,GaussianNB(),4,0.8867924528301887,0.0007984638214111,0.0001533031463623,SPECT_336_results_GaussianNB().csv
SPECT_336,none,none,truncated_svd,normalizer,GaussianNB(),4,0.8867924528301887,0.0007593631744384,0.0001516342163085,SPECT_336_results_GaussianNB().csv
SPECT_336,simpleimputer,onehot,truncated_svd,normalizer,GaussianNB(),4,0.8867924528301887,0.0009090900421142,0.0001614093780517,SPECT_336_results_GaussianNB().csv
SPECT_336,simpleimputer,none,truncated_svd,normalizer,GaussianNB(),4,0.8867924528301887,0.0007812976837158,0.0001497268676757,SPECT_336_results_GaussianNB().csv
SPECT_336,none,onehot,rbf_sampler,standard,GaussianNB(),2,0.8679245283018868,0.0010242462158203,0.0002229213714599,SPECT_336_results_GaussianNB().csv
SPECT_336,none,onehot,feature_agglomeration,standard,GaussianNB(),3,0.8679245283018868,0.0008974075317382,0.0001530647277832,SPECT_336_results_GaussianNB().csv
SPECT_336,simpleimputer,ordinalencoder,feature_agglomeration,normalizer,GaussianNB(),2,0.8679245283018868,0.0007979869842529,0.000152587890625,SPECT_336_results_GaussianNB().csv
SPECT_336,none,ordinalencoder,truncated_svd,minmax,GaussianNB(),3,0.8679245283018868,0.0008745193481445,0.0001561641693115,SPECT_336_results_GaussianNB().csv
SPECT_336,none,ordinalencoder,truncated_svd,normalizer,GaussianNB(),2,0.8679245283018868,0.0007870197296142,0.000150442123413,SPECT_336_results_GaussianNB().csv
SPECT_336,none,ordinalencoder,rbf_sampler,robust,GaussianNB(),2,0.8679245283018868,0.0012187957763671,0.0002157688140869,SPECT_336_results_GaussianNB().csv
SPECT_336,none,ordinalencoder,feature_agglomeration,normalizer,GaussianNB(),2,0.8679245283018868,0.000777244567871,0.000152587890625,SPECT_336_results_GaussianNB().csv
SPECT_336,none,ordinalencoder,feature_agglomeration,normalizer,GaussianNB(),4,0.8679245283018868,0.0007979869842529,0.0001537799835205,SPECT_336_results_GaussianNB().csv
SPECT_336,none,ordinalencoder,rbf_sampler,standard,GaussianNB(),2,0.8679245283018868,0.0011994838714599,0.0002439022064208,SPECT_336_results_GaussianNB().csv
SPECT_336,simpleimputer,onehot,rbf_sampler,standard,GaussianNB(),2,0.8679245283018868,0.001192569732666,0.0002472400665283,SPECT_336_results_GaussianNB().csv
SPECT_336,none,ordinalencoder,truncated_svd,minmax,GaussianNB(),2,0.8679245283018868,0.000716209411621,0.000145673751831,SPECT_336_results_GaussianNB().csv
SPECT_336,none,none,feature_agglomeration,standard,GaussianNB(),3,0.8679245283018868,0.0007691383361816,0.0001492500305175,SPECT_336_results_GaussianNB().csv
SPECT_336,none,none,rbf_sampler,standard,GaussianNB(),2,0.8679245283018868,0.0011320114135742,0.0002269744873046,SPECT_336_results_GaussianNB().csv
SPECT_336,none,none,truncated_svd,minmax,GaussianNB(),3,0.8679245283018868,0.000802993774414,0.000148057937622,SPECT_336_results_GaussianNB().csv
LED-display-domain-7digit_40496,none,onehot,pca,standard,GaussianNB(),4,0.79,0.0014021396636962,0.0003793239593505,LED-display-domain-7digit_40496_results_GaussianNB().csv
LED-display-domain-7digit_40496,simpleimputer,none,pca,normalizer,GaussianNB(),4,0.79,0.0015184879302978,0.0004060268402099,LED-display-domain-7digit_40496_results_GaussianNB().csv
LED-display-domain-7digit_40496,none,ordinalencoder,pca,power,GaussianNB(),4,0.79,0.0013074874877929,0.0003755092620849,LED-display-domain-7digit_40496_results_GaussianNB().csv
LED-display-domain-7digit_40496,none,ordinalencoder,kernel_pca,normalizer,GaussianNB(),4,0.79,0.0015687942504882,0.0004732608795166,LED-display-domain-7digit_40496_results_GaussianNB().csv
LED-display-domain-7digit_40496,none,onehot,kernel_pca,power,GaussianNB(),4,0.79,0.0024473667144775,0.0006992816925048,LED-display-domain-7digit_40496_results_GaussianNB().csv
LED-display-domain-7digit_40496,simpleimputer,onehot,kernel_pca,power,GaussianNB(),4,0.79,0.0021243095397949,0.0007216930389404,LED-display-domain-7digit_40496_results_GaussianNB().csv
LED-display-domain-7digit_40496,none,ordinalencoder,kernel_pca,standard,GaussianNB(),4,0.79,0.0056202411651611,0.0005590915679931,LED-display-domain-7digit_40496_results_GaussianNB().csv
LED-display-domain-7digit_40496,simpleimputer,ordinalencoder,kernel_pca,standard,GaussianNB(),4,0.79,0.0028650760650634,0.0004818439483642,LED-display-domain-7digit_40496_results_GaussianNB().csv
LED-display-domain-7digit_40496,none,onehot,kernel_pca,standard,GaussianNB(),4,0.79,0.0023829936981201,0.0004990100860595,LED-display-domain-7digit_40496_results_GaussianNB().csv
LED-display-domain-7digit_40496,none,ordinalencoder,pca,normalizer,GaussianNB(),4,0.79,0.0013198852539062,0.0003776550292968,LED-display-domain-7digit_40496_results_GaussianNB().csv
LED-display-domain-7digit_40496,simpleimputer,onehot,pca,normalizer,GaussianNB(),4,0.79,0.0012621879577636,0.0003814697265625,LED-display-domain-7digit_40496_results_GaussianNB().csv
LED-display-domain-7digit_40496,simpleimputer,ordinalencoder,kernel_pca,normalizer,GaussianNB(),4,0.79,0.0016682147979736,0.0004534721374511,LED-display-domain-7digit_40496_results_GaussianNB().csv
LED-display-domain-7digit_40496,simpleimputer,onehot,pca,power,GaussianNB(),4,0.79,0.0012617111206054,0.00040864944458,LED-display-domain-7digit_40496_results_GaussianNB().csv
LED-display-domain-7digit_40496,none,none,pca,power,GaussianNB(),4,0.79,0.0012409687042236,0.000378131866455,LED-display-domain-7digit_40496_results_GaussianNB().csv
LED-display-domain-7digit_40496,simpleimputer,onehot,pca,standard,GaussianNB(),4,0.79,0.0012476444244384,0.0004017353057861,LED-display-domain-7digit_40496_results_GaussianNB().csv
LED-display-domain-7digit_40496,simpleimputer,ordinalencoder,pca,power,GaussianNB(),4,0.79,0.0013763904571533,0.0003795623779296,LED-display-domain-7digit_40496_results_GaussianNB().csv
LED-display-domain-7digit_40496,none,none,kernel_pca,power,GaussianNB(),4,0.79,0.0015895366668701,0.0004892349243164,LED-display-domain-7digit_40496_results_GaussianNB().csv
LED-display-domain-7digit_40496,none,none,kernel_pca,normalizer,GaussianNB(),4,0.79,0.0018031597137451,0.0004477500915527,LED-display-domain-7digit_40496_results_GaussianNB().csv
LED-display-domain-7digit_40496,simpleimputer,ordinalencoder,pca,standard,GaussianNB(),4,0.79,0.0013418197631835,0.0003774166107177,LED-display-domain-7digit_40496_results_GaussianNB().csv
LED-display-domain-7digit_40496,none,none,pca,standard,GaussianNB(),4,0.79,0.0012824535369873,0.000392198562622,LED-display-domain-7digit_40496_results_GaussianNB().csv
Mammographic-Mass-Data-Set_45557,simpleimputer,ordinalencoder,polynomial_features,minmax,GaussianNB(),0,0.844559585492228,0.0008244514465332,0.0001721382141113,Mammographic-Mass-Data-Set_45557_results_GaussianNB().csv
Mammographic-Mass-Data-Set_45557,simpleimputer,none,polynomial_features,minmax,GaussianNB(),0,0.844559585492228,0.0008580684661865,0.0001966953277587,Mammographic-Mass-Data-Set_45557_results_GaussianNB().csv
Mammographic-Mass-Data-Set_45557,simpleimputer,onehot,polynomial_features,minmax,GaussianNB(),0,0.844559585492228,0.0008318424224853,0.0001740455627441,Mammographic-Mass-Data-Set_45557_results_GaussianNB().csv
Mammographic-Mass-Data-Set_45557,simpleimputer,onehot,truncated_svd,power,GaussianNB(),0,0.8341968911917098,0.0008547306060791,0.0001609325408935,Mammographic-Mass-Data-Set_45557_results_GaussianNB().csv
Mammographic-Mass-Data-Set_45557,simpleimputer,ordinalencoder,truncated_svd,power,GaussianNB(),0,0.8341968911917098,0.0009474754333496,0.0001616477966308,Mammographic-Mass-Data-Set_45557_results_GaussianNB().csv
Mammographic-Mass-Data-Set_45557,simpleimputer,none,truncated_svd,power,GaussianNB(),0,0.8341968911917098,0.0007855892181396,0.0001566410064697,Mammographic-Mass-Data-Set_45557_results_GaussianNB().csv
Mammographic-Mass-Data-Set_45557,simpleimputer,ordinalencoder,pca,power,GaussianNB(),0,0.8290155440414507,0.0008175373077392,0.0001628398895263,Mammographic-Mass-Data-Set_45557_results_GaussianNB().csv
Mammographic-Mass-Data-Set_45557,simpleimputer,ordinalencoder,fastica,robust,GaussianNB(),0,0.8290155440414507,0.0007984638214111,0.0001628398895263,Mammographic-Mass-Data-Set_45557_results_GaussianNB().csv
Mammographic-Mass-Data-Set_45557,simpleimputer,none,pca,power,GaussianNB(),0,0.8290155440414507,0.0008773803710937,0.0001742839813232,Mammographic-Mass-Data-Set_45557_results_GaussianNB().csv
Mammographic-Mass-Data-Set_45557,simpleimputer,ordinalencoder,kernel_pca,power,GaussianNB(),0,0.8290155440414507,0.0010404586791992,0.0001959800720214,Mammographic-Mass-Data-Set_45557_results_GaussianNB().csv
Mammographic-Mass-Data-Set_45557,simpleimputer,ordinalencoder,fastica,standard,GaussianNB(),0,0.8290155440414507,0.0008454322814941,0.000162124633789,Mammographic-Mass-Data-Set_45557_results_GaussianNB().csv
Mammographic-Mass-Data-Set_45557,simpleimputer,none,feature_agglomeration,power,GaussianNB(),0,0.8290155440414507,0.0008165836334228,0.0001578330993652,Mammographic-Mass-Data-Set_45557_results_GaussianNB().csv
Mammographic-Mass-Data-Set_45557,simpleimputer,onehot,pca,power,GaussianNB(),0,0.8290155440414507,0.0009167194366455,0.00016450881958,Mammographic-Mass-Data-Set_45557_results_GaussianNB().csv
Mammographic-Mass-Data-Set_45557,simpleimputer,onehot,truncated_svd,standard,GaussianNB(),0,0.8290155440414507,0.0009362697601318,0.0001583099365234,Mammographic-Mass-Data-Set_45557_results_GaussianNB().csv
Mammographic-Mass-Data-Set_45557,simpleimputer,ordinalencoder,nystroem,robust,GaussianNB(),0,0.8290155440414507,0.0016858577728271,0.0003285408020019,Mammographic-Mass-Data-Set_45557_results_GaussianNB().csv
Mammographic-Mass-Data-Set_45557,simpleimputer,onehot,polynomial_features,none,GaussianNB(),0,0.8290155440414507,0.0009219646453857,0.0002357959747314,Mammographic-Mass-Data-Set_45557_results_GaussianNB().csv
Mammographic-Mass-Data-Set_45557,simpleimputer,onehot,feature_agglomeration,power,GaussianNB(),0,0.8290155440414507,0.0007970333099365,0.0001580715179443,Mammographic-Mass-Data-Set_45557_results_GaussianNB().csv
Mammographic-Mass-Data-Set_45557,simpleimputer,ordinalencoder,feature_agglomeration,power,GaussianNB(),0,0.8290155440414507,0.0008795261383056,0.0001611709594726,Mammographic-Mass-Data-Set_45557_results_GaussianNB().csv
Mammographic-Mass-Data-Set_45557,simpleimputer,onehot,kernel_pca,power,GaussianNB(),0,0.8290155440414507,0.0010402202606201,0.0001933574676513,Mammographic-Mass-Data-Set_45557_results_GaussianNB().csv
Mammographic-Mass-Data-Set_45557,simpleimputer,onehot,nystroem,quantile,GaussianNB(),0,0.8290155440414507,0.001624584197998,0.0003128051757812,Mammographic-Mass-Data-Set_45557_results_GaussianNB().csv
vote_56,simpleimputer,ordinalencoder,select_percentile,quantile,GaussianNB(),4,0.9770114942528736,0.0007910728454589,0.0001423358917236,vote_56_results_GaussianNB().csv
vote_56,simpleimputer,ordinalencoder,select_percentile,quantile,GaussianNB(),1,0.9770114942528736,0.0008604526519775,0.0001430511474609,vote_56_results_GaussianNB().csv
vote_56,none,onehot,select_percentile,none,GaussianNB(),1,0.9770114942528736,0.0008840560913085,0.0001461505889892,vote_56_results_GaussianNB().csv
vote_56,simpleimputer,ordinalencoder,generic_univariate,quantile,GaussianNB(),1,0.9770114942528736,0.000788927078247,0.0001349449157714,vote_56_results_GaussianNB().csv
vote_56,simpleimputer,ordinalencoder,extra_tree,quantile,GaussianNB(),1,0.9770114942528736,0.0009388923645019,0.0001628398895263,vote_56_results_GaussianNB().csv
vote_56,simpleimputer,ordinalencoder,linear_svc,quantile,GaussianNB(),1,0.9770114942528736,0.0009117126464843,0.0001604557037353,vote_56_results_GaussianNB().csv
vote_56,simpleimputer,ordinalencoder,generic_univariate,quantile,GaussianNB(),4,0.9770114942528736,0.000779390335083,0.000159740447998,vote_56_results_GaussianNB().csv
vote_56,none,onehot,select_percentile,none,GaussianNB(),4,0.9770114942528736,0.000817060470581,0.0001678466796875,vote_56_results_GaussianNB().csv
vote_56,simpleimputer,onehot,generic_univariate,none,GaussianNB(),1,0.9770114942528736,0.000788927078247,0.0001556873321533,vote_56_results_GaussianNB().csv
vote_56,simpleimputer,onehot,generic_univariate,none,GaussianNB(),4,0.9770114942528736,0.0008575916290283,0.0001389980316162,vote_56_results_GaussianNB().csv
vote_56,simpleimputer,ordinalencoder,generic_univariate,robust,GaussianNB(),4,0.9770114942528736,0.0008258819580078,0.0001375675201416,vote_56_results_GaussianNB().csv
vote_56,none,onehot,select_percentile,power,GaussianNB(),4,0.9770114942528736,0.0008654594421386,0.0001535415649414,vote_56_results_GaussianNB().csv
vote_56,none,onehot,generic_univariate,power,GaussianNB(),1,0.9770114942528736,0.0008785724639892,0.0001490116119384,vote_56_results_GaussianNB().csv
vote_56,simpleimputer,ordinalencoder,linear_svc,robust,GaussianNB(),1,0.9770114942528736,0.0008273124694824,0.0001406669616699,vote_56_results_GaussianNB().csv
vote_56,simpleimputer,onehot,select_percentile,none,GaussianNB(),1,0.9770114942528736,0.0007922649383544,0.0001413822174072,vote_56_results_GaussianNB().csv
vote_56,simpleimputer,onehot,select_percentile,none,GaussianNB(),4,0.9770114942528736,0.0008282661437988,0.0001571178436279,vote_56_results_GaussianNB().csv
vote_56,none,onehot,select_percentile,standard,GaussianNB(),1,0.9770114942528736,0.0009889602661132,0.0001440048217773,vote_56_results_GaussianNB().csv
vote_56,simpleimputer,ordinalencoder,select_percentile,none,GaussianNB(),1,0.9770114942528736,0.000880479812622,0.0001614093780517,vote_56_results_GaussianNB().csv
vote_56,simpleimputer,ordinalencoder,generic_univariate,none,GaussianNB(),1,0.9770114942528736,0.0008583068847656,0.0001533031463623,vote_56_results_GaussianNB().csv
vote_56,simpleimputer,ordinalencoder,generic_univariate,none,GaussianNB(),4,0.9770114942528736,0.0008051395416259,0.000176191329956,vote_56_results_GaussianNB().csv
chscase_census2_909,simpleimputer,onehot,nystroem,none,GaussianNB(),0,0.7,0.0013251304626464,0.0002365112304687,chscase_census2_909_results_GaussianNB().csv
chscase_census2_909,simpleimputer,ordinalencoder,nystroem,none,GaussianNB(),0,0.7,0.0013511180877685,0.0002520084381103,chscase_census2_909_results_GaussianNB().csv
chscase_census2_909,none,ordinalencoder,nystroem,none,GaussianNB(),0,0.7,0.0014204978942871,0.0002381801605224,chscase_census2_909_results_GaussianNB().csv
chscase_census2_909,none,none,nystroem,none,GaussianNB(),0,0.7,0.0014922618865966,0.0002403259277343,chscase_census2_909_results_GaussianNB().csv
chscase_census2_909,simpleimputer,none,nystroem,none,GaussianNB(),0,0.7,0.001378059387207,0.0002386569976806,chscase_census2_909_results_GaussianNB().csv
chscase_census2_909,none,onehot,nystroem,none,GaussianNB(),0,0.7,0.0016155242919921,0.0026204586029052,chscase_census2_909_results_GaussianNB().csv
chscase_census2_909,none,onehot,kernel_pca,power,GaussianNB(),1,0.6125,0.0012197494506835,0.0002179145812988,chscase_census2_909_results_GaussianNB().csv
chscase_census2_909,simpleimputer,ordinalencoder,pca,power,GaussianNB(),1,0.6125,0.0008924007415771,0.0001642704010009,chscase_census2_909_results_GaussianNB().csv
chscase_census2_909,none,onehot,pca,power,GaussianNB(),1,0.6125,0.000882863998413,0.0001599788665771,chscase_census2_909_results_GaussianNB().csv
chscase_census2_909,simpleimputer,none,pca,power,GaussianNB(),1,0.6125,0.0008530616760253,0.0001575946807861,chscase_census2_909_results_GaussianNB().csv
chscase_census2_909,simpleimputer,onehot,pca,power,GaussianNB(),1,0.6125,0.0009214878082275,0.0003125667572021,chscase_census2_909_results_GaussianNB().csv
chscase_census2_909,none,none,pca,power,GaussianNB(),1,0.6125,0.0008776187896728,0.0001630783081054,chscase_census2_909_results_GaussianNB().csv
chscase_census2_909,simpleimputer,ordinalencoder,kernel_pca,power,GaussianNB(),1,0.6125,0.0011274814605712,0.000187873840332,chscase_census2_909_results_GaussianNB().csv
chscase_census2_909,none,ordinalencoder,pca,power,GaussianNB(),1,0.6125,0.000859260559082,0.0001623630523681,chscase_census2_909_results_GaussianNB().csv
chscase_census2_909,none,none,kernel_pca,power,GaussianNB(),1,0.6125,0.0011589527130126,0.0001904964447021,chscase_census2_909_results_GaussianNB().csv
chscase_census2_909,simpleimputer,onehot,kernel_pca,power,GaussianNB(),1,0.6125,0.0018134117126464,0.0001964569091796,chscase_census2_909_results_GaussianNB().csv
chscase_census2_909,none,ordinalencoder,kernel_pca,power,GaussianNB(),1,0.6125,0.0011920928955078,0.0002276897430419,chscase_census2_909_results_GaussianNB().csv
chscase_census2_909,simpleimputer,none,kernel_pca,power,GaussianNB(),1,0.6125,0.001082420349121,0.0001895427703857,chscase_census2_909_results_GaussianNB().csv
chscase_census2_909,simpleimputer,ordinalencoder,linear_svc,power,GaussianNB(),2,0.6,0.0009136199951171,0.0001561641693115,chscase_census2_909_results_GaussianNB().csv
chscase_census2_909,none,ordinalencoder,linear_svc,power,GaussianNB(),2,0.6,0.0010480880737304,0.0001575946807861,chscase_census2_909_results_GaussianNB().csv
autoPrice_756,simpleimputer,none,fastica,normalizer,GaussianNB(),1,1.0,0.0008299350738525,0.0001530647277832,autoPrice_756_results_GaussianNB().csv
autoPrice_756,simpleimputer,none,kernel_pca,robust,GaussianNB(),1,1.0,0.0009999275207519,0.0002095699310302,autoPrice_756_results_GaussianNB().csv
autoPrice_756,none,ordinalencoder,pca,robust,GaussianNB(),1,1.0,0.0008230209350585,0.0001537799835205,autoPrice_756_results_GaussianNB().csv
autoPrice_756,simpleimputer,ordinalencoder,nystroem,standard,GaussianNB(),3,1.0,0.0012342929840087,0.0001914501190185,autoPrice_756_results_GaussianNB().csv
autoPrice_756,simpleimputer,none,kernel_pca,power,GaussianNB(),1,1.0,0.0011005401611328,0.0001780986785888,autoPrice_756_results_GaussianNB().csv
autoPrice_756,none,onehot,fastica,standard,GaussianNB(),1,1.0,0.0009047985076904,0.0001604557037353,autoPrice_756_results_GaussianNB().csv
autoPrice_756,simpleimputer,none,fastica,none,GaussianNB(),1,1.0,0.0008506774902343,0.0001561641693115,autoPrice_756_results_GaussianNB().csv
autoPrice_756,none,ordinalencoder,extra_tree,quantile,GaussianNB(),2,1.0,0.0008637905120849,0.0001823902130126,autoPrice_756_results_GaussianNB().csv
autoPrice_756,none,onehot,kernel_pca,robust,GaussianNB(),1,1.0,0.0010032653808593,0.000180959701538,autoPrice_756_results_GaussianNB().csv
autoPrice_756,simpleimputer,onehot,pca,robust,GaussianNB(),1,1.0,0.000821828842163,0.0001587867736816,autoPrice_756_results_GaussianNB().csv
autoPrice_756,none,ordinalencoder,fastica,minmax,GaussianNB(),1,1.0,0.0008785724639892,0.0001626014709472,autoPrice_756_results_GaussianNB().csv
autoPrice_756,simpleimputer,onehot,kernel_pca,minmax,GaussianNB(),1,1.0,0.0014469623565673,0.0003228187561035,autoPrice_756_results_GaussianNB().csv
autoPrice_756,simpleimputer,ordinalencoder,fastica,standard,GaussianNB(),1,1.0,0.0009267330169677,0.0001595020294189,autoPrice_756_results_GaussianNB().csv
autoPrice_756,simpleimputer,ordinalencoder,kernel_pca,none,GaussianNB(),1,1.0,0.0022451877593994,0.000195026397705,autoPrice_756_results_GaussianNB().csv
autoPrice_756,simpleimputer,none,polynomial_features,none,GaussianNB(),3,1.0,0.0009307861328125,0.00020432472229,autoPrice_756_results_GaussianNB().csv
autoPrice_756,simpleimputer,ordinalencoder,pca,power,GaussianNB(),1,1.0,0.000887393951416,0.000154972076416,autoPrice_756_results_GaussianNB().csv
autoPrice_756,none,none,kernel_pca,robust,GaussianNB(),1,1.0,0.0010483264923095,0.0001816749572753,autoPrice_756_results_GaussianNB().csv
autoPrice_756,none,ordinalencoder,kernel_pca,minmax,GaussianNB(),1,1.0,0.0012023448944091,0.0002598762512207,autoPrice_756_results_GaussianNB().csv
autoPrice_756,none,onehot,pca,power,GaussianNB(),1,1.0,0.0008478164672851,0.0001540184020996,autoPrice_756_results_GaussianNB().csv
autoPrice_756,simpleimputer,onehot,pca,power,GaussianNB(),1,1.0,0.0008087158203125,0.0001468658447265,autoPrice_756_results_GaussianNB().csv
