Dataset,Imputer Strategy,Categorical Strategy,Feature Selection,Scaler,Classifier,Fold,Fold Accuracy,Training Time,Testing Time,source_csv
sick_38,none,onehot,random_trees_embedding,none,SGDClassifier(random_state=0),0,0.9562913907284768,0.0228884220123291,0.0004825592041015,sick_38_results_SGDClassifier(random_state=0).csv
sick_38,none,onehot,random_trees_embedding,standard,SGDClassifier(random_state=0),0,0.9562913907284768,0.0214760303497314,0.0003478527069091,sick_38_results_SGDClassifier(random_state=0).csv
sick_38,none,onehot,random_trees_embedding,robust,SGDClassifier(random_state=0),0,0.9562913907284768,0.0220215320587158,0.0003812313079833,sick_38_results_SGDClassifier(random_state=0).csv
sick_38,none,onehot,random_trees_embedding,minmax,SGDClassifier(random_state=0),0,0.9562913907284768,0.0217435359954834,0.0003800392150878,sick_38_results_SGDClassifier(random_state=0).csv
sick_38,none,ordinalencoder,random_trees_embedding,standard,SGDClassifier(random_state=0),0,0.952317880794702,0.0239942073822021,0.0003724098205566,sick_38_results_SGDClassifier(random_state=0).csv
sick_38,none,ordinalencoder,random_trees_embedding,none,SGDClassifier(random_state=0),0,0.952317880794702,0.0241830348968505,0.0003802776336669,sick_38_results_SGDClassifier(random_state=0).csv
sick_38,none,ordinalencoder,random_trees_embedding,robust,SGDClassifier(random_state=0),0,0.952317880794702,0.0240955352783203,0.0003528594970703,sick_38_results_SGDClassifier(random_state=0).csv
sick_38,none,ordinalencoder,random_trees_embedding,minmax,SGDClassifier(random_state=0),0,0.952317880794702,0.024332046508789,0.0003693103790283,sick_38_results_SGDClassifier(random_state=0).csv
sick_38,none,ordinalencoder,random_trees_embedding,quantile,SGDClassifier(random_state=0),1,0.9470198675496688,0.0339100360870361,0.0004019737243652,sick_38_results_SGDClassifier(random_state=0).csv
sick_38,none,ordinalencoder,random_trees_embedding,standard,SGDClassifier(random_state=0),3,0.9456233421750664,0.0300877094268798,0.0003888607025146,sick_38_results_SGDClassifier(random_state=0).csv
sick_38,none,ordinalencoder,random_trees_embedding,none,SGDClassifier(random_state=0),3,0.9456233421750664,0.029797077178955,0.0003359317779541,sick_38_results_SGDClassifier(random_state=0).csv
sick_38,none,ordinalencoder,random_trees_embedding,minmax,SGDClassifier(random_state=0),3,0.9456233421750664,0.0316736698150634,0.000385046005249,sick_38_results_SGDClassifier(random_state=0).csv
sick_38,none,ordinalencoder,random_trees_embedding,robust,SGDClassifier(random_state=0),3,0.9456233421750664,0.0310263633728027,0.0004885196685791,sick_38_results_SGDClassifier(random_state=0).csv
sick_38,none,onehot,random_trees_embedding,quantile,SGDClassifier(random_state=0),4,0.9456233421750664,0.031386375427246,0.0003759860992431,sick_38_results_SGDClassifier(random_state=0).csv
sick_38,none,ordinalencoder,random_trees_embedding,quantile,SGDClassifier(random_state=0),3,0.9442970822281168,0.0160963535308837,0.0004258155822753,sick_38_results_SGDClassifier(random_state=0).csv
sick_38,none,onehot,random_trees_embedding,quantile,SGDClassifier(random_state=0),1,0.9403973509933776,0.0197329521179199,0.0003342628479003,sick_38_results_SGDClassifier(random_state=0).csv
sick_38,none,ordinalencoder,random_trees_embedding,standard,SGDClassifier(random_state=0),1,0.9403973509933776,0.0214300155639648,0.0003738403320312,sick_38_results_SGDClassifier(random_state=0).csv
sick_38,none,ordinalencoder,random_trees_embedding,minmax,SGDClassifier(random_state=0),1,0.9403973509933776,0.0214354991912841,0.0004773139953613,sick_38_results_SGDClassifier(random_state=0).csv
sick_38,none,ordinalencoder,random_trees_embedding,none,SGDClassifier(random_state=0),1,0.9403973509933776,0.0215187072753906,0.0003829002380371,sick_38_results_SGDClassifier(random_state=0).csv
sick_38,none,ordinalencoder,random_trees_embedding,robust,SGDClassifier(random_state=0),1,0.9403973509933776,0.0212435722351074,0.0003454685211181,sick_38_results_SGDClassifier(random_state=0).csv
autoUniv-au6-1000_1555,none,onehot,generic_univariate,none,SGDClassifier(random_state=0),3,0.31,0.0164380073547363,0.0001416206359863,autoUniv-au6-1000_1555_results_SGDClassifier(random_state=0).csv
autoUniv-au6-1000_1555,simpleimputer,onehot,generic_univariate,none,SGDClassifier(random_state=0),3,0.31,0.0192523002624511,0.0001516342163085,autoUniv-au6-1000_1555_results_SGDClassifier(random_state=0).csv
autoUniv-au6-1000_1555,simpleimputer,onehot,linear_svc,none,SGDClassifier(random_state=0),3,0.31,0.0262372493743896,0.0002484321594238,autoUniv-au6-1000_1555_results_SGDClassifier(random_state=0).csv
autoUniv-au6-1000_1555,none,onehot,truncated_svd,quantile,SGDClassifier(random_state=0),3,0.31,0.0199823379516601,0.0002007484436035,autoUniv-au6-1000_1555_results_SGDClassifier(random_state=0).csv
autoUniv-au6-1000_1555,none,ordinalencoder,generic_univariate,none,SGDClassifier(random_state=0),3,0.31,0.0165374279022216,0.0001630783081054,autoUniv-au6-1000_1555_results_SGDClassifier(random_state=0).csv
autoUniv-au6-1000_1555,none,onehot,linear_svc,none,SGDClassifier(random_state=0),3,0.31,0.0256233215332031,0.0001521110534667,autoUniv-au6-1000_1555_results_SGDClassifier(random_state=0).csv
autoUniv-au6-1000_1555,simpleimputer,ordinalencoder,generic_univariate,none,SGDClassifier(random_state=0),3,0.31,0.0167212486267089,0.0002052783966064,autoUniv-au6-1000_1555_results_SGDClassifier(random_state=0).csv
autoUniv-au6-1000_1555,simpleimputer,onehot,truncated_svd,quantile,SGDClassifier(random_state=0),3,0.31,0.0194473266601562,0.0001401901245117,autoUniv-au6-1000_1555_results_SGDClassifier(random_state=0).csv
autoUniv-au6-1000_1555,none,ordinalencoder,feature_agglomeration,power,SGDClassifier(random_state=0),3,0.29,0.0170750617980957,0.0001535415649414,autoUniv-au6-1000_1555_results_SGDClassifier(random_state=0).csv
autoUniv-au6-1000_1555,simpleimputer,ordinalencoder,feature_agglomeration,power,SGDClassifier(random_state=0),3,0.29,0.0181703567504882,0.0001840591430664,autoUniv-au6-1000_1555_results_SGDClassifier(random_state=0).csv
autoUniv-au6-1000_1555,simpleimputer,ordinalencoder,truncated_svd,minmax,SGDClassifier(random_state=0),3,0.275,0.0170323848724365,0.0001554489135742,autoUniv-au6-1000_1555_results_SGDClassifier(random_state=0).csv
autoUniv-au6-1000_1555,none,ordinalencoder,truncated_svd,minmax,SGDClassifier(random_state=0),3,0.275,0.0169949531555175,0.0001487731933593,autoUniv-au6-1000_1555_results_SGDClassifier(random_state=0).csv
autoUniv-au6-1000_1555,simpleimputer,ordinalencoder,generic_univariate,robust,SGDClassifier(random_state=0),0,0.275,0.0183305740356445,0.0001468658447265,autoUniv-au6-1000_1555_results_SGDClassifier(random_state=0).csv
autoUniv-au6-1000_1555,none,ordinalencoder,generic_univariate,robust,SGDClassifier(random_state=0),0,0.275,0.0182330608367919,0.0001459121704101,autoUniv-au6-1000_1555_results_SGDClassifier(random_state=0).csv
autoUniv-au6-1000_1555,simpleimputer,onehot,generic_univariate,robust,SGDClassifier(random_state=0),0,0.275,0.0181813240051269,0.0001657009124755,autoUniv-au6-1000_1555_results_SGDClassifier(random_state=0).csv
autoUniv-au6-1000_1555,none,onehot,generic_univariate,robust,SGDClassifier(random_state=0),0,0.275,0.0183479785919189,0.000190258026123,autoUniv-au6-1000_1555_results_SGDClassifier(random_state=0).csv
autoUniv-au6-1000_1555,none,onehot,pca,normalizer,SGDClassifier(random_state=0),3,0.27,0.0421957969665527,0.0002171993255615,autoUniv-au6-1000_1555_results_SGDClassifier(random_state=0).csv
autoUniv-au6-1000_1555,simpleimputer,ordinalencoder,pca,normalizer,SGDClassifier(random_state=0),3,0.27,0.0462782382965087,0.0001962184906005,autoUniv-au6-1000_1555_results_SGDClassifier(random_state=0).csv
autoUniv-au6-1000_1555,simpleimputer,onehot,kernel_pca,normalizer,SGDClassifier(random_state=0),3,0.27,0.0489332675933837,0.0002188682556152,autoUniv-au6-1000_1555_results_SGDClassifier(random_state=0).csv
autoUniv-au6-1000_1555,simpleimputer,onehot,pca,normalizer,SGDClassifier(random_state=0),3,0.27,0.035900592803955,0.0002527236938476,autoUniv-au6-1000_1555_results_SGDClassifier(random_state=0).csv
analcatdata_creditscore_461,none,none,select_percentile,none,SGDClassifier(random_state=0),4,1.0,0.0010848045349121,0.0001101493835449,analcatdata_creditscore_461_results_SGDClassifier(random_state=0).csv
analcatdata_creditscore_461,simpleimputer,ordinalencoder,kernel_pca,quantile,SGDClassifier(random_state=0),4,1.0,0.0012154579162597,0.0001232624053955,analcatdata_creditscore_461_results_SGDClassifier(random_state=0).csv
analcatdata_creditscore_461,none,none,none,none,SGDClassifier(random_state=0),0,1.0,0.0019536018371582,0.0008313655853271,analcatdata_creditscore_461_results_SGDClassifier(random_state=0).csv
analcatdata_creditscore_461,none,none,none,none,SGDClassifier(random_state=0),1,1.0,0.0017590522766113,0.0008485317230224,analcatdata_creditscore_461_results_SGDClassifier(random_state=0).csv
analcatdata_creditscore_461,none,none,select_percentile,none,SGDClassifier(random_state=0),3,1.0,0.0010063648223876,0.0001020431518554,analcatdata_creditscore_461_results_SGDClassifier(random_state=0).csv
analcatdata_creditscore_461,none,none,none,none,SGDClassifier(random_state=0),3,1.0,0.0016765594482421,0.000833511352539,analcatdata_creditscore_461_results_SGDClassifier(random_state=0).csv
analcatdata_creditscore_461,none,none,none,none,SGDClassifier(random_state=0),4,1.0,0.0018315315246582,0.0008039474487304,analcatdata_creditscore_461_results_SGDClassifier(random_state=0).csv
analcatdata_creditscore_461,simpleimputer,ordinalencoder,kernel_pca,quantile,SGDClassifier(random_state=0),3,1.0,0.0011558532714843,0.0001523494720458,analcatdata_creditscore_461_results_SGDClassifier(random_state=0).csv
analcatdata_creditscore_461,none,none,polynomial_features,none,SGDClassifier(random_state=0),4,1.0,0.0009760856628417,0.0001049041748046,analcatdata_creditscore_461_results_SGDClassifier(random_state=0).csv
analcatdata_creditscore_461,none,none,polynomial_features,none,SGDClassifier(random_state=0),3,1.0,0.0010311603546142,0.0001082420349121,analcatdata_creditscore_461_results_SGDClassifier(random_state=0).csv
analcatdata_creditscore_461,none,none,polynomial_features,none,SGDClassifier(random_state=0),1,1.0,0.0009605884552001,0.0001077651977539,analcatdata_creditscore_461_results_SGDClassifier(random_state=0).csv
analcatdata_creditscore_461,simpleimputer,ordinalencoder,linear_svc,quantile,SGDClassifier(random_state=0),4,1.0,0.0009121894836425,0.0001003742218017,analcatdata_creditscore_461_results_SGDClassifier(random_state=0).csv
analcatdata_creditscore_461,simpleimputer,ordinalencoder,linear_svc,quantile,SGDClassifier(random_state=0),3,1.0,0.0009500980377197,0.0001027584075927,analcatdata_creditscore_461_results_SGDClassifier(random_state=0).csv
analcatdata_creditscore_461,none,none,polynomial_features,none,SGDClassifier(random_state=0),0,1.0,0.0010287761688232,0.0001087188720703,analcatdata_creditscore_461_results_SGDClassifier(random_state=0).csv
analcatdata_creditscore_461,none,none,generic_univariate,none,SGDClassifier(random_state=0),4,1.0,0.0010678768157958,0.0001096725463867,analcatdata_creditscore_461_results_SGDClassifier(random_state=0).csv
analcatdata_creditscore_461,simpleimputer,ordinalencoder,linear_svc,quantile,SGDClassifier(random_state=0),1,1.0,0.0009868144989013,0.0001015663146972,analcatdata_creditscore_461_results_SGDClassifier(random_state=0).csv
analcatdata_creditscore_461,simpleimputer,onehot,truncated_svd,none,SGDClassifier(random_state=0),3,1.0,0.0010180473327636,0.0001072883605957,analcatdata_creditscore_461_results_SGDClassifier(random_state=0).csv
analcatdata_creditscore_461,simpleimputer,onehot,truncated_svd,none,SGDClassifier(random_state=0),4,1.0,0.0009543895721435,0.0001008510589599,analcatdata_creditscore_461_results_SGDClassifier(random_state=0).csv
analcatdata_creditscore_461,simpleimputer,ordinalencoder,extra_tree,quantile,SGDClassifier(random_state=0),0,1.0,0.0011916160583496,0.000108003616333,analcatdata_creditscore_461_results_SGDClassifier(random_state=0).csv
analcatdata_creditscore_461,simpleimputer,ordinalencoder,extra_tree,quantile,SGDClassifier(random_state=0),1,1.0,0.0010735988616943,0.0001041889190673,analcatdata_creditscore_461_results_SGDClassifier(random_state=0).csv
sa-heart_1498,none,ordinalencoder,none,minmax,SGDClassifier(random_state=0),2,0.8043478260869565,0.0021984577178955,0.0001916885375976,sa-heart_1498_results_SGDClassifier(random_state=0).csv
sa-heart_1498,simpleimputer,ordinalencoder,none,minmax,SGDClassifier(random_state=0),2,0.8043478260869565,0.0019047260284423,0.000126838684082,sa-heart_1498_results_SGDClassifier(random_state=0).csv
sa-heart_1498,simpleimputer,onehot,none,minmax,SGDClassifier(random_state=0),2,0.8043478260869565,0.0022339820861816,0.0001382827758789,sa-heart_1498_results_SGDClassifier(random_state=0).csv
sa-heart_1498,simpleimputer,none,none,minmax,SGDClassifier(random_state=0),2,0.8043478260869565,0.0022952556610107,0.0001425743103027,sa-heart_1498_results_SGDClassifier(random_state=0).csv
sa-heart_1498,none,onehot,none,minmax,SGDClassifier(random_state=0),2,0.8043478260869565,0.0020282268524169,0.000133991241455,sa-heart_1498_results_SGDClassifier(random_state=0).csv
sa-heart_1498,none,none,none,minmax,SGDClassifier(random_state=0),2,0.8043478260869565,0.0021305084228515,0.000133991241455,sa-heart_1498_results_SGDClassifier(random_state=0).csv
sa-heart_1498,simpleimputer,none,none,normalizer,SGDClassifier(random_state=0),1,0.7956989247311828,0.0023581981658935,0.000148057937622,sa-heart_1498_results_SGDClassifier(random_state=0).csv
sa-heart_1498,none,none,none,normalizer,SGDClassifier(random_state=0),1,0.7956989247311828,0.0024244785308837,0.0001990795135498,sa-heart_1498_results_SGDClassifier(random_state=0).csv
sa-heart_1498,simpleimputer,ordinalencoder,none,normalizer,SGDClassifier(random_state=0),1,0.7956989247311828,0.0022094249725341,0.0001416206359863,sa-heart_1498_results_SGDClassifier(random_state=0).csv
sa-heart_1498,simpleimputer,onehot,none,normalizer,SGDClassifier(random_state=0),1,0.7956989247311828,0.0036442279815673,0.0001828670501708,sa-heart_1498_results_SGDClassifier(random_state=0).csv
sa-heart_1498,none,ordinalencoder,none,normalizer,SGDClassifier(random_state=0),1,0.7956989247311828,0.0018773078918457,0.0001256465911865,sa-heart_1498_results_SGDClassifier(random_state=0).csv
sa-heart_1498,none,onehot,none,normalizer,SGDClassifier(random_state=0),1,0.7956989247311828,0.002312421798706,0.0001847743988037,sa-heart_1498_results_SGDClassifier(random_state=0).csv
sa-heart_1498,none,none,fastica,power,SGDClassifier(random_state=0),2,0.7934782608695652,0.0017492771148681,0.0001161098480224,sa-heart_1498_results_SGDClassifier(random_state=0).csv
sa-heart_1498,simpleimputer,ordinalencoder,nystroem,minmax,SGDClassifier(random_state=0),2,0.7934782608695652,0.0048668384552001,0.0001423358917236,sa-heart_1498_results_SGDClassifier(random_state=0).csv
sa-heart_1498,simpleimputer,onehot,rbf_sampler,minmax,SGDClassifier(random_state=0),2,0.7934782608695652,0.0050811767578125,0.0002143383026123,sa-heart_1498_results_SGDClassifier(random_state=0).csv
sa-heart_1498,none,none,nystroem,minmax,SGDClassifier(random_state=0),2,0.7934782608695652,0.0051183700561523,0.0001544952392578,sa-heart_1498_results_SGDClassifier(random_state=0).csv
sa-heart_1498,none,none,rbf_sampler,minmax,SGDClassifier(random_state=0),2,0.7934782608695652,0.0039360523223876,0.000136375427246,sa-heart_1498_results_SGDClassifier(random_state=0).csv
sa-heart_1498,simpleimputer,onehot,fastica,power,SGDClassifier(random_state=0),2,0.7934782608695652,0.0019164085388183,0.0001313686370849,sa-heart_1498_results_SGDClassifier(random_state=0).csv
sa-heart_1498,none,onehot,rbf_sampler,minmax,SGDClassifier(random_state=0),2,0.7934782608695652,0.0047693252563476,0.0001440048217773,sa-heart_1498_results_SGDClassifier(random_state=0).csv
sa-heart_1498,none,ordinalencoder,fastica,power,SGDClassifier(random_state=0),2,0.7934782608695652,0.0018324851989746,0.0001220703125,sa-heart_1498_results_SGDClassifier(random_state=0).csv
autoUniv-au6-400_1551,simpleimputer,onehot,feature_agglomeration,minmax,SGDClassifier(random_state=0),2,0.3625,0.0086970329284667,0.0001282691955566,autoUniv-au6-400_1551_results_SGDClassifier(random_state=0).csv
autoUniv-au6-400_1551,none,onehot,feature_agglomeration,minmax,SGDClassifier(random_state=0),2,0.3625,0.0092020034790039,0.0001981258392333,autoUniv-au6-400_1551_results_SGDClassifier(random_state=0).csv
autoUniv-au6-400_1551,simpleimputer,onehot,truncated_svd,power,SGDClassifier(random_state=0),1,0.35,0.0078260898590087,0.0001461505889892,autoUniv-au6-400_1551_results_SGDClassifier(random_state=0).csv
autoUniv-au6-400_1551,none,onehot,truncated_svd,power,SGDClassifier(random_state=0),1,0.35,0.0077822208404541,0.0001440048217773,autoUniv-au6-400_1551_results_SGDClassifier(random_state=0).csv
autoUniv-au6-400_1551,simpleimputer,ordinalencoder,nystroem,power,SGDClassifier(random_state=0),4,0.3375,0.0246376991271972,0.0002112388610839,autoUniv-au6-400_1551_results_SGDClassifier(random_state=0).csv
autoUniv-au6-400_1551,none,ordinalencoder,nystroem,power,SGDClassifier(random_state=0),4,0.3375,0.0240688323974609,0.0002596378326416,autoUniv-au6-400_1551_results_SGDClassifier(random_state=0).csv
autoUniv-au6-400_1551,none,ordinalencoder,nystroem,power,SGDClassifier(random_state=0),2,0.325,0.0242385864257812,0.0002765655517578,autoUniv-au6-400_1551_results_SGDClassifier(random_state=0).csv
autoUniv-au6-400_1551,simpleimputer,onehot,truncated_svd,quantile,SGDClassifier(random_state=0),2,0.325,0.0081532001495361,0.0001342296600341,autoUniv-au6-400_1551_results_SGDClassifier(random_state=0).csv
autoUniv-au6-400_1551,none,ordinalencoder,pca,normalizer,SGDClassifier(random_state=0),0,0.325,0.021430492401123,0.0002317428588867,autoUniv-au6-400_1551_results_SGDClassifier(random_state=0).csv
autoUniv-au6-400_1551,none,ordinalencoder,kernel_pca,normalizer,SGDClassifier(random_state=0),0,0.325,0.0193626880645751,0.0001802444458007,autoUniv-au6-400_1551_results_SGDClassifier(random_state=0).csv
autoUniv-au6-400_1551,simpleimputer,ordinalencoder,pca,normalizer,SGDClassifier(random_state=0),0,0.325,0.0207722187042236,0.0001609325408935,autoUniv-au6-400_1551_results_SGDClassifier(random_state=0).csv
autoUniv-au6-400_1551,none,onehot,kernel_pca,normalizer,SGDClassifier(random_state=0),0,0.325,0.0219783782958984,0.0001666545867919,autoUniv-au6-400_1551_results_SGDClassifier(random_state=0).csv
autoUniv-au6-400_1551,none,onehot,truncated_svd,quantile,SGDClassifier(random_state=0),2,0.325,0.0082366466522216,0.0001423358917236,autoUniv-au6-400_1551_results_SGDClassifier(random_state=0).csv
autoUniv-au6-400_1551,simpleimputer,ordinalencoder,nystroem,power,SGDClassifier(random_state=0),2,0.325,0.0231499671936035,0.0001988410949707,autoUniv-au6-400_1551_results_SGDClassifier(random_state=0).csv
autoUniv-au6-400_1551,simpleimputer,onehot,pca,normalizer,SGDClassifier(random_state=0),0,0.325,0.0218439102172851,0.000190258026123,autoUniv-au6-400_1551_results_SGDClassifier(random_state=0).csv
autoUniv-au6-400_1551,simpleimputer,ordinalencoder,kernel_pca,normalizer,SGDClassifier(random_state=0),0,0.325,0.0217034816741943,0.0002007484436035,autoUniv-au6-400_1551_results_SGDClassifier(random_state=0).csv
autoUniv-au6-400_1551,none,onehot,pca,normalizer,SGDClassifier(random_state=0),0,0.325,0.0232641696929931,0.0002303123474121,autoUniv-au6-400_1551_results_SGDClassifier(random_state=0).csv
autoUniv-au6-400_1551,simpleimputer,onehot,kernel_pca,normalizer,SGDClassifier(random_state=0),0,0.325,0.0212264060974121,0.0002310276031494,autoUniv-au6-400_1551_results_SGDClassifier(random_state=0).csv
autoUniv-au6-400_1551,simpleimputer,ordinalencoder,none,normalizer,SGDClassifier(random_state=0),2,0.3125,0.0118937492370605,0.0001351833343505,autoUniv-au6-400_1551_results_SGDClassifier(random_state=0).csv
autoUniv-au6-400_1551,none,ordinalencoder,random_trees_embedding,none,SGDClassifier(random_state=0),1,0.3125,0.0082809925079345,0.0002012252807617,autoUniv-au6-400_1551_results_SGDClassifier(random_state=0).csv
analcatdata_marketing_986,simpleimputer,none,random_trees_embedding,quantile,SGDClassifier(random_state=0),0,0.684931506849315,0.0018637180328369,0.0001342296600341,analcatdata_marketing_986_results_SGDClassifier(random_state=0).csv
analcatdata_marketing_986,simpleimputer,ordinalencoder,random_trees_embedding,quantile,SGDClassifier(random_state=0),0,0.684931506849315,0.0018157958984375,0.0001313686370849,analcatdata_marketing_986_results_SGDClassifier(random_state=0).csv
analcatdata_marketing_986,simpleimputer,onehot,random_trees_embedding,quantile,SGDClassifier(random_state=0),0,0.684931506849315,0.0017497539520263,0.000124454498291,analcatdata_marketing_986_results_SGDClassifier(random_state=0).csv
analcatdata_marketing_986,simpleimputer,none,none,minmax,SGDClassifier(random_state=0),0,0.6712328767123288,0.0024638175964355,0.0001485347747802,analcatdata_marketing_986_results_SGDClassifier(random_state=0).csv
analcatdata_marketing_986,simpleimputer,ordinalencoder,none,minmax,SGDClassifier(random_state=0),0,0.6712328767123288,0.0022861957550048,0.00016450881958,analcatdata_marketing_986_results_SGDClassifier(random_state=0).csv
analcatdata_marketing_986,simpleimputer,onehot,none,minmax,SGDClassifier(random_state=0),0,0.6712328767123288,0.002368688583374,0.000176191329956,analcatdata_marketing_986_results_SGDClassifier(random_state=0).csv
analcatdata_marketing_986,simpleimputer,ordinalencoder,polynomial_features,quantile,SGDClassifier(random_state=0),4,0.6666666666666666,0.0134835243225097,0.0001773834228515,analcatdata_marketing_986_results_SGDClassifier(random_state=0).csv
analcatdata_marketing_986,simpleimputer,none,polynomial_features,quantile,SGDClassifier(random_state=0),4,0.6666666666666666,0.0121521949768066,0.00014328956604,analcatdata_marketing_986_results_SGDClassifier(random_state=0).csv
analcatdata_marketing_986,simpleimputer,onehot,polynomial_features,quantile,SGDClassifier(random_state=0),4,0.6666666666666666,0.0125749111175537,0.0001790523529052,analcatdata_marketing_986_results_SGDClassifier(random_state=0).csv
analcatdata_marketing_986,simpleimputer,none,none,none,SGDClassifier(random_state=0),0,0.6575342465753424,0.0032641887664794,0.00103759765625,analcatdata_marketing_986_results_SGDClassifier(random_state=0).csv
analcatdata_marketing_986,simpleimputer,ordinalencoder,none,none,SGDClassifier(random_state=0),0,0.6575342465753424,0.0039496421813964,0.0013809204101562,analcatdata_marketing_986_results_SGDClassifier(random_state=0).csv
analcatdata_marketing_986,simpleimputer,onehot,none,none,SGDClassifier(random_state=0),0,0.6575342465753424,0.0036783218383789,0.001162052154541,analcatdata_marketing_986_results_SGDClassifier(random_state=0).csv
analcatdata_marketing_986,simpleimputer,onehot,polynomial_features,none,SGDClassifier(random_state=0),4,0.6527777777777778,0.0168116092681884,0.0002360343933105,analcatdata_marketing_986_results_SGDClassifier(random_state=0).csv
analcatdata_marketing_986,simpleimputer,ordinalencoder,polynomial_features,none,SGDClassifier(random_state=0),4,0.6527777777777778,0.0149469375610351,0.0001459121704101,analcatdata_marketing_986_results_SGDClassifier(random_state=0).csv
analcatdata_marketing_986,simpleimputer,ordinalencoder,linear_svc,robust,SGDClassifier(random_state=0),4,0.6527777777777778,0.0020947456359863,0.0001249313354492,analcatdata_marketing_986_results_SGDClassifier(random_state=0).csv
analcatdata_marketing_986,simpleimputer,ordinalencoder,kernel_pca,normalizer,SGDClassifier(random_state=0),4,0.6527777777777778,0.0024859905242919,0.0001294612884521,analcatdata_marketing_986_results_SGDClassifier(random_state=0).csv
analcatdata_marketing_986,simpleimputer,none,linear_svc,robust,SGDClassifier(random_state=0),4,0.6527777777777778,0.0017962455749511,0.0001204013824462,analcatdata_marketing_986_results_SGDClassifier(random_state=0).csv
analcatdata_marketing_986,simpleimputer,none,kernel_pca,normalizer,SGDClassifier(random_state=0),4,0.6527777777777778,0.0025243759155273,0.0001280307769775,analcatdata_marketing_986_results_SGDClassifier(random_state=0).csv
analcatdata_marketing_986,simpleimputer,onehot,pca,normalizer,SGDClassifier(random_state=0),4,0.6527777777777778,0.0025942325592041,0.0001342296600341,analcatdata_marketing_986_results_SGDClassifier(random_state=0).csv
analcatdata_marketing_986,simpleimputer,none,polynomial_features,none,SGDClassifier(random_state=0),4,0.6527777777777778,0.0162668228149414,0.0001616477966308,analcatdata_marketing_986_results_SGDClassifier(random_state=0).csv
badges2_1121,none,none,fastica,none,SGDClassifier(random_state=0),1,1.0,0.0012383460998535,0.0001163482666015,badges2_1121_results_SGDClassifier(random_state=0).csv
badges2_1121,simpleimputer,ordinalencoder,kernel_pca,quantile,SGDClassifier(random_state=0),4,1.0,0.0014019012451171,0.0001313686370849,badges2_1121_results_SGDClassifier(random_state=0).csv
badges2_1121,none,none,none,none,SGDClassifier(random_state=0),0,1.0,0.0022015571594238,0.0008540153503417,badges2_1121_results_SGDClassifier(random_state=0).csv
badges2_1121,none,none,none,none,SGDClassifier(random_state=0),1,1.0,0.0020439624786376,0.0008366107940673,badges2_1121_results_SGDClassifier(random_state=0).csv
badges2_1121,none,none,none,none,SGDClassifier(random_state=0),2,1.0,0.0021862983703613,0.0009641647338867,badges2_1121_results_SGDClassifier(random_state=0).csv
badges2_1121,simpleimputer,ordinalencoder,polynomial_features,quantile,SGDClassifier(random_state=0),0,1.0,0.0011851787567138,0.0001134872436523,badges2_1121_results_SGDClassifier(random_state=0).csv
badges2_1121,simpleimputer,ordinalencoder,polynomial_features,quantile,SGDClassifier(random_state=0),1,1.0,0.0011703968048095,0.000169038772583,badges2_1121_results_SGDClassifier(random_state=0).csv
badges2_1121,simpleimputer,ordinalencoder,polynomial_features,quantile,SGDClassifier(random_state=0),2,1.0,0.0011718273162841,0.000115156173706,badges2_1121_results_SGDClassifier(random_state=0).csv
badges2_1121,simpleimputer,ordinalencoder,polynomial_features,quantile,SGDClassifier(random_state=0),3,1.0,0.0011811256408691,0.000112771987915,badges2_1121_results_SGDClassifier(random_state=0).csv
badges2_1121,simpleimputer,ordinalencoder,polynomial_features,quantile,SGDClassifier(random_state=0),4,1.0,0.001157522201538,0.0001125335693359,badges2_1121_results_SGDClassifier(random_state=0).csv
badges2_1121,simpleimputer,ordinalencoder,nystroem,quantile,SGDClassifier(random_state=0),0,1.0,0.0017545223236083,0.0001430511474609,badges2_1121_results_SGDClassifier(random_state=0).csv
badges2_1121,simpleimputer,ordinalencoder,nystroem,quantile,SGDClassifier(random_state=0),1,1.0,0.002265453338623,0.0001826286315917,badges2_1121_results_SGDClassifier(random_state=0).csv
badges2_1121,simpleimputer,ordinalencoder,nystroem,quantile,SGDClassifier(random_state=0),2,1.0,0.001432180404663,0.0001285076141357,badges2_1121_results_SGDClassifier(random_state=0).csv
badges2_1121,simpleimputer,ordinalencoder,select_percentile,quantile,SGDClassifier(random_state=0),0,1.0,0.0010609626770019,0.0001068115234375,badges2_1121_results_SGDClassifier(random_state=0).csv
badges2_1121,simpleimputer,ordinalencoder,select_percentile,quantile,SGDClassifier(random_state=0),1,1.0,0.0010874271392822,0.0001311302185058,badges2_1121_results_SGDClassifier(random_state=0).csv
badges2_1121,simpleimputer,ordinalencoder,select_percentile,quantile,SGDClassifier(random_state=0),2,1.0,0.0010683536529541,0.0001072883605957,badges2_1121_results_SGDClassifier(random_state=0).csv
badges2_1121,simpleimputer,ordinalencoder,select_percentile,quantile,SGDClassifier(random_state=0),3,1.0,0.0011239051818847,0.000112771987915,badges2_1121_results_SGDClassifier(random_state=0).csv
badges2_1121,simpleimputer,ordinalencoder,select_percentile,quantile,SGDClassifier(random_state=0),4,1.0,0.0011444091796875,0.0001068115234375,badges2_1121_results_SGDClassifier(random_state=0).csv
badges2_1121,simpleimputer,ordinalencoder,pca,quantile,SGDClassifier(random_state=0),4,1.0,0.0011439323425292,0.0001149177551269,badges2_1121_results_SGDClassifier(random_state=0).csv
badges2_1121,simpleimputer,ordinalencoder,fastica,quantile,SGDClassifier(random_state=0),0,1.0,0.0012588500976562,0.0001466274261474,badges2_1121_results_SGDClassifier(random_state=0).csv
sensory_826,simpleimputer,onehot,random_trees_embedding,power,SGDClassifier(random_state=0),0,0.7413793103448276,0.0031590461730957,0.0001420974731445,sensory_826_results_SGDClassifier(random_state=0).csv
sensory_826,none,none,random_trees_embedding,power,SGDClassifier(random_state=0),0,0.7413793103448276,0.0032019615173339,0.000140905380249,sensory_826_results_SGDClassifier(random_state=0).csv
sensory_826,simpleimputer,none,random_trees_embedding,power,SGDClassifier(random_state=0),0,0.7413793103448276,0.0031790733337402,0.0001587867736816,sensory_826_results_SGDClassifier(random_state=0).csv
sensory_826,simpleimputer,ordinalencoder,random_trees_embedding,power,SGDClassifier(random_state=0),0,0.7413793103448276,0.0031943321228027,0.000133991241455,sensory_826_results_SGDClassifier(random_state=0).csv
sensory_826,none,onehot,random_trees_embedding,power,SGDClassifier(random_state=0),0,0.7413793103448276,0.0034065246582031,0.000150442123413,sensory_826_results_SGDClassifier(random_state=0).csv
sensory_826,none,ordinalencoder,random_trees_embedding,power,SGDClassifier(random_state=0),0,0.7413793103448276,0.003084659576416,0.0001370906829833,sensory_826_results_SGDClassifier(random_state=0).csv
sensory_826,none,ordinalencoder,random_trees_embedding,quantile,SGDClassifier(random_state=0),0,0.7155172413793104,0.0033581256866455,0.0001394748687744,sensory_826_results_SGDClassifier(random_state=0).csv
sensory_826,simpleimputer,none,random_trees_embedding,quantile,SGDClassifier(random_state=0),0,0.7155172413793104,0.003331184387207,0.0002129077911376,sensory_826_results_SGDClassifier(random_state=0).csv
sensory_826,simpleimputer,onehot,random_trees_embedding,quantile,SGDClassifier(random_state=0),0,0.7155172413793104,0.0032446384429931,0.0001351833343505,sensory_826_results_SGDClassifier(random_state=0).csv
sensory_826,none,onehot,random_trees_embedding,quantile,SGDClassifier(random_state=0),0,0.7155172413793104,0.0037004947662353,0.0001499652862548,sensory_826_results_SGDClassifier(random_state=0).csv
sensory_826,simpleimputer,ordinalencoder,random_trees_embedding,quantile,SGDClassifier(random_state=0),0,0.7155172413793104,0.0033366680145263,0.0001401901245117,sensory_826_results_SGDClassifier(random_state=0).csv
sensory_826,none,none,random_trees_embedding,quantile,SGDClassifier(random_state=0),0,0.7155172413793104,0.0036263465881347,0.0001516342163085,sensory_826_results_SGDClassifier(random_state=0).csv
sensory_826,none,ordinalencoder,random_trees_embedding,minmax,SGDClassifier(random_state=0),0,0.7068965517241379,0.003284215927124,0.000152587890625,sensory_826_results_SGDClassifier(random_state=0).csv
sensory_826,simpleimputer,onehot,random_trees_embedding,standard,SGDClassifier(random_state=0),0,0.7068965517241379,0.0035851001739501,0.0001511573791503,sensory_826_results_SGDClassifier(random_state=0).csv
sensory_826,none,ordinalencoder,random_trees_embedding,robust,SGDClassifier(random_state=0),0,0.7068965517241379,0.0031971931457519,0.0001623630523681,sensory_826_results_SGDClassifier(random_state=0).csv
sensory_826,simpleimputer,onehot,random_trees_embedding,none,SGDClassifier(random_state=0),0,0.7068965517241379,0.0031859874725341,0.0001406669616699,sensory_826_results_SGDClassifier(random_state=0).csv
sensory_826,simpleimputer,ordinalencoder,random_trees_embedding,standard,SGDClassifier(random_state=0),0,0.7068965517241379,0.0032296180725097,0.0001413822174072,sensory_826_results_SGDClassifier(random_state=0).csv
sensory_826,none,ordinalencoder,random_trees_embedding,none,SGDClassifier(random_state=0),0,0.7068965517241379,0.0035429000854492,0.0001969337463378,sensory_826_results_SGDClassifier(random_state=0).csv
sensory_826,simpleimputer,onehot,random_trees_embedding,robust,SGDClassifier(random_state=0),0,0.7068965517241379,0.0033974647521972,0.0001494884490966,sensory_826_results_SGDClassifier(random_state=0).csv
sensory_826,none,none,random_trees_embedding,standard,SGDClassifier(random_state=0),0,0.7068965517241379,0.0031747817993164,0.0001413822174072,sensory_826_results_SGDClassifier(random_state=0).csv
balance-scale_11,none,onehot,polynomial_features,robust,SGDClassifier(random_state=0),3,0.984,0.0036513805389404,0.0001235008239746,balance-scale_11_results_SGDClassifier(random_state=0).csv
balance-scale_11,none,ordinalencoder,polynomial_features,robust,SGDClassifier(random_state=0),3,0.984,0.0038278102874755,0.0002446174621582,balance-scale_11_results_SGDClassifier(random_state=0).csv
balance-scale_11,simpleimputer,none,polynomial_features,robust,SGDClassifier(random_state=0),3,0.984,0.0035831928253173,0.0001187324523925,balance-scale_11_results_SGDClassifier(random_state=0).csv
balance-scale_11,simpleimputer,onehot,polynomial_features,robust,SGDClassifier(random_state=0),3,0.984,0.0036971569061279,0.0001425743103027,balance-scale_11_results_SGDClassifier(random_state=0).csv
balance-scale_11,none,none,polynomial_features,robust,SGDClassifier(random_state=0),3,0.984,0.0040564537048339,0.0001254081726074,balance-scale_11_results_SGDClassifier(random_state=0).csv
balance-scale_11,simpleimputer,ordinalencoder,polynomial_features,robust,SGDClassifier(random_state=0),3,0.984,0.0035486221313476,0.0001184940338134,balance-scale_11_results_SGDClassifier(random_state=0).csv
balance-scale_11,none,onehot,nystroem,standard,SGDClassifier(random_state=0),2,0.976,0.0092601776123046,0.0001718997955322,balance-scale_11_results_SGDClassifier(random_state=0).csv
balance-scale_11,simpleimputer,ordinalencoder,nystroem,minmax,SGDClassifier(random_state=0),2,0.976,0.0144176483154296,0.0002350807189941,balance-scale_11_results_SGDClassifier(random_state=0).csv
balance-scale_11,simpleimputer,ordinalencoder,nystroem,standard,SGDClassifier(random_state=0),2,0.976,0.0128188133239746,0.0001962184906005,balance-scale_11_results_SGDClassifier(random_state=0).csv
balance-scale_11,none,none,nystroem,standard,SGDClassifier(random_state=0),2,0.976,0.0093162059783935,0.000178575515747,balance-scale_11_results_SGDClassifier(random_state=0).csv
balance-scale_11,simpleimputer,onehot,nystroem,minmax,SGDClassifier(random_state=0),2,0.976,0.0137758255004882,0.0003542900085449,balance-scale_11_results_SGDClassifier(random_state=0).csv
balance-scale_11,none,onehot,nystroem,minmax,SGDClassifier(random_state=0),2,0.976,0.0115420818328857,0.000176191329956,balance-scale_11_results_SGDClassifier(random_state=0).csv
balance-scale_11,none,ordinalencoder,nystroem,minmax,SGDClassifier(random_state=0),2,0.976,0.0197336673736572,0.0003020763397216,balance-scale_11_results_SGDClassifier(random_state=0).csv
balance-scale_11,simpleimputer,none,nystroem,standard,SGDClassifier(random_state=0),2,0.976,0.0091145038604736,0.0002007484436035,balance-scale_11_results_SGDClassifier(random_state=0).csv
balance-scale_11,simpleimputer,onehot,nystroem,standard,SGDClassifier(random_state=0),2,0.976,0.0090296268463134,0.0001709461212158,balance-scale_11_results_SGDClassifier(random_state=0).csv
balance-scale_11,none,ordinalencoder,nystroem,standard,SGDClassifier(random_state=0),2,0.976,0.0118591785430908,0.0002393722534179,balance-scale_11_results_SGDClassifier(random_state=0).csv
balance-scale_11,simpleimputer,none,nystroem,minmax,SGDClassifier(random_state=0),2,0.976,0.0145227909088134,0.0001795291900634,balance-scale_11_results_SGDClassifier(random_state=0).csv
balance-scale_11,none,none,nystroem,minmax,SGDClassifier(random_state=0),2,0.976,0.0114336013793945,0.0001769065856933,balance-scale_11_results_SGDClassifier(random_state=0).csv
balance-scale_11,none,none,polynomial_features,robust,SGDClassifier(random_state=0),2,0.968,0.0046203136444091,0.0001535415649414,balance-scale_11_results_SGDClassifier(random_state=0).csv
balance-scale_11,simpleimputer,onehot,polynomial_features,power,SGDClassifier(random_state=0),2,0.968,0.00372314453125,0.0001218318939208,balance-scale_11_results_SGDClassifier(random_state=0).csv
breastTumor_844,none,onehot,truncated_svd,power,SGDClassifier(random_state=0),4,0.7543859649122807,0.0016477108001708,0.0001204013824462,breastTumor_844_results_SGDClassifier(random_state=0).csv
breastTumor_844,simpleimputer,ordinalencoder,none,quantile,SGDClassifier(random_state=0),4,0.7543859649122807,0.0013320446014404,0.0001122951507568,breastTumor_844_results_SGDClassifier(random_state=0).csv
breastTumor_844,simpleimputer,ordinalencoder,truncated_svd,standard,SGDClassifier(random_state=0),4,0.7543859649122807,0.0015327930450439,0.0001208782196044,breastTumor_844_results_SGDClassifier(random_state=0).csv
breastTumor_844,simpleimputer,onehot,linear_svc,none,SGDClassifier(random_state=0),4,0.7368421052631579,0.0014348030090332,0.0001125335693359,breastTumor_844_results_SGDClassifier(random_state=0).csv
breastTumor_844,simpleimputer,ordinalencoder,pca,normalizer,SGDClassifier(random_state=0),4,0.7368421052631579,0.001317024230957,0.0001139640808105,breastTumor_844_results_SGDClassifier(random_state=0).csv
breastTumor_844,simpleimputer,ordinalencoder,extra_tree,robust,SGDClassifier(random_state=0),4,0.7368421052631579,0.001471996307373,0.0001163482666015,breastTumor_844_results_SGDClassifier(random_state=0).csv
breastTumor_844,none,onehot,linear_svc,none,SGDClassifier(random_state=0),4,0.7368421052631579,0.0014526844024658,0.0001118183135986,breastTumor_844_results_SGDClassifier(random_state=0).csv
breastTumor_844,none,onehot,none,robust,SGDClassifier(random_state=0),4,0.7368421052631579,0.0017867088317871,0.0001187324523925,breastTumor_844_results_SGDClassifier(random_state=0).csv
breastTumor_844,simpleimputer,onehot,feature_agglomeration,quantile,SGDClassifier(random_state=0),4,0.7368421052631579,0.0012838840484619,0.0001108646392822,breastTumor_844_results_SGDClassifier(random_state=0).csv
breastTumor_844,none,onehot,feature_agglomeration,quantile,SGDClassifier(random_state=0),4,0.7368421052631579,0.0013155937194824,0.0001296997070312,breastTumor_844_results_SGDClassifier(random_state=0).csv
breastTumor_844,simpleimputer,onehot,none,robust,SGDClassifier(random_state=0),4,0.7368421052631579,0.0016508102416992,0.0001716613769531,breastTumor_844_results_SGDClassifier(random_state=0).csv
breastTumor_844,simpleimputer,ordinalencoder,kernel_pca,normalizer,SGDClassifier(random_state=0),4,0.7368421052631579,0.0017118453979492,0.0001351833343505,breastTumor_844_results_SGDClassifier(random_state=0).csv
breastTumor_844,simpleimputer,ordinalencoder,kernel_pca,standard,SGDClassifier(random_state=0),0,0.7241379310344828,0.0021939277648925,0.0001413822174072,breastTumor_844_results_SGDClassifier(random_state=0).csv
breastTumor_844,simpleimputer,ordinalencoder,pca,standard,SGDClassifier(random_state=0),0,0.7241379310344828,0.0015530586242675,0.0001130104064941,breastTumor_844_results_SGDClassifier(random_state=0).csv
breastTumor_844,simpleimputer,ordinalencoder,none,standard,SGDClassifier(random_state=0),0,0.7241379310344828,0.002110481262207,0.0001404285430908,breastTumor_844_results_SGDClassifier(random_state=0).csv
breastTumor_844,none,onehot,linear_svc,robust,SGDClassifier(random_state=0),4,0.7192982456140351,0.0012145042419433,0.0001099109649658,breastTumor_844_results_SGDClassifier(random_state=0).csv
breastTumor_844,simpleimputer,ordinalencoder,truncated_svd,minmax,SGDClassifier(random_state=0),4,0.7192982456140351,0.0012640953063964,0.0001320838928222,breastTumor_844_results_SGDClassifier(random_state=0).csv
breastTumor_844,simpleimputer,onehot,linear_svc,robust,SGDClassifier(random_state=0),4,0.7192982456140351,0.0013065338134765,0.0001149177551269,breastTumor_844_results_SGDClassifier(random_state=0).csv
breastTumor_844,simpleimputer,onehot,rbf_sampler,normalizer,SGDClassifier(random_state=0),4,0.7192982456140351,0.0018346309661865,0.000110387802124,breastTumor_844_results_SGDClassifier(random_state=0).csv
breastTumor_844,simpleimputer,ordinalencoder,linear_svc,standard,SGDClassifier(random_state=0),4,0.7192982456140351,0.0016114711761474,0.0001173019409179,breastTumor_844_results_SGDClassifier(random_state=0).csv
arsenic-male-lung_951,simpleimputer,ordinalencoder,kernel_pca,quantile,SGDClassifier(random_state=0),4,1.0,0.0018038749694824,0.000195026397705,arsenic-male-lung_951_results_SGDClassifier(random_state=0).csv
arsenic-male-lung_951,none,none,none,none,SGDClassifier(random_state=0),0,1.0,0.002565860748291,0.0009822845458984,arsenic-male-lung_951_results_SGDClassifier(random_state=0).csv
arsenic-male-lung_951,none,none,none,none,SGDClassifier(random_state=0),1,1.0,0.0022902488708496,0.0009305477142333,arsenic-male-lung_951_results_SGDClassifier(random_state=0).csv
arsenic-male-lung_951,none,none,none,none,SGDClassifier(random_state=0),2,1.0,0.0022139549255371,0.0008473396301269,arsenic-male-lung_951_results_SGDClassifier(random_state=0).csv
arsenic-male-lung_951,none,none,none,none,SGDClassifier(random_state=0),3,1.0,0.0023326873779296,0.0008769035339355,arsenic-male-lung_951_results_SGDClassifier(random_state=0).csv
arsenic-male-lung_951,simpleimputer,ordinalencoder,kernel_pca,quantile,SGDClassifier(random_state=0),3,1.0,0.0018630027770996,0.0001459121704101,arsenic-male-lung_951_results_SGDClassifier(random_state=0).csv
arsenic-male-lung_951,none,none,pca,none,SGDClassifier(random_state=0),0,1.0,0.0015110969543457,0.0001301765441894,arsenic-male-lung_951_results_SGDClassifier(random_state=0).csv
arsenic-male-lung_951,none,none,pca,none,SGDClassifier(random_state=0),1,1.0,0.0015394687652587,0.0001394748687744,arsenic-male-lung_951_results_SGDClassifier(random_state=0).csv
arsenic-male-lung_951,none,none,pca,none,SGDClassifier(random_state=0),2,1.0,0.002469778060913,0.0005152225494384,arsenic-male-lung_951_results_SGDClassifier(random_state=0).csv
arsenic-male-lung_951,none,none,pca,none,SGDClassifier(random_state=0),3,1.0,0.0018305778503417,0.0001616477966308,arsenic-male-lung_951_results_SGDClassifier(random_state=0).csv
arsenic-male-lung_951,none,none,pca,none,SGDClassifier(random_state=0),4,1.0,0.0013685226440429,0.0001649856567382,arsenic-male-lung_951_results_SGDClassifier(random_state=0).csv
arsenic-male-lung_951,none,none,fastica,none,SGDClassifier(random_state=0),0,1.0,0.0015618801116943,0.0001370906829833,arsenic-male-lung_951_results_SGDClassifier(random_state=0).csv
arsenic-male-lung_951,simpleimputer,ordinalencoder,kernel_pca,quantile,SGDClassifier(random_state=0),2,1.0,0.0019824504852294,0.0001964569091796,arsenic-male-lung_951_results_SGDClassifier(random_state=0).csv
arsenic-male-lung_951,simpleimputer,ordinalencoder,kernel_pca,quantile,SGDClassifier(random_state=0),1,1.0,0.0019340515136718,0.0001997947692871,arsenic-male-lung_951_results_SGDClassifier(random_state=0).csv
arsenic-male-lung_951,simpleimputer,ordinalencoder,linear_svc,quantile,SGDClassifier(random_state=0),3,1.0,0.0015251636505126,0.0001270771026611,arsenic-male-lung_951_results_SGDClassifier(random_state=0).csv
arsenic-male-lung_951,none,none,fastica,none,SGDClassifier(random_state=0),4,1.0,0.0015718936920166,0.0001516342163085,arsenic-male-lung_951_results_SGDClassifier(random_state=0).csv
arsenic-male-lung_951,none,none,truncated_svd,none,SGDClassifier(random_state=0),0,1.0,0.0017323493957519,0.0001378059387207,arsenic-male-lung_951_results_SGDClassifier(random_state=0).csv
arsenic-male-lung_951,none,none,truncated_svd,none,SGDClassifier(random_state=0),1,1.0,0.0016813278198242,0.0001742839813232,arsenic-male-lung_951_results_SGDClassifier(random_state=0).csv
arsenic-male-lung_951,none,none,truncated_svd,none,SGDClassifier(random_state=0),2,1.0,0.0015439987182617,0.0001263618469238,arsenic-male-lung_951_results_SGDClassifier(random_state=0).csv
arsenic-male-lung_951,none,none,truncated_svd,none,SGDClassifier(random_state=0),3,1.0,0.0016789436340332,0.0001327991485595,arsenic-male-lung_951_results_SGDClassifier(random_state=0).csv
rmftsa_ladata_717,simpleimputer,none,nystroem,power,SGDClassifier(random_state=0),2,0.9705882352941176,0.0034096240997314,0.0001807212829589,rmftsa_ladata_717_results_SGDClassifier(random_state=0).csv
rmftsa_ladata_717,simpleimputer,ordinalencoder,nystroem,power,SGDClassifier(random_state=0),2,0.9705882352941176,0.0034809112548828,0.000216007232666,rmftsa_ladata_717_results_SGDClassifier(random_state=0).csv
rmftsa_ladata_717,none,ordinalencoder,nystroem,power,SGDClassifier(random_state=0),2,0.9705882352941176,0.0034999847412109,0.0001893043518066,rmftsa_ladata_717_results_SGDClassifier(random_state=0).csv
rmftsa_ladata_717,simpleimputer,onehot,nystroem,power,SGDClassifier(random_state=0),2,0.9705882352941176,0.0035061836242675,0.0001862049102783,rmftsa_ladata_717_results_SGDClassifier(random_state=0).csv
rmftsa_ladata_717,none,onehot,nystroem,power,SGDClassifier(random_state=0),2,0.9705882352941176,0.0035145282745361,0.0001881122589111,rmftsa_ladata_717_results_SGDClassifier(random_state=0).csv
rmftsa_ladata_717,none,none,nystroem,power,SGDClassifier(random_state=0),2,0.9705882352941176,0.0035529136657714,0.0001862049102783,rmftsa_ladata_717_results_SGDClassifier(random_state=0).csv
rmftsa_ladata_717,none,ordinalencoder,rbf_sampler,minmax,SGDClassifier(random_state=0),2,0.9509803921568628,0.0048766136169433,0.000185489654541,rmftsa_ladata_717_results_SGDClassifier(random_state=0).csv
rmftsa_ladata_717,simpleimputer,none,rbf_sampler,minmax,SGDClassifier(random_state=0),2,0.9509803921568628,0.0050914287567138,0.0002202987670898,rmftsa_ladata_717_results_SGDClassifier(random_state=0).csv
rmftsa_ladata_717,simpleimputer,onehot,rbf_sampler,minmax,SGDClassifier(random_state=0),2,0.9509803921568628,0.0047709941864013,0.000185489654541,rmftsa_ladata_717_results_SGDClassifier(random_state=0).csv
rmftsa_ladata_717,simpleimputer,ordinalencoder,rbf_sampler,minmax,SGDClassifier(random_state=0),2,0.9509803921568628,0.0048680305480957,0.0001919269561767,rmftsa_ladata_717_results_SGDClassifier(random_state=0).csv
rmftsa_ladata_717,none,none,rbf_sampler,minmax,SGDClassifier(random_state=0),2,0.9509803921568628,0.0042455196380615,0.0001723766326904,rmftsa_ladata_717_results_SGDClassifier(random_state=0).csv
rmftsa_ladata_717,none,onehot,rbf_sampler,minmax,SGDClassifier(random_state=0),2,0.9509803921568628,0.0047242641448974,0.0002007484436035,rmftsa_ladata_717_results_SGDClassifier(random_state=0).csv
rmftsa_ladata_717,simpleimputer,none,kernel_pca,minmax,SGDClassifier(random_state=0),2,0.9411764705882352,0.0021572113037109,0.0001811981201171,rmftsa_ladata_717_results_SGDClassifier(random_state=0).csv
rmftsa_ladata_717,none,ordinalencoder,polynomial_features,minmax,SGDClassifier(random_state=0),2,0.9411764705882352,0.0022242069244384,0.0001516342163085,rmftsa_ladata_717_results_SGDClassifier(random_state=0).csv
rmftsa_ladata_717,simpleimputer,onehot,select_percentile,none,SGDClassifier(random_state=0),2,0.9411764705882352,0.0024068355560302,0.000211477279663,rmftsa_ladata_717_results_SGDClassifier(random_state=0).csv
rmftsa_ladata_717,none,ordinalencoder,nystroem,robust,SGDClassifier(random_state=0),2,0.9411764705882352,0.0035500526428222,0.0001864433288574,rmftsa_ladata_717_results_SGDClassifier(random_state=0).csv
rmftsa_ladata_717,simpleimputer,none,select_percentile,none,SGDClassifier(random_state=0),2,0.9411764705882352,0.0024516582489013,0.0001485347747802,rmftsa_ladata_717_results_SGDClassifier(random_state=0).csv
rmftsa_ladata_717,simpleimputer,none,generic_univariate,standard,SGDClassifier(random_state=0),2,0.9411764705882352,0.0015621185302734,0.0001511573791503,rmftsa_ladata_717_results_SGDClassifier(random_state=0).csv
rmftsa_ladata_717,none,none,generic_univariate,standard,SGDClassifier(random_state=0),2,0.9411764705882352,0.0014402866363525,0.0001506805419921,rmftsa_ladata_717_results_SGDClassifier(random_state=0).csv
rmftsa_ladata_717,none,ordinalencoder,kernel_pca,minmax,SGDClassifier(random_state=0),2,0.9411764705882352,0.0020995140075683,0.0001747608184814,rmftsa_ladata_717_results_SGDClassifier(random_state=0).csv
analcatdata_lawsuit_450,none,none,fastica,power,SGDClassifier(random_state=0),1,1.0,0.0011351108551025,0.0001099109649658,analcatdata_lawsuit_450_results_SGDClassifier(random_state=0).csv
analcatdata_lawsuit_450,simpleimputer,onehot,polynomial_features,robust,SGDClassifier(random_state=0),1,1.0,0.0011765956878662,0.0001139640808105,analcatdata_lawsuit_450_results_SGDClassifier(random_state=0).csv
analcatdata_lawsuit_450,simpleimputer,ordinalencoder,select_percentile,standard,SGDClassifier(random_state=0),4,1.0,0.0011732578277587,0.000105857849121,analcatdata_lawsuit_450_results_SGDClassifier(random_state=0).csv
analcatdata_lawsuit_450,none,onehot,nystroem,standard,SGDClassifier(random_state=0),1,1.0,0.0017564296722412,0.0001354217529296,analcatdata_lawsuit_450_results_SGDClassifier(random_state=0).csv
analcatdata_lawsuit_450,simpleimputer,ordinalencoder,polynomial_features,minmax,SGDClassifier(random_state=0),1,1.0,0.0012052059173583,0.0001108646392822,analcatdata_lawsuit_450_results_SGDClassifier(random_state=0).csv
analcatdata_lawsuit_450,simpleimputer,ordinalencoder,fastica,minmax,SGDClassifier(random_state=0),1,1.0,0.0010995864868164,0.0001096725463867,analcatdata_lawsuit_450_results_SGDClassifier(random_state=0).csv
analcatdata_lawsuit_450,simpleimputer,onehot,random_trees_embedding,robust,SGDClassifier(random_state=0),4,1.0,0.0013167858123779,0.0001389980316162,analcatdata_lawsuit_450_results_SGDClassifier(random_state=0).csv
analcatdata_lawsuit_450,simpleimputer,ordinalencoder,linear_svc,standard,SGDClassifier(random_state=0),4,1.0,0.0012249946594238,0.0001075267791748,analcatdata_lawsuit_450_results_SGDClassifier(random_state=0).csv
analcatdata_lawsuit_450,simpleimputer,onehot,nystroem,robust,SGDClassifier(random_state=0),1,1.0,0.0023293495178222,0.0001492500305175,analcatdata_lawsuit_450_results_SGDClassifier(random_state=0).csv
analcatdata_lawsuit_450,none,ordinalencoder,truncated_svd,robust,SGDClassifier(random_state=0),1,1.0,0.0011348724365234,0.0001039505004882,analcatdata_lawsuit_450_results_SGDClassifier(random_state=0).csv
analcatdata_lawsuit_450,simpleimputer,ordinalencoder,none,minmax,SGDClassifier(random_state=0),4,1.0,0.0011887550354003,0.0001142024993896,analcatdata_lawsuit_450_results_SGDClassifier(random_state=0).csv
analcatdata_lawsuit_450,simpleimputer,ordinalencoder,none,minmax,SGDClassifier(random_state=0),1,1.0,0.0015037059783935,0.0001695156097412,analcatdata_lawsuit_450_results_SGDClassifier(random_state=0).csv
analcatdata_lawsuit_450,simpleimputer,ordinalencoder,extra_tree,standard,SGDClassifier(random_state=0),4,1.0,0.0012133121490478,0.000110387802124,analcatdata_lawsuit_450_results_SGDClassifier(random_state=0).csv
analcatdata_lawsuit_450,none,onehot,truncated_svd,power,SGDClassifier(random_state=0),1,1.0,0.0011262893676757,0.0001041889190673,analcatdata_lawsuit_450_results_SGDClassifier(random_state=0).csv
analcatdata_lawsuit_450,simpleimputer,ordinalencoder,kernel_pca,standard,SGDClassifier(random_state=0),1,1.0,0.0014357566833496,0.0001282691955566,analcatdata_lawsuit_450_results_SGDClassifier(random_state=0).csv
analcatdata_lawsuit_450,simpleimputer,none,extra_tree,standard,SGDClassifier(random_state=0),4,1.0,0.0011801719665527,0.0001051425933837,analcatdata_lawsuit_450_results_SGDClassifier(random_state=0).csv
analcatdata_lawsuit_450,simpleimputer,none,none,minmax,SGDClassifier(random_state=0),1,1.0,0.0014426708221435,0.0001275539398193,analcatdata_lawsuit_450_results_SGDClassifier(random_state=0).csv
analcatdata_lawsuit_450,simpleimputer,none,random_trees_embedding,standard,SGDClassifier(random_state=0),4,1.0,0.0012819766998291,0.0001218318939208,analcatdata_lawsuit_450_results_SGDClassifier(random_state=0).csv
analcatdata_lawsuit_450,simpleimputer,none,linear_svc,standard,SGDClassifier(random_state=0),4,1.0,0.0010933876037597,0.0001022815704345,analcatdata_lawsuit_450_results_SGDClassifier(random_state=0).csv
analcatdata_lawsuit_450,simpleimputer,ordinalencoder,pca,minmax,SGDClassifier(random_state=0),1,1.0,0.0011603832244873,0.0001094341278076,analcatdata_lawsuit_450_results_SGDClassifier(random_state=0).csv
arsenic-male-bladder_947,simpleimputer,ordinalencoder,linear_svc,power,SGDClassifier(random_state=0),2,1.0,0.0016894340515136,0.0001299381256103,arsenic-male-bladder_947_results_SGDClassifier(random_state=0).csv
arsenic-male-bladder_947,none,none,fastica,none,SGDClassifier(random_state=0),2,1.0,0.0019726753234863,0.000133991241455,arsenic-male-bladder_947_results_SGDClassifier(random_state=0).csv
arsenic-male-bladder_947,none,none,kernel_pca,none,SGDClassifier(random_state=0),2,1.0,0.0018658638000488,0.0001487731933593,arsenic-male-bladder_947_results_SGDClassifier(random_state=0).csv
arsenic-male-bladder_947,none,onehot,pca,robust,SGDClassifier(random_state=0),2,1.0,0.0014069080352783,0.0001327991485595,arsenic-male-bladder_947_results_SGDClassifier(random_state=0).csv
arsenic-male-bladder_947,simpleimputer,none,extra_tree,minmax,SGDClassifier(random_state=0),2,1.0,0.0016217231750488,0.000119924545288,arsenic-male-bladder_947_results_SGDClassifier(random_state=0).csv
arsenic-male-bladder_947,simpleimputer,none,nystroem,minmax,SGDClassifier(random_state=0),2,1.0,0.0039749145507812,0.0016994476318359,arsenic-male-bladder_947_results_SGDClassifier(random_state=0).csv
arsenic-male-bladder_947,simpleimputer,none,rbf_sampler,minmax,SGDClassifier(random_state=0),2,1.0,0.0036969184875488,0.0001692771911621,arsenic-male-bladder_947_results_SGDClassifier(random_state=0).csv
arsenic-male-bladder_947,none,onehot,kernel_pca,minmax,SGDClassifier(random_state=0),2,1.0,0.0022599697113037,0.0001459121704101,arsenic-male-bladder_947_results_SGDClassifier(random_state=0).csv
arsenic-male-bladder_947,none,onehot,extra_tree,minmax,SGDClassifier(random_state=0),2,1.0,0.0016541481018066,0.0001239776611328,arsenic-male-bladder_947_results_SGDClassifier(random_state=0).csv
arsenic-male-bladder_947,none,onehot,linear_svc,minmax,SGDClassifier(random_state=0),2,1.0,0.0015926361083984,0.0001215934753417,arsenic-male-bladder_947_results_SGDClassifier(random_state=0).csv
arsenic-male-bladder_947,simpleimputer,none,polynomial_features,minmax,SGDClassifier(random_state=0),2,1.0,0.0019640922546386,0.0001373291015625,arsenic-male-bladder_947_results_SGDClassifier(random_state=0).csv
arsenic-male-bladder_947,none,onehot,none,robust,SGDClassifier(random_state=0),2,1.0,0.0203723907470703,0.0002319812774658,arsenic-male-bladder_947_results_SGDClassifier(random_state=0).csv
arsenic-male-bladder_947,simpleimputer,none,kernel_pca,standard,SGDClassifier(random_state=0),2,1.0,0.002906322479248,0.0001554489135742,arsenic-male-bladder_947_results_SGDClassifier(random_state=0).csv
arsenic-male-bladder_947,simpleimputer,none,none,minmax,SGDClassifier(random_state=0),2,1.0,0.0041565895080566,0.0001788139343261,arsenic-male-bladder_947_results_SGDClassifier(random_state=0).csv
arsenic-male-bladder_947,none,onehot,nystroem,robust,SGDClassifier(random_state=0),2,1.0,0.0051140785217285,0.00018310546875,arsenic-male-bladder_947_results_SGDClassifier(random_state=0).csv
arsenic-male-bladder_947,none,onehot,feature_agglomeration,minmax,SGDClassifier(random_state=0),2,1.0,0.0019512176513671,0.000129222869873,arsenic-male-bladder_947_results_SGDClassifier(random_state=0).csv
arsenic-male-bladder_947,simpleimputer,none,select_percentile,minmax,SGDClassifier(random_state=0),2,1.0,0.0016522407531738,0.0001239776611328,arsenic-male-bladder_947_results_SGDClassifier(random_state=0).csv
arsenic-male-bladder_947,simpleimputer,none,generic_univariate,minmax,SGDClassifier(random_state=0),2,1.0,0.0018017292022705,0.0001320838928222,arsenic-male-bladder_947_results_SGDClassifier(random_state=0).csv
arsenic-male-bladder_947,simpleimputer,none,fastica,minmax,SGDClassifier(random_state=0),2,1.0,0.001702070236206,0.0001249313354492,arsenic-male-bladder_947_results_SGDClassifier(random_state=0).csv
arsenic-male-bladder_947,simpleimputer,none,linear_svc,standard,SGDClassifier(random_state=0),2,1.0,0.0017833709716796,0.000119924545288,arsenic-male-bladder_947_results_SGDClassifier(random_state=0).csv
MindCave2_1450,simpleimputer,onehot,feature_agglomeration,power,SGDClassifier(random_state=0),3,0.92,0.0012121200561523,0.0001182556152343,MindCave2_1450_results_SGDClassifier(random_state=0).csv
MindCave2_1450,none,onehot,feature_agglomeration,power,SGDClassifier(random_state=0),3,0.92,0.0011157989501953,0.0001137256622314,MindCave2_1450_results_SGDClassifier(random_state=0).csv
MindCave2_1450,simpleimputer,none,feature_agglomeration,minmax,SGDClassifier(random_state=0),0,0.92,0.0012576580047607,0.0001237392425537,MindCave2_1450_results_SGDClassifier(random_state=0).csv
MindCave2_1450,simpleimputer,ordinalencoder,feature_agglomeration,power,SGDClassifier(random_state=0),3,0.92,0.0012125968933105,0.0001156330108642,MindCave2_1450_results_SGDClassifier(random_state=0).csv
MindCave2_1450,none,onehot,generic_univariate,standard,SGDClassifier(random_state=0),0,0.92,0.00115966796875,0.0001108646392822,MindCave2_1450_results_SGDClassifier(random_state=0).csv
MindCave2_1450,simpleimputer,ordinalencoder,feature_agglomeration,minmax,SGDClassifier(random_state=0),0,0.92,0.001065969467163,0.0001132488250732,MindCave2_1450_results_SGDClassifier(random_state=0).csv
MindCave2_1450,none,none,generic_univariate,standard,SGDClassifier(random_state=0),0,0.92,0.0010864734649658,0.000110387802124,MindCave2_1450_results_SGDClassifier(random_state=0).csv
MindCave2_1450,simpleimputer,ordinalencoder,generic_univariate,standard,SGDClassifier(random_state=0),0,0.92,0.0011124610900878,0.0001113414764404,MindCave2_1450_results_SGDClassifier(random_state=0).csv
MindCave2_1450,simpleimputer,none,feature_agglomeration,power,SGDClassifier(random_state=0),3,0.92,0.0010955333709716,0.0001134872436523,MindCave2_1450_results_SGDClassifier(random_state=0).csv
MindCave2_1450,none,ordinalencoder,feature_agglomeration,power,SGDClassifier(random_state=0),3,0.92,0.0010950565338134,0.000112771987915,MindCave2_1450_results_SGDClassifier(random_state=0).csv
MindCave2_1450,simpleimputer,onehot,generic_univariate,standard,SGDClassifier(random_state=0),0,0.92,0.0010766983032226,0.0001118183135986,MindCave2_1450_results_SGDClassifier(random_state=0).csv
MindCave2_1450,simpleimputer,none,generic_univariate,standard,SGDClassifier(random_state=0),0,0.92,0.001338243484497,0.0001206398010253,MindCave2_1450_results_SGDClassifier(random_state=0).csv
MindCave2_1450,none,onehot,feature_agglomeration,minmax,SGDClassifier(random_state=0),0,0.92,0.0011229515075683,0.000117540359497,MindCave2_1450_results_SGDClassifier(random_state=0).csv
MindCave2_1450,none,none,feature_agglomeration,minmax,SGDClassifier(random_state=0),0,0.92,0.0010507106781005,0.0001134872436523,MindCave2_1450_results_SGDClassifier(random_state=0).csv
MindCave2_1450,simpleimputer,onehot,feature_agglomeration,minmax,SGDClassifier(random_state=0),0,0.92,0.0012314319610595,0.0001230239868164,MindCave2_1450_results_SGDClassifier(random_state=0).csv
MindCave2_1450,none,ordinalencoder,generic_univariate,standard,SGDClassifier(random_state=0),0,0.92,0.0010590553283691,0.0001106262207031,MindCave2_1450_results_SGDClassifier(random_state=0).csv
MindCave2_1450,none,none,feature_agglomeration,power,SGDClassifier(random_state=0),3,0.92,0.0011999607086181,0.0001170635223388,MindCave2_1450_results_SGDClassifier(random_state=0).csv
MindCave2_1450,none,ordinalencoder,feature_agglomeration,minmax,SGDClassifier(random_state=0),0,0.92,0.0011012554168701,0.0001156330108642,MindCave2_1450_results_SGDClassifier(random_state=0).csv
MindCave2_1450,simpleimputer,ordinalencoder,polynomial_features,robust,SGDClassifier(random_state=0),0,0.84,0.0037603378295898,0.000162124633789,MindCave2_1450_results_SGDClassifier(random_state=0).csv
MindCave2_1450,simpleimputer,ordinalencoder,generic_univariate,minmax,SGDClassifier(random_state=0),0,0.84,0.0010991096496582,0.000110387802124,MindCave2_1450_results_SGDClassifier(random_state=0).csv
PieChart3_1453,none,ordinalencoder,linear_svc,minmax,SGDClassifier(random_state=0),3,0.9209302325581395,0.00236177444458,0.0001158714294433,PieChart3_1453_results_SGDClassifier(random_state=0).csv
PieChart3_1453,none,onehot,extra_tree,power,SGDClassifier(random_state=0),3,0.9209302325581395,0.0034871101379394,0.0001173019409179,PieChart3_1453_results_SGDClassifier(random_state=0).csv
PieChart3_1453,none,onehot,generic_univariate,robust,SGDClassifier(random_state=0),4,0.9209302325581395,0.0020103454589843,0.0001273155212402,PieChart3_1453_results_SGDClassifier(random_state=0).csv
PieChart3_1453,none,onehot,none,minmax,SGDClassifier(random_state=0),3,0.9209302325581395,0.0045013427734375,0.0002975463867187,PieChart3_1453_results_SGDClassifier(random_state=0).csv
PieChart3_1453,simpleimputer,ordinalencoder,polynomial_features,quantile,SGDClassifier(random_state=0),3,0.9209302325581395,0.0350434780120849,0.0003392696380615,PieChart3_1453_results_SGDClassifier(random_state=0).csv
PieChart3_1453,simpleimputer,ordinalencoder,none,minmax,SGDClassifier(random_state=0),3,0.9209302325581395,0.0040490627288818,0.0001347064971923,PieChart3_1453_results_SGDClassifier(random_state=0).csv
PieChart3_1453,simpleimputer,onehot,generic_univariate,robust,SGDClassifier(random_state=0),4,0.9209302325581395,0.0020887851715087,0.0001130104064941,PieChart3_1453_results_SGDClassifier(random_state=0).csv
PieChart3_1453,none,none,polynomial_features,quantile,SGDClassifier(random_state=0),3,0.9209302325581395,0.0334155559539794,0.000359296798706,PieChart3_1453_results_SGDClassifier(random_state=0).csv
PieChart3_1453,none,none,none,minmax,SGDClassifier(random_state=0),3,0.9209302325581395,0.0050258636474609,0.00014328956604,PieChart3_1453_results_SGDClassifier(random_state=0).csv
PieChart3_1453,simpleimputer,none,extra_tree,power,SGDClassifier(random_state=0),3,0.9209302325581395,0.0037970542907714,0.0001182556152343,PieChart3_1453_results_SGDClassifier(random_state=0).csv
PieChart3_1453,none,ordinalencoder,extra_tree,power,SGDClassifier(random_state=0),3,0.9209302325581395,0.0035295486450195,0.0001194477081298,PieChart3_1453_results_SGDClassifier(random_state=0).csv
PieChart3_1453,none,ordinalencoder,polynomial_features,quantile,SGDClassifier(random_state=0),3,0.9209302325581395,0.0339760780334472,0.0003321170806884,PieChart3_1453_results_SGDClassifier(random_state=0).csv
PieChart3_1453,simpleimputer,onehot,linear_svc,minmax,SGDClassifier(random_state=0),3,0.9209302325581395,0.0023636817932128,0.0001204013824462,PieChart3_1453_results_SGDClassifier(random_state=0).csv
PieChart3_1453,simpleimputer,none,polynomial_features,quantile,SGDClassifier(random_state=0),3,0.9209302325581395,0.0337491035461425,0.0003383159637451,PieChart3_1453_results_SGDClassifier(random_state=0).csv
PieChart3_1453,simpleimputer,ordinalencoder,linear_svc,minmax,SGDClassifier(random_state=0),3,0.9209302325581395,0.0023860931396484,0.0001194477081298,PieChart3_1453_results_SGDClassifier(random_state=0).csv
PieChart3_1453,simpleimputer,onehot,none,minmax,SGDClassifier(random_state=0),3,0.9209302325581395,0.0041737556457519,0.000133991241455,PieChart3_1453_results_SGDClassifier(random_state=0).csv
PieChart3_1453,none,ordinalencoder,generic_univariate,robust,SGDClassifier(random_state=0),4,0.9209302325581395,0.0020093917846679,0.0001304149627685,PieChart3_1453_results_SGDClassifier(random_state=0).csv
PieChart3_1453,simpleimputer,none,none,minmax,SGDClassifier(random_state=0),3,0.9209302325581395,0.0042805671691894,0.0001378059387207,PieChart3_1453_results_SGDClassifier(random_state=0).csv
PieChart3_1453,simpleimputer,onehot,extra_tree,power,SGDClassifier(random_state=0),3,0.9209302325581395,0.0035057067871093,0.0001204013824462,PieChart3_1453_results_SGDClassifier(random_state=0).csv
PieChart3_1453,simpleimputer,onehot,polynomial_features,quantile,SGDClassifier(random_state=0),3,0.9209302325581395,0.0337190628051757,0.0003540515899658,PieChart3_1453_results_SGDClassifier(random_state=0).csv
appendicitis_test_edsa_45613,none,ordinalencoder,none,none,SGDClassifier(random_state=0),3,1.0,0.0023391246795654,0.0011463165283203,appendicitis_test_edsa_45613_results_SGDClassifier(random_state=0).csv
appendicitis_test_edsa_45613,none,ordinalencoder,nystroem,power,SGDClassifier(random_state=0),3,1.0,0.0018050670623779,0.0002140998840332,appendicitis_test_edsa_45613_results_SGDClassifier(random_state=0).csv
appendicitis_test_edsa_45613,none,none,extra_tree,none,SGDClassifier(random_state=0),3,1.0,0.0012030601501464,0.0001146793365478,appendicitis_test_edsa_45613_results_SGDClassifier(random_state=0).csv
appendicitis_test_edsa_45613,simpleimputer,ordinalencoder,kernel_pca,power,SGDClassifier(random_state=0),3,1.0,0.0017557144165039,0.0001654624938964,appendicitis_test_edsa_45613_results_SGDClassifier(random_state=0).csv
appendicitis_test_edsa_45613,simpleimputer,ordinalencoder,none,minmax,SGDClassifier(random_state=0),3,1.0,0.0013368129730224,0.0001270771026611,appendicitis_test_edsa_45613_results_SGDClassifier(random_state=0).csv
appendicitis_test_edsa_45613,none,none,kernel_pca,power,SGDClassifier(random_state=0),3,1.0,0.0015144348144531,0.0001513957977294,appendicitis_test_edsa_45613_results_SGDClassifier(random_state=0).csv
appendicitis_test_edsa_45613,none,none,polynomial_features,none,SGDClassifier(random_state=0),3,1.0,0.0023722648620605,0.0002744197845458,appendicitis_test_edsa_45613_results_SGDClassifier(random_state=0).csv
appendicitis_test_edsa_45613,none,none,feature_agglomeration,none,SGDClassifier(random_state=0),3,1.0,0.001533031463623,0.0001661777496337,appendicitis_test_edsa_45613_results_SGDClassifier(random_state=0).csv
appendicitis_test_edsa_45613,none,none,polynomial_features,standard,SGDClassifier(random_state=0),3,1.0,0.0012862682342529,0.0001204013824462,appendicitis_test_edsa_45613_results_SGDClassifier(random_state=0).csv
appendicitis_test_edsa_45613,none,none,linear_svc,none,SGDClassifier(random_state=0),3,1.0,0.0013728141784667,0.000129222869873,appendicitis_test_edsa_45613_results_SGDClassifier(random_state=0).csv
appendicitis_test_edsa_45613,simpleimputer,none,polynomial_features,minmax,SGDClassifier(random_state=0),3,1.0,0.0016169548034667,0.0001461505889892,appendicitis_test_edsa_45613_results_SGDClassifier(random_state=0).csv
appendicitis_test_edsa_45613,simpleimputer,ordinalencoder,generic_univariate,power,SGDClassifier(random_state=0),3,1.0,0.0013031959533691,0.0001184940338134,appendicitis_test_edsa_45613_results_SGDClassifier(random_state=0).csv
appendicitis_test_edsa_45613,simpleimputer,ordinalencoder,pca,power,SGDClassifier(random_state=0),3,1.0,0.0015585422515869,0.0001533031463623,appendicitis_test_edsa_45613_results_SGDClassifier(random_state=0).csv
appendicitis_test_edsa_45613,none,none,polynomial_features,minmax,SGDClassifier(random_state=0),3,1.0,0.0013377666473388,0.0001196861267089,appendicitis_test_edsa_45613_results_SGDClassifier(random_state=0).csv
appendicitis_test_edsa_45613,simpleimputer,onehot,feature_agglomeration,minmax,SGDClassifier(random_state=0),3,1.0,0.0011806488037109,0.0001165866851806,appendicitis_test_edsa_45613_results_SGDClassifier(random_state=0).csv
appendicitis_test_edsa_45613,simpleimputer,onehot,polynomial_features,minmax,SGDClassifier(random_state=0),3,1.0,0.0014336109161376,0.0001208782196044,appendicitis_test_edsa_45613_results_SGDClassifier(random_state=0).csv
appendicitis_test_edsa_45613,simpleimputer,onehot,extra_tree,minmax,SGDClassifier(random_state=0),3,1.0,0.0011849403381347,0.0001149177551269,appendicitis_test_edsa_45613_results_SGDClassifier(random_state=0).csv
appendicitis_test_edsa_45613,none,ordinalencoder,polynomial_features,standard,SGDClassifier(random_state=0),3,1.0,0.0013594627380371,0.0001256465911865,appendicitis_test_edsa_45613_results_SGDClassifier(random_state=0).csv
appendicitis_test_edsa_45613,none,ordinalencoder,linear_svc,none,SGDClassifier(random_state=0),3,1.0,0.002335786819458,0.0001988410949707,appendicitis_test_edsa_45613_results_SGDClassifier(random_state=0).csv
appendicitis_test_edsa_45613,none,none,rbf_sampler,standard,SGDClassifier(random_state=0),3,1.0,0.00169038772583,0.0001568794250488,appendicitis_test_edsa_45613_results_SGDClassifier(random_state=0).csv
DiabeticMellitus_41430,simpleimputer,onehot,generic_univariate,standard,SGDClassifier(random_state=0),4,1.0,0.0013833045959472,0.0001223087310791,DiabeticMellitus_41430_results_SGDClassifier(random_state=0).csv
DiabeticMellitus_41430,simpleimputer,onehot,generic_univariate,standard,SGDClassifier(random_state=0),0,1.0,0.0012252330780029,0.0001380443572998,DiabeticMellitus_41430_results_SGDClassifier(random_state=0).csv
DiabeticMellitus_41430,simpleimputer,onehot,select_percentile,minmax,SGDClassifier(random_state=0),0,1.0,0.0014827251434326,0.000129222869873,DiabeticMellitus_41430_results_SGDClassifier(random_state=0).csv
DiabeticMellitus_41430,simpleimputer,ordinalencoder,generic_univariate,robust,SGDClassifier(random_state=0),4,1.0,0.0012805461883544,0.0001184940338134,DiabeticMellitus_41430_results_SGDClassifier(random_state=0).csv
DiabeticMellitus_41430,simpleimputer,none,generic_univariate,standard,SGDClassifier(random_state=0),0,1.0,0.001192569732666,0.0001144409179687,DiabeticMellitus_41430_results_SGDClassifier(random_state=0).csv
DiabeticMellitus_41430,simpleimputer,none,generic_univariate,standard,SGDClassifier(random_state=0),4,1.0,0.0013058185577392,0.0001394748687744,DiabeticMellitus_41430_results_SGDClassifier(random_state=0).csv
DiabeticMellitus_41430,simpleimputer,ordinalencoder,linear_svc,robust,SGDClassifier(random_state=0),4,1.0,0.0012731552124023,0.0001223087310791,DiabeticMellitus_41430_results_SGDClassifier(random_state=0).csv
DiabeticMellitus_41430,simpleimputer,none,generic_univariate,power,SGDClassifier(random_state=0),4,1.0,0.0012552738189697,0.0001204013824462,DiabeticMellitus_41430_results_SGDClassifier(random_state=0).csv
DiabeticMellitus_41430,simpleimputer,none,generic_univariate,power,SGDClassifier(random_state=0),0,1.0,0.0012106895446777,0.000136375427246,DiabeticMellitus_41430_results_SGDClassifier(random_state=0).csv
DiabeticMellitus_41430,simpleimputer,ordinalencoder,generic_univariate,power,SGDClassifier(random_state=0),0,1.0,0.0012474060058593,0.0001184940338134,DiabeticMellitus_41430_results_SGDClassifier(random_state=0).csv
DiabeticMellitus_41430,simpleimputer,onehot,generic_univariate,power,SGDClassifier(random_state=0),0,1.0,0.0012977123260498,0.0001177787780761,DiabeticMellitus_41430_results_SGDClassifier(random_state=0).csv
DiabeticMellitus_41430,simpleimputer,none,generic_univariate,robust,SGDClassifier(random_state=0),4,1.0,0.001225471496582,0.0001168251037597,DiabeticMellitus_41430_results_SGDClassifier(random_state=0).csv
DiabeticMellitus_41430,simpleimputer,none,select_percentile,robust,SGDClassifier(random_state=0),0,1.0,0.0013926029205322,0.0001232624053955,DiabeticMellitus_41430_results_SGDClassifier(random_state=0).csv
DiabeticMellitus_41430,simpleimputer,none,linear_svc,robust,SGDClassifier(random_state=0),4,1.0,0.0013260841369628,0.0001246929168701,DiabeticMellitus_41430_results_SGDClassifier(random_state=0).csv
DiabeticMellitus_41430,simpleimputer,onehot,generic_univariate,power,SGDClassifier(random_state=0),4,1.0,0.0011942386627197,0.000117540359497,DiabeticMellitus_41430_results_SGDClassifier(random_state=0).csv
DiabeticMellitus_41430,simpleimputer,onehot,linear_svc,robust,SGDClassifier(random_state=0),4,1.0,0.0012362003326416,0.0001189708709716,DiabeticMellitus_41430_results_SGDClassifier(random_state=0).csv
DiabeticMellitus_41430,simpleimputer,ordinalencoder,select_percentile,minmax,SGDClassifier(random_state=0),0,1.0,0.0014045238494873,0.0001246929168701,DiabeticMellitus_41430_results_SGDClassifier(random_state=0).csv
DiabeticMellitus_41430,simpleimputer,none,none,robust,SGDClassifier(random_state=0),0,1.0,0.0030221939086914,0.0002858638763427,DiabeticMellitus_41430_results_SGDClassifier(random_state=0).csv
DiabeticMellitus_41430,simpleimputer,ordinalencoder,generic_univariate,standard,SGDClassifier(random_state=0),0,1.0,0.0012028217315673,0.0001161098480224,DiabeticMellitus_41430_results_SGDClassifier(random_state=0).csv
DiabeticMellitus_41430,simpleimputer,ordinalencoder,generic_univariate,standard,SGDClassifier(random_state=0),4,1.0,0.0017793178558349,0.0001468658447265,DiabeticMellitus_41430_results_SGDClassifier(random_state=0).csv
tae_48,simpleimputer,ordinalencoder,random_trees_embedding,normalizer,SGDClassifier(random_state=0),0,0.7419354838709677,0.0029520988464355,0.0001521110534667,tae_48_results_SGDClassifier(random_state=0).csv
tae_48,none,onehot,random_trees_embedding,normalizer,SGDClassifier(random_state=0),0,0.7419354838709677,0.0028159618377685,0.000148057937622,tae_48_results_SGDClassifier(random_state=0).csv
tae_48,none,ordinalencoder,random_trees_embedding,normalizer,SGDClassifier(random_state=0),0,0.7419354838709677,0.0029113292694091,0.0001523494720458,tae_48_results_SGDClassifier(random_state=0).csv
tae_48,simpleimputer,onehot,random_trees_embedding,normalizer,SGDClassifier(random_state=0),0,0.7419354838709677,0.0028703212738037,0.0001478195190429,tae_48_results_SGDClassifier(random_state=0).csv
tae_48,simpleimputer,none,random_trees_embedding,normalizer,SGDClassifier(random_state=0),0,0.7419354838709677,0.0028572082519531,0.0001482963562011,tae_48_results_SGDClassifier(random_state=0).csv
tae_48,none,none,random_trees_embedding,normalizer,SGDClassifier(random_state=0),0,0.7419354838709677,0.0027732849121093,0.0001468658447265,tae_48_results_SGDClassifier(random_state=0).csv
tae_48,simpleimputer,onehot,random_trees_embedding,robust,SGDClassifier(random_state=0),0,0.7096774193548387,0.0032236576080322,0.0001442432403564,tae_48_results_SGDClassifier(random_state=0).csv
tae_48,simpleimputer,none,random_trees_embedding,minmax,SGDClassifier(random_state=0),0,0.7096774193548387,0.0035169124603271,0.0001585483551025,tae_48_results_SGDClassifier(random_state=0).csv
tae_48,none,none,random_trees_embedding,minmax,SGDClassifier(random_state=0),0,0.7096774193548387,0.0033326148986816,0.0001523494720458,tae_48_results_SGDClassifier(random_state=0).csv
tae_48,simpleimputer,none,random_trees_embedding,standard,SGDClassifier(random_state=0),0,0.7096774193548387,0.0033531188964843,0.0001471042633056,tae_48_results_SGDClassifier(random_state=0).csv
tae_48,simpleimputer,ordinalencoder,random_trees_embedding,minmax,SGDClassifier(random_state=0),0,0.7096774193548387,0.0032656192779541,0.0001468658447265,tae_48_results_SGDClassifier(random_state=0).csv
tae_48,none,none,random_trees_embedding,standard,SGDClassifier(random_state=0),0,0.7096774193548387,0.0033032894134521,0.0001478195190429,tae_48_results_SGDClassifier(random_state=0).csv
tae_48,none,ordinalencoder,random_trees_embedding,minmax,SGDClassifier(random_state=0),0,0.7096774193548387,0.0033931732177734,0.0001559257507324,tae_48_results_SGDClassifier(random_state=0).csv
tae_48,simpleimputer,onehot,random_trees_embedding,none,SGDClassifier(random_state=0),0,0.7096774193548387,0.0034360885620117,0.0001509189605712,tae_48_results_SGDClassifier(random_state=0).csv
tae_48,simpleimputer,none,random_trees_embedding,robust,SGDClassifier(random_state=0),0,0.7096774193548387,0.0033104419708251,0.0001502037048339,tae_48_results_SGDClassifier(random_state=0).csv
tae_48,none,none,random_trees_embedding,power,SGDClassifier(random_state=0),0,0.7096774193548387,0.0034906864166259,0.0001530647277832,tae_48_results_SGDClassifier(random_state=0).csv
tae_48,none,onehot,random_trees_embedding,none,SGDClassifier(random_state=0),0,0.7096774193548387,0.0032417774200439,0.0001757144927978,tae_48_results_SGDClassifier(random_state=0).csv
tae_48,none,onehot,rbf_sampler,none,SGDClassifier(random_state=0),0,0.7096774193548387,0.0040724277496337,0.0001420974731445,tae_48_results_SGDClassifier(random_state=0).csv
tae_48,none,none,random_trees_embedding,robust,SGDClassifier(random_state=0),0,0.7096774193548387,0.0034661293029785,0.0001537799835205,tae_48_results_SGDClassifier(random_state=0).csv
tae_48,simpleimputer,none,random_trees_embedding,power,SGDClassifier(random_state=0),0,0.7096774193548387,0.0033786296844482,0.0001487731933593,tae_48_results_SGDClassifier(random_state=0).csv
fri_c1_500_50_766,simpleimputer,none,feature_agglomeration,power,SGDClassifier(random_state=0),1,0.82,0.0017910003662109,0.0001249313354492,fri_c1_500_50_766_results_SGDClassifier(random_state=0).csv
fri_c1_500_50_766,none,onehot,feature_agglomeration,power,SGDClassifier(random_state=0),1,0.82,0.0017192363739013,0.0001187324523925,fri_c1_500_50_766_results_SGDClassifier(random_state=0).csv
fri_c1_500_50_766,simpleimputer,onehot,feature_agglomeration,power,SGDClassifier(random_state=0),1,0.82,0.0017223358154296,0.000117540359497,fri_c1_500_50_766_results_SGDClassifier(random_state=0).csv
fri_c1_500_50_766,simpleimputer,ordinalencoder,feature_agglomeration,power,SGDClassifier(random_state=0),1,0.82,0.0017366409301757,0.0001161098480224,fri_c1_500_50_766_results_SGDClassifier(random_state=0).csv
fri_c1_500_50_766,none,none,feature_agglomeration,power,SGDClassifier(random_state=0),1,0.82,0.0017473697662353,0.0001223087310791,fri_c1_500_50_766_results_SGDClassifier(random_state=0).csv
fri_c1_500_50_766,none,ordinalencoder,feature_agglomeration,power,SGDClassifier(random_state=0),1,0.82,0.00175142288208,0.0001189708709716,fri_c1_500_50_766_results_SGDClassifier(random_state=0).csv
fri_c1_500_50_766,simpleimputer,onehot,feature_agglomeration,none,SGDClassifier(random_state=0),1,0.81,0.0015492439270019,0.0001251697540283,fri_c1_500_50_766_results_SGDClassifier(random_state=0).csv
fri_c1_500_50_766,simpleimputer,none,feature_agglomeration,none,SGDClassifier(random_state=0),1,0.81,0.0016732215881347,0.0001177787780761,fri_c1_500_50_766_results_SGDClassifier(random_state=0).csv
fri_c1_500_50_766,none,none,feature_agglomeration,none,SGDClassifier(random_state=0),1,0.81,0.0015895366668701,0.0001204013824462,fri_c1_500_50_766_results_SGDClassifier(random_state=0).csv
fri_c1_500_50_766,simpleimputer,ordinalencoder,feature_agglomeration,none,SGDClassifier(random_state=0),1,0.81,0.0016384124755859,0.0001223087310791,fri_c1_500_50_766_results_SGDClassifier(random_state=0).csv
fri_c1_500_50_766,none,onehot,feature_agglomeration,none,SGDClassifier(random_state=0),1,0.81,0.0017421245574951,0.0001277923583984,fri_c1_500_50_766_results_SGDClassifier(random_state=0).csv
fri_c1_500_50_766,none,ordinalencoder,feature_agglomeration,none,SGDClassifier(random_state=0),1,0.81,0.001589298248291,0.0001182556152343,fri_c1_500_50_766_results_SGDClassifier(random_state=0).csv
fri_c1_500_50_766,simpleimputer,none,feature_agglomeration,none,SGDClassifier(random_state=0),3,0.78,0.0016355514526367,0.0001187324523925,fri_c1_500_50_766_results_SGDClassifier(random_state=0).csv
fri_c1_500_50_766,none,onehot,feature_agglomeration,none,SGDClassifier(random_state=0),3,0.78,0.0017132759094238,0.0001232624053955,fri_c1_500_50_766_results_SGDClassifier(random_state=0).csv
fri_c1_500_50_766,none,none,feature_agglomeration,none,SGDClassifier(random_state=0),3,0.78,0.001678466796875,0.0001251697540283,fri_c1_500_50_766_results_SGDClassifier(random_state=0).csv
fri_c1_500_50_766,none,ordinalencoder,feature_agglomeration,none,SGDClassifier(random_state=0),3,0.78,0.0016858577728271,0.0001261234283447,fri_c1_500_50_766_results_SGDClassifier(random_state=0).csv
fri_c1_500_50_766,simpleimputer,onehot,feature_agglomeration,none,SGDClassifier(random_state=0),3,0.78,0.0016453266143798,0.0001187324523925,fri_c1_500_50_766_results_SGDClassifier(random_state=0).csv
fri_c1_500_50_766,simpleimputer,ordinalencoder,feature_agglomeration,none,SGDClassifier(random_state=0),3,0.78,0.0017213821411132,0.0001254081726074,fri_c1_500_50_766_results_SGDClassifier(random_state=0).csv
fri_c1_500_50_766,simpleimputer,onehot,feature_agglomeration,standard,SGDClassifier(random_state=0),3,0.75,0.0016143321990966,0.0001251697540283,fri_c1_500_50_766_results_SGDClassifier(random_state=0).csv
fri_c1_500_50_766,none,onehot,feature_agglomeration,normalizer,SGDClassifier(random_state=0),2,0.75,0.0019192695617675,0.0001230239868164,fri_c1_500_50_766_results_SGDClassifier(random_state=0).csv
tokyo1_40705,none,ordinalencoder,linear_svc,power,SGDClassifier(random_state=0),2,0.9635416666666666,0.0029361248016357,0.000112771987915,tokyo1_40705_results_SGDClassifier(random_state=0).csv
tokyo1_40705,simpleimputer,ordinalencoder,linear_svc,power,SGDClassifier(random_state=0),2,0.9635416666666666,0.0027785301208496,0.0001122951507568,tokyo1_40705_results_SGDClassifier(random_state=0).csv
tokyo1_40705,none,onehot,linear_svc,power,SGDClassifier(random_state=0),2,0.9635416666666666,0.0028815269470214,0.0001482963562011,tokyo1_40705_results_SGDClassifier(random_state=0).csv
tokyo1_40705,none,none,linear_svc,power,SGDClassifier(random_state=0),2,0.9635416666666666,0.0027656555175781,0.0001120567321777,tokyo1_40705_results_SGDClassifier(random_state=0).csv
tokyo1_40705,simpleimputer,onehot,linear_svc,power,SGDClassifier(random_state=0),2,0.9635416666666666,0.0027048587799072,0.0001053810119628,tokyo1_40705_results_SGDClassifier(random_state=0).csv
tokyo1_40705,simpleimputer,none,linear_svc,power,SGDClassifier(random_state=0),2,0.9635416666666666,0.0032672882080078,0.0001544952392578,tokyo1_40705_results_SGDClassifier(random_state=0).csv
tokyo1_40705,none,none,linear_svc,standard,SGDClassifier(random_state=0),2,0.953125,0.002134084701538,0.0001213550567626,tokyo1_40705_results_SGDClassifier(random_state=0).csv
tokyo1_40705,simpleimputer,none,linear_svc,standard,SGDClassifier(random_state=0),2,0.953125,0.0022542476654052,0.0001351833343505,tokyo1_40705_results_SGDClassifier(random_state=0).csv
tokyo1_40705,simpleimputer,ordinalencoder,linear_svc,standard,SGDClassifier(random_state=0),2,0.953125,0.0021107196807861,0.0001165866851806,tokyo1_40705_results_SGDClassifier(random_state=0).csv
tokyo1_40705,none,ordinalencoder,linear_svc,standard,SGDClassifier(random_state=0),2,0.953125,0.0020148754119873,0.0001137256622314,tokyo1_40705_results_SGDClassifier(random_state=0).csv
tokyo1_40705,none,onehot,linear_svc,standard,SGDClassifier(random_state=0),2,0.953125,0.0021803379058837,0.0001749992370605,tokyo1_40705_results_SGDClassifier(random_state=0).csv
tokyo1_40705,simpleimputer,onehot,linear_svc,standard,SGDClassifier(random_state=0),2,0.953125,0.0018701553344726,0.0001063346862792,tokyo1_40705_results_SGDClassifier(random_state=0).csv
tokyo1_40705,simpleimputer,onehot,extra_tree,power,SGDClassifier(random_state=0),2,0.9479166666666666,0.0031468868255615,0.0001285076141357,tokyo1_40705_results_SGDClassifier(random_state=0).csv
tokyo1_40705,none,none,polynomial_features,standard,SGDClassifier(random_state=0),1,0.9479166666666666,0.0067729949951171,0.0003421306610107,tokyo1_40705_results_SGDClassifier(random_state=0).csv
tokyo1_40705,simpleimputer,ordinalencoder,nystroem,power,SGDClassifier(random_state=0),1,0.9479166666666666,0.0070493221282958,0.0002145767211914,tokyo1_40705_results_SGDClassifier(random_state=0).csv
tokyo1_40705,simpleimputer,onehot,nystroem,power,SGDClassifier(random_state=0),1,0.9479166666666666,0.0076053142547607,0.0001611709594726,tokyo1_40705_results_SGDClassifier(random_state=0).csv
tokyo1_40705,simpleimputer,ordinalencoder,nystroem,power,SGDClassifier(random_state=0),2,0.9479166666666666,0.0053434371948242,0.0001718997955322,tokyo1_40705_results_SGDClassifier(random_state=0).csv
tokyo1_40705,none,none,kernel_pca,minmax,SGDClassifier(random_state=0),2,0.9479166666666666,0.0055387020111083,0.0002400875091552,tokyo1_40705_results_SGDClassifier(random_state=0).csv
tokyo1_40705,none,ordinalencoder,kernel_pca,minmax,SGDClassifier(random_state=0),2,0.9479166666666666,0.0053484439849853,0.0001749992370605,tokyo1_40705_results_SGDClassifier(random_state=0).csv
tokyo1_40705,none,onehot,extra_tree,power,SGDClassifier(random_state=0),2,0.9479166666666666,0.0028424263000488,0.0001163482666015,tokyo1_40705_results_SGDClassifier(random_state=0).csv
schizo_466,simpleimputer,ordinalencoder,nystroem,none,SGDClassifier(random_state=0),1,0.9411764705882352,0.0036730766296386,0.0001544952392578,schizo_466_results_SGDClassifier(random_state=0).csv
schizo_466,simpleimputer,ordinalencoder,nystroem,none,SGDClassifier(random_state=0),2,0.9264705882352942,0.0031743049621582,0.0001509189605712,schizo_466_results_SGDClassifier(random_state=0).csv
schizo_466,simpleimputer,onehot,nystroem,none,SGDClassifier(random_state=0),1,0.9264705882352942,0.002549409866333,0.0001485347747802,schizo_466_results_SGDClassifier(random_state=0).csv
schizo_466,simpleimputer,onehot,nystroem,none,SGDClassifier(random_state=0),3,0.8970588235294118,0.0030658245086669,0.000148057937622,schizo_466_results_SGDClassifier(random_state=0).csv
schizo_466,simpleimputer,ordinalencoder,nystroem,none,SGDClassifier(random_state=0),3,0.8823529411764706,0.0025868415832519,0.0001461505889892,schizo_466_results_SGDClassifier(random_state=0).csv
schizo_466,simpleimputer,ordinalencoder,nystroem,none,SGDClassifier(random_state=0),0,0.8382352941176471,0.003528356552124,0.0001535415649414,schizo_466_results_SGDClassifier(random_state=0).csv
schizo_466,simpleimputer,onehot,nystroem,none,SGDClassifier(random_state=0),2,0.8382352941176471,0.0027282238006591,0.0001752376556396,schizo_466_results_SGDClassifier(random_state=0).csv
schizo_466,simpleimputer,onehot,nystroem,none,SGDClassifier(random_state=0),4,0.8235294117647058,0.003101110458374,0.0001494884490966,schizo_466_results_SGDClassifier(random_state=0).csv
schizo_466,simpleimputer,ordinalencoder,nystroem,none,SGDClassifier(random_state=0),4,0.8088235294117647,0.0040583610534667,0.000195026397705,schizo_466_results_SGDClassifier(random_state=0).csv
schizo_466,simpleimputer,onehot,nystroem,none,SGDClassifier(random_state=0),0,0.8088235294117647,0.0026650428771972,0.0001490116119384,schizo_466_results_SGDClassifier(random_state=0).csv
schizo_466,simpleimputer,onehot,random_trees_embedding,normalizer,SGDClassifier(random_state=0),0,0.7941176470588235,0.0027632713317871,0.0001437664031982,schizo_466_results_SGDClassifier(random_state=0).csv
schizo_466,simpleimputer,onehot,random_trees_embedding,normalizer,SGDClassifier(random_state=0),2,0.7647058823529411,0.0026555061340332,0.0001358985900878,schizo_466_results_SGDClassifier(random_state=0).csv
schizo_466,simpleimputer,onehot,random_trees_embedding,normalizer,SGDClassifier(random_state=0),3,0.7647058823529411,0.0023012161254882,0.0001327991485595,schizo_466_results_SGDClassifier(random_state=0).csv
schizo_466,simpleimputer,onehot,random_trees_embedding,normalizer,SGDClassifier(random_state=0),1,0.75,0.0024600028991699,0.0001373291015625,schizo_466_results_SGDClassifier(random_state=0).csv
schizo_466,simpleimputer,ordinalencoder,random_trees_embedding,normalizer,SGDClassifier(random_state=0),1,0.7352941176470589,0.0024328231811523,0.0001435279846191,schizo_466_results_SGDClassifier(random_state=0).csv
schizo_466,simpleimputer,ordinalencoder,random_trees_embedding,normalizer,SGDClassifier(random_state=0),3,0.7352941176470589,0.002528429031372,0.0001397132873535,schizo_466_results_SGDClassifier(random_state=0).csv
schizo_466,simpleimputer,ordinalencoder,random_trees_embedding,normalizer,SGDClassifier(random_state=0),4,0.7352941176470589,0.0022735595703125,0.0001392364501953,schizo_466_results_SGDClassifier(random_state=0).csv
schizo_466,simpleimputer,onehot,random_trees_embedding,normalizer,SGDClassifier(random_state=0),4,0.7352941176470589,0.0021932125091552,0.0001435279846191,schizo_466_results_SGDClassifier(random_state=0).csv
schizo_466,simpleimputer,ordinalencoder,random_trees_embedding,power,SGDClassifier(random_state=0),1,0.7205882352941176,0.0019285678863525,0.0001387596130371,schizo_466_results_SGDClassifier(random_state=0).csv
schizo_466,simpleimputer,onehot,rbf_sampler,none,SGDClassifier(random_state=0),4,0.7205882352941176,0.0037572383880615,0.0001206398010253,schizo_466_results_SGDClassifier(random_state=0).csv
glass_1005,simpleimputer,none,rbf_sampler,none,SGDClassifier(random_state=0),4,0.9047619047619048,0.002732515335083,0.0001778602600097,glass_1005_results_SGDClassifier(random_state=0).csv
glass_1005,simpleimputer,onehot,rbf_sampler,none,SGDClassifier(random_state=0),4,0.9047619047619048,0.002643346786499,0.0001306533813476,glass_1005_results_SGDClassifier(random_state=0).csv
glass_1005,none,onehot,rbf_sampler,none,SGDClassifier(random_state=0),4,0.9047619047619048,0.0032401084899902,0.0001428127288818,glass_1005_results_SGDClassifier(random_state=0).csv
glass_1005,simpleimputer,ordinalencoder,rbf_sampler,none,SGDClassifier(random_state=0),4,0.9047619047619048,0.0026690959930419,0.0001287460327148,glass_1005_results_SGDClassifier(random_state=0).csv
glass_1005,none,ordinalencoder,rbf_sampler,none,SGDClassifier(random_state=0),4,0.9047619047619048,0.0026319026947021,0.0001280307769775,glass_1005_results_SGDClassifier(random_state=0).csv
glass_1005,none,none,rbf_sampler,none,SGDClassifier(random_state=0),4,0.9047619047619048,0.0031049251556396,0.0001652240753173,glass_1005_results_SGDClassifier(random_state=0).csv
glass_1005,none,ordinalencoder,random_trees_embedding,quantile,SGDClassifier(random_state=0),0,0.8837209302325582,0.0017027854919433,0.0001356601715087,glass_1005_results_SGDClassifier(random_state=0).csv
glass_1005,none,none,random_trees_embedding,quantile,SGDClassifier(random_state=0),0,0.8837209302325582,0.0017530918121337,0.0001401901245117,glass_1005_results_SGDClassifier(random_state=0).csv
glass_1005,simpleimputer,none,random_trees_embedding,quantile,SGDClassifier(random_state=0),0,0.8837209302325582,0.0016765594482421,0.0001702308654785,glass_1005_results_SGDClassifier(random_state=0).csv
glass_1005,simpleimputer,onehot,random_trees_embedding,quantile,SGDClassifier(random_state=0),0,0.8837209302325582,0.0017027854919433,0.0001349449157714,glass_1005_results_SGDClassifier(random_state=0).csv
glass_1005,none,onehot,random_trees_embedding,quantile,SGDClassifier(random_state=0),0,0.8837209302325582,0.0015959739685058,0.0001344680786132,glass_1005_results_SGDClassifier(random_state=0).csv
glass_1005,simpleimputer,ordinalencoder,random_trees_embedding,quantile,SGDClassifier(random_state=0),0,0.8837209302325582,0.0016682147979736,0.0001375675201416,glass_1005_results_SGDClassifier(random_state=0).csv
glass_1005,simpleimputer,ordinalencoder,random_trees_embedding,power,SGDClassifier(random_state=0),4,0.8809523809523809,0.0017974376678466,0.000136375427246,glass_1005_results_SGDClassifier(random_state=0).csv
glass_1005,none,ordinalencoder,random_trees_embedding,power,SGDClassifier(random_state=0),4,0.8809523809523809,0.0018384456634521,0.0001397132873535,glass_1005_results_SGDClassifier(random_state=0).csv
glass_1005,none,ordinalencoder,polynomial_features,quantile,SGDClassifier(random_state=0),4,0.8809523809523809,0.0022614002227783,0.0001232624053955,glass_1005_results_SGDClassifier(random_state=0).csv
glass_1005,simpleimputer,onehot,polynomial_features,quantile,SGDClassifier(random_state=0),4,0.8809523809523809,0.0022685527801513,0.0001208782196044,glass_1005_results_SGDClassifier(random_state=0).csv
glass_1005,none,onehot,polynomial_features,quantile,SGDClassifier(random_state=0),4,0.8809523809523809,0.0023727416992187,0.0001740455627441,glass_1005_results_SGDClassifier(random_state=0).csv
glass_1005,none,none,random_trees_embedding,power,SGDClassifier(random_state=0),4,0.8809523809523809,0.0017333030700683,0.0001313686370849,glass_1005_results_SGDClassifier(random_state=0).csv
glass_1005,none,onehot,random_trees_embedding,power,SGDClassifier(random_state=0),4,0.8809523809523809,0.0018587112426757,0.0001368522644042,glass_1005_results_SGDClassifier(random_state=0).csv
glass_1005,simpleimputer,onehot,random_trees_embedding,power,SGDClassifier(random_state=0),4,0.8809523809523809,0.0018186569213867,0.0001332759857177,glass_1005_results_SGDClassifier(random_state=0).csv
backache_463,none,ordinalencoder,truncated_svd,minmax,SGDClassifier(random_state=0),1,0.9722222222222222,0.0010933876037597,0.0001120567321777,backache_463_results_SGDClassifier(random_state=0).csv
backache_463,none,none,truncated_svd,minmax,SGDClassifier(random_state=0),1,0.9722222222222222,0.0010867118835449,0.0001113414764404,backache_463_results_SGDClassifier(random_state=0).csv
backache_463,simpleimputer,onehot,truncated_svd,minmax,SGDClassifier(random_state=0),1,0.9722222222222222,0.0012781620025634,0.0001242160797119,backache_463_results_SGDClassifier(random_state=0).csv
backache_463,none,onehot,truncated_svd,minmax,SGDClassifier(random_state=0),1,0.9722222222222222,0.0010590553283691,0.0001118183135986,backache_463_results_SGDClassifier(random_state=0).csv
backache_463,simpleimputer,none,truncated_svd,minmax,SGDClassifier(random_state=0),1,0.9722222222222222,0.0011329650878906,0.0001144409179687,backache_463_results_SGDClassifier(random_state=0).csv
backache_463,simpleimputer,ordinalencoder,truncated_svd,minmax,SGDClassifier(random_state=0),1,0.9722222222222222,0.0013899803161621,0.0001230239868164,backache_463_results_SGDClassifier(random_state=0).csv
backache_463,simpleimputer,onehot,polynomial_features,normalizer,SGDClassifier(random_state=0),1,0.9444444444444444,0.0023839473724365,0.0001280307769775,backache_463_results_SGDClassifier(random_state=0).csv
backache_463,none,onehot,polynomial_features,none,SGDClassifier(random_state=0),1,0.9444444444444444,0.0047638416290283,0.0001296997070312,backache_463_results_SGDClassifier(random_state=0).csv
backache_463,simpleimputer,ordinalencoder,linear_svc,quantile,SGDClassifier(random_state=0),1,0.9444444444444444,0.0010898113250732,0.0001301765441894,backache_463_results_SGDClassifier(random_state=0).csv
backache_463,none,none,polynomial_features,none,SGDClassifier(random_state=0),1,0.9444444444444444,0.0046765804290771,0.0001332759857177,backache_463_results_SGDClassifier(random_state=0).csv
backache_463,simpleimputer,onehot,polynomial_features,minmax,SGDClassifier(random_state=0),1,0.9444444444444444,0.002415657043457,0.0001492500305175,backache_463_results_SGDClassifier(random_state=0).csv
backache_463,simpleimputer,ordinalencoder,polynomial_features,normalizer,SGDClassifier(random_state=0),1,0.9444444444444444,0.0023586750030517,0.0001282691955566,backache_463_results_SGDClassifier(random_state=0).csv
backache_463,none,ordinalencoder,linear_svc,quantile,SGDClassifier(random_state=0),1,0.9444444444444444,0.0012598037719726,0.0001180171966552,backache_463_results_SGDClassifier(random_state=0).csv
backache_463,none,none,polynomial_features,minmax,SGDClassifier(random_state=0),1,0.9444444444444444,0.0023622512817382,0.0001487731933593,backache_463_results_SGDClassifier(random_state=0).csv
backache_463,none,ordinalencoder,none,robust,SGDClassifier(random_state=0),1,0.9444444444444444,0.0017356872558593,0.0001511573791503,backache_463_results_SGDClassifier(random_state=0).csv
backache_463,none,onehot,none,robust,SGDClassifier(random_state=0),1,0.9444444444444444,0.0018997192382812,0.0001497268676757,backache_463_results_SGDClassifier(random_state=0).csv
backache_463,simpleimputer,onehot,nystroem,none,SGDClassifier(random_state=0),1,0.9444444444444444,0.0025928020477294,0.0001735687255859,backache_463_results_SGDClassifier(random_state=0).csv
backache_463,simpleimputer,onehot,polynomial_features,none,SGDClassifier(random_state=0),1,0.9444444444444444,0.0046124458312988,0.0001442432403564,backache_463_results_SGDClassifier(random_state=0).csv
backache_463,simpleimputer,onehot,none,robust,SGDClassifier(random_state=0),1,0.9444444444444444,0.001594066619873,0.0001251697540283,backache_463_results_SGDClassifier(random_state=0).csv
backache_463,simpleimputer,onehot,random_trees_embedding,normalizer,SGDClassifier(random_state=0),1,0.9444444444444444,0.0015451908111572,0.0002338886260986,backache_463_results_SGDClassifier(random_state=0).csv
parkinsons_1488,none,ordinalencoder,random_trees_embedding,standard,SGDClassifier(random_state=0),2,1.0,0.0012989044189453,0.0001239776611328,parkinsons_1488_results_SGDClassifier(random_state=0).csv
parkinsons_1488,none,none,random_trees_embedding,standard,SGDClassifier(random_state=0),2,1.0,0.0013694763183593,0.0001277923583984,parkinsons_1488_results_SGDClassifier(random_state=0).csv
parkinsons_1488,none,onehot,random_trees_embedding,minmax,SGDClassifier(random_state=0),2,1.0,0.0013346672058105,0.0001254081726074,parkinsons_1488_results_SGDClassifier(random_state=0).csv
parkinsons_1488,none,ordinalencoder,random_trees_embedding,robust,SGDClassifier(random_state=0),2,1.0,0.0013105869293212,0.0001242160797119,parkinsons_1488_results_SGDClassifier(random_state=0).csv
parkinsons_1488,none,ordinalencoder,random_trees_embedding,none,SGDClassifier(random_state=0),2,1.0,0.0013773441314697,0.0001266002655029,parkinsons_1488_results_SGDClassifier(random_state=0).csv
parkinsons_1488,simpleimputer,onehot,random_trees_embedding,standard,SGDClassifier(random_state=0),2,1.0,0.001422643661499,0.0001301765441894,parkinsons_1488_results_SGDClassifier(random_state=0).csv
parkinsons_1488,simpleimputer,none,random_trees_embedding,robust,SGDClassifier(random_state=0),2,1.0,0.0013155937194824,0.0001246929168701,parkinsons_1488_results_SGDClassifier(random_state=0).csv
parkinsons_1488,simpleimputer,onehot,random_trees_embedding,minmax,SGDClassifier(random_state=0),2,1.0,0.001312255859375,0.0001249313354492,parkinsons_1488_results_SGDClassifier(random_state=0).csv
parkinsons_1488,none,none,random_trees_embedding,robust,SGDClassifier(random_state=0),2,1.0,0.0013377666473388,0.0001258850097656,parkinsons_1488_results_SGDClassifier(random_state=0).csv
parkinsons_1488,simpleimputer,none,random_trees_embedding,minmax,SGDClassifier(random_state=0),2,1.0,0.0013093948364257,0.0001277923583984,parkinsons_1488_results_SGDClassifier(random_state=0).csv
parkinsons_1488,none,onehot,random_trees_embedding,robust,SGDClassifier(random_state=0),2,1.0,0.0014350414276123,0.0001370906829833,parkinsons_1488_results_SGDClassifier(random_state=0).csv
parkinsons_1488,simpleimputer,none,random_trees_embedding,standard,SGDClassifier(random_state=0),2,1.0,0.0013236999511718,0.0001239776611328,parkinsons_1488_results_SGDClassifier(random_state=0).csv
parkinsons_1488,simpleimputer,ordinalencoder,random_trees_embedding,minmax,SGDClassifier(random_state=0),2,1.0,0.0013620853424072,0.0001251697540283,parkinsons_1488_results_SGDClassifier(random_state=0).csv
parkinsons_1488,simpleimputer,onehot,random_trees_embedding,none,SGDClassifier(random_state=0),2,1.0,0.0015556812286376,0.0001494884490966,parkinsons_1488_results_SGDClassifier(random_state=0).csv
parkinsons_1488,none,ordinalencoder,random_trees_embedding,minmax,SGDClassifier(random_state=0),2,1.0,0.0013294219970703,0.0001230239868164,parkinsons_1488_results_SGDClassifier(random_state=0).csv
parkinsons_1488,none,onehot,random_trees_embedding,none,SGDClassifier(random_state=0),2,1.0,0.0014095306396484,0.0001296997070312,parkinsons_1488_results_SGDClassifier(random_state=0).csv
parkinsons_1488,none,none,random_trees_embedding,none,SGDClassifier(random_state=0),2,1.0,0.0013060569763183,0.0001225471496582,parkinsons_1488_results_SGDClassifier(random_state=0).csv
parkinsons_1488,none,onehot,random_trees_embedding,standard,SGDClassifier(random_state=0),2,1.0,0.0014214515686035,0.0001273155212402,parkinsons_1488_results_SGDClassifier(random_state=0).csv
parkinsons_1488,simpleimputer,ordinalencoder,random_trees_embedding,robust,SGDClassifier(random_state=0),2,1.0,0.0013518333435058,0.0001294612884521,parkinsons_1488_results_SGDClassifier(random_state=0).csv
parkinsons_1488,simpleimputer,onehot,random_trees_embedding,robust,SGDClassifier(random_state=0),2,1.0,0.0014011859893798,0.0001282691955566,parkinsons_1488_results_SGDClassifier(random_state=0).csv
PieChart1_1451,none,none,pca,quantile,SGDClassifier(random_state=0),3,0.9432624113475178,0.0019481182098388,0.0001206398010253,PieChart1_1451_results_SGDClassifier(random_state=0).csv
PieChart1_1451,simpleimputer,ordinalencoder,pca,quantile,SGDClassifier(random_state=0),3,0.9432624113475178,0.0017890930175781,0.0001695156097412,PieChart1_1451_results_SGDClassifier(random_state=0).csv
PieChart1_1451,none,onehot,pca,quantile,SGDClassifier(random_state=0),3,0.9432624113475178,0.001948595046997,0.0001211166381835,PieChart1_1451_results_SGDClassifier(random_state=0).csv
PieChart1_1451,simpleimputer,onehot,kernel_pca,quantile,SGDClassifier(random_state=0),3,0.9432624113475178,0.0026516914367675,0.000140905380249,PieChart1_1451_results_SGDClassifier(random_state=0).csv
PieChart1_1451,simpleimputer,ordinalencoder,kernel_pca,quantile,SGDClassifier(random_state=0),3,0.9432624113475178,0.0024394989013671,0.0001344680786132,PieChart1_1451_results_SGDClassifier(random_state=0).csv
PieChart1_1451,none,ordinalencoder,kernel_pca,quantile,SGDClassifier(random_state=0),3,0.9432624113475178,0.0025482177734375,0.0001587867736816,PieChart1_1451_results_SGDClassifier(random_state=0).csv
PieChart1_1451,simpleimputer,onehot,pca,quantile,SGDClassifier(random_state=0),3,0.9432624113475178,0.001901626586914,0.000117540359497,PieChart1_1451_results_SGDClassifier(random_state=0).csv
PieChart1_1451,none,onehot,kernel_pca,quantile,SGDClassifier(random_state=0),3,0.9432624113475178,0.0025808811187744,0.0001423358917236,PieChart1_1451_results_SGDClassifier(random_state=0).csv
PieChart1_1451,simpleimputer,none,kernel_pca,quantile,SGDClassifier(random_state=0),3,0.9432624113475178,0.002619981765747,0.0001423358917236,PieChart1_1451_results_SGDClassifier(random_state=0).csv
PieChart1_1451,simpleimputer,none,pca,quantile,SGDClassifier(random_state=0),3,0.9432624113475178,0.0018305778503417,0.0001115798950195,PieChart1_1451_results_SGDClassifier(random_state=0).csv
PieChart1_1451,none,none,kernel_pca,quantile,SGDClassifier(random_state=0),3,0.9432624113475178,0.0025548934936523,0.0001399517059326,PieChart1_1451_results_SGDClassifier(random_state=0).csv
PieChart1_1451,none,ordinalencoder,pca,quantile,SGDClassifier(random_state=0),3,0.9432624113475178,0.0023441314697265,0.0001318454742431,PieChart1_1451_results_SGDClassifier(random_state=0).csv
PieChart1_1451,none,ordinalencoder,select_percentile,minmax,SGDClassifier(random_state=0),1,0.9361702127659576,0.0014858245849609,0.0001139640808105,PieChart1_1451_results_SGDClassifier(random_state=0).csv
PieChart1_1451,simpleimputer,onehot,truncated_svd,quantile,SGDClassifier(random_state=0),1,0.9361702127659576,0.001450777053833,0.0001144409179687,PieChart1_1451_results_SGDClassifier(random_state=0).csv
PieChart1_1451,none,none,generic_univariate,minmax,SGDClassifier(random_state=0),1,0.9361702127659576,0.0015640258789062,0.0001182556152343,PieChart1_1451_results_SGDClassifier(random_state=0).csv
PieChart1_1451,simpleimputer,ordinalencoder,linear_svc,robust,SGDClassifier(random_state=0),3,0.9361702127659576,0.0016877651214599,0.0001194477081298,PieChart1_1451_results_SGDClassifier(random_state=0).csv
PieChart1_1451,simpleimputer,ordinalencoder,random_trees_embedding,normalizer,SGDClassifier(random_state=0),3,0.9361702127659576,0.0030324459075927,0.0001449584960937,PieChart1_1451_results_SGDClassifier(random_state=0).csv
PieChart1_1451,none,none,linear_svc,robust,SGDClassifier(random_state=0),3,0.9361702127659576,0.0016837120056152,0.0001232624053955,PieChart1_1451_results_SGDClassifier(random_state=0).csv
PieChart1_1451,none,none,fastica,none,SGDClassifier(random_state=0),3,0.9361702127659576,0.0028011798858642,0.0001869201660156,PieChart1_1451_results_SGDClassifier(random_state=0).csv
PieChart1_1451,simpleimputer,onehot,polynomial_features,power,SGDClassifier(random_state=0),2,0.9361702127659576,0.0112664699554443,0.0002503395080566,PieChart1_1451_results_SGDClassifier(random_state=0).csv
bridges_327,simpleimputer,ordinalencoder,none,minmax,SGDClassifier(random_state=0),0,0.9047619047619048,0.004042625427246,0.0001418590545654,bridges_327_results_SGDClassifier(random_state=0).csv
bridges_327,simpleimputer,onehot,fastica,robust,SGDClassifier(random_state=0),0,0.9047619047619048,0.0034267902374267,0.0001280307769775,bridges_327_results_SGDClassifier(random_state=0).csv
bridges_327,simpleimputer,ordinalencoder,random_trees_embedding,robust,SGDClassifier(random_state=0),0,0.8571428571428571,0.004014253616333,0.0001442432403564,bridges_327_results_SGDClassifier(random_state=0).csv
bridges_327,simpleimputer,ordinalencoder,random_trees_embedding,standard,SGDClassifier(random_state=0),0,0.8571428571428571,0.0041384696960449,0.0001475811004638,bridges_327_results_SGDClassifier(random_state=0).csv
bridges_327,simpleimputer,ordinalencoder,random_trees_embedding,none,SGDClassifier(random_state=0),0,0.8571428571428571,0.0041615962982177,0.0001552104949951,bridges_327_results_SGDClassifier(random_state=0).csv
bridges_327,simpleimputer,ordinalencoder,pca,minmax,SGDClassifier(random_state=0),0,0.8571428571428571,0.0033562183380126,0.0001223087310791,bridges_327_results_SGDClassifier(random_state=0).csv
bridges_327,simpleimputer,ordinalencoder,random_trees_embedding,minmax,SGDClassifier(random_state=0),0,0.8571428571428571,0.0040204524993896,0.0001444816589355,bridges_327_results_SGDClassifier(random_state=0).csv
bridges_327,simpleimputer,onehot,extra_tree,quantile,SGDClassifier(random_state=0),0,0.8571428571428571,0.0034096240997314,0.0001416206359863,bridges_327_results_SGDClassifier(random_state=0).csv
bridges_327,simpleimputer,onehot,pca,quantile,SGDClassifier(random_state=0),4,0.8571428571428571,0.003373384475708,0.0001182556152343,bridges_327_results_SGDClassifier(random_state=0).csv
bridges_327,simpleimputer,onehot,kernel_pca,quantile,SGDClassifier(random_state=0),4,0.8571428571428571,0.0036361217498779,0.0001251697540283,bridges_327_results_SGDClassifier(random_state=0).csv
bridges_327,simpleimputer,onehot,extra_tree,robust,SGDClassifier(random_state=0),0,0.8571428571428571,0.0032787322998046,0.0001370906829833,bridges_327_results_SGDClassifier(random_state=0).csv
bridges_327,simpleimputer,ordinalencoder,kernel_pca,minmax,SGDClassifier(random_state=0),0,0.8571428571428571,0.0041148662567138,0.0001959800720214,bridges_327_results_SGDClassifier(random_state=0).csv
bridges_327,simpleimputer,ordinalencoder,none,power,SGDClassifier(random_state=0),0,0.8095238095238095,0.0036151409149169,0.0001366138458251,bridges_327_results_SGDClassifier(random_state=0).csv
bridges_327,simpleimputer,onehot,kernel_pca,standard,SGDClassifier(random_state=0),0,0.8095238095238095,0.0032014846801757,0.0001111030578613,bridges_327_results_SGDClassifier(random_state=0).csv
bridges_327,simpleimputer,onehot,pca,minmax,SGDClassifier(random_state=0),1,0.8095238095238095,0.0033667087554931,0.0001149177551269,bridges_327_results_SGDClassifier(random_state=0).csv
bridges_327,simpleimputer,onehot,fastica,standard,SGDClassifier(random_state=0),0,0.8095238095238095,0.0035235881805419,0.0001640319824218,bridges_327_results_SGDClassifier(random_state=0).csv
bridges_327,simpleimputer,ordinalencoder,kernel_pca,power,SGDClassifier(random_state=0),0,0.8095238095238095,0.0032558441162109,0.0001149177551269,bridges_327_results_SGDClassifier(random_state=0).csv
bridges_327,simpleimputer,onehot,nystroem,standard,SGDClassifier(random_state=0),4,0.8095238095238095,0.011101484298706,0.0001471042633056,bridges_327_results_SGDClassifier(random_state=0).csv
bridges_327,simpleimputer,onehot,pca,standard,SGDClassifier(random_state=0),0,0.8095238095238095,0.0032474994659423,0.000117540359497,bridges_327_results_SGDClassifier(random_state=0).csv
bridges_327,simpleimputer,onehot,random_trees_embedding,quantile,SGDClassifier(random_state=0),4,0.8095238095238095,0.0040650367736816,0.0001509189605712,bridges_327_results_SGDClassifier(random_state=0).csv
bwin_amlb_45717,none,none,generic_univariate,power,SGDClassifier(random_state=0),2,0.7358490566037735,0.0015387535095214,0.0001482963562011,bwin_amlb_45717_results_SGDClassifier(random_state=0).csv
bwin_amlb_45717,simpleimputer,ordinalencoder,generic_univariate,power,SGDClassifier(random_state=0),2,0.7358490566037735,0.0016405582427978,0.0001425743103027,bwin_amlb_45717_results_SGDClassifier(random_state=0).csv
bwin_amlb_45717,none,ordinalencoder,generic_univariate,power,SGDClassifier(random_state=0),2,0.7358490566037735,0.001591682434082,0.0001661777496337,bwin_amlb_45717_results_SGDClassifier(random_state=0).csv
bwin_amlb_45717,none,onehot,generic_univariate,power,SGDClassifier(random_state=0),2,0.7358490566037735,0.0015389919281005,0.0001392364501953,bwin_amlb_45717_results_SGDClassifier(random_state=0).csv
bwin_amlb_45717,simpleimputer,onehot,generic_univariate,power,SGDClassifier(random_state=0),2,0.7358490566037735,0.0016369819641113,0.0001423358917236,bwin_amlb_45717_results_SGDClassifier(random_state=0).csv
bwin_amlb_45717,simpleimputer,none,generic_univariate,power,SGDClassifier(random_state=0),2,0.7358490566037735,0.0017271041870117,0.0001471042633056,bwin_amlb_45717_results_SGDClassifier(random_state=0).csv
bwin_amlb_45717,simpleimputer,onehot,fastica,normalizer,SGDClassifier(random_state=0),0,0.7264150943396226,0.0028014183044433,0.0001657009124755,bwin_amlb_45717_results_SGDClassifier(random_state=0).csv
bwin_amlb_45717,none,none,fastica,normalizer,SGDClassifier(random_state=0),0,0.7264150943396226,0.0027606487274169,0.0001437664031982,bwin_amlb_45717_results_SGDClassifier(random_state=0).csv
bwin_amlb_45717,none,ordinalencoder,rbf_sampler,none,SGDClassifier(random_state=0),0,0.7264150943396226,0.0046737194061279,0.0001757144927978,bwin_amlb_45717_results_SGDClassifier(random_state=0).csv
bwin_amlb_45717,simpleimputer,ordinalencoder,fastica,normalizer,SGDClassifier(random_state=0),0,0.7264150943396226,0.002732515335083,0.000150442123413,bwin_amlb_45717_results_SGDClassifier(random_state=0).csv
bwin_amlb_45717,none,onehot,fastica,normalizer,SGDClassifier(random_state=0),0,0.7264150943396226,0.0027201175689697,0.0001406669616699,bwin_amlb_45717_results_SGDClassifier(random_state=0).csv
bwin_amlb_45717,simpleimputer,ordinalencoder,rbf_sampler,none,SGDClassifier(random_state=0),0,0.7264150943396226,0.0048978328704833,0.0001819133758544,bwin_amlb_45717_results_SGDClassifier(random_state=0).csv
bwin_amlb_45717,none,ordinalencoder,fastica,normalizer,SGDClassifier(random_state=0),0,0.7264150943396226,0.0027253627777099,0.0001399517059326,bwin_amlb_45717_results_SGDClassifier(random_state=0).csv
bwin_amlb_45717,simpleimputer,none,fastica,normalizer,SGDClassifier(random_state=0),0,0.7264150943396226,0.0027196407318115,0.0001418590545654,bwin_amlb_45717_results_SGDClassifier(random_state=0).csv
bwin_amlb_45717,simpleimputer,none,rbf_sampler,none,SGDClassifier(random_state=0),0,0.7264150943396226,0.0052037239074707,0.0001790523529052,bwin_amlb_45717_results_SGDClassifier(random_state=0).csv
bwin_amlb_45717,none,onehot,rbf_sampler,none,SGDClassifier(random_state=0),0,0.7264150943396226,0.0057582855224609,0.0001969337463378,bwin_amlb_45717_results_SGDClassifier(random_state=0).csv
bwin_amlb_45717,simpleimputer,onehot,rbf_sampler,none,SGDClassifier(random_state=0),0,0.7264150943396226,0.00655198097229,0.0002901554107666,bwin_amlb_45717_results_SGDClassifier(random_state=0).csv
bwin_amlb_45717,none,none,rbf_sampler,none,SGDClassifier(random_state=0),0,0.7264150943396226,0.006667137145996,0.0002796649932861,bwin_amlb_45717_results_SGDClassifier(random_state=0).csv
bwin_amlb_45717,none,onehot,pca,quantile,SGDClassifier(random_state=0),2,0.7169811320754716,0.0013701915740966,0.0001373291015625,bwin_amlb_45717_results_SGDClassifier(random_state=0).csv
bwin_amlb_45717,none,onehot,polynomial_features,none,SGDClassifier(random_state=0),2,0.7169811320754716,0.0016233921051025,0.0001487731933593,bwin_amlb_45717_results_SGDClassifier(random_state=0).csv
analcatdata_authorship_458,simpleimputer,none,kernel_pca,power,SGDClassifier(random_state=0),3,1.0,0.0080547332763671,0.0001873970031738,analcatdata_authorship_458_results_SGDClassifier(random_state=0).csv
analcatdata_authorship_458,none,none,pca,none,SGDClassifier(random_state=0),0,1.0,0.0089077949523925,0.0008158683776855,analcatdata_authorship_458_results_SGDClassifier(random_state=0).csv
analcatdata_authorship_458,simpleimputer,none,none,quantile,SGDClassifier(random_state=0),3,1.0,0.0048451423645019,0.0001332759857177,analcatdata_authorship_458_results_SGDClassifier(random_state=0).csv
analcatdata_authorship_458,simpleimputer,none,kernel_pca,power,SGDClassifier(random_state=0),2,1.0,0.0081768035888671,0.0002589225769042,analcatdata_authorship_458_results_SGDClassifier(random_state=0).csv
analcatdata_authorship_458,simpleimputer,none,linear_svc,power,SGDClassifier(random_state=0),0,1.0,0.0042004585266113,0.0001213550567626,analcatdata_authorship_458_results_SGDClassifier(random_state=0).csv
analcatdata_authorship_458,simpleimputer,none,linear_svc,power,SGDClassifier(random_state=0),2,1.0,0.0043447017669677,0.0001227855682373,analcatdata_authorship_458_results_SGDClassifier(random_state=0).csv
analcatdata_authorship_458,simpleimputer,none,pca,quantile,SGDClassifier(random_state=0),2,1.0,0.0062892436981201,0.0001661777496337,analcatdata_authorship_458_results_SGDClassifier(random_state=0).csv
analcatdata_authorship_458,simpleimputer,ordinalencoder,nystroem,quantile,SGDClassifier(random_state=0),0,1.0,0.0094096660614013,0.0001909732818603,analcatdata_authorship_458_results_SGDClassifier(random_state=0).csv
analcatdata_authorship_458,simpleimputer,ordinalencoder,nystroem,quantile,SGDClassifier(random_state=0),2,1.0,0.0096933841705322,0.0001897811889648,analcatdata_authorship_458_results_SGDClassifier(random_state=0).csv
analcatdata_authorship_458,simpleimputer,ordinalencoder,nystroem,quantile,SGDClassifier(random_state=0),3,1.0,0.0100791454315185,0.0001845359802246,analcatdata_authorship_458_results_SGDClassifier(random_state=0).csv
analcatdata_authorship_458,simpleimputer,none,pca,quantile,SGDClassifier(random_state=0),0,1.0,0.0065107345581054,0.0001630783081054,analcatdata_authorship_458_results_SGDClassifier(random_state=0).csv
analcatdata_authorship_458,none,none,random_trees_embedding,none,SGDClassifier(random_state=0),2,1.0,0.0060858726501464,0.0002014636993408,analcatdata_authorship_458_results_SGDClassifier(random_state=0).csv
analcatdata_authorship_458,simpleimputer,none,none,quantile,SGDClassifier(random_state=0),4,1.0,0.004955768585205,0.0001335144042968,analcatdata_authorship_458_results_SGDClassifier(random_state=0).csv
analcatdata_authorship_458,simpleimputer,none,none,quantile,SGDClassifier(random_state=0),2,1.0,0.0052568912506103,0.0001368522644042,analcatdata_authorship_458_results_SGDClassifier(random_state=0).csv
analcatdata_authorship_458,none,ordinalencoder,fastica,power,SGDClassifier(random_state=0),4,1.0,0.0103545188903808,0.0001888275146484,analcatdata_authorship_458_results_SGDClassifier(random_state=0).csv
analcatdata_authorship_458,none,none,linear_svc,none,SGDClassifier(random_state=0),3,1.0,0.0058588981628417,0.000126838684082,analcatdata_authorship_458_results_SGDClassifier(random_state=0).csv
analcatdata_authorship_458,none,ordinalencoder,pca,standard,SGDClassifier(random_state=0),2,1.0,0.0073661804199218,0.0001893043518066,analcatdata_authorship_458_results_SGDClassifier(random_state=0).csv
analcatdata_authorship_458,none,none,pca,none,SGDClassifier(random_state=0),3,1.0,0.0099189281463623,0.0001924037933349,analcatdata_authorship_458_results_SGDClassifier(random_state=0).csv
analcatdata_authorship_458,none,none,fastica,none,SGDClassifier(random_state=0),3,1.0,0.0083932876586914,0.0001845359802246,analcatdata_authorship_458_results_SGDClassifier(random_state=0).csv
analcatdata_authorship_458,none,none,none,none,SGDClassifier(random_state=0),0,1.0,0.0092172622680664,0.0017178058624267,analcatdata_authorship_458_results_SGDClassifier(random_state=0).csv
Loan-Predication_43595,simpleimputer,ordinalencoder,extra_tree,robust,SGDClassifier(random_state=0),2,0.8617886178861789,0.0017669200897216,0.0001139640808105,Loan-Predication_43595_results_SGDClassifier(random_state=0).csv
Loan-Predication_43595,simpleimputer,onehot,generic_univariate,standard,SGDClassifier(random_state=0),2,0.8455284552845529,0.0016627311706542,0.0001099109649658,Loan-Predication_43595_results_SGDClassifier(random_state=0).csv
Loan-Predication_43595,simpleimputer,onehot,select_percentile,none,SGDClassifier(random_state=0),2,0.8455284552845529,0.001863956451416,0.000112771987915,Loan-Predication_43595_results_SGDClassifier(random_state=0).csv
Loan-Predication_43595,simpleimputer,ordinalencoder,linear_svc,standard,SGDClassifier(random_state=0),2,0.8455284552845529,0.0017797946929931,0.0001194477081298,Loan-Predication_43595_results_SGDClassifier(random_state=0).csv
Loan-Predication_43595,simpleimputer,ordinalencoder,pca,minmax,SGDClassifier(random_state=0),2,0.8455284552845529,0.0027804374694824,0.000105857849121,Loan-Predication_43595_results_SGDClassifier(random_state=0).csv
Loan-Predication_43595,simpleimputer,onehot,select_percentile,minmax,SGDClassifier(random_state=0),2,0.8455284552845529,0.0017805099487304,0.0001091957092285,Loan-Predication_43595_results_SGDClassifier(random_state=0).csv
Loan-Predication_43595,simpleimputer,ordinalencoder,select_percentile,standard,SGDClassifier(random_state=0),2,0.8455284552845529,0.0016119480133056,0.0001091957092285,Loan-Predication_43595_results_SGDClassifier(random_state=0).csv
Loan-Predication_43595,simpleimputer,ordinalencoder,kernel_pca,minmax,SGDClassifier(random_state=0),2,0.8455284552845529,0.0046510696411132,0.0002074241638183,Loan-Predication_43595_results_SGDClassifier(random_state=0).csv
Loan-Predication_43595,simpleimputer,ordinalencoder,linear_svc,minmax,SGDClassifier(random_state=0),2,0.8455284552845529,0.0018718242645263,0.0001122951507568,Loan-Predication_43595_results_SGDClassifier(random_state=0).csv
Loan-Predication_43595,simpleimputer,onehot,generic_univariate,robust,SGDClassifier(random_state=0),2,0.8455284552845529,0.0022001266479492,0.0001044273376464,Loan-Predication_43595_results_SGDClassifier(random_state=0).csv
Loan-Predication_43595,simpleimputer,ordinalencoder,select_percentile,robust,SGDClassifier(random_state=0),2,0.8455284552845529,0.0024311542510986,0.000237226486206,Loan-Predication_43595_results_SGDClassifier(random_state=0).csv
Loan-Predication_43595,simpleimputer,onehot,nystroem,minmax,SGDClassifier(random_state=0),2,0.8455284552845529,0.0103089809417724,0.000187873840332,Loan-Predication_43595_results_SGDClassifier(random_state=0).csv
Loan-Predication_43595,simpleimputer,onehot,select_percentile,robust,SGDClassifier(random_state=0),2,0.8455284552845529,0.0022735595703125,0.0001320838928222,Loan-Predication_43595_results_SGDClassifier(random_state=0).csv
Loan-Predication_43595,simpleimputer,onehot,none,minmax,SGDClassifier(random_state=0),2,0.8455284552845529,0.0026531219482421,0.0001256465911865,Loan-Predication_43595_results_SGDClassifier(random_state=0).csv
Loan-Predication_43595,simpleimputer,ordinalencoder,generic_univariate,standard,SGDClassifier(random_state=0),2,0.8455284552845529,0.0017158985137939,0.0001118183135986,Loan-Predication_43595_results_SGDClassifier(random_state=0).csv
Loan-Predication_43595,simpleimputer,ordinalencoder,linear_svc,robust,SGDClassifier(random_state=0),2,0.8455284552845529,0.0017323493957519,0.0001144409179687,Loan-Predication_43595_results_SGDClassifier(random_state=0).csv
Loan-Predication_43595,simpleimputer,ordinalencoder,generic_univariate,robust,SGDClassifier(random_state=0),2,0.8455284552845529,0.0022730827331542,0.0001091957092285,Loan-Predication_43595_results_SGDClassifier(random_state=0).csv
Loan-Predication_43595,simpleimputer,onehot,pca,minmax,SGDClassifier(random_state=0),2,0.8373983739837398,0.002403974533081,0.0001125335693359,Loan-Predication_43595_results_SGDClassifier(random_state=0).csv
Loan-Predication_43595,simpleimputer,ordinalencoder,extra_tree,minmax,SGDClassifier(random_state=0),2,0.8373983739837398,0.0018870830535888,0.0001227855682373,Loan-Predication_43595_results_SGDClassifier(random_state=0).csv
Loan-Predication_43595,simpleimputer,onehot,kernel_pca,minmax,SGDClassifier(random_state=0),2,0.8373983739837398,0.002962589263916,0.0001332759857177,Loan-Predication_43595_results_SGDClassifier(random_state=0).csv
xd6_40693,simpleimputer,none,polynomial_features,standard,SGDClassifier(random_state=0),4,1.0,0.0022666454315185,0.0001258850097656,xd6_40693_results_SGDClassifier(random_state=0).csv
xd6_40693,none,none,nystroem,none,SGDClassifier(random_state=0),4,1.0,0.0073680877685546,0.0001752376556396,xd6_40693_results_SGDClassifier(random_state=0).csv
xd6_40693,simpleimputer,onehot,random_trees_embedding,quantile,SGDClassifier(random_state=0),1,1.0,0.0021631717681884,0.0001749992370605,xd6_40693_results_SGDClassifier(random_state=0).csv
xd6_40693,simpleimputer,onehot,random_trees_embedding,quantile,SGDClassifier(random_state=0),3,1.0,0.0021049976348876,0.000154972076416,xd6_40693_results_SGDClassifier(random_state=0).csv
xd6_40693,none,none,polynomial_features,none,SGDClassifier(random_state=0),0,1.0,0.0021846294403076,0.0001313686370849,xd6_40693_results_SGDClassifier(random_state=0).csv
xd6_40693,simpleimputer,onehot,nystroem,quantile,SGDClassifier(random_state=0),4,1.0,0.0083265304565429,0.000258445739746,xd6_40693_results_SGDClassifier(random_state=0).csv
xd6_40693,none,none,nystroem,quantile,SGDClassifier(random_state=0),4,1.0,0.0074379444122314,0.000197410583496,xd6_40693_results_SGDClassifier(random_state=0).csv
xd6_40693,simpleimputer,ordinalencoder,random_trees_embedding,none,SGDClassifier(random_state=0),3,1.0,0.0021636486053466,0.0001542568206787,xd6_40693_results_SGDClassifier(random_state=0).csv
xd6_40693,none,none,random_trees_embedding,quantile,SGDClassifier(random_state=0),1,1.0,0.0021538734436035,0.0001611709594726,xd6_40693_results_SGDClassifier(random_state=0).csv
xd6_40693,none,none,random_trees_embedding,quantile,SGDClassifier(random_state=0),3,1.0,0.0021078586578369,0.000154972076416,xd6_40693_results_SGDClassifier(random_state=0).csv
xd6_40693,none,onehot,random_trees_embedding,standard,SGDClassifier(random_state=0),3,1.0,0.002303123474121,0.0001676082611083,xd6_40693_results_SGDClassifier(random_state=0).csv
xd6_40693,simpleimputer,onehot,polynomial_features,quantile,SGDClassifier(random_state=0),0,1.0,0.0023326873779296,0.0001249313354492,xd6_40693_results_SGDClassifier(random_state=0).csv
xd6_40693,simpleimputer,none,random_trees_embedding,standard,SGDClassifier(random_state=0),3,1.0,0.0022346973419189,0.0001895427703857,xd6_40693_results_SGDClassifier(random_state=0).csv
xd6_40693,simpleimputer,onehot,polynomial_features,quantile,SGDClassifier(random_state=0),3,1.0,0.002305269241333,0.0001344680786132,xd6_40693_results_SGDClassifier(random_state=0).csv
xd6_40693,simpleimputer,onehot,nystroem,quantile,SGDClassifier(random_state=0),0,1.0,0.0060081481933593,0.0001823902130126,xd6_40693_results_SGDClassifier(random_state=0).csv
xd6_40693,none,onehot,random_trees_embedding,quantile,SGDClassifier(random_state=0),1,1.0,0.0020902156829833,0.0001544952392578,xd6_40693_results_SGDClassifier(random_state=0).csv
xd6_40693,none,onehot,random_trees_embedding,quantile,SGDClassifier(random_state=0),3,1.0,0.0021910667419433,0.0001587867736816,xd6_40693_results_SGDClassifier(random_state=0).csv
xd6_40693,none,onehot,nystroem,quantile,SGDClassifier(random_state=0),0,1.0,0.0059571266174316,0.0001590251922607,xd6_40693_results_SGDClassifier(random_state=0).csv
xd6_40693,simpleimputer,ordinalencoder,random_trees_embedding,minmax,SGDClassifier(random_state=0),1,1.0,0.0022108554840087,0.0001611709594726,xd6_40693_results_SGDClassifier(random_state=0).csv
xd6_40693,simpleimputer,ordinalencoder,polynomial_features,quantile,SGDClassifier(random_state=0),3,1.0,0.0022163391113281,0.0001375675201416,xd6_40693_results_SGDClassifier(random_state=0).csv
mc2_1054,none,none,random_trees_embedding,power,SGDClassifier(random_state=0),1,0.90625,0.0042352676391601,0.0001459121704101,mc2_1054_results_SGDClassifier(random_state=0).csv
mc2_1054,none,onehot,random_trees_embedding,power,SGDClassifier(random_state=0),1,0.90625,0.0042805671691894,0.0001239776611328,mc2_1054_results_SGDClassifier(random_state=0).csv
mc2_1054,simpleimputer,onehot,random_trees_embedding,power,SGDClassifier(random_state=0),1,0.90625,0.0042715072631835,0.000124454498291,mc2_1054_results_SGDClassifier(random_state=0).csv
mc2_1054,none,ordinalencoder,random_trees_embedding,power,SGDClassifier(random_state=0),1,0.90625,0.0042247772216796,0.0001218318939208,mc2_1054_results_SGDClassifier(random_state=0).csv
mc2_1054,simpleimputer,ordinalencoder,random_trees_embedding,power,SGDClassifier(random_state=0),1,0.90625,0.0041966438293457,0.0001344680786132,mc2_1054_results_SGDClassifier(random_state=0).csv
mc2_1054,simpleimputer,none,random_trees_embedding,power,SGDClassifier(random_state=0),1,0.90625,0.0042948722839355,0.000129222869873,mc2_1054_results_SGDClassifier(random_state=0).csv
mc2_1054,simpleimputer,ordinalencoder,nystroem,robust,SGDClassifier(random_state=0),3,0.875,0.0020546913146972,0.0001370906829833,mc2_1054_results_SGDClassifier(random_state=0).csv
mc2_1054,simpleimputer,none,nystroem,robust,SGDClassifier(random_state=0),3,0.875,0.0019788742065429,0.0001320838928222,mc2_1054_results_SGDClassifier(random_state=0).csv
mc2_1054,none,onehot,nystroem,power,SGDClassifier(random_state=0),1,0.875,0.0018310546875,0.0001320838928222,mc2_1054_results_SGDClassifier(random_state=0).csv
mc2_1054,simpleimputer,ordinalencoder,nystroem,power,SGDClassifier(random_state=0),1,0.875,0.0019829273223876,0.0001351833343505,mc2_1054_results_SGDClassifier(random_state=0).csv
mc2_1054,simpleimputer,onehot,nystroem,robust,SGDClassifier(random_state=0),3,0.875,0.0017976760864257,0.0001533031463623,mc2_1054_results_SGDClassifier(random_state=0).csv
mc2_1054,simpleimputer,onehot,nystroem,power,SGDClassifier(random_state=0),1,0.875,0.002709150314331,0.0001840591430664,mc2_1054_results_SGDClassifier(random_state=0).csv
mc2_1054,simpleimputer,none,nystroem,power,SGDClassifier(random_state=0),1,0.875,0.0020058155059814,0.0001461505889892,mc2_1054_results_SGDClassifier(random_state=0).csv
mc2_1054,none,onehot,nystroem,robust,SGDClassifier(random_state=0),3,0.875,0.0019629001617431,0.0001299381256103,mc2_1054_results_SGDClassifier(random_state=0).csv
mc2_1054,none,none,nystroem,power,SGDClassifier(random_state=0),1,0.875,0.0019505023956298,0.0001313686370849,mc2_1054_results_SGDClassifier(random_state=0).csv
mc2_1054,none,ordinalencoder,nystroem,robust,SGDClassifier(random_state=0),3,0.875,0.0019357204437255,0.0001559257507324,mc2_1054_results_SGDClassifier(random_state=0).csv
mc2_1054,none,none,nystroem,robust,SGDClassifier(random_state=0),3,0.875,0.0019559860229492,0.0001325607299804,mc2_1054_results_SGDClassifier(random_state=0).csv
mc2_1054,none,ordinalencoder,nystroem,power,SGDClassifier(random_state=0),1,0.875,0.0020503997802734,0.0001387596130371,mc2_1054_results_SGDClassifier(random_state=0).csv
mc2_1054,simpleimputer,ordinalencoder,linear_svc,standard,SGDClassifier(random_state=0),0,0.8484848484848485,0.0011796951293945,0.0001239776611328,mc2_1054_results_SGDClassifier(random_state=0).csv
mc2_1054,none,none,linear_svc,standard,SGDClassifier(random_state=0),0,0.8484848484848485,0.0012171268463134,0.0001132488250732,mc2_1054_results_SGDClassifier(random_state=0).csv
chscase_census5_906,simpleimputer,none,kernel_pca,standard,SGDClassifier(random_state=0),0,0.6125,0.0024387836456298,0.0001475811004638,chscase_census5_906_results_SGDClassifier(random_state=0).csv
chscase_census5_906,none,none,none,standard,SGDClassifier(random_state=0),0,0.6125,0.0022733211517333,0.0001399517059326,chscase_census5_906_results_SGDClassifier(random_state=0).csv
chscase_census5_906,none,none,pca,standard,SGDClassifier(random_state=0),0,0.6125,0.0018978118896484,0.0001683235168457,chscase_census5_906_results_SGDClassifier(random_state=0).csv
chscase_census5_906,simpleimputer,ordinalencoder,kernel_pca,standard,SGDClassifier(random_state=0),0,0.6125,0.0025570392608642,0.0001864433288574,chscase_census5_906_results_SGDClassifier(random_state=0).csv
chscase_census5_906,simpleimputer,none,pca,standard,SGDClassifier(random_state=0),0,0.6125,0.0018539428710937,0.0001223087310791,chscase_census5_906_results_SGDClassifier(random_state=0).csv
chscase_census5_906,none,none,rbf_sampler,quantile,SGDClassifier(random_state=0),2,0.6125,0.0047166347503662,0.0001511573791503,chscase_census5_906_results_SGDClassifier(random_state=0).csv
chscase_census5_906,none,ordinalencoder,pca,standard,SGDClassifier(random_state=0),0,0.6125,0.001953125,0.0001266002655029,chscase_census5_906_results_SGDClassifier(random_state=0).csv
chscase_census5_906,simpleimputer,onehot,kernel_pca,standard,SGDClassifier(random_state=0),0,0.6125,0.0024027824401855,0.0001444816589355,chscase_census5_906_results_SGDClassifier(random_state=0).csv
chscase_census5_906,simpleimputer,ordinalencoder,pca,standard,SGDClassifier(random_state=0),0,0.6125,0.0020539760589599,0.0001325607299804,chscase_census5_906_results_SGDClassifier(random_state=0).csv
chscase_census5_906,none,ordinalencoder,none,standard,SGDClassifier(random_state=0),0,0.6125,0.0034015178680419,0.0001521110534667,chscase_census5_906_results_SGDClassifier(random_state=0).csv
chscase_census5_906,none,ordinalencoder,kernel_pca,standard,SGDClassifier(random_state=0),0,0.6125,0.0023975372314453,0.000145673751831,chscase_census5_906_results_SGDClassifier(random_state=0).csv
chscase_census5_906,simpleimputer,onehot,rbf_sampler,quantile,SGDClassifier(random_state=0),2,0.6125,0.0056300163269042,0.000154972076416,chscase_census5_906_results_SGDClassifier(random_state=0).csv
chscase_census5_906,simpleimputer,none,rbf_sampler,quantile,SGDClassifier(random_state=0),2,0.6125,0.0044853687286376,0.0001332759857177,chscase_census5_906_results_SGDClassifier(random_state=0).csv
chscase_census5_906,none,onehot,pca,standard,SGDClassifier(random_state=0),0,0.6125,0.0021352767944335,0.0001370906829833,chscase_census5_906_results_SGDClassifier(random_state=0).csv
chscase_census5_906,none,onehot,none,standard,SGDClassifier(random_state=0),0,0.6125,0.0027847290039062,0.0001575946807861,chscase_census5_906_results_SGDClassifier(random_state=0).csv
chscase_census5_906,none,ordinalencoder,rbf_sampler,quantile,SGDClassifier(random_state=0),2,0.6125,0.0055227279663085,0.0001931190490722,chscase_census5_906_results_SGDClassifier(random_state=0).csv
chscase_census5_906,none,onehot,rbf_sampler,quantile,SGDClassifier(random_state=0),2,0.6125,0.005763292312622,0.0001513957977294,chscase_census5_906_results_SGDClassifier(random_state=0).csv
chscase_census5_906,simpleimputer,ordinalencoder,rbf_sampler,quantile,SGDClassifier(random_state=0),2,0.6125,0.0047576427459716,0.0002427101135253,chscase_census5_906_results_SGDClassifier(random_state=0).csv
chscase_census5_906,none,none,kernel_pca,standard,SGDClassifier(random_state=0),0,0.6125,0.0025017261505126,0.0001561641693115,chscase_census5_906_results_SGDClassifier(random_state=0).csv
chscase_census5_906,simpleimputer,onehot,pca,standard,SGDClassifier(random_state=0),0,0.6125,0.0021712779998779,0.0001378059387207,chscase_census5_906_results_SGDClassifier(random_state=0).csv
strikes_770,none,ordinalencoder,random_trees_embedding,power,SGDClassifier(random_state=0),0,0.984,0.0022439956665039,0.00014328956604,strikes_770_results_SGDClassifier(random_state=0).csv
strikes_770,none,none,random_trees_embedding,power,SGDClassifier(random_state=0),0,0.984,0.0022814273834228,0.0001466274261474,strikes_770_results_SGDClassifier(random_state=0).csv
strikes_770,none,ordinalencoder,random_trees_embedding,normalizer,SGDClassifier(random_state=0),1,0.984,0.0025274753570556,0.0001637935638427,strikes_770_results_SGDClassifier(random_state=0).csv
strikes_770,simpleimputer,none,random_trees_embedding,normalizer,SGDClassifier(random_state=0),1,0.984,0.00238037109375,0.0001485347747802,strikes_770_results_SGDClassifier(random_state=0).csv
strikes_770,simpleimputer,ordinalencoder,random_trees_embedding,normalizer,SGDClassifier(random_state=0),1,0.984,0.0023331642150878,0.0002555847167968,strikes_770_results_SGDClassifier(random_state=0).csv
strikes_770,none,none,random_trees_embedding,normalizer,SGDClassifier(random_state=0),1,0.984,0.0021250247955322,0.0001468658447265,strikes_770_results_SGDClassifier(random_state=0).csv
strikes_770,none,onehot,random_trees_embedding,normalizer,SGDClassifier(random_state=0),1,0.984,0.0022077560424804,0.0001528263092041,strikes_770_results_SGDClassifier(random_state=0).csv
strikes_770,simpleimputer,none,random_trees_embedding,power,SGDClassifier(random_state=0),0,0.984,0.0022954940795898,0.0001745223999023,strikes_770_results_SGDClassifier(random_state=0).csv
strikes_770,simpleimputer,onehot,random_trees_embedding,normalizer,SGDClassifier(random_state=0),1,0.984,0.0023756027221679,0.0001826286315917,strikes_770_results_SGDClassifier(random_state=0).csv
strikes_770,simpleimputer,onehot,random_trees_embedding,power,SGDClassifier(random_state=0),0,0.984,0.0022404193878173,0.0001485347747802,strikes_770_results_SGDClassifier(random_state=0).csv
strikes_770,none,onehot,random_trees_embedding,power,SGDClassifier(random_state=0),0,0.984,0.002237319946289,0.0001437664031982,strikes_770_results_SGDClassifier(random_state=0).csv
strikes_770,simpleimputer,ordinalencoder,random_trees_embedding,power,SGDClassifier(random_state=0),0,0.984,0.0022785663604736,0.0001473426818847,strikes_770_results_SGDClassifier(random_state=0).csv
strikes_770,none,onehot,random_trees_embedding,none,SGDClassifier(random_state=0),1,0.976,0.0021958351135253,0.0001451969146728,strikes_770_results_SGDClassifier(random_state=0).csv
strikes_770,none,ordinalencoder,random_trees_embedding,robust,SGDClassifier(random_state=0),2,0.976,0.0021870136260986,0.0001425743103027,strikes_770_results_SGDClassifier(random_state=0).csv
strikes_770,simpleimputer,none,random_trees_embedding,none,SGDClassifier(random_state=0),1,0.976,0.0026092529296875,0.0001852512359619,strikes_770_results_SGDClassifier(random_state=0).csv
strikes_770,simpleimputer,ordinalencoder,random_trees_embedding,minmax,SGDClassifier(random_state=0),1,0.976,0.0026211738586425,0.0002202987670898,strikes_770_results_SGDClassifier(random_state=0).csv
strikes_770,simpleimputer,none,random_trees_embedding,none,SGDClassifier(random_state=0),2,0.976,0.0022201538085937,0.0001685619354248,strikes_770_results_SGDClassifier(random_state=0).csv
strikes_770,simpleimputer,ordinalencoder,random_trees_embedding,power,SGDClassifier(random_state=0),2,0.976,0.0025084018707275,0.000180959701538,strikes_770_results_SGDClassifier(random_state=0).csv
strikes_770,simpleimputer,ordinalencoder,random_trees_embedding,power,SGDClassifier(random_state=0),3,0.976,0.0033800601959228,0.0002484321594238,strikes_770_results_SGDClassifier(random_state=0).csv
strikes_770,none,none,random_trees_embedding,standard,SGDClassifier(random_state=0),1,0.976,0.0025343894958496,0.0001554489135742,strikes_770_results_SGDClassifier(random_state=0).csv
analcatdata_halloffame_966,simpleimputer,onehot,none,minmax,SGDClassifier(random_state=0),4,0.9776119402985076,0.0031278133392333,0.0001242160797119,analcatdata_halloffame_966_results_SGDClassifier(random_state=0).csv
analcatdata_halloffame_966,simpleimputer,onehot,nystroem,robust,SGDClassifier(random_state=0),4,0.9776119402985076,0.0073058605194091,0.0001637935638427,analcatdata_halloffame_966_results_SGDClassifier(random_state=0).csv
analcatdata_halloffame_966,simpleimputer,ordinalencoder,nystroem,standard,SGDClassifier(random_state=0),3,0.9738805970149254,0.007526159286499,0.0001692771911621,analcatdata_halloffame_966_results_SGDClassifier(random_state=0).csv
analcatdata_halloffame_966,simpleimputer,onehot,kernel_pca,standard,SGDClassifier(random_state=0),3,0.9738805970149254,0.0058090686798095,0.0001490116119384,analcatdata_halloffame_966_results_SGDClassifier(random_state=0).csv
analcatdata_halloffame_966,simpleimputer,ordinalencoder,polynomial_features,minmax,SGDClassifier(random_state=0),3,0.9738805970149254,0.0055387020111083,0.0001440048217773,analcatdata_halloffame_966_results_SGDClassifier(random_state=0).csv
analcatdata_halloffame_966,simpleimputer,ordinalencoder,linear_svc,robust,SGDClassifier(random_state=0),3,0.9738805970149254,0.0027358531951904,0.0001296997070312,analcatdata_halloffame_966_results_SGDClassifier(random_state=0).csv
analcatdata_halloffame_966,simpleimputer,onehot,polynomial_features,minmax,SGDClassifier(random_state=0),4,0.9738805970149254,0.0119781494140625,0.0001745223999023,analcatdata_halloffame_966_results_SGDClassifier(random_state=0).csv
analcatdata_halloffame_966,simpleimputer,onehot,none,standard,SGDClassifier(random_state=0),3,0.9738805970149254,0.0046455860137939,0.0001885890960693,analcatdata_halloffame_966_results_SGDClassifier(random_state=0).csv
analcatdata_halloffame_966,simpleimputer,onehot,pca,standard,SGDClassifier(random_state=0),3,0.9738805970149254,0.0045738220214843,0.0001368522644042,analcatdata_halloffame_966_results_SGDClassifier(random_state=0).csv
analcatdata_halloffame_966,simpleimputer,ordinalencoder,nystroem,robust,SGDClassifier(random_state=0),3,0.9738805970149254,0.0077111721038818,0.0001993179321289,analcatdata_halloffame_966_results_SGDClassifier(random_state=0).csv
analcatdata_halloffame_966,simpleimputer,ordinalencoder,nystroem,standard,SGDClassifier(random_state=0),4,0.9701492537313432,0.009385347366333,0.0002126693725585,analcatdata_halloffame_966_results_SGDClassifier(random_state=0).csv
analcatdata_halloffame_966,simpleimputer,ordinalencoder,select_percentile,standard,SGDClassifier(random_state=0),3,0.9701492537313432,0.0027587413787841,0.0001156330108642,analcatdata_halloffame_966_results_SGDClassifier(random_state=0).csv
analcatdata_halloffame_966,simpleimputer,onehot,random_trees_embedding,standard,SGDClassifier(random_state=0),4,0.9701492537313432,0.004387617111206,0.0001845359802246,analcatdata_halloffame_966_results_SGDClassifier(random_state=0).csv
analcatdata_halloffame_966,simpleimputer,ordinalencoder,pca,power,SGDClassifier(random_state=0),3,0.9701492537313432,0.00390625,0.0001142024993896,analcatdata_halloffame_966_results_SGDClassifier(random_state=0).csv
analcatdata_halloffame_966,simpleimputer,ordinalencoder,none,power,SGDClassifier(random_state=0),3,0.9701492537313432,0.0040314197540283,0.0001294612884521,analcatdata_halloffame_966_results_SGDClassifier(random_state=0).csv
analcatdata_halloffame_966,simpleimputer,onehot,random_trees_embedding,quantile,SGDClassifier(random_state=0),4,0.9701492537313432,0.0043067932128906,0.0001666545867919,analcatdata_halloffame_966_results_SGDClassifier(random_state=0).csv
analcatdata_halloffame_966,simpleimputer,onehot,nystroem,standard,SGDClassifier(random_state=0),3,0.9701492537313432,0.008467674255371,0.0003457069396972,analcatdata_halloffame_966_results_SGDClassifier(random_state=0).csv
analcatdata_halloffame_966,simpleimputer,onehot,none,robust,SGDClassifier(random_state=0),4,0.9701492537313432,0.00252366065979,0.0001204013824462,analcatdata_halloffame_966_results_SGDClassifier(random_state=0).csv
analcatdata_halloffame_966,simpleimputer,onehot,random_trees_embedding,minmax,SGDClassifier(random_state=0),4,0.9701492537313432,0.0042619705200195,0.000169038772583,analcatdata_halloffame_966_results_SGDClassifier(random_state=0).csv
analcatdata_halloffame_966,simpleimputer,ordinalencoder,none,robust,SGDClassifier(random_state=0),3,0.9701492537313432,0.0039091110229492,0.0001227855682373,analcatdata_halloffame_966_results_SGDClassifier(random_state=0).csv
biomed_481,simpleimputer,onehot,nystroem,robust,SGDClassifier(random_state=0),4,0.975609756097561,0.0020406246185302,0.0001513957977294,biomed_481_results_SGDClassifier(random_state=0).csv
biomed_481,simpleimputer,ordinalencoder,nystroem,robust,SGDClassifier(random_state=0),4,0.975609756097561,0.0019888877868652,0.0001442432403564,biomed_481_results_SGDClassifier(random_state=0).csv
biomed_481,simpleimputer,none,nystroem,robust,SGDClassifier(random_state=0),4,0.975609756097561,0.0020117759704589,0.0001459121704101,biomed_481_results_SGDClassifier(random_state=0).csv
biomed_481,simpleimputer,none,rbf_sampler,quantile,SGDClassifier(random_state=0),0,0.9523809523809524,0.0021185874938964,0.0001451969146728,biomed_481_results_SGDClassifier(random_state=0).csv
biomed_481,simpleimputer,onehot,rbf_sampler,quantile,SGDClassifier(random_state=0),0,0.9523809523809524,0.0028390884399414,0.0003314018249511,biomed_481_results_SGDClassifier(random_state=0).csv
biomed_481,simpleimputer,onehot,random_trees_embedding,power,SGDClassifier(random_state=0),1,0.9523809523809524,0.0014905929565429,0.0001351833343505,biomed_481_results_SGDClassifier(random_state=0).csv
biomed_481,simpleimputer,none,random_trees_embedding,power,SGDClassifier(random_state=0),1,0.9523809523809524,0.001577615737915,0.0001394748687744,biomed_481_results_SGDClassifier(random_state=0).csv
biomed_481,simpleimputer,ordinalencoder,rbf_sampler,quantile,SGDClassifier(random_state=0),0,0.9523809523809524,0.0029494762420654,0.0001611709594726,biomed_481_results_SGDClassifier(random_state=0).csv
biomed_481,simpleimputer,ordinalencoder,random_trees_embedding,power,SGDClassifier(random_state=0),1,0.9523809523809524,0.0015866756439208,0.0001397132873535,biomed_481_results_SGDClassifier(random_state=0).csv
biomed_481,simpleimputer,none,nystroem,power,SGDClassifier(random_state=0),4,0.951219512195122,0.0019643306732177,0.0001726150512695,biomed_481_results_SGDClassifier(random_state=0).csv
biomed_481,simpleimputer,onehot,nystroem,power,SGDClassifier(random_state=0),4,0.951219512195122,0.0019607543945312,0.0001444816589355,biomed_481_results_SGDClassifier(random_state=0).csv
biomed_481,simpleimputer,none,random_trees_embedding,quantile,SGDClassifier(random_state=0),4,0.951219512195122,0.0019803047180175,0.0003001689910888,biomed_481_results_SGDClassifier(random_state=0).csv
biomed_481,simpleimputer,ordinalencoder,nystroem,power,SGDClassifier(random_state=0),4,0.951219512195122,0.0023472309112548,0.0001869201660156,biomed_481_results_SGDClassifier(random_state=0).csv
biomed_481,simpleimputer,ordinalencoder,random_trees_embedding,quantile,SGDClassifier(random_state=0),4,0.951219512195122,0.0015075206756591,0.0001404285430908,biomed_481_results_SGDClassifier(random_state=0).csv
biomed_481,simpleimputer,onehot,random_trees_embedding,quantile,SGDClassifier(random_state=0),4,0.951219512195122,0.0016090869903564,0.0001604557037353,biomed_481_results_SGDClassifier(random_state=0).csv
biomed_481,simpleimputer,ordinalencoder,random_trees_embedding,power,SGDClassifier(random_state=0),2,0.9285714285714286,0.0015003681182861,0.0001406669616699,biomed_481_results_SGDClassifier(random_state=0).csv
biomed_481,simpleimputer,ordinalencoder,linear_svc,power,SGDClassifier(random_state=0),1,0.9285714285714286,0.0013251304626464,0.0001335144042968,biomed_481_results_SGDClassifier(random_state=0).csv
biomed_481,simpleimputer,ordinalencoder,extra_tree,minmax,SGDClassifier(random_state=0),0,0.9285714285714286,0.0013635158538818,0.0001223087310791,biomed_481_results_SGDClassifier(random_state=0).csv
biomed_481,simpleimputer,onehot,random_trees_embedding,minmax,SGDClassifier(random_state=0),3,0.9285714285714286,0.0014529228210449,0.0001718997955322,biomed_481_results_SGDClassifier(random_state=0).csv
biomed_481,simpleimputer,ordinalencoder,linear_svc,minmax,SGDClassifier(random_state=0),2,0.9285714285714286,0.0013036727905273,0.0001435279846191,biomed_481_results_SGDClassifier(random_state=0).csv
analcatdata_dmft_1014,simpleimputer,ordinalencoder,fastica,quantile,SGDClassifier(random_state=0),4,0.8427672955974843,0.0026004314422607,0.0001440048217773,analcatdata_dmft_1014_results_SGDClassifier(random_state=0).csv
analcatdata_dmft_1014,none,ordinalencoder,fastica,quantile,SGDClassifier(random_state=0),4,0.8427672955974843,0.0024082660675048,0.0001187324523925,analcatdata_dmft_1014_results_SGDClassifier(random_state=0).csv
analcatdata_dmft_1014,none,ordinalencoder,pca,power,SGDClassifier(random_state=0),2,0.8364779874213837,0.0030853748321533,0.000124454498291,analcatdata_dmft_1014_results_SGDClassifier(random_state=0).csv
analcatdata_dmft_1014,simpleimputer,ordinalencoder,none,power,SGDClassifier(random_state=0),2,0.8364779874213837,0.0031912326812744,0.0001282691955566,analcatdata_dmft_1014_results_SGDClassifier(random_state=0).csv
analcatdata_dmft_1014,none,ordinalencoder,pca,none,SGDClassifier(random_state=0),2,0.8364779874213837,0.0034079551696777,0.0001320838928222,analcatdata_dmft_1014_results_SGDClassifier(random_state=0).csv
analcatdata_dmft_1014,none,ordinalencoder,kernel_pca,power,SGDClassifier(random_state=0),2,0.8364779874213837,0.0042197704315185,0.0001492500305175,analcatdata_dmft_1014_results_SGDClassifier(random_state=0).csv
analcatdata_dmft_1014,simpleimputer,ordinalencoder,kernel_pca,none,SGDClassifier(random_state=0),2,0.8364779874213837,0.0042111873626708,0.000145673751831,analcatdata_dmft_1014_results_SGDClassifier(random_state=0).csv
analcatdata_dmft_1014,none,ordinalencoder,none,power,SGDClassifier(random_state=0),2,0.8364779874213837,0.0034482479095458,0.0001325607299804,analcatdata_dmft_1014_results_SGDClassifier(random_state=0).csv
analcatdata_dmft_1014,simpleimputer,ordinalencoder,pca,none,SGDClassifier(random_state=0),2,0.8364779874213837,0.0030462741851806,0.0001220703125,analcatdata_dmft_1014_results_SGDClassifier(random_state=0).csv
analcatdata_dmft_1014,simpleimputer,ordinalencoder,pca,power,SGDClassifier(random_state=0),2,0.8364779874213837,0.003035545349121,0.0001227855682373,analcatdata_dmft_1014_results_SGDClassifier(random_state=0).csv
analcatdata_dmft_1014,simpleimputer,ordinalencoder,kernel_pca,power,SGDClassifier(random_state=0),2,0.8364779874213837,0.0046098232269287,0.0001602172851562,analcatdata_dmft_1014_results_SGDClassifier(random_state=0).csv
analcatdata_dmft_1014,none,ordinalencoder,kernel_pca,none,SGDClassifier(random_state=0),2,0.8364779874213837,0.0045032501220703,0.0001695156097412,analcatdata_dmft_1014_results_SGDClassifier(random_state=0).csv
analcatdata_dmft_1014,simpleimputer,ordinalencoder,fastica,minmax,SGDClassifier(random_state=0),1,0.83125,0.0034520626068115,0.0001287460327148,analcatdata_dmft_1014_results_SGDClassifier(random_state=0).csv
analcatdata_dmft_1014,simpleimputer,ordinalencoder,rbf_sampler,power,SGDClassifier(random_state=0),1,0.83125,0.0077223777770996,0.0001571178436279,analcatdata_dmft_1014_results_SGDClassifier(random_state=0).csv
analcatdata_dmft_1014,none,ordinalencoder,fastica,robust,SGDClassifier(random_state=0),1,0.83125,0.0035507678985595,0.0001764297485351,analcatdata_dmft_1014_results_SGDClassifier(random_state=0).csv
analcatdata_dmft_1014,simpleimputer,ordinalencoder,fastica,standard,SGDClassifier(random_state=0),1,0.83125,0.0032546520233154,0.0001189708709716,analcatdata_dmft_1014_results_SGDClassifier(random_state=0).csv
analcatdata_dmft_1014,none,ordinalencoder,rbf_sampler,power,SGDClassifier(random_state=0),1,0.83125,0.0077784061431884,0.0001704692840576,analcatdata_dmft_1014_results_SGDClassifier(random_state=0).csv
analcatdata_dmft_1014,none,ordinalencoder,fastica,none,SGDClassifier(random_state=0),1,0.83125,0.0032784938812255,0.0001275539398193,analcatdata_dmft_1014_results_SGDClassifier(random_state=0).csv
analcatdata_dmft_1014,none,ordinalencoder,fastica,standard,SGDClassifier(random_state=0),1,0.83125,0.0032334327697753,0.0001173019409179,analcatdata_dmft_1014_results_SGDClassifier(random_state=0).csv
analcatdata_dmft_1014,none,ordinalencoder,fastica,minmax,SGDClassifier(random_state=0),1,0.83125,0.0033226013183593,0.0001270771026611,analcatdata_dmft_1014_results_SGDClassifier(random_state=0).csv
teachingAssistant_1115,simpleimputer,onehot,random_trees_embedding,quantile,SGDClassifier(random_state=0),0,0.8064516129032258,0.0031948089599609,0.0001626014709472,teachingAssistant_1115_results_SGDClassifier(random_state=0).csv
teachingAssistant_1115,none,ordinalencoder,random_trees_embedding,quantile,SGDClassifier(random_state=0),0,0.8064516129032258,0.0030522346496582,0.0001609325408935,teachingAssistant_1115_results_SGDClassifier(random_state=0).csv
teachingAssistant_1115,simpleimputer,ordinalencoder,random_trees_embedding,quantile,SGDClassifier(random_state=0),0,0.8064516129032258,0.0030426979064941,0.0001523494720458,teachingAssistant_1115_results_SGDClassifier(random_state=0).csv
teachingAssistant_1115,simpleimputer,none,random_trees_embedding,quantile,SGDClassifier(random_state=0),0,0.8064516129032258,0.0030908584594726,0.0001542568206787,teachingAssistant_1115_results_SGDClassifier(random_state=0).csv
teachingAssistant_1115,none,onehot,random_trees_embedding,quantile,SGDClassifier(random_state=0),0,0.8064516129032258,0.0031509399414062,0.0001590251922607,teachingAssistant_1115_results_SGDClassifier(random_state=0).csv
teachingAssistant_1115,none,none,random_trees_embedding,quantile,SGDClassifier(random_state=0),0,0.8064516129032258,0.0031394958496093,0.0001771450042724,teachingAssistant_1115_results_SGDClassifier(random_state=0).csv
teachingAssistant_1115,none,ordinalencoder,random_trees_embedding,power,SGDClassifier(random_state=0),0,0.7741935483870968,0.0030205249786376,0.0001533031463623,teachingAssistant_1115_results_SGDClassifier(random_state=0).csv
teachingAssistant_1115,none,none,random_trees_embedding,power,SGDClassifier(random_state=0),0,0.7741935483870968,0.0035367012023925,0.0002052783966064,teachingAssistant_1115_results_SGDClassifier(random_state=0).csv
teachingAssistant_1115,simpleimputer,none,random_trees_embedding,power,SGDClassifier(random_state=0),0,0.7741935483870968,0.0033764839172363,0.0001711845397949,teachingAssistant_1115_results_SGDClassifier(random_state=0).csv
teachingAssistant_1115,simpleimputer,onehot,random_trees_embedding,power,SGDClassifier(random_state=0),0,0.7741935483870968,0.0031759738922119,0.0001575946807861,teachingAssistant_1115_results_SGDClassifier(random_state=0).csv
teachingAssistant_1115,none,onehot,random_trees_embedding,power,SGDClassifier(random_state=0),0,0.7741935483870968,0.0030879974365234,0.0001564025878906,teachingAssistant_1115_results_SGDClassifier(random_state=0).csv
teachingAssistant_1115,simpleimputer,ordinalencoder,random_trees_embedding,power,SGDClassifier(random_state=0),0,0.7741935483870968,0.0031301975250244,0.0001571178436279,teachingAssistant_1115_results_SGDClassifier(random_state=0).csv
teachingAssistant_1115,simpleimputer,ordinalencoder,random_trees_embedding,minmax,SGDClassifier(random_state=0),1,0.7666666666666667,0.0030746459960937,0.0001537799835205,teachingAssistant_1115_results_SGDClassifier(random_state=0).csv
teachingAssistant_1115,simpleimputer,onehot,random_trees_embedding,none,SGDClassifier(random_state=0),1,0.7666666666666667,0.0031406879425048,0.0001637935638427,teachingAssistant_1115_results_SGDClassifier(random_state=0).csv
teachingAssistant_1115,none,onehot,random_trees_embedding,none,SGDClassifier(random_state=0),1,0.7666666666666667,0.0030546188354492,0.0001540184020996,teachingAssistant_1115_results_SGDClassifier(random_state=0).csv
teachingAssistant_1115,none,none,random_trees_embedding,minmax,SGDClassifier(random_state=0),1,0.7666666666666667,0.003157615661621,0.0001561641693115,teachingAssistant_1115_results_SGDClassifier(random_state=0).csv
teachingAssistant_1115,simpleimputer,none,random_trees_embedding,minmax,SGDClassifier(random_state=0),1,0.7666666666666667,0.0045108795166015,0.0002133846282958,teachingAssistant_1115_results_SGDClassifier(random_state=0).csv
teachingAssistant_1115,simpleimputer,none,random_trees_embedding,robust,SGDClassifier(random_state=0),1,0.7666666666666667,0.00350022315979,0.0001575946807861,teachingAssistant_1115_results_SGDClassifier(random_state=0).csv
teachingAssistant_1115,none,none,random_trees_embedding,none,SGDClassifier(random_state=0),1,0.7666666666666667,0.0030670166015625,0.0001542568206787,teachingAssistant_1115_results_SGDClassifier(random_state=0).csv
teachingAssistant_1115,none,none,random_trees_embedding,standard,SGDClassifier(random_state=0),1,0.7666666666666667,0.0032346248626708,0.0001611709594726,teachingAssistant_1115_results_SGDClassifier(random_state=0).csv
MeanWhile1_1449,simpleimputer,ordinalencoder,none,power,SGDClassifier(random_state=0),3,0.96,0.0014753341674804,0.0001201629638671,MeanWhile1_1449_results_SGDClassifier(random_state=0).csv
MeanWhile1_1449,none,none,truncated_svd,none,SGDClassifier(random_state=0),3,0.96,0.0013301372528076,0.000124454498291,MeanWhile1_1449_results_SGDClassifier(random_state=0).csv
MeanWhile1_1449,simpleimputer,ordinalencoder,kernel_pca,quantile,SGDClassifier(random_state=0),3,0.96,0.0022306442260742,0.0001521110534667,MeanWhile1_1449_results_SGDClassifier(random_state=0).csv
MeanWhile1_1449,simpleimputer,ordinalencoder,pca,power,SGDClassifier(random_state=0),3,0.96,0.0014941692352294,0.0001182556152343,MeanWhile1_1449_results_SGDClassifier(random_state=0).csv
MeanWhile1_1449,simpleimputer,ordinalencoder,linear_svc,quantile,SGDClassifier(random_state=0),3,0.96,0.0017037391662597,0.0001308917999267,MeanWhile1_1449_results_SGDClassifier(random_state=0).csv
MeanWhile1_1449,simpleimputer,ordinalencoder,truncated_svd,power,SGDClassifier(random_state=0),3,0.96,0.0013184547424316,0.0001220703125,MeanWhile1_1449_results_SGDClassifier(random_state=0).csv
MeanWhile1_1449,simpleimputer,ordinalencoder,generic_univariate,power,SGDClassifier(random_state=0),3,0.96,0.0016233921051025,0.0004966259002685,MeanWhile1_1449_results_SGDClassifier(random_state=0).csv
MeanWhile1_1449,simpleimputer,ordinalencoder,extra_tree,normalizer,SGDClassifier(random_state=0),3,0.96,0.0013890266418457,0.0001213550567626,MeanWhile1_1449_results_SGDClassifier(random_state=0).csv
MeanWhile1_1449,simpleimputer,ordinalencoder,feature_agglomeration,quantile,SGDClassifier(random_state=0),3,0.96,0.0014030933380126,0.0001349449157714,MeanWhile1_1449_results_SGDClassifier(random_state=0).csv
MeanWhile1_1449,simpleimputer,ordinalencoder,feature_agglomeration,normalizer,SGDClassifier(random_state=0),3,0.96,0.001392126083374,0.0001366138458251,MeanWhile1_1449_results_SGDClassifier(random_state=0).csv
MeanWhile1_1449,simpleimputer,ordinalencoder,none,quantile,SGDClassifier(random_state=0),3,0.96,0.0015168190002441,0.0001280307769775,MeanWhile1_1449_results_SGDClassifier(random_state=0).csv
MeanWhile1_1449,simpleimputer,ordinalencoder,generic_univariate,quantile,SGDClassifier(random_state=0),3,0.96,0.0012648105621337,0.0001201629638671,MeanWhile1_1449_results_SGDClassifier(random_state=0).csv
MeanWhile1_1449,simpleimputer,ordinalencoder,truncated_svd,quantile,SGDClassifier(random_state=0),3,0.96,0.0012562274932861,0.0001165866851806,MeanWhile1_1449_results_SGDClassifier(random_state=0).csv
MeanWhile1_1449,simpleimputer,ordinalencoder,select_percentile,quantile,SGDClassifier(random_state=0),3,0.96,0.0014336109161376,0.0001256465911865,MeanWhile1_1449_results_SGDClassifier(random_state=0).csv
MeanWhile1_1449,none,none,select_percentile,none,SGDClassifier(random_state=0),3,0.96,0.0015475749969482,0.0001301765441894,MeanWhile1_1449_results_SGDClassifier(random_state=0).csv
MeanWhile1_1449,none,none,generic_univariate,none,SGDClassifier(random_state=0),3,0.96,0.0013022422790527,0.0001237392425537,MeanWhile1_1449_results_SGDClassifier(random_state=0).csv
MeanWhile1_1449,none,onehot,truncated_svd,quantile,SGDClassifier(random_state=0),3,0.96,0.0013909339904785,0.0001211166381835,MeanWhile1_1449_results_SGDClassifier(random_state=0).csv
MeanWhile1_1449,none,onehot,select_percentile,quantile,SGDClassifier(random_state=0),3,0.96,0.0015540122985839,0.0001406669616699,MeanWhile1_1449_results_SGDClassifier(random_state=0).csv
MeanWhile1_1449,none,none,polynomial_features,none,SGDClassifier(random_state=0),3,0.96,0.0029351711273193,0.0001535415649414,MeanWhile1_1449_results_SGDClassifier(random_state=0).csv
MeanWhile1_1449,none,none,nystroem,none,SGDClassifier(random_state=0),3,0.96,0.0024459362030029,0.0001511573791503,MeanWhile1_1449_results_SGDClassifier(random_state=0).csv
veteran_719,simpleimputer,none,truncated_svd,standard,SGDClassifier(random_state=0),1,0.8571428571428571,0.0013473033905029,0.0001184940338134,veteran_719_results_SGDClassifier(random_state=0).csv
veteran_719,simpleimputer,onehot,random_trees_embedding,power,SGDClassifier(random_state=0),1,0.8571428571428571,0.0014784336090087,0.0001289844512939,veteran_719_results_SGDClassifier(random_state=0).csv
veteran_719,simpleimputer,none,random_trees_embedding,power,SGDClassifier(random_state=0),1,0.8571428571428571,0.0014138221740722,0.0001189708709716,veteran_719_results_SGDClassifier(random_state=0).csv
veteran_719,simpleimputer,onehot,nystroem,power,SGDClassifier(random_state=0),1,0.8571428571428571,0.0022237300872802,0.0001325607299804,veteran_719_results_SGDClassifier(random_state=0).csv
veteran_719,simpleimputer,ordinalencoder,random_trees_embedding,power,SGDClassifier(random_state=0),1,0.8571428571428571,0.0013518333435058,0.0001192092895507,veteran_719_results_SGDClassifier(random_state=0).csv
veteran_719,none,none,linear_svc,standard,SGDClassifier(random_state=0),1,0.8571428571428571,0.0010902881622314,0.0001065731048583,veteran_719_results_SGDClassifier(random_state=0).csv
veteran_719,simpleimputer,none,nystroem,power,SGDClassifier(random_state=0),1,0.8571428571428571,0.0020875930786132,0.0001270771026611,veteran_719_results_SGDClassifier(random_state=0).csv
veteran_719,none,ordinalencoder,polynomial_features,robust,SGDClassifier(random_state=0),1,0.8571428571428571,0.0011560916900634,0.0001165866851806,veteran_719_results_SGDClassifier(random_state=0).csv
veteran_719,simpleimputer,ordinalencoder,nystroem,power,SGDClassifier(random_state=0),1,0.8571428571428571,0.0020675659179687,0.0001249313354492,veteran_719_results_SGDClassifier(random_state=0).csv
veteran_719,none,onehot,truncated_svd,standard,SGDClassifier(random_state=0),1,0.8571428571428571,0.0012705326080322,0.0001168251037597,veteran_719_results_SGDClassifier(random_state=0).csv
veteran_719,simpleimputer,onehot,linear_svc,standard,SGDClassifier(random_state=0),1,0.8571428571428571,0.001089334487915,0.0001063346862792,veteran_719_results_SGDClassifier(random_state=0).csv
veteran_719,none,ordinalencoder,linear_svc,standard,SGDClassifier(random_state=0),1,0.8571428571428571,0.0011491775512695,0.0001082420349121,veteran_719_results_SGDClassifier(random_state=0).csv
veteran_719,simpleimputer,ordinalencoder,truncated_svd,standard,SGDClassifier(random_state=0),1,0.8571428571428571,0.0012400150299072,0.0001153945922851,veteran_719_results_SGDClassifier(random_state=0).csv
veteran_719,simpleimputer,none,linear_svc,standard,SGDClassifier(random_state=0),1,0.8571428571428571,0.001476764678955,0.0001285076141357,veteran_719_results_SGDClassifier(random_state=0).csv
veteran_719,none,onehot,linear_svc,standard,SGDClassifier(random_state=0),1,0.8571428571428571,0.0013384819030761,0.0001173019409179,veteran_719_results_SGDClassifier(random_state=0).csv
veteran_719,none,none,polynomial_features,robust,SGDClassifier(random_state=0),1,0.8571428571428571,0.0010790824890136,0.0001037120819091,veteran_719_results_SGDClassifier(random_state=0).csv
veteran_719,none,none,truncated_svd,standard,SGDClassifier(random_state=0),1,0.8571428571428571,0.0010747909545898,0.0001029968261718,veteran_719_results_SGDClassifier(random_state=0).csv
veteran_719,simpleimputer,none,polynomial_features,robust,SGDClassifier(random_state=0),1,0.8571428571428571,0.0010867118835449,0.0001046657562255,veteran_719_results_SGDClassifier(random_state=0).csv
veteran_719,none,none,nystroem,power,SGDClassifier(random_state=0),1,0.8571428571428571,0.0018932819366455,0.0001182556152343,veteran_719_results_SGDClassifier(random_state=0).csv
veteran_719,none,onehot,random_trees_embedding,power,SGDClassifier(random_state=0),1,0.8571428571428571,0.0014238357543945,0.0001182556152343,veteran_719_results_SGDClassifier(random_state=0).csv
autoUniv-au6-750_1549,none,ordinalencoder,generic_univariate,normalizer,SGDClassifier(random_state=0),3,0.2666666666666666,0.0111377239227294,0.000136375427246,autoUniv-au6-750_1549_results_SGDClassifier(random_state=0).csv
autoUniv-au6-750_1549,simpleimputer,onehot,truncated_svd,quantile,SGDClassifier(random_state=0),3,0.2666666666666666,0.012601613998413,0.000124454498291,autoUniv-au6-750_1549_results_SGDClassifier(random_state=0).csv
autoUniv-au6-750_1549,simpleimputer,onehot,generic_univariate,normalizer,SGDClassifier(random_state=0),3,0.2666666666666666,0.0111441612243652,0.0001351833343505,autoUniv-au6-750_1549_results_SGDClassifier(random_state=0).csv
autoUniv-au6-750_1549,none,onehot,generic_univariate,normalizer,SGDClassifier(random_state=0),3,0.2666666666666666,0.01104736328125,0.0001239776611328,autoUniv-au6-750_1549_results_SGDClassifier(random_state=0).csv
autoUniv-au6-750_1549,simpleimputer,ordinalencoder,generic_univariate,none,SGDClassifier(random_state=0),3,0.2666666666666666,0.0107953548431396,0.0001740455627441,autoUniv-au6-750_1549_results_SGDClassifier(random_state=0).csv
autoUniv-au6-750_1549,none,onehot,feature_agglomeration,quantile,SGDClassifier(random_state=0),3,0.2666666666666666,0.0135843753814697,0.0001387596130371,autoUniv-au6-750_1549_results_SGDClassifier(random_state=0).csv
autoUniv-au6-750_1549,simpleimputer,onehot,generic_univariate,none,SGDClassifier(random_state=0),3,0.2666666666666666,0.0106663703918457,0.0001358985900878,autoUniv-au6-750_1549_results_SGDClassifier(random_state=0).csv
autoUniv-au6-750_1549,simpleimputer,onehot,truncated_svd,robust,SGDClassifier(random_state=0),1,0.2666666666666666,0.0131573677062988,0.0001294612884521,autoUniv-au6-750_1549_results_SGDClassifier(random_state=0).csv
autoUniv-au6-750_1549,none,onehot,truncated_svd,quantile,SGDClassifier(random_state=0),3,0.2666666666666666,0.0128028392791748,0.0001394748687744,autoUniv-au6-750_1549_results_SGDClassifier(random_state=0).csv
autoUniv-au6-750_1549,simpleimputer,onehot,extra_tree,none,SGDClassifier(random_state=0),3,0.2666666666666666,0.028735876083374,0.0001881122589111,autoUniv-au6-750_1549_results_SGDClassifier(random_state=0).csv
autoUniv-au6-750_1549,none,ordinalencoder,generic_univariate,none,SGDClassifier(random_state=0),3,0.2666666666666666,0.0107512474060058,0.0001430511474609,autoUniv-au6-750_1549_results_SGDClassifier(random_state=0).csv
autoUniv-au6-750_1549,none,onehot,truncated_svd,robust,SGDClassifier(random_state=0),1,0.2666666666666666,0.0152137279510498,0.000148057937622,autoUniv-au6-750_1549_results_SGDClassifier(random_state=0).csv
autoUniv-au6-750_1549,none,onehot,generic_univariate,none,SGDClassifier(random_state=0),3,0.2666666666666666,0.0107553005218505,0.0001571178436279,autoUniv-au6-750_1549_results_SGDClassifier(random_state=0).csv
autoUniv-au6-750_1549,simpleimputer,onehot,feature_agglomeration,quantile,SGDClassifier(random_state=0),3,0.2666666666666666,0.0135290622711181,0.0001285076141357,autoUniv-au6-750_1549_results_SGDClassifier(random_state=0).csv
autoUniv-au6-750_1549,none,onehot,extra_tree,none,SGDClassifier(random_state=0),3,0.2666666666666666,0.0282895565032959,0.0001583099365234,autoUniv-au6-750_1549_results_SGDClassifier(random_state=0).csv
autoUniv-au6-750_1549,simpleimputer,ordinalencoder,generic_univariate,normalizer,SGDClassifier(random_state=0),3,0.2666666666666666,0.011080265045166,0.0001523494720458,autoUniv-au6-750_1549_results_SGDClassifier(random_state=0).csv
autoUniv-au6-750_1549,none,ordinalencoder,kernel_pca,quantile,SGDClassifier(random_state=0),3,0.2533333333333333,0.0510740280151367,0.0002624988555908,autoUniv-au6-750_1549_results_SGDClassifier(random_state=0).csv
autoUniv-au6-750_1549,none,onehot,generic_univariate,minmax,SGDClassifier(random_state=0),3,0.2533333333333333,0.0146443843841552,0.0001311302185058,autoUniv-au6-750_1549_results_SGDClassifier(random_state=0).csv
autoUniv-au6-750_1549,simpleimputer,onehot,generic_univariate,minmax,SGDClassifier(random_state=0),3,0.2533333333333333,0.0134840011596679,0.0001490116119384,autoUniv-au6-750_1549_results_SGDClassifier(random_state=0).csv
autoUniv-au6-750_1549,simpleimputer,ordinalencoder,kernel_pca,quantile,SGDClassifier(random_state=0),3,0.2533333333333333,0.0521035194396972,0.0006854534149169,autoUniv-au6-750_1549_results_SGDClassifier(random_state=0).csv
Engine1_4340,none,none,random_trees_embedding,none,SGDClassifier(random_state=0),1,0.974025974025974,0.0042407512664794,0.0002076625823974,Engine1_4340_results_SGDClassifier(random_state=0).csv
Engine1_4340,none,none,random_trees_embedding,none,SGDClassifier(random_state=0),2,0.974025974025974,0.0038785934448242,0.0001864433288574,Engine1_4340_results_SGDClassifier(random_state=0).csv
Engine1_4340,none,onehot,random_trees_embedding,standard,SGDClassifier(random_state=0),2,0.974025974025974,0.0038123130798339,0.0001840591430664,Engine1_4340_results_SGDClassifier(random_state=0).csv
Engine1_4340,none,onehot,random_trees_embedding,standard,SGDClassifier(random_state=0),1,0.974025974025974,0.0041313171386718,0.0001890659332275,Engine1_4340_results_SGDClassifier(random_state=0).csv
Engine1_4340,none,ordinalencoder,nystroem,standard,SGDClassifier(random_state=0),1,0.974025974025974,0.0095322132110595,0.0001797676086425,Engine1_4340_results_SGDClassifier(random_state=0).csv
Engine1_4340,simpleimputer,none,nystroem,standard,SGDClassifier(random_state=0),1,0.974025974025974,0.0094757080078125,0.0001895427703857,Engine1_4340_results_SGDClassifier(random_state=0).csv
Engine1_4340,none,ordinalencoder,random_trees_embedding,robust,SGDClassifier(random_state=0),2,0.974025974025974,0.0038518905639648,0.0001816749572753,Engine1_4340_results_SGDClassifier(random_state=0).csv
Engine1_4340,simpleimputer,ordinalencoder,random_trees_embedding,robust,SGDClassifier(random_state=0),1,0.974025974025974,0.0041186809539794,0.0001821517944335,Engine1_4340_results_SGDClassifier(random_state=0).csv
Engine1_4340,simpleimputer,onehot,rbf_sampler,minmax,SGDClassifier(random_state=0),1,0.974025974025974,0.0102717876434326,0.0002026557922363,Engine1_4340_results_SGDClassifier(random_state=0).csv
Engine1_4340,none,ordinalencoder,random_trees_embedding,robust,SGDClassifier(random_state=0),1,0.974025974025974,0.0041992664337158,0.0001819133758544,Engine1_4340_results_SGDClassifier(random_state=0).csv
Engine1_4340,simpleimputer,onehot,random_trees_embedding,standard,SGDClassifier(random_state=0),2,0.974025974025974,0.0038599967956542,0.0001900196075439,Engine1_4340_results_SGDClassifier(random_state=0).csv
Engine1_4340,simpleimputer,onehot,random_trees_embedding,standard,SGDClassifier(random_state=0),1,0.974025974025974,0.0040740966796875,0.0001938343048095,Engine1_4340_results_SGDClassifier(random_state=0).csv
Engine1_4340,simpleimputer,none,random_trees_embedding,minmax,SGDClassifier(random_state=0),2,0.974025974025974,0.0038599967956542,0.0001852512359619,Engine1_4340_results_SGDClassifier(random_state=0).csv
Engine1_4340,simpleimputer,ordinalencoder,random_trees_embedding,none,SGDClassifier(random_state=0),2,0.974025974025974,0.0043294429779052,0.0001986026763916,Engine1_4340_results_SGDClassifier(random_state=0).csv
Engine1_4340,none,none,random_trees_embedding,standard,SGDClassifier(random_state=0),2,0.974025974025974,0.0038607120513916,0.0001881122589111,Engine1_4340_results_SGDClassifier(random_state=0).csv
Engine1_4340,simpleimputer,ordinalencoder,nystroem,standard,SGDClassifier(random_state=0),1,0.974025974025974,0.0094826221466064,0.0001873970031738,Engine1_4340_results_SGDClassifier(random_state=0).csv
Engine1_4340,simpleimputer,none,rbf_sampler,minmax,SGDClassifier(random_state=0),1,0.974025974025974,0.0073075294494628,0.0001900196075439,Engine1_4340_results_SGDClassifier(random_state=0).csv
Engine1_4340,simpleimputer,ordinalencoder,random_trees_embedding,robust,SGDClassifier(random_state=0),2,0.974025974025974,0.0038204193115234,0.0001790523529052,Engine1_4340_results_SGDClassifier(random_state=0).csv
Engine1_4340,simpleimputer,ordinalencoder,random_trees_embedding,standard,SGDClassifier(random_state=0),2,0.974025974025974,0.0042502880096435,0.000197410583496,Engine1_4340_results_SGDClassifier(random_state=0).csv
Engine1_4340,simpleimputer,ordinalencoder,random_trees_embedding,standard,SGDClassifier(random_state=0),1,0.974025974025974,0.0041701793670654,0.0001966953277587,Engine1_4340_results_SGDClassifier(random_state=0).csv
PieChart2_1452,none,none,linear_svc,none,SGDClassifier(random_state=0),3,1.0,0.0018894672393798,0.0001323223114013,PieChart2_1452_results_SGDClassifier(random_state=0).csv
PieChart2_1452,simpleimputer,ordinalencoder,select_percentile,power,SGDClassifier(random_state=0),3,1.0,0.005906343460083,0.0003869533538818,PieChart2_1452_results_SGDClassifier(random_state=0).csv
PieChart2_1452,simpleimputer,ordinalencoder,generic_univariate,power,SGDClassifier(random_state=0),3,1.0,0.0020673274993896,0.0001251697540283,PieChart2_1452_results_SGDClassifier(random_state=0).csv
PieChart2_1452,simpleimputer,ordinalencoder,nystroem,power,SGDClassifier(random_state=0),3,1.0,0.0049347877502441,0.0001811981201171,PieChart2_1452_results_SGDClassifier(random_state=0).csv
PieChart2_1452,simpleimputer,ordinalencoder,linear_svc,normalizer,SGDClassifier(random_state=0),3,1.0,0.0022480487823486,0.0001406669616699,PieChart2_1452_results_SGDClassifier(random_state=0).csv
PieChart2_1452,none,none,extra_tree,none,SGDClassifier(random_state=0),3,1.0,0.0016658306121826,0.0001266002655029,PieChart2_1452_results_SGDClassifier(random_state=0).csv
PieChart2_1452,simpleimputer,ordinalencoder,extra_tree,normalizer,SGDClassifier(random_state=0),3,1.0,0.0021252632141113,0.0001280307769775,PieChart2_1452_results_SGDClassifier(random_state=0).csv
PieChart2_1452,simpleimputer,none,linear_svc,normalizer,SGDClassifier(random_state=0),3,1.0,0.0018908977508544,0.0001251697540283,PieChart2_1452_results_SGDClassifier(random_state=0).csv
PieChart2_1452,simpleimputer,none,extra_tree,quantile,SGDClassifier(random_state=0),3,1.0,0.0024242401123046,0.0001230239868164,PieChart2_1452_results_SGDClassifier(random_state=0).csv
PieChart2_1452,simpleimputer,none,random_trees_embedding,quantile,SGDClassifier(random_state=0),3,1.0,0.0028080940246582,0.000159740447998,PieChart2_1452_results_SGDClassifier(random_state=0).csv
PieChart2_1452,simpleimputer,none,feature_agglomeration,quantile,SGDClassifier(random_state=0),3,1.0,0.0020029544830322,0.0001277923583984,PieChart2_1452_results_SGDClassifier(random_state=0).csv
PieChart2_1452,simpleimputer,none,nystroem,quantile,SGDClassifier(random_state=0),3,1.0,0.0045039653778076,0.0001711845397949,PieChart2_1452_results_SGDClassifier(random_state=0).csv
PieChart2_1452,simpleimputer,none,select_percentile,power,SGDClassifier(random_state=0),3,1.0,0.0019788742065429,0.0001266002655029,PieChart2_1452_results_SGDClassifier(random_state=0).csv
PieChart2_1452,simpleimputer,none,generic_univariate,power,SGDClassifier(random_state=0),3,1.0,0.0021026134490966,0.0001206398010253,PieChart2_1452_results_SGDClassifier(random_state=0).csv
PieChart2_1452,none,onehot,generic_univariate,none,SGDClassifier(random_state=0),3,1.0,0.0015552043914794,0.0001220703125,PieChart2_1452_results_SGDClassifier(random_state=0).csv
PieChart2_1452,none,onehot,truncated_svd,none,SGDClassifier(random_state=0),3,1.0,0.0016922950744628,0.0001232624053955,PieChart2_1452_results_SGDClassifier(random_state=0).csv
PieChart2_1452,none,onehot,select_percentile,none,SGDClassifier(random_state=0),3,1.0,0.0018064975738525,0.0001287460327148,PieChart2_1452_results_SGDClassifier(random_state=0).csv
PieChart2_1452,none,onehot,none,none,SGDClassifier(random_state=0),3,1.0,0.0032815933227539,0.0010111331939697,PieChart2_1452_results_SGDClassifier(random_state=0).csv
PieChart2_1452,simpleimputer,none,kernel_pca,normalizer,SGDClassifier(random_state=0),3,1.0,0.0034186840057373,0.0001528263092041,PieChart2_1452_results_SGDClassifier(random_state=0).csv
PieChart2_1452,simpleimputer,none,none,quantile,SGDClassifier(random_state=0),3,1.0,0.0030584335327148,0.0001783370971679,PieChart2_1452_results_SGDClassifier(random_state=0).csv
German-Credit-Risk-with-Target_46116,none,onehot,linear_svc,quantile,SGDClassifier(random_state=0),1,0.775,0.0040817260742187,0.0001246929168701,German-Credit-Risk-with-Target_46116_results_SGDClassifier(random_state=0).csv
German-Credit-Risk-with-Target_46116,simpleimputer,onehot,none,minmax,SGDClassifier(random_state=0),1,0.775,0.0053980350494384,0.0001304149627685,German-Credit-Risk-with-Target_46116_results_SGDClassifier(random_state=0).csv
German-Credit-Risk-with-Target_46116,none,onehot,kernel_pca,quantile,SGDClassifier(random_state=0),1,0.775,0.0062618255615234,0.0001571178436279,German-Credit-Risk-with-Target_46116_results_SGDClassifier(random_state=0).csv
German-Credit-Risk-with-Target_46116,none,onehot,none,minmax,SGDClassifier(random_state=0),1,0.775,0.0068256855010986,0.0001797676086425,German-Credit-Risk-with-Target_46116_results_SGDClassifier(random_state=0).csv
German-Credit-Risk-with-Target_46116,simpleimputer,onehot,linear_svc,quantile,SGDClassifier(random_state=0),1,0.775,0.0042989253997802,0.0001218318939208,German-Credit-Risk-with-Target_46116_results_SGDClassifier(random_state=0).csv
German-Credit-Risk-with-Target_46116,none,onehot,pca,quantile,SGDClassifier(random_state=0),1,0.775,0.0047132968902587,0.0001518726348876,German-Credit-Risk-with-Target_46116_results_SGDClassifier(random_state=0).csv
German-Credit-Risk-with-Target_46116,simpleimputer,onehot,kernel_pca,quantile,SGDClassifier(random_state=0),1,0.775,0.0061244964599609,0.0002059936523437,German-Credit-Risk-with-Target_46116_results_SGDClassifier(random_state=0).csv
German-Credit-Risk-with-Target_46116,simpleimputer,onehot,pca,quantile,SGDClassifier(random_state=0),1,0.775,0.004490852355957,0.0001370906829833,German-Credit-Risk-with-Target_46116_results_SGDClassifier(random_state=0).csv
German-Credit-Risk-with-Target_46116,none,onehot,nystroem,robust,SGDClassifier(random_state=0),4,0.77,0.0103020668029785,0.0001866817474365,German-Credit-Risk-with-Target_46116_results_SGDClassifier(random_state=0).csv
German-Credit-Risk-with-Target_46116,simpleimputer,onehot,nystroem,robust,SGDClassifier(random_state=0),4,0.77,0.0144526958465576,0.0003025531768798,German-Credit-Risk-with-Target_46116_results_SGDClassifier(random_state=0).csv
German-Credit-Risk-with-Target_46116,simpleimputer,onehot,feature_agglomeration,robust,SGDClassifier(random_state=0),4,0.765,0.0027089118957519,0.0001466274261474,German-Credit-Risk-with-Target_46116_results_SGDClassifier(random_state=0).csv
German-Credit-Risk-with-Target_46116,none,onehot,nystroem,quantile,SGDClassifier(random_state=0),1,0.765,0.007483959197998,0.0001702308654785,German-Credit-Risk-with-Target_46116_results_SGDClassifier(random_state=0).csv
German-Credit-Risk-with-Target_46116,none,onehot,feature_agglomeration,robust,SGDClassifier(random_state=0),4,0.765,0.0023667812347412,0.0001218318939208,German-Credit-Risk-with-Target_46116_results_SGDClassifier(random_state=0).csv
German-Credit-Risk-with-Target_46116,simpleimputer,onehot,nystroem,quantile,SGDClassifier(random_state=0),1,0.765,0.0092945098876953,0.0001718997955322,German-Credit-Risk-with-Target_46116_results_SGDClassifier(random_state=0).csv
German-Credit-Risk-with-Target_46116,simpleimputer,ordinalencoder,fastica,power,SGDClassifier(random_state=0),4,0.765,0.0038204193115234,0.0002188682556152,German-Credit-Risk-with-Target_46116_results_SGDClassifier(random_state=0).csv
German-Credit-Risk-with-Target_46116,simpleimputer,onehot,nystroem,robust,SGDClassifier(random_state=0),0,0.76,0.0153136253356933,0.0005371570587158,German-Credit-Risk-with-Target_46116_results_SGDClassifier(random_state=0).csv
German-Credit-Risk-with-Target_46116,none,onehot,nystroem,robust,SGDClassifier(random_state=0),0,0.76,0.0119524002075195,0.0003619194030761,German-Credit-Risk-with-Target_46116_results_SGDClassifier(random_state=0).csv
German-Credit-Risk-with-Target_46116,simpleimputer,onehot,select_percentile,quantile,SGDClassifier(random_state=0),3,0.755,0.0027947425842285,0.0001149177551269,German-Credit-Risk-with-Target_46116_results_SGDClassifier(random_state=0).csv
German-Credit-Risk-with-Target_46116,simpleimputer,onehot,nystroem,standard,SGDClassifier(random_state=0),1,0.755,0.0077242851257324,0.0001933574676513,German-Credit-Risk-with-Target_46116_results_SGDClassifier(random_state=0).csv
German-Credit-Risk-with-Target_46116,none,onehot,none,quantile,SGDClassifier(random_state=0),0,0.755,0.0046424865722656,0.0001997947692871,German-Credit-Risk-with-Target_46116_results_SGDClassifier(random_state=0).csv
analcatdata_germangss_1025,none,onehot,nystroem,quantile,SGDClassifier(random_state=0),2,0.9625,0.0029144287109375,0.0001509189605712,analcatdata_germangss_1025_results_SGDClassifier(random_state=0).csv
analcatdata_germangss_1025,simpleimputer,onehot,nystroem,minmax,SGDClassifier(random_state=0),2,0.9625,0.0028510093688964,0.000162124633789,analcatdata_germangss_1025_results_SGDClassifier(random_state=0).csv
analcatdata_germangss_1025,none,onehot,polynomial_features,quantile,SGDClassifier(random_state=0),2,0.9625,0.0024726390838623,0.0001382827758789,analcatdata_germangss_1025_results_SGDClassifier(random_state=0).csv
analcatdata_germangss_1025,simpleimputer,onehot,polynomial_features,minmax,SGDClassifier(random_state=0),2,0.9625,0.0025584697723388,0.0001289844512939,analcatdata_germangss_1025_results_SGDClassifier(random_state=0).csv
analcatdata_germangss_1025,simpleimputer,onehot,polynomial_features,power,SGDClassifier(random_state=0),3,0.9625,0.0031723976135253,0.0001266002655029,analcatdata_germangss_1025_results_SGDClassifier(random_state=0).csv
analcatdata_germangss_1025,none,onehot,none,robust,SGDClassifier(random_state=0),2,0.9625,0.0039770603179931,0.0001554489135742,analcatdata_germangss_1025_results_SGDClassifier(random_state=0).csv
analcatdata_germangss_1025,simpleimputer,onehot,nystroem,none,SGDClassifier(random_state=0),2,0.9625,0.0032918453216552,0.0001487731933593,analcatdata_germangss_1025_results_SGDClassifier(random_state=0).csv
analcatdata_germangss_1025,simpleimputer,onehot,polynomial_features,quantile,SGDClassifier(random_state=0),2,0.9625,0.0024571418762207,0.0001442432403564,analcatdata_germangss_1025_results_SGDClassifier(random_state=0).csv
analcatdata_germangss_1025,none,onehot,polynomial_features,power,SGDClassifier(random_state=0),3,0.9625,0.0031683444976806,0.0001320838928222,analcatdata_germangss_1025_results_SGDClassifier(random_state=0).csv
analcatdata_germangss_1025,simpleimputer,onehot,none,robust,SGDClassifier(random_state=0),2,0.9625,0.0019598007202148,0.0001239776611328,analcatdata_germangss_1025_results_SGDClassifier(random_state=0).csv
analcatdata_germangss_1025,none,onehot,nystroem,minmax,SGDClassifier(random_state=0),2,0.9625,0.0028181076049804,0.00014328956604,analcatdata_germangss_1025_results_SGDClassifier(random_state=0).csv
analcatdata_germangss_1025,simpleimputer,onehot,nystroem,quantile,SGDClassifier(random_state=0),2,0.9625,0.0028157234191894,0.000140905380249,analcatdata_germangss_1025_results_SGDClassifier(random_state=0).csv
analcatdata_germangss_1025,none,onehot,polynomial_features,minmax,SGDClassifier(random_state=0),2,0.9625,0.0024027824401855,0.0001232624053955,analcatdata_germangss_1025_results_SGDClassifier(random_state=0).csv
analcatdata_germangss_1025,none,onehot,nystroem,none,SGDClassifier(random_state=0),2,0.9625,0.0028181076049804,0.0001430511474609,analcatdata_germangss_1025_results_SGDClassifier(random_state=0).csv
analcatdata_germangss_1025,none,onehot,nystroem,robust,SGDClassifier(random_state=0),2,0.95,0.0038509368896484,0.0001411437988281,analcatdata_germangss_1025_results_SGDClassifier(random_state=0).csv
analcatdata_germangss_1025,simpleimputer,onehot,nystroem,robust,SGDClassifier(random_state=0),2,0.95,0.0039570331573486,0.0001718997955322,analcatdata_germangss_1025_results_SGDClassifier(random_state=0).csv
analcatdata_germangss_1025,simpleimputer,ordinalencoder,nystroem,none,SGDClassifier(random_state=0),3,0.95,0.0026936531066894,0.0001401901245117,analcatdata_germangss_1025_results_SGDClassifier(random_state=0).csv
analcatdata_germangss_1025,none,ordinalencoder,nystroem,none,SGDClassifier(random_state=0),3,0.95,0.0027637481689453,0.0001468658447265,analcatdata_germangss_1025_results_SGDClassifier(random_state=0).csv
analcatdata_germangss_1025,simpleimputer,ordinalencoder,random_trees_embedding,minmax,SGDClassifier(random_state=0),0,0.9375,0.0017883777618408,0.0001342296600341,analcatdata_germangss_1025_results_SGDClassifier(random_state=0).csv
analcatdata_germangss_1025,simpleimputer,onehot,linear_svc,minmax,SGDClassifier(random_state=0),2,0.9375,0.0013484954833984,0.0001311302185058,analcatdata_germangss_1025_results_SGDClassifier(random_state=0).csv
chscase_census6_900,simpleimputer,ordinalencoder,random_trees_embedding,normalizer,SGDClassifier(random_state=0),2,0.6375,0.0027050971984863,0.0001437664031982,chscase_census6_900_results_SGDClassifier(random_state=0).csv
chscase_census6_900,simpleimputer,ordinalencoder,nystroem,quantile,SGDClassifier(random_state=0),3,0.6375,0.0039277076721191,0.0001482963562011,chscase_census6_900_results_SGDClassifier(random_state=0).csv
chscase_census6_900,simpleimputer,onehot,nystroem,quantile,SGDClassifier(random_state=0),3,0.6375,0.0037925243377685,0.0001537799835205,chscase_census6_900_results_SGDClassifier(random_state=0).csv
chscase_census6_900,none,onehot,nystroem,quantile,SGDClassifier(random_state=0),3,0.6375,0.0038750171661376,0.0001475811004638,chscase_census6_900_results_SGDClassifier(random_state=0).csv
chscase_census6_900,none,none,nystroem,quantile,SGDClassifier(random_state=0),3,0.6375,0.0038633346557617,0.0001482963562011,chscase_census6_900_results_SGDClassifier(random_state=0).csv
chscase_census6_900,simpleimputer,onehot,random_trees_embedding,normalizer,SGDClassifier(random_state=0),2,0.6375,0.0028119087219238,0.0001394748687744,chscase_census6_900_results_SGDClassifier(random_state=0).csv
chscase_census6_900,none,onehot,random_trees_embedding,normalizer,SGDClassifier(random_state=0),2,0.6375,0.0029199123382568,0.000246524810791,chscase_census6_900_results_SGDClassifier(random_state=0).csv
chscase_census6_900,none,ordinalencoder,random_trees_embedding,normalizer,SGDClassifier(random_state=0),2,0.6375,0.0028188228607177,0.0001971721649169,chscase_census6_900_results_SGDClassifier(random_state=0).csv
chscase_census6_900,none,ordinalencoder,nystroem,quantile,SGDClassifier(random_state=0),3,0.6375,0.0039803981781005,0.0001568794250488,chscase_census6_900_results_SGDClassifier(random_state=0).csv
chscase_census6_900,none,none,random_trees_embedding,normalizer,SGDClassifier(random_state=0),2,0.6375,0.0030398368835449,0.000150442123413,chscase_census6_900_results_SGDClassifier(random_state=0).csv
chscase_census6_900,simpleimputer,none,nystroem,quantile,SGDClassifier(random_state=0),3,0.6375,0.0041201114654541,0.0001528263092041,chscase_census6_900_results_SGDClassifier(random_state=0).csv
chscase_census6_900,simpleimputer,none,random_trees_embedding,normalizer,SGDClassifier(random_state=0),2,0.6375,0.0027859210968017,0.0001640319824218,chscase_census6_900_results_SGDClassifier(random_state=0).csv
chscase_census6_900,none,onehot,fastica,power,SGDClassifier(random_state=0),1,0.625,0.0024433135986328,0.0001378059387207,chscase_census6_900_results_SGDClassifier(random_state=0).csv
chscase_census6_900,simpleimputer,ordinalencoder,kernel_pca,standard,SGDClassifier(random_state=0),2,0.625,0.0029709339141845,0.000150442123413,chscase_census6_900_results_SGDClassifier(random_state=0).csv
chscase_census6_900,simpleimputer,ordinalencoder,none,standard,SGDClassifier(random_state=0),2,0.625,0.0021824836730957,0.0001430511474609,chscase_census6_900_results_SGDClassifier(random_state=0).csv
chscase_census6_900,simpleimputer,ordinalencoder,fastica,power,SGDClassifier(random_state=0),1,0.625,0.0020461082458496,0.0001206398010253,chscase_census6_900_results_SGDClassifier(random_state=0).csv
chscase_census6_900,none,onehot,pca,standard,SGDClassifier(random_state=0),2,0.625,0.0018832683563232,0.000115156173706,chscase_census6_900_results_SGDClassifier(random_state=0).csv
chscase_census6_900,simpleimputer,ordinalencoder,extra_tree,robust,SGDClassifier(random_state=0),1,0.625,0.0013782978057861,0.0001201629638671,chscase_census6_900_results_SGDClassifier(random_state=0).csv
chscase_census6_900,none,none,kernel_pca,standard,SGDClassifier(random_state=0),2,0.625,0.0028345584869384,0.0001516342163085,chscase_census6_900_results_SGDClassifier(random_state=0).csv
chscase_census6_900,none,onehot,extra_tree,robust,SGDClassifier(random_state=0),1,0.625,0.0014960765838623,0.0001232624053955,chscase_census6_900_results_SGDClassifier(random_state=0).csv
visualizing_galaxy_925,simpleimputer,none,fastica,minmax,SGDClassifier(random_state=0),0,1.0,0.0012845993041992,0.000105857849121,visualizing_galaxy_925_results_SGDClassifier(random_state=0).csv
visualizing_galaxy_925,none,onehot,fastica,standard,SGDClassifier(random_state=0),0,1.0,0.0013802051544189,0.0001125335693359,visualizing_galaxy_925_results_SGDClassifier(random_state=0).csv
visualizing_galaxy_925,none,onehot,rbf_sampler,standard,SGDClassifier(random_state=0),0,1.0,0.0019359588623046,0.0001428127288818,visualizing_galaxy_925_results_SGDClassifier(random_state=0).csv
visualizing_galaxy_925,simpleimputer,none,fastica,standard,SGDClassifier(random_state=0),0,1.0,0.0013318061828613,0.0001072883605957,visualizing_galaxy_925_results_SGDClassifier(random_state=0).csv
visualizing_galaxy_925,simpleimputer,none,rbf_sampler,standard,SGDClassifier(random_state=0),0,1.0,0.0018806457519531,0.0001301765441894,visualizing_galaxy_925_results_SGDClassifier(random_state=0).csv
visualizing_galaxy_925,simpleimputer,onehot,fastica,standard,SGDClassifier(random_state=0),0,1.0,0.0012652873992919,0.0001039505004882,visualizing_galaxy_925_results_SGDClassifier(random_state=0).csv
visualizing_galaxy_925,simpleimputer,ordinalencoder,fastica,robust,SGDClassifier(random_state=0),0,1.0,0.0012669563293457,0.00010347366333,visualizing_galaxy_925_results_SGDClassifier(random_state=0).csv
visualizing_galaxy_925,none,onehot,fastica,minmax,SGDClassifier(random_state=0),0,1.0,0.0013666152954101,0.0001087188720703,visualizing_galaxy_925_results_SGDClassifier(random_state=0).csv
visualizing_galaxy_925,none,none,rbf_sampler,standard,SGDClassifier(random_state=0),0,1.0,0.002129316329956,0.000145673751831,visualizing_galaxy_925_results_SGDClassifier(random_state=0).csv
visualizing_galaxy_925,simpleimputer,onehot,fastica,none,SGDClassifier(random_state=0),0,1.0,0.0012736320495605,0.0001046657562255,visualizing_galaxy_925_results_SGDClassifier(random_state=0).csv
visualizing_galaxy_925,simpleimputer,none,fastica,none,SGDClassifier(random_state=0),0,1.0,0.0013935565948486,0.0001082420349121,visualizing_galaxy_925_results_SGDClassifier(random_state=0).csv
visualizing_galaxy_925,simpleimputer,ordinalencoder,fastica,minmax,SGDClassifier(random_state=0),0,1.0,0.0012452602386474,0.0001018047332763,visualizing_galaxy_925_results_SGDClassifier(random_state=0).csv
visualizing_galaxy_925,none,onehot,fastica,none,SGDClassifier(random_state=0),0,1.0,0.0014054775238037,0.0001182556152343,visualizing_galaxy_925_results_SGDClassifier(random_state=0).csv
visualizing_galaxy_925,none,onehot,fastica,robust,SGDClassifier(random_state=0),0,1.0,0.0013027191162109,0.000108003616333,visualizing_galaxy_925_results_SGDClassifier(random_state=0).csv
visualizing_galaxy_925,simpleimputer,ordinalencoder,fastica,none,SGDClassifier(random_state=0),0,1.0,0.0016961097717285,0.0001654624938964,visualizing_galaxy_925_results_SGDClassifier(random_state=0).csv
visualizing_galaxy_925,none,ordinalencoder,rbf_sampler,standard,SGDClassifier(random_state=0),0,1.0,0.0021240711212158,0.0001671314239501,visualizing_galaxy_925_results_SGDClassifier(random_state=0).csv
visualizing_galaxy_925,simpleimputer,onehot,rbf_sampler,standard,SGDClassifier(random_state=0),0,1.0,0.001859426498413,0.0001270771026611,visualizing_galaxy_925_results_SGDClassifier(random_state=0).csv
visualizing_galaxy_925,none,ordinalencoder,fastica,standard,SGDClassifier(random_state=0),0,1.0,0.0013937950134277,0.0001180171966552,visualizing_galaxy_925_results_SGDClassifier(random_state=0).csv
visualizing_galaxy_925,simpleimputer,none,fastica,robust,SGDClassifier(random_state=0),0,1.0,0.001307725906372,0.0001070499420166,visualizing_galaxy_925_results_SGDClassifier(random_state=0).csv
visualizing_galaxy_925,none,ordinalencoder,fastica,robust,SGDClassifier(random_state=0),0,1.0,0.0015673637390136,0.0001201629638671,visualizing_galaxy_925_results_SGDClassifier(random_state=0).csv
fri_c4_1000_50_797,none,ordinalencoder,extra_tree,robust,SGDClassifier(random_state=0),4,0.715,0.0022673606872558,0.000108003616333,fri_c4_1000_50_797_results_SGDClassifier(random_state=0).csv
fri_c4_1000_50_797,simpleimputer,ordinalencoder,extra_tree,robust,SGDClassifier(random_state=0),4,0.715,0.0023541450500488,0.0001144409179687,fri_c4_1000_50_797_results_SGDClassifier(random_state=0).csv
fri_c4_1000_50_797,none,onehot,extra_tree,robust,SGDClassifier(random_state=0),4,0.715,0.0022714138031005,0.0001132488250732,fri_c4_1000_50_797_results_SGDClassifier(random_state=0).csv
fri_c4_1000_50_797,simpleimputer,onehot,extra_tree,robust,SGDClassifier(random_state=0),4,0.715,0.0022578239440917,0.0001132488250732,fri_c4_1000_50_797_results_SGDClassifier(random_state=0).csv
fri_c4_1000_50_797,simpleimputer,none,extra_tree,robust,SGDClassifier(random_state=0),4,0.715,0.0022711753845214,0.0001120567321777,fri_c4_1000_50_797_results_SGDClassifier(random_state=0).csv
fri_c4_1000_50_797,none,none,extra_tree,robust,SGDClassifier(random_state=0),4,0.715,0.0023231506347656,0.0001149177551269,fri_c4_1000_50_797_results_SGDClassifier(random_state=0).csv
fri_c4_1000_50_797,simpleimputer,onehot,extra_tree,none,SGDClassifier(random_state=0),4,0.71,0.0022954940795898,0.0001137256622314,fri_c4_1000_50_797_results_SGDClassifier(random_state=0).csv
fri_c4_1000_50_797,none,ordinalencoder,random_trees_embedding,quantile,SGDClassifier(random_state=0),0,0.71,0.002859354019165,0.0001494884490966,fri_c4_1000_50_797_results_SGDClassifier(random_state=0).csv
fri_c4_1000_50_797,none,ordinalencoder,extra_tree,quantile,SGDClassifier(random_state=0),4,0.71,0.0022552013397216,0.0001113414764404,fri_c4_1000_50_797_results_SGDClassifier(random_state=0).csv
fri_c4_1000_50_797,simpleimputer,ordinalencoder,extra_tree,quantile,SGDClassifier(random_state=0),4,0.71,0.0027470588684082,0.0001296997070312,fri_c4_1000_50_797_results_SGDClassifier(random_state=0).csv
fri_c4_1000_50_797,none,onehot,extra_tree,none,SGDClassifier(random_state=0),4,0.71,0.0029327869415283,0.0003168582916259,fri_c4_1000_50_797_results_SGDClassifier(random_state=0).csv
fri_c4_1000_50_797,none,none,extra_tree,quantile,SGDClassifier(random_state=0),4,0.71,0.0023989677429199,0.0001120567321777,fri_c4_1000_50_797_results_SGDClassifier(random_state=0).csv
fri_c4_1000_50_797,none,onehot,random_trees_embedding,quantile,SGDClassifier(random_state=0),0,0.71,0.0031607151031494,0.0001726150512695,fri_c4_1000_50_797_results_SGDClassifier(random_state=0).csv
fri_c4_1000_50_797,simpleimputer,none,extra_tree,none,SGDClassifier(random_state=0),4,0.71,0.0025010108947753,0.0001296997070312,fri_c4_1000_50_797_results_SGDClassifier(random_state=0).csv
fri_c4_1000_50_797,simpleimputer,ordinalencoder,extra_tree,none,SGDClassifier(random_state=0),4,0.71,0.002922773361206,0.0001342296600341,fri_c4_1000_50_797_results_SGDClassifier(random_state=0).csv
fri_c4_1000_50_797,simpleimputer,none,extra_tree,quantile,SGDClassifier(random_state=0),4,0.71,0.0023179054260253,0.0001139640808105,fri_c4_1000_50_797_results_SGDClassifier(random_state=0).csv
fri_c4_1000_50_797,none,ordinalencoder,extra_tree,none,SGDClassifier(random_state=0),4,0.71,0.0025892257690429,0.000129222869873,fri_c4_1000_50_797_results_SGDClassifier(random_state=0).csv
fri_c4_1000_50_797,simpleimputer,ordinalencoder,random_trees_embedding,quantile,SGDClassifier(random_state=0),0,0.71,0.0027880668640136,0.0001797676086425,fri_c4_1000_50_797_results_SGDClassifier(random_state=0).csv
fri_c4_1000_50_797,none,onehot,extra_tree,quantile,SGDClassifier(random_state=0),4,0.71,0.002403974533081,0.0001139640808105,fri_c4_1000_50_797_results_SGDClassifier(random_state=0).csv
fri_c4_1000_50_797,simpleimputer,none,random_trees_embedding,quantile,SGDClassifier(random_state=0),0,0.71,0.0026898384094238,0.000145673751831,fri_c4_1000_50_797_results_SGDClassifier(random_state=0).csv
MegaWatt1_1442,simpleimputer,ordinalencoder,none,power,SGDClassifier(random_state=0),3,0.96,0.0016036033630371,0.0001227855682373,MegaWatt1_1442_results_SGDClassifier(random_state=0).csv
MegaWatt1_1442,none,none,truncated_svd,none,SGDClassifier(random_state=0),3,0.96,0.0013504028320312,0.0001215934753417,MegaWatt1_1442_results_SGDClassifier(random_state=0).csv
MegaWatt1_1442,simpleimputer,ordinalencoder,kernel_pca,quantile,SGDClassifier(random_state=0),3,0.96,0.0019352436065673,0.0001583099365234,MegaWatt1_1442_results_SGDClassifier(random_state=0).csv
MegaWatt1_1442,simpleimputer,ordinalencoder,pca,power,SGDClassifier(random_state=0),3,0.96,0.0015475749969482,0.0001184940338134,MegaWatt1_1442_results_SGDClassifier(random_state=0).csv
MegaWatt1_1442,simpleimputer,ordinalencoder,linear_svc,quantile,SGDClassifier(random_state=0),3,0.96,0.0016028881072998,0.0001189708709716,MegaWatt1_1442_results_SGDClassifier(random_state=0).csv
MegaWatt1_1442,simpleimputer,ordinalencoder,truncated_svd,power,SGDClassifier(random_state=0),3,0.96,0.0013625621795654,0.0001153945922851,MegaWatt1_1442_results_SGDClassifier(random_state=0).csv
MegaWatt1_1442,simpleimputer,ordinalencoder,generic_univariate,power,SGDClassifier(random_state=0),3,0.96,0.001321792602539,0.0001120567321777,MegaWatt1_1442_results_SGDClassifier(random_state=0).csv
MegaWatt1_1442,simpleimputer,ordinalencoder,extra_tree,normalizer,SGDClassifier(random_state=0),3,0.96,0.0013861656188964,0.0001163482666015,MegaWatt1_1442_results_SGDClassifier(random_state=0).csv
MegaWatt1_1442,simpleimputer,ordinalencoder,feature_agglomeration,quantile,SGDClassifier(random_state=0),3,0.96,0.0013415813446044,0.0001344680786132,MegaWatt1_1442_results_SGDClassifier(random_state=0).csv
MegaWatt1_1442,simpleimputer,ordinalencoder,feature_agglomeration,normalizer,SGDClassifier(random_state=0),3,0.96,0.0013563632965087,0.0001161098480224,MegaWatt1_1442_results_SGDClassifier(random_state=0).csv
MegaWatt1_1442,simpleimputer,ordinalencoder,none,quantile,SGDClassifier(random_state=0),3,0.96,0.0016560554504394,0.0001482963562011,MegaWatt1_1442_results_SGDClassifier(random_state=0).csv
MegaWatt1_1442,simpleimputer,ordinalencoder,generic_univariate,quantile,SGDClassifier(random_state=0),3,0.96,0.001366376876831,0.0001187324523925,MegaWatt1_1442_results_SGDClassifier(random_state=0).csv
MegaWatt1_1442,simpleimputer,ordinalencoder,truncated_svd,quantile,SGDClassifier(random_state=0),3,0.96,0.0014312267303466,0.0001373291015625,MegaWatt1_1442_results_SGDClassifier(random_state=0).csv
MegaWatt1_1442,simpleimputer,ordinalencoder,select_percentile,quantile,SGDClassifier(random_state=0),3,0.96,0.0015640258789062,0.0001220703125,MegaWatt1_1442_results_SGDClassifier(random_state=0).csv
MegaWatt1_1442,none,none,select_percentile,none,SGDClassifier(random_state=0),3,0.96,0.0013706684112548,0.0001230239868164,MegaWatt1_1442_results_SGDClassifier(random_state=0).csv
MegaWatt1_1442,none,none,generic_univariate,none,SGDClassifier(random_state=0),3,0.96,0.0012896060943603,0.0001149177551269,MegaWatt1_1442_results_SGDClassifier(random_state=0).csv
MegaWatt1_1442,none,onehot,truncated_svd,quantile,SGDClassifier(random_state=0),3,0.96,0.0013363361358642,0.0001170635223388,MegaWatt1_1442_results_SGDClassifier(random_state=0).csv
MegaWatt1_1442,none,onehot,select_percentile,quantile,SGDClassifier(random_state=0),3,0.96,0.0015699863433837,0.0001277923583984,MegaWatt1_1442_results_SGDClassifier(random_state=0).csv
MegaWatt1_1442,none,none,polynomial_features,none,SGDClassifier(random_state=0),3,0.96,0.0030102729797363,0.0001511573791503,MegaWatt1_1442_results_SGDClassifier(random_state=0).csv
MegaWatt1_1442,none,none,nystroem,none,SGDClassifier(random_state=0),3,0.96,0.0020544528961181,0.0001394748687744,MegaWatt1_1442_results_SGDClassifier(random_state=0).csv
stock_841,none,ordinalencoder,random_trees_embedding,quantile,SGDClassifier(random_state=0),1,0.9842105263157894,0.003340721130371,0.000154972076416,stock_841_results_SGDClassifier(random_state=0).csv
stock_841,none,none,random_trees_embedding,quantile,SGDClassifier(random_state=0),1,0.9842105263157894,0.0037217140197753,0.000319480895996,stock_841_results_SGDClassifier(random_state=0).csv
stock_841,simpleimputer,none,random_trees_embedding,quantile,SGDClassifier(random_state=0),1,0.9842105263157894,0.0034036636352539,0.000157356262207,stock_841_results_SGDClassifier(random_state=0).csv
stock_841,simpleimputer,ordinalencoder,random_trees_embedding,quantile,SGDClassifier(random_state=0),1,0.9842105263157894,0.0033676624298095,0.0001599788665771,stock_841_results_SGDClassifier(random_state=0).csv
stock_841,simpleimputer,onehot,random_trees_embedding,quantile,SGDClassifier(random_state=0),1,0.9842105263157894,0.0035173892974853,0.0001840591430664,stock_841_results_SGDClassifier(random_state=0).csv
stock_841,none,onehot,random_trees_embedding,quantile,SGDClassifier(random_state=0),1,0.9842105263157894,0.0035216808319091,0.0001735687255859,stock_841_results_SGDClassifier(random_state=0).csv
stock_841,simpleimputer,onehot,random_trees_embedding,robust,SGDClassifier(random_state=0),4,0.9789473684210528,0.0037925243377685,0.0001595020294189,stock_841_results_SGDClassifier(random_state=0).csv
stock_841,simpleimputer,ordinalencoder,random_trees_embedding,none,SGDClassifier(random_state=0),4,0.9789473684210528,0.0036947727203369,0.0001540184020996,stock_841_results_SGDClassifier(random_state=0).csv
stock_841,simpleimputer,none,random_trees_embedding,standard,SGDClassifier(random_state=0),4,0.9789473684210528,0.0037992000579833,0.0001642704010009,stock_841_results_SGDClassifier(random_state=0).csv
stock_841,none,ordinalencoder,random_trees_embedding,minmax,SGDClassifier(random_state=0),4,0.9789473684210528,0.0037066936492919,0.0001542568206787,stock_841_results_SGDClassifier(random_state=0).csv
stock_841,none,none,random_trees_embedding,standard,SGDClassifier(random_state=0),4,0.9789473684210528,0.0037238597869873,0.0001590251922607,stock_841_results_SGDClassifier(random_state=0).csv
stock_841,none,none,random_trees_embedding,none,SGDClassifier(random_state=0),4,0.9789473684210528,0.0039827823638916,0.0001811981201171,stock_841_results_SGDClassifier(random_state=0).csv
stock_841,simpleimputer,none,random_trees_embedding,none,SGDClassifier(random_state=0),4,0.9789473684210528,0.0037713050842285,0.0001659393310546,stock_841_results_SGDClassifier(random_state=0).csv
stock_841,none,ordinalencoder,random_trees_embedding,none,SGDClassifier(random_state=0),4,0.9789473684210528,0.0036916732788085,0.0001585483551025,stock_841_results_SGDClassifier(random_state=0).csv
stock_841,simpleimputer,none,random_trees_embedding,robust,SGDClassifier(random_state=0),4,0.9789473684210528,0.0038356781005859,0.0001599788665771,stock_841_results_SGDClassifier(random_state=0).csv
stock_841,none,none,random_trees_embedding,robust,SGDClassifier(random_state=0),4,0.9789473684210528,0.0038404464721679,0.0001611709594726,stock_841_results_SGDClassifier(random_state=0).csv
stock_841,none,onehot,random_trees_embedding,minmax,SGDClassifier(random_state=0),4,0.9789473684210528,0.0062043666839599,0.0003900527954101,stock_841_results_SGDClassifier(random_state=0).csv
stock_841,none,onehot,random_trees_embedding,standard,SGDClassifier(random_state=0),4,0.9789473684210528,0.0038297176361083,0.0001552104949951,stock_841_results_SGDClassifier(random_state=0).csv
stock_841,none,ordinalencoder,random_trees_embedding,robust,SGDClassifier(random_state=0),4,0.9789473684210528,0.0038111209869384,0.0001940727233886,stock_841_results_SGDClassifier(random_state=0).csv
stock_841,simpleimputer,onehot,random_trees_embedding,standard,SGDClassifier(random_state=0),4,0.9789473684210528,0.003882884979248,0.0001606941223144,stock_841_results_SGDClassifier(random_state=0).csv
autoUniv-au7-1100_1552,none,onehot,nystroem,robust,SGDClassifier(random_state=0),3,0.4045454545454545,0.0565431118011474,0.0002870559692382,autoUniv-au7-1100_1552_results_SGDClassifier(random_state=0).csv
autoUniv-au7-1100_1552,simpleimputer,onehot,random_trees_embedding,normalizer,SGDClassifier(random_state=0),1,0.4045454545454545,0.0231213569641113,0.0003340244293212,autoUniv-au7-1100_1552_results_SGDClassifier(random_state=0).csv
autoUniv-au7-1100_1552,simpleimputer,onehot,nystroem,robust,SGDClassifier(random_state=0),3,0.4045454545454545,0.0570456981658935,0.0002954006195068,autoUniv-au7-1100_1552_results_SGDClassifier(random_state=0).csv
autoUniv-au7-1100_1552,none,onehot,random_trees_embedding,normalizer,SGDClassifier(random_state=0),1,0.4045454545454545,0.0231101512908935,0.0003001689910888,autoUniv-au7-1100_1552_results_SGDClassifier(random_state=0).csv
autoUniv-au7-1100_1552,none,ordinalencoder,linear_svc,minmax,SGDClassifier(random_state=0),1,0.3863636363636363,0.0171277523040771,0.0001435279846191,autoUniv-au7-1100_1552_results_SGDClassifier(random_state=0).csv
autoUniv-au7-1100_1552,simpleimputer,ordinalencoder,linear_svc,minmax,SGDClassifier(random_state=0),1,0.3863636363636363,0.0172946453094482,0.0001676082611083,autoUniv-au7-1100_1552_results_SGDClassifier(random_state=0).csv
autoUniv-au7-1100_1552,none,onehot,random_trees_embedding,normalizer,SGDClassifier(random_state=0),3,0.3863636363636363,0.0229163169860839,0.0003294944763183,autoUniv-au7-1100_1552_results_SGDClassifier(random_state=0).csv
autoUniv-au7-1100_1552,simpleimputer,onehot,random_trees_embedding,normalizer,SGDClassifier(random_state=0),3,0.3863636363636363,0.0235528945922851,0.0002686977386474,autoUniv-au7-1100_1552_results_SGDClassifier(random_state=0).csv
autoUniv-au7-1100_1552,simpleimputer,ordinalencoder,nystroem,minmax,SGDClassifier(random_state=0),1,0.3772727272727272,0.0604503154754638,0.0003228187561035,autoUniv-au7-1100_1552_results_SGDClassifier(random_state=0).csv
autoUniv-au7-1100_1552,none,ordinalencoder,nystroem,minmax,SGDClassifier(random_state=0),1,0.3772727272727272,0.0618133544921875,0.0002830028533935,autoUniv-au7-1100_1552_results_SGDClassifier(random_state=0).csv
autoUniv-au7-1100_1552,none,ordinalencoder,random_trees_embedding,quantile,SGDClassifier(random_state=0),0,0.3727272727272727,0.0203132629394531,0.0003936290740966,autoUniv-au7-1100_1552_results_SGDClassifier(random_state=0).csv
autoUniv-au7-1100_1552,none,onehot,nystroem,quantile,SGDClassifier(random_state=0),3,0.3727272727272727,0.0627586841583252,0.0002899169921875,autoUniv-au7-1100_1552_results_SGDClassifier(random_state=0).csv
autoUniv-au7-1100_1552,simpleimputer,onehot,nystroem,minmax,SGDClassifier(random_state=0),1,0.3727272727272727,0.0652713775634765,0.0004212856292724,autoUniv-au7-1100_1552_results_SGDClassifier(random_state=0).csv
autoUniv-au7-1100_1552,simpleimputer,ordinalencoder,random_trees_embedding,quantile,SGDClassifier(random_state=0),0,0.3727272727272727,0.020092487335205,0.0003778934478759,autoUniv-au7-1100_1552_results_SGDClassifier(random_state=0).csv
autoUniv-au7-1100_1552,simpleimputer,onehot,nystroem,quantile,SGDClassifier(random_state=0),3,0.3727272727272727,0.0651931762695312,0.0003237724304199,autoUniv-au7-1100_1552_results_SGDClassifier(random_state=0).csv
autoUniv-au7-1100_1552,none,onehot,nystroem,minmax,SGDClassifier(random_state=0),1,0.3727272727272727,0.0773458480834961,0.0002703666687011,autoUniv-au7-1100_1552_results_SGDClassifier(random_state=0).csv
autoUniv-au7-1100_1552,simpleimputer,ordinalencoder,nystroem,standard,SGDClassifier(random_state=0),1,0.3681818181818181,0.0515310764312744,0.000293493270874,autoUniv-au7-1100_1552_results_SGDClassifier(random_state=0).csv
autoUniv-au7-1100_1552,simpleimputer,onehot,random_trees_embedding,normalizer,SGDClassifier(random_state=0),4,0.3681818181818181,0.0266098976135253,0.0003538131713867,autoUniv-au7-1100_1552_results_SGDClassifier(random_state=0).csv
autoUniv-au7-1100_1552,none,onehot,random_trees_embedding,normalizer,SGDClassifier(random_state=0),4,0.3681818181818181,0.025543212890625,0.0003490447998046,autoUniv-au7-1100_1552_results_SGDClassifier(random_state=0).csv
autoUniv-au7-1100_1552,none,ordinalencoder,random_trees_embedding,normalizer,SGDClassifier(random_state=0),1,0.3681818181818181,0.0226688385009765,0.0003325939178466,autoUniv-au7-1100_1552_results_SGDClassifier(random_state=0).csv
robot-failures-lp4_1519,none,ordinalencoder,select_percentile,minmax,SGDClassifier(random_state=0),3,1.0,0.0025162696838378,0.0001270771026611,robot-failures-lp4_1519_results_SGDClassifier(random_state=0).csv
robot-failures-lp4_1519,none,ordinalencoder,nystroem,minmax,SGDClassifier(random_state=0),3,1.0,0.005850076675415,0.0001807212829589,robot-failures-lp4_1519_results_SGDClassifier(random_state=0).csv
robot-failures-lp4_1519,none,ordinalencoder,generic_univariate,minmax,SGDClassifier(random_state=0),3,1.0,0.002295970916748,0.0001142024993896,robot-failures-lp4_1519_results_SGDClassifier(random_state=0).csv
robot-failures-lp4_1519,none,none,select_percentile,minmax,SGDClassifier(random_state=0),3,1.0,0.0024278163909912,0.0001218318939208,robot-failures-lp4_1519_results_SGDClassifier(random_state=0).csv
robot-failures-lp4_1519,none,none,generic_univariate,minmax,SGDClassifier(random_state=0),3,1.0,0.0023460388183593,0.0001132488250732,robot-failures-lp4_1519_results_SGDClassifier(random_state=0).csv
robot-failures-lp4_1519,none,none,nystroem,minmax,SGDClassifier(random_state=0),3,1.0,0.0044836997985839,0.0001497268676757,robot-failures-lp4_1519_results_SGDClassifier(random_state=0).csv
robot-failures-lp4_1519,simpleimputer,ordinalencoder,generic_univariate,minmax,SGDClassifier(random_state=0),3,1.0,0.0027322769165039,0.0001590251922607,robot-failures-lp4_1519_results_SGDClassifier(random_state=0).csv
robot-failures-lp4_1519,simpleimputer,ordinalencoder,select_percentile,minmax,SGDClassifier(random_state=0),3,1.0,0.002490758895874,0.0001254081726074,robot-failures-lp4_1519_results_SGDClassifier(random_state=0).csv
robot-failures-lp4_1519,simpleimputer,ordinalencoder,nystroem,minmax,SGDClassifier(random_state=0),3,1.0,0.0045244693756103,0.0001676082611083,robot-failures-lp4_1519_results_SGDClassifier(random_state=0).csv
robot-failures-lp4_1519,simpleimputer,onehot,select_percentile,minmax,SGDClassifier(random_state=0),3,1.0,0.002495527267456,0.0001285076141357,robot-failures-lp4_1519_results_SGDClassifier(random_state=0).csv
robot-failures-lp4_1519,simpleimputer,onehot,generic_univariate,minmax,SGDClassifier(random_state=0),3,1.0,0.0021677017211914,0.000110387802124,robot-failures-lp4_1519_results_SGDClassifier(random_state=0).csv
robot-failures-lp4_1519,simpleimputer,none,nystroem,minmax,SGDClassifier(random_state=0),3,1.0,0.0044982433319091,0.0001873970031738,robot-failures-lp4_1519_results_SGDClassifier(random_state=0).csv
robot-failures-lp4_1519,none,onehot,nystroem,minmax,SGDClassifier(random_state=0),3,1.0,0.0045788288116455,0.0001988410949707,robot-failures-lp4_1519_results_SGDClassifier(random_state=0).csv
robot-failures-lp4_1519,none,onehot,select_percentile,minmax,SGDClassifier(random_state=0),3,1.0,0.0024383068084716,0.0001225471496582,robot-failures-lp4_1519_results_SGDClassifier(random_state=0).csv
robot-failures-lp4_1519,none,onehot,generic_univariate,minmax,SGDClassifier(random_state=0),3,1.0,0.0021793842315673,0.0001120567321777,robot-failures-lp4_1519_results_SGDClassifier(random_state=0).csv
robot-failures-lp4_1519,simpleimputer,none,select_percentile,minmax,SGDClassifier(random_state=0),3,1.0,0.0025169849395751,0.0001251697540283,robot-failures-lp4_1519_results_SGDClassifier(random_state=0).csv
robot-failures-lp4_1519,simpleimputer,none,generic_univariate,minmax,SGDClassifier(random_state=0),3,1.0,0.0022094249725341,0.0001125335693359,robot-failures-lp4_1519_results_SGDClassifier(random_state=0).csv
robot-failures-lp4_1519,simpleimputer,onehot,nystroem,minmax,SGDClassifier(random_state=0),3,1.0,0.0045912265777587,0.0001471042633056,robot-failures-lp4_1519_results_SGDClassifier(random_state=0).csv
robot-failures-lp4_1519,none,ordinalencoder,rbf_sampler,normalizer,SGDClassifier(random_state=0),4,0.9565217391304348,0.0030477046966552,0.0001616477966308,robot-failures-lp4_1519_results_SGDClassifier(random_state=0).csv
robot-failures-lp4_1519,none,ordinalencoder,random_trees_embedding,normalizer,SGDClassifier(random_state=0),4,0.9565217391304348,0.002504825592041,0.0001454353332519,robot-failures-lp4_1519_results_SGDClassifier(random_state=0).csv
Sick_numeric_41946,simpleimputer,ordinalencoder,none,quantile,SGDClassifier(random_state=0),1,0.9695364238410596,0.0088574886322021,0.0002603530883789,Sick_numeric_41946_results_SGDClassifier(random_state=0).csv
Sick_numeric_41946,none,ordinalencoder,none,quantile,SGDClassifier(random_state=0),1,0.9695364238410596,0.008676528930664,0.0001828670501708,Sick_numeric_41946_results_SGDClassifier(random_state=0).csv
Sick_numeric_41946,simpleimputer,onehot,none,quantile,SGDClassifier(random_state=0),1,0.9695364238410596,0.0090939998626708,0.0002071857452392,Sick_numeric_41946_results_SGDClassifier(random_state=0).csv
Sick_numeric_41946,simpleimputer,none,none,quantile,SGDClassifier(random_state=0),1,0.9695364238410596,0.0086431503295898,0.0001730918884277,Sick_numeric_41946_results_SGDClassifier(random_state=0).csv
Sick_numeric_41946,none,none,none,quantile,SGDClassifier(random_state=0),1,0.9695364238410596,0.0090506076812744,0.0001835823059082,Sick_numeric_41946_results_SGDClassifier(random_state=0).csv
Sick_numeric_41946,none,onehot,none,quantile,SGDClassifier(random_state=0),1,0.9695364238410596,0.0090012550354003,0.0002963542938232,Sick_numeric_41946_results_SGDClassifier(random_state=0).csv
Sick_numeric_41946,simpleimputer,ordinalencoder,linear_svc,power,SGDClassifier(random_state=0),1,0.9682119205298012,0.005258560180664,0.0001606941223144,Sick_numeric_41946_results_SGDClassifier(random_state=0).csv
Sick_numeric_41946,simpleimputer,none,linear_svc,power,SGDClassifier(random_state=0),1,0.9682119205298012,0.0054116249084472,0.0002026557922363,Sick_numeric_41946_results_SGDClassifier(random_state=0).csv
Sick_numeric_41946,simpleimputer,onehot,linear_svc,power,SGDClassifier(random_state=0),1,0.9682119205298012,0.005035400390625,0.0001659393310546,Sick_numeric_41946_results_SGDClassifier(random_state=0).csv
Sick_numeric_41946,none,none,linear_svc,power,SGDClassifier(random_state=0),1,0.9682119205298012,0.0054278373718261,0.0001666545867919,Sick_numeric_41946_results_SGDClassifier(random_state=0).csv
Sick_numeric_41946,none,ordinalencoder,linear_svc,power,SGDClassifier(random_state=0),1,0.9682119205298012,0.0052580833435058,0.0002014636993408,Sick_numeric_41946_results_SGDClassifier(random_state=0).csv
Sick_numeric_41946,none,onehot,linear_svc,power,SGDClassifier(random_state=0),1,0.9682119205298012,0.0095119476318359,0.0004732608795166,Sick_numeric_41946_results_SGDClassifier(random_state=0).csv
Sick_numeric_41946,none,onehot,nystroem,robust,SGDClassifier(random_state=0),0,0.9668874172185432,0.0450809001922607,0.0004160404205322,Sick_numeric_41946_results_SGDClassifier(random_state=0).csv
Sick_numeric_41946,none,none,nystroem,robust,SGDClassifier(random_state=0),0,0.9668874172185432,0.0184237957000732,0.0004308223724365,Sick_numeric_41946_results_SGDClassifier(random_state=0).csv
Sick_numeric_41946,simpleimputer,none,nystroem,robust,SGDClassifier(random_state=0),0,0.9668874172185432,0.0374219417572021,0.0003829002380371,Sick_numeric_41946_results_SGDClassifier(random_state=0).csv
Sick_numeric_41946,simpleimputer,ordinalencoder,nystroem,robust,SGDClassifier(random_state=0),0,0.9668874172185432,0.0160248279571533,0.0003862380981445,Sick_numeric_41946_results_SGDClassifier(random_state=0).csv
Sick_numeric_41946,simpleimputer,onehot,nystroem,robust,SGDClassifier(random_state=0),0,0.9668874172185432,0.0183296203613281,0.0004670619964599,Sick_numeric_41946_results_SGDClassifier(random_state=0).csv
Sick_numeric_41946,none,ordinalencoder,nystroem,robust,SGDClassifier(random_state=0),0,0.9668874172185432,0.0132687091827392,0.0004181861877441,Sick_numeric_41946_results_SGDClassifier(random_state=0).csv
Sick_numeric_41946,none,onehot,fastica,minmax,SGDClassifier(random_state=0),0,0.9655629139072848,0.0161926746368408,0.00022554397583,Sick_numeric_41946_results_SGDClassifier(random_state=0).csv
Sick_numeric_41946,none,ordinalencoder,fastica,minmax,SGDClassifier(random_state=0),0,0.9655629139072848,0.0154967308044433,0.0003373622894287,Sick_numeric_41946_results_SGDClassifier(random_state=0).csv
steel-plates-fault_40982,simpleimputer,onehot,random_trees_embedding,quantile,SGDClassifier(random_state=0),1,0.7628865979381443,0.033729076385498,0.0003628730773925,steel-plates-fault_40982_results_SGDClassifier(random_state=0).csv
steel-plates-fault_40982,none,ordinalencoder,random_trees_embedding,quantile,SGDClassifier(random_state=0),1,0.7628865979381443,0.033597707748413,0.0003638267517089,steel-plates-fault_40982_results_SGDClassifier(random_state=0).csv
steel-plates-fault_40982,none,onehot,random_trees_embedding,quantile,SGDClassifier(random_state=0),1,0.7628865979381443,0.0341198444366455,0.0003643035888671,steel-plates-fault_40982_results_SGDClassifier(random_state=0).csv
steel-plates-fault_40982,simpleimputer,ordinalencoder,random_trees_embedding,quantile,SGDClassifier(random_state=0),1,0.7628865979381443,0.0320422649383544,0.0003728866577148,steel-plates-fault_40982_results_SGDClassifier(random_state=0).csv
steel-plates-fault_40982,none,none,random_trees_embedding,quantile,SGDClassifier(random_state=0),1,0.7628865979381443,0.0329635143280029,0.0003933906555175,steel-plates-fault_40982_results_SGDClassifier(random_state=0).csv
steel-plates-fault_40982,simpleimputer,none,random_trees_embedding,quantile,SGDClassifier(random_state=0),1,0.7628865979381443,0.0340063571929931,0.0004699230194091,steel-plates-fault_40982_results_SGDClassifier(random_state=0).csv
steel-plates-fault_40982,none,ordinalencoder,random_trees_embedding,none,SGDClassifier(random_state=0),4,0.7603092783505154,0.0609374046325683,0.000385046005249,steel-plates-fault_40982_results_SGDClassifier(random_state=0).csv
steel-plates-fault_40982,none,onehot,random_trees_embedding,minmax,SGDClassifier(random_state=0),4,0.7603092783505154,0.0556278228759765,0.0004701614379882,steel-plates-fault_40982_results_SGDClassifier(random_state=0).csv
steel-plates-fault_40982,none,ordinalencoder,random_trees_embedding,robust,SGDClassifier(random_state=0),4,0.7603092783505154,0.0572874546051025,0.0004231929779052,steel-plates-fault_40982_results_SGDClassifier(random_state=0).csv
steel-plates-fault_40982,none,ordinalencoder,random_trees_embedding,standard,SGDClassifier(random_state=0),4,0.7603092783505154,0.0560190677642822,0.0003514289855957,steel-plates-fault_40982_results_SGDClassifier(random_state=0).csv
steel-plates-fault_40982,simpleimputer,none,random_trees_embedding,none,SGDClassifier(random_state=0),4,0.7603092783505154,0.0566315650939941,0.0003738403320312,steel-plates-fault_40982_results_SGDClassifier(random_state=0).csv
steel-plates-fault_40982,simpleimputer,onehot,random_trees_embedding,minmax,SGDClassifier(random_state=0),4,0.7603092783505154,0.057481050491333,0.0004210472106933,steel-plates-fault_40982_results_SGDClassifier(random_state=0).csv
steel-plates-fault_40982,simpleimputer,ordinalencoder,random_trees_embedding,standard,SGDClassifier(random_state=0),4,0.7603092783505154,0.058072805404663,0.0003771781921386,steel-plates-fault_40982_results_SGDClassifier(random_state=0).csv
steel-plates-fault_40982,none,onehot,random_trees_embedding,none,SGDClassifier(random_state=0),4,0.7603092783505154,0.0563995838165283,0.0003857612609863,steel-plates-fault_40982_results_SGDClassifier(random_state=0).csv
steel-plates-fault_40982,none,none,random_trees_embedding,standard,SGDClassifier(random_state=0),4,0.7603092783505154,0.0574545860290527,0.0004401206970214,steel-plates-fault_40982_results_SGDClassifier(random_state=0).csv
steel-plates-fault_40982,simpleimputer,onehot,random_trees_embedding,robust,SGDClassifier(random_state=0),4,0.7603092783505154,0.0584540367126464,0.0003890991210937,steel-plates-fault_40982_results_SGDClassifier(random_state=0).csv
steel-plates-fault_40982,simpleimputer,onehot,random_trees_embedding,standard,SGDClassifier(random_state=0),4,0.7603092783505154,0.055342674255371,0.0003528594970703,steel-plates-fault_40982_results_SGDClassifier(random_state=0).csv
steel-plates-fault_40982,none,onehot,random_trees_embedding,robust,SGDClassifier(random_state=0),4,0.7603092783505154,0.076890230178833,0.0006144046783447,steel-plates-fault_40982_results_SGDClassifier(random_state=0).csv
steel-plates-fault_40982,simpleimputer,ordinalencoder,random_trees_embedding,robust,SGDClassifier(random_state=0),4,0.7603092783505154,0.0571074485778808,0.0004458427429199,steel-plates-fault_40982_results_SGDClassifier(random_state=0).csv
steel-plates-fault_40982,simpleimputer,onehot,random_trees_embedding,none,SGDClassifier(random_state=0),4,0.7603092783505154,0.0579838752746582,0.0004413127899169,steel-plates-fault_40982_results_SGDClassifier(random_state=0).csv
analcatdata_supreme_728,none,none,fastica,none,SGDClassifier(random_state=0),2,0.9950617283950616,0.0087590217590332,0.0002541542053222,analcatdata_supreme_728_results_SGDClassifier(random_state=0).csv
analcatdata_supreme_728,none,ordinalencoder,fastica,none,SGDClassifier(random_state=0),2,0.9950617283950616,0.0079209804534912,0.000154972076416,analcatdata_supreme_728_results_SGDClassifier(random_state=0).csv
analcatdata_supreme_728,none,ordinalencoder,fastica,minmax,SGDClassifier(random_state=0),2,0.9950617283950616,0.0077800750732421,0.0001642704010009,analcatdata_supreme_728_results_SGDClassifier(random_state=0).csv
analcatdata_supreme_728,simpleimputer,none,fastica,robust,SGDClassifier(random_state=0),2,0.9950617283950616,0.0077807903289794,0.0001726150512695,analcatdata_supreme_728_results_SGDClassifier(random_state=0).csv
analcatdata_supreme_728,simpleimputer,none,fastica,standard,SGDClassifier(random_state=0),2,0.9950617283950616,0.0081338882446289,0.0001516342163085,analcatdata_supreme_728_results_SGDClassifier(random_state=0).csv
analcatdata_supreme_728,none,onehot,fastica,robust,SGDClassifier(random_state=0),2,0.9950617283950616,0.0081007480621337,0.0001795291900634,analcatdata_supreme_728_results_SGDClassifier(random_state=0).csv
analcatdata_supreme_728,none,onehot,fastica,standard,SGDClassifier(random_state=0),2,0.9950617283950616,0.0086746215820312,0.0001847743988037,analcatdata_supreme_728_results_SGDClassifier(random_state=0).csv
analcatdata_supreme_728,simpleimputer,none,fastica,minmax,SGDClassifier(random_state=0),2,0.9950617283950616,0.0077636241912841,0.0001537799835205,analcatdata_supreme_728_results_SGDClassifier(random_state=0).csv
analcatdata_supreme_728,none,onehot,fastica,none,SGDClassifier(random_state=0),2,0.9950617283950616,0.0086946487426757,0.0002622604370117,analcatdata_supreme_728_results_SGDClassifier(random_state=0).csv
analcatdata_supreme_728,simpleimputer,ordinalencoder,fastica,minmax,SGDClassifier(random_state=0),2,0.9950617283950616,0.0077056884765625,0.0001506805419921,analcatdata_supreme_728_results_SGDClassifier(random_state=0).csv
analcatdata_supreme_728,none,none,fastica,minmax,SGDClassifier(random_state=0),2,0.9950617283950616,0.0075602531433105,0.0001657009124755,analcatdata_supreme_728_results_SGDClassifier(random_state=0).csv
analcatdata_supreme_728,simpleimputer,ordinalencoder,fastica,standard,SGDClassifier(random_state=0),2,0.9950617283950616,0.0080821514129638,0.0001511573791503,analcatdata_supreme_728_results_SGDClassifier(random_state=0).csv
analcatdata_supreme_728,simpleimputer,onehot,fastica,none,SGDClassifier(random_state=0),2,0.9950617283950616,0.0080251693725585,0.000154972076416,analcatdata_supreme_728_results_SGDClassifier(random_state=0).csv
analcatdata_supreme_728,none,onehot,fastica,minmax,SGDClassifier(random_state=0),2,0.9950617283950616,0.0074026584625244,0.0001471042633056,analcatdata_supreme_728_results_SGDClassifier(random_state=0).csv
analcatdata_supreme_728,none,none,fastica,standard,SGDClassifier(random_state=0),2,0.9950617283950616,0.0074830055236816,0.0001664161682128,analcatdata_supreme_728_results_SGDClassifier(random_state=0).csv
analcatdata_supreme_728,simpleimputer,ordinalencoder,fastica,robust,SGDClassifier(random_state=0),2,0.9950617283950616,0.0077307224273681,0.0001771450042724,analcatdata_supreme_728_results_SGDClassifier(random_state=0).csv
analcatdata_supreme_728,none,ordinalencoder,fastica,robust,SGDClassifier(random_state=0),2,0.9950617283950616,0.0080695152282714,0.0002768039703369,analcatdata_supreme_728_results_SGDClassifier(random_state=0).csv
analcatdata_supreme_728,none,ordinalencoder,fastica,standard,SGDClassifier(random_state=0),2,0.9950617283950616,0.0076603889465332,0.0002031326293945,analcatdata_supreme_728_results_SGDClassifier(random_state=0).csv
analcatdata_supreme_728,simpleimputer,none,fastica,none,SGDClassifier(random_state=0),2,0.9950617283950616,0.0078969001770019,0.0001556873321533,analcatdata_supreme_728_results_SGDClassifier(random_state=0).csv
analcatdata_supreme_728,simpleimputer,onehot,fastica,minmax,SGDClassifier(random_state=0),2,0.9950617283950616,0.0107629299163818,0.0003678798675537,analcatdata_supreme_728_results_SGDClassifier(random_state=0).csv
analcatdata_broadwaymult_452,simpleimputer,onehot,nystroem,minmax,SGDClassifier(random_state=0),0,0.631578947368421,0.0141999721527099,0.0001988410949707,analcatdata_broadwaymult_452_results_SGDClassifier(random_state=0).csv
analcatdata_broadwaymult_452,simpleimputer,onehot,pca,minmax,SGDClassifier(random_state=0),0,0.5964912280701754,0.0115988254547119,0.0001711845397949,analcatdata_broadwaymult_452_results_SGDClassifier(random_state=0).csv
analcatdata_broadwaymult_452,simpleimputer,onehot,pca,robust,SGDClassifier(random_state=0),0,0.5964912280701754,0.0117216110229492,0.0001547336578369,analcatdata_broadwaymult_452_results_SGDClassifier(random_state=0).csv
analcatdata_broadwaymult_452,simpleimputer,onehot,kernel_pca,minmax,SGDClassifier(random_state=0),0,0.5964912280701754,0.0104200839996337,0.0001769065856933,analcatdata_broadwaymult_452_results_SGDClassifier(random_state=0).csv
analcatdata_broadwaymult_452,simpleimputer,onehot,kernel_pca,robust,SGDClassifier(random_state=0),0,0.5964912280701754,0.0114667415618896,0.0001688003540039,analcatdata_broadwaymult_452_results_SGDClassifier(random_state=0).csv
analcatdata_broadwaymult_452,simpleimputer,onehot,select_percentile,minmax,SGDClassifier(random_state=0),0,0.5789473684210527,0.0047898292541503,0.0001220703125,analcatdata_broadwaymult_452_results_SGDClassifier(random_state=0).csv
analcatdata_broadwaymult_452,simpleimputer,onehot,linear_svc,robust,SGDClassifier(random_state=0),3,0.543859649122807,0.0060169696807861,0.0001237392425537,analcatdata_broadwaymult_452_results_SGDClassifier(random_state=0).csv
analcatdata_broadwaymult_452,simpleimputer,onehot,none,robust,SGDClassifier(random_state=0),3,0.543859649122807,0.0071899890899658,0.0001556873321533,analcatdata_broadwaymult_452_results_SGDClassifier(random_state=0).csv
analcatdata_broadwaymult_452,simpleimputer,onehot,nystroem,quantile,SGDClassifier(random_state=0),3,0.543859649122807,0.0156877040863037,0.0002322196960449,analcatdata_broadwaymult_452_results_SGDClassifier(random_state=0).csv
analcatdata_broadwaymult_452,simpleimputer,onehot,linear_svc,none,SGDClassifier(random_state=0),3,0.543859649122807,0.0061609745025634,0.0001275539398193,analcatdata_broadwaymult_452_results_SGDClassifier(random_state=0).csv
analcatdata_broadwaymult_452,simpleimputer,onehot,extra_tree,quantile,SGDClassifier(random_state=0),3,0.543859649122807,0.005462646484375,0.0001740455627441,analcatdata_broadwaymult_452_results_SGDClassifier(random_state=0).csv
analcatdata_broadwaymult_452,simpleimputer,onehot,nystroem,minmax,SGDClassifier(random_state=0),3,0.5263157894736842,0.0150446891784667,0.0002260208129882,analcatdata_broadwaymult_452_results_SGDClassifier(random_state=0).csv
analcatdata_broadwaymult_452,simpleimputer,onehot,nystroem,quantile,SGDClassifier(random_state=0),0,0.5263157894736842,0.0167932510375976,0.0002171993255615,analcatdata_broadwaymult_452_results_SGDClassifier(random_state=0).csv
analcatdata_broadwaymult_452,simpleimputer,onehot,linear_svc,power,SGDClassifier(random_state=0),0,0.5263157894736842,0.0052814483642578,0.0001678466796875,analcatdata_broadwaymult_452_results_SGDClassifier(random_state=0).csv
analcatdata_broadwaymult_452,simpleimputer,onehot,extra_tree,standard,SGDClassifier(random_state=0),0,0.5263157894736842,0.0047612190246582,0.0001194477081298,analcatdata_broadwaymult_452_results_SGDClassifier(random_state=0).csv
analcatdata_broadwaymult_452,simpleimputer,onehot,select_percentile,standard,SGDClassifier(random_state=0),3,0.5263157894736842,0.0048756599426269,0.0001196861267089,analcatdata_broadwaymult_452_results_SGDClassifier(random_state=0).csv
analcatdata_broadwaymult_452,simpleimputer,onehot,select_percentile,standard,SGDClassifier(random_state=0),0,0.5263157894736842,0.0053267478942871,0.000133991241455,analcatdata_broadwaymult_452_results_SGDClassifier(random_state=0).csv
analcatdata_broadwaymult_452,simpleimputer,ordinalencoder,polynomial_features,standard,SGDClassifier(random_state=0),3,0.5263157894736842,0.0056803226470947,0.0001449584960937,analcatdata_broadwaymult_452_results_SGDClassifier(random_state=0).csv
analcatdata_broadwaymult_452,simpleimputer,onehot,linear_svc,normalizer,SGDClassifier(random_state=0),3,0.5087719298245614,0.0054991245269775,0.0001299381256103,analcatdata_broadwaymult_452_results_SGDClassifier(random_state=0).csv
analcatdata_broadwaymult_452,simpleimputer,onehot,none,none,SGDClassifier(random_state=0),3,0.5087719298245614,0.0111892223358154,0.0001437664031982,analcatdata_broadwaymult_452_results_SGDClassifier(random_state=0).csv
students_scores_43097,simpleimputer,ordinalencoder,none,none,SGDClassifier(random_state=0),1,0.925,0.0055382251739501,0.0010147094726562,students_scores_43097_results_SGDClassifier(random_state=0).csv
students_scores_43097,none,ordinalencoder,none,none,SGDClassifier(random_state=0),1,0.925,0.0058755874633789,0.0010204315185546,students_scores_43097_results_SGDClassifier(random_state=0).csv
students_scores_43097,simpleimputer,ordinalencoder,kernel_pca,robust,SGDClassifier(random_state=0),1,0.92,0.0069694519042968,0.0001752376556396,students_scores_43097_results_SGDClassifier(random_state=0).csv
students_scores_43097,none,ordinalencoder,pca,robust,SGDClassifier(random_state=0),1,0.92,0.0029716491699218,0.0001113414764404,students_scores_43097_results_SGDClassifier(random_state=0).csv
students_scores_43097,simpleimputer,ordinalencoder,kernel_pca,none,SGDClassifier(random_state=0),0,0.92,0.0043056011199951,0.0001478195190429,students_scores_43097_results_SGDClassifier(random_state=0).csv
students_scores_43097,none,ordinalencoder,kernel_pca,none,SGDClassifier(random_state=0),0,0.92,0.0047101974487304,0.0001683235168457,students_scores_43097_results_SGDClassifier(random_state=0).csv
students_scores_43097,simpleimputer,ordinalencoder,pca,none,SGDClassifier(random_state=0),0,0.92,0.0030252933502197,0.0001142024993896,students_scores_43097_results_SGDClassifier(random_state=0).csv
students_scores_43097,none,ordinalencoder,kernel_pca,robust,SGDClassifier(random_state=0),1,0.92,0.0045406818389892,0.0001754760742187,students_scores_43097_results_SGDClassifier(random_state=0).csv
students_scores_43097,none,onehot,none,robust,SGDClassifier(random_state=0),0,0.92,0.0047242641448974,0.0003054141998291,students_scores_43097_results_SGDClassifier(random_state=0).csv
students_scores_43097,simpleimputer,ordinalencoder,pca,robust,SGDClassifier(random_state=0),1,0.92,0.0032603740692138,0.0001842975616455,students_scores_43097_results_SGDClassifier(random_state=0).csv
students_scores_43097,simpleimputer,onehot,none,robust,SGDClassifier(random_state=0),0,0.92,0.0057110786437988,0.0002417564392089,students_scores_43097_results_SGDClassifier(random_state=0).csv
students_scores_43097,none,ordinalencoder,pca,none,SGDClassifier(random_state=0),0,0.92,0.0030553340911865,0.0001535415649414,students_scores_43097_results_SGDClassifier(random_state=0).csv
students_scores_43097,simpleimputer,ordinalencoder,nystroem,standard,SGDClassifier(random_state=0),4,0.915,0.0061542987823486,0.0001475811004638,students_scores_43097_results_SGDClassifier(random_state=0).csv
students_scores_43097,simpleimputer,ordinalencoder,none,minmax,SGDClassifier(random_state=0),4,0.915,0.0026817321777343,0.0001118183135986,students_scores_43097_results_SGDClassifier(random_state=0).csv
students_scores_43097,none,ordinalencoder,linear_svc,minmax,SGDClassifier(random_state=0),1,0.915,0.0021767616271972,0.0001142024993896,students_scores_43097_results_SGDClassifier(random_state=0).csv
students_scores_43097,simpleimputer,onehot,nystroem,robust,SGDClassifier(random_state=0),4,0.915,0.008312702178955,0.0002622604370117,students_scores_43097_results_SGDClassifier(random_state=0).csv
students_scores_43097,none,onehot,polynomial_features,robust,SGDClassifier(random_state=0),0,0.915,0.0100533962249755,0.0001497268676757,students_scores_43097_results_SGDClassifier(random_state=0).csv
students_scores_43097,none,onehot,nystroem,robust,SGDClassifier(random_state=0),4,0.915,0.0071713924407958,0.0002002716064453,students_scores_43097_results_SGDClassifier(random_state=0).csv
students_scores_43097,simpleimputer,ordinalencoder,linear_svc,minmax,SGDClassifier(random_state=0),1,0.915,0.0021007061004638,0.0001375675201416,students_scores_43097_results_SGDClassifier(random_state=0).csv
students_scores_43097,simpleimputer,onehot,fastica,none,SGDClassifier(random_state=0),0,0.915,0.0027759075164794,0.0001225471496582,students_scores_43097_results_SGDClassifier(random_state=0).csv
KungChi3_1441,none,none,truncated_svd,none,SGDClassifier(random_state=0),4,1.0,0.0010783672332763,0.0001113414764404,KungChi3_1441_results_SGDClassifier(random_state=0).csv
KungChi3_1441,none,none,generic_univariate,none,SGDClassifier(random_state=0),4,1.0,0.0010550022125244,0.0001056194305419,KungChi3_1441_results_SGDClassifier(random_state=0).csv
KungChi3_1441,simpleimputer,ordinalencoder,linear_svc,quantile,SGDClassifier(random_state=0),4,1.0,0.0011818408966064,0.0001173019409179,KungChi3_1441_results_SGDClassifier(random_state=0).csv
KungChi3_1441,none,none,select_percentile,none,SGDClassifier(random_state=0),4,1.0,0.0010950565338134,0.000119924545288,KungChi3_1441_results_SGDClassifier(random_state=0).csv
KungChi3_1441,simpleimputer,ordinalencoder,extra_tree,quantile,SGDClassifier(random_state=0),4,1.0,0.0011780261993408,0.0001299381256103,KungChi3_1441_results_SGDClassifier(random_state=0).csv
KungChi3_1441,simpleimputer,ordinalencoder,feature_agglomeration,quantile,SGDClassifier(random_state=0),4,1.0,0.0011050701141357,0.0001099109649658,KungChi3_1441_results_SGDClassifier(random_state=0).csv
KungChi3_1441,none,none,none,none,SGDClassifier(random_state=0),4,1.0,0.0020954608917236,0.0009517669677734,KungChi3_1441_results_SGDClassifier(random_state=0).csv
KungChi3_1441,none,none,nystroem,none,SGDClassifier(random_state=0),4,1.0,0.0013442039489746,0.0001807212829589,KungChi3_1441_results_SGDClassifier(random_state=0).csv
KungChi3_1441,simpleimputer,ordinalencoder,truncated_svd,quantile,SGDClassifier(random_state=0),4,1.0,0.0010550022125244,0.0001027584075927,KungChi3_1441_results_SGDClassifier(random_state=0).csv
KungChi3_1441,none,onehot,polynomial_features,normalizer,SGDClassifier(random_state=0),4,1.0,0.0031435489654541,0.0001380443572998,KungChi3_1441_results_SGDClassifier(random_state=0).csv
KungChi3_1441,none,onehot,select_percentile,normalizer,SGDClassifier(random_state=0),4,1.0,0.0012502670288085,0.0001313686370849,KungChi3_1441_results_SGDClassifier(random_state=0).csv
KungChi3_1441,none,onehot,generic_univariate,normalizer,SGDClassifier(random_state=0),4,1.0,0.001021385192871,0.0001041889190673,KungChi3_1441_results_SGDClassifier(random_state=0).csv
KungChi3_1441,none,onehot,truncated_svd,normalizer,SGDClassifier(random_state=0),4,1.0,0.0011136531829833,0.0001044273376464,KungChi3_1441_results_SGDClassifier(random_state=0).csv
KungChi3_1441,none,onehot,extra_tree,normalizer,SGDClassifier(random_state=0),4,1.0,0.0012977123260498,0.0001163482666015,KungChi3_1441_results_SGDClassifier(random_state=0).csv
KungChi3_1441,none,onehot,nystroem,normalizer,SGDClassifier(random_state=0),4,1.0,0.0017969608306884,0.0001368522644042,KungChi3_1441_results_SGDClassifier(random_state=0).csv
KungChi3_1441,none,onehot,rbf_sampler,normalizer,SGDClassifier(random_state=0),4,1.0,0.0015599727630615,0.0001232624053955,KungChi3_1441_results_SGDClassifier(random_state=0).csv
KungChi3_1441,none,onehot,select_percentile,minmax,SGDClassifier(random_state=0),4,1.0,0.0010943412780761,0.0001170635223388,KungChi3_1441_results_SGDClassifier(random_state=0).csv
KungChi3_1441,none,onehot,linear_svc,normalizer,SGDClassifier(random_state=0),4,1.0,0.0014328956604003,0.0001246929168701,KungChi3_1441_results_SGDClassifier(random_state=0).csv
KungChi3_1441,none,onehot,kernel_pca,normalizer,SGDClassifier(random_state=0),4,1.0,0.0016291141510009,0.000136375427246,KungChi3_1441_results_SGDClassifier(random_state=0).csv
KungChi3_1441,none,onehot,feature_agglomeration,normalizer,SGDClassifier(random_state=0),4,1.0,0.0011091232299804,0.0001120567321777,KungChi3_1441_results_SGDClassifier(random_state=0).csv
autoUniv-au7-700_1553,none,ordinalencoder,extra_tree,standard,SGDClassifier(random_state=0),3,0.4928571428571429,0.0058839321136474,0.0001742839813232,autoUniv-au7-700_1553_results_SGDClassifier(random_state=0).csv
autoUniv-au7-700_1553,simpleimputer,ordinalencoder,extra_tree,standard,SGDClassifier(random_state=0),3,0.4928571428571429,0.0056378841400146,0.0001327991485595,autoUniv-au7-700_1553_results_SGDClassifier(random_state=0).csv
autoUniv-au7-700_1553,none,ordinalencoder,random_trees_embedding,minmax,SGDClassifier(random_state=0),4,0.4785714285714286,0.008286714553833,0.0002000331878662,autoUniv-au7-700_1553_results_SGDClassifier(random_state=0).csv
autoUniv-au7-700_1553,simpleimputer,ordinalencoder,random_trees_embedding,standard,SGDClassifier(random_state=0),4,0.4785714285714286,0.009211778640747,0.0003111362457275,autoUniv-au7-700_1553_results_SGDClassifier(random_state=0).csv
autoUniv-au7-700_1553,none,ordinalencoder,random_trees_embedding,standard,SGDClassifier(random_state=0),4,0.4785714285714286,0.0082471370697021,0.0001997947692871,autoUniv-au7-700_1553_results_SGDClassifier(random_state=0).csv
autoUniv-au7-700_1553,none,ordinalencoder,random_trees_embedding,none,SGDClassifier(random_state=0),4,0.4785714285714286,0.0082268714904785,0.0002448558807373,autoUniv-au7-700_1553_results_SGDClassifier(random_state=0).csv
autoUniv-au7-700_1553,simpleimputer,ordinalencoder,random_trees_embedding,robust,SGDClassifier(random_state=0),4,0.4785714285714286,0.008350133895874,0.0002033710479736,autoUniv-au7-700_1553_results_SGDClassifier(random_state=0).csv
autoUniv-au7-700_1553,none,ordinalencoder,random_trees_embedding,robust,SGDClassifier(random_state=0),4,0.4785714285714286,0.0083155632019042,0.0002291202545166,autoUniv-au7-700_1553_results_SGDClassifier(random_state=0).csv
autoUniv-au7-700_1553,simpleimputer,ordinalencoder,random_trees_embedding,none,SGDClassifier(random_state=0),4,0.4785714285714286,0.0084161758422851,0.0002410411834716,autoUniv-au7-700_1553_results_SGDClassifier(random_state=0).csv
autoUniv-au7-700_1553,simpleimputer,ordinalencoder,random_trees_embedding,minmax,SGDClassifier(random_state=0),4,0.4785714285714286,0.0084471702575683,0.0002660751342773,autoUniv-au7-700_1553_results_SGDClassifier(random_state=0).csv
autoUniv-au7-700_1553,simpleimputer,onehot,polynomial_features,quantile,SGDClassifier(random_state=0),4,0.4714285714285714,0.0380105972290039,0.0001997947692871,autoUniv-au7-700_1553_results_SGDClassifier(random_state=0).csv
autoUniv-au7-700_1553,none,onehot,polynomial_features,standard,SGDClassifier(random_state=0),1,0.4714285714285714,0.0326919555664062,0.000206708908081,autoUniv-au7-700_1553_results_SGDClassifier(random_state=0).csv
autoUniv-au7-700_1553,simpleimputer,onehot,random_trees_embedding,robust,SGDClassifier(random_state=0),4,0.4714285714285714,0.0092737674713134,0.0001997947692871,autoUniv-au7-700_1553_results_SGDClassifier(random_state=0).csv
autoUniv-au7-700_1553,none,onehot,random_trees_embedding,none,SGDClassifier(random_state=0),4,0.4714285714285714,0.0092449188232421,0.0002093315124511,autoUniv-au7-700_1553_results_SGDClassifier(random_state=0).csv
autoUniv-au7-700_1553,none,onehot,generic_univariate,robust,SGDClassifier(random_state=0),0,0.4714285714285714,0.0043098926544189,0.0001182556152343,autoUniv-au7-700_1553_results_SGDClassifier(random_state=0).csv
autoUniv-au7-700_1553,none,onehot,fastica,none,SGDClassifier(random_state=0),3,0.4714285714285714,0.0080800056457519,0.0001347064971923,autoUniv-au7-700_1553_results_SGDClassifier(random_state=0).csv
autoUniv-au7-700_1553,none,onehot,random_trees_embedding,standard,SGDClassifier(random_state=0),4,0.4714285714285714,0.0092790126800537,0.00020432472229,autoUniv-au7-700_1553_results_SGDClassifier(random_state=0).csv
autoUniv-au7-700_1553,simpleimputer,onehot,generic_univariate,robust,SGDClassifier(random_state=0),0,0.4714285714285714,0.0044317245483398,0.0001235008239746,autoUniv-au7-700_1553_results_SGDClassifier(random_state=0).csv
autoUniv-au7-700_1553,simpleimputer,onehot,random_trees_embedding,quantile,SGDClassifier(random_state=0),2,0.4714285714285714,0.008862018585205,0.0002088546752929,autoUniv-au7-700_1553_results_SGDClassifier(random_state=0).csv
autoUniv-au7-700_1553,none,onehot,random_trees_embedding,minmax,SGDClassifier(random_state=0),4,0.4714285714285714,0.0092873573303222,0.0002081394195556,autoUniv-au7-700_1553_results_SGDClassifier(random_state=0).csv
pm10_750,simpleimputer,none,random_trees_embedding,minmax,SGDClassifier(random_state=0),2,0.68,0.0033755302429199,0.0001354217529296,pm10_750_results_SGDClassifier(random_state=0).csv
pm10_750,none,none,random_trees_embedding,none,SGDClassifier(random_state=0),2,0.68,0.0033380985260009,0.0001397132873535,pm10_750_results_SGDClassifier(random_state=0).csv
pm10_750,simpleimputer,onehot,random_trees_embedding,standard,SGDClassifier(random_state=0),2,0.68,0.0033710002899169,0.0001356601715087,pm10_750_results_SGDClassifier(random_state=0).csv
pm10_750,none,ordinalencoder,random_trees_embedding,standard,SGDClassifier(random_state=0),2,0.68,0.0035407543182373,0.0001552104949951,pm10_750_results_SGDClassifier(random_state=0).csv
pm10_750,none,none,random_trees_embedding,standard,SGDClassifier(random_state=0),2,0.68,0.0033986568450927,0.0001423358917236,pm10_750_results_SGDClassifier(random_state=0).csv
pm10_750,simpleimputer,none,random_trees_embedding,none,SGDClassifier(random_state=0),2,0.68,0.0036423206329345,0.0001461505889892,pm10_750_results_SGDClassifier(random_state=0).csv
pm10_750,none,none,random_trees_embedding,minmax,SGDClassifier(random_state=0),2,0.68,0.0034217834472656,0.0001423358917236,pm10_750_results_SGDClassifier(random_state=0).csv
pm10_750,none,onehot,random_trees_embedding,standard,SGDClassifier(random_state=0),2,0.68,0.0033605098724365,0.0001380443572998,pm10_750_results_SGDClassifier(random_state=0).csv
pm10_750,none,onehot,random_trees_embedding,none,SGDClassifier(random_state=0),2,0.68,0.0033168792724609,0.0001361370086669,pm10_750_results_SGDClassifier(random_state=0).csv
pm10_750,none,ordinalencoder,random_trees_embedding,robust,SGDClassifier(random_state=0),2,0.68,0.0032243728637695,0.0001306533813476,pm10_750_results_SGDClassifier(random_state=0).csv
pm10_750,none,onehot,random_trees_embedding,minmax,SGDClassifier(random_state=0),2,0.68,0.0034098625183105,0.0001351833343505,pm10_750_results_SGDClassifier(random_state=0).csv
pm10_750,none,ordinalencoder,random_trees_embedding,minmax,SGDClassifier(random_state=0),2,0.68,0.0034358501434326,0.0001370906829833,pm10_750_results_SGDClassifier(random_state=0).csv
pm10_750,simpleimputer,ordinalencoder,random_trees_embedding,minmax,SGDClassifier(random_state=0),2,0.68,0.0033843517303466,0.0001420974731445,pm10_750_results_SGDClassifier(random_state=0).csv
pm10_750,simpleimputer,ordinalencoder,random_trees_embedding,standard,SGDClassifier(random_state=0),2,0.68,0.0033466815948486,0.0001356601715087,pm10_750_results_SGDClassifier(random_state=0).csv
pm10_750,simpleimputer,onehot,random_trees_embedding,minmax,SGDClassifier(random_state=0),2,0.68,0.0034105777740478,0.0001804828643798,pm10_750_results_SGDClassifier(random_state=0).csv
pm10_750,simpleimputer,ordinalencoder,random_trees_embedding,robust,SGDClassifier(random_state=0),2,0.68,0.0033290386199951,0.0001389980316162,pm10_750_results_SGDClassifier(random_state=0).csv
pm10_750,simpleimputer,ordinalencoder,random_trees_embedding,none,SGDClassifier(random_state=0),2,0.68,0.0033938884735107,0.000251293182373,pm10_750_results_SGDClassifier(random_state=0).csv
pm10_750,simpleimputer,onehot,random_trees_embedding,none,SGDClassifier(random_state=0),2,0.68,0.0033254623413085,0.0001354217529296,pm10_750_results_SGDClassifier(random_state=0).csv
pm10_750,simpleimputer,none,random_trees_embedding,robust,SGDClassifier(random_state=0),2,0.68,0.0032973289489746,0.0001373291015625,pm10_750_results_SGDClassifier(random_state=0).csv
pm10_750,none,ordinalencoder,random_trees_embedding,none,SGDClassifier(random_state=0),2,0.68,0.003371238708496,0.000133991241455,pm10_750_results_SGDClassifier(random_state=0).csv
algerian_forest_fires_46279,none,onehot,none,quantile,SGDClassifier(random_state=0),1,1.0,0.0017592906951904,0.0001397132873535,algerian_forest_fires_46279_results_SGDClassifier(random_state=0).csv
algerian_forest_fires_46279,none,onehot,random_trees_embedding,power,SGDClassifier(random_state=0),0,1.0,0.0016117095947265,0.0001361370086669,algerian_forest_fires_46279_results_SGDClassifier(random_state=0).csv
algerian_forest_fires_46279,simpleimputer,ordinalencoder,select_percentile,minmax,SGDClassifier(random_state=0),1,1.0,0.0012547969818115,0.0001163482666015,algerian_forest_fires_46279_results_SGDClassifier(random_state=0).csv
algerian_forest_fires_46279,none,onehot,extra_tree,standard,SGDClassifier(random_state=0),2,1.0,0.0013260841369628,0.0001273155212402,algerian_forest_fires_46279_results_SGDClassifier(random_state=0).csv
algerian_forest_fires_46279,simpleimputer,onehot,select_percentile,quantile,SGDClassifier(random_state=0),4,1.0,0.0013272762298583,0.0001189708709716,algerian_forest_fires_46279_results_SGDClassifier(random_state=0).csv
algerian_forest_fires_46279,simpleimputer,ordinalencoder,kernel_pca,standard,SGDClassifier(random_state=0),0,1.0,0.0017585754394531,0.0001666545867919,algerian_forest_fires_46279_results_SGDClassifier(random_state=0).csv
algerian_forest_fires_46279,simpleimputer,onehot,extra_tree,power,SGDClassifier(random_state=0),4,1.0,0.001136302947998,0.0001111030578613,algerian_forest_fires_46279_results_SGDClassifier(random_state=0).csv
algerian_forest_fires_46279,simpleimputer,onehot,random_trees_embedding,power,SGDClassifier(random_state=0),0,1.0,0.0015869140625,0.0001285076141357,algerian_forest_fires_46279_results_SGDClassifier(random_state=0).csv
algerian_forest_fires_46279,simpleimputer,onehot,none,quantile,SGDClassifier(random_state=0),1,1.0,0.0017650127410888,0.0001676082611083,algerian_forest_fires_46279_results_SGDClassifier(random_state=0).csv
algerian_forest_fires_46279,simpleimputer,onehot,random_trees_embedding,quantile,SGDClassifier(random_state=0),2,1.0,0.0015404224395751,0.0001375675201416,algerian_forest_fires_46279_results_SGDClassifier(random_state=0).csv
algerian_forest_fires_46279,simpleimputer,ordinalencoder,linear_svc,standard,SGDClassifier(random_state=0),3,1.0,0.0013296604156494,0.0001428127288818,algerian_forest_fires_46279_results_SGDClassifier(random_state=0).csv
algerian_forest_fires_46279,none,ordinalencoder,pca,standard,SGDClassifier(random_state=0),0,1.0,0.00140380859375,0.000126838684082,algerian_forest_fires_46279_results_SGDClassifier(random_state=0).csv
algerian_forest_fires_46279,simpleimputer,ordinalencoder,extra_tree,standard,SGDClassifier(random_state=0),2,1.0,0.0014030933380126,0.0001306533813476,algerian_forest_fires_46279_results_SGDClassifier(random_state=0).csv
algerian_forest_fires_46279,simpleimputer,ordinalencoder,generic_univariate,standard,SGDClassifier(random_state=0),2,1.0,0.0011613368988037,0.0001144409179687,algerian_forest_fires_46279_results_SGDClassifier(random_state=0).csv
algerian_forest_fires_46279,simpleimputer,none,kernel_pca,standard,SGDClassifier(random_state=0),0,1.0,0.0016922950744628,0.0001423358917236,algerian_forest_fires_46279_results_SGDClassifier(random_state=0).csv
algerian_forest_fires_46279,simpleimputer,none,none,quantile,SGDClassifier(random_state=0),1,1.0,0.0018246173858642,0.0001320838928222,algerian_forest_fires_46279_results_SGDClassifier(random_state=0).csv
algerian_forest_fires_46279,simpleimputer,none,extra_tree,standard,SGDClassifier(random_state=0),2,1.0,0.001328706741333,0.0001249313354492,algerian_forest_fires_46279_results_SGDClassifier(random_state=0).csv
algerian_forest_fires_46279,simpleimputer,none,generic_univariate,standard,SGDClassifier(random_state=0),2,1.0,0.0011346340179443,0.0001354217529296,algerian_forest_fires_46279_results_SGDClassifier(random_state=0).csv
algerian_forest_fires_46279,simpleimputer,onehot,fastica,none,SGDClassifier(random_state=0),2,1.0,0.0012562274932861,0.000119924545288,algerian_forest_fires_46279_results_SGDClassifier(random_state=0).csv
algerian_forest_fires_46279,simpleimputer,none,linear_svc,robust,SGDClassifier(random_state=0),4,1.0,0.0012733936309814,0.0001187324523925,algerian_forest_fires_46279_results_SGDClassifier(random_state=0).csv
fri_c3_500_50_937,none,ordinalencoder,random_trees_embedding,quantile,SGDClassifier(random_state=0),1,0.75,0.0020747184753417,0.0001475811004638,fri_c3_500_50_937_results_SGDClassifier(random_state=0).csv
fri_c3_500_50_937,simpleimputer,onehot,random_trees_embedding,quantile,SGDClassifier(random_state=0),1,0.75,0.0021395683288574,0.0001757144927978,fri_c3_500_50_937_results_SGDClassifier(random_state=0).csv
fri_c3_500_50_937,simpleimputer,none,random_trees_embedding,quantile,SGDClassifier(random_state=0),1,0.75,0.0021066665649414,0.0001461505889892,fri_c3_500_50_937_results_SGDClassifier(random_state=0).csv
fri_c3_500_50_937,none,none,random_trees_embedding,quantile,SGDClassifier(random_state=0),1,0.75,0.002073049545288,0.0001442432403564,fri_c3_500_50_937_results_SGDClassifier(random_state=0).csv
fri_c3_500_50_937,simpleimputer,ordinalencoder,random_trees_embedding,quantile,SGDClassifier(random_state=0),1,0.75,0.0021824836730957,0.0001695156097412,fri_c3_500_50_937_results_SGDClassifier(random_state=0).csv
fri_c3_500_50_937,none,onehot,random_trees_embedding,quantile,SGDClassifier(random_state=0),1,0.75,0.0022122859954833,0.0001535415649414,fri_c3_500_50_937_results_SGDClassifier(random_state=0).csv
fri_c3_500_50_937,none,ordinalencoder,random_trees_embedding,standard,SGDClassifier(random_state=0),1,0.73,0.0022368431091308,0.0001442432403564,fri_c3_500_50_937_results_SGDClassifier(random_state=0).csv
fri_c3_500_50_937,simpleimputer,ordinalencoder,random_trees_embedding,standard,SGDClassifier(random_state=0),1,0.73,0.0021755695343017,0.0001528263092041,fri_c3_500_50_937_results_SGDClassifier(random_state=0).csv
fri_c3_500_50_937,none,ordinalencoder,random_trees_embedding,minmax,SGDClassifier(random_state=0),1,0.73,0.0022094249725341,0.0001471042633056,fri_c3_500_50_937_results_SGDClassifier(random_state=0).csv
fri_c3_500_50_937,none,none,random_trees_embedding,standard,SGDClassifier(random_state=0),1,0.73,0.0021929740905761,0.0003273487091064,fri_c3_500_50_937_results_SGDClassifier(random_state=0).csv
fri_c3_500_50_937,none,ordinalencoder,random_trees_embedding,robust,SGDClassifier(random_state=0),1,0.73,0.002232551574707,0.0001688003540039,fri_c3_500_50_937_results_SGDClassifier(random_state=0).csv
fri_c3_500_50_937,simpleimputer,onehot,random_trees_embedding,standard,SGDClassifier(random_state=0),1,0.73,0.0022337436676025,0.0001442432403564,fri_c3_500_50_937_results_SGDClassifier(random_state=0).csv
fri_c3_500_50_937,simpleimputer,ordinalencoder,random_trees_embedding,minmax,SGDClassifier(random_state=0),1,0.73,0.0021841526031494,0.000145673751831,fri_c3_500_50_937_results_SGDClassifier(random_state=0).csv
fri_c3_500_50_937,simpleimputer,onehot,random_trees_embedding,minmax,SGDClassifier(random_state=0),1,0.73,0.002277135848999,0.0001482963562011,fri_c3_500_50_937_results_SGDClassifier(random_state=0).csv
fri_c3_500_50_937,simpleimputer,ordinalencoder,random_trees_embedding,robust,SGDClassifier(random_state=0),1,0.73,0.0021684169769287,0.0001418590545654,fri_c3_500_50_937_results_SGDClassifier(random_state=0).csv
fri_c3_500_50_937,simpleimputer,ordinalencoder,random_trees_embedding,none,SGDClassifier(random_state=0),1,0.73,0.0021934509277343,0.0001459121704101,fri_c3_500_50_937_results_SGDClassifier(random_state=0).csv
fri_c3_500_50_937,none,none,random_trees_embedding,robust,SGDClassifier(random_state=0),1,0.73,0.0022749900817871,0.0001540184020996,fri_c3_500_50_937_results_SGDClassifier(random_state=0).csv
fri_c3_500_50_937,none,onehot,random_trees_embedding,none,SGDClassifier(random_state=0),1,0.73,0.0024647712707519,0.0001704692840576,fri_c3_500_50_937_results_SGDClassifier(random_state=0).csv
fri_c3_500_50_937,none,onehot,random_trees_embedding,robust,SGDClassifier(random_state=0),1,0.73,0.0022282600402832,0.0001494884490966,fri_c3_500_50_937_results_SGDClassifier(random_state=0).csv
fri_c3_500_50_937,simpleimputer,onehot,random_trees_embedding,robust,SGDClassifier(random_state=0),1,0.73,0.0021698474884033,0.0001425743103027,fri_c3_500_50_937_results_SGDClassifier(random_state=0).csv
fri_c2_1000_50_866,none,none,generic_univariate,none,SGDClassifier(random_state=0),3,0.82,0.0024163722991943,0.0001158714294433,fri_c2_1000_50_866_results_SGDClassifier(random_state=0).csv
fri_c2_1000_50_866,simpleimputer,onehot,generic_univariate,none,SGDClassifier(random_state=0),3,0.82,0.0025110244750976,0.0001163482666015,fri_c2_1000_50_866_results_SGDClassifier(random_state=0).csv
fri_c2_1000_50_866,none,ordinalencoder,generic_univariate,none,SGDClassifier(random_state=0),3,0.82,0.0025038719177246,0.0001156330108642,fri_c2_1000_50_866_results_SGDClassifier(random_state=0).csv
fri_c2_1000_50_866,simpleimputer,ordinalencoder,generic_univariate,none,SGDClassifier(random_state=0),3,0.82,0.0024542808532714,0.0001115798950195,fri_c2_1000_50_866_results_SGDClassifier(random_state=0).csv
fri_c2_1000_50_866,none,onehot,generic_univariate,none,SGDClassifier(random_state=0),3,0.82,0.0029940605163574,0.0002148151397705,fri_c2_1000_50_866_results_SGDClassifier(random_state=0).csv
fri_c2_1000_50_866,simpleimputer,none,generic_univariate,none,SGDClassifier(random_state=0),3,0.82,0.0027234554290771,0.0001204013824462,fri_c2_1000_50_866_results_SGDClassifier(random_state=0).csv
fri_c2_1000_50_866,none,ordinalencoder,extra_tree,power,SGDClassifier(random_state=0),3,0.815,0.0026962757110595,0.0001163482666015,fri_c2_1000_50_866_results_SGDClassifier(random_state=0).csv
fri_c2_1000_50_866,none,ordinalencoder,select_percentile,power,SGDClassifier(random_state=0),3,0.815,0.0027737617492675,0.0001208782196044,fri_c2_1000_50_866_results_SGDClassifier(random_state=0).csv
fri_c2_1000_50_866,none,none,extra_tree,power,SGDClassifier(random_state=0),3,0.815,0.0032365322113037,0.0001342296600341,fri_c2_1000_50_866_results_SGDClassifier(random_state=0).csv
fri_c2_1000_50_866,none,onehot,select_percentile,power,SGDClassifier(random_state=0),3,0.815,0.0027432441711425,0.0001158714294433,fri_c2_1000_50_866_results_SGDClassifier(random_state=0).csv
fri_c2_1000_50_866,simpleimputer,onehot,extra_tree,power,SGDClassifier(random_state=0),3,0.815,0.0031089782714843,0.0001351833343505,fri_c2_1000_50_866_results_SGDClassifier(random_state=0).csv
fri_c2_1000_50_866,simpleimputer,none,select_percentile,power,SGDClassifier(random_state=0),3,0.815,0.0026948451995849,0.0001180171966552,fri_c2_1000_50_866_results_SGDClassifier(random_state=0).csv
fri_c2_1000_50_866,simpleimputer,none,extra_tree,power,SGDClassifier(random_state=0),3,0.815,0.0027632713317871,0.0001177787780761,fri_c2_1000_50_866_results_SGDClassifier(random_state=0).csv
fri_c2_1000_50_866,simpleimputer,onehot,select_percentile,power,SGDClassifier(random_state=0),3,0.815,0.002760887145996,0.000117540359497,fri_c2_1000_50_866_results_SGDClassifier(random_state=0).csv
fri_c2_1000_50_866,none,onehot,extra_tree,power,SGDClassifier(random_state=0),3,0.815,0.0029096603393554,0.0001289844512939,fri_c2_1000_50_866_results_SGDClassifier(random_state=0).csv
fri_c2_1000_50_866,none,none,select_percentile,power,SGDClassifier(random_state=0),3,0.815,0.0027430057525634,0.0001139640808105,fri_c2_1000_50_866_results_SGDClassifier(random_state=0).csv
fri_c2_1000_50_866,simpleimputer,ordinalencoder,extra_tree,power,SGDClassifier(random_state=0),3,0.815,0.0028581619262695,0.0001387596130371,fri_c2_1000_50_866_results_SGDClassifier(random_state=0).csv
fri_c2_1000_50_866,simpleimputer,ordinalencoder,select_percentile,power,SGDClassifier(random_state=0),3,0.815,0.0027050971984863,0.0001227855682373,fri_c2_1000_50_866_results_SGDClassifier(random_state=0).csv
fri_c2_1000_50_866,none,onehot,generic_univariate,power,SGDClassifier(random_state=0),3,0.81,0.00185227394104,0.0001132488250732,fri_c2_1000_50_866_results_SGDClassifier(random_state=0).csv
fri_c2_1000_50_866,simpleimputer,onehot,generic_univariate,power,SGDClassifier(random_state=0),3,0.81,0.0022053718566894,0.0001473426818847,fri_c2_1000_50_866_results_SGDClassifier(random_state=0).csv
fruitfly_714,none,none,feature_agglomeration,robust,SGDClassifier(random_state=0),1,0.76,0.0011835098266601,0.0001289844512939,fruitfly_714_results_SGDClassifier(random_state=0).csv
fruitfly_714,simpleimputer,none,truncated_svd,robust,SGDClassifier(random_state=0),1,0.76,0.0010886192321777,0.0001084804534912,fruitfly_714_results_SGDClassifier(random_state=0).csv
fruitfly_714,simpleimputer,none,feature_agglomeration,robust,SGDClassifier(random_state=0),1,0.76,0.0011374950408935,0.0001101493835449,fruitfly_714_results_SGDClassifier(random_state=0).csv
fruitfly_714,simpleimputer,ordinalencoder,feature_agglomeration,robust,SGDClassifier(random_state=0),1,0.76,0.0012214183807373,0.0001125335693359,fruitfly_714_results_SGDClassifier(random_state=0).csv
fruitfly_714,none,none,truncated_svd,robust,SGDClassifier(random_state=0),1,0.76,0.0010437965393066,0.0001068115234375,fruitfly_714_results_SGDClassifier(random_state=0).csv
fruitfly_714,simpleimputer,onehot,feature_agglomeration,robust,SGDClassifier(random_state=0),1,0.76,0.0010805130004882,0.000108003616333,fruitfly_714_results_SGDClassifier(random_state=0).csv
fruitfly_714,simpleimputer,onehot,truncated_svd,robust,SGDClassifier(random_state=0),1,0.76,0.0011732578277587,0.0001149177551269,fruitfly_714_results_SGDClassifier(random_state=0).csv
fruitfly_714,simpleimputer,ordinalencoder,truncated_svd,robust,SGDClassifier(random_state=0),1,0.76,0.0010888576507568,0.0001068115234375,fruitfly_714_results_SGDClassifier(random_state=0).csv
fruitfly_714,none,onehot,truncated_svd,robust,SGDClassifier(random_state=0),1,0.76,0.001108169555664,0.0001091957092285,fruitfly_714_results_SGDClassifier(random_state=0).csv
fruitfly_714,none,onehot,feature_agglomeration,robust,SGDClassifier(random_state=0),1,0.76,0.0010604858398437,0.0001077651977539,fruitfly_714_results_SGDClassifier(random_state=0).csv
fruitfly_714,none,ordinalencoder,feature_agglomeration,robust,SGDClassifier(random_state=0),1,0.76,0.0011110305786132,0.0001089572906494,fruitfly_714_results_SGDClassifier(random_state=0).csv
fruitfly_714,none,ordinalencoder,truncated_svd,robust,SGDClassifier(random_state=0),1,0.76,0.0011122226715087,0.0001089572906494,fruitfly_714_results_SGDClassifier(random_state=0).csv
fruitfly_714,simpleimputer,ordinalencoder,truncated_svd,standard,SGDClassifier(random_state=0),4,0.72,0.0011980533599853,0.0001120567321777,fruitfly_714_results_SGDClassifier(random_state=0).csv
fruitfly_714,simpleimputer,ordinalencoder,pca,standard,SGDClassifier(random_state=0),2,0.72,0.0012252330780029,0.0001118183135986,fruitfly_714_results_SGDClassifier(random_state=0).csv
fruitfly_714,none,none,none,standard,SGDClassifier(random_state=0),2,0.72,0.0016095638275146,0.0002191066741943,fruitfly_714_results_SGDClassifier(random_state=0).csv
fruitfly_714,none,onehot,kernel_pca,standard,SGDClassifier(random_state=0),2,0.72,0.0015280246734619,0.0001323223114013,fruitfly_714_results_SGDClassifier(random_state=0).csv
fruitfly_714,none,none,nystroem,robust,SGDClassifier(random_state=0),4,0.72,0.0017697811126708,0.0001296997070312,fruitfly_714_results_SGDClassifier(random_state=0).csv
fruitfly_714,simpleimputer,onehot,kernel_pca,standard,SGDClassifier(random_state=0),2,0.72,0.001575231552124,0.0001320838928222,fruitfly_714_results_SGDClassifier(random_state=0).csv
fruitfly_714,none,ordinalencoder,kernel_pca,standard,SGDClassifier(random_state=0),2,0.72,0.0014326572418212,0.0001373291015625,fruitfly_714_results_SGDClassifier(random_state=0).csv
fruitfly_714,simpleimputer,none,pca,standard,SGDClassifier(random_state=0),2,0.72,0.0012516975402832,0.0001757144927978,fruitfly_714_results_SGDClassifier(random_state=0).csv
analcatdata_draft_984,simpleimputer,none,fastica,none,SGDClassifier(random_state=0),0,0.972972972972973,0.0017595291137695,0.0001156330108642,analcatdata_draft_984_results_SGDClassifier(random_state=0).csv
analcatdata_draft_984,simpleimputer,none,generic_univariate,none,SGDClassifier(random_state=0),0,0.972972972972973,0.001683235168457,0.0001146793365478,analcatdata_draft_984_results_SGDClassifier(random_state=0).csv
analcatdata_draft_984,simpleimputer,ordinalencoder,kernel_pca,quantile,SGDClassifier(random_state=0),0,0.972972972972973,0.0030877590179443,0.0001513957977294,analcatdata_draft_984_results_SGDClassifier(random_state=0).csv
analcatdata_draft_984,simpleimputer,none,none,none,SGDClassifier(random_state=0),0,0.972972972972973,0.0028550624847412,0.000995397567749,analcatdata_draft_984_results_SGDClassifier(random_state=0).csv
analcatdata_draft_984,simpleimputer,ordinalencoder,feature_agglomeration,quantile,SGDClassifier(random_state=0),0,0.972972972972973,0.0017509460449218,0.0001401901245117,analcatdata_draft_984_results_SGDClassifier(random_state=0).csv
analcatdata_draft_984,simpleimputer,ordinalencoder,linear_svc,quantile,SGDClassifier(random_state=0),0,0.972972972972973,0.0017883777618408,0.0001213550567626,analcatdata_draft_984_results_SGDClassifier(random_state=0).csv
analcatdata_draft_984,simpleimputer,ordinalencoder,extra_tree,quantile,SGDClassifier(random_state=0),0,0.972972972972973,0.0015172958374023,0.0001201629638671,analcatdata_draft_984_results_SGDClassifier(random_state=0).csv
analcatdata_draft_984,simpleimputer,ordinalencoder,pca,quantile,SGDClassifier(random_state=0),0,0.972972972972973,0.0019106864929199,0.0001239776611328,analcatdata_draft_984_results_SGDClassifier(random_state=0).csv
analcatdata_draft_984,simpleimputer,ordinalencoder,none,quantile,SGDClassifier(random_state=0),0,0.972972972972973,0.0022745132446289,0.000136375427246,analcatdata_draft_984_results_SGDClassifier(random_state=0).csv
analcatdata_draft_984,simpleimputer,ordinalencoder,truncated_svd,standard,SGDClassifier(random_state=0),0,0.972972972972973,0.001556396484375,0.000117540359497,analcatdata_draft_984_results_SGDClassifier(random_state=0).csv
analcatdata_draft_984,simpleimputer,onehot,select_percentile,minmax,SGDClassifier(random_state=0),0,0.972972972972973,0.002514362335205,0.0001482963562011,analcatdata_draft_984_results_SGDClassifier(random_state=0).csv
analcatdata_draft_984,simpleimputer,ordinalencoder,truncated_svd,minmax,SGDClassifier(random_state=0),0,0.972972972972973,0.0016922950744628,0.0001163482666015,analcatdata_draft_984_results_SGDClassifier(random_state=0).csv
analcatdata_draft_984,simpleimputer,onehot,generic_univariate,minmax,SGDClassifier(random_state=0),0,0.972972972972973,0.0019736289978027,0.0001347064971923,analcatdata_draft_984_results_SGDClassifier(random_state=0).csv
analcatdata_draft_984,simpleimputer,onehot,fastica,minmax,SGDClassifier(random_state=0),0,0.972972972972973,0.0018205642700195,0.0001206398010253,analcatdata_draft_984_results_SGDClassifier(random_state=0).csv
analcatdata_draft_984,simpleimputer,onehot,truncated_svd,minmax,SGDClassifier(random_state=0),0,0.972972972972973,0.001760721206665,0.000145673751831,analcatdata_draft_984_results_SGDClassifier(random_state=0).csv
analcatdata_draft_984,simpleimputer,ordinalencoder,fastica,standard,SGDClassifier(random_state=0),0,0.972972972972973,0.0018119812011718,0.0001192092895507,analcatdata_draft_984_results_SGDClassifier(random_state=0).csv
analcatdata_draft_984,simpleimputer,ordinalencoder,none,minmax,SGDClassifier(random_state=0),0,0.972972972972973,0.0023224353790283,0.0001425743103027,analcatdata_draft_984_results_SGDClassifier(random_state=0).csv
analcatdata_draft_984,simpleimputer,ordinalencoder,pca,minmax,SGDClassifier(random_state=0),0,0.972972972972973,0.0018925666809082,0.0001232624053955,analcatdata_draft_984_results_SGDClassifier(random_state=0).csv
analcatdata_draft_984,simpleimputer,onehot,extra_tree,none,SGDClassifier(random_state=0),0,0.972972972972973,0.0014617443084716,0.0002152919769287,analcatdata_draft_984_results_SGDClassifier(random_state=0).csv
analcatdata_draft_984,simpleimputer,ordinalencoder,fastica,minmax,SGDClassifier(random_state=0),0,0.972972972972973,0.0017917156219482,0.0001192092895507,analcatdata_draft_984_results_SGDClassifier(random_state=0).csv
fri_c0_1000_50_904,none,onehot,extra_tree,minmax,SGDClassifier(random_state=0),3,0.86,0.0027379989624023,0.0001189708709716,fri_c0_1000_50_904_results_SGDClassifier(random_state=0).csv
fri_c0_1000_50_904,none,ordinalencoder,extra_tree,minmax,SGDClassifier(random_state=0),3,0.86,0.0029225349426269,0.0002167224884033,fri_c0_1000_50_904_results_SGDClassifier(random_state=0).csv
fri_c0_1000_50_904,simpleimputer,onehot,extra_tree,minmax,SGDClassifier(random_state=0),3,0.86,0.0025904178619384,0.0001113414764404,fri_c0_1000_50_904_results_SGDClassifier(random_state=0).csv
fri_c0_1000_50_904,none,none,extra_tree,minmax,SGDClassifier(random_state=0),3,0.86,0.0025832653045654,0.0001115798950195,fri_c0_1000_50_904_results_SGDClassifier(random_state=0).csv
fri_c0_1000_50_904,simpleimputer,ordinalencoder,extra_tree,minmax,SGDClassifier(random_state=0),3,0.86,0.0025784969329833,0.0001156330108642,fri_c0_1000_50_904_results_SGDClassifier(random_state=0).csv
fri_c0_1000_50_904,simpleimputer,none,extra_tree,minmax,SGDClassifier(random_state=0),3,0.86,0.0025310516357421,0.0001113414764404,fri_c0_1000_50_904_results_SGDClassifier(random_state=0).csv
fri_c0_1000_50_904,none,onehot,select_percentile,robust,SGDClassifier(random_state=0),3,0.855,0.0026783943176269,0.0001132488250732,fri_c0_1000_50_904_results_SGDClassifier(random_state=0).csv
fri_c0_1000_50_904,none,none,select_percentile,robust,SGDClassifier(random_state=0),3,0.855,0.0026905536651611,0.0001153945922851,fri_c0_1000_50_904_results_SGDClassifier(random_state=0).csv
fri_c0_1000_50_904,simpleimputer,ordinalencoder,select_percentile,robust,SGDClassifier(random_state=0),3,0.855,0.0026628971099853,0.0001113414764404,fri_c0_1000_50_904_results_SGDClassifier(random_state=0).csv
fri_c0_1000_50_904,simpleimputer,onehot,select_percentile,robust,SGDClassifier(random_state=0),3,0.855,0.0026805400848388,0.0001144409179687,fri_c0_1000_50_904_results_SGDClassifier(random_state=0).csv
fri_c0_1000_50_904,simpleimputer,none,select_percentile,robust,SGDClassifier(random_state=0),3,0.855,0.0026473999023437,0.0001308917999267,fri_c0_1000_50_904_results_SGDClassifier(random_state=0).csv
fri_c0_1000_50_904,none,ordinalencoder,select_percentile,robust,SGDClassifier(random_state=0),3,0.855,0.0026006698608398,0.0001101493835449,fri_c0_1000_50_904_results_SGDClassifier(random_state=0).csv
fri_c0_1000_50_904,none,none,linear_svc,quantile,SGDClassifier(random_state=0),3,0.85,0.0026018619537353,0.0001113414764404,fri_c0_1000_50_904_results_SGDClassifier(random_state=0).csv
fri_c0_1000_50_904,simpleimputer,none,extra_tree,robust,SGDClassifier(random_state=0),4,0.85,0.002805471420288,0.0001106262207031,fri_c0_1000_50_904_results_SGDClassifier(random_state=0).csv
fri_c0_1000_50_904,none,onehot,extra_tree,robust,SGDClassifier(random_state=0),4,0.85,0.0028321743011474,0.0001153945922851,fri_c0_1000_50_904_results_SGDClassifier(random_state=0).csv
fri_c0_1000_50_904,simpleimputer,onehot,extra_tree,robust,SGDClassifier(random_state=0),4,0.85,0.0027754306793212,0.0001111030578613,fri_c0_1000_50_904_results_SGDClassifier(random_state=0).csv
fri_c0_1000_50_904,simpleimputer,ordinalencoder,extra_tree,robust,SGDClassifier(random_state=0),4,0.85,0.0028364658355712,0.0001144409179687,fri_c0_1000_50_904_results_SGDClassifier(random_state=0).csv
fri_c0_1000_50_904,simpleimputer,none,linear_svc,quantile,SGDClassifier(random_state=0),3,0.85,0.0026984214782714,0.000115156173706,fri_c0_1000_50_904_results_SGDClassifier(random_state=0).csv
fri_c0_1000_50_904,none,onehot,linear_svc,quantile,SGDClassifier(random_state=0),3,0.85,0.002549409866333,0.000108003616333,fri_c0_1000_50_904_results_SGDClassifier(random_state=0).csv
fri_c0_1000_50_904,none,none,extra_tree,robust,SGDClassifier(random_state=0),4,0.85,0.0028488636016845,0.0001118183135986,fri_c0_1000_50_904_results_SGDClassifier(random_state=0).csv
breast-w_15,simpleimputer,none,feature_agglomeration,minmax,SGDClassifier(random_state=0),3,0.9928571428571428,0.0013880729675292,0.0001149177551269,breast-w_15_results_SGDClassifier(random_state=0).csv
breast-w_15,simpleimputer,none,truncated_svd,robust,SGDClassifier(random_state=0),3,0.9928571428571428,0.0016572475433349,0.0001130104064941,breast-w_15_results_SGDClassifier(random_state=0).csv
breast-w_15,simpleimputer,ordinalencoder,feature_agglomeration,minmax,SGDClassifier(random_state=0),3,0.9928571428571428,0.0015702247619628,0.0001173019409179,breast-w_15_results_SGDClassifier(random_state=0).csv
breast-w_15,simpleimputer,ordinalencoder,truncated_svd,robust,SGDClassifier(random_state=0),3,0.9928571428571428,0.0017082691192626,0.0001177787780761,breast-w_15_results_SGDClassifier(random_state=0).csv
breast-w_15,simpleimputer,onehot,truncated_svd,robust,SGDClassifier(random_state=0),3,0.9928571428571428,0.0016298294067382,0.0001113414764404,breast-w_15_results_SGDClassifier(random_state=0).csv
breast-w_15,simpleimputer,onehot,feature_agglomeration,minmax,SGDClassifier(random_state=0),3,0.9928571428571428,0.0015754699707031,0.0001733303070068,breast-w_15_results_SGDClassifier(random_state=0).csv
breast-w_15,simpleimputer,none,polynomial_features,none,SGDClassifier(random_state=0),1,0.9857142857142858,0.0027627944946289,0.0001223087310791,breast-w_15_results_SGDClassifier(random_state=0).csv
breast-w_15,simpleimputer,onehot,polynomial_features,robust,SGDClassifier(random_state=0),3,0.9857142857142858,0.0017898082733154,0.0001156330108642,breast-w_15_results_SGDClassifier(random_state=0).csv
breast-w_15,simpleimputer,none,polynomial_features,power,SGDClassifier(random_state=0),3,0.9857142857142858,0.0033464431762695,0.0001342296600341,breast-w_15_results_SGDClassifier(random_state=0).csv
breast-w_15,simpleimputer,ordinalencoder,truncated_svd,minmax,SGDClassifier(random_state=0),3,0.9857142857142858,0.0013813972473144,0.000110387802124,breast-w_15_results_SGDClassifier(random_state=0).csv
breast-w_15,simpleimputer,none,nystroem,none,SGDClassifier(random_state=0),1,0.9857142857142858,0.0053017139434814,0.0002346038818359,breast-w_15_results_SGDClassifier(random_state=0).csv
breast-w_15,simpleimputer,onehot,polynomial_features,quantile,SGDClassifier(random_state=0),0,0.9857142857142858,0.002511978149414,0.0001258850097656,breast-w_15_results_SGDClassifier(random_state=0).csv
breast-w_15,simpleimputer,none,nystroem,power,SGDClassifier(random_state=0),1,0.9857142857142858,0.0051100254058837,0.000277042388916,breast-w_15_results_SGDClassifier(random_state=0).csv
breast-w_15,simpleimputer,none,truncated_svd,minmax,SGDClassifier(random_state=0),3,0.9857142857142858,0.0014472007751464,0.000112771987915,breast-w_15_results_SGDClassifier(random_state=0).csv
breast-w_15,simpleimputer,none,truncated_svd,standard,SGDClassifier(random_state=0),1,0.9857142857142858,0.0015978813171386,0.0001137256622314,breast-w_15_results_SGDClassifier(random_state=0).csv
breast-w_15,simpleimputer,onehot,nystroem,standard,SGDClassifier(random_state=0),3,0.9857142857142858,0.0038368701934814,0.000185489654541,breast-w_15_results_SGDClassifier(random_state=0).csv
breast-w_15,simpleimputer,ordinalencoder,extra_tree,power,SGDClassifier(random_state=0),0,0.9857142857142858,0.0019099712371826,0.0001235008239746,breast-w_15_results_SGDClassifier(random_state=0).csv
breast-w_15,simpleimputer,ordinalencoder,truncated_svd,minmax,SGDClassifier(random_state=0),1,0.9857142857142858,0.0017075538635253,0.0001106262207031,breast-w_15_results_SGDClassifier(random_state=0).csv
breast-w_15,simpleimputer,none,extra_tree,quantile,SGDClassifier(random_state=0),3,0.9857142857142858,0.0016155242919921,0.000115156173706,breast-w_15_results_SGDClassifier(random_state=0).csv
breast-w_15,simpleimputer,ordinalencoder,polynomial_features,none,SGDClassifier(random_state=0),1,0.9857142857142858,0.0025751590728759,0.0001208782196044,breast-w_15_results_SGDClassifier(random_state=0).csv
chscase_census4_907,simpleimputer,ordinalencoder,nystroem,robust,SGDClassifier(random_state=0),3,0.6,0.0060722827911376,0.0001540184020996,chscase_census4_907_results_SGDClassifier(random_state=0).csv
chscase_census4_907,none,ordinalencoder,nystroem,robust,SGDClassifier(random_state=0),3,0.6,0.0062780380249023,0.0001916885375976,chscase_census4_907_results_SGDClassifier(random_state=0).csv
chscase_census4_907,simpleimputer,none,nystroem,robust,SGDClassifier(random_state=0),3,0.6,0.0062465667724609,0.0001544952392578,chscase_census4_907_results_SGDClassifier(random_state=0).csv
chscase_census4_907,none,none,nystroem,robust,SGDClassifier(random_state=0),3,0.6,0.0062861442565917,0.0001955032348632,chscase_census4_907_results_SGDClassifier(random_state=0).csv
chscase_census4_907,none,onehot,nystroem,robust,SGDClassifier(random_state=0),3,0.6,0.0061132907867431,0.0001547336578369,chscase_census4_907_results_SGDClassifier(random_state=0).csv
chscase_census4_907,simpleimputer,onehot,nystroem,robust,SGDClassifier(random_state=0),3,0.6,0.0061204433441162,0.0001540184020996,chscase_census4_907_results_SGDClassifier(random_state=0).csv
chscase_census4_907,simpleimputer,ordinalencoder,fastica,normalizer,SGDClassifier(random_state=0),0,0.5875,0.0019502639770507,0.0001251697540283,chscase_census4_907_results_SGDClassifier(random_state=0).csv
chscase_census4_907,none,onehot,rbf_sampler,none,SGDClassifier(random_state=0),1,0.5875,0.0042223930358886,0.0001819133758544,chscase_census4_907_results_SGDClassifier(random_state=0).csv
chscase_census4_907,simpleimputer,ordinalencoder,fastica,quantile,SGDClassifier(random_state=0),3,0.5875,0.0019817352294921,0.0001270771026611,chscase_census4_907_results_SGDClassifier(random_state=0).csv
chscase_census4_907,simpleimputer,onehot,rbf_sampler,none,SGDClassifier(random_state=0),1,0.5875,0.0059843063354492,0.0026435852050781,chscase_census4_907_results_SGDClassifier(random_state=0).csv
chscase_census4_907,none,none,fastica,quantile,SGDClassifier(random_state=0),3,0.5875,0.0019147396087646,0.0001471042633056,chscase_census4_907_results_SGDClassifier(random_state=0).csv
chscase_census4_907,none,none,rbf_sampler,quantile,SGDClassifier(random_state=0),1,0.5875,0.0060737133026123,0.0001568794250488,chscase_census4_907_results_SGDClassifier(random_state=0).csv
chscase_census4_907,simpleimputer,ordinalencoder,rbf_sampler,none,SGDClassifier(random_state=0),1,0.5875,0.0034704208374023,0.0001356601715087,chscase_census4_907_results_SGDClassifier(random_state=0).csv
chscase_census4_907,simpleimputer,none,fastica,normalizer,SGDClassifier(random_state=0),0,0.5875,0.0019059181213378,0.0001232624053955,chscase_census4_907_results_SGDClassifier(random_state=0).csv
chscase_census4_907,none,ordinalencoder,fastica,normalizer,SGDClassifier(random_state=0),0,0.5875,0.0019071102142333,0.0001249313354492,chscase_census4_907_results_SGDClassifier(random_state=0).csv
chscase_census4_907,simpleimputer,onehot,fastica,normalizer,SGDClassifier(random_state=0),0,0.5875,0.0021295547485351,0.0002105236053466,chscase_census4_907_results_SGDClassifier(random_state=0).csv
chscase_census4_907,none,ordinalencoder,rbf_sampler,quantile,SGDClassifier(random_state=0),1,0.5875,0.0062246322631835,0.0001516342163085,chscase_census4_907_results_SGDClassifier(random_state=0).csv
chscase_census4_907,simpleimputer,ordinalencoder,rbf_sampler,quantile,SGDClassifier(random_state=0),1,0.5875,0.0050740242004394,0.0001676082611083,chscase_census4_907_results_SGDClassifier(random_state=0).csv
chscase_census4_907,none,ordinalencoder,rbf_sampler,none,SGDClassifier(random_state=0),1,0.5875,0.003232717514038,0.0001318454742431,chscase_census4_907_results_SGDClassifier(random_state=0).csv
chscase_census4_907,simpleimputer,none,rbf_sampler,quantile,SGDClassifier(random_state=0),1,0.5875,0.0056521892547607,0.0002391338348388,chscase_census4_907_results_SGDClassifier(random_state=0).csv
autoUniv-au1-1000_1547,simpleimputer,ordinalencoder,polynomial_features,normalizer,SGDClassifier(random_state=0),4,0.79,0.0118131637573242,0.0001792907714843,autoUniv-au1-1000_1547_results_SGDClassifier(random_state=0).csv
autoUniv-au1-1000_1547,simpleimputer,ordinalencoder,nystroem,power,SGDClassifier(random_state=0),3,0.79,0.0094265937805175,0.0001900196075439,autoUniv-au1-1000_1547_results_SGDClassifier(random_state=0).csv
autoUniv-au1-1000_1547,none,none,nystroem,standard,SGDClassifier(random_state=0),3,0.79,0.0088434219360351,0.0001826286315917,autoUniv-au1-1000_1547_results_SGDClassifier(random_state=0).csv
autoUniv-au1-1000_1547,none,ordinalencoder,polynomial_features,normalizer,SGDClassifier(random_state=0),4,0.79,0.011754035949707,0.000190258026123,autoUniv-au1-1000_1547_results_SGDClassifier(random_state=0).csv
autoUniv-au1-1000_1547,simpleimputer,onehot,polynomial_features,normalizer,SGDClassifier(random_state=0),4,0.79,0.011782169342041,0.0001554489135742,autoUniv-au1-1000_1547_results_SGDClassifier(random_state=0).csv
autoUniv-au1-1000_1547,simpleimputer,onehot,nystroem,standard,SGDClassifier(random_state=0),3,0.79,0.0088825225830078,0.000192642211914,autoUniv-au1-1000_1547_results_SGDClassifier(random_state=0).csv
autoUniv-au1-1000_1547,simpleimputer,none,polynomial_features,normalizer,SGDClassifier(random_state=0),4,0.79,0.0119438171386718,0.0001873970031738,autoUniv-au1-1000_1547_results_SGDClassifier(random_state=0).csv
autoUniv-au1-1000_1547,none,none,polynomial_features,normalizer,SGDClassifier(random_state=0),4,0.79,0.0118079185485839,0.0001752376556396,autoUniv-au1-1000_1547_results_SGDClassifier(random_state=0).csv
autoUniv-au1-1000_1547,none,ordinalencoder,nystroem,power,SGDClassifier(random_state=0),3,0.79,0.0089282989501953,0.0001590251922607,autoUniv-au1-1000_1547_results_SGDClassifier(random_state=0).csv
autoUniv-au1-1000_1547,none,onehot,nystroem,power,SGDClassifier(random_state=0),3,0.79,0.009019136428833,0.0001616477966308,autoUniv-au1-1000_1547_results_SGDClassifier(random_state=0).csv
autoUniv-au1-1000_1547,simpleimputer,onehot,nystroem,power,SGDClassifier(random_state=0),3,0.79,0.008944034576416,0.0001628398895263,autoUniv-au1-1000_1547_results_SGDClassifier(random_state=0).csv
autoUniv-au1-1000_1547,none,none,nystroem,power,SGDClassifier(random_state=0),3,0.79,0.008944034576416,0.00016450881958,autoUniv-au1-1000_1547_results_SGDClassifier(random_state=0).csv
autoUniv-au1-1000_1547,simpleimputer,none,nystroem,power,SGDClassifier(random_state=0),3,0.79,0.0095705986022949,0.0001862049102783,autoUniv-au1-1000_1547_results_SGDClassifier(random_state=0).csv
autoUniv-au1-1000_1547,none,onehot,nystroem,standard,SGDClassifier(random_state=0),3,0.79,0.0091357231140136,0.0002331733703613,autoUniv-au1-1000_1547_results_SGDClassifier(random_state=0).csv
autoUniv-au1-1000_1547,none,ordinalencoder,nystroem,standard,SGDClassifier(random_state=0),3,0.79,0.0106949806213378,0.0002055168151855,autoUniv-au1-1000_1547_results_SGDClassifier(random_state=0).csv
autoUniv-au1-1000_1547,simpleimputer,ordinalencoder,nystroem,standard,SGDClassifier(random_state=0),3,0.79,0.0089221000671386,0.000159740447998,autoUniv-au1-1000_1547_results_SGDClassifier(random_state=0).csv
autoUniv-au1-1000_1547,simpleimputer,none,nystroem,standard,SGDClassifier(random_state=0),3,0.79,0.0088956356048583,0.000157356262207,autoUniv-au1-1000_1547_results_SGDClassifier(random_state=0).csv
autoUniv-au1-1000_1547,none,onehot,polynomial_features,normalizer,SGDClassifier(random_state=0),4,0.79,0.0118498802185058,0.0001842975616455,autoUniv-au1-1000_1547_results_SGDClassifier(random_state=0).csv
autoUniv-au1-1000_1547,simpleimputer,onehot,nystroem,none,SGDClassifier(random_state=0),1,0.785,0.0091357231140136,0.0001571178436279,autoUniv-au1-1000_1547_results_SGDClassifier(random_state=0).csv
autoUniv-au1-1000_1547,simpleimputer,onehot,nystroem,quantile,SGDClassifier(random_state=0),1,0.785,0.0094566345214843,0.0001664161682128,autoUniv-au1-1000_1547_results_SGDClassifier(random_state=0).csv
blogger_1463,simpleimputer,onehot,nystroem,standard,SGDClassifier(random_state=0),1,0.95,0.0015943050384521,0.0001425743103027,blogger_1463_results_SGDClassifier(random_state=0).csv
blogger_1463,simpleimputer,onehot,random_trees_embedding,none,SGDClassifier(random_state=0),3,0.95,0.0013949871063232,0.0001533031463623,blogger_1463_results_SGDClassifier(random_state=0).csv
blogger_1463,simpleimputer,ordinalencoder,random_trees_embedding,power,SGDClassifier(random_state=0),3,0.95,0.0015530586242675,0.0001671314239501,blogger_1463_results_SGDClassifier(random_state=0).csv
blogger_1463,none,onehot,rbf_sampler,normalizer,SGDClassifier(random_state=0),3,0.95,0.0016834735870361,0.0001382827758789,blogger_1463_results_SGDClassifier(random_state=0).csv
blogger_1463,simpleimputer,onehot,random_trees_embedding,normalizer,SGDClassifier(random_state=0),3,0.95,0.001380443572998,0.0001349449157714,blogger_1463_results_SGDClassifier(random_state=0).csv
blogger_1463,simpleimputer,onehot,rbf_sampler,normalizer,SGDClassifier(random_state=0),1,0.95,0.0013818740844726,0.0001351833343505,blogger_1463_results_SGDClassifier(random_state=0).csv
blogger_1463,none,onehot,random_trees_embedding,normalizer,SGDClassifier(random_state=0),3,0.95,0.0014653205871582,0.0001552104949951,blogger_1463_results_SGDClassifier(random_state=0).csv
blogger_1463,simpleimputer,ordinalencoder,random_trees_embedding,minmax,SGDClassifier(random_state=0),3,0.95,0.0015089511871337,0.0001819133758544,blogger_1463_results_SGDClassifier(random_state=0).csv
blogger_1463,simpleimputer,onehot,nystroem,power,SGDClassifier(random_state=0),1,0.95,0.001643419265747,0.0001461505889892,blogger_1463_results_SGDClassifier(random_state=0).csv
blogger_1463,simpleimputer,ordinalencoder,rbf_sampler,minmax,SGDClassifier(random_state=0),3,0.95,0.0013108253479003,0.0001165866851806,blogger_1463_results_SGDClassifier(random_state=0).csv
blogger_1463,none,ordinalencoder,rbf_sampler,standard,SGDClassifier(random_state=0),3,0.95,0.001335859298706,0.0001266002655029,blogger_1463_results_SGDClassifier(random_state=0).csv
blogger_1463,none,ordinalencoder,rbf_sampler,standard,SGDClassifier(random_state=0),4,0.95,0.0012838840484619,0.0001184940338134,blogger_1463_results_SGDClassifier(random_state=0).csv
blogger_1463,none,onehot,nystroem,power,SGDClassifier(random_state=0),1,0.95,0.0015361309051513,0.0001378059387207,blogger_1463_results_SGDClassifier(random_state=0).csv
blogger_1463,none,onehot,random_trees_embedding,minmax,SGDClassifier(random_state=0),3,0.95,0.0013775825500488,0.0001335144042968,blogger_1463_results_SGDClassifier(random_state=0).csv
blogger_1463,none,ordinalencoder,random_trees_embedding,standard,SGDClassifier(random_state=0),3,0.95,0.0014619827270507,0.0001354217529296,blogger_1463_results_SGDClassifier(random_state=0).csv
blogger_1463,none,onehot,nystroem,minmax,SGDClassifier(random_state=0),3,0.95,0.0017194747924804,0.0001423358917236,blogger_1463_results_SGDClassifier(random_state=0).csv
blogger_1463,simpleimputer,onehot,random_trees_embedding,standard,SGDClassifier(random_state=0),3,0.95,0.0013434886932373,0.0001323223114013,blogger_1463_results_SGDClassifier(random_state=0).csv
blogger_1463,none,onehot,random_trees_embedding,standard,SGDClassifier(random_state=0),3,0.95,0.0013899803161621,0.0002422332763671,blogger_1463_results_SGDClassifier(random_state=0).csv
blogger_1463,simpleimputer,ordinalencoder,random_trees_embedding,normalizer,SGDClassifier(random_state=0),1,0.95,0.0014042854309082,0.0001611709594726,blogger_1463_results_SGDClassifier(random_state=0).csv
blogger_1463,none,onehot,rbf_sampler,minmax,SGDClassifier(random_state=0),3,0.95,0.0016543865203857,0.0001502037048339,blogger_1463_results_SGDClassifier(random_state=0).csv
analcatdata_reviewer_1008,none,onehot,rbf_sampler,normalizer,SGDClassifier(random_state=0),2,0.7236842105263158,0.0037765502929687,0.0001287460327148,analcatdata_reviewer_1008_results_SGDClassifier(random_state=0).csv
analcatdata_reviewer_1008,simpleimputer,onehot,rbf_sampler,normalizer,SGDClassifier(random_state=0),2,0.7236842105263158,0.0036849975585937,0.0001313686370849,analcatdata_reviewer_1008_results_SGDClassifier(random_state=0).csv
analcatdata_reviewer_1008,none,onehot,nystroem,minmax,SGDClassifier(random_state=0),2,0.7105263157894737,0.0039801597595214,0.0001463890075683,analcatdata_reviewer_1008_results_SGDClassifier(random_state=0).csv
analcatdata_reviewer_1008,none,onehot,nystroem,quantile,SGDClassifier(random_state=0),2,0.7105263157894737,0.0036704540252685,0.0001354217529296,analcatdata_reviewer_1008_results_SGDClassifier(random_state=0).csv
analcatdata_reviewer_1008,simpleimputer,onehot,nystroem,quantile,SGDClassifier(random_state=0),2,0.7105263157894737,0.0065138339996337,0.0001928806304931,analcatdata_reviewer_1008_results_SGDClassifier(random_state=0).csv
analcatdata_reviewer_1008,simpleimputer,onehot,nystroem,none,SGDClassifier(random_state=0),2,0.7105263157894737,0.0035116672515869,0.000232458114624,analcatdata_reviewer_1008_results_SGDClassifier(random_state=0).csv
analcatdata_reviewer_1008,simpleimputer,onehot,nystroem,minmax,SGDClassifier(random_state=0),2,0.7105263157894737,0.0041813850402832,0.0004146099090576,analcatdata_reviewer_1008_results_SGDClassifier(random_state=0).csv
analcatdata_reviewer_1008,none,onehot,nystroem,none,SGDClassifier(random_state=0),2,0.7105263157894737,0.0041656494140625,0.0001564025878906,analcatdata_reviewer_1008_results_SGDClassifier(random_state=0).csv
analcatdata_reviewer_1008,none,onehot,nystroem,robust,SGDClassifier(random_state=0),2,0.7105263157894737,0.0037558078765869,0.0001673698425292,analcatdata_reviewer_1008_results_SGDClassifier(random_state=0).csv
analcatdata_reviewer_1008,simpleimputer,onehot,nystroem,robust,SGDClassifier(random_state=0),2,0.7105263157894737,0.0038254261016845,0.0001420974731445,analcatdata_reviewer_1008_results_SGDClassifier(random_state=0).csv
analcatdata_reviewer_1008,simpleimputer,ordinalencoder,nystroem,minmax,SGDClassifier(random_state=0),2,0.7105263157894737,0.0037074089050292,0.0001320838928222,analcatdata_reviewer_1008_results_SGDClassifier(random_state=0).csv
analcatdata_reviewer_1008,none,onehot,rbf_sampler,normalizer,SGDClassifier(random_state=0),4,0.7066666666666667,0.0023186206817626,0.0001220703125,analcatdata_reviewer_1008_results_SGDClassifier(random_state=0).csv
analcatdata_reviewer_1008,simpleimputer,onehot,rbf_sampler,normalizer,SGDClassifier(random_state=0),4,0.7066666666666667,0.0023126602172851,0.0001196861267089,analcatdata_reviewer_1008_results_SGDClassifier(random_state=0).csv
analcatdata_reviewer_1008,none,onehot,truncated_svd,standard,SGDClassifier(random_state=0),2,0.6973684210526315,0.0015993118286132,0.0001118183135986,analcatdata_reviewer_1008_results_SGDClassifier(random_state=0).csv
analcatdata_reviewer_1008,simpleimputer,onehot,truncated_svd,standard,SGDClassifier(random_state=0),2,0.6973684210526315,0.0017578601837158,0.0001165866851806,analcatdata_reviewer_1008_results_SGDClassifier(random_state=0).csv
analcatdata_reviewer_1008,simpleimputer,onehot,truncated_svd,power,SGDClassifier(random_state=0),2,0.6973684210526315,0.0016336441040039,0.0001068115234375,analcatdata_reviewer_1008_results_SGDClassifier(random_state=0).csv
analcatdata_reviewer_1008,simpleimputer,ordinalencoder,nystroem,quantile,SGDClassifier(random_state=0),2,0.6973684210526315,0.0038676261901855,0.0001389980316162,analcatdata_reviewer_1008_results_SGDClassifier(random_state=0).csv
analcatdata_reviewer_1008,none,onehot,truncated_svd,power,SGDClassifier(random_state=0),2,0.6973684210526315,0.0017168521881103,0.0001108646392822,analcatdata_reviewer_1008_results_SGDClassifier(random_state=0).csv
analcatdata_reviewer_1008,simpleimputer,onehot,extra_tree,normalizer,SGDClassifier(random_state=0),4,0.6933333333333334,0.0017945766448974,0.0001218318939208,analcatdata_reviewer_1008_results_SGDClassifier(random_state=0).csv
analcatdata_reviewer_1008,none,onehot,extra_tree,normalizer,SGDClassifier(random_state=0),4,0.6933333333333334,0.0016696453094482,0.0001099109649658,analcatdata_reviewer_1008_results_SGDClassifier(random_state=0).csv
chscase_whale_939,simpleimputer,none,select_percentile,none,SGDClassifier(random_state=0),3,1.0,0.00118088722229,0.0001142024993896,chscase_whale_939_results_SGDClassifier(random_state=0).csv
chscase_whale_939,simpleimputer,none,select_percentile,none,SGDClassifier(random_state=0),2,1.0,0.0011160373687744,0.0001146793365478,chscase_whale_939_results_SGDClassifier(random_state=0).csv
chscase_whale_939,simpleimputer,ordinalencoder,kernel_pca,quantile,SGDClassifier(random_state=0),3,1.0,0.0014705657958984,0.0001757144927978,chscase_whale_939_results_SGDClassifier(random_state=0).csv
chscase_whale_939,simpleimputer,ordinalencoder,kernel_pca,quantile,SGDClassifier(random_state=0),2,1.0,0.0016236305236816,0.0001413822174072,chscase_whale_939_results_SGDClassifier(random_state=0).csv
chscase_whale_939,simpleimputer,ordinalencoder,kernel_pca,quantile,SGDClassifier(random_state=0),1,1.0,0.0015263557434082,0.0001449584960937,chscase_whale_939_results_SGDClassifier(random_state=0).csv
chscase_whale_939,simpleimputer,none,select_percentile,none,SGDClassifier(random_state=0),1,1.0,0.0011067390441894,0.0001153945922851,chscase_whale_939_results_SGDClassifier(random_state=0).csv
chscase_whale_939,simpleimputer,none,generic_univariate,none,SGDClassifier(random_state=0),3,1.0,0.0013806819915771,0.0001325607299804,chscase_whale_939_results_SGDClassifier(random_state=0).csv
chscase_whale_939,simpleimputer,ordinalencoder,linear_svc,quantile,SGDClassifier(random_state=0),3,1.0,0.0011389255523681,0.0001139640808105,chscase_whale_939_results_SGDClassifier(random_state=0).csv
chscase_whale_939,simpleimputer,ordinalencoder,linear_svc,quantile,SGDClassifier(random_state=0),2,1.0,0.0010652542114257,0.0001137256622314,chscase_whale_939_results_SGDClassifier(random_state=0).csv
chscase_whale_939,simpleimputer,ordinalencoder,linear_svc,quantile,SGDClassifier(random_state=0),1,1.0,0.0010690689086914,0.0001375675201416,chscase_whale_939_results_SGDClassifier(random_state=0).csv
chscase_whale_939,simpleimputer,none,generic_univariate,none,SGDClassifier(random_state=0),2,1.0,0.0012965202331542,0.0001239776611328,chscase_whale_939_results_SGDClassifier(random_state=0).csv
chscase_whale_939,simpleimputer,none,generic_univariate,none,SGDClassifier(random_state=0),1,1.0,0.0010926723480224,0.000115156173706,chscase_whale_939_results_SGDClassifier(random_state=0).csv
chscase_whale_939,simpleimputer,onehot,pca,quantile,SGDClassifier(random_state=0),1,1.0,0.0012845993041992,0.000126838684082,chscase_whale_939_results_SGDClassifier(random_state=0).csv
chscase_whale_939,simpleimputer,onehot,pca,quantile,SGDClassifier(random_state=0),2,1.0,0.0018362998962402,0.0001533031463623,chscase_whale_939_results_SGDClassifier(random_state=0).csv
chscase_whale_939,simpleimputer,onehot,pca,quantile,SGDClassifier(random_state=0),3,1.0,0.0015969276428222,0.0001924037933349,chscase_whale_939_results_SGDClassifier(random_state=0).csv
chscase_whale_939,simpleimputer,onehot,fastica,quantile,SGDClassifier(random_state=0),1,1.0,0.0013563632965087,0.0001251697540283,chscase_whale_939_results_SGDClassifier(random_state=0).csv
chscase_whale_939,simpleimputer,onehot,fastica,quantile,SGDClassifier(random_state=0),2,1.0,0.0012674331665039,0.0001194477081298,chscase_whale_939_results_SGDClassifier(random_state=0).csv
chscase_whale_939,simpleimputer,onehot,fastica,quantile,SGDClassifier(random_state=0),3,1.0,0.001326560974121,0.0001192092895507,chscase_whale_939_results_SGDClassifier(random_state=0).csv
chscase_whale_939,simpleimputer,onehot,truncated_svd,quantile,SGDClassifier(random_state=0),1,1.0,0.00128173828125,0.0001173019409179,chscase_whale_939_results_SGDClassifier(random_state=0).csv
chscase_whale_939,simpleimputer,onehot,truncated_svd,quantile,SGDClassifier(random_state=0),2,1.0,0.0010955333709716,0.000115156173706,chscase_whale_939_results_SGDClassifier(random_state=0).csv
Smartphone-Based_Recognition_of_Human_Activities_4153,none,ordinalencoder,kernel_pca,quantile,SGDClassifier(random_state=0),3,1.0,0.005131721496582,0.0001943111419677,Smartphone-Based_Recognition_of_Human_Activities_4153_results_SGDClassifier(random_state=0).csv
Smartphone-Based_Recognition_of_Human_Activities_4153,none,none,pca,quantile,SGDClassifier(random_state=0),3,1.0,0.0050139427185058,0.0002288818359375,Smartphone-Based_Recognition_of_Human_Activities_4153_results_SGDClassifier(random_state=0).csv
Smartphone-Based_Recognition_of_Human_Activities_4153,none,none,none,minmax,SGDClassifier(random_state=0),1,1.0,0.0055291652679443,0.0001959800720214,Smartphone-Based_Recognition_of_Human_Activities_4153_results_SGDClassifier(random_state=0).csv
Smartphone-Based_Recognition_of_Human_Activities_4153,simpleimputer,ordinalencoder,nystroem,quantile,SGDClassifier(random_state=0),3,1.0,0.0066561698913574,0.0001919269561767,Smartphone-Based_Recognition_of_Human_Activities_4153_results_SGDClassifier(random_state=0).csv
Smartphone-Based_Recognition_of_Human_Activities_4153,simpleimputer,ordinalencoder,linear_svc,standard,SGDClassifier(random_state=0),3,1.0,0.0035648345947265,0.0001599788665771,Smartphone-Based_Recognition_of_Human_Activities_4153_results_SGDClassifier(random_state=0).csv
Smartphone-Based_Recognition_of_Human_Activities_4153,none,none,random_trees_embedding,power,SGDClassifier(random_state=0),0,1.0,0.0044178962707519,0.0002012252807617,Smartphone-Based_Recognition_of_Human_Activities_4153_results_SGDClassifier(random_state=0).csv
Smartphone-Based_Recognition_of_Human_Activities_4153,none,ordinalencoder,random_trees_embedding,power,SGDClassifier(random_state=0),0,1.0,0.0042023658752441,0.0001957416534423,Smartphone-Based_Recognition_of_Human_Activities_4153_results_SGDClassifier(random_state=0).csv
Smartphone-Based_Recognition_of_Human_Activities_4153,none,none,polynomial_features,minmax,SGDClassifier(random_state=0),3,1.0,0.0306313037872314,0.0003736019134521,Smartphone-Based_Recognition_of_Human_Activities_4153_results_SGDClassifier(random_state=0).csv
Smartphone-Based_Recognition_of_Human_Activities_4153,none,onehot,none,minmax,SGDClassifier(random_state=0),1,1.0,0.0051038265228271,0.0001864433288574,Smartphone-Based_Recognition_of_Human_Activities_4153_results_SGDClassifier(random_state=0).csv
Smartphone-Based_Recognition_of_Human_Activities_4153,none,none,linear_svc,standard,SGDClassifier(random_state=0),3,1.0,0.0035295486450195,0.0001633167266845,Smartphone-Based_Recognition_of_Human_Activities_4153_results_SGDClassifier(random_state=0).csv
Smartphone-Based_Recognition_of_Human_Activities_4153,none,none,kernel_pca,standard,SGDClassifier(random_state=0),1,1.0,0.0057845115661621,0.0002105236053466,Smartphone-Based_Recognition_of_Human_Activities_4153_results_SGDClassifier(random_state=0).csv
Smartphone-Based_Recognition_of_Human_Activities_4153,none,ordinalencoder,linear_svc,quantile,SGDClassifier(random_state=0),3,1.0,0.0037391185760498,0.0001885890960693,Smartphone-Based_Recognition_of_Human_Activities_4153_results_SGDClassifier(random_state=0).csv
Smartphone-Based_Recognition_of_Human_Activities_4153,none,none,pca,standard,SGDClassifier(random_state=0),1,1.0,0.0081655979156494,0.0002627372741699,Smartphone-Based_Recognition_of_Human_Activities_4153_results_SGDClassifier(random_state=0).csv
Smartphone-Based_Recognition_of_Human_Activities_4153,none,none,extra_tree,standard,SGDClassifier(random_state=0),3,1.0,0.0037355422973632,0.0001931190490722,Smartphone-Based_Recognition_of_Human_Activities_4153_results_SGDClassifier(random_state=0).csv
Smartphone-Based_Recognition_of_Human_Activities_4153,simpleimputer,onehot,none,minmax,SGDClassifier(random_state=0),1,1.0,0.0057380199432373,0.000211477279663,Smartphone-Based_Recognition_of_Human_Activities_4153_results_SGDClassifier(random_state=0).csv
Smartphone-Based_Recognition_of_Human_Activities_4153,simpleimputer,none,random_trees_embedding,power,SGDClassifier(random_state=0),0,1.0,0.0042107105255126,0.0001904964447021,Smartphone-Based_Recognition_of_Human_Activities_4153_results_SGDClassifier(random_state=0).csv
Smartphone-Based_Recognition_of_Human_Activities_4153,simpleimputer,none,polynomial_features,quantile,SGDClassifier(random_state=0),3,1.0,0.0308587551116943,0.0003561973571777,Smartphone-Based_Recognition_of_Human_Activities_4153_results_SGDClassifier(random_state=0).csv
Smartphone-Based_Recognition_of_Human_Activities_4153,simpleimputer,none,nystroem,quantile,SGDClassifier(random_state=0),3,1.0,0.0066621303558349,0.0001938343048095,Smartphone-Based_Recognition_of_Human_Activities_4153_results_SGDClassifier(random_state=0).csv
Smartphone-Based_Recognition_of_Human_Activities_4153,none,ordinalencoder,extra_tree,standard,SGDClassifier(random_state=0),3,1.0,0.0036842823028564,0.0001630783081054,Smartphone-Based_Recognition_of_Human_Activities_4153_results_SGDClassifier(random_state=0).csv
Smartphone-Based_Recognition_of_Human_Activities_4153,none,ordinalencoder,kernel_pca,standard,SGDClassifier(random_state=0),1,1.0,0.00527024269104,0.0001907348632812,Smartphone-Based_Recognition_of_Human_Activities_4153_results_SGDClassifier(random_state=0).csv
bodyfat_778,simpleimputer,ordinalencoder,linear_svc,quantile,SGDClassifier(random_state=0),2,1.0,0.0011911392211914,0.0001132488250732,bodyfat_778_results_SGDClassifier(random_state=0).csv
bodyfat_778,simpleimputer,ordinalencoder,select_percentile,quantile,SGDClassifier(random_state=0),3,1.0,0.0012269020080566,0.0001156330108642,bodyfat_778_results_SGDClassifier(random_state=0).csv
bodyfat_778,simpleimputer,ordinalencoder,truncated_svd,quantile,SGDClassifier(random_state=0),1,1.0,0.0012195110321044,0.0001120567321777,bodyfat_778_results_SGDClassifier(random_state=0).csv
bodyfat_778,simpleimputer,ordinalencoder,fastica,quantile,SGDClassifier(random_state=0),3,1.0,0.0012362003326416,0.0001428127288818,bodyfat_778_results_SGDClassifier(random_state=0).csv
bodyfat_778,none,onehot,select_percentile,quantile,SGDClassifier(random_state=0),3,1.0,0.0011689662933349,0.0001118183135986,bodyfat_778_results_SGDClassifier(random_state=0).csv
bodyfat_778,none,onehot,select_percentile,power,SGDClassifier(random_state=0),0,1.0,0.0011472702026367,0.000112771987915,bodyfat_778_results_SGDClassifier(random_state=0).csv
bodyfat_778,none,onehot,select_percentile,power,SGDClassifier(random_state=0),1,1.0,0.0012500286102294,0.0001213550567626,bodyfat_778_results_SGDClassifier(random_state=0).csv
bodyfat_778,none,onehot,select_percentile,power,SGDClassifier(random_state=0),2,1.0,0.0012252330780029,0.0001153945922851,bodyfat_778_results_SGDClassifier(random_state=0).csv
bodyfat_778,none,onehot,generic_univariate,power,SGDClassifier(random_state=0),0,1.0,0.0012083053588867,0.0001099109649658,bodyfat_778_results_SGDClassifier(random_state=0).csv
bodyfat_778,none,onehot,generic_univariate,power,SGDClassifier(random_state=0),1,1.0,0.0011899471282958,0.0001132488250732,bodyfat_778_results_SGDClassifier(random_state=0).csv
bodyfat_778,none,onehot,generic_univariate,power,SGDClassifier(random_state=0),2,1.0,0.0011656284332275,0.0001122951507568,bodyfat_778_results_SGDClassifier(random_state=0).csv
bodyfat_778,none,onehot,generic_univariate,power,SGDClassifier(random_state=0),3,1.0,0.0012702941894531,0.0001528263092041,bodyfat_778_results_SGDClassifier(random_state=0).csv
bodyfat_778,none,onehot,fastica,quantile,SGDClassifier(random_state=0),3,1.0,0.0011694431304931,0.0001144409179687,bodyfat_778_results_SGDClassifier(random_state=0).csv
bodyfat_778,none,onehot,truncated_svd,quantile,SGDClassifier(random_state=0),1,1.0,0.0012340545654296,0.0001158714294433,bodyfat_778_results_SGDClassifier(random_state=0).csv
bodyfat_778,none,onehot,kernel_pca,power,SGDClassifier(random_state=0),2,1.0,0.0017163753509521,0.0001871585845947,bodyfat_778_results_SGDClassifier(random_state=0).csv
bodyfat_778,none,onehot,linear_svc,quantile,SGDClassifier(random_state=0),2,1.0,0.0011966228485107,0.0001177787780761,bodyfat_778_results_SGDClassifier(random_state=0).csv
bodyfat_778,none,onehot,kernel_pca,quantile,SGDClassifier(random_state=0),1,1.0,0.0016670227050781,0.0001804828643798,bodyfat_778_results_SGDClassifier(random_state=0).csv
bodyfat_778,none,onehot,pca,quantile,SGDClassifier(random_state=0),1,1.0,0.0013365745544433,0.000119924545288,bodyfat_778_results_SGDClassifier(random_state=0).csv
bodyfat_778,simpleimputer,ordinalencoder,linear_svc,power,SGDClassifier(random_state=0),2,1.0,0.0010902881622314,0.0001130104064941,bodyfat_778_results_SGDClassifier(random_state=0).csv
bodyfat_778,none,none,select_percentile,standard,SGDClassifier(random_state=0),3,1.0,0.0011718273162841,0.0001146793365478,bodyfat_778_results_SGDClassifier(random_state=0).csv
socmob_934,simpleimputer,onehot,fastica,robust,SGDClassifier(random_state=0),4,0.9696969696969696,0.0030379295349121,0.0001657009124755,socmob_934_results_SGDClassifier(random_state=0).csv
socmob_934,simpleimputer,onehot,pca,robust,SGDClassifier(random_state=0),2,0.9696969696969696,0.0028252601623535,0.0001547336578369,socmob_934_results_SGDClassifier(random_state=0).csv
socmob_934,none,onehot,fastica,robust,SGDClassifier(random_state=0),4,0.9696969696969696,0.0038707256317138,0.0001897811889648,socmob_934_results_SGDClassifier(random_state=0).csv
socmob_934,simpleimputer,onehot,kernel_pca,robust,SGDClassifier(random_state=0),2,0.9696969696969696,0.0038356781005859,0.0001959800720214,socmob_934_results_SGDClassifier(random_state=0).csv
socmob_934,none,onehot,kernel_pca,robust,SGDClassifier(random_state=0),2,0.9696969696969696,0.0038318634033203,0.000220775604248,socmob_934_results_SGDClassifier(random_state=0).csv
socmob_934,none,onehot,pca,robust,SGDClassifier(random_state=0),2,0.9696969696969696,0.0029113292694091,0.0001938343048095,socmob_934_results_SGDClassifier(random_state=0).csv
socmob_934,simpleimputer,onehot,fastica,robust,SGDClassifier(random_state=0),0,0.9655172413793104,0.0043323040008544,0.0001666545867919,socmob_934_results_SGDClassifier(random_state=0).csv
socmob_934,none,onehot,fastica,robust,SGDClassifier(random_state=0),0,0.9655172413793104,0.0044302940368652,0.000162124633789,socmob_934_results_SGDClassifier(random_state=0).csv
socmob_934,simpleimputer,ordinalencoder,random_trees_embedding,quantile,SGDClassifier(random_state=0),3,0.9653679653679652,0.0034620761871337,0.0001862049102783,socmob_934_results_SGDClassifier(random_state=0).csv
socmob_934,none,ordinalencoder,random_trees_embedding,quantile,SGDClassifier(random_state=0),3,0.9653679653679652,0.0036392211914062,0.0002329349517822,socmob_934_results_SGDClassifier(random_state=0).csv
socmob_934,none,onehot,nystroem,quantile,SGDClassifier(random_state=0),3,0.961038961038961,0.007465124130249,0.0002064704895019,socmob_934_results_SGDClassifier(random_state=0).csv
socmob_934,simpleimputer,onehot,nystroem,quantile,SGDClassifier(random_state=0),3,0.961038961038961,0.0072329044342041,0.0002293586730957,socmob_934_results_SGDClassifier(random_state=0).csv
socmob_934,simpleimputer,ordinalencoder,random_trees_embedding,minmax,SGDClassifier(random_state=0),3,0.961038961038961,0.0037007331848144,0.0002200603485107,socmob_934_results_SGDClassifier(random_state=0).csv
socmob_934,simpleimputer,onehot,random_trees_embedding,robust,SGDClassifier(random_state=0),2,0.961038961038961,0.0046706199645996,0.0001893043518066,socmob_934_results_SGDClassifier(random_state=0).csv
socmob_934,simpleimputer,ordinalencoder,random_trees_embedding,none,SGDClassifier(random_state=0),3,0.961038961038961,0.0036258697509765,0.0001904964447021,socmob_934_results_SGDClassifier(random_state=0).csv
socmob_934,simpleimputer,onehot,none,robust,SGDClassifier(random_state=0),4,0.961038961038961,0.0026707649230957,0.0001556873321533,socmob_934_results_SGDClassifier(random_state=0).csv
socmob_934,none,onehot,random_trees_embedding,minmax,SGDClassifier(random_state=0),2,0.961038961038961,0.0047328472137451,0.000197410583496,socmob_934_results_SGDClassifier(random_state=0).csv
socmob_934,none,onehot,random_trees_embedding,none,SGDClassifier(random_state=0),2,0.961038961038961,0.0047574043273925,0.000270128250122,socmob_934_results_SGDClassifier(random_state=0).csv
socmob_934,none,ordinalencoder,random_trees_embedding,minmax,SGDClassifier(random_state=0),3,0.961038961038961,0.003568410873413,0.0002224445343017,socmob_934_results_SGDClassifier(random_state=0).csv
socmob_934,simpleimputer,onehot,random_trees_embedding,none,SGDClassifier(random_state=0),2,0.961038961038961,0.0045313835144042,0.0001945495605468,socmob_934_results_SGDClassifier(random_state=0).csv
servo_747,simpleimputer,ordinalencoder,polynomial_features,quantile,SGDClassifier(random_state=0),2,1.0,0.0012028217315673,0.0001232624053955,servo_747_results_SGDClassifier(random_state=0).csv
servo_747,simpleimputer,ordinalencoder,kernel_pca,quantile,SGDClassifier(random_state=0),2,1.0,0.001699686050415,0.0001561641693115,servo_747_results_SGDClassifier(random_state=0).csv
servo_747,none,ordinalencoder,fastica,minmax,SGDClassifier(random_state=0),1,1.0,0.001206636428833,0.0001218318939208,servo_747_results_SGDClassifier(random_state=0).csv
servo_747,none,onehot,none,power,SGDClassifier(random_state=0),1,1.0,0.0013954639434814,0.0001301765441894,servo_747_results_SGDClassifier(random_state=0).csv
servo_747,none,onehot,kernel_pca,normalizer,SGDClassifier(random_state=0),2,1.0,0.0016417503356933,0.000140905380249,servo_747_results_SGDClassifier(random_state=0).csv
servo_747,simpleimputer,onehot,pca,robust,SGDClassifier(random_state=0),1,1.0,0.0012426376342773,0.0001192092895507,servo_747_results_SGDClassifier(random_state=0).csv
servo_747,none,onehot,pca,power,SGDClassifier(random_state=0),1,1.0,0.0012507438659667,0.0001201629638671,servo_747_results_SGDClassifier(random_state=0).csv
servo_747,none,onehot,linear_svc,none,SGDClassifier(random_state=0),1,1.0,0.0012109279632568,0.0001213550567626,servo_747_results_SGDClassifier(random_state=0).csv
servo_747,simpleimputer,ordinalencoder,pca,quantile,SGDClassifier(random_state=0),2,1.0,0.0011718273162841,0.0001192092895507,servo_747_results_SGDClassifier(random_state=0).csv
servo_747,none,ordinalencoder,polynomial_features,robust,SGDClassifier(random_state=0),1,1.0,0.0011935234069824,0.0001223087310791,servo_747_results_SGDClassifier(random_state=0).csv
servo_747,simpleimputer,ordinalencoder,fastica,robust,SGDClassifier(random_state=0),1,1.0,0.001190185546875,0.0001194477081298,servo_747_results_SGDClassifier(random_state=0).csv
servo_747,none,ordinalencoder,pca,robust,SGDClassifier(random_state=0),1,1.0,0.001462697982788,0.0001361370086669,servo_747_results_SGDClassifier(random_state=0).csv
servo_747,none,ordinalencoder,fastica,standard,SGDClassifier(random_state=0),1,1.0,0.0011966228485107,0.0001204013824462,servo_747_results_SGDClassifier(random_state=0).csv
servo_747,none,ordinalencoder,fastica,robust,SGDClassifier(random_state=0),1,1.0,0.001317024230957,0.0001487731933593,servo_747_results_SGDClassifier(random_state=0).csv
servo_747,simpleimputer,ordinalencoder,none,robust,SGDClassifier(random_state=0),2,1.0,0.0013699531555175,0.0001595020294189,servo_747_results_SGDClassifier(random_state=0).csv
servo_747,simpleimputer,ordinalencoder,pca,robust,SGDClassifier(random_state=0),2,1.0,0.0012557506561279,0.0001187324523925,servo_747_results_SGDClassifier(random_state=0).csv
servo_747,simpleimputer,ordinalencoder,pca,robust,SGDClassifier(random_state=0),1,1.0,0.0012297630310058,0.0001196861267089,servo_747_results_SGDClassifier(random_state=0).csv
servo_747,simpleimputer,ordinalencoder,nystroem,robust,SGDClassifier(random_state=0),1,1.0,0.0018308162689208,0.0001497268676757,servo_747_results_SGDClassifier(random_state=0).csv
servo_747,simpleimputer,ordinalencoder,polynomial_features,robust,SGDClassifier(random_state=0),1,1.0,0.0023064613342285,0.0002305507659912,servo_747_results_SGDClassifier(random_state=0).csv
servo_747,simpleimputer,ordinalencoder,kernel_pca,robust,SGDClassifier(random_state=0),2,1.0,0.0016775131225585,0.0001459121704101,servo_747_results_SGDClassifier(random_state=0).csv
KnuggetChase3_1448,simpleimputer,onehot,random_trees_embedding,quantile,SGDClassifier(random_state=0),4,0.9210526315789472,0.0013954639434814,0.000176191329956,KnuggetChase3_1448_results_SGDClassifier(random_state=0).csv
KnuggetChase3_1448,none,ordinalencoder,random_trees_embedding,quantile,SGDClassifier(random_state=0),4,0.9210526315789472,0.0014605522155761,0.0001580715179443,KnuggetChase3_1448_results_SGDClassifier(random_state=0).csv
KnuggetChase3_1448,none,none,random_trees_embedding,quantile,SGDClassifier(random_state=0),4,0.9210526315789472,0.0014839172363281,0.0001647472381591,KnuggetChase3_1448_results_SGDClassifier(random_state=0).csv
KnuggetChase3_1448,none,onehot,random_trees_embedding,quantile,SGDClassifier(random_state=0),4,0.9210526315789472,0.0014498233795166,0.0002603530883789,KnuggetChase3_1448_results_SGDClassifier(random_state=0).csv
KnuggetChase3_1448,simpleimputer,none,random_trees_embedding,quantile,SGDClassifier(random_state=0),4,0.9210526315789472,0.0014195442199707,0.0002133846282958,KnuggetChase3_1448_results_SGDClassifier(random_state=0).csv
KnuggetChase3_1448,simpleimputer,ordinalencoder,random_trees_embedding,quantile,SGDClassifier(random_state=0),4,0.9210526315789472,0.0014970302581787,0.0001590251922607,KnuggetChase3_1448_results_SGDClassifier(random_state=0).csv
KnuggetChase3_1448,none,none,select_percentile,quantile,SGDClassifier(random_state=0),1,0.8974358974358975,0.0014424324035644,0.0001752376556396,KnuggetChase3_1448_results_SGDClassifier(random_state=0).csv
KnuggetChase3_1448,none,onehot,pca,quantile,SGDClassifier(random_state=0),1,0.8974358974358975,0.001779556274414,0.0001730918884277,KnuggetChase3_1448_results_SGDClassifier(random_state=0).csv
KnuggetChase3_1448,none,none,pca,quantile,SGDClassifier(random_state=0),1,0.8974358974358975,0.0020649433135986,0.000187873840332,KnuggetChase3_1448_results_SGDClassifier(random_state=0).csv
KnuggetChase3_1448,simpleimputer,ordinalencoder,select_percentile,quantile,SGDClassifier(random_state=0),1,0.8974358974358975,0.0014574527740478,0.000192642211914,KnuggetChase3_1448_results_SGDClassifier(random_state=0).csv
KnuggetChase3_1448,simpleimputer,ordinalencoder,generic_univariate,quantile,SGDClassifier(random_state=0),1,0.8974358974358975,0.0013628005981445,0.0001521110534667,KnuggetChase3_1448_results_SGDClassifier(random_state=0).csv
KnuggetChase3_1448,none,none,truncated_svd,standard,SGDClassifier(random_state=0),3,0.8974358974358975,0.001091718673706,0.0001454353332519,KnuggetChase3_1448_results_SGDClassifier(random_state=0).csv
KnuggetChase3_1448,none,onehot,generic_univariate,quantile,SGDClassifier(random_state=0),1,0.8974358974358975,0.0012199878692626,0.0001659393310546,KnuggetChase3_1448_results_SGDClassifier(random_state=0).csv
KnuggetChase3_1448,none,onehot,kernel_pca,quantile,SGDClassifier(random_state=0),1,0.8974358974358975,0.0026156902313232,0.0002012252807617,KnuggetChase3_1448_results_SGDClassifier(random_state=0).csv
KnuggetChase3_1448,simpleimputer,ordinalencoder,feature_agglomeration,robust,SGDClassifier(random_state=0),3,0.8974358974358975,0.0011794567108154,0.0001494884490966,KnuggetChase3_1448_results_SGDClassifier(random_state=0).csv
KnuggetChase3_1448,simpleimputer,ordinalencoder,polynomial_features,minmax,SGDClassifier(random_state=0),3,0.8974358974358975,0.004847764968872,0.0001814365386962,KnuggetChase3_1448_results_SGDClassifier(random_state=0).csv
KnuggetChase3_1448,none,onehot,feature_agglomeration,robust,SGDClassifier(random_state=0),3,0.8974358974358975,0.0011470317840576,0.0001800060272216,KnuggetChase3_1448_results_SGDClassifier(random_state=0).csv
KnuggetChase3_1448,none,ordinalencoder,pca,quantile,SGDClassifier(random_state=0),1,0.8974358974358975,0.0017502307891845,0.0002079010009765,KnuggetChase3_1448_results_SGDClassifier(random_state=0).csv
KnuggetChase3_1448,none,onehot,polynomial_features,minmax,SGDClassifier(random_state=0),3,0.8974358974358975,0.0047805309295654,0.0001864433288574,KnuggetChase3_1448_results_SGDClassifier(random_state=0).csv
KnuggetChase3_1448,simpleimputer,onehot,truncated_svd,standard,SGDClassifier(random_state=0),3,0.8974358974358975,0.0011324882507324,0.0001475811004638,KnuggetChase3_1448_results_SGDClassifier(random_state=0).csv
analcatdata_wildcat_748,none,ordinalencoder,none,standard,SGDClassifier(random_state=0),3,0.9375,0.0013256072998046,0.0001177787780761,analcatdata_wildcat_748_results_SGDClassifier(random_state=0).csv
analcatdata_wildcat_748,none,onehot,none,standard,SGDClassifier(random_state=0),3,0.9375,0.0014400482177734,0.0001540184020996,analcatdata_wildcat_748_results_SGDClassifier(random_state=0).csv
analcatdata_wildcat_748,none,none,pca,standard,SGDClassifier(random_state=0),3,0.9375,0.0011711120605468,0.0001096725463867,analcatdata_wildcat_748_results_SGDClassifier(random_state=0).csv
analcatdata_wildcat_748,none,none,none,standard,SGDClassifier(random_state=0),3,0.9375,0.0012390613555908,0.000117540359497,analcatdata_wildcat_748_results_SGDClassifier(random_state=0).csv
analcatdata_wildcat_748,simpleimputer,ordinalencoder,kernel_pca,standard,SGDClassifier(random_state=0),3,0.9375,0.0014724731445312,0.0001330375671386,analcatdata_wildcat_748_results_SGDClassifier(random_state=0).csv
analcatdata_wildcat_748,none,onehot,pca,standard,SGDClassifier(random_state=0),3,0.9375,0.0011649131774902,0.0001118183135986,analcatdata_wildcat_748_results_SGDClassifier(random_state=0).csv
analcatdata_wildcat_748,none,ordinalencoder,pca,standard,SGDClassifier(random_state=0),3,0.9375,0.0012543201446533,0.0001139640808105,analcatdata_wildcat_748_results_SGDClassifier(random_state=0).csv
analcatdata_wildcat_748,none,ordinalencoder,random_trees_embedding,normalizer,SGDClassifier(random_state=0),3,0.9375,0.0014498233795166,0.0001192092895507,analcatdata_wildcat_748_results_SGDClassifier(random_state=0).csv
analcatdata_wildcat_748,none,none,kernel_pca,standard,SGDClassifier(random_state=0),3,0.9375,0.0014436244964599,0.0001308917999267,analcatdata_wildcat_748_results_SGDClassifier(random_state=0).csv
analcatdata_wildcat_748,simpleimputer,ordinalencoder,pca,standard,SGDClassifier(random_state=0),3,0.9375,0.0013041496276855,0.0001108646392822,analcatdata_wildcat_748_results_SGDClassifier(random_state=0).csv
analcatdata_wildcat_748,simpleimputer,ordinalencoder,none,standard,SGDClassifier(random_state=0),3,0.9375,0.0013215541839599,0.0001206398010253,analcatdata_wildcat_748_results_SGDClassifier(random_state=0).csv
analcatdata_wildcat_748,none,ordinalencoder,kernel_pca,standard,SGDClassifier(random_state=0),3,0.9375,0.0014824867248535,0.0001301765441894,analcatdata_wildcat_748_results_SGDClassifier(random_state=0).csv
analcatdata_wildcat_748,simpleimputer,none,random_trees_embedding,normalizer,SGDClassifier(random_state=0),3,0.9375,0.0017609596252441,0.0001311302185058,analcatdata_wildcat_748_results_SGDClassifier(random_state=0).csv
analcatdata_wildcat_748,none,none,random_trees_embedding,normalizer,SGDClassifier(random_state=0),3,0.9375,0.0016314983367919,0.0001275539398193,analcatdata_wildcat_748_results_SGDClassifier(random_state=0).csv
analcatdata_wildcat_748,simpleimputer,onehot,pca,standard,SGDClassifier(random_state=0),3,0.9375,0.0012013912200927,0.0001082420349121,analcatdata_wildcat_748_results_SGDClassifier(random_state=0).csv
analcatdata_wildcat_748,simpleimputer,onehot,kernel_pca,standard,SGDClassifier(random_state=0),3,0.9375,0.0013785362243652,0.0001306533813476,analcatdata_wildcat_748_results_SGDClassifier(random_state=0).csv
analcatdata_wildcat_748,none,onehot,kernel_pca,standard,SGDClassifier(random_state=0),3,0.9375,0.0016303062438964,0.000138521194458,analcatdata_wildcat_748_results_SGDClassifier(random_state=0).csv
analcatdata_wildcat_748,none,onehot,random_trees_embedding,normalizer,SGDClassifier(random_state=0),3,0.9375,0.001497745513916,0.0001220703125,analcatdata_wildcat_748_results_SGDClassifier(random_state=0).csv
analcatdata_wildcat_748,simpleimputer,onehot,none,standard,SGDClassifier(random_state=0),3,0.9375,0.0012321472167968,0.0001177787780761,analcatdata_wildcat_748_results_SGDClassifier(random_state=0).csv
analcatdata_wildcat_748,simpleimputer,ordinalencoder,random_trees_embedding,normalizer,SGDClassifier(random_state=0),3,0.9375,0.0016250610351562,0.0001416206359863,analcatdata_wildcat_748_results_SGDClassifier(random_state=0).csv
qualitative-bankruptcy_1495,none,onehot,random_trees_embedding,standard,SGDClassifier(random_state=0),0,1.0,0.0012590885162353,0.0001237392425537,qualitative-bankruptcy_1495_results_SGDClassifier(random_state=0).csv
qualitative-bankruptcy_1495,none,ordinalencoder,polynomial_features,quantile,SGDClassifier(random_state=0),3,1.0,0.001065969467163,0.0001096725463867,qualitative-bankruptcy_1495_results_SGDClassifier(random_state=0).csv
qualitative-bankruptcy_1495,none,ordinalencoder,polynomial_features,quantile,SGDClassifier(random_state=0),4,1.0,0.0011093616485595,0.0001277923583984,qualitative-bankruptcy_1495_results_SGDClassifier(random_state=0).csv
qualitative-bankruptcy_1495,none,onehot,polynomial_features,minmax,SGDClassifier(random_state=0),0,1.0,0.0011074542999267,0.0001072883605957,qualitative-bankruptcy_1495_results_SGDClassifier(random_state=0).csv
qualitative-bankruptcy_1495,none,onehot,polynomial_features,minmax,SGDClassifier(random_state=0),2,1.0,0.0011789798736572,0.0001142024993896,qualitative-bankruptcy_1495_results_SGDClassifier(random_state=0).csv
qualitative-bankruptcy_1495,none,onehot,polynomial_features,minmax,SGDClassifier(random_state=0),3,1.0,0.0011141300201416,0.0001120567321777,qualitative-bankruptcy_1495_results_SGDClassifier(random_state=0).csv
qualitative-bankruptcy_1495,none,ordinalencoder,polynomial_features,quantile,SGDClassifier(random_state=0),0,1.0,0.0013556480407714,0.0001218318939208,qualitative-bankruptcy_1495_results_SGDClassifier(random_state=0).csv
qualitative-bankruptcy_1495,simpleimputer,ordinalencoder,nystroem,none,SGDClassifier(random_state=0),1,1.0,0.0017082691192626,0.0001552104949951,qualitative-bankruptcy_1495_results_SGDClassifier(random_state=0).csv
qualitative-bankruptcy_1495,simpleimputer,ordinalencoder,nystroem,none,SGDClassifier(random_state=0),4,1.0,0.0016467571258544,0.0001258850097656,qualitative-bankruptcy_1495_results_SGDClassifier(random_state=0).csv
qualitative-bankruptcy_1495,simpleimputer,ordinalencoder,rbf_sampler,none,SGDClassifier(random_state=0),0,1.0,0.0015957355499267,0.0001330375671386,qualitative-bankruptcy_1495_results_SGDClassifier(random_state=0).csv
qualitative-bankruptcy_1495,simpleimputer,ordinalencoder,polynomial_features,none,SGDClassifier(random_state=0),0,1.0,0.001169204711914,0.0001044273376464,qualitative-bankruptcy_1495_results_SGDClassifier(random_state=0).csv
qualitative-bankruptcy_1495,none,onehot,nystroem,standard,SGDClassifier(random_state=0),1,1.0,0.0014591217041015,0.0001285076141357,qualitative-bankruptcy_1495_results_SGDClassifier(random_state=0).csv
qualitative-bankruptcy_1495,none,onehot,nystroem,standard,SGDClassifier(random_state=0),2,1.0,0.0014445781707763,0.0001232624053955,qualitative-bankruptcy_1495_results_SGDClassifier(random_state=0).csv
qualitative-bankruptcy_1495,none,onehot,rbf_sampler,minmax,SGDClassifier(random_state=0),2,1.0,0.0014262199401855,0.000131607055664,qualitative-bankruptcy_1495_results_SGDClassifier(random_state=0).csv
qualitative-bankruptcy_1495,none,onehot,rbf_sampler,minmax,SGDClassifier(random_state=0),3,1.0,0.0015454292297363,0.0001251697540283,qualitative-bankruptcy_1495_results_SGDClassifier(random_state=0).csv
qualitative-bankruptcy_1495,simpleimputer,ordinalencoder,random_trees_embedding,none,SGDClassifier(random_state=0),0,1.0,0.0012040138244628,0.0001196861267089,qualitative-bankruptcy_1495_results_SGDClassifier(random_state=0).csv
qualitative-bankruptcy_1495,simpleimputer,ordinalencoder,random_trees_embedding,none,SGDClassifier(random_state=0),1,1.0,0.0012946128845214,0.0001194477081298,qualitative-bankruptcy_1495_results_SGDClassifier(random_state=0).csv
qualitative-bankruptcy_1495,simpleimputer,ordinalencoder,random_trees_embedding,none,SGDClassifier(random_state=0),2,1.0,0.0013551712036132,0.0001368522644042,qualitative-bankruptcy_1495_results_SGDClassifier(random_state=0).csv
qualitative-bankruptcy_1495,simpleimputer,ordinalencoder,random_trees_embedding,none,SGDClassifier(random_state=0),3,1.0,0.0012331008911132,0.0001223087310791,qualitative-bankruptcy_1495_results_SGDClassifier(random_state=0).csv
qualitative-bankruptcy_1495,none,onehot,polynomial_features,standard,SGDClassifier(random_state=0),1,1.0,0.0010170936584472,0.0001053810119628,qualitative-bankruptcy_1495_results_SGDClassifier(random_state=0).csv
boston_853,none,onehot,nystroem,quantile,SGDClassifier(random_state=0),0,0.9607843137254902,0.0086827278137207,0.0003056526184082,boston_853_results_SGDClassifier(random_state=0).csv
boston_853,simpleimputer,onehot,nystroem,quantile,SGDClassifier(random_state=0),0,0.9607843137254902,0.0044705867767333,0.0001580715179443,boston_853_results_SGDClassifier(random_state=0).csv
boston_853,none,none,nystroem,quantile,SGDClassifier(random_state=0),0,0.9607843137254902,0.0127091407775878,0.000333547592163,boston_853_results_SGDClassifier(random_state=0).csv
boston_853,simpleimputer,none,nystroem,quantile,SGDClassifier(random_state=0),0,0.9607843137254902,0.0070409774780273,0.000460147857666,boston_853_results_SGDClassifier(random_state=0).csv
boston_853,none,ordinalencoder,nystroem,quantile,SGDClassifier(random_state=0),0,0.9607843137254902,0.0041861534118652,0.0002369880676269,boston_853_results_SGDClassifier(random_state=0).csv
boston_853,simpleimputer,ordinalencoder,nystroem,quantile,SGDClassifier(random_state=0),0,0.9607843137254902,0.0041196346282958,0.0001449584960937,boston_853_results_SGDClassifier(random_state=0).csv
boston_853,simpleimputer,onehot,none,quantile,SGDClassifier(random_state=0),0,0.9509803921568628,0.0032830238342285,0.0001792907714843,boston_853_results_SGDClassifier(random_state=0).csv
boston_853,none,onehot,nystroem,power,SGDClassifier(random_state=0),0,0.9509803921568628,0.0075621604919433,0.0003986358642578,boston_853_results_SGDClassifier(random_state=0).csv
boston_853,none,onehot,none,quantile,SGDClassifier(random_state=0),0,0.9509803921568628,0.0071561336517333,0.0021276473999023,boston_853_results_SGDClassifier(random_state=0).csv
boston_853,none,onehot,nystroem,robust,SGDClassifier(random_state=0),0,0.9509803921568628,0.0040802955627441,0.000232458114624,boston_853_results_SGDClassifier(random_state=0).csv
boston_853,simpleimputer,ordinalencoder,nystroem,robust,SGDClassifier(random_state=0),0,0.9509803921568628,0.004669189453125,0.0001933574676513,boston_853_results_SGDClassifier(random_state=0).csv
boston_853,none,none,nystroem,power,SGDClassifier(random_state=0),0,0.9509803921568628,0.0050516128540039,0.0001578330993652,boston_853_results_SGDClassifier(random_state=0).csv
boston_853,none,ordinalencoder,nystroem,robust,SGDClassifier(random_state=0),0,0.9509803921568628,0.0128481388092041,0.0002806186676025,boston_853_results_SGDClassifier(random_state=0).csv
boston_853,simpleimputer,ordinalencoder,none,quantile,SGDClassifier(random_state=0),0,0.9509803921568628,0.0029640197753906,0.0001394748687744,boston_853_results_SGDClassifier(random_state=0).csv
boston_853,simpleimputer,onehot,nystroem,robust,SGDClassifier(random_state=0),0,0.9509803921568628,0.0044260025024414,0.0002806186676025,boston_853_results_SGDClassifier(random_state=0).csv
boston_853,none,ordinalencoder,nystroem,power,SGDClassifier(random_state=0),0,0.9509803921568628,0.004814863204956,0.0001728534698486,boston_853_results_SGDClassifier(random_state=0).csv
boston_853,simpleimputer,none,nystroem,power,SGDClassifier(random_state=0),0,0.9509803921568628,0.0053591728210449,0.0001699924468994,boston_853_results_SGDClassifier(random_state=0).csv
boston_853,simpleimputer,none,none,quantile,SGDClassifier(random_state=0),0,0.9509803921568628,0.0034151077270507,0.0001487731933593,boston_853_results_SGDClassifier(random_state=0).csv
boston_853,none,none,none,quantile,SGDClassifier(random_state=0),0,0.9509803921568628,0.0033895969390869,0.0001471042633056,boston_853_results_SGDClassifier(random_state=0).csv
boston_853,none,ordinalencoder,none,quantile,SGDClassifier(random_state=0),0,0.9509803921568628,0.0035207271575927,0.000152587890625,boston_853_results_SGDClassifier(random_state=0).csv
seeds_1499,simpleimputer,none,linear_svc,standard,SGDClassifier(random_state=0),0,1.0,0.0023212432861328,0.0001144409179687,seeds_1499_results_SGDClassifier(random_state=0).csv
seeds_1499,none,ordinalencoder,fastica,robust,SGDClassifier(random_state=0),3,1.0,0.0022144317626953,0.0001184940338134,seeds_1499_results_SGDClassifier(random_state=0).csv
seeds_1499,none,ordinalencoder,fastica,robust,SGDClassifier(random_state=0),4,1.0,0.0022258758544921,0.0001149177551269,seeds_1499_results_SGDClassifier(random_state=0).csv
seeds_1499,simpleimputer,none,linear_svc,power,SGDClassifier(random_state=0),4,1.0,0.002568244934082,0.0001428127288818,seeds_1499_results_SGDClassifier(random_state=0).csv
seeds_1499,none,none,fastica,normalizer,SGDClassifier(random_state=0),0,1.0,0.0023205280303955,0.0001156330108642,seeds_1499_results_SGDClassifier(random_state=0).csv
seeds_1499,simpleimputer,ordinalencoder,linear_svc,standard,SGDClassifier(random_state=0),0,1.0,0.0023176670074462,0.000112771987915,seeds_1499_results_SGDClassifier(random_state=0).csv
seeds_1499,simpleimputer,onehot,fastica,robust,SGDClassifier(random_state=0),4,1.0,0.0022792816162109,0.0001204013824462,seeds_1499_results_SGDClassifier(random_state=0).csv
seeds_1499,simpleimputer,onehot,fastica,robust,SGDClassifier(random_state=0),3,1.0,0.0022189617156982,0.000117540359497,seeds_1499_results_SGDClassifier(random_state=0).csv
seeds_1499,none,none,linear_svc,standard,SGDClassifier(random_state=0),0,1.0,0.0023179054260253,0.0001158714294433,seeds_1499_results_SGDClassifier(random_state=0).csv
seeds_1499,simpleimputer,onehot,extra_tree,robust,SGDClassifier(random_state=0),4,1.0,0.0023045539855957,0.0001180171966552,seeds_1499_results_SGDClassifier(random_state=0).csv
seeds_1499,simpleimputer,onehot,linear_svc,power,SGDClassifier(random_state=0),4,1.0,0.0026276111602783,0.0001251697540283,seeds_1499_results_SGDClassifier(random_state=0).csv
seeds_1499,none,none,linear_svc,power,SGDClassifier(random_state=0),4,1.0,0.0025537014007568,0.0001208782196044,seeds_1499_results_SGDClassifier(random_state=0).csv
seeds_1499,simpleimputer,onehot,fastica,none,SGDClassifier(random_state=0),3,1.0,0.0023484230041503,0.0001275539398193,seeds_1499_results_SGDClassifier(random_state=0).csv
seeds_1499,simpleimputer,onehot,fastica,none,SGDClassifier(random_state=0),4,1.0,0.0022189617156982,0.0001201629638671,seeds_1499_results_SGDClassifier(random_state=0).csv
seeds_1499,simpleimputer,ordinalencoder,fastica,minmax,SGDClassifier(random_state=0),3,1.0,0.0021803379058837,0.0001204013824462,seeds_1499_results_SGDClassifier(random_state=0).csv
seeds_1499,simpleimputer,ordinalencoder,fastica,minmax,SGDClassifier(random_state=0),4,1.0,0.0022385120391845,0.0001180171966552,seeds_1499_results_SGDClassifier(random_state=0).csv
seeds_1499,none,ordinalencoder,linear_svc,standard,SGDClassifier(random_state=0),0,1.0,0.0025546550750732,0.0001351833343505,seeds_1499_results_SGDClassifier(random_state=0).csv
seeds_1499,none,none,extra_tree,robust,SGDClassifier(random_state=0),4,1.0,0.0022897720336914,0.0001206398010253,seeds_1499_results_SGDClassifier(random_state=0).csv
seeds_1499,none,ordinalencoder,fastica,minmax,SGDClassifier(random_state=0),3,1.0,0.0021774768829345,0.0001161098480224,seeds_1499_results_SGDClassifier(random_state=0).csv
seeds_1499,none,ordinalencoder,fastica,minmax,SGDClassifier(random_state=0),4,1.0,0.0022633075714111,0.0001189708709716,seeds_1499_results_SGDClassifier(random_state=0).csv
analcatdata_gsssexsurvey_852,simpleimputer,none,polynomial_features,quantile,SGDClassifier(random_state=0),1,0.875,0.0017421245574951,0.0001981258392333,analcatdata_gsssexsurvey_852_results_SGDClassifier(random_state=0).csv
analcatdata_gsssexsurvey_852,simpleimputer,onehot,polynomial_features,quantile,SGDClassifier(random_state=0),1,0.875,0.001558780670166,0.0001142024993896,analcatdata_gsssexsurvey_852_results_SGDClassifier(random_state=0).csv
analcatdata_gsssexsurvey_852,simpleimputer,ordinalencoder,polynomial_features,quantile,SGDClassifier(random_state=0),1,0.875,0.0016038417816162,0.0001194477081298,analcatdata_gsssexsurvey_852_results_SGDClassifier(random_state=0).csv
analcatdata_gsssexsurvey_852,simpleimputer,none,truncated_svd,none,SGDClassifier(random_state=0),1,0.84375,0.0013771057128906,0.0001254081726074,analcatdata_gsssexsurvey_852_results_SGDClassifier(random_state=0).csv
analcatdata_gsssexsurvey_852,simpleimputer,none,none,none,SGDClassifier(random_state=0),1,0.84375,0.0019161701202392,0.0008082389831542,analcatdata_gsssexsurvey_852_results_SGDClassifier(random_state=0).csv
analcatdata_gsssexsurvey_852,simpleimputer,onehot,select_percentile,quantile,SGDClassifier(random_state=0),1,0.84375,0.001204490661621,0.0001122951507568,analcatdata_gsssexsurvey_852_results_SGDClassifier(random_state=0).csv
analcatdata_gsssexsurvey_852,simpleimputer,none,fastica,none,SGDClassifier(random_state=0),1,0.84375,0.0013840198516845,0.0001177787780761,analcatdata_gsssexsurvey_852_results_SGDClassifier(random_state=0).csv
analcatdata_gsssexsurvey_852,simpleimputer,ordinalencoder,linear_svc,power,SGDClassifier(random_state=0),1,0.84375,0.0012285709381103,0.0001323223114013,analcatdata_gsssexsurvey_852_results_SGDClassifier(random_state=0).csv
analcatdata_gsssexsurvey_852,simpleimputer,none,feature_agglomeration,none,SGDClassifier(random_state=0),1,0.84375,0.0012526512145996,0.0001308917999267,analcatdata_gsssexsurvey_852_results_SGDClassifier(random_state=0).csv
analcatdata_gsssexsurvey_852,simpleimputer,none,kernel_pca,normalizer,SGDClassifier(random_state=0),1,0.84375,0.0021631717681884,0.0001947879791259,analcatdata_gsssexsurvey_852_results_SGDClassifier(random_state=0).csv
analcatdata_gsssexsurvey_852,simpleimputer,onehot,generic_univariate,quantile,SGDClassifier(random_state=0),1,0.84375,0.0011696815490722,0.0001096725463867,analcatdata_gsssexsurvey_852_results_SGDClassifier(random_state=0).csv
analcatdata_gsssexsurvey_852,simpleimputer,onehot,fastica,quantile,SGDClassifier(random_state=0),1,0.84375,0.0013036727905273,0.0001149177551269,analcatdata_gsssexsurvey_852_results_SGDClassifier(random_state=0).csv
analcatdata_gsssexsurvey_852,simpleimputer,onehot,truncated_svd,quantile,SGDClassifier(random_state=0),1,0.84375,0.0011177062988281,0.000110387802124,analcatdata_gsssexsurvey_852_results_SGDClassifier(random_state=0).csv
analcatdata_gsssexsurvey_852,simpleimputer,none,select_percentile,normalizer,SGDClassifier(random_state=0),1,0.84375,0.0011026859283447,0.0001094341278076,analcatdata_gsssexsurvey_852_results_SGDClassifier(random_state=0).csv
analcatdata_gsssexsurvey_852,simpleimputer,onehot,generic_univariate,power,SGDClassifier(random_state=0),1,0.84375,0.0011842250823974,0.0001165866851806,analcatdata_gsssexsurvey_852_results_SGDClassifier(random_state=0).csv
analcatdata_gsssexsurvey_852,simpleimputer,none,linear_svc,normalizer,SGDClassifier(random_state=0),1,0.84375,0.0011584758758544,0.0001115798950195,analcatdata_gsssexsurvey_852_results_SGDClassifier(random_state=0).csv
analcatdata_gsssexsurvey_852,simpleimputer,onehot,linear_svc,power,SGDClassifier(random_state=0),1,0.84375,0.0012881755828857,0.0001177787780761,analcatdata_gsssexsurvey_852_results_SGDClassifier(random_state=0).csv
analcatdata_gsssexsurvey_852,simpleimputer,onehot,kernel_pca,normalizer,SGDClassifier(random_state=0),1,0.84375,0.0016195774078369,0.0001661777496337,analcatdata_gsssexsurvey_852_results_SGDClassifier(random_state=0).csv
analcatdata_gsssexsurvey_852,simpleimputer,onehot,extra_tree,normalizer,SGDClassifier(random_state=0),1,0.84375,0.0013637542724609,0.0001218318939208,analcatdata_gsssexsurvey_852_results_SGDClassifier(random_state=0).csv
analcatdata_gsssexsurvey_852,simpleimputer,onehot,select_percentile,power,SGDClassifier(random_state=0),1,0.84375,0.0011119842529296,0.0001115798950195,analcatdata_gsssexsurvey_852_results_SGDClassifier(random_state=0).csv
autoUniv-au7-500_1554,simpleimputer,onehot,nystroem,robust,SGDClassifier(random_state=0),1,0.55,0.0188813209533691,0.0002970695495605,autoUniv-au7-500_1554_results_SGDClassifier(random_state=0).csv
autoUniv-au7-500_1554,none,onehot,nystroem,robust,SGDClassifier(random_state=0),1,0.55,0.0229659080505371,0.000230073928833,autoUniv-au7-500_1554_results_SGDClassifier(random_state=0).csv
autoUniv-au7-500_1554,simpleimputer,onehot,random_trees_embedding,power,SGDClassifier(random_state=0),1,0.5,0.0079524517059326,0.0002000331878662,autoUniv-au7-500_1554_results_SGDClassifier(random_state=0).csv
autoUniv-au7-500_1554,none,onehot,random_trees_embedding,power,SGDClassifier(random_state=0),1,0.5,0.0083715915679931,0.0002410411834716,autoUniv-au7-500_1554_results_SGDClassifier(random_state=0).csv
autoUniv-au7-500_1554,none,ordinalencoder,random_trees_embedding,power,SGDClassifier(random_state=0),1,0.49,0.0074989795684814,0.0002295970916748,autoUniv-au7-500_1554_results_SGDClassifier(random_state=0).csv
autoUniv-au7-500_1554,none,onehot,polynomial_features,minmax,SGDClassifier(random_state=0),1,0.49,0.0342547893524169,0.000425100326538,autoUniv-au7-500_1554_results_SGDClassifier(random_state=0).csv
autoUniv-au7-500_1554,simpleimputer,onehot,polynomial_features,minmax,SGDClassifier(random_state=0),1,0.49,0.0329899787902832,0.0002672672271728,autoUniv-au7-500_1554_results_SGDClassifier(random_state=0).csv
autoUniv-au7-500_1554,simpleimputer,ordinalencoder,random_trees_embedding,power,SGDClassifier(random_state=0),1,0.49,0.0080604553222656,0.0002777576446533,autoUniv-au7-500_1554_results_SGDClassifier(random_state=0).csv
autoUniv-au7-500_1554,simpleimputer,onehot,random_trees_embedding,normalizer,SGDClassifier(random_state=0),0,0.48,0.0103299617767333,0.0004184246063232,autoUniv-au7-500_1554_results_SGDClassifier(random_state=0).csv
autoUniv-au7-500_1554,simpleimputer,ordinalencoder,feature_agglomeration,standard,SGDClassifier(random_state=0),1,0.48,0.0064477920532226,0.0001490116119384,autoUniv-au7-500_1554_results_SGDClassifier(random_state=0).csv
autoUniv-au7-500_1554,simpleimputer,ordinalencoder,feature_agglomeration,power,SGDClassifier(random_state=0),1,0.48,0.0074086189270019,0.0001308917999267,autoUniv-au7-500_1554_results_SGDClassifier(random_state=0).csv
autoUniv-au7-500_1554,none,ordinalencoder,feature_agglomeration,power,SGDClassifier(random_state=0),1,0.48,0.0072062015533447,0.0001389980316162,autoUniv-au7-500_1554_results_SGDClassifier(random_state=0).csv
autoUniv-au7-500_1554,none,onehot,random_trees_embedding,normalizer,SGDClassifier(random_state=0),0,0.48,0.0090939998626708,0.0002384185791015,autoUniv-au7-500_1554_results_SGDClassifier(random_state=0).csv
autoUniv-au7-500_1554,none,ordinalencoder,feature_agglomeration,standard,SGDClassifier(random_state=0),1,0.48,0.0064940452575683,0.0001587867736816,autoUniv-au7-500_1554_results_SGDClassifier(random_state=0).csv
autoUniv-au7-500_1554,none,ordinalencoder,random_trees_embedding,robust,SGDClassifier(random_state=0),1,0.47,0.0087463855743408,0.0003755092620849,autoUniv-au7-500_1554_results_SGDClassifier(random_state=0).csv
autoUniv-au7-500_1554,simpleimputer,ordinalencoder,random_trees_embedding,minmax,SGDClassifier(random_state=0),1,0.47,0.0079648494720458,0.0002081394195556,autoUniv-au7-500_1554_results_SGDClassifier(random_state=0).csv
autoUniv-au7-500_1554,none,onehot,none,quantile,SGDClassifier(random_state=0),1,0.47,0.0110011100769042,0.0001826286315917,autoUniv-au7-500_1554_results_SGDClassifier(random_state=0).csv
autoUniv-au7-500_1554,simpleimputer,ordinalencoder,random_trees_embedding,standard,SGDClassifier(random_state=0),1,0.47,0.0076262950897216,0.0002024173736572,autoUniv-au7-500_1554_results_SGDClassifier(random_state=0).csv
autoUniv-au7-500_1554,none,onehot,random_trees_embedding,quantile,SGDClassifier(random_state=0),1,0.47,0.008615493774414,0.0003042221069335,autoUniv-au7-500_1554_results_SGDClassifier(random_state=0).csv
autoUniv-au7-500_1554,none,ordinalencoder,random_trees_embedding,none,SGDClassifier(random_state=0),1,0.47,0.0079491138458251,0.0002093315124511,autoUniv-au7-500_1554_results_SGDClassifier(random_state=0).csv
PizzaCutter1_1443,none,ordinalencoder,feature_agglomeration,minmax,SGDClassifier(random_state=0),1,0.9545454545454546,0.0021252632141113,0.0001559257507324,PizzaCutter1_1443_results_SGDClassifier(random_state=0).csv
PizzaCutter1_1443,simpleimputer,none,feature_agglomeration,minmax,SGDClassifier(random_state=0),1,0.9545454545454546,0.0018563270568847,0.0001180171966552,PizzaCutter1_1443_results_SGDClassifier(random_state=0).csv
PizzaCutter1_1443,none,none,feature_agglomeration,minmax,SGDClassifier(random_state=0),1,0.9545454545454546,0.0017225742340087,0.0001089572906494,PizzaCutter1_1443_results_SGDClassifier(random_state=0).csv
PizzaCutter1_1443,simpleimputer,onehot,linear_svc,minmax,SGDClassifier(random_state=0),1,0.9545454545454546,0.0021944046020507,0.0001158714294433,PizzaCutter1_1443_results_SGDClassifier(random_state=0).csv
PizzaCutter1_1443,none,none,linear_svc,minmax,SGDClassifier(random_state=0),1,0.9545454545454546,0.0022313594818115,0.0001246929168701,PizzaCutter1_1443_results_SGDClassifier(random_state=0).csv
PizzaCutter1_1443,simpleimputer,ordinalencoder,feature_agglomeration,minmax,SGDClassifier(random_state=0),1,0.9545454545454546,0.0019657611846923,0.0001335144042968,PizzaCutter1_1443_results_SGDClassifier(random_state=0).csv
PizzaCutter1_1443,simpleimputer,ordinalencoder,linear_svc,minmax,SGDClassifier(random_state=0),1,0.9545454545454546,0.0021665096282958,0.0001139640808105,PizzaCutter1_1443_results_SGDClassifier(random_state=0).csv
PizzaCutter1_1443,none,onehot,linear_svc,minmax,SGDClassifier(random_state=0),1,0.9545454545454546,0.0022289752960205,0.0001139640808105,PizzaCutter1_1443_results_SGDClassifier(random_state=0).csv
PizzaCutter1_1443,none,ordinalencoder,linear_svc,minmax,SGDClassifier(random_state=0),1,0.9545454545454546,0.0022192001342773,0.0001189708709716,PizzaCutter1_1443_results_SGDClassifier(random_state=0).csv
PizzaCutter1_1443,none,onehot,feature_agglomeration,minmax,SGDClassifier(random_state=0),1,0.9545454545454546,0.0017504692077636,0.0001435279846191,PizzaCutter1_1443_results_SGDClassifier(random_state=0).csv
PizzaCutter1_1443,simpleimputer,none,linear_svc,minmax,SGDClassifier(random_state=0),1,0.9545454545454546,0.0022859573364257,0.0001180171966552,PizzaCutter1_1443_results_SGDClassifier(random_state=0).csv
PizzaCutter1_1443,simpleimputer,onehot,feature_agglomeration,minmax,SGDClassifier(random_state=0),1,0.9545454545454546,0.0018477439880371,0.000115156173706,PizzaCutter1_1443_results_SGDClassifier(random_state=0).csv
PizzaCutter1_1443,none,onehot,truncated_svd,robust,SGDClassifier(random_state=0),0,0.9473684210526316,0.0014433860778808,0.0001094341278076,PizzaCutter1_1443_results_SGDClassifier(random_state=0).csv
PizzaCutter1_1443,none,none,truncated_svd,robust,SGDClassifier(random_state=0),0,0.9473684210526316,0.0016732215881347,0.0001177787780761,PizzaCutter1_1443_results_SGDClassifier(random_state=0).csv
PizzaCutter1_1443,simpleimputer,onehot,extra_tree,minmax,SGDClassifier(random_state=0),0,0.9473684210526316,0.0033180713653564,0.0004558563232421,PizzaCutter1_1443_results_SGDClassifier(random_state=0).csv
PizzaCutter1_1443,none,onehot,extra_tree,minmax,SGDClassifier(random_state=0),0,0.9473684210526316,0.0020971298217773,0.0001249313354492,PizzaCutter1_1443_results_SGDClassifier(random_state=0).csv
PizzaCutter1_1443,none,none,select_percentile,minmax,SGDClassifier(random_state=0),0,0.9473684210526316,0.0016803741455078,0.0001232624053955,PizzaCutter1_1443_results_SGDClassifier(random_state=0).csv
PizzaCutter1_1443,simpleimputer,onehot,select_percentile,minmax,SGDClassifier(random_state=0),0,0.9473684210526316,0.0015852451324462,0.0001697540283203,PizzaCutter1_1443_results_SGDClassifier(random_state=0).csv
PizzaCutter1_1443,simpleimputer,ordinalencoder,select_percentile,minmax,SGDClassifier(random_state=0),0,0.9473684210526316,0.0017058849334716,0.0001149177551269,PizzaCutter1_1443_results_SGDClassifier(random_state=0).csv
PizzaCutter1_1443,simpleimputer,none,truncated_svd,robust,SGDClassifier(random_state=0),0,0.9473684210526316,0.001575231552124,0.0001642704010009,PizzaCutter1_1443_results_SGDClassifier(random_state=0).csv
solar-flare_40687,simpleimputer,onehot,rbf_sampler,normalizer,SGDClassifier(random_state=0),4,0.8169014084507042,0.0293340682983398,0.0002565383911132,solar-flare_40687_results_SGDClassifier(random_state=0).csv
solar-flare_40687,simpleimputer,none,rbf_sampler,normalizer,SGDClassifier(random_state=0),4,0.8169014084507042,0.0303869247436523,0.0002627372741699,solar-flare_40687_results_SGDClassifier(random_state=0).csv
solar-flare_40687,none,none,rbf_sampler,normalizer,SGDClassifier(random_state=0),4,0.8169014084507042,0.0238432884216308,0.0002322196960449,solar-flare_40687_results_SGDClassifier(random_state=0).csv
solar-flare_40687,simpleimputer,ordinalencoder,rbf_sampler,normalizer,SGDClassifier(random_state=0),4,0.8169014084507042,0.02437424659729,0.0002524852752685,solar-flare_40687_results_SGDClassifier(random_state=0).csv
solar-flare_40687,none,onehot,rbf_sampler,normalizer,SGDClassifier(random_state=0),4,0.8169014084507042,0.0303661823272705,0.0002825260162353,solar-flare_40687_results_SGDClassifier(random_state=0).csv
solar-flare_40687,none,ordinalencoder,rbf_sampler,normalizer,SGDClassifier(random_state=0),4,0.8169014084507042,0.0256080627441406,0.0002589225769042,solar-flare_40687_results_SGDClassifier(random_state=0).csv
solar-flare_40687,none,onehot,nystroem,robust,SGDClassifier(random_state=0),4,0.812206572769953,0.0256595611572265,0.0003213882446289,solar-flare_40687_results_SGDClassifier(random_state=0).csv
solar-flare_40687,simpleimputer,none,nystroem,robust,SGDClassifier(random_state=0),4,0.812206572769953,0.0242164134979248,0.0003039836883544,solar-flare_40687_results_SGDClassifier(random_state=0).csv
solar-flare_40687,simpleimputer,ordinalencoder,nystroem,robust,SGDClassifier(random_state=0),4,0.812206572769953,0.0240166187286376,0.0002908706665039,solar-flare_40687_results_SGDClassifier(random_state=0).csv
solar-flare_40687,none,ordinalencoder,nystroem,robust,SGDClassifier(random_state=0),4,0.812206572769953,0.0270557403564453,0.0002739429473876,solar-flare_40687_results_SGDClassifier(random_state=0).csv
solar-flare_40687,none,none,nystroem,robust,SGDClassifier(random_state=0),4,0.812206572769953,0.0311241149902343,0.0002453327178955,solar-flare_40687_results_SGDClassifier(random_state=0).csv
solar-flare_40687,simpleimputer,onehot,nystroem,robust,SGDClassifier(random_state=0),4,0.812206572769953,0.0240771770477294,0.000277042388916,solar-flare_40687_results_SGDClassifier(random_state=0).csv
solar-flare_40687,simpleimputer,ordinalencoder,none,robust,SGDClassifier(random_state=0),4,0.8075117370892019,0.009843111038208,0.000180959701538,solar-flare_40687_results_SGDClassifier(random_state=0).csv
solar-flare_40687,none,none,none,robust,SGDClassifier(random_state=0),4,0.8075117370892019,0.0099849700927734,0.0001904964447021,solar-flare_40687_results_SGDClassifier(random_state=0).csv
solar-flare_40687,simpleimputer,onehot,none,robust,SGDClassifier(random_state=0),4,0.8075117370892019,0.0098884105682373,0.0001783370971679,solar-flare_40687_results_SGDClassifier(random_state=0).csv
solar-flare_40687,simpleimputer,none,none,robust,SGDClassifier(random_state=0),4,0.8075117370892019,0.0100705623626708,0.0001981258392333,solar-flare_40687_results_SGDClassifier(random_state=0).csv
solar-flare_40687,none,onehot,none,robust,SGDClassifier(random_state=0),4,0.8075117370892019,0.0112032890319824,0.0002193450927734,solar-flare_40687_results_SGDClassifier(random_state=0).csv
solar-flare_40687,none,ordinalencoder,none,robust,SGDClassifier(random_state=0),4,0.8075117370892019,0.0101125240325927,0.0002074241638183,solar-flare_40687_results_SGDClassifier(random_state=0).csv
solar-flare_40687,simpleimputer,onehot,nystroem,standard,SGDClassifier(random_state=0),4,0.8028169014084507,0.0284686088562011,0.0003280639648437,solar-flare_40687_results_SGDClassifier(random_state=0).csv
solar-flare_40687,none,none,none,minmax,SGDClassifier(random_state=0),4,0.8028169014084507,0.0094239711761474,0.000178575515747,solar-flare_40687_results_SGDClassifier(random_state=0).csv
arsenic-female-lung_950,none,none,pca,standard,SGDClassifier(random_state=0),2,1.0,0.0018103122711181,0.0001289844512939,arsenic-female-lung_950_results_SGDClassifier(random_state=0).csv
arsenic-female-lung_950,simpleimputer,none,rbf_sampler,minmax,SGDClassifier(random_state=0),2,1.0,0.0037684440612792,0.0003376007080078,arsenic-female-lung_950_results_SGDClassifier(random_state=0).csv
arsenic-female-lung_950,none,none,fastica,none,SGDClassifier(random_state=0),2,1.0,0.0015058517456054,0.0001249313354492,arsenic-female-lung_950_results_SGDClassifier(random_state=0).csv
arsenic-female-lung_950,simpleimputer,ordinalencoder,kernel_pca,power,SGDClassifier(random_state=0),2,1.0,0.0021710395812988,0.000148057937622,arsenic-female-lung_950_results_SGDClassifier(random_state=0).csv
arsenic-female-lung_950,none,none,kernel_pca,none,SGDClassifier(random_state=0),2,1.0,0.0018956661224365,0.0001475811004638,arsenic-female-lung_950_results_SGDClassifier(random_state=0).csv
arsenic-female-lung_950,none,none,polynomial_features,standard,SGDClassifier(random_state=0),2,1.0,0.0015287399291992,0.0001215934753417,arsenic-female-lung_950_results_SGDClassifier(random_state=0).csv
arsenic-female-lung_950,simpleimputer,ordinalencoder,feature_agglomeration,power,SGDClassifier(random_state=0),2,1.0,0.0016074180603027,0.0001249313354492,arsenic-female-lung_950_results_SGDClassifier(random_state=0).csv
arsenic-female-lung_950,none,none,fastica,standard,SGDClassifier(random_state=0),2,1.0,0.0015232563018798,0.0001249313354492,arsenic-female-lung_950_results_SGDClassifier(random_state=0).csv
arsenic-female-lung_950,simpleimputer,none,none,minmax,SGDClassifier(random_state=0),2,1.0,0.0022735595703125,0.0002315044403076,arsenic-female-lung_950_results_SGDClassifier(random_state=0).csv
arsenic-female-lung_950,simpleimputer,none,fastica,minmax,SGDClassifier(random_state=0),2,1.0,0.0014693737030029,0.0001215934753417,arsenic-female-lung_950_results_SGDClassifier(random_state=0).csv
arsenic-female-lung_950,simpleimputer,none,nystroem,standard,SGDClassifier(random_state=0),2,1.0,0.0037636756896972,0.0001590251922607,arsenic-female-lung_950_results_SGDClassifier(random_state=0).csv
arsenic-female-lung_950,simpleimputer,none,extra_tree,minmax,SGDClassifier(random_state=0),2,1.0,0.0015861988067626,0.0001206398010253,arsenic-female-lung_950_results_SGDClassifier(random_state=0).csv
arsenic-female-lung_950,none,none,truncated_svd,standard,SGDClassifier(random_state=0),2,1.0,0.0017971992492675,0.0001246929168701,arsenic-female-lung_950_results_SGDClassifier(random_state=0).csv
arsenic-female-lung_950,simpleimputer,ordinalencoder,extra_tree,power,SGDClassifier(random_state=0),2,1.0,0.0014848709106445,0.0001227855682373,arsenic-female-lung_950_results_SGDClassifier(random_state=0).csv
arsenic-female-lung_950,simpleimputer,onehot,pca,robust,SGDClassifier(random_state=0),2,1.0,0.0014030933380126,0.0001218318939208,arsenic-female-lung_950_results_SGDClassifier(random_state=0).csv
arsenic-female-lung_950,none,none,random_trees_embedding,none,SGDClassifier(random_state=0),2,1.0,0.0024101734161376,0.0001459121704101,arsenic-female-lung_950_results_SGDClassifier(random_state=0).csv
arsenic-female-lung_950,simpleimputer,none,random_trees_embedding,minmax,SGDClassifier(random_state=0),2,1.0,0.0024971961975097,0.0001585483551025,arsenic-female-lung_950_results_SGDClassifier(random_state=0).csv
arsenic-female-lung_950,simpleimputer,ordinalencoder,polynomial_features,quantile,SGDClassifier(random_state=0),2,1.0,0.0019037723541259,0.0001208782196044,arsenic-female-lung_950_results_SGDClassifier(random_state=0).csv
arsenic-female-lung_950,simpleimputer,onehot,random_trees_embedding,minmax,SGDClassifier(random_state=0),2,1.0,0.0024333000183105,0.0001473426818847,arsenic-female-lung_950_results_SGDClassifier(random_state=0).csv
arsenic-female-lung_950,simpleimputer,onehot,fastica,robust,SGDClassifier(random_state=0),2,1.0,0.002094030380249,0.0001289844512939,arsenic-female-lung_950_results_SGDClassifier(random_state=0).csv
chscase_census3_908,simpleimputer,none,nystroem,standard,SGDClassifier(random_state=0),2,0.65,0.0048081874847412,0.0001862049102783,chscase_census3_908_results_SGDClassifier(random_state=0).csv
chscase_census3_908,none,none,nystroem,standard,SGDClassifier(random_state=0),2,0.65,0.0047104358673095,0.0001571178436279,chscase_census3_908_results_SGDClassifier(random_state=0).csv
chscase_census3_908,none,ordinalencoder,nystroem,standard,SGDClassifier(random_state=0),2,0.65,0.0044612884521484,0.0001499652862548,chscase_census3_908_results_SGDClassifier(random_state=0).csv
chscase_census3_908,simpleimputer,onehot,nystroem,standard,SGDClassifier(random_state=0),2,0.65,0.004460334777832,0.0001475811004638,chscase_census3_908_results_SGDClassifier(random_state=0).csv
chscase_census3_908,simpleimputer,ordinalencoder,nystroem,standard,SGDClassifier(random_state=0),2,0.65,0.0046350955963134,0.0001490116119384,chscase_census3_908_results_SGDClassifier(random_state=0).csv
chscase_census3_908,none,onehot,nystroem,standard,SGDClassifier(random_state=0),2,0.65,0.0046443939208984,0.0001838207244873,chscase_census3_908_results_SGDClassifier(random_state=0).csv
chscase_census3_908,simpleimputer,onehot,nystroem,quantile,SGDClassifier(random_state=0),2,0.6375,0.0043740272521972,0.0001490116119384,chscase_census3_908_results_SGDClassifier(random_state=0).csv
chscase_census3_908,none,none,nystroem,quantile,SGDClassifier(random_state=0),2,0.6375,0.0044033527374267,0.0001513957977294,chscase_census3_908_results_SGDClassifier(random_state=0).csv
chscase_census3_908,none,ordinalencoder,nystroem,quantile,SGDClassifier(random_state=0),2,0.6375,0.0047314167022705,0.0002739429473876,chscase_census3_908_results_SGDClassifier(random_state=0).csv
chscase_census3_908,simpleimputer,ordinalencoder,nystroem,quantile,SGDClassifier(random_state=0),2,0.6375,0.0043027400970458,0.0001471042633056,chscase_census3_908_results_SGDClassifier(random_state=0).csv
chscase_census3_908,simpleimputer,none,nystroem,quantile,SGDClassifier(random_state=0),2,0.6375,0.0044219493865966,0.0001506805419921,chscase_census3_908_results_SGDClassifier(random_state=0).csv
chscase_census3_908,none,onehot,nystroem,quantile,SGDClassifier(random_state=0),2,0.6375,0.0044806003570556,0.0001535415649414,chscase_census3_908_results_SGDClassifier(random_state=0).csv
chscase_census3_908,none,onehot,truncated_svd,none,SGDClassifier(random_state=0),2,0.625,0.0017516613006591,0.0001206398010253,chscase_census3_908_results_SGDClassifier(random_state=0).csv
chscase_census3_908,none,onehot,feature_agglomeration,none,SGDClassifier(random_state=0),2,0.625,0.0017280578613281,0.0001194477081298,chscase_census3_908_results_SGDClassifier(random_state=0).csv
chscase_census3_908,simpleimputer,none,generic_univariate,none,SGDClassifier(random_state=0),2,0.625,0.0016136169433593,0.000126838684082,chscase_census3_908_results_SGDClassifier(random_state=0).csv
chscase_census3_908,none,onehot,linear_svc,none,SGDClassifier(random_state=0),2,0.625,0.0019006729125976,0.0001213550567626,chscase_census3_908_results_SGDClassifier(random_state=0).csv
chscase_census3_908,simpleimputer,onehot,polynomial_features,minmax,SGDClassifier(random_state=0),2,0.625,0.0020136833190917,0.0001168251037597,chscase_census3_908_results_SGDClassifier(random_state=0).csv
chscase_census3_908,simpleimputer,none,feature_agglomeration,quantile,SGDClassifier(random_state=0),2,0.625,0.0015819072723388,0.0001206398010253,chscase_census3_908_results_SGDClassifier(random_state=0).csv
chscase_census3_908,none,none,select_percentile,none,SGDClassifier(random_state=0),2,0.625,0.0016164779663085,0.0001170635223388,chscase_census3_908_results_SGDClassifier(random_state=0).csv
chscase_census3_908,simpleimputer,onehot,none,none,SGDClassifier(random_state=0),2,0.625,0.0025882720947265,0.0008442401885986,chscase_census3_908_results_SGDClassifier(random_state=0).csv
PopularKids_1100,none,onehot,polynomial_features,quantile,SGDClassifier(random_state=0),4,0.6210526315789474,0.02128267288208,0.000218391418457,PopularKids_1100_results_SGDClassifier(random_state=0).csv
PopularKids_1100,simpleimputer,onehot,polynomial_features,quantile,SGDClassifier(random_state=0),4,0.6210526315789474,0.0210001468658447,0.0002083778381347,PopularKids_1100_results_SGDClassifier(random_state=0).csv
PopularKids_1100,none,ordinalencoder,nystroem,power,SGDClassifier(random_state=0),2,0.6145833333333334,0.0195503234863281,0.0003180503845214,PopularKids_1100_results_SGDClassifier(random_state=0).csv
PopularKids_1100,simpleimputer,ordinalencoder,nystroem,power,SGDClassifier(random_state=0),2,0.6145833333333334,0.0359232425689697,0.0003168582916259,PopularKids_1100_results_SGDClassifier(random_state=0).csv
PopularKids_1100,none,ordinalencoder,none,normalizer,SGDClassifier(random_state=0),3,0.6105263157894737,0.004509687423706,0.0001533031463623,PopularKids_1100_results_SGDClassifier(random_state=0).csv
PopularKids_1100,simpleimputer,ordinalencoder,none,normalizer,SGDClassifier(random_state=0),3,0.6105263157894737,0.004258394241333,0.0001301765441894,PopularKids_1100_results_SGDClassifier(random_state=0).csv
PopularKids_1100,none,onehot,rbf_sampler,quantile,SGDClassifier(random_state=0),3,0.6,0.0098195075988769,0.0001716613769531,PopularKids_1100_results_SGDClassifier(random_state=0).csv
PopularKids_1100,none,onehot,polynomial_features,normalizer,SGDClassifier(random_state=0),3,0.6,0.0261733531951904,0.0002281665802001,PopularKids_1100_results_SGDClassifier(random_state=0).csv
PopularKids_1100,simpleimputer,onehot,rbf_sampler,quantile,SGDClassifier(random_state=0),3,0.6,0.0101139545440673,0.0001780986785888,PopularKids_1100_results_SGDClassifier(random_state=0).csv
PopularKids_1100,simpleimputer,onehot,polynomial_features,normalizer,SGDClassifier(random_state=0),3,0.6,0.0248034000396728,0.0002460479736328,PopularKids_1100_results_SGDClassifier(random_state=0).csv
PopularKids_1100,simpleimputer,onehot,nystroem,none,SGDClassifier(random_state=0),2,0.59375,0.0177457332611084,0.0002317428588867,PopularKids_1100_results_SGDClassifier(random_state=0).csv
PopularKids_1100,none,onehot,nystroem,none,SGDClassifier(random_state=0),2,0.59375,0.0162851810455322,0.0002341270446777,PopularKids_1100_results_SGDClassifier(random_state=0).csv
PopularKids_1100,none,ordinalencoder,feature_agglomeration,quantile,SGDClassifier(random_state=0),3,0.5894736842105263,0.0044107437133789,0.0001246929168701,PopularKids_1100_results_SGDClassifier(random_state=0).csv
PopularKids_1100,simpleimputer,onehot,feature_agglomeration,normalizer,SGDClassifier(random_state=0),3,0.5894736842105263,0.0036718845367431,0.0001296997070312,PopularKids_1100_results_SGDClassifier(random_state=0).csv
PopularKids_1100,simpleimputer,onehot,pca,minmax,SGDClassifier(random_state=0),4,0.5894736842105263,0.0060169696807861,0.0002360343933105,PopularKids_1100_results_SGDClassifier(random_state=0).csv
PopularKids_1100,none,onehot,extra_tree,minmax,SGDClassifier(random_state=0),3,0.5894736842105263,0.0043354034423828,0.0002319812774658,PopularKids_1100_results_SGDClassifier(random_state=0).csv
PopularKids_1100,none,onehot,kernel_pca,minmax,SGDClassifier(random_state=0),4,0.5894736842105263,0.0071473121643066,0.0001585483551025,PopularKids_1100_results_SGDClassifier(random_state=0).csv
PopularKids_1100,none,ordinalencoder,generic_univariate,quantile,SGDClassifier(random_state=0),3,0.5894736842105263,0.0044894218444824,0.0003764629364013,PopularKids_1100_results_SGDClassifier(random_state=0).csv
PopularKids_1100,simpleimputer,ordinalencoder,generic_univariate,robust,SGDClassifier(random_state=0),3,0.5894736842105263,0.0039799213409423,0.000140905380249,PopularKids_1100_results_SGDClassifier(random_state=0).csv
PopularKids_1100,simpleimputer,ordinalencoder,select_percentile,robust,SGDClassifier(random_state=0),3,0.5894736842105263,0.0039162635803222,0.0001404285430908,PopularKids_1100_results_SGDClassifier(random_state=0).csv
fri_c0_500_50_888,simpleimputer,onehot,extra_tree,normalizer,SGDClassifier(random_state=0),2,0.89,0.0017518997192382,0.0001220703125,fri_c0_500_50_888_results_SGDClassifier(random_state=0).csv
fri_c0_500_50_888,simpleimputer,ordinalencoder,extra_tree,normalizer,SGDClassifier(random_state=0),2,0.89,0.00203537940979,0.0001437664031982,fri_c0_500_50_888_results_SGDClassifier(random_state=0).csv
fri_c0_500_50_888,none,ordinalencoder,extra_tree,normalizer,SGDClassifier(random_state=0),2,0.89,0.0018796920776367,0.0001463890075683,fri_c0_500_50_888_results_SGDClassifier(random_state=0).csv
fri_c0_500_50_888,none,onehot,extra_tree,normalizer,SGDClassifier(random_state=0),2,0.89,0.0017621517181396,0.0001211166381835,fri_c0_500_50_888_results_SGDClassifier(random_state=0).csv
fri_c0_500_50_888,none,none,extra_tree,normalizer,SGDClassifier(random_state=0),2,0.89,0.0021326541900634,0.0001380443572998,fri_c0_500_50_888_results_SGDClassifier(random_state=0).csv
fri_c0_500_50_888,simpleimputer,none,extra_tree,normalizer,SGDClassifier(random_state=0),2,0.89,0.0017759799957275,0.0001215934753417,fri_c0_500_50_888_results_SGDClassifier(random_state=0).csv
fri_c0_500_50_888,none,none,linear_svc,quantile,SGDClassifier(random_state=0),4,0.88,0.0019614696502685,0.0001609325408935,fri_c0_500_50_888_results_SGDClassifier(random_state=0).csv
fri_c0_500_50_888,simpleimputer,onehot,linear_svc,normalizer,SGDClassifier(random_state=0),4,0.88,0.0016775131225585,0.0001273155212402,fri_c0_500_50_888_results_SGDClassifier(random_state=0).csv
fri_c0_500_50_888,simpleimputer,onehot,kernel_pca,normalizer,SGDClassifier(random_state=0),4,0.88,0.0033764839172363,0.000150442123413,fri_c0_500_50_888_results_SGDClassifier(random_state=0).csv
fri_c0_500_50_888,simpleimputer,ordinalencoder,pca,normalizer,SGDClassifier(random_state=0),4,0.88,0.0029122829437255,0.000129222869873,fri_c0_500_50_888_results_SGDClassifier(random_state=0).csv
fri_c0_500_50_888,none,onehot,pca,normalizer,SGDClassifier(random_state=0),4,0.88,0.0030765533447265,0.0001404285430908,fri_c0_500_50_888_results_SGDClassifier(random_state=0).csv
fri_c0_500_50_888,simpleimputer,none,linear_svc,quantile,SGDClassifier(random_state=0),4,0.88,0.0019042491912841,0.0001220703125,fri_c0_500_50_888_results_SGDClassifier(random_state=0).csv
fri_c0_500_50_888,none,ordinalencoder,linear_svc,quantile,SGDClassifier(random_state=0),4,0.88,0.0017552375793457,0.0001187324523925,fri_c0_500_50_888_results_SGDClassifier(random_state=0).csv
fri_c0_500_50_888,none,onehot,linear_svc,normalizer,SGDClassifier(random_state=0),4,0.88,0.0015749931335449,0.000138521194458,fri_c0_500_50_888_results_SGDClassifier(random_state=0).csv
fri_c0_500_50_888,simpleimputer,ordinalencoder,kernel_pca,normalizer,SGDClassifier(random_state=0),4,0.88,0.0032992362976074,0.0001449584960937,fri_c0_500_50_888_results_SGDClassifier(random_state=0).csv
fri_c0_500_50_888,simpleimputer,ordinalencoder,linear_svc,normalizer,SGDClassifier(random_state=0),4,0.88,0.0016951560974121,0.0001218318939208,fri_c0_500_50_888_results_SGDClassifier(random_state=0).csv
fri_c0_500_50_888,simpleimputer,onehot,pca,normalizer,SGDClassifier(random_state=0),4,0.88,0.0034873485565185,0.0002439022064208,fri_c0_500_50_888_results_SGDClassifier(random_state=0).csv
fri_c0_500_50_888,simpleimputer,ordinalencoder,linear_svc,quantile,SGDClassifier(random_state=0),4,0.88,0.0017886161804199,0.0001206398010253,fri_c0_500_50_888_results_SGDClassifier(random_state=0).csv
fri_c0_500_50_888,simpleimputer,onehot,linear_svc,quantile,SGDClassifier(random_state=0),4,0.88,0.0018484592437744,0.0001189708709716,fri_c0_500_50_888_results_SGDClassifier(random_state=0).csv
fri_c0_500_50_888,none,none,linear_svc,normalizer,SGDClassifier(random_state=0),4,0.88,0.0017790794372558,0.000131607055664,fri_c0_500_50_888_results_SGDClassifier(random_state=0).csv
fri_c2_500_50_920,none,onehot,generic_univariate,normalizer,SGDClassifier(random_state=0),4,0.86,0.0015723705291748,0.0001046657562255,fri_c2_500_50_920_results_SGDClassifier(random_state=0).csv
fri_c2_500_50_920,none,ordinalencoder,generic_univariate,normalizer,SGDClassifier(random_state=0),4,0.86,0.001720905303955,0.0001120567321777,fri_c2_500_50_920_results_SGDClassifier(random_state=0).csv
fri_c2_500_50_920,simpleimputer,onehot,generic_univariate,normalizer,SGDClassifier(random_state=0),4,0.86,0.0015640258789062,0.00010347366333,fri_c2_500_50_920_results_SGDClassifier(random_state=0).csv
fri_c2_500_50_920,none,none,generic_univariate,normalizer,SGDClassifier(random_state=0),4,0.86,0.0017275810241699,0.0001142024993896,fri_c2_500_50_920_results_SGDClassifier(random_state=0).csv
fri_c2_500_50_920,simpleimputer,ordinalencoder,generic_univariate,normalizer,SGDClassifier(random_state=0),4,0.86,0.0015661716461181,0.0001032352447509,fri_c2_500_50_920_results_SGDClassifier(random_state=0).csv
fri_c2_500_50_920,simpleimputer,none,generic_univariate,normalizer,SGDClassifier(random_state=0),4,0.86,0.0016009807586669,0.0001022815704345,fri_c2_500_50_920_results_SGDClassifier(random_state=0).csv
fri_c2_500_50_920,none,none,generic_univariate,minmax,SGDClassifier(random_state=0),0,0.83,0.0017554759979248,0.0001072883605957,fri_c2_500_50_920_results_SGDClassifier(random_state=0).csv
fri_c2_500_50_920,none,ordinalencoder,generic_univariate,minmax,SGDClassifier(random_state=0),0,0.83,0.0016911029815673,0.000108003616333,fri_c2_500_50_920_results_SGDClassifier(random_state=0).csv
fri_c2_500_50_920,simpleimputer,none,generic_univariate,minmax,SGDClassifier(random_state=0),0,0.83,0.0016624927520751,0.000108003616333,fri_c2_500_50_920_results_SGDClassifier(random_state=0).csv
fri_c2_500_50_920,simpleimputer,onehot,generic_univariate,minmax,SGDClassifier(random_state=0),0,0.83,0.0016329288482666,0.0001068115234375,fri_c2_500_50_920_results_SGDClassifier(random_state=0).csv
fri_c2_500_50_920,none,onehot,generic_univariate,minmax,SGDClassifier(random_state=0),0,0.83,0.0015723705291748,0.0001053810119628,fri_c2_500_50_920_results_SGDClassifier(random_state=0).csv
fri_c2_500_50_920,simpleimputer,ordinalencoder,generic_univariate,minmax,SGDClassifier(random_state=0),0,0.83,0.0015413761138916,0.0001027584075927,fri_c2_500_50_920_results_SGDClassifier(random_state=0).csv
fri_c2_500_50_920,none,none,generic_univariate,normalizer,SGDClassifier(random_state=0),0,0.82,0.0017311573028564,0.0001053810119628,fri_c2_500_50_920_results_SGDClassifier(random_state=0).csv
fri_c2_500_50_920,none,ordinalencoder,generic_univariate,normalizer,SGDClassifier(random_state=0),0,0.82,0.001720905303955,0.0001070499420166,fri_c2_500_50_920_results_SGDClassifier(random_state=0).csv
fri_c2_500_50_920,simpleimputer,onehot,generic_univariate,normalizer,SGDClassifier(random_state=0),0,0.82,0.0018506050109863,0.0001082420349121,fri_c2_500_50_920_results_SGDClassifier(random_state=0).csv
fri_c2_500_50_920,none,onehot,generic_univariate,normalizer,SGDClassifier(random_state=0),0,0.82,0.0017073154449462,0.0001039505004882,fri_c2_500_50_920_results_SGDClassifier(random_state=0).csv
fri_c2_500_50_920,simpleimputer,ordinalencoder,generic_univariate,normalizer,SGDClassifier(random_state=0),0,0.82,0.0016956329345703,0.0001027584075927,fri_c2_500_50_920_results_SGDClassifier(random_state=0).csv
fri_c2_500_50_920,simpleimputer,none,generic_univariate,normalizer,SGDClassifier(random_state=0),0,0.82,0.0017597675323486,0.0001060962677001,fri_c2_500_50_920_results_SGDClassifier(random_state=0).csv
fri_c2_500_50_920,none,none,select_percentile,standard,SGDClassifier(random_state=0),0,0.81,0.0019738674163818,0.0001056194305419,fri_c2_500_50_920_results_SGDClassifier(random_state=0).csv
fri_c2_500_50_920,none,ordinalencoder,select_percentile,standard,SGDClassifier(random_state=0),0,0.81,0.0024340152740478,0.0001251697540283,fri_c2_500_50_920_results_SGDClassifier(random_state=0).csv
blood-transfusion-service-center_1464,simpleimputer,ordinalencoder,nystroem,standard,SGDClassifier(random_state=0),3,0.8791946308724832,0.0083496570587158,0.0001790523529052,blood-transfusion-service-center_1464_results_SGDClassifier(random_state=0).csv
blood-transfusion-service-center_1464,simpleimputer,none,nystroem,standard,SGDClassifier(random_state=0),3,0.8791946308724832,0.0066611766815185,0.0001754760742187,blood-transfusion-service-center_1464_results_SGDClassifier(random_state=0).csv
blood-transfusion-service-center_1464,none,onehot,nystroem,standard,SGDClassifier(random_state=0),3,0.8791946308724832,0.0067229270935058,0.0001647472381591,blood-transfusion-service-center_1464_results_SGDClassifier(random_state=0).csv
blood-transfusion-service-center_1464,none,none,nystroem,standard,SGDClassifier(random_state=0),3,0.8791946308724832,0.006871223449707,0.0001673698425292,blood-transfusion-service-center_1464_results_SGDClassifier(random_state=0).csv
blood-transfusion-service-center_1464,none,ordinalencoder,nystroem,standard,SGDClassifier(random_state=0),3,0.8791946308724832,0.0067861080169677,0.0001881122589111,blood-transfusion-service-center_1464_results_SGDClassifier(random_state=0).csv
blood-transfusion-service-center_1464,simpleimputer,onehot,nystroem,standard,SGDClassifier(random_state=0),3,0.8791946308724832,0.0064895153045654,0.0001740455627441,blood-transfusion-service-center_1464_results_SGDClassifier(random_state=0).csv
blood-transfusion-service-center_1464,simpleimputer,none,rbf_sampler,minmax,SGDClassifier(random_state=0),3,0.8657718120805369,0.0054430961608886,0.0001468658447265,blood-transfusion-service-center_1464_results_SGDClassifier(random_state=0).csv
blood-transfusion-service-center_1464,simpleimputer,none,truncated_svd,minmax,SGDClassifier(random_state=0),3,0.8657718120805369,0.0021233558654785,0.0001499652862548,blood-transfusion-service-center_1464_results_SGDClassifier(random_state=0).csv
blood-transfusion-service-center_1464,none,onehot,truncated_svd,minmax,SGDClassifier(random_state=0),3,0.8657718120805369,0.0019295215606689,0.0001165866851806,blood-transfusion-service-center_1464_results_SGDClassifier(random_state=0).csv
blood-transfusion-service-center_1464,simpleimputer,onehot,truncated_svd,minmax,SGDClassifier(random_state=0),3,0.8657718120805369,0.0019257068634033,0.0001215934753417,blood-transfusion-service-center_1464_results_SGDClassifier(random_state=0).csv
blood-transfusion-service-center_1464,none,none,rbf_sampler,minmax,SGDClassifier(random_state=0),3,0.8657718120805369,0.005403995513916,0.0001397132873535,blood-transfusion-service-center_1464_results_SGDClassifier(random_state=0).csv
blood-transfusion-service-center_1464,none,onehot,rbf_sampler,minmax,SGDClassifier(random_state=0),3,0.8657718120805369,0.005350112915039,0.0001366138458251,blood-transfusion-service-center_1464_results_SGDClassifier(random_state=0).csv
blood-transfusion-service-center_1464,simpleimputer,ordinalencoder,truncated_svd,minmax,SGDClassifier(random_state=0),3,0.8657718120805369,0.0034661293029785,0.0003058910369873,blood-transfusion-service-center_1464_results_SGDClassifier(random_state=0).csv
blood-transfusion-service-center_1464,none,ordinalencoder,rbf_sampler,minmax,SGDClassifier(random_state=0),3,0.8657718120805369,0.0054523944854736,0.0001358985900878,blood-transfusion-service-center_1464_results_SGDClassifier(random_state=0).csv
blood-transfusion-service-center_1464,none,ordinalencoder,truncated_svd,minmax,SGDClassifier(random_state=0),3,0.8657718120805369,0.0022590160369873,0.0001492500305175,blood-transfusion-service-center_1464_results_SGDClassifier(random_state=0).csv
blood-transfusion-service-center_1464,simpleimputer,onehot,rbf_sampler,minmax,SGDClassifier(random_state=0),3,0.8657718120805369,0.0050685405731201,0.0001358985900878,blood-transfusion-service-center_1464_results_SGDClassifier(random_state=0).csv
blood-transfusion-service-center_1464,none,none,truncated_svd,minmax,SGDClassifier(random_state=0),3,0.8657718120805369,0.0019676685333251,0.0001184940338134,blood-transfusion-service-center_1464_results_SGDClassifier(random_state=0).csv
blood-transfusion-service-center_1464,simpleimputer,ordinalencoder,rbf_sampler,minmax,SGDClassifier(random_state=0),3,0.8657718120805369,0.0048608779907226,0.0001332759857177,blood-transfusion-service-center_1464_results_SGDClassifier(random_state=0).csv
blood-transfusion-service-center_1464,simpleimputer,onehot,nystroem,power,SGDClassifier(random_state=0),3,0.8590604026845637,0.0112466812133789,0.000171422958374,blood-transfusion-service-center_1464_results_SGDClassifier(random_state=0).csv
blood-transfusion-service-center_1464,simpleimputer,none,pca,minmax,SGDClassifier(random_state=0),3,0.8590604026845637,0.002018928527832,0.0001189708709716,blood-transfusion-service-center_1464_results_SGDClassifier(random_state=0).csv
abalone_183,none,onehot,extra_tree,normalizer,SGDClassifier(random_state=0),1,0.2763157894736842,0.0667557716369628,0.0002720355987548,abalone_183_results_SGDClassifier(random_state=0).csv
abalone_183,simpleimputer,onehot,extra_tree,normalizer,SGDClassifier(random_state=0),1,0.2763157894736842,0.0649836063385009,0.0002756118774414,abalone_183_results_SGDClassifier(random_state=0).csv
abalone_183,simpleimputer,ordinalencoder,extra_tree,none,SGDClassifier(random_state=0),1,0.2655502392344497,0.0700829029083252,0.0003459453582763,abalone_183_results_SGDClassifier(random_state=0).csv
abalone_183,none,ordinalencoder,extra_tree,none,SGDClassifier(random_state=0),1,0.2655502392344497,0.0748350620269775,0.0003764629364013,abalone_183_results_SGDClassifier(random_state=0).csv
abalone_183,none,ordinalencoder,nystroem,robust,SGDClassifier(random_state=0),4,0.2622754491017964,0.248988389968872,0.000547170639038,abalone_183_results_SGDClassifier(random_state=0).csv
abalone_183,simpleimputer,ordinalencoder,nystroem,robust,SGDClassifier(random_state=0),4,0.2622754491017964,0.2531220912933349,0.0005216598510742,abalone_183_results_SGDClassifier(random_state=0).csv
abalone_183,simpleimputer,onehot,rbf_sampler,normalizer,SGDClassifier(random_state=0),1,0.2619617224880383,0.2403240203857422,0.0004947185516357,abalone_183_results_SGDClassifier(random_state=0).csv
abalone_183,none,onehot,rbf_sampler,normalizer,SGDClassifier(random_state=0),1,0.2619617224880383,0.241877794265747,0.0005135536193847,abalone_183_results_SGDClassifier(random_state=0).csv
abalone_183,simpleimputer,onehot,rbf_sampler,standard,SGDClassifier(random_state=0),0,0.2607655502392344,0.2560148239135742,0.0005125999450683,abalone_183_results_SGDClassifier(random_state=0).csv
abalone_183,none,onehot,rbf_sampler,standard,SGDClassifier(random_state=0),0,0.2607655502392344,0.2601697444915771,0.0005161762237548,abalone_183_results_SGDClassifier(random_state=0).csv
abalone_183,simpleimputer,ordinalencoder,rbf_sampler,quantile,SGDClassifier(random_state=0),1,0.2607655502392344,0.2463247776031494,0.0005266666412353,abalone_183_results_SGDClassifier(random_state=0).csv
abalone_183,none,ordinalencoder,rbf_sampler,quantile,SGDClassifier(random_state=0),1,0.2607655502392344,0.2369372844696045,0.0005223751068115,abalone_183_results_SGDClassifier(random_state=0).csv
abalone_183,simpleimputer,onehot,random_trees_embedding,power,SGDClassifier(random_state=0),1,0.2571770334928229,0.5350978374481201,0.0011188983917236,abalone_183_results_SGDClassifier(random_state=0).csv
abalone_183,none,onehot,random_trees_embedding,power,SGDClassifier(random_state=0),1,0.2571770334928229,0.5332198143005371,0.0012197494506835,abalone_183_results_SGDClassifier(random_state=0).csv
abalone_183,none,onehot,none,quantile,SGDClassifier(random_state=0),4,0.2550898203592814,0.0947599411010742,0.0002715587615966,abalone_183_results_SGDClassifier(random_state=0).csv
abalone_183,simpleimputer,onehot,none,quantile,SGDClassifier(random_state=0),4,0.2550898203592814,0.0944290161132812,0.0002784729003906,abalone_183_results_SGDClassifier(random_state=0).csv
abalone_183,simpleimputer,ordinalencoder,rbf_sampler,normalizer,SGDClassifier(random_state=0),0,0.2535885167464115,0.2543263435363769,0.0005056858062744,abalone_183_results_SGDClassifier(random_state=0).csv
abalone_183,none,ordinalencoder,rbf_sampler,normalizer,SGDClassifier(random_state=0),0,0.2535885167464115,0.2593545913696289,0.0005054473876953,abalone_183_results_SGDClassifier(random_state=0).csv
abalone_183,none,ordinalencoder,nystroem,robust,SGDClassifier(random_state=0),0,0.2511961722488038,0.2433435916900634,0.0005161762237548,abalone_183_results_SGDClassifier(random_state=0).csv
abalone_183,simpleimputer,ordinalencoder,polynomial_features,standard,SGDClassifier(random_state=0),1,0.2511961722488038,0.2483332157135009,0.000446081161499,abalone_183_results_SGDClassifier(random_state=0).csv
fri_c1_1000_50_837,simpleimputer,ordinalencoder,feature_agglomeration,power,SGDClassifier(random_state=0),3,0.745,0.0022668838500976,0.0001156330108642,fri_c1_1000_50_837_results_SGDClassifier(random_state=0).csv
fri_c1_1000_50_837,simpleimputer,none,feature_agglomeration,power,SGDClassifier(random_state=0),3,0.745,0.0025222301483154,0.0001225471496582,fri_c1_1000_50_837_results_SGDClassifier(random_state=0).csv
fri_c1_1000_50_837,none,none,feature_agglomeration,power,SGDClassifier(random_state=0),3,0.745,0.0022294521331787,0.0001139640808105,fri_c1_1000_50_837_results_SGDClassifier(random_state=0).csv
fri_c1_1000_50_837,none,ordinalencoder,feature_agglomeration,power,SGDClassifier(random_state=0),3,0.745,0.0024640560150146,0.0002439022064208,fri_c1_1000_50_837_results_SGDClassifier(random_state=0).csv
fri_c1_1000_50_837,none,onehot,feature_agglomeration,power,SGDClassifier(random_state=0),3,0.745,0.0025289058685302,0.0001239776611328,fri_c1_1000_50_837_results_SGDClassifier(random_state=0).csv
fri_c1_1000_50_837,simpleimputer,onehot,feature_agglomeration,power,SGDClassifier(random_state=0),3,0.745,0.002242088317871,0.0001149177551269,fri_c1_1000_50_837_results_SGDClassifier(random_state=0).csv
fri_c1_1000_50_837,simpleimputer,ordinalencoder,feature_agglomeration,power,SGDClassifier(random_state=0),4,0.74,0.0024244785308837,0.0001153945922851,fri_c1_1000_50_837_results_SGDClassifier(random_state=0).csv
fri_c1_1000_50_837,simpleimputer,none,feature_agglomeration,power,SGDClassifier(random_state=0),4,0.74,0.0025699138641357,0.000115156173706,fri_c1_1000_50_837_results_SGDClassifier(random_state=0).csv
fri_c1_1000_50_837,simpleimputer,ordinalencoder,select_percentile,power,SGDClassifier(random_state=0),2,0.74,0.0035145282745361,0.0001220703125,fri_c1_1000_50_837_results_SGDClassifier(random_state=0).csv
fri_c1_1000_50_837,simpleimputer,none,select_percentile,power,SGDClassifier(random_state=0),2,0.74,0.0034754276275634,0.0001161098480224,fri_c1_1000_50_837_results_SGDClassifier(random_state=0).csv
fri_c1_1000_50_837,none,ordinalencoder,feature_agglomeration,normalizer,SGDClassifier(random_state=0),3,0.74,0.0018610954284667,0.0001132488250732,fri_c1_1000_50_837_results_SGDClassifier(random_state=0).csv
fri_c1_1000_50_837,none,ordinalencoder,select_percentile,none,SGDClassifier(random_state=0),2,0.74,0.0038318634033203,0.0001235008239746,fri_c1_1000_50_837_results_SGDClassifier(random_state=0).csv
fri_c1_1000_50_837,simpleimputer,ordinalencoder,feature_agglomeration,normalizer,SGDClassifier(random_state=0),3,0.74,0.0020370483398437,0.0001270771026611,fri_c1_1000_50_837_results_SGDClassifier(random_state=0).csv
fri_c1_1000_50_837,none,ordinalencoder,random_trees_embedding,normalizer,SGDClassifier(random_state=0),1,0.74,0.0032227039337158,0.000152587890625,fri_c1_1000_50_837_results_SGDClassifier(random_state=0).csv
fri_c1_1000_50_837,simpleimputer,onehot,select_percentile,none,SGDClassifier(random_state=0),2,0.74,0.0040526390075683,0.0001289844512939,fri_c1_1000_50_837_results_SGDClassifier(random_state=0).csv
fri_c1_1000_50_837,simpleimputer,onehot,feature_agglomeration,power,SGDClassifier(random_state=0),4,0.74,0.0025243759155273,0.0001678466796875,fri_c1_1000_50_837_results_SGDClassifier(random_state=0).csv
fri_c1_1000_50_837,none,onehot,feature_agglomeration,power,SGDClassifier(random_state=0),4,0.74,0.0023679733276367,0.0001122951507568,fri_c1_1000_50_837_results_SGDClassifier(random_state=0).csv
fri_c1_1000_50_837,simpleimputer,ordinalencoder,random_trees_embedding,normalizer,SGDClassifier(random_state=0),1,0.74,0.0031616687774658,0.0001461505889892,fri_c1_1000_50_837_results_SGDClassifier(random_state=0).csv
fri_c1_1000_50_837,none,onehot,select_percentile,power,SGDClassifier(random_state=0),2,0.74,0.0037274360656738,0.0001852512359619,fri_c1_1000_50_837_results_SGDClassifier(random_state=0).csv
fri_c1_1000_50_837,none,onehot,feature_agglomeration,normalizer,SGDClassifier(random_state=0),3,0.74,0.0019748210906982,0.0001168251037597,fri_c1_1000_50_837_results_SGDClassifier(random_state=0).csv
arsenic-female-bladder_949,none,none,nystroem,quantile,SGDClassifier(random_state=0),0,0.9196428571428572,0.0042653083801269,0.0001630783081054,arsenic-female-bladder_949_results_SGDClassifier(random_state=0).csv
arsenic-female-bladder_949,none,none,polynomial_features,power,SGDClassifier(random_state=0),0,0.9196428571428572,0.002415657043457,0.0001254081726074,arsenic-female-bladder_949_results_SGDClassifier(random_state=0).csv
arsenic-female-bladder_949,none,none,polynomial_features,quantile,SGDClassifier(random_state=0),0,0.9196428571428572,0.0016677379608154,0.0001344680786132,arsenic-female-bladder_949_results_SGDClassifier(random_state=0).csv
arsenic-female-bladder_949,simpleimputer,ordinalencoder,polynomial_features,power,SGDClassifier(random_state=0),0,0.9196428571428572,0.0022554397583007,0.0001132488250732,arsenic-female-bladder_949_results_SGDClassifier(random_state=0).csv
arsenic-female-bladder_949,none,ordinalencoder,polynomial_features,quantile,SGDClassifier(random_state=0),0,0.9196428571428572,0.0016374588012695,0.0001153945922851,arsenic-female-bladder_949_results_SGDClassifier(random_state=0).csv
arsenic-female-bladder_949,simpleimputer,none,nystroem,quantile,SGDClassifier(random_state=0),0,0.9196428571428572,0.003838300704956,0.0002052783966064,arsenic-female-bladder_949_results_SGDClassifier(random_state=0).csv
arsenic-female-bladder_949,none,onehot,polynomial_features,quantile,SGDClassifier(random_state=0),0,0.9196428571428572,0.0017125606536865,0.0001189708709716,arsenic-female-bladder_949_results_SGDClassifier(random_state=0).csv
arsenic-female-bladder_949,none,onehot,nystroem,quantile,SGDClassifier(random_state=0),0,0.9196428571428572,0.0063188076019287,0.0001924037933349,arsenic-female-bladder_949_results_SGDClassifier(random_state=0).csv
arsenic-female-bladder_949,simpleimputer,onehot,polynomial_features,power,SGDClassifier(random_state=0),0,0.9196428571428572,0.0022914409637451,0.0001490116119384,arsenic-female-bladder_949_results_SGDClassifier(random_state=0).csv
arsenic-female-bladder_949,none,onehot,polynomial_features,power,SGDClassifier(random_state=0),0,0.9196428571428572,0.0023109912872314,0.0001189708709716,arsenic-female-bladder_949_results_SGDClassifier(random_state=0).csv
arsenic-female-bladder_949,none,ordinalencoder,nystroem,quantile,SGDClassifier(random_state=0),0,0.9196428571428572,0.0042052268981933,0.0002036094665527,arsenic-female-bladder_949_results_SGDClassifier(random_state=0).csv
arsenic-female-bladder_949,simpleimputer,onehot,nystroem,quantile,SGDClassifier(random_state=0),0,0.9196428571428572,0.003868818283081,0.0001811981201171,arsenic-female-bladder_949_results_SGDClassifier(random_state=0).csv
arsenic-female-bladder_949,simpleimputer,onehot,polynomial_features,quantile,SGDClassifier(random_state=0),0,0.9196428571428572,0.0016107559204101,0.000112771987915,arsenic-female-bladder_949_results_SGDClassifier(random_state=0).csv
arsenic-female-bladder_949,simpleimputer,ordinalencoder,polynomial_features,quantile,SGDClassifier(random_state=0),0,0.9196428571428572,0.0016918182373046,0.0001187324523925,arsenic-female-bladder_949_results_SGDClassifier(random_state=0).csv
arsenic-female-bladder_949,simpleimputer,none,polynomial_features,quantile,SGDClassifier(random_state=0),0,0.9196428571428572,0.0017995834350585,0.0001192092895507,arsenic-female-bladder_949_results_SGDClassifier(random_state=0).csv
arsenic-female-bladder_949,simpleimputer,none,polynomial_features,power,SGDClassifier(random_state=0),0,0.9196428571428572,0.0022428035736083,0.0001130104064941,arsenic-female-bladder_949_results_SGDClassifier(random_state=0).csv
arsenic-female-bladder_949,simpleimputer,ordinalencoder,nystroem,quantile,SGDClassifier(random_state=0),0,0.9196428571428572,0.0044913291931152,0.000246524810791,arsenic-female-bladder_949_results_SGDClassifier(random_state=0).csv
arsenic-female-bladder_949,none,ordinalencoder,polynomial_features,power,SGDClassifier(random_state=0),0,0.9196428571428572,0.0022332668304443,0.0001165866851806,arsenic-female-bladder_949_results_SGDClassifier(random_state=0).csv
arsenic-female-bladder_949,none,ordinalencoder,nystroem,robust,SGDClassifier(random_state=0),0,0.9107142857142856,0.004223346710205,0.0002782344818115,arsenic-female-bladder_949_results_SGDClassifier(random_state=0).csv
arsenic-female-bladder_949,none,onehot,nystroem,robust,SGDClassifier(random_state=0),0,0.9107142857142856,0.0040106773376464,0.0001494884490966,arsenic-female-bladder_949_results_SGDClassifier(random_state=0).csv
PizzaCutter3_1444,simpleimputer,none,nystroem,standard,SGDClassifier(random_state=0),4,0.908653846153846,0.0089576244354248,0.0005297660827636,PizzaCutter3_1444_results_SGDClassifier(random_state=0).csv
PizzaCutter3_1444,none,ordinalencoder,nystroem,standard,SGDClassifier(random_state=0),4,0.908653846153846,0.0066878795623779,0.000373363494873,PizzaCutter3_1444_results_SGDClassifier(random_state=0).csv
PizzaCutter3_1444,none,onehot,nystroem,standard,SGDClassifier(random_state=0),4,0.908653846153846,0.006749153137207,0.0001721382141113,PizzaCutter3_1444_results_SGDClassifier(random_state=0).csv
PizzaCutter3_1444,simpleimputer,ordinalencoder,nystroem,standard,SGDClassifier(random_state=0),4,0.908653846153846,0.0065231323242187,0.00016450881958,PizzaCutter3_1444_results_SGDClassifier(random_state=0).csv
PizzaCutter3_1444,none,none,nystroem,standard,SGDClassifier(random_state=0),4,0.908653846153846,0.0070126056671142,0.000176191329956,PizzaCutter3_1444_results_SGDClassifier(random_state=0).csv
PizzaCutter3_1444,simpleimputer,onehot,nystroem,standard,SGDClassifier(random_state=0),4,0.908653846153846,0.0069072246551513,0.0002529621124267,PizzaCutter3_1444_results_SGDClassifier(random_state=0).csv
PizzaCutter3_1444,simpleimputer,ordinalencoder,select_percentile,minmax,SGDClassifier(random_state=0),0,0.9043062200956936,0.0025849342346191,0.000129222869873,PizzaCutter3_1444_results_SGDClassifier(random_state=0).csv
PizzaCutter3_1444,none,onehot,select_percentile,minmax,SGDClassifier(random_state=0),0,0.9043062200956936,0.002697467803955,0.0001330375671386,PizzaCutter3_1444_results_SGDClassifier(random_state=0).csv
PizzaCutter3_1444,simpleimputer,onehot,select_percentile,minmax,SGDClassifier(random_state=0),0,0.9043062200956936,0.0034365653991699,0.0001478195190429,PizzaCutter3_1444_results_SGDClassifier(random_state=0).csv
PizzaCutter3_1444,none,ordinalencoder,select_percentile,minmax,SGDClassifier(random_state=0),0,0.9043062200956936,0.0024137496948242,0.0001256465911865,PizzaCutter3_1444_results_SGDClassifier(random_state=0).csv
PizzaCutter3_1444,none,none,select_percentile,minmax,SGDClassifier(random_state=0),0,0.9043062200956936,0.0024855136871337,0.0001349449157714,PizzaCutter3_1444_results_SGDClassifier(random_state=0).csv
PizzaCutter3_1444,simpleimputer,none,select_percentile,minmax,SGDClassifier(random_state=0),0,0.9043062200956936,0.0024924278259277,0.0001263618469238,PizzaCutter3_1444_results_SGDClassifier(random_state=0).csv
PizzaCutter3_1444,none,none,feature_agglomeration,none,SGDClassifier(random_state=0),0,0.8995215311004785,0.0021986961364746,0.0001320838928222,PizzaCutter3_1444_results_SGDClassifier(random_state=0).csv
PizzaCutter3_1444,simpleimputer,ordinalencoder,feature_agglomeration,power,SGDClassifier(random_state=0),0,0.8995215311004785,0.0036842823028564,0.000140905380249,PizzaCutter3_1444_results_SGDClassifier(random_state=0).csv
PizzaCutter3_1444,none,ordinalencoder,nystroem,robust,SGDClassifier(random_state=0),0,0.8995215311004785,0.0098321437835693,0.0001885890960693,PizzaCutter3_1444_results_SGDClassifier(random_state=0).csv
PizzaCutter3_1444,none,ordinalencoder,pca,normalizer,SGDClassifier(random_state=0),0,0.8995215311004785,0.0049953460693359,0.0001325607299804,PizzaCutter3_1444_results_SGDClassifier(random_state=0).csv
PizzaCutter3_1444,simpleimputer,ordinalencoder,nystroem,quantile,SGDClassifier(random_state=0),0,0.8995215311004785,0.0069477558135986,0.000171422958374,PizzaCutter3_1444_results_SGDClassifier(random_state=0).csv
PizzaCutter3_1444,none,ordinalencoder,none,normalizer,SGDClassifier(random_state=0),0,0.8995215311004785,0.0099248886108398,0.0003027915954589,PizzaCutter3_1444_results_SGDClassifier(random_state=0).csv
PizzaCutter3_1444,none,ordinalencoder,truncated_svd,normalizer,SGDClassifier(random_state=0),0,0.8995215311004785,0.0037078857421875,0.0001304149627685,PizzaCutter3_1444_results_SGDClassifier(random_state=0).csv
PizzaCutter3_1444,none,ordinalencoder,select_percentile,normalizer,SGDClassifier(random_state=0),0,0.8995215311004785,0.004044771194458,0.0001704692840576,PizzaCutter3_1444_results_SGDClassifier(random_state=0).csv
robot-failures-lp5_1520,none,ordinalencoder,random_trees_embedding,quantile,SGDClassifier(random_state=0),3,0.8181818181818182,0.004094123840332,0.0001671314239501,robot-failures-lp5_1520_results_SGDClassifier(random_state=0).csv
robot-failures-lp5_1520,none,none,random_trees_embedding,quantile,SGDClassifier(random_state=0),3,0.8181818181818182,0.0040922164916992,0.0001583099365234,robot-failures-lp5_1520_results_SGDClassifier(random_state=0).csv
robot-failures-lp5_1520,simpleimputer,ordinalencoder,random_trees_embedding,quantile,SGDClassifier(random_state=0),3,0.8181818181818182,0.0041091442108154,0.0001609325408935,robot-failures-lp5_1520_results_SGDClassifier(random_state=0).csv
robot-failures-lp5_1520,simpleimputer,none,random_trees_embedding,quantile,SGDClassifier(random_state=0),3,0.8181818181818182,0.0039780139923095,0.0001676082611083,robot-failures-lp5_1520_results_SGDClassifier(random_state=0).csv
robot-failures-lp5_1520,none,onehot,random_trees_embedding,quantile,SGDClassifier(random_state=0),3,0.8181818181818182,0.0040717124938964,0.0001611709594726,robot-failures-lp5_1520_results_SGDClassifier(random_state=0).csv
robot-failures-lp5_1520,simpleimputer,onehot,random_trees_embedding,quantile,SGDClassifier(random_state=0),3,0.8181818181818182,0.0040168762207031,0.0001544952392578,robot-failures-lp5_1520_results_SGDClassifier(random_state=0).csv
robot-failures-lp5_1520,none,none,random_trees_embedding,minmax,SGDClassifier(random_state=0),3,0.7878787878787878,0.0042116641998291,0.0001556873321533,robot-failures-lp5_1520_results_SGDClassifier(random_state=0).csv
robot-failures-lp5_1520,simpleimputer,ordinalencoder,random_trees_embedding,none,SGDClassifier(random_state=0),3,0.7878787878787878,0.0042858123779296,0.0001485347747802,robot-failures-lp5_1520_results_SGDClassifier(random_state=0).csv
robot-failures-lp5_1520,simpleimputer,onehot,random_trees_embedding,standard,SGDClassifier(random_state=0),3,0.7878787878787878,0.0044128894805908,0.0001721382141113,robot-failures-lp5_1520_results_SGDClassifier(random_state=0).csv
robot-failures-lp5_1520,simpleimputer,ordinalencoder,random_trees_embedding,minmax,SGDClassifier(random_state=0),3,0.7878787878787878,0.0042035579681396,0.0001499652862548,robot-failures-lp5_1520_results_SGDClassifier(random_state=0).csv
robot-failures-lp5_1520,simpleimputer,onehot,random_trees_embedding,minmax,SGDClassifier(random_state=0),3,0.7878787878787878,0.0042524337768554,0.0002100467681884,robot-failures-lp5_1520_results_SGDClassifier(random_state=0).csv
robot-failures-lp5_1520,simpleimputer,none,random_trees_embedding,standard,SGDClassifier(random_state=0),3,0.7878787878787878,0.0043277740478515,0.0001535415649414,robot-failures-lp5_1520_results_SGDClassifier(random_state=0).csv
robot-failures-lp5_1520,none,ordinalencoder,random_trees_embedding,none,SGDClassifier(random_state=0),3,0.7878787878787878,0.0043599605560302,0.0001585483551025,robot-failures-lp5_1520_results_SGDClassifier(random_state=0).csv
robot-failures-lp5_1520,simpleimputer,ordinalencoder,random_trees_embedding,standard,SGDClassifier(random_state=0),3,0.7878787878787878,0.0042321681976318,0.0001490116119384,robot-failures-lp5_1520_results_SGDClassifier(random_state=0).csv
robot-failures-lp5_1520,simpleimputer,onehot,random_trees_embedding,none,SGDClassifier(random_state=0),3,0.7878787878787878,0.0041918754577636,0.0001542568206787,robot-failures-lp5_1520_results_SGDClassifier(random_state=0).csv
robot-failures-lp5_1520,none,ordinalencoder,random_trees_embedding,robust,SGDClassifier(random_state=0),3,0.7878787878787878,0.0043387413024902,0.0001542568206787,robot-failures-lp5_1520_results_SGDClassifier(random_state=0).csv
robot-failures-lp5_1520,simpleimputer,none,random_trees_embedding,robust,SGDClassifier(random_state=0),3,0.7878787878787878,0.0043082237243652,0.0001556873321533,robot-failures-lp5_1520_results_SGDClassifier(random_state=0).csv
robot-failures-lp5_1520,none,none,random_trees_embedding,standard,SGDClassifier(random_state=0),3,0.7878787878787878,0.0042536258697509,0.0001502037048339,robot-failures-lp5_1520_results_SGDClassifier(random_state=0).csv
robot-failures-lp5_1520,none,none,random_trees_embedding,none,SGDClassifier(random_state=0),3,0.7878787878787878,0.0044100284576416,0.0001523494720458,robot-failures-lp5_1520_results_SGDClassifier(random_state=0).csv
robot-failures-lp5_1520,simpleimputer,none,random_trees_embedding,none,SGDClassifier(random_state=0),3,0.7878787878787878,0.0044872760772705,0.0001523494720458,robot-failures-lp5_1520_results_SGDClassifier(random_state=0).csv
satimage_182,simpleimputer,ordinalencoder,random_trees_embedding,power,SGDClassifier(random_state=0),0,0.9004665629860031,0.208998441696167,0.0007796287536621,satimage_182_results_SGDClassifier(random_state=0).csv
satimage_182,none,ordinalencoder,random_trees_embedding,power,SGDClassifier(random_state=0),0,0.9004665629860031,0.2166419029235839,0.0007886886596679,satimage_182_results_SGDClassifier(random_state=0).csv
satimage_182,none,none,random_trees_embedding,power,SGDClassifier(random_state=0),0,0.9004665629860031,0.2436721324920654,0.0007953643798828,satimage_182_results_SGDClassifier(random_state=0).csv
satimage_182,simpleimputer,onehot,random_trees_embedding,power,SGDClassifier(random_state=0),0,0.9004665629860031,0.2071809768676757,0.0008015632629394,satimage_182_results_SGDClassifier(random_state=0).csv
satimage_182,none,onehot,random_trees_embedding,power,SGDClassifier(random_state=0),0,0.9004665629860031,0.2184085845947265,0.0008256435394287,satimage_182_results_SGDClassifier(random_state=0).csv
satimage_182,simpleimputer,none,random_trees_embedding,power,SGDClassifier(random_state=0),0,0.9004665629860031,0.2267777919769287,0.0007896423339843,satimage_182_results_SGDClassifier(random_state=0).csv
satimage_182,none,ordinalencoder,nystroem,power,SGDClassifier(random_state=0),0,0.8989113530326595,0.1060872077941894,0.0005626678466796,satimage_182_results_SGDClassifier(random_state=0).csv
satimage_182,none,onehot,nystroem,power,SGDClassifier(random_state=0),0,0.8989113530326595,0.1076059341430664,0.0006384849548339,satimage_182_results_SGDClassifier(random_state=0).csv
satimage_182,simpleimputer,none,nystroem,power,SGDClassifier(random_state=0),0,0.8989113530326595,0.1296234130859375,0.0005404949188232,satimage_182_results_SGDClassifier(random_state=0).csv
satimage_182,none,none,nystroem,power,SGDClassifier(random_state=0),0,0.8989113530326595,0.1077096462249755,0.0005302429199218,satimage_182_results_SGDClassifier(random_state=0).csv
satimage_182,simpleimputer,onehot,nystroem,power,SGDClassifier(random_state=0),0,0.8989113530326595,0.1108894348144531,0.0005328655242919,satimage_182_results_SGDClassifier(random_state=0).csv
satimage_182,simpleimputer,ordinalencoder,nystroem,power,SGDClassifier(random_state=0),0,0.8989113530326595,0.1137020587921142,0.0005481243133544,satimage_182_results_SGDClassifier(random_state=0).csv
satimage_182,simpleimputer,onehot,rbf_sampler,minmax,SGDClassifier(random_state=0),0,0.8973561430793157,0.1185448169708252,0.0006043910980224,satimage_182_results_SGDClassifier(random_state=0).csv
satimage_182,none,ordinalencoder,rbf_sampler,minmax,SGDClassifier(random_state=0),0,0.8973561430793157,0.109492540359497,0.0005981922149658,satimage_182_results_SGDClassifier(random_state=0).csv
satimage_182,none,onehot,rbf_sampler,minmax,SGDClassifier(random_state=0),0,0.8973561430793157,0.0957996845245361,0.0004606246948242,satimage_182_results_SGDClassifier(random_state=0).csv
satimage_182,none,none,rbf_sampler,minmax,SGDClassifier(random_state=0),0,0.8973561430793157,0.0965492725372314,0.000500202178955,satimage_182_results_SGDClassifier(random_state=0).csv
satimage_182,simpleimputer,ordinalencoder,rbf_sampler,minmax,SGDClassifier(random_state=0),0,0.8973561430793157,0.1202368736267089,0.0005607604980468,satimage_182_results_SGDClassifier(random_state=0).csv
satimage_182,simpleimputer,none,rbf_sampler,minmax,SGDClassifier(random_state=0),0,0.8973561430793157,0.1043033599853515,0.0004894733428955,satimage_182_results_SGDClassifier(random_state=0).csv
satimage_182,simpleimputer,ordinalencoder,polynomial_features,robust,SGDClassifier(random_state=0),2,0.8965785381026439,1.178483963012695,0.0058088302612304,satimage_182_results_SGDClassifier(random_state=0).csv
satimage_182,simpleimputer,none,polynomial_features,robust,SGDClassifier(random_state=0),2,0.8965785381026439,1.1924259662628174,0.001429796218872,satimage_182_results_SGDClassifier(random_state=0).csv
fri_c4_500_50_805,simpleimputer,ordinalencoder,fastica,power,SGDClassifier(random_state=0),0,0.71,0.0044398307800292,0.0001506805419921,fri_c4_500_50_805_results_SGDClassifier(random_state=0).csv
fri_c4_500_50_805,none,none,fastica,power,SGDClassifier(random_state=0),0,0.71,0.0044162273406982,0.0001475811004638,fri_c4_500_50_805_results_SGDClassifier(random_state=0).csv
fri_c4_500_50_805,simpleimputer,onehot,fastica,power,SGDClassifier(random_state=0),0,0.71,0.0053150653839111,0.0001745223999023,fri_c4_500_50_805_results_SGDClassifier(random_state=0).csv
fri_c4_500_50_805,none,ordinalencoder,none,minmax,SGDClassifier(random_state=0),1,0.71,0.0040276050567626,0.0001351833343505,fri_c4_500_50_805_results_SGDClassifier(random_state=0).csv
fri_c4_500_50_805,simpleimputer,none,fastica,power,SGDClassifier(random_state=0),0,0.71,0.0043318271636962,0.0001449584960937,fri_c4_500_50_805_results_SGDClassifier(random_state=0).csv
fri_c4_500_50_805,simpleimputer,none,none,minmax,SGDClassifier(random_state=0),1,0.71,0.0039646625518798,0.0001337528228759,fri_c4_500_50_805_results_SGDClassifier(random_state=0).csv
fri_c4_500_50_805,simpleimputer,onehot,none,minmax,SGDClassifier(random_state=0),1,0.71,0.0041429996490478,0.0001330375671386,fri_c4_500_50_805_results_SGDClassifier(random_state=0).csv
fri_c4_500_50_805,none,onehot,none,minmax,SGDClassifier(random_state=0),1,0.71,0.0054349899291992,0.0002954006195068,fri_c4_500_50_805_results_SGDClassifier(random_state=0).csv
fri_c4_500_50_805,none,none,none,minmax,SGDClassifier(random_state=0),1,0.71,0.0049643516540527,0.0001490116119384,fri_c4_500_50_805_results_SGDClassifier(random_state=0).csv
fri_c4_500_50_805,none,ordinalencoder,fastica,power,SGDClassifier(random_state=0),0,0.71,0.0042653083801269,0.0001678466796875,fri_c4_500_50_805_results_SGDClassifier(random_state=0).csv
fri_c4_500_50_805,none,onehot,fastica,power,SGDClassifier(random_state=0),0,0.71,0.0048282146453857,0.0002834796905517,fri_c4_500_50_805_results_SGDClassifier(random_state=0).csv
fri_c4_500_50_805,simpleimputer,ordinalencoder,none,minmax,SGDClassifier(random_state=0),1,0.71,0.0048871040344238,0.0001471042633056,fri_c4_500_50_805_results_SGDClassifier(random_state=0).csv
fri_c4_500_50_805,none,onehot,generic_univariate,normalizer,SGDClassifier(random_state=0),2,0.7,0.0020232200622558,0.0001192092895507,fri_c4_500_50_805_results_SGDClassifier(random_state=0).csv
fri_c4_500_50_805,none,onehot,random_trees_embedding,normalizer,SGDClassifier(random_state=0),3,0.7,0.0022175312042236,0.0001544952392578,fri_c4_500_50_805_results_SGDClassifier(random_state=0).csv
fri_c4_500_50_805,none,ordinalencoder,random_trees_embedding,normalizer,SGDClassifier(random_state=0),3,0.7,0.0020792484283447,0.0001368522644042,fri_c4_500_50_805_results_SGDClassifier(random_state=0).csv
fri_c4_500_50_805,simpleimputer,none,generic_univariate,normalizer,SGDClassifier(random_state=0),2,0.7,0.0020251274108886,0.0001153945922851,fri_c4_500_50_805_results_SGDClassifier(random_state=0).csv
fri_c4_500_50_805,simpleimputer,onehot,generic_univariate,normalizer,SGDClassifier(random_state=0),2,0.7,0.0019748210906982,0.0001173019409179,fri_c4_500_50_805_results_SGDClassifier(random_state=0).csv
fri_c4_500_50_805,simpleimputer,none,random_trees_embedding,normalizer,SGDClassifier(random_state=0),3,0.7,0.0020544528961181,0.000136375427246,fri_c4_500_50_805_results_SGDClassifier(random_state=0).csv
fri_c4_500_50_805,none,ordinalencoder,generic_univariate,normalizer,SGDClassifier(random_state=0),2,0.7,0.0019798278808593,0.0001156330108642,fri_c4_500_50_805_results_SGDClassifier(random_state=0).csv
fri_c4_500_50_805,simpleimputer,ordinalencoder,random_trees_embedding,normalizer,SGDClassifier(random_state=0),3,0.7,0.0020101070404052,0.000129222869873,fri_c4_500_50_805_results_SGDClassifier(random_state=0).csv
SPECT_336,simpleimputer,ordinalencoder,feature_agglomeration,quantile,SGDClassifier(random_state=0),1,0.8888888888888888,0.0012245178222656,0.0001144409179687,SPECT_336_results_SGDClassifier(random_state=0).csv
SPECT_336,none,ordinalencoder,none,robust,SGDClassifier(random_state=0),1,0.8888888888888888,0.0018014907836914,0.0001347064971923,SPECT_336_results_SGDClassifier(random_state=0).csv
SPECT_336,simpleimputer,ordinalencoder,feature_agglomeration,minmax,SGDClassifier(random_state=0),1,0.8888888888888888,0.0012819766998291,0.0001180171966552,SPECT_336_results_SGDClassifier(random_state=0).csv
SPECT_336,none,onehot,none,robust,SGDClassifier(random_state=0),1,0.8888888888888888,0.001854658126831,0.000140905380249,SPECT_336_results_SGDClassifier(random_state=0).csv
SPECT_336,simpleimputer,none,feature_agglomeration,minmax,SGDClassifier(random_state=0),1,0.8888888888888888,0.0012764930725097,0.0001299381256103,SPECT_336_results_SGDClassifier(random_state=0).csv
SPECT_336,simpleimputer,none,feature_agglomeration,none,SGDClassifier(random_state=0),1,0.8888888888888888,0.0015175342559814,0.0001320838928222,SPECT_336_results_SGDClassifier(random_state=0).csv
SPECT_336,none,onehot,feature_agglomeration,none,SGDClassifier(random_state=0),1,0.8888888888888888,0.0012762546539306,0.0001304149627685,SPECT_336_results_SGDClassifier(random_state=0).csv
SPECT_336,none,onehot,feature_agglomeration,minmax,SGDClassifier(random_state=0),1,0.8888888888888888,0.0013160705566406,0.0001242160797119,SPECT_336_results_SGDClassifier(random_state=0).csv
SPECT_336,simpleimputer,onehot,feature_agglomeration,quantile,SGDClassifier(random_state=0),1,0.8888888888888888,0.0013582706451416,0.0001227855682373,SPECT_336_results_SGDClassifier(random_state=0).csv
SPECT_336,none,ordinalencoder,feature_agglomeration,minmax,SGDClassifier(random_state=0),1,0.8888888888888888,0.0013637542724609,0.0001347064971923,SPECT_336_results_SGDClassifier(random_state=0).csv
SPECT_336,simpleimputer,onehot,feature_agglomeration,minmax,SGDClassifier(random_state=0),1,0.8888888888888888,0.0012731552124023,0.0001170635223388,SPECT_336_results_SGDClassifier(random_state=0).csv
SPECT_336,none,none,none,robust,SGDClassifier(random_state=0),1,0.8888888888888888,0.0024740695953369,0.000213623046875,SPECT_336_results_SGDClassifier(random_state=0).csv
SPECT_336,simpleimputer,none,none,robust,SGDClassifier(random_state=0),1,0.8888888888888888,0.0017924308776855,0.0001349449157714,SPECT_336_results_SGDClassifier(random_state=0).csv
SPECT_336,simpleimputer,onehot,feature_agglomeration,none,SGDClassifier(random_state=0),1,0.8888888888888888,0.0013139247894287,0.0001158714294433,SPECT_336_results_SGDClassifier(random_state=0).csv
SPECT_336,none,none,feature_agglomeration,none,SGDClassifier(random_state=0),1,0.8888888888888888,0.0012316703796386,0.0001173019409179,SPECT_336_results_SGDClassifier(random_state=0).csv
SPECT_336,none,ordinalencoder,feature_agglomeration,quantile,SGDClassifier(random_state=0),1,0.8888888888888888,0.0012376308441162,0.0001153945922851,SPECT_336_results_SGDClassifier(random_state=0).csv
SPECT_336,none,none,feature_agglomeration,minmax,SGDClassifier(random_state=0),1,0.8888888888888888,0.0011436939239501,0.0001125335693359,SPECT_336_results_SGDClassifier(random_state=0).csv
SPECT_336,simpleimputer,none,feature_agglomeration,quantile,SGDClassifier(random_state=0),1,0.8888888888888888,0.0012354850769042,0.0001122951507568,SPECT_336_results_SGDClassifier(random_state=0).csv
SPECT_336,none,onehot,feature_agglomeration,quantile,SGDClassifier(random_state=0),1,0.8888888888888888,0.0012557506561279,0.0001161098480224,SPECT_336_results_SGDClassifier(random_state=0).csv
SPECT_336,simpleimputer,onehot,none,robust,SGDClassifier(random_state=0),1,0.8888888888888888,0.0019712448120117,0.0001451969146728,SPECT_336_results_SGDClassifier(random_state=0).csv
LED-display-domain-7digit_40496,simpleimputer,ordinalencoder,polynomial_features,normalizer,SGDClassifier(random_state=0),4,0.8,0.0122957229614257,0.0002548694610595,LED-display-domain-7digit_40496_results_SGDClassifier(random_state=0).csv
LED-display-domain-7digit_40496,none,ordinalencoder,polynomial_features,normalizer,SGDClassifier(random_state=0),4,0.8,0.0117523670196533,0.0001592636108398,LED-display-domain-7digit_40496_results_SGDClassifier(random_state=0).csv
LED-display-domain-7digit_40496,simpleimputer,onehot,polynomial_features,normalizer,SGDClassifier(random_state=0),4,0.8,0.0119364261627197,0.0001618862152099,LED-display-domain-7digit_40496_results_SGDClassifier(random_state=0).csv
LED-display-domain-7digit_40496,none,onehot,polynomial_features,normalizer,SGDClassifier(random_state=0),4,0.8,0.0120580196380615,0.0001444816589355,LED-display-domain-7digit_40496_results_SGDClassifier(random_state=0).csv
LED-display-domain-7digit_40496,none,none,polynomial_features,normalizer,SGDClassifier(random_state=0),4,0.8,0.0125067234039306,0.0001592636108398,LED-display-domain-7digit_40496_results_SGDClassifier(random_state=0).csv
LED-display-domain-7digit_40496,simpleimputer,none,polynomial_features,normalizer,SGDClassifier(random_state=0),4,0.8,0.0117149353027343,0.000148057937622,LED-display-domain-7digit_40496_results_SGDClassifier(random_state=0).csv
LED-display-domain-7digit_40496,simpleimputer,none,pca,minmax,SGDClassifier(random_state=0),3,0.79,0.0080640316009521,0.0001773834228515,LED-display-domain-7digit_40496_results_SGDClassifier(random_state=0).csv
LED-display-domain-7digit_40496,simpleimputer,onehot,pca,none,SGDClassifier(random_state=0),3,0.79,0.0086274147033691,0.0001459121704101,LED-display-domain-7digit_40496_results_SGDClassifier(random_state=0).csv
LED-display-domain-7digit_40496,simpleimputer,none,pca,robust,SGDClassifier(random_state=0),3,0.79,0.0093116760253906,0.0001344680786132,LED-display-domain-7digit_40496_results_SGDClassifier(random_state=0).csv
LED-display-domain-7digit_40496,simpleimputer,none,pca,quantile,SGDClassifier(random_state=0),3,0.79,0.008575439453125,0.0001399517059326,LED-display-domain-7digit_40496_results_SGDClassifier(random_state=0).csv
LED-display-domain-7digit_40496,none,onehot,pca,robust,SGDClassifier(random_state=0),3,0.79,0.0083870887756347,0.0001361370086669,LED-display-domain-7digit_40496_results_SGDClassifier(random_state=0).csv
LED-display-domain-7digit_40496,none,ordinalencoder,pca,quantile,SGDClassifier(random_state=0),3,0.79,0.0079495906829833,0.0001561641693115,LED-display-domain-7digit_40496_results_SGDClassifier(random_state=0).csv
LED-display-domain-7digit_40496,none,none,pca,quantile,SGDClassifier(random_state=0),3,0.79,0.0082218647003173,0.0001301765441894,LED-display-domain-7digit_40496_results_SGDClassifier(random_state=0).csv
LED-display-domain-7digit_40496,none,onehot,kernel_pca,minmax,SGDClassifier(random_state=0),3,0.79,0.0132093429565429,0.0001797676086425,LED-display-domain-7digit_40496_results_SGDClassifier(random_state=0).csv
LED-display-domain-7digit_40496,none,ordinalencoder,kernel_pca,quantile,SGDClassifier(random_state=0),3,0.79,0.0115349292755126,0.0001890659332275,LED-display-domain-7digit_40496_results_SGDClassifier(random_state=0).csv
LED-display-domain-7digit_40496,simpleimputer,onehot,kernel_pca,minmax,SGDClassifier(random_state=0),3,0.79,0.0118961334228515,0.0002310276031494,LED-display-domain-7digit_40496_results_SGDClassifier(random_state=0).csv
LED-display-domain-7digit_40496,simpleimputer,ordinalencoder,kernel_pca,robust,SGDClassifier(random_state=0),3,0.79,0.0138366222381591,0.0003414154052734,LED-display-domain-7digit_40496_results_SGDClassifier(random_state=0).csv
LED-display-domain-7digit_40496,simpleimputer,ordinalencoder,kernel_pca,none,SGDClassifier(random_state=0),3,0.79,0.0188732147216796,0.0002367496490478,LED-display-domain-7digit_40496_results_SGDClassifier(random_state=0).csv
LED-display-domain-7digit_40496,none,onehot,nystroem,normalizer,SGDClassifier(random_state=0),4,0.79,0.0297741889953613,0.0002429485321044,LED-display-domain-7digit_40496_results_SGDClassifier(random_state=0).csv
LED-display-domain-7digit_40496,none,onehot,kernel_pca,none,SGDClassifier(random_state=0),3,0.79,0.0160605907440185,0.0001904964447021,LED-display-domain-7digit_40496_results_SGDClassifier(random_state=0).csv
Mammographic-Mass-Data-Set_45557,simpleimputer,onehot,nystroem,robust,SGDClassifier(random_state=0),0,0.8341968911917098,0.0075349807739257,0.0001783370971679,Mammographic-Mass-Data-Set_45557_results_SGDClassifier(random_state=0).csv
Mammographic-Mass-Data-Set_45557,simpleimputer,none,nystroem,robust,SGDClassifier(random_state=0),0,0.8341968911917098,0.0075972080230712,0.000180959701538,Mammographic-Mass-Data-Set_45557_results_SGDClassifier(random_state=0).csv
Mammographic-Mass-Data-Set_45557,simpleimputer,ordinalencoder,nystroem,robust,SGDClassifier(random_state=0),0,0.8341968911917098,0.0081479549407958,0.0002706050872802,Mammographic-Mass-Data-Set_45557_results_SGDClassifier(random_state=0).csv
Mammographic-Mass-Data-Set_45557,simpleimputer,none,polynomial_features,standard,SGDClassifier(random_state=0),2,0.8333333333333334,0.0021703243255615,0.0001330375671386,Mammographic-Mass-Data-Set_45557_results_SGDClassifier(random_state=0).csv
Mammographic-Mass-Data-Set_45557,simpleimputer,onehot,polynomial_features,standard,SGDClassifier(random_state=0),2,0.8333333333333334,0.0021605491638183,0.0001282691955566,Mammographic-Mass-Data-Set_45557_results_SGDClassifier(random_state=0).csv
Mammographic-Mass-Data-Set_45557,simpleimputer,ordinalencoder,polynomial_features,standard,SGDClassifier(random_state=0),2,0.8333333333333334,0.0021469593048095,0.000133991241455,Mammographic-Mass-Data-Set_45557_results_SGDClassifier(random_state=0).csv
Mammographic-Mass-Data-Set_45557,simpleimputer,none,extra_tree,robust,SGDClassifier(random_state=0),0,0.8290155440414507,0.0031061172485351,0.0001904964447021,Mammographic-Mass-Data-Set_45557_results_SGDClassifier(random_state=0).csv
Mammographic-Mass-Data-Set_45557,simpleimputer,onehot,extra_tree,robust,SGDClassifier(random_state=0),0,0.8290155440414507,0.0028953552246093,0.0001320838928222,Mammographic-Mass-Data-Set_45557_results_SGDClassifier(random_state=0).csv
Mammographic-Mass-Data-Set_45557,simpleimputer,ordinalencoder,extra_tree,robust,SGDClassifier(random_state=0),0,0.8290155440414507,0.0030596256256103,0.0002412796020507,Mammographic-Mass-Data-Set_45557_results_SGDClassifier(random_state=0).csv
Mammographic-Mass-Data-Set_45557,simpleimputer,onehot,kernel_pca,robust,SGDClassifier(random_state=0),0,0.8238341968911918,0.0035097599029541,0.0001437664031982,Mammographic-Mass-Data-Set_45557_results_SGDClassifier(random_state=0).csv
Mammographic-Mass-Data-Set_45557,simpleimputer,onehot,pca,quantile,SGDClassifier(random_state=0),0,0.8238341968911918,0.0021085739135742,0.0001287460327148,Mammographic-Mass-Data-Set_45557_results_SGDClassifier(random_state=0).csv
Mammographic-Mass-Data-Set_45557,simpleimputer,ordinalencoder,pca,robust,SGDClassifier(random_state=0),0,0.8238341968911918,0.0036671161651611,0.0001649856567382,Mammographic-Mass-Data-Set_45557_results_SGDClassifier(random_state=0).csv
Mammographic-Mass-Data-Set_45557,simpleimputer,none,kernel_pca,robust,SGDClassifier(random_state=0),0,0.8238341968911918,0.0050117969512939,0.0009500980377197,Mammographic-Mass-Data-Set_45557_results_SGDClassifier(random_state=0).csv
Mammographic-Mass-Data-Set_45557,simpleimputer,ordinalencoder,rbf_sampler,minmax,SGDClassifier(random_state=0),0,0.8238341968911918,0.0114262104034423,0.0002601146697998,Mammographic-Mass-Data-Set_45557_results_SGDClassifier(random_state=0).csv
Mammographic-Mass-Data-Set_45557,simpleimputer,none,pca,robust,SGDClassifier(random_state=0),0,0.8238341968911918,0.0039708614349365,0.0003280639648437,Mammographic-Mass-Data-Set_45557_results_SGDClassifier(random_state=0).csv
Mammographic-Mass-Data-Set_45557,simpleimputer,ordinalencoder,kernel_pca,quantile,SGDClassifier(random_state=0),0,0.8238341968911918,0.0028512477874755,0.0001544952392578,Mammographic-Mass-Data-Set_45557_results_SGDClassifier(random_state=0).csv
Mammographic-Mass-Data-Set_45557,simpleimputer,ordinalencoder,pca,quantile,SGDClassifier(random_state=0),0,0.8238341968911918,0.0022392272949218,0.0001335144042968,Mammographic-Mass-Data-Set_45557_results_SGDClassifier(random_state=0).csv
Mammographic-Mass-Data-Set_45557,simpleimputer,none,rbf_sampler,minmax,SGDClassifier(random_state=0),0,0.8238341968911918,0.0118134021759033,0.0002341270446777,Mammographic-Mass-Data-Set_45557_results_SGDClassifier(random_state=0).csv
Mammographic-Mass-Data-Set_45557,simpleimputer,ordinalencoder,kernel_pca,robust,SGDClassifier(random_state=0),0,0.8238341968911918,0.0043075084686279,0.0001571178436279,Mammographic-Mass-Data-Set_45557_results_SGDClassifier(random_state=0).csv
Mammographic-Mass-Data-Set_45557,simpleimputer,ordinalencoder,polynomial_features,quantile,SGDClassifier(random_state=0),0,0.8238341968911918,0.0040497779846191,0.0001728534698486,Mammographic-Mass-Data-Set_45557_results_SGDClassifier(random_state=0).csv
vote_56,simpleimputer,ordinalencoder,random_trees_embedding,power,SGDClassifier(random_state=0),1,1.0,0.0017573833465576,0.0001313686370849,vote_56_results_SGDClassifier(random_state=0).csv
vote_56,none,onehot,polynomial_features,minmax,SGDClassifier(random_state=0),1,0.9885057471264368,0.0109908580780029,0.0002331733703613,vote_56_results_SGDClassifier(random_state=0).csv
vote_56,simpleimputer,ordinalencoder,random_trees_embedding,normalizer,SGDClassifier(random_state=0),1,0.9885057471264368,0.0017125606536865,0.0001332759857177,vote_56_results_SGDClassifier(random_state=0).csv
vote_56,simpleimputer,ordinalencoder,fastica,power,SGDClassifier(random_state=0),1,0.9885057471264368,0.0014452934265136,0.0001089572906494,vote_56_results_SGDClassifier(random_state=0).csv
vote_56,simpleimputer,onehot,fastica,power,SGDClassifier(random_state=0),0,0.9885057471264368,0.0020773410797119,0.0001404285430908,vote_56_results_SGDClassifier(random_state=0).csv
vote_56,simpleimputer,ordinalencoder,random_trees_embedding,robust,SGDClassifier(random_state=0),1,0.9885057471264368,0.0022542476654052,0.0001463890075683,vote_56_results_SGDClassifier(random_state=0).csv
vote_56,simpleimputer,onehot,nystroem,normalizer,SGDClassifier(random_state=0),1,0.9885057471264368,0.0036256313323974,0.000136375427246,vote_56_results_SGDClassifier(random_state=0).csv
vote_56,simpleimputer,onehot,polynomial_features,normalizer,SGDClassifier(random_state=0),1,0.9885057471264368,0.009789228439331,0.0002772808074951,vote_56_results_SGDClassifier(random_state=0).csv
vote_56,none,onehot,polynomial_features,quantile,SGDClassifier(random_state=0),1,0.9885057471264368,0.0100595951080322,0.000239610671997,vote_56_results_SGDClassifier(random_state=0).csv
vote_56,simpleimputer,onehot,polynomial_features,quantile,SGDClassifier(random_state=0),1,0.9885057471264368,0.0102684497833251,0.0002624988555908,vote_56_results_SGDClassifier(random_state=0).csv
vote_56,simpleimputer,onehot,polynomial_features,minmax,SGDClassifier(random_state=0),1,0.9885057471264368,0.0109875202178955,0.0003254413604736,vote_56_results_SGDClassifier(random_state=0).csv
vote_56,none,onehot,polynomial_features,none,SGDClassifier(random_state=0),1,0.9885057471264368,0.0101344585418701,0.0002181529998779,vote_56_results_SGDClassifier(random_state=0).csv
vote_56,simpleimputer,ordinalencoder,fastica,standard,SGDClassifier(random_state=0),0,0.9885057471264368,0.0012848377227783,0.0001068115234375,vote_56_results_SGDClassifier(random_state=0).csv
vote_56,simpleimputer,ordinalencoder,fastica,robust,SGDClassifier(random_state=0),0,0.9885057471264368,0.0014960765838623,0.0001220703125,vote_56_results_SGDClassifier(random_state=0).csv
vote_56,simpleimputer,ordinalencoder,nystroem,minmax,SGDClassifier(random_state=0),1,0.9885057471264368,0.0029740333557128,0.0001411437988281,vote_56_results_SGDClassifier(random_state=0).csv
vote_56,none,onehot,polynomial_features,normalizer,SGDClassifier(random_state=0),1,0.9885057471264368,0.0103516578674316,0.0002498626708984,vote_56_results_SGDClassifier(random_state=0).csv
vote_56,none,onehot,nystroem,normalizer,SGDClassifier(random_state=0),1,0.9885057471264368,0.0036346912384033,0.000140905380249,vote_56_results_SGDClassifier(random_state=0).csv
vote_56,simpleimputer,ordinalencoder,nystroem,standard,SGDClassifier(random_state=0),1,0.9885057471264368,0.0019941329956054,0.0001335144042968,vote_56_results_SGDClassifier(random_state=0).csv
vote_56,simpleimputer,ordinalencoder,random_trees_embedding,none,SGDClassifier(random_state=0),1,0.9885057471264368,0.0020010471343994,0.0001533031463623,vote_56_results_SGDClassifier(random_state=0).csv
vote_56,simpleimputer,ordinalencoder,fastica,none,SGDClassifier(random_state=0),0,0.9885057471264368,0.0013883113861083,0.0001163482666015,vote_56_results_SGDClassifier(random_state=0).csv
chscase_census2_909,simpleimputer,ordinalencoder,random_trees_embedding,none,SGDClassifier(random_state=0),2,0.625,0.0025391578674316,0.0001251697540283,chscase_census2_909_results_SGDClassifier(random_state=0).csv
chscase_census2_909,none,onehot,random_trees_embedding,none,SGDClassifier(random_state=0),2,0.625,0.0025711059570312,0.0001406669616699,chscase_census2_909_results_SGDClassifier(random_state=0).csv
chscase_census2_909,simpleimputer,ordinalencoder,random_trees_embedding,standard,SGDClassifier(random_state=0),2,0.625,0.0026729106903076,0.000129222869873,chscase_census2_909_results_SGDClassifier(random_state=0).csv
chscase_census2_909,none,ordinalencoder,random_trees_embedding,standard,SGDClassifier(random_state=0),2,0.625,0.002704381942749,0.0001308917999267,chscase_census2_909_results_SGDClassifier(random_state=0).csv
chscase_census2_909,simpleimputer,ordinalencoder,random_trees_embedding,robust,SGDClassifier(random_state=0),2,0.625,0.0025267601013183,0.0001273155212402,chscase_census2_909_results_SGDClassifier(random_state=0).csv
chscase_census2_909,simpleimputer,none,random_trees_embedding,standard,SGDClassifier(random_state=0),2,0.625,0.0026466846466064,0.0001289844512939,chscase_census2_909_results_SGDClassifier(random_state=0).csv
chscase_census2_909,none,none,random_trees_embedding,none,SGDClassifier(random_state=0),2,0.625,0.0025725364685058,0.0001289844512939,chscase_census2_909_results_SGDClassifier(random_state=0).csv
chscase_census2_909,simpleimputer,ordinalencoder,fastica,quantile,SGDClassifier(random_state=0),2,0.625,0.0018272399902343,0.0001087188720703,chscase_census2_909_results_SGDClassifier(random_state=0).csv
chscase_census2_909,none,ordinalencoder,random_trees_embedding,none,SGDClassifier(random_state=0),2,0.625,0.0026707649230957,0.0001254081726074,chscase_census2_909_results_SGDClassifier(random_state=0).csv
chscase_census2_909,simpleimputer,ordinalencoder,feature_agglomeration,power,SGDClassifier(random_state=0),4,0.625,0.0017592906951904,0.0001118183135986,chscase_census2_909_results_SGDClassifier(random_state=0).csv
chscase_census2_909,simpleimputer,none,random_trees_embedding,minmax,SGDClassifier(random_state=0),2,0.625,0.0026450157165527,0.0001249313354492,chscase_census2_909_results_SGDClassifier(random_state=0).csv
chscase_census2_909,none,none,random_trees_embedding,minmax,SGDClassifier(random_state=0),2,0.625,0.0027272701263427,0.0001325607299804,chscase_census2_909_results_SGDClassifier(random_state=0).csv
chscase_census2_909,none,none,random_trees_embedding,standard,SGDClassifier(random_state=0),2,0.625,0.0026919841766357,0.0001304149627685,chscase_census2_909_results_SGDClassifier(random_state=0).csv
chscase_census2_909,simpleimputer,onehot,random_trees_embedding,minmax,SGDClassifier(random_state=0),2,0.625,0.0027658939361572,0.000131607055664,chscase_census2_909_results_SGDClassifier(random_state=0).csv
chscase_census2_909,simpleimputer,onehot,random_trees_embedding,none,SGDClassifier(random_state=0),2,0.625,0.0027723312377929,0.0001425743103027,chscase_census2_909_results_SGDClassifier(random_state=0).csv
chscase_census2_909,none,onehot,fastica,quantile,SGDClassifier(random_state=0),2,0.625,0.0018177032470703,0.0001094341278076,chscase_census2_909_results_SGDClassifier(random_state=0).csv
chscase_census2_909,none,ordinalencoder,random_trees_embedding,minmax,SGDClassifier(random_state=0),2,0.625,0.0029554367065429,0.000176191329956,chscase_census2_909_results_SGDClassifier(random_state=0).csv
chscase_census2_909,simpleimputer,none,feature_agglomeration,power,SGDClassifier(random_state=0),4,0.625,0.0019381046295166,0.0001237392425537,chscase_census2_909_results_SGDClassifier(random_state=0).csv
chscase_census2_909,none,none,fastica,quantile,SGDClassifier(random_state=0),2,0.625,0.0018389225006103,0.0001091957092285,chscase_census2_909_results_SGDClassifier(random_state=0).csv
chscase_census2_909,none,none,feature_agglomeration,power,SGDClassifier(random_state=0),4,0.625,0.0017533302307128,0.000110387802124,chscase_census2_909_results_SGDClassifier(random_state=0).csv
autoPrice_756,none,none,pca,none,SGDClassifier(random_state=0),2,1.0,0.0013258457183837,0.000119924545288,autoPrice_756_results_SGDClassifier(random_state=0).csv
autoPrice_756,none,none,random_trees_embedding,none,SGDClassifier(random_state=0),1,1.0,0.0014011859893798,0.0001537799835205,autoPrice_756_results_SGDClassifier(random_state=0).csv
autoPrice_756,simpleimputer,ordinalencoder,kernel_pca,quantile,SGDClassifier(random_state=0),1,1.0,0.0024707317352294,0.0001695156097412,autoPrice_756_results_SGDClassifier(random_state=0).csv
autoPrice_756,simpleimputer,none,nystroem,standard,SGDClassifier(random_state=0),1,1.0,0.0016977787017822,0.000145673751831,autoPrice_756_results_SGDClassifier(random_state=0).csv
autoPrice_756,simpleimputer,ordinalencoder,fastica,quantile,SGDClassifier(random_state=0),1,1.0,0.0012495517730712,0.0001194477081298,autoPrice_756_results_SGDClassifier(random_state=0).csv
autoPrice_756,none,onehot,kernel_pca,robust,SGDClassifier(random_state=0),1,1.0,0.0015239715576171,0.0001447200775146,autoPrice_756_results_SGDClassifier(random_state=0).csv
autoPrice_756,none,onehot,none,power,SGDClassifier(random_state=0),1,1.0,0.0013694763183593,0.0001246929168701,autoPrice_756_results_SGDClassifier(random_state=0).csv
autoPrice_756,simpleimputer,onehot,none,power,SGDClassifier(random_state=0),1,1.0,0.0014073848724365,0.0001301765441894,autoPrice_756_results_SGDClassifier(random_state=0).csv
autoPrice_756,none,onehot,extra_tree,robust,SGDClassifier(random_state=0),3,1.0,0.0013601779937744,0.0001664161682128,autoPrice_756_results_SGDClassifier(random_state=0).csv
autoPrice_756,simpleimputer,onehot,none,power,SGDClassifier(random_state=0),4,1.0,0.0012605190277099,0.0001192092895507,autoPrice_756_results_SGDClassifier(random_state=0).csv
autoPrice_756,simpleimputer,onehot,pca,power,SGDClassifier(random_state=0),1,1.0,0.0012524127960205,0.0001161098480224,autoPrice_756_results_SGDClassifier(random_state=0).csv
autoPrice_756,simpleimputer,onehot,pca,power,SGDClassifier(random_state=0),2,1.0,0.0011572837829589,0.0001139640808105,autoPrice_756_results_SGDClassifier(random_state=0).csv
autoPrice_756,simpleimputer,onehot,random_trees_embedding,normalizer,SGDClassifier(random_state=0),1,1.0,0.0015099048614501,0.0001296997070312,autoPrice_756_results_SGDClassifier(random_state=0).csv
autoPrice_756,simpleimputer,onehot,pca,power,SGDClassifier(random_state=0),4,1.0,0.0012211799621582,0.0001156330108642,autoPrice_756_results_SGDClassifier(random_state=0).csv
autoPrice_756,simpleimputer,onehot,pca,robust,SGDClassifier(random_state=0),1,1.0,0.0012056827545166,0.0001142024993896,autoPrice_756_results_SGDClassifier(random_state=0).csv
autoPrice_756,none,onehot,pca,power,SGDClassifier(random_state=0),1,1.0,0.0012662410736083,0.0001189708709716,autoPrice_756_results_SGDClassifier(random_state=0).csv
autoPrice_756,none,onehot,pca,power,SGDClassifier(random_state=0),2,1.0,0.0012390613555908,0.0001242160797119,autoPrice_756_results_SGDClassifier(random_state=0).csv
autoPrice_756,none,onehot,random_trees_embedding,normalizer,SGDClassifier(random_state=0),1,1.0,0.0014734268188476,0.0001358985900878,autoPrice_756_results_SGDClassifier(random_state=0).csv
autoPrice_756,simpleimputer,none,pca,minmax,SGDClassifier(random_state=0),1,1.0,0.0011663436889648,0.000115156173706,autoPrice_756_results_SGDClassifier(random_state=0).csv
autoPrice_756,simpleimputer,none,random_trees_embedding,none,SGDClassifier(random_state=0),3,1.0,0.0014419555664062,0.0001306533813476,autoPrice_756_results_SGDClassifier(random_state=0).csv
