Dataset,Fold Accuracy,Training Time,Testing Time,Imputer Strategy_none,Imputer Strategy_simpleimputer,Categorical Strategy_none,Categorical Strategy_onehot,Categorical Strategy_ordinalencoder,Feature Selection_extra_tree,Feature Selection_fastica,Feature Selection_feature_agglomeration,Feature Selection_generic_univariate,Feature Selection_kernel_pca,Feature Selection_linear_svc,Feature Selection_none,Feature Selection_nystroem,Feature Selection_pca,Feature Selection_polynomial_features,Feature Selection_rbf_sampler,Feature Selection_select_percentile,Feature Selection_truncated_svd,Scaler_minmax,Scaler_none,Scaler_normalizer,Scaler_power,Scaler_quantile,Scaler_robust,Scaler_standard,shrinkage,tol,solver_eigen,solver_lsqr,solver_svd
autoUniv-au6-1000_1555,0.325,0.0017976760864257,0.0001101493835449,1.0,0.0,0.0,1.0,0.0,0.0,0.0,0.0,1.0,0.0,0.0,0.0,0.0,0.0,0.0,0.0,0.0,0.0,0.0,0.0,0.0,0.0,1.0,0.0,0.0,-1.0,0.0005366109597863,0.0,1.0,0.0
autoUniv-au6-1000_1555,0.325,0.0019166469573974,0.0001187324523925,0.0,1.0,0.0,1.0,0.0,0.0,0.0,0.0,1.0,0.0,0.0,0.0,0.0,0.0,0.0,0.0,0.0,0.0,0.0,0.0,0.0,0.0,1.0,0.0,0.0,-1.0,3.0612513736576626e-05,0.0,1.0,0.0
autoUniv-au6-1000_1555,0.325,0.0019383430480957,0.0001144409179687,1.0,0.0,0.0,0.0,1.0,0.0,0.0,0.0,1.0,0.0,0.0,0.0,0.0,0.0,0.0,0.0,0.0,0.0,0.0,0.0,0.0,0.0,1.0,0.0,0.0,-1.0,0.0004962233292002,1.0,0.0,0.0
autoUniv-au6-1000_1555,0.325,0.0017783641815185,0.000112771987915,0.0,1.0,0.0,0.0,1.0,0.0,0.0,0.0,1.0,0.0,0.0,0.0,0.0,0.0,0.0,0.0,0.0,0.0,0.0,0.0,0.0,0.0,1.0,0.0,0.0,0.0,4.002893959286499e-05,1.0,0.0,0.0
autoUniv-au6-1000_1555,0.315,0.0019059181213378,0.0001153945922851,0.0,1.0,0.0,1.0,0.0,0.0,0.0,1.0,0.0,0.0,0.0,0.0,0.0,0.0,0.0,0.0,0.0,0.0,0.0,1.0,0.0,0.0,0.0,0.0,0.0,0.0,1.0923788723032424e-05,1.0,0.0,0.0
autoUniv-au6-1000_1555,0.315,0.0017940998077392,0.0001108646392822,1.0,0.0,0.0,0.0,1.0,0.0,0.0,1.0,0.0,0.0,0.0,0.0,0.0,0.0,0.0,0.0,0.0,0.0,0.0,1.0,0.0,0.0,0.0,0.0,0.0,0.0,6.980367976099902e-05,0.0,0.0,1.0
autoUniv-au6-1000_1555,0.315,0.001906394958496,0.0001158714294433,0.0,1.0,0.0,0.0,1.0,0.0,0.0,1.0,0.0,0.0,0.0,0.0,0.0,0.0,0.0,0.0,0.0,0.0,0.0,1.0,0.0,0.0,0.0,0.0,0.0,0.0,1.2042987688714669e-05,0.0,0.0,1.0
autoUniv-au6-1000_1555,0.315,0.0024249553680419,0.0001306533813476,1.0,0.0,0.0,1.0,0.0,0.0,0.0,1.0,0.0,0.0,0.0,0.0,0.0,0.0,0.0,0.0,0.0,0.0,0.0,1.0,0.0,0.0,0.0,0.0,0.0,0.0,2.606047639970381e-05,0.0,0.0,1.0
autoUniv-au6-1000_1555,0.31,0.0017318725585937,0.0001068115234375,0.0,1.0,0.0,0.0,1.0,0.0,0.0,0.0,1.0,0.0,0.0,0.0,0.0,0.0,0.0,0.0,0.0,0.0,1.0,0.0,0.0,0.0,0.0,0.0,0.0,-1.0,9.09334204039528e-05,1.0,0.0,0.0
autoUniv-au6-1000_1555,0.31,0.0629200935363769,0.0002477169036865,1.0,0.0,0.0,0.0,1.0,0.0,0.0,0.0,0.0,0.0,0.0,0.0,1.0,0.0,0.0,0.0,0.0,0.0,0.0,1.0,0.0,0.0,0.0,0.0,0.0,0.0,1.1939623275555294e-05,0.0,1.0,0.0
autoUniv-au6-1000_1555,0.31,0.0018017292022705,0.0001130104064941,0.0,1.0,0.0,1.0,0.0,0.0,0.0,0.0,1.0,0.0,0.0,0.0,0.0,0.0,0.0,0.0,0.0,0.0,0.0,1.0,0.0,0.0,0.0,0.0,0.0,0.0,1.1652778366761954e-05,0.0,1.0,0.0
autoUniv-au6-1000_1555,0.31,0.0825273990631103,0.0002870559692382,0.0,1.0,0.0,1.0,0.0,0.0,0.0,0.0,0.0,0.0,0.0,0.0,1.0,0.0,0.0,0.0,0.0,0.0,0.0,1.0,0.0,0.0,0.0,0.0,0.0,0.0,2.043125115616628e-05,0.0,0.0,1.0
autoUniv-au6-1000_1555,0.31,0.0018043518066406,0.000112771987915,0.0,1.0,0.0,1.0,0.0,0.0,0.0,0.0,1.0,0.0,0.0,0.0,0.0,0.0,0.0,0.0,0.0,0.0,0.0,0.0,1.0,0.0,0.0,0.0,0.0,0.0,8.423780669777652e-05,0.0,0.0,1.0
autoUniv-au6-1000_1555,0.31,0.0017712116241455,0.0001089572906494,1.0,0.0,0.0,1.0,0.0,0.0,0.0,0.0,0.0,0.0,0.0,0.0,0.0,0.0,0.0,0.0,0.0,1.0,0.0,0.0,0.0,0.0,0.0,1.0,0.0,0.9433456771477302,0.0008872252524223,0.0,1.0,0.0
autoUniv-au6-1000_1555,0.31,0.0024137496948242,0.0001511573791503,0.0,1.0,0.0,1.0,0.0,0.0,0.0,0.0,0.0,0.0,0.0,0.0,0.0,0.0,0.0,0.0,0.0,1.0,0.0,1.0,0.0,0.0,0.0,0.0,0.0,0.0,1.537547941085206e-05,0.0,0.0,1.0
autoUniv-au6-1000_1555,0.31,0.0022201538085937,0.0001323223114013,1.0,0.0,0.0,1.0,0.0,0.0,0.0,0.0,0.0,0.0,0.0,0.0,0.0,0.0,0.0,0.0,0.0,1.0,0.0,1.0,0.0,0.0,0.0,0.0,0.0,0.0,0.0001753559821834,0.0,0.0,1.0
autoUniv-au6-1000_1555,0.31,0.0017478466033935,0.0001108646392822,1.0,0.0,0.0,1.0,0.0,0.0,0.0,0.0,1.0,0.0,0.0,0.0,0.0,0.0,0.0,0.0,0.0,0.0,0.0,1.0,0.0,0.0,0.0,0.0,0.0,0.0,9.866121402406912e-05,0.0,0.0,1.0
autoUniv-au6-1000_1555,0.31,0.0020031929016113,0.0001373291015625,1.0,0.0,0.0,0.0,1.0,0.0,0.0,0.0,1.0,0.0,0.0,0.0,0.0,0.0,0.0,0.0,0.0,0.0,0.0,1.0,0.0,0.0,0.0,0.0,0.0,-1.0,1.319199678587573e-05,1.0,0.0,0.0
autoUniv-au6-1000_1555,0.31,0.0024807453155517,0.0001182556152343,0.0,1.0,0.0,1.0,0.0,0.0,0.0,0.0,0.0,0.0,0.0,0.0,0.0,0.0,0.0,0.0,0.0,1.0,0.0,0.0,0.0,0.0,0.0,1.0,0.0,-1.0,1.1702637785868934e-05,0.0,1.0,0.0
autoUniv-au6-1000_1555,0.31,0.0021495819091796,0.0001461505889892,1.0,0.0,0.0,1.0,0.0,0.0,0.0,0.0,1.0,0.0,0.0,0.0,0.0,0.0,0.0,0.0,0.0,0.0,1.0,0.0,0.0,0.0,0.0,0.0,0.0,0.0,2.7776159780156787e-05,0.0,0.0,1.0
analcatdata_creditscore_461,1.0,0.000894546508789,0.0001411437988281,0.0,1.0,0.0,0.0,1.0,0.0,0.0,0.0,0.0,1.0,0.0,0.0,0.0,0.0,0.0,0.0,0.0,0.0,0.0,0.0,0.0,0.0,1.0,0.0,0.0,0.0,0.0002341539852786,0.0,0.0,1.0
analcatdata_creditscore_461,1.0,0.0011982917785644,0.000152587890625,0.0,1.0,0.0,0.0,1.0,0.0,0.0,0.0,0.0,1.0,0.0,0.0,0.0,0.0,0.0,0.0,0.0,0.0,0.0,0.0,0.0,0.0,1.0,0.0,0.0,-1.0,0.0008409624777006,0.0,1.0,0.0
analcatdata_creditscore_461,1.0,0.0007965564727783,9.703636169433594e-05,0.0,1.0,0.0,0.0,1.0,0.0,0.0,0.0,1.0,0.0,0.0,0.0,0.0,0.0,0.0,0.0,0.0,0.0,0.0,0.0,0.0,0.0,1.0,0.0,0.0,0.0,0.0001294659237806,1.0,0.0,0.0
analcatdata_creditscore_461,1.0,0.0010294914245605,0.0001332759857177,0.0,1.0,1.0,0.0,0.0,0.0,0.0,0.0,0.0,1.0,0.0,0.0,0.0,0.0,0.0,0.0,0.0,0.0,0.0,0.0,0.0,0.0,1.0,0.0,0.0,-1.0,1.234652002010995e-05,1.0,0.0,0.0
analcatdata_creditscore_461,1.0,0.0011506080627441,0.0001223087310791,0.0,1.0,1.0,0.0,0.0,0.0,0.0,0.0,0.0,1.0,0.0,0.0,0.0,0.0,0.0,0.0,0.0,0.0,0.0,0.0,0.0,0.0,1.0,0.0,0.0,0.0,3.280582709135529e-05,0.0,0.0,1.0
analcatdata_creditscore_461,1.0,0.0010745525360107,0.0001025199890136,0.0,1.0,0.0,0.0,1.0,0.0,0.0,0.0,0.0,0.0,0.0,0.0,0.0,0.0,1.0,0.0,0.0,0.0,0.0,0.0,0.0,0.0,1.0,0.0,0.0,0.0,0.0007667337147814,0.0,0.0,1.0
analcatdata_creditscore_461,1.0,0.0011138916015625,0.0001025199890136,0.0,1.0,0.0,0.0,1.0,0.0,0.0,0.0,0.0,0.0,0.0,0.0,0.0,0.0,1.0,0.0,0.0,0.0,0.0,0.0,0.0,0.0,1.0,0.0,0.0,-1.0,1.0593539146083992e-05,0.0,1.0,0.0
analcatdata_creditscore_461,1.0,0.0010421276092529,0.0001015663146972,0.0,1.0,0.0,0.0,1.0,0.0,0.0,0.0,0.0,0.0,0.0,0.0,0.0,0.0,1.0,0.0,0.0,0.0,0.0,0.0,0.0,0.0,1.0,0.0,0.0,0.0,0.0001601412796188,0.0,0.0,1.0
analcatdata_creditscore_461,1.0,0.0010442733764648,0.0001022815704345,0.0,1.0,0.0,0.0,1.0,0.0,0.0,0.0,0.0,0.0,0.0,0.0,0.0,0.0,1.0,0.0,0.0,0.0,0.0,0.0,0.0,0.0,1.0,0.0,0.0,0.0,2.279480207737899e-05,0.0,0.0,1.0
analcatdata_creditscore_461,1.0,0.0010092258453369,0.0001025199890136,0.0,1.0,1.0,0.0,0.0,1.0,0.0,0.0,0.0,0.0,0.0,0.0,0.0,0.0,0.0,0.0,0.0,0.0,0.0,0.0,0.0,0.0,1.0,0.0,0.0,-1.0,1.3565075146140676e-05,0.0,1.0,0.0
analcatdata_creditscore_461,1.0,0.0009362697601318,0.0001006126403808,0.0,1.0,1.0,0.0,0.0,1.0,0.0,0.0,0.0,0.0,0.0,0.0,0.0,0.0,0.0,0.0,0.0,0.0,0.0,0.0,0.0,0.0,1.0,0.0,0.0,0.0,3.2275462400922895e-05,0.0,0.0,1.0
analcatdata_creditscore_461,1.0,0.0009241104125976,0.0001008510589599,0.0,1.0,1.0,0.0,0.0,1.0,0.0,0.0,0.0,0.0,0.0,0.0,0.0,0.0,0.0,0.0,0.0,0.0,0.0,0.0,0.0,0.0,1.0,0.0,0.0,0.0,0.0007481294088643,0.0,0.0,1.0
analcatdata_creditscore_461,1.0,0.0007715225219726,9.703636169433594e-05,0.0,1.0,1.0,0.0,0.0,0.0,0.0,0.0,0.0,0.0,1.0,0.0,0.0,0.0,0.0,0.0,0.0,0.0,0.0,0.0,0.0,0.0,1.0,0.0,0.0,0.1011565807536921,0.0003338245410071,1.0,0.0,0.0
analcatdata_creditscore_461,1.0,0.0008075237274169,9.846687316894533e-05,0.0,1.0,1.0,0.0,0.0,0.0,0.0,0.0,0.0,0.0,1.0,0.0,0.0,0.0,0.0,0.0,0.0,0.0,0.0,0.0,0.0,0.0,1.0,0.0,0.0,-1.0,2.200088082220275e-05,0.0,1.0,0.0
analcatdata_creditscore_461,1.0,0.0010643005371093,0.0001039505004882,0.0,1.0,1.0,0.0,0.0,0.0,0.0,0.0,0.0,1.0,0.0,0.0,0.0,0.0,0.0,0.0,0.0,0.0,0.0,0.0,0.0,0.0,1.0,0.0,0.0,0.900418272239582,1.3533369568960023e-05,0.0,1.0,0.0
analcatdata_creditscore_461,1.0,0.0007655620574951,9.751319885253906e-05,0.0,1.0,1.0,0.0,0.0,0.0,0.0,0.0,1.0,0.0,0.0,0.0,0.0,0.0,0.0,0.0,0.0,0.0,0.0,0.0,0.0,0.0,1.0,0.0,0.0,-1.0,9.68929516064384e-05,1.0,0.0,0.0
analcatdata_creditscore_461,1.0,0.0008332729339599,9.965896606445312e-05,0.0,1.0,1.0,0.0,0.0,0.0,0.0,0.0,1.0,0.0,0.0,0.0,0.0,0.0,0.0,0.0,0.0,0.0,0.0,0.0,0.0,0.0,1.0,0.0,0.0,0.0,1.2744480171182763e-05,0.0,0.0,1.0
analcatdata_creditscore_461,1.0,0.0010454654693603,0.00010347366333,0.0,1.0,1.0,0.0,0.0,0.0,0.0,0.0,0.0,0.0,0.0,0.0,0.0,0.0,1.0,0.0,0.0,0.0,0.0,0.0,0.0,0.0,1.0,0.0,0.0,-1.0,6.428643322441927e-05,0.0,1.0,0.0
analcatdata_creditscore_461,1.0,0.0008227825164794,9.822845458984376e-05,0.0,1.0,1.0,0.0,0.0,0.0,0.0,0.0,0.0,0.0,1.0,0.0,0.0,0.0,0.0,0.0,0.0,0.0,0.0,0.0,0.0,0.0,1.0,0.0,0.0,0.0,0.0003985681081115,0.0,0.0,1.0
analcatdata_creditscore_461,1.0,0.0007905960083007,0.0001022815704345,0.0,1.0,1.0,0.0,0.0,0.0,0.0,0.0,0.0,0.0,1.0,0.0,0.0,0.0,0.0,0.0,0.0,0.0,0.0,0.0,0.0,0.0,1.0,0.0,0.0,0.0,0.0001003060179369,0.0,0.0,1.0
sa-heart_1498,0.8260869565217391,0.0010881423950195,0.0001173019409179,1.0,0.0,0.0,1.0,0.0,0.0,0.0,1.0,0.0,0.0,0.0,0.0,0.0,0.0,0.0,0.0,0.0,0.0,0.0,0.0,0.0,1.0,0.0,0.0,0.0,-1.0,0.0006218439568203,0.0,1.0,0.0
sa-heart_1498,0.8260869565217391,0.001117467880249,0.0001142024993896,0.0,1.0,1.0,0.0,0.0,0.0,0.0,1.0,0.0,0.0,0.0,0.0,0.0,0.0,0.0,0.0,0.0,0.0,0.0,0.0,0.0,0.0,0.0,0.0,1.0,0.0,0.0003823971830617,0.0,0.0,1.0
sa-heart_1498,0.8260869565217391,0.0011579990386962,0.000136375427246,0.0,1.0,0.0,0.0,1.0,0.0,0.0,1.0,0.0,0.0,0.0,0.0,0.0,0.0,0.0,0.0,0.0,0.0,0.0,0.0,0.0,1.0,0.0,0.0,0.0,-1.0,0.0001289843999363,0.0,1.0,0.0
sa-heart_1498,0.8260869565217391,0.0010809898376464,0.0001146793365478,0.0,1.0,0.0,0.0,1.0,0.0,0.0,1.0,0.0,0.0,0.0,0.0,0.0,0.0,0.0,0.0,0.0,0.0,0.0,0.0,0.0,0.0,0.0,0.0,1.0,0.0,0.000380897638717,0.0,0.0,1.0
sa-heart_1498,0.8260869565217391,0.0010669231414794,0.0001146793365478,1.0,0.0,0.0,0.0,1.0,0.0,0.0,1.0,0.0,0.0,0.0,0.0,0.0,0.0,0.0,0.0,0.0,0.0,0.0,0.0,0.0,1.0,0.0,0.0,0.0,-1.0,1.547865509519665e-05,0.0,1.0,0.0
sa-heart_1498,0.8260869565217391,0.0011436939239501,0.0001165866851806,1.0,0.0,1.0,0.0,0.0,0.0,0.0,1.0,0.0,0.0,0.0,0.0,0.0,0.0,0.0,0.0,0.0,0.0,0.0,0.0,0.0,0.0,0.0,0.0,1.0,0.0,2.5276876052301465e-05,0.0,0.0,1.0
sa-heart_1498,0.8260869565217391,0.00105881690979,0.0001170635223388,1.0,0.0,1.0,0.0,0.0,0.0,0.0,1.0,0.0,0.0,0.0,0.0,0.0,0.0,0.0,0.0,0.0,0.0,0.0,0.0,0.0,1.0,0.0,0.0,0.0,0.0,0.0002516755049746,0.0,0.0,1.0
sa-heart_1498,0.8260869565217391,0.0011184215545654,0.0001254081726074,1.0,0.0,0.0,1.0,0.0,0.0,0.0,1.0,0.0,0.0,0.0,0.0,0.0,0.0,0.0,0.0,0.0,0.0,0.0,0.0,0.0,0.0,0.0,0.0,1.0,0.0,1.0266914467748034e-05,1.0,0.0,0.0
sa-heart_1498,0.8260869565217391,0.0010831356048583,0.0001165866851806,0.0,1.0,0.0,1.0,0.0,0.0,0.0,1.0,0.0,0.0,0.0,0.0,0.0,0.0,0.0,0.0,0.0,0.0,0.0,0.0,0.0,1.0,0.0,0.0,0.0,0.0,1.0217826199979985e-05,0.0,0.0,1.0
sa-heart_1498,0.8260869565217391,0.0011682510375976,0.0001168251037597,0.0,1.0,0.0,1.0,0.0,0.0,0.0,1.0,0.0,0.0,0.0,0.0,0.0,0.0,0.0,0.0,0.0,0.0,0.0,0.0,0.0,0.0,0.0,0.0,1.0,0.0,5.763454563365932e-05,0.0,0.0,1.0
sa-heart_1498,0.8260869565217391,0.0013372898101806,0.000126838684082,1.0,0.0,0.0,0.0,1.0,0.0,0.0,1.0,0.0,0.0,0.0,0.0,0.0,0.0,0.0,0.0,0.0,0.0,0.0,0.0,0.0,0.0,0.0,0.0,1.0,0.0,0.0005421920413582,0.0,0.0,1.0
sa-heart_1498,0.8260869565217391,0.0010783672332763,0.0001137256622314,0.0,1.0,1.0,0.0,0.0,0.0,0.0,1.0,0.0,0.0,0.0,0.0,0.0,0.0,0.0,0.0,0.0,0.0,0.0,0.0,0.0,1.0,0.0,0.0,0.0,0.0,0.0009155873011577,0.0,0.0,1.0
sa-heart_1498,0.8043478260869565,0.0011327266693115,0.0001168251037597,0.0,1.0,0.0,0.0,1.0,0.0,0.0,0.0,0.0,0.0,0.0,0.0,0.0,0.0,0.0,0.0,0.0,1.0,0.0,0.0,0.0,1.0,0.0,0.0,0.0,0.0,0.0001993749787364,0.0,0.0,1.0
sa-heart_1498,0.8043478260869565,0.0011165142059326,0.0001173019409179,1.0,0.0,0.0,1.0,0.0,0.0,0.0,0.0,0.0,0.0,0.0,0.0,0.0,0.0,0.0,0.0,0.0,1.0,0.0,0.0,0.0,1.0,0.0,0.0,0.0,0.0,0.0007953371100897,0.0,1.0,0.0
sa-heart_1498,0.8043478260869565,0.0011501312255859,0.0001163482666015,0.0,1.0,0.0,1.0,0.0,0.0,0.0,0.0,0.0,0.0,0.0,0.0,0.0,0.0,0.0,0.0,0.0,1.0,0.0,0.0,0.0,1.0,0.0,0.0,0.0,0.0,0.0004958460815026,1.0,0.0,0.0
sa-heart_1498,0.8043478260869565,0.0011012554168701,0.0001149177551269,0.0,1.0,1.0,0.0,0.0,0.0,0.0,0.0,0.0,0.0,0.0,0.0,0.0,0.0,0.0,0.0,0.0,1.0,0.0,0.0,0.0,1.0,0.0,0.0,0.0,-1.0,2.529089212584316e-05,1.0,0.0,0.0
sa-heart_1498,0.8043478260869565,0.001143455505371,0.0001230239868164,1.0,0.0,1.0,0.0,0.0,0.0,0.0,0.0,0.0,0.0,0.0,0.0,0.0,0.0,0.0,0.0,0.0,1.0,0.0,0.0,0.0,1.0,0.0,0.0,0.0,0.0,6.425570686384266e-05,0.0,0.0,1.0
sa-heart_1498,0.8043478260869565,0.0010876655578613,0.0001358985900878,1.0,0.0,0.0,0.0,1.0,0.0,0.0,0.0,0.0,0.0,0.0,0.0,0.0,0.0,0.0,0.0,0.0,1.0,0.0,0.0,0.0,1.0,0.0,0.0,0.0,0.0,0.0001768248118386,0.0,0.0,1.0
sa-heart_1498,0.7934782608695652,0.0041103363037109,0.0001492500305175,0.0,1.0,1.0,0.0,0.0,0.0,0.0,0.0,0.0,0.0,0.0,0.0,0.0,0.0,1.0,0.0,0.0,0.0,0.0,0.0,0.0,0.0,0.0,1.0,0.0,0.0,2.007358452134884e-05,0.0,0.0,1.0
sa-heart_1498,0.7934782608695652,0.0015127658843994,0.0001378059387207,0.0,1.0,1.0,0.0,0.0,0.0,0.0,0.0,0.0,1.0,0.0,0.0,0.0,0.0,0.0,0.0,0.0,0.0,0.0,0.0,0.0,0.0,0.0,1.0,0.0,0.0,4.228712119760294e-05,0.0,0.0,1.0
autoUniv-au6-400_1551,0.4,0.0018658638000488,0.0001215934753417,0.0,1.0,0.0,0.0,1.0,0.0,0.0,1.0,0.0,0.0,0.0,0.0,0.0,0.0,0.0,0.0,0.0,0.0,0.0,0.0,0.0,0.0,0.0,0.0,1.0,0.0,0.0003256691110117,0.0,0.0,1.0
autoUniv-au6-400_1551,0.4,0.0014324188232421,0.0001204013824462,1.0,0.0,0.0,0.0,1.0,0.0,0.0,1.0,0.0,0.0,0.0,0.0,0.0,0.0,0.0,0.0,0.0,0.0,0.0,0.0,0.0,0.0,0.0,0.0,1.0,0.0,4.8900613012265206e-05,0.0,0.0,1.0
autoUniv-au6-400_1551,0.3875,0.0013964176177978,0.0001163482666015,1.0,0.0,0.0,0.0,1.0,0.0,0.0,0.0,0.0,0.0,0.0,0.0,0.0,0.0,0.0,0.0,0.0,1.0,1.0,0.0,0.0,0.0,0.0,0.0,0.0,0.2033419672027568,0.0007109950212023,0.0,1.0,0.0
autoUniv-au6-400_1551,0.3875,0.0015294551849365,0.0001161098480224,0.0,1.0,0.0,0.0,1.0,0.0,0.0,0.0,0.0,0.0,0.0,0.0,0.0,0.0,0.0,0.0,0.0,1.0,1.0,0.0,0.0,0.0,0.0,0.0,0.0,0.0,6.509590608300089e-05,0.0,0.0,1.0
autoUniv-au6-400_1551,0.3875,0.0014686584472656,0.000117540359497,0.0,1.0,0.0,1.0,0.0,0.0,0.0,1.0,0.0,0.0,0.0,0.0,0.0,0.0,0.0,0.0,0.0,0.0,0.0,0.0,0.0,0.0,0.0,0.0,1.0,0.0,2.751185531239196e-05,1.0,0.0,0.0
autoUniv-au6-400_1551,0.3875,0.001511812210083,0.0001170635223388,1.0,0.0,0.0,1.0,0.0,0.0,0.0,1.0,0.0,0.0,0.0,0.0,0.0,0.0,0.0,0.0,0.0,0.0,0.0,0.0,0.0,0.0,0.0,0.0,1.0,0.0,2.631706293235075e-05,0.0,1.0,0.0
autoUniv-au6-400_1551,0.375,0.0014028549194335,0.0001156330108642,0.0,1.0,0.0,1.0,0.0,0.0,0.0,0.0,0.0,0.0,0.0,0.0,0.0,0.0,0.0,0.0,0.0,1.0,0.0,0.0,0.0,0.0,0.0,1.0,0.0,-1.0,0.000236826108161,1.0,0.0,0.0
autoUniv-au6-400_1551,0.375,0.0014235973358154,0.0001156330108642,1.0,0.0,0.0,0.0,1.0,0.0,0.0,1.0,0.0,0.0,0.0,0.0,0.0,0.0,0.0,0.0,0.0,0.0,0.0,0.0,0.0,0.0,0.0,1.0,0.0,-1.0,5.448834973103543e-05,1.0,0.0,0.0
autoUniv-au6-400_1551,0.375,0.0015428066253662,0.0001194477081298,1.0,0.0,0.0,0.0,1.0,0.0,0.0,1.0,0.0,0.0,0.0,0.0,0.0,0.0,0.0,0.0,0.0,0.0,1.0,0.0,0.0,0.0,0.0,0.0,0.0,0.6378359845710986,2.981974246853654e-05,0.0,1.0,0.0
autoUniv-au6-400_1551,0.375,0.0014348030090332,0.0001158714294433,0.0,1.0,0.0,0.0,1.0,0.0,0.0,1.0,0.0,0.0,0.0,0.0,0.0,0.0,0.0,0.0,0.0,0.0,0.0,0.0,0.0,0.0,0.0,1.0,0.0,0.0,0.0002441927816692,0.0,0.0,1.0
autoUniv-au6-400_1551,0.375,0.00144624710083,0.0001139640808105,0.0,1.0,0.0,1.0,0.0,0.0,0.0,1.0,0.0,0.0,0.0,0.0,0.0,0.0,0.0,0.0,0.0,0.0,0.0,0.0,0.0,0.0,0.0,1.0,0.0,0.0,6.962978447053529e-05,0.0,0.0,1.0
autoUniv-au6-400_1551,0.375,0.001875877380371,0.0001404285430908,1.0,0.0,0.0,0.0,1.0,0.0,0.0,0.0,0.0,0.0,0.0,0.0,0.0,0.0,0.0,0.0,1.0,0.0,0.0,0.0,1.0,0.0,0.0,0.0,0.0,0.0,0.0004920228479348,0.0,0.0,1.0
autoUniv-au6-400_1551,0.375,0.0013895034790039,0.0001158714294433,0.0,1.0,0.0,1.0,0.0,0.0,0.0,1.0,0.0,0.0,0.0,0.0,0.0,0.0,0.0,0.0,0.0,0.0,1.0,0.0,0.0,0.0,0.0,0.0,0.0,0.0,0.0001253015265079,0.0,0.0,1.0
autoUniv-au6-400_1551,0.375,0.001429796218872,0.0001146793365478,0.0,1.0,0.0,0.0,1.0,0.0,0.0,1.0,0.0,0.0,0.0,0.0,0.0,0.0,0.0,0.0,0.0,0.0,1.0,0.0,0.0,0.0,0.0,0.0,0.0,-1.0,0.0008797373246375,0.0,1.0,0.0
autoUniv-au6-400_1551,0.375,0.0013699531555175,0.0001115798950195,1.0,0.0,0.0,1.0,0.0,0.0,0.0,0.0,0.0,0.0,0.0,0.0,0.0,0.0,0.0,0.0,0.0,1.0,0.0,0.0,0.0,0.0,0.0,1.0,0.0,-1.0,5.609300283118522e-05,0.0,1.0,0.0
autoUniv-au6-400_1551,0.375,0.0015640258789062,0.0001182556152343,0.0,1.0,0.0,0.0,1.0,0.0,0.0,0.0,0.0,0.0,0.0,0.0,0.0,0.0,0.0,0.0,1.0,0.0,0.0,0.0,1.0,0.0,0.0,0.0,0.0,0.0,3.666137735917599e-05,0.0,0.0,1.0
autoUniv-au6-400_1551,0.375,0.0015285015106201,0.0001194477081298,1.0,0.0,0.0,1.0,0.0,0.0,0.0,1.0,0.0,0.0,0.0,0.0,0.0,0.0,0.0,0.0,0.0,0.0,0.0,0.0,0.0,0.0,0.0,1.0,0.0,-1.0,0.0001945835587097,0.0,1.0,0.0
autoUniv-au6-400_1551,0.375,0.0013604164123535,0.0001134872436523,1.0,0.0,0.0,1.0,0.0,0.0,0.0,1.0,0.0,0.0,0.0,0.0,0.0,0.0,0.0,0.0,0.0,0.0,1.0,0.0,0.0,0.0,0.0,0.0,0.0,0.0,0.0002610532483841,0.0,0.0,1.0
autoUniv-au6-400_1551,0.3625,0.0014584064483642,0.0001177787780761,0.0,1.0,0.0,1.0,0.0,0.0,0.0,1.0,0.0,0.0,0.0,0.0,0.0,0.0,0.0,0.0,0.0,0.0,0.0,0.0,0.0,0.0,0.0,0.0,1.0,-1.0,1.081276953407389e-05,1.0,0.0,0.0
autoUniv-au6-400_1551,0.3625,0.0014474391937255,0.0001170635223388,1.0,0.0,0.0,0.0,1.0,0.0,0.0,0.0,0.0,0.0,0.0,0.0,0.0,0.0,0.0,0.0,0.0,1.0,0.0,0.0,0.0,0.0,1.0,0.0,0.0,0.0,0.000218155563082,0.0,0.0,1.0
analcatdata_marketing_986,0.6712328767123288,0.0010693073272705,0.0001046657562255,0.0,1.0,1.0,0.0,0.0,0.0,0.0,0.0,0.0,0.0,0.0,0.0,0.0,0.0,0.0,0.0,1.0,0.0,1.0,0.0,0.0,0.0,0.0,0.0,0.0,0.0,2.301665527443219e-05,0.0,0.0,1.0
analcatdata_marketing_986,0.6712328767123288,0.0010795593261718,0.0001037120819091,0.0,1.0,1.0,0.0,0.0,0.0,0.0,0.0,0.0,0.0,0.0,0.0,0.0,0.0,0.0,0.0,1.0,0.0,0.0,0.0,0.0,0.0,0.0,0.0,1.0,0.0,0.0008274199291963,0.0,0.0,1.0
analcatdata_marketing_986,0.6712328767123288,0.0011494159698486,0.0001137256622314,0.0,1.0,0.0,0.0,1.0,0.0,0.0,0.0,0.0,0.0,0.0,0.0,0.0,0.0,0.0,0.0,1.0,0.0,0.0,0.0,0.0,0.0,0.0,0.0,1.0,0.0640420701484243,0.0001419101741376,0.0,1.0,0.0
analcatdata_marketing_986,0.6712328767123288,0.0011837482452392,0.0001070499420166,0.0,1.0,0.0,0.0,1.0,0.0,0.0,0.0,0.0,0.0,0.0,0.0,0.0,0.0,0.0,0.0,1.0,0.0,0.0,1.0,0.0,0.0,0.0,0.0,0.0,0.0,1.7917598666691332e-05,0.0,0.0,1.0
analcatdata_marketing_986,0.6712328767123288,0.0010602474212646,0.0001039505004882,0.0,1.0,0.0,0.0,1.0,0.0,0.0,0.0,0.0,0.0,0.0,0.0,0.0,0.0,0.0,0.0,1.0,0.0,1.0,0.0,0.0,0.0,0.0,0.0,0.0,0.5678741582552175,1.274784276595956e-05,1.0,0.0,0.0
analcatdata_marketing_986,0.6712328767123288,0.0011377334594726,0.0001027584075927,0.0,1.0,1.0,0.0,0.0,0.0,0.0,0.0,0.0,0.0,0.0,0.0,0.0,0.0,0.0,0.0,1.0,0.0,0.0,0.0,0.0,0.0,0.0,1.0,0.0,0.0,0.0005743901165804,0.0,0.0,1.0
analcatdata_marketing_986,0.6712328767123288,0.0010607242584228,0.0001027584075927,0.0,1.0,0.0,0.0,1.0,0.0,0.0,0.0,0.0,0.0,0.0,0.0,0.0,0.0,0.0,0.0,1.0,0.0,0.0,0.0,0.0,0.0,0.0,1.0,0.0,0.0,0.0005026295409291,0.0,0.0,1.0
analcatdata_marketing_986,0.6712328767123288,0.0011677742004394,0.0001056194305419,0.0,1.0,0.0,1.0,0.0,0.0,0.0,0.0,0.0,0.0,0.0,0.0,0.0,0.0,0.0,0.0,1.0,0.0,0.0,0.0,0.0,0.0,0.0,0.0,1.0,0.0,7.382271105559174e-05,0.0,0.0,1.0
analcatdata_marketing_986,0.6712328767123288,0.0010809898376464,0.0001029968261718,0.0,1.0,0.0,1.0,0.0,0.0,0.0,0.0,0.0,0.0,0.0,0.0,0.0,0.0,0.0,0.0,1.0,0.0,0.0,0.0,0.0,0.0,0.0,1.0,0.0,0.0,1.496235540943526e-05,1.0,0.0,0.0
analcatdata_marketing_986,0.6712328767123288,0.0010910034179687,0.0001044273376464,0.0,1.0,0.0,1.0,0.0,0.0,0.0,0.0,0.0,0.0,0.0,0.0,0.0,0.0,0.0,0.0,1.0,0.0,1.0,0.0,0.0,0.0,0.0,0.0,0.0,0.0,6.025107997985408e-05,0.0,0.0,1.0
analcatdata_marketing_986,0.6712328767123288,0.0011601448059082,0.0001037120819091,0.0,1.0,1.0,0.0,0.0,0.0,0.0,0.0,0.0,0.0,0.0,0.0,0.0,0.0,0.0,0.0,1.0,0.0,0.0,1.0,0.0,0.0,0.0,0.0,0.0,0.0,0.0003319396042806,0.0,0.0,1.0
analcatdata_marketing_986,0.6712328767123288,0.0011594295501708,0.0001049041748046,0.0,1.0,0.0,1.0,0.0,0.0,0.0,0.0,0.0,0.0,0.0,0.0,0.0,0.0,0.0,0.0,1.0,0.0,0.0,1.0,0.0,0.0,0.0,0.0,0.0,0.0,0.0002103721065678,0.0,0.0,1.0
analcatdata_marketing_986,0.6666666666666666,0.0015256404876708,0.0001380443572998,0.0,1.0,1.0,0.0,0.0,1.0,0.0,0.0,0.0,0.0,0.0,0.0,0.0,0.0,0.0,0.0,0.0,0.0,1.0,0.0,0.0,0.0,0.0,0.0,0.0,-1.0,0.0005374406102043,1.0,0.0,0.0
analcatdata_marketing_986,0.6666666666666666,0.0013461112976074,0.0001099109649658,0.0,1.0,0.0,0.0,1.0,1.0,0.0,0.0,0.0,0.0,0.0,0.0,0.0,0.0,0.0,0.0,0.0,0.0,0.0,0.0,0.0,0.0,0.0,0.0,1.0,0.0,0.0003179686177771,0.0,0.0,1.0
analcatdata_marketing_986,0.6666666666666666,0.001335859298706,0.0001091957092285,0.0,1.0,0.0,0.0,1.0,1.0,0.0,0.0,0.0,0.0,0.0,0.0,0.0,0.0,0.0,0.0,0.0,0.0,1.0,0.0,0.0,0.0,0.0,0.0,0.0,0.0,4.57372107480965e-05,0.0,0.0,1.0
analcatdata_marketing_986,0.6666666666666666,0.0012938976287841,0.0001063346862792,0.0,1.0,0.0,1.0,0.0,1.0,0.0,0.0,0.0,0.0,0.0,0.0,0.0,0.0,0.0,0.0,0.0,0.0,0.0,0.0,0.0,0.0,0.0,1.0,0.0,-1.0,4.8113439503361925e-05,0.0,1.0,0.0
analcatdata_marketing_986,0.6666666666666666,0.1665360927581787,0.0002083778381347,0.0,1.0,1.0,0.0,0.0,0.0,0.0,0.0,0.0,0.0,0.0,0.0,1.0,0.0,0.0,0.0,0.0,0.0,0.0,0.0,0.0,0.0,1.0,0.0,0.0,-1.0,0.0001974743052521,0.0,1.0,0.0
analcatdata_marketing_986,0.6666666666666666,0.0770492553710937,0.0001876354217529,0.0,1.0,0.0,1.0,0.0,0.0,0.0,0.0,0.0,0.0,0.0,0.0,1.0,0.0,0.0,0.0,0.0,0.0,0.0,0.0,0.0,0.0,1.0,0.0,0.0,0.3404706149720773,4.1720103682248666e-05,1.0,0.0,0.0
analcatdata_marketing_986,0.6666666666666666,0.0013661384582519,0.0001070499420166,0.0,1.0,0.0,0.0,1.0,1.0,0.0,0.0,0.0,0.0,0.0,0.0,0.0,0.0,0.0,0.0,0.0,0.0,0.0,0.0,0.0,0.0,0.0,1.0,0.0,0.9453042419099392,0.0005436510041456,0.0,1.0,0.0
analcatdata_marketing_986,0.6666666666666666,0.0013432502746582,0.0001096725463867,0.0,1.0,1.0,0.0,0.0,1.0,0.0,0.0,0.0,0.0,0.0,0.0,0.0,0.0,0.0,0.0,0.0,0.0,0.0,0.0,0.0,0.0,0.0,0.0,1.0,0.0,4.522761064532467e-05,0.0,0.0,1.0
badges2_1121,1.0,0.0012781620025634,0.000119924545288,1.0,0.0,1.0,0.0,0.0,0.0,0.0,0.0,0.0,0.0,0.0,0.0,0.0,1.0,0.0,0.0,0.0,0.0,0.0,1.0,0.0,0.0,0.0,0.0,0.0,0.0,9.503115871175388e-05,0.0,0.0,1.0
badges2_1121,1.0,0.0013809204101562,0.0001218318939208,1.0,0.0,1.0,0.0,0.0,0.0,0.0,0.0,0.0,0.0,0.0,0.0,0.0,1.0,0.0,0.0,0.0,0.0,0.0,1.0,0.0,0.0,0.0,0.0,0.0,0.0,1.2202678588406296e-05,0.0,0.0,1.0
badges2_1121,1.0,0.0013573169708251,0.0001213550567626,1.0,0.0,1.0,0.0,0.0,0.0,0.0,0.0,0.0,0.0,0.0,0.0,0.0,1.0,0.0,0.0,0.0,0.0,0.0,1.0,0.0,0.0,0.0,0.0,0.0,0.3630445253712467,1.7225858600443112e-05,1.0,0.0,0.0
badges2_1121,1.0,0.0013689994812011,0.0001232624053955,1.0,0.0,1.0,0.0,0.0,0.0,1.0,0.0,0.0,0.0,0.0,0.0,0.0,0.0,0.0,0.0,0.0,0.0,0.0,1.0,0.0,0.0,0.0,0.0,0.0,0.0,1.835658339218514e-05,0.0,0.0,1.0
badges2_1121,1.0,0.0013635158538818,0.0001277923583984,1.0,0.0,1.0,0.0,0.0,0.0,1.0,0.0,0.0,0.0,0.0,0.0,0.0,0.0,0.0,0.0,0.0,0.0,0.0,1.0,0.0,0.0,0.0,0.0,0.0,0.0,4.878215813971201e-05,0.0,0.0,1.0
badges2_1121,1.0,0.0012731552124023,0.0001552104949951,0.0,1.0,0.0,0.0,1.0,0.0,0.0,0.0,0.0,0.0,0.0,0.0,0.0,1.0,0.0,0.0,0.0,0.0,0.0,0.0,0.0,0.0,1.0,0.0,0.0,0.0,1.7110092930165256e-05,0.0,0.0,1.0
badges2_1121,1.0,0.0013561248779296,0.0001204013824462,1.0,0.0,1.0,0.0,0.0,0.0,1.0,0.0,0.0,0.0,0.0,0.0,0.0,0.0,0.0,0.0,0.0,0.0,0.0,1.0,0.0,0.0,0.0,0.0,0.0,-1.0,8.207599522465158e-05,1.0,0.0,0.0
badges2_1121,1.0,0.0012197494506835,0.0001235008239746,0.0,1.0,0.0,0.0,1.0,0.0,0.0,0.0,0.0,0.0,1.0,0.0,0.0,0.0,0.0,0.0,0.0,0.0,0.0,0.0,0.0,1.0,0.0,0.0,0.0,0.0,3.453901224486515e-05,0.0,0.0,1.0
badges2_1121,1.0,0.0011837482452392,0.0001261234283447,0.0,1.0,0.0,0.0,1.0,0.0,0.0,0.0,0.0,0.0,1.0,0.0,0.0,0.0,0.0,0.0,0.0,0.0,0.0,0.0,0.0,1.0,0.0,0.0,0.0,0.0,3.506812718315396e-05,0.0,0.0,1.0
badges2_1121,1.0,0.0012187957763671,0.0001139640808105,0.0,1.0,0.0,0.0,1.0,0.0,0.0,0.0,0.0,0.0,1.0,0.0,0.0,0.0,0.0,0.0,0.0,0.0,0.0,0.0,0.0,1.0,0.0,0.0,0.0,0.0,7.780414230270615e-05,0.0,0.0,1.0
badges2_1121,1.0,0.0011878013610839,0.0001156330108642,0.0,1.0,0.0,0.0,1.0,0.0,0.0,0.0,0.0,0.0,1.0,0.0,0.0,0.0,0.0,0.0,0.0,0.0,0.0,0.0,0.0,1.0,0.0,0.0,0.0,0.0,0.0005101281643912,0.0,0.0,1.0
badges2_1121,1.0,0.0013041496276855,0.0001194477081298,1.0,0.0,1.0,0.0,0.0,0.0,1.0,0.0,0.0,0.0,0.0,0.0,0.0,0.0,0.0,0.0,0.0,0.0,0.0,1.0,0.0,0.0,0.0,0.0,0.0,-1.0,0.000333780183782,0.0,1.0,0.0
badges2_1121,1.0,0.0011258125305175,0.0001099109649658,0.0,1.0,0.0,0.0,1.0,1.0,0.0,0.0,0.0,0.0,0.0,0.0,0.0,0.0,0.0,0.0,0.0,0.0,0.0,0.0,0.0,1.0,0.0,0.0,0.0,-1.0,0.000585398309622,0.0,1.0,0.0
badges2_1121,1.0,0.0011394023895263,0.0001084804534912,0.0,1.0,0.0,0.0,1.0,1.0,0.0,0.0,0.0,0.0,0.0,0.0,0.0,0.0,0.0,0.0,0.0,0.0,0.0,0.0,0.0,1.0,0.0,0.0,0.0,0.0,0.0009557650134783,0.0,0.0,1.0
badges2_1121,1.0,0.0012362003326416,0.0001196861267089,0.0,1.0,0.0,0.0,1.0,1.0,0.0,0.0,0.0,0.0,0.0,0.0,0.0,0.0,0.0,0.0,0.0,0.0,0.0,0.0,0.0,1.0,0.0,0.0,0.0,-1.0,1.0524564467093678e-05,1.0,0.0,0.0
badges2_1121,1.0,0.0011682510375976,0.0001430511474609,0.0,1.0,0.0,0.0,1.0,1.0,0.0,0.0,0.0,0.0,0.0,0.0,0.0,0.0,0.0,0.0,0.0,0.0,0.0,0.0,0.0,1.0,0.0,0.0,0.0,0.0,0.0002426700393601,0.0,1.0,0.0
badges2_1121,1.0,0.0012452602386474,0.0001165866851806,0.0,1.0,0.0,0.0,1.0,1.0,0.0,0.0,0.0,0.0,0.0,0.0,0.0,0.0,0.0,0.0,0.0,0.0,0.0,0.0,0.0,1.0,0.0,0.0,0.0,-1.0,1.7364372695829658e-05,0.0,1.0,0.0
badges2_1121,1.0,0.0011658668518066,0.0001139640808105,0.0,1.0,0.0,0.0,1.0,0.0,0.0,0.0,0.0,0.0,1.0,0.0,0.0,0.0,0.0,0.0,0.0,0.0,0.0,0.0,0.0,1.0,0.0,0.0,0.0,-1.0,0.0007475630099941,0.0,1.0,0.0
badges2_1121,1.0,0.0013446807861328,0.0001215934753417,1.0,0.0,1.0,0.0,0.0,0.0,1.0,0.0,0.0,0.0,0.0,0.0,0.0,0.0,0.0,0.0,0.0,0.0,0.0,1.0,0.0,0.0,0.0,0.0,0.0,-1.0,2.8424417640001e-05,1.0,0.0,0.0
badges2_1121,1.0,0.1158227920532226,0.0002307891845703,0.0,1.0,0.0,1.0,0.0,0.0,0.0,0.0,0.0,0.0,0.0,0.0,0.0,0.0,1.0,0.0,0.0,0.0,0.0,1.0,0.0,0.0,0.0,0.0,0.0,-1.0,5.010846574599369e-05,0.0,1.0,0.0
sensory_826,0.6869565217391305,0.0749986171722412,0.000197410583496,0.0,1.0,0.0,0.0,1.0,0.0,0.0,0.0,0.0,0.0,0.0,0.0,1.0,0.0,0.0,0.0,0.0,0.0,0.0,1.0,0.0,0.0,0.0,0.0,0.0,0.0,0.0009080428193213,0.0,0.0,1.0
sensory_826,0.6869565217391305,0.081716775894165,0.0001976490020751,0.0,1.0,0.0,1.0,0.0,0.0,0.0,0.0,0.0,0.0,0.0,0.0,1.0,0.0,0.0,0.0,0.0,0.0,0.0,1.0,0.0,0.0,0.0,0.0,0.0,0.0,0.0005424813467687,0.0,0.0,1.0
sensory_826,0.6869565217391305,0.0799758434295654,0.0002322196960449,1.0,0.0,0.0,1.0,0.0,0.0,0.0,0.0,0.0,0.0,0.0,0.0,1.0,0.0,0.0,0.0,0.0,0.0,0.0,1.0,0.0,0.0,0.0,0.0,0.0,0.0,1.2428430065672274e-05,0.0,0.0,1.0
sensory_826,0.6869565217391305,0.0877523422241211,0.0001935958862304,1.0,0.0,1.0,0.0,0.0,0.0,0.0,0.0,0.0,0.0,0.0,0.0,1.0,0.0,0.0,0.0,0.0,0.0,0.0,1.0,0.0,0.0,0.0,0.0,0.0,-1.0,1.24088947380049e-05,0.0,1.0,0.0
sensory_826,0.6869565217391305,0.0224096775054931,0.0001821517944335,1.0,0.0,0.0,0.0,1.0,0.0,0.0,0.0,0.0,0.0,0.0,0.0,1.0,0.0,0.0,0.0,0.0,0.0,0.0,1.0,0.0,0.0,0.0,0.0,0.0,-1.0,0.0004341922517546,1.0,0.0,0.0
sensory_826,0.6869565217391305,0.0997402667999267,0.0002036094665527,0.0,1.0,1.0,0.0,0.0,0.0,0.0,0.0,0.0,0.0,0.0,0.0,1.0,0.0,0.0,0.0,0.0,0.0,0.0,1.0,0.0,0.0,0.0,0.0,0.0,0.0,1.3827512133712435e-05,0.0,0.0,1.0
sensory_826,0.6782608695652174,0.006789207458496,0.0001618862152099,0.0,1.0,0.0,1.0,0.0,0.0,0.0,0.0,0.0,0.0,0.0,0.0,0.0,0.0,1.0,0.0,0.0,0.0,1.0,0.0,0.0,0.0,0.0,0.0,0.0,-1.0,0.0005052065664019,1.0,0.0,0.0
sensory_826,0.6782608695652174,0.0066440105438232,0.0001497268676757,1.0,0.0,1.0,0.0,0.0,0.0,0.0,0.0,0.0,0.0,0.0,0.0,0.0,0.0,1.0,0.0,0.0,0.0,1.0,0.0,0.0,0.0,0.0,0.0,0.0,0.0,0.0007067104828622,0.0,0.0,1.0
sensory_826,0.6782608695652174,0.0062134265899658,0.0001771450042724,0.0,1.0,0.0,1.0,0.0,0.0,0.0,0.0,0.0,0.0,0.0,0.0,0.0,0.0,1.0,0.0,0.0,0.0,0.0,1.0,0.0,0.0,0.0,0.0,0.0,-1.0,1.116025819108154e-05,1.0,0.0,0.0
sensory_826,0.6782608695652174,0.009124755859375,0.0002176761627197,1.0,0.0,0.0,1.0,0.0,0.0,0.0,0.0,0.0,0.0,0.0,0.0,0.0,0.0,1.0,0.0,0.0,0.0,1.0,0.0,0.0,0.0,0.0,0.0,0.0,-1.0,2.754315140678665e-05,0.0,1.0,0.0
sensory_826,0.6782608695652174,0.0068411827087402,0.0001780986785888,1.0,0.0,0.0,0.0,1.0,0.0,0.0,0.0,0.0,0.0,0.0,0.0,0.0,0.0,1.0,0.0,0.0,0.0,0.0,0.0,0.0,0.0,0.0,1.0,0.0,0.0,1.112704547652203e-05,0.0,0.0,1.0
sensory_826,0.6782608695652174,0.0063185691833496,0.0001471042633056,1.0,0.0,0.0,1.0,0.0,0.0,0.0,0.0,0.0,0.0,0.0,0.0,0.0,0.0,1.0,0.0,0.0,0.0,0.0,0.0,0.0,0.0,1.0,0.0,0.0,0.0,1.3985127708019194e-05,0.0,0.0,1.0
sensory_826,0.6782608695652174,0.0108869075775146,0.0002138614654541,0.0,1.0,1.0,0.0,0.0,0.0,0.0,0.0,0.0,0.0,0.0,0.0,0.0,0.0,1.0,0.0,0.0,0.0,0.0,0.0,0.0,0.0,0.0,1.0,0.0,0.0,0.0001169890935056,0.0,0.0,1.0
sensory_826,0.6782608695652174,0.0225715637207031,0.0002138614654541,0.0,1.0,1.0,0.0,0.0,0.0,0.0,0.0,0.0,0.0,0.0,0.0,0.0,0.0,1.0,0.0,0.0,0.0,1.0,0.0,0.0,0.0,0.0,0.0,0.0,0.2543383578468586,0.0002886210519692,0.0,1.0,0.0
sensory_826,0.6782608695652174,0.0090150833129882,0.0002164840698242,1.0,0.0,0.0,1.0,0.0,0.0,0.0,0.0,0.0,0.0,0.0,0.0,0.0,0.0,1.0,0.0,0.0,0.0,0.0,0.0,0.0,0.0,0.0,1.0,0.0,-1.0,9.09803122528218e-05,0.0,1.0,0.0
sensory_826,0.6782608695652174,0.0590393543243408,0.0002005100250244,1.0,0.0,0.0,0.0,1.0,0.0,0.0,0.0,0.0,0.0,0.0,0.0,0.0,0.0,1.0,0.0,0.0,0.0,0.0,1.0,0.0,0.0,0.0,0.0,0.0,0.9095134920135792,5.914111988274437e-05,1.0,0.0,0.0
sensory_826,0.6782608695652174,0.0064001083374023,0.0001540184020996,1.0,0.0,0.0,1.0,0.0,0.0,0.0,0.0,0.0,0.0,0.0,0.0,0.0,0.0,1.0,0.0,0.0,0.0,0.0,1.0,0.0,0.0,0.0,0.0,0.0,-1.0,2.5908346613598897e-05,0.0,1.0,0.0
sensory_826,0.6782608695652174,0.0069100856781005,0.0002312660217285,1.0,0.0,1.0,0.0,0.0,0.0,0.0,0.0,0.0,0.0,0.0,0.0,0.0,0.0,1.0,0.0,0.0,0.0,0.0,0.0,0.0,0.0,1.0,0.0,0.0,0.0,2.97270763923464e-05,0.0,0.0,1.0
sensory_826,0.6782608695652174,0.0069525241851806,0.0001924037933349,0.0,1.0,1.0,0.0,0.0,0.0,0.0,0.0,0.0,0.0,0.0,0.0,0.0,0.0,1.0,0.0,0.0,0.0,0.0,0.0,0.0,0.0,0.0,0.0,1.0,0.0025939199614197,0.0001461479262629,0.0,1.0,0.0
sensory_826,0.6782608695652174,0.0064373016357421,0.0001559257507324,1.0,0.0,0.0,0.0,1.0,0.0,0.0,0.0,0.0,0.0,0.0,0.0,0.0,0.0,1.0,0.0,0.0,0.0,0.0,0.0,0.0,0.0,0.0,0.0,1.0,0.8787503706897621,0.0005146696926896,1.0,0.0,0.0
balance-scale_11,0.96,0.0017704963684082,0.0001201629638671,1.0,0.0,0.0,1.0,0.0,0.0,0.0,0.0,0.0,0.0,0.0,0.0,0.0,0.0,1.0,0.0,0.0,0.0,0.0,0.0,0.0,1.0,0.0,0.0,0.0,0.8452687358200623,6.443774916990891e-05,1.0,0.0,0.0
balance-scale_11,0.96,0.0016982555389404,0.0001108646392822,0.0,1.0,0.0,1.0,0.0,0.0,0.0,0.0,0.0,0.0,0.0,0.0,0.0,0.0,1.0,0.0,0.0,0.0,0.0,1.0,0.0,0.0,0.0,0.0,0.0,-1.0,0.0007572778336373,0.0,1.0,0.0
balance-scale_11,0.96,0.0016782283782958,0.0001130104064941,1.0,0.0,1.0,0.0,0.0,0.0,0.0,0.0,0.0,0.0,0.0,0.0,0.0,0.0,1.0,0.0,0.0,0.0,0.0,1.0,0.0,0.0,0.0,0.0,0.0,0.0,1.27126985217686e-05,0.0,0.0,1.0
balance-scale_11,0.96,0.0016062259674072,0.0001125335693359,0.0,1.0,0.0,0.0,1.0,0.0,0.0,0.0,0.0,0.0,0.0,0.0,0.0,0.0,1.0,0.0,0.0,0.0,0.0,0.0,0.0,0.0,1.0,0.0,0.0,0.3615862102111529,0.0004554295875986,0.0,1.0,0.0
balance-scale_11,0.96,0.0016291141510009,0.000108003616333,0.0,1.0,1.0,0.0,0.0,0.0,0.0,0.0,0.0,0.0,0.0,0.0,0.0,0.0,1.0,0.0,0.0,0.0,0.0,0.0,0.0,0.0,0.0,0.0,1.0,0.0,4.757307766978889e-05,0.0,1.0,0.0
balance-scale_11,0.96,0.001554250717163,0.0001440048217773,1.0,0.0,1.0,0.0,0.0,0.0,0.0,0.0,0.0,0.0,0.0,0.0,0.0,0.0,1.0,0.0,0.0,0.0,0.0,0.0,0.0,0.0,1.0,0.0,0.0,-1.0,0.0005464304123996,0.0,1.0,0.0
balance-scale_11,0.96,0.0016043186187744,0.0001122951507568,0.0,1.0,0.0,1.0,0.0,0.0,0.0,0.0,0.0,0.0,0.0,0.0,0.0,0.0,1.0,0.0,0.0,0.0,0.0,0.0,0.0,0.0,0.0,0.0,1.0,0.0,0.0006899748598649,0.0,0.0,1.0
balance-scale_11,0.96,0.0015692710876464,0.0001089572906494,0.0,1.0,1.0,0.0,0.0,0.0,0.0,0.0,0.0,0.0,0.0,0.0,0.0,0.0,1.0,0.0,0.0,0.0,1.0,0.0,0.0,0.0,0.0,0.0,0.0,0.0,0.0002516615496262,0.0,0.0,1.0
balance-scale_11,0.96,0.0016126632690429,0.0001137256622314,1.0,0.0,0.0,1.0,0.0,0.0,0.0,0.0,0.0,0.0,0.0,0.0,0.0,0.0,1.0,0.0,0.0,0.0,0.0,0.0,0.0,0.0,1.0,0.0,0.0,-1.0,5.12987111410205e-05,0.0,1.0,0.0
balance-scale_11,0.96,0.0016632080078125,0.0001389980316162,1.0,0.0,0.0,0.0,1.0,0.0,0.0,0.0,0.0,0.0,0.0,0.0,0.0,0.0,1.0,0.0,0.0,0.0,0.0,0.0,0.0,0.0,0.0,1.0,0.0,-1.0,8.201037223534877e-05,1.0,0.0,0.0
balance-scale_11,0.96,0.0017149448394775,0.0001196861267089,0.0,1.0,0.0,1.0,0.0,0.0,0.0,0.0,0.0,0.0,0.0,0.0,0.0,0.0,1.0,0.0,0.0,0.0,0.0,0.0,0.0,0.0,1.0,0.0,0.0,0.0,0.0001269265256563,0.0,0.0,1.0
balance-scale_11,0.96,0.00154709815979,0.0001115798950195,0.0,1.0,0.0,1.0,0.0,0.0,0.0,0.0,0.0,0.0,0.0,0.0,0.0,0.0,1.0,0.0,0.0,0.0,0.0,0.0,0.0,1.0,0.0,0.0,0.0,0.0,8.397689739019445e-05,0.0,0.0,1.0
balance-scale_11,0.96,0.0016906261444091,0.0001399517059326,1.0,0.0,0.0,1.0,0.0,0.0,0.0,0.0,0.0,0.0,0.0,0.0,0.0,0.0,1.0,0.0,0.0,0.0,0.0,1.0,0.0,0.0,0.0,0.0,0.0,0.0,0.0003822165997122,1.0,0.0,0.0
balance-scale_11,0.96,0.0016722679138183,0.000110387802124,0.0,1.0,0.0,0.0,1.0,0.0,0.0,0.0,0.0,0.0,0.0,0.0,0.0,0.0,1.0,0.0,0.0,0.0,0.0,1.0,0.0,0.0,0.0,0.0,0.0,0.1212268753007762,0.0003491858015874,0.0,1.0,0.0
balance-scale_11,0.96,0.0016357898712158,0.0001180171966552,1.0,0.0,1.0,0.0,0.0,0.0,0.0,0.0,0.0,0.0,0.0,0.0,0.0,0.0,1.0,0.0,0.0,0.0,1.0,0.0,0.0,0.0,0.0,0.0,0.0,0.0,1.0600121566363846e-05,0.0,0.0,1.0
balance-scale_11,0.96,0.0016579627990722,0.0001394748687744,0.0,1.0,1.0,0.0,0.0,0.0,0.0,0.0,0.0,0.0,0.0,0.0,0.0,0.0,1.0,0.0,0.0,0.0,0.0,1.0,0.0,0.0,0.0,0.0,0.0,0.0,2.010591107687981e-05,0.0,0.0,1.0
balance-scale_11,0.96,0.0015780925750732,0.0001099109649658,0.0,1.0,0.0,1.0,0.0,0.0,0.0,0.0,0.0,0.0,0.0,0.0,0.0,0.0,1.0,0.0,0.0,0.0,0.0,0.0,0.0,0.0,0.0,1.0,0.0,0.0,5.334548378623699e-05,0.0,0.0,1.0
balance-scale_11,0.96,0.0017313957214355,0.0001189708709716,1.0,0.0,0.0,1.0,0.0,0.0,0.0,0.0,0.0,0.0,0.0,0.0,0.0,0.0,1.0,0.0,0.0,0.0,1.0,0.0,0.0,0.0,0.0,0.0,0.0,0.0,0.0002212330147015,1.0,0.0,0.0
balance-scale_11,0.96,0.0015711784362792,0.0001158714294433,1.0,0.0,0.0,0.0,1.0,0.0,0.0,0.0,0.0,0.0,0.0,0.0,0.0,0.0,1.0,0.0,0.0,0.0,0.0,0.0,0.0,1.0,0.0,0.0,0.0,0.0,2.880022515988753e-05,0.0,0.0,1.0
balance-scale_11,0.96,0.0015954971313476,0.0001099109649658,1.0,0.0,0.0,1.0,0.0,0.0,0.0,0.0,0.0,0.0,0.0,0.0,0.0,0.0,1.0,0.0,0.0,0.0,0.0,0.0,0.0,0.0,0.0,0.0,1.0,0.0,4.4215927921714695e-05,0.0,0.0,1.0
breastTumor_844,0.7894736842105263,0.0012972354888916,0.0001094341278076,1.0,0.0,0.0,1.0,0.0,0.0,0.0,0.0,0.0,0.0,0.0,0.0,0.0,1.0,0.0,0.0,0.0,0.0,0.0,0.0,0.0,0.0,0.0,0.0,1.0,0.0,8.397693478509351e-05,1.0,0.0,0.0
breastTumor_844,0.7894736842105263,0.0015180110931396,0.0001235008239746,0.0,1.0,0.0,1.0,0.0,0.0,0.0,0.0,0.0,0.0,0.0,0.0,0.0,1.0,0.0,0.0,0.0,0.0,0.0,1.0,0.0,0.0,0.0,0.0,0.0,-1.0,0.0001510465738263,0.0,1.0,0.0
breastTumor_844,0.7719298245614035,0.0011937618255615,0.0001096725463867,0.0,1.0,0.0,0.0,1.0,0.0,0.0,0.0,0.0,0.0,0.0,1.0,0.0,0.0,0.0,0.0,0.0,0.0,0.0,0.0,0.0,0.0,0.0,1.0,0.0,-1.0,0.0006361988843881,0.0,1.0,0.0
breastTumor_844,0.7719298245614035,0.0011610984802246,0.0001111030578613,0.0,1.0,0.0,0.0,1.0,0.0,1.0,0.0,0.0,0.0,0.0,0.0,0.0,0.0,0.0,0.0,0.0,0.0,0.0,0.0,0.0,0.0,0.0,1.0,0.0,0.0,0.0004066916511718,0.0,1.0,0.0
breastTumor_844,0.7719298245614035,0.0012099742889404,0.0001113414764404,0.0,1.0,0.0,0.0,1.0,0.0,0.0,0.0,0.0,0.0,0.0,0.0,0.0,1.0,0.0,0.0,0.0,0.0,0.0,0.0,0.0,0.0,0.0,1.0,0.0,0.0,5.229196529641451e-05,0.0,0.0,1.0
breastTumor_844,0.7719298245614035,0.0011751651763916,0.0001106262207031,0.0,1.0,0.0,0.0,1.0,0.0,0.0,0.0,0.0,0.0,1.0,0.0,0.0,0.0,0.0,0.0,0.0,0.0,0.0,0.0,1.0,0.0,0.0,0.0,0.0,0.0,0.0003435324168792,0.0,0.0,1.0
breastTumor_844,0.7719298245614035,0.0044167041778564,0.0001883506774902,0.0,1.0,0.0,0.0,1.0,0.0,0.0,0.0,0.0,1.0,0.0,0.0,0.0,0.0,0.0,0.0,0.0,0.0,0.0,0.0,0.0,0.0,0.0,1.0,0.0,0.0,0.0004627175603113,0.0,0.0,1.0
breastTumor_844,0.7719298245614035,0.0015685558319091,0.0001423358917236,0.0,1.0,0.0,0.0,1.0,0.0,0.0,0.0,0.0,1.0,0.0,0.0,0.0,0.0,0.0,0.0,0.0,0.0,1.0,0.0,0.0,0.0,0.0,0.0,0.0,0.0,0.0001108344611277,0.0,0.0,1.0
breastTumor_844,0.7719298245614035,0.0011482238769531,0.0001096725463867,0.0,1.0,0.0,0.0,1.0,0.0,0.0,0.0,0.0,0.0,0.0,0.0,0.0,1.0,0.0,0.0,0.0,0.0,1.0,0.0,0.0,0.0,0.0,0.0,0.0,0.0,3.909170547391804e-05,0.0,0.0,1.0
breastTumor_844,0.7719298245614035,0.0011909008026123,0.0001118183135986,0.0,1.0,0.0,0.0,1.0,0.0,1.0,0.0,0.0,0.0,0.0,0.0,0.0,0.0,0.0,0.0,0.0,0.0,0.0,0.0,0.0,0.0,0.0,0.0,1.0,0.6278719797827427,0.0007693856894766,1.0,0.0,0.0
breastTumor_844,0.7719298245614035,0.0018727779388427,0.0001816749572753,0.0,1.0,0.0,0.0,1.0,0.0,0.0,0.0,0.0,1.0,0.0,0.0,0.0,0.0,0.0,0.0,0.0,0.0,0.0,1.0,0.0,0.0,0.0,0.0,0.0,0.0,0.0008404369245405,0.0,0.0,1.0
breastTumor_844,0.7719298245614035,0.0012171268463134,0.0001182556152343,0.0,1.0,0.0,0.0,1.0,0.0,0.0,0.0,0.0,0.0,0.0,1.0,0.0,0.0,0.0,0.0,0.0,0.0,0.0,0.0,0.0,0.0,0.0,0.0,1.0,0.0,2.813082058888076e-05,0.0,0.0,1.0
breastTumor_844,0.7719298245614035,0.001171588897705,0.0001125335693359,0.0,1.0,0.0,0.0,1.0,0.0,1.0,0.0,0.0,0.0,0.0,0.0,0.0,0.0,0.0,0.0,0.0,0.0,1.0,0.0,0.0,0.0,0.0,0.0,0.0,0.0,0.0003716483594966,0.0,0.0,1.0
breastTumor_844,0.7719298245614035,0.002159833908081,0.0001354217529296,0.0,1.0,0.0,0.0,1.0,0.0,0.0,0.0,0.0,1.0,0.0,0.0,0.0,0.0,0.0,0.0,0.0,0.0,0.0,0.0,0.0,0.0,0.0,0.0,1.0,0.0,1.2120186907895098e-05,0.0,0.0,1.0
breastTumor_844,0.7719298245614035,0.0012083053588867,0.0001106262207031,0.0,1.0,0.0,0.0,1.0,0.0,0.0,0.0,0.0,0.0,0.0,1.0,0.0,0.0,0.0,0.0,0.0,0.0,1.0,0.0,0.0,0.0,0.0,0.0,0.0,0.0,1.011051523623074e-05,0.0,0.0,1.0
breastTumor_844,0.7719298245614035,0.0011920928955078,0.000112771987915,0.0,1.0,0.0,0.0,1.0,0.0,1.0,0.0,0.0,0.0,0.0,0.0,0.0,0.0,0.0,0.0,0.0,0.0,0.0,1.0,0.0,0.0,0.0,0.0,0.0,0.0,5.048316171112567e-05,0.0,0.0,1.0
breastTumor_844,0.7719298245614035,0.0016238689422607,0.0001323223114013,1.0,0.0,0.0,1.0,0.0,0.0,0.0,0.0,0.0,1.0,0.0,0.0,0.0,0.0,0.0,0.0,0.0,0.0,0.0,0.0,0.0,0.0,1.0,0.0,0.0,0.0,8.415441251645991e-05,0.0,1.0,0.0
breastTumor_844,0.7719298245614035,0.0020854473114013,0.0008819103240966,0.0,1.0,0.0,0.0,1.0,0.0,0.0,0.0,0.0,0.0,0.0,1.0,0.0,0.0,0.0,0.0,0.0,0.0,0.0,1.0,0.0,0.0,0.0,0.0,0.0,0.0,0.0001237864479154,0.0,1.0,0.0
breastTumor_844,0.7719298245614035,0.0012876987457275,0.0001211166381835,0.0,1.0,0.0,0.0,1.0,0.0,0.0,0.0,0.0,0.0,0.0,0.0,0.0,1.0,0.0,0.0,0.0,0.0,0.0,1.0,0.0,0.0,0.0,0.0,0.0,0.0,5.70859231636434e-05,0.0,0.0,1.0
breastTumor_844,0.7719298245614035,0.001967430114746,0.0001657009124755,0.0,1.0,0.0,1.0,0.0,0.0,0.0,0.0,0.0,1.0,0.0,0.0,0.0,0.0,0.0,0.0,0.0,0.0,0.0,0.0,0.0,0.0,1.0,0.0,0.0,0.0124689841902402,1.809655100900579e-05,0.0,1.0,0.0
arsenic-male-lung_951,1.0,0.0018908977508544,0.0001354217529296,0.0,1.0,0.0,0.0,1.0,0.0,0.0,0.0,0.0,1.0,0.0,0.0,0.0,0.0,0.0,0.0,0.0,0.0,0.0,0.0,0.0,0.0,1.0,0.0,0.0,0.0,4.89308837372444e-05,0.0,0.0,1.0
arsenic-male-lung_951,1.0,0.0018799304962158,0.0001368522644042,0.0,1.0,0.0,0.0,1.0,0.0,0.0,0.0,0.0,1.0,0.0,0.0,0.0,0.0,0.0,0.0,0.0,0.0,0.0,0.0,0.0,0.0,1.0,0.0,0.0,-1.0,0.0004402015691531,0.0,1.0,0.0
arsenic-male-lung_951,1.0,0.002103567123413,0.0008790493011474,1.0,0.0,1.0,0.0,0.0,0.0,0.0,0.0,0.0,0.0,0.0,1.0,0.0,0.0,0.0,0.0,0.0,0.0,0.0,1.0,0.0,0.0,0.0,0.0,0.0,0.0,4.692668881228175e-05,0.0,0.0,1.0
arsenic-male-lung_951,1.0,0.0022027492523193,0.0008442401885986,1.0,0.0,1.0,0.0,0.0,0.0,0.0,0.0,0.0,0.0,0.0,1.0,0.0,0.0,0.0,0.0,0.0,0.0,0.0,1.0,0.0,0.0,0.0,0.0,0.0,0.1205214540996039,0.0001529703389067,0.0,1.0,0.0
arsenic-male-lung_951,1.0,0.0014777183532714,0.0001184940338134,0.0,1.0,0.0,0.0,1.0,0.0,1.0,0.0,0.0,0.0,0.0,0.0,0.0,0.0,0.0,0.0,0.0,0.0,0.0,0.0,0.0,0.0,1.0,0.0,0.0,0.0,0.0002300135067355,0.0,0.0,1.0
arsenic-male-lung_951,1.0,0.0013973712921142,0.000115156173706,0.0,1.0,0.0,0.0,1.0,0.0,1.0,0.0,0.0,0.0,0.0,0.0,0.0,0.0,0.0,0.0,0.0,0.0,0.0,0.0,0.0,0.0,1.0,0.0,0.0,0.0,0.0002916579312473,0.0,0.0,1.0
arsenic-male-lung_951,1.0,0.0015218257904052,0.0001280307769775,0.0,1.0,0.0,0.0,1.0,0.0,0.0,0.0,0.0,0.0,0.0,1.0,0.0,0.0,0.0,0.0,0.0,0.0,0.0,0.0,0.0,0.0,1.0,0.0,0.0,0.0,9.461807554419076e-05,0.0,0.0,1.0
arsenic-male-lung_951,1.0,0.0013866424560546,0.0001163482666015,0.0,1.0,0.0,0.0,1.0,0.0,0.0,0.0,0.0,0.0,0.0,0.0,0.0,1.0,0.0,0.0,0.0,0.0,0.0,0.0,0.0,0.0,1.0,0.0,0.0,0.0,1.7841212060781743e-05,0.0,0.0,1.0
arsenic-male-lung_951,1.0,0.001533031463623,0.0001165866851806,0.0,1.0,0.0,0.0,1.0,0.0,0.0,0.0,0.0,0.0,0.0,0.0,0.0,1.0,0.0,0.0,0.0,0.0,0.0,0.0,0.0,0.0,1.0,0.0,0.0,-1.0,0.0006324358168833,0.0,1.0,0.0
arsenic-male-lung_951,1.0,0.001896858215332,0.000138521194458,0.0,1.0,0.0,0.0,1.0,0.0,0.0,0.0,0.0,1.0,0.0,0.0,0.0,0.0,0.0,0.0,0.0,0.0,0.0,0.0,0.0,1.0,0.0,0.0,0.0,-1.0,3.3160243335153406e-05,1.0,0.0,0.0
arsenic-male-lung_951,1.0,0.0019135475158691,0.0001389980316162,0.0,1.0,0.0,0.0,1.0,0.0,0.0,0.0,0.0,1.0,0.0,0.0,0.0,0.0,0.0,0.0,0.0,0.0,0.0,0.0,0.0,1.0,0.0,0.0,0.0,-1.0,4.763342160232592e-05,1.0,0.0,0.0
arsenic-male-lung_951,1.0,0.0018291473388671,0.0001883506774902,0.0,1.0,0.0,0.0,1.0,0.0,0.0,0.0,0.0,1.0,0.0,0.0,0.0,0.0,0.0,0.0,0.0,0.0,0.0,0.0,0.0,1.0,0.0,0.0,0.0,0.2502520662178167,0.0003528227784665,0.0,1.0,0.0
arsenic-male-lung_951,1.0,0.0017623901367187,0.0001358985900878,0.0,1.0,0.0,0.0,1.0,0.0,0.0,0.0,0.0,1.0,0.0,0.0,0.0,0.0,0.0,0.0,0.0,0.0,0.0,0.0,0.0,1.0,0.0,0.0,0.0,0.0,0.0003365484786943,1.0,0.0,0.0
arsenic-male-lung_951,1.0,0.0019025802612304,0.0001490116119384,0.0,1.0,0.0,0.0,1.0,0.0,0.0,0.0,0.0,1.0,0.0,0.0,0.0,0.0,0.0,0.0,0.0,0.0,0.0,0.0,0.0,1.0,0.0,0.0,0.0,0.0,0.0006205428657125,1.0,0.0,0.0
arsenic-male-lung_951,1.0,0.001763105392456,0.0001380443572998,0.0,1.0,0.0,0.0,1.0,0.0,0.0,0.0,0.0,0.0,0.0,1.0,0.0,0.0,0.0,0.0,0.0,0.0,0.0,0.0,0.0,0.0,1.0,0.0,0.0,-1.0,1.1681438775694184e-05,0.0,1.0,0.0
arsenic-male-lung_951,1.0,0.0018956661224365,0.0001368522644042,1.0,0.0,1.0,0.0,0.0,0.0,0.0,0.0,0.0,1.0,0.0,0.0,0.0,0.0,0.0,0.0,0.0,0.0,0.0,1.0,0.0,0.0,0.0,0.0,0.0,0.0,0.0005610754915062,0.0,0.0,1.0
arsenic-male-lung_951,1.0,0.0022494792938232,0.0002250671386718,1.0,0.0,1.0,0.0,0.0,0.0,0.0,0.0,0.0,1.0,0.0,0.0,0.0,0.0,0.0,0.0,0.0,0.0,0.0,1.0,0.0,0.0,0.0,0.0,0.0,0.0,0.0003841058738483,1.0,0.0,0.0
arsenic-male-lung_951,1.0,0.0019373893737792,0.0001389980316162,1.0,0.0,1.0,0.0,0.0,0.0,0.0,0.0,0.0,1.0,0.0,0.0,0.0,0.0,0.0,0.0,0.0,0.0,0.0,1.0,0.0,0.0,0.0,0.0,0.0,0.0,0.000112250833177,0.0,0.0,1.0
arsenic-male-lung_951,1.0,0.0018441677093505,0.0001342296600341,1.0,0.0,1.0,0.0,0.0,0.0,0.0,0.0,0.0,0.0,0.0,1.0,0.0,0.0,0.0,0.0,0.0,0.0,0.0,0.0,0.0,0.0,0.0,0.0,1.0,0.0,2.08435506593842e-05,0.0,0.0,1.0
arsenic-male-lung_951,1.0,0.0018467903137207,0.000133991241455,1.0,0.0,1.0,0.0,0.0,0.0,0.0,0.0,0.0,0.0,0.0,1.0,0.0,0.0,0.0,0.0,0.0,0.0,0.0,0.0,0.0,0.0,0.0,0.0,1.0,-1.0,0.0001230233111009,0.0,1.0,0.0
rmftsa_ladata_717,0.9603960396039604,0.0013673305511474,0.0001533031463623,0.0,1.0,0.0,0.0,1.0,0.0,1.0,0.0,0.0,0.0,0.0,0.0,0.0,0.0,0.0,0.0,0.0,0.0,0.0,0.0,0.0,1.0,0.0,0.0,0.0,-1.0,2.442793353839835e-05,1.0,0.0,0.0
rmftsa_ladata_717,0.9603960396039604,0.0012202262878417,0.0001485347747802,0.0,1.0,0.0,1.0,0.0,0.0,0.0,0.0,0.0,0.0,0.0,0.0,0.0,1.0,0.0,0.0,0.0,0.0,0.0,0.0,0.0,1.0,0.0,0.0,0.0,0.2275875582775406,0.0008509698125381,0.0,1.0,0.0
rmftsa_ladata_717,0.9603960396039604,0.0012471675872802,0.0001463890075683,0.0,1.0,0.0,0.0,1.0,0.0,0.0,0.0,0.0,0.0,0.0,0.0,0.0,1.0,0.0,0.0,0.0,0.0,0.0,0.0,0.0,1.0,0.0,0.0,0.0,0.0,0.0002615922208055,0.0,0.0,1.0
rmftsa_ladata_717,0.9603960396039604,0.001260757446289,0.0001494884490966,0.0,1.0,0.0,0.0,1.0,0.0,0.0,0.0,0.0,0.0,0.0,1.0,0.0,0.0,0.0,0.0,0.0,0.0,0.0,0.0,0.0,1.0,0.0,0.0,0.0,0.0,0.0001557658370087,0.0,0.0,1.0
rmftsa_ladata_717,0.9603960396039604,0.0013027191162109,0.0001544952392578,0.0,1.0,0.0,1.0,0.0,0.0,1.0,0.0,0.0,0.0,0.0,0.0,0.0,0.0,0.0,0.0,0.0,0.0,0.0,0.0,0.0,1.0,0.0,0.0,0.0,0.0,0.0004233769733068,0.0,0.0,1.0
rmftsa_ladata_717,0.9603960396039604,0.0013599395751953,0.0001604557037353,1.0,0.0,0.0,0.0,1.0,0.0,0.0,0.0,0.0,0.0,0.0,1.0,0.0,0.0,0.0,0.0,0.0,0.0,0.0,0.0,0.0,1.0,0.0,0.0,0.0,0.0,0.000116116631311,0.0,0.0,1.0
rmftsa_ladata_717,0.9603960396039604,0.0013084411621093,0.0001888275146484,1.0,0.0,0.0,0.0,1.0,0.0,1.0,0.0,0.0,0.0,0.0,0.0,0.0,0.0,0.0,0.0,0.0,0.0,0.0,0.0,0.0,1.0,0.0,0.0,0.0,0.0,1.3198350669636296e-05,0.0,0.0,1.0
rmftsa_ladata_717,0.9603960396039604,0.0013375282287597,0.0001592636108398,0.0,1.0,1.0,0.0,0.0,0.0,0.0,0.0,0.0,0.0,0.0,0.0,0.0,1.0,0.0,0.0,0.0,0.0,0.0,0.0,0.0,1.0,0.0,0.0,0.0,-1.0,3.296546097976696e-05,0.0,1.0,0.0
rmftsa_ladata_717,0.9603960396039604,0.0013191699981689,0.0001547336578369,1.0,0.0,0.0,1.0,0.0,0.0,1.0,0.0,0.0,0.0,0.0,0.0,0.0,0.0,0.0,0.0,0.0,0.0,0.0,0.0,0.0,1.0,0.0,0.0,0.0,0.3112641659989018,0.0009191261101134,0.0,1.0,0.0
rmftsa_ladata_717,0.9603960396039604,0.001357078552246,0.0001580715179443,0.0,1.0,1.0,0.0,0.0,0.0,0.0,0.0,0.0,0.0,0.0,1.0,0.0,0.0,0.0,0.0,0.0,0.0,0.0,0.0,0.0,1.0,0.0,0.0,0.0,0.0,0.0005030671650928,0.0,0.0,1.0
rmftsa_ladata_717,0.9603960396039604,0.0012388229370117,0.0001475811004638,1.0,0.0,0.0,1.0,0.0,0.0,0.0,0.0,0.0,0.0,0.0,0.0,0.0,1.0,0.0,0.0,0.0,0.0,0.0,0.0,0.0,1.0,0.0,0.0,0.0,0.0,0.0007159614757301,0.0,0.0,1.0
rmftsa_ladata_717,0.9603960396039604,0.0013771057128906,0.0001604557037353,1.0,0.0,0.0,1.0,0.0,0.0,0.0,0.0,0.0,0.0,0.0,1.0,0.0,0.0,0.0,0.0,0.0,0.0,0.0,0.0,0.0,1.0,0.0,0.0,0.0,-1.0,1.5691411896593906e-05,0.0,1.0,0.0
rmftsa_ladata_717,0.9603960396039604,0.001387596130371,0.0001564025878906,1.0,0.0,0.0,0.0,1.0,0.0,0.0,0.0,0.0,0.0,0.0,0.0,0.0,1.0,0.0,0.0,0.0,0.0,0.0,0.0,0.0,1.0,0.0,0.0,0.0,-1.0,3.1332621984636644e-05,0.0,1.0,0.0
rmftsa_ladata_717,0.9603960396039604,0.0016655921936035,0.0001778602600097,1.0,0.0,0.0,1.0,0.0,0.0,0.0,0.0,0.0,1.0,0.0,0.0,0.0,0.0,0.0,0.0,0.0,0.0,0.0,0.0,0.0,1.0,0.0,0.0,0.0,0.3314831062939626,1.3380763390448703e-05,1.0,0.0,0.0
rmftsa_ladata_717,0.9603960396039604,0.0016682147979736,0.000211477279663,0.0,1.0,0.0,1.0,0.0,0.0,0.0,0.0,0.0,1.0,0.0,0.0,0.0,0.0,0.0,0.0,0.0,0.0,0.0,0.0,0.0,1.0,0.0,0.0,0.0,-1.0,0.0004408884558565,1.0,0.0,0.0
rmftsa_ladata_717,0.9603960396039604,0.0015966892242431,0.0001704692840576,0.0,1.0,0.0,1.0,0.0,0.0,0.0,0.0,0.0,0.0,0.0,1.0,0.0,0.0,0.0,0.0,0.0,0.0,0.0,0.0,0.0,1.0,0.0,0.0,0.0,0.0,2.2274128989375144e-05,0.0,0.0,1.0
rmftsa_ladata_717,0.9603960396039604,0.0012276172637939,0.000148057937622,1.0,0.0,1.0,0.0,0.0,0.0,0.0,0.0,0.0,0.0,0.0,0.0,0.0,1.0,0.0,0.0,0.0,0.0,0.0,0.0,0.0,1.0,0.0,0.0,0.0,0.0,6.608539218358849e-05,0.0,0.0,1.0
rmftsa_ladata_717,0.9603960396039604,0.0013492107391357,0.0001583099365234,1.0,0.0,1.0,0.0,0.0,0.0,0.0,0.0,0.0,0.0,0.0,1.0,0.0,0.0,0.0,0.0,0.0,0.0,0.0,0.0,0.0,1.0,0.0,0.0,0.0,0.0,3.459425733973165e-05,0.0,1.0,0.0
rmftsa_ladata_717,0.9603960396039604,0.0018117427825927,0.0002272129058837,0.0,1.0,1.0,0.0,0.0,0.0,0.0,0.0,0.0,1.0,0.0,0.0,0.0,0.0,0.0,0.0,0.0,0.0,0.0,0.0,0.0,1.0,0.0,0.0,0.0,0.9193624769214268,0.0007256295015642,1.0,0.0,0.0
rmftsa_ladata_717,0.9603960396039604,0.0017218589782714,0.0002400875091552,0.0,1.0,0.0,0.0,1.0,0.0,0.0,0.0,0.0,1.0,0.0,0.0,0.0,0.0,0.0,0.0,0.0,0.0,0.0,0.0,0.0,1.0,0.0,0.0,0.0,0.0,0.0001647253348713,0.0,0.0,1.0
analcatdata_lawsuit_450,1.0,0.0011942386627197,0.0001158714294433,1.0,0.0,1.0,0.0,0.0,0.0,0.0,0.0,0.0,0.0,0.0,0.0,0.0,0.0,1.0,0.0,0.0,0.0,0.0,0.0,0.0,1.0,0.0,0.0,0.0,-1.0,0.0003971994121602,1.0,0.0,0.0
analcatdata_lawsuit_450,1.0,0.0064711570739746,0.0001482963562011,1.0,0.0,1.0,0.0,0.0,0.0,0.0,0.0,0.0,0.0,0.0,0.0,0.0,0.0,0.0,1.0,0.0,0.0,0.0,0.0,0.0,1.0,0.0,0.0,0.0,0.0,0.0001600597888132,0.0,0.0,1.0
analcatdata_lawsuit_450,1.0,0.0061409473419189,0.0001435279846191,0.0,1.0,0.0,1.0,0.0,0.0,0.0,0.0,0.0,0.0,0.0,0.0,0.0,0.0,0.0,1.0,0.0,0.0,0.0,0.0,0.0,0.0,0.0,0.0,1.0,0.0,0.0001679196313388,0.0,0.0,1.0
analcatdata_lawsuit_450,1.0,0.0010786056518554,0.0001111030578613,1.0,0.0,0.0,0.0,1.0,0.0,0.0,0.0,0.0,0.0,0.0,0.0,0.0,0.0,1.0,0.0,0.0,0.0,0.0,0.0,0.0,0.0,0.0,0.0,1.0,0.0,5.8321186857460345e-05,1.0,0.0,0.0
analcatdata_lawsuit_450,1.0,0.0113852024078369,0.0002169609069824,1.0,0.0,0.0,0.0,1.0,0.0,0.0,0.0,0.0,0.0,0.0,0.0,0.0,0.0,0.0,1.0,0.0,0.0,0.0,0.0,0.0,0.0,0.0,0.0,1.0,0.0,3.0060806048948907e-05,0.0,0.0,1.0
analcatdata_lawsuit_450,1.0,0.0069582462310791,0.00014328956604,0.0,1.0,0.0,0.0,1.0,0.0,0.0,0.0,0.0,0.0,0.0,0.0,0.0,0.0,0.0,1.0,0.0,0.0,0.0,0.0,0.0,0.0,0.0,0.0,1.0,0.260453666900881,4.974780615994947e-05,0.0,1.0,0.0
analcatdata_lawsuit_450,1.0,0.0011558532714843,0.0001358985900878,0.0,1.0,0.0,0.0,1.0,0.0,0.0,0.0,0.0,0.0,0.0,0.0,0.0,0.0,1.0,0.0,0.0,0.0,0.0,0.0,0.0,0.0,0.0,0.0,1.0,-1.0,3.8879460010345e-05,0.0,1.0,0.0
analcatdata_lawsuit_450,1.0,0.0011658668518066,0.0001118183135986,0.0,1.0,0.0,1.0,0.0,0.0,0.0,0.0,0.0,0.0,0.0,0.0,0.0,0.0,1.0,0.0,0.0,0.0,0.0,0.0,0.0,0.0,0.0,0.0,1.0,0.0,0.000241241766521,1.0,0.0,0.0
analcatdata_lawsuit_450,1.0,0.0699975490570068,0.000195026397705,1.0,0.0,0.0,0.0,1.0,0.0,0.0,0.0,0.0,0.0,0.0,0.0,1.0,0.0,0.0,0.0,0.0,0.0,0.0,0.0,0.0,0.0,0.0,1.0,0.0,0.0,7.000489924990923e-05,0.0,0.0,1.0
analcatdata_lawsuit_450,1.0,0.0799689292907714,0.0002024173736572,0.0,1.0,0.0,0.0,1.0,0.0,0.0,0.0,0.0,0.0,0.0,0.0,1.0,0.0,0.0,0.0,0.0,0.0,0.0,0.0,0.0,0.0,0.0,1.0,0.0,0.6118175658270657,0.0001259875568103,1.0,0.0,0.0
analcatdata_lawsuit_450,1.0,0.0009281635284423,0.0001053810119628,0.0,1.0,1.0,0.0,0.0,0.0,0.0,0.0,0.0,0.0,0.0,0.0,0.0,0.0,0.0,0.0,0.0,1.0,0.0,1.0,0.0,0.0,0.0,0.0,0.0,-1.0,0.0003482434729262,0.0,1.0,0.0
analcatdata_lawsuit_450,1.0,0.0011091232299804,0.000112771987915,1.0,0.0,0.0,1.0,0.0,0.0,0.0,0.0,0.0,0.0,0.0,0.0,0.0,0.0,1.0,0.0,0.0,0.0,1.0,0.0,0.0,0.0,0.0,0.0,0.0,0.0,3.4127949486631646e-05,0.0,0.0,1.0
analcatdata_lawsuit_450,1.0,0.0010645389556884,0.0001368522644042,0.0,1.0,1.0,0.0,0.0,0.0,0.0,1.0,0.0,0.0,0.0,0.0,0.0,0.0,0.0,0.0,0.0,0.0,0.0,1.0,0.0,0.0,0.0,0.0,0.0,0.0,7.035569381669251e-05,0.0,0.0,1.0
analcatdata_lawsuit_450,1.0,0.0010089874267578,0.0001089572906494,0.0,1.0,1.0,0.0,0.0,0.0,0.0,1.0,0.0,0.0,0.0,0.0,0.0,0.0,0.0,0.0,0.0,0.0,0.0,1.0,0.0,0.0,0.0,0.0,0.0,0.0,0.0001093891896858,0.0,0.0,1.0
analcatdata_lawsuit_450,1.0,0.000922679901123,0.0001063346862792,0.0,1.0,0.0,0.0,1.0,0.0,0.0,0.0,0.0,0.0,0.0,0.0,0.0,0.0,0.0,0.0,0.0,1.0,0.0,1.0,0.0,0.0,0.0,0.0,0.0,0.0,1.2811923705801733e-05,0.0,0.0,1.0
analcatdata_lawsuit_450,1.0,0.0011558532714843,0.0001115798950195,0.0,1.0,1.0,0.0,0.0,0.0,0.0,0.0,0.0,0.0,0.0,0.0,0.0,0.0,1.0,0.0,0.0,0.0,0.0,1.0,0.0,0.0,0.0,0.0,0.0,0.0,2.0154559491574835e-05,0.0,0.0,1.0
analcatdata_lawsuit_450,1.0,0.001072883605957,0.0001094341278076,1.0,0.0,0.0,0.0,1.0,0.0,0.0,0.0,0.0,0.0,0.0,0.0,0.0,0.0,1.0,0.0,0.0,0.0,1.0,0.0,0.0,0.0,0.0,0.0,0.0,0.0,1.3397422075299184e-05,0.0,0.0,1.0
analcatdata_lawsuit_450,1.0,0.0010480880737304,0.0001082420349121,0.0,1.0,0.0,0.0,1.0,0.0,0.0,1.0,0.0,0.0,0.0,0.0,0.0,0.0,0.0,0.0,0.0,0.0,0.0,1.0,0.0,0.0,0.0,0.0,0.0,0.0,0.0003195313589635,0.0,1.0,0.0
analcatdata_lawsuit_450,1.0,0.000981330871582,0.0001070499420166,0.0,1.0,0.0,0.0,1.0,0.0,0.0,1.0,0.0,0.0,0.0,0.0,0.0,0.0,0.0,0.0,0.0,0.0,0.0,1.0,0.0,0.0,0.0,0.0,0.0,0.0,3.979394349997782e-05,1.0,0.0,0.0
analcatdata_lawsuit_450,1.0,0.0011138916015625,0.0001094341278076,0.0,1.0,0.0,0.0,1.0,0.0,0.0,0.0,0.0,0.0,0.0,0.0,0.0,0.0,1.0,0.0,0.0,0.0,0.0,1.0,0.0,0.0,0.0,0.0,0.0,0.0,7.001433051956594e-05,0.0,0.0,1.0
arsenic-male-bladder_947,1.0,0.0015933513641357,0.0001325607299804,1.0,0.0,1.0,0.0,0.0,0.0,0.0,0.0,0.0,0.0,0.0,0.0,0.0,1.0,0.0,0.0,0.0,0.0,0.0,1.0,0.0,0.0,0.0,0.0,0.0,-1.0,0.0002211306253098,0.0,1.0,0.0
arsenic-male-bladder_947,1.0,0.0014832019805908,0.0001227855682373,1.0,0.0,1.0,0.0,0.0,0.0,0.0,0.0,0.0,0.0,0.0,0.0,0.0,0.0,0.0,0.0,0.0,1.0,0.0,1.0,0.0,0.0,0.0,0.0,0.0,0.0,0.0008569176176475,0.0,0.0,1.0
arsenic-male-bladder_947,1.0,0.001375675201416,0.0001187324523925,1.0,0.0,1.0,0.0,0.0,0.0,1.0,0.0,0.0,0.0,0.0,0.0,0.0,0.0,0.0,0.0,0.0,0.0,0.0,1.0,0.0,0.0,0.0,0.0,0.0,0.0,0.0004188815301691,0.0,0.0,1.0
arsenic-male-bladder_947,1.0,0.001352310180664,0.0001180171966552,1.0,0.0,1.0,0.0,0.0,0.0,0.0,0.0,1.0,0.0,0.0,0.0,0.0,0.0,0.0,0.0,0.0,0.0,0.0,1.0,0.0,0.0,0.0,0.0,0.0,0.0,1.304965982026046e-05,0.0,0.0,1.0
arsenic-male-bladder_947,1.0,0.0021641254425048,0.0008316040039062,1.0,0.0,1.0,0.0,0.0,0.0,0.0,0.0,0.0,0.0,0.0,1.0,0.0,0.0,0.0,0.0,0.0,0.0,0.0,1.0,0.0,0.0,0.0,0.0,0.0,-1.0,4.087594902791318e-05,1.0,0.0,0.0
arsenic-male-bladder_947,1.0,0.0013034343719482,0.0001242160797119,1.0,0.0,1.0,0.0,0.0,0.0,0.0,0.0,0.0,0.0,0.0,0.0,0.0,0.0,0.0,0.0,1.0,0.0,0.0,1.0,0.0,0.0,0.0,0.0,0.0,-1.0,1.2535867839758768e-05,1.0,0.0,0.0
arsenic-male-bladder_947,1.0,0.0016942024230957,0.0001204013824462,1.0,0.0,1.0,0.0,0.0,0.0,0.0,0.0,0.0,0.0,0.0,0.0,0.0,0.0,1.0,0.0,0.0,0.0,0.0,1.0,0.0,0.0,0.0,0.0,0.0,0.8137717310566661,1.3284237537489316e-05,0.0,1.0,0.0
arsenic-male-bladder_947,1.0,0.0015032291412353,0.0001397132873535,1.0,0.0,0.0,0.0,1.0,0.0,0.0,0.0,0.0,0.0,0.0,0.0,0.0,0.0,1.0,0.0,0.0,0.0,0.0,0.0,0.0,1.0,0.0,0.0,0.0,0.0,1.798506753221416e-05,0.0,0.0,1.0
arsenic-male-bladder_947,1.0,0.0013892650604248,0.0001163482666015,1.0,0.0,0.0,0.0,1.0,0.0,0.0,0.0,0.0,0.0,0.0,0.0,0.0,0.0,0.0,0.0,1.0,0.0,0.0,0.0,0.0,1.0,0.0,0.0,0.0,0.0,4.3869594433079206e-05,0.0,0.0,1.0
arsenic-male-bladder_947,1.0,0.0014007091522216,0.0001177787780761,1.0,0.0,0.0,0.0,1.0,0.0,0.0,0.0,1.0,0.0,0.0,0.0,0.0,0.0,0.0,0.0,0.0,0.0,0.0,0.0,0.0,1.0,0.0,0.0,0.0,0.0,2.904011658064133e-05,0.0,0.0,1.0
arsenic-male-bladder_947,1.0,0.0014460086822509,0.000117540359497,1.0,0.0,0.0,0.0,1.0,0.0,0.0,1.0,0.0,0.0,0.0,0.0,0.0,0.0,0.0,0.0,0.0,0.0,0.0,0.0,0.0,1.0,0.0,0.0,0.0,-1.0,5.062317680300003e-05,1.0,0.0,0.0
arsenic-male-bladder_947,1.0,0.0014035701751708,0.0001206398010253,1.0,0.0,0.0,0.0,1.0,1.0,0.0,0.0,0.0,0.0,0.0,0.0,0.0,0.0,0.0,0.0,0.0,0.0,0.0,0.0,0.0,1.0,0.0,0.0,0.0,0.0,0.0004405751585272,0.0,1.0,0.0
arsenic-male-bladder_947,1.0,0.0013740062713623,0.0001173019409179,1.0,0.0,1.0,0.0,0.0,0.0,0.0,0.0,0.0,0.0,0.0,0.0,0.0,1.0,0.0,0.0,0.0,0.0,0.0,0.0,0.0,0.0,0.0,0.0,1.0,0.0,0.0003938845368721,0.0,1.0,0.0
arsenic-male-bladder_947,1.0,0.0012609958648681,0.0001249313354492,0.0,1.0,0.0,0.0,1.0,0.0,0.0,0.0,0.0,0.0,0.0,0.0,0.0,0.0,0.0,0.0,1.0,0.0,0.0,0.0,0.0,1.0,0.0,0.0,0.0,0.8655190712117034,5.028955286436974e-05,0.0,1.0,0.0
arsenic-male-bladder_947,1.0,0.0012869834899902,0.0001139640808105,1.0,0.0,1.0,0.0,0.0,0.0,0.0,0.0,0.0,0.0,0.0,0.0,0.0,0.0,0.0,0.0,1.0,0.0,0.0,0.0,0.0,0.0,0.0,0.0,1.0,-1.0,0.0002087576928176,0.0,1.0,0.0
arsenic-male-bladder_947,1.0,0.0013437271118164,0.0001173019409179,1.0,0.0,1.0,0.0,0.0,0.0,1.0,0.0,0.0,0.0,0.0,0.0,0.0,0.0,0.0,0.0,0.0,0.0,0.0,0.0,0.0,0.0,0.0,0.0,1.0,-1.0,5.56323436977342e-05,0.0,1.0,0.0
arsenic-male-bladder_947,1.0,0.0014088153839111,0.0001189708709716,1.0,0.0,1.0,0.0,0.0,0.0,0.0,0.0,0.0,0.0,0.0,0.0,0.0,0.0,0.0,0.0,0.0,1.0,0.0,0.0,0.0,0.0,0.0,0.0,1.0,0.5153176806854224,5.914445705728992e-05,0.0,1.0,0.0
arsenic-male-bladder_947,1.0,0.0014762878417968,0.0001554489135742,0.0,1.0,0.0,0.0,1.0,0.0,0.0,0.0,0.0,0.0,0.0,0.0,0.0,0.0,1.0,0.0,0.0,0.0,0.0,0.0,0.0,1.0,0.0,0.0,0.0,-1.0,0.0002246181431309,1.0,0.0,0.0
arsenic-male-bladder_947,1.0,0.0015168190002441,0.0001282691955566,1.0,0.0,1.0,0.0,0.0,0.0,0.0,0.0,1.0,0.0,0.0,0.0,0.0,0.0,0.0,0.0,0.0,0.0,0.0,0.0,0.0,0.0,0.0,0.0,1.0,0.0,5.870071229139207e-05,0.0,0.0,1.0
arsenic-male-bladder_947,1.0,0.0016083717346191,0.0001666545867919,1.0,0.0,1.0,0.0,0.0,0.0,0.0,0.0,0.0,0.0,0.0,0.0,0.0,0.0,1.0,0.0,0.0,0.0,0.0,0.0,0.0,0.0,0.0,0.0,1.0,-1.0,0.0001254641161742,1.0,0.0,0.0
MindCave2_1450,0.92,0.0010714530944824,0.0001115798950195,0.0,1.0,0.0,1.0,0.0,0.0,0.0,1.0,0.0,0.0,0.0,0.0,0.0,0.0,0.0,0.0,0.0,0.0,0.0,0.0,0.0,0.0,0.0,0.0,1.0,0.8555077007436478,1.700011844274473e-05,1.0,0.0,0.0
MindCave2_1450,0.92,0.0009670257568359,0.0001325607299804,1.0,0.0,1.0,0.0,0.0,0.0,0.0,1.0,0.0,0.0,0.0,0.0,0.0,0.0,0.0,0.0,0.0,0.0,0.0,0.0,0.0,0.0,0.0,0.0,1.0,-1.0,0.0001195711535713,0.0,1.0,0.0
MindCave2_1450,0.92,0.0009992122650146,0.000115156173706,1.0,0.0,0.0,0.0,1.0,0.0,0.0,1.0,0.0,0.0,0.0,0.0,0.0,0.0,0.0,0.0,0.0,0.0,0.0,0.0,0.0,0.0,0.0,0.0,1.0,-1.0,0.0003047887396468,1.0,0.0,0.0
MindCave2_1450,0.92,0.0010340213775634,0.000110387802124,1.0,0.0,0.0,1.0,0.0,0.0,0.0,0.0,0.0,0.0,0.0,0.0,0.0,0.0,0.0,0.0,0.0,1.0,0.0,0.0,0.0,0.0,0.0,0.0,1.0,0.1314859497746696,0.0005980577629821,1.0,0.0,0.0
MindCave2_1450,0.92,0.0010035037994384,0.0001149177551269,1.0,0.0,0.0,0.0,1.0,0.0,0.0,1.0,0.0,0.0,0.0,0.0,0.0,0.0,0.0,0.0,0.0,0.0,0.0,0.0,0.0,0.0,0.0,1.0,0.0,0.0,1.970232562650476e-05,0.0,0.0,1.0
MindCave2_1450,0.92,0.0010063648223876,0.0001347064971923,0.0,1.0,0.0,0.0,1.0,0.0,0.0,0.0,0.0,0.0,0.0,0.0,0.0,0.0,0.0,0.0,0.0,1.0,0.0,0.0,0.0,0.0,0.0,1.0,0.0,0.0,6.628598935969688e-05,1.0,0.0,0.0
MindCave2_1450,0.92,0.0010535717010498,0.0001556873321533,1.0,0.0,0.0,0.0,1.0,0.0,0.0,0.0,0.0,0.0,0.0,0.0,0.0,0.0,0.0,0.0,0.0,1.0,0.0,0.0,0.0,0.0,0.0,1.0,0.0,0.0,9.38359060090057e-05,0.0,0.0,1.0
MindCave2_1450,0.92,0.0010833740234375,0.0001246929168701,1.0,0.0,1.0,0.0,0.0,0.0,0.0,0.0,0.0,0.0,0.0,0.0,0.0,0.0,0.0,0.0,0.0,1.0,1.0,0.0,0.0,0.0,0.0,0.0,0.0,0.0,0.0006450955043806,0.0,0.0,1.0
MindCave2_1450,0.92,0.0010044574737548,0.0001115798950195,0.0,1.0,0.0,1.0,0.0,0.0,0.0,0.0,0.0,0.0,0.0,0.0,0.0,0.0,0.0,0.0,0.0,1.0,1.0,0.0,0.0,0.0,0.0,0.0,0.0,0.0,3.272026521032256e-05,0.0,0.0,1.0
MindCave2_1450,0.92,0.0010013580322265,0.0001115798950195,0.0,1.0,0.0,1.0,0.0,0.0,0.0,0.0,0.0,0.0,0.0,0.0,0.0,0.0,0.0,0.0,0.0,1.0,0.0,0.0,0.0,0.0,0.0,0.0,1.0,0.0,2.144499757936676e-05,0.0,0.0,1.0
MindCave2_1450,0.92,0.0010206699371337,0.0001118183135986,0.0,1.0,0.0,0.0,1.0,0.0,0.0,0.0,0.0,0.0,0.0,0.0,0.0,0.0,0.0,0.0,0.0,1.0,1.0,0.0,0.0,0.0,0.0,0.0,0.0,-1.0,1.918587331992879e-05,1.0,0.0,0.0
MindCave2_1450,0.92,0.0009899139404296,0.0001149177551269,1.0,0.0,0.0,1.0,0.0,0.0,0.0,0.0,0.0,0.0,0.0,0.0,0.0,0.0,0.0,0.0,0.0,1.0,1.0,0.0,0.0,0.0,0.0,0.0,0.0,0.0,2.0406060580861827e-05,0.0,0.0,1.0
MindCave2_1450,0.92,0.0011622905731201,0.0001218318939208,1.0,0.0,0.0,1.0,0.0,0.0,0.0,1.0,0.0,0.0,0.0,0.0,0.0,0.0,0.0,0.0,0.0,0.0,0.0,0.0,0.0,0.0,0.0,0.0,1.0,0.0434316470110066,0.0005483378873293,0.0,1.0,0.0
MindCave2_1450,0.92,0.0009381771087646,0.000105857849121,0.0,1.0,0.0,0.0,1.0,0.0,0.0,1.0,0.0,0.0,0.0,0.0,0.0,0.0,0.0,0.0,0.0,0.0,0.0,0.0,0.0,0.0,0.0,1.0,0.0,0.0,0.0001736258769894,0.0,0.0,1.0
MindCave2_1450,0.92,0.000969648361206,0.0001101493835449,0.0,1.0,1.0,0.0,0.0,0.0,0.0,0.0,0.0,0.0,0.0,0.0,0.0,0.0,0.0,0.0,0.0,1.0,0.0,0.0,0.0,0.0,0.0,1.0,0.0,0.0,6.941533005517031e-05,0.0,1.0,0.0
MindCave2_1450,0.92,0.0009896755218505,0.0001122951507568,1.0,0.0,0.0,1.0,0.0,0.0,0.0,0.0,0.0,0.0,0.0,0.0,0.0,0.0,0.0,0.0,0.0,1.0,0.0,0.0,0.0,0.0,0.0,1.0,0.0,0.0,0.000541347094347,0.0,0.0,1.0
MindCave2_1450,0.92,0.0011050701141357,0.0001165866851806,0.0,1.0,0.0,0.0,1.0,0.0,0.0,0.0,0.0,0.0,0.0,0.0,0.0,0.0,0.0,0.0,0.0,1.0,0.0,0.0,0.0,0.0,0.0,0.0,1.0,-1.0,3.9450949502693386e-05,0.0,1.0,0.0
MindCave2_1450,0.92,0.0010106563568115,0.000112771987915,0.0,1.0,0.0,0.0,1.0,0.0,0.0,1.0,0.0,0.0,0.0,0.0,0.0,0.0,0.0,0.0,0.0,0.0,0.0,0.0,0.0,0.0,0.0,0.0,1.0,0.8421969628946171,0.0007173325354766,1.0,0.0,0.0
MindCave2_1450,0.92,0.0009763240814208,0.0001096725463867,1.0,0.0,1.0,0.0,0.0,0.0,0.0,0.0,0.0,0.0,0.0,0.0,0.0,0.0,0.0,0.0,0.0,1.0,0.0,0.0,0.0,0.0,0.0,1.0,0.0,0.0,0.0003293925548668,0.0,0.0,1.0
MindCave2_1450,0.92,0.0009078979492187,0.0001053810119628,0.0,1.0,0.0,1.0,0.0,0.0,0.0,0.0,0.0,0.0,0.0,0.0,0.0,0.0,0.0,0.0,0.0,1.0,0.0,0.0,0.0,0.0,0.0,1.0,0.0,-1.0,1.0994077262230148e-05,1.0,0.0,0.0
PieChart3_1453,0.9209302325581395,0.0049328804016113,0.0001492500305175,1.0,0.0,0.0,0.0,1.0,0.0,0.0,0.0,0.0,0.0,0.0,0.0,0.0,1.0,0.0,0.0,0.0,0.0,1.0,0.0,0.0,0.0,0.0,0.0,0.0,0.0,8.4191139805182e-05,0.0,0.0,1.0
PieChart3_1453,0.9209302325581395,0.0099148750305175,0.0001845359802246,0.0,1.0,0.0,0.0,1.0,0.0,0.0,0.0,0.0,0.0,0.0,0.0,0.0,1.0,0.0,0.0,0.0,0.0,1.0,0.0,0.0,0.0,0.0,0.0,0.0,-1.0,0.0004840986719926,1.0,0.0,0.0
PieChart3_1453,0.9209302325581395,0.0052626132965087,0.0001711845397949,0.0,1.0,1.0,0.0,0.0,0.0,0.0,0.0,0.0,0.0,0.0,0.0,0.0,1.0,0.0,0.0,0.0,0.0,1.0,0.0,0.0,0.0,0.0,0.0,0.0,0.0,6.198530492381411e-05,0.0,1.0,0.0
PieChart3_1453,0.9209302325581395,0.0049912929534912,0.0001745223999023,1.0,0.0,1.0,0.0,0.0,0.0,0.0,0.0,0.0,0.0,0.0,0.0,0.0,1.0,0.0,0.0,0.0,0.0,1.0,0.0,0.0,0.0,0.0,0.0,0.0,0.0,0.0009425132111744,0.0,0.0,1.0
PieChart3_1453,0.9209302325581395,0.0018794536590576,0.0001180171966552,1.0,0.0,0.0,1.0,0.0,0.0,0.0,0.0,0.0,0.0,0.0,0.0,0.0,0.0,0.0,0.0,1.0,0.0,0.0,0.0,0.0,0.0,1.0,0.0,0.0,0.545986123721127,0.0004933679771172,1.0,0.0,0.0
PieChart3_1453,0.9209302325581395,0.0018470287322998,0.0001163482666015,1.0,0.0,0.0,0.0,1.0,0.0,0.0,0.0,0.0,0.0,0.0,0.0,0.0,0.0,0.0,0.0,1.0,0.0,0.0,0.0,0.0,0.0,1.0,0.0,0.0,0.0,0.0003207023974496,0.0,1.0,0.0
PieChart3_1453,0.9209302325581395,0.0019772052764892,0.0001163482666015,0.0,1.0,0.0,0.0,1.0,0.0,0.0,0.0,0.0,0.0,0.0,0.0,0.0,0.0,0.0,0.0,1.0,0.0,0.0,0.0,0.0,0.0,1.0,0.0,0.0,-1.0,1.866445250426975e-05,1.0,0.0,0.0
PieChart3_1453,0.9209302325581395,0.0019152164459228,0.000117540359497,0.0,1.0,1.0,0.0,0.0,0.0,0.0,0.0,0.0,0.0,0.0,0.0,0.0,0.0,0.0,0.0,1.0,0.0,0.0,0.0,0.0,0.0,1.0,0.0,0.0,0.0,1.6433605783827388e-05,0.0,1.0,0.0
PieChart3_1453,0.9209302325581395,0.0063164234161376,0.0001895427703857,1.0,0.0,0.0,1.0,0.0,0.0,0.0,0.0,0.0,0.0,0.0,0.0,0.0,1.0,0.0,0.0,0.0,0.0,1.0,0.0,0.0,0.0,0.0,0.0,0.0,0.0,0.0001915927185866,0.0,1.0,0.0
PieChart3_1453,0.9209302325581395,0.0052540302276611,0.0002171993255615,0.0,1.0,0.0,1.0,0.0,0.0,0.0,0.0,0.0,0.0,0.0,0.0,0.0,1.0,0.0,0.0,0.0,0.0,1.0,0.0,0.0,0.0,0.0,0.0,0.0,0.0,0.0002103054822897,0.0,0.0,1.0
PieChart3_1453,0.9209302325581395,0.0018756389617919,0.0001235008239746,1.0,0.0,1.0,0.0,0.0,0.0,0.0,0.0,0.0,0.0,0.0,0.0,0.0,0.0,0.0,0.0,1.0,0.0,0.0,0.0,0.0,0.0,1.0,0.0,0.0,-1.0,1.972586227491956e-05,1.0,0.0,0.0
PieChart3_1453,0.9209302325581395,0.0018317699432373,0.0001180171966552,0.0,1.0,0.0,1.0,0.0,0.0,0.0,0.0,0.0,0.0,0.0,0.0,0.0,0.0,0.0,0.0,1.0,0.0,0.0,0.0,0.0,0.0,1.0,0.0,0.0,0.0,0.0005104233401351,0.0,0.0,1.0
PieChart3_1453,0.916279069767442,0.0020456314086914,0.0001289844512939,1.0,0.0,1.0,0.0,0.0,0.0,0.0,0.0,0.0,0.0,0.0,0.0,0.0,0.0,0.0,0.0,0.0,1.0,1.0,0.0,0.0,0.0,0.0,0.0,0.0,-1.0,0.0005590638844851,1.0,0.0,0.0
PieChart3_1453,0.916279069767442,0.0021886825561523,0.0001173019409179,0.0,1.0,1.0,0.0,0.0,1.0,0.0,0.0,0.0,0.0,0.0,0.0,0.0,0.0,0.0,0.0,0.0,0.0,0.0,0.0,0.0,0.0,1.0,0.0,0.0,-1.0,6.810569862105663e-05,0.0,1.0,0.0
PieChart3_1453,0.916279069767442,0.005786657333374,0.0001800060272216,1.0,0.0,0.0,0.0,1.0,0.0,0.0,0.0,0.0,0.0,0.0,0.0,0.0,1.0,0.0,0.0,0.0,0.0,0.0,0.0,0.0,0.0,0.0,1.0,0.0,0.0,0.0001642333715212,0.0,1.0,0.0
PieChart3_1453,0.916279069767442,0.0131542682647705,0.0001816749572753,1.0,0.0,1.0,0.0,0.0,0.0,0.0,0.0,0.0,1.0,0.0,0.0,0.0,0.0,0.0,0.0,0.0,0.0,0.0,1.0,0.0,0.0,0.0,0.0,0.0,0.0,0.0001050682532379,0.0,0.0,1.0
PieChart3_1453,0.916279069767442,0.0018565654754638,0.0001218318939208,0.0,1.0,1.0,0.0,0.0,0.0,0.0,1.0,0.0,0.0,0.0,0.0,0.0,0.0,0.0,0.0,0.0,0.0,0.0,0.0,0.0,0.0,0.0,0.0,1.0,0.0,1.1784881008793392e-05,0.0,0.0,1.0
PieChart3_1453,0.916279069767442,0.0017268657684326,0.0001184940338134,0.0,1.0,0.0,0.0,1.0,0.0,0.0,0.0,0.0,0.0,0.0,0.0,0.0,0.0,0.0,0.0,0.0,1.0,0.0,0.0,0.0,0.0,1.0,0.0,0.0,0.0,1.5164465425179048e-05,0.0,0.0,1.0
PieChart3_1453,0.916279069767442,0.0067136287689208,0.000154972076416,1.0,0.0,1.0,0.0,0.0,0.0,0.0,0.0,0.0,0.0,0.0,0.0,0.0,1.0,0.0,0.0,0.0,0.0,0.0,0.0,0.0,0.0,0.0,1.0,0.0,0.0,0.000362704391276,1.0,0.0,0.0
PieChart3_1453,0.916279069767442,0.0023722648620605,0.0001568794250488,0.0,1.0,0.0,0.0,1.0,1.0,0.0,0.0,0.0,0.0,0.0,0.0,0.0,0.0,0.0,0.0,0.0,0.0,0.0,0.0,0.0,0.0,1.0,0.0,0.0,0.0,9.47606346202994e-05,0.0,0.0,1.0
appendicitis_test_edsa_45613,1.0,0.0012221336364746,0.0001261234283447,1.0,0.0,1.0,0.0,0.0,0.0,0.0,1.0,0.0,0.0,0.0,0.0,0.0,0.0,0.0,0.0,0.0,0.0,0.0,0.0,1.0,0.0,0.0,0.0,0.0,0.0,0.00016664915585,0.0,0.0,1.0
appendicitis_test_edsa_45613,1.0,0.0010416507720947,0.0001087188720703,1.0,0.0,0.0,1.0,0.0,0.0,0.0,1.0,0.0,0.0,0.0,0.0,0.0,0.0,0.0,0.0,0.0,0.0,0.0,0.0,1.0,0.0,0.0,0.0,0.0,0.0,0.0001681643724937,0.0,0.0,1.0
appendicitis_test_edsa_45613,1.0,0.0013303756713867,0.0001261234283447,0.0,1.0,0.0,1.0,0.0,0.0,0.0,0.0,0.0,0.0,0.0,1.0,0.0,0.0,0.0,0.0,0.0,0.0,0.0,0.0,0.0,1.0,0.0,0.0,0.0,0.0,5.744331155709182e-05,1.0,0.0,0.0
appendicitis_test_edsa_45613,1.0,0.0013611316680908,0.0001289844512939,0.0,1.0,0.0,1.0,0.0,0.0,0.0,1.0,0.0,0.0,0.0,0.0,0.0,0.0,0.0,0.0,0.0,0.0,0.0,0.0,1.0,0.0,0.0,0.0,0.0,0.1283402716198763,1.1450520802358318e-05,0.0,1.0,0.0
appendicitis_test_edsa_45613,1.0,0.0015342235565185,0.0001246929168701,1.0,0.0,0.0,0.0,1.0,0.0,0.0,0.0,0.0,1.0,0.0,0.0,0.0,0.0,0.0,0.0,0.0,0.0,0.0,0.0,0.0,1.0,0.0,0.0,0.0,0.0,0.0003748170802922,0.0,0.0,1.0
appendicitis_test_edsa_45613,1.0,0.0011584758758544,0.0001320838928222,1.0,0.0,0.0,0.0,1.0,0.0,0.0,0.0,0.0,0.0,0.0,0.0,0.0,1.0,0.0,0.0,0.0,0.0,0.0,0.0,0.0,0.0,1.0,0.0,0.0,0.1873595595490883,8.647291683822915e-05,0.0,1.0,0.0
appendicitis_test_edsa_45613,1.0,0.0021758079528808,0.0001444816589355,1.0,0.0,0.0,0.0,1.0,0.0,0.0,0.0,0.0,0.0,0.0,1.0,0.0,0.0,0.0,0.0,0.0,0.0,0.0,0.0,0.0,0.0,1.0,0.0,0.0,0.0,1.8958929262865872e-05,0.0,0.0,1.0
appendicitis_test_edsa_45613,1.0,0.0013835430145263,0.0001375675201416,1.0,0.0,1.0,0.0,0.0,0.0,0.0,0.0,0.0,0.0,0.0,1.0,0.0,0.0,0.0,0.0,0.0,0.0,0.0,0.0,0.0,0.0,1.0,0.0,0.0,0.0,1.1019210965673085e-05,0.0,0.0,1.0
appendicitis_test_edsa_45613,1.0,0.0011205673217773,0.0001194477081298,0.0,1.0,0.0,0.0,1.0,0.0,0.0,0.0,0.0,0.0,0.0,1.0,0.0,0.0,0.0,0.0,0.0,0.0,0.0,0.0,0.0,1.0,0.0,0.0,0.0,0.0,1.084031643683002e-05,0.0,1.0,0.0
appendicitis_test_edsa_45613,1.0,0.0011868476867675,0.0001380443572998,0.0,1.0,0.0,0.0,1.0,0.0,0.0,0.0,0.0,0.0,0.0,0.0,0.0,0.0,0.0,0.0,0.0,1.0,0.0,0.0,1.0,0.0,0.0,0.0,0.0,0.0,1.1659887349453008e-05,0.0,0.0,1.0
appendicitis_test_edsa_45613,1.0,0.0010876655578613,0.0001096725463867,0.0,1.0,1.0,0.0,0.0,0.0,0.0,0.0,0.0,0.0,0.0,0.0,0.0,1.0,0.0,0.0,0.0,0.0,0.0,0.0,0.0,1.0,0.0,0.0,0.0,0.0,2.041959862118983e-05,0.0,0.0,1.0
appendicitis_test_edsa_45613,1.0,0.0011076927185058,0.0001139640808105,1.0,0.0,1.0,0.0,0.0,0.0,0.0,0.0,0.0,0.0,0.0,0.0,0.0,0.0,0.0,0.0,0.0,1.0,0.0,0.0,1.0,0.0,0.0,0.0,0.0,0.0,2.9035686179556537e-05,0.0,0.0,1.0
appendicitis_test_edsa_45613,1.0,0.0012822151184082,0.0001218318939208,0.0,1.0,0.0,1.0,0.0,0.0,0.0,0.0,0.0,1.0,0.0,0.0,0.0,0.0,0.0,0.0,0.0,0.0,0.0,0.0,0.0,0.0,1.0,0.0,0.0,0.0,3.120950390317013e-05,0.0,0.0,1.0
appendicitis_test_edsa_45613,1.0,0.0013113021850585,0.0001640319824218,0.0,1.0,0.0,1.0,0.0,0.0,0.0,0.0,0.0,1.0,0.0,0.0,0.0,0.0,0.0,0.0,0.0,0.0,0.0,0.0,0.0,1.0,0.0,0.0,0.0,-1.0,0.0001837624061616,1.0,0.0,0.0
appendicitis_test_edsa_45613,1.0,0.0013363361358642,0.0001258850097656,0.0,1.0,0.0,1.0,0.0,0.0,0.0,0.0,0.0,0.0,0.0,0.0,0.0,1.0,0.0,0.0,0.0,0.0,0.0,0.0,0.0,1.0,0.0,0.0,0.0,-1.0,3.041784037656725e-05,1.0,0.0,0.0
appendicitis_test_edsa_45613,1.0,0.0011749267578125,0.0001220703125,1.0,0.0,0.0,1.0,0.0,0.0,0.0,0.0,0.0,0.0,0.0,1.0,0.0,0.0,0.0,0.0,0.0,0.0,0.0,0.0,0.0,0.0,1.0,0.0,0.0,0.0,0.0002227995969826,0.0,0.0,1.0
appendicitis_test_edsa_45613,1.0,0.0012640953063964,0.0001258850097656,1.0,0.0,0.0,1.0,0.0,0.0,1.0,0.0,0.0,0.0,0.0,0.0,0.0,0.0,0.0,0.0,0.0,0.0,0.0,0.0,0.0,0.0,1.0,0.0,0.0,0.9079502335226096,0.00044329721803,0.0,1.0,0.0
appendicitis_test_edsa_45613,1.0,0.00199556350708,0.0002593994140625,0.0,1.0,0.0,0.0,1.0,0.0,0.0,1.0,0.0,0.0,0.0,0.0,0.0,0.0,0.0,0.0,0.0,0.0,0.0,0.0,1.0,0.0,0.0,0.0,0.0,0.0,5.882735901599483e-05,0.0,0.0,1.0
appendicitis_test_edsa_45613,1.0,0.0011284351348876,0.0001163482666015,0.0,1.0,0.0,0.0,1.0,0.0,0.0,0.0,0.0,0.0,0.0,1.0,0.0,0.0,0.0,0.0,0.0,0.0,0.0,0.0,0.0,0.0,1.0,0.0,0.0,-1.0,0.000273342103206,0.0,1.0,0.0
appendicitis_test_edsa_45613,1.0,0.0010857582092285,0.0001800060272216,1.0,0.0,0.0,1.0,0.0,0.0,0.0,0.0,0.0,0.0,0.0,0.0,0.0,1.0,0.0,0.0,0.0,0.0,0.0,0.0,0.0,0.0,1.0,0.0,0.0,-1.0,1.6153119582541182e-05,1.0,0.0,0.0
DiabeticMellitus_41430,1.0,0.0011706352233886,0.0001153945922851,0.0,1.0,1.0,0.0,0.0,0.0,0.0,0.0,0.0,0.0,0.0,0.0,0.0,0.0,0.0,0.0,1.0,0.0,0.0,1.0,0.0,0.0,0.0,0.0,0.0,0.0,4.527398510390851e-05,0.0,0.0,1.0
DiabeticMellitus_41430,1.0,0.0011272430419921,0.0001134872436523,0.0,1.0,1.0,0.0,0.0,0.0,0.0,0.0,0.0,0.0,0.0,0.0,0.0,0.0,0.0,0.0,1.0,0.0,0.0,1.0,0.0,0.0,0.0,0.0,0.0,0.0,0.0002318863999232,0.0,0.0,1.0
DiabeticMellitus_41430,1.0,0.0012900829315185,0.0001263618469238,0.0,1.0,0.0,1.0,0.0,0.0,0.0,0.0,0.0,0.0,1.0,0.0,0.0,0.0,0.0,0.0,0.0,0.0,0.0,0.0,1.0,0.0,0.0,0.0,0.0,0.2246949393120297,0.000730415669565,1.0,0.0,0.0
DiabeticMellitus_41430,1.0,0.0013515949249267,0.0001242160797119,0.0,1.0,1.0,0.0,0.0,0.0,0.0,0.0,0.0,0.0,0.0,0.0,0.0,0.0,0.0,0.0,1.0,0.0,0.0,0.0,0.0,0.0,0.0,0.0,1.0,0.0,0.0001702572693031,0.0,0.0,1.0
DiabeticMellitus_41430,1.0,0.0011367797851562,0.0001130104064941,0.0,1.0,1.0,0.0,0.0,0.0,0.0,0.0,0.0,0.0,0.0,0.0,0.0,0.0,0.0,0.0,1.0,0.0,0.0,0.0,0.0,0.0,0.0,0.0,1.0,0.0,5.3416237125196646e-05,0.0,0.0,1.0
DiabeticMellitus_41430,1.0,0.0011546611785888,0.0001144409179687,0.0,1.0,0.0,1.0,0.0,0.0,0.0,0.0,0.0,0.0,0.0,0.0,0.0,0.0,0.0,0.0,1.0,0.0,0.0,0.0,0.0,1.0,0.0,0.0,0.0,0.0,4.240142239366331e-05,1.0,0.0,0.0
DiabeticMellitus_41430,1.0,0.001185655593872,0.0001182556152343,0.0,1.0,0.0,0.0,1.0,0.0,0.0,0.0,0.0,0.0,0.0,0.0,0.0,0.0,0.0,0.0,1.0,0.0,0.0,1.0,0.0,0.0,0.0,0.0,0.0,-1.0,6.068751069799824e-05,1.0,0.0,0.0
DiabeticMellitus_41430,1.0,0.0011289119720458,0.0001101493835449,0.0,1.0,0.0,1.0,0.0,0.0,0.0,0.0,0.0,0.0,0.0,0.0,0.0,0.0,0.0,0.0,1.0,0.0,1.0,0.0,0.0,0.0,0.0,0.0,0.0,0.0,0.0002022082101038,0.0,0.0,1.0
DiabeticMellitus_41430,1.0,0.0012848377227783,0.0001192092895507,0.0,1.0,0.0,1.0,0.0,1.0,0.0,0.0,0.0,0.0,0.0,0.0,0.0,0.0,0.0,0.0,0.0,0.0,0.0,0.0,0.0,0.0,0.0,0.0,1.0,0.0,4.5079760755296256e-05,0.0,1.0,0.0
DiabeticMellitus_41430,1.0,0.0011703968048095,0.0001146793365478,0.0,1.0,1.0,0.0,0.0,1.0,0.0,0.0,0.0,0.0,0.0,0.0,0.0,0.0,0.0,0.0,0.0,0.0,0.0,1.0,0.0,0.0,0.0,0.0,0.0,0.0,8.709553786543731e-05,0.0,0.0,1.0
DiabeticMellitus_41430,1.0,0.0012257099151611,0.0001451969146728,0.0,1.0,0.0,1.0,0.0,1.0,0.0,0.0,0.0,0.0,0.0,0.0,0.0,0.0,0.0,0.0,0.0,0.0,0.0,0.0,0.0,0.0,0.0,1.0,0.0,0.582545002815486,0.0003296107790726,1.0,0.0,0.0
DiabeticMellitus_41430,1.0,0.0010981559753417,0.0001089572906494,0.0,1.0,0.0,1.0,0.0,0.0,0.0,0.0,0.0,0.0,0.0,0.0,0.0,0.0,0.0,0.0,1.0,0.0,0.0,0.0,1.0,0.0,0.0,0.0,0.0,0.0,2.989215767410295e-05,0.0,0.0,1.0
DiabeticMellitus_41430,1.0,0.0014028549194335,0.0001263618469238,0.0,1.0,1.0,0.0,0.0,1.0,0.0,0.0,0.0,0.0,0.0,0.0,0.0,0.0,0.0,0.0,0.0,0.0,0.0,0.0,0.0,0.0,0.0,0.0,1.0,0.6101256759396899,0.0002710316987054,0.0,1.0,0.0
DiabeticMellitus_41430,1.0,0.0012450218200683,0.0001146793365478,0.0,1.0,0.0,1.0,0.0,1.0,0.0,0.0,0.0,0.0,0.0,0.0,0.0,0.0,0.0,0.0,0.0,0.0,1.0,0.0,0.0,0.0,0.0,0.0,0.0,0.0,0.0003333634425806,0.0,0.0,1.0
DiabeticMellitus_41430,1.0,0.0012016296386718,0.0001220703125,0.0,1.0,0.0,1.0,0.0,0.0,0.0,0.0,0.0,0.0,0.0,0.0,0.0,0.0,0.0,0.0,1.0,0.0,0.0,0.0,0.0,0.0,0.0,1.0,0.0,-1.0,0.0005337641283382,0.0,1.0,0.0
DiabeticMellitus_41430,1.0,0.0012745857238769,0.0001189708709716,0.0,1.0,0.0,0.0,1.0,1.0,0.0,0.0,0.0,0.0,0.0,0.0,0.0,0.0,0.0,0.0,0.0,0.0,0.0,1.0,0.0,0.0,0.0,0.0,0.0,-1.0,1.1161948621074629e-05,0.0,1.0,0.0
DiabeticMellitus_41430,1.0,0.0011756420135498,0.0001170635223388,0.0,1.0,0.0,0.0,1.0,0.0,0.0,0.0,0.0,0.0,0.0,0.0,0.0,0.0,0.0,0.0,1.0,0.0,0.0,1.0,0.0,0.0,0.0,0.0,0.0,0.0,1.6885843627894195e-05,0.0,0.0,1.0
DiabeticMellitus_41430,1.0,0.0010957717895507,0.0001122951507568,0.0,1.0,0.0,1.0,0.0,0.0,0.0,0.0,0.0,0.0,0.0,0.0,0.0,0.0,0.0,0.0,1.0,0.0,1.0,0.0,0.0,0.0,0.0,0.0,0.0,-1.0,0.0008122226661665,1.0,0.0,0.0
DiabeticMellitus_41430,1.0,0.001166820526123,0.0001161098480224,0.0,1.0,0.0,1.0,0.0,0.0,0.0,0.0,0.0,0.0,0.0,0.0,0.0,0.0,0.0,0.0,1.0,0.0,0.0,0.0,0.0,0.0,0.0,1.0,0.0,0.0,1.7846899782579338e-05,0.0,0.0,1.0
DiabeticMellitus_41430,1.0,0.0011103153228759,0.0001156330108642,0.0,1.0,1.0,0.0,0.0,0.0,0.0,0.0,0.0,0.0,1.0,0.0,0.0,0.0,0.0,0.0,0.0,0.0,0.0,0.0,1.0,0.0,0.0,0.0,0.0,0.789144020814126,9.45669132033554e-05,1.0,0.0,0.0
tae_48,0.7741935483870968,0.0312674045562744,0.0001664161682128,0.0,1.0,0.0,0.0,1.0,0.0,0.0,0.0,0.0,0.0,0.0,0.0,0.0,0.0,0.0,1.0,0.0,0.0,0.0,1.0,0.0,0.0,0.0,0.0,0.0,-1.0,2.157242884040417e-05,0.0,1.0,0.0
tae_48,0.7741935483870968,0.0358402729034423,0.0001766681671142,1.0,0.0,1.0,0.0,0.0,0.0,0.0,0.0,0.0,0.0,0.0,0.0,0.0,0.0,0.0,1.0,0.0,0.0,0.0,0.0,0.0,0.0,0.0,0.0,1.0,0.4423939696037861,0.0004205095628697,1.0,0.0,0.0
tae_48,0.7741935483870968,0.0047872066497802,0.0001866817474365,1.0,0.0,0.0,0.0,1.0,0.0,0.0,0.0,0.0,0.0,0.0,0.0,0.0,0.0,0.0,1.0,0.0,0.0,0.0,1.0,0.0,0.0,0.0,0.0,0.0,0.7523440263591392,1.5595759674120968e-05,0.0,1.0,0.0
tae_48,0.7741935483870968,0.0269274711608886,0.00016450881958,0.0,1.0,0.0,0.0,1.0,0.0,0.0,0.0,0.0,0.0,0.0,0.0,0.0,0.0,0.0,1.0,0.0,0.0,0.0,0.0,0.0,0.0,0.0,0.0,1.0,0.0,1.4833158859198496e-05,0.0,0.0,1.0
tae_48,0.7741935483870968,0.0042846202850341,0.0001366138458251,0.0,1.0,1.0,0.0,0.0,0.0,0.0,0.0,0.0,0.0,0.0,0.0,0.0,0.0,0.0,1.0,0.0,0.0,0.0,1.0,0.0,0.0,0.0,0.0,0.0,0.0,0.0001021895493099,0.0,0.0,1.0
tae_48,0.7741935483870968,0.0085053443908691,0.0001759529113769,0.0,1.0,0.0,1.0,0.0,0.0,0.0,0.0,0.0,0.0,0.0,0.0,0.0,0.0,0.0,1.0,0.0,0.0,0.0,0.0,0.0,0.0,0.0,0.0,1.0,0.0001803027608808,2.9947369106689108e-05,0.0,1.0,0.0
tae_48,0.7741935483870968,0.0047330856323242,0.0001599788665771,1.0,0.0,0.0,1.0,0.0,0.0,0.0,0.0,0.0,0.0,0.0,0.0,0.0,0.0,0.0,1.0,0.0,0.0,0.0,1.0,0.0,0.0,0.0,0.0,0.0,0.0,0.0002104322426039,0.0,0.0,1.0
tae_48,0.7741935483870968,0.0485048294067382,0.0001766681671142,0.0,1.0,0.0,1.0,0.0,0.0,0.0,0.0,0.0,0.0,0.0,0.0,0.0,0.0,0.0,1.0,0.0,0.0,0.0,1.0,0.0,0.0,0.0,0.0,0.0,0.0,0.0002342044545306,0.0,0.0,1.0
tae_48,0.7741935483870968,0.0041654109954833,0.0001423358917236,1.0,0.0,0.0,0.0,1.0,0.0,0.0,0.0,0.0,0.0,0.0,0.0,0.0,0.0,0.0,1.0,0.0,0.0,0.0,0.0,0.0,0.0,0.0,0.0,1.0,0.0,0.0001486268189345,0.0,0.0,1.0
tae_48,0.7741935483870968,0.0389912128448486,0.0002205371856689,1.0,0.0,1.0,0.0,0.0,0.0,0.0,0.0,0.0,0.0,0.0,0.0,0.0,0.0,0.0,1.0,0.0,0.0,0.0,1.0,0.0,0.0,0.0,0.0,0.0,-1.0,0.0004669483484959,1.0,0.0,0.0
tae_48,0.7741935483870968,0.038539171218872,0.0002472400665283,0.0,1.0,1.0,0.0,0.0,0.0,0.0,0.0,0.0,0.0,0.0,0.0,0.0,0.0,0.0,1.0,0.0,0.0,0.0,0.0,0.0,0.0,0.0,0.0,1.0,0.0,0.0002481432712566,1.0,0.0,0.0
tae_48,0.7741935483870968,0.0049078464508056,0.000138521194458,1.0,0.0,0.0,1.0,0.0,0.0,0.0,0.0,0.0,0.0,0.0,0.0,0.0,0.0,0.0,1.0,0.0,0.0,0.0,0.0,0.0,0.0,0.0,0.0,1.0,0.0,2.3715576167275327e-05,0.0,0.0,1.0
tae_48,0.7419354838709677,0.045943260192871,0.0001964569091796,1.0,0.0,1.0,0.0,0.0,0.0,0.0,0.0,0.0,0.0,0.0,0.0,0.0,0.0,0.0,1.0,0.0,0.0,0.0,0.0,0.0,0.0,0.0,1.0,0.0,0.0,1.434877575747016e-05,0.0,0.0,1.0
tae_48,0.7419354838709677,0.0788447856903076,0.0002214908599853,1.0,0.0,1.0,0.0,0.0,0.0,0.0,0.0,0.0,0.0,0.0,0.0,1.0,0.0,0.0,0.0,0.0,0.0,0.0,0.0,0.0,0.0,0.0,1.0,0.0,0.0,0.0003129863046854,0.0,1.0,0.0
tae_48,0.7419354838709677,0.0040898323059082,0.0001449584960937,1.0,0.0,0.0,1.0,0.0,0.0,0.0,0.0,0.0,0.0,0.0,0.0,0.0,0.0,0.0,1.0,0.0,0.0,0.0,0.0,0.0,0.0,0.0,1.0,0.0,0.0,0.0003020251154302,0.0,0.0,1.0
tae_48,0.7419354838709677,0.0334434509277343,0.0001652240753173,1.0,0.0,0.0,1.0,0.0,0.0,0.0,0.0,0.0,0.0,0.0,0.0,1.0,0.0,0.0,0.0,0.0,0.0,0.0,0.0,0.0,0.0,0.0,1.0,0.0,0.5902095342892003,0.0005019329801032,0.0,1.0,0.0
tae_48,0.7419354838709677,0.1510391235351562,0.0001945495605468,0.0,1.0,0.0,1.0,0.0,0.0,0.0,0.0,0.0,0.0,0.0,0.0,0.0,0.0,0.0,1.0,0.0,0.0,0.0,0.0,0.0,1.0,0.0,0.0,0.0,0.0,2.539168167269897e-05,0.0,0.0,1.0
tae_48,0.7419354838709677,0.0040664672851562,0.0001413822174072,0.0,1.0,1.0,0.0,0.0,0.0,0.0,0.0,0.0,0.0,0.0,0.0,0.0,0.0,0.0,1.0,0.0,0.0,0.0,0.0,0.0,0.0,0.0,1.0,0.0,0.0,2.794447261531893e-05,0.0,0.0,1.0
tae_48,0.7419354838709677,0.0790183544158935,0.0002081394195556,0.0,1.0,1.0,0.0,0.0,0.0,0.0,0.0,0.0,0.0,0.0,0.0,1.0,0.0,0.0,0.0,0.0,0.0,0.0,0.0,0.0,0.0,0.0,1.0,0.0,0.0,0.000142345084876,0.0,0.0,1.0
tae_48,0.7419354838709677,0.0099298954010009,0.0001864433288574,1.0,0.0,0.0,0.0,1.0,0.0,0.0,0.0,0.0,0.0,0.0,0.0,1.0,0.0,0.0,0.0,0.0,0.0,0.0,0.0,0.0,0.0,0.0,1.0,0.0,0.0,2.04756943477444e-05,0.0,0.0,1.0
fri_c1_500_50_766,0.83,0.0013999938964843,0.000119924545288,1.0,0.0,1.0,0.0,0.0,0.0,0.0,1.0,0.0,0.0,0.0,0.0,0.0,0.0,0.0,0.0,0.0,0.0,0.0,0.0,1.0,0.0,0.0,0.0,0.0,0.0,3.914493784854413e-05,0.0,0.0,1.0
fri_c1_500_50_766,0.83,0.0013535022735595,0.000115156173706,0.0,1.0,0.0,0.0,1.0,0.0,0.0,1.0,0.0,0.0,0.0,0.0,0.0,0.0,0.0,0.0,0.0,0.0,0.0,0.0,0.0,0.0,1.0,0.0,0.0,0.0,0.0004215619186536,1.0,0.0,0.0
fri_c1_500_50_766,0.83,0.0013740062713623,0.0001161098480224,0.0,1.0,0.0,1.0,0.0,0.0,0.0,1.0,0.0,0.0,0.0,0.0,0.0,0.0,0.0,0.0,0.0,0.0,0.0,0.0,0.0,0.0,1.0,0.0,0.0,-1.0,4.660413364800044e-05,0.0,1.0,0.0
fri_c1_500_50_766,0.83,0.0014047622680664,0.0001180171966552,1.0,0.0,0.0,1.0,0.0,0.0,0.0,1.0,0.0,0.0,0.0,0.0,0.0,0.0,0.0,0.0,0.0,0.0,0.0,0.0,1.0,0.0,0.0,0.0,0.0,0.0,1.0535555526203116e-05,0.0,0.0,1.0
fri_c1_500_50_766,0.83,0.0014796257019042,0.0001246929168701,0.0,1.0,0.0,1.0,0.0,0.0,0.0,1.0,0.0,0.0,0.0,0.0,0.0,0.0,0.0,0.0,0.0,0.0,1.0,0.0,0.0,0.0,0.0,0.0,0.0,0.0,0.0002002869485552,0.0,0.0,1.0
fri_c1_500_50_766,0.83,0.0013489723205566,0.0001361370086669,0.0,1.0,1.0,0.0,0.0,0.0,0.0,1.0,0.0,0.0,0.0,0.0,0.0,0.0,0.0,0.0,0.0,0.0,0.0,0.0,0.0,0.0,1.0,0.0,0.0,0.0,2.2970601147576195e-05,0.0,0.0,1.0
fri_c1_500_50_766,0.83,0.001354694366455,0.0001144409179687,1.0,0.0,0.0,1.0,0.0,0.0,0.0,1.0,0.0,0.0,0.0,0.0,0.0,0.0,0.0,0.0,0.0,0.0,0.0,0.0,0.0,0.0,1.0,0.0,0.0,0.4108863736185189,2.464136694358581e-05,0.0,1.0,0.0
fri_c1_500_50_766,0.83,0.0014815330505371,0.0001282691955566,1.0,0.0,1.0,0.0,0.0,0.0,0.0,1.0,0.0,0.0,0.0,0.0,0.0,0.0,0.0,0.0,0.0,0.0,1.0,0.0,0.0,0.0,0.0,0.0,0.0,-1.0,1.0790939392624417e-05,1.0,0.0,0.0
fri_c1_500_50_766,0.83,0.0013923645019531,0.0001165866851806,0.0,1.0,1.0,0.0,0.0,0.0,0.0,1.0,0.0,0.0,0.0,0.0,0.0,0.0,0.0,0.0,0.0,0.0,0.0,0.0,1.0,0.0,0.0,0.0,0.0,0.0,0.0001432399222074,0.0,0.0,1.0
fri_c1_500_50_766,0.83,0.0014071464538574,0.0001184940338134,1.0,0.0,0.0,1.0,0.0,0.0,0.0,1.0,0.0,0.0,0.0,0.0,0.0,0.0,0.0,0.0,0.0,0.0,1.0,0.0,0.0,0.0,0.0,0.0,0.0,0.0,0.0001329867164034,0.0,0.0,1.0
fri_c1_500_50_766,0.83,0.0015456676483154,0.0001173019409179,1.0,0.0,1.0,0.0,0.0,0.0,0.0,1.0,0.0,0.0,0.0,0.0,0.0,0.0,0.0,0.0,0.0,0.0,0.0,0.0,0.0,0.0,1.0,0.0,0.0,0.0,1.5590924486521125e-05,0.0,0.0,1.0
fri_c1_500_50_766,0.83,0.0013492107391357,0.000115156173706,0.0,1.0,0.0,1.0,0.0,0.0,0.0,1.0,0.0,0.0,0.0,0.0,0.0,0.0,0.0,0.0,0.0,0.0,0.0,0.0,1.0,0.0,0.0,0.0,0.0,0.0,1.2614245460148514e-05,0.0,0.0,1.0
fri_c1_500_50_766,0.83,0.0013847351074218,0.0001211166381835,0.0,1.0,0.0,0.0,1.0,0.0,0.0,1.0,0.0,0.0,0.0,0.0,0.0,0.0,0.0,0.0,0.0,0.0,0.0,0.0,1.0,0.0,0.0,0.0,0.0,0.0,9.58676646879464e-05,0.0,0.0,1.0
fri_c1_500_50_766,0.83,0.0014638900756835,0.000115156173706,1.0,0.0,0.0,0.0,1.0,0.0,0.0,1.0,0.0,0.0,0.0,0.0,0.0,0.0,0.0,0.0,0.0,0.0,0.0,0.0,1.0,0.0,0.0,0.0,0.0,0.9941088870662766,0.0003652421033432,0.0,1.0,0.0
fri_c1_500_50_766,0.83,0.0013103485107421,0.0001156330108642,1.0,0.0,0.0,0.0,1.0,0.0,0.0,1.0,0.0,0.0,0.0,0.0,0.0,0.0,0.0,0.0,0.0,0.0,0.0,0.0,0.0,0.0,1.0,0.0,0.0,-1.0,0.0008081357940592,1.0,0.0,0.0
fri_c1_500_50_766,0.83,0.001500129699707,0.0001242160797119,1.0,0.0,0.0,0.0,1.0,0.0,0.0,1.0,0.0,0.0,0.0,0.0,0.0,0.0,0.0,0.0,0.0,0.0,1.0,0.0,0.0,0.0,0.0,0.0,0.0,0.4878630378984047,1.4135397087968922e-05,1.0,0.0,0.0
fri_c1_500_50_766,0.83,0.0014815330505371,0.0001296997070312,0.0,1.0,0.0,0.0,1.0,0.0,0.0,1.0,0.0,0.0,0.0,0.0,0.0,0.0,0.0,0.0,0.0,0.0,1.0,0.0,0.0,0.0,0.0,0.0,0.0,-1.0,0.0002608219315755,1.0,0.0,0.0
fri_c1_500_50_766,0.83,0.0013551712036132,0.0001173019409179,0.0,1.0,1.0,0.0,0.0,0.0,0.0,1.0,0.0,0.0,0.0,0.0,0.0,0.0,0.0,0.0,0.0,0.0,1.0,0.0,0.0,0.0,0.0,0.0,0.0,0.0,2.4148708978012684e-05,0.0,0.0,1.0
fri_c1_500_50_766,0.82,0.0013236999511718,0.0001177787780761,1.0,0.0,1.0,0.0,0.0,0.0,0.0,1.0,0.0,0.0,0.0,0.0,0.0,0.0,0.0,0.0,0.0,0.0,0.0,0.0,0.0,1.0,0.0,0.0,0.0,0.7427540494951265,1.1693691726990704e-05,0.0,1.0,0.0
fri_c1_500_50_766,0.82,0.0014524459838867,0.0001277923583984,0.0,1.0,0.0,0.0,1.0,0.0,0.0,1.0,0.0,0.0,0.0,0.0,0.0,0.0,0.0,0.0,0.0,0.0,0.0,1.0,0.0,0.0,0.0,0.0,0.0,0.5114411749518679,4.672429584064847e-05,1.0,0.0,0.0
tokyo1_40705,0.953125,0.0046238899230957,0.0001461505889892,1.0,0.0,0.0,1.0,0.0,0.0,0.0,0.0,0.0,0.0,0.0,1.0,0.0,0.0,0.0,0.0,0.0,0.0,0.0,0.0,0.0,0.0,0.0,0.0,1.0,0.0,0.0001405279304414,0.0,0.0,1.0
tokyo1_40705,0.953125,0.0740683078765869,0.0001966953277587,1.0,0.0,0.0,0.0,1.0,0.0,0.0,0.0,0.0,0.0,0.0,0.0,0.0,1.0,0.0,0.0,0.0,0.0,0.0,0.0,0.0,0.0,0.0,1.0,0.0,-1.0,0.000159479193004,1.0,0.0,0.0
tokyo1_40705,0.953125,0.0041639804840087,0.0001420974731445,0.0,1.0,1.0,0.0,0.0,0.0,0.0,0.0,0.0,0.0,0.0,1.0,0.0,0.0,0.0,0.0,0.0,0.0,0.0,0.0,0.0,1.0,0.0,0.0,0.0,0.0,1.254307009784245e-05,0.0,0.0,1.0
tokyo1_40705,0.953125,0.0197310447692871,0.0002307891845703,1.0,0.0,1.0,0.0,0.0,0.0,0.0,0.0,0.0,0.0,0.0,0.0,0.0,1.0,0.0,0.0,0.0,0.0,0.0,1.0,0.0,0.0,0.0,0.0,0.0,-1.0,0.0007171239799305,1.0,0.0,0.0
tokyo1_40705,0.953125,0.0725336074829101,0.0002014636993408,1.0,0.0,0.0,1.0,0.0,0.0,0.0,0.0,0.0,0.0,0.0,0.0,0.0,1.0,0.0,0.0,0.0,0.0,0.0,1.0,0.0,0.0,0.0,0.0,0.0,0.0,1.2858103735521596e-05,0.0,0.0,1.0
tokyo1_40705,0.953125,0.104924201965332,0.0001928806304931,1.0,0.0,0.0,0.0,1.0,0.0,0.0,0.0,0.0,0.0,0.0,0.0,1.0,0.0,0.0,0.0,0.0,0.0,1.0,0.0,0.0,0.0,0.0,0.0,0.0,0.0,2.7188405764141685e-05,0.0,0.0,1.0
tokyo1_40705,0.953125,0.0098445415496826,0.0001666545867919,0.0,1.0,0.0,1.0,0.0,0.0,0.0,0.0,0.0,0.0,0.0,0.0,0.0,1.0,0.0,0.0,0.0,0.0,0.0,0.0,0.0,0.0,0.0,1.0,0.0,0.0,7.328402685875862e-05,0.0,0.0,1.0
tokyo1_40705,0.953125,0.0041534900665283,0.00014328956604,1.0,0.0,1.0,0.0,0.0,0.0,0.0,0.0,0.0,0.0,0.0,1.0,0.0,0.0,0.0,0.0,0.0,0.0,0.0,0.0,0.0,0.0,0.0,0.0,1.0,0.0,0.0007785825802788,0.0,0.0,1.0
tokyo1_40705,0.953125,0.0811877250671386,0.0002038478851318,0.0,1.0,0.0,0.0,1.0,0.0,0.0,0.0,0.0,0.0,0.0,0.0,1.0,0.0,0.0,0.0,0.0,0.0,0.0,0.0,0.0,0.0,1.0,0.0,0.0,0.4919351256644654,0.0009604282653342,1.0,0.0,0.0
tokyo1_40705,0.953125,0.008617877960205,0.000185489654541,1.0,0.0,0.0,0.0,1.0,0.0,1.0,0.0,0.0,0.0,0.0,0.0,0.0,0.0,0.0,0.0,0.0,0.0,0.0,0.0,0.0,0.0,0.0,1.0,0.0,0.0,1.0016212660596146e-05,0.0,0.0,1.0
tokyo1_40705,0.953125,0.0746846199035644,0.0001919269561767,1.0,0.0,0.0,0.0,1.0,0.0,0.0,0.0,0.0,1.0,0.0,0.0,0.0,0.0,0.0,0.0,0.0,0.0,1.0,0.0,0.0,0.0,0.0,0.0,0.0,-1.0,2.8121045342997115e-05,1.0,0.0,0.0
tokyo1_40705,0.953125,0.0047509670257568,0.000176191329956,0.0,1.0,1.0,0.0,0.0,0.0,0.0,0.0,0.0,0.0,0.0,1.0,0.0,0.0,0.0,0.0,0.0,0.0,0.0,0.0,0.0,0.0,0.0,0.0,1.0,-1.0,0.000100623883056,1.0,0.0,0.0
tokyo1_40705,0.953125,0.0045619010925292,0.0001535415649414,1.0,0.0,0.0,0.0,1.0,0.0,0.0,0.0,0.0,0.0,0.0,1.0,0.0,0.0,0.0,0.0,0.0,0.0,0.0,0.0,0.0,0.0,0.0,1.0,0.0,0.0,0.0002447886113441,1.0,0.0,0.0
tokyo1_40705,0.953125,0.0131120681762695,0.0002360343933105,0.0,1.0,0.0,1.0,0.0,0.0,1.0,0.0,0.0,0.0,0.0,0.0,0.0,0.0,0.0,0.0,0.0,0.0,0.0,0.0,0.0,0.0,0.0,1.0,0.0,-1.0,0.0002058223516431,1.0,0.0,0.0
tokyo1_40705,0.953125,0.01737642288208,0.000197410583496,0.0,1.0,0.0,0.0,1.0,0.0,0.0,0.0,0.0,1.0,0.0,0.0,0.0,0.0,0.0,0.0,0.0,0.0,0.0,0.0,0.0,0.0,0.0,0.0,1.0,0.0,3.184356680870369e-05,1.0,0.0,0.0
tokyo1_40705,0.953125,0.0753612518310546,0.000180959701538,0.0,1.0,0.0,1.0,0.0,0.0,0.0,0.0,0.0,1.0,0.0,0.0,0.0,0.0,0.0,0.0,0.0,0.0,1.0,0.0,0.0,0.0,0.0,0.0,0.0,0.0,2.4832887368637387e-05,0.0,0.0,1.0
tokyo1_40705,0.953125,0.0043356418609619,0.0001440048217773,0.0,1.0,0.0,1.0,0.0,0.0,0.0,0.0,0.0,0.0,0.0,1.0,0.0,0.0,0.0,0.0,0.0,0.0,0.0,0.0,0.0,0.0,0.0,1.0,0.0,0.0,1.0679423324068034e-05,1.0,0.0,0.0
tokyo1_40705,0.953125,0.013709545135498,0.0001699924468994,1.0,0.0,1.0,0.0,0.0,0.0,0.0,0.0,0.0,0.0,0.0,0.0,0.0,1.0,0.0,0.0,0.0,0.0,0.0,0.0,0.0,0.0,0.0,0.0,1.0,0.0,0.0004849754717111,0.0,0.0,1.0
tokyo1_40705,0.953125,0.00396728515625,0.0001401901245117,1.0,0.0,1.0,0.0,0.0,0.0,0.0,0.0,0.0,0.0,0.0,1.0,0.0,0.0,0.0,0.0,0.0,0.0,1.0,0.0,0.0,0.0,0.0,0.0,0.0,0.0,5.7226086673205496e-05,0.0,0.0,1.0
tokyo1_40705,0.953125,0.0151879787445068,0.0001435279846191,1.0,0.0,0.0,0.0,1.0,0.0,0.0,0.0,0.0,1.0,0.0,0.0,0.0,0.0,0.0,0.0,0.0,0.0,0.0,0.0,0.0,0.0,0.0,0.0,1.0,0.0,0.0005354039663609,0.0,0.0,1.0
schizo_466,0.9411764705882352,0.0644574165344238,0.000213623046875,0.0,1.0,0.0,0.0,1.0,0.0,0.0,0.0,0.0,0.0,0.0,0.0,1.0,0.0,0.0,0.0,0.0,0.0,0.0,1.0,0.0,0.0,0.0,0.0,0.0,0.0,4.440295722840603e-05,0.0,1.0,0.0
schizo_466,0.9411764705882352,0.0894587039947509,0.0002083778381347,0.0,1.0,0.0,1.0,0.0,0.0,0.0,0.0,0.0,0.0,0.0,0.0,1.0,0.0,0.0,0.0,0.0,0.0,0.0,1.0,0.0,0.0,0.0,0.0,0.0,0.0,0.0003251393824076,0.0,0.0,1.0
schizo_466,0.8970588235294118,0.0765857696533203,0.0002055168151855,0.0,1.0,0.0,0.0,1.0,0.0,0.0,0.0,0.0,0.0,0.0,0.0,1.0,0.0,0.0,0.0,0.0,0.0,0.0,1.0,0.0,0.0,0.0,0.0,0.0,0.0,1.3782313380076752e-05,0.0,0.0,1.0
schizo_466,0.8823529411764706,0.0174088478088378,0.0001711845397949,0.0,1.0,0.0,0.0,1.0,0.0,0.0,0.0,0.0,0.0,0.0,0.0,1.0,0.0,0.0,0.0,0.0,0.0,0.0,1.0,0.0,0.0,0.0,0.0,0.0,-1.0,0.000419644469586,0.0,1.0,0.0
schizo_466,0.8823529411764706,0.1081387996673584,0.000209093093872,0.0,1.0,0.0,1.0,0.0,0.0,0.0,0.0,0.0,0.0,0.0,0.0,1.0,0.0,0.0,0.0,0.0,0.0,0.0,1.0,0.0,0.0,0.0,0.0,0.0,0.0,0.0006053753037488,0.0,0.0,1.0
schizo_466,0.8676470588235294,0.1723337173461914,0.0002081394195556,0.0,1.0,0.0,1.0,0.0,0.0,0.0,0.0,0.0,0.0,0.0,0.0,1.0,0.0,0.0,0.0,0.0,0.0,0.0,1.0,0.0,0.0,0.0,0.0,0.0,0.0,3.386574872985158e-05,0.0,0.0,1.0
schizo_466,0.8676470588235294,0.1351613998413086,0.0002100467681884,0.0,1.0,0.0,1.0,0.0,0.0,0.0,0.0,0.0,0.0,0.0,0.0,1.0,0.0,0.0,0.0,0.0,0.0,0.0,1.0,0.0,0.0,0.0,0.0,0.0,-1.0,1.9218960912916668e-05,0.0,1.0,0.0
schizo_466,0.8529411764705882,0.0201330184936523,0.0001707077026367,0.0,1.0,0.0,0.0,1.0,0.0,0.0,0.0,0.0,0.0,0.0,0.0,1.0,0.0,0.0,0.0,0.0,0.0,0.0,1.0,0.0,0.0,0.0,0.0,0.0,0.0,2.4676848916975743e-05,0.0,0.0,1.0
schizo_466,0.8088235294117647,0.0167405605316162,0.0002057552337646,0.0,1.0,0.0,0.0,1.0,0.0,0.0,0.0,0.0,0.0,0.0,0.0,1.0,0.0,0.0,0.0,0.0,0.0,0.0,1.0,0.0,0.0,0.0,0.0,0.0,-1.0,0.0005439628692657,0.0,1.0,0.0
schizo_466,0.7794117647058824,0.2846152782440185,0.0002000331878662,0.0,1.0,0.0,1.0,0.0,0.0,0.0,0.0,0.0,0.0,0.0,0.0,1.0,0.0,0.0,0.0,0.0,0.0,0.0,1.0,0.0,0.0,0.0,0.0,0.0,0.0,3.736039702558785e-05,0.0,1.0,0.0
schizo_466,0.7205882352941176,0.0981614589691162,0.0002129077911376,0.0,1.0,0.0,1.0,0.0,0.0,0.0,0.0,0.0,0.0,0.0,0.0,0.0,0.0,0.0,1.0,0.0,0.0,0.0,1.0,0.0,0.0,0.0,0.0,0.0,-1.0,2.9020774400018334e-05,1.0,0.0,0.0
schizo_466,0.7058823529411765,0.0076878070831298,0.0001580715179443,0.0,1.0,0.0,1.0,0.0,0.0,0.0,0.0,0.0,0.0,0.0,0.0,0.0,0.0,0.0,1.0,0.0,0.0,0.0,1.0,0.0,0.0,0.0,0.0,0.0,-1.0,0.0009073317811764,1.0,0.0,0.0
schizo_466,0.7058823529411765,0.0520050525665283,0.0001850128173828,0.0,1.0,0.0,0.0,1.0,0.0,0.0,0.0,0.0,0.0,0.0,0.0,1.0,0.0,0.0,0.0,0.0,0.0,1.0,0.0,0.0,0.0,0.0,0.0,0.0,0.0,0.0002187873598851,0.0,0.0,1.0
schizo_466,0.6911764705882353,0.2239317893981933,0.0002050399780273,0.0,1.0,0.0,1.0,0.0,0.0,0.0,0.0,0.0,0.0,0.0,0.0,1.0,0.0,0.0,0.0,0.0,0.0,0.0,0.0,0.0,0.0,1.0,0.0,0.0,0.0,0.0004617959139555,0.0,0.0,1.0
schizo_466,0.6911764705882353,0.009653091430664,0.0001802444458007,0.0,1.0,0.0,0.0,1.0,0.0,0.0,0.0,0.0,0.0,0.0,0.0,0.0,0.0,1.0,0.0,0.0,0.0,0.0,0.0,0.0,1.0,0.0,0.0,0.0,-1.0,0.0003119674027316,1.0,0.0,0.0
schizo_466,0.6911764705882353,0.0093848705291748,0.0001847743988037,0.0,1.0,0.0,1.0,0.0,0.0,0.0,0.0,0.0,0.0,0.0,0.0,0.0,0.0,0.0,1.0,0.0,0.0,0.0,1.0,0.0,0.0,0.0,0.0,0.0,-1.0,5.597928228850503e-05,0.0,1.0,0.0
schizo_466,0.6911764705882353,0.0785341262817382,0.0002036094665527,0.0,1.0,0.0,0.0,1.0,0.0,0.0,0.0,0.0,0.0,0.0,0.0,1.0,0.0,0.0,0.0,0.0,0.0,0.0,0.0,0.0,0.0,1.0,0.0,0.0,0.930965603096444,0.0005314871505121,1.0,0.0,0.0
schizo_466,0.6911764705882353,0.0075671672821044,0.0001652240753173,0.0,1.0,0.0,0.0,1.0,0.0,0.0,0.0,0.0,0.0,0.0,0.0,0.0,0.0,0.0,1.0,0.0,0.0,0.0,1.0,0.0,0.0,0.0,0.0,0.0,0.1468965341614445,0.0001500852924498,0.0,1.0,0.0
schizo_466,0.6911764705882353,0.0013656616210937,0.0001225471496582,0.0,1.0,0.0,0.0,1.0,0.0,0.0,0.0,0.0,0.0,0.0,0.0,0.0,0.0,0.0,0.0,0.0,1.0,0.0,0.0,0.0,0.0,1.0,0.0,0.0,0.0,0.0002064396881583,1.0,0.0,0.0
schizo_466,0.6764705882352942,0.0012264251708984,0.0001213550567626,0.0,1.0,0.0,0.0,1.0,0.0,0.0,0.0,0.0,0.0,1.0,0.0,0.0,0.0,0.0,0.0,0.0,0.0,0.0,0.0,0.0,0.0,0.0,0.0,1.0,0.0,4.4890674181062965e-05,0.0,0.0,1.0
glass_1005,0.9285714285714286,0.0052332878112792,0.0001530647277832,1.0,0.0,1.0,0.0,0.0,0.0,0.0,0.0,0.0,0.0,0.0,0.0,0.0,0.0,0.0,1.0,0.0,0.0,1.0,0.0,0.0,0.0,0.0,0.0,0.0,0.110957229487222,0.0009169122286906,0.0,1.0,0.0
glass_1005,0.9285714285714286,0.0048534870147705,0.0001387596130371,0.0,1.0,1.0,0.0,0.0,0.0,0.0,0.0,0.0,0.0,0.0,0.0,0.0,0.0,0.0,1.0,0.0,0.0,1.0,0.0,0.0,0.0,0.0,0.0,0.0,0.0,0.0005119219492139,1.0,0.0,0.0
glass_1005,0.9285714285714286,0.0051147937774658,0.0001423358917236,1.0,0.0,0.0,0.0,1.0,0.0,0.0,0.0,0.0,0.0,0.0,0.0,0.0,0.0,0.0,1.0,0.0,0.0,1.0,0.0,0.0,0.0,0.0,0.0,0.0,0.0,1.978011750690915e-05,0.0,0.0,1.0
glass_1005,0.9285714285714286,0.0050330162048339,0.0001411437988281,0.0,1.0,0.0,1.0,0.0,0.0,0.0,0.0,0.0,0.0,0.0,0.0,0.0,0.0,0.0,1.0,0.0,0.0,1.0,0.0,0.0,0.0,0.0,0.0,0.0,0.0,2.5571386650520164e-05,0.0,0.0,1.0
glass_1005,0.9285714285714286,0.0050098896026611,0.0001688003540039,0.0,1.0,0.0,0.0,1.0,0.0,0.0,0.0,0.0,0.0,0.0,0.0,0.0,0.0,0.0,1.0,0.0,0.0,1.0,0.0,0.0,0.0,0.0,0.0,0.0,-1.0,0.0003141719487488,0.0,1.0,0.0
glass_1005,0.9285714285714286,0.0050837993621826,0.00014328956604,1.0,0.0,0.0,1.0,0.0,0.0,0.0,0.0,0.0,0.0,0.0,0.0,0.0,0.0,0.0,1.0,0.0,0.0,1.0,0.0,0.0,0.0,0.0,0.0,0.0,0.1155083384233391,1.1259096238881712e-05,1.0,0.0,0.0
glass_1005,0.8809523809523809,0.0054130554199218,0.0001399517059326,1.0,0.0,0.0,1.0,0.0,0.0,0.0,0.0,0.0,0.0,0.0,0.0,0.0,0.0,0.0,1.0,0.0,0.0,0.0,1.0,0.0,0.0,0.0,0.0,0.0,-1.0,4.68706366458298e-05,1.0,0.0,0.0
glass_1005,0.8809523809523809,0.067551851272583,0.0002074241638183,0.0,1.0,0.0,1.0,0.0,0.0,0.0,0.0,0.0,0.0,0.0,0.0,1.0,0.0,0.0,0.0,0.0,0.0,1.0,0.0,0.0,0.0,0.0,0.0,0.0,-1.0,0.0001161547738432,0.0,1.0,0.0
glass_1005,0.8809523809523809,0.01873779296875,0.0001864433288574,0.0,1.0,1.0,0.0,0.0,0.0,0.0,0.0,0.0,0.0,0.0,0.0,1.0,0.0,0.0,0.0,0.0,0.0,1.0,0.0,0.0,0.0,0.0,0.0,0.0,-1.0,2.569343624594968e-05,0.0,1.0,0.0
glass_1005,0.8809523809523809,0.0051643848419189,0.000145673751831,1.0,0.0,0.0,0.0,1.0,0.0,0.0,0.0,0.0,0.0,0.0,0.0,0.0,0.0,0.0,1.0,0.0,0.0,0.0,1.0,0.0,0.0,0.0,0.0,0.0,-1.0,0.0005575736669495,1.0,0.0,0.0
glass_1005,0.8809523809523809,0.0052599906921386,0.0001556873321533,0.0,1.0,0.0,0.0,1.0,0.0,0.0,0.0,0.0,0.0,0.0,0.0,0.0,0.0,0.0,1.0,0.0,0.0,0.0,1.0,0.0,0.0,0.0,0.0,0.0,0.0,0.0006005322127514,0.0,0.0,1.0
glass_1005,0.8809523809523809,0.0756058692932128,0.0001897811889648,1.0,0.0,1.0,0.0,0.0,0.0,0.0,0.0,0.0,0.0,0.0,0.0,1.0,0.0,0.0,0.0,0.0,0.0,1.0,0.0,0.0,0.0,0.0,0.0,0.0,0.0,0.0008197705161235,1.0,0.0,0.0
glass_1005,0.8809523809523809,0.0051705837249755,0.0001707077026367,1.0,0.0,1.0,0.0,0.0,0.0,0.0,0.0,0.0,0.0,0.0,0.0,0.0,0.0,0.0,1.0,0.0,0.0,0.0,1.0,0.0,0.0,0.0,0.0,0.0,0.0,1.961831850644257e-05,0.0,0.0,1.0
glass_1005,0.8809523809523809,0.0173301696777343,0.0001454353332519,0.0,1.0,0.0,0.0,1.0,0.0,0.0,0.0,0.0,0.0,0.0,0.0,1.0,0.0,0.0,0.0,0.0,0.0,1.0,0.0,0.0,0.0,0.0,0.0,0.0,-1.0,1.440705057476202e-05,0.0,1.0,0.0
glass_1005,0.8809523809523809,0.0060293674468994,0.000148057937622,0.0,1.0,0.0,1.0,0.0,0.0,0.0,0.0,0.0,0.0,0.0,0.0,0.0,0.0,0.0,1.0,0.0,0.0,0.0,1.0,0.0,0.0,0.0,0.0,0.0,0.6582870106585165,0.0001294759233546,1.0,0.0,0.0
glass_1005,0.8809523809523809,0.005298376083374,0.0001425743103027,0.0,1.0,1.0,0.0,0.0,0.0,0.0,0.0,0.0,0.0,0.0,0.0,0.0,0.0,0.0,1.0,0.0,0.0,0.0,1.0,0.0,0.0,0.0,0.0,0.0,0.0,0.0003844730140518,0.0,1.0,0.0
glass_1005,0.8809523809523809,0.0601725578308105,0.0002412796020507,1.0,0.0,0.0,1.0,0.0,0.0,0.0,0.0,0.0,0.0,0.0,0.0,1.0,0.0,0.0,0.0,0.0,0.0,1.0,0.0,0.0,0.0,0.0,0.0,0.0,0.0,3.820468390258515e-05,0.0,0.0,1.0
glass_1005,0.8809523809523809,0.0738186836242675,0.0001885890960693,1.0,0.0,0.0,0.0,1.0,0.0,0.0,0.0,0.0,0.0,0.0,0.0,1.0,0.0,0.0,0.0,0.0,0.0,1.0,0.0,0.0,0.0,0.0,0.0,0.0,-1.0,3.033493963726284e-05,1.0,0.0,0.0
glass_1005,0.8571428571428571,0.0069746971130371,0.0001490116119384,0.0,1.0,1.0,0.0,0.0,0.0,0.0,0.0,0.0,0.0,0.0,0.0,0.0,0.0,0.0,1.0,0.0,0.0,0.0,0.0,0.0,1.0,0.0,0.0,0.0,-1.0,0.0001085029481239,0.0,1.0,0.0
glass_1005,0.8571428571428571,0.0624904632568359,0.0007975101470947,0.0,1.0,1.0,0.0,0.0,0.0,0.0,0.0,0.0,0.0,0.0,0.0,1.0,0.0,0.0,0.0,0.0,0.0,0.0,0.0,0.0,1.0,0.0,0.0,0.0,0.0,9.2068675881552e-05,0.0,0.0,1.0
backache_463,0.9722222222222222,0.0012474060058593,0.0001144409179687,1.0,0.0,0.0,0.0,1.0,0.0,0.0,0.0,0.0,0.0,1.0,0.0,0.0,0.0,0.0,0.0,0.0,0.0,0.0,0.0,0.0,0.0,0.0,1.0,0.0,0.0,9.101228838195848e-05,0.0,0.0,1.0
backache_463,0.9722222222222222,0.0011146068572998,0.0001120567321777,1.0,0.0,0.0,0.0,1.0,0.0,0.0,0.0,0.0,0.0,1.0,0.0,0.0,0.0,0.0,0.0,0.0,0.0,0.0,0.0,0.0,0.0,1.0,0.0,0.0,0.0,6.464783642203892e-05,0.0,0.0,1.0
backache_463,0.9722222222222222,0.0010497570037841,0.0001120567321777,1.0,0.0,0.0,1.0,0.0,0.0,0.0,0.0,0.0,0.0,1.0,0.0,0.0,0.0,0.0,0.0,0.0,0.0,0.0,0.0,0.0,1.0,0.0,0.0,0.0,0.0,0.0002845214994505,0.0,0.0,1.0
backache_463,0.9722222222222222,0.0011544227600097,0.0001270771026611,1.0,0.0,1.0,0.0,0.0,0.0,0.0,0.0,0.0,0.0,1.0,0.0,0.0,0.0,0.0,0.0,0.0,0.0,0.0,0.0,0.0,0.0,1.0,0.0,0.0,-1.0,0.0001695826680972,0.0,1.0,0.0
backache_463,0.9722222222222222,0.0010631084442138,0.0001382827758789,0.0,1.0,0.0,1.0,0.0,0.0,0.0,0.0,0.0,0.0,1.0,0.0,0.0,0.0,0.0,0.0,0.0,0.0,0.0,0.0,0.0,0.0,0.0,1.0,0.0,-1.0,9.454325919428356e-05,0.0,1.0,0.0
backache_463,0.9722222222222222,0.0010738372802734,0.0001161098480224,0.0,1.0,0.0,1.0,0.0,0.0,0.0,0.0,0.0,0.0,1.0,0.0,0.0,0.0,0.0,0.0,0.0,0.0,0.0,0.0,0.0,0.0,1.0,0.0,0.0,-1.0,0.0002763127908114,1.0,0.0,0.0
backache_463,0.9722222222222222,0.0010616779327392,0.0001101493835449,1.0,0.0,0.0,0.0,1.0,0.0,0.0,0.0,0.0,0.0,1.0,0.0,0.0,0.0,0.0,0.0,0.0,0.0,0.0,0.0,0.0,1.0,0.0,0.0,0.0,-1.0,3.337276437336099e-05,0.0,1.0,0.0
backache_463,0.9722222222222222,0.0010619163513183,0.0001111030578613,0.0,1.0,1.0,0.0,0.0,0.0,0.0,0.0,0.0,0.0,1.0,0.0,0.0,0.0,0.0,0.0,0.0,0.0,0.0,0.0,0.0,0.0,1.0,0.0,0.0,0.0,0.0006076780526361,0.0,0.0,1.0
backache_463,0.9722222222222222,0.0010125637054443,0.0001037120819091,0.0,1.0,1.0,0.0,0.0,0.0,0.0,0.0,0.0,0.0,1.0,0.0,0.0,0.0,0.0,0.0,0.0,0.0,0.0,0.0,0.0,0.0,0.0,1.0,0.0,0.0,5.86590920914196e-05,0.0,0.0,1.0
backache_463,0.9722222222222222,0.0010848045349121,0.0001111030578613,1.0,0.0,1.0,0.0,0.0,0.0,0.0,0.0,0.0,0.0,1.0,0.0,0.0,0.0,0.0,0.0,0.0,0.0,0.0,0.0,0.0,0.0,0.0,1.0,0.0,0.0,4.520488263637833e-05,0.0,0.0,1.0
backache_463,0.9722222222222222,0.0010976791381835,0.0001111030578613,0.0,1.0,1.0,0.0,0.0,0.0,0.0,0.0,0.0,0.0,1.0,0.0,0.0,0.0,0.0,0.0,0.0,0.0,0.0,0.0,0.0,1.0,0.0,0.0,0.0,0.0743502971689682,0.0001214926224706,1.0,0.0,0.0
backache_463,0.9722222222222222,0.0010099411010742,0.0001051425933837,1.0,0.0,0.0,1.0,0.0,0.0,0.0,0.0,0.0,0.0,1.0,0.0,0.0,0.0,0.0,0.0,0.0,0.0,0.0,0.0,0.0,0.0,0.0,1.0,0.0,0.0,3.473911994286518e-05,0.0,0.0,1.0
backache_463,0.9722222222222222,0.0011937618255615,0.0001506805419921,0.0,1.0,0.0,0.0,1.0,0.0,0.0,0.0,0.0,0.0,1.0,0.0,0.0,0.0,0.0,0.0,0.0,0.0,0.0,0.0,0.0,0.0,1.0,0.0,0.0,0.0,3.4473100755607884e-05,0.0,0.0,1.0
backache_463,0.9722222222222222,0.0010180473327636,0.0001039505004882,0.0,1.0,0.0,0.0,1.0,0.0,0.0,0.0,0.0,0.0,1.0,0.0,0.0,0.0,0.0,0.0,0.0,0.0,0.0,0.0,0.0,1.0,0.0,0.0,0.0,-1.0,1.4313613264318812e-05,1.0,0.0,0.0
backache_463,0.9722222222222222,0.0010237693786621,0.0001196861267089,1.0,0.0,1.0,0.0,0.0,0.0,0.0,0.0,0.0,0.0,1.0,0.0,0.0,0.0,0.0,0.0,0.0,0.0,0.0,0.0,0.0,1.0,0.0,0.0,0.0,0.283686328603897,0.0002013159126744,1.0,0.0,0.0
backache_463,0.9722222222222222,0.0010411739349365,0.0001184940338134,0.0,1.0,0.0,0.0,1.0,0.0,0.0,0.0,0.0,0.0,1.0,0.0,0.0,0.0,0.0,0.0,0.0,0.0,0.0,0.0,0.0,0.0,0.0,1.0,0.0,0.0,0.0006690533187413,0.0,0.0,1.0
backache_463,0.9722222222222222,0.0012593269348144,0.0001394748687744,0.0,1.0,0.0,1.0,0.0,0.0,0.0,0.0,0.0,0.0,1.0,0.0,0.0,0.0,0.0,0.0,0.0,0.0,0.0,0.0,0.0,1.0,0.0,0.0,0.0,0.0,0.0002347075758267,0.0,0.0,1.0
backache_463,0.9722222222222222,0.0010881423950195,0.0001146793365478,1.0,0.0,0.0,1.0,0.0,0.0,0.0,0.0,0.0,0.0,1.0,0.0,0.0,0.0,0.0,0.0,0.0,0.0,0.0,0.0,0.0,0.0,1.0,0.0,0.0,0.0,0.0001366076103673,0.0,0.0,1.0
backache_463,0.9444444444444444,0.001091718673706,0.0001065731048583,0.0,1.0,1.0,0.0,0.0,0.0,0.0,0.0,0.0,0.0,1.0,0.0,0.0,0.0,0.0,0.0,0.0,0.0,0.0,0.0,1.0,0.0,0.0,0.0,0.0,0.0,0.0002652022747288,0.0,0.0,1.0
backache_463,0.9444444444444444,0.001176118850708,0.0001075267791748,0.0,1.0,1.0,0.0,0.0,1.0,0.0,0.0,0.0,0.0,0.0,0.0,0.0,0.0,0.0,0.0,0.0,0.0,0.0,0.0,1.0,0.0,0.0,0.0,0.0,0.0,0.0008568438584857,0.0,0.0,1.0
parkinsons_1488,1.0,0.0714278221130371,0.0001640319824218,1.0,0.0,0.0,0.0,1.0,0.0,0.0,0.0,0.0,0.0,0.0,0.0,1.0,0.0,0.0,0.0,0.0,0.0,0.0,0.0,0.0,1.0,0.0,0.0,0.0,-1.0,4.709637538262898e-05,0.0,1.0,0.0
parkinsons_1488,1.0,0.0758681297302246,0.0002098083496093,1.0,0.0,0.0,0.0,1.0,0.0,0.0,0.0,0.0,0.0,0.0,0.0,1.0,0.0,0.0,0.0,0.0,0.0,0.0,0.0,0.0,0.0,0.0,0.0,1.0,-1.0,7.267434319326221e-05,0.0,1.0,0.0
parkinsons_1488,1.0,0.0755276679992675,0.000197410583496,1.0,0.0,0.0,1.0,0.0,0.0,0.0,0.0,0.0,0.0,0.0,0.0,1.0,0.0,0.0,0.0,0.0,0.0,0.0,0.0,0.0,0.0,0.0,0.0,1.0,0.0,3.736257876539319e-05,0.0,0.0,1.0
parkinsons_1488,1.0,0.076291799545288,0.0002052783966064,1.0,0.0,0.0,1.0,0.0,0.0,0.0,0.0,0.0,0.0,0.0,0.0,1.0,0.0,0.0,0.0,0.0,0.0,0.0,0.0,0.0,1.0,0.0,0.0,0.0,-1.0,1.0800456580690236e-05,0.0,1.0,0.0
parkinsons_1488,1.0,0.0744397640228271,0.000216007232666,0.0,1.0,0.0,0.0,1.0,0.0,0.0,0.0,0.0,0.0,0.0,0.0,1.0,0.0,0.0,0.0,0.0,0.0,0.0,0.0,0.0,0.0,0.0,0.0,1.0,0.0,4.9528262953823305e-05,0.0,0.0,1.0
parkinsons_1488,1.0,0.0165796279907226,0.0002045631408691,0.0,1.0,1.0,0.0,0.0,0.0,0.0,0.0,0.0,0.0,0.0,0.0,1.0,0.0,0.0,0.0,0.0,0.0,0.0,0.0,0.0,0.0,0.0,0.0,1.0,-1.0,1.390692490046639e-05,1.0,0.0,0.0
parkinsons_1488,1.0,0.0176951885223388,0.0001630783081054,0.0,1.0,0.0,1.0,0.0,0.0,0.0,0.0,0.0,0.0,0.0,0.0,1.0,0.0,0.0,0.0,0.0,0.0,0.0,0.0,0.0,0.0,0.0,0.0,1.0,-1.0,0.0005209517826606,1.0,0.0,0.0
parkinsons_1488,1.0,0.0084974765777587,0.0001845359802246,1.0,0.0,1.0,0.0,0.0,0.0,0.0,0.0,0.0,0.0,0.0,0.0,1.0,0.0,0.0,0.0,0.0,0.0,0.0,0.0,0.0,0.0,0.0,0.0,1.0,0.4738448814976915,0.0002699096347895,0.0,1.0,0.0
parkinsons_1488,1.0,0.072922945022583,0.000197410583496,0.0,1.0,0.0,1.0,0.0,0.0,0.0,0.0,0.0,0.0,0.0,0.0,1.0,0.0,0.0,0.0,0.0,0.0,0.0,0.0,0.0,1.0,0.0,0.0,0.0,0.0,4.055671944152367e-05,0.0,0.0,1.0
parkinsons_1488,1.0,0.016334056854248,0.0001993179321289,1.0,0.0,1.0,0.0,0.0,0.0,0.0,0.0,0.0,0.0,0.0,0.0,1.0,0.0,0.0,0.0,0.0,0.0,0.0,0.0,0.0,1.0,0.0,0.0,0.0,0.0,4.52782173888004e-05,1.0,0.0,0.0
parkinsons_1488,1.0,0.0788722038269043,0.0001842975616455,0.0,1.0,0.0,0.0,1.0,0.0,0.0,0.0,0.0,0.0,0.0,0.0,1.0,0.0,0.0,0.0,0.0,0.0,0.0,0.0,0.0,1.0,0.0,0.0,0.0,0.9431547408962924,0.0001377864617306,1.0,0.0,0.0
parkinsons_1488,1.0,0.0192189216613769,0.0001771450042724,0.0,1.0,1.0,0.0,0.0,0.0,0.0,0.0,0.0,0.0,0.0,0.0,1.0,0.0,0.0,0.0,0.0,0.0,0.0,0.0,0.0,1.0,0.0,0.0,0.0,0.0,0.0003945152857276,0.0,0.0,1.0
parkinsons_1488,0.9743589743589745,0.0748512744903564,0.0001943111419677,0.0,1.0,0.0,1.0,0.0,0.0,0.0,0.0,0.0,0.0,0.0,0.0,1.0,0.0,0.0,0.0,0.0,0.0,0.0,0.0,0.0,0.0,0.0,1.0,0.0,0.0,0.000273788115107,0.0,0.0,1.0
parkinsons_1488,0.9743589743589745,0.0012500286102294,0.0001137256622314,0.0,1.0,0.0,0.0,1.0,0.0,0.0,0.0,0.0,0.0,0.0,0.0,0.0,1.0,0.0,0.0,0.0,0.0,0.0,0.0,0.0,0.0,1.0,0.0,0.0,0.0,1.1419215153905783e-05,0.0,0.0,1.0
parkinsons_1488,0.9743589743589745,0.0797522068023681,0.0001981258392333,0.0,1.0,0.0,0.0,1.0,0.0,0.0,0.0,0.0,0.0,0.0,0.0,1.0,0.0,0.0,0.0,0.0,0.0,0.0,0.0,0.0,0.0,1.0,0.0,0.0,0.0,0.0003720420975972,0.0,0.0,1.0
parkinsons_1488,0.9743589743589745,0.0013511180877685,0.0001142024993896,0.0,1.0,0.0,0.0,1.0,0.0,1.0,0.0,0.0,0.0,0.0,0.0,0.0,0.0,0.0,0.0,0.0,0.0,0.0,0.0,0.0,0.0,1.0,0.0,0.0,0.0,0.0005789854119986,0.0,0.0,1.0
parkinsons_1488,0.9743589743589745,0.0012397766113281,0.0001196861267089,0.0,1.0,0.0,1.0,0.0,0.0,0.0,0.0,0.0,0.0,0.0,1.0,0.0,0.0,0.0,0.0,0.0,0.0,0.0,0.0,0.0,0.0,1.0,0.0,0.0,-1.0,1.5127933834233544e-05,0.0,1.0,0.0
parkinsons_1488,0.9743589743589745,0.0137109756469726,0.0001966953277587,1.0,0.0,1.0,0.0,0.0,0.0,0.0,0.0,0.0,0.0,0.0,0.0,1.0,0.0,0.0,0.0,0.0,0.0,0.0,0.0,0.0,0.0,0.0,1.0,0.0,0.0,0.0003468322383543,0.0,0.0,1.0
parkinsons_1488,0.9743589743589745,0.0194931030273437,0.0001895427703857,1.0,0.0,1.0,0.0,0.0,0.0,0.0,0.0,0.0,0.0,0.0,0.0,1.0,0.0,0.0,0.0,0.0,0.0,0.0,0.0,0.0,0.0,0.0,1.0,0.0,0.0,3.1875585458929006e-05,0.0,0.0,1.0
parkinsons_1488,0.9743589743589745,0.0122771263122558,0.0001707077026367,1.0,0.0,1.0,0.0,0.0,0.0,0.0,0.0,0.0,0.0,0.0,0.0,1.0,0.0,0.0,0.0,0.0,0.0,0.0,0.0,0.0,0.0,1.0,0.0,0.0,0.0,2.225444602558335e-05,0.0,0.0,1.0
PieChart1_1451,0.9432624113475178,0.0016357898712158,0.0001301765441894,1.0,0.0,0.0,1.0,0.0,1.0,0.0,0.0,0.0,0.0,0.0,0.0,0.0,0.0,0.0,0.0,0.0,0.0,0.0,0.0,0.0,1.0,0.0,0.0,0.0,0.0,0.0001223920101123,0.0,0.0,1.0
PieChart1_1451,0.9432624113475178,0.0017783641815185,0.0001208782196044,0.0,1.0,0.0,0.0,1.0,1.0,0.0,0.0,0.0,0.0,0.0,0.0,0.0,0.0,0.0,0.0,0.0,0.0,0.0,0.0,0.0,1.0,0.0,0.0,0.0,0.1983505383758216,0.0001274511482697,1.0,0.0,0.0
PieChart1_1451,0.9432624113475178,0.0020229816436767,0.0001420974731445,0.0,1.0,1.0,0.0,0.0,0.0,0.0,0.0,0.0,0.0,0.0,0.0,0.0,0.0,0.0,0.0,0.0,1.0,0.0,1.0,0.0,0.0,0.0,0.0,0.0,-1.0,8.744877195083536e-05,0.0,1.0,0.0
PieChart1_1451,0.9432624113475178,0.0017099380493164,0.0001246929168701,0.0,1.0,0.0,0.0,1.0,0.0,0.0,0.0,0.0,0.0,0.0,0.0,0.0,0.0,0.0,0.0,0.0,1.0,0.0,1.0,0.0,0.0,0.0,0.0,0.0,0.0,0.0006362185794278,0.0,0.0,1.0
PieChart1_1451,0.9432624113475178,0.0025427341461181,0.0002110004425048,1.0,0.0,1.0,0.0,0.0,0.0,0.0,0.0,0.0,0.0,0.0,0.0,0.0,0.0,0.0,0.0,0.0,1.0,0.0,1.0,0.0,0.0,0.0,0.0,0.0,0.0,3.042504138882835e-05,0.0,0.0,1.0
PieChart1_1451,0.9432624113475178,0.0016300678253173,0.000115156173706,0.0,1.0,1.0,0.0,0.0,1.0,0.0,0.0,0.0,0.0,0.0,0.0,0.0,0.0,0.0,0.0,0.0,0.0,0.0,0.0,0.0,1.0,0.0,0.0,0.0,-1.0,0.0001603568499011,1.0,0.0,0.0
PieChart1_1451,0.9432624113475178,0.0021784305572509,0.0001361370086669,0.0,1.0,0.0,1.0,0.0,0.0,0.0,0.0,0.0,0.0,0.0,0.0,0.0,0.0,0.0,0.0,0.0,1.0,0.0,1.0,0.0,0.0,0.0,0.0,0.0,0.2248464945479122,6.602895523672266e-05,1.0,0.0,0.0
PieChart1_1451,0.9432624113475178,0.0016698837280273,0.0001122951507568,1.0,0.0,0.0,0.0,1.0,1.0,0.0,0.0,0.0,0.0,0.0,0.0,0.0,0.0,0.0,0.0,0.0,0.0,0.0,0.0,0.0,1.0,0.0,0.0,0.0,-1.0,0.0005591881965793,0.0,1.0,0.0
PieChart1_1451,0.9432624113475178,0.0017080307006835,0.0001170635223388,1.0,0.0,1.0,0.0,0.0,1.0,0.0,0.0,0.0,0.0,0.0,0.0,0.0,0.0,0.0,0.0,0.0,0.0,0.0,0.0,0.0,1.0,0.0,0.0,0.0,0.0,1.8434454047544944e-05,0.0,0.0,1.0
PieChart1_1451,0.9432624113475178,0.0025079250335693,0.0001757144927978,1.0,0.0,0.0,0.0,1.0,0.0,0.0,0.0,0.0,0.0,0.0,0.0,0.0,0.0,0.0,0.0,0.0,1.0,0.0,1.0,0.0,0.0,0.0,0.0,0.0,-1.0,1.46497615086822e-05,0.0,1.0,0.0
PieChart1_1451,0.9432624113475178,0.0020573139190673,0.0001344680786132,1.0,0.0,0.0,1.0,0.0,0.0,0.0,0.0,0.0,0.0,0.0,0.0,0.0,0.0,0.0,0.0,0.0,1.0,0.0,1.0,0.0,0.0,0.0,0.0,0.0,0.0,0.0009672091543974,0.0,0.0,1.0
PieChart1_1451,0.9432624113475178,0.0016579627990722,0.0001115798950195,0.0,1.0,0.0,1.0,0.0,1.0,0.0,0.0,0.0,0.0,0.0,0.0,0.0,0.0,0.0,0.0,0.0,0.0,0.0,0.0,0.0,1.0,0.0,0.0,0.0,0.0,0.0001426944966211,0.0,0.0,1.0
PieChart1_1451,0.9361702127659576,0.0016078948974609,0.0001118183135986,0.0,1.0,0.0,0.0,1.0,1.0,0.0,0.0,0.0,0.0,0.0,0.0,0.0,0.0,0.0,0.0,0.0,0.0,1.0,0.0,0.0,0.0,0.0,0.0,0.0,0.0,0.0006666279757841,0.0,0.0,1.0
PieChart1_1451,0.9361702127659576,0.0014312267303466,0.0001130104064941,1.0,0.0,1.0,0.0,0.0,0.0,0.0,0.0,0.0,0.0,0.0,0.0,0.0,0.0,0.0,0.0,1.0,0.0,0.0,0.0,0.0,1.0,0.0,0.0,0.0,0.0,6.55291081434736e-05,0.0,0.0,1.0
PieChart1_1451,0.9361702127659576,0.0015661716461181,0.0001139640808105,1.0,0.0,0.0,1.0,0.0,1.0,0.0,0.0,0.0,0.0,0.0,0.0,0.0,0.0,0.0,0.0,0.0,0.0,0.0,0.0,0.0,0.0,0.0,0.0,1.0,-1.0,0.0001616555310613,1.0,0.0,0.0
PieChart1_1451,0.9361702127659576,0.0017273426055908,0.0001142024993896,1.0,0.0,1.0,0.0,0.0,0.0,0.0,0.0,0.0,0.0,1.0,0.0,0.0,0.0,0.0,0.0,0.0,0.0,1.0,0.0,0.0,0.0,0.0,0.0,0.0,-1.0,0.0002444441749952,1.0,0.0,0.0
PieChart1_1451,0.9361702127659576,0.0016310214996337,0.0001313686370849,1.0,0.0,1.0,0.0,0.0,1.0,0.0,0.0,0.0,0.0,0.0,0.0,0.0,0.0,0.0,0.0,0.0,0.0,0.0,1.0,0.0,0.0,0.0,0.0,0.0,0.0,0.000938049907672,0.0,0.0,1.0
PieChart1_1451,0.9361702127659576,0.0014448165893554,0.0001115798950195,1.0,0.0,1.0,0.0,0.0,0.0,0.0,0.0,1.0,0.0,0.0,0.0,0.0,0.0,0.0,0.0,0.0,0.0,0.0,0.0,0.0,0.0,0.0,0.0,1.0,0.8133400718529517,1.6806489733533906e-05,1.0,0.0,0.0
PieChart1_1451,0.9361702127659576,0.001408576965332,0.0001122951507568,1.0,0.0,0.0,0.0,1.0,0.0,0.0,0.0,1.0,0.0,0.0,0.0,0.0,0.0,0.0,0.0,0.0,0.0,0.0,0.0,0.0,0.0,0.0,1.0,0.0,0.0,1.7764852971198123e-05,0.0,0.0,1.0
PieChart1_1451,0.9361702127659576,0.0013849735260009,0.0001113414764404,0.0,1.0,1.0,0.0,0.0,0.0,0.0,0.0,1.0,0.0,0.0,0.0,0.0,0.0,0.0,0.0,0.0,0.0,0.0,0.0,0.0,0.0,0.0,1.0,0.0,0.5855079129724281,0.0001112774007095,0.0,1.0,0.0
bridges_327,0.9047619047619048,0.0013291835784912,0.0001158714294433,0.0,1.0,0.0,0.0,1.0,0.0,0.0,0.0,0.0,1.0,0.0,0.0,0.0,0.0,0.0,0.0,0.0,0.0,0.0,0.0,0.0,0.0,1.0,0.0,0.0,0.0,1.2930055145191188e-05,0.0,1.0,0.0
bridges_327,0.9047619047619048,0.0010275840759277,0.0001044273376464,0.0,1.0,0.0,0.0,1.0,0.0,0.0,0.0,0.0,0.0,1.0,0.0,0.0,0.0,0.0,0.0,0.0,0.0,0.0,0.0,0.0,0.0,1.0,0.0,0.0,0.0,0.0002850752887559,0.0,1.0,0.0
bridges_327,0.9047619047619048,0.0011672973632812,0.0001108646392822,0.0,1.0,0.0,0.0,1.0,0.0,0.0,0.0,0.0,0.0,1.0,0.0,0.0,0.0,0.0,0.0,0.0,0.0,0.0,0.0,0.0,1.0,0.0,0.0,0.0,0.0,0.0009583210160525,0.0,0.0,1.0
bridges_327,0.9047619047619048,0.0011305809020996,0.0001060962677001,0.0,1.0,0.0,0.0,1.0,0.0,0.0,0.0,0.0,0.0,0.0,0.0,0.0,1.0,0.0,0.0,0.0,0.0,0.0,0.0,0.0,0.0,0.0,1.0,0.0,0.0,0.0004196348573979,1.0,0.0,0.0
bridges_327,0.9047619047619048,0.0010626316070556,0.0001022815704345,0.0,1.0,0.0,0.0,1.0,0.0,0.0,0.0,0.0,1.0,0.0,0.0,0.0,0.0,0.0,0.0,0.0,0.0,0.0,0.0,0.0,0.0,0.0,1.0,0.0,0.0,3.401086425145556e-05,0.0,0.0,1.0
bridges_327,0.9047619047619048,0.0011160373687744,0.0001072883605957,0.0,1.0,0.0,0.0,1.0,0.0,1.0,0.0,0.0,0.0,0.0,0.0,0.0,0.0,0.0,0.0,0.0,0.0,0.0,0.0,0.0,0.0,0.0,1.0,0.0,-1.0,0.0003973037678772,0.0,1.0,0.0
bridges_327,0.9047619047619048,0.0011367797851562,0.0001735687255859,0.0,1.0,0.0,0.0,1.0,0.0,0.0,0.0,0.0,0.0,0.0,0.0,0.0,1.0,0.0,0.0,0.0,0.0,0.0,0.0,0.0,0.0,0.0,0.0,1.0,-1.0,0.000180199088515,1.0,0.0,0.0
bridges_327,0.9047619047619048,0.0012805461883544,0.0001399517059326,0.0,1.0,0.0,0.0,1.0,0.0,0.0,0.0,0.0,0.0,0.0,1.0,0.0,0.0,0.0,0.0,0.0,0.0,0.0,0.0,0.0,0.0,0.0,0.0,1.0,-1.0,1.7331634796611605e-05,1.0,0.0,0.0
bridges_327,0.9047619047619048,0.0013821125030517,0.0001115798950195,0.0,1.0,0.0,1.0,0.0,0.0,1.0,0.0,0.0,0.0,0.0,0.0,0.0,0.0,0.0,0.0,0.0,0.0,0.0,0.0,1.0,0.0,0.0,0.0,0.0,0.0,0.0001354716127366,0.0,0.0,1.0
bridges_327,0.9047619047619048,0.0013267993927001,0.0001182556152343,0.0,1.0,0.0,0.0,1.0,0.0,1.0,0.0,0.0,0.0,0.0,0.0,0.0,0.0,0.0,0.0,0.0,0.0,0.0,0.0,0.0,0.0,0.0,0.0,1.0,0.0,0.000621660401477,0.0,1.0,0.0
bridges_327,0.9047619047619048,0.0011665821075439,0.0001044273376464,0.0,1.0,0.0,0.0,1.0,0.0,0.0,0.0,0.0,1.0,0.0,0.0,0.0,0.0,0.0,0.0,0.0,0.0,0.0,0.0,0.0,0.0,0.0,0.0,1.0,0.0,3.800544946812014e-05,0.0,0.0,1.0
bridges_327,0.9047619047619048,0.0011143684387207,0.0001049041748046,0.0,1.0,0.0,0.0,1.0,0.0,1.0,0.0,0.0,0.0,0.0,0.0,0.0,0.0,0.0,0.0,0.0,0.0,1.0,0.0,0.0,0.0,0.0,0.0,0.0,-1.0,0.0002080726663607,1.0,0.0,0.0
bridges_327,0.9047619047619048,0.0011074542999267,0.0001027584075927,0.0,1.0,0.0,0.0,1.0,0.0,0.0,0.0,0.0,0.0,0.0,0.0,0.0,1.0,0.0,0.0,0.0,0.0,1.0,0.0,0.0,0.0,0.0,0.0,0.0,0.3049742205092893,1.2109590680871535e-05,1.0,0.0,0.0
bridges_327,0.9047619047619048,0.0013666152954101,0.0001196861267089,0.0,1.0,0.0,0.0,1.0,0.0,0.0,0.0,0.0,0.0,0.0,1.0,0.0,0.0,0.0,0.0,0.0,0.0,1.0,0.0,0.0,0.0,0.0,0.0,0.0,0.0,0.0004660479534481,0.0,0.0,1.0
bridges_327,0.9047619047619048,0.0012264251708984,0.000110387802124,0.0,1.0,0.0,0.0,1.0,0.0,0.0,0.0,0.0,0.0,0.0,1.0,0.0,0.0,0.0,0.0,0.0,0.0,0.0,0.0,0.0,0.0,0.0,1.0,0.0,0.0,2.581515357405621e-05,0.0,0.0,1.0
bridges_327,0.9047619047619048,0.0013368129730224,0.0001204013824462,0.0,1.0,0.0,0.0,1.0,0.0,0.0,0.0,0.0,1.0,0.0,0.0,0.0,0.0,0.0,0.0,0.0,0.0,1.0,0.0,0.0,0.0,0.0,0.0,0.0,0.0,0.0001649113217711,0.0,0.0,1.0
bridges_327,0.9047619047619048,0.0011348724365234,0.0001072883605957,0.0,1.0,0.0,0.0,1.0,0.0,1.0,0.0,0.0,0.0,0.0,0.0,0.0,0.0,0.0,0.0,0.0,0.0,0.0,1.0,0.0,0.0,0.0,0.0,0.0,0.0,0.0001117858629576,0.0,0.0,1.0
bridges_327,0.9047619047619048,0.0014612674713134,0.0001261234283447,0.0,1.0,0.0,0.0,1.0,0.0,0.0,0.0,0.0,1.0,0.0,0.0,0.0,0.0,0.0,0.0,0.0,0.0,0.0,1.0,0.0,0.0,0.0,0.0,0.0,-1.0,0.0001248132309946,0.0,1.0,0.0
bridges_327,0.9047619047619048,0.0012454986572265,0.0001163482666015,0.0,1.0,0.0,0.0,1.0,0.0,0.0,0.0,0.0,0.0,0.0,0.0,0.0,1.0,0.0,0.0,0.0,0.0,0.0,1.0,0.0,0.0,0.0,0.0,0.0,0.8189388094433159,3.217166781574363e-05,1.0,0.0,0.0
bridges_327,0.9047619047619048,0.0022923946380615,0.0009834766387939,0.0,1.0,0.0,0.0,1.0,0.0,0.0,0.0,0.0,0.0,0.0,1.0,0.0,0.0,0.0,0.0,0.0,0.0,0.0,1.0,0.0,0.0,0.0,0.0,0.0,0.1599931768296079,0.0001312876909442,0.0,1.0,0.0
bwin_amlb_45717,0.7169811320754716,0.00115966796875,0.0001583099365234,0.0,1.0,0.0,0.0,1.0,0.0,0.0,0.0,0.0,0.0,1.0,0.0,0.0,0.0,0.0,0.0,0.0,0.0,0.0,0.0,0.0,0.0,0.0,0.0,1.0,-1.0,0.0001605102288859,0.0,1.0,0.0
bwin_amlb_45717,0.7169811320754716,0.0010902881622314,0.0001533031463623,1.0,0.0,0.0,1.0,0.0,0.0,0.0,0.0,0.0,0.0,1.0,0.0,0.0,0.0,0.0,0.0,0.0,0.0,0.0,0.0,0.0,0.0,0.0,0.0,1.0,0.3502559488008812,7.094362831657192e-05,1.0,0.0,0.0
bwin_amlb_45717,0.7169811320754716,0.0010087490081787,0.0001552104949951,1.0,0.0,0.0,0.0,1.0,0.0,0.0,0.0,0.0,0.0,1.0,0.0,0.0,0.0,0.0,0.0,0.0,0.0,1.0,0.0,0.0,0.0,0.0,0.0,0.0,-1.0,0.0001847166711402,0.0,1.0,0.0
bwin_amlb_45717,0.7169811320754716,0.0010161399841308,0.0001485347747802,1.0,0.0,1.0,0.0,0.0,0.0,0.0,0.0,0.0,0.0,1.0,0.0,0.0,0.0,0.0,0.0,0.0,0.0,1.0,0.0,0.0,0.0,0.0,0.0,0.0,0.0,2.416282179829896e-05,0.0,0.0,1.0
bwin_amlb_45717,0.7169811320754716,0.0010583400726318,0.000145673751831,0.0,1.0,1.0,0.0,0.0,0.0,0.0,0.0,0.0,0.0,1.0,0.0,0.0,0.0,0.0,0.0,0.0,0.0,1.0,0.0,0.0,0.0,0.0,0.0,0.0,-1.0,0.0001059718508212,0.0,1.0,0.0
bwin_amlb_45717,0.7169811320754716,0.0011360645294189,0.000148057937622,0.0,1.0,0.0,0.0,1.0,0.0,0.0,0.0,0.0,0.0,1.0,0.0,0.0,0.0,0.0,0.0,0.0,0.0,1.0,0.0,0.0,0.0,0.0,0.0,0.0,-1.0,0.0002713958163108,0.0,1.0,0.0
bwin_amlb_45717,0.7169811320754716,0.001061201095581,0.0001492500305175,1.0,0.0,0.0,1.0,0.0,0.0,0.0,0.0,0.0,0.0,1.0,0.0,0.0,0.0,0.0,0.0,0.0,0.0,1.0,0.0,0.0,0.0,0.0,0.0,0.0,0.0,5.444924275991657e-05,1.0,0.0,0.0
bwin_amlb_45717,0.7169811320754716,0.0010275840759277,0.0001471042633056,0.0,1.0,1.0,0.0,0.0,0.0,0.0,0.0,0.0,0.0,1.0,0.0,0.0,0.0,0.0,0.0,0.0,0.0,0.0,0.0,0.0,0.0,0.0,0.0,1.0,0.0,6.641905453512528e-05,1.0,0.0,0.0
bwin_amlb_45717,0.7169811320754716,0.0011000633239746,0.0001485347747802,1.0,0.0,0.0,0.0,1.0,0.0,0.0,0.0,0.0,0.0,1.0,0.0,0.0,0.0,0.0,0.0,0.0,0.0,0.0,0.0,0.0,0.0,0.0,0.0,1.0,-1.0,2.130139061217054e-05,1.0,0.0,0.0
bwin_amlb_45717,0.7169811320754716,0.0010552406311035,0.0001478195190429,1.0,0.0,1.0,0.0,0.0,0.0,0.0,0.0,0.0,0.0,1.0,0.0,0.0,0.0,0.0,0.0,0.0,0.0,0.0,0.0,0.0,0.0,0.0,0.0,1.0,0.0,0.0001709614642243,0.0,0.0,1.0
bwin_amlb_45717,0.7169811320754716,0.0010735988616943,0.0001487731933593,0.0,1.0,0.0,1.0,0.0,0.0,0.0,0.0,0.0,0.0,1.0,0.0,0.0,0.0,0.0,0.0,0.0,0.0,0.0,0.0,0.0,0.0,0.0,0.0,1.0,0.0,1.7661940242372048e-05,0.0,0.0,1.0
bwin_amlb_45717,0.7169811320754716,0.0009968280792236,0.0001475811004638,0.0,1.0,0.0,1.0,0.0,0.0,0.0,0.0,0.0,0.0,1.0,0.0,0.0,0.0,0.0,0.0,0.0,0.0,1.0,0.0,0.0,0.0,0.0,0.0,0.0,0.5927960078810025,0.0001003728831722,0.0,1.0,0.0
bwin_amlb_45717,0.7075471698113207,0.0011944770812988,0.0001530647277832,1.0,0.0,0.0,1.0,0.0,1.0,0.0,0.0,0.0,0.0,0.0,0.0,0.0,0.0,0.0,0.0,0.0,0.0,0.0,0.0,0.0,0.0,0.0,1.0,0.0,0.0,2.63537260079156e-05,0.0,0.0,1.0
bwin_amlb_45717,0.7075471698113207,0.0010998249053955,0.0001499652862548,1.0,0.0,0.0,1.0,0.0,1.0,0.0,0.0,0.0,0.0,0.0,0.0,0.0,0.0,0.0,0.0,0.0,0.0,0.0,1.0,0.0,0.0,0.0,0.0,0.0,-1.0,2.444876375917158e-05,0.0,1.0,0.0
bwin_amlb_45717,0.7075471698113207,0.001133918762207,0.0001528263092041,1.0,0.0,0.0,0.0,1.0,1.0,0.0,0.0,0.0,0.0,0.0,0.0,0.0,0.0,0.0,0.0,0.0,0.0,0.0,0.0,0.0,0.0,1.0,0.0,0.0,0.0,1.554744856353812e-05,0.0,1.0,0.0
bwin_amlb_45717,0.7075471698113207,0.0011258125305175,0.0001499652862548,0.0,1.0,1.0,0.0,0.0,1.0,0.0,0.0,0.0,0.0,0.0,0.0,0.0,0.0,0.0,0.0,0.0,0.0,0.0,0.0,0.0,0.0,0.0,0.0,1.0,0.0,5.185561084336166e-05,0.0,1.0,0.0
bwin_amlb_45717,0.7075471698113207,0.0011582374572753,0.0001502037048339,1.0,0.0,0.0,1.0,0.0,1.0,0.0,0.0,0.0,0.0,0.0,0.0,0.0,0.0,0.0,0.0,0.0,0.0,0.0,0.0,0.0,0.0,1.0,0.0,0.0,0.0,0.0005430267882625,0.0,0.0,1.0
bwin_amlb_45717,0.7075471698113207,0.0011816024780273,0.00016450881958,0.0,1.0,1.0,0.0,0.0,1.0,0.0,0.0,0.0,0.0,0.0,0.0,0.0,0.0,0.0,0.0,0.0,0.0,0.0,1.0,0.0,0.0,0.0,0.0,0.0,-1.0,0.000162116049481,0.0,1.0,0.0
bwin_amlb_45717,0.7075471698113207,0.0011720657348632,0.0001513957977294,0.0,1.0,0.0,0.0,1.0,1.0,0.0,0.0,0.0,0.0,0.0,0.0,0.0,0.0,0.0,0.0,0.0,0.0,0.0,0.0,0.0,0.0,1.0,0.0,0.0,0.0,0.0003615918946723,1.0,0.0,0.0
bwin_amlb_45717,0.7075471698113207,0.0009293556213378,0.0001559257507324,1.0,0.0,0.0,0.0,1.0,0.0,0.0,0.0,0.0,0.0,0.0,0.0,0.0,0.0,0.0,0.0,1.0,0.0,0.0,0.0,0.0,1.0,0.0,0.0,0.0,-1.0,1.694890110911231e-05,0.0,1.0,0.0
analcatdata_authorship_458,1.0,0.0768163204193115,0.0002145767211914,0.0,1.0,1.0,0.0,0.0,0.0,0.0,0.0,0.0,1.0,0.0,0.0,0.0,0.0,0.0,0.0,0.0,0.0,0.0,1.0,0.0,0.0,0.0,0.0,0.0,-1.0,4.232807987723575e-05,1.0,0.0,0.0
analcatdata_authorship_458,1.0,0.0846881866455078,0.0002450942993164,0.0,1.0,1.0,0.0,0.0,0.0,0.0,0.0,0.0,1.0,0.0,0.0,0.0,0.0,0.0,0.0,0.0,0.0,0.0,1.0,0.0,0.0,0.0,0.0,0.0,-1.0,5.987261018164984e-05,1.0,0.0,0.0
analcatdata_authorship_458,1.0,0.0761189460754394,0.0002586841583251,0.0,1.0,1.0,0.0,0.0,0.0,0.0,0.0,0.0,1.0,0.0,0.0,0.0,0.0,0.0,0.0,0.0,0.0,0.0,1.0,0.0,0.0,0.0,0.0,0.0,0.0,0.0005248294552164,0.0,0.0,1.0
analcatdata_authorship_458,1.0,0.0771090984344482,0.0002021789550781,0.0,1.0,1.0,0.0,0.0,0.0,0.0,0.0,0.0,1.0,0.0,0.0,0.0,0.0,0.0,0.0,0.0,0.0,0.0,1.0,0.0,0.0,0.0,0.0,0.0,-1.0,0.000213204602244,1.0,0.0,0.0
analcatdata_authorship_458,1.0,0.0145647525787353,0.0002176761627197,0.0,1.0,1.0,0.0,0.0,0.0,0.0,0.0,0.0,0.0,0.0,1.0,0.0,0.0,0.0,0.0,0.0,0.0,0.0,0.0,0.0,0.0,0.0,0.0,1.0,0.0,9.57099164508212e-05,0.0,0.0,1.0
analcatdata_authorship_458,1.0,0.0026581287384033,0.0001082420349121,0.0,1.0,1.0,0.0,0.0,1.0,0.0,0.0,0.0,0.0,0.0,0.0,0.0,0.0,0.0,0.0,0.0,0.0,0.0,1.0,0.0,0.0,0.0,0.0,0.0,-1.0,3.989920327452928e-05,0.0,1.0,0.0
analcatdata_authorship_458,1.0,0.0127966403961181,0.000209093093872,0.0,1.0,1.0,0.0,0.0,0.0,0.0,0.0,0.0,0.0,0.0,1.0,0.0,0.0,0.0,0.0,0.0,0.0,0.0,0.0,0.0,0.0,0.0,0.0,1.0,0.9027242052240017,0.0003310543023358,1.0,0.0,0.0
analcatdata_authorship_458,1.0,0.0694189071655273,0.0002427101135253,0.0,1.0,1.0,0.0,0.0,0.0,0.0,0.0,0.0,0.0,0.0,1.0,0.0,0.0,0.0,0.0,0.0,0.0,0.0,0.0,0.0,0.0,0.0,0.0,1.0,0.0,0.0005979257995778,0.0,1.0,0.0
analcatdata_authorship_458,1.0,0.0077483654022216,0.0002033710479736,0.0,1.0,1.0,0.0,0.0,0.0,0.0,0.0,0.0,0.0,0.0,1.0,0.0,0.0,0.0,0.0,0.0,0.0,0.0,0.0,0.0,0.0,0.0,0.0,1.0,0.0,0.0001184745411603,0.0,0.0,1.0
analcatdata_authorship_458,1.0,0.0287377834320068,0.0002276897430419,0.0,1.0,1.0,0.0,0.0,0.0,0.0,0.0,0.0,0.0,0.0,0.0,0.0,1.0,0.0,0.0,0.0,0.0,0.0,0.0,0.0,0.0,0.0,0.0,1.0,0.0,1.2213863777626546e-05,0.0,0.0,1.0
analcatdata_authorship_458,1.0,0.0180766582489013,0.0003225803375244,0.0,1.0,1.0,0.0,0.0,0.0,0.0,0.0,0.0,0.0,0.0,0.0,0.0,1.0,0.0,0.0,0.0,0.0,0.0,0.0,0.0,0.0,0.0,0.0,1.0,0.0,3.497061472923915e-05,1.0,0.0,0.0
analcatdata_authorship_458,1.0,0.0829100608825683,0.0002119541168212,0.0,1.0,1.0,0.0,0.0,0.0,0.0,0.0,0.0,0.0,0.0,0.0,0.0,1.0,0.0,0.0,0.0,0.0,0.0,0.0,0.0,0.0,0.0,0.0,1.0,0.0,0.0003101798839727,0.0,0.0,1.0
analcatdata_authorship_458,1.0,0.0255560874938964,0.0002040863037109,0.0,1.0,1.0,0.0,0.0,0.0,0.0,0.0,0.0,0.0,0.0,0.0,0.0,1.0,0.0,0.0,0.0,0.0,0.0,0.0,0.0,0.0,0.0,0.0,1.0,-1.0,5.9594259190176346e-05,1.0,0.0,0.0
analcatdata_authorship_458,1.0,0.0037064552307128,0.00014328956604,0.0,1.0,1.0,0.0,0.0,0.0,0.0,0.0,0.0,0.0,1.0,0.0,0.0,0.0,0.0,0.0,0.0,0.0,0.0,1.0,0.0,0.0,0.0,0.0,0.0,0.1053043616468127,0.0001785808526464,1.0,0.0,0.0
analcatdata_authorship_458,1.0,0.0311598777770996,0.0002930164337158,0.0,1.0,1.0,0.0,0.0,0.0,1.0,0.0,0.0,0.0,0.0,0.0,0.0,0.0,0.0,0.0,0.0,0.0,0.0,0.0,0.0,0.0,0.0,0.0,1.0,0.0,0.0001119550024944,1.0,0.0,0.0
analcatdata_authorship_458,1.0,0.0206267833709716,0.0001833438873291,0.0,1.0,1.0,0.0,0.0,0.0,1.0,0.0,0.0,0.0,0.0,0.0,0.0,0.0,0.0,0.0,0.0,0.0,0.0,0.0,0.0,0.0,0.0,0.0,1.0,0.0,0.000653783657951,0.0,0.0,1.0
analcatdata_authorship_458,1.0,0.0195786952972412,0.0001893043518066,0.0,1.0,1.0,0.0,0.0,0.0,1.0,0.0,0.0,0.0,0.0,0.0,0.0,0.0,0.0,0.0,0.0,0.0,0.0,0.0,0.0,0.0,0.0,0.0,1.0,0.0,4.111529418165419e-05,0.0,0.0,1.0
analcatdata_authorship_458,1.0,0.0615956783294677,0.0002033710479736,0.0,1.0,1.0,0.0,0.0,0.0,1.0,0.0,0.0,0.0,0.0,0.0,0.0,0.0,0.0,0.0,0.0,0.0,0.0,0.0,0.0,0.0,0.0,0.0,1.0,0.0,7.800399253574266e-05,0.0,0.0,1.0
analcatdata_authorship_458,1.0,0.4764142036437988,0.0006699562072753,0.0,1.0,1.0,0.0,0.0,0.0,0.0,0.0,0.0,0.0,0.0,0.0,0.0,0.0,1.0,0.0,0.0,0.0,0.0,1.0,0.0,0.0,0.0,0.0,0.0,0.5517171945650801,1.347595408521397e-05,0.0,1.0,0.0
analcatdata_authorship_458,1.0,0.5560085773468018,0.0009627342224121,0.0,1.0,1.0,0.0,0.0,0.0,0.0,0.0,0.0,0.0,0.0,0.0,0.0,0.0,1.0,0.0,0.0,0.0,0.0,1.0,0.0,0.0,0.0,0.0,0.0,0.0,0.0004073094516605,0.0,0.0,1.0
Loan-Predication_43595,0.8536585365853658,0.012887954711914,0.0002379417419433,0.0,1.0,0.0,1.0,0.0,0.0,0.0,0.0,0.0,1.0,0.0,0.0,0.0,0.0,0.0,0.0,0.0,0.0,0.0,1.0,0.0,0.0,0.0,0.0,0.0,0.0,4.483776865122248e-05,0.0,0.0,1.0
Loan-Predication_43595,0.8536585365853658,0.0021336078643798,0.0001242160797119,0.0,1.0,0.0,1.0,0.0,0.0,0.0,0.0,0.0,0.0,0.0,1.0,0.0,0.0,0.0,0.0,0.0,0.0,1.0,0.0,0.0,0.0,0.0,0.0,0.0,0.8470484874909826,0.0002778867908183,1.0,0.0,0.0
Loan-Predication_43595,0.8536585365853658,0.0027792453765869,0.0001730918884277,0.0,1.0,0.0,1.0,0.0,0.0,0.0,0.0,0.0,0.0,0.0,1.0,0.0,0.0,0.0,0.0,0.0,0.0,0.0,1.0,0.0,0.0,0.0,0.0,0.0,-1.0,1.0140588527074123e-05,0.0,1.0,0.0
Loan-Predication_43595,0.8536585365853658,0.0024263858795166,0.0001361370086669,0.0,1.0,0.0,1.0,0.0,0.0,0.0,0.0,0.0,0.0,0.0,0.0,0.0,1.0,0.0,0.0,0.0,0.0,0.0,1.0,0.0,0.0,0.0,0.0,0.0,0.0,0.000543083426478,0.0,0.0,1.0
Loan-Predication_43595,0.8536585365853658,0.0024559497833251,0.0001373291015625,0.0,1.0,0.0,1.0,0.0,0.0,0.0,0.0,0.0,0.0,0.0,1.0,0.0,0.0,0.0,0.0,0.0,0.0,0.0,0.0,0.0,0.0,0.0,0.0,1.0,0.702474805068327,0.0008788606716672,0.0,1.0,0.0
Loan-Predication_43595,0.8536585365853658,0.0024342536926269,0.0001318454742431,0.0,1.0,0.0,1.0,0.0,0.0,0.0,0.0,0.0,0.0,0.0,1.0,0.0,0.0,0.0,0.0,0.0,0.0,0.0,0.0,0.0,0.0,0.0,1.0,0.0,-1.0,8.708061933824315e-05,0.0,1.0,0.0
Loan-Predication_43595,0.8536585365853658,0.016542911529541,0.0001626014709472,0.0,1.0,0.0,1.0,0.0,0.0,0.0,0.0,0.0,1.0,0.0,0.0,0.0,0.0,0.0,0.0,0.0,0.0,0.0,0.0,0.0,0.0,0.0,0.0,1.0,0.0,9.230147941707464e-05,0.0,1.0,0.0
Loan-Predication_43595,0.8536585365853658,0.0110528469085693,0.0001394748687744,0.0,1.0,0.0,1.0,0.0,0.0,0.0,0.0,0.0,1.0,0.0,0.0,0.0,0.0,0.0,0.0,0.0,0.0,0.0,0.0,0.0,0.0,0.0,1.0,0.0,0.8425875314531732,0.0001708957149223,0.0,1.0,0.0
Loan-Predication_43595,0.8536585365853658,0.0138800144195556,0.0001747608184814,0.0,1.0,0.0,1.0,0.0,0.0,0.0,0.0,0.0,1.0,0.0,0.0,0.0,0.0,0.0,0.0,0.0,0.0,1.0,0.0,0.0,0.0,0.0,0.0,0.0,0.1974498343954649,0.0008917087453541,0.0,1.0,0.0
Loan-Predication_43595,0.8455284552845529,0.0024611949920654,0.001110553741455,0.0,1.0,0.0,0.0,1.0,0.0,0.0,0.0,0.0,0.0,0.0,1.0,0.0,0.0,0.0,0.0,0.0,0.0,0.0,1.0,0.0,0.0,0.0,0.0,0.0,0.0,0.0001309661522752,0.0,0.0,1.0
Loan-Predication_43595,0.8455284552845529,0.0015015602111816,0.0001208782196044,0.0,1.0,0.0,1.0,0.0,1.0,0.0,0.0,0.0,0.0,0.0,0.0,0.0,0.0,0.0,0.0,0.0,0.0,0.0,1.0,0.0,0.0,0.0,0.0,0.0,0.0,1.4051119652582858e-05,0.0,0.0,1.0
Loan-Predication_43595,0.8455284552845529,0.0023679733276367,0.0001337528228759,0.0,1.0,0.0,1.0,0.0,0.0,0.0,0.0,0.0,0.0,0.0,0.0,0.0,1.0,0.0,0.0,0.0,0.0,0.0,0.0,0.0,0.0,0.0,0.0,1.0,-1.0,0.0001350014420875,1.0,0.0,0.0
Loan-Predication_43595,0.8455284552845529,0.0015289783477783,0.0001254081726074,0.0,1.0,0.0,1.0,0.0,0.0,0.0,0.0,0.0,0.0,0.0,0.0,0.0,0.0,0.0,0.0,1.0,0.0,0.0,1.0,0.0,0.0,0.0,0.0,0.0,-1.0,6.888038331108694e-05,0.0,1.0,0.0
Loan-Predication_43595,0.8455284552845529,0.0013282299041748,0.0001099109649658,0.0,1.0,0.0,0.0,1.0,0.0,0.0,0.0,0.0,0.0,0.0,0.0,0.0,0.0,0.0,0.0,1.0,0.0,0.0,0.0,0.0,0.0,0.0,0.0,1.0,0.0,0.0003324440886775,1.0,0.0,0.0
Loan-Predication_43595,0.8455284552845529,0.0015056133270263,0.0001149177551269,0.0,1.0,0.0,0.0,1.0,0.0,0.0,0.0,0.0,0.0,0.0,1.0,0.0,0.0,0.0,0.0,0.0,0.0,0.0,0.0,0.0,0.0,0.0,0.0,1.0,0.0,4.042752203880992e-05,0.0,0.0,1.0
Loan-Predication_43595,0.8455284552845529,0.0015106201171875,0.0001454353332519,0.0,1.0,0.0,1.0,0.0,0.0,0.0,0.0,1.0,0.0,0.0,0.0,0.0,0.0,0.0,0.0,0.0,0.0,0.0,1.0,0.0,0.0,0.0,0.0,0.0,0.0,0.0007062036180447,0.0,0.0,1.0
Loan-Predication_43595,0.8455284552845529,0.0020418167114257,0.0001373291015625,0.0,1.0,0.0,0.0,1.0,0.0,0.0,0.0,0.0,1.0,0.0,0.0,0.0,0.0,0.0,0.0,0.0,0.0,1.0,0.0,0.0,0.0,0.0,0.0,0.0,0.0,0.0003982464543646,0.0,0.0,1.0
Loan-Predication_43595,0.8455284552845529,0.0013575553894042,0.0001089572906494,0.0,1.0,0.0,0.0,1.0,0.0,0.0,0.0,1.0,0.0,0.0,0.0,0.0,0.0,0.0,0.0,0.0,0.0,0.0,0.0,0.0,0.0,0.0,0.0,1.0,0.0,4.499186006930162e-05,0.0,0.0,1.0
Loan-Predication_43595,0.8455284552845529,0.0014598369598388,0.0001113414764404,0.0,1.0,0.0,0.0,1.0,0.0,0.0,0.0,0.0,0.0,1.0,0.0,0.0,0.0,0.0,0.0,0.0,0.0,0.0,0.0,0.0,0.0,0.0,0.0,1.0,0.0,5.058021661339399e-05,0.0,0.0,1.0
Loan-Predication_43595,0.8455284552845529,0.0013918876647949,0.0001165866851806,0.0,1.0,0.0,0.0,1.0,1.0,0.0,0.0,0.0,0.0,0.0,0.0,0.0,0.0,0.0,0.0,0.0,0.0,0.0,0.0,1.0,0.0,0.0,0.0,0.0,0.0,0.0001085510235679,0.0,0.0,1.0
xd6_40693,1.0,0.0863456726074218,0.0002181529998779,1.0,0.0,1.0,0.0,0.0,0.0,0.0,0.0,0.0,0.0,0.0,0.0,1.0,0.0,0.0,0.0,0.0,0.0,0.0,1.0,0.0,0.0,0.0,0.0,0.0,-1.0,1.5819265986428174e-05,0.0,1.0,0.0
xd6_40693,1.0,0.0052680969238281,0.0002336502075195,1.0,0.0,1.0,0.0,0.0,0.0,0.0,0.0,0.0,0.0,0.0,0.0,0.0,0.0,1.0,0.0,0.0,0.0,0.0,1.0,0.0,0.0,0.0,0.0,0.0,0.0,0.0002400139964313,0.0,0.0,1.0
xd6_40693,1.0,0.0071887969970703,0.0001783370971679,1.0,0.0,1.0,0.0,0.0,0.0,0.0,0.0,0.0,0.0,0.0,0.0,0.0,0.0,1.0,0.0,0.0,0.0,0.0,1.0,0.0,0.0,0.0,0.0,0.0,0.0,0.0001653075422247,0.0,0.0,1.0
xd6_40693,1.0,0.0071704387664794,0.0002059936523437,1.0,0.0,1.0,0.0,0.0,0.0,0.0,0.0,0.0,0.0,0.0,0.0,0.0,0.0,1.0,0.0,0.0,0.0,0.0,1.0,0.0,0.0,0.0,0.0,0.0,-1.0,4.339219203584275e-05,0.0,1.0,0.0
xd6_40693,1.0,0.0056803226470947,0.0001654624938964,1.0,0.0,1.0,0.0,0.0,0.0,0.0,0.0,0.0,0.0,0.0,0.0,0.0,0.0,1.0,0.0,0.0,0.0,0.0,1.0,0.0,0.0,0.0,0.0,0.0,-1.0,0.0001888391875992,1.0,0.0,0.0
xd6_40693,1.0,0.0075478553771972,0.0002169609069824,1.0,0.0,1.0,0.0,0.0,0.0,0.0,0.0,0.0,0.0,0.0,0.0,0.0,0.0,1.0,0.0,0.0,0.0,0.0,1.0,0.0,0.0,0.0,0.0,0.0,0.0,1.5721267278872992e-05,0.0,0.0,1.0
xd6_40693,1.0,0.0073223114013671,0.0002081394195556,0.0,1.0,0.0,0.0,1.0,0.0,0.0,0.0,0.0,0.0,0.0,0.0,0.0,0.0,1.0,0.0,0.0,0.0,0.0,0.0,0.0,0.0,1.0,0.0,0.0,0.0,0.0008018676588875,0.0,0.0,1.0
xd6_40693,1.0,0.0055954456329345,0.0001590251922607,0.0,1.0,0.0,0.0,1.0,0.0,0.0,0.0,0.0,0.0,0.0,0.0,0.0,0.0,1.0,0.0,0.0,0.0,0.0,0.0,0.0,0.0,1.0,0.0,0.0,-1.0,1.3612672700699011e-05,0.0,1.0,0.0
xd6_40693,1.0,0.0052611827850341,0.0001587867736816,0.0,1.0,0.0,0.0,1.0,0.0,0.0,0.0,0.0,0.0,0.0,0.0,0.0,0.0,1.0,0.0,0.0,0.0,0.0,0.0,0.0,0.0,1.0,0.0,0.0,0.0,4.5465127349640855e-05,0.0,0.0,1.0
xd6_40693,1.0,0.0061571598052978,0.0002222061157226,1.0,0.0,0.0,0.0,1.0,0.0,0.0,0.0,0.0,0.0,0.0,0.0,0.0,0.0,1.0,0.0,0.0,0.0,1.0,0.0,0.0,0.0,0.0,0.0,0.0,0.0,0.0008731053372971,0.0,0.0,1.0
xd6_40693,1.0,0.0102617740631103,0.0002205371856689,1.0,0.0,0.0,0.0,1.0,0.0,0.0,0.0,0.0,0.0,0.0,0.0,0.0,0.0,1.0,0.0,0.0,0.0,1.0,0.0,0.0,0.0,0.0,0.0,0.0,-1.0,6.261949502814653e-05,1.0,0.0,0.0
xd6_40693,1.0,0.0089621543884277,0.000218391418457,1.0,0.0,0.0,0.0,1.0,0.0,0.0,0.0,0.0,0.0,0.0,0.0,0.0,0.0,1.0,0.0,0.0,0.0,1.0,0.0,0.0,0.0,0.0,0.0,0.0,-1.0,0.0005904766690131,1.0,0.0,0.0
xd6_40693,1.0,0.0082359313964843,0.0002150535583496,1.0,0.0,0.0,0.0,1.0,0.0,0.0,0.0,0.0,0.0,0.0,0.0,0.0,0.0,1.0,0.0,0.0,0.0,1.0,0.0,0.0,0.0,0.0,0.0,0.0,0.0,2.003543133186146e-05,0.0,1.0,0.0
xd6_40693,1.0,0.086000919342041,0.0002176761627197,1.0,0.0,1.0,0.0,0.0,0.0,0.0,0.0,0.0,0.0,0.0,0.0,1.0,0.0,0.0,0.0,0.0,0.0,0.0,1.0,0.0,0.0,0.0,0.0,0.0,0.0,1.359796870028138e-05,0.0,0.0,1.0
xd6_40693,1.0,0.0855987071990966,0.0002133846282958,1.0,0.0,1.0,0.0,0.0,0.0,0.0,0.0,0.0,0.0,0.0,0.0,1.0,0.0,0.0,0.0,0.0,0.0,0.0,1.0,0.0,0.0,0.0,0.0,0.0,0.0,1.6456767948072246e-05,0.0,0.0,1.0
xd6_40693,1.0,0.0894637107849121,0.0002307891845703,1.0,0.0,0.0,0.0,1.0,0.0,0.0,0.0,0.0,0.0,0.0,0.0,1.0,0.0,0.0,0.0,0.0,0.0,1.0,0.0,0.0,0.0,0.0,0.0,0.0,0.0,0.0008792350834101,0.0,1.0,0.0
xd6_40693,1.0,0.0773601531982421,0.0002155303955078,0.0,1.0,0.0,1.0,0.0,0.0,0.0,0.0,0.0,0.0,0.0,0.0,1.0,0.0,0.0,0.0,0.0,0.0,0.0,1.0,0.0,0.0,0.0,0.0,0.0,-1.0,1.5050599033722404e-05,0.0,1.0,0.0
xd6_40693,1.0,0.059748888015747,0.0002241134643554,0.0,1.0,0.0,1.0,0.0,0.0,0.0,0.0,0.0,0.0,0.0,0.0,1.0,0.0,0.0,0.0,0.0,0.0,0.0,1.0,0.0,0.0,0.0,0.0,0.0,0.986157638690174,0.00020112846961,0.0,1.0,0.0
xd6_40693,1.0,0.0917873382568359,0.0002508163452148,0.0,1.0,0.0,1.0,0.0,0.0,0.0,0.0,0.0,0.0,0.0,0.0,1.0,0.0,0.0,0.0,0.0,0.0,0.0,1.0,0.0,0.0,0.0,0.0,0.0,0.0,7.606749047798958e-05,0.0,0.0,1.0
xd6_40693,1.0,0.0855827331542968,0.0002801418304443,0.0,1.0,0.0,1.0,0.0,0.0,0.0,0.0,0.0,0.0,0.0,0.0,1.0,0.0,0.0,0.0,0.0,0.0,0.0,1.0,0.0,0.0,0.0,0.0,0.0,0.0,0.000526738011165,0.0,0.0,1.0
wisconsin_753,0.7435897435897436,0.001105785369873,0.0001173019409179,1.0,0.0,0.0,0.0,1.0,0.0,0.0,0.0,0.0,0.0,0.0,0.0,0.0,0.0,0.0,0.0,0.0,1.0,0.0,1.0,0.0,0.0,0.0,0.0,0.0,0.0,3.878155906031037e-05,0.0,0.0,1.0
wisconsin_753,0.7435897435897436,0.0012593269348144,0.0001056194305419,1.0,0.0,1.0,0.0,0.0,1.0,0.0,0.0,0.0,0.0,0.0,0.0,0.0,0.0,0.0,0.0,0.0,0.0,0.0,1.0,0.0,0.0,0.0,0.0,0.0,0.498519213143164,1.1424167789756074e-05,1.0,0.0,0.0
wisconsin_753,0.7435897435897436,0.0011148452758789,0.0001029968261718,1.0,0.0,1.0,0.0,0.0,0.0,0.0,0.0,0.0,0.0,0.0,0.0,0.0,0.0,0.0,0.0,0.0,1.0,0.0,1.0,0.0,0.0,0.0,0.0,0.0,0.0,0.0003141957280126,0.0,1.0,0.0
wisconsin_753,0.7435897435897436,0.0011672973632812,0.0001113414764404,0.0,1.0,0.0,1.0,0.0,1.0,0.0,0.0,0.0,0.0,0.0,0.0,0.0,0.0,0.0,0.0,0.0,0.0,0.0,0.0,0.0,0.0,0.0,1.0,0.0,0.0,0.0001504931683435,0.0,0.0,1.0
wisconsin_753,0.7435897435897436,0.0011310577392578,0.0001068115234375,1.0,0.0,0.0,1.0,0.0,0.0,0.0,0.0,0.0,0.0,1.0,0.0,0.0,0.0,0.0,0.0,0.0,0.0,0.0,0.0,1.0,0.0,0.0,0.0,0.0,-1.0,7.396157590414174e-05,1.0,0.0,0.0
wisconsin_753,0.7435897435897436,0.001164436340332,0.000108003616333,1.0,0.0,0.0,0.0,1.0,1.0,0.0,0.0,0.0,0.0,0.0,0.0,0.0,0.0,0.0,0.0,0.0,0.0,1.0,0.0,0.0,0.0,0.0,0.0,0.0,-1.0,4.426209802219309e-05,1.0,0.0,0.0
wisconsin_753,0.7435897435897436,0.0011737346649169,0.0001037120819091,1.0,0.0,0.0,1.0,0.0,1.0,0.0,0.0,0.0,0.0,0.0,0.0,0.0,0.0,0.0,0.0,0.0,0.0,1.0,0.0,0.0,0.0,0.0,0.0,0.0,0.0,0.0006293230894778,0.0,1.0,0.0
wisconsin_753,0.7435897435897436,0.0011353492736816,0.0001101493835449,0.0,1.0,0.0,0.0,1.0,0.0,0.0,0.0,0.0,0.0,0.0,0.0,0.0,0.0,0.0,0.0,0.0,1.0,0.0,1.0,0.0,0.0,0.0,0.0,0.0,0.0,1.7522628248824026e-05,0.0,1.0,0.0
wisconsin_753,0.7435897435897436,0.0011806488037109,0.0001296997070312,1.0,0.0,0.0,1.0,0.0,1.0,0.0,0.0,0.0,0.0,0.0,0.0,0.0,0.0,0.0,0.0,0.0,0.0,0.0,0.0,0.0,0.0,0.0,0.0,1.0,0.0,1.9173850277055782e-05,0.0,0.0,1.0
wisconsin_753,0.7435897435897436,0.0011806488037109,0.000105857849121,0.0,1.0,0.0,0.0,1.0,0.0,0.0,0.0,0.0,0.0,1.0,0.0,0.0,0.0,0.0,0.0,0.0,0.0,0.0,0.0,1.0,0.0,0.0,0.0,0.0,0.0,1.0706756079376393e-05,0.0,0.0,1.0
wisconsin_753,0.7435897435897436,0.0011296272277832,0.0001046657562255,1.0,0.0,0.0,0.0,1.0,1.0,0.0,0.0,0.0,0.0,0.0,0.0,0.0,0.0,0.0,0.0,0.0,0.0,0.0,0.0,0.0,0.0,0.0,1.0,0.0,0.0,1.396777417597559e-05,0.0,1.0,0.0
wisconsin_753,0.7435897435897436,0.0012779235839843,0.000115156173706,0.0,1.0,0.0,0.0,1.0,1.0,0.0,0.0,0.0,0.0,0.0,0.0,0.0,0.0,0.0,0.0,0.0,0.0,0.0,1.0,0.0,0.0,0.0,0.0,0.0,-1.0,0.0005182795860557,1.0,0.0,0.0
wisconsin_753,0.7435897435897436,0.0010631084442138,0.0001251697540283,0.0,1.0,0.0,1.0,0.0,0.0,0.0,0.0,0.0,0.0,1.0,0.0,0.0,0.0,0.0,0.0,0.0,0.0,0.0,0.0,1.0,0.0,0.0,0.0,0.0,0.6083179233358239,0.0003866335583074,0.0,1.0,0.0
wisconsin_753,0.7435897435897436,0.0011005401611328,0.000110387802124,0.0,1.0,1.0,0.0,0.0,0.0,0.0,0.0,0.0,0.0,0.0,0.0,0.0,0.0,0.0,0.0,0.0,1.0,0.0,1.0,0.0,0.0,0.0,0.0,0.0,0.0,1.6026671663660493e-05,0.0,0.0,1.0
wisconsin_753,0.7435897435897436,0.0014851093292236,0.0001196861267089,0.0,1.0,0.0,0.0,1.0,1.0,0.0,0.0,0.0,0.0,0.0,0.0,0.0,0.0,0.0,0.0,0.0,0.0,0.0,0.0,0.0,0.0,0.0,0.0,1.0,-1.0,0.0003627694191894,0.0,1.0,0.0
wisconsin_753,0.7435897435897436,0.0011625289916992,0.000105857849121,0.0,1.0,0.0,0.0,1.0,1.0,0.0,0.0,0.0,0.0,0.0,0.0,0.0,0.0,0.0,0.0,0.0,0.0,1.0,0.0,0.0,0.0,0.0,0.0,0.0,0.9487931515820072,0.000191469140473,1.0,0.0,0.0
wisconsin_753,0.7435897435897436,0.0010867118835449,0.000110387802124,1.0,0.0,0.0,1.0,0.0,0.0,0.0,0.0,0.0,0.0,0.0,0.0,0.0,0.0,0.0,0.0,0.0,1.0,0.0,1.0,0.0,0.0,0.0,0.0,0.0,-1.0,5.956212586289308e-05,1.0,0.0,0.0
wisconsin_753,0.7435897435897436,0.0012540817260742,0.0001149177551269,1.0,0.0,0.0,0.0,1.0,0.0,0.0,0.0,0.0,0.0,1.0,0.0,0.0,0.0,0.0,0.0,0.0,0.0,0.0,0.0,1.0,0.0,0.0,0.0,0.0,0.0,1.4737005195469488e-05,0.0,0.0,1.0
wisconsin_753,0.7435897435897436,0.0011374950408935,0.0001094341278076,0.0,1.0,1.0,0.0,0.0,1.0,0.0,0.0,0.0,0.0,0.0,0.0,0.0,0.0,0.0,0.0,0.0,0.0,0.0,0.0,0.0,0.0,0.0,0.0,1.0,-1.0,0.000160215096471,1.0,0.0,0.0
wisconsin_753,0.7435897435897436,0.0013179779052734,0.0001208782196044,1.0,0.0,1.0,0.0,0.0,1.0,0.0,0.0,0.0,0.0,0.0,0.0,0.0,0.0,0.0,0.0,0.0,0.0,1.0,0.0,0.0,0.0,0.0,0.0,0.0,0.0,0.0004779159868091,0.0,0.0,1.0
mc2_1054,0.9090909090909092,0.0009787082672119,0.0001025199890136,1.0,0.0,0.0,1.0,0.0,0.0,0.0,0.0,0.0,0.0,1.0,0.0,0.0,0.0,0.0,0.0,0.0,0.0,0.0,0.0,0.0,0.0,0.0,1.0,0.0,0.0,6.940951194718359e-05,0.0,0.0,1.0
mc2_1054,0.9090909090909092,0.0010902881622314,0.0001041889190673,0.0,1.0,0.0,1.0,0.0,0.0,0.0,0.0,0.0,0.0,1.0,0.0,0.0,0.0,0.0,0.0,0.0,0.0,0.0,0.0,0.0,0.0,0.0,1.0,0.0,0.0,7.059521055538976e-05,1.0,0.0,0.0
mc2_1054,0.9090909090909092,0.0011637210845947,0.0001051425933837,0.0,1.0,1.0,0.0,0.0,0.0,0.0,0.0,0.0,0.0,1.0,0.0,0.0,0.0,0.0,0.0,0.0,0.0,0.0,0.0,0.0,0.0,0.0,1.0,0.0,0.0,0.0004501592939838,0.0,1.0,0.0
mc2_1054,0.9090909090909092,0.001061201095581,0.0001027584075927,1.0,0.0,1.0,0.0,0.0,0.0,0.0,0.0,0.0,0.0,1.0,0.0,0.0,0.0,0.0,0.0,0.0,0.0,0.0,0.0,0.0,0.0,0.0,1.0,0.0,0.0,2.637464243880772e-05,0.0,1.0,0.0
mc2_1054,0.9090909090909092,0.0010299682617187,0.000105857849121,0.0,1.0,0.0,0.0,1.0,0.0,0.0,0.0,0.0,0.0,1.0,0.0,0.0,0.0,0.0,0.0,0.0,0.0,0.0,0.0,0.0,0.0,0.0,1.0,0.0,0.0,2.2127746963982973e-05,0.0,0.0,1.0
mc2_1054,0.9090909090909092,0.0010397434234619,0.0001051425933837,1.0,0.0,0.0,0.0,1.0,0.0,0.0,0.0,0.0,0.0,1.0,0.0,0.0,0.0,0.0,0.0,0.0,0.0,0.0,0.0,0.0,0.0,0.0,1.0,0.0,0.306944794283999,0.0002461275791576,0.0,1.0,0.0
mc2_1054,0.90625,0.0131752490997314,0.0002772808074951,0.0,1.0,0.0,1.0,0.0,0.0,0.0,0.0,0.0,0.0,0.0,0.0,1.0,0.0,0.0,0.0,0.0,0.0,0.0,0.0,0.0,1.0,0.0,0.0,0.0,0.0,0.0002055558791614,1.0,0.0,0.0
mc2_1054,0.90625,0.0277514457702636,0.0001971721649169,0.0,1.0,1.0,0.0,0.0,0.0,0.0,0.0,0.0,0.0,0.0,0.0,1.0,0.0,0.0,0.0,0.0,0.0,0.0,0.0,0.0,1.0,0.0,0.0,0.0,0.0,0.0006671949255137,0.0,0.0,1.0
mc2_1054,0.90625,0.07108736038208,0.0001769065856933,1.0,0.0,1.0,0.0,0.0,0.0,0.0,0.0,0.0,0.0,0.0,0.0,1.0,0.0,0.0,0.0,0.0,0.0,0.0,0.0,0.0,1.0,0.0,0.0,0.0,0.0,4.661294724066935e-05,0.0,0.0,1.0
mc2_1054,0.90625,0.0716927051544189,0.0002076625823974,1.0,0.0,0.0,0.0,1.0,0.0,0.0,0.0,0.0,0.0,0.0,0.0,1.0,0.0,0.0,0.0,0.0,0.0,0.0,0.0,0.0,1.0,0.0,0.0,0.0,0.0,2.5351400077771068e-05,0.0,0.0,1.0
mc2_1054,0.90625,0.0160026550292968,0.0001821517944335,1.0,0.0,0.0,1.0,0.0,0.0,0.0,0.0,0.0,0.0,0.0,0.0,1.0,0.0,0.0,0.0,0.0,0.0,0.0,0.0,0.0,1.0,0.0,0.0,0.0,0.0,7.205418871633172e-05,0.0,0.0,1.0
mc2_1054,0.90625,0.0189318656921386,0.0001592636108398,0.0,1.0,0.0,0.0,1.0,0.0,0.0,0.0,0.0,0.0,0.0,0.0,1.0,0.0,0.0,0.0,0.0,0.0,0.0,0.0,0.0,1.0,0.0,0.0,0.0,0.0,5.855724090567708e-05,0.0,1.0,0.0
mc2_1054,0.8484848484848485,0.0010855197906494,0.0001072883605957,1.0,0.0,1.0,0.0,0.0,0.0,0.0,0.0,0.0,0.0,1.0,0.0,0.0,0.0,0.0,0.0,0.0,0.0,0.0,0.0,0.0,0.0,0.0,0.0,1.0,0.0,0.0007519514388658,0.0,0.0,1.0
mc2_1054,0.8484848484848485,0.001025915145874,0.00010347366333,1.0,0.0,0.0,1.0,0.0,0.0,0.0,0.0,0.0,0.0,1.0,0.0,0.0,0.0,0.0,0.0,0.0,0.0,0.0,0.0,0.0,0.0,0.0,0.0,1.0,-1.0,0.0006842467445776,0.0,1.0,0.0
mc2_1054,0.8484848484848485,0.0009613037109375,0.0001029968261718,0.0,1.0,1.0,0.0,0.0,0.0,0.0,0.0,0.0,0.0,1.0,0.0,0.0,0.0,0.0,0.0,0.0,0.0,0.0,0.0,0.0,0.0,0.0,0.0,1.0,0.0,7.182890579650808e-05,0.0,0.0,1.0
mc2_1054,0.8484848484848485,0.0010690689086914,0.0001046657562255,1.0,0.0,0.0,0.0,1.0,0.0,0.0,0.0,0.0,0.0,1.0,0.0,0.0,0.0,0.0,0.0,0.0,0.0,0.0,0.0,0.0,0.0,0.0,0.0,1.0,0.2606321164106306,6.683290052159525e-05,0.0,1.0,0.0
mc2_1054,0.8484848484848485,0.0010182857513427,0.000101089477539,0.0,1.0,0.0,0.0,1.0,0.0,0.0,0.0,0.0,0.0,1.0,0.0,0.0,0.0,0.0,0.0,0.0,0.0,0.0,0.0,0.0,0.0,0.0,0.0,1.0,0.0,7.762213360496185e-05,0.0,0.0,1.0
mc2_1054,0.8484848484848485,0.0010395050048828,0.0001068115234375,0.0,1.0,0.0,1.0,0.0,0.0,0.0,0.0,0.0,0.0,1.0,0.0,0.0,0.0,0.0,0.0,0.0,0.0,0.0,0.0,0.0,0.0,0.0,0.0,1.0,-1.0,0.0002895949715092,0.0,1.0,0.0
mc2_1054,0.84375,0.0151624679565429,0.0001537799835205,1.0,0.0,1.0,0.0,0.0,0.0,0.0,0.0,0.0,0.0,0.0,0.0,1.0,0.0,0.0,0.0,0.0,0.0,0.0,0.0,0.0,0.0,1.0,0.0,0.0,-1.0,0.0001259273842912,0.0,1.0,0.0
mc2_1054,0.84375,0.0244414806365966,0.0002331733703613,1.0,0.0,1.0,0.0,0.0,0.0,0.0,0.0,0.0,0.0,0.0,0.0,0.0,0.0,1.0,0.0,0.0,0.0,0.0,0.0,0.0,0.0,1.0,0.0,0.0,0.5654849116556717,3.765726332429339e-05,0.0,1.0,0.0
chscase_census5_906,0.6,0.0078194141387939,0.0001585483551025,1.0,0.0,1.0,0.0,0.0,0.0,0.0,0.0,0.0,0.0,0.0,0.0,0.0,0.0,0.0,1.0,0.0,0.0,0.0,0.0,0.0,0.0,1.0,0.0,0.0,-1.0,0.0003447142494855,1.0,0.0,0.0
chscase_census5_906,0.6,0.0025510787963867,0.0001380443572998,1.0,0.0,0.0,1.0,0.0,0.0,0.0,0.0,0.0,0.0,0.0,0.0,0.0,0.0,1.0,0.0,0.0,0.0,0.0,0.0,0.0,0.0,1.0,0.0,0.0,0.0,0.0006421818510802,1.0,0.0,0.0
chscase_census5_906,0.6,0.0079998970031738,0.0001716613769531,0.0,1.0,1.0,0.0,0.0,0.0,0.0,0.0,0.0,0.0,0.0,0.0,0.0,0.0,0.0,1.0,0.0,0.0,0.0,0.0,0.0,0.0,1.0,0.0,0.0,-1.0,0.0002725934434639,1.0,0.0,0.0
chscase_census5_906,0.6,0.0080652236938476,0.0001614093780517,1.0,0.0,0.0,0.0,1.0,0.0,0.0,0.0,0.0,0.0,0.0,0.0,0.0,0.0,0.0,1.0,0.0,0.0,0.0,0.0,0.0,0.0,1.0,0.0,0.0,-1.0,2.4507815335533373e-05,1.0,0.0,0.0
chscase_census5_906,0.6,0.0024800300598144,0.0001361370086669,0.0,1.0,0.0,1.0,0.0,0.0,0.0,0.0,0.0,0.0,0.0,0.0,0.0,0.0,1.0,0.0,0.0,0.0,0.0,0.0,0.0,0.0,1.0,0.0,0.0,0.0,0.0003833073949079,0.0,0.0,1.0
chscase_census5_906,0.6,0.0097596645355224,0.00020432472229,0.0,1.0,1.0,0.0,0.0,0.0,0.0,0.0,0.0,0.0,0.0,0.0,0.0,0.0,0.0,1.0,0.0,0.0,0.0,0.0,0.0,0.0,1.0,0.0,0.0,-1.0,0.0009503909428366,0.0,1.0,0.0
chscase_census5_906,0.6,0.0079736709594726,0.0001654624938964,1.0,0.0,0.0,1.0,0.0,0.0,0.0,0.0,0.0,0.0,0.0,0.0,0.0,0.0,0.0,1.0,0.0,0.0,0.0,0.0,0.0,0.0,1.0,0.0,0.0,0.0,0.0002345904172692,0.0,0.0,1.0
chscase_census5_906,0.6,0.0029988288879394,0.0001733303070068,1.0,0.0,0.0,0.0,1.0,0.0,0.0,0.0,0.0,0.0,0.0,0.0,0.0,0.0,1.0,0.0,0.0,0.0,0.0,0.0,0.0,0.0,1.0,0.0,0.0,0.0753588033717184,3.074485247265088e-05,1.0,0.0,0.0
chscase_census5_906,0.6,0.0094776153564453,0.0001728534698486,1.0,0.0,0.0,1.0,0.0,0.0,0.0,0.0,0.0,0.0,0.0,0.0,0.0,0.0,0.0,1.0,0.0,0.0,0.0,0.0,0.0,0.0,1.0,0.0,0.0,-1.0,1.0258768207436326e-05,1.0,0.0,0.0
chscase_census5_906,0.6,0.0082426071166992,0.0001711845397949,0.0,1.0,0.0,1.0,0.0,0.0,0.0,0.0,0.0,0.0,0.0,0.0,0.0,0.0,0.0,1.0,0.0,0.0,0.0,0.0,0.0,0.0,1.0,0.0,0.0,0.0,5.899460512422449e-05,0.0,0.0,1.0
chscase_census5_906,0.6,0.0084190368652343,0.0002379417419433,0.0,1.0,0.0,1.0,0.0,0.0,0.0,0.0,0.0,0.0,0.0,0.0,0.0,0.0,0.0,1.0,0.0,0.0,0.0,0.0,0.0,0.0,1.0,0.0,0.0,-1.0,8.719672748830775e-05,0.0,1.0,0.0
chscase_census5_906,0.6,0.0100455284118652,0.0001804828643798,1.0,0.0,0.0,0.0,1.0,0.0,0.0,0.0,0.0,0.0,0.0,0.0,0.0,0.0,0.0,1.0,0.0,0.0,0.0,0.0,0.0,0.0,1.0,0.0,0.0,0.9936148719756034,0.0006596429607902,1.0,0.0,0.0
chscase_census5_906,0.6,0.0025031566619873,0.0001349449157714,0.0,1.0,0.0,0.0,1.0,0.0,0.0,0.0,0.0,0.0,0.0,0.0,0.0,0.0,1.0,0.0,0.0,0.0,0.0,0.0,0.0,0.0,1.0,0.0,0.0,-1.0,0.0001735239722028,0.0,1.0,0.0
chscase_census5_906,0.6,0.0080773830413818,0.0001780986785888,0.0,1.0,0.0,0.0,1.0,0.0,0.0,0.0,0.0,0.0,0.0,0.0,0.0,0.0,0.0,1.0,0.0,0.0,0.0,0.0,0.0,0.0,1.0,0.0,0.0,0.0,3.657963987995734e-05,0.0,0.0,1.0
chscase_census5_906,0.6,0.0093626976013183,0.0002050399780273,1.0,0.0,1.0,0.0,0.0,0.0,0.0,0.0,0.0,0.0,0.0,0.0,0.0,0.0,0.0,1.0,0.0,0.0,0.0,0.0,0.0,0.0,1.0,0.0,0.0,0.0,0.0002418024730266,0.0,0.0,1.0
chscase_census5_906,0.6,0.0091331005096435,0.0001699924468994,0.0,1.0,0.0,0.0,1.0,0.0,0.0,0.0,0.0,0.0,0.0,0.0,0.0,0.0,0.0,1.0,0.0,0.0,0.0,0.0,0.0,0.0,1.0,0.0,0.0,-1.0,1.52889767096612e-05,0.0,1.0,0.0
chscase_census5_906,0.6,0.002087116241455,0.000117540359497,1.0,0.0,1.0,0.0,0.0,0.0,0.0,0.0,0.0,0.0,0.0,0.0,0.0,0.0,1.0,0.0,0.0,0.0,0.0,0.0,0.0,0.0,1.0,0.0,0.0,0.0,2.672157226166926e-05,0.0,0.0,1.0
chscase_census5_906,0.6,0.0024654865264892,0.0001380443572998,0.0,1.0,1.0,0.0,0.0,0.0,0.0,0.0,0.0,0.0,0.0,0.0,0.0,0.0,1.0,0.0,0.0,0.0,0.0,0.0,0.0,0.0,1.0,0.0,0.0,-1.0,0.0003083055004188,0.0,1.0,0.0
chscase_census5_906,0.5875,0.0103185176849365,0.0001833438873291,1.0,0.0,0.0,1.0,0.0,0.0,0.0,0.0,0.0,0.0,0.0,0.0,0.0,0.0,0.0,1.0,0.0,0.0,0.0,0.0,0.0,0.0,0.0,1.0,0.0,-1.0,3.930607507796532e-05,1.0,0.0,0.0
chscase_census5_906,0.5875,0.0087001323699951,0.0001616477966308,0.0,1.0,0.0,0.0,1.0,0.0,0.0,0.0,0.0,0.0,0.0,0.0,0.0,0.0,0.0,1.0,0.0,0.0,0.0,0.0,0.0,0.0,0.0,1.0,0.0,0.0,1.1542050511264244e-05,0.0,0.0,1.0
strikes_770,0.904,0.0813877582550048,0.0002143383026123,0.0,1.0,0.0,1.0,0.0,0.0,0.0,0.0,0.0,0.0,0.0,0.0,1.0,0.0,0.0,0.0,0.0,0.0,1.0,0.0,0.0,0.0,0.0,0.0,0.0,0.141080250973527,9.852264697158116e-05,1.0,0.0,0.0
strikes_770,0.904,0.0620818138122558,0.0002229213714599,1.0,0.0,1.0,0.0,0.0,0.0,0.0,0.0,0.0,0.0,0.0,0.0,1.0,0.0,0.0,0.0,0.0,0.0,1.0,0.0,0.0,0.0,0.0,0.0,0.0,-1.0,0.0002070618405183,1.0,0.0,0.0
strikes_770,0.904,0.058340311050415,0.0002169609069824,1.0,0.0,0.0,1.0,0.0,0.0,0.0,0.0,0.0,0.0,0.0,0.0,1.0,0.0,0.0,0.0,0.0,0.0,1.0,0.0,0.0,0.0,0.0,0.0,0.0,0.0,0.0003784779425569,0.0,0.0,1.0
strikes_770,0.904,0.084721565246582,0.0002253055572509,0.0,1.0,1.0,0.0,0.0,0.0,0.0,0.0,0.0,0.0,0.0,0.0,1.0,0.0,0.0,0.0,0.0,0.0,1.0,0.0,0.0,0.0,0.0,0.0,0.0,-1.0,4.0932079782764685e-05,1.0,0.0,0.0
strikes_770,0.904,0.0759425163269043,0.0002508163452148,0.0,1.0,0.0,0.0,1.0,0.0,0.0,0.0,0.0,0.0,0.0,0.0,1.0,0.0,0.0,0.0,0.0,0.0,1.0,0.0,0.0,0.0,0.0,0.0,0.0,0.0,7.065617546724849e-05,0.0,0.0,1.0
strikes_770,0.904,0.0774760246276855,0.0002176761627197,1.0,0.0,0.0,0.0,1.0,0.0,0.0,0.0,0.0,0.0,0.0,0.0,1.0,0.0,0.0,0.0,0.0,0.0,1.0,0.0,0.0,0.0,0.0,0.0,0.0,0.0,0.0001297545752887,0.0,0.0,1.0
strikes_770,0.888,0.081528902053833,0.0002243518829345,0.0,1.0,0.0,1.0,0.0,0.0,0.0,0.0,0.0,0.0,0.0,0.0,1.0,0.0,0.0,0.0,0.0,0.0,1.0,0.0,0.0,0.0,0.0,0.0,0.0,0.6478891053436521,1.4104009124839758e-05,1.0,0.0,0.0
strikes_770,0.888,0.0806615352630615,0.0002119541168212,0.0,1.0,0.0,1.0,0.0,0.0,0.0,0.0,0.0,0.0,0.0,0.0,1.0,0.0,0.0,0.0,0.0,0.0,1.0,0.0,0.0,0.0,0.0,0.0,0.0,0.0,2.4847766259120592e-05,0.0,1.0,0.0
strikes_770,0.888,0.0810725688934326,0.000213623046875,1.0,0.0,1.0,0.0,0.0,0.0,0.0,0.0,0.0,0.0,0.0,0.0,1.0,0.0,0.0,0.0,0.0,0.0,1.0,0.0,0.0,0.0,0.0,0.0,0.0,0.0,5.476564865079175e-05,0.0,0.0,1.0
strikes_770,0.888,0.0813047885894775,0.0002171993255615,1.0,0.0,1.0,0.0,0.0,0.0,0.0,0.0,0.0,0.0,0.0,0.0,1.0,0.0,0.0,0.0,0.0,0.0,1.0,0.0,0.0,0.0,0.0,0.0,0.0,0.0,3.422585900010423e-05,0.0,0.0,1.0
strikes_770,0.888,0.0822470188140869,0.0002171993255615,0.0,1.0,1.0,0.0,0.0,0.0,0.0,0.0,0.0,0.0,0.0,0.0,1.0,0.0,0.0,0.0,0.0,0.0,1.0,0.0,0.0,0.0,0.0,0.0,0.0,0.0,8.543920766456044e-05,0.0,0.0,1.0
strikes_770,0.888,0.0528161525726318,0.0002126693725585,1.0,0.0,0.0,0.0,1.0,0.0,0.0,0.0,0.0,0.0,0.0,0.0,1.0,0.0,0.0,0.0,0.0,0.0,1.0,0.0,0.0,0.0,0.0,0.0,0.0,0.4484580277520215,0.0002002010476786,1.0,0.0,0.0
strikes_770,0.888,0.0838351249694824,0.0002188682556152,0.0,1.0,0.0,0.0,1.0,0.0,0.0,0.0,0.0,0.0,0.0,0.0,1.0,0.0,0.0,0.0,0.0,0.0,1.0,0.0,0.0,0.0,0.0,0.0,0.0,0.0,0.0001200526660834,0.0,0.0,1.0
strikes_770,0.888,0.1396467685699463,0.0002210140228271,0.0,1.0,0.0,0.0,1.0,0.0,0.0,0.0,0.0,0.0,0.0,0.0,1.0,0.0,0.0,0.0,0.0,0.0,1.0,0.0,0.0,0.0,0.0,0.0,0.0,0.7017628189794151,0.0003535220053434,1.0,0.0,0.0
strikes_770,0.888,0.1526429653167724,0.0002303123474121,1.0,0.0,0.0,0.0,1.0,0.0,0.0,0.0,0.0,0.0,0.0,0.0,1.0,0.0,0.0,0.0,0.0,0.0,1.0,0.0,0.0,0.0,0.0,0.0,0.0,0.0,0.000178937816804,0.0,0.0,1.0
strikes_770,0.888,0.08111572265625,0.0002110004425048,1.0,0.0,0.0,1.0,0.0,0.0,0.0,0.0,0.0,0.0,0.0,0.0,1.0,0.0,0.0,0.0,0.0,0.0,1.0,0.0,0.0,0.0,0.0,0.0,0.0,0.0,3.8355183025924455e-05,0.0,1.0,0.0
strikes_770,0.888,0.0225205421447753,0.0002176761627197,1.0,0.0,0.0,1.0,0.0,0.0,0.0,0.0,0.0,0.0,0.0,0.0,1.0,0.0,0.0,0.0,0.0,0.0,1.0,0.0,0.0,0.0,0.0,0.0,0.0,-1.0,1.7375534541386942e-05,0.0,1.0,0.0
strikes_770,0.888,0.0779380798339843,0.0002167224884033,0.0,1.0,1.0,0.0,0.0,0.0,0.0,0.0,0.0,0.0,0.0,0.0,1.0,0.0,0.0,0.0,0.0,0.0,1.0,0.0,0.0,0.0,0.0,0.0,0.0,0.0,0.0001902750288403,0.0,0.0,1.0
strikes_770,0.864,0.0814237594604492,0.0002181529998779,1.0,0.0,1.0,0.0,0.0,0.0,0.0,0.0,0.0,0.0,0.0,0.0,1.0,0.0,0.0,0.0,0.0,0.0,1.0,0.0,0.0,0.0,0.0,0.0,0.0,0.0,2.6540250179782808e-05,0.0,0.0,1.0
strikes_770,0.864,0.0731492042541503,0.0002493858337402,0.0,1.0,0.0,1.0,0.0,0.0,0.0,0.0,0.0,0.0,0.0,0.0,1.0,0.0,0.0,0.0,0.0,0.0,1.0,0.0,0.0,0.0,0.0,0.0,0.0,0.0,4.338409939806234e-05,0.0,0.0,1.0
analcatdata_halloffame_966,0.9776119402985076,0.0599045753479003,0.0002126693725585,0.0,1.0,0.0,1.0,0.0,0.0,0.0,0.0,0.0,0.0,0.0,0.0,1.0,0.0,0.0,0.0,0.0,0.0,0.0,0.0,0.0,0.0,0.0,1.0,0.0,0.1896959749573388,0.0003894077319686,0.0,1.0,0.0
analcatdata_halloffame_966,0.9738805970149254,0.0825014114379882,0.0002272129058837,0.0,1.0,0.0,1.0,0.0,0.0,0.0,0.0,0.0,0.0,0.0,0.0,1.0,0.0,0.0,0.0,0.0,0.0,1.0,0.0,0.0,0.0,0.0,0.0,0.0,0.5445988151602528,2.753137536767281e-05,1.0,0.0,0.0
analcatdata_halloffame_966,0.9738805970149254,0.0873811244964599,0.000230073928833,0.0,1.0,0.0,1.0,0.0,0.0,0.0,0.0,0.0,0.0,0.0,0.0,1.0,0.0,0.0,0.0,0.0,0.0,1.0,0.0,0.0,0.0,0.0,0.0,0.0,-1.0,0.0001190338876002,1.0,0.0,0.0
analcatdata_halloffame_966,0.9701492537313432,0.0019700527191162,0.0001437664031982,0.0,1.0,0.0,0.0,1.0,0.0,0.0,0.0,0.0,0.0,0.0,0.0,0.0,0.0,0.0,0.0,1.0,0.0,0.0,1.0,0.0,0.0,0.0,0.0,0.0,0.0,1.5475651106951903e-05,0.0,0.0,1.0
analcatdata_halloffame_966,0.9701492537313432,0.0722002983093261,0.0002763271331787,0.0,1.0,0.0,1.0,0.0,0.0,0.0,0.0,0.0,0.0,0.0,0.0,0.0,0.0,1.0,0.0,0.0,0.0,0.0,0.0,0.0,1.0,0.0,0.0,0.0,-1.0,6.80893172937389e-05,1.0,0.0,0.0
analcatdata_halloffame_966,0.9701492537313432,0.1029837131500244,0.0002319812774658,0.0,1.0,0.0,0.0,1.0,0.0,0.0,0.0,0.0,0.0,0.0,0.0,1.0,0.0,0.0,0.0,0.0,0.0,0.0,0.0,0.0,0.0,0.0,1.0,0.0,0.0,0.0009131753372476,0.0,0.0,1.0
analcatdata_halloffame_966,0.9701492537313432,0.002103567123413,0.000126838684082,0.0,1.0,0.0,0.0,1.0,0.0,0.0,0.0,0.0,0.0,0.0,0.0,0.0,0.0,0.0,0.0,1.0,0.0,0.0,0.0,0.0,0.0,0.0,0.0,1.0,0.0,0.0008105235575316,1.0,0.0,0.0
analcatdata_halloffame_966,0.9701492537313432,0.0018892288208007,0.0001349449157714,0.0,1.0,0.0,0.0,1.0,0.0,0.0,0.0,0.0,0.0,0.0,0.0,0.0,0.0,0.0,0.0,1.0,0.0,1.0,0.0,0.0,0.0,0.0,0.0,0.0,0.0,0.0007819673189715,1.0,0.0,0.0
analcatdata_halloffame_966,0.9701492537313432,0.0018870830535888,0.0001139640808105,0.0,1.0,0.0,0.0,1.0,0.0,0.0,0.0,0.0,0.0,0.0,0.0,0.0,0.0,0.0,0.0,1.0,0.0,0.0,0.0,0.0,0.0,0.0,1.0,0.0,-1.0,0.0001549969187318,1.0,0.0,0.0
analcatdata_halloffame_966,0.9664179104477612,0.0035994052886962,0.0001661777496337,0.0,1.0,0.0,0.0,1.0,0.0,1.0,0.0,0.0,0.0,0.0,0.0,0.0,0.0,0.0,0.0,0.0,0.0,0.0,0.0,0.0,1.0,0.0,0.0,0.0,0.0,3.8849621335324974e-05,0.0,0.0,1.0
analcatdata_halloffame_966,0.9664179104477612,0.0025243759155273,0.0001440048217773,0.0,1.0,0.0,0.0,1.0,0.0,0.0,0.0,0.0,0.0,0.0,0.0,0.0,1.0,0.0,0.0,0.0,0.0,0.0,0.0,0.0,1.0,0.0,0.0,0.0,0.0525180209822461,5.127471954237483e-05,0.0,1.0,0.0
analcatdata_halloffame_966,0.9664179104477612,0.0024371147155761,0.0001261234283447,0.0,1.0,0.0,1.0,0.0,1.0,0.0,0.0,0.0,0.0,0.0,0.0,0.0,0.0,0.0,0.0,0.0,0.0,0.0,0.0,0.0,0.0,0.0,0.0,1.0,0.4514720622916527,2.5827886034558804e-05,0.0,1.0,0.0
analcatdata_halloffame_966,0.9664179104477612,0.0025601387023925,0.0001208782196044,0.0,1.0,0.0,0.0,1.0,0.0,0.0,0.0,0.0,0.0,0.0,1.0,0.0,0.0,0.0,0.0,0.0,0.0,0.0,0.0,0.0,1.0,0.0,0.0,0.0,0.0,1.567458027471631e-05,0.0,0.0,1.0
analcatdata_halloffame_966,0.9664179104477612,0.0069818496704101,0.0001451969146728,0.0,1.0,0.0,0.0,1.0,0.0,0.0,0.0,0.0,1.0,0.0,0.0,0.0,0.0,0.0,0.0,0.0,0.0,0.0,0.0,0.0,0.0,0.0,1.0,0.0,-1.0,2.1762239854647174e-05,1.0,0.0,0.0
analcatdata_halloffame_966,0.9664179104477612,0.0030794143676757,0.0001285076141357,0.0,1.0,0.0,1.0,0.0,0.0,1.0,0.0,0.0,0.0,0.0,0.0,0.0,0.0,0.0,0.0,0.0,0.0,0.0,0.0,0.0,0.0,0.0,0.0,1.0,0.0,8.600481379412963e-05,0.0,0.0,1.0
analcatdata_halloffame_966,0.9664179104477612,0.0019972324371337,0.0001194477081298,0.0,1.0,0.0,1.0,0.0,0.0,0.0,0.0,0.0,0.0,0.0,0.0,0.0,0.0,0.0,0.0,1.0,0.0,0.0,0.0,0.0,0.0,0.0,0.0,1.0,-1.0,1.1325586530737386e-05,1.0,0.0,0.0
analcatdata_halloffame_966,0.9664179104477612,0.0768721103668212,0.0001804828643798,0.0,1.0,0.0,1.0,0.0,0.0,0.0,0.0,0.0,1.0,0.0,0.0,0.0,0.0,0.0,0.0,0.0,0.0,0.0,0.0,1.0,0.0,0.0,0.0,0.0,0.0,0.0007557748638227,1.0,0.0,0.0
analcatdata_halloffame_966,0.9664179104477612,0.0560700893402099,0.0002012252807617,0.0,1.0,0.0,1.0,0.0,0.0,0.0,0.0,0.0,1.0,0.0,0.0,0.0,0.0,0.0,0.0,0.0,0.0,0.0,0.0,0.0,0.0,0.0,0.0,1.0,-1.0,0.0001328146674055,0.0,1.0,0.0
analcatdata_halloffame_966,0.9664179104477612,0.0029859542846679,0.0001299381256103,0.0,1.0,0.0,1.0,0.0,0.0,1.0,0.0,0.0,0.0,0.0,0.0,0.0,0.0,0.0,0.0,0.0,0.0,1.0,0.0,0.0,0.0,0.0,0.0,0.0,0.0,2.2235173975261707e-05,0.0,0.0,1.0
analcatdata_halloffame_966,0.9664179104477612,0.0022687911987304,0.0001189708709716,0.0,1.0,0.0,1.0,0.0,1.0,0.0,0.0,0.0,0.0,0.0,0.0,0.0,0.0,0.0,0.0,0.0,0.0,0.0,0.0,0.0,0.0,1.0,0.0,0.0,0.0,6.802699326244805e-05,0.0,0.0,1.0
biomed_481,0.9523809523809524,0.1908776760101318,0.0001890659332275,0.0,1.0,0.0,1.0,0.0,0.0,0.0,0.0,0.0,0.0,0.0,0.0,1.0,0.0,0.0,0.0,0.0,0.0,0.0,0.0,0.0,1.0,0.0,0.0,0.0,0.0,5.656836498247581e-05,1.0,0.0,0.0
biomed_481,0.9523809523809524,0.0010228157043457,0.0001041889190673,0.0,1.0,0.0,1.0,0.0,0.0,0.0,0.0,0.0,0.0,0.0,0.0,0.0,0.0,0.0,0.0,0.0,1.0,0.0,0.0,0.0,1.0,0.0,0.0,0.0,-1.0,0.0004684891678943,0.0,1.0,0.0
biomed_481,0.9523809523809524,0.0010302066802978,0.0001041889190673,0.0,1.0,1.0,0.0,0.0,0.0,0.0,0.0,0.0,0.0,0.0,0.0,0.0,0.0,0.0,0.0,0.0,1.0,0.0,0.0,0.0,1.0,0.0,0.0,0.0,0.0,1.7417656172507845e-05,1.0,0.0,0.0
biomed_481,0.9523809523809524,0.200834035873413,0.0001883506774902,0.0,1.0,1.0,0.0,0.0,0.0,0.0,0.0,0.0,0.0,0.0,0.0,1.0,0.0,0.0,0.0,0.0,0.0,0.0,0.0,0.0,1.0,0.0,0.0,0.0,0.0,7.240045350098326e-05,0.0,0.0,1.0
biomed_481,0.9523809523809524,0.0009963512420654,0.0001029968261718,0.0,1.0,0.0,0.0,1.0,0.0,0.0,0.0,0.0,0.0,0.0,0.0,0.0,0.0,0.0,0.0,0.0,1.0,0.0,0.0,0.0,1.0,0.0,0.0,0.0,0.0,0.0002646184705496,1.0,0.0,0.0
biomed_481,0.9523809523809524,0.1714262962341308,0.0002062320709228,0.0,1.0,0.0,0.0,1.0,0.0,0.0,0.0,0.0,0.0,0.0,0.0,1.0,0.0,0.0,0.0,0.0,0.0,0.0,0.0,0.0,1.0,0.0,0.0,0.0,-1.0,5.576707426231927e-05,1.0,0.0,0.0
biomed_481,0.951219512195122,0.1791291236877441,0.0002176761627197,0.0,1.0,0.0,1.0,0.0,0.0,0.0,0.0,0.0,0.0,0.0,0.0,1.0,0.0,0.0,0.0,0.0,0.0,0.0,0.0,0.0,0.0,0.0,1.0,0.0,0.789586196349494,5.190215176166408e-05,1.0,0.0,0.0
biomed_481,0.951219512195122,0.1925148963928222,0.0001873970031738,0.0,1.0,1.0,0.0,0.0,0.0,0.0,0.0,0.0,0.0,0.0,0.0,1.0,0.0,0.0,0.0,0.0,0.0,0.0,0.0,0.0,0.0,0.0,1.0,0.0,0.0,4.795971902913375e-05,0.0,0.0,1.0
biomed_481,0.951219512195122,0.3290631771087646,0.0001964569091796,0.0,1.0,0.0,0.0,1.0,0.0,0.0,0.0,0.0,0.0,0.0,0.0,1.0,0.0,0.0,0.0,0.0,0.0,0.0,0.0,0.0,0.0,0.0,1.0,0.0,0.0,0.0003342108593474,0.0,0.0,1.0
biomed_481,0.9285714285714286,0.0010912418365478,0.0001046657562255,0.0,1.0,0.0,1.0,0.0,0.0,0.0,0.0,0.0,0.0,0.0,0.0,0.0,1.0,0.0,0.0,0.0,0.0,0.0,0.0,0.0,1.0,0.0,0.0,0.0,0.0,1.7322378409701964e-05,0.0,0.0,1.0
biomed_481,0.9285714285714286,0.0010883808135986,0.0001091957092285,0.0,1.0,0.0,0.0,1.0,0.0,1.0,0.0,0.0,0.0,0.0,0.0,0.0,0.0,0.0,0.0,0.0,0.0,1.0,0.0,0.0,0.0,0.0,0.0,0.0,0.025839398086125,0.0005169024590915,0.0,1.0,0.0
biomed_481,0.9285714285714286,0.0009448528289794,0.0001006126403808,0.0,1.0,1.0,0.0,0.0,0.0,0.0,0.0,1.0,0.0,0.0,0.0,0.0,0.0,0.0,0.0,0.0,0.0,0.0,0.0,0.0,0.0,1.0,0.0,0.0,0.0,1.3860211024433416e-05,0.0,1.0,0.0
biomed_481,0.9285714285714286,0.0010812282562255,0.0001084804534912,0.0,1.0,1.0,0.0,0.0,0.0,0.0,0.0,0.0,0.0,0.0,0.0,0.0,1.0,0.0,0.0,0.0,0.0,0.0,0.0,0.0,0.0,0.0,1.0,0.0,0.0,4.3451846155676296e-05,0.0,0.0,1.0
biomed_481,0.9285714285714286,0.0011835098266601,0.0001173019409179,0.0,1.0,0.0,0.0,1.0,0.0,0.0,0.0,0.0,0.0,0.0,0.0,0.0,1.0,0.0,0.0,0.0,0.0,1.0,0.0,0.0,0.0,0.0,0.0,0.0,0.0,5.999185216900871e-05,0.0,0.0,1.0
biomed_481,0.9285714285714286,0.0010931491851806,0.0001075267791748,0.0,1.0,0.0,1.0,0.0,0.0,1.0,0.0,0.0,0.0,0.0,0.0,0.0,0.0,0.0,0.0,0.0,0.0,1.0,0.0,0.0,0.0,0.0,0.0,0.0,0.0,6.12600514663738e-05,0.0,1.0,0.0
biomed_481,0.9285714285714286,0.0013940334320068,0.0001273155212402,0.0,1.0,1.0,0.0,0.0,0.0,0.0,0.0,0.0,0.0,0.0,1.0,0.0,0.0,0.0,0.0,0.0,0.0,0.0,0.0,0.0,0.0,0.0,1.0,0.0,0.0,2.373278632596889e-05,0.0,0.0,1.0
biomed_481,0.9285714285714286,0.019127607345581,0.0001449584960937,0.0,1.0,1.0,0.0,0.0,0.0,0.0,0.0,0.0,0.0,0.0,0.0,0.0,0.0,1.0,0.0,0.0,0.0,0.0,0.0,0.0,1.0,0.0,0.0,0.0,0.0,0.0001608117164856,0.0,0.0,1.0
biomed_481,0.9285714285714286,0.0010673999786376,0.0001051425933837,0.0,1.0,1.0,0.0,0.0,0.0,1.0,0.0,0.0,0.0,0.0,0.0,0.0,0.0,0.0,0.0,0.0,0.0,0.0,0.0,0.0,0.0,0.0,1.0,0.0,0.0,8.075032688133968e-05,0.0,0.0,1.0
biomed_481,0.9285714285714286,0.0014147758483886,0.0001270771026611,0.0,1.0,1.0,0.0,0.0,0.0,0.0,0.0,0.0,1.0,0.0,0.0,0.0,0.0,0.0,0.0,0.0,0.0,1.0,0.0,0.0,0.0,0.0,0.0,0.0,0.0,0.0001365043209629,0.0,1.0,0.0
biomed_481,0.9285714285714286,0.0011329650878906,0.0001070499420166,0.0,1.0,1.0,0.0,0.0,0.0,1.0,0.0,0.0,0.0,0.0,0.0,0.0,0.0,0.0,0.0,0.0,0.0,0.0,0.0,0.0,1.0,0.0,0.0,0.0,0.0,0.0001697577481529,0.0,0.0,1.0
analcatdata_dmft_1014,0.8427672955974843,0.0038740634918212,0.0001430511474609,1.0,0.0,0.0,1.0,0.0,0.0,0.0,0.0,0.0,0.0,0.0,0.0,0.0,0.0,1.0,0.0,0.0,0.0,0.0,0.0,0.0,0.0,1.0,0.0,0.0,0.8127090277997103,2.413639079201263e-05,0.0,1.0,0.0
analcatdata_dmft_1014,0.8427672955974843,0.0032668113708496,0.0001263618469238,0.0,1.0,0.0,1.0,0.0,0.0,0.0,0.0,0.0,0.0,0.0,0.0,0.0,0.0,1.0,0.0,0.0,0.0,0.0,0.0,0.0,0.0,1.0,0.0,0.0,0.0,0.0006927597298874,0.0,0.0,1.0
analcatdata_dmft_1014,0.8427672955974843,0.0036044120788574,0.0001313686370849,1.0,0.0,0.0,1.0,0.0,0.0,0.0,0.0,0.0,0.0,0.0,0.0,0.0,0.0,1.0,0.0,0.0,0.0,0.0,0.0,0.0,1.0,0.0,0.0,0.0,0.0,0.0004572869548153,0.0,0.0,1.0
analcatdata_dmft_1014,0.8427672955974843,0.0031445026397705,0.0001251697540283,0.0,1.0,0.0,1.0,0.0,0.0,0.0,0.0,0.0,0.0,0.0,0.0,0.0,0.0,1.0,0.0,0.0,0.0,0.0,0.0,0.0,1.0,0.0,0.0,0.0,0.7379229936350816,0.0004537419230041,0.0,1.0,0.0
analcatdata_dmft_1014,0.8364779874213837,0.0013537406921386,0.0001015663146972,0.0,1.0,0.0,0.0,1.0,0.0,0.0,1.0,0.0,0.0,0.0,0.0,0.0,0.0,0.0,0.0,0.0,0.0,0.0,0.0,1.0,0.0,0.0,0.0,0.0,-1.0,0.0001156931311867,0.0,1.0,0.0
analcatdata_dmft_1014,0.8364779874213837,0.0016400814056396,0.000108003616333,1.0,0.0,0.0,0.0,1.0,0.0,0.0,0.0,0.0,0.0,0.0,0.0,0.0,0.0,1.0,0.0,0.0,0.0,0.0,0.0,0.0,0.0,0.0,1.0,0.0,0.0,0.0004366241050987,0.0,0.0,1.0
analcatdata_dmft_1014,0.8364779874213837,0.003495454788208,0.0001344680786132,1.0,0.0,0.0,1.0,0.0,0.0,0.0,0.0,0.0,0.0,0.0,0.0,0.0,0.0,1.0,0.0,0.0,0.0,0.0,0.0,0.0,0.0,0.0,1.0,0.0,0.0,0.0001798746505979,0.0,0.0,1.0
analcatdata_dmft_1014,0.8364779874213837,0.0018458366394042,0.0001142024993896,0.0,1.0,0.0,0.0,1.0,0.0,0.0,0.0,0.0,0.0,0.0,0.0,0.0,0.0,1.0,0.0,0.0,0.0,0.0,0.0,0.0,0.0,0.0,1.0,0.0,0.0,7.963607184212849e-05,0.0,0.0,1.0
analcatdata_dmft_1014,0.8364779874213837,0.0017199516296386,0.0001077651977539,1.0,0.0,0.0,0.0,1.0,0.0,0.0,0.0,0.0,0.0,0.0,0.0,0.0,0.0,1.0,0.0,0.0,0.0,1.0,0.0,0.0,0.0,0.0,0.0,0.0,0.0,0.0003198314583685,0.0,0.0,1.0
analcatdata_dmft_1014,0.8364779874213837,0.0033130645751953,0.0001354217529296,1.0,0.0,0.0,1.0,0.0,0.0,0.0,0.0,0.0,0.0,0.0,0.0,0.0,0.0,1.0,0.0,0.0,0.0,1.0,0.0,0.0,0.0,0.0,0.0,0.0,0.0,0.0001584478719062,0.0,1.0,0.0
analcatdata_dmft_1014,0.8364779874213837,0.0033662319183349,0.0001614093780517,0.0,1.0,0.0,1.0,0.0,0.0,0.0,0.0,0.0,0.0,0.0,0.0,0.0,0.0,1.0,0.0,0.0,0.0,0.0,1.0,0.0,0.0,0.0,0.0,0.0,0.7102453926576477,1.009316273771238e-05,1.0,0.0,0.0
analcatdata_dmft_1014,0.8364779874213837,0.0019900798797607,0.0001461505889892,0.0,1.0,0.0,0.0,1.0,0.0,0.0,0.0,0.0,0.0,0.0,0.0,0.0,0.0,1.0,0.0,0.0,0.0,1.0,0.0,0.0,0.0,0.0,0.0,0.0,0.0,0.0009862921812624,0.0,0.0,1.0
analcatdata_dmft_1014,0.8364779874213837,0.0018291473388671,0.0001182556152343,0.0,1.0,0.0,0.0,1.0,0.0,0.0,0.0,0.0,0.0,0.0,0.0,0.0,0.0,1.0,0.0,0.0,0.0,0.0,1.0,0.0,0.0,0.0,0.0,0.0,0.0,7.239390897937229e-05,0.0,0.0,1.0
analcatdata_dmft_1014,0.8364779874213837,0.0036005973815917,0.0001347064971923,1.0,0.0,0.0,1.0,0.0,0.0,0.0,0.0,0.0,0.0,0.0,0.0,0.0,0.0,1.0,0.0,0.0,0.0,0.0,0.0,0.0,0.0,0.0,0.0,1.0,0.0,0.0001391412657837,0.0,0.0,1.0
analcatdata_dmft_1014,0.8364779874213837,0.0016646385192871,0.0001070499420166,1.0,0.0,0.0,0.0,1.0,0.0,0.0,0.0,0.0,0.0,0.0,0.0,0.0,0.0,1.0,0.0,0.0,0.0,0.0,1.0,0.0,0.0,0.0,0.0,0.0,-1.0,6.484429666877386e-05,1.0,0.0,0.0
analcatdata_dmft_1014,0.8364779874213837,0.0013377666473388,0.000105857849121,1.0,0.0,0.0,0.0,1.0,0.0,0.0,1.0,0.0,0.0,0.0,0.0,0.0,0.0,0.0,0.0,0.0,0.0,0.0,0.0,1.0,0.0,0.0,0.0,0.0,0.0,1.587101791102602e-05,0.0,0.0,1.0
analcatdata_dmft_1014,0.8364779874213837,0.0017681121826171,0.0001153945922851,0.0,1.0,0.0,0.0,1.0,0.0,0.0,0.0,0.0,0.0,0.0,0.0,0.0,0.0,1.0,0.0,0.0,0.0,0.0,0.0,0.0,0.0,0.0,0.0,1.0,0.0,0.0004656075802495,0.0,0.0,1.0
analcatdata_dmft_1014,0.8364779874213837,0.003310203552246,0.0001270771026611,0.0,1.0,0.0,1.0,0.0,0.0,0.0,0.0,0.0,0.0,0.0,0.0,0.0,0.0,1.0,0.0,0.0,0.0,1.0,0.0,0.0,0.0,0.0,0.0,0.0,0.0,0.000231798535126,0.0,0.0,1.0
analcatdata_dmft_1014,0.8364779874213837,0.0033059120178222,0.0001304149627685,1.0,0.0,0.0,1.0,0.0,0.0,0.0,0.0,0.0,0.0,0.0,0.0,0.0,0.0,1.0,0.0,0.0,0.0,0.0,1.0,0.0,0.0,0.0,0.0,0.0,0.0,0.000453974738916,0.0,1.0,0.0
analcatdata_dmft_1014,0.8364779874213837,0.0016169548034667,0.0001082420349121,1.0,0.0,0.0,0.0,1.0,0.0,0.0,0.0,0.0,0.0,0.0,0.0,0.0,0.0,1.0,0.0,0.0,0.0,0.0,0.0,0.0,0.0,0.0,0.0,1.0,-1.0,9.287360018704792e-05,1.0,0.0,0.0
teachingAssistant_1115,0.7,0.0817487239837646,0.0001773834228515,0.0,1.0,0.0,0.0,1.0,0.0,0.0,0.0,0.0,0.0,0.0,0.0,1.0,0.0,0.0,0.0,0.0,0.0,0.0,0.0,0.0,1.0,0.0,0.0,0.0,0.0,0.0003831901348151,0.0,0.0,1.0
teachingAssistant_1115,0.7,0.1572387218475341,0.0001957416534423,0.0,1.0,1.0,0.0,0.0,0.0,0.0,0.0,0.0,0.0,0.0,0.0,1.0,0.0,0.0,0.0,0.0,0.0,0.0,0.0,0.0,1.0,0.0,0.0,0.0,0.0,0.0003939478385613,0.0,0.0,1.0
teachingAssistant_1115,0.7,0.1467735767364502,0.0002033710479736,1.0,0.0,0.0,1.0,0.0,0.0,0.0,0.0,0.0,0.0,0.0,0.0,1.0,0.0,0.0,0.0,0.0,0.0,0.0,0.0,0.0,1.0,0.0,0.0,0.0,0.0,4.705356513080587e-05,0.0,0.0,1.0
teachingAssistant_1115,0.7,0.0247862339019775,0.0001633167266845,1.0,0.0,0.0,0.0,1.0,0.0,0.0,0.0,0.0,0.0,0.0,0.0,1.0,0.0,0.0,0.0,0.0,0.0,0.0,0.0,0.0,1.0,0.0,0.0,0.0,0.0,1.0189347021099958e-05,0.0,0.0,1.0
teachingAssistant_1115,0.7,0.0151982307434082,0.0001666545867919,1.0,0.0,1.0,0.0,0.0,0.0,0.0,0.0,0.0,0.0,0.0,0.0,1.0,0.0,0.0,0.0,0.0,0.0,0.0,0.0,0.0,1.0,0.0,0.0,0.0,-1.0,0.0005242939711914,1.0,0.0,0.0
teachingAssistant_1115,0.7,0.1485896110534668,0.0001938343048095,0.0,1.0,0.0,1.0,0.0,0.0,0.0,0.0,0.0,0.0,0.0,0.0,1.0,0.0,0.0,0.0,0.0,0.0,0.0,0.0,0.0,1.0,0.0,0.0,0.0,0.3325273603608047,2.340272806036242e-05,0.0,1.0,0.0
teachingAssistant_1115,0.6666666666666666,0.0010793209075927,0.0001113414764404,1.0,0.0,1.0,0.0,0.0,0.0,1.0,0.0,0.0,0.0,0.0,0.0,0.0,0.0,0.0,0.0,0.0,0.0,0.0,0.0,0.0,0.0,0.0,0.0,1.0,0.0,0.0005462940397584,0.0,0.0,1.0
teachingAssistant_1115,0.6666666666666666,0.0011646747589111,0.0001189708709716,1.0,0.0,1.0,0.0,0.0,0.0,0.0,0.0,0.0,0.0,0.0,1.0,0.0,0.0,0.0,0.0,0.0,0.0,1.0,0.0,0.0,0.0,0.0,0.0,0.0,0.0,0.0001724240223304,0.0,0.0,1.0
teachingAssistant_1115,0.6666666666666666,0.0014612674713134,0.0001482963562011,1.0,0.0,1.0,0.0,0.0,0.0,0.0,0.0,0.0,1.0,0.0,0.0,0.0,0.0,0.0,0.0,0.0,0.0,0.0,0.0,0.0,0.0,0.0,0.0,1.0,0.0,0.0001859880466334,1.0,0.0,0.0
teachingAssistant_1115,0.6666666666666666,0.0010719299316406,0.0001106262207031,0.0,1.0,0.0,1.0,0.0,0.0,1.0,0.0,0.0,0.0,0.0,0.0,0.0,0.0,0.0,0.0,0.0,0.0,0.0,0.0,0.0,0.0,0.0,0.0,1.0,0.0,3.1220276030760216e-05,0.0,1.0,0.0
teachingAssistant_1115,0.6666666666666666,0.0015003681182861,0.0001595020294189,0.0,1.0,0.0,0.0,1.0,0.0,0.0,0.0,0.0,1.0,0.0,0.0,0.0,0.0,0.0,0.0,0.0,0.0,0.0,0.0,1.0,0.0,0.0,0.0,0.0,-1.0,6.385812967068849e-05,0.0,1.0,0.0
teachingAssistant_1115,0.6666666666666666,0.001122236251831,0.000110387802124,0.0,1.0,0.0,1.0,0.0,0.0,0.0,0.0,0.0,0.0,0.0,0.0,0.0,1.0,0.0,0.0,0.0,0.0,0.0,0.0,0.0,0.0,0.0,0.0,1.0,0.0,4.209047620496679e-05,0.0,1.0,0.0
teachingAssistant_1115,0.6666666666666666,0.0012061595916748,0.0001184940338134,0.0,1.0,0.0,1.0,0.0,0.0,0.0,0.0,0.0,0.0,0.0,0.0,0.0,1.0,0.0,0.0,0.0,0.0,0.0,0.0,0.0,0.0,0.0,1.0,0.0,-1.0,2.4026857333907992e-05,1.0,0.0,0.0
teachingAssistant_1115,0.6666666666666666,0.0010645389556884,0.0001342296600341,1.0,0.0,0.0,1.0,0.0,0.0,1.0,0.0,0.0,0.0,0.0,0.0,0.0,0.0,0.0,0.0,0.0,0.0,1.0,0.0,0.0,0.0,0.0,0.0,0.0,0.0,0.0002811982430044,0.0,0.0,1.0
teachingAssistant_1115,0.6666666666666666,0.0010738372802734,0.0001442432403564,1.0,0.0,0.0,1.0,0.0,0.0,1.0,0.0,0.0,0.0,0.0,0.0,0.0,0.0,0.0,0.0,0.0,0.0,0.0,0.0,0.0,0.0,0.0,1.0,0.0,0.0,1.5548437046368037e-05,0.0,0.0,1.0
teachingAssistant_1115,0.6666666666666666,0.0012886524200439,0.0001294612884521,1.0,0.0,0.0,1.0,0.0,0.0,0.0,0.0,0.0,0.0,0.0,1.0,0.0,0.0,0.0,0.0,0.0,0.0,0.0,0.0,1.0,0.0,0.0,0.0,0.0,-1.0,0.0001056656548773,1.0,0.0,0.0
teachingAssistant_1115,0.6666666666666666,0.0009260177612304,0.0001060962677001,1.0,0.0,0.0,1.0,0.0,0.0,0.0,0.0,0.0,0.0,0.0,0.0,0.0,1.0,0.0,0.0,0.0,0.0,1.0,0.0,0.0,0.0,0.0,0.0,0.0,0.0,0.0001180366405244,0.0,0.0,1.0
teachingAssistant_1115,0.6666666666666666,0.0012438297271728,0.0001287460327148,0.0,1.0,0.0,1.0,0.0,0.0,0.0,0.0,0.0,0.0,0.0,1.0,0.0,0.0,0.0,0.0,0.0,0.0,0.0,0.0,0.0,0.0,0.0,1.0,0.0,0.0,0.0008142784608877,0.0,0.0,1.0
teachingAssistant_1115,0.6666666666666666,0.0011794567108154,0.0001184940338134,1.0,0.0,0.0,1.0,0.0,0.0,0.0,0.0,0.0,0.0,0.0,0.0,0.0,1.0,0.0,0.0,0.0,0.0,0.0,0.0,1.0,0.0,0.0,0.0,0.0,-1.0,0.0005480045791583,1.0,0.0,0.0
teachingAssistant_1115,0.6666666666666666,0.0012295246124267,0.0001230239868164,0.0,1.0,0.0,1.0,0.0,0.0,0.0,0.0,0.0,0.0,0.0,1.0,0.0,0.0,0.0,0.0,0.0,0.0,0.0,0.0,0.0,0.0,0.0,0.0,1.0,0.0,9.624484934432422e-05,0.0,0.0,1.0
MeanWhile1_1449,0.96,0.0011181831359863,0.0001142024993896,1.0,0.0,0.0,1.0,0.0,0.0,0.0,0.0,1.0,0.0,0.0,0.0,0.0,0.0,0.0,0.0,0.0,0.0,0.0,0.0,0.0,0.0,1.0,0.0,0.0,0.0,0.0004879383451487,0.0,1.0,0.0
MeanWhile1_1449,0.96,0.0784947872161865,0.000248908996582,0.0,1.0,1.0,0.0,0.0,0.0,0.0,0.0,0.0,0.0,0.0,0.0,1.0,0.0,0.0,0.0,0.0,0.0,0.0,1.0,0.0,0.0,0.0,0.0,0.0,-1.0,0.0003812022014973,1.0,0.0,0.0
MeanWhile1_1449,0.96,0.012904405593872,0.0001993179321289,1.0,0.0,0.0,1.0,0.0,0.0,0.0,0.0,0.0,0.0,0.0,0.0,1.0,0.0,0.0,0.0,0.0,0.0,0.0,1.0,0.0,0.0,0.0,0.0,0.0,0.0,1.137084873519082e-05,0.0,0.0,1.0
MeanWhile1_1449,0.96,0.0011167526245117,0.0001122951507568,1.0,0.0,0.0,1.0,0.0,0.0,0.0,1.0,0.0,0.0,0.0,0.0,0.0,0.0,0.0,0.0,0.0,0.0,0.0,0.0,0.0,0.0,1.0,0.0,0.0,0.0,0.0006986733179886,0.0,0.0,1.0
MeanWhile1_1449,0.96,0.0587298870086669,0.0002033710479736,0.0,1.0,0.0,0.0,1.0,0.0,0.0,0.0,0.0,0.0,0.0,0.0,1.0,0.0,0.0,0.0,0.0,0.0,0.0,1.0,0.0,0.0,0.0,0.0,0.0,0.0,0.0002375798097129,0.0,0.0,1.0
MeanWhile1_1449,0.96,0.0800769329071044,0.0002481937408447,1.0,0.0,0.0,0.0,1.0,0.0,0.0,0.0,0.0,0.0,0.0,0.0,1.0,0.0,0.0,0.0,0.0,0.0,0.0,1.0,0.0,0.0,0.0,0.0,0.0,0.0,0.0002207520274818,0.0,0.0,1.0
MeanWhile1_1449,0.96,0.0012562274932861,0.0001201629638671,0.0,1.0,1.0,0.0,0.0,0.0,0.0,0.0,0.0,0.0,0.0,0.0,0.0,0.0,0.0,0.0,0.0,1.0,0.0,0.0,1.0,0.0,0.0,0.0,0.0,0.0,0.0002672778517105,0.0,0.0,1.0
MeanWhile1_1449,0.96,0.0781826972961425,0.0002107620239257,0.0,1.0,0.0,1.0,0.0,0.0,0.0,0.0,0.0,0.0,0.0,0.0,1.0,0.0,0.0,0.0,0.0,0.0,0.0,1.0,0.0,0.0,0.0,0.0,0.0,-1.0,2.8152939551738257e-05,0.0,1.0,0.0
MeanWhile1_1449,0.96,0.0011672973632812,0.0001134872436523,0.0,1.0,0.0,0.0,1.0,0.0,0.0,1.0,0.0,0.0,0.0,0.0,0.0,0.0,0.0,0.0,0.0,0.0,0.0,0.0,1.0,0.0,0.0,0.0,0.0,-1.0,1.143786062009139e-05,1.0,0.0,0.0
MeanWhile1_1449,0.96,0.0014173984527587,0.0001173019409179,1.0,0.0,0.0,1.0,0.0,1.0,0.0,0.0,0.0,0.0,0.0,0.0,0.0,0.0,0.0,0.0,0.0,0.0,0.0,0.0,1.0,0.0,0.0,0.0,0.0,0.0,2.9086186323694723e-05,0.0,0.0,1.0
MeanWhile1_1449,0.96,0.0011782646179199,0.0001156330108642,1.0,0.0,0.0,0.0,1.0,0.0,0.0,0.0,0.0,0.0,0.0,0.0,0.0,0.0,0.0,0.0,1.0,0.0,0.0,0.0,0.0,0.0,1.0,0.0,0.0,0.0,0.0003882897129917,0.0,0.0,1.0
MeanWhile1_1449,0.96,0.0015373229980468,0.0001177787780761,0.0,1.0,0.0,0.0,1.0,1.0,0.0,0.0,0.0,0.0,0.0,0.0,0.0,0.0,0.0,0.0,0.0,0.0,0.0,0.0,1.0,0.0,0.0,0.0,0.0,0.0,0.0001565418035379,1.0,0.0,0.0
MeanWhile1_1449,0.96,0.0011482238769531,0.0001161098480224,1.0,0.0,0.0,0.0,1.0,0.0,0.0,1.0,0.0,0.0,0.0,0.0,0.0,0.0,0.0,0.0,0.0,0.0,0.0,0.0,0.0,0.0,1.0,0.0,0.0,0.0,5.279067376320405e-05,0.0,0.0,1.0
MeanWhile1_1449,0.96,0.0010271072387695,0.0001096725463867,0.0,1.0,1.0,0.0,0.0,0.0,0.0,0.0,1.0,0.0,0.0,0.0,0.0,0.0,0.0,0.0,0.0,0.0,0.0,0.0,1.0,0.0,0.0,0.0,0.0,-1.0,3.041154815499453e-05,1.0,0.0,0.0
MeanWhile1_1449,0.96,0.0013337135314941,0.0001270771026611,0.0,1.0,0.0,0.0,1.0,0.0,0.0,0.0,0.0,0.0,1.0,0.0,0.0,0.0,0.0,0.0,0.0,0.0,0.0,0.0,1.0,0.0,0.0,0.0,0.0,-1.0,0.00039779848631,0.0,1.0,0.0
MeanWhile1_1449,0.96,0.0012347698211669,0.0001163482666015,0.0,1.0,1.0,0.0,0.0,0.0,0.0,0.0,0.0,0.0,0.0,0.0,0.0,0.0,0.0,0.0,1.0,0.0,0.0,0.0,1.0,0.0,0.0,0.0,0.0,0.0,8.236419364300305e-05,0.0,0.0,1.0
MeanWhile1_1449,0.96,0.0012545585632324,0.0001342296600341,1.0,0.0,0.0,0.0,1.0,0.0,0.0,0.0,1.0,0.0,0.0,0.0,0.0,0.0,0.0,0.0,0.0,0.0,0.0,0.0,0.0,0.0,1.0,0.0,0.0,0.0,0.000167297100426,0.0,0.0,1.0
MeanWhile1_1449,0.96,0.0012040138244628,0.0001156330108642,1.0,0.0,0.0,1.0,0.0,0.0,0.0,0.0,0.0,0.0,0.0,0.0,0.0,0.0,0.0,0.0,0.0,1.0,0.0,0.0,1.0,0.0,0.0,0.0,0.0,-1.0,1.0595996183727696e-05,0.0,1.0,0.0
MeanWhile1_1449,0.96,0.0011746883392333,0.0001132488250732,1.0,0.0,1.0,0.0,0.0,0.0,0.0,0.0,1.0,0.0,0.0,0.0,0.0,0.0,0.0,0.0,0.0,0.0,0.0,0.0,0.0,0.0,1.0,0.0,0.0,-1.0,7.242091728839575e-05,1.0,0.0,0.0
MeanWhile1_1449,0.96,0.0011560916900634,0.0001130104064941,0.0,1.0,1.0,0.0,0.0,0.0,0.0,0.0,0.0,0.0,0.0,0.0,0.0,0.0,0.0,0.0,0.0,1.0,0.0,0.0,0.0,0.0,1.0,0.0,0.0,0.0,1.0736653326519402e-05,0.0,1.0,0.0
veteran_719,0.9285714285714286,0.018543004989624,0.0001361370086669,0.0,1.0,1.0,0.0,0.0,0.0,0.0,0.0,0.0,0.0,0.0,0.0,1.0,0.0,0.0,0.0,0.0,0.0,0.0,0.0,0.0,0.0,1.0,0.0,0.0,0.0,0.0003757133918178,0.0,1.0,0.0
veteran_719,0.9285714285714286,0.0767290592193603,0.0001876354217529,1.0,0.0,0.0,0.0,1.0,0.0,0.0,0.0,0.0,0.0,0.0,0.0,1.0,0.0,0.0,0.0,0.0,0.0,0.0,0.0,0.0,0.0,1.0,0.0,0.0,-1.0,3.151396075597601e-05,0.0,1.0,0.0
veteran_719,0.9285714285714286,0.1313621997833252,0.0002312660217285,1.0,0.0,0.0,1.0,0.0,0.0,0.0,0.0,0.0,0.0,0.0,0.0,1.0,0.0,0.0,0.0,0.0,0.0,0.0,0.0,0.0,0.0,1.0,0.0,0.0,0.0,2.1589608556514107e-05,0.0,0.0,1.0
veteran_719,0.9285714285714286,0.0754375457763671,0.0002224445343017,0.0,1.0,0.0,0.0,1.0,0.0,0.0,0.0,0.0,0.0,0.0,0.0,1.0,0.0,0.0,0.0,0.0,0.0,0.0,0.0,0.0,0.0,1.0,0.0,0.0,0.0,0.0007125055257662,0.0,1.0,0.0
veteran_719,0.9285714285714286,0.0111594200134277,0.0001623630523681,1.0,0.0,1.0,0.0,0.0,0.0,0.0,0.0,0.0,0.0,0.0,0.0,1.0,0.0,0.0,0.0,0.0,0.0,0.0,0.0,0.0,0.0,1.0,0.0,0.0,0.0,1.0864639147293443e-05,0.0,0.0,1.0
veteran_719,0.9285714285714286,0.0159103870391845,0.0002057552337646,0.0,1.0,0.0,1.0,0.0,0.0,0.0,0.0,0.0,0.0,0.0,0.0,1.0,0.0,0.0,0.0,0.0,0.0,0.0,0.0,0.0,0.0,1.0,0.0,0.0,0.0,2.4868065045446863e-05,1.0,0.0,0.0
veteran_719,0.8888888888888888,0.0015084743499755,0.0001106262207031,0.0,1.0,0.0,0.0,1.0,0.0,0.0,0.0,0.0,0.0,0.0,0.0,0.0,0.0,1.0,0.0,0.0,0.0,1.0,0.0,0.0,0.0,0.0,0.0,0.0,0.0,3.02669722451132e-05,0.0,1.0,0.0
veteran_719,0.8888888888888888,0.0013725757598876,0.0001184940338134,1.0,0.0,0.0,0.0,1.0,0.0,0.0,0.0,0.0,0.0,0.0,0.0,0.0,0.0,1.0,0.0,0.0,0.0,0.0,0.0,0.0,0.0,0.0,1.0,0.0,0.0,0.0004421889452525,0.0,0.0,1.0
veteran_719,0.8888888888888888,0.0013234615325927,0.0001065731048583,1.0,0.0,0.0,1.0,0.0,0.0,0.0,0.0,0.0,0.0,0.0,0.0,0.0,0.0,1.0,0.0,0.0,0.0,1.0,0.0,0.0,0.0,0.0,0.0,0.0,0.0,0.000263128415786,0.0,0.0,1.0
veteran_719,0.8888888888888888,0.0013375282287597,0.0001075267791748,1.0,0.0,0.0,0.0,1.0,0.0,0.0,0.0,0.0,0.0,0.0,0.0,0.0,0.0,1.0,0.0,0.0,0.0,0.0,1.0,0.0,0.0,0.0,0.0,0.0,0.0,0.0008606309164264,0.0,0.0,1.0
veteran_719,0.8888888888888888,0.0013694763183593,0.0001111030578613,1.0,0.0,0.0,1.0,0.0,0.0,0.0,0.0,0.0,0.0,0.0,0.0,0.0,0.0,1.0,0.0,0.0,0.0,0.0,0.0,0.0,0.0,0.0,1.0,0.0,0.0,0.0002453095472634,0.0,0.0,1.0
veteran_719,0.8888888888888888,0.0013773441314697,0.0001106262207031,0.0,1.0,0.0,1.0,0.0,0.0,0.0,0.0,0.0,0.0,0.0,0.0,0.0,0.0,1.0,0.0,0.0,0.0,0.0,0.0,0.0,0.0,0.0,0.0,1.0,0.0,2.969189104357339e-05,0.0,0.0,1.0
veteran_719,0.8888888888888888,0.001359224319458,0.0001094341278076,0.0,1.0,0.0,0.0,1.0,0.0,0.0,0.0,0.0,0.0,0.0,0.0,0.0,0.0,1.0,0.0,0.0,0.0,0.0,0.0,0.0,0.0,0.0,0.0,1.0,0.8543686027064203,2.1561161112401217e-05,0.0,1.0,0.0
veteran_719,0.8888888888888888,0.0014770030975341,0.0001113414764404,0.0,1.0,0.0,1.0,0.0,0.0,0.0,0.0,0.0,0.0,0.0,0.0,0.0,0.0,1.0,0.0,0.0,0.0,0.0,1.0,0.0,0.0,0.0,0.0,0.0,0.0,0.0003241988168559,0.0,0.0,1.0
veteran_719,0.8888888888888888,0.0014197826385498,0.0001108646392822,1.0,0.0,1.0,0.0,0.0,0.0,0.0,0.0,0.0,0.0,0.0,0.0,0.0,0.0,1.0,0.0,0.0,0.0,1.0,0.0,0.0,0.0,0.0,0.0,0.0,-1.0,0.0006335876943167,1.0,0.0,0.0
veteran_719,0.8888888888888888,0.0013463497161865,0.0001106262207031,0.0,1.0,0.0,1.0,0.0,0.0,0.0,0.0,0.0,0.0,0.0,0.0,0.0,0.0,1.0,0.0,0.0,0.0,1.0,0.0,0.0,0.0,0.0,0.0,0.0,0.0,0.0006658028914769,0.0,0.0,1.0
veteran_719,0.8888888888888888,0.0013294219970703,0.0001094341278076,0.0,1.0,1.0,0.0,0.0,0.0,0.0,0.0,0.0,0.0,0.0,0.0,0.0,0.0,1.0,0.0,0.0,0.0,0.0,1.0,0.0,0.0,0.0,0.0,0.0,0.0,0.0003484924087043,0.0,1.0,0.0
veteran_719,0.8888888888888888,0.0013058185577392,0.000105857849121,0.0,1.0,0.0,1.0,0.0,0.0,0.0,0.0,0.0,0.0,0.0,0.0,0.0,0.0,1.0,0.0,0.0,0.0,0.0,0.0,0.0,0.0,0.0,1.0,0.0,0.0,0.0003879110873147,1.0,0.0,0.0
veteran_719,0.8888888888888888,0.0014600753784179,0.0001108646392822,0.0,1.0,1.0,0.0,0.0,0.0,0.0,0.0,0.0,0.0,0.0,0.0,0.0,0.0,1.0,0.0,0.0,0.0,1.0,0.0,0.0,0.0,0.0,0.0,0.0,0.0,0.0002112215426872,0.0,0.0,1.0
veteran_719,0.8888888888888888,0.0013315677642822,0.0001084804534912,1.0,0.0,1.0,0.0,0.0,0.0,0.0,0.0,0.0,0.0,0.0,0.0,0.0,0.0,1.0,0.0,0.0,0.0,0.0,1.0,0.0,0.0,0.0,0.0,0.0,0.0,0.0002962471643722,0.0,0.0,1.0
autoUniv-au6-750_1549,0.3133333333333333,0.0019128322601318,0.0001230239868164,1.0,0.0,0.0,1.0,0.0,0.0,0.0,0.0,0.0,0.0,0.0,0.0,0.0,0.0,0.0,0.0,0.0,1.0,0.0,0.0,0.0,0.0,0.0,1.0,0.0,0.0,1.7064702929007022e-05,0.0,0.0,1.0
autoUniv-au6-750_1549,0.3133333333333333,0.0016872882843017,0.0001208782196044,0.0,1.0,0.0,1.0,0.0,0.0,0.0,0.0,0.0,0.0,0.0,0.0,0.0,0.0,0.0,0.0,0.0,1.0,0.0,0.0,0.0,0.0,0.0,1.0,0.0,-1.0,4.554233659190986e-05,1.0,0.0,0.0
autoUniv-au6-750_1549,0.2933333333333333,0.0023181438446044,0.0001468658447265,0.0,1.0,0.0,0.0,1.0,1.0,0.0,0.0,0.0,0.0,0.0,0.0,0.0,0.0,0.0,0.0,0.0,0.0,0.0,0.0,1.0,0.0,0.0,0.0,0.0,-1.0,8.24513241412681e-05,1.0,0.0,0.0
autoUniv-au6-750_1549,0.2933333333333333,0.0025317668914794,0.0001311302185058,1.0,0.0,0.0,0.0,1.0,1.0,0.0,0.0,0.0,0.0,0.0,0.0,0.0,0.0,0.0,0.0,0.0,0.0,0.0,0.0,1.0,0.0,0.0,0.0,0.0,0.0,0.000213130762541,0.0,0.0,1.0
autoUniv-au6-750_1549,0.2866666666666667,0.0016314983367919,0.0001404285430908,1.0,0.0,0.0,1.0,0.0,0.0,0.0,1.0,0.0,0.0,0.0,0.0,0.0,0.0,0.0,0.0,0.0,0.0,0.0,0.0,0.0,0.0,0.0,0.0,1.0,0.8472779107374554,6.84484137303139e-05,0.0,1.0,0.0
autoUniv-au6-750_1549,0.2866666666666667,0.0015997886657714,0.0001118183135986,0.0,1.0,0.0,0.0,1.0,0.0,0.0,0.0,0.0,0.0,0.0,0.0,0.0,0.0,0.0,0.0,0.0,1.0,0.0,0.0,0.0,0.0,0.0,1.0,0.0,-1.0,5.623362002138187e-05,0.0,1.0,0.0
autoUniv-au6-750_1549,0.2866666666666667,0.0018043518066406,0.0001173019409179,0.0,1.0,0.0,1.0,0.0,0.0,0.0,1.0,0.0,0.0,0.0,0.0,0.0,0.0,0.0,0.0,0.0,0.0,0.0,0.0,0.0,0.0,0.0,0.0,1.0,0.0,0.0001340275124242,0.0,0.0,1.0
autoUniv-au6-750_1549,0.2866666666666667,0.0016071796417236,0.0001111030578613,1.0,0.0,0.0,0.0,1.0,0.0,0.0,0.0,0.0,0.0,0.0,0.0,0.0,0.0,0.0,0.0,0.0,1.0,0.0,0.0,0.0,0.0,0.0,1.0,0.0,0.0,6.149753918549867e-05,0.0,0.0,1.0
autoUniv-au6-750_1549,0.2866666666666667,0.0017104148864746,0.0001170635223388,1.0,0.0,0.0,1.0,0.0,0.0,0.0,0.0,0.0,0.0,1.0,0.0,0.0,0.0,0.0,0.0,0.0,0.0,0.0,0.0,1.0,0.0,0.0,0.0,0.0,0.0,1.3966314965920624e-05,0.0,0.0,1.0
autoUniv-au6-750_1549,0.2866666666666667,0.0017755031585693,0.0001177787780761,1.0,0.0,0.0,0.0,1.0,0.0,0.0,0.0,0.0,0.0,1.0,0.0,0.0,0.0,0.0,0.0,0.0,0.0,0.0,0.0,1.0,0.0,0.0,0.0,0.0,0.0,0.000868627690015,0.0,0.0,1.0
autoUniv-au6-750_1549,0.2866666666666667,0.0017151832580566,0.0001180171966552,0.0,1.0,0.0,1.0,0.0,0.0,0.0,0.0,0.0,0.0,1.0,0.0,0.0,0.0,0.0,0.0,0.0,0.0,0.0,0.0,1.0,0.0,0.0,0.0,0.0,0.0,0.0007117444882669,0.0,0.0,1.0
autoUniv-au6-750_1549,0.2866666666666667,0.0020332336425781,0.0001575946807861,1.0,0.0,0.0,0.0,1.0,0.0,0.0,0.0,0.0,0.0,0.0,0.0,0.0,0.0,0.0,0.0,1.0,0.0,0.0,0.0,1.0,0.0,0.0,0.0,0.0,0.0,1.196788862397064e-05,0.0,0.0,1.0
autoUniv-au6-750_1549,0.2866666666666667,0.0017399787902832,0.0001165866851806,0.0,1.0,0.0,0.0,1.0,0.0,0.0,0.0,0.0,0.0,1.0,0.0,0.0,0.0,0.0,0.0,0.0,0.0,0.0,0.0,1.0,0.0,0.0,0.0,0.0,0.0,0.0001143861645345,0.0,1.0,0.0
autoUniv-au6-750_1549,0.2866666666666667,0.0016427040100097,0.0001144409179687,0.0,1.0,0.0,0.0,1.0,0.0,0.0,0.0,0.0,0.0,0.0,0.0,0.0,0.0,0.0,0.0,1.0,0.0,0.0,0.0,1.0,0.0,0.0,0.0,0.0,0.0,0.0002664084143337,1.0,0.0,0.0
autoUniv-au6-750_1549,0.28,0.0016100406646728,0.0001122951507568,1.0,0.0,0.0,1.0,0.0,0.0,0.0,0.0,1.0,0.0,0.0,0.0,0.0,0.0,0.0,0.0,0.0,0.0,0.0,0.0,0.0,0.0,1.0,0.0,0.0,0.0,0.0001658538910733,0.0,0.0,1.0
autoUniv-au6-750_1549,0.28,0.0015900135040283,0.000112771987915,0.0,1.0,0.0,1.0,0.0,0.0,0.0,0.0,1.0,0.0,0.0,0.0,0.0,0.0,0.0,0.0,0.0,0.0,0.0,0.0,0.0,0.0,1.0,0.0,0.0,0.0,5.09065043461628e-05,0.0,0.0,1.0
autoUniv-au6-750_1549,0.28,0.0016167163848876,0.0001361370086669,1.0,0.0,0.0,0.0,1.0,0.0,0.0,1.0,0.0,0.0,0.0,0.0,0.0,0.0,0.0,0.0,0.0,0.0,0.0,0.0,0.0,0.0,0.0,1.0,0.0,0.0,0.0004041573747212,0.0,0.0,1.0
autoUniv-au6-750_1549,0.28,0.0027418136596679,0.00014328956604,1.0,0.0,0.0,1.0,0.0,0.0,0.0,0.0,0.0,0.0,1.0,0.0,0.0,0.0,0.0,0.0,0.0,0.0,0.0,0.0,0.0,0.0,0.0,0.0,1.0,0.8161560275461868,0.0001696267458303,1.0,0.0,0.0
autoUniv-au6-750_1549,0.28,0.0017340183258056,0.0001513957977294,0.0,1.0,0.0,1.0,0.0,0.0,0.0,0.0,0.0,0.0,1.0,0.0,0.0,0.0,0.0,0.0,0.0,0.0,0.0,0.0,1.0,0.0,0.0,0.0,0.0,0.7728241122350282,3.005111635064321e-05,1.0,0.0,0.0
autoUniv-au6-750_1549,0.28,0.001708984375,0.0001254081726074,1.0,0.0,0.0,0.0,1.0,0.0,0.0,1.0,0.0,0.0,0.0,0.0,0.0,0.0,0.0,0.0,0.0,0.0,0.0,0.0,1.0,0.0,0.0,0.0,0.0,0.0,0.000166903496514,0.0,0.0,1.0
Engine1_4340,0.961038961038961,0.00162935256958,0.0001213550567626,0.0,1.0,0.0,0.0,1.0,0.0,0.0,0.0,0.0,0.0,0.0,0.0,0.0,0.0,1.0,0.0,0.0,0.0,0.0,0.0,0.0,0.0,0.0,0.0,1.0,0.0,3.5427667702075614e-05,0.0,0.0,1.0
Engine1_4340,0.961038961038961,0.0016384124755859,0.0001442432403564,0.0,1.0,0.0,0.0,1.0,0.0,0.0,0.0,0.0,0.0,0.0,0.0,0.0,0.0,1.0,0.0,0.0,0.0,1.0,0.0,0.0,0.0,0.0,0.0,0.0,0.8419781291164206,0.0001554890094018,1.0,0.0,0.0
Engine1_4340,0.961038961038961,0.0017187595367431,0.000154972076416,1.0,0.0,0.0,0.0,1.0,0.0,0.0,0.0,0.0,0.0,0.0,0.0,0.0,0.0,1.0,0.0,0.0,0.0,0.0,1.0,0.0,0.0,0.0,0.0,0.0,-1.0,0.0003377822493976,0.0,1.0,0.0
Engine1_4340,0.961038961038961,0.0016090869903564,0.0001485347747802,0.0,1.0,0.0,0.0,1.0,0.0,0.0,0.0,0.0,0.0,0.0,0.0,0.0,0.0,1.0,0.0,0.0,0.0,1.0,0.0,0.0,0.0,0.0,0.0,0.0,0.7243669085077195,4.027987353422808e-05,0.0,1.0,0.0
Engine1_4340,0.961038961038961,0.0015895366668701,0.0001208782196044,1.0,0.0,1.0,0.0,0.0,0.0,0.0,0.0,0.0,0.0,0.0,0.0,0.0,0.0,1.0,0.0,0.0,0.0,0.0,0.0,0.0,1.0,0.0,0.0,0.0,0.0203194245150204,3.673191054928669e-05,0.0,1.0,0.0
Engine1_4340,0.961038961038961,0.0015754699707031,0.0001201629638671,1.0,0.0,1.0,0.0,0.0,0.0,0.0,0.0,0.0,0.0,0.0,0.0,0.0,0.0,1.0,0.0,0.0,0.0,0.0,0.0,0.0,1.0,0.0,0.0,0.0,0.0,0.0002840566299255,1.0,0.0,0.0
Engine1_4340,0.961038961038961,0.0018792152404785,0.0001282691955566,0.0,1.0,0.0,0.0,1.0,0.0,0.0,0.0,0.0,0.0,0.0,0.0,0.0,0.0,1.0,0.0,0.0,0.0,0.0,0.0,0.0,0.0,0.0,0.0,1.0,0.0,0.000103929801276,0.0,0.0,1.0
Engine1_4340,0.961038961038961,0.001615285873413,0.0001220703125,1.0,0.0,0.0,1.0,0.0,0.0,0.0,0.0,0.0,0.0,0.0,0.0,0.0,0.0,1.0,0.0,0.0,0.0,0.0,0.0,0.0,0.0,0.0,1.0,0.0,0.0,1.8949648593684177e-05,0.0,0.0,1.0
Engine1_4340,0.961038961038961,0.3616819381713867,0.0002558231353759,1.0,0.0,1.0,0.0,0.0,0.0,0.0,0.0,0.0,0.0,0.0,0.0,0.0,0.0,0.0,1.0,0.0,0.0,1.0,0.0,0.0,0.0,0.0,0.0,0.0,0.0,0.0001234215067115,0.0,0.0,1.0
Engine1_4340,0.961038961038961,0.0016922950744628,0.0001308917999267,1.0,0.0,0.0,0.0,1.0,0.0,0.0,0.0,0.0,0.0,0.0,0.0,0.0,0.0,1.0,0.0,0.0,0.0,0.0,1.0,0.0,0.0,0.0,0.0,0.0,-1.0,0.0002120401537095,0.0,1.0,0.0
Engine1_4340,0.961038961038961,0.0016043186187744,0.0001182556152343,0.0,1.0,0.0,1.0,0.0,0.0,0.0,0.0,0.0,0.0,0.0,0.0,0.0,0.0,1.0,0.0,0.0,0.0,0.0,0.0,0.0,0.0,0.0,0.0,1.0,-1.0,9.607965958463147e-05,1.0,0.0,0.0
Engine1_4340,0.961038961038961,0.0015549659729003,0.0001189708709716,1.0,0.0,0.0,1.0,0.0,0.0,0.0,0.0,0.0,0.0,0.0,0.0,0.0,0.0,1.0,0.0,0.0,0.0,1.0,0.0,0.0,0.0,0.0,0.0,0.0,0.0,0.0001771423878784,0.0,0.0,1.0
Engine1_4340,0.961038961038961,0.0016283988952636,0.0001213550567626,0.0,1.0,0.0,1.0,0.0,0.0,0.0,0.0,0.0,0.0,0.0,0.0,0.0,0.0,1.0,0.0,0.0,0.0,0.0,0.0,0.0,0.0,0.0,0.0,1.0,0.0,5.366717048226765e-05,1.0,0.0,0.0
Engine1_4340,0.961038961038961,0.0017330646514892,0.0001282691955566,0.0,1.0,0.0,1.0,0.0,0.0,0.0,0.0,0.0,0.0,0.0,0.0,0.0,0.0,1.0,0.0,0.0,0.0,0.0,0.0,0.0,1.0,0.0,0.0,0.0,-1.0,0.0005696759660686,0.0,1.0,0.0
Engine1_4340,0.961038961038961,0.0016500949859619,0.0001227855682373,1.0,0.0,0.0,1.0,0.0,0.0,0.0,0.0,0.0,0.0,0.0,0.0,0.0,0.0,1.0,0.0,0.0,0.0,0.0,0.0,0.0,0.0,0.0,1.0,0.0,0.0,3.019457225331269e-05,0.0,0.0,1.0
Engine1_4340,0.961038961038961,0.0015513896942138,0.000117540359497,0.0,1.0,0.0,1.0,0.0,0.0,0.0,0.0,0.0,0.0,0.0,0.0,0.0,0.0,1.0,0.0,0.0,0.0,0.0,0.0,0.0,1.0,0.0,0.0,0.0,0.0,3.6533439297074246e-05,0.0,1.0,0.0
Engine1_4340,0.961038961038961,0.0015125274658203,0.0001430511474609,0.0,1.0,1.0,0.0,0.0,0.0,0.0,0.0,0.0,0.0,0.0,0.0,0.0,0.0,1.0,0.0,0.0,0.0,0.0,0.0,0.0,0.0,0.0,0.0,1.0,0.0,0.000352630333954,0.0,0.0,1.0
Engine1_4340,0.961038961038961,0.001540184020996,0.0001218318939208,0.0,1.0,1.0,0.0,0.0,0.0,0.0,0.0,0.0,0.0,0.0,0.0,0.0,0.0,1.0,0.0,0.0,0.0,0.0,0.0,0.0,0.0,0.0,0.0,1.0,0.0,1.305319526359646e-05,0.0,0.0,1.0
Engine1_4340,0.961038961038961,0.001713752746582,0.0001301765441894,1.0,0.0,0.0,1.0,0.0,0.0,0.0,0.0,0.0,0.0,0.0,0.0,0.0,0.0,1.0,0.0,0.0,0.0,0.0,1.0,0.0,0.0,0.0,0.0,0.0,0.0,0.0009435401614109,0.0,0.0,1.0
Engine1_4340,0.961038961038961,0.0016639232635498,0.0001320838928222,0.0,1.0,1.0,0.0,0.0,0.0,0.0,0.0,0.0,0.0,0.0,0.0,0.0,0.0,1.0,0.0,0.0,0.0,0.0,1.0,0.0,0.0,0.0,0.0,0.0,0.0,0.0001811467056961,0.0,0.0,1.0
PieChart2_1452,1.0,0.0016140937805175,0.0001108646392822,0.0,1.0,0.0,0.0,1.0,0.0,0.0,0.0,0.0,0.0,0.0,0.0,0.0,0.0,0.0,0.0,1.0,0.0,0.0,0.0,0.0,0.0,1.0,0.0,0.0,-1.0,0.0004119928988176,1.0,0.0,0.0
PieChart2_1452,1.0,0.0013785362243652,0.0001082420349121,0.0,1.0,0.0,0.0,1.0,0.0,0.0,0.0,1.0,0.0,0.0,0.0,0.0,0.0,0.0,0.0,0.0,0.0,0.0,0.0,0.0,0.0,1.0,0.0,0.0,0.1748023353591544,0.0001471931882281,1.0,0.0,0.0
PieChart2_1452,1.0,0.0014078617095947,0.0001072883605957,0.0,1.0,0.0,0.0,1.0,0.0,0.0,0.0,0.0,0.0,0.0,0.0,0.0,0.0,0.0,0.0,0.0,1.0,0.0,0.0,0.0,0.0,1.0,0.0,0.0,0.0,0.0003738177529327,0.0,0.0,1.0
PieChart2_1452,1.0,0.0014452934265136,0.0001130104064941,0.0,1.0,1.0,0.0,0.0,0.0,0.0,0.0,0.0,0.0,0.0,0.0,0.0,0.0,0.0,0.0,0.0,1.0,0.0,0.0,1.0,0.0,0.0,0.0,0.0,-1.0,7.385828590839236e-05,0.0,1.0,0.0
PieChart2_1452,1.0,0.00156831741333,0.0001072883605957,0.0,1.0,0.0,0.0,1.0,0.0,0.0,1.0,0.0,0.0,0.0,0.0,0.0,0.0,0.0,0.0,0.0,0.0,0.0,0.0,0.0,0.0,1.0,0.0,0.0,-1.0,0.0001423917951391,0.0,1.0,0.0
PieChart2_1452,1.0,0.0015561580657958,0.0001165866851806,1.0,0.0,0.0,1.0,0.0,0.0,0.0,0.0,0.0,0.0,0.0,0.0,0.0,0.0,0.0,0.0,0.0,1.0,0.0,0.0,1.0,0.0,0.0,0.0,0.0,0.0,0.0002107894719092,0.0,1.0,0.0
PieChart2_1452,1.0,0.0014948844909667,0.000108003616333,0.0,1.0,0.0,1.0,0.0,0.0,0.0,0.0,0.0,0.0,0.0,0.0,0.0,0.0,0.0,0.0,0.0,1.0,0.0,0.0,0.0,0.0,1.0,0.0,0.0,0.0,0.0006365859137178,0.0,0.0,1.0
PieChart2_1452,1.0,0.0014452934265136,0.000110387802124,1.0,0.0,0.0,1.0,0.0,0.0,0.0,0.0,0.0,0.0,0.0,0.0,0.0,0.0,0.0,0.0,1.0,0.0,0.0,0.0,1.0,0.0,0.0,0.0,0.0,0.0,1.1736676962904429e-05,0.0,0.0,1.0
PieChart2_1452,1.0,0.0032107830047607,0.0001235008239746,1.0,0.0,0.0,1.0,0.0,0.0,0.0,0.0,0.0,0.0,0.0,1.0,0.0,0.0,0.0,0.0,0.0,0.0,0.0,0.0,1.0,0.0,0.0,0.0,0.0,0.0,1.6512780181652684e-05,0.0,0.0,1.0
PieChart2_1452,1.0,0.0034229755401611,0.0001933574676513,1.0,0.0,0.0,1.0,0.0,0.0,0.0,0.0,0.0,0.0,0.0,0.0,0.0,1.0,0.0,0.0,0.0,0.0,0.0,0.0,1.0,0.0,0.0,0.0,0.0,-1.0,0.0002405981258476,0.0,1.0,0.0
PieChart2_1452,1.0,0.0013647079467773,0.000105857849121,0.0,1.0,1.0,0.0,0.0,0.0,0.0,1.0,0.0,0.0,0.0,0.0,0.0,0.0,0.0,0.0,0.0,0.0,0.0,0.0,0.0,1.0,0.0,0.0,0.0,-1.0,4.883428852092019e-05,1.0,0.0,0.0
PieChart2_1452,1.0,0.0029091835021972,0.0001182556152343,1.0,0.0,0.0,1.0,0.0,0.0,1.0,0.0,0.0,0.0,0.0,0.0,0.0,0.0,0.0,0.0,0.0,0.0,0.0,0.0,1.0,0.0,0.0,0.0,0.0,0.0,0.0002267054548743,0.0,0.0,1.0
PieChart2_1452,1.0,0.0020129680633544,0.0001530647277832,1.0,0.0,0.0,1.0,0.0,1.0,0.0,0.0,0.0,0.0,0.0,0.0,0.0,0.0,0.0,0.0,0.0,0.0,0.0,0.0,1.0,0.0,0.0,0.0,0.0,0.0,2.8541378962519327e-05,0.0,1.0,0.0
PieChart2_1452,1.0,0.0016605854034423,0.0001146793365478,1.0,0.0,0.0,1.0,0.0,0.0,0.0,0.0,0.0,0.0,1.0,0.0,0.0,0.0,0.0,0.0,0.0,0.0,0.0,0.0,1.0,0.0,0.0,0.0,0.0,0.0,0.0001805169891218,0.0,0.0,1.0
PieChart2_1452,1.0,0.0782239437103271,0.0002260208129882,1.0,0.0,0.0,1.0,0.0,0.0,0.0,0.0,0.0,0.0,0.0,0.0,0.0,0.0,0.0,1.0,0.0,0.0,0.0,0.0,1.0,0.0,0.0,0.0,0.0,-1.0,9.04128926062352e-05,1.0,0.0,0.0
PieChart2_1452,1.0,0.0018136501312255,0.0001122951507568,0.0,1.0,0.0,0.0,1.0,0.0,0.0,0.0,0.0,0.0,0.0,0.0,0.0,0.0,0.0,0.0,1.0,0.0,0.0,1.0,0.0,0.0,0.0,0.0,0.0,0.0,1.7613147843388718e-05,0.0,1.0,0.0
PieChart2_1452,1.0,0.0013976097106933,0.0001063346862792,1.0,0.0,0.0,1.0,0.0,0.0,0.0,1.0,0.0,0.0,0.0,0.0,0.0,0.0,0.0,0.0,0.0,0.0,1.0,0.0,0.0,0.0,0.0,0.0,0.0,-1.0,0.0007225272464246,0.0,1.0,0.0
PieChart2_1452,1.0,0.00150728225708,0.0001072883605957,0.0,1.0,1.0,0.0,0.0,0.0,0.0,1.0,0.0,0.0,0.0,0.0,0.0,0.0,0.0,0.0,0.0,0.0,1.0,0.0,0.0,0.0,0.0,0.0,0.0,0.4552892960088169,0.0003840573384109,1.0,0.0,0.0
PieChart2_1452,1.0,0.0013697147369384,0.0001056194305419,1.0,0.0,1.0,0.0,0.0,0.0,0.0,1.0,0.0,0.0,0.0,0.0,0.0,0.0,0.0,0.0,0.0,0.0,0.0,0.0,0.0,0.0,0.0,0.0,1.0,0.0,0.0003648798246665,0.0,0.0,1.0
PieChart2_1452,1.0,0.0016331672668457,0.0001068115234375,0.0,1.0,1.0,0.0,0.0,0.0,0.0,0.0,0.0,0.0,0.0,0.0,0.0,0.0,0.0,0.0,0.0,1.0,0.0,0.0,0.0,1.0,0.0,0.0,0.0,0.0,0.000247656733439,0.0,0.0,1.0
German-Credit-Risk-with-Target_46116,0.785,0.0038332939147949,0.0001823902130126,1.0,0.0,0.0,1.0,0.0,0.0,0.0,0.0,0.0,0.0,0.0,0.0,0.0,1.0,0.0,0.0,0.0,0.0,0.0,0.0,0.0,0.0,1.0,0.0,0.0,0.6207178156972202,1.1033073240913144e-05,1.0,0.0,0.0
German-Credit-Risk-with-Target_46116,0.785,0.0039303302764892,0.0001540184020996,0.0,1.0,0.0,1.0,0.0,0.0,0.0,0.0,0.0,0.0,0.0,0.0,0.0,1.0,0.0,0.0,0.0,0.0,0.0,0.0,0.0,0.0,1.0,0.0,0.0,-1.0,0.0001021514642308,1.0,0.0,0.0
German-Credit-Risk-with-Target_46116,0.785,0.0031747817993164,0.0001387596130371,0.0,1.0,0.0,1.0,0.0,0.0,1.0,0.0,0.0,0.0,0.0,0.0,0.0,0.0,0.0,0.0,0.0,0.0,0.0,0.0,0.0,1.0,0.0,0.0,0.0,0.0,0.000317629821326,0.0,0.0,1.0
German-Credit-Risk-with-Target_46116,0.78,0.0034167766571044,0.00016450881958,0.0,1.0,0.0,1.0,0.0,0.0,0.0,0.0,0.0,0.0,0.0,0.0,0.0,1.0,0.0,0.0,0.0,0.0,0.0,0.0,0.0,0.0,0.0,1.0,0.0,0.1711921024870399,2.713301367097438e-05,1.0,0.0,0.0
German-Credit-Risk-with-Target_46116,0.775,0.0019588470458984,0.0001213550567626,0.0,1.0,0.0,1.0,0.0,1.0,0.0,0.0,0.0,0.0,0.0,0.0,0.0,0.0,0.0,0.0,0.0,0.0,0.0,0.0,0.0,0.0,0.0,1.0,0.0,0.0,0.0001700300512706,0.0,0.0,1.0
German-Credit-Risk-with-Target_46116,0.775,0.001882791519165,0.0001223087310791,1.0,0.0,0.0,1.0,0.0,1.0,0.0,0.0,0.0,0.0,0.0,0.0,0.0,0.0,0.0,0.0,0.0,0.0,0.0,0.0,0.0,0.0,0.0,1.0,0.0,0.0,0.0007227127813596,0.0,0.0,1.0
German-Credit-Risk-with-Target_46116,0.775,0.0019049644470214,0.0001215934753417,0.0,1.0,0.0,1.0,0.0,1.0,0.0,0.0,0.0,0.0,0.0,0.0,0.0,0.0,0.0,0.0,0.0,0.0,0.0,0.0,0.0,0.0,0.0,0.0,1.0,0.0,0.0003205262609256,0.0,0.0,1.0
German-Credit-Risk-with-Target_46116,0.775,0.0018866062164306,0.0001201629638671,0.0,1.0,0.0,1.0,0.0,1.0,0.0,0.0,0.0,0.0,0.0,0.0,0.0,0.0,0.0,0.0,0.0,0.0,0.0,1.0,0.0,0.0,0.0,0.0,0.0,-1.0,0.0001245312022952,1.0,0.0,0.0
German-Credit-Risk-with-Target_46116,0.775,0.0020873546600341,0.0001332759857177,1.0,0.0,0.0,1.0,0.0,1.0,0.0,0.0,0.0,0.0,0.0,0.0,0.0,0.0,0.0,0.0,0.0,0.0,1.0,0.0,0.0,0.0,0.0,0.0,0.0,0.0,4.167240920928294e-05,0.0,0.0,1.0
German-Credit-Risk-with-Target_46116,0.775,0.0019054412841796,0.000119924545288,0.0,1.0,0.0,1.0,0.0,1.0,0.0,0.0,0.0,0.0,0.0,0.0,0.0,0.0,0.0,0.0,0.0,0.0,1.0,0.0,0.0,0.0,0.0,0.0,0.0,0.0,0.0001875326304657,1.0,0.0,0.0
German-Credit-Risk-with-Target_46116,0.775,0.0018825531005859,0.0001204013824462,1.0,0.0,0.0,1.0,0.0,1.0,0.0,0.0,0.0,0.0,0.0,0.0,0.0,0.0,0.0,0.0,0.0,0.0,0.0,1.0,0.0,0.0,0.0,0.0,0.0,-1.0,0.0002684154809053,0.0,1.0,0.0
German-Credit-Risk-with-Target_46116,0.775,0.0019559860229492,0.0001258850097656,1.0,0.0,0.0,1.0,0.0,1.0,0.0,0.0,0.0,0.0,0.0,0.0,0.0,0.0,0.0,0.0,0.0,0.0,0.0,0.0,0.0,0.0,0.0,0.0,1.0,0.0,0.0001885993644159,0.0,0.0,1.0
German-Credit-Risk-with-Target_46116,0.77,0.0019521713256835,0.0001425743103027,0.0,1.0,0.0,1.0,0.0,0.0,0.0,0.0,0.0,0.0,0.0,0.0,0.0,0.0,0.0,0.0,1.0,0.0,0.0,0.0,0.0,1.0,0.0,0.0,0.0,-1.0,0.0003242182249065,0.0,1.0,0.0
German-Credit-Risk-with-Target_46116,0.77,0.0020008087158203,0.0001187324523925,0.0,1.0,0.0,1.0,0.0,0.0,0.0,0.0,0.0,0.0,1.0,0.0,0.0,0.0,0.0,0.0,0.0,0.0,0.0,1.0,0.0,0.0,0.0,0.0,0.0,-1.0,3.618215510204125e-05,1.0,0.0,0.0
German-Credit-Risk-with-Target_46116,0.77,0.0017483234405517,0.0001196861267089,1.0,0.0,0.0,1.0,0.0,0.0,0.0,0.0,0.0,0.0,0.0,0.0,0.0,0.0,0.0,0.0,1.0,0.0,0.0,0.0,0.0,0.0,1.0,0.0,0.0,0.0,0.0001036626349555,0.0,1.0,0.0
German-Credit-Risk-with-Target_46116,0.77,0.0019044876098632,0.0001492500305175,1.0,0.0,0.0,1.0,0.0,0.0,0.0,0.0,0.0,0.0,1.0,0.0,0.0,0.0,0.0,0.0,0.0,0.0,0.0,0.0,0.0,1.0,0.0,0.0,0.0,0.0,0.0001251247395181,0.0,0.0,1.0
German-Credit-Risk-with-Target_46116,0.77,1.1754364967346191,0.0002181529998779,1.0,0.0,0.0,1.0,0.0,0.0,0.0,0.0,0.0,0.0,0.0,0.0,1.0,0.0,0.0,0.0,0.0,0.0,0.0,0.0,0.0,0.0,0.0,1.0,0.0,0.0,1.5127599162792615e-05,0.0,0.0,1.0
German-Credit-Risk-with-Target_46116,0.77,0.001796007156372,0.0001213550567626,1.0,0.0,0.0,1.0,0.0,0.0,0.0,0.0,0.0,0.0,0.0,0.0,0.0,0.0,0.0,0.0,1.0,0.0,0.0,0.0,0.0,1.0,0.0,0.0,0.0,0.0,2.254700543004699e-05,0.0,0.0,1.0
German-Credit-Risk-with-Target_46116,0.77,0.001950979232788,0.0001237392425537,0.0,1.0,0.0,1.0,0.0,0.0,0.0,0.0,0.0,0.0,1.0,0.0,0.0,0.0,0.0,0.0,0.0,0.0,0.0,0.0,0.0,1.0,0.0,0.0,0.0,0.0,4.104358280687193e-05,0.0,0.0,1.0
German-Credit-Risk-with-Target_46116,0.77,0.0018019676208496,0.0001201629638671,0.0,1.0,0.0,1.0,0.0,0.0,0.0,0.0,0.0,0.0,0.0,0.0,0.0,0.0,0.0,0.0,1.0,0.0,0.0,0.0,0.0,0.0,1.0,0.0,0.0,0.0,1.2459834371426872e-05,0.0,0.0,1.0
analcatdata_germangss_1025,0.95,0.0013866424560546,0.0001108646392822,1.0,0.0,0.0,1.0,0.0,0.0,0.0,0.0,0.0,0.0,0.0,0.0,0.0,1.0,0.0,0.0,0.0,0.0,0.0,0.0,1.0,0.0,0.0,0.0,0.0,0.8164070218981491,2.932290769146245e-05,0.0,1.0,0.0
analcatdata_germangss_1025,0.95,0.0013816356658935,0.0001139640808105,0.0,1.0,0.0,1.0,0.0,0.0,0.0,0.0,0.0,0.0,0.0,0.0,0.0,1.0,0.0,0.0,0.0,0.0,0.0,0.0,1.0,0.0,0.0,0.0,0.0,0.0,0.0001107422482633,0.0,0.0,1.0
analcatdata_germangss_1025,0.95,0.0630457401275634,0.0002119541168212,0.0,1.0,0.0,0.0,1.0,0.0,0.0,0.0,0.0,0.0,0.0,0.0,1.0,0.0,0.0,0.0,0.0,0.0,0.0,1.0,0.0,0.0,0.0,0.0,0.0,0.0,0.0001211964390277,0.0,0.0,1.0
analcatdata_germangss_1025,0.95,0.0146505832672119,0.0002069473266601,1.0,0.0,0.0,1.0,0.0,0.0,0.0,0.0,0.0,0.0,0.0,0.0,0.0,0.0,1.0,0.0,0.0,0.0,0.0,0.0,0.0,0.0,0.0,0.0,1.0,0.0,3.153946607049956e-05,0.0,0.0,1.0
analcatdata_germangss_1025,0.95,0.0147156715393066,0.0002076625823974,0.0,1.0,0.0,1.0,0.0,0.0,0.0,0.0,0.0,0.0,0.0,0.0,0.0,0.0,1.0,0.0,0.0,0.0,0.0,0.0,0.0,0.0,0.0,0.0,1.0,-1.0,0.000781585401561,1.0,0.0,0.0
analcatdata_germangss_1025,0.95,0.0159101486206054,0.0002057552337646,1.0,0.0,0.0,1.0,0.0,0.0,0.0,0.0,0.0,0.0,0.0,0.0,0.0,0.0,1.0,0.0,0.0,0.0,0.0,0.0,0.0,1.0,0.0,0.0,0.0,0.0,8.596726473797316e-05,0.0,1.0,0.0
analcatdata_germangss_1025,0.95,0.0015003681182861,0.0001163482666015,0.0,1.0,0.0,1.0,0.0,0.0,0.0,0.0,0.0,0.0,0.0,0.0,0.0,1.0,0.0,0.0,0.0,0.0,0.0,0.0,0.0,0.0,1.0,0.0,0.0,-1.0,0.0001881709422614,1.0,0.0,0.0
analcatdata_germangss_1025,0.95,0.0155897140502929,0.0002093315124511,1.0,0.0,0.0,1.0,0.0,0.0,0.0,0.0,0.0,0.0,0.0,0.0,0.0,0.0,1.0,0.0,0.0,0.0,1.0,0.0,0.0,0.0,0.0,0.0,0.0,0.0,1.150071323972506e-05,0.0,0.0,1.0
analcatdata_germangss_1025,0.95,0.0160024166107177,0.0002579689025878,0.0,1.0,0.0,1.0,0.0,0.0,0.0,0.0,0.0,0.0,0.0,0.0,0.0,0.0,1.0,0.0,0.0,0.0,0.0,0.0,0.0,1.0,0.0,0.0,0.0,0.0,6.28585395277117e-05,0.0,0.0,1.0
analcatdata_germangss_1025,0.95,0.0741913318634033,0.0002105236053466,1.0,0.0,0.0,0.0,1.0,0.0,0.0,0.0,0.0,0.0,0.0,0.0,1.0,0.0,0.0,0.0,0.0,0.0,0.0,1.0,0.0,0.0,0.0,0.0,0.0,-1.0,0.000121399451194,1.0,0.0,0.0
analcatdata_germangss_1025,0.95,0.014592170715332,0.0002191066741943,0.0,1.0,0.0,1.0,0.0,0.0,0.0,0.0,0.0,0.0,0.0,0.0,0.0,0.0,1.0,0.0,0.0,0.0,1.0,0.0,0.0,0.0,0.0,0.0,0.0,-1.0,4.21219642922108e-05,1.0,0.0,0.0
analcatdata_germangss_1025,0.95,0.0145580768585205,0.0002295970916748,0.0,1.0,0.0,1.0,0.0,0.0,0.0,0.0,0.0,0.0,0.0,0.0,0.0,0.0,1.0,0.0,0.0,0.0,0.0,0.0,0.0,0.0,1.0,0.0,0.0,0.0,2.201628202538526e-05,0.0,0.0,1.0
analcatdata_germangss_1025,0.95,0.0013248920440673,0.0001068115234375,0.0,1.0,0.0,1.0,0.0,0.0,0.0,0.0,0.0,0.0,0.0,0.0,0.0,1.0,0.0,0.0,0.0,0.0,1.0,0.0,0.0,0.0,0.0,0.0,0.0,-1.0,2.5251838453570312e-05,0.0,1.0,0.0
analcatdata_germangss_1025,0.95,0.0015327930450439,0.0001211166381835,1.0,0.0,0.0,1.0,0.0,0.0,0.0,0.0,0.0,0.0,0.0,0.0,0.0,1.0,0.0,0.0,0.0,0.0,1.0,0.0,0.0,0.0,0.0,0.0,0.0,0.0,8.572355916517997e-05,0.0,0.0,1.0
analcatdata_germangss_1025,0.95,0.0015711784362792,0.0001225471496582,1.0,0.0,0.0,1.0,0.0,0.0,0.0,0.0,0.0,0.0,0.0,0.0,0.0,1.0,0.0,0.0,0.0,0.0,0.0,0.0,0.0,0.0,1.0,0.0,0.0,0.0,1.3868581514952577e-05,0.0,0.0,1.0
analcatdata_germangss_1025,0.95,0.015810489654541,0.0002026557922363,1.0,0.0,0.0,1.0,0.0,0.0,0.0,0.0,0.0,0.0,0.0,0.0,0.0,0.0,1.0,0.0,0.0,0.0,0.0,0.0,0.0,0.0,1.0,0.0,0.0,-1.0,2.943892486955189e-05,1.0,0.0,0.0
analcatdata_germangss_1025,0.95,0.0140941143035888,0.0002050399780273,0.0,1.0,0.0,1.0,0.0,0.0,0.0,0.0,0.0,0.0,0.0,0.0,0.0,0.0,1.0,0.0,0.0,0.0,0.0,0.0,0.0,0.0,0.0,1.0,0.0,0.0,0.0002748386301481,1.0,0.0,0.0
analcatdata_germangss_1025,0.95,0.0146527290344238,0.0002055168151855,1.0,0.0,0.0,1.0,0.0,0.0,0.0,0.0,0.0,0.0,0.0,0.0,0.0,0.0,1.0,0.0,0.0,0.0,0.0,1.0,0.0,0.0,0.0,0.0,0.0,0.0,2.6883158899422828e-05,0.0,0.0,1.0
analcatdata_germangss_1025,0.95,0.0155439376831054,0.0002031326293945,0.0,1.0,0.0,1.0,0.0,0.0,0.0,0.0,0.0,0.0,0.0,0.0,0.0,0.0,1.0,0.0,0.0,0.0,0.0,0.0,1.0,0.0,0.0,0.0,0.0,-1.0,1.7134436641346258e-05,0.0,1.0,0.0
analcatdata_germangss_1025,0.95,0.0282192230224609,0.000223159790039,0.0,1.0,0.0,1.0,0.0,0.0,0.0,0.0,0.0,0.0,0.0,0.0,0.0,0.0,1.0,0.0,0.0,0.0,0.0,1.0,0.0,0.0,0.0,0.0,0.0,-1.0,1.4706939347681277e-05,0.0,1.0,0.0
chscase_census6_900,0.65,0.0016474723815917,0.0001144409179687,0.0,1.0,0.0,0.0,1.0,0.0,0.0,0.0,0.0,0.0,0.0,0.0,0.0,0.0,1.0,0.0,0.0,0.0,0.0,0.0,1.0,0.0,0.0,0.0,0.0,0.731037952832775,0.000949415880632,0.0,1.0,0.0
chscase_census6_900,0.65,0.0016219615936279,0.0001130104064941,1.0,0.0,0.0,0.0,1.0,0.0,0.0,0.0,0.0,0.0,0.0,0.0,0.0,0.0,1.0,0.0,0.0,0.0,0.0,0.0,1.0,0.0,0.0,0.0,0.0,0.0,1.4918513546354398e-05,0.0,0.0,1.0
chscase_census6_900,0.65,0.0016512870788574,0.0001137256622314,1.0,0.0,1.0,0.0,0.0,0.0,0.0,0.0,0.0,0.0,0.0,0.0,0.0,0.0,1.0,0.0,0.0,0.0,0.0,0.0,1.0,0.0,0.0,0.0,0.0,0.0,7.362019204594673e-05,0.0,1.0,0.0
chscase_census6_900,0.65,0.0016624927520751,0.0001173019409179,0.0,1.0,1.0,0.0,0.0,0.0,0.0,0.0,0.0,0.0,0.0,0.0,0.0,0.0,1.0,0.0,0.0,0.0,0.0,0.0,1.0,0.0,0.0,0.0,0.0,-1.0,0.0001052311607219,0.0,1.0,0.0
chscase_census6_900,0.65,0.0018954277038574,0.0001413822174072,0.0,1.0,0.0,1.0,0.0,0.0,0.0,0.0,0.0,0.0,0.0,0.0,0.0,0.0,1.0,0.0,0.0,0.0,0.0,0.0,1.0,0.0,0.0,0.0,0.0,0.0,0.0008494774987919,0.0,0.0,1.0
chscase_census6_900,0.65,0.0020325183868408,0.0001327991485595,1.0,0.0,0.0,1.0,0.0,0.0,0.0,0.0,0.0,0.0,0.0,0.0,0.0,0.0,1.0,0.0,0.0,0.0,0.0,0.0,1.0,0.0,0.0,0.0,0.0,-1.0,0.0006056176007668,0.0,1.0,0.0
chscase_census6_900,0.625,0.0614459514617919,0.0002079010009765,0.0,1.0,0.0,1.0,0.0,0.0,0.0,0.0,0.0,0.0,0.0,0.0,1.0,0.0,0.0,0.0,0.0,0.0,0.0,1.0,0.0,0.0,0.0,0.0,0.0,0.0,2.9878413812359027e-05,0.0,1.0,0.0
chscase_census6_900,0.625,0.0016794204711914,0.0001380443572998,1.0,0.0,1.0,0.0,0.0,0.0,0.0,0.0,0.0,1.0,0.0,0.0,0.0,0.0,0.0,0.0,0.0,0.0,0.0,0.0,0.0,0.0,1.0,0.0,0.0,0.0,1.4770744018472804e-05,0.0,0.0,1.0
chscase_census6_900,0.625,0.0012836456298828,0.0001153945922851,1.0,0.0,1.0,0.0,0.0,0.0,1.0,0.0,0.0,0.0,0.0,0.0,0.0,0.0,0.0,0.0,0.0,0.0,0.0,0.0,0.0,0.0,1.0,0.0,0.0,0.0,7.5137056693239e-05,0.0,0.0,1.0
chscase_census6_900,0.625,0.0012803077697753,0.0001237392425537,1.0,0.0,1.0,0.0,0.0,0.0,0.0,0.0,0.0,0.0,0.0,0.0,0.0,1.0,0.0,0.0,0.0,0.0,0.0,0.0,0.0,0.0,1.0,0.0,0.0,0.4256116520939054,1.591581913518753e-05,0.0,1.0,0.0
chscase_census6_900,0.625,0.0014955997467041,0.0001242160797119,1.0,0.0,1.0,0.0,0.0,0.0,0.0,0.0,0.0,0.0,0.0,1.0,0.0,0.0,0.0,0.0,0.0,0.0,0.0,0.0,0.0,0.0,1.0,0.0,0.0,0.0,0.0005523457272004,0.0,0.0,1.0
chscase_census6_900,0.625,0.0019006729125976,0.0001263618469238,1.0,0.0,1.0,0.0,0.0,0.0,0.0,0.0,0.0,0.0,0.0,0.0,0.0,0.0,1.0,0.0,0.0,0.0,0.0,0.0,0.0,1.0,0.0,0.0,0.0,-1.0,0.0002555935327711,1.0,0.0,0.0
chscase_census6_900,0.625,0.0015459060668945,0.000129222869873,0.0,1.0,1.0,0.0,0.0,0.0,0.0,0.0,0.0,1.0,0.0,0.0,0.0,0.0,0.0,0.0,0.0,0.0,0.0,0.0,0.0,0.0,1.0,0.0,0.0,0.0,0.0007719211052264,0.0,0.0,1.0
chscase_census6_900,0.625,0.0013337135314941,0.0001184940338134,0.0,1.0,0.0,1.0,0.0,0.0,0.0,0.0,0.0,0.0,0.0,1.0,0.0,0.0,0.0,0.0,0.0,0.0,0.0,0.0,0.0,0.0,1.0,0.0,0.0,0.5130273820194556,0.0001376905356341,1.0,0.0,0.0
chscase_census6_900,0.625,0.0012869834899902,0.0001156330108642,0.0,1.0,0.0,1.0,0.0,0.0,1.0,0.0,0.0,0.0,0.0,0.0,0.0,0.0,0.0,0.0,0.0,0.0,0.0,0.0,0.0,0.0,1.0,0.0,0.0,-1.0,5.3561149545898205e-05,1.0,0.0,0.0
chscase_census6_900,0.625,0.0020911693572998,0.0001335144042968,0.0,1.0,0.0,1.0,0.0,0.0,0.0,0.0,0.0,0.0,0.0,0.0,0.0,0.0,1.0,0.0,0.0,0.0,0.0,0.0,0.0,1.0,0.0,0.0,0.0,0.6864878057445278,0.0001002986728911,1.0,0.0,0.0
chscase_census6_900,0.625,0.001575231552124,0.0001277923583984,0.0,1.0,0.0,1.0,0.0,0.0,0.0,0.0,0.0,1.0,0.0,0.0,0.0,0.0,0.0,0.0,0.0,0.0,0.0,0.0,0.0,0.0,1.0,0.0,0.0,0.0,2.0967864216165537e-05,0.0,0.0,1.0
chscase_census6_900,0.625,0.0575771331787109,0.0001957416534423,0.0,1.0,0.0,0.0,1.0,0.0,0.0,0.0,0.0,0.0,0.0,0.0,1.0,0.0,0.0,0.0,0.0,0.0,0.0,1.0,0.0,0.0,0.0,0.0,0.0,0.0,8.435805386008814e-05,0.0,0.0,1.0
chscase_census6_900,0.625,0.0012421607971191,0.0001158714294433,0.0,1.0,0.0,0.0,1.0,0.0,1.0,0.0,0.0,0.0,0.0,0.0,0.0,0.0,0.0,0.0,0.0,0.0,0.0,0.0,0.0,0.0,1.0,0.0,0.0,0.2547816650053306,0.0009940665191141,0.0,1.0,0.0
chscase_census6_900,0.625,0.0773959159851074,0.0002117156982421,1.0,0.0,1.0,0.0,0.0,0.0,0.0,0.0,0.0,0.0,0.0,0.0,1.0,0.0,0.0,0.0,0.0,0.0,0.0,1.0,0.0,0.0,0.0,0.0,0.0,0.0,0.0002404430966315,0.0,0.0,1.0
visualizing_galaxy_925,0.9846153846153848,0.0066397190093994,0.0001463890075683,1.0,0.0,0.0,1.0,0.0,0.0,0.0,0.0,0.0,0.0,0.0,0.0,0.0,0.0,0.0,1.0,0.0,0.0,0.0,0.0,1.0,0.0,0.0,0.0,0.0,0.0,1.332640811839502e-05,0.0,0.0,1.0
visualizing_galaxy_925,0.9846153846153848,0.0116195678710937,0.0001711845397949,0.0,1.0,0.0,1.0,0.0,0.0,0.0,0.0,0.0,0.0,0.0,0.0,0.0,0.0,0.0,1.0,0.0,0.0,0.0,0.0,1.0,0.0,0.0,0.0,0.0,0.0,0.0002827058526942,1.0,0.0,0.0
visualizing_galaxy_925,0.9846153846153848,0.0011818408966064,0.0001094341278076,0.0,1.0,0.0,0.0,1.0,0.0,1.0,0.0,0.0,0.0,0.0,0.0,0.0,0.0,0.0,0.0,0.0,0.0,0.0,0.0,1.0,0.0,0.0,0.0,0.0,0.0,1.5897229686760043e-05,0.0,0.0,1.0
visualizing_galaxy_925,0.9846153846153848,0.0013363361358642,0.0001521110534667,1.0,0.0,1.0,0.0,0.0,0.0,0.0,0.0,0.0,0.0,0.0,1.0,0.0,0.0,0.0,0.0,0.0,0.0,0.0,0.0,1.0,0.0,0.0,0.0,0.0,0.0,6.0435086934253646e-05,0.0,1.0,0.0
visualizing_galaxy_925,0.9846153846153848,0.1359086036682129,0.0001940727233886,0.0,1.0,1.0,0.0,0.0,0.0,0.0,0.0,0.0,0.0,0.0,0.0,1.0,0.0,0.0,0.0,0.0,0.0,0.0,0.0,1.0,0.0,0.0,0.0,0.0,-1.0,0.000373680560004,1.0,0.0,0.0
visualizing_galaxy_925,0.9846153846153848,0.0014045238494873,0.0001261234283447,1.0,0.0,0.0,0.0,1.0,0.0,0.0,0.0,0.0,0.0,0.0,1.0,0.0,0.0,0.0,0.0,0.0,0.0,0.0,0.0,1.0,0.0,0.0,0.0,0.0,0.0,1.8037642231763583e-05,0.0,0.0,1.0
visualizing_galaxy_925,0.9846153846153848,0.0011637210845947,0.0001325607299804,0.0,1.0,1.0,0.0,0.0,0.0,1.0,0.0,0.0,0.0,0.0,0.0,0.0,0.0,0.0,0.0,0.0,0.0,0.0,0.0,1.0,0.0,0.0,0.0,0.0,0.0,3.850230903032768e-05,1.0,0.0,0.0
visualizing_galaxy_925,0.9846153846153848,0.0014679431915283,0.0001263618469238,0.0,1.0,1.0,0.0,0.0,0.0,0.0,0.0,0.0,0.0,0.0,1.0,0.0,0.0,0.0,0.0,0.0,0.0,0.0,0.0,1.0,0.0,0.0,0.0,0.0,0.0,2.45767502295616e-05,0.0,0.0,1.0
visualizing_galaxy_925,0.9846153846153848,0.0013213157653808,0.0001251697540283,1.0,0.0,1.0,0.0,0.0,0.0,0.0,0.0,0.0,0.0,0.0,1.0,0.0,0.0,0.0,0.0,0.0,0.0,0.0,0.0,0.0,0.0,1.0,0.0,0.0,0.0,0.0005497833964907,0.0,0.0,1.0
visualizing_galaxy_925,0.9846153846153848,0.0063948631286621,0.0001444816589355,0.0,1.0,0.0,0.0,1.0,0.0,0.0,0.0,0.0,0.0,0.0,0.0,0.0,0.0,0.0,1.0,0.0,0.0,0.0,0.0,1.0,0.0,0.0,0.0,0.0,0.0,1.97620981579138e-05,0.0,0.0,1.0
visualizing_galaxy_925,0.9846153846153848,0.0978598594665527,0.0001907348632812,0.0,1.0,0.0,1.0,0.0,0.0,0.0,0.0,0.0,0.0,0.0,0.0,1.0,0.0,0.0,0.0,0.0,0.0,0.0,0.0,0.0,1.0,0.0,0.0,0.0,0.912357877709518,0.0001179153823005,0.0,1.0,0.0
visualizing_galaxy_925,0.9846153846153848,0.1235127449035644,0.0002260208129882,0.0,1.0,0.0,0.0,1.0,0.0,0.0,0.0,0.0,0.0,0.0,0.0,1.0,0.0,0.0,0.0,0.0,0.0,0.0,0.0,1.0,0.0,0.0,0.0,0.0,0.0,3.553282858098422e-05,0.0,0.0,1.0
visualizing_galaxy_925,0.9846153846153848,0.001420259475708,0.0001273155212402,0.0,1.0,0.0,0.0,1.0,0.0,0.0,0.0,0.0,1.0,0.0,0.0,0.0,0.0,0.0,0.0,0.0,0.0,0.0,0.0,0.0,0.0,1.0,0.0,0.0,-1.0,0.0001033987868103,1.0,0.0,0.0
visualizing_galaxy_925,0.9846153846153848,0.148101806640625,0.0002002716064453,1.0,0.0,0.0,1.0,0.0,0.0,0.0,0.0,0.0,0.0,0.0,0.0,1.0,0.0,0.0,0.0,0.0,0.0,0.0,0.0,0.0,0.0,0.0,1.0,0.0,-1.0,2.161365232191496e-05,0.0,1.0,0.0
visualizing_galaxy_925,0.9846153846153848,0.0768377780914306,0.0001983642578125,0.0,1.0,0.0,0.0,1.0,0.0,0.0,0.0,0.0,0.0,0.0,0.0,1.0,0.0,0.0,0.0,0.0,0.0,1.0,0.0,0.0,0.0,0.0,0.0,0.0,0.0,0.0003274559781476,1.0,0.0,0.0
visualizing_galaxy_925,0.9846153846153848,0.0761909484863281,0.000190258026123,0.0,1.0,1.0,0.0,0.0,0.0,0.0,0.0,0.0,0.0,0.0,0.0,1.0,0.0,0.0,0.0,0.0,0.0,0.0,0.0,0.0,0.0,0.0,1.0,0.0,0.0,0.0001932960038985,0.0,0.0,1.0
visualizing_galaxy_925,0.9846153846153848,0.0012989044189453,0.0001091957092285,1.0,0.0,0.0,0.0,1.0,0.0,0.0,0.0,0.0,0.0,0.0,0.0,0.0,0.0,1.0,0.0,0.0,0.0,0.0,0.0,1.0,0.0,0.0,0.0,0.0,-1.0,1.221384723855722e-05,0.0,1.0,0.0
visualizing_galaxy_925,0.9846153846153848,0.0083701610565185,0.0001521110534667,0.0,1.0,0.0,1.0,0.0,0.0,0.0,0.0,0.0,0.0,0.0,0.0,0.0,0.0,0.0,1.0,0.0,0.0,1.0,0.0,0.0,0.0,0.0,0.0,0.0,0.0899124460256232,0.000785471425151,0.0,1.0,0.0
visualizing_galaxy_925,0.9846153846153848,0.0012257099151611,0.0001153945922851,1.0,0.0,0.0,0.0,1.0,0.0,1.0,0.0,0.0,0.0,0.0,0.0,0.0,0.0,0.0,0.0,0.0,0.0,0.0,0.0,1.0,0.0,0.0,0.0,0.0,0.0,0.0006108677042912,0.0,0.0,1.0
visualizing_galaxy_925,0.9846153846153848,0.001131534576416,0.0001087188720703,0.0,1.0,0.0,1.0,0.0,0.0,1.0,0.0,0.0,0.0,0.0,0.0,0.0,0.0,0.0,0.0,0.0,0.0,0.0,0.0,1.0,0.0,0.0,0.0,0.0,-1.0,3.940537039972201e-05,1.0,0.0,0.0
fri_c4_1000_50_797,0.71,0.0018150806427001,0.000119924545288,1.0,0.0,1.0,0.0,0.0,0.0,0.0,0.0,0.0,0.0,0.0,0.0,0.0,0.0,0.0,0.0,1.0,0.0,0.0,0.0,0.0,0.0,0.0,0.0,1.0,0.0,3.834959900181942e-05,1.0,0.0,0.0
fri_c4_1000_50_797,0.71,0.0018489360809326,0.0001170635223388,0.0,1.0,0.0,0.0,1.0,0.0,0.0,0.0,0.0,0.0,0.0,0.0,0.0,0.0,0.0,0.0,1.0,0.0,0.0,1.0,0.0,0.0,0.0,0.0,0.0,0.0,9.962206865668604e-05,0.0,0.0,1.0
fri_c4_1000_50_797,0.71,0.001842975616455,0.0001583099365234,0.0,1.0,0.0,0.0,1.0,0.0,0.0,0.0,0.0,0.0,0.0,0.0,0.0,0.0,0.0,0.0,1.0,0.0,1.0,0.0,0.0,0.0,0.0,0.0,0.0,0.0,0.0001730765382212,1.0,0.0,0.0
fri_c4_1000_50_797,0.71,0.0017240047454833,0.000108003616333,1.0,0.0,1.0,0.0,0.0,0.0,0.0,0.0,0.0,0.0,0.0,0.0,0.0,0.0,0.0,0.0,1.0,0.0,1.0,0.0,0.0,0.0,0.0,0.0,0.0,0.0,3.8200748346652855e-05,1.0,0.0,0.0
fri_c4_1000_50_797,0.71,0.0020124912261962,0.0001487731933593,0.0,1.0,0.0,1.0,0.0,0.0,0.0,0.0,0.0,0.0,0.0,0.0,0.0,0.0,0.0,0.0,1.0,0.0,0.0,0.0,0.0,0.0,0.0,0.0,1.0,0.0,0.0003896776850792,0.0,0.0,1.0
fri_c4_1000_50_797,0.71,0.0017499923706054,0.0001161098480224,0.0,1.0,0.0,0.0,1.0,0.0,0.0,0.0,0.0,0.0,0.0,0.0,0.0,0.0,0.0,0.0,1.0,0.0,0.0,0.0,0.0,0.0,0.0,0.0,1.0,0.0,1.435458340092578e-05,0.0,0.0,1.0
fri_c4_1000_50_797,0.71,0.0018646717071533,0.000117540359497,0.0,1.0,0.0,0.0,1.0,0.0,0.0,0.0,0.0,0.0,0.0,0.0,0.0,0.0,0.0,0.0,1.0,0.0,0.0,0.0,0.0,0.0,0.0,1.0,0.0,0.0,6.247007801376265e-05,1.0,0.0,0.0
fri_c4_1000_50_797,0.71,0.0026249885559082,0.0001585483551025,0.0,1.0,0.0,1.0,0.0,0.0,0.0,0.0,0.0,0.0,0.0,0.0,0.0,0.0,0.0,0.0,1.0,0.0,0.0,1.0,0.0,0.0,0.0,0.0,0.0,-1.0,0.0001293058745258,1.0,0.0,0.0
fri_c4_1000_50_797,0.71,0.0018200874328613,0.0001168251037597,1.0,0.0,0.0,0.0,1.0,0.0,0.0,0.0,0.0,0.0,0.0,0.0,0.0,0.0,0.0,0.0,1.0,0.0,0.0,1.0,0.0,0.0,0.0,0.0,0.0,-1.0,0.0003975245567938,1.0,0.0,0.0
fri_c4_1000_50_797,0.71,0.0017817020416259,0.0001170635223388,0.0,1.0,0.0,1.0,0.0,0.0,0.0,0.0,0.0,0.0,0.0,0.0,0.0,0.0,0.0,0.0,1.0,0.0,0.0,0.0,0.0,0.0,0.0,1.0,0.0,0.0,0.0005541592510785,0.0,0.0,1.0
fri_c4_1000_50_797,0.71,0.0024099349975585,0.0002222061157226,0.0,1.0,0.0,1.0,0.0,0.0,0.0,0.0,0.0,0.0,0.0,0.0,0.0,0.0,0.0,0.0,1.0,0.0,1.0,0.0,0.0,0.0,0.0,0.0,0.0,-1.0,3.081868178455156e-05,1.0,0.0,0.0
fri_c4_1000_50_797,0.71,0.0018305778503417,0.000140905380249,0.0,1.0,1.0,0.0,0.0,0.0,0.0,0.0,0.0,0.0,0.0,0.0,0.0,0.0,0.0,0.0,1.0,0.0,0.0,0.0,0.0,0.0,0.0,0.0,1.0,-1.0,3.0347887507266127e-05,0.0,1.0,0.0
fri_c4_1000_50_797,0.71,0.0018234252929687,0.0001206398010253,0.0,1.0,1.0,0.0,0.0,0.0,0.0,0.0,0.0,0.0,0.0,0.0,0.0,0.0,0.0,0.0,1.0,0.0,1.0,0.0,0.0,0.0,0.0,0.0,0.0,0.0,5.451661755258096e-05,0.0,0.0,1.0
fri_c4_1000_50_797,0.71,0.0018408298492431,0.0001184940338134,1.0,0.0,0.0,1.0,0.0,0.0,0.0,0.0,0.0,0.0,0.0,0.0,0.0,0.0,0.0,0.0,1.0,0.0,0.0,0.0,0.0,0.0,0.0,0.0,1.0,0.0,7.163267206062004e-05,1.0,0.0,0.0
fri_c4_1000_50_797,0.71,0.0017011165618896,0.0001249313354492,1.0,0.0,0.0,1.0,0.0,0.0,0.0,0.0,0.0,0.0,0.0,0.0,0.0,0.0,0.0,0.0,1.0,0.0,0.0,0.0,0.0,0.0,0.0,1.0,0.0,-1.0,0.0004975153022787,1.0,0.0,0.0
fri_c4_1000_50_797,0.71,0.0017428398132324,0.0001165866851806,1.0,0.0,0.0,0.0,1.0,0.0,0.0,0.0,0.0,0.0,0.0,0.0,0.0,0.0,0.0,0.0,1.0,0.0,1.0,0.0,0.0,0.0,0.0,0.0,0.0,-1.0,1.035481381534215e-05,0.0,1.0,0.0
fri_c4_1000_50_797,0.71,0.0018801689147949,0.0001230239868164,0.0,1.0,1.0,0.0,0.0,0.0,0.0,0.0,0.0,0.0,0.0,0.0,0.0,0.0,0.0,0.0,1.0,0.0,0.0,0.0,0.0,0.0,0.0,1.0,0.0,0.0,0.0002343797774461,0.0,0.0,1.0
fri_c4_1000_50_797,0.71,0.0017666816711425,0.0001122951507568,0.0,1.0,1.0,0.0,0.0,0.0,0.0,0.0,0.0,0.0,0.0,0.0,0.0,0.0,0.0,0.0,1.0,0.0,0.0,1.0,0.0,0.0,0.0,0.0,0.0,0.0,2.754974496557878e-05,0.0,0.0,1.0
fri_c4_1000_50_797,0.71,0.0018048286437988,0.0001420974731445,1.0,0.0,1.0,0.0,0.0,0.0,0.0,0.0,0.0,0.0,0.0,0.0,0.0,0.0,0.0,0.0,1.0,0.0,0.0,1.0,0.0,0.0,0.0,0.0,0.0,0.0,0.0005818406134642,0.0,0.0,1.0
fri_c4_1000_50_797,0.71,0.002126932144165,0.0001280307769775,1.0,0.0,0.0,0.0,1.0,0.0,0.0,0.0,0.0,0.0,0.0,0.0,0.0,0.0,0.0,0.0,1.0,0.0,0.0,0.0,0.0,0.0,0.0,1.0,0.0,0.0,4.3121627636022015e-05,0.0,1.0,0.0
MegaWatt1_1442,0.96,0.0012271404266357,0.0001134872436523,1.0,0.0,0.0,1.0,0.0,0.0,0.0,0.0,1.0,0.0,0.0,0.0,0.0,0.0,0.0,0.0,0.0,0.0,0.0,0.0,0.0,0.0,1.0,0.0,0.0,-1.0,0.0001188809053099,1.0,0.0,0.0
MegaWatt1_1442,0.96,0.075730562210083,0.0002036094665527,0.0,1.0,1.0,0.0,0.0,0.0,0.0,0.0,0.0,0.0,0.0,0.0,1.0,0.0,0.0,0.0,0.0,0.0,0.0,1.0,0.0,0.0,0.0,0.0,0.0,0.0,4.550623276628569e-05,0.0,0.0,1.0
MegaWatt1_1442,0.96,0.0166435241699218,0.0001647472381591,1.0,0.0,0.0,1.0,0.0,0.0,0.0,0.0,0.0,0.0,0.0,0.0,1.0,0.0,0.0,0.0,0.0,0.0,0.0,1.0,0.0,0.0,0.0,0.0,0.0,-1.0,7.088635537679655e-05,1.0,0.0,0.0
MegaWatt1_1442,0.96,0.0012440681457519,0.0001139640808105,1.0,0.0,0.0,1.0,0.0,0.0,0.0,1.0,0.0,0.0,0.0,0.0,0.0,0.0,0.0,0.0,0.0,0.0,0.0,0.0,0.0,0.0,1.0,0.0,0.0,0.0,0.000110780130098,0.0,0.0,1.0
MegaWatt1_1442,0.96,0.0174472332000732,0.0002083778381347,0.0,1.0,0.0,0.0,1.0,0.0,0.0,0.0,0.0,0.0,0.0,0.0,1.0,0.0,0.0,0.0,0.0,0.0,0.0,1.0,0.0,0.0,0.0,0.0,0.0,0.0,0.0003126617366014,0.0,0.0,1.0
MegaWatt1_1442,0.96,0.0415205955505371,0.0005257129669189,1.0,0.0,0.0,0.0,1.0,0.0,0.0,0.0,0.0,0.0,0.0,0.0,1.0,0.0,0.0,0.0,0.0,0.0,0.0,1.0,0.0,0.0,0.0,0.0,0.0,0.0,1.7438661902549106e-05,0.0,0.0,1.0
MegaWatt1_1442,0.96,0.0011186599731445,0.0001096725463867,0.0,1.0,1.0,0.0,0.0,0.0,0.0,0.0,0.0,0.0,0.0,0.0,0.0,0.0,0.0,0.0,0.0,1.0,0.0,0.0,1.0,0.0,0.0,0.0,0.0,0.0,5.063536274120231e-05,0.0,0.0,1.0
MegaWatt1_1442,0.96,0.1734638214111328,0.000234842300415,0.0,1.0,0.0,1.0,0.0,0.0,0.0,0.0,0.0,0.0,0.0,0.0,1.0,0.0,0.0,0.0,0.0,0.0,0.0,1.0,0.0,0.0,0.0,0.0,0.0,-1.0,0.0001902278597394,0.0,1.0,0.0
MegaWatt1_1442,0.96,0.0011892318725585,0.0001215934753417,0.0,1.0,0.0,0.0,1.0,0.0,0.0,1.0,0.0,0.0,0.0,0.0,0.0,0.0,0.0,0.0,0.0,0.0,0.0,0.0,1.0,0.0,0.0,0.0,0.0,0.0,0.0001505220359473,0.0,0.0,1.0
MegaWatt1_1442,0.96,0.0014047622680664,0.0001165866851806,1.0,0.0,0.0,1.0,0.0,1.0,0.0,0.0,0.0,0.0,0.0,0.0,0.0,0.0,0.0,0.0,0.0,0.0,0.0,0.0,1.0,0.0,0.0,0.0,0.0,0.0,0.0003644692737308,0.0,1.0,0.0
MegaWatt1_1442,0.96,0.0012085437774658,0.000112771987915,1.0,0.0,0.0,0.0,1.0,0.0,0.0,0.0,0.0,0.0,0.0,0.0,0.0,0.0,0.0,0.0,1.0,0.0,0.0,0.0,0.0,0.0,1.0,0.0,0.0,-1.0,0.0005999964362182,0.0,1.0,0.0
MegaWatt1_1442,0.96,0.0014007091522216,0.0001227855682373,0.0,1.0,0.0,0.0,1.0,1.0,0.0,0.0,0.0,0.0,0.0,0.0,0.0,0.0,0.0,0.0,0.0,0.0,0.0,0.0,1.0,0.0,0.0,0.0,0.0,-1.0,1.5422227052495565e-05,1.0,0.0,0.0
MegaWatt1_1442,0.96,0.0012128353118896,0.0001082420349121,1.0,0.0,0.0,0.0,1.0,0.0,0.0,1.0,0.0,0.0,0.0,0.0,0.0,0.0,0.0,0.0,0.0,0.0,0.0,0.0,0.0,0.0,1.0,0.0,0.0,0.0,0.0002677215358429,0.0,0.0,1.0
MegaWatt1_1442,0.96,0.0010261535644531,0.0001146793365478,0.0,1.0,1.0,0.0,0.0,0.0,0.0,0.0,1.0,0.0,0.0,0.0,0.0,0.0,0.0,0.0,0.0,0.0,0.0,0.0,1.0,0.0,0.0,0.0,0.0,-1.0,3.6983865132663656e-05,0.0,1.0,0.0
MegaWatt1_1442,0.96,0.0013246536254882,0.0001122951507568,0.0,1.0,0.0,0.0,1.0,0.0,0.0,0.0,0.0,0.0,1.0,0.0,0.0,0.0,0.0,0.0,0.0,0.0,0.0,0.0,1.0,0.0,0.0,0.0,0.0,0.0,9.178542178373115e-05,0.0,0.0,1.0
MegaWatt1_1442,0.96,0.0011544227600097,0.0001101493835449,0.0,1.0,1.0,0.0,0.0,0.0,0.0,0.0,0.0,0.0,0.0,0.0,0.0,0.0,0.0,0.0,1.0,0.0,0.0,0.0,1.0,0.0,0.0,0.0,0.0,0.0,0.0001801140202588,0.0,0.0,1.0
MegaWatt1_1442,0.96,0.0010325908660888,0.0001087188720703,1.0,0.0,0.0,0.0,1.0,0.0,0.0,0.0,1.0,0.0,0.0,0.0,0.0,0.0,0.0,0.0,0.0,0.0,0.0,0.0,0.0,0.0,1.0,0.0,0.0,0.0,2.000877221087872e-05,0.0,0.0,1.0
MegaWatt1_1442,0.96,0.0011084079742431,0.0001089572906494,1.0,0.0,0.0,1.0,0.0,0.0,0.0,0.0,0.0,0.0,0.0,0.0,0.0,0.0,0.0,0.0,0.0,1.0,0.0,0.0,1.0,0.0,0.0,0.0,0.0,0.0,4.933773727309689e-05,0.0,0.0,1.0
MegaWatt1_1442,0.96,0.0013229846954345,0.0001108646392822,1.0,0.0,1.0,0.0,0.0,0.0,0.0,0.0,1.0,0.0,0.0,0.0,0.0,0.0,0.0,0.0,0.0,0.0,0.0,0.0,0.0,0.0,1.0,0.0,0.0,0.0,0.0008957044842505,0.0,0.0,1.0
MegaWatt1_1442,0.96,0.0010795593261718,0.0001304149627685,0.0,1.0,1.0,0.0,0.0,0.0,0.0,0.0,0.0,0.0,0.0,0.0,0.0,0.0,0.0,0.0,0.0,1.0,0.0,0.0,0.0,0.0,1.0,0.0,0.0,0.0,1.873242959201165e-05,0.0,0.0,1.0
stock_841,0.9789473684210528,0.0069303512573242,0.0001657009124755,1.0,0.0,1.0,0.0,0.0,0.0,0.0,0.0,0.0,0.0,0.0,0.0,0.0,0.0,1.0,0.0,0.0,0.0,0.0,1.0,0.0,0.0,0.0,0.0,0.0,0.0,1.4677955593279895e-05,0.0,0.0,1.0
stock_841,0.9789473684210528,0.0067954063415527,0.0001769065856933,1.0,0.0,1.0,0.0,0.0,0.0,0.0,0.0,0.0,0.0,0.0,0.0,0.0,0.0,1.0,0.0,0.0,0.0,0.0,0.0,0.0,0.0,0.0,0.0,1.0,0.0,0.000471624744442,0.0,1.0,0.0
stock_841,0.9789473684210528,0.0064260959625244,0.0001637935638427,1.0,0.0,0.0,1.0,0.0,0.0,0.0,0.0,0.0,0.0,0.0,0.0,0.0,0.0,1.0,0.0,0.0,0.0,1.0,0.0,0.0,0.0,0.0,0.0,0.0,0.0,7.265583369066676e-05,0.0,1.0,0.0
stock_841,0.9789473684210528,0.0068824291229248,0.0001614093780517,1.0,0.0,0.0,1.0,0.0,0.0,0.0,0.0,0.0,0.0,0.0,0.0,0.0,0.0,1.0,0.0,0.0,0.0,0.0,0.0,0.0,0.0,0.0,0.0,1.0,0.0,0.0002236573489893,0.0,0.0,1.0
stock_841,0.9789473684210528,0.0061457157135009,0.0001707077026367,1.0,0.0,1.0,0.0,0.0,0.0,0.0,0.0,0.0,0.0,0.0,0.0,0.0,0.0,1.0,0.0,0.0,0.0,1.0,0.0,0.0,0.0,0.0,0.0,0.0,0.0,4.087604281421412e-05,0.0,0.0,1.0
stock_841,0.9789473684210528,0.0063586235046386,0.0002045631408691,0.0,1.0,0.0,0.0,1.0,0.0,0.0,0.0,0.0,0.0,0.0,0.0,0.0,0.0,1.0,0.0,0.0,0.0,0.0,1.0,0.0,0.0,0.0,0.0,0.0,0.0,2.4938222822771818e-05,0.0,0.0,1.0
stock_841,0.9789473684210528,0.0138511657714843,0.0002920627593994,1.0,0.0,0.0,0.0,1.0,0.0,0.0,0.0,0.0,0.0,0.0,0.0,0.0,0.0,1.0,0.0,0.0,0.0,0.0,0.0,0.0,0.0,0.0,0.0,1.0,0.0,2.660423003047551e-05,0.0,0.0,1.0
stock_841,0.9789473684210528,0.0084211826324462,0.0001819133758544,1.0,0.0,0.0,1.0,0.0,0.0,0.0,0.0,0.0,0.0,0.0,0.0,0.0,0.0,1.0,0.0,0.0,0.0,0.0,1.0,0.0,0.0,0.0,0.0,0.0,0.2451047223596149,2.4613762660777603e-05,1.0,0.0,0.0
stock_841,0.9789473684210528,0.0106754302978515,0.0002048015594482,0.0,1.0,0.0,0.0,1.0,0.0,0.0,0.0,0.0,0.0,0.0,0.0,0.0,0.0,1.0,0.0,0.0,0.0,0.0,0.0,0.0,0.0,0.0,0.0,1.0,-1.0,3.118484557127844e-05,0.0,1.0,0.0
stock_841,0.9789473684210528,0.0065276622772216,0.0001647472381591,0.0,1.0,0.0,1.0,0.0,0.0,0.0,0.0,0.0,0.0,0.0,0.0,0.0,0.0,1.0,0.0,0.0,0.0,1.0,0.0,0.0,0.0,0.0,0.0,0.0,0.0,2.769751551834912e-05,0.0,0.0,1.0
stock_841,0.9789473684210528,0.0085136890411376,0.0002236366271972,0.0,1.0,1.0,0.0,0.0,0.0,0.0,0.0,0.0,0.0,0.0,0.0,0.0,0.0,1.0,0.0,0.0,0.0,0.0,1.0,0.0,0.0,0.0,0.0,0.0,0.0,0.0004240288725252,0.0,0.0,1.0
stock_841,0.9789473684210528,0.010740041732788,0.0002117156982421,1.0,0.0,0.0,0.0,1.0,0.0,0.0,0.0,0.0,0.0,0.0,0.0,0.0,0.0,1.0,0.0,0.0,0.0,0.0,1.0,0.0,0.0,0.0,0.0,0.0,0.0,0.0001165701647579,0.0,0.0,1.0
stock_841,0.9789473684210528,0.0071890354156494,0.0001707077026367,0.0,1.0,0.0,1.0,0.0,0.0,0.0,0.0,0.0,0.0,0.0,0.0,0.0,0.0,1.0,0.0,0.0,0.0,0.0,0.0,0.0,0.0,0.0,1.0,0.0,0.0,3.917458769828083e-05,0.0,0.0,1.0
stock_841,0.9789473684210528,0.0083632469177246,0.0001921653747558,0.0,1.0,1.0,0.0,0.0,0.0,0.0,0.0,0.0,0.0,0.0,0.0,0.0,0.0,1.0,0.0,0.0,0.0,0.0,0.0,0.0,0.0,0.0,0.0,1.0,-1.0,4.899052581069951e-05,0.0,1.0,0.0
stock_841,0.9789473684210528,0.0085868835449218,0.0003607273101806,1.0,0.0,1.0,0.0,0.0,0.0,0.0,0.0,0.0,0.0,0.0,0.0,0.0,0.0,1.0,0.0,0.0,0.0,0.0,0.0,0.0,0.0,0.0,1.0,0.0,0.0,0.0008233724191112,0.0,1.0,0.0
stock_841,0.9789473684210528,0.1215438842773437,0.0002241134643554,0.0,1.0,0.0,1.0,0.0,0.0,0.0,0.0,0.0,0.0,0.0,0.0,0.0,0.0,1.0,0.0,0.0,0.0,0.0,1.0,0.0,0.0,0.0,0.0,0.0,-1.0,2.3320595625861177e-05,0.0,1.0,0.0
stock_841,0.9789473684210528,0.0061757564544677,0.0001652240753173,1.0,0.0,0.0,0.0,1.0,0.0,0.0,0.0,0.0,0.0,0.0,0.0,0.0,0.0,1.0,0.0,0.0,0.0,0.0,0.0,0.0,0.0,0.0,1.0,0.0,-1.0,0.000593619688691,1.0,0.0,0.0
stock_841,0.9789473684210528,0.0077829360961914,0.0001828670501708,0.0,1.0,0.0,0.0,1.0,0.0,0.0,0.0,0.0,0.0,0.0,0.0,0.0,0.0,1.0,0.0,0.0,0.0,0.0,0.0,0.0,0.0,0.0,1.0,0.0,0.0,0.000297582810961,0.0,0.0,1.0
stock_841,0.9789473684210528,0.0077581405639648,0.0003528594970703,1.0,0.0,0.0,1.0,0.0,0.0,0.0,0.0,0.0,0.0,0.0,0.0,0.0,0.0,1.0,0.0,0.0,0.0,0.0,0.0,0.0,0.0,0.0,1.0,0.0,0.0,0.0001686183898319,0.0,0.0,1.0
stock_841,0.9789473684210528,0.0063650608062744,0.0001635551452636,0.0,1.0,0.0,0.0,1.0,0.0,0.0,0.0,0.0,0.0,0.0,0.0,0.0,0.0,1.0,0.0,0.0,0.0,1.0,0.0,0.0,0.0,0.0,0.0,0.0,-1.0,0.0001770863228058,1.0,0.0,0.0
autoUniv-au7-1100_1552,0.4227272727272727,0.0462472438812255,0.000256061553955,0.0,1.0,0.0,0.0,1.0,0.0,0.0,0.0,0.0,0.0,0.0,0.0,1.0,0.0,0.0,0.0,0.0,0.0,0.0,0.0,0.0,0.0,1.0,0.0,0.0,0.0,7.012612083243436e-05,0.0,0.0,1.0
autoUniv-au7-1100_1552,0.4227272727272727,0.0794086456298828,0.0002503395080566,1.0,0.0,0.0,0.0,1.0,0.0,0.0,0.0,0.0,0.0,0.0,0.0,1.0,0.0,0.0,0.0,0.0,0.0,0.0,0.0,0.0,0.0,1.0,0.0,0.0,0.2806095702180101,7.54573153555512e-05,0.0,1.0,0.0
autoUniv-au7-1100_1552,0.4181818181818181,0.0324413776397705,0.0003576278686523,1.0,0.0,0.0,1.0,0.0,0.0,0.0,0.0,0.0,0.0,0.0,0.0,0.0,0.0,1.0,0.0,0.0,0.0,0.0,0.0,0.0,1.0,0.0,0.0,0.0,0.0,0.0003909874856336,1.0,0.0,0.0
autoUniv-au7-1100_1552,0.4181818181818181,0.1307411193847656,0.0003185272216796,0.0,1.0,0.0,1.0,0.0,0.0,0.0,0.0,0.0,0.0,0.0,0.0,0.0,0.0,1.0,0.0,0.0,0.0,0.0,0.0,0.0,1.0,0.0,0.0,0.0,-1.0,0.0004185292926818,1.0,0.0,0.0
autoUniv-au7-1100_1552,0.4090909090909091,0.0024287700653076,0.0001232624053955,1.0,0.0,0.0,1.0,0.0,0.0,0.0,0.0,0.0,0.0,0.0,0.0,0.0,1.0,0.0,0.0,0.0,0.0,0.0,0.0,0.0,1.0,0.0,0.0,0.0,-1.0,0.0001387763084594,0.0,1.0,0.0
autoUniv-au7-1100_1552,0.4090909090909091,0.002410888671875,0.0001208782196044,0.0,1.0,0.0,1.0,0.0,0.0,0.0,0.0,0.0,0.0,0.0,0.0,0.0,1.0,0.0,0.0,0.0,0.0,0.0,0.0,0.0,1.0,0.0,0.0,0.0,-1.0,0.0003444969176942,1.0,0.0,0.0
autoUniv-au7-1100_1552,0.4090909090909091,0.0343604087829589,0.0003409385681152,0.0,1.0,0.0,1.0,0.0,0.0,0.0,0.0,0.0,0.0,0.0,0.0,0.0,0.0,1.0,0.0,0.0,0.0,0.0,0.0,0.0,0.0,1.0,0.0,0.0,0.4679333725801253,0.0004169735570509,0.0,1.0,0.0
autoUniv-au7-1100_1552,0.4090909090909091,0.0447337627410888,0.0003774166107177,1.0,0.0,0.0,1.0,0.0,0.0,0.0,0.0,0.0,0.0,0.0,0.0,0.0,0.0,1.0,0.0,0.0,0.0,0.0,0.0,0.0,0.0,1.0,0.0,0.0,0.0,4.615535578066882e-05,0.0,0.0,1.0
autoUniv-au7-1100_1552,0.4045454545454545,0.013249397277832,0.0002484321594238,1.0,0.0,0.0,0.0,1.0,0.0,0.0,0.0,0.0,0.0,0.0,0.0,0.0,0.0,1.0,0.0,0.0,0.0,0.0,0.0,0.0,0.0,0.0,1.0,0.0,0.0476613451276405,0.000176488891499,1.0,0.0,0.0
autoUniv-au7-1100_1552,0.4045454545454545,0.0146193504333496,0.0002338886260986,1.0,0.0,0.0,0.0,1.0,0.0,0.0,0.0,0.0,0.0,0.0,0.0,0.0,0.0,1.0,0.0,0.0,0.0,0.0,0.0,0.0,0.0,0.0,0.0,1.0,0.0,7.44026791506968e-05,1.0,0.0,0.0
autoUniv-au7-1100_1552,0.4045454545454545,0.0816137790679931,0.0002679824829101,0.0,1.0,0.0,1.0,0.0,0.0,0.0,0.0,0.0,0.0,0.0,0.0,1.0,0.0,0.0,0.0,0.0,0.0,1.0,0.0,0.0,0.0,0.0,0.0,0.0,0.899333319659266,1.571144436650543e-05,1.0,0.0,0.0
autoUniv-au7-1100_1552,0.4045454545454545,0.0145769119262695,0.0002424716949462,0.0,1.0,0.0,0.0,1.0,0.0,0.0,0.0,0.0,0.0,0.0,0.0,0.0,0.0,1.0,0.0,0.0,0.0,1.0,0.0,0.0,0.0,0.0,0.0,0.0,0.0,0.0001981213612916,0.0,0.0,1.0
autoUniv-au7-1100_1552,0.4045454545454545,0.0140745639801025,0.0002388954162597,0.0,1.0,0.0,0.0,1.0,0.0,0.0,0.0,0.0,0.0,0.0,0.0,0.0,0.0,1.0,0.0,0.0,0.0,0.0,1.0,0.0,0.0,0.0,0.0,0.0,-1.0,0.000149612564069,1.0,0.0,0.0
autoUniv-au7-1100_1552,0.4045454545454545,0.07822847366333,0.0002434253692626,1.0,0.0,0.0,1.0,0.0,0.0,0.0,0.0,0.0,0.0,0.0,0.0,1.0,0.0,0.0,0.0,0.0,0.0,1.0,0.0,0.0,0.0,0.0,0.0,0.0,0.0,1.6039669391819562e-05,0.0,0.0,1.0
autoUniv-au7-1100_1552,0.4045454545454545,0.0018854141235351,0.0001201629638671,0.0,1.0,0.0,0.0,1.0,0.0,0.0,0.0,0.0,0.0,1.0,0.0,0.0,0.0,0.0,0.0,0.0,0.0,0.0,0.0,0.0,1.0,0.0,0.0,0.0,-1.0,1.385561223376662e-05,0.0,1.0,0.0
autoUniv-au7-1100_1552,0.4045454545454545,0.0129728317260742,0.000227928161621,1.0,0.0,0.0,0.0,1.0,0.0,0.0,0.0,0.0,0.0,0.0,0.0,0.0,0.0,1.0,0.0,0.0,0.0,0.0,1.0,0.0,0.0,0.0,0.0,0.0,0.0,3.156957100164917e-05,0.0,0.0,1.0
autoUniv-au7-1100_1552,0.4045454545454545,0.0125589370727539,0.000237226486206,1.0,0.0,0.0,0.0,1.0,0.0,0.0,0.0,0.0,0.0,0.0,0.0,0.0,0.0,1.0,0.0,0.0,0.0,1.0,0.0,0.0,0.0,0.0,0.0,0.0,0.0,0.0004643344075617,0.0,0.0,1.0
autoUniv-au7-1100_1552,0.4045454545454545,0.0159666538238525,0.0002601146697998,0.0,1.0,0.0,0.0,1.0,0.0,0.0,0.0,0.0,0.0,0.0,0.0,0.0,0.0,1.0,0.0,0.0,0.0,0.0,0.0,0.0,0.0,0.0,1.0,0.0,0.0,1.3407679257258546e-05,0.0,0.0,1.0
autoUniv-au7-1100_1552,0.4045454545454545,0.0018355846405029,0.0001173019409179,1.0,0.0,0.0,0.0,1.0,0.0,0.0,0.0,0.0,0.0,1.0,0.0,0.0,0.0,0.0,0.0,0.0,0.0,0.0,0.0,0.0,1.0,0.0,0.0,0.0,-1.0,8.331757858685277e-05,0.0,1.0,0.0
autoUniv-au7-1100_1552,0.4045454545454545,0.0132648944854736,0.0002624988555908,0.0,1.0,0.0,0.0,1.0,0.0,0.0,0.0,0.0,0.0,0.0,0.0,0.0,0.0,1.0,0.0,0.0,0.0,0.0,0.0,0.0,0.0,0.0,0.0,1.0,0.0,2.2807257233609657e-05,1.0,0.0,0.0
robot-failures-lp4_1519,1.0,0.0011699199676513,0.0001192092895507,0.0,1.0,1.0,0.0,0.0,0.0,0.0,0.0,1.0,0.0,0.0,0.0,0.0,0.0,0.0,0.0,0.0,0.0,0.0,0.0,0.0,0.0,0.0,0.0,1.0,0.0,3.2144461270203446e-05,0.0,0.0,1.0
robot-failures-lp4_1519,1.0,0.0009994506835937,0.0001082420349121,1.0,0.0,0.0,0.0,1.0,0.0,0.0,0.0,1.0,0.0,0.0,0.0,0.0,0.0,0.0,0.0,0.0,0.0,0.0,0.0,0.0,0.0,0.0,0.0,1.0,0.0,0.00034661535408,1.0,0.0,0.0
robot-failures-lp4_1519,1.0,0.0010597705841064,0.000108003616333,1.0,0.0,0.0,1.0,0.0,0.0,0.0,0.0,1.0,0.0,0.0,0.0,0.0,0.0,0.0,0.0,0.0,0.0,0.0,1.0,0.0,0.0,0.0,0.0,0.0,-1.0,0.0005025843888275,1.0,0.0,0.0
robot-failures-lp4_1519,1.0,0.0010225772857666,0.000112771987915,1.0,0.0,1.0,0.0,0.0,0.0,0.0,1.0,0.0,0.0,0.0,0.0,0.0,0.0,0.0,0.0,0.0,0.0,0.0,1.0,0.0,0.0,0.0,0.0,0.0,-1.0,0.0001447361342413,1.0,0.0,0.0
robot-failures-lp4_1519,1.0,0.001178503036499,0.0001187324523925,1.0,0.0,0.0,1.0,0.0,0.0,0.0,1.0,0.0,0.0,0.0,0.0,0.0,0.0,0.0,0.0,0.0,0.0,0.0,1.0,0.0,0.0,0.0,0.0,0.0,-1.0,0.0005327059543983,0.0,1.0,0.0
robot-failures-lp4_1519,1.0,0.001068115234375,0.000112771987915,0.0,1.0,1.0,0.0,0.0,0.0,0.0,1.0,0.0,0.0,0.0,0.0,0.0,0.0,0.0,0.0,0.0,0.0,1.0,0.0,0.0,0.0,0.0,0.0,0.0,-1.0,0.000517304652769,1.0,0.0,0.0
robot-failures-lp4_1519,1.0,0.0009493827819824,0.0001094341278076,0.0,1.0,0.0,1.0,0.0,0.0,0.0,1.0,0.0,0.0,0.0,0.0,0.0,0.0,0.0,0.0,0.0,0.0,0.0,1.0,0.0,0.0,0.0,0.0,0.0,0.1749043465914084,2.7735635471494024e-05,1.0,0.0,0.0
robot-failures-lp4_1519,1.0,0.0009033679962158,0.0001056194305419,0.0,1.0,1.0,0.0,0.0,0.0,0.0,0.0,1.0,0.0,0.0,0.0,0.0,0.0,0.0,0.0,0.0,0.0,1.0,0.0,0.0,0.0,0.0,0.0,0.0,0.4955166873134268,0.0001950002365241,0.0,1.0,0.0
robot-failures-lp4_1519,1.0,0.0009841918945312,0.0001096725463867,0.0,1.0,0.0,0.0,1.0,0.0,0.0,1.0,0.0,0.0,0.0,0.0,0.0,0.0,0.0,0.0,0.0,0.0,1.0,0.0,0.0,0.0,0.0,0.0,0.0,-1.0,0.0003602939200782,1.0,0.0,0.0
robot-failures-lp4_1519,1.0,0.000885009765625,0.0001049041748046,0.0,1.0,0.0,0.0,1.0,0.0,0.0,0.0,1.0,0.0,0.0,0.0,0.0,0.0,0.0,0.0,0.0,0.0,0.0,0.0,0.0,0.0,0.0,1.0,0.0,0.0,0.0001324672487633,0.0,0.0,1.0
robot-failures-lp4_1519,1.0,0.0009233951568603,0.0001087188720703,1.0,0.0,1.0,0.0,0.0,0.0,0.0,1.0,0.0,0.0,0.0,0.0,0.0,0.0,0.0,0.0,0.0,0.0,1.0,0.0,0.0,0.0,0.0,0.0,0.0,0.0,0.0004088434107055,0.0,1.0,0.0
robot-failures-lp4_1519,1.0,0.0010344982147216,0.0001201629638671,1.0,0.0,0.0,1.0,0.0,0.0,0.0,0.0,1.0,0.0,0.0,0.0,0.0,0.0,0.0,0.0,0.0,0.0,0.0,0.0,0.0,0.0,0.0,1.0,0.0,0.0,0.0001809935723688,0.0,0.0,1.0
robot-failures-lp4_1519,1.0,0.0009622573852539,0.0001108646392822,1.0,0.0,0.0,0.0,1.0,0.0,0.0,0.0,1.0,0.0,0.0,0.0,0.0,0.0,0.0,0.0,0.0,0.0,0.0,1.0,0.0,0.0,0.0,0.0,0.0,0.5910039961008277,3.7060731193745465e-05,1.0,0.0,0.0
robot-failures-lp4_1519,1.0,0.0010991096496582,0.0001099109649658,1.0,0.0,1.0,0.0,0.0,0.0,0.0,0.0,1.0,0.0,0.0,0.0,0.0,0.0,0.0,0.0,0.0,0.0,0.0,0.0,0.0,0.0,0.0,0.0,1.0,0.0,0.0002350674977592,0.0,0.0,1.0
robot-failures-lp4_1519,1.0,0.0008924007415771,0.0001077651977539,1.0,0.0,1.0,0.0,0.0,0.0,0.0,0.0,1.0,0.0,0.0,0.0,0.0,0.0,0.0,0.0,0.0,0.0,0.0,1.0,0.0,0.0,0.0,0.0,0.0,0.0,0.0001499684106065,0.0,0.0,1.0
robot-failures-lp4_1519,1.0,0.0012414455413818,0.000131607055664,1.0,0.0,1.0,0.0,0.0,0.0,0.0,0.0,0.0,0.0,0.0,0.0,0.0,0.0,0.0,0.0,0.0,1.0,0.0,1.0,0.0,0.0,0.0,0.0,0.0,0.0,0.000177787447082,0.0,0.0,1.0
robot-failures-lp4_1519,1.0,0.0009536743164062,0.0001084804534912,1.0,0.0,0.0,1.0,0.0,0.0,0.0,1.0,0.0,0.0,0.0,0.0,0.0,0.0,0.0,0.0,0.0,0.0,1.0,0.0,0.0,0.0,0.0,0.0,0.0,0.0,1.5511024104689627e-05,0.0,0.0,1.0
robot-failures-lp4_1519,1.0,0.0008633136749267,0.0001039505004882,1.0,0.0,0.0,0.0,1.0,0.0,0.0,0.0,1.0,0.0,0.0,0.0,0.0,0.0,0.0,0.0,0.0,0.0,1.0,0.0,0.0,0.0,0.0,0.0,0.0,-1.0,1.784312696716307e-05,1.0,0.0,0.0
robot-failures-lp4_1519,1.0,0.000887393951416,0.0001051425933837,1.0,0.0,0.0,1.0,0.0,0.0,0.0,0.0,1.0,0.0,0.0,0.0,0.0,0.0,0.0,0.0,0.0,0.0,1.0,0.0,0.0,0.0,0.0,0.0,0.0,-1.0,0.0004258990810275,1.0,0.0,0.0
robot-failures-lp4_1519,1.0,0.0008692741394042,0.0001039505004882,0.0,1.0,0.0,0.0,1.0,0.0,0.0,0.0,1.0,0.0,0.0,0.0,0.0,0.0,0.0,0.0,0.0,0.0,0.0,0.0,0.0,0.0,0.0,0.0,1.0,0.0,7.286879607352678e-05,1.0,0.0,0.0
Sick_numeric_41946,0.9682119205298012,1.9655430316925049,0.0003261566162109,0.0,1.0,0.0,0.0,1.0,0.0,0.0,0.0,0.0,0.0,0.0,0.0,1.0,0.0,0.0,0.0,0.0,0.0,0.0,0.0,0.0,0.0,0.0,1.0,0.0,0.0,2.694973844212632e-05,0.0,0.0,1.0
Sick_numeric_41946,0.9682119205298012,1.1602487564086914,0.000321626663208,0.0,1.0,0.0,1.0,0.0,0.0,0.0,0.0,0.0,0.0,0.0,0.0,1.0,0.0,0.0,0.0,0.0,0.0,0.0,0.0,0.0,0.0,0.0,1.0,0.0,0.0,1.5323275589662126e-05,0.0,0.0,1.0
Sick_numeric_41946,0.9682119205298012,1.019670009613037,0.0003314018249511,1.0,0.0,1.0,0.0,0.0,0.0,0.0,0.0,0.0,0.0,0.0,0.0,1.0,0.0,0.0,0.0,0.0,0.0,0.0,0.0,0.0,0.0,0.0,1.0,0.0,0.0,3.355888777061053e-05,0.0,0.0,1.0
Sick_numeric_41946,0.9682119205298012,1.0093281269073486,0.0003614425659179,1.0,0.0,0.0,0.0,1.0,0.0,0.0,0.0,0.0,0.0,0.0,0.0,1.0,0.0,0.0,0.0,0.0,0.0,0.0,0.0,0.0,0.0,0.0,1.0,0.0,-1.0,3.893973079093994e-05,1.0,0.0,0.0
Sick_numeric_41946,0.9682119205298012,1.209667444229126,0.0003442764282226,1.0,0.0,0.0,1.0,0.0,0.0,0.0,0.0,0.0,0.0,0.0,0.0,1.0,0.0,0.0,0.0,0.0,0.0,0.0,0.0,0.0,0.0,0.0,1.0,0.0,0.0,0.000924545545891,0.0,0.0,1.0
Sick_numeric_41946,0.9682119205298012,0.8939104080200195,0.0003132820129394,0.0,1.0,1.0,0.0,0.0,0.0,0.0,0.0,0.0,0.0,0.0,0.0,1.0,0.0,0.0,0.0,0.0,0.0,0.0,0.0,0.0,0.0,0.0,1.0,0.0,-1.0,0.0004666701955478,1.0,0.0,0.0
Sick_numeric_41946,0.9668874172185432,3.8992416858673096,0.0006394386291503,0.0,1.0,0.0,0.0,1.0,0.0,0.0,0.0,0.0,0.0,0.0,0.0,0.0,0.0,1.0,0.0,0.0,0.0,0.0,0.0,0.0,1.0,0.0,0.0,0.0,-1.0,1.4352056026637332e-05,1.0,0.0,0.0
Sick_numeric_41946,0.9668874172185432,4.952241182327271,0.0008018016815185,1.0,0.0,1.0,0.0,0.0,0.0,0.0,0.0,0.0,0.0,0.0,0.0,0.0,0.0,1.0,0.0,0.0,0.0,0.0,0.0,0.0,1.0,0.0,0.0,0.0,0.0,0.0003139783442238,0.0,0.0,1.0
Sick_numeric_41946,0.9668874172185432,0.3988866806030273,0.0003223419189453,0.0,1.0,1.0,0.0,0.0,0.0,0.0,0.0,0.0,0.0,0.0,0.0,1.0,0.0,0.0,0.0,0.0,0.0,0.0,0.0,0.0,0.0,0.0,1.0,0.0,-1.0,0.0001342333442011,0.0,1.0,0.0
Sick_numeric_41946,0.9668874172185432,4.066283941268921,0.000666856765747,1.0,0.0,0.0,0.0,1.0,0.0,0.0,0.0,0.0,0.0,0.0,0.0,0.0,0.0,1.0,0.0,0.0,0.0,0.0,0.0,0.0,1.0,0.0,0.0,0.0,0.0,2.8638558013432827e-05,0.0,0.0,1.0
Sick_numeric_41946,0.9668874172185432,5.075888395309448,0.0006844997406005,0.0,1.0,0.0,1.0,0.0,0.0,0.0,0.0,0.0,0.0,0.0,0.0,0.0,0.0,1.0,0.0,0.0,0.0,0.0,0.0,0.0,1.0,0.0,0.0,0.0,0.0,0.0003112822163212,0.0,0.0,1.0
Sick_numeric_41946,0.9668874172185432,4.355040788650513,0.0007259845733642,0.0,1.0,1.0,0.0,0.0,0.0,0.0,0.0,0.0,0.0,0.0,0.0,0.0,0.0,1.0,0.0,0.0,0.0,0.0,0.0,0.0,1.0,0.0,0.0,0.0,-1.0,1.1490987971769887e-05,0.0,1.0,0.0
Sick_numeric_41946,0.9668874172185432,4.046764850616455,0.0007174015045166,1.0,0.0,0.0,1.0,0.0,0.0,0.0,0.0,0.0,0.0,0.0,0.0,0.0,0.0,1.0,0.0,0.0,0.0,0.0,0.0,0.0,1.0,0.0,0.0,0.0,0.3304344509713929,0.0002904433182982,1.0,0.0,0.0
Sick_numeric_41946,0.9668874172185432,0.7793631553649902,0.0003242492675781,0.0,1.0,0.0,0.0,1.0,0.0,0.0,0.0,0.0,0.0,0.0,0.0,1.0,0.0,0.0,0.0,0.0,0.0,0.0,0.0,0.0,0.0,0.0,1.0,0.0,-1.0,0.0006174132413964,1.0,0.0,0.0
Sick_numeric_41946,0.9668874172185432,0.7746315002441406,0.0003714561462402,0.0,1.0,0.0,1.0,0.0,0.0,0.0,0.0,0.0,0.0,0.0,0.0,1.0,0.0,0.0,0.0,0.0,0.0,0.0,0.0,0.0,0.0,0.0,1.0,0.0,0.0,0.0005824049732252,0.0,0.0,1.0
Sick_numeric_41946,0.9668874172185432,0.3352425098419189,0.0002989768981933,1.0,0.0,0.0,1.0,0.0,0.0,0.0,0.0,0.0,0.0,0.0,0.0,1.0,0.0,0.0,0.0,0.0,0.0,0.0,0.0,0.0,0.0,0.0,1.0,0.0,0.0,0.0003504946068876,0.0,0.0,1.0
Sick_numeric_41946,0.9668874172185432,0.5262634754180908,0.0003275871276855,1.0,0.0,0.0,0.0,1.0,0.0,0.0,0.0,0.0,0.0,0.0,0.0,1.0,0.0,0.0,0.0,0.0,0.0,0.0,0.0,0.0,0.0,0.0,1.0,0.0,0.0,0.0007403916584694,0.0,1.0,0.0
Sick_numeric_41946,0.9668874172185432,0.9579744338989258,0.0003316402435302,1.0,0.0,1.0,0.0,0.0,0.0,0.0,0.0,0.0,0.0,0.0,0.0,1.0,0.0,0.0,0.0,0.0,0.0,0.0,0.0,0.0,0.0,0.0,1.0,0.0,0.0,0.0002598095764611,0.0,0.0,1.0
Sick_numeric_41946,0.9655629139072848,1.2748658657073977,0.0003859996795654,1.0,0.0,0.0,1.0,0.0,0.0,0.0,0.0,0.0,0.0,0.0,0.0,1.0,0.0,0.0,0.0,0.0,0.0,0.0,0.0,0.0,1.0,0.0,0.0,0.0,0.0,0.0002362958612665,0.0,0.0,1.0
Sick_numeric_41946,0.9655629139072848,1.4722120761871338,0.0004265308380126,0.0,1.0,1.0,0.0,0.0,0.0,0.0,0.0,0.0,0.0,0.0,0.0,1.0,0.0,0.0,0.0,0.0,0.0,0.0,0.0,0.0,1.0,0.0,0.0,0.0,-1.0,1.1282038027516706e-05,1.0,0.0,0.0
steel-plates-fault_40982,0.770618556701031,0.0988130569458007,0.0004346370697021,1.0,0.0,1.0,0.0,0.0,0.0,0.0,0.0,0.0,0.0,0.0,0.0,0.0,0.0,1.0,0.0,0.0,0.0,0.0,0.0,0.0,0.0,1.0,0.0,0.0,-1.0,2.230364914228741e-05,1.0,0.0,0.0
steel-plates-fault_40982,0.770618556701031,0.9048068523406982,0.0004401206970214,0.0,1.0,0.0,0.0,1.0,0.0,0.0,0.0,0.0,0.0,0.0,0.0,0.0,0.0,1.0,0.0,0.0,0.0,0.0,0.0,0.0,0.0,1.0,0.0,0.0,0.4733695696534907,0.0003654747540539,0.0,1.0,0.0
steel-plates-fault_40982,0.770618556701031,0.1499722003936767,0.0004267692565917,1.0,0.0,0.0,1.0,0.0,0.0,0.0,0.0,0.0,0.0,0.0,0.0,0.0,0.0,1.0,0.0,0.0,0.0,0.0,0.0,0.0,0.0,1.0,0.0,0.0,-1.0,0.0009885655440949,1.0,0.0,0.0
steel-plates-fault_40982,0.770618556701031,0.9643914699554444,0.0004427433013916,0.0,1.0,0.0,1.0,0.0,0.0,0.0,0.0,0.0,0.0,0.0,0.0,0.0,0.0,1.0,0.0,0.0,0.0,0.0,0.0,0.0,0.0,1.0,0.0,0.0,0.0,0.0002753368569987,0.0,0.0,1.0
steel-plates-fault_40982,0.770618556701031,0.8268413543701172,0.000439167022705,0.0,1.0,1.0,0.0,0.0,0.0,0.0,0.0,0.0,0.0,0.0,0.0,0.0,0.0,1.0,0.0,0.0,0.0,0.0,0.0,0.0,0.0,1.0,0.0,0.0,0.2964334429292862,0.0001444306338825,1.0,0.0,0.0
steel-plates-fault_40982,0.770618556701031,0.9060063362121582,0.0004534721374511,1.0,0.0,0.0,0.0,1.0,0.0,0.0,0.0,0.0,0.0,0.0,0.0,0.0,0.0,1.0,0.0,0.0,0.0,0.0,0.0,0.0,0.0,1.0,0.0,0.0,0.0,2.327225914208138e-05,0.0,0.0,1.0
steel-plates-fault_40982,0.7551546391752577,0.0827822685241699,0.0003154277801513,1.0,0.0,1.0,0.0,0.0,0.0,0.0,0.0,0.0,0.0,0.0,0.0,1.0,0.0,0.0,0.0,0.0,0.0,0.0,0.0,0.0,0.0,1.0,0.0,0.0,0.0,0.0007867281801003,1.0,0.0,0.0
steel-plates-fault_40982,0.7551546391752577,0.2102284431457519,0.000345230102539,0.0,1.0,0.0,0.0,1.0,0.0,0.0,0.0,0.0,0.0,0.0,0.0,1.0,0.0,0.0,0.0,0.0,0.0,0.0,0.0,0.0,0.0,1.0,0.0,0.0,-1.0,0.0001992808819454,1.0,0.0,0.0
steel-plates-fault_40982,0.7551546391752577,0.371873140335083,0.0003278255462646,1.0,0.0,0.0,0.0,1.0,0.0,0.0,0.0,0.0,0.0,0.0,0.0,1.0,0.0,0.0,0.0,0.0,0.0,0.0,0.0,0.0,0.0,1.0,0.0,0.0,0.998373701199085,9.50772530971498e-05,1.0,0.0,0.0
steel-plates-fault_40982,0.7551546391752577,0.2701294422149658,0.0002856254577636,0.0,1.0,0.0,1.0,0.0,0.0,0.0,0.0,0.0,0.0,0.0,0.0,1.0,0.0,0.0,0.0,0.0,0.0,0.0,0.0,0.0,0.0,1.0,0.0,0.0,0.0,0.0005281704135285,0.0,1.0,0.0
steel-plates-fault_40982,0.7551546391752577,0.0825004577636718,0.000293493270874,1.0,0.0,0.0,1.0,0.0,0.0,0.0,0.0,0.0,0.0,0.0,0.0,1.0,0.0,0.0,0.0,0.0,0.0,0.0,0.0,0.0,0.0,1.0,0.0,0.0,-1.0,0.000806425258811,0.0,1.0,0.0
steel-plates-fault_40982,0.7551546391752577,0.1826856136322021,0.0002915859222412,0.0,1.0,1.0,0.0,0.0,0.0,0.0,0.0,0.0,0.0,0.0,0.0,1.0,0.0,0.0,0.0,0.0,0.0,0.0,0.0,0.0,0.0,1.0,0.0,0.0,0.0,5.525474929999022e-05,0.0,0.0,1.0
steel-plates-fault_40982,0.7525773195876289,0.3600642681121826,0.0002973079681396,0.0,1.0,1.0,0.0,0.0,0.0,0.0,0.0,0.0,0.0,0.0,0.0,1.0,0.0,0.0,0.0,0.0,0.0,1.0,0.0,0.0,0.0,0.0,0.0,0.0,0.0,0.0001075400930139,0.0,0.0,1.0
steel-plates-fault_40982,0.7525773195876289,0.9672296047210692,0.003105878829956,1.0,0.0,1.0,0.0,0.0,0.0,0.0,0.0,0.0,0.0,0.0,0.0,0.0,0.0,1.0,0.0,0.0,0.0,0.0,0.0,0.0,0.0,1.0,0.0,0.0,0.0,1.699041268122503e-05,0.0,0.0,1.0
steel-plates-fault_40982,0.7525773195876289,0.0850410461425781,0.0002853870391845,1.0,0.0,0.0,1.0,0.0,0.0,0.0,0.0,0.0,0.0,0.0,0.0,1.0,0.0,0.0,0.0,0.0,0.0,1.0,0.0,0.0,0.0,0.0,0.0,0.0,0.0,0.0008312086046799,0.0,0.0,1.0
steel-plates-fault_40982,0.7525773195876289,0.5301740169525146,0.0004537105560302,1.0,0.0,0.0,0.0,1.0,0.0,0.0,0.0,0.0,0.0,0.0,0.0,0.0,0.0,1.0,0.0,0.0,0.0,0.0,0.0,0.0,0.0,1.0,0.0,0.0,-1.0,1.7432183036253338e-05,0.0,1.0,0.0
steel-plates-fault_40982,0.7525773195876289,0.4167912006378174,0.0003156661987304,0.0,1.0,0.0,0.0,1.0,0.0,0.0,0.0,0.0,0.0,0.0,0.0,1.0,0.0,0.0,0.0,0.0,0.0,1.0,0.0,0.0,0.0,0.0,0.0,0.0,0.0,0.0007212002365361,0.0,0.0,1.0
steel-plates-fault_40982,0.7525773195876289,0.689162015914917,0.0025115013122558,0.0,1.0,0.0,0.0,1.0,0.0,0.0,0.0,0.0,0.0,0.0,0.0,0.0,0.0,1.0,0.0,0.0,0.0,0.0,0.0,0.0,0.0,1.0,0.0,0.0,0.0,2.4103021213566625e-05,0.0,0.0,1.0
steel-plates-fault_40982,0.7525773195876289,0.280043363571167,0.0002913475036621,0.0,1.0,0.0,1.0,0.0,0.0,0.0,0.0,0.0,0.0,0.0,0.0,1.0,0.0,0.0,0.0,0.0,0.0,1.0,0.0,0.0,0.0,0.0,0.0,0.0,0.0,0.0006569768278526,0.0,0.0,1.0
steel-plates-fault_40982,0.7525773195876289,0.3787670135498047,0.0003235340118408,1.0,0.0,1.0,0.0,0.0,0.0,0.0,0.0,0.0,0.0,0.0,0.0,1.0,0.0,0.0,0.0,0.0,0.0,1.0,0.0,0.0,0.0,0.0,0.0,0.0,-1.0,8.02809465512542e-05,0.0,1.0,0.0
analcatdata_supreme_728,0.9938347718865598,0.0116899013519287,0.0002474784851074,1.0,0.0,0.0,0.0,1.0,0.0,0.0,0.0,0.0,0.0,0.0,0.0,0.0,0.0,1.0,0.0,0.0,0.0,0.0,0.0,0.0,1.0,0.0,0.0,0.0,-1.0,0.0001528027470376,0.0,1.0,0.0
analcatdata_supreme_728,0.9938347718865598,0.0101459026336669,0.0002148151397705,0.0,1.0,0.0,1.0,0.0,0.0,0.0,0.0,0.0,0.0,0.0,0.0,0.0,0.0,1.0,0.0,0.0,0.0,0.0,0.0,0.0,1.0,0.0,0.0,0.0,0.0,1.1782576789314468e-05,0.0,0.0,1.0
analcatdata_supreme_728,0.9938347718865598,0.0101158618927001,0.0002250671386718,1.0,0.0,1.0,0.0,0.0,0.0,0.0,0.0,0.0,0.0,0.0,0.0,0.0,0.0,1.0,0.0,0.0,0.0,0.0,0.0,0.0,1.0,0.0,0.0,0.0,0.0,6.14856085954338e-05,0.0,0.0,1.0
analcatdata_supreme_728,0.9938347718865598,0.0847337245941162,0.0002789497375488,1.0,0.0,1.0,0.0,0.0,0.0,0.0,0.0,0.0,0.0,0.0,0.0,1.0,0.0,0.0,0.0,0.0,0.0,1.0,0.0,0.0,0.0,0.0,0.0,0.0,-1.0,9.7003363753333e-05,0.0,1.0,0.0
analcatdata_supreme_728,0.9938347718865598,0.011183738708496,0.0002186298370361,0.0,1.0,1.0,0.0,0.0,0.0,0.0,0.0,0.0,0.0,0.0,0.0,0.0,0.0,1.0,0.0,0.0,0.0,0.0,0.0,0.0,1.0,0.0,0.0,0.0,0.0,1.0443768212824117e-05,0.0,0.0,1.0
analcatdata_supreme_728,0.9938347718865598,0.1261525154113769,0.0002858638763427,0.0,1.0,0.0,0.0,1.0,0.0,0.0,0.0,0.0,0.0,0.0,0.0,1.0,0.0,0.0,0.0,0.0,0.0,1.0,0.0,0.0,0.0,0.0,0.0,0.0,-1.0,0.0002097554492526,1.0,0.0,0.0
analcatdata_supreme_728,0.9938347718865598,0.0676600933074951,0.0002498626708984,1.0,0.0,0.0,1.0,0.0,0.0,0.0,0.0,0.0,0.0,0.0,0.0,0.0,0.0,1.0,0.0,0.0,0.0,0.0,0.0,0.0,1.0,0.0,0.0,0.0,-1.0,0.0004762014923152,0.0,1.0,0.0
analcatdata_supreme_728,0.9938347718865598,0.1552543640136718,0.0002923011779785,1.0,0.0,0.0,1.0,0.0,0.0,0.0,0.0,0.0,0.0,0.0,0.0,1.0,0.0,0.0,0.0,0.0,0.0,1.0,0.0,0.0,0.0,0.0,0.0,0.0,0.0,1.1208823121777954e-05,0.0,0.0,1.0
analcatdata_supreme_728,0.9938347718865598,0.092972993850708,0.0002868175506591,1.0,0.0,0.0,0.0,1.0,0.0,0.0,0.0,0.0,0.0,0.0,0.0,1.0,0.0,0.0,0.0,0.0,0.0,1.0,0.0,0.0,0.0,0.0,0.0,0.0,-1.0,9.662092897110374e-05,1.0,0.0,0.0
analcatdata_supreme_728,0.9938347718865598,0.0911223888397216,0.0003232955932617,0.0,1.0,0.0,1.0,0.0,0.0,0.0,0.0,0.0,0.0,0.0,0.0,1.0,0.0,0.0,0.0,0.0,0.0,1.0,0.0,0.0,0.0,0.0,0.0,0.0,0.0,1.1680534754285288e-05,0.0,0.0,1.0
analcatdata_supreme_728,0.9938347718865598,0.0104482173919677,0.0002248287200927,0.0,1.0,0.0,0.0,1.0,0.0,0.0,0.0,0.0,0.0,0.0,0.0,0.0,0.0,1.0,0.0,0.0,0.0,0.0,0.0,0.0,1.0,0.0,0.0,0.0,0.0,0.0005579404379576,0.0,1.0,0.0
analcatdata_supreme_728,0.9938347718865598,0.2480232715606689,0.000291109085083,0.0,1.0,1.0,0.0,0.0,0.0,0.0,0.0,0.0,0.0,0.0,0.0,1.0,0.0,0.0,0.0,0.0,0.0,1.0,0.0,0.0,0.0,0.0,0.0,0.0,-1.0,2.0971589627274715e-05,0.0,1.0,0.0
analcatdata_supreme_728,0.9938271604938272,0.1051058769226074,0.0002846717834472,0.0,1.0,1.0,0.0,0.0,0.0,0.0,0.0,0.0,0.0,0.0,0.0,1.0,0.0,0.0,0.0,0.0,0.0,0.0,1.0,0.0,0.0,0.0,0.0,0.0,0.0,1.3093311305371368e-05,0.0,0.0,1.0
analcatdata_supreme_728,0.9938271604938272,0.0969176292419433,0.0003101825714111,1.0,0.0,0.0,1.0,0.0,0.0,0.0,0.0,0.0,0.0,0.0,0.0,1.0,0.0,0.0,0.0,0.0,0.0,0.0,1.0,0.0,0.0,0.0,0.0,0.0,0.0,0.0005192730699722,0.0,1.0,0.0
analcatdata_supreme_728,0.9938271604938272,0.1423263549804687,0.0002756118774414,0.0,1.0,0.0,0.0,1.0,0.0,0.0,0.0,0.0,0.0,0.0,0.0,1.0,0.0,0.0,0.0,0.0,0.0,0.0,1.0,0.0,0.0,0.0,0.0,0.0,-1.0,7.744892839997404e-05,0.0,1.0,0.0
analcatdata_supreme_728,0.9938271604938272,0.0969364643096923,0.0002758502960205,0.0,1.0,0.0,1.0,0.0,0.0,0.0,0.0,0.0,0.0,0.0,0.0,1.0,0.0,0.0,0.0,0.0,0.0,0.0,1.0,0.0,0.0,0.0,0.0,0.0,-1.0,1.5517366317020856e-05,1.0,0.0,0.0
analcatdata_supreme_728,0.9938271604938272,0.1049971580505371,0.0002851486206054,1.0,0.0,1.0,0.0,0.0,0.0,0.0,0.0,0.0,0.0,0.0,0.0,1.0,0.0,0.0,0.0,0.0,0.0,0.0,1.0,0.0,0.0,0.0,0.0,0.0,0.0,0.0001976231931262,0.0,1.0,0.0
analcatdata_supreme_728,0.9938271604938272,0.2201395034790039,0.000324010848999,1.0,0.0,0.0,0.0,1.0,0.0,0.0,0.0,0.0,0.0,0.0,0.0,1.0,0.0,0.0,0.0,0.0,0.0,0.0,1.0,0.0,0.0,0.0,0.0,0.0,0.0,0.0002577503117968,0.0,0.0,1.0
analcatdata_supreme_728,0.9926017262638718,0.1030044555664062,0.0002844333648681,0.0,1.0,0.0,0.0,1.0,0.0,0.0,0.0,0.0,0.0,0.0,0.0,1.0,0.0,0.0,0.0,0.0,0.0,0.0,1.0,0.0,0.0,0.0,0.0,0.0,-1.0,0.0001369838426295,1.0,0.0,0.0
analcatdata_supreme_728,0.9926017262638718,0.1093449592590332,0.0003190040588378,0.0,1.0,1.0,0.0,0.0,0.0,0.0,0.0,0.0,0.0,0.0,0.0,1.0,0.0,0.0,0.0,0.0,0.0,0.0,1.0,0.0,0.0,0.0,0.0,0.0,0.0,4.6159087811983626e-05,0.0,0.0,1.0
analcatdata_broadwaymult_452,0.5964912280701754,0.0012803077697753,0.0001132488250732,0.0,1.0,0.0,1.0,0.0,1.0,0.0,0.0,0.0,0.0,0.0,0.0,0.0,0.0,0.0,0.0,0.0,0.0,0.0,0.0,0.0,0.0,0.0,0.0,1.0,-1.0,7.0627184547082e-05,1.0,0.0,0.0
analcatdata_broadwaymult_452,0.5964912280701754,0.0012648105621337,0.0001134872436523,0.0,1.0,0.0,1.0,0.0,1.0,0.0,0.0,0.0,0.0,0.0,0.0,0.0,0.0,0.0,0.0,0.0,0.0,1.0,0.0,0.0,0.0,0.0,0.0,0.0,0.4175419222659431,0.0008122349024859,1.0,0.0,0.0
analcatdata_broadwaymult_452,0.5964912280701754,0.0012989044189453,0.0001134872436523,0.0,1.0,0.0,1.0,0.0,1.0,0.0,0.0,0.0,0.0,0.0,0.0,0.0,0.0,0.0,0.0,0.0,0.0,0.0,0.0,0.0,0.0,0.0,1.0,0.0,-1.0,0.0001171448895549,0.0,1.0,0.0
analcatdata_broadwaymult_452,0.5964912280701754,0.0013039112091064,0.0001156330108642,0.0,1.0,0.0,1.0,0.0,1.0,0.0,0.0,0.0,0.0,0.0,0.0,0.0,0.0,0.0,0.0,0.0,0.0,0.0,1.0,0.0,0.0,0.0,0.0,0.0,0.0,6.224699514956438e-05,0.0,0.0,1.0
analcatdata_broadwaymult_452,0.5614035087719298,0.0011200904846191,0.000119924545288,0.0,1.0,0.0,1.0,0.0,0.0,0.0,0.0,0.0,0.0,0.0,0.0,0.0,0.0,0.0,0.0,1.0,0.0,1.0,0.0,0.0,0.0,0.0,0.0,0.0,-1.0,0.000260845824695,0.0,1.0,0.0
analcatdata_broadwaymult_452,0.5614035087719298,0.0010833740234375,0.0001094341278076,0.0,1.0,0.0,1.0,0.0,0.0,0.0,0.0,0.0,0.0,0.0,0.0,0.0,0.0,0.0,0.0,1.0,0.0,0.0,0.0,0.0,0.0,1.0,0.0,0.0,0.7195116803918427,1.4200860771505312e-05,1.0,0.0,0.0
analcatdata_broadwaymult_452,0.5614035087719298,0.0010988712310791,0.0001187324523925,0.0,1.0,0.0,1.0,0.0,0.0,0.0,0.0,0.0,0.0,0.0,0.0,0.0,0.0,0.0,0.0,1.0,0.0,0.0,1.0,0.0,0.0,0.0,0.0,0.0,0.0,3.805885498681504e-05,0.0,1.0,0.0
analcatdata_broadwaymult_452,0.5614035087719298,0.0010497570037841,0.0001072883605957,0.0,1.0,0.0,1.0,0.0,0.0,0.0,0.0,0.0,0.0,0.0,0.0,0.0,0.0,0.0,0.0,1.0,0.0,0.0,0.0,0.0,0.0,0.0,1.0,0.0,-1.0,2.837562314254497e-05,1.0,0.0,0.0
analcatdata_broadwaymult_452,0.543859649122807,0.0015842914581298,0.0001206398010253,0.0,1.0,0.0,0.0,1.0,0.0,0.0,0.0,0.0,0.0,0.0,0.0,0.0,0.0,1.0,0.0,0.0,0.0,0.0,0.0,0.0,0.0,0.0,0.0,1.0,0.0,0.0002291960288413,0.0,0.0,1.0
analcatdata_broadwaymult_452,0.543859649122807,0.0014588832855224,0.0001094341278076,0.0,1.0,0.0,0.0,1.0,0.0,0.0,0.0,0.0,0.0,0.0,0.0,0.0,0.0,1.0,0.0,0.0,0.0,1.0,0.0,0.0,0.0,0.0,0.0,0.0,0.0,0.0001613710230115,0.0,0.0,1.0
analcatdata_broadwaymult_452,0.543859649122807,0.001542329788208,0.0001370906829833,0.0,1.0,0.0,0.0,1.0,0.0,0.0,0.0,0.0,0.0,0.0,0.0,0.0,0.0,1.0,0.0,0.0,0.0,0.0,0.0,0.0,0.0,0.0,1.0,0.0,0.0,0.0003302728590301,0.0,0.0,1.0
analcatdata_broadwaymult_452,0.543859649122807,0.0012950897216796,0.0001325607299804,0.0,1.0,0.0,1.0,0.0,1.0,0.0,0.0,0.0,0.0,0.0,0.0,0.0,0.0,0.0,0.0,0.0,0.0,1.0,0.0,0.0,0.0,0.0,0.0,0.0,0.0,7.137478441682846e-05,0.0,0.0,1.0
analcatdata_broadwaymult_452,0.543859649122807,0.0014750957489013,0.0001108646392822,0.0,1.0,0.0,1.0,0.0,0.0,0.0,0.0,0.0,0.0,1.0,0.0,0.0,0.0,0.0,0.0,0.0,0.0,0.0,0.0,0.0,1.0,0.0,0.0,0.0,0.0,2.22785531008099e-05,0.0,0.0,1.0
analcatdata_broadwaymult_452,0.543859649122807,0.0016367435455322,0.0001215934753417,0.0,1.0,0.0,0.0,1.0,0.0,0.0,0.0,0.0,0.0,0.0,0.0,0.0,0.0,1.0,0.0,0.0,0.0,0.0,1.0,0.0,0.0,0.0,0.0,0.0,-1.0,2.320893950733976e-05,1.0,0.0,0.0
analcatdata_broadwaymult_452,0.543859649122807,0.0013403892517089,0.0001213550567626,0.0,1.0,0.0,1.0,0.0,1.0,0.0,0.0,0.0,0.0,0.0,0.0,0.0,0.0,0.0,0.0,0.0,0.0,0.0,0.0,0.0,0.0,1.0,0.0,0.0,0.0,0.0006088498604838,0.0,0.0,1.0
analcatdata_broadwaymult_452,0.543859649122807,0.0012860298156738,0.0001180171966552,0.0,1.0,0.0,1.0,0.0,1.0,0.0,0.0,0.0,0.0,0.0,0.0,0.0,0.0,0.0,0.0,0.0,0.0,0.0,0.0,0.0,1.0,0.0,0.0,0.0,0.987660219008265,1.4118494417070322e-05,0.0,1.0,0.0
analcatdata_broadwaymult_452,0.543859649122807,0.0013926029205322,0.0001156330108642,0.0,1.0,0.0,1.0,0.0,1.0,0.0,0.0,0.0,0.0,0.0,0.0,0.0,0.0,0.0,0.0,0.0,0.0,0.0,0.0,0.0,0.0,0.0,1.0,0.0,0.0,0.0001542551746003,0.0,0.0,1.0
analcatdata_broadwaymult_452,0.543859649122807,0.0011563301086425,0.0001285076141357,0.0,1.0,0.0,1.0,0.0,0.0,0.0,0.0,0.0,0.0,0.0,0.0,0.0,0.0,0.0,0.0,1.0,0.0,0.0,0.0,0.0,0.0,0.0,0.0,1.0,0.0,2.9063393835504003e-05,1.0,0.0,0.0
analcatdata_broadwaymult_452,0.543859649122807,0.0014359951019287,0.0001115798950195,0.0,1.0,0.0,1.0,0.0,0.0,0.0,0.0,0.0,0.0,1.0,0.0,0.0,0.0,0.0,0.0,0.0,0.0,0.0,0.0,0.0,0.0,0.0,0.0,1.0,0.0,2.682597830611571e-05,1.0,0.0,0.0
analcatdata_broadwaymult_452,0.543859649122807,0.001131534576416,0.0001196861267089,0.0,1.0,0.0,1.0,0.0,0.0,0.0,0.0,0.0,0.0,0.0,0.0,0.0,0.0,0.0,0.0,1.0,0.0,0.0,0.0,0.0,1.0,0.0,0.0,0.0,0.0,1.5733129267769144e-05,0.0,0.0,1.0
students_scores_43097,0.935,0.0944650173187255,0.0001981258392333,0.0,1.0,0.0,0.0,1.0,0.0,0.0,0.0,0.0,0.0,0.0,0.0,1.0,0.0,0.0,0.0,0.0,0.0,0.0,0.0,0.0,0.0,0.0,1.0,0.0,0.8522291696316676,0.0009089968379929,0.0,1.0,0.0
students_scores_43097,0.935,0.0022401809692382,0.0001111030578613,1.0,0.0,0.0,1.0,0.0,0.0,1.0,0.0,0.0,0.0,0.0,0.0,0.0,0.0,0.0,0.0,0.0,0.0,0.0,1.0,0.0,0.0,0.0,0.0,0.0,-1.0,1.3242495706984036e-05,0.0,1.0,0.0
students_scores_43097,0.935,0.002324104309082,0.0001144409179687,0.0,1.0,0.0,1.0,0.0,0.0,1.0,0.0,0.0,0.0,0.0,0.0,0.0,0.0,0.0,0.0,0.0,0.0,0.0,1.0,0.0,0.0,0.0,0.0,0.0,0.0,1.9747084089625585e-05,0.0,0.0,1.0
students_scores_43097,0.935,0.3739287853240967,0.0002267360687255,1.0,0.0,0.0,0.0,1.0,0.0,0.0,0.0,0.0,0.0,0.0,0.0,1.0,0.0,0.0,0.0,0.0,0.0,0.0,0.0,0.0,0.0,0.0,1.0,0.0,0.0,5.3744727282118175e-05,0.0,1.0,0.0
students_scores_43097,0.925,0.0018582344055175,0.0001170635223388,0.0,1.0,0.0,0.0,1.0,0.0,0.0,0.0,0.0,0.0,0.0,1.0,0.0,0.0,0.0,0.0,0.0,0.0,0.0,0.0,0.0,1.0,0.0,0.0,0.0,0.0,8.15821224324964e-05,0.0,0.0,1.0
students_scores_43097,0.925,0.0018985271453857,0.0001184940338134,0.0,1.0,0.0,0.0,1.0,0.0,1.0,0.0,0.0,0.0,0.0,0.0,0.0,0.0,0.0,0.0,0.0,0.0,0.0,0.0,0.0,1.0,0.0,0.0,0.0,0.0,0.0007972574351892,0.0,0.0,1.0
students_scores_43097,0.925,0.0017914772033691,0.0001134872436523,0.0,1.0,0.0,0.0,1.0,0.0,1.0,0.0,0.0,0.0,0.0,0.0,0.0,0.0,0.0,0.0,0.0,0.0,1.0,0.0,0.0,0.0,0.0,0.0,0.0,0.0,3.044922546627575e-05,0.0,0.0,1.0
students_scores_43097,0.925,0.0025603771209716,0.0001747608184814,0.0,1.0,0.0,0.0,1.0,0.0,0.0,0.0,0.0,1.0,0.0,0.0,0.0,0.0,0.0,0.0,0.0,0.0,0.0,0.0,0.0,1.0,0.0,0.0,0.0,-1.0,0.000276666279235,1.0,0.0,0.0
students_scores_43097,0.925,0.0017647743225097,0.0001134872436523,0.0,1.0,0.0,0.0,1.0,0.0,1.0,0.0,0.0,0.0,0.0,0.0,0.0,0.0,0.0,0.0,0.0,0.0,0.0,0.0,0.0,0.0,0.0,1.0,0.0,-1.0,0.0002054836510506,1.0,0.0,0.0
students_scores_43097,0.925,0.0026533603668212,0.0001523494720458,0.0,1.0,0.0,0.0,1.0,0.0,0.0,0.0,0.0,1.0,0.0,0.0,0.0,0.0,0.0,0.0,0.0,0.0,0.0,0.0,0.0,0.0,0.0,1.0,0.0,0.0,0.0001083900891652,1.0,0.0,0.0
students_scores_43097,0.925,0.0025415420532226,0.0001320838928222,0.0,1.0,0.0,0.0,1.0,0.0,0.0,0.0,0.0,1.0,0.0,0.0,0.0,0.0,0.0,0.0,0.0,0.0,0.0,0.0,0.0,0.0,0.0,0.0,1.0,0.0,3.405033069393628e-05,0.0,0.0,1.0
students_scores_43097,0.925,0.0028676986694335,0.000199556350708,0.0,1.0,0.0,0.0,1.0,0.0,0.0,0.0,0.0,0.0,0.0,1.0,0.0,0.0,0.0,0.0,0.0,0.0,0.0,0.0,0.0,0.0,0.0,1.0,0.0,0.0,2.057186022123425e-05,1.0,0.0,0.0
students_scores_43097,0.925,0.0019741058349609,0.0001182556152343,0.0,1.0,0.0,0.0,1.0,0.0,0.0,0.0,0.0,0.0,0.0,1.0,0.0,0.0,0.0,0.0,0.0,0.0,1.0,0.0,0.0,0.0,0.0,0.0,0.0,0.0,2.254453907659353e-05,1.0,0.0,0.0
students_scores_43097,0.925,0.0030229091644287,0.0001578330993652,1.0,0.0,0.0,1.0,0.0,0.0,0.0,0.0,0.0,0.0,0.0,0.0,0.0,1.0,0.0,0.0,0.0,0.0,0.0,1.0,0.0,0.0,0.0,0.0,0.0,0.0,4.920272139621504e-05,0.0,0.0,1.0
students_scores_43097,0.925,0.0036532878875732,0.0010478496551513,1.0,0.0,0.0,0.0,1.0,0.0,0.0,0.0,0.0,0.0,0.0,1.0,0.0,0.0,0.0,0.0,0.0,0.0,0.0,1.0,0.0,0.0,0.0,0.0,0.0,0.0,1.880378999226988e-05,0.0,0.0,1.0
students_scores_43097,0.925,0.0025570392608642,0.0001497268676757,1.0,0.0,0.0,0.0,1.0,0.0,0.0,0.0,0.0,1.0,0.0,0.0,0.0,0.0,0.0,0.0,0.0,0.0,1.0,0.0,0.0,0.0,0.0,0.0,0.0,-1.0,0.0009934848395268,1.0,0.0,0.0
students_scores_43097,0.925,0.0020501613616943,0.0001473426818847,1.0,0.0,0.0,0.0,1.0,0.0,0.0,0.0,0.0,0.0,0.0,1.0,0.0,0.0,0.0,0.0,0.0,0.0,0.0,0.0,0.0,0.0,0.0,1.0,0.0,0.0,7.791702090747315e-05,0.0,0.0,1.0
students_scores_43097,0.925,0.0017623901367187,0.0001120567321777,1.0,0.0,0.0,0.0,1.0,0.0,1.0,0.0,0.0,0.0,0.0,0.0,0.0,0.0,0.0,0.0,0.0,0.0,0.0,0.0,0.0,0.0,0.0,1.0,0.0,-1.0,0.0001196686592407,0.0,1.0,0.0
students_scores_43097,0.925,0.0017855167388916,0.0001344680786132,1.0,0.0,0.0,0.0,1.0,0.0,0.0,0.0,0.0,0.0,0.0,0.0,0.0,1.0,0.0,0.0,0.0,0.0,0.0,1.0,0.0,0.0,0.0,0.0,0.0,0.5570153770166664,0.0001709678088426,0.0,1.0,0.0
students_scores_43097,0.925,0.0026118755340576,0.0001378059387207,1.0,0.0,0.0,0.0,1.0,0.0,0.0,0.0,0.0,1.0,0.0,0.0,0.0,0.0,0.0,0.0,0.0,0.0,0.0,0.0,0.0,1.0,0.0,0.0,0.0,0.0,2.4635881371163112e-05,0.0,1.0,0.0
KungChi3_1441,1.0,0.0009050369262695,0.0001041889190673,0.0,1.0,0.0,1.0,0.0,0.0,0.0,0.0,1.0,0.0,0.0,0.0,0.0,0.0,0.0,0.0,0.0,0.0,0.0,0.0,1.0,0.0,0.0,0.0,0.0,-1.0,9.194062195123952e-05,1.0,0.0,0.0
KungChi3_1441,1.0,0.0009670257568359,0.0001046657562255,0.0,1.0,1.0,0.0,0.0,0.0,0.0,0.0,1.0,0.0,0.0,0.0,0.0,0.0,0.0,0.0,0.0,0.0,0.0,1.0,0.0,0.0,0.0,0.0,0.0,0.0,1.3359211087883876e-05,0.0,0.0,1.0
KungChi3_1441,1.0,0.0009560585021972,0.0001056194305419,0.0,1.0,0.0,1.0,0.0,0.0,0.0,1.0,0.0,0.0,0.0,0.0,0.0,0.0,0.0,0.0,0.0,0.0,0.0,0.0,1.0,0.0,0.0,0.0,0.0,0.0,0.0008676291140604,0.0,0.0,1.0
KungChi3_1441,1.0,0.0011050701141357,0.0001094341278076,0.0,1.0,0.0,0.0,1.0,1.0,0.0,0.0,0.0,0.0,0.0,0.0,0.0,0.0,0.0,0.0,0.0,0.0,0.0,0.0,0.0,0.0,1.0,0.0,0.0,0.0,8.823714490793999e-05,1.0,0.0,0.0
KungChi3_1441,1.0,0.0009474754333496,0.000108003616333,1.0,0.0,1.0,0.0,0.0,0.0,0.0,0.0,1.0,0.0,0.0,0.0,0.0,0.0,0.0,0.0,0.0,0.0,0.0,1.0,0.0,0.0,0.0,0.0,0.0,-1.0,1.1463688399770502e-05,0.0,1.0,0.0
KungChi3_1441,1.0,0.0010063648223876,0.0001065731048583,0.0,1.0,1.0,0.0,0.0,0.0,0.0,0.0,1.0,0.0,0.0,0.0,0.0,0.0,0.0,0.0,0.0,0.0,0.0,0.0,0.0,1.0,0.0,0.0,0.0,0.0,0.0001578149574288,0.0,1.0,0.0
KungChi3_1441,1.0,0.0009472370147705,0.0001068115234375,0.0,1.0,1.0,0.0,0.0,0.0,0.0,0.0,0.0,0.0,0.0,0.0,0.0,0.0,0.0,0.0,0.0,1.0,0.0,0.0,0.0,1.0,0.0,0.0,0.0,0.0,1.585727746526618e-05,0.0,0.0,1.0
KungChi3_1441,1.0,0.0013065338134765,0.0001063346862792,0.0,1.0,1.0,0.0,0.0,0.0,0.0,0.0,0.0,0.0,0.0,0.0,0.0,0.0,0.0,0.0,1.0,0.0,0.0,0.0,0.0,1.0,0.0,0.0,0.0,0.0,0.0003801553228717,0.0,0.0,1.0
KungChi3_1441,1.0,0.0010762214660644,0.0001084804534912,1.0,0.0,0.0,1.0,0.0,0.0,0.0,1.0,0.0,0.0,0.0,0.0,0.0,0.0,0.0,0.0,0.0,0.0,0.0,0.0,0.0,0.0,0.0,1.0,0.0,-1.0,0.0008066984690605,0.0,1.0,0.0
KungChi3_1441,1.0,0.0009150505065917,0.000105857849121,1.0,0.0,0.0,1.0,0.0,0.0,0.0,0.0,1.0,0.0,0.0,0.0,0.0,0.0,0.0,0.0,0.0,0.0,0.0,0.0,0.0,0.0,0.0,1.0,0.0,0.0,0.0006809576124712,0.0,0.0,1.0
KungChi3_1441,1.0,0.001108169555664,0.0001091957092285,0.0,1.0,0.0,0.0,1.0,1.0,0.0,0.0,0.0,0.0,0.0,0.0,0.0,0.0,0.0,0.0,0.0,0.0,0.0,0.0,0.0,1.0,0.0,0.0,0.0,-1.0,7.170795042286932e-05,0.0,1.0,0.0
KungChi3_1441,1.0,0.0009906291961669,0.0001027584075927,1.0,0.0,1.0,0.0,0.0,0.0,0.0,0.0,0.0,0.0,0.0,0.0,0.0,0.0,0.0,0.0,0.0,1.0,0.0,0.0,0.0,1.0,0.0,0.0,0.0,0.0,0.0002661752341368,0.0,0.0,1.0
KungChi3_1441,1.0,0.0009009838104248,0.0001049041748046,0.0,1.0,0.0,0.0,1.0,0.0,0.0,0.0,1.0,0.0,0.0,0.0,0.0,0.0,0.0,0.0,0.0,0.0,0.0,0.0,0.0,1.0,0.0,0.0,0.0,0.3816042260608604,2.0493134435663738e-05,0.0,1.0,0.0
KungChi3_1441,1.0,0.0716135501861572,0.0001928806304931,0.0,1.0,1.0,0.0,0.0,0.0,0.0,0.0,0.0,0.0,0.0,0.0,1.0,0.0,0.0,0.0,0.0,0.0,0.0,1.0,0.0,0.0,0.0,0.0,0.0,0.0,1.417072875330775e-05,0.0,0.0,1.0
KungChi3_1441,1.0,0.0009160041809082,0.0001044273376464,0.0,1.0,0.0,1.0,0.0,0.0,0.0,0.0,0.0,0.0,0.0,0.0,0.0,0.0,0.0,0.0,0.0,1.0,0.0,0.0,1.0,0.0,0.0,0.0,0.0,0.0,0.0004386334065401,0.0,0.0,1.0
KungChi3_1441,1.0,0.0009369850158691,0.0001037120819091,0.0,1.0,0.0,0.0,1.0,0.0,0.0,0.0,1.0,0.0,0.0,0.0,0.0,0.0,0.0,0.0,0.0,0.0,0.0,0.0,0.0,0.0,1.0,0.0,0.0,0.953678148340938,0.0002456609187465,1.0,0.0,0.0
KungChi3_1441,1.0,0.0254356861114501,0.0001623630523681,0.0,1.0,0.0,0.0,1.0,0.0,0.0,0.0,0.0,0.0,0.0,0.0,1.0,0.0,0.0,0.0,0.0,0.0,0.0,1.0,0.0,0.0,0.0,0.0,0.0,-1.0,0.0006518112556388,1.0,0.0,0.0
KungChi3_1441,1.0,0.000960350036621,0.0001049041748046,0.0,1.0,0.0,0.0,1.0,0.0,0.0,0.0,1.0,0.0,0.0,0.0,0.0,0.0,0.0,0.0,0.0,0.0,0.0,1.0,0.0,0.0,0.0,0.0,0.0,0.0,0.0006748016633302,0.0,0.0,1.0
KungChi3_1441,1.0,0.0010995864868164,0.0001068115234375,0.0,1.0,0.0,0.0,1.0,0.0,0.0,0.0,0.0,0.0,0.0,0.0,0.0,0.0,0.0,0.0,1.0,0.0,0.0,0.0,0.0,1.0,0.0,0.0,0.0,0.0,4.949492919493507e-05,0.0,0.0,1.0
KungChi3_1441,1.0,0.0011100769042968,0.0001094341278076,0.0,1.0,0.0,1.0,0.0,0.0,0.0,0.0,0.0,0.0,1.0,0.0,0.0,0.0,0.0,0.0,0.0,0.0,0.0,0.0,1.0,0.0,0.0,0.0,0.0,-1.0,4.338067837270275e-05,0.0,1.0,0.0
autoUniv-au7-700_1553,0.4857142857142857,0.0115327835083007,0.0002157688140869,1.0,0.0,0.0,0.0,1.0,0.0,0.0,0.0,0.0,0.0,0.0,0.0,0.0,0.0,1.0,0.0,0.0,0.0,0.0,0.0,0.0,1.0,0.0,0.0,0.0,0.3870415730466569,7.652472311933168e-05,0.0,1.0,0.0
autoUniv-au7-700_1553,0.4857142857142857,0.0015554428100585,0.0001165866851806,0.0,1.0,0.0,1.0,0.0,0.0,0.0,0.0,0.0,0.0,1.0,0.0,0.0,0.0,0.0,0.0,0.0,0.0,1.0,0.0,0.0,0.0,0.0,0.0,0.0,0.0,0.000214468932816,0.0,1.0,0.0
autoUniv-au7-700_1553,0.4857142857142857,0.001558780670166,0.0001177787780761,1.0,0.0,0.0,1.0,0.0,0.0,0.0,0.0,0.0,0.0,1.0,0.0,0.0,0.0,0.0,0.0,0.0,0.0,1.0,0.0,0.0,0.0,0.0,0.0,0.0,0.0,1.0232425590242331e-05,0.0,0.0,1.0
autoUniv-au7-700_1553,0.4857142857142857,0.011364459991455,0.0002064704895019,0.0,1.0,0.0,0.0,1.0,0.0,0.0,0.0,0.0,0.0,0.0,0.0,0.0,0.0,1.0,0.0,0.0,0.0,0.0,0.0,0.0,1.0,0.0,0.0,0.0,0.0,0.0001172796866331,0.0,0.0,1.0
autoUniv-au7-700_1553,0.4785714285714286,0.0116829872131347,0.0002226829528808,1.0,0.0,0.0,0.0,1.0,0.0,0.0,0.0,0.0,0.0,0.0,0.0,0.0,0.0,1.0,0.0,0.0,0.0,0.0,1.0,0.0,0.0,0.0,0.0,0.0,0.0,1.0951202223203729e-05,0.0,0.0,1.0
autoUniv-au7-700_1553,0.4785714285714286,0.0752158164978027,0.0002672672271728,0.0,1.0,0.0,1.0,0.0,0.0,0.0,0.0,0.0,0.0,0.0,0.0,1.0,0.0,0.0,0.0,0.0,0.0,0.0,0.0,0.0,0.0,0.0,1.0,0.0,0.0,7.967978142389989e-05,0.0,0.0,1.0
autoUniv-au7-700_1553,0.4785714285714286,0.0089528560638427,0.000192642211914,1.0,0.0,0.0,0.0,1.0,0.0,0.0,0.0,0.0,0.0,0.0,0.0,0.0,0.0,1.0,0.0,0.0,0.0,1.0,0.0,0.0,0.0,0.0,0.0,0.0,0.0,1.4606876845499608e-05,0.0,0.0,1.0
autoUniv-au7-700_1553,0.4785714285714286,0.0168120861053466,0.0002343654632568,0.0,1.0,0.0,0.0,1.0,0.0,0.0,0.0,0.0,0.0,0.0,0.0,0.0,0.0,1.0,0.0,0.0,0.0,0.0,1.0,0.0,0.0,0.0,0.0,0.0,-1.0,0.00013317837642,1.0,0.0,0.0
autoUniv-au7-700_1553,0.4785714285714286,0.0098688602447509,0.0001943111419677,0.0,1.0,0.0,0.0,1.0,0.0,0.0,0.0,0.0,0.0,0.0,0.0,0.0,0.0,1.0,0.0,0.0,0.0,1.0,0.0,0.0,0.0,0.0,0.0,0.0,0.0,4.2515655498579714e-05,0.0,0.0,1.0
autoUniv-au7-700_1553,0.4785714285714286,0.0108847618103027,0.0002665519714355,0.0,1.0,0.0,0.0,1.0,0.0,0.0,0.0,0.0,0.0,0.0,0.0,0.0,0.0,1.0,0.0,0.0,0.0,0.0,0.0,0.0,0.0,0.0,0.0,1.0,0.0,9.07462232068576e-05,0.0,0.0,1.0
autoUniv-au7-700_1553,0.4785714285714286,0.0101237297058105,0.0002121925354003,1.0,0.0,0.0,0.0,1.0,0.0,0.0,0.0,0.0,0.0,0.0,0.0,0.0,0.0,1.0,0.0,0.0,0.0,0.0,0.0,0.0,0.0,0.0,0.0,1.0,0.0,0.0008229781741829,0.0,0.0,1.0
autoUniv-au7-700_1553,0.4785714285714286,0.0095512866973876,0.0001928806304931,0.0,1.0,0.0,0.0,1.0,0.0,0.0,0.0,0.0,0.0,0.0,0.0,0.0,0.0,1.0,0.0,0.0,0.0,0.0,0.0,0.0,0.0,0.0,1.0,0.0,-1.0,4.807704807286816e-05,1.0,0.0,0.0
autoUniv-au7-700_1553,0.4785714285714286,0.0097503662109375,0.0002009868621826,1.0,0.0,0.0,0.0,1.0,0.0,0.0,0.0,0.0,0.0,0.0,0.0,0.0,0.0,1.0,0.0,0.0,0.0,0.0,0.0,0.0,0.0,0.0,1.0,0.0,0.0,0.0002745156675319,1.0,0.0,0.0
autoUniv-au7-700_1553,0.4785714285714286,0.0802454948425293,0.0002379417419433,1.0,0.0,0.0,1.0,0.0,0.0,0.0,0.0,0.0,0.0,0.0,0.0,1.0,0.0,0.0,0.0,0.0,0.0,0.0,0.0,0.0,0.0,0.0,1.0,0.0,-1.0,0.0002325890828168,0.0,1.0,0.0
autoUniv-au7-700_1553,0.4714285714285714,0.0296230316162109,0.0002689361572265,1.0,0.0,0.0,1.0,0.0,0.0,0.0,0.0,0.0,0.0,0.0,0.0,0.0,0.0,1.0,0.0,0.0,0.0,0.0,0.0,0.0,1.0,0.0,0.0,0.0,0.0,0.0005468329730912,0.0,0.0,1.0
autoUniv-au7-700_1553,0.4714285714285714,0.001971960067749,0.0001490116119384,0.0,1.0,0.0,1.0,0.0,1.0,0.0,0.0,0.0,0.0,0.0,0.0,0.0,0.0,0.0,0.0,0.0,0.0,0.0,0.0,0.0,0.0,0.0,1.0,0.0,0.0,4.664689678198919e-05,0.0,0.0,1.0
autoUniv-au7-700_1553,0.4714285714285714,0.0016965866088867,0.0001204013824462,1.0,0.0,0.0,1.0,0.0,1.0,0.0,0.0,0.0,0.0,0.0,0.0,0.0,0.0,0.0,0.0,0.0,0.0,0.0,0.0,0.0,0.0,0.0,0.0,1.0,0.0,1.2946559240753676e-05,0.0,0.0,1.0
autoUniv-au7-700_1553,0.4714285714285714,0.0021109580993652,0.0001235008239746,1.0,0.0,0.0,1.0,0.0,0.0,1.0,0.0,0.0,0.0,0.0,0.0,0.0,0.0,0.0,0.0,0.0,0.0,0.0,0.0,0.0,0.0,0.0,0.0,1.0,0.0,0.0008734968565954,0.0,0.0,1.0
autoUniv-au7-700_1553,0.4714285714285714,0.0018072128295898,0.0001227855682373,0.0,1.0,0.0,1.0,0.0,1.0,0.0,0.0,0.0,0.0,0.0,0.0,0.0,0.0,0.0,0.0,0.0,0.0,0.0,0.0,0.0,0.0,0.0,0.0,1.0,0.3978175234662605,5.305357139768679e-05,1.0,0.0,0.0
autoUniv-au7-700_1553,0.4714285714285714,0.0020210742950439,0.0001380443572998,0.0,1.0,0.0,1.0,0.0,0.0,1.0,0.0,0.0,0.0,0.0,0.0,0.0,0.0,0.0,0.0,0.0,0.0,0.0,0.0,0.0,0.0,0.0,0.0,1.0,-1.0,2.440508941041418e-05,1.0,0.0,0.0
pm10_750,0.67,0.0013103485107421,0.0001447200775146,0.0,1.0,0.0,0.0,1.0,1.0,0.0,0.0,0.0,0.0,0.0,0.0,0.0,0.0,0.0,0.0,0.0,0.0,0.0,0.0,0.0,0.0,1.0,0.0,0.0,0.0,0.000673290964541,0.0,0.0,1.0
pm10_750,0.67,0.0012729167938232,0.0001084804534912,0.0,1.0,0.0,1.0,0.0,1.0,0.0,0.0,0.0,0.0,0.0,0.0,0.0,0.0,0.0,0.0,0.0,0.0,0.0,0.0,0.0,0.0,1.0,0.0,0.0,0.0,2.4055881145426263e-05,0.0,0.0,1.0
pm10_750,0.67,0.0949373245239257,0.0001962184906005,0.0,1.0,1.0,0.0,0.0,0.0,0.0,0.0,0.0,0.0,0.0,0.0,1.0,0.0,0.0,0.0,0.0,0.0,0.0,0.0,1.0,0.0,0.0,0.0,0.0,-1.0,0.0001141594474594,1.0,0.0,0.0
pm10_750,0.67,0.0012803077697753,0.0001056194305419,0.0,1.0,1.0,0.0,0.0,1.0,0.0,0.0,0.0,0.0,0.0,0.0,0.0,0.0,0.0,0.0,0.0,0.0,0.0,0.0,0.0,0.0,1.0,0.0,0.0,-1.0,0.0003243411990678,0.0,1.0,0.0
pm10_750,0.67,0.0738942623138427,0.0002093315124511,0.0,1.0,0.0,0.0,1.0,0.0,0.0,0.0,0.0,0.0,0.0,0.0,1.0,0.0,0.0,0.0,0.0,0.0,0.0,0.0,1.0,0.0,0.0,0.0,0.0,0.6637634656636652,0.0002897542745432,1.0,0.0,0.0
pm10_750,0.67,0.0241665840148925,0.0001955032348632,1.0,0.0,0.0,0.0,1.0,0.0,0.0,0.0,0.0,0.0,0.0,0.0,1.0,0.0,0.0,0.0,0.0,0.0,0.0,0.0,1.0,0.0,0.0,0.0,0.0,0.0,1.1453288805796712e-05,1.0,0.0,0.0
pm10_750,0.67,0.0014331340789794,0.0001149177551269,1.0,0.0,0.0,0.0,1.0,1.0,0.0,0.0,0.0,0.0,0.0,0.0,0.0,0.0,0.0,0.0,0.0,0.0,0.0,0.0,0.0,0.0,1.0,0.0,0.0,0.0,2.54023809318226e-05,0.0,0.0,1.0
pm10_750,0.67,0.0721104145050048,0.0002038478851318,1.0,0.0,0.0,1.0,0.0,0.0,0.0,0.0,0.0,0.0,0.0,0.0,1.0,0.0,0.0,0.0,0.0,0.0,0.0,0.0,1.0,0.0,0.0,0.0,0.0,-1.0,0.0005983930883002,0.0,1.0,0.0
pm10_750,0.67,0.030848741531372,0.0001916885375976,0.0,1.0,0.0,1.0,0.0,0.0,0.0,0.0,0.0,0.0,0.0,0.0,1.0,0.0,0.0,0.0,0.0,0.0,0.0,0.0,1.0,0.0,0.0,0.0,0.0,0.579546648178545,0.0001277502723835,0.0,1.0,0.0
pm10_750,0.67,0.0013477802276611,0.0001168251037597,1.0,0.0,1.0,0.0,0.0,1.0,0.0,0.0,0.0,0.0,0.0,0.0,0.0,0.0,0.0,0.0,0.0,0.0,0.0,0.0,0.0,0.0,1.0,0.0,0.0,0.0,0.000236832778465,0.0,1.0,0.0
pm10_750,0.67,0.0014376640319824,0.0001220703125,1.0,0.0,0.0,1.0,0.0,1.0,0.0,0.0,0.0,0.0,0.0,0.0,0.0,0.0,0.0,0.0,0.0,0.0,0.0,0.0,0.0,0.0,1.0,0.0,0.0,0.0,6.376511442217333e-05,0.0,0.0,1.0
pm10_750,0.67,0.0757825374603271,0.00020432472229,1.0,0.0,1.0,0.0,0.0,0.0,0.0,0.0,0.0,0.0,0.0,0.0,1.0,0.0,0.0,0.0,0.0,0.0,0.0,0.0,1.0,0.0,0.0,0.0,0.0,0.5972670079083597,0.0003093186474769,1.0,0.0,0.0
pm10_750,0.66,0.0013871192932128,0.0001130104064941,1.0,0.0,1.0,0.0,0.0,1.0,0.0,0.0,0.0,0.0,0.0,0.0,0.0,0.0,0.0,0.0,0.0,0.0,0.0,0.0,1.0,0.0,0.0,0.0,0.0,0.3462211901442555,3.786086264739943e-05,1.0,0.0,0.0
pm10_750,0.66,0.0014145374298095,0.0001180171966552,1.0,0.0,0.0,1.0,0.0,1.0,0.0,0.0,0.0,0.0,0.0,0.0,0.0,0.0,0.0,0.0,0.0,0.0,0.0,0.0,1.0,0.0,0.0,0.0,0.0,0.0,2.9111292297171747e-05,0.0,0.0,1.0
pm10_750,0.66,0.0709943771362304,0.0002050399780273,0.0,1.0,0.0,0.0,1.0,0.0,0.0,0.0,0.0,0.0,0.0,0.0,1.0,0.0,0.0,0.0,0.0,0.0,0.0,0.0,1.0,0.0,0.0,0.0,0.0,0.0,0.0009867886578523,0.0,0.0,1.0
pm10_750,0.66,0.0794041156768798,0.0002593994140625,1.0,0.0,1.0,0.0,0.0,0.0,0.0,0.0,0.0,0.0,0.0,0.0,1.0,0.0,0.0,0.0,0.0,0.0,0.0,0.0,1.0,0.0,0.0,0.0,0.0,0.0,2.066824058920513e-05,0.0,0.0,1.0
pm10_750,0.66,0.0013608932495117,0.0001122951507568,0.0,1.0,0.0,1.0,0.0,1.0,0.0,0.0,0.0,0.0,0.0,0.0,0.0,0.0,0.0,0.0,0.0,0.0,0.0,0.0,1.0,0.0,0.0,0.0,0.0,-1.0,0.000917740896888,1.0,0.0,0.0
pm10_750,0.66,0.0175557136535644,0.0002214908599853,0.0,1.0,0.0,1.0,0.0,0.0,0.0,0.0,0.0,0.0,0.0,0.0,1.0,0.0,0.0,0.0,0.0,0.0,0.0,0.0,1.0,0.0,0.0,0.0,0.0,0.0,0.0007128858615552,0.0,0.0,1.0
pm10_750,0.66,0.0014092922210693,0.0001156330108642,0.0,1.0,0.0,0.0,1.0,1.0,0.0,0.0,0.0,0.0,0.0,0.0,0.0,0.0,0.0,0.0,0.0,0.0,0.0,0.0,1.0,0.0,0.0,0.0,0.0,0.0,0.0002687518656865,0.0,0.0,1.0
pm10_750,0.66,0.0013196468353271,0.0001101493835449,0.0,1.0,1.0,0.0,0.0,1.0,0.0,0.0,0.0,0.0,0.0,0.0,0.0,0.0,0.0,0.0,0.0,0.0,0.0,0.0,1.0,0.0,0.0,0.0,0.0,0.0,0.0001458633587666,0.0,0.0,1.0
algerian_forest_fires_46279,1.0,0.0012726783752441,0.0001194477081298,1.0,0.0,0.0,1.0,0.0,1.0,0.0,0.0,0.0,0.0,0.0,0.0,0.0,0.0,0.0,0.0,0.0,0.0,0.0,0.0,0.0,0.0,1.0,0.0,0.0,0.829292936769295,1.0210781506833016e-05,0.0,1.0,0.0
algerian_forest_fires_46279,1.0,0.0012283325195312,0.0001173019409179,1.0,0.0,1.0,0.0,0.0,0.0,0.0,0.0,0.0,0.0,1.0,0.0,0.0,0.0,0.0,0.0,0.0,0.0,0.0,0.0,0.0,1.0,0.0,0.0,0.0,0.0,0.0001864540262142,0.0,0.0,1.0
algerian_forest_fires_46279,1.0,0.0010960102081298,0.0001277923583984,1.0,0.0,1.0,0.0,0.0,0.0,0.0,0.0,0.0,0.0,0.0,0.0,0.0,0.0,0.0,0.0,1.0,0.0,0.0,0.0,0.0,0.0,0.0,0.0,1.0,0.0,0.000350608622956,0.0,0.0,1.0
algerian_forest_fires_46279,1.0,0.0011727809906005,0.0001125335693359,0.0,1.0,0.0,0.0,1.0,1.0,0.0,0.0,0.0,0.0,0.0,0.0,0.0,0.0,0.0,0.0,0.0,0.0,0.0,0.0,0.0,0.0,1.0,0.0,0.0,-1.0,0.0002922478126251,1.0,0.0,0.0
algerian_forest_fires_46279,1.0,0.0012013912200927,0.0001218318939208,0.0,1.0,1.0,0.0,0.0,1.0,0.0,0.0,0.0,0.0,0.0,0.0,0.0,0.0,0.0,0.0,0.0,0.0,0.0,0.0,0.0,0.0,0.0,0.0,1.0,0.0,2.2086599541982343e-05,0.0,0.0,1.0
algerian_forest_fires_46279,1.0,0.0013880729675292,0.0001263618469238,0.0,1.0,0.0,1.0,0.0,0.0,1.0,0.0,0.0,0.0,0.0,0.0,0.0,0.0,0.0,0.0,0.0,0.0,0.0,0.0,0.0,1.0,0.0,0.0,0.0,0.0,0.0001227630096664,0.0,0.0,1.0
algerian_forest_fires_46279,1.0,0.0011568069458007,0.0001130104064941,0.0,1.0,0.0,1.0,0.0,1.0,0.0,0.0,0.0,0.0,0.0,0.0,0.0,0.0,0.0,0.0,0.0,0.0,0.0,0.0,1.0,0.0,0.0,0.0,0.0,0.0,0.0001260073792112,0.0,0.0,1.0
algerian_forest_fires_46279,1.0,0.0013604164123535,0.0001366138458251,0.0,1.0,0.0,1.0,0.0,0.0,0.0,0.0,0.0,0.0,0.0,0.0,0.0,1.0,0.0,0.0,0.0,0.0,0.0,0.0,0.0,1.0,0.0,0.0,0.0,0.0,0.0002021924018832,0.0,0.0,1.0
algerian_forest_fires_46279,1.0,0.001777172088623,0.0001413822174072,0.0,1.0,0.0,1.0,0.0,0.0,0.0,0.0,0.0,0.0,0.0,1.0,0.0,0.0,0.0,0.0,0.0,0.0,0.0,0.0,0.0,1.0,0.0,0.0,0.0,0.0,0.0004590817524934,0.0,0.0,1.0
algerian_forest_fires_46279,1.0,0.0062739849090576,0.0001530647277832,0.0,1.0,0.0,1.0,0.0,0.0,0.0,0.0,0.0,0.0,0.0,0.0,0.0,0.0,1.0,0.0,0.0,0.0,0.0,0.0,0.0,1.0,0.0,0.0,0.0,0.0933929253429293,0.0002491504612257,1.0,0.0,0.0
algerian_forest_fires_46279,1.0,0.0011076927185058,0.0001094341278076,0.0,1.0,0.0,0.0,1.0,0.0,0.0,0.0,0.0,0.0,0.0,0.0,0.0,0.0,0.0,0.0,1.0,0.0,0.0,0.0,1.0,0.0,0.0,0.0,0.0,0.0,1.9169527918934068e-05,0.0,0.0,1.0
algerian_forest_fires_46279,1.0,0.0011441707611083,0.0001125335693359,1.0,0.0,1.0,0.0,0.0,0.0,0.0,0.0,0.0,0.0,1.0,0.0,0.0,0.0,0.0,0.0,0.0,0.0,1.0,0.0,0.0,0.0,0.0,0.0,0.0,-1.0,1.0915960014377868e-05,1.0,0.0,0.0
algerian_forest_fires_46279,1.0,0.001462697982788,0.0001287460327148,0.0,1.0,0.0,0.0,1.0,0.0,0.0,0.0,0.0,1.0,0.0,0.0,0.0,0.0,0.0,0.0,0.0,0.0,0.0,0.0,0.0,1.0,0.0,0.0,0.0,0.0,1.875731385798976e-05,0.0,0.0,1.0
algerian_forest_fires_46279,1.0,0.0011758804321289,0.0001120567321777,0.0,1.0,0.0,0.0,1.0,0.0,0.0,0.0,0.0,0.0,1.0,0.0,0.0,0.0,0.0,0.0,0.0,0.0,0.0,0.0,0.0,1.0,0.0,0.0,0.0,0.0,1.203826525786551e-05,0.0,0.0,1.0
algerian_forest_fires_46279,1.0,0.0012092590332031,0.0001404285430908,0.0,1.0,1.0,0.0,0.0,1.0,0.0,0.0,0.0,0.0,0.0,0.0,0.0,0.0,0.0,0.0,0.0,0.0,0.0,0.0,0.0,0.0,1.0,0.0,0.0,0.3108591218527704,7.473889664139216e-05,1.0,0.0,0.0
algerian_forest_fires_46279,1.0,0.0012428760528564,0.000115156173706,1.0,0.0,0.0,1.0,0.0,0.0,1.0,0.0,0.0,0.0,0.0,0.0,0.0,0.0,0.0,0.0,0.0,0.0,0.0,0.0,0.0,1.0,0.0,0.0,0.0,0.0,3.694080853494293e-05,0.0,0.0,1.0
algerian_forest_fires_46279,1.0,0.0011608600616455,0.0001626014709472,0.0,1.0,0.0,1.0,0.0,0.0,0.0,0.0,0.0,0.0,0.0,0.0,0.0,0.0,0.0,0.0,1.0,0.0,0.0,0.0,0.0,0.0,0.0,1.0,0.0,0.2594831641365756,1.034235605398821e-05,1.0,0.0,0.0
algerian_forest_fires_46279,1.0,0.0010404586791992,0.0001065731048583,0.0,1.0,0.0,1.0,0.0,0.0,0.0,0.0,0.0,0.0,0.0,0.0,0.0,0.0,0.0,0.0,1.0,0.0,1.0,0.0,0.0,0.0,0.0,0.0,0.0,0.220313574584208,1.4472926326396754e-05,0.0,1.0,0.0
algerian_forest_fires_46279,1.0,0.0012524127960205,0.0001218318939208,1.0,0.0,0.0,0.0,1.0,1.0,0.0,0.0,0.0,0.0,0.0,0.0,0.0,0.0,0.0,0.0,0.0,0.0,0.0,1.0,0.0,0.0,0.0,0.0,0.0,0.0,6.238573804365227e-05,1.0,0.0,0.0
algerian_forest_fires_46279,1.0,0.0013482570648193,0.0001156330108642,1.0,0.0,0.0,1.0,0.0,0.0,0.0,0.0,0.0,0.0,0.0,0.0,0.0,1.0,0.0,0.0,0.0,0.0,0.0,0.0,0.0,1.0,0.0,0.0,0.0,-1.0,0.0007577458461422,0.0,1.0,0.0
fri_c3_500_50_937,0.7,0.0015130043029785,0.0001201629638671,0.0,1.0,1.0,0.0,0.0,1.0,0.0,0.0,0.0,0.0,0.0,0.0,0.0,0.0,0.0,0.0,0.0,0.0,0.0,0.0,1.0,0.0,0.0,0.0,0.0,0.0,0.000976332058021,0.0,0.0,1.0
fri_c3_500_50_937,0.7,0.0015709400177001,0.0001189708709716,1.0,0.0,0.0,1.0,0.0,0.0,0.0,0.0,0.0,0.0,1.0,0.0,0.0,0.0,0.0,0.0,0.0,0.0,0.0,0.0,0.0,0.0,0.0,1.0,0.0,0.0,1.2596236010916696e-05,0.0,0.0,1.0
fri_c3_500_50_937,0.7,0.0015022754669189,0.0001387596130371,1.0,0.0,0.0,0.0,1.0,0.0,0.0,0.0,0.0,0.0,1.0,0.0,0.0,0.0,0.0,0.0,0.0,0.0,0.0,0.0,0.0,0.0,0.0,1.0,0.0,0.0,0.0004583109089864,0.0,0.0,1.0
fri_c3_500_50_937,0.7,0.0014543533325195,0.0001189708709716,1.0,0.0,0.0,0.0,1.0,1.0,0.0,0.0,0.0,0.0,0.0,0.0,0.0,0.0,0.0,0.0,0.0,0.0,0.0,0.0,1.0,0.0,0.0,0.0,0.0,-1.0,9.130941243295864e-05,0.0,1.0,0.0
fri_c3_500_50_937,0.7,0.0016777515411376,0.0001213550567626,0.0,1.0,0.0,0.0,1.0,0.0,0.0,0.0,0.0,0.0,1.0,0.0,0.0,0.0,0.0,0.0,0.0,0.0,0.0,0.0,0.0,0.0,0.0,1.0,0.0,0.0,0.000174615904662,0.0,1.0,0.0
fri_c3_500_50_937,0.7,0.0016121864318847,0.0001206398010253,0.0,1.0,0.0,1.0,0.0,0.0,0.0,0.0,0.0,0.0,1.0,0.0,0.0,0.0,0.0,0.0,0.0,0.0,0.0,0.0,0.0,0.0,0.0,1.0,0.0,-1.0,0.0001027870509468,1.0,0.0,0.0
fri_c3_500_50_937,0.7,0.0016157627105712,0.0001366138458251,1.0,0.0,1.0,0.0,0.0,0.0,0.0,0.0,0.0,0.0,1.0,0.0,0.0,0.0,0.0,0.0,0.0,0.0,0.0,0.0,0.0,0.0,0.0,1.0,0.0,-1.0,0.0007063400345681,1.0,0.0,0.0
fri_c3_500_50_937,0.7,0.0015826225280761,0.000129222869873,1.0,0.0,1.0,0.0,0.0,1.0,0.0,0.0,0.0,0.0,0.0,0.0,0.0,0.0,0.0,0.0,0.0,0.0,0.0,0.0,1.0,0.0,0.0,0.0,0.0,0.6925516635907718,9.056694377803432e-05,1.0,0.0,0.0
fri_c3_500_50_937,0.7,0.0015137195587158,0.0001182556152343,0.0,1.0,0.0,1.0,0.0,1.0,0.0,0.0,0.0,0.0,0.0,0.0,0.0,0.0,0.0,0.0,0.0,0.0,0.0,0.0,1.0,0.0,0.0,0.0,0.0,0.0,2.167434361140005e-05,0.0,0.0,1.0
fri_c3_500_50_937,0.7,0.0015952587127685,0.0001163482666015,0.0,1.0,1.0,0.0,0.0,0.0,0.0,0.0,0.0,0.0,1.0,0.0,0.0,0.0,0.0,0.0,0.0,0.0,0.0,0.0,0.0,0.0,0.0,1.0,0.0,0.0,0.0003628327379235,0.0,0.0,1.0
fri_c3_500_50_937,0.7,0.0015828609466552,0.0001318454742431,0.0,1.0,0.0,0.0,1.0,1.0,0.0,0.0,0.0,0.0,0.0,0.0,0.0,0.0,0.0,0.0,0.0,0.0,0.0,0.0,1.0,0.0,0.0,0.0,0.0,0.0,0.0001065489237603,0.0,0.0,1.0
fri_c3_500_50_937,0.7,0.0014927387237548,0.0001213550567626,1.0,0.0,0.0,1.0,0.0,1.0,0.0,0.0,0.0,0.0,0.0,0.0,0.0,0.0,0.0,0.0,0.0,0.0,0.0,0.0,1.0,0.0,0.0,0.0,0.0,0.0,1.714501486772076e-05,0.0,1.0,0.0
fri_c3_500_50_937,0.69,0.0014271736145019,0.0001196861267089,0.0,1.0,1.0,0.0,0.0,1.0,0.0,0.0,0.0,0.0,0.0,0.0,0.0,0.0,0.0,0.0,0.0,0.0,0.0,0.0,0.0,1.0,0.0,0.0,0.0,0.0,8.378852446467731e-05,0.0,0.0,1.0
fri_c3_500_50_937,0.69,0.0012059211730957,0.0001111030578613,0.0,1.0,0.0,1.0,0.0,0.0,0.0,0.0,1.0,0.0,0.0,0.0,0.0,0.0,0.0,0.0,0.0,0.0,0.0,0.0,0.0,0.0,1.0,0.0,0.0,0.0,0.0002370225451469,0.0,0.0,1.0
fri_c3_500_50_937,0.69,0.0013158321380615,0.0001208782196044,1.0,0.0,0.0,1.0,0.0,0.0,0.0,0.0,1.0,0.0,0.0,0.0,0.0,0.0,0.0,0.0,0.0,0.0,1.0,0.0,0.0,0.0,0.0,0.0,0.0,-1.0,3.905492953781048e-05,0.0,1.0,0.0
fri_c3_500_50_937,0.69,0.0012092590332031,0.0001130104064941,0.0,1.0,0.0,0.0,1.0,0.0,0.0,0.0,1.0,0.0,0.0,0.0,0.0,0.0,0.0,0.0,0.0,0.0,1.0,0.0,0.0,0.0,0.0,0.0,0.0,0.0,0.0006667249985402,0.0,0.0,1.0
fri_c3_500_50_937,0.69,0.0012328624725341,0.0001134872436523,0.0,1.0,0.0,1.0,0.0,0.0,0.0,0.0,1.0,0.0,0.0,0.0,0.0,0.0,0.0,0.0,0.0,0.0,0.0,0.0,0.0,0.0,0.0,0.0,1.0,-1.0,0.0005010907314085,1.0,0.0,0.0
fri_c3_500_50_937,0.69,0.0015835762023925,0.0001652240753173,1.0,0.0,1.0,0.0,0.0,0.0,0.0,0.0,1.0,0.0,0.0,0.0,0.0,0.0,0.0,0.0,0.0,0.0,1.0,0.0,0.0,0.0,0.0,0.0,0.0,0.0395148118014279,0.0001367067201877,0.0,1.0,0.0
fri_c3_500_50_937,0.69,0.0012390613555908,0.000112771987915,0.0,1.0,0.0,0.0,1.0,0.0,0.0,0.0,1.0,0.0,0.0,0.0,0.0,0.0,0.0,0.0,0.0,0.0,0.0,0.0,0.0,0.0,1.0,0.0,0.0,0.0,1.2845296900772385e-05,0.0,0.0,1.0
fri_c3_500_50_937,0.69,0.0014128684997558,0.0001344680786132,1.0,0.0,0.0,1.0,0.0,0.0,0.0,0.0,1.0,0.0,0.0,0.0,0.0,0.0,0.0,0.0,0.0,0.0,0.0,0.0,1.0,0.0,0.0,0.0,0.0,0.8882464350241486,0.0001467333461464,1.0,0.0,0.0
fri_c2_1000_50_866,0.815,0.0015444755554199,0.0001077651977539,1.0,0.0,0.0,0.0,1.0,0.0,0.0,0.0,1.0,0.0,0.0,0.0,0.0,0.0,0.0,0.0,0.0,0.0,0.0,0.0,1.0,0.0,0.0,0.0,0.0,0.7053418719432418,6.779686065034789e-05,0.0,1.0,0.0
fri_c2_1000_50_866,0.815,0.0015788078308105,0.0001099109649658,0.0,1.0,1.0,0.0,0.0,0.0,0.0,0.0,1.0,0.0,0.0,0.0,0.0,0.0,0.0,0.0,0.0,0.0,0.0,0.0,1.0,0.0,0.0,0.0,0.0,0.0,0.0002806320982649,0.0,0.0,1.0
fri_c2_1000_50_866,0.815,0.0015830993652343,0.0001094341278076,1.0,0.0,1.0,0.0,0.0,0.0,0.0,0.0,1.0,0.0,0.0,0.0,0.0,0.0,0.0,0.0,0.0,0.0,0.0,0.0,1.0,0.0,0.0,0.0,0.0,0.0,3.4202836624586336e-05,0.0,0.0,1.0
fri_c2_1000_50_866,0.815,0.0014750957489013,0.0001044273376464,0.0,1.0,0.0,0.0,1.0,0.0,0.0,0.0,1.0,0.0,0.0,0.0,0.0,0.0,0.0,0.0,0.0,0.0,0.0,0.0,1.0,0.0,0.0,0.0,0.0,-1.0,0.0001627522670482,1.0,0.0,0.0
fri_c2_1000_50_866,0.815,0.0015549659729003,0.0001070499420166,0.0,1.0,0.0,1.0,0.0,0.0,0.0,0.0,1.0,0.0,0.0,0.0,0.0,0.0,0.0,0.0,0.0,0.0,0.0,0.0,1.0,0.0,0.0,0.0,0.0,0.0,0.0001284914813296,1.0,0.0,0.0
fri_c2_1000_50_866,0.815,0.0015902519226074,0.0001122951507568,1.0,0.0,0.0,1.0,0.0,0.0,0.0,0.0,1.0,0.0,0.0,0.0,0.0,0.0,0.0,0.0,0.0,0.0,0.0,0.0,1.0,0.0,0.0,0.0,0.0,0.0,0.0001131621325898,0.0,0.0,1.0
fri_c2_1000_50_866,0.81,0.0015981197357177,0.0001323223114013,1.0,0.0,0.0,0.0,1.0,0.0,0.0,0.0,1.0,0.0,0.0,0.0,0.0,0.0,0.0,0.0,0.0,0.0,0.0,0.0,0.0,0.0,1.0,0.0,0.0,-1.0,1.705386275028435e-05,1.0,0.0,0.0
fri_c2_1000_50_866,0.81,0.0016298294067382,0.0001101493835449,1.0,0.0,1.0,0.0,0.0,0.0,0.0,0.0,1.0,0.0,0.0,0.0,0.0,0.0,0.0,0.0,0.0,0.0,0.0,0.0,0.0,0.0,1.0,0.0,0.0,-1.0,9.544889760235784e-05,0.0,1.0,0.0
fri_c2_1000_50_866,0.81,0.0014910697937011,0.0001049041748046,0.0,1.0,0.0,1.0,0.0,0.0,0.0,0.0,1.0,0.0,0.0,0.0,0.0,0.0,0.0,0.0,0.0,0.0,0.0,0.0,0.0,0.0,1.0,0.0,0.0,0.0,0.0001262538717971,0.0,0.0,1.0
fri_c2_1000_50_866,0.81,0.0016384124755859,0.0001430511474609,1.0,0.0,0.0,1.0,0.0,0.0,0.0,0.0,1.0,0.0,0.0,0.0,0.0,0.0,0.0,0.0,0.0,0.0,0.0,0.0,0.0,0.0,1.0,0.0,0.0,0.0,0.0007166637497593,1.0,0.0,0.0
fri_c2_1000_50_866,0.81,0.0015339851379394,0.0001051425933837,0.0,1.0,1.0,0.0,0.0,0.0,0.0,0.0,1.0,0.0,0.0,0.0,0.0,0.0,0.0,0.0,0.0,0.0,0.0,0.0,0.0,0.0,1.0,0.0,0.0,0.0,8.350798454962284e-05,0.0,0.0,1.0
fri_c2_1000_50_866,0.81,0.0015156269073486,0.0001046657562255,0.0,1.0,0.0,0.0,1.0,0.0,0.0,0.0,1.0,0.0,0.0,0.0,0.0,0.0,0.0,0.0,0.0,0.0,0.0,0.0,0.0,0.0,1.0,0.0,0.0,0.0,0.0001904275724675,0.0,0.0,1.0
fri_c2_1000_50_866,0.805,0.0016252994537353,0.0001311302185058,1.0,0.0,0.0,0.0,1.0,0.0,0.0,0.0,1.0,0.0,0.0,0.0,0.0,0.0,0.0,0.0,0.0,0.0,0.0,1.0,0.0,0.0,0.0,0.0,0.0,0.0,0.0001375598184595,0.0,0.0,1.0
fri_c2_1000_50_866,0.805,0.0015454292297363,0.0001301765441894,1.0,0.0,0.0,0.0,1.0,0.0,0.0,0.0,1.0,0.0,0.0,0.0,0.0,0.0,0.0,0.0,0.0,0.0,0.0,0.0,0.0,0.0,0.0,0.0,1.0,0.0,2.45748307511115e-05,0.0,1.0,0.0
fri_c2_1000_50_866,0.805,0.0017008781433105,0.0001318454742431,1.0,0.0,1.0,0.0,0.0,0.0,0.0,0.0,1.0,0.0,0.0,0.0,0.0,0.0,0.0,0.0,0.0,0.0,0.0,0.0,0.0,0.0,0.0,1.0,0.0,-1.0,2.337860119831172e-05,0.0,1.0,0.0
fri_c2_1000_50_866,0.805,0.0015506744384765,0.0001084804534912,0.0,1.0,0.0,1.0,0.0,0.0,0.0,0.0,1.0,0.0,0.0,0.0,0.0,0.0,0.0,0.0,0.0,0.0,0.0,1.0,0.0,0.0,0.0,0.0,0.0,-1.0,0.0003011592844243,0.0,1.0,0.0
fri_c2_1000_50_866,0.805,0.0015232563018798,0.0001084804534912,0.0,1.0,1.0,0.0,0.0,0.0,0.0,0.0,1.0,0.0,0.0,0.0,0.0,0.0,0.0,0.0,0.0,0.0,0.0,0.0,0.0,1.0,0.0,0.0,0.0,0.0,0.000111205912265,0.0,0.0,1.0
fri_c2_1000_50_866,0.805,0.0015370845794677,0.0001041889190673,0.0,1.0,0.0,0.0,1.0,0.0,0.0,0.0,1.0,0.0,0.0,0.0,0.0,0.0,0.0,0.0,0.0,0.0,1.0,0.0,0.0,0.0,0.0,0.0,0.0,0.8101438496420516,0.0006195350353482,0.0,1.0,0.0
fri_c2_1000_50_866,0.805,0.0015852451324462,0.0001108646392822,0.0,1.0,0.0,0.0,1.0,0.0,0.0,0.0,1.0,0.0,0.0,0.0,0.0,0.0,0.0,0.0,0.0,0.0,0.0,0.0,0.0,0.0,0.0,0.0,1.0,0.0,0.0006551043241744,0.0,0.0,1.0
fri_c2_1000_50_866,0.805,0.0015003681182861,0.000129222869873,0.0,1.0,1.0,0.0,0.0,0.0,0.0,0.0,1.0,0.0,0.0,0.0,0.0,0.0,0.0,0.0,0.0,0.0,1.0,0.0,0.0,0.0,0.0,0.0,0.0,0.0,3.927819763961657e-05,1.0,0.0,0.0
fruitfly_714,0.72,0.0009093284606933,0.0001027584075927,1.0,0.0,0.0,1.0,0.0,0.0,0.0,0.0,0.0,0.0,0.0,0.0,0.0,1.0,0.0,0.0,0.0,0.0,0.0,0.0,0.0,1.0,0.0,0.0,0.0,0.0,1.5960767443302016e-05,0.0,0.0,1.0
fruitfly_714,0.72,0.0009465217590332,0.0001099109649658,1.0,0.0,0.0,1.0,0.0,0.0,0.0,0.0,0.0,0.0,0.0,1.0,0.0,0.0,0.0,0.0,0.0,0.0,0.0,0.0,0.0,1.0,0.0,0.0,0.0,0.0,4.877094212595421e-05,0.0,0.0,1.0
fruitfly_714,0.72,0.0010378360748291,0.0001070499420166,0.0,1.0,0.0,0.0,1.0,0.0,0.0,1.0,0.0,0.0,0.0,0.0,0.0,0.0,0.0,0.0,0.0,0.0,0.0,0.0,0.0,0.0,0.0,1.0,0.0,-1.0,1.3616876604987442e-05,0.0,1.0,0.0
fruitfly_714,0.72,0.0009794235229492,0.0001039505004882,0.0,1.0,1.0,0.0,0.0,0.0,1.0,0.0,0.0,0.0,0.0,0.0,0.0,0.0,0.0,0.0,0.0,0.0,0.0,0.0,0.0,1.0,0.0,0.0,0.0,0.3352186023714676,0.0003651821226074,0.0,1.0,0.0
fruitfly_714,0.72,0.0009825229644775,0.0001049041748046,1.0,0.0,1.0,0.0,0.0,0.0,1.0,0.0,0.0,0.0,0.0,0.0,0.0,0.0,0.0,0.0,0.0,0.0,0.0,0.0,0.0,1.0,0.0,0.0,0.0,0.0,1.960483803652432e-05,0.0,0.0,1.0
fruitfly_714,0.72,0.0009646415710449,0.0001106262207031,1.0,0.0,1.0,0.0,0.0,0.0,0.0,0.0,0.0,0.0,0.0,1.0,0.0,0.0,0.0,0.0,0.0,0.0,0.0,0.0,0.0,1.0,0.0,0.0,0.0,0.0,0.0005404045433638,0.0,0.0,1.0
fruitfly_714,0.72,0.0014739036560058,0.0001554489135742,0.0,1.0,0.0,0.0,1.0,0.0,1.0,0.0,0.0,0.0,0.0,0.0,0.0,0.0,0.0,0.0,0.0,0.0,0.0,0.0,0.0,1.0,0.0,0.0,0.0,0.0,6.77102484033456e-05,1.0,0.0,0.0
fruitfly_714,0.72,0.0009427070617675,0.0001044273376464,1.0,0.0,1.0,0.0,0.0,0.0,0.0,0.0,0.0,0.0,0.0,0.0,0.0,1.0,0.0,0.0,0.0,0.0,0.0,0.0,0.0,1.0,0.0,0.0,0.0,0.0,3.60751021439693e-05,0.0,0.0,1.0
fruitfly_714,0.72,0.0012702941894531,0.0001239776611328,1.0,0.0,1.0,0.0,0.0,0.0,0.0,0.0,0.0,1.0,0.0,0.0,0.0,0.0,0.0,0.0,0.0,0.0,0.0,0.0,0.0,1.0,0.0,0.0,0.0,0.0,0.0001007018660944,0.0,0.0,1.0
fruitfly_714,0.72,0.0010035037994384,0.0001108646392822,0.0,1.0,0.0,1.0,0.0,0.0,0.0,0.0,0.0,0.0,0.0,1.0,0.0,0.0,0.0,0.0,0.0,0.0,0.0,0.0,0.0,1.0,0.0,0.0,0.0,-1.0,0.0001625324758957,0.0,1.0,0.0
fruitfly_714,0.72,0.0009922981262207,0.0001056194305419,1.0,0.0,0.0,1.0,0.0,0.0,0.0,1.0,0.0,0.0,0.0,0.0,0.0,0.0,0.0,0.0,0.0,0.0,0.0,0.0,0.0,0.0,0.0,1.0,0.0,0.0,0.000252980379367,0.0,0.0,1.0
fruitfly_714,0.72,0.0009374618530273,0.0001258850097656,1.0,0.0,1.0,0.0,0.0,0.0,0.0,1.0,0.0,0.0,0.0,0.0,0.0,0.0,0.0,0.0,0.0,0.0,0.0,0.0,0.0,0.0,0.0,1.0,0.0,0.0,4.7464023805888553e-05,0.0,0.0,1.0
fruitfly_714,0.72,0.0009968280792236,0.0001060962677001,1.0,0.0,0.0,0.0,1.0,0.0,0.0,0.0,0.0,0.0,0.0,0.0,0.0,0.0,1.0,0.0,0.0,0.0,0.0,0.0,0.0,0.0,1.0,0.0,0.0,0.0,0.000924573837665,0.0,0.0,1.0
fruitfly_714,0.72,0.0009682178497314,0.0001037120819091,1.0,0.0,0.0,0.0,1.0,0.0,0.0,1.0,0.0,0.0,0.0,0.0,0.0,0.0,0.0,0.0,0.0,0.0,0.0,0.0,0.0,0.0,0.0,1.0,0.0,0.6600099635248365,6.991567590105614e-05,1.0,0.0,0.0
fruitfly_714,0.72,0.0009610652923583,0.0001044273376464,1.0,0.0,0.0,0.0,1.0,0.0,0.0,0.0,0.0,0.0,0.0,1.0,0.0,0.0,0.0,0.0,0.0,0.0,0.0,0.0,0.0,1.0,0.0,0.0,0.0,0.0,0.0004665911603462,0.0,0.0,1.0
fruitfly_714,0.72,0.0009815692901611,0.0001599788665771,1.0,0.0,0.0,0.0,1.0,0.0,0.0,0.0,0.0,0.0,0.0,0.0,0.0,1.0,0.0,0.0,0.0,0.0,0.0,0.0,0.0,1.0,0.0,0.0,0.0,0.0,1.174181789182234e-05,0.0,1.0,0.0
fruitfly_714,0.72,0.0009350776672363,0.0001051425933837,0.0,1.0,0.0,1.0,0.0,0.0,1.0,0.0,0.0,0.0,0.0,0.0,0.0,0.0,0.0,0.0,0.0,0.0,0.0,0.0,0.0,1.0,0.0,0.0,0.0,0.0,0.0003596882587574,0.0,0.0,1.0
fruitfly_714,0.72,0.0010499954223632,0.0001044273376464,0.0,1.0,1.0,0.0,0.0,0.0,0.0,0.0,0.0,0.0,0.0,0.0,0.0,0.0,1.0,0.0,0.0,0.0,0.0,0.0,0.0,0.0,1.0,0.0,0.0,-1.0,0.0001266707361478,0.0,1.0,0.0
fruitfly_714,0.72,0.0009655952453613,0.0001075267791748,1.0,0.0,0.0,0.0,1.0,0.0,1.0,0.0,0.0,0.0,0.0,0.0,0.0,0.0,0.0,0.0,0.0,0.0,0.0,0.0,0.0,1.0,0.0,0.0,0.0,-1.0,0.0001902178277748,0.0,1.0,0.0
fruitfly_714,0.72,0.0010178089141845,0.0001060962677001,0.0,1.0,0.0,0.0,1.0,0.0,0.0,0.0,0.0,0.0,0.0,0.0,0.0,1.0,0.0,0.0,0.0,0.0,0.0,0.0,0.0,1.0,0.0,0.0,0.0,0.0,5.568747763388058e-05,0.0,0.0,1.0
analcatdata_draft_984,0.972972972972973,0.00138521194458,0.0001182556152343,0.0,1.0,1.0,0.0,0.0,0.0,1.0,0.0,0.0,0.0,0.0,0.0,0.0,0.0,0.0,0.0,0.0,0.0,0.0,1.0,0.0,0.0,0.0,0.0,0.0,0.0,0.000122936603449,0.0,0.0,1.0
analcatdata_draft_984,0.972972972972973,0.0012316703796386,0.000115156173706,0.0,1.0,1.0,0.0,0.0,0.0,0.0,0.0,0.0,0.0,0.0,0.0,0.0,1.0,0.0,0.0,0.0,0.0,0.0,1.0,0.0,0.0,0.0,0.0,0.0,-1.0,0.0007318817292259,0.0,1.0,0.0
analcatdata_draft_984,0.972972972972973,0.0024664402008056,0.0009539127349853,0.0,1.0,1.0,0.0,0.0,0.0,0.0,0.0,0.0,0.0,0.0,1.0,0.0,0.0,0.0,0.0,0.0,0.0,0.0,1.0,0.0,0.0,0.0,0.0,0.0,-1.0,5.916618138456694e-05,1.0,0.0,0.0
analcatdata_draft_984,0.972972972972973,0.001127004623413,0.0001111030578613,0.0,1.0,1.0,0.0,0.0,0.0,0.0,0.0,0.0,0.0,0.0,0.0,0.0,0.0,0.0,0.0,1.0,0.0,0.0,1.0,0.0,0.0,0.0,0.0,0.0,0.0,1.627541510693565e-05,0.0,0.0,1.0
analcatdata_draft_984,0.972972972972973,0.0011878013610839,0.0001125335693359,0.0,1.0,0.0,0.0,1.0,0.0,0.0,0.0,0.0,0.0,0.0,0.0,0.0,0.0,0.0,0.0,0.0,1.0,0.0,0.0,0.0,0.0,1.0,0.0,0.0,-1.0,0.0002760738664172,0.0,1.0,0.0
analcatdata_draft_984,0.972972972972973,0.0011930465698242,0.0001130104064941,0.0,1.0,1.0,0.0,0.0,0.0,0.0,0.0,0.0,0.0,0.0,0.0,0.0,0.0,0.0,0.0,0.0,1.0,0.0,1.0,0.0,0.0,0.0,0.0,0.0,0.0,0.0001024066144937,1.0,0.0,0.0
analcatdata_draft_984,0.972972972972973,0.0012307167053222,0.000112771987915,0.0,1.0,0.0,0.0,1.0,0.0,0.0,0.0,0.0,0.0,0.0,0.0,0.0,0.0,0.0,0.0,1.0,0.0,0.0,0.0,0.0,0.0,1.0,0.0,0.0,0.0,7.077545645222809e-05,0.0,0.0,1.0
analcatdata_draft_984,0.972972972972973,0.0013573169708251,0.000115156173706,0.0,1.0,1.0,0.0,0.0,0.0,0.0,0.0,0.0,0.0,0.0,0.0,0.0,0.0,1.0,0.0,0.0,0.0,0.0,1.0,0.0,0.0,0.0,0.0,0.0,-1.0,0.0003594484049459,1.0,0.0,0.0
analcatdata_draft_984,0.972972972972973,0.0012187957763671,0.0001173019409179,0.0,1.0,0.0,0.0,1.0,0.0,0.0,0.0,0.0,0.0,0.0,0.0,0.0,1.0,0.0,0.0,0.0,0.0,0.0,0.0,0.0,0.0,1.0,0.0,0.0,0.0,0.0001331538279497,1.0,0.0,0.0
analcatdata_draft_984,0.972972972972973,0.0011835098266601,0.0001206398010253,0.0,1.0,1.0,0.0,0.0,0.0,0.0,0.0,1.0,0.0,0.0,0.0,0.0,0.0,0.0,0.0,0.0,0.0,0.0,1.0,0.0,0.0,0.0,0.0,0.0,0.0,0.0001831307994443,0.0,0.0,1.0
analcatdata_draft_984,0.972972972972973,0.0011577606201171,0.0001118183135986,0.0,1.0,0.0,0.0,1.0,0.0,1.0,0.0,0.0,0.0,0.0,0.0,0.0,0.0,0.0,0.0,0.0,0.0,0.0,0.0,0.0,0.0,1.0,0.0,0.0,0.0,0.0007114624445487,0.0,0.0,1.0
analcatdata_draft_984,0.972972972972973,0.016106367111206,0.0002224445343017,0.0,1.0,1.0,0.0,0.0,0.0,0.0,0.0,0.0,0.0,0.0,0.0,1.0,0.0,0.0,0.0,0.0,0.0,0.0,1.0,0.0,0.0,0.0,0.0,0.0,0.0,1.3092482770075802e-05,0.0,0.0,1.0
analcatdata_draft_984,0.972972972972973,0.0016741752624511,0.0001413822174072,0.0,1.0,0.0,0.0,1.0,0.0,0.0,0.0,0.0,1.0,0.0,0.0,0.0,0.0,0.0,0.0,0.0,0.0,0.0,0.0,0.0,1.0,0.0,0.0,0.0,0.0,3.347836102569473e-05,0.0,0.0,1.0
analcatdata_draft_984,0.972972972972973,0.0012004375457763,0.0001163482666015,0.0,1.0,0.0,1.0,0.0,0.0,1.0,0.0,0.0,0.0,0.0,0.0,0.0,0.0,0.0,0.0,0.0,0.0,1.0,0.0,0.0,0.0,0.0,0.0,0.0,0.3179933918961938,0.0006258106052399,0.0,1.0,0.0
analcatdata_draft_984,0.972972972972973,0.0012123584747314,0.0001165866851806,0.0,1.0,0.0,1.0,0.0,0.0,0.0,0.0,0.0,0.0,0.0,0.0,0.0,0.0,0.0,0.0,0.0,1.0,1.0,0.0,0.0,0.0,0.0,0.0,0.0,0.0,0.0003849957268817,0.0,0.0,1.0
analcatdata_draft_984,0.972972972972973,0.0015199184417724,0.0001311302185058,0.0,1.0,0.0,1.0,0.0,0.0,0.0,0.0,0.0,0.0,0.0,1.0,0.0,0.0,0.0,0.0,0.0,0.0,1.0,0.0,0.0,0.0,0.0,0.0,0.0,0.0,2.3834008710105627e-05,0.0,0.0,1.0
analcatdata_draft_984,0.972972972972973,0.0013749599456787,0.0001263618469238,0.0,1.0,0.0,1.0,0.0,0.0,0.0,0.0,0.0,0.0,0.0,0.0,0.0,1.0,0.0,0.0,0.0,0.0,1.0,0.0,0.0,0.0,0.0,0.0,0.0,0.3297186525492465,2.1788955886909264e-05,1.0,0.0,0.0
analcatdata_draft_984,0.972972972972973,0.0012497901916503,0.0001211166381835,0.0,1.0,0.0,1.0,0.0,0.0,0.0,0.0,0.0,0.0,0.0,0.0,0.0,1.0,0.0,0.0,0.0,0.0,0.0,0.0,0.0,0.0,0.0,1.0,0.0,0.0,0.0004469648305886,0.0,0.0,1.0
analcatdata_draft_984,0.972972972972973,0.0011377334594726,0.0001161098480224,0.0,1.0,0.0,1.0,0.0,0.0,1.0,0.0,0.0,0.0,0.0,0.0,0.0,0.0,0.0,0.0,0.0,0.0,0.0,0.0,0.0,0.0,0.0,1.0,0.0,0.0,0.0001275638717873,1.0,0.0,0.0
analcatdata_draft_984,0.972972972972973,0.0018081665039062,0.0001373291015625,0.0,1.0,0.0,1.0,0.0,0.0,0.0,0.0,0.0,1.0,0.0,0.0,0.0,0.0,0.0,0.0,0.0,0.0,1.0,0.0,0.0,0.0,0.0,0.0,0.0,-1.0,0.0005256292336011,0.0,1.0,0.0
fri_c0_1000_50_904,0.88,0.0017800331115722,0.0001113414764404,0.0,1.0,0.0,0.0,1.0,0.0,0.0,0.0,0.0,0.0,1.0,0.0,0.0,0.0,0.0,0.0,0.0,0.0,0.0,0.0,0.0,0.0,1.0,0.0,0.0,0.0,0.0006844918159045,0.0,0.0,1.0
fri_c0_1000_50_904,0.88,0.0018203258514404,0.000110387802124,0.0,1.0,1.0,0.0,0.0,0.0,0.0,0.0,0.0,0.0,1.0,0.0,0.0,0.0,0.0,0.0,0.0,0.0,0.0,0.0,0.0,0.0,1.0,0.0,0.0,0.0,1.3774840157549114e-05,0.0,1.0,0.0
fri_c0_1000_50_904,0.88,0.0018513202667236,0.0001170635223388,0.0,1.0,0.0,1.0,0.0,0.0,0.0,0.0,0.0,0.0,1.0,0.0,0.0,0.0,0.0,0.0,0.0,0.0,0.0,0.0,0.0,0.0,1.0,0.0,0.0,0.0,0.0008700747925218,0.0,0.0,1.0
fri_c0_1000_50_904,0.88,0.0019261837005615,0.0001220703125,1.0,0.0,0.0,1.0,0.0,0.0,0.0,0.0,0.0,0.0,1.0,0.0,0.0,0.0,0.0,0.0,0.0,0.0,0.0,0.0,0.0,0.0,1.0,0.0,0.0,-1.0,0.0002709862016082,1.0,0.0,0.0
fri_c0_1000_50_904,0.88,0.0019166469573974,0.0001225471496582,1.0,0.0,1.0,0.0,0.0,0.0,0.0,0.0,0.0,0.0,1.0,0.0,0.0,0.0,0.0,0.0,0.0,0.0,0.0,0.0,0.0,0.0,1.0,0.0,0.0,-1.0,0.0004665855885724,1.0,0.0,0.0
fri_c0_1000_50_904,0.88,0.0018095970153808,0.0001134872436523,1.0,0.0,0.0,0.0,1.0,0.0,0.0,0.0,0.0,0.0,1.0,0.0,0.0,0.0,0.0,0.0,0.0,0.0,0.0,0.0,0.0,0.0,1.0,0.0,0.0,0.0,0.0001822502878542,0.0,0.0,1.0
fri_c0_1000_50_904,0.865,0.0018444061279296,0.0001137256622314,1.0,0.0,0.0,1.0,0.0,0.0,0.0,0.0,0.0,0.0,1.0,0.0,0.0,0.0,0.0,0.0,0.0,0.0,0.0,0.0,0.0,0.0,0.0,1.0,0.0,0.0,4.076838549085631e-05,0.0,0.0,1.0
fri_c0_1000_50_904,0.865,0.0018627643585205,0.0001113414764404,0.0,1.0,1.0,0.0,0.0,0.0,0.0,0.0,0.0,0.0,1.0,0.0,0.0,0.0,0.0,0.0,0.0,0.0,0.0,0.0,0.0,0.0,0.0,0.0,1.0,0.0,0.0001580744278334,0.0,0.0,1.0
fri_c0_1000_50_904,0.865,0.0018501281738281,0.0001122951507568,1.0,0.0,0.0,0.0,1.0,0.0,0.0,0.0,0.0,0.0,1.0,0.0,0.0,0.0,0.0,0.0,0.0,0.0,0.0,0.0,0.0,0.0,0.0,1.0,0.0,0.4013111271484565,0.0001075822908917,1.0,0.0,0.0
fri_c0_1000_50_904,0.865,0.0018420219421386,0.0001137256622314,1.0,0.0,0.0,1.0,0.0,0.0,0.0,0.0,0.0,0.0,1.0,0.0,0.0,0.0,0.0,0.0,0.0,0.0,0.0,0.0,0.0,0.0,0.0,0.0,1.0,0.5974760591546209,0.0007313907309302,1.0,0.0,0.0
fri_c0_1000_50_904,0.865,0.0020406246185302,0.0001280307769775,1.0,0.0,1.0,0.0,0.0,0.0,0.0,0.0,0.0,0.0,1.0,0.0,0.0,0.0,0.0,0.0,0.0,0.0,0.0,0.0,0.0,0.0,0.0,1.0,0.0,0.0,0.0001288429720557,0.0,0.0,1.0
fri_c0_1000_50_904,0.865,0.0019717216491699,0.0001156330108642,0.0,1.0,1.0,0.0,0.0,0.0,0.0,0.0,0.0,0.0,1.0,0.0,0.0,0.0,0.0,0.0,0.0,0.0,0.0,1.0,0.0,0.0,0.0,0.0,0.0,0.0,1.1370755374388742e-05,0.0,0.0,1.0
fri_c0_1000_50_904,0.865,0.0019302368164062,0.0001144409179687,0.0,1.0,0.0,0.0,1.0,0.0,0.0,0.0,0.0,0.0,1.0,0.0,0.0,0.0,0.0,0.0,0.0,0.0,0.0,1.0,0.0,0.0,0.0,0.0,0.0,0.0,0.0002356081990406,0.0,0.0,1.0
fri_c0_1000_50_904,0.865,0.0018897056579589,0.0001132488250732,1.0,0.0,0.0,0.0,1.0,0.0,0.0,0.0,0.0,0.0,1.0,0.0,0.0,0.0,0.0,0.0,0.0,0.0,0.0,0.0,0.0,0.0,0.0,0.0,1.0,0.0,1.2620631564423691e-05,0.0,0.0,1.0
fri_c0_1000_50_904,0.865,0.0018730163574218,0.0001134872436523,0.0,1.0,0.0,0.0,1.0,0.0,0.0,0.0,0.0,0.0,1.0,0.0,0.0,0.0,0.0,0.0,0.0,0.0,0.0,0.0,0.0,0.0,0.0,1.0,0.0,0.0,0.0007726833871092,0.0,0.0,1.0
fri_c0_1000_50_904,0.865,0.0019152164459228,0.0001158714294433,0.0,1.0,0.0,1.0,0.0,0.0,0.0,0.0,0.0,0.0,1.0,0.0,0.0,0.0,0.0,0.0,0.0,0.0,0.0,0.0,0.0,0.0,0.0,0.0,1.0,0.0,9.40124365608394e-05,0.0,0.0,1.0
fri_c0_1000_50_904,0.865,0.0019447803497314,0.000117540359497,0.0,1.0,0.0,1.0,0.0,0.0,0.0,0.0,0.0,0.0,1.0,0.0,0.0,0.0,0.0,0.0,0.0,0.0,0.0,0.0,0.0,0.0,0.0,1.0,0.0,0.0,0.0008630091480258,0.0,0.0,1.0
fri_c0_1000_50_904,0.865,0.00201416015625,0.0001187324523925,1.0,0.0,0.0,1.0,0.0,0.0,0.0,0.0,0.0,0.0,1.0,0.0,0.0,0.0,0.0,0.0,0.0,0.0,0.0,1.0,0.0,0.0,0.0,0.0,0.0,0.0,1.1264952246486024e-05,1.0,0.0,0.0
fri_c0_1000_50_904,0.865,0.0020394325256347,0.0001223087310791,0.0,1.0,0.0,0.0,1.0,0.0,0.0,0.0,0.0,0.0,1.0,0.0,0.0,0.0,0.0,0.0,0.0,0.0,0.0,0.0,0.0,0.0,0.0,0.0,1.0,0.0,0.0001163321709478,0.0,0.0,1.0
fri_c0_1000_50_904,0.865,0.0018582344055175,0.0001125335693359,0.0,1.0,1.0,0.0,0.0,0.0,0.0,0.0,0.0,0.0,1.0,0.0,0.0,0.0,0.0,0.0,0.0,0.0,0.0,0.0,0.0,0.0,0.0,1.0,0.0,0.0,2.8340806593654243e-05,0.0,0.0,1.0
breast-w_15,0.9928571428571428,0.0819835662841796,0.0002253055572509,0.0,1.0,0.0,1.0,0.0,0.0,0.0,0.0,0.0,0.0,0.0,0.0,0.0,0.0,1.0,0.0,0.0,0.0,0.0,0.0,0.0,1.0,0.0,0.0,0.0,0.0,0.0001911977358785,0.0,0.0,1.0
breast-w_15,0.9928571428571428,0.0763211250305175,0.0002667903900146,0.0,1.0,0.0,0.0,1.0,0.0,0.0,0.0,0.0,0.0,0.0,0.0,0.0,0.0,1.0,0.0,0.0,0.0,0.0,0.0,0.0,1.0,0.0,0.0,0.0,0.0,9.917920678309016e-05,0.0,0.0,1.0
breast-w_15,0.9928571428571428,0.0755162239074707,0.0001912117004394,0.0,1.0,1.0,0.0,0.0,0.0,0.0,0.0,0.0,0.0,0.0,0.0,0.0,0.0,1.0,0.0,0.0,0.0,0.0,0.0,0.0,1.0,0.0,0.0,0.0,0.0,0.0001355968536891,0.0,0.0,1.0
breast-w_15,0.9857142857142858,0.3193106651306152,0.0002405643463134,0.0,1.0,1.0,0.0,0.0,0.0,0.0,0.0,0.0,0.0,0.0,0.0,1.0,0.0,0.0,0.0,0.0,0.0,0.0,1.0,0.0,0.0,0.0,0.0,0.0,0.0,5.239395575533751e-05,0.0,0.0,1.0
breast-w_15,0.9857142857142858,0.001523733139038,0.0001099109649658,0.0,1.0,0.0,0.0,1.0,0.0,0.0,0.0,0.0,0.0,0.0,0.0,0.0,1.0,0.0,0.0,0.0,0.0,0.0,0.0,0.0,0.0,1.0,0.0,0.0,0.0,1.2679113662544044e-05,0.0,0.0,1.0
breast-w_15,0.9857142857142858,0.0014708042144775,0.0001139640808105,0.0,1.0,0.0,1.0,0.0,1.0,0.0,0.0,0.0,0.0,0.0,0.0,0.0,0.0,0.0,0.0,0.0,0.0,0.0,0.0,0.0,1.0,0.0,0.0,0.0,0.0,1.6300210674839173e-05,1.0,0.0,0.0
breast-w_15,0.9857142857142858,0.0013601779937744,0.0001087188720703,0.0,1.0,0.0,0.0,1.0,0.0,0.0,0.0,0.0,0.0,0.0,0.0,0.0,0.0,0.0,0.0,0.0,1.0,0.0,0.0,0.0,0.0,1.0,0.0,0.0,0.0,0.0005213400899321,0.0,0.0,1.0
breast-w_15,0.9857142857142858,0.316516637802124,0.0002357959747314,0.0,1.0,0.0,0.0,1.0,0.0,0.0,0.0,0.0,0.0,0.0,0.0,1.0,0.0,0.0,0.0,0.0,0.0,0.0,0.0,0.0,1.0,0.0,0.0,0.0,0.0,0.0002544161031396,0.0,0.0,1.0
breast-w_15,0.9857142857142858,0.0022041797637939,0.0001370906829833,0.0,1.0,0.0,1.0,0.0,0.0,0.0,0.0,0.0,1.0,0.0,0.0,0.0,0.0,0.0,0.0,0.0,0.0,0.0,0.0,0.0,1.0,0.0,0.0,0.0,0.6300157288258832,0.0003457763986342,1.0,0.0,0.0
breast-w_15,0.9857142857142858,0.0013840198516845,0.0001108646392822,0.0,1.0,0.0,1.0,0.0,0.0,0.0,0.0,0.0,0.0,0.0,0.0,0.0,0.0,0.0,0.0,0.0,1.0,0.0,0.0,0.0,1.0,0.0,0.0,0.0,0.0,1.759295530032003e-05,0.0,0.0,1.0
breast-w_15,0.9857142857142858,0.0015051364898681,0.0001125335693359,0.0,1.0,0.0,1.0,0.0,0.0,0.0,0.0,0.0,0.0,0.0,0.0,0.0,1.0,0.0,0.0,0.0,0.0,0.0,0.0,0.0,1.0,0.0,0.0,0.0,-1.0,1.2545337777001884e-05,1.0,0.0,0.0
breast-w_15,0.9857142857142858,0.0014796257019042,0.000112771987915,0.0,1.0,0.0,1.0,0.0,0.0,1.0,0.0,0.0,0.0,0.0,0.0,0.0,0.0,0.0,0.0,0.0,0.0,0.0,0.0,0.0,1.0,0.0,0.0,0.0,0.0,1.0828111068458484e-05,1.0,0.0,0.0
breast-w_15,0.9857142857142858,0.0035037994384765,0.0001745223999023,0.0,1.0,0.0,0.0,1.0,0.0,0.0,0.0,0.0,0.0,0.0,1.0,0.0,0.0,0.0,0.0,0.0,0.0,0.0,0.0,0.0,1.0,0.0,0.0,0.0,-1.0,0.0001105677983823,1.0,0.0,0.0
breast-w_15,0.9857142857142858,0.0650820732116699,0.0002660751342773,0.0,1.0,0.0,1.0,0.0,0.0,0.0,0.0,0.0,0.0,0.0,0.0,0.0,0.0,1.0,0.0,0.0,0.0,1.0,0.0,0.0,0.0,0.0,0.0,0.0,0.0,0.0001004140012049,0.0,0.0,1.0
breast-w_15,0.9857142857142858,0.3280313014984131,0.0002517700195312,0.0,1.0,0.0,1.0,0.0,0.0,0.0,0.0,0.0,0.0,0.0,0.0,1.0,0.0,0.0,0.0,0.0,0.0,0.0,0.0,0.0,1.0,0.0,0.0,0.0,0.0,1.6645470869737e-05,0.0,0.0,1.0
breast-w_15,0.9857142857142858,0.0016350746154785,0.0001482963562011,0.0,1.0,0.0,0.0,1.0,0.0,0.0,0.0,0.0,0.0,0.0,0.0,0.0,1.0,0.0,0.0,0.0,0.0,0.0,0.0,0.0,1.0,0.0,0.0,0.0,0.1758337002640295,4.93451205096127e-05,1.0,0.0,0.0
breast-w_15,0.9857142857142858,0.0014984607696533,0.0001125335693359,0.0,1.0,0.0,0.0,1.0,1.0,0.0,0.0,0.0,0.0,0.0,0.0,0.0,0.0,0.0,0.0,0.0,0.0,0.0,0.0,0.0,1.0,0.0,0.0,0.0,0.0,0.0001149290239288,0.0,0.0,1.0
breast-w_15,0.9857142857142858,0.3857479095458984,0.0002050399780273,0.0,1.0,0.0,1.0,0.0,0.0,0.0,0.0,0.0,0.0,0.0,0.0,1.0,0.0,0.0,0.0,0.0,0.0,0.0,1.0,0.0,0.0,0.0,0.0,0.0,0.0,0.000224713765769,0.0,0.0,1.0
breast-w_15,0.9857142857142858,0.0013954639434814,0.0001120567321777,0.0,1.0,0.0,1.0,0.0,0.0,0.0,0.0,0.0,0.0,0.0,0.0,0.0,0.0,0.0,0.0,0.0,1.0,0.0,0.0,0.0,0.0,1.0,0.0,0.0,0.0,0.0004168665629605,0.0,0.0,1.0
breast-w_15,0.9857142857142858,0.0013434886932373,0.0001139640808105,0.0,1.0,0.0,0.0,1.0,0.0,0.0,0.0,0.0,0.0,0.0,0.0,0.0,0.0,0.0,0.0,0.0,1.0,0.0,0.0,0.0,1.0,0.0,0.0,0.0,0.6738552145504159,0.000191768634007,0.0,1.0,0.0
chscase_census4_907,0.6375,0.0012812614440917,0.0001149177551269,0.0,1.0,0.0,0.0,1.0,0.0,0.0,1.0,0.0,0.0,0.0,0.0,0.0,0.0,0.0,0.0,0.0,0.0,0.0,0.0,1.0,0.0,0.0,0.0,0.0,-1.0,1.1481878093777534e-05,1.0,0.0,0.0
chscase_census4_907,0.6375,0.0013003349304199,0.0001168251037597,0.0,1.0,1.0,0.0,0.0,0.0,0.0,1.0,0.0,0.0,0.0,0.0,0.0,0.0,0.0,0.0,0.0,0.0,0.0,0.0,1.0,0.0,0.0,0.0,0.0,-1.0,0.0001486559637789,0.0,1.0,0.0
chscase_census4_907,0.6375,0.0011999607086181,0.0001137256622314,1.0,0.0,0.0,1.0,0.0,0.0,0.0,1.0,0.0,0.0,0.0,0.0,0.0,0.0,0.0,0.0,0.0,0.0,0.0,0.0,1.0,0.0,0.0,0.0,0.0,0.5746224043718582,1.499141847106847e-05,0.0,1.0,0.0
chscase_census4_907,0.6375,0.0011830329895019,0.0001106262207031,0.0,1.0,0.0,1.0,0.0,0.0,0.0,1.0,0.0,0.0,0.0,0.0,0.0,0.0,0.0,0.0,0.0,0.0,0.0,0.0,1.0,0.0,0.0,0.0,0.0,0.0,0.000134840466199,0.0,1.0,0.0
chscase_census4_907,0.6375,0.0011365413665771,0.000108003616333,1.0,0.0,1.0,0.0,0.0,0.0,0.0,1.0,0.0,0.0,0.0,0.0,0.0,0.0,0.0,0.0,0.0,0.0,0.0,0.0,1.0,0.0,0.0,0.0,0.0,0.7012827253025656,5.6490420192663226e-05,1.0,0.0,0.0
chscase_census4_907,0.6375,0.001173973083496,0.0001039505004882,1.0,0.0,0.0,0.0,1.0,0.0,0.0,1.0,0.0,0.0,0.0,0.0,0.0,0.0,0.0,0.0,0.0,0.0,0.0,0.0,1.0,0.0,0.0,0.0,0.0,0.0,3.738308366880788e-05,1.0,0.0,0.0
chscase_census4_907,0.625,0.0618066787719726,0.0002036094665527,0.0,1.0,1.0,0.0,0.0,0.0,0.0,0.0,0.0,0.0,0.0,0.0,1.0,0.0,0.0,0.0,0.0,0.0,0.0,0.0,0.0,0.0,0.0,1.0,0.0,0.0,9.192469665272976e-05,0.0,0.0,1.0
chscase_census4_907,0.625,0.0012602806091308,0.0001113414764404,0.0,1.0,1.0,0.0,0.0,0.0,0.0,0.0,0.0,0.0,0.0,0.0,0.0,0.0,0.0,0.0,0.0,1.0,0.0,0.0,1.0,0.0,0.0,0.0,0.0,-1.0,5.793705668938592e-05,1.0,0.0,0.0
chscase_census4_907,0.625,0.1131494045257568,0.0002133846282958,1.0,0.0,0.0,1.0,0.0,0.0,0.0,0.0,0.0,0.0,0.0,0.0,1.0,0.0,0.0,0.0,0.0,0.0,0.0,0.0,0.0,0.0,1.0,0.0,0.0,0.0,0.0004576579538657,0.0,0.0,1.0
chscase_census4_907,0.625,0.0809922218322753,0.0002045631408691,1.0,0.0,1.0,0.0,0.0,0.0,0.0,0.0,0.0,0.0,0.0,0.0,1.0,0.0,0.0,0.0,0.0,0.0,0.0,0.0,0.0,0.0,0.0,0.0,1.0,0.0,2.8378202457627897e-05,0.0,0.0,1.0
chscase_census4_907,0.625,0.0013084411621093,0.0001156330108642,1.0,0.0,0.0,1.0,0.0,0.0,0.0,0.0,0.0,0.0,0.0,0.0,0.0,0.0,0.0,0.0,0.0,1.0,0.0,0.0,1.0,0.0,0.0,0.0,0.0,0.0277912123248182,1.8767997718061016e-05,0.0,1.0,0.0
chscase_census4_907,0.625,0.0756638050079345,0.0002303123474121,1.0,0.0,0.0,1.0,0.0,0.0,0.0,0.0,0.0,0.0,0.0,0.0,1.0,0.0,0.0,0.0,0.0,0.0,0.0,0.0,0.0,0.0,0.0,1.0,0.0,0.0,0.0004720178138487,0.0,0.0,1.0
chscase_census4_907,0.625,0.0232093334197998,0.0001893043518066,1.0,0.0,0.0,0.0,1.0,0.0,0.0,0.0,0.0,0.0,0.0,0.0,1.0,0.0,0.0,0.0,0.0,0.0,0.0,0.0,0.0,0.0,0.0,1.0,0.0,0.0,3.0677350583049365e-05,0.0,0.0,1.0
chscase_census4_907,0.625,0.0012202262878417,0.0001082420349121,0.0,1.0,0.0,0.0,1.0,0.0,0.0,0.0,0.0,0.0,0.0,0.0,0.0,0.0,0.0,0.0,0.0,1.0,0.0,0.0,1.0,0.0,0.0,0.0,0.0,-1.0,1.1600380275438144e-05,1.0,0.0,0.0
chscase_census4_907,0.625,0.0822546482086181,0.0002055168151855,0.0,1.0,0.0,0.0,1.0,0.0,0.0,0.0,0.0,0.0,0.0,0.0,1.0,0.0,0.0,0.0,0.0,0.0,0.0,0.0,0.0,0.0,0.0,1.0,0.0,0.0,5.9424635219184455e-05,0.0,0.0,1.0
chscase_census4_907,0.625,0.0236053466796875,0.0001749992370605,0.0,1.0,1.0,0.0,0.0,0.0,0.0,0.0,0.0,0.0,0.0,0.0,1.0,0.0,0.0,0.0,0.0,0.0,0.0,0.0,0.0,0.0,1.0,0.0,0.0,0.0485949923712604,0.000434600078829,1.0,0.0,0.0
chscase_census4_907,0.625,0.0822649002075195,0.0001912117004394,1.0,0.0,0.0,0.0,1.0,0.0,0.0,0.0,0.0,0.0,0.0,0.0,1.0,0.0,0.0,0.0,0.0,0.0,0.0,0.0,0.0,0.0,0.0,0.0,1.0,-1.0,7.30701971915585e-05,0.0,1.0,0.0
chscase_census4_907,0.625,0.0822067260742187,0.0002021789550781,0.0,1.0,1.0,0.0,0.0,0.0,0.0,0.0,0.0,0.0,0.0,0.0,1.0,0.0,0.0,0.0,0.0,0.0,0.0,0.0,0.0,0.0,0.0,0.0,1.0,-1.0,8.713062205527708e-05,1.0,0.0,0.0
chscase_census4_907,0.625,0.0776805877685546,0.0002102851867675,0.0,1.0,0.0,1.0,0.0,0.0,0.0,0.0,0.0,0.0,0.0,0.0,1.0,0.0,0.0,0.0,0.0,0.0,0.0,0.0,0.0,0.0,1.0,0.0,0.0,-1.0,1.2427809978358327e-05,1.0,0.0,0.0
chscase_census4_907,0.625,0.0732500553131103,0.0002110004425048,1.0,0.0,0.0,0.0,1.0,0.0,0.0,0.0,0.0,0.0,0.0,0.0,1.0,0.0,0.0,0.0,0.0,0.0,0.0,0.0,0.0,0.0,1.0,0.0,0.0,0.0,0.0002643019066557,0.0,1.0,0.0
autoUniv-au1-1000_1547,0.785,0.0020234584808349,0.0001266002655029,1.0,0.0,0.0,0.0,1.0,0.0,0.0,0.0,0.0,0.0,1.0,0.0,0.0,0.0,0.0,0.0,0.0,0.0,0.0,0.0,1.0,0.0,0.0,0.0,0.0,-1.0,4.8687255138499097e-05,0.0,1.0,0.0
autoUniv-au1-1000_1547,0.785,0.0018637180328369,0.0001327991485595,0.0,1.0,0.0,1.0,0.0,0.0,0.0,0.0,0.0,0.0,1.0,0.0,0.0,0.0,0.0,0.0,0.0,0.0,0.0,0.0,0.0,0.0,1.0,0.0,0.0,-1.0,0.0002865738186159,1.0,0.0,0.0
autoUniv-au1-1000_1547,0.785,0.001826524734497,0.0001022815704345,1.0,0.0,1.0,0.0,0.0,0.0,0.0,0.0,0.0,0.0,1.0,0.0,0.0,0.0,0.0,0.0,0.0,0.0,0.0,1.0,0.0,0.0,0.0,0.0,0.0,0.0,6.636538253888195e-05,0.0,1.0,0.0
autoUniv-au1-1000_1547,0.785,0.0018320083618164,0.0001149177551269,1.0,0.0,0.0,1.0,0.0,0.0,0.0,0.0,0.0,0.0,1.0,0.0,0.0,0.0,0.0,0.0,0.0,0.0,0.0,0.0,0.0,0.0,0.0,0.0,1.0,0.0,0.0001131841759181,0.0,0.0,1.0
autoUniv-au1-1000_1547,0.785,0.0017824172973632,0.0001139640808105,0.0,1.0,0.0,0.0,1.0,0.0,0.0,0.0,0.0,0.0,1.0,0.0,0.0,0.0,0.0,0.0,0.0,0.0,0.0,0.0,0.0,0.0,0.0,1.0,0.0,0.7923344270493704,0.0001509981123677,1.0,0.0,0.0
autoUniv-au1-1000_1547,0.785,0.0018110275268554,0.0001156330108642,1.0,0.0,0.0,0.0,1.0,0.0,0.0,0.0,0.0,0.0,1.0,0.0,0.0,0.0,0.0,0.0,0.0,0.0,0.0,0.0,0.0,0.0,0.0,1.0,0.0,0.0,2.4761750357689285e-05,0.0,0.0,1.0
autoUniv-au1-1000_1547,0.785,0.0019752979278564,0.0001091957092285,0.0,1.0,0.0,1.0,0.0,0.0,0.0,0.0,0.0,0.0,1.0,0.0,0.0,0.0,0.0,0.0,0.0,0.0,0.0,1.0,0.0,0.0,0.0,0.0,0.0,0.0,3.872833269831195e-05,0.0,0.0,1.0
autoUniv-au1-1000_1547,0.785,0.0018181800842285,0.0001130104064941,0.0,1.0,0.0,0.0,1.0,0.0,0.0,0.0,0.0,0.0,1.0,0.0,0.0,0.0,0.0,0.0,0.0,0.0,1.0,0.0,0.0,0.0,0.0,0.0,0.0,0.0,0.0001482988093516,0.0,1.0,0.0
autoUniv-au1-1000_1547,0.785,0.0017964839935302,0.0001149177551269,1.0,0.0,0.0,0.0,1.0,0.0,0.0,0.0,0.0,0.0,1.0,0.0,0.0,0.0,0.0,0.0,0.0,0.0,0.0,0.0,0.0,0.0,1.0,0.0,0.0,0.0,0.000442467263921,0.0,0.0,1.0
autoUniv-au1-1000_1547,0.785,0.0018470287322998,0.0001041889190673,0.0,1.0,1.0,0.0,0.0,0.0,0.0,0.0,0.0,0.0,1.0,0.0,0.0,0.0,0.0,0.0,0.0,0.0,0.0,1.0,0.0,0.0,0.0,0.0,0.0,0.0,0.0008373108857365,0.0,0.0,1.0
autoUniv-au1-1000_1547,0.785,0.0018301010131835,0.0001125335693359,0.0,1.0,0.0,0.0,1.0,0.0,0.0,0.0,0.0,0.0,1.0,0.0,0.0,0.0,0.0,0.0,0.0,0.0,0.0,0.0,0.0,0.0,0.0,0.0,1.0,0.930148468791336,0.0001117737852512,0.0,1.0,0.0
autoUniv-au1-1000_1547,0.785,0.0018064975738525,0.0001120567321777,0.0,1.0,1.0,0.0,0.0,0.0,0.0,0.0,0.0,0.0,1.0,0.0,0.0,0.0,0.0,0.0,0.0,0.0,0.0,0.0,1.0,0.0,0.0,0.0,0.0,0.0,1.4054810888056329e-05,0.0,0.0,1.0
autoUniv-au1-1000_1547,0.785,0.0018000602722167,0.0001146793365478,0.0,1.0,1.0,0.0,0.0,0.0,0.0,0.0,0.0,0.0,1.0,0.0,0.0,0.0,0.0,0.0,0.0,0.0,0.0,0.0,0.0,1.0,0.0,0.0,0.0,0.946800131626494,0.0008166328016585,0.0,1.0,0.0
autoUniv-au1-1000_1547,0.785,0.0018007755279541,0.0001146793365478,1.0,0.0,0.0,1.0,0.0,0.0,0.0,0.0,0.0,0.0,1.0,0.0,0.0,0.0,0.0,0.0,0.0,0.0,0.0,0.0,1.0,0.0,0.0,0.0,0.0,0.0,6.942851771968551e-05,0.0,1.0,0.0
autoUniv-au1-1000_1547,0.785,0.0020959377288818,0.0001242160797119,0.0,1.0,1.0,0.0,0.0,0.0,0.0,0.0,0.0,0.0,1.0,0.0,0.0,0.0,0.0,0.0,0.0,0.0,0.0,0.0,0.0,0.0,0.0,0.0,1.0,0.0,1.6030963275472426e-05,0.0,0.0,1.0
autoUniv-au1-1000_1547,0.785,0.001861572265625,0.0001177787780761,1.0,0.0,0.0,0.0,1.0,0.0,0.0,0.0,0.0,0.0,1.0,0.0,0.0,0.0,0.0,0.0,0.0,0.0,1.0,0.0,0.0,0.0,0.0,0.0,0.0,0.2600261138432825,0.0008798406085572,1.0,0.0,0.0
autoUniv-au1-1000_1547,0.785,0.0018150806427001,0.0001132488250732,0.0,1.0,0.0,1.0,0.0,0.0,0.0,0.0,0.0,0.0,1.0,0.0,0.0,0.0,0.0,0.0,0.0,0.0,0.0,0.0,0.0,0.0,0.0,0.0,1.0,-1.0,3.639381661040524e-05,1.0,0.0,0.0
autoUniv-au1-1000_1547,0.785,0.0017721652984619,0.0001142024993896,0.0,1.0,0.0,1.0,0.0,0.0,0.0,0.0,0.0,0.0,1.0,0.0,0.0,0.0,0.0,0.0,0.0,0.0,1.0,0.0,0.0,0.0,0.0,0.0,0.0,-1.0,0.0002059093007488,0.0,1.0,0.0
autoUniv-au1-1000_1547,0.785,0.0018508434295654,0.0001046657562255,1.0,0.0,0.0,0.0,1.0,0.0,0.0,0.0,0.0,0.0,1.0,0.0,0.0,0.0,0.0,0.0,0.0,0.0,0.0,1.0,0.0,0.0,0.0,0.0,0.0,-1.0,1.9419527346609988e-05,0.0,1.0,0.0
autoUniv-au1-1000_1547,0.785,0.0018060207366943,0.0001139640808105,0.0,1.0,0.0,1.0,0.0,0.0,0.0,0.0,0.0,0.0,1.0,0.0,0.0,0.0,0.0,0.0,0.0,0.0,0.0,0.0,0.0,1.0,0.0,0.0,0.0,-1.0,0.0002748690801869,1.0,0.0,0.0
blogger_1463,0.95,0.0319161415100097,0.0002040863037109,1.0,0.0,0.0,0.0,1.0,0.0,0.0,0.0,0.0,0.0,0.0,0.0,0.0,0.0,0.0,1.0,0.0,0.0,0.0,0.0,0.0,0.0,1.0,0.0,0.0,0.0,0.000896659688525,0.0,0.0,1.0
blogger_1463,0.95,0.0400912761688232,0.0001871585845947,0.0,1.0,0.0,0.0,1.0,0.0,0.0,0.0,0.0,0.0,0.0,0.0,1.0,0.0,0.0,0.0,0.0,0.0,0.0,1.0,0.0,0.0,0.0,0.0,0.0,-1.0,0.0009334979654792,0.0,1.0,0.0
blogger_1463,0.95,0.0282528400421142,0.0001516342163085,0.0,1.0,0.0,0.0,1.0,0.0,0.0,0.0,0.0,0.0,0.0,0.0,1.0,0.0,0.0,0.0,0.0,0.0,0.0,1.0,0.0,0.0,0.0,0.0,0.0,-1.0,1.7882094806134022e-05,0.0,1.0,0.0
blogger_1463,0.95,0.0262908935546875,0.0001928806304931,0.0,1.0,0.0,0.0,1.0,0.0,0.0,0.0,0.0,0.0,0.0,0.0,0.0,0.0,0.0,1.0,0.0,0.0,0.0,1.0,0.0,0.0,0.0,0.0,0.0,0.0,0.00034467797266,0.0,0.0,1.0
blogger_1463,0.95,0.0356032848358154,0.0001561641693115,1.0,0.0,0.0,1.0,0.0,0.0,0.0,0.0,0.0,0.0,0.0,0.0,1.0,0.0,0.0,0.0,0.0,0.0,0.0,0.0,1.0,0.0,0.0,0.0,0.0,-1.0,0.0002130984596096,1.0,0.0,0.0
blogger_1463,0.95,0.0418753623962402,0.0002562999725341,1.0,0.0,0.0,1.0,0.0,0.0,0.0,0.0,0.0,0.0,0.0,0.0,1.0,0.0,0.0,0.0,0.0,0.0,0.0,1.0,0.0,0.0,0.0,0.0,0.0,0.0,0.0004008126569147,0.0,0.0,1.0
blogger_1463,0.95,0.0426788330078125,0.0001730918884277,0.0,1.0,0.0,0.0,1.0,0.0,0.0,0.0,0.0,0.0,0.0,0.0,1.0,0.0,0.0,0.0,0.0,0.0,0.0,0.0,0.0,0.0,1.0,0.0,0.0,0.0,4.638926065519317e-05,0.0,0.0,1.0
blogger_1463,0.95,0.0799338817596435,0.0001766681671142,1.0,0.0,0.0,1.0,0.0,0.0,0.0,0.0,0.0,0.0,0.0,0.0,0.0,0.0,1.0,0.0,0.0,0.0,0.0,0.0,0.0,1.0,0.0,0.0,0.0,-1.0,6.360531109027058e-05,1.0,0.0,0.0
blogger_1463,0.95,0.0966148376464843,0.0002303123474121,1.0,0.0,0.0,1.0,0.0,0.0,0.0,0.0,0.0,0.0,0.0,0.0,0.0,0.0,1.0,0.0,0.0,0.0,0.0,1.0,0.0,0.0,0.0,0.0,0.0,-1.0,4.82641256878071e-05,1.0,0.0,0.0
blogger_1463,0.95,0.0432918071746826,0.00018310546875,1.0,0.0,0.0,1.0,0.0,0.0,0.0,0.0,0.0,0.0,0.0,0.0,1.0,0.0,0.0,0.0,0.0,0.0,0.0,1.0,0.0,0.0,0.0,0.0,0.0,0.0,0.0003412191124599,0.0,1.0,0.0
blogger_1463,0.95,0.0373053550720214,0.0001783370971679,1.0,0.0,0.0,1.0,0.0,0.0,0.0,0.0,0.0,0.0,0.0,0.0,1.0,0.0,0.0,0.0,0.0,0.0,0.0,0.0,0.0,0.0,0.0,1.0,0.0,-1.0,0.0004151543308943,0.0,1.0,0.0
blogger_1463,0.95,0.0333383083343505,0.0001883506774902,1.0,0.0,0.0,1.0,0.0,0.0,0.0,0.0,0.0,0.0,0.0,0.0,0.0,0.0,0.0,1.0,0.0,0.0,0.0,0.0,0.0,0.0,0.0,1.0,0.0,0.0,3.152118534970508e-05,0.0,1.0,0.0
blogger_1463,0.95,0.030820608139038,0.0001752376556396,1.0,0.0,0.0,1.0,0.0,0.0,0.0,0.0,0.0,0.0,0.0,0.0,0.0,0.0,0.0,1.0,0.0,0.0,0.0,0.0,0.0,0.0,0.0,1.0,0.0,0.0,0.0001398225228885,0.0,0.0,1.0
blogger_1463,0.95,0.0400683879852294,0.0001537799835205,0.0,1.0,0.0,0.0,1.0,0.0,0.0,0.0,0.0,0.0,0.0,0.0,0.0,0.0,0.0,1.0,0.0,0.0,0.0,0.0,0.0,0.0,1.0,0.0,0.0,0.0,1.786218957928295e-05,0.0,0.0,1.0
blogger_1463,0.95,0.0295734405517578,0.0001547336578369,1.0,0.0,0.0,0.0,1.0,0.0,0.0,0.0,0.0,0.0,0.0,0.0,0.0,0.0,0.0,1.0,0.0,0.0,0.0,0.0,1.0,0.0,0.0,0.0,0.0,0.0,1.0624929954559184e-05,0.0,1.0,0.0
blogger_1463,0.95,0.0432758331298828,0.0001606941223144,1.0,0.0,0.0,0.0,1.0,0.0,0.0,0.0,0.0,0.0,0.0,0.0,1.0,0.0,0.0,0.0,0.0,0.0,0.0,0.0,1.0,0.0,0.0,0.0,0.0,0.0,0.0001660152253023,0.0,0.0,1.0
blogger_1463,0.95,0.0385894775390625,0.0001592636108398,1.0,0.0,0.0,0.0,1.0,0.0,0.0,0.0,0.0,0.0,0.0,0.0,1.0,0.0,0.0,0.0,0.0,0.0,0.0,0.0,1.0,0.0,0.0,0.0,0.0,0.0704190159674643,0.0004790769209895,1.0,0.0,0.0
blogger_1463,0.95,0.0589041709899902,0.0003292560577392,0.0,1.0,0.0,0.0,1.0,0.0,0.0,0.0,0.0,0.0,0.0,0.0,1.0,0.0,0.0,0.0,0.0,0.0,0.0,0.0,1.0,0.0,0.0,0.0,0.0,0.0,0.0006502889543342,0.0,0.0,1.0
blogger_1463,0.95,0.067746877670288,0.0002057552337646,0.0,1.0,0.0,1.0,0.0,0.0,0.0,0.0,0.0,0.0,0.0,0.0,0.0,0.0,1.0,0.0,0.0,0.0,0.0,0.0,0.0,0.0,0.0,0.0,1.0,0.0,0.0001740694865215,1.0,0.0,0.0
blogger_1463,0.95,0.0722646713256836,0.0002081394195556,0.0,1.0,0.0,1.0,0.0,0.0,0.0,0.0,0.0,0.0,0.0,0.0,0.0,0.0,1.0,0.0,0.0,0.0,0.0,0.0,0.0,0.0,0.0,0.0,1.0,0.0,0.0004143647749642,0.0,0.0,1.0
analcatdata_reviewer_1008,0.7105263157894737,0.0016312599182128,0.000112771987915,1.0,0.0,0.0,1.0,0.0,0.0,0.0,0.0,0.0,0.0,0.0,0.0,0.0,1.0,0.0,0.0,0.0,0.0,0.0,0.0,0.0,1.0,0.0,0.0,0.0,0.0,6.43394225555965e-05,0.0,0.0,1.0
analcatdata_reviewer_1008,0.7105263157894737,0.0015554428100585,0.0001049041748046,0.0,1.0,0.0,1.0,0.0,0.0,0.0,0.0,0.0,0.0,0.0,0.0,0.0,1.0,0.0,0.0,0.0,0.0,0.0,0.0,0.0,1.0,0.0,0.0,0.0,0.0,0.0005632154182674,0.0,0.0,1.0
analcatdata_reviewer_1008,0.7105263157894737,0.0012190341949462,0.0001347064971923,0.0,1.0,0.0,0.0,1.0,0.0,0.0,0.0,0.0,0.0,1.0,0.0,0.0,0.0,0.0,0.0,0.0,0.0,0.0,0.0,1.0,0.0,0.0,0.0,0.0,-1.0,0.0003543522240086,0.0,1.0,0.0
analcatdata_reviewer_1008,0.6973684210526315,0.0018694400787353,0.0001215934753417,1.0,0.0,0.0,1.0,0.0,0.0,0.0,0.0,0.0,1.0,0.0,0.0,0.0,0.0,0.0,0.0,0.0,0.0,1.0,0.0,0.0,0.0,0.0,0.0,0.0,0.0,4.140528793639784e-05,0.0,1.0,0.0
analcatdata_reviewer_1008,0.6973684210526315,0.0018386840820312,0.0001204013824462,0.0,1.0,0.0,1.0,0.0,0.0,0.0,0.0,0.0,1.0,0.0,0.0,0.0,0.0,0.0,0.0,0.0,0.0,0.0,0.0,0.0,1.0,0.0,0.0,0.0,-1.0,0.0001564708231915,1.0,0.0,0.0
analcatdata_reviewer_1008,0.6973684210526315,0.0018393993377685,0.0001442432403564,1.0,0.0,0.0,1.0,0.0,0.0,0.0,0.0,0.0,0.0,0.0,0.0,0.0,1.0,0.0,0.0,0.0,0.0,0.0,0.0,0.0,0.0,0.0,1.0,0.0,0.0,1.266243804279226e-05,0.0,0.0,1.0
analcatdata_reviewer_1008,0.6973684210526315,0.0019943714141845,0.0001342296600341,0.0,1.0,0.0,1.0,0.0,0.0,0.0,0.0,0.0,1.0,0.0,0.0,0.0,0.0,0.0,0.0,0.0,0.0,0.0,1.0,0.0,0.0,0.0,0.0,0.0,0.0,1.9641482286132184e-05,0.0,1.0,0.0
analcatdata_reviewer_1008,0.6973684210526315,0.0016961097717285,0.000110387802124,0.0,1.0,0.0,1.0,0.0,0.0,0.0,0.0,0.0,0.0,0.0,1.0,0.0,0.0,0.0,0.0,0.0,0.0,1.0,0.0,0.0,0.0,0.0,0.0,0.0,-1.0,0.0007821776944609,0.0,1.0,0.0
analcatdata_reviewer_1008,0.6973684210526315,0.0017664432525634,0.0001192092895507,0.0,1.0,0.0,1.0,0.0,0.0,0.0,0.0,0.0,0.0,0.0,1.0,0.0,0.0,0.0,0.0,0.0,0.0,0.0,0.0,0.0,0.0,0.0,0.0,1.0,0.0,1.0459439839775144e-05,0.0,0.0,1.0
analcatdata_reviewer_1008,0.6973684210526315,0.0019519329071044,0.0001389980316162,1.0,0.0,0.0,1.0,0.0,0.0,0.0,0.0,0.0,1.0,0.0,0.0,0.0,0.0,0.0,0.0,0.0,0.0,0.0,0.0,0.0,0.0,1.0,0.0,0.0,-1.0,2.5495827753766835e-05,1.0,0.0,0.0
analcatdata_reviewer_1008,0.6973684210526315,0.0018463134765625,0.0001223087310791,0.0,1.0,0.0,1.0,0.0,0.0,0.0,0.0,0.0,1.0,0.0,0.0,0.0,0.0,0.0,0.0,0.0,0.0,0.0,0.0,0.0,0.0,0.0,0.0,1.0,0.0,1.895034045848297e-05,0.0,0.0,1.0
analcatdata_reviewer_1008,0.6973684210526315,0.0017740726470947,0.0001106262207031,0.0,1.0,0.0,1.0,0.0,0.0,0.0,0.0,0.0,0.0,0.0,0.0,0.0,1.0,0.0,0.0,0.0,0.0,0.0,0.0,0.0,0.0,0.0,1.0,0.0,0.4786079660331657,0.0002497683024059,0.0,1.0,0.0
analcatdata_reviewer_1008,0.6973684210526315,0.0017857551574707,0.0001194477081298,1.0,0.0,0.0,1.0,0.0,0.0,0.0,0.0,0.0,1.0,0.0,0.0,0.0,0.0,0.0,0.0,0.0,0.0,0.0,0.0,0.0,1.0,0.0,0.0,0.0,-1.0,1.627004417569492e-05,0.0,1.0,0.0
analcatdata_reviewer_1008,0.6973684210526315,0.0017933845520019,0.0001208782196044,0.0,1.0,0.0,1.0,0.0,0.0,0.0,0.0,0.0,1.0,0.0,0.0,0.0,0.0,0.0,0.0,0.0,0.0,0.0,0.0,0.0,0.0,0.0,1.0,0.0,0.0,1.097129763792435e-05,0.0,0.0,1.0
analcatdata_reviewer_1008,0.6973684210526315,0.0016169548034667,0.0001125335693359,1.0,0.0,0.0,1.0,0.0,0.0,0.0,0.0,0.0,0.0,0.0,1.0,0.0,0.0,0.0,0.0,0.0,0.0,1.0,0.0,0.0,0.0,0.0,0.0,0.0,0.0,0.0007260701343619,0.0,0.0,1.0
analcatdata_reviewer_1008,0.6973684210526315,0.0011258125305175,0.0001001358032226,0.0,1.0,0.0,0.0,1.0,0.0,0.0,0.0,0.0,0.0,0.0,0.0,0.0,1.0,0.0,0.0,0.0,0.0,0.0,0.0,1.0,0.0,0.0,0.0,0.0,0.1169006793610082,0.0005565687594687,0.0,1.0,0.0
analcatdata_reviewer_1008,0.6973684210526315,0.0016725063323974,0.0001132488250732,0.0,1.0,0.0,1.0,0.0,0.0,0.0,0.0,0.0,0.0,0.0,1.0,0.0,0.0,0.0,0.0,0.0,0.0,0.0,0.0,0.0,0.0,0.0,1.0,0.0,0.0,5.210717715371597e-05,0.0,0.0,1.0
analcatdata_reviewer_1008,0.6973684210526315,0.0018010139465332,0.0001223087310791,0.0,1.0,0.0,1.0,0.0,0.0,0.0,0.0,0.0,1.0,0.0,0.0,0.0,0.0,0.0,0.0,0.0,0.0,1.0,0.0,0.0,0.0,0.0,0.0,0.0,0.0,1.5887215631574735e-05,0.0,0.0,1.0
analcatdata_reviewer_1008,0.6973684210526315,0.0016844272613525,0.0001306533813476,1.0,0.0,0.0,1.0,0.0,0.0,0.0,0.0,0.0,0.0,0.0,1.0,0.0,0.0,0.0,0.0,0.0,0.0,0.0,0.0,0.0,0.0,1.0,0.0,0.0,0.0,0.0002271979031756,0.0,0.0,1.0
analcatdata_reviewer_1008,0.6973684210526315,0.0021231174468994,0.0001552104949951,1.0,0.0,0.0,1.0,0.0,0.0,0.0,0.0,0.0,1.0,0.0,0.0,0.0,0.0,0.0,0.0,0.0,0.0,0.0,0.0,0.0,0.0,0.0,0.0,1.0,0.1323610951602714,0.0005837570064796,0.0,1.0,0.0
chscase_whale_939,1.0,0.0010924339294433,0.0001170635223388,0.0,1.0,1.0,0.0,0.0,0.0,0.0,0.0,0.0,0.0,0.0,0.0,0.0,0.0,0.0,0.0,1.0,0.0,0.0,1.0,0.0,0.0,0.0,0.0,0.0,-1.0,0.0008898231625627,0.0,1.0,0.0
chscase_whale_939,1.0,0.001096487045288,0.0001153945922851,0.0,1.0,1.0,0.0,0.0,0.0,0.0,0.0,0.0,0.0,0.0,0.0,0.0,0.0,0.0,0.0,1.0,0.0,0.0,1.0,0.0,0.0,0.0,0.0,0.0,0.0,1.8207397139790577e-05,0.0,0.0,1.0
chscase_whale_939,1.0,0.0010643005371093,0.0001130104064941,0.0,1.0,1.0,0.0,0.0,0.0,0.0,0.0,0.0,0.0,0.0,0.0,0.0,0.0,0.0,0.0,1.0,0.0,0.0,1.0,0.0,0.0,0.0,0.0,0.0,0.0,0.0001586431646051,0.0,0.0,1.0
chscase_whale_939,1.0,0.0020613670349121,0.0008776187896728,0.0,1.0,1.0,0.0,0.0,0.0,0.0,0.0,0.0,0.0,0.0,1.0,0.0,0.0,0.0,0.0,0.0,0.0,0.0,1.0,0.0,0.0,0.0,0.0,0.0,0.3772384787892534,7.262766056636741e-05,1.0,0.0,0.0
chscase_whale_939,1.0,0.0020885467529296,0.000882863998413,0.0,1.0,1.0,0.0,0.0,0.0,0.0,0.0,0.0,0.0,0.0,1.0,0.0,0.0,0.0,0.0,0.0,0.0,0.0,1.0,0.0,0.0,0.0,0.0,0.0,0.8262773821705289,2.0582622383571188e-05,0.0,1.0,0.0
chscase_whale_939,1.0,0.0020327568054199,0.0009083747863769,0.0,1.0,1.0,0.0,0.0,0.0,0.0,0.0,0.0,0.0,0.0,1.0,0.0,0.0,0.0,0.0,0.0,0.0,0.0,1.0,0.0,0.0,0.0,0.0,0.0,0.0,0.0004128493367672,1.0,0.0,0.0
chscase_whale_939,1.0,0.0026037693023681,0.000140905380249,0.0,1.0,1.0,0.0,0.0,0.0,0.0,0.0,0.0,0.0,0.0,0.0,0.0,0.0,1.0,0.0,0.0,0.0,0.0,1.0,0.0,0.0,0.0,0.0,0.0,0.0,0.0003667598060678,0.0,0.0,1.0
chscase_whale_939,1.0,0.0024538040161132,0.0001392364501953,0.0,1.0,1.0,0.0,0.0,0.0,0.0,0.0,0.0,0.0,0.0,0.0,0.0,0.0,1.0,0.0,0.0,0.0,0.0,1.0,0.0,0.0,0.0,0.0,0.0,-1.0,0.0008497611216816,1.0,0.0,0.0
chscase_whale_939,1.0,0.0011961460113525,0.0001165866851806,0.0,1.0,1.0,0.0,0.0,0.0,0.0,0.0,0.0,0.0,0.0,0.0,0.0,1.0,0.0,0.0,0.0,0.0,0.0,1.0,0.0,0.0,0.0,0.0,0.0,0.0,1.482749007766602e-05,0.0,0.0,1.0
chscase_whale_939,1.0,0.001274824142456,0.0001153945922851,0.0,1.0,1.0,0.0,0.0,0.0,0.0,0.0,0.0,0.0,0.0,0.0,0.0,1.0,0.0,0.0,0.0,0.0,0.0,1.0,0.0,0.0,0.0,0.0,0.0,0.0,3.004346747751956e-05,0.0,0.0,1.0
chscase_whale_939,1.0,0.0011737346649169,0.0001161098480224,0.0,1.0,1.0,0.0,0.0,0.0,0.0,0.0,0.0,0.0,0.0,0.0,0.0,1.0,0.0,0.0,0.0,0.0,0.0,1.0,0.0,0.0,0.0,0.0,0.0,-1.0,0.0004520131714803,0.0,1.0,0.0
chscase_whale_939,1.0,0.0025098323822021,0.0001699924468994,0.0,1.0,1.0,0.0,0.0,0.0,0.0,0.0,0.0,0.0,0.0,0.0,0.0,0.0,1.0,0.0,0.0,0.0,0.0,1.0,0.0,0.0,0.0,0.0,0.0,0.663762294019808,6.178074072606932e-05,1.0,0.0,0.0
chscase_whale_939,1.0,0.0010182857513427,0.0001091957092285,0.0,1.0,1.0,0.0,0.0,0.0,0.0,0.0,1.0,0.0,0.0,0.0,0.0,0.0,0.0,0.0,0.0,0.0,0.0,1.0,0.0,0.0,0.0,0.0,0.0,0.0,8.950946315720339e-05,0.0,0.0,1.0
chscase_whale_939,1.0,0.0014152526855468,0.0001206398010253,0.0,1.0,1.0,0.0,0.0,0.0,1.0,0.0,0.0,0.0,0.0,0.0,0.0,0.0,0.0,0.0,0.0,0.0,0.0,1.0,0.0,0.0,0.0,0.0,0.0,-1.0,0.0001671284722465,1.0,0.0,0.0
chscase_whale_939,1.0,0.0012087821960449,0.0001156330108642,0.0,1.0,1.0,0.0,0.0,0.0,1.0,0.0,0.0,0.0,0.0,0.0,0.0,0.0,0.0,0.0,0.0,0.0,0.0,1.0,0.0,0.0,0.0,0.0,0.0,0.0,6.560075415594197e-05,0.0,0.0,1.0
chscase_whale_939,1.0,0.0012996196746826,0.000129222869873,0.0,1.0,1.0,0.0,0.0,0.0,1.0,0.0,0.0,0.0,0.0,0.0,0.0,0.0,0.0,0.0,0.0,0.0,0.0,1.0,0.0,0.0,0.0,0.0,0.0,0.0,1.177048285503055e-05,0.0,0.0,1.0
chscase_whale_939,1.0,0.001063585281372,0.0001120567321777,0.0,1.0,0.0,0.0,1.0,0.0,0.0,0.0,0.0,0.0,1.0,0.0,0.0,0.0,0.0,0.0,0.0,0.0,0.0,1.0,0.0,0.0,0.0,0.0,0.0,0.0,0.0001614246464795,0.0,0.0,1.0
chscase_whale_939,1.0,0.001011848449707,0.0001056194305419,0.0,1.0,0.0,0.0,1.0,1.0,0.0,0.0,0.0,0.0,0.0,0.0,0.0,0.0,0.0,0.0,0.0,0.0,0.0,1.0,0.0,0.0,0.0,0.0,0.0,-1.0,2.86909489050795e-05,0.0,1.0,0.0
chscase_whale_939,1.0,0.0011024475097656,0.0001077651977539,0.0,1.0,0.0,0.0,1.0,0.0,0.0,0.0,0.0,0.0,1.0,0.0,0.0,0.0,0.0,0.0,0.0,0.0,0.0,0.0,0.0,0.0,1.0,0.0,0.0,0.0,0.000866447178006,0.0,0.0,1.0
chscase_whale_939,1.0,0.0009980201721191,0.0001049041748046,0.0,1.0,0.0,0.0,1.0,0.0,0.0,0.0,0.0,0.0,1.0,0.0,0.0,0.0,0.0,0.0,0.0,0.0,0.0,0.0,0.0,0.0,1.0,0.0,0.0,0.0,0.0002402433035499,0.0,0.0,1.0
Smartphone-Based_Recognition_of_Human_Activities_4153,1.0,0.0014123916625976,0.0001566410064697,0.0,1.0,0.0,1.0,0.0,0.0,0.0,0.0,0.0,0.0,1.0,0.0,0.0,0.0,0.0,0.0,0.0,0.0,0.0,0.0,0.0,0.0,1.0,0.0,0.0,0.0,0.0004800741505792,0.0,0.0,1.0
Smartphone-Based_Recognition_of_Human_Activities_4153,1.0,0.8302116394042969,0.0004441738128662,1.0,0.0,0.0,0.0,1.0,0.0,0.0,0.0,0.0,0.0,0.0,0.0,0.0,0.0,1.0,0.0,0.0,0.0,0.0,0.0,0.0,0.0,1.0,0.0,0.0,0.0,0.0008105929867542,0.0,1.0,0.0
Smartphone-Based_Recognition_of_Human_Activities_4153,1.0,0.1904785633087158,0.0002589225769042,1.0,0.0,0.0,0.0,1.0,0.0,0.0,0.0,0.0,0.0,0.0,0.0,1.0,0.0,0.0,0.0,0.0,0.0,0.0,0.0,0.0,0.0,0.0,0.0,1.0,0.0,1.3386052049804484e-05,0.0,0.0,1.0
Smartphone-Based_Recognition_of_Human_Activities_4153,1.0,0.0459387302398681,0.0002317428588867,1.0,0.0,0.0,0.0,1.0,0.0,0.0,0.0,0.0,0.0,0.0,0.0,0.0,1.0,0.0,0.0,0.0,0.0,0.0,0.0,0.0,0.0,1.0,0.0,0.0,0.0,1.983284495962164e-05,0.0,0.0,1.0
Smartphone-Based_Recognition_of_Human_Activities_4153,1.0,0.0575959682464599,0.0002937316894531,0.0,1.0,0.0,1.0,0.0,0.0,0.0,0.0,0.0,0.0,0.0,1.0,0.0,0.0,0.0,0.0,0.0,0.0,0.0,0.0,0.0,0.0,1.0,0.0,0.0,0.0,0.0004130918864743,0.0,0.0,1.0
Smartphone-Based_Recognition_of_Human_Activities_4153,1.0,0.0456750392913818,0.0002682209014892,1.0,0.0,0.0,0.0,1.0,0.0,0.0,0.0,0.0,0.0,0.0,1.0,0.0,0.0,0.0,0.0,0.0,0.0,0.0,0.0,0.0,0.0,1.0,0.0,0.0,0.0,0.0005882792351159,0.0,0.0,1.0
Smartphone-Based_Recognition_of_Human_Activities_4153,1.0,0.0013997554779052,0.0001628398895263,1.0,0.0,0.0,0.0,1.0,1.0,0.0,0.0,0.0,0.0,0.0,0.0,0.0,0.0,0.0,0.0,0.0,0.0,0.0,0.0,0.0,0.0,1.0,0.0,0.0,0.6678774840784861,1.0227217093388116e-05,0.0,1.0,0.0
Smartphone-Based_Recognition_of_Human_Activities_4153,1.0,0.040496826171875,0.0002527236938476,1.0,0.0,1.0,0.0,0.0,0.0,0.0,0.0,0.0,0.0,0.0,0.0,0.0,1.0,0.0,0.0,0.0,0.0,0.0,0.0,0.0,0.0,0.0,1.0,0.0,0.0,0.0007770508324972,0.0,0.0,1.0
Smartphone-Based_Recognition_of_Human_Activities_4153,1.0,0.2037997245788574,0.0002515316009521,1.0,0.0,0.0,1.0,0.0,0.0,0.0,0.0,0.0,0.0,0.0,0.0,1.0,0.0,0.0,0.0,0.0,0.0,0.0,0.0,0.0,0.0,1.0,0.0,0.0,-1.0,8.105068400813258e-05,0.0,1.0,0.0
Smartphone-Based_Recognition_of_Human_Activities_4153,1.0,0.1537387371063232,0.0002608299255371,1.0,0.0,0.0,0.0,1.0,0.0,0.0,0.0,0.0,0.0,0.0,0.0,1.0,0.0,0.0,0.0,0.0,0.0,0.0,0.0,0.0,0.0,1.0,0.0,0.0,0.0,8.418861913231939e-05,0.0,0.0,1.0
Smartphone-Based_Recognition_of_Human_Activities_4153,1.0,0.0014653205871582,0.0001540184020996,1.0,0.0,0.0,1.0,0.0,0.0,0.0,0.0,0.0,0.0,1.0,0.0,0.0,0.0,0.0,0.0,0.0,0.0,0.0,0.0,0.0,1.0,0.0,0.0,0.0,0.8267478435962841,0.0005721174638378,0.0,1.0,0.0
Smartphone-Based_Recognition_of_Human_Activities_4153,1.0,0.0015923976898193,0.0002009868621826,1.0,0.0,0.0,1.0,0.0,1.0,0.0,0.0,0.0,0.0,0.0,0.0,0.0,0.0,0.0,0.0,0.0,0.0,0.0,0.0,0.0,0.0,1.0,0.0,0.0,0.0097494188727773,3.7937227300750026e-05,1.0,0.0,0.0
Smartphone-Based_Recognition_of_Human_Activities_4153,1.0,0.0013632774353027,0.0001556873321533,0.0,1.0,0.0,1.0,0.0,0.0,0.0,0.0,0.0,0.0,1.0,0.0,0.0,0.0,0.0,0.0,0.0,0.0,0.0,0.0,0.0,1.0,0.0,0.0,0.0,0.0,0.000146886606467,0.0,0.0,1.0
Smartphone-Based_Recognition_of_Human_Activities_4153,1.0,0.0423371791839599,0.0002462863922119,1.0,0.0,0.0,1.0,0.0,0.0,1.0,0.0,0.0,0.0,0.0,0.0,0.0,0.0,0.0,0.0,0.0,0.0,0.0,0.0,0.0,0.0,0.0,1.0,0.0,0.0,4.659923396688475e-05,0.0,0.0,1.0
Smartphone-Based_Recognition_of_Human_Activities_4153,1.0,0.0951893329620361,0.0003054141998291,1.0,0.0,0.0,1.0,0.0,0.0,0.0,0.0,0.0,0.0,0.0,0.0,0.0,1.0,0.0,0.0,0.0,0.0,0.0,0.0,0.0,0.0,0.0,1.0,0.0,0.0,1.6869765776150587e-05,0.0,0.0,1.0
Smartphone-Based_Recognition_of_Human_Activities_4153,1.0,0.0013165473937988,0.0001568794250488,0.0,1.0,0.0,0.0,1.0,0.0,0.0,0.0,0.0,0.0,1.0,0.0,0.0,0.0,0.0,0.0,0.0,0.0,0.0,0.0,0.0,0.0,0.0,0.0,1.0,0.0,5.213833478097069e-05,0.0,0.0,1.0
Smartphone-Based_Recognition_of_Human_Activities_4153,1.0,0.171173095703125,0.0002655982971191,0.0,1.0,0.0,1.0,0.0,0.0,0.0,0.0,0.0,0.0,0.0,0.0,1.0,0.0,0.0,0.0,0.0,0.0,0.0,0.0,0.0,0.0,0.0,0.0,1.0,0.0,2.218528247845501e-05,0.0,0.0,1.0
Smartphone-Based_Recognition_of_Human_Activities_4153,1.0,0.0013535022735595,0.0001568794250488,1.0,0.0,0.0,1.0,0.0,0.0,0.0,0.0,0.0,0.0,1.0,0.0,0.0,0.0,0.0,0.0,0.0,0.0,0.0,0.0,0.0,0.0,0.0,0.0,1.0,0.0,0.0001101435091221,0.0,0.0,1.0
Smartphone-Based_Recognition_of_Human_Activities_4153,1.0,0.0014774799346923,0.000166893005371,1.0,0.0,0.0,1.0,0.0,0.0,0.0,0.0,0.0,0.0,1.0,0.0,0.0,0.0,0.0,0.0,0.0,0.0,0.0,0.0,0.0,0.0,1.0,0.0,0.0,0.0,0.0001147065889235,0.0,1.0,0.0
Smartphone-Based_Recognition_of_Human_Activities_4153,1.0,0.0582191944122314,0.0002784729003906,1.0,0.0,0.0,1.0,0.0,0.0,0.0,0.0,0.0,1.0,0.0,0.0,0.0,0.0,0.0,0.0,0.0,0.0,0.0,0.0,0.0,0.0,1.0,0.0,0.0,0.0,7.49228889986921e-05,0.0,0.0,1.0
bodyfat_778,1.0,0.0011670589447021,0.0001130104064941,0.0,1.0,0.0,1.0,0.0,1.0,0.0,0.0,0.0,0.0,0.0,0.0,0.0,0.0,0.0,0.0,0.0,0.0,0.0,0.0,0.0,0.0,0.0,1.0,0.0,0.0,2.226520725919009e-05,0.0,0.0,1.0
bodyfat_778,1.0,0.0010740756988525,0.0001082420349121,0.0,1.0,0.0,0.0,1.0,0.0,0.0,0.0,1.0,0.0,0.0,0.0,0.0,0.0,0.0,0.0,0.0,0.0,0.0,0.0,0.0,0.0,1.0,0.0,0.0,0.0,1.7276842946342212e-05,0.0,0.0,1.0
bodyfat_778,1.0,0.0011181831359863,0.0001134872436523,0.0,1.0,0.0,0.0,1.0,0.0,0.0,0.0,1.0,0.0,0.0,0.0,0.0,0.0,0.0,0.0,0.0,0.0,0.0,0.0,0.0,0.0,1.0,0.0,0.0,-1.0,1.6189595288209646e-05,1.0,0.0,0.0
bodyfat_778,1.0,0.0010812282562255,0.0001115798950195,0.0,1.0,0.0,0.0,1.0,0.0,0.0,0.0,1.0,0.0,0.0,0.0,0.0,0.0,0.0,0.0,0.0,0.0,0.0,0.0,0.0,0.0,1.0,0.0,0.0,0.0,1.6762141672275656e-05,0.0,0.0,1.0
bodyfat_778,1.0,0.0012054443359375,0.0001206398010253,1.0,0.0,1.0,0.0,0.0,0.0,0.0,0.0,1.0,0.0,0.0,0.0,0.0,0.0,0.0,0.0,0.0,0.0,0.0,1.0,0.0,0.0,0.0,0.0,0.0,0.0,3.888270903015065e-05,0.0,0.0,1.0
bodyfat_778,1.0,0.001718521118164,0.0001485347747802,0.0,1.0,0.0,0.0,1.0,0.0,0.0,0.0,0.0,1.0,0.0,0.0,0.0,0.0,0.0,0.0,0.0,0.0,0.0,0.0,0.0,0.0,1.0,0.0,0.0,0.0,1.008622902073714e-05,0.0,1.0,0.0
bodyfat_778,1.0,0.0011050701141357,0.0001192092895507,0.0,1.0,1.0,0.0,0.0,0.0,0.0,0.0,1.0,0.0,0.0,0.0,0.0,0.0,0.0,0.0,0.0,0.0,0.0,1.0,0.0,0.0,0.0,0.0,0.0,0.0,1.3320257628568055e-05,0.0,0.0,1.0
bodyfat_778,1.0,0.0013303756713867,0.0001208782196044,0.0,1.0,1.0,0.0,0.0,0.0,0.0,0.0,1.0,0.0,0.0,0.0,0.0,0.0,0.0,0.0,0.0,0.0,0.0,1.0,0.0,0.0,0.0,0.0,0.0,-1.0,8.72747823188317e-05,1.0,0.0,0.0
bodyfat_778,1.0,0.0012245178222656,0.0001177787780761,0.0,1.0,1.0,0.0,0.0,0.0,0.0,0.0,0.0,0.0,0.0,0.0,0.0,0.0,0.0,0.0,1.0,0.0,0.0,1.0,0.0,0.0,0.0,0.0,0.0,0.0,2.3194304262966715e-05,1.0,0.0,0.0
bodyfat_778,1.0,0.0012257099151611,0.0001137256622314,0.0,1.0,1.0,0.0,0.0,0.0,0.0,0.0,0.0,0.0,0.0,0.0,0.0,0.0,0.0,0.0,1.0,0.0,0.0,1.0,0.0,0.0,0.0,0.0,0.0,0.0,3.363240258162558e-05,0.0,0.0,1.0
bodyfat_778,1.0,0.0012352466583251,0.0001401901245117,0.0,1.0,0.0,0.0,1.0,0.0,0.0,0.0,0.0,0.0,0.0,0.0,0.0,0.0,0.0,0.0,0.0,1.0,0.0,0.0,0.0,0.0,1.0,0.0,0.0,-1.0,5.0891484343830834e-05,1.0,0.0,0.0
bodyfat_778,1.0,0.0015156269073486,0.0001258850097656,0.0,1.0,0.0,0.0,1.0,0.0,0.0,0.0,0.0,0.0,0.0,1.0,0.0,0.0,0.0,0.0,0.0,0.0,0.0,0.0,0.0,0.0,1.0,0.0,0.0,-1.0,1.200335994923869e-05,0.0,1.0,0.0
bodyfat_778,1.0,0.0012333393096923,0.0001161098480224,0.0,1.0,0.0,0.0,1.0,0.0,0.0,0.0,0.0,0.0,0.0,0.0,0.0,0.0,0.0,0.0,1.0,0.0,0.0,0.0,0.0,0.0,1.0,0.0,0.0,0.0,2.754503996847616e-05,0.0,0.0,1.0
bodyfat_778,1.0,0.0012154579162597,0.0001323223114013,0.0,1.0,0.0,0.0,1.0,0.0,0.0,0.0,0.0,0.0,0.0,0.0,0.0,0.0,0.0,0.0,1.0,0.0,0.0,0.0,0.0,0.0,1.0,0.0,0.0,0.2961884865431956,0.000357581506886,1.0,0.0,0.0
bodyfat_778,1.0,0.0021569728851318,0.0002079010009765,1.0,0.0,0.0,0.0,1.0,0.0,0.0,0.0,0.0,1.0,0.0,0.0,0.0,0.0,0.0,0.0,0.0,0.0,0.0,0.0,0.0,0.0,1.0,0.0,0.0,0.5425888831674059,4.806112384677568e-05,1.0,0.0,0.0
bodyfat_778,1.0,0.0010595321655273,0.0001122951507568,1.0,0.0,0.0,0.0,1.0,0.0,0.0,0.0,0.0,0.0,1.0,0.0,0.0,0.0,0.0,0.0,0.0,0.0,0.0,0.0,0.0,0.0,1.0,0.0,0.0,0.0,2.356780783707461e-05,0.0,0.0,1.0
bodyfat_778,1.0,0.001162052154541,0.0001139640808105,1.0,0.0,0.0,0.0,1.0,0.0,0.0,0.0,0.0,0.0,1.0,0.0,0.0,0.0,0.0,0.0,0.0,0.0,0.0,0.0,0.0,0.0,1.0,0.0,0.0,-1.0,2.485930688164708e-05,1.0,0.0,0.0
bodyfat_778,1.0,0.001300573348999,0.0001263618469238,1.0,0.0,0.0,1.0,0.0,1.0,0.0,0.0,0.0,0.0,0.0,0.0,0.0,0.0,0.0,0.0,0.0,0.0,0.0,1.0,0.0,0.0,0.0,0.0,0.0,-1.0,0.0009321071311908,1.0,0.0,0.0
bodyfat_778,1.0,0.0011205673217773,0.0001139640808105,0.0,1.0,1.0,0.0,0.0,0.0,0.0,0.0,1.0,0.0,0.0,0.0,0.0,0.0,0.0,0.0,0.0,0.0,0.0,1.0,0.0,0.0,0.0,0.0,0.0,0.0,1.9811193318885213e-05,0.0,1.0,0.0
bodyfat_778,1.0,0.0011899471282958,0.0001163482666015,0.0,1.0,1.0,0.0,0.0,1.0,0.0,0.0,0.0,0.0,0.0,0.0,0.0,0.0,0.0,0.0,0.0,0.0,0.0,1.0,0.0,0.0,0.0,0.0,0.0,0.0,0.0006468989354015,0.0,0.0,1.0
socmob_934,0.961038961038961,0.2765581607818603,0.0002622604370117,0.0,1.0,0.0,1.0,0.0,0.0,0.0,0.0,0.0,0.0,0.0,0.0,1.0,0.0,0.0,0.0,0.0,0.0,0.0,0.0,0.0,0.0,0.0,1.0,0.0,0.0,1.449070892919634e-05,0.0,0.0,1.0
socmob_934,0.961038961038961,0.389150857925415,0.0002729892730712,0.0,1.0,0.0,1.0,0.0,0.0,0.0,0.0,0.0,0.0,0.0,0.0,1.0,0.0,0.0,0.0,0.0,0.0,0.0,0.0,0.0,0.0,1.0,0.0,0.0,0.0,0.0005608682808653,1.0,0.0,0.0
socmob_934,0.961038961038961,0.3818292617797851,0.003281831741333,1.0,0.0,0.0,1.0,0.0,0.0,0.0,0.0,0.0,0.0,0.0,0.0,1.0,0.0,0.0,0.0,0.0,0.0,0.0,0.0,0.0,0.0,1.0,0.0,0.0,-1.0,0.0001032363412397,0.0,1.0,0.0
socmob_934,0.961038961038961,0.3910937309265136,0.0002760887145996,1.0,0.0,0.0,1.0,0.0,0.0,0.0,0.0,0.0,0.0,0.0,0.0,1.0,0.0,0.0,0.0,0.0,0.0,0.0,0.0,0.0,0.0,0.0,1.0,0.0,-1.0,0.0001649721916679,0.0,1.0,0.0
socmob_934,0.956896551724138,0.3688850402832031,0.0002667903900146,1.0,0.0,0.0,1.0,0.0,0.0,0.0,0.0,0.0,0.0,0.0,0.0,1.0,0.0,0.0,0.0,0.0,0.0,0.0,0.0,0.0,0.0,0.0,1.0,0.0,-1.0,3.1035831249613274e-05,1.0,0.0,0.0
socmob_934,0.956896551724138,0.3613519668579101,0.0002784729003906,0.0,1.0,0.0,1.0,0.0,0.0,0.0,0.0,0.0,0.0,0.0,0.0,1.0,0.0,0.0,0.0,0.0,0.0,0.0,0.0,0.0,0.0,0.0,1.0,0.0,0.0,0.0006269275425026,0.0,0.0,1.0
socmob_934,0.9567099567099568,0.2860107421875,0.000342845916748,1.0,0.0,0.0,0.0,1.0,0.0,0.0,0.0,0.0,0.0,0.0,0.0,0.0,0.0,0.0,1.0,0.0,0.0,0.0,0.0,0.0,0.0,1.0,0.0,0.0,0.0,0.0001493794548719,0.0,0.0,1.0
socmob_934,0.9567099567099568,0.2748939990997314,0.0002689361572265,0.0,1.0,0.0,0.0,1.0,0.0,0.0,0.0,0.0,0.0,0.0,0.0,0.0,0.0,0.0,1.0,0.0,0.0,0.0,0.0,0.0,0.0,1.0,0.0,0.0,-1.0,0.000224595015015,0.0,1.0,0.0
socmob_934,0.9523809523809524,0.3477983474731445,0.0002675056457519,0.0,1.0,0.0,0.0,1.0,0.0,0.0,0.0,0.0,0.0,0.0,0.0,1.0,0.0,0.0,0.0,0.0,0.0,0.0,0.0,0.0,0.0,1.0,0.0,0.0,0.0,0.0001298739398233,0.0,0.0,1.0
socmob_934,0.9523809523809524,0.2810502052307129,0.0002658367156982,0.0,1.0,0.0,0.0,1.0,0.0,0.0,0.0,0.0,0.0,0.0,0.0,1.0,0.0,0.0,0.0,0.0,0.0,0.0,0.0,0.0,0.0,0.0,0.0,1.0,0.0,1.7802021212535926e-05,0.0,1.0,0.0
socmob_934,0.9523809523809524,0.0026466846466064,0.0001716613769531,0.0,1.0,0.0,0.0,1.0,0.0,0.0,0.0,0.0,0.0,0.0,0.0,0.0,0.0,1.0,0.0,0.0,0.0,0.0,0.0,0.0,0.0,1.0,0.0,0.0,-1.0,0.0004703805603576,1.0,0.0,0.0
socmob_934,0.9523809523809524,0.313586950302124,0.0002696514129638,1.0,0.0,0.0,0.0,1.0,0.0,0.0,0.0,0.0,0.0,0.0,0.0,1.0,0.0,0.0,0.0,0.0,0.0,0.0,0.0,0.0,0.0,0.0,0.0,1.0,0.0,2.329004243821949e-05,0.0,0.0,1.0
socmob_934,0.9523809523809524,0.3948638439178467,0.00091552734375,1.0,0.0,0.0,0.0,1.0,0.0,0.0,0.0,0.0,0.0,0.0,0.0,1.0,0.0,0.0,0.0,0.0,0.0,0.0,0.0,0.0,0.0,1.0,0.0,0.0,-1.0,3.8361541799303136e-05,1.0,0.0,0.0
socmob_934,0.9523809523809524,0.0016448497772216,0.0001564025878906,1.0,0.0,0.0,1.0,0.0,1.0,0.0,0.0,0.0,0.0,0.0,0.0,0.0,0.0,0.0,0.0,0.0,0.0,0.0,0.0,0.0,1.0,0.0,0.0,0.0,0.0,0.0002182917144968,1.0,0.0,0.0
socmob_934,0.9523809523809524,0.0030186176300048,0.0001897811889648,1.0,0.0,0.0,0.0,1.0,0.0,0.0,0.0,0.0,0.0,0.0,0.0,0.0,0.0,1.0,0.0,0.0,0.0,0.0,0.0,0.0,0.0,1.0,0.0,0.0,0.0,1.5369458976601782e-05,1.0,0.0,0.0
socmob_934,0.9523809523809524,0.0017259120941162,0.0001575946807861,0.0,1.0,0.0,1.0,0.0,1.0,0.0,0.0,0.0,0.0,0.0,0.0,0.0,0.0,0.0,0.0,0.0,0.0,0.0,0.0,0.0,1.0,0.0,0.0,0.0,0.0,0.0007358824244896,0.0,1.0,0.0
socmob_934,0.9482758620689656,1.9075791835784912,0.0004456043243408,0.0,1.0,0.0,1.0,0.0,0.0,0.0,0.0,0.0,0.0,0.0,0.0,0.0,0.0,1.0,0.0,0.0,0.0,0.0,1.0,0.0,0.0,0.0,0.0,0.0,0.0,1.7711492929811847e-05,1.0,0.0,0.0
socmob_934,0.9482758620689656,1.8970513343811035,0.0004448890686035,1.0,0.0,0.0,1.0,0.0,0.0,0.0,0.0,0.0,0.0,0.0,0.0,0.0,0.0,1.0,0.0,0.0,0.0,1.0,0.0,0.0,0.0,0.0,0.0,0.0,-1.0,0.0002159294561289,1.0,0.0,0.0
socmob_934,0.9482758620689656,1.8447177410125728,0.0005619525909423,0.0,1.0,0.0,1.0,0.0,0.0,0.0,0.0,0.0,0.0,0.0,0.0,0.0,0.0,1.0,0.0,0.0,0.0,0.0,0.0,0.0,0.0,0.0,1.0,0.0,0.1942517032171994,0.0001863134281996,1.0,0.0,0.0
socmob_934,0.9482758620689656,0.0537054538726806,0.0022351741790771,1.0,0.0,0.0,1.0,0.0,0.0,0.0,0.0,0.0,0.0,0.0,0.0,0.0,1.0,0.0,0.0,0.0,0.0,1.0,0.0,0.0,0.0,0.0,0.0,0.0,0.0,0.0002489206420989,0.0,0.0,1.0
servo_747,1.0,0.0012521743774414,0.0001218318939208,1.0,0.0,0.0,1.0,0.0,0.0,0.0,0.0,0.0,0.0,0.0,0.0,0.0,1.0,0.0,0.0,0.0,0.0,0.0,1.0,0.0,0.0,0.0,0.0,0.0,0.0,7.356878941609826e-05,0.0,0.0,1.0
servo_747,1.0,0.0012662410736083,0.0001344680786132,0.0,1.0,0.0,0.0,1.0,0.0,0.0,0.0,0.0,1.0,0.0,0.0,0.0,0.0,0.0,0.0,0.0,0.0,0.0,0.0,0.0,0.0,1.0,0.0,0.0,0.0,5.815277200041668e-05,0.0,0.0,1.0
servo_747,1.0,0.0010850429534912,0.0001158714294433,0.0,1.0,0.0,0.0,1.0,0.0,0.0,0.0,0.0,0.0,0.0,0.0,0.0,1.0,0.0,0.0,0.0,0.0,0.0,0.0,0.0,0.0,1.0,0.0,0.0,0.0,0.0009022273150409,0.0,0.0,1.0
servo_747,1.0,0.0013043880462646,0.0001361370086669,0.0,1.0,0.0,0.0,1.0,0.0,0.0,0.0,0.0,0.0,0.0,1.0,0.0,0.0,0.0,0.0,0.0,0.0,0.0,0.0,0.0,0.0,1.0,0.0,0.0,0.0,0.0004308409427185,0.0,1.0,0.0
servo_747,1.0,0.0011420249938964,0.0001187324523925,0.0,1.0,0.0,0.0,1.0,0.0,1.0,0.0,0.0,0.0,0.0,0.0,0.0,0.0,0.0,0.0,0.0,0.0,0.0,0.0,0.0,0.0,1.0,0.0,0.0,0.0,9.351629340579928e-05,0.0,0.0,1.0
servo_747,1.0,0.0013279914855957,0.0001308917999267,0.0,1.0,0.0,0.0,1.0,0.0,0.0,0.0,0.0,0.0,0.0,0.0,0.0,0.0,1.0,0.0,0.0,0.0,0.0,0.0,0.0,0.0,1.0,0.0,0.0,-1.0,2.3149156780551928e-05,0.0,1.0,0.0
servo_747,1.0,0.0029060840606689,0.0001423358917236,0.0,1.0,0.0,0.0,1.0,0.0,0.0,0.0,0.0,1.0,0.0,0.0,0.0,0.0,0.0,0.0,0.0,0.0,0.0,0.0,0.0,1.0,0.0,0.0,0.0,0.0,0.0006040976856631,1.0,0.0,0.0
servo_747,1.0,0.0080418586730957,0.0002391338348388,1.0,0.0,0.0,1.0,0.0,0.0,0.0,0.0,0.0,0.0,0.0,0.0,0.0,0.0,1.0,0.0,0.0,0.0,0.0,1.0,0.0,0.0,0.0,0.0,0.0,0.0,0.0001983804507876,0.0,0.0,1.0
servo_747,1.0,0.0779759883880615,0.0002355575561523,1.0,0.0,0.0,0.0,1.0,0.0,0.0,0.0,0.0,0.0,0.0,0.0,1.0,0.0,0.0,0.0,0.0,0.0,0.0,1.0,0.0,0.0,0.0,0.0,0.0,0.0,1.868731037322816e-05,1.0,0.0,0.0
servo_747,1.0,0.0012481212615966,0.0001196861267089,1.0,0.0,0.0,0.0,1.0,0.0,0.0,0.0,0.0,0.0,0.0,0.0,0.0,0.0,1.0,0.0,0.0,0.0,0.0,1.0,0.0,0.0,0.0,0.0,0.0,0.0,2.323853600307732e-05,0.0,0.0,1.0
servo_747,1.0,0.0012533664703369,0.0001201629638671,1.0,0.0,0.0,0.0,1.0,0.0,0.0,0.0,0.0,0.0,0.0,0.0,0.0,0.0,1.0,0.0,0.0,0.0,0.0,1.0,0.0,0.0,0.0,0.0,0.0,0.0,0.0001206812277626,0.0,1.0,0.0
servo_747,1.0,0.0012412071228027,0.0001201629638671,1.0,0.0,0.0,1.0,0.0,0.0,0.0,0.0,0.0,0.0,0.0,0.0,0.0,1.0,0.0,0.0,0.0,0.0,0.0,0.0,1.0,0.0,0.0,0.0,0.0,0.0,0.0001017108479704,0.0,0.0,1.0
servo_747,1.0,0.0011780261993408,0.0001261234283447,1.0,0.0,0.0,0.0,1.0,0.0,0.0,0.0,0.0,0.0,0.0,0.0,0.0,0.0,1.0,0.0,0.0,0.0,0.0,0.0,0.0,0.0,0.0,0.0,1.0,0.0,6.585130328095935e-05,0.0,0.0,1.0
servo_747,1.0,0.0202386379241943,0.0001716613769531,1.0,0.0,0.0,0.0,1.0,0.0,0.0,0.0,0.0,0.0,0.0,0.0,1.0,0.0,0.0,0.0,0.0,0.0,0.0,0.0,0.0,0.0,0.0,0.0,1.0,0.0,7.1408184328267e-05,1.0,0.0,0.0
servo_747,1.0,0.0867598056793212,0.000211477279663,0.0,1.0,0.0,0.0,1.0,0.0,0.0,0.0,0.0,0.0,0.0,0.0,1.0,0.0,0.0,0.0,0.0,0.0,0.0,1.0,0.0,0.0,0.0,0.0,0.0,-1.0,2.210063505104766e-05,0.0,1.0,0.0
servo_747,1.0,0.0012733936309814,0.0001306533813476,1.0,0.0,0.0,1.0,0.0,0.0,0.0,0.0,0.0,0.0,1.0,0.0,0.0,0.0,0.0,0.0,0.0,0.0,0.0,0.0,0.0,0.0,0.0,1.0,0.0,0.6217798595681352,3.242887464557956e-05,0.0,1.0,0.0
servo_747,1.0,0.0037362575531005,0.0001754760742187,0.0,1.0,0.0,1.0,0.0,0.0,0.0,0.0,0.0,0.0,0.0,0.0,0.0,0.0,1.0,0.0,0.0,0.0,0.0,0.0,0.0,1.0,0.0,0.0,0.0,-1.0,9.669785877179588e-05,1.0,0.0,0.0
servo_747,1.0,0.0048675537109375,0.0001509189605712,0.0,1.0,0.0,1.0,0.0,0.0,0.0,0.0,0.0,1.0,0.0,0.0,0.0,0.0,0.0,0.0,0.0,0.0,0.0,0.0,0.0,1.0,0.0,0.0,0.0,0.0,1.340939799018203e-05,0.0,0.0,1.0
servo_747,1.0,0.0012776851654052,0.0001254081726074,0.0,1.0,0.0,1.0,0.0,0.0,0.0,0.0,0.0,0.0,0.0,1.0,0.0,0.0,0.0,0.0,0.0,0.0,0.0,0.0,0.0,1.0,0.0,0.0,0.0,0.0,5.074165024809448e-05,0.0,0.0,1.0
servo_747,1.0,0.0012800693511962,0.0001196861267089,0.0,1.0,0.0,1.0,0.0,0.0,0.0,0.0,0.0,0.0,0.0,0.0,0.0,1.0,0.0,0.0,0.0,0.0,0.0,0.0,0.0,1.0,0.0,0.0,0.0,0.0,2.6348001191913693e-05,0.0,1.0,0.0
KnuggetChase3_1448,0.9210526315789472,0.0018537044525146,0.000180959701538,0.0,1.0,1.0,0.0,0.0,0.0,0.0,0.0,0.0,1.0,0.0,0.0,0.0,0.0,0.0,0.0,0.0,0.0,0.0,0.0,0.0,0.0,0.0,1.0,0.0,0.0,2.2350970710632143e-05,0.0,0.0,1.0
KnuggetChase3_1448,0.9210526315789472,0.0015726089477539,0.0001542568206787,1.0,0.0,1.0,0.0,0.0,0.0,1.0,0.0,0.0,0.0,0.0,0.0,0.0,0.0,0.0,0.0,0.0,0.0,0.0,1.0,0.0,0.0,0.0,0.0,0.0,0.0,1.9642014845647257e-05,0.0,1.0,0.0
KnuggetChase3_1448,0.9210526315789472,0.001021385192871,0.0001494884490966,0.0,1.0,1.0,0.0,0.0,0.0,0.0,0.0,0.0,0.0,1.0,0.0,0.0,0.0,0.0,0.0,0.0,0.0,1.0,0.0,0.0,0.0,0.0,0.0,0.0,0.3768202555739561,1.9071237085855963e-05,1.0,0.0,0.0
KnuggetChase3_1448,0.9210526315789472,0.0015814304351806,0.0001568794250488,1.0,0.0,1.0,0.0,0.0,0.0,0.0,0.0,0.0,0.0,0.0,0.0,0.0,1.0,0.0,0.0,0.0,0.0,0.0,1.0,0.0,0.0,0.0,0.0,0.0,-1.0,2.0935236327192183e-05,0.0,1.0,0.0
KnuggetChase3_1448,0.9210526315789472,0.001694917678833,0.0001649856567382,0.0,1.0,1.0,0.0,0.0,0.0,0.0,0.0,0.0,0.0,0.0,1.0,0.0,0.0,0.0,0.0,0.0,0.0,0.0,0.0,0.0,0.0,0.0,1.0,0.0,0.9254455261851698,5.601003826632688e-05,0.0,1.0,0.0
KnuggetChase3_1448,0.9210526315789472,0.0015876293182373,0.0001552104949951,1.0,0.0,1.0,0.0,0.0,0.0,1.0,0.0,0.0,0.0,0.0,0.0,0.0,0.0,0.0,0.0,0.0,0.0,0.0,0.0,0.0,0.0,0.0,0.0,1.0,-1.0,1.5955489063398603e-05,0.0,1.0,0.0
KnuggetChase3_1448,0.9210526315789472,0.001697301864624,0.0001640319824218,0.0,1.0,0.0,0.0,1.0,0.0,0.0,0.0,0.0,0.0,0.0,1.0,0.0,0.0,0.0,0.0,0.0,0.0,1.0,0.0,0.0,0.0,0.0,0.0,0.0,0.0,0.0006224190380466,0.0,0.0,1.0
KnuggetChase3_1448,0.9210526315789472,0.0015881061553955,0.0001590251922607,1.0,0.0,0.0,1.0,0.0,0.0,1.0,0.0,0.0,0.0,0.0,0.0,0.0,0.0,0.0,0.0,0.0,0.0,0.0,0.0,0.0,0.0,0.0,0.0,1.0,0.0,9.904493031323344e-05,0.0,1.0,0.0
KnuggetChase3_1448,0.9210526315789472,0.0017297267913818,0.0001726150512695,0.0,1.0,0.0,1.0,0.0,0.0,0.0,0.0,0.0,0.0,0.0,1.0,0.0,0.0,0.0,0.0,0.0,0.0,1.0,0.0,0.0,0.0,0.0,0.0,0.0,0.0,0.0001022235535475,0.0,0.0,1.0
KnuggetChase3_1448,0.9210526315789472,0.0023090839385986,0.0002257823944091,1.0,0.0,0.0,0.0,1.0,0.0,0.0,0.0,0.0,1.0,0.0,0.0,0.0,0.0,0.0,0.0,0.0,0.0,1.0,0.0,0.0,0.0,0.0,0.0,0.0,0.0,2.643532010071197e-05,0.0,0.0,1.0
KnuggetChase3_1448,0.9210526315789472,0.0015802383422851,0.000159740447998,1.0,0.0,0.0,0.0,1.0,0.0,1.0,0.0,0.0,0.0,0.0,0.0,0.0,0.0,0.0,0.0,0.0,0.0,0.0,0.0,0.0,0.0,0.0,1.0,0.0,0.484511717710975,0.000542388421011,0.0,1.0,0.0
KnuggetChase3_1448,0.9210526315789472,0.0012097358703613,0.0001564025878906,1.0,0.0,0.0,0.0,1.0,0.0,0.0,0.0,0.0,0.0,1.0,0.0,0.0,0.0,0.0,0.0,0.0,0.0,1.0,0.0,0.0,0.0,0.0,0.0,0.0,0.0,0.0004531710337802,1.0,0.0,0.0
KnuggetChase3_1448,0.9210526315789472,0.0016660690307617,0.0001602172851562,1.0,0.0,0.0,1.0,0.0,0.0,1.0,0.0,0.0,0.0,0.0,0.0,0.0,0.0,0.0,0.0,0.0,0.0,0.0,1.0,0.0,0.0,0.0,0.0,0.0,0.0,1.1708253049903096e-05,0.0,0.0,1.0
KnuggetChase3_1448,0.9210526315789472,0.0024702548980712,0.0008962154388427,1.0,0.0,0.0,1.0,0.0,0.0,0.0,0.0,0.0,0.0,0.0,1.0,0.0,0.0,0.0,0.0,0.0,0.0,0.0,1.0,0.0,0.0,0.0,0.0,0.0,0.19901615888746,0.0002916142200061,0.0,1.0,0.0
KnuggetChase3_1448,0.9210526315789472,0.0015530586242675,0.0001661777496337,0.0,1.0,0.0,0.0,1.0,0.0,0.0,0.0,0.0,0.0,0.0,0.0,0.0,1.0,0.0,0.0,0.0,0.0,0.0,0.0,0.0,1.0,0.0,0.0,0.0,-1.0,2.336352172230339e-05,0.0,1.0,0.0
KnuggetChase3_1448,0.9210526315789472,0.0016469955444335,0.0001697540283203,0.0,1.0,0.0,0.0,1.0,0.0,1.0,0.0,0.0,0.0,0.0,0.0,0.0,0.0,0.0,0.0,0.0,0.0,0.0,0.0,0.0,1.0,0.0,0.0,0.0,-1.0,0.0001291914250519,1.0,0.0,0.0
KnuggetChase3_1448,0.9210526315789472,0.0015444755554199,0.0001702308654785,1.0,0.0,0.0,1.0,0.0,0.0,0.0,0.0,0.0,1.0,0.0,0.0,0.0,0.0,0.0,0.0,0.0,0.0,0.0,1.0,0.0,0.0,0.0,0.0,0.0,0.0,0.0005508540395789,0.0,0.0,1.0
KnuggetChase3_1448,0.9210526315789472,0.0015475749969482,0.0001528263092041,0.0,1.0,1.0,0.0,0.0,0.0,0.0,0.0,0.0,0.0,0.0,1.0,0.0,0.0,0.0,0.0,0.0,0.0,0.0,0.0,0.0,1.0,0.0,0.0,0.0,-1.0,0.0007380836550603,1.0,0.0,0.0
KnuggetChase3_1448,0.9210526315789472,0.0018270015716552,0.0001959800720214,0.0,1.0,0.0,0.0,1.0,0.0,0.0,0.0,0.0,0.0,0.0,1.0,0.0,0.0,0.0,0.0,0.0,0.0,0.0,0.0,0.0,1.0,0.0,0.0,0.0,0.7755879514681396,2.33832393448635e-05,1.0,0.0,0.0
KnuggetChase3_1448,0.9210526315789472,0.0018258094787597,0.0001897811889648,0.0,1.0,1.0,0.0,0.0,0.0,0.0,0.0,0.0,1.0,0.0,0.0,0.0,0.0,0.0,0.0,0.0,0.0,0.0,0.0,0.0,0.0,0.0,0.0,1.0,0.0,0.0007570979131017,0.0,0.0,1.0
analcatdata_wildcat_748,0.875,0.0009033679962158,9.822845458984376e-05,1.0,0.0,1.0,0.0,0.0,0.0,0.0,0.0,0.0,0.0,0.0,0.0,0.0,0.0,0.0,0.0,0.0,1.0,0.0,0.0,0.0,1.0,0.0,0.0,0.0,0.0,1.3777342931738344e-05,0.0,0.0,1.0
analcatdata_wildcat_748,0.875,0.000887393951416,9.918212890625e-05,1.0,0.0,1.0,0.0,0.0,0.0,0.0,0.0,0.0,0.0,0.0,0.0,0.0,0.0,0.0,0.0,0.0,1.0,0.0,0.0,0.0,1.0,0.0,0.0,0.0,0.0,0.0006586475613192,0.0,0.0,1.0
analcatdata_wildcat_748,0.875,0.0009663105010986,0.0001051425933837,0.0,1.0,0.0,1.0,0.0,0.0,0.0,0.0,0.0,0.0,0.0,0.0,0.0,0.0,0.0,0.0,0.0,1.0,0.0,0.0,0.0,1.0,0.0,0.0,0.0,0.0,0.0003504709276436,0.0,0.0,1.0
analcatdata_wildcat_748,0.875,0.001345157623291,0.0001168251037597,1.0,0.0,1.0,0.0,0.0,0.0,0.0,0.0,0.0,0.0,0.0,0.0,0.0,0.0,1.0,0.0,0.0,0.0,1.0,0.0,0.0,0.0,0.0,0.0,0.0,0.0,0.000672433904332,0.0,0.0,1.0
analcatdata_wildcat_748,0.875,0.001209020614624,0.0001063346862792,0.0,1.0,1.0,0.0,0.0,0.0,0.0,0.0,0.0,0.0,0.0,0.0,0.0,0.0,1.0,0.0,0.0,0.0,0.0,1.0,0.0,0.0,0.0,0.0,0.0,0.4537717171451467,5.3987404978911046e-05,1.0,0.0,0.0
analcatdata_wildcat_748,0.875,0.0010385513305664,0.0001106262207031,1.0,0.0,0.0,1.0,0.0,0.0,0.0,0.0,0.0,0.0,0.0,0.0,0.0,0.0,0.0,0.0,0.0,1.0,0.0,0.0,0.0,0.0,1.0,0.0,0.0,0.0,0.0007613048275349,0.0,0.0,1.0
analcatdata_wildcat_748,0.875,0.0009040832519531,9.846687316894533e-05,1.0,0.0,0.0,0.0,1.0,0.0,0.0,0.0,0.0,0.0,0.0,0.0,0.0,0.0,0.0,0.0,0.0,1.0,0.0,0.0,0.0,1.0,0.0,0.0,0.0,0.0,0.0004335444234551,0.0,0.0,1.0
analcatdata_wildcat_748,0.875,0.0013995170593261,0.0001161098480224,1.0,0.0,0.0,1.0,0.0,0.0,0.0,0.0,0.0,0.0,0.0,0.0,0.0,0.0,1.0,0.0,0.0,0.0,0.0,0.0,0.0,1.0,0.0,0.0,0.0,-1.0,4.5357075214126295e-05,1.0,0.0,0.0
analcatdata_wildcat_748,0.875,0.0014178752899169,0.0001277923583984,1.0,0.0,1.0,0.0,0.0,0.0,0.0,0.0,0.0,0.0,0.0,0.0,0.0,0.0,1.0,0.0,0.0,0.0,0.0,1.0,0.0,0.0,0.0,0.0,0.0,-1.0,4.762865655682564e-05,0.0,1.0,0.0
analcatdata_wildcat_748,0.875,0.0012130737304687,0.0001230239868164,0.0,1.0,1.0,0.0,0.0,0.0,0.0,0.0,0.0,0.0,0.0,0.0,0.0,0.0,1.0,0.0,0.0,0.0,0.0,0.0,0.0,0.0,0.0,0.0,1.0,0.0,5.1812068250684894e-05,0.0,0.0,1.0
analcatdata_wildcat_748,0.875,0.0013225078582763,0.0001144409179687,0.0,1.0,0.0,0.0,1.0,0.0,0.0,0.0,0.0,0.0,0.0,0.0,0.0,0.0,1.0,0.0,0.0,0.0,0.0,0.0,0.0,0.0,0.0,1.0,0.0,0.0,0.000150512816515,0.0,0.0,1.0
analcatdata_wildcat_748,0.875,0.001253604888916,0.0001122951507568,1.0,0.0,0.0,1.0,0.0,0.0,0.0,0.0,0.0,0.0,0.0,0.0,0.0,0.0,1.0,0.0,0.0,0.0,0.0,0.0,0.0,0.0,0.0,1.0,0.0,0.537002571836898,2.310992493984137e-05,0.0,1.0,0.0
analcatdata_wildcat_748,0.875,0.0725460052490234,0.0001816749572753,1.0,0.0,1.0,0.0,0.0,0.0,0.0,0.0,0.0,0.0,0.0,0.0,1.0,0.0,0.0,0.0,0.0,0.0,0.0,0.0,1.0,0.0,0.0,0.0,0.0,0.0,7.362067083867379e-05,0.0,0.0,1.0
analcatdata_wildcat_748,0.875,0.0012519359588623,0.0001158714294433,1.0,0.0,1.0,0.0,0.0,0.0,0.0,0.0,0.0,0.0,0.0,0.0,0.0,0.0,1.0,0.0,0.0,0.0,0.0,0.0,0.0,0.0,0.0,0.0,1.0,0.0,1.3655922646557424e-05,0.0,0.0,1.0
analcatdata_wildcat_748,0.875,0.0045595169067382,0.0001506805419921,1.0,0.0,1.0,0.0,0.0,0.0,0.0,0.0,0.0,0.0,0.0,0.0,0.0,0.0,0.0,1.0,0.0,0.0,0.0,0.0,0.0,0.0,1.0,0.0,0.0,0.0,5.207520079082761e-05,0.0,0.0,1.0
analcatdata_wildcat_748,0.875,0.0011742115020751,0.0001037120819091,0.0,1.0,0.0,1.0,0.0,0.0,0.0,0.0,0.0,0.0,0.0,0.0,0.0,0.0,1.0,0.0,0.0,0.0,1.0,0.0,0.0,0.0,0.0,0.0,0.0,0.0,0.0002155093394588,0.0,0.0,1.0
analcatdata_wildcat_748,0.875,0.0009753704071044,0.0001015663146972,1.0,0.0,1.0,0.0,0.0,0.0,0.0,0.0,0.0,0.0,0.0,0.0,0.0,0.0,0.0,0.0,0.0,1.0,0.0,0.0,0.0,0.0,1.0,0.0,0.0,0.0,0.0001509866780842,0.0,0.0,1.0
analcatdata_wildcat_748,0.875,0.001260757446289,0.0001187324523925,1.0,0.0,0.0,0.0,1.0,0.0,0.0,0.0,0.0,0.0,0.0,0.0,0.0,0.0,1.0,0.0,0.0,0.0,0.0,1.0,0.0,0.0,0.0,0.0,0.0,0.0,4.296070916317927e-05,0.0,0.0,1.0
analcatdata_wildcat_748,0.875,0.0038831233978271,0.0001282691955566,1.0,0.0,0.0,0.0,1.0,0.0,0.0,0.0,0.0,0.0,0.0,0.0,0.0,0.0,0.0,1.0,0.0,0.0,0.0,0.0,0.0,0.0,1.0,0.0,0.0,0.0,3.2689485999766884e-05,0.0,0.0,1.0
analcatdata_wildcat_748,0.875,0.0011491775512695,0.0001289844512939,1.0,0.0,0.0,0.0,1.0,0.0,0.0,0.0,0.0,0.0,0.0,0.0,0.0,0.0,1.0,0.0,0.0,0.0,1.0,0.0,0.0,0.0,0.0,0.0,0.0,-1.0,4.510171172190549e-05,0.0,1.0,0.0
qualitative-bankruptcy_1495,1.0,0.0056047439575195,0.000138521194458,0.0,1.0,1.0,0.0,0.0,0.0,0.0,0.0,0.0,0.0,0.0,0.0,0.0,0.0,0.0,1.0,0.0,0.0,0.0,0.0,0.0,0.0,1.0,0.0,0.0,0.0390562271523029,1.3775110433393103e-05,0.0,1.0,0.0
qualitative-bankruptcy_1495,1.0,0.0013275146484375,0.0001106262207031,0.0,1.0,0.0,0.0,1.0,0.0,0.0,0.0,0.0,0.0,0.0,0.0,0.0,0.0,1.0,0.0,0.0,0.0,0.0,0.0,0.0,0.0,1.0,0.0,0.0,-1.0,3.274575020391111e-05,0.0,1.0,0.0
qualitative-bankruptcy_1495,1.0,0.0634028911590576,0.0002169609069824,0.0,1.0,0.0,0.0,1.0,0.0,0.0,0.0,0.0,0.0,0.0,0.0,1.0,0.0,0.0,0.0,0.0,0.0,0.0,0.0,0.0,0.0,1.0,0.0,0.0,-1.0,0.0002606765836959,0.0,1.0,0.0
qualitative-bankruptcy_1495,1.0,0.0217242240905761,0.0001883506774902,0.0,1.0,0.0,0.0,1.0,0.0,0.0,0.0,0.0,0.0,0.0,0.0,1.0,0.0,0.0,0.0,0.0,0.0,0.0,0.0,0.0,0.0,1.0,0.0,0.0,-1.0,2.277704445603657e-05,0.0,1.0,0.0
qualitative-bankruptcy_1495,1.0,0.0688438415527343,0.0001962184906005,0.0,1.0,0.0,0.0,1.0,0.0,0.0,0.0,0.0,0.0,0.0,0.0,1.0,0.0,0.0,0.0,0.0,0.0,0.0,0.0,0.0,0.0,1.0,0.0,0.0,-1.0,1.8899969099739485e-05,0.0,1.0,0.0
qualitative-bankruptcy_1495,1.0,0.0012946128845214,0.0001280307769775,1.0,0.0,1.0,0.0,0.0,0.0,0.0,0.0,0.0,0.0,0.0,0.0,0.0,0.0,1.0,0.0,0.0,0.0,0.0,1.0,0.0,0.0,0.0,0.0,0.0,0.2528410167029435,0.0004921691587641,0.0,1.0,0.0
qualitative-bankruptcy_1495,1.0,0.0011928081512451,0.0001039505004882,1.0,0.0,1.0,0.0,0.0,0.0,0.0,0.0,0.0,0.0,0.0,0.0,0.0,0.0,1.0,0.0,0.0,0.0,0.0,1.0,0.0,0.0,0.0,0.0,0.0,0.0,2.972384296251176e-05,0.0,0.0,1.0
qualitative-bankruptcy_1495,1.0,0.0011897087097167,0.0001082420349121,1.0,0.0,1.0,0.0,0.0,0.0,0.0,0.0,0.0,0.0,0.0,0.0,0.0,0.0,1.0,0.0,0.0,0.0,0.0,1.0,0.0,0.0,0.0,0.0,0.0,0.1453555532749489,3.178398945331918e-05,1.0,0.0,0.0
qualitative-bankruptcy_1495,1.0,0.0060312747955322,0.0002074241638183,0.0,1.0,0.0,0.0,1.0,0.0,0.0,0.0,0.0,0.0,0.0,0.0,0.0,0.0,0.0,1.0,0.0,0.0,0.0,0.0,0.0,0.0,1.0,0.0,0.0,0.709233888264328,8.43485185630198e-05,0.0,1.0,0.0
qualitative-bankruptcy_1495,1.0,0.0705475807189941,0.00016450881958,0.0,1.0,1.0,0.0,0.0,0.0,0.0,0.0,0.0,0.0,0.0,0.0,1.0,0.0,0.0,0.0,0.0,0.0,0.0,0.0,0.0,1.0,0.0,0.0,0.0,0.1573433901934858,8.786663176199926e-05,1.0,0.0,0.0
qualitative-bankruptcy_1495,1.0,0.019862413406372,0.0001652240753173,0.0,1.0,1.0,0.0,0.0,0.0,0.0,0.0,0.0,0.0,0.0,0.0,1.0,0.0,0.0,0.0,0.0,0.0,0.0,0.0,0.0,0.0,1.0,0.0,0.0,0.0,2.357245027453505e-05,0.0,0.0,1.0
qualitative-bankruptcy_1495,1.0,0.0014364719390869,0.000136375427246,0.0,1.0,0.0,0.0,1.0,0.0,0.0,0.0,0.0,0.0,0.0,0.0,0.0,0.0,1.0,0.0,0.0,0.0,0.0,0.0,0.0,0.0,1.0,0.0,0.0,0.0,0.0001295027883785,0.0,0.0,1.0
qualitative-bankruptcy_1495,1.0,0.0012984275817871,0.0001101493835449,0.0,1.0,0.0,0.0,1.0,0.0,0.0,0.0,0.0,0.0,0.0,0.0,0.0,0.0,1.0,0.0,0.0,0.0,0.0,0.0,0.0,0.0,1.0,0.0,0.0,-1.0,0.000246310321513,1.0,0.0,0.0
qualitative-bankruptcy_1495,1.0,0.0013267993927001,0.0001108646392822,0.0,1.0,0.0,0.0,1.0,0.0,0.0,0.0,0.0,0.0,0.0,0.0,0.0,0.0,1.0,0.0,0.0,0.0,0.0,0.0,0.0,0.0,1.0,0.0,0.0,-1.0,9.310761925307569e-05,0.0,1.0,0.0
qualitative-bankruptcy_1495,1.0,0.0015144348144531,0.0001356601715087,0.0,1.0,0.0,1.0,0.0,0.0,0.0,0.0,0.0,0.0,0.0,0.0,0.0,0.0,1.0,0.0,0.0,0.0,0.0,0.0,0.0,1.0,0.0,0.0,0.0,0.6558839438647533,0.0006178308794979,0.0,1.0,0.0
qualitative-bankruptcy_1495,1.0,0.0015721321105957,0.0001299381256103,0.0,1.0,0.0,1.0,0.0,0.0,0.0,0.0,0.0,0.0,0.0,0.0,0.0,0.0,1.0,0.0,0.0,0.0,0.0,0.0,0.0,1.0,0.0,0.0,0.0,0.0,0.0009620209235718,0.0,1.0,0.0
qualitative-bankruptcy_1495,1.0,0.0207870006561279,0.0001506805419921,0.0,1.0,1.0,0.0,0.0,0.0,0.0,0.0,0.0,0.0,0.0,0.0,1.0,0.0,0.0,0.0,0.0,0.0,0.0,0.0,0.0,0.0,1.0,0.0,0.0,0.0,0.0001140830183512,0.0,0.0,1.0
qualitative-bankruptcy_1495,1.0,0.0258386135101318,0.0002100467681884,0.0,1.0,0.0,1.0,0.0,0.0,0.0,0.0,0.0,0.0,0.0,0.0,1.0,0.0,0.0,0.0,0.0,0.0,0.0,0.0,0.0,1.0,0.0,0.0,0.0,0.0,0.000881842578138,1.0,0.0,0.0
qualitative-bankruptcy_1495,1.0,0.0833048820495605,0.0002050399780273,1.0,0.0,0.0,0.0,1.0,0.0,0.0,0.0,0.0,0.0,0.0,0.0,1.0,0.0,0.0,0.0,0.0,0.0,0.0,0.0,0.0,1.0,0.0,0.0,0.0,0.0,0.0001963258375747,0.0,0.0,1.0
qualitative-bankruptcy_1495,1.0,0.0850694179534912,0.0002515316009521,1.0,0.0,0.0,0.0,1.0,0.0,0.0,0.0,0.0,0.0,0.0,0.0,1.0,0.0,0.0,0.0,0.0,0.0,0.0,0.0,0.0,0.0,1.0,0.0,0.0,0.0,0.0001141857195914,1.0,0.0,0.0
wilt_40983,0.9917355371900828,0.1241576671600341,0.0002899169921875,0.0,1.0,0.0,0.0,1.0,0.0,0.0,0.0,0.0,0.0,0.0,0.0,1.0,0.0,0.0,0.0,0.0,0.0,0.0,0.0,0.0,0.0,1.0,0.0,0.0,0.0,0.0005496027040431,0.0,0.0,1.0
wilt_40983,0.9917355371900828,0.0927808284759521,0.0002598762512207,1.0,0.0,0.0,0.0,1.0,0.0,0.0,0.0,0.0,0.0,0.0,0.0,1.0,0.0,0.0,0.0,0.0,0.0,0.0,0.0,0.0,1.0,0.0,0.0,0.0,0.0,0.0008570184225418,0.0,0.0,1.0
wilt_40983,0.9917355371900828,0.4653167724609375,0.0003254413604736,0.0,1.0,0.0,1.0,0.0,0.0,0.0,0.0,0.0,0.0,0.0,0.0,0.0,0.0,0.0,1.0,0.0,0.0,0.0,0.0,0.0,0.0,1.0,0.0,0.0,-1.0,0.000995449039622,1.0,0.0,0.0
wilt_40983,0.9917355371900828,0.092167854309082,0.0002813339233398,1.0,0.0,1.0,0.0,0.0,0.0,0.0,0.0,0.0,0.0,0.0,0.0,0.0,0.0,0.0,1.0,0.0,0.0,0.0,0.0,0.0,0.0,1.0,0.0,0.0,0.8034834900661051,0.0003298774236361,1.0,0.0,0.0
wilt_40983,0.9917355371900828,0.0888698101043701,0.0002574920654296,1.0,0.0,0.0,1.0,0.0,0.0,0.0,0.0,0.0,0.0,0.0,0.0,1.0,0.0,0.0,0.0,0.0,0.0,0.0,0.0,0.0,1.0,0.0,0.0,0.0,0.0,9.345461203226636e-05,0.0,1.0,0.0
wilt_40983,0.9917355371900828,0.1508395671844482,0.0003039836883544,1.0,0.0,0.0,0.0,1.0,0.0,0.0,0.0,0.0,0.0,0.0,0.0,0.0,0.0,0.0,1.0,0.0,0.0,0.0,0.0,0.0,0.0,1.0,0.0,0.0,-1.0,3.909065447917024e-05,0.0,1.0,0.0
wilt_40983,0.9917355371900828,0.080575942993164,0.0002543926239013,1.0,0.0,0.0,0.0,1.0,0.0,0.0,0.0,0.0,0.0,0.0,0.0,1.0,0.0,0.0,0.0,0.0,0.0,0.0,0.0,0.0,0.0,1.0,0.0,0.0,-1.0,0.0001306054690354,1.0,0.0,0.0
wilt_40983,0.9917355371900828,0.730914831161499,0.0002675056457519,1.0,0.0,1.0,0.0,0.0,0.0,0.0,0.0,0.0,0.0,0.0,0.0,1.0,0.0,0.0,0.0,0.0,0.0,0.0,0.0,0.0,1.0,0.0,0.0,0.0,-1.0,0.0003589706272102,0.0,1.0,0.0
wilt_40983,0.9917355371900828,0.3252973556518554,0.0002825260162353,0.0,1.0,0.0,1.0,0.0,0.0,0.0,0.0,0.0,0.0,0.0,0.0,1.0,0.0,0.0,0.0,0.0,0.0,0.0,0.0,0.0,0.0,1.0,0.0,0.0,-1.0,1.1314859211591912e-05,1.0,0.0,0.0
wilt_40983,0.9917355371900828,0.0908200740814209,0.0003199577331542,0.0,1.0,0.0,0.0,1.0,0.0,0.0,0.0,0.0,0.0,0.0,0.0,0.0,0.0,0.0,1.0,0.0,0.0,0.0,0.0,0.0,0.0,1.0,0.0,0.0,0.0,3.4300582288677616e-05,0.0,0.0,1.0
wilt_40983,0.9917355371900828,0.1493470668792724,0.0002825260162353,0.0,1.0,0.0,0.0,1.0,0.0,0.0,0.0,0.0,0.0,0.0,0.0,1.0,0.0,0.0,0.0,0.0,0.0,0.0,0.0,0.0,1.0,0.0,0.0,0.0,-1.0,5.11925769902349e-05,0.0,1.0,0.0
wilt_40983,0.9917355371900828,0.1010308265686035,0.0002803802490234,0.0,1.0,1.0,0.0,0.0,0.0,0.0,0.0,0.0,0.0,0.0,0.0,0.0,0.0,0.0,1.0,0.0,0.0,0.0,0.0,0.0,0.0,1.0,0.0,0.0,0.0,0.0003629906988985,1.0,0.0,0.0
wilt_40983,0.9917355371900828,0.1051115989685058,0.0003018379211425,0.0,1.0,1.0,0.0,0.0,0.0,0.0,0.0,0.0,0.0,0.0,0.0,1.0,0.0,0.0,0.0,0.0,0.0,0.0,0.0,0.0,0.0,1.0,0.0,0.0,0.0,0.000168695763031,0.0,0.0,1.0
wilt_40983,0.9917355371900828,0.102717638015747,0.0002744197845458,1.0,0.0,0.0,1.0,0.0,0.0,0.0,0.0,0.0,0.0,0.0,0.0,0.0,0.0,0.0,1.0,0.0,0.0,0.0,0.0,0.0,0.0,1.0,0.0,0.0,0.0,7.102530512363991e-05,0.0,1.0,0.0
wilt_40983,0.9917355371900828,0.0846567153930664,0.0003077983856201,1.0,0.0,0.0,1.0,0.0,0.0,0.0,0.0,0.0,0.0,0.0,0.0,1.0,0.0,0.0,0.0,0.0,0.0,0.0,0.0,0.0,0.0,1.0,0.0,0.0,0.0,0.0006894987479909,0.0,0.0,1.0
wilt_40983,0.9917355371900828,3.3991355895996094,0.0002849102020263,1.0,0.0,1.0,0.0,0.0,0.0,0.0,0.0,0.0,0.0,0.0,0.0,1.0,0.0,0.0,0.0,0.0,0.0,0.0,0.0,0.0,0.0,1.0,0.0,0.0,0.6399730731672133,0.0001192044554504,0.0,1.0,0.0
wilt_40983,0.9917355371900828,0.3735756874084472,0.000281810760498,0.0,1.0,0.0,1.0,0.0,0.0,0.0,0.0,0.0,0.0,0.0,0.0,1.0,0.0,0.0,0.0,0.0,0.0,0.0,0.0,0.0,1.0,0.0,0.0,0.0,0.0,0.0002804298585188,0.0,0.0,1.0
wilt_40983,0.9917355371900828,0.0968425273895263,0.0002617835998535,0.0,1.0,1.0,0.0,0.0,0.0,0.0,0.0,0.0,0.0,0.0,0.0,1.0,0.0,0.0,0.0,0.0,0.0,0.0,0.0,0.0,1.0,0.0,0.0,0.0,-1.0,0.0002046183297576,1.0,0.0,0.0
wilt_40983,0.9907024793388428,0.1000773906707763,0.0002739429473876,1.0,0.0,1.0,0.0,0.0,0.0,0.0,0.0,0.0,0.0,0.0,0.0,1.0,0.0,0.0,0.0,0.0,0.0,0.0,0.0,0.0,0.0,1.0,0.0,0.0,0.0,0.0005212144606895,0.0,0.0,1.0
wilt_40983,0.9907024793388428,0.097506046295166,0.0003046989440917,0.0,1.0,0.0,1.0,0.0,0.0,0.0,0.0,0.0,0.0,0.0,0.0,1.0,0.0,0.0,0.0,0.0,0.0,0.0,0.0,0.0,0.0,1.0,0.0,0.0,0.0,0.0004214608541394,0.0,0.0,1.0
boston_853,0.9411764705882352,0.0814268589019775,0.0002236366271972,1.0,0.0,1.0,0.0,0.0,0.0,0.0,0.0,0.0,0.0,0.0,0.0,1.0,0.0,0.0,0.0,0.0,0.0,1.0,0.0,0.0,0.0,0.0,0.0,0.0,0.0,0.0009507421834032,1.0,0.0,0.0
boston_853,0.9411764705882352,0.077343463897705,0.0002071857452392,0.0,1.0,1.0,0.0,0.0,0.0,0.0,0.0,0.0,0.0,0.0,0.0,1.0,0.0,0.0,0.0,0.0,0.0,1.0,0.0,0.0,0.0,0.0,0.0,0.0,0.0,5.733005965889558e-05,0.0,0.0,1.0
boston_853,0.9411764705882352,0.0622956752777099,0.0002112388610839,1.0,0.0,0.0,1.0,0.0,0.0,0.0,0.0,0.0,0.0,0.0,0.0,1.0,0.0,0.0,0.0,0.0,0.0,1.0,0.0,0.0,0.0,0.0,0.0,0.0,0.0,2.136703568862725e-05,0.0,1.0,0.0
boston_853,0.9411764705882352,0.0798313617706298,0.0002119541168212,1.0,0.0,0.0,0.0,1.0,0.0,0.0,0.0,0.0,0.0,0.0,0.0,1.0,0.0,0.0,0.0,0.0,0.0,1.0,0.0,0.0,0.0,0.0,0.0,0.0,-1.0,0.0003308530904381,1.0,0.0,0.0
boston_853,0.9411764705882352,0.2908570766448974,0.0002331733703613,0.0,1.0,0.0,1.0,0.0,0.0,0.0,0.0,0.0,0.0,0.0,0.0,1.0,0.0,0.0,0.0,0.0,0.0,1.0,0.0,0.0,0.0,0.0,0.0,0.0,0.0,0.0005616012696691,0.0,0.0,1.0
boston_853,0.9411764705882352,0.110870361328125,0.0002152919769287,0.0,1.0,0.0,0.0,1.0,0.0,0.0,0.0,0.0,0.0,0.0,0.0,1.0,0.0,0.0,0.0,0.0,0.0,1.0,0.0,0.0,0.0,0.0,0.0,0.0,0.0,1.2845290849371371e-05,0.0,0.0,1.0
boston_853,0.931372549019608,0.1902670860290527,0.000244140625,1.0,0.0,0.0,0.0,1.0,0.0,0.0,0.0,0.0,0.0,0.0,0.0,0.0,0.0,1.0,0.0,0.0,0.0,0.0,1.0,0.0,0.0,0.0,0.0,0.0,-1.0,4.631837487622944e-05,1.0,0.0,0.0
boston_853,0.931372549019608,0.1856975555419922,0.0002250671386718,0.0,1.0,0.0,1.0,0.0,0.0,0.0,0.0,0.0,0.0,0.0,0.0,0.0,0.0,1.0,0.0,0.0,0.0,0.0,0.0,0.0,0.0,0.0,0.0,1.0,0.0,0.0004115173252069,0.0,1.0,0.0
boston_853,0.931372549019608,0.6050925254821777,0.000272512435913,0.0,1.0,0.0,1.0,0.0,0.0,0.0,0.0,0.0,0.0,0.0,0.0,0.0,0.0,0.0,1.0,0.0,0.0,1.0,0.0,0.0,0.0,0.0,0.0,0.0,0.0,0.0002327409590545,0.0,0.0,1.0
boston_853,0.931372549019608,0.0750336647033691,0.0002155303955078,1.0,0.0,0.0,1.0,0.0,0.0,0.0,0.0,0.0,0.0,0.0,0.0,0.0,0.0,1.0,0.0,0.0,0.0,0.0,0.0,0.0,0.0,0.0,0.0,1.0,0.0,0.0003240431471071,0.0,0.0,1.0
boston_853,0.931372549019608,0.0108788013458251,0.0002484321594238,0.0,1.0,0.0,1.0,0.0,0.0,0.0,0.0,0.0,0.0,0.0,0.0,0.0,0.0,1.0,0.0,0.0,0.0,1.0,0.0,0.0,0.0,0.0,0.0,0.0,-1.0,0.0001220110933763,1.0,0.0,0.0
boston_853,0.931372549019608,0.3548312187194824,0.0002288818359375,0.0,1.0,0.0,0.0,1.0,0.0,0.0,0.0,0.0,0.0,0.0,0.0,0.0,0.0,0.0,1.0,0.0,0.0,1.0,0.0,0.0,0.0,0.0,0.0,0.0,-1.0,5.803342443170909e-05,0.0,1.0,0.0
boston_853,0.931372549019608,0.4162108898162842,0.0002200603485107,1.0,0.0,0.0,1.0,0.0,0.0,0.0,0.0,0.0,0.0,0.0,0.0,0.0,0.0,1.0,0.0,0.0,0.0,1.0,0.0,0.0,0.0,0.0,0.0,0.0,0.0,0.0004195486426179,0.0,1.0,0.0
boston_853,0.931372549019608,0.0015218257904052,0.000124454498291,1.0,0.0,0.0,1.0,0.0,0.0,0.0,0.0,0.0,0.0,0.0,0.0,0.0,1.0,0.0,0.0,0.0,0.0,0.0,0.0,0.0,0.0,1.0,0.0,0.0,0.3212633519209459,0.0001285523893936,0.0,1.0,0.0
boston_853,0.931372549019608,0.1922485828399658,0.0002274513244628,1.0,0.0,0.0,1.0,0.0,0.0,0.0,0.0,0.0,0.0,0.0,0.0,0.0,0.0,1.0,0.0,0.0,0.0,0.0,0.0,0.0,0.0,0.0,1.0,0.0,0.0,0.0001071599442722,1.0,0.0,0.0
boston_853,0.931372549019608,0.0019941329956054,0.0001380443572998,1.0,0.0,0.0,1.0,0.0,0.0,0.0,0.0,0.0,0.0,0.0,1.0,0.0,0.0,0.0,0.0,0.0,0.0,0.0,0.0,0.0,0.0,1.0,0.0,0.0,-1.0,0.0002949093212568,1.0,0.0,0.0
boston_853,0.931372549019608,0.0024597644805908,0.0001564025878906,1.0,0.0,0.0,1.0,0.0,0.0,1.0,0.0,0.0,0.0,0.0,0.0,0.0,0.0,0.0,0.0,0.0,0.0,0.0,0.0,0.0,0.0,1.0,0.0,0.0,0.0,2.408430753397356e-05,0.0,0.0,1.0
boston_853,0.931372549019608,0.0014705657958984,0.0001192092895507,1.0,0.0,0.0,1.0,0.0,0.0,0.0,0.0,0.0,0.0,1.0,0.0,0.0,0.0,0.0,0.0,0.0,0.0,0.0,0.0,0.0,0.0,1.0,0.0,0.0,-1.0,0.0001485964837842,1.0,0.0,0.0
boston_853,0.931372549019608,0.0016014575958251,0.0001242160797119,0.0,1.0,0.0,0.0,1.0,0.0,0.0,0.0,0.0,0.0,1.0,0.0,0.0,0.0,0.0,0.0,0.0,0.0,0.0,0.0,0.0,0.0,1.0,0.0,0.0,0.4323278019494244,4.062838403251824e-05,0.0,1.0,0.0
boston_853,0.931372549019608,0.3589966297149658,0.0002663135528564,0.0,1.0,0.0,0.0,1.0,0.0,0.0,0.0,0.0,0.0,0.0,0.0,0.0,0.0,1.0,0.0,0.0,0.0,0.0,0.0,0.0,0.0,0.0,1.0,0.0,0.0,1.103821487325706e-05,0.0,0.0,1.0
seeds_1499,1.0,0.0016982555389404,0.0007472038269042,1.0,0.0,1.0,0.0,0.0,0.0,0.0,0.0,0.0,0.0,0.0,1.0,0.0,0.0,0.0,0.0,0.0,0.0,0.0,1.0,0.0,0.0,0.0,0.0,0.0,0.0,0.0003145833766185,0.0,0.0,1.0
seeds_1499,1.0,0.0011341571807861,0.0001213550567626,0.0,1.0,0.0,0.0,1.0,0.0,0.0,0.0,0.0,1.0,0.0,0.0,0.0,0.0,0.0,0.0,0.0,0.0,0.0,0.0,0.0,1.0,0.0,0.0,0.0,0.0,8.899611153888399e-05,0.0,1.0,0.0
seeds_1499,1.0,0.0010030269622802,0.0001087188720703,1.0,0.0,1.0,0.0,0.0,0.0,0.0,0.0,0.0,0.0,0.0,0.0,0.0,1.0,0.0,0.0,0.0,0.0,0.0,1.0,0.0,0.0,0.0,0.0,0.0,0.0,0.0006404641983774,0.0,0.0,1.0
seeds_1499,1.0,0.0009794235229492,0.0001068115234375,1.0,0.0,1.0,0.0,0.0,0.0,0.0,0.0,0.0,0.0,0.0,0.0,0.0,1.0,0.0,0.0,0.0,0.0,0.0,1.0,0.0,0.0,0.0,0.0,0.0,0.0,0.0001000765917916,0.0,0.0,1.0
seeds_1499,1.0,0.0009548664093017,0.0001077651977539,1.0,0.0,1.0,0.0,0.0,0.0,0.0,0.0,0.0,0.0,1.0,0.0,0.0,0.0,0.0,0.0,0.0,0.0,0.0,1.0,0.0,0.0,0.0,0.0,0.0,0.2431461122297288,1.048041496415004e-05,0.0,1.0,0.0
seeds_1499,1.0,0.0009682178497314,0.0001089572906494,1.0,0.0,1.0,0.0,0.0,0.0,1.0,0.0,0.0,0.0,0.0,0.0,0.0,0.0,0.0,0.0,0.0,0.0,0.0,1.0,0.0,0.0,0.0,0.0,0.0,-1.0,6.568929375709845e-05,1.0,0.0,0.0
seeds_1499,1.0,0.0750515460968017,0.0002069473266601,1.0,0.0,0.0,0.0,1.0,0.0,0.0,0.0,0.0,0.0,0.0,0.0,1.0,0.0,0.0,0.0,0.0,0.0,0.0,0.0,0.0,0.0,0.0,1.0,0.0,0.0,2.1986062613131737e-05,0.0,0.0,1.0
seeds_1499,1.0,0.0009894371032714,0.0001060962677001,0.0,1.0,0.0,1.0,0.0,0.0,0.0,0.0,0.0,0.0,0.0,0.0,0.0,1.0,0.0,0.0,0.0,0.0,0.0,1.0,0.0,0.0,0.0,0.0,0.0,0.0,0.0006952767003321,0.0,0.0,1.0
seeds_1499,1.0,0.001277208328247,0.0001306533813476,0.0,1.0,1.0,0.0,0.0,0.0,0.0,0.0,0.0,0.0,0.0,1.0,0.0,0.0,0.0,0.0,0.0,0.0,1.0,0.0,0.0,0.0,0.0,0.0,0.0,-1.0,7.791086692292382e-05,1.0,0.0,0.0
seeds_1499,1.0,0.0017585754394531,0.0007181167602539,0.0,1.0,0.0,1.0,0.0,0.0,0.0,0.0,0.0,0.0,0.0,1.0,0.0,0.0,0.0,0.0,0.0,0.0,0.0,1.0,0.0,0.0,0.0,0.0,0.0,-1.0,0.0001050480117819,1.0,0.0,0.0
seeds_1499,1.0,0.0009791851043701,0.0001051425933837,0.0,1.0,0.0,1.0,0.0,0.0,0.0,0.0,0.0,0.0,0.0,0.0,0.0,1.0,0.0,0.0,0.0,0.0,0.0,1.0,0.0,0.0,0.0,0.0,0.0,0.0,5.382611296089645e-05,0.0,0.0,1.0
seeds_1499,1.0,0.001150369644165,0.0001311302185058,1.0,0.0,1.0,0.0,0.0,0.0,0.0,0.0,0.0,1.0,0.0,0.0,0.0,0.0,0.0,0.0,0.0,0.0,0.0,1.0,0.0,0.0,0.0,0.0,0.0,-1.0,0.0001107767157969,0.0,1.0,0.0
seeds_1499,1.0,0.0010972023010253,0.000131607055664,1.0,0.0,1.0,0.0,0.0,0.0,0.0,0.0,0.0,0.0,0.0,1.0,0.0,0.0,0.0,0.0,0.0,0.0,0.0,0.0,0.0,0.0,0.0,0.0,1.0,0.0,1.464145825508804e-05,0.0,1.0,0.0
seeds_1499,1.0,0.00128173828125,0.0001256465911865,1.0,0.0,1.0,0.0,0.0,0.0,0.0,0.0,0.0,0.0,0.0,1.0,0.0,0.0,0.0,0.0,0.0,0.0,0.0,0.0,0.0,0.0,0.0,0.0,1.0,-1.0,8.269251647946303e-05,0.0,1.0,0.0
seeds_1499,1.0,0.0009746551513671,0.0001075267791748,1.0,0.0,1.0,0.0,0.0,0.0,0.0,0.0,0.0,0.0,1.0,0.0,0.0,0.0,0.0,0.0,0.0,0.0,0.0,1.0,0.0,0.0,0.0,0.0,0.0,0.0,0.0002122690321554,0.0,0.0,1.0
seeds_1499,1.0,0.0011310577392578,0.0001213550567626,1.0,0.0,1.0,0.0,0.0,0.0,0.0,0.0,0.0,1.0,0.0,0.0,0.0,0.0,0.0,0.0,0.0,0.0,0.0,1.0,0.0,0.0,0.0,0.0,0.0,-1.0,5.552759147753851e-05,0.0,1.0,0.0
seeds_1499,1.0,0.0010821819305419,0.0001084804534912,1.0,0.0,1.0,0.0,0.0,0.0,1.0,0.0,0.0,0.0,0.0,0.0,0.0,0.0,0.0,0.0,0.0,0.0,0.0,0.0,0.0,0.0,0.0,0.0,1.0,0.0,6.100070251251088e-05,0.0,0.0,1.0
seeds_1499,1.0,0.0020272731781005,0.0008454322814941,1.0,0.0,1.0,0.0,0.0,0.0,0.0,0.0,0.0,0.0,0.0,1.0,0.0,0.0,0.0,0.0,0.0,0.0,0.0,1.0,0.0,0.0,0.0,0.0,0.0,0.0,0.0004729760831662,0.0,0.0,1.0
seeds_1499,1.0,0.0013167858123779,0.0001273155212402,0.0,1.0,1.0,0.0,0.0,0.0,0.0,0.0,0.0,1.0,0.0,0.0,0.0,0.0,0.0,0.0,0.0,0.0,0.0,0.0,0.0,0.0,0.0,0.0,1.0,0.1462463563042125,0.0001183729528194,1.0,0.0,0.0
seeds_1499,1.0,0.0010585784912109,0.0001120567321777,1.0,0.0,0.0,1.0,0.0,0.0,0.0,0.0,0.0,0.0,0.0,0.0,0.0,1.0,0.0,0.0,0.0,0.0,0.0,0.0,0.0,0.0,0.0,0.0,1.0,0.0,0.0001497258002537,0.0,0.0,1.0
analcatdata_gsssexsurvey_852,0.84375,0.0013520717620849,0.0001158714294433,0.0,1.0,0.0,1.0,0.0,0.0,0.0,0.0,0.0,0.0,0.0,0.0,0.0,0.0,0.0,0.0,0.0,1.0,0.0,0.0,0.0,0.0,0.0,0.0,1.0,0.0,3.923135079923931e-05,0.0,0.0,1.0
analcatdata_gsssexsurvey_852,0.84375,0.0022957324981689,0.0001308917999267,0.0,1.0,0.0,1.0,0.0,0.0,0.0,0.0,0.0,0.0,0.0,0.0,0.0,0.0,1.0,0.0,0.0,0.0,1.0,0.0,0.0,0.0,0.0,0.0,0.0,0.0,9.246121175243008e-05,0.0,0.0,1.0
analcatdata_gsssexsurvey_852,0.84375,0.0009577274322509,0.0001049041748046,0.0,1.0,0.0,0.0,1.0,0.0,0.0,0.0,0.0,0.0,1.0,0.0,0.0,0.0,0.0,0.0,0.0,0.0,0.0,0.0,1.0,0.0,0.0,0.0,0.0,0.0,1.2820982756429398e-05,0.0,0.0,1.0
analcatdata_gsssexsurvey_852,0.84375,0.00111985206604,0.0001163482666015,0.0,1.0,0.0,1.0,0.0,0.0,0.0,0.0,0.0,0.0,0.0,0.0,0.0,0.0,0.0,0.0,1.0,0.0,0.0,0.0,0.0,0.0,0.0,0.0,1.0,-1.0,7.254272533011243e-05,1.0,0.0,0.0
analcatdata_gsssexsurvey_852,0.84375,0.0010545253753662,0.0001075267791748,0.0,1.0,1.0,0.0,0.0,0.0,0.0,0.0,0.0,0.0,0.0,0.0,0.0,0.0,0.0,0.0,0.0,1.0,0.0,0.0,0.0,0.0,0.0,0.0,1.0,0.0,0.000403080021353,0.0,0.0,1.0
analcatdata_gsssexsurvey_852,0.84375,0.0009260177612304,0.0001041889190673,0.0,1.0,1.0,0.0,0.0,0.0,0.0,0.0,0.0,0.0,0.0,0.0,0.0,0.0,0.0,0.0,1.0,0.0,0.0,0.0,0.0,0.0,0.0,0.0,1.0,0.0,2.103365845927687e-05,0.0,1.0,0.0
analcatdata_gsssexsurvey_852,0.84375,0.0010492801666259,0.0001087188720703,0.0,1.0,0.0,1.0,0.0,0.0,0.0,1.0,0.0,0.0,0.0,0.0,0.0,0.0,0.0,0.0,0.0,0.0,1.0,0.0,0.0,0.0,0.0,0.0,0.0,0.0,0.0003380300984104,0.0,0.0,1.0
analcatdata_gsssexsurvey_852,0.84375,0.0009596347808837,0.00010347366333,0.0,1.0,1.0,0.0,0.0,0.0,0.0,0.0,0.0,0.0,0.0,0.0,0.0,0.0,0.0,0.0,1.0,0.0,0.0,0.0,0.0,0.0,1.0,0.0,0.0,0.0,5.60313727139548e-05,0.0,0.0,1.0
analcatdata_gsssexsurvey_852,0.84375,0.0010280609130859,0.0001091957092285,0.0,1.0,0.0,1.0,0.0,0.0,0.0,0.0,0.0,0.0,1.0,0.0,0.0,0.0,0.0,0.0,0.0,0.0,0.0,0.0,0.0,0.0,1.0,0.0,0.0,0.0,1.1327222305710636e-05,0.0,0.0,1.0
analcatdata_gsssexsurvey_852,0.84375,0.0009543895721435,0.0001053810119628,0.0,1.0,0.0,0.0,1.0,0.0,0.0,0.0,1.0,0.0,0.0,0.0,0.0,0.0,0.0,0.0,0.0,0.0,0.0,1.0,0.0,0.0,0.0,0.0,0.0,0.6546523419474931,0.0008061497028775,1.0,0.0,0.0
analcatdata_gsssexsurvey_852,0.84375,0.0009779930114746,0.000108003616333,0.0,1.0,1.0,0.0,0.0,0.0,0.0,0.0,0.0,0.0,1.0,0.0,0.0,0.0,0.0,0.0,0.0,0.0,0.0,0.0,1.0,0.0,0.0,0.0,0.0,-1.0,2.305236183840517e-05,1.0,0.0,0.0
analcatdata_gsssexsurvey_852,0.84375,0.0009732246398925,0.0001077651977539,0.0,1.0,0.0,1.0,0.0,0.0,0.0,1.0,0.0,0.0,0.0,0.0,0.0,0.0,0.0,0.0,0.0,0.0,0.0,0.0,0.0,0.0,1.0,0.0,0.0,0.0,4.672366209494808e-05,0.0,0.0,1.0
analcatdata_gsssexsurvey_852,0.84375,0.0010979175567626,0.0001091957092285,0.0,1.0,0.0,1.0,0.0,1.0,0.0,0.0,0.0,0.0,0.0,0.0,0.0,0.0,0.0,0.0,0.0,0.0,0.0,0.0,0.0,0.0,1.0,0.0,0.0,0.0,9.150727776956004e-05,0.0,0.0,1.0
analcatdata_gsssexsurvey_852,0.84375,0.001061201095581,0.0001130104064941,0.0,1.0,0.0,1.0,0.0,0.0,0.0,1.0,0.0,0.0,0.0,0.0,0.0,0.0,0.0,0.0,0.0,0.0,0.0,0.0,0.0,0.0,0.0,1.0,0.0,0.0,0.0007922941338436,0.0,0.0,1.0
analcatdata_gsssexsurvey_852,0.84375,0.0009279251098632,0.0001037120819091,0.0,1.0,1.0,0.0,0.0,0.0,0.0,0.0,1.0,0.0,0.0,0.0,0.0,0.0,0.0,0.0,0.0,0.0,0.0,0.0,0.0,1.0,0.0,0.0,0.0,0.0,0.0001453233238827,0.0,0.0,1.0
analcatdata_gsssexsurvey_852,0.84375,0.0011603832244873,0.0001087188720703,0.0,1.0,1.0,0.0,0.0,0.0,0.0,0.0,0.0,0.0,0.0,0.0,0.0,0.0,0.0,0.0,0.0,1.0,0.0,0.0,0.0,1.0,0.0,0.0,0.0,0.0,0.0006466687002635,0.0,0.0,1.0
analcatdata_gsssexsurvey_852,0.84375,0.0010125637054443,0.0001063346862792,0.0,1.0,0.0,1.0,0.0,0.0,0.0,0.0,0.0,0.0,0.0,0.0,0.0,0.0,0.0,0.0,0.0,1.0,0.0,0.0,0.0,0.0,0.0,1.0,0.0,-1.0,0.0001345644691019,0.0,1.0,0.0
analcatdata_gsssexsurvey_852,0.84375,0.0011918544769287,0.0001227855682373,0.0,1.0,1.0,0.0,0.0,0.0,0.0,0.0,0.0,0.0,0.0,0.0,0.0,0.0,0.0,0.0,1.0,0.0,0.0,0.0,0.0,1.0,0.0,0.0,0.0,0.0,2.57508541413288e-05,0.0,0.0,1.0
analcatdata_gsssexsurvey_852,0.84375,0.001044750213623,0.0001356601715087,0.0,1.0,0.0,1.0,0.0,0.0,0.0,1.0,0.0,0.0,0.0,0.0,0.0,0.0,0.0,0.0,0.0,0.0,0.0,0.0,0.0,1.0,0.0,0.0,0.0,0.0,0.0001345065255122,0.0,1.0,0.0
analcatdata_gsssexsurvey_852,0.84375,0.0009644031524658,0.00010347366333,0.0,1.0,0.0,1.0,0.0,0.0,0.0,0.0,0.0,0.0,0.0,0.0,0.0,0.0,0.0,0.0,1.0,0.0,0.0,0.0,0.0,0.0,1.0,0.0,0.0,0.0,1.588140137024909e-05,0.0,0.0,1.0
autoUniv-au7-500_1554,0.52,0.0014925003051757,0.0001235008239746,0.0,1.0,0.0,0.0,1.0,0.0,0.0,0.0,0.0,0.0,0.0,0.0,0.0,0.0,0.0,0.0,1.0,0.0,0.0,0.0,0.0,0.0,1.0,0.0,0.0,-1.0,1.7144222288311897e-05,0.0,1.0,0.0
autoUniv-au7-500_1554,0.52,0.0018701553344726,0.00016450881958,0.0,1.0,0.0,1.0,0.0,0.0,0.0,0.0,0.0,0.0,1.0,0.0,0.0,0.0,0.0,0.0,0.0,0.0,0.0,0.0,0.0,1.0,0.0,0.0,0.0,-1.0,1.7034537385611816e-05,0.0,1.0,0.0
autoUniv-au7-500_1554,0.52,0.0016489028930664,0.0001280307769775,1.0,0.0,0.0,1.0,0.0,0.0,0.0,0.0,0.0,0.0,1.0,0.0,0.0,0.0,0.0,0.0,0.0,0.0,0.0,0.0,0.0,1.0,0.0,0.0,0.0,-1.0,1.058048272977924e-05,0.0,1.0,0.0
autoUniv-au7-500_1554,0.52,0.001535415649414,0.0001301765441894,1.0,0.0,0.0,0.0,1.0,0.0,0.0,0.0,0.0,0.0,0.0,0.0,0.0,0.0,0.0,0.0,0.0,1.0,0.0,0.0,0.0,0.0,0.0,0.0,1.0,0.0,2.0071204756069902e-05,1.0,0.0,0.0
autoUniv-au7-500_1554,0.52,0.0015585422515869,0.0001296997070312,1.0,0.0,0.0,0.0,1.0,0.0,0.0,0.0,0.0,0.0,0.0,0.0,0.0,0.0,0.0,0.0,1.0,0.0,0.0,0.0,0.0,0.0,1.0,0.0,0.0,-1.0,5.081100247750499e-05,1.0,0.0,0.0
autoUniv-au7-500_1554,0.52,0.0014925003051757,0.0001227855682373,1.0,0.0,0.0,0.0,1.0,0.0,0.0,0.0,0.0,0.0,0.0,0.0,0.0,0.0,0.0,0.0,1.0,0.0,0.0,0.0,0.0,0.0,0.0,1.0,0.0,0.0,1.3939030752266247e-05,1.0,0.0,0.0
autoUniv-au7-500_1554,0.52,0.0018084049224853,0.0001885890960693,1.0,0.0,0.0,0.0,1.0,0.0,0.0,0.0,0.0,0.0,0.0,0.0,0.0,0.0,0.0,0.0,1.0,0.0,0.0,1.0,0.0,0.0,0.0,0.0,0.0,0.0,1.0287876570374836e-05,0.0,0.0,1.0
autoUniv-au7-500_1554,0.52,0.0015444755554199,0.0001466274261474,0.0,1.0,0.0,0.0,1.0,0.0,0.0,0.0,0.0,0.0,0.0,0.0,0.0,0.0,0.0,0.0,1.0,0.0,0.0,1.0,0.0,0.0,0.0,0.0,0.0,0.0,1.6770408497340823e-05,0.0,0.0,1.0
autoUniv-au7-500_1554,0.52,0.0014543533325195,0.0001208782196044,0.0,1.0,0.0,0.0,1.0,0.0,0.0,0.0,0.0,0.0,0.0,0.0,0.0,0.0,0.0,0.0,1.0,0.0,0.0,0.0,0.0,0.0,0.0,0.0,1.0,-1.0,0.0007449310274307,1.0,0.0,0.0
autoUniv-au7-500_1554,0.52,0.0014221668243408,0.0001196861267089,0.0,1.0,0.0,0.0,1.0,0.0,0.0,0.0,0.0,0.0,0.0,0.0,0.0,0.0,0.0,0.0,0.0,1.0,0.0,0.0,0.0,0.0,0.0,0.0,1.0,-1.0,0.0001125318425677,0.0,1.0,0.0
autoUniv-au7-500_1554,0.52,0.0015084743499755,0.0001246929168701,0.0,1.0,0.0,0.0,1.0,0.0,0.0,0.0,0.0,0.0,0.0,0.0,0.0,0.0,0.0,0.0,1.0,0.0,0.0,0.0,0.0,1.0,0.0,0.0,0.0,0.0,7.413907839176621e-05,0.0,1.0,0.0
autoUniv-au7-500_1554,0.52,0.0014843940734863,0.0001251697540283,0.0,1.0,0.0,0.0,1.0,0.0,0.0,0.0,0.0,0.0,0.0,0.0,0.0,0.0,0.0,0.0,1.0,0.0,1.0,0.0,0.0,0.0,0.0,0.0,0.0,0.0,9.425720741002824e-05,0.0,0.0,1.0
autoUniv-au7-500_1554,0.52,0.0015206336975097,0.0001232624053955,1.0,0.0,0.0,0.0,1.0,0.0,0.0,0.0,0.0,0.0,0.0,0.0,0.0,0.0,0.0,0.0,1.0,0.0,0.0,0.0,0.0,0.0,0.0,0.0,1.0,-1.0,0.0001287114300499,0.0,1.0,0.0
autoUniv-au7-500_1554,0.52,0.0014238357543945,0.0001230239868164,0.0,1.0,0.0,0.0,1.0,0.0,0.0,0.0,0.0,0.0,0.0,0.0,0.0,0.0,0.0,0.0,1.0,0.0,0.0,0.0,0.0,0.0,0.0,1.0,0.0,0.0,1.6430937017414347e-05,1.0,0.0,0.0
autoUniv-au7-500_1554,0.52,0.0015242099761962,0.0001482963562011,1.0,0.0,0.0,0.0,1.0,0.0,0.0,0.0,0.0,0.0,0.0,0.0,0.0,0.0,0.0,0.0,1.0,0.0,0.0,0.0,0.0,1.0,0.0,0.0,0.0,0.0,0.0001477450807821,0.0,0.0,1.0
autoUniv-au7-500_1554,0.52,0.001413345336914,0.0001361370086669,1.0,0.0,0.0,0.0,1.0,0.0,0.0,0.0,0.0,0.0,0.0,0.0,0.0,0.0,0.0,0.0,1.0,0.0,1.0,0.0,0.0,0.0,0.0,0.0,0.0,-1.0,0.0004660652794589,1.0,0.0,0.0
autoUniv-au7-500_1554,0.5,0.0016381740570068,0.0001246929168701,1.0,0.0,0.0,0.0,1.0,0.0,0.0,0.0,0.0,0.0,0.0,0.0,0.0,0.0,0.0,0.0,0.0,1.0,0.0,0.0,0.0,1.0,0.0,0.0,0.0,0.0,0.000132218012333,0.0,0.0,1.0
autoUniv-au7-500_1554,0.5,0.0017769336700439,0.0001308917999267,1.0,0.0,0.0,1.0,0.0,0.0,0.0,0.0,0.0,0.0,0.0,0.0,0.0,1.0,0.0,0.0,0.0,0.0,0.0,0.0,0.0,0.0,1.0,0.0,0.0,0.0,0.0005835731630838,0.0,0.0,1.0
autoUniv-au7-500_1554,0.5,0.0017671585083007,0.0001306533813476,0.0,1.0,0.0,1.0,0.0,0.0,1.0,0.0,0.0,0.0,0.0,0.0,0.0,0.0,0.0,0.0,0.0,0.0,0.0,1.0,0.0,0.0,0.0,0.0,0.0,0.0,1.889993982827817e-05,0.0,0.0,1.0
autoUniv-au7-500_1554,0.5,0.0015408992767333,0.0001266002655029,0.0,1.0,0.0,1.0,0.0,0.0,0.0,0.0,0.0,0.0,1.0,0.0,0.0,0.0,0.0,0.0,0.0,0.0,0.0,0.0,0.0,0.0,0.0,0.0,1.0,0.0586828984240008,0.0004485105647237,0.0,1.0,0.0
PizzaCutter1_1443,0.9621212121212122,0.0015182495117187,0.0001082420349121,0.0,1.0,0.0,1.0,0.0,0.0,0.0,0.0,0.0,0.0,1.0,0.0,0.0,0.0,0.0,0.0,0.0,0.0,0.0,0.0,0.0,0.0,0.0,1.0,0.0,0.0,0.0002114601861724,0.0,0.0,1.0
PizzaCutter1_1443,0.9621212121212122,0.0016529560089111,0.0001246929168701,1.0,0.0,1.0,0.0,0.0,0.0,0.0,0.0,0.0,0.0,1.0,0.0,0.0,0.0,0.0,0.0,0.0,0.0,0.0,0.0,0.0,0.0,0.0,0.0,1.0,0.0,0.0001611922129853,0.0,0.0,1.0
PizzaCutter1_1443,0.9621212121212122,0.0014216899871826,0.0001065731048583,1.0,0.0,0.0,1.0,0.0,0.0,0.0,0.0,0.0,0.0,1.0,0.0,0.0,0.0,0.0,0.0,0.0,0.0,0.0,0.0,0.0,0.0,0.0,1.0,0.0,0.0,0.0001505035183314,0.0,0.0,1.0
PizzaCutter1_1443,0.9621212121212122,0.0015885829925537,0.0001158714294433,1.0,0.0,0.0,1.0,0.0,0.0,0.0,0.0,0.0,0.0,1.0,0.0,0.0,0.0,0.0,0.0,0.0,0.0,0.0,0.0,0.0,0.0,0.0,0.0,1.0,0.0,1.7293868299498768e-05,0.0,0.0,1.0
PizzaCutter1_1443,0.9621212121212122,0.0015196800231933,0.0001089572906494,0.0,1.0,1.0,0.0,0.0,0.0,0.0,0.0,0.0,0.0,1.0,0.0,0.0,0.0,0.0,0.0,0.0,0.0,0.0,0.0,0.0,0.0,0.0,1.0,0.0,0.0,0.0001922582053024,0.0,0.0,1.0
PizzaCutter1_1443,0.9621212121212122,0.0016925334930419,0.0001170635223388,1.0,0.0,0.0,0.0,1.0,0.0,0.0,0.0,0.0,0.0,1.0,0.0,0.0,0.0,0.0,0.0,0.0,0.0,0.0,0.0,0.0,0.0,0.0,1.0,0.0,0.8100882826094594,6.274229122466102e-05,1.0,0.0,0.0
PizzaCutter1_1443,0.9621212121212122,0.0016613006591796,0.0001475811004638,1.0,0.0,1.0,0.0,0.0,0.0,0.0,0.0,0.0,0.0,1.0,0.0,0.0,0.0,0.0,0.0,0.0,0.0,0.0,0.0,0.0,0.0,0.0,1.0,0.0,0.0,1.3381764912312333e-05,0.0,0.0,1.0
PizzaCutter1_1443,0.9621212121212122,0.0015285015106201,0.0001091957092285,0.0,1.0,0.0,0.0,1.0,0.0,0.0,0.0,0.0,0.0,1.0,0.0,0.0,0.0,0.0,0.0,0.0,0.0,0.0,0.0,0.0,0.0,0.0,1.0,0.0,0.5122624067570917,2.5734291014802e-05,0.0,1.0,0.0
PizzaCutter1_1443,0.9621212121212122,0.0015394687652587,0.0001277923583984,0.0,1.0,1.0,0.0,0.0,0.0,0.0,0.0,0.0,0.0,1.0,0.0,0.0,0.0,0.0,0.0,0.0,0.0,0.0,0.0,0.0,0.0,0.0,0.0,1.0,0.0,7.676370704641116e-05,0.0,0.0,1.0
PizzaCutter1_1443,0.9621212121212122,0.0016579627990722,0.0001404285430908,0.0,1.0,0.0,1.0,0.0,0.0,0.0,0.0,0.0,0.0,1.0,0.0,0.0,0.0,0.0,0.0,0.0,0.0,0.0,0.0,0.0,0.0,0.0,0.0,1.0,0.0,0.0009681802300473,0.0,0.0,1.0
PizzaCutter1_1443,0.9621212121212122,0.0014939308166503,0.0001115798950195,0.0,1.0,0.0,0.0,1.0,0.0,0.0,0.0,0.0,0.0,1.0,0.0,0.0,0.0,0.0,0.0,0.0,0.0,0.0,0.0,0.0,0.0,0.0,0.0,1.0,0.0,7.266614916805296e-05,0.0,0.0,1.0
PizzaCutter1_1443,0.9621212121212122,0.0014150142669677,0.0001046657562255,1.0,0.0,0.0,0.0,1.0,0.0,0.0,0.0,0.0,0.0,1.0,0.0,0.0,0.0,0.0,0.0,0.0,0.0,0.0,0.0,0.0,0.0,0.0,0.0,1.0,0.0,1.9932268645673407e-05,0.0,0.0,1.0
PizzaCutter1_1443,0.9545454545454546,0.0014238357543945,0.0001254081726074,1.0,0.0,0.0,1.0,0.0,0.0,0.0,1.0,0.0,0.0,0.0,0.0,0.0,0.0,0.0,0.0,0.0,0.0,0.0,0.0,0.0,0.0,0.0,0.0,1.0,0.3619613403725505,0.0006359443443351,0.0,1.0,0.0
PizzaCutter1_1443,0.9545454545454546,0.0015747547149658,0.0001070499420166,1.0,0.0,0.0,0.0,1.0,1.0,0.0,0.0,0.0,0.0,0.0,0.0,0.0,0.0,0.0,0.0,0.0,0.0,0.0,0.0,0.0,1.0,0.0,0.0,0.0,0.0,1.1761839423643896e-05,0.0,0.0,1.0
PizzaCutter1_1443,0.9545454545454546,0.0015842914581298,0.000108003616333,0.0,1.0,1.0,0.0,0.0,1.0,0.0,0.0,0.0,0.0,0.0,0.0,0.0,0.0,0.0,0.0,0.0,0.0,0.0,0.0,0.0,0.0,1.0,0.0,0.0,0.0,1.7924773835741596e-05,0.0,0.0,1.0
PizzaCutter1_1443,0.9545454545454546,0.0017461776733398,0.0001208782196044,1.0,0.0,0.0,1.0,0.0,0.0,0.0,0.0,0.0,0.0,0.0,0.0,0.0,0.0,0.0,0.0,0.0,1.0,0.0,0.0,0.0,0.0,0.0,0.0,1.0,0.0,8.860325352574362e-05,0.0,0.0,1.0
PizzaCutter1_1443,0.9545454545454546,0.0012824535369873,0.0001101493835449,0.0,1.0,0.0,1.0,0.0,0.0,0.0,0.0,0.0,0.0,0.0,0.0,0.0,0.0,0.0,0.0,0.0,1.0,0.0,0.0,0.0,1.0,0.0,0.0,0.0,0.0,1.533053686300851e-05,0.0,0.0,1.0
PizzaCutter1_1443,0.9545454545454546,0.0016906261444091,0.0001153945922851,1.0,0.0,0.0,1.0,0.0,0.0,0.0,0.0,0.0,0.0,0.0,0.0,0.0,0.0,0.0,0.0,0.0,1.0,1.0,0.0,0.0,0.0,0.0,0.0,0.0,-1.0,0.0001390501170718,1.0,0.0,0.0
PizzaCutter1_1443,0.9545454545454546,0.0013830661773681,0.0001063346862792,1.0,0.0,0.0,0.0,1.0,0.0,0.0,1.0,0.0,0.0,0.0,0.0,0.0,0.0,0.0,0.0,0.0,0.0,0.0,0.0,0.0,0.0,0.0,0.0,1.0,0.0,2.067922141297375e-05,0.0,0.0,1.0
PizzaCutter1_1443,0.9545454545454546,0.002204418182373,0.0001568794250488,1.0,0.0,1.0,0.0,0.0,0.0,0.0,0.0,0.0,0.0,0.0,0.0,0.0,0.0,0.0,0.0,0.0,1.0,1.0,0.0,0.0,0.0,0.0,0.0,0.0,0.0,0.0002003156607045,0.0,0.0,1.0
solar-flare_40687,0.7981220657276995,0.3192226886749267,0.000295877456665,1.0,0.0,0.0,0.0,1.0,0.0,0.0,0.0,0.0,0.0,0.0,0.0,1.0,0.0,0.0,0.0,0.0,0.0,0.0,0.0,0.0,0.0,0.0,0.0,1.0,0.0,1.7192082520341726e-05,0.0,0.0,1.0
solar-flare_40687,0.7981220657276995,0.318730354309082,0.0002930164337158,0.0,1.0,0.0,1.0,0.0,0.0,0.0,0.0,0.0,0.0,0.0,0.0,1.0,0.0,0.0,0.0,0.0,0.0,0.0,0.0,0.0,0.0,0.0,0.0,1.0,-1.0,0.0004170696170403,0.0,1.0,0.0
solar-flare_40687,0.7981220657276995,0.3267543315887451,0.0002851486206054,0.0,1.0,0.0,0.0,1.0,0.0,0.0,0.0,0.0,0.0,0.0,0.0,1.0,0.0,0.0,0.0,0.0,0.0,0.0,0.0,0.0,0.0,0.0,0.0,1.0,0.0,0.0002935350964179,0.0,0.0,1.0
solar-flare_40687,0.7981220657276995,0.2657582759857178,0.0002782344818115,1.0,0.0,0.0,1.0,0.0,0.0,0.0,0.0,0.0,0.0,0.0,0.0,1.0,0.0,0.0,0.0,0.0,0.0,0.0,0.0,0.0,0.0,0.0,0.0,1.0,0.0,0.0007092613932741,0.0,0.0,1.0
solar-flare_40687,0.7981220657276995,0.2864141464233398,0.0002768039703369,1.0,0.0,1.0,0.0,0.0,0.0,0.0,0.0,0.0,0.0,0.0,0.0,1.0,0.0,0.0,0.0,0.0,0.0,0.0,0.0,0.0,0.0,0.0,0.0,1.0,0.1685906580328862,1.3703634743112567e-05,1.0,0.0,0.0
solar-flare_40687,0.7981220657276995,0.4033770561218261,0.0003178119659423,0.0,1.0,1.0,0.0,0.0,0.0,0.0,0.0,0.0,0.0,0.0,0.0,1.0,0.0,0.0,0.0,0.0,0.0,0.0,0.0,0.0,0.0,0.0,0.0,1.0,-1.0,0.0001290012577594,0.0,1.0,0.0
solar-flare_40687,0.7934272300469484,0.0010890960693359,0.0001683235168457,1.0,0.0,1.0,0.0,0.0,0.0,0.0,0.0,0.0,0.0,1.0,0.0,0.0,0.0,0.0,0.0,0.0,0.0,0.0,0.0,0.0,0.0,0.0,0.0,1.0,0.0,0.0002616418278675,0.0,0.0,1.0
solar-flare_40687,0.7934272300469484,0.3670754432678222,0.0003089904785156,1.0,0.0,0.0,0.0,1.0,0.0,0.0,0.0,0.0,0.0,0.0,0.0,1.0,0.0,0.0,0.0,0.0,0.0,0.0,0.0,1.0,0.0,0.0,0.0,0.0,-1.0,0.0006387471603613,0.0,1.0,0.0
solar-flare_40687,0.7934272300469484,0.3270514011383056,0.0002784729003906,0.0,1.0,1.0,0.0,0.0,0.0,0.0,0.0,0.0,0.0,0.0,0.0,1.0,0.0,0.0,0.0,0.0,0.0,0.0,0.0,1.0,0.0,0.0,0.0,0.0,0.0,9.206782452444455e-05,0.0,0.0,1.0
solar-flare_40687,0.7934272300469484,0.3280625343322754,0.0002994537353515,0.0,1.0,1.0,0.0,0.0,0.0,0.0,0.0,0.0,0.0,0.0,0.0,1.0,0.0,0.0,0.0,0.0,0.0,0.0,0.0,0.0,0.0,0.0,1.0,0.0,0.4024493684087019,0.0007991557151284,0.0,1.0,0.0
solar-flare_40687,0.7934272300469484,0.0011308193206787,0.0001544952392578,1.0,0.0,0.0,1.0,0.0,0.0,0.0,0.0,0.0,0.0,1.0,0.0,0.0,0.0,0.0,0.0,0.0,0.0,0.0,0.0,0.0,0.0,0.0,0.0,1.0,-1.0,1.7577560381607763e-05,1.0,0.0,0.0
solar-flare_40687,0.7934272300469484,0.3416104316711426,0.000281810760498,1.0,0.0,0.0,0.0,1.0,0.0,0.0,0.0,0.0,0.0,0.0,0.0,1.0,0.0,0.0,0.0,0.0,0.0,0.0,0.0,0.0,0.0,0.0,1.0,0.0,0.0,7.352896332085087e-05,0.0,0.0,1.0
solar-flare_40687,0.7934272300469484,0.2758464813232422,0.0002822875976562,1.0,0.0,0.0,1.0,0.0,0.0,0.0,0.0,0.0,0.0,0.0,0.0,1.0,0.0,0.0,0.0,0.0,0.0,0.0,0.0,0.0,0.0,0.0,1.0,0.0,0.0,3.208810157322896e-05,1.0,0.0,0.0
solar-flare_40687,0.7934272300469484,0.0010695457458496,0.0001499652862548,1.0,0.0,0.0,0.0,1.0,0.0,0.0,0.0,0.0,0.0,1.0,0.0,0.0,0.0,0.0,0.0,0.0,0.0,0.0,0.0,0.0,0.0,0.0,0.0,1.0,0.0,2.0453907536993854e-05,1.0,0.0,0.0
solar-flare_40687,0.7934272300469484,0.3581397533416748,0.0003011226654052,1.0,0.0,0.0,1.0,0.0,0.0,0.0,0.0,0.0,0.0,0.0,0.0,1.0,0.0,0.0,0.0,0.0,0.0,0.0,0.0,1.0,0.0,0.0,0.0,0.0,0.0,3.745968518098391e-05,1.0,0.0,0.0
solar-flare_40687,0.7934272300469484,0.0011970996856689,0.0001568794250488,1.0,0.0,0.0,0.0,1.0,0.0,0.0,0.0,0.0,0.0,1.0,0.0,0.0,0.0,0.0,0.0,0.0,0.0,0.0,0.0,0.0,0.0,0.0,1.0,0.0,0.0,0.0002135188192587,0.0,1.0,0.0
solar-flare_40687,0.7934272300469484,0.4381613731384277,0.0002968311309814,0.0,1.0,0.0,1.0,0.0,0.0,0.0,0.0,0.0,0.0,0.0,0.0,1.0,0.0,0.0,0.0,0.0,0.0,0.0,0.0,0.0,0.0,0.0,1.0,0.0,0.0,9.255607838736008e-05,0.0,0.0,1.0
solar-flare_40687,0.7934272300469484,0.0010967254638671,0.0001509189605712,0.0,1.0,0.0,1.0,0.0,0.0,0.0,0.0,0.0,0.0,1.0,0.0,0.0,0.0,0.0,0.0,0.0,0.0,0.0,0.0,0.0,0.0,0.0,0.0,1.0,0.0,2.307265557565866e-05,0.0,0.0,1.0
solar-flare_40687,0.7934272300469484,0.3969399929046631,0.0002799034118652,1.0,0.0,1.0,0.0,0.0,0.0,0.0,0.0,0.0,0.0,0.0,0.0,1.0,0.0,0.0,0.0,0.0,0.0,0.0,0.0,0.0,0.0,0.0,1.0,0.0,-1.0,1.1572827655005509e-05,0.0,1.0,0.0
solar-flare_40687,0.7934272300469484,0.0012054443359375,0.0001566410064697,1.0,0.0,0.0,1.0,0.0,0.0,0.0,0.0,0.0,0.0,1.0,0.0,0.0,0.0,0.0,0.0,0.0,0.0,0.0,0.0,0.0,0.0,0.0,1.0,0.0,0.0,0.0007030715446827,0.0,0.0,1.0
arsenic-female-lung_950,1.0,0.0013871192932128,0.0001192092895507,1.0,0.0,1.0,0.0,0.0,0.0,0.0,0.0,0.0,0.0,0.0,0.0,0.0,1.0,0.0,0.0,0.0,0.0,0.0,1.0,0.0,0.0,0.0,0.0,0.0,0.0,4.248856793943333e-05,0.0,0.0,1.0
arsenic-female-lung_950,1.0,0.00142502784729,0.0001256465911865,1.0,0.0,1.0,0.0,0.0,0.0,0.0,0.0,0.0,0.0,0.0,0.0,0.0,0.0,0.0,0.0,0.0,1.0,0.0,1.0,0.0,0.0,0.0,0.0,0.0,0.7050161051596446,1.799576059364617e-05,0.0,1.0,0.0
arsenic-female-lung_950,1.0,0.0014402866363525,0.0001211166381835,1.0,0.0,1.0,0.0,0.0,0.0,1.0,0.0,0.0,0.0,0.0,0.0,0.0,0.0,0.0,0.0,0.0,0.0,0.0,1.0,0.0,0.0,0.0,0.0,0.0,0.9530999085663808,1.960176960736264e-05,0.0,1.0,0.0
arsenic-female-lung_950,1.0,0.0013573169708251,0.0001180171966552,1.0,0.0,1.0,0.0,0.0,0.0,0.0,0.0,1.0,0.0,0.0,0.0,0.0,0.0,0.0,0.0,0.0,0.0,0.0,1.0,0.0,0.0,0.0,0.0,0.0,0.0,3.212564352026199e-05,0.0,0.0,1.0
arsenic-female-lung_950,1.0,0.0024201869964599,0.0008678436279296,1.0,0.0,1.0,0.0,0.0,0.0,0.0,0.0,0.0,0.0,0.0,1.0,0.0,0.0,0.0,0.0,0.0,0.0,0.0,1.0,0.0,0.0,0.0,0.0,0.0,0.0,2.894837486237504e-05,0.0,0.0,1.0
arsenic-female-lung_950,1.0,0.0013604164123535,0.000119924545288,1.0,0.0,1.0,0.0,0.0,0.0,0.0,0.0,0.0,0.0,0.0,0.0,0.0,0.0,0.0,0.0,1.0,0.0,0.0,1.0,0.0,0.0,0.0,0.0,0.0,0.0,3.623266683029752e-05,0.0,1.0,0.0
arsenic-female-lung_950,1.0,0.0016539096832275,0.0001225471496582,1.0,0.0,1.0,0.0,0.0,0.0,0.0,0.0,0.0,0.0,0.0,0.0,0.0,0.0,1.0,0.0,0.0,0.0,0.0,1.0,0.0,0.0,0.0,0.0,0.0,-1.0,2.825009857947581e-05,0.0,1.0,0.0
arsenic-female-lung_950,1.0,0.0015745162963867,0.000117540359497,0.0,1.0,0.0,0.0,1.0,0.0,0.0,0.0,0.0,0.0,0.0,0.0,0.0,0.0,1.0,0.0,0.0,0.0,0.0,0.0,0.0,0.0,1.0,0.0,0.0,0.0,7.265966804950266e-05,0.0,0.0,1.0
arsenic-female-lung_950,1.0,0.0118954181671142,0.0002083778381347,0.0,1.0,0.0,0.0,1.0,0.0,0.0,0.0,0.0,0.0,0.0,0.0,0.0,0.0,0.0,1.0,0.0,0.0,0.0,0.0,0.0,0.0,1.0,0.0,0.0,0.0,0.0003397874470545,0.0,0.0,1.0
arsenic-female-lung_950,1.0,0.077512502670288,0.0002241134643554,0.0,1.0,0.0,0.0,1.0,0.0,0.0,0.0,0.0,0.0,0.0,0.0,1.0,0.0,0.0,0.0,0.0,0.0,0.0,0.0,0.0,0.0,1.0,0.0,0.0,0.9307643358093028,1.1333339255279722e-05,1.0,0.0,0.0
arsenic-female-lung_950,1.0,0.0015945434570312,0.0001187324523925,1.0,0.0,0.0,0.0,1.0,0.0,0.0,0.0,0.0,0.0,0.0,0.0,0.0,0.0,1.0,0.0,0.0,0.0,0.0,0.0,0.0,0.0,0.0,0.0,1.0,0.0,2.403950068052689e-05,0.0,0.0,1.0
arsenic-female-lung_950,1.0,0.0014290809631347,0.0001204013824462,1.0,0.0,0.0,0.0,1.0,0.0,0.0,0.0,0.0,0.0,0.0,0.0,0.0,0.0,0.0,0.0,1.0,0.0,0.0,0.0,0.0,0.0,0.0,0.0,1.0,-1.0,0.0002654434396622,0.0,1.0,0.0
arsenic-female-lung_950,1.0,0.0014026165008544,0.0001180171966552,1.0,0.0,0.0,0.0,1.0,0.0,0.0,0.0,1.0,0.0,0.0,0.0,0.0,0.0,0.0,0.0,0.0,0.0,0.0,0.0,0.0,0.0,0.0,0.0,1.0,0.0,1.985000470599458e-05,0.0,0.0,1.0
arsenic-female-lung_950,1.0,0.0014193058013916,0.0001206398010253,1.0,0.0,0.0,0.0,1.0,0.0,0.0,0.0,0.0,0.0,0.0,0.0,0.0,0.0,0.0,0.0,0.0,1.0,0.0,1.0,0.0,0.0,0.0,0.0,0.0,0.0,0.0003038497578036,0.0,0.0,1.0
arsenic-female-lung_950,1.0,0.0014545917510986,0.0001208782196044,1.0,0.0,0.0,0.0,1.0,0.0,0.0,1.0,0.0,0.0,0.0,0.0,0.0,0.0,0.0,0.0,0.0,0.0,0.0,0.0,0.0,0.0,0.0,0.0,1.0,0.0,0.0001070580015344,1.0,0.0,0.0
arsenic-female-lung_950,1.0,0.0014750957489013,0.0001187324523925,1.0,0.0,0.0,0.0,1.0,1.0,0.0,0.0,0.0,0.0,0.0,0.0,0.0,0.0,0.0,0.0,0.0,0.0,0.0,0.0,0.0,0.0,0.0,0.0,1.0,0.0,0.0005797353798619,0.0,0.0,1.0
arsenic-female-lung_950,1.0,0.0601053237915039,0.0002262592315673,1.0,0.0,0.0,0.0,1.0,0.0,0.0,0.0,0.0,0.0,0.0,0.0,1.0,0.0,0.0,0.0,0.0,0.0,0.0,0.0,0.0,0.0,0.0,0.0,1.0,-1.0,1.0479002887407877e-05,0.0,1.0,0.0
arsenic-female-lung_950,1.0,0.001596450805664,0.0001215934753417,1.0,0.0,0.0,0.0,1.0,0.0,0.0,0.0,0.0,0.0,0.0,0.0,0.0,1.0,0.0,0.0,0.0,0.0,1.0,0.0,0.0,0.0,0.0,0.0,0.0,0.0,0.0003704359189945,0.0,0.0,1.0
arsenic-female-lung_950,1.0,0.0017518997192382,0.0001389980316162,1.0,0.0,0.0,0.0,1.0,0.0,0.0,0.0,0.0,1.0,0.0,0.0,0.0,0.0,0.0,0.0,0.0,0.0,0.0,0.0,0.0,0.0,0.0,0.0,1.0,0.0,0.0001394510523267,0.0,0.0,1.0
arsenic-female-lung_950,1.0,0.0018999576568603,0.0001397132873535,1.0,0.0,0.0,0.0,1.0,0.0,0.0,0.0,0.0,0.0,0.0,1.0,0.0,0.0,0.0,0.0,0.0,0.0,1.0,0.0,0.0,0.0,0.0,0.0,0.0,0.0,8.664773520850024e-05,0.0,0.0,1.0
chscase_census3_908,0.6,0.0013537406921386,0.0001156330108642,1.0,0.0,0.0,1.0,0.0,0.0,0.0,1.0,0.0,0.0,0.0,0.0,0.0,0.0,0.0,0.0,0.0,0.0,0.0,0.0,0.0,1.0,0.0,0.0,0.0,0.3746277744150879,1.9563174799233856e-05,0.0,1.0,0.0
chscase_census3_908,0.6,0.00128173828125,0.0001211166381835,0.0,1.0,0.0,1.0,0.0,0.0,0.0,1.0,0.0,0.0,0.0,0.0,0.0,0.0,0.0,0.0,0.0,0.0,0.0,0.0,0.0,1.0,0.0,0.0,0.0,0.0,2.9385050616142968e-05,0.0,0.0,1.0
chscase_census3_908,0.6,0.0012600421905517,0.0001144409179687,0.0,1.0,0.0,0.0,1.0,0.0,0.0,1.0,0.0,0.0,0.0,0.0,0.0,0.0,0.0,0.0,0.0,0.0,0.0,0.0,0.0,1.0,0.0,0.0,0.0,0.0,0.0003733016541739,0.0,0.0,1.0
chscase_census3_908,0.6,0.0012764930725097,0.0001142024993896,1.0,0.0,1.0,0.0,0.0,0.0,0.0,1.0,0.0,0.0,0.0,0.0,0.0,0.0,0.0,0.0,0.0,0.0,0.0,0.0,0.0,1.0,0.0,0.0,0.0,0.4103939478979911,1.986175988162213e-05,1.0,0.0,0.0
chscase_census3_908,0.6,0.0014374256134033,0.0001218318939208,0.0,1.0,1.0,0.0,0.0,0.0,0.0,1.0,0.0,0.0,0.0,0.0,0.0,0.0,0.0,0.0,0.0,0.0,0.0,0.0,0.0,0.0,0.0,1.0,0.0,0.0,0.0001134211308898,0.0,0.0,1.0
chscase_census3_908,0.6,0.0013115406036376,0.000115156173706,1.0,0.0,1.0,0.0,0.0,0.0,0.0,1.0,0.0,0.0,0.0,0.0,0.0,0.0,0.0,0.0,0.0,0.0,0.0,0.0,0.0,0.0,0.0,0.0,1.0,-1.0,2.6017129577875185e-05,1.0,0.0,0.0
chscase_census3_908,0.6,0.0013566017150878,0.0001201629638671,1.0,0.0,0.0,1.0,0.0,0.0,0.0,1.0,0.0,0.0,0.0,0.0,0.0,0.0,0.0,0.0,0.0,0.0,0.0,0.0,0.0,0.0,0.0,0.0,1.0,0.0,9.517955061772426e-05,0.0,0.0,1.0
chscase_census3_908,0.6,0.0012881755828857,0.0001142024993896,0.0,1.0,1.0,0.0,0.0,0.0,0.0,1.0,0.0,0.0,0.0,0.0,0.0,0.0,0.0,0.0,0.0,0.0,0.0,0.0,0.0,1.0,0.0,0.0,0.0,-1.0,3.232069845595214e-05,1.0,0.0,0.0
chscase_census3_908,0.6,0.0013363361358642,0.0001206398010253,0.0,1.0,0.0,0.0,1.0,0.0,0.0,1.0,0.0,0.0,0.0,0.0,0.0,0.0,0.0,0.0,0.0,0.0,0.0,0.0,0.0,0.0,0.0,0.0,1.0,0.0,5.037594408935549e-05,0.0,0.0,1.0
chscase_census3_908,0.6,0.0013353824615478,0.0001392364501953,1.0,0.0,0.0,1.0,0.0,0.0,0.0,1.0,0.0,0.0,0.0,0.0,0.0,0.0,0.0,0.0,0.0,0.0,0.0,0.0,0.0,0.0,0.0,1.0,0.0,0.2711811928917678,0.0004026135715894,1.0,0.0,0.0
chscase_census3_908,0.6,0.0013363361358642,0.0001358985900878,0.0,1.0,0.0,1.0,0.0,0.0,0.0,1.0,0.0,0.0,0.0,0.0,0.0,0.0,0.0,0.0,0.0,0.0,0.0,0.0,0.0,0.0,0.0,0.0,1.0,0.0,1.1864096131465544e-05,0.0,1.0,0.0
chscase_census3_908,0.6,0.0013463497161865,0.0001180171966552,0.0,1.0,1.0,0.0,0.0,0.0,0.0,1.0,0.0,0.0,0.0,0.0,0.0,0.0,0.0,0.0,0.0,0.0,0.0,0.0,0.0,0.0,0.0,0.0,1.0,-1.0,0.0007056610005939,0.0,1.0,0.0
chscase_census3_908,0.6,0.0013251304626464,0.000117540359497,0.0,1.0,0.0,1.0,0.0,0.0,0.0,1.0,0.0,0.0,0.0,0.0,0.0,0.0,0.0,0.0,0.0,0.0,0.0,0.0,0.0,0.0,0.0,1.0,0.0,0.0,4.352750542430859e-05,0.0,0.0,1.0
chscase_census3_908,0.6,0.0013260841369628,0.0001246929168701,1.0,0.0,1.0,0.0,0.0,0.0,0.0,1.0,0.0,0.0,0.0,0.0,0.0,0.0,0.0,0.0,0.0,0.0,0.0,0.0,0.0,0.0,0.0,1.0,0.0,0.0,0.0001556266035317,0.0,1.0,0.0
chscase_census3_908,0.6,0.0012581348419189,0.0001144409179687,1.0,0.0,0.0,0.0,1.0,0.0,0.0,1.0,0.0,0.0,0.0,0.0,0.0,0.0,0.0,0.0,0.0,0.0,0.0,0.0,0.0,1.0,0.0,0.0,0.0,-1.0,2.776571358541409e-05,1.0,0.0,0.0
chscase_census3_908,0.6,0.0013763904571533,0.0001149177551269,0.0,1.0,0.0,0.0,1.0,0.0,0.0,1.0,0.0,0.0,0.0,0.0,0.0,0.0,0.0,0.0,0.0,0.0,0.0,0.0,0.0,0.0,0.0,1.0,0.0,0.0,5.2175940702349887e-05,0.0,1.0,0.0
chscase_census3_908,0.6,0.001335859298706,0.0001139640808105,1.0,0.0,0.0,0.0,1.0,0.0,0.0,1.0,0.0,0.0,0.0,0.0,0.0,0.0,0.0,0.0,0.0,0.0,0.0,0.0,0.0,0.0,0.0,1.0,0.0,0.0,8.304828626223837e-05,0.0,0.0,1.0
chscase_census3_908,0.6,0.0013368129730224,0.000157356262207,1.0,0.0,0.0,0.0,1.0,0.0,0.0,1.0,0.0,0.0,0.0,0.0,0.0,0.0,0.0,0.0,0.0,0.0,0.0,0.0,0.0,0.0,0.0,0.0,1.0,0.0,0.00023850269591,0.0,0.0,1.0
chscase_census3_908,0.5875,0.0012824535369873,0.0001125335693359,0.0,1.0,1.0,0.0,0.0,0.0,0.0,0.0,0.0,0.0,0.0,0.0,0.0,0.0,0.0,0.0,0.0,1.0,0.0,0.0,1.0,0.0,0.0,0.0,0.0,0.0,0.0005574171858314,1.0,0.0,0.0
chscase_census3_908,0.5875,0.0012688636779785,0.0001201629638671,1.0,0.0,0.0,1.0,0.0,0.0,0.0,0.0,0.0,0.0,0.0,0.0,0.0,0.0,0.0,0.0,0.0,1.0,0.0,0.0,1.0,0.0,0.0,0.0,0.0,0.0,0.0005398323024332,0.0,0.0,1.0
PopularKids_1100,0.6210526315789474,0.0711233615875244,0.0002646446228027,0.0,1.0,0.0,1.0,0.0,0.0,0.0,0.0,0.0,0.0,0.0,0.0,1.0,0.0,0.0,0.0,0.0,0.0,0.0,1.0,0.0,0.0,0.0,0.0,0.0,0.0,4.720826096191317e-05,0.0,0.0,1.0
PopularKids_1100,0.6210526315789474,0.0605688095092773,0.0002617835998535,0.0,1.0,0.0,1.0,0.0,0.0,0.0,0.0,0.0,0.0,0.0,0.0,1.0,0.0,0.0,0.0,0.0,0.0,1.0,0.0,0.0,0.0,0.0,0.0,0.0,0.0,1.5046104238259994e-05,0.0,0.0,1.0
PopularKids_1100,0.6210526315789474,0.0541627407073974,0.0002403259277343,1.0,0.0,0.0,1.0,0.0,0.0,0.0,0.0,0.0,0.0,0.0,0.0,1.0,0.0,0.0,0.0,0.0,0.0,1.0,0.0,0.0,0.0,0.0,0.0,0.0,0.9246574741174732,0.0007080065601625,1.0,0.0,0.0
PopularKids_1100,0.6210526315789474,0.0094757080078125,0.0001990795135498,1.0,0.0,0.0,1.0,0.0,0.0,0.0,0.0,0.0,0.0,0.0,0.0,1.0,0.0,0.0,0.0,0.0,0.0,0.0,1.0,0.0,0.0,0.0,0.0,0.0,0.4600379466175838,1.1518411176814314e-05,0.0,1.0,0.0
PopularKids_1100,0.6105263157894737,0.0654826164245605,0.00026535987854,0.0,1.0,0.0,1.0,0.0,0.0,0.0,0.0,0.0,0.0,0.0,0.0,1.0,0.0,0.0,0.0,0.0,0.0,0.0,0.0,0.0,0.0,1.0,0.0,0.0,0.0,0.0005782681212418,0.0,0.0,1.0
PopularKids_1100,0.6105263157894737,0.0689694881439209,0.0002381801605224,1.0,0.0,0.0,1.0,0.0,0.0,0.0,0.0,0.0,0.0,0.0,0.0,1.0,0.0,0.0,0.0,0.0,0.0,0.0,0.0,0.0,0.0,1.0,0.0,0.0,-1.0,1.1262768308923987e-05,0.0,1.0,0.0
PopularKids_1100,0.6041666666666666,0.0016417503356933,0.0001397132873535,0.0,1.0,0.0,0.0,1.0,0.0,0.0,0.0,0.0,0.0,0.0,0.0,0.0,1.0,0.0,0.0,0.0,0.0,0.0,0.0,0.0,1.0,0.0,0.0,0.0,0.0,0.0008979274272914,0.0,0.0,1.0
PopularKids_1100,0.6041666666666666,0.0016610622406005,0.000133991241455,1.0,0.0,0.0,0.0,1.0,0.0,0.0,0.0,0.0,0.0,0.0,0.0,0.0,1.0,0.0,0.0,0.0,0.0,0.0,0.0,0.0,1.0,0.0,0.0,0.0,0.0,1.052675741600666e-05,0.0,0.0,1.0
PopularKids_1100,0.6041666666666666,0.00213623046875,0.0001592636108398,1.0,0.0,0.0,0.0,1.0,0.0,0.0,0.0,0.0,1.0,0.0,0.0,0.0,0.0,0.0,0.0,0.0,0.0,0.0,0.0,0.0,1.0,0.0,0.0,0.0,0.0,1.0814300161787554e-05,1.0,0.0,0.0
PopularKids_1100,0.6041666666666666,0.0016555786132812,0.0001342296600341,1.0,0.0,0.0,0.0,1.0,0.0,1.0,0.0,0.0,0.0,0.0,0.0,0.0,0.0,0.0,0.0,0.0,0.0,0.0,0.0,0.0,1.0,0.0,0.0,0.0,0.0,0.0001040932599362,0.0,0.0,1.0
PopularKids_1100,0.6041666666666666,0.0015621185302734,0.0001239776611328,0.0,1.0,0.0,0.0,1.0,0.0,1.0,0.0,0.0,0.0,0.0,0.0,0.0,0.0,0.0,0.0,0.0,0.0,0.0,0.0,0.0,1.0,0.0,0.0,0.0,0.0,0.0002155458590574,0.0,0.0,1.0
PopularKids_1100,0.6041666666666666,0.0016515254974365,0.0001440048217773,0.0,1.0,0.0,0.0,1.0,0.0,0.0,0.0,0.0,0.0,0.0,1.0,0.0,0.0,0.0,0.0,0.0,0.0,0.0,0.0,0.0,1.0,0.0,0.0,0.0,0.0,5.076477573451994e-05,0.0,0.0,1.0
PopularKids_1100,0.6041666666666666,0.0020740032196044,0.0001399517059326,0.0,1.0,0.0,0.0,1.0,0.0,0.0,0.0,0.0,1.0,0.0,0.0,0.0,0.0,0.0,0.0,0.0,0.0,0.0,0.0,0.0,1.0,0.0,0.0,0.0,0.0,0.0001628521918481,0.0,0.0,1.0
PopularKids_1100,0.6041666666666666,0.001986026763916,0.0001285076141357,1.0,0.0,0.0,0.0,1.0,0.0,0.0,0.0,0.0,0.0,0.0,0.0,0.0,1.0,0.0,0.0,0.0,0.0,0.0,0.0,0.0,0.0,0.0,0.0,1.0,0.0,0.0004917157677319,0.0,0.0,1.0
PopularKids_1100,0.6041666666666666,0.001699686050415,0.0001347064971923,1.0,0.0,0.0,0.0,1.0,0.0,0.0,0.0,0.0,0.0,0.0,1.0,0.0,0.0,0.0,0.0,0.0,0.0,0.0,0.0,0.0,1.0,0.0,0.0,0.0,-1.0,0.0003900934312122,0.0,1.0,0.0
PopularKids_1100,0.6041666666666666,0.0015559196472167,0.0001249313354492,0.0,1.0,0.0,0.0,1.0,0.0,1.0,0.0,0.0,0.0,0.0,0.0,0.0,0.0,0.0,0.0,0.0,0.0,0.0,1.0,0.0,0.0,0.0,0.0,0.0,-1.0,0.0005863508897072,1.0,0.0,0.0
PopularKids_1100,0.6041666666666666,0.0015850067138671,0.0001218318939208,0.0,1.0,0.0,0.0,1.0,0.0,0.0,0.0,0.0,0.0,0.0,0.0,0.0,1.0,0.0,0.0,0.0,0.0,1.0,0.0,0.0,0.0,0.0,0.0,0.0,0.0,2.081253279418284e-05,0.0,0.0,1.0
PopularKids_1100,0.6041666666666666,0.0015275478363037,0.0001220703125,0.0,1.0,0.0,0.0,1.0,0.0,0.0,0.0,0.0,0.0,0.0,0.0,0.0,1.0,0.0,0.0,0.0,0.0,0.0,0.0,0.0,0.0,0.0,0.0,1.0,0.0,2.813669116739521e-05,0.0,0.0,1.0
PopularKids_1100,0.6041666666666666,0.0016241073608398,0.0001230239868164,1.0,0.0,0.0,0.0,1.0,0.0,0.0,0.0,0.0,0.0,0.0,0.0,0.0,1.0,0.0,0.0,0.0,0.0,1.0,0.0,0.0,0.0,0.0,0.0,0.0,-1.0,0.0001497706158667,0.0,1.0,0.0
PopularKids_1100,0.6041666666666666,0.0016653537750244,0.000124454498291,1.0,0.0,0.0,0.0,1.0,0.0,0.0,0.0,0.0,0.0,0.0,0.0,0.0,1.0,0.0,0.0,0.0,0.0,1.0,0.0,0.0,0.0,0.0,0.0,0.0,0.0,0.0002801165608035,1.0,0.0,0.0
fri_c0_500_50_888,0.88,0.0014255046844482,0.0001163482666015,0.0,1.0,1.0,0.0,0.0,1.0,0.0,0.0,0.0,0.0,0.0,0.0,0.0,0.0,0.0,0.0,0.0,0.0,0.0,0.0,1.0,0.0,0.0,0.0,0.0,0.0,1.6395541820467014e-05,1.0,0.0,0.0
fri_c0_500_50_888,0.88,0.0015676021575927,0.0001211166381835,1.0,0.0,0.0,1.0,0.0,1.0,0.0,0.0,0.0,0.0,0.0,0.0,0.0,0.0,0.0,0.0,0.0,0.0,0.0,0.0,1.0,0.0,0.0,0.0,0.0,0.0,2.245254313004216e-05,0.0,0.0,1.0
fri_c0_500_50_888,0.88,0.0015101432800292,0.0001165866851806,0.0,1.0,0.0,0.0,1.0,1.0,0.0,0.0,0.0,0.0,0.0,0.0,0.0,0.0,0.0,0.0,0.0,0.0,0.0,0.0,1.0,0.0,0.0,0.0,0.0,-1.0,0.0007012321643153,1.0,0.0,0.0
fri_c0_500_50_888,0.88,0.0017306804656982,0.0001149177551269,1.0,0.0,1.0,0.0,0.0,1.0,0.0,0.0,0.0,0.0,0.0,0.0,0.0,0.0,0.0,0.0,0.0,0.0,0.0,0.0,1.0,0.0,0.0,0.0,0.0,0.0,1.1263582709722856e-05,0.0,0.0,1.0
fri_c0_500_50_888,0.88,0.0014910697937011,0.000117540359497,1.0,0.0,0.0,0.0,1.0,1.0,0.0,0.0,0.0,0.0,0.0,0.0,0.0,0.0,0.0,0.0,0.0,0.0,0.0,0.0,1.0,0.0,0.0,0.0,0.0,0.0,6.361890945019656e-05,0.0,0.0,1.0
fri_c0_500_50_888,0.88,0.0014851093292236,0.0001163482666015,0.0,1.0,0.0,1.0,0.0,1.0,0.0,0.0,0.0,0.0,0.0,0.0,0.0,0.0,0.0,0.0,0.0,0.0,0.0,0.0,1.0,0.0,0.0,0.0,0.0,-1.0,2.640654792169442e-05,1.0,0.0,0.0
fri_c0_500_50_888,0.87,0.0013055801391601,0.0001118183135986,1.0,0.0,1.0,0.0,0.0,0.0,0.0,0.0,0.0,0.0,0.0,0.0,0.0,0.0,0.0,0.0,1.0,0.0,0.0,0.0,0.0,0.0,0.0,0.0,1.0,0.0,0.0003537078634528,0.0,0.0,1.0
fri_c0_500_50_888,0.87,0.0014715194702148,0.000117540359497,1.0,0.0,0.0,0.0,1.0,1.0,0.0,0.0,0.0,0.0,0.0,0.0,0.0,0.0,0.0,0.0,0.0,0.0,1.0,0.0,0.0,0.0,0.0,0.0,0.0,0.0,0.0005335452728815,0.0,0.0,1.0
fri_c0_500_50_888,0.87,0.0015919208526611,0.0001468658447265,1.0,0.0,0.0,1.0,0.0,0.0,0.0,0.0,0.0,0.0,0.0,0.0,0.0,0.0,0.0,0.0,1.0,0.0,0.0,1.0,0.0,0.0,0.0,0.0,0.0,0.0,3.118750250877176e-05,0.0,0.0,1.0
fri_c0_500_50_888,0.87,0.0014650821685791,0.0001182556152343,0.0,1.0,0.0,0.0,1.0,1.0,0.0,0.0,0.0,0.0,0.0,0.0,0.0,0.0,0.0,0.0,0.0,0.0,0.0,1.0,0.0,0.0,0.0,0.0,0.0,0.0,0.0001512746017642,0.0,0.0,1.0
fri_c0_500_50_888,0.87,0.0014655590057373,0.0001173019409179,1.0,0.0,0.0,0.0,1.0,1.0,0.0,0.0,0.0,0.0,0.0,0.0,0.0,0.0,0.0,0.0,0.0,0.0,0.0,0.0,0.0,0.0,0.0,1.0,0.0,0.0,0.0004857564531677,0.0,0.0,1.0
fri_c0_500_50_888,0.87,0.0013413429260253,0.0001177787780761,1.0,0.0,0.0,0.0,1.0,1.0,0.0,0.0,0.0,0.0,0.0,0.0,0.0,0.0,0.0,0.0,0.0,0.0,0.0,0.0,0.0,0.0,0.0,1.0,0.0,-1.0,0.0001574023886225,0.0,1.0,0.0
fri_c0_500_50_888,0.87,0.0015082359313964,0.0001180171966552,1.0,0.0,0.0,1.0,0.0,0.0,0.0,0.0,0.0,0.0,0.0,0.0,0.0,0.0,0.0,0.0,1.0,0.0,0.0,0.0,0.0,0.0,0.0,0.0,1.0,-1.0,0.000159003486882,0.0,1.0,0.0
fri_c0_500_50_888,0.87,0.0015363693237304,0.0001170635223388,0.0,1.0,0.0,0.0,1.0,0.0,0.0,0.0,0.0,0.0,0.0,0.0,0.0,0.0,0.0,0.0,1.0,0.0,0.0,0.0,1.0,0.0,0.0,0.0,0.0,-1.0,6.694648176548611e-05,1.0,0.0,0.0
fri_c0_500_50_888,0.87,0.0017740726470947,0.0001931190490722,0.0,1.0,0.0,1.0,0.0,1.0,0.0,0.0,0.0,0.0,0.0,0.0,0.0,0.0,0.0,0.0,0.0,0.0,1.0,0.0,0.0,0.0,0.0,0.0,0.0,-1.0,0.0002023232649088,0.0,1.0,0.0
fri_c0_500_50_888,0.87,0.0014929771423339,0.000126838684082,1.0,0.0,0.0,1.0,0.0,1.0,0.0,0.0,0.0,0.0,0.0,0.0,0.0,0.0,0.0,0.0,0.0,0.0,0.0,1.0,0.0,0.0,0.0,0.0,0.0,0.0,0.0008330456637368,0.0,0.0,1.0
fri_c0_500_50_888,0.87,0.0014946460723876,0.0001170635223388,1.0,0.0,1.0,0.0,0.0,1.0,0.0,0.0,0.0,0.0,0.0,0.0,0.0,0.0,0.0,0.0,0.0,0.0,0.0,0.0,0.0,0.0,0.0,0.0,1.0,0.0,3.9742552922598406e-05,1.0,0.0,0.0
fri_c0_500_50_888,0.87,0.0014522075653076,0.0001170635223388,1.0,0.0,1.0,0.0,0.0,1.0,0.0,0.0,0.0,0.0,0.0,0.0,0.0,0.0,0.0,0.0,0.0,0.0,1.0,0.0,0.0,0.0,0.0,0.0,0.0,0.0,2.5188141855175376e-05,0.0,1.0,0.0
fri_c0_500_50_888,0.87,0.0014905929565429,0.0001156330108642,0.0,1.0,0.0,1.0,0.0,1.0,0.0,0.0,0.0,0.0,0.0,0.0,0.0,0.0,0.0,0.0,0.0,0.0,1.0,0.0,0.0,0.0,0.0,0.0,0.0,0.0,0.0008246630946221,0.0,0.0,1.0
fri_c0_500_50_888,0.87,0.0014538764953613,0.0001356601715087,1.0,0.0,1.0,0.0,0.0,1.0,0.0,0.0,0.0,0.0,0.0,0.0,0.0,0.0,0.0,0.0,0.0,0.0,1.0,0.0,0.0,0.0,0.0,0.0,0.0,0.0,1.3193227463841405e-05,0.0,0.0,1.0
fri_c2_500_50_920,0.81,0.0016250610351562,0.0001616477966308,0.0,1.0,0.0,0.0,1.0,0.0,0.0,0.0,1.0,0.0,0.0,0.0,0.0,0.0,0.0,0.0,0.0,0.0,0.0,0.0,0.0,0.0,1.0,0.0,0.0,0.0,0.0004784307721012,0.0,0.0,1.0
fri_c2_500_50_920,0.81,0.0012788772583007,0.000110387802124,0.0,1.0,0.0,0.0,1.0,0.0,0.0,0.0,0.0,0.0,0.0,0.0,0.0,0.0,0.0,0.0,1.0,0.0,0.0,0.0,0.0,0.0,1.0,0.0,0.0,0.0,0.000660072626131,1.0,0.0,0.0
fri_c2_500_50_920,0.81,0.0011487007141113,0.0001118183135986,1.0,0.0,0.0,0.0,1.0,0.0,0.0,0.0,1.0,0.0,0.0,0.0,0.0,0.0,0.0,0.0,0.0,0.0,0.0,0.0,0.0,1.0,0.0,0.0,0.0,0.0,2.746993076723415e-05,0.0,0.0,1.0
fri_c2_500_50_920,0.81,0.0012104511260986,0.0001044273376464,1.0,0.0,0.0,0.0,1.0,0.0,0.0,0.0,0.0,0.0,0.0,0.0,0.0,0.0,0.0,0.0,1.0,0.0,0.0,0.0,1.0,0.0,0.0,0.0,0.0,0.0,7.102618925719591e-05,0.0,0.0,1.0
fri_c2_500_50_920,0.81,0.0014028549194335,0.0001180171966552,1.0,0.0,1.0,0.0,0.0,0.0,0.0,0.0,1.0,0.0,0.0,0.0,0.0,0.0,0.0,0.0,0.0,0.0,0.0,0.0,0.0,0.0,1.0,0.0,0.0,-1.0,1.7622070806687816e-05,1.0,0.0,0.0
fri_c2_500_50_920,0.81,0.0014057159423828,0.0001153945922851,1.0,0.0,1.0,0.0,0.0,0.0,0.0,0.0,0.0,0.0,0.0,0.0,0.0,0.0,0.0,0.0,1.0,0.0,0.0,0.0,0.0,0.0,1.0,0.0,0.0,-1.0,5.419182979343776e-05,1.0,0.0,0.0
fri_c2_500_50_920,0.81,0.001136302947998,0.00010347366333,1.0,0.0,0.0,0.0,1.0,0.0,0.0,0.0,1.0,0.0,0.0,0.0,0.0,0.0,0.0,0.0,0.0,0.0,0.0,0.0,0.0,0.0,1.0,0.0,0.0,0.0,8.21571034232175e-05,0.0,0.0,1.0
fri_c2_500_50_920,0.81,0.0013785362243652,0.000108003616333,1.0,0.0,0.0,0.0,1.0,0.0,0.0,0.0,0.0,0.0,0.0,0.0,0.0,0.0,0.0,0.0,1.0,0.0,0.0,0.0,0.0,0.0,1.0,0.0,0.0,0.0,0.0001045049004723,1.0,0.0,0.0
fri_c2_500_50_920,0.81,0.0013611316680908,0.0001146793365478,1.0,0.0,0.0,1.0,0.0,0.0,0.0,0.0,1.0,0.0,0.0,0.0,0.0,0.0,0.0,0.0,0.0,0.0,0.0,1.0,0.0,0.0,0.0,0.0,0.0,0.0,1.7575952847054053e-05,0.0,0.0,1.0
fri_c2_500_50_920,0.81,0.0011284351348876,0.000101089477539,0.0,1.0,0.0,1.0,0.0,0.0,0.0,0.0,1.0,0.0,0.0,0.0,0.0,0.0,0.0,0.0,0.0,0.0,0.0,0.0,0.0,0.0,1.0,0.0,0.0,0.3105526023044997,6.415626474140917e-05,1.0,0.0,0.0
fri_c2_500_50_920,0.81,0.0013175010681152,0.0001122951507568,1.0,0.0,0.0,1.0,0.0,0.0,0.0,0.0,0.0,0.0,0.0,0.0,0.0,0.0,0.0,0.0,1.0,0.0,0.0,0.0,0.0,0.0,1.0,0.0,0.0,0.039574871958896,0.0001779464994692,1.0,0.0,0.0
fri_c2_500_50_920,0.81,0.0016582012176513,0.000126838684082,0.0,1.0,0.0,1.0,0.0,0.0,0.0,0.0,1.0,0.0,0.0,0.0,0.0,0.0,0.0,0.0,0.0,0.0,0.0,0.0,0.0,0.0,0.0,1.0,0.0,-1.0,0.000100065728558,0.0,1.0,0.0
fri_c2_500_50_920,0.81,0.0011909008026123,0.0001037120819091,1.0,0.0,0.0,1.0,0.0,0.0,0.0,0.0,1.0,0.0,0.0,0.0,0.0,0.0,0.0,0.0,0.0,0.0,0.0,0.0,1.0,0.0,0.0,0.0,0.0,-1.0,0.0004817691903102,0.0,1.0,0.0
fri_c2_500_50_920,0.81,0.0013611316680908,0.0001139640808105,1.0,0.0,0.0,0.0,1.0,0.0,0.0,0.0,1.0,0.0,0.0,0.0,0.0,0.0,0.0,0.0,0.0,0.0,0.0,0.0,1.0,0.0,0.0,0.0,0.0,-1.0,0.0007982556983212,0.0,1.0,0.0
fri_c2_500_50_920,0.81,0.0011854171752929,0.0001053810119628,0.0,1.0,0.0,1.0,0.0,0.0,0.0,0.0,1.0,0.0,0.0,0.0,0.0,0.0,0.0,0.0,0.0,0.0,0.0,1.0,0.0,0.0,0.0,0.0,0.0,0.0,0.0004302371384061,0.0,0.0,1.0
fri_c2_500_50_920,0.81,0.0012524127960205,0.0001044273376464,0.0,1.0,0.0,1.0,0.0,0.0,0.0,0.0,0.0,0.0,0.0,0.0,0.0,0.0,0.0,0.0,1.0,0.0,0.0,0.0,0.0,0.0,1.0,0.0,0.0,0.0,1.2438373941902147e-05,0.0,0.0,1.0
fri_c2_500_50_920,0.81,0.0011684894561767,0.00010347366333,0.0,1.0,1.0,0.0,0.0,0.0,0.0,0.0,1.0,0.0,0.0,0.0,0.0,0.0,0.0,0.0,0.0,0.0,0.0,0.0,1.0,0.0,0.0,0.0,0.0,0.0,2.68748156634578e-05,0.0,0.0,1.0
fri_c2_500_50_920,0.81,0.0012385845184326,0.0001063346862792,0.0,1.0,1.0,0.0,0.0,0.0,0.0,0.0,0.0,0.0,0.0,0.0,0.0,0.0,0.0,0.0,1.0,0.0,0.0,0.0,1.0,0.0,0.0,0.0,0.0,0.0,1.4969753187294777e-05,1.0,0.0,0.0
fri_c2_500_50_920,0.81,0.0012142658233642,0.000105857849121,0.0,1.0,1.0,0.0,0.0,0.0,0.0,0.0,0.0,0.0,0.0,0.0,0.0,0.0,0.0,0.0,1.0,0.0,0.0,0.0,0.0,0.0,1.0,0.0,0.0,0.2566919602567539,7.373343047764043e-05,0.0,1.0,0.0
fri_c2_500_50_920,0.81,0.0013368129730224,0.0001118183135986,0.0,1.0,1.0,0.0,0.0,1.0,0.0,0.0,0.0,0.0,0.0,0.0,0.0,0.0,0.0,0.0,0.0,0.0,0.0,0.0,0.0,0.0,1.0,0.0,0.0,-1.0,0.0002802856294724,0.0,1.0,0.0
blood-transfusion-service-center_1464,0.8657718120805369,0.0014159679412841,0.0001208782196044,0.0,1.0,1.0,0.0,0.0,0.0,0.0,0.0,0.0,0.0,0.0,0.0,0.0,0.0,1.0,0.0,0.0,0.0,0.0,0.0,0.0,1.0,0.0,0.0,0.0,0.0,1.160675922740467e-05,0.0,0.0,1.0
blood-transfusion-service-center_1464,0.8657718120805369,0.320993423461914,0.0011208057403564,1.0,0.0,1.0,0.0,0.0,0.0,0.0,0.0,0.0,0.0,0.0,0.0,0.0,0.0,0.0,1.0,0.0,0.0,0.0,0.0,1.0,0.0,0.0,0.0,0.0,0.0903650083234088,3.420570767759313e-05,1.0,0.0,0.0
blood-transfusion-service-center_1464,0.8657718120805369,0.0013918876647949,0.0001192092895507,0.0,1.0,0.0,1.0,0.0,0.0,0.0,0.0,0.0,0.0,0.0,0.0,0.0,0.0,1.0,0.0,0.0,0.0,0.0,0.0,0.0,1.0,0.0,0.0,0.0,0.0,1.540985147374665e-05,0.0,0.0,1.0
blood-transfusion-service-center_1464,0.8657718120805369,0.4320528507232666,0.0003035068511962,0.0,1.0,0.0,0.0,1.0,0.0,0.0,0.0,0.0,0.0,0.0,0.0,0.0,0.0,0.0,1.0,0.0,0.0,0.0,0.0,1.0,0.0,0.0,0.0,0.0,0.0,6.610221364407591e-05,0.0,0.0,1.0
blood-transfusion-service-center_1464,0.8657718120805369,0.0013833045959472,0.0001189708709716,1.0,0.0,1.0,0.0,0.0,0.0,0.0,0.0,0.0,0.0,0.0,0.0,0.0,0.0,1.0,0.0,0.0,0.0,0.0,0.0,0.0,1.0,0.0,0.0,0.0,0.0,0.0007090289007872,0.0,0.0,1.0
blood-transfusion-service-center_1464,0.8657718120805369,0.4549863338470459,0.0009260177612304,1.0,0.0,0.0,0.0,1.0,0.0,0.0,0.0,0.0,0.0,0.0,0.0,0.0,0.0,0.0,1.0,0.0,0.0,0.0,0.0,1.0,0.0,0.0,0.0,0.0,0.8875792715895418,6.693726289870821e-05,1.0,0.0,0.0
blood-transfusion-service-center_1464,0.8657718120805369,0.3144111633300781,0.000220775604248,1.0,0.0,0.0,1.0,0.0,0.0,0.0,0.0,0.0,0.0,0.0,0.0,0.0,0.0,0.0,1.0,0.0,0.0,0.0,0.0,1.0,0.0,0.0,0.0,0.0,0.0,0.0001859812154708,1.0,0.0,0.0
blood-transfusion-service-center_1464,0.8657718120805369,0.3569834232330322,0.0002188682556152,0.0,1.0,1.0,0.0,0.0,0.0,0.0,0.0,0.0,0.0,0.0,0.0,0.0,0.0,0.0,1.0,0.0,0.0,0.0,0.0,1.0,0.0,0.0,0.0,0.0,0.0636117246136269,5.9436103849167294e-05,1.0,0.0,0.0
blood-transfusion-service-center_1464,0.8657718120805369,0.0014214515686035,0.0001204013824462,0.0,1.0,0.0,0.0,1.0,0.0,0.0,0.0,0.0,0.0,0.0,0.0,0.0,0.0,1.0,0.0,0.0,0.0,0.0,0.0,0.0,1.0,0.0,0.0,0.0,0.0,0.0002903437767937,0.0,0.0,1.0
blood-transfusion-service-center_1464,0.8657718120805369,0.001542329788208,0.0001251697540283,1.0,0.0,0.0,0.0,1.0,0.0,0.0,0.0,0.0,0.0,0.0,0.0,0.0,0.0,1.0,0.0,0.0,0.0,0.0,0.0,0.0,1.0,0.0,0.0,0.0,-1.0,0.0003062347863055,1.0,0.0,0.0
blood-transfusion-service-center_1464,0.8657718120805369,0.267392635345459,0.0002236366271972,0.0,1.0,0.0,1.0,0.0,0.0,0.0,0.0,0.0,0.0,0.0,0.0,0.0,0.0,0.0,1.0,0.0,0.0,0.0,0.0,1.0,0.0,0.0,0.0,0.0,0.0,1.8884098476155288e-05,0.0,0.0,1.0
blood-transfusion-service-center_1464,0.8657718120805369,0.0013177394866943,0.0001142024993896,1.0,0.0,0.0,1.0,0.0,0.0,0.0,0.0,0.0,0.0,0.0,0.0,0.0,0.0,1.0,0.0,0.0,0.0,0.0,0.0,0.0,1.0,0.0,0.0,0.0,0.0,0.0002024930435171,0.0,0.0,1.0
blood-transfusion-service-center_1464,0.8590604026845637,0.0011665821075439,0.0001218318939208,1.0,0.0,1.0,0.0,0.0,0.0,0.0,0.0,0.0,0.0,1.0,0.0,0.0,0.0,0.0,0.0,0.0,0.0,0.0,0.0,0.0,1.0,0.0,0.0,0.0,0.0,5.925241522829435e-05,0.0,1.0,0.0
blood-transfusion-service-center_1464,0.8590604026845637,0.0014021396636962,0.0001356601715087,0.0,1.0,1.0,0.0,0.0,0.0,0.0,0.0,0.0,1.0,0.0,0.0,0.0,0.0,0.0,0.0,0.0,0.0,0.0,0.0,0.0,0.0,1.0,0.0,0.0,0.0,0.0005241962801249,1.0,0.0,0.0
blood-transfusion-service-center_1464,0.8590604026845637,0.0011000633239746,0.0001161098480224,0.0,1.0,0.0,1.0,0.0,0.0,0.0,0.0,0.0,0.0,1.0,0.0,0.0,0.0,0.0,0.0,0.0,0.0,0.0,0.0,0.0,1.0,0.0,0.0,0.0,-1.0,2.0683939301457447e-05,1.0,0.0,0.0
blood-transfusion-service-center_1464,0.8590604026845637,0.0011963844299316,0.0001196861267089,1.0,0.0,1.0,0.0,0.0,0.0,1.0,0.0,0.0,0.0,0.0,0.0,0.0,0.0,0.0,0.0,0.0,0.0,0.0,0.0,0.0,1.0,0.0,0.0,0.0,0.0,0.0006235421983402,0.0,0.0,1.0
blood-transfusion-service-center_1464,0.8590604026845637,0.0011160373687744,0.0001161098480224,1.0,0.0,1.0,0.0,0.0,0.0,0.0,0.0,0.0,0.0,0.0,0.0,0.0,1.0,0.0,0.0,0.0,0.0,0.0,0.0,0.0,1.0,0.0,0.0,0.0,0.0,0.0001054494710454,0.0,0.0,1.0
blood-transfusion-service-center_1464,0.8590604026845637,0.0011415481567382,0.0001287460327148,0.0,1.0,1.0,0.0,0.0,0.0,0.0,0.0,0.0,0.0,1.0,0.0,0.0,0.0,0.0,0.0,0.0,0.0,0.0,0.0,0.0,1.0,0.0,0.0,0.0,-1.0,3.243693686956117e-05,0.0,1.0,0.0
blood-transfusion-service-center_1464,0.8590604026845637,0.001220703125,0.0001249313354492,1.0,0.0,0.0,0.0,1.0,0.0,0.0,0.0,0.0,0.0,0.0,1.0,0.0,0.0,0.0,0.0,0.0,0.0,0.0,0.0,0.0,1.0,0.0,0.0,0.0,-1.0,4.670080678797509e-05,1.0,0.0,0.0
blood-transfusion-service-center_1464,0.8590604026845637,0.0013740062713623,0.0001585483551025,0.0,1.0,1.0,0.0,0.0,0.0,0.0,0.0,0.0,1.0,0.0,0.0,0.0,0.0,0.0,0.0,0.0,0.0,0.0,0.0,0.0,1.0,0.0,0.0,0.0,0.0,1.0233444412500452e-05,0.0,0.0,1.0
abalone_183,0.3026315789473684,0.0739250183105468,0.000481367111206,0.0,1.0,0.0,0.0,1.0,0.0,0.0,0.0,0.0,0.0,0.0,0.0,0.0,0.0,1.0,0.0,0.0,0.0,0.0,0.0,1.0,0.0,0.0,0.0,0.0,-1.0,0.0007939966180472,1.0,0.0,0.0
abalone_183,0.3026315789473684,0.0832738876342773,0.0004463195800781,1.0,0.0,0.0,0.0,1.0,0.0,0.0,0.0,0.0,0.0,0.0,0.0,0.0,0.0,1.0,0.0,0.0,0.0,0.0,0.0,1.0,0.0,0.0,0.0,0.0,0.0,2.8180558720265665e-05,0.0,0.0,1.0
abalone_183,0.2990430622009569,0.2894258499145508,0.0009527206420898,0.0,1.0,0.0,1.0,0.0,0.0,0.0,0.0,0.0,0.0,0.0,0.0,0.0,0.0,1.0,0.0,0.0,0.0,0.0,0.0,1.0,0.0,0.0,0.0,0.0,0.772510571810854,0.0006598928471815,1.0,0.0,0.0
abalone_183,0.2990430622009569,0.2288823127746582,0.0024795532226562,1.0,0.0,0.0,1.0,0.0,0.0,0.0,0.0,0.0,0.0,0.0,0.0,0.0,0.0,1.0,0.0,0.0,0.0,0.0,0.0,1.0,0.0,0.0,0.0,0.0,0.0,0.0005080746499225,0.0,1.0,0.0
abalone_183,0.2978468899521531,0.0028052330017089,0.0002906322479248,1.0,0.0,0.0,1.0,0.0,1.0,0.0,0.0,0.0,0.0,0.0,0.0,0.0,0.0,0.0,0.0,0.0,0.0,0.0,0.0,1.0,0.0,0.0,0.0,0.0,0.0,4.990634883925945e-05,0.0,0.0,1.0
abalone_183,0.2978468899521531,0.0028109550476074,0.0002875328063964,0.0,1.0,0.0,1.0,0.0,1.0,0.0,0.0,0.0,0.0,0.0,0.0,0.0,0.0,0.0,0.0,0.0,0.0,0.0,0.0,1.0,0.0,0.0,0.0,0.0,0.0,2.641336290917411e-05,0.0,0.0,1.0
abalone_183,0.2942583732057416,0.0026803016662597,0.0002524852752685,1.0,0.0,0.0,1.0,0.0,1.0,0.0,0.0,0.0,0.0,0.0,0.0,0.0,0.0,0.0,0.0,0.0,0.0,0.0,0.0,0.0,1.0,0.0,0.0,0.0,0.0,7.132102709591057e-05,1.0,0.0,0.0
abalone_183,0.2942583732057416,0.0026617050170898,0.0002436637878417,0.0,1.0,0.0,1.0,0.0,1.0,0.0,0.0,0.0,0.0,0.0,0.0,0.0,0.0,0.0,0.0,0.0,0.0,0.0,0.0,0.0,1.0,0.0,0.0,0.0,0.9430906223015716,0.0007364320853862,0.0,1.0,0.0
abalone_183,0.2930622009569378,0.0027327537536621,0.0002455711364746,1.0,0.0,0.0,1.0,0.0,1.0,0.0,0.0,0.0,0.0,0.0,0.0,0.0,0.0,0.0,0.0,0.0,0.0,0.0,0.0,0.0,0.0,0.0,0.0,1.0,0.0,0.0005131439976511,0.0,0.0,1.0
abalone_183,0.2930622009569378,0.0023603439331054,0.0002377033233642,1.0,0.0,0.0,1.0,0.0,0.0,0.0,0.0,0.0,0.0,1.0,0.0,0.0,0.0,0.0,0.0,0.0,0.0,0.0,0.0,0.0,0.0,0.0,0.0,1.0,0.0,9.489350207494526e-05,0.0,0.0,1.0
abalone_183,0.2930622009569378,0.0027012825012207,0.0002810955047607,1.0,0.0,0.0,1.0,0.0,1.0,0.0,0.0,0.0,0.0,0.0,0.0,0.0,0.0,0.0,0.0,0.0,0.0,1.0,0.0,0.0,0.0,0.0,0.0,0.0,0.0,0.000123338037659,0.0,0.0,1.0
abalone_183,0.2930622009569378,0.00667405128479,0.0003638267517089,1.0,0.0,0.0,0.0,1.0,0.0,0.0,0.0,0.0,1.0,0.0,0.0,0.0,0.0,0.0,0.0,0.0,0.0,0.0,0.0,0.0,0.0,1.0,0.0,0.0,-1.0,6.565875619447213e-05,0.0,1.0,0.0
abalone_183,0.2930622009569378,0.0028035640716552,0.0003514289855957,1.0,0.0,0.0,0.0,1.0,0.0,0.0,0.0,0.0,0.0,1.0,0.0,0.0,0.0,0.0,0.0,0.0,0.0,0.0,1.0,0.0,0.0,0.0,0.0,0.0,-1.0,0.0007753752480029,1.0,0.0,0.0
abalone_183,0.2930622009569378,0.003890037536621,0.0003786087036132,0.0,1.0,0.0,0.0,1.0,0.0,0.0,0.0,0.0,1.0,0.0,0.0,0.0,0.0,0.0,0.0,0.0,0.0,0.0,0.0,0.0,0.0,1.0,0.0,0.0,0.0355069914949943,0.0009502461002236,1.0,0.0,0.0
abalone_183,0.2930622009569378,0.0026373863220214,0.0002388954162597,1.0,0.0,0.0,0.0,1.0,0.0,0.0,0.0,0.0,0.0,0.0,1.0,0.0,0.0,0.0,0.0,0.0,0.0,0.0,0.0,0.0,0.0,1.0,0.0,0.0,-1.0,3.787099830935238e-05,0.0,1.0,0.0
abalone_183,0.2930622009569378,0.0022566318511962,0.0002307891845703,0.0,1.0,0.0,1.0,0.0,0.0,0.0,0.0,0.0,0.0,1.0,0.0,0.0,0.0,0.0,0.0,0.0,0.0,0.0,1.0,0.0,0.0,0.0,0.0,0.0,0.0,0.000793307785277,0.0,0.0,1.0
abalone_183,0.2930622009569378,0.002274751663208,0.0002307891845703,0.0,1.0,0.0,1.0,0.0,0.0,0.0,0.0,0.0,0.0,1.0,0.0,0.0,0.0,0.0,0.0,0.0,0.0,0.0,0.0,0.0,0.0,0.0,0.0,1.0,-1.0,0.0007958744103247,0.0,1.0,0.0
abalone_183,0.2930622009569378,0.0026845932006835,0.0002505779266357,1.0,0.0,0.0,1.0,0.0,1.0,0.0,0.0,0.0,0.0,0.0,0.0,0.0,0.0,0.0,0.0,0.0,0.0,0.0,0.0,0.0,0.0,0.0,1.0,0.0,0.0628393161650998,8.848879124466786e-05,0.0,1.0,0.0
abalone_183,0.2930622009569378,0.0029966831207275,0.0002970695495605,1.0,0.0,0.0,0.0,1.0,0.0,1.0,0.0,0.0,0.0,0.0,0.0,0.0,0.0,0.0,0.0,0.0,0.0,0.0,0.0,0.0,0.0,1.0,0.0,0.0,0.0,6.757775664666312e-05,0.0,0.0,1.0
abalone_183,0.2930622009569378,0.0025908946990966,0.0002295970916748,1.0,0.0,0.0,0.0,1.0,0.0,0.0,0.0,0.0,0.0,0.0,0.0,0.0,1.0,0.0,0.0,0.0,0.0,0.0,0.0,0.0,0.0,1.0,0.0,0.0,0.2712712151543012,0.0005477841250911,1.0,0.0,0.0
fri_c1_1000_50_837,0.78,0.0017652511596679,0.000117540359497,0.0,1.0,1.0,0.0,0.0,0.0,0.0,1.0,0.0,0.0,0.0,0.0,0.0,0.0,0.0,0.0,0.0,0.0,0.0,0.0,1.0,0.0,0.0,0.0,0.0,-1.0,0.000769336733593,0.0,1.0,0.0
fri_c1_1000_50_837,0.78,0.0016891956329345,0.0001130104064941,1.0,0.0,1.0,0.0,0.0,0.0,0.0,1.0,0.0,0.0,0.0,0.0,0.0,0.0,0.0,0.0,0.0,0.0,0.0,0.0,1.0,0.0,0.0,0.0,0.0,0.0,6.379093403066366e-05,0.0,0.0,1.0
fri_c1_1000_50_837,0.78,0.0017156600952148,0.0002112388610839,1.0,0.0,0.0,1.0,0.0,0.0,0.0,1.0,0.0,0.0,0.0,0.0,0.0,0.0,0.0,0.0,0.0,0.0,0.0,0.0,1.0,0.0,0.0,0.0,0.0,-1.0,9.647256806290716e-05,1.0,0.0,0.0
fri_c1_1000_50_837,0.78,0.0018222332000732,0.0001287460327148,1.0,0.0,0.0,0.0,1.0,0.0,0.0,1.0,0.0,0.0,0.0,0.0,0.0,0.0,0.0,0.0,0.0,0.0,0.0,0.0,1.0,0.0,0.0,0.0,0.0,-1.0,4.660849227604902e-05,1.0,0.0,0.0
fri_c1_1000_50_837,0.78,0.0019571781158447,0.0001571178436279,0.0,1.0,0.0,1.0,0.0,0.0,0.0,1.0,0.0,0.0,0.0,0.0,0.0,0.0,0.0,0.0,0.0,0.0,0.0,0.0,1.0,0.0,0.0,0.0,0.0,0.0232272779852047,2.6175120201872e-05,1.0,0.0,0.0
fri_c1_1000_50_837,0.78,0.0018348693847656,0.0001201629638671,0.0,1.0,0.0,0.0,1.0,0.0,0.0,1.0,0.0,0.0,0.0,0.0,0.0,0.0,0.0,0.0,0.0,0.0,0.0,0.0,1.0,0.0,0.0,0.0,0.0,0.3715789795501231,0.0009827147731497,1.0,0.0,0.0
fri_c1_1000_50_837,0.775,0.0016596317291259,0.0001120567321777,1.0,0.0,1.0,0.0,0.0,0.0,0.0,1.0,0.0,0.0,0.0,0.0,0.0,0.0,0.0,0.0,0.0,0.0,0.0,0.0,0.0,0.0,1.0,0.0,0.0,0.0,2.3859402366868936e-05,0.0,0.0,1.0
fri_c1_1000_50_837,0.775,0.0016946792602539,0.0001184940338134,1.0,0.0,0.0,0.0,1.0,0.0,0.0,1.0,0.0,0.0,0.0,0.0,0.0,0.0,0.0,0.0,0.0,0.0,0.0,0.0,0.0,0.0,1.0,0.0,0.0,-1.0,0.0004249682664728,1.0,0.0,0.0
fri_c1_1000_50_837,0.775,0.0016384124755859,0.0001125335693359,0.0,1.0,0.0,1.0,0.0,0.0,0.0,1.0,0.0,0.0,0.0,0.0,0.0,0.0,0.0,0.0,0.0,0.0,0.0,0.0,0.0,0.0,1.0,0.0,0.0,-1.0,6.936932350387434e-05,1.0,0.0,0.0
fri_c1_1000_50_837,0.775,0.0016088485717773,0.000110387802124,0.0,1.0,0.0,0.0,1.0,0.0,0.0,1.0,0.0,0.0,0.0,0.0,0.0,0.0,0.0,0.0,0.0,0.0,0.0,0.0,0.0,0.0,1.0,0.0,0.0,-1.0,1.4700370314528318e-05,0.0,1.0,0.0
fri_c1_1000_50_837,0.775,0.0017106533050537,0.000112771987915,1.0,0.0,0.0,1.0,0.0,0.0,0.0,1.0,0.0,0.0,0.0,0.0,0.0,0.0,0.0,0.0,0.0,0.0,0.0,0.0,0.0,0.0,1.0,0.0,0.0,0.6785251284148427,4.465405984826727e-05,1.0,0.0,0.0
fri_c1_1000_50_837,0.775,0.0017092227935791,0.000117540359497,0.0,1.0,1.0,0.0,0.0,0.0,0.0,1.0,0.0,0.0,0.0,0.0,0.0,0.0,0.0,0.0,0.0,0.0,0.0,0.0,0.0,0.0,1.0,0.0,0.0,0.0,1.4664437967212324e-05,0.0,0.0,1.0
fri_c1_1000_50_837,0.77,0.0017609596252441,0.0001196861267089,1.0,0.0,0.0,0.0,1.0,0.0,0.0,1.0,0.0,0.0,0.0,0.0,0.0,0.0,0.0,0.0,0.0,0.0,0.0,0.0,0.0,0.0,0.0,0.0,1.0,0.0,0.0009202364475891,1.0,0.0,0.0
fri_c1_1000_50_837,0.77,0.0017244815826416,0.0001146793365478,1.0,0.0,1.0,0.0,0.0,0.0,0.0,1.0,0.0,0.0,0.0,0.0,0.0,0.0,0.0,0.0,0.0,0.0,0.0,0.0,0.0,0.0,0.0,0.0,1.0,0.9903389946077508,3.391569927862964e-05,0.0,1.0,0.0
fri_c1_1000_50_837,0.77,0.001734972000122,0.0001249313354492,1.0,0.0,0.0,1.0,0.0,0.0,0.0,1.0,0.0,0.0,0.0,0.0,0.0,0.0,0.0,0.0,0.0,0.0,0.0,0.0,0.0,1.0,0.0,0.0,0.0,-1.0,0.0003105077639521,0.0,1.0,0.0
fri_c1_1000_50_837,0.77,0.0016608238220214,0.0001099109649658,0.0,1.0,1.0,0.0,0.0,0.0,0.0,1.0,0.0,0.0,0.0,0.0,0.0,0.0,0.0,0.0,0.0,0.0,0.0,0.0,0.0,1.0,0.0,0.0,0.0,-1.0,7.099645010838448e-05,0.0,1.0,0.0
fri_c1_1000_50_837,0.77,0.0017673969268798,0.0001189708709716,0.0,1.0,1.0,0.0,0.0,0.0,0.0,1.0,0.0,0.0,0.0,0.0,0.0,0.0,0.0,0.0,0.0,0.0,0.0,0.0,0.0,0.0,0.0,0.0,1.0,-1.0,0.0002284812132858,1.0,0.0,0.0
fri_c1_1000_50_837,0.77,0.0016288757324218,0.0001165866851806,1.0,0.0,0.0,1.0,0.0,0.0,0.0,1.0,0.0,0.0,0.0,0.0,0.0,0.0,0.0,0.0,0.0,0.0,0.0,1.0,0.0,0.0,0.0,0.0,0.0,0.0,3.237029809812669e-05,0.0,0.0,1.0
fri_c1_1000_50_837,0.77,0.0016500949859619,0.0001072883605957,1.0,0.0,1.0,0.0,0.0,0.0,0.0,1.0,0.0,0.0,0.0,0.0,0.0,0.0,0.0,0.0,0.0,0.0,0.0,0.0,0.0,1.0,0.0,0.0,0.0,0.0,1.5426861366560284e-05,1.0,0.0,0.0
fri_c1_1000_50_837,0.77,0.0018794536590576,0.0001184940338134,0.0,1.0,0.0,1.0,0.0,0.0,0.0,1.0,0.0,0.0,0.0,0.0,0.0,0.0,0.0,0.0,0.0,0.0,0.0,0.0,0.0,0.0,0.0,0.0,1.0,0.0,0.0004140910793409,0.0,0.0,1.0
arsenic-female-bladder_949,0.9285714285714286,0.0089118480682373,0.000169038772583,0.0,1.0,0.0,1.0,0.0,0.0,0.0,0.0,0.0,0.0,0.0,0.0,0.0,0.0,0.0,1.0,0.0,0.0,1.0,0.0,0.0,0.0,0.0,0.0,0.0,0.2140543011086225,0.0002712887999716,1.0,0.0,0.0
arsenic-female-bladder_949,0.9285714285714286,0.0091431140899658,0.0001730918884277,1.0,0.0,1.0,0.0,0.0,0.0,0.0,0.0,0.0,0.0,0.0,0.0,0.0,0.0,0.0,1.0,0.0,0.0,1.0,0.0,0.0,0.0,0.0,0.0,0.0,-1.0,1.6550487506643983e-05,0.0,1.0,0.0
arsenic-female-bladder_949,0.9285714285714286,0.013228416442871,0.0005338191986083,0.0,1.0,0.0,0.0,1.0,0.0,0.0,0.0,0.0,0.0,0.0,0.0,0.0,0.0,0.0,1.0,0.0,0.0,1.0,0.0,0.0,0.0,0.0,0.0,0.0,-1.0,0.0002896645248239,1.0,0.0,0.0
arsenic-female-bladder_949,0.9285714285714286,0.0143918991088867,0.0002176761627197,1.0,0.0,0.0,0.0,1.0,0.0,0.0,0.0,0.0,0.0,0.0,0.0,0.0,0.0,0.0,1.0,0.0,0.0,1.0,0.0,0.0,0.0,0.0,0.0,0.0,0.0,0.0001567766208073,0.0,0.0,1.0
arsenic-female-bladder_949,0.9285714285714286,0.0109598636627197,0.0001847743988037,1.0,0.0,0.0,1.0,0.0,0.0,0.0,0.0,0.0,0.0,0.0,0.0,0.0,0.0,0.0,1.0,0.0,0.0,1.0,0.0,0.0,0.0,0.0,0.0,0.0,-1.0,2.202810485849621e-05,1.0,0.0,0.0
arsenic-female-bladder_949,0.9285714285714286,0.0102214813232421,0.0002002716064453,0.0,1.0,1.0,0.0,0.0,0.0,0.0,0.0,0.0,0.0,0.0,0.0,0.0,0.0,0.0,1.0,0.0,0.0,1.0,0.0,0.0,0.0,0.0,0.0,0.0,0.5927531508781982,0.0004479320205746,0.0,1.0,0.0
arsenic-female-bladder_949,0.9196428571428572,0.0768368244171142,0.0002264976501464,0.0,1.0,0.0,1.0,0.0,0.0,0.0,0.0,0.0,0.0,0.0,0.0,1.0,0.0,0.0,0.0,0.0,0.0,0.0,0.0,0.0,0.0,0.0,1.0,0.0,-1.0,0.0002499191188502,1.0,0.0,0.0
arsenic-female-bladder_949,0.9196428571428572,0.1265540122985839,0.0002062320709228,0.0,1.0,1.0,0.0,0.0,0.0,0.0,0.0,0.0,0.0,0.0,0.0,1.0,0.0,0.0,0.0,0.0,0.0,0.0,0.0,0.0,0.0,0.0,1.0,0.0,0.0,0.0001031901799488,0.0,0.0,1.0
arsenic-female-bladder_949,0.9196428571428572,0.0804426670074462,0.0002081394195556,1.0,0.0,0.0,1.0,0.0,0.0,0.0,0.0,0.0,0.0,0.0,0.0,1.0,0.0,0.0,0.0,0.0,0.0,0.0,0.0,0.0,0.0,0.0,1.0,0.0,0.0,2.276510471331992e-05,1.0,0.0,0.0
arsenic-female-bladder_949,0.9196428571428572,0.0783126354217529,0.0002038478851318,1.0,0.0,0.0,0.0,1.0,0.0,0.0,0.0,0.0,0.0,0.0,0.0,1.0,0.0,0.0,0.0,0.0,0.0,0.0,0.0,0.0,0.0,0.0,1.0,0.0,-1.0,0.0001203175524491,1.0,0.0,0.0
arsenic-female-bladder_949,0.9196428571428572,0.0895640850067138,0.0002017021179199,0.0,1.0,0.0,0.0,1.0,0.0,0.0,0.0,0.0,0.0,0.0,0.0,1.0,0.0,0.0,0.0,0.0,0.0,0.0,0.0,0.0,0.0,0.0,1.0,0.0,0.0,2.115533218494521e-05,0.0,0.0,1.0
arsenic-female-bladder_949,0.9196428571428572,0.1901357173919677,0.0002021789550781,1.0,0.0,1.0,0.0,0.0,0.0,0.0,0.0,0.0,0.0,0.0,0.0,1.0,0.0,0.0,0.0,0.0,0.0,0.0,0.0,0.0,0.0,0.0,1.0,0.0,0.0,2.33294488506909e-05,0.0,0.0,1.0
arsenic-female-bladder_949,0.9107142857142856,0.0014388561248779,0.0001113414764404,1.0,0.0,1.0,0.0,0.0,0.0,0.0,0.0,0.0,0.0,0.0,0.0,0.0,0.0,1.0,0.0,0.0,0.0,1.0,0.0,0.0,0.0,0.0,0.0,0.0,0.0908696007069037,3.038689765811393e-05,0.0,1.0,0.0
arsenic-female-bladder_949,0.9107142857142856,0.0016729831695556,0.0001270771026611,0.0,1.0,0.0,0.0,1.0,0.0,0.0,0.0,0.0,0.0,0.0,1.0,0.0,0.0,0.0,0.0,0.0,0.0,0.0,0.0,0.0,1.0,0.0,0.0,0.0,0.0,0.0002037152889995,0.0,0.0,1.0
arsenic-female-bladder_949,0.9107142857142856,0.0017940998077392,0.0001275539398193,0.0,1.0,0.0,0.0,1.0,0.0,0.0,0.0,0.0,1.0,0.0,0.0,0.0,0.0,0.0,0.0,0.0,0.0,0.0,0.0,0.0,1.0,0.0,0.0,0.0,0.0,0.0002287233950403,0.0,0.0,1.0
arsenic-female-bladder_949,0.9107142857142856,0.0015585422515869,0.000150442123413,1.0,0.0,0.0,0.0,1.0,0.0,0.0,0.0,0.0,0.0,0.0,0.0,0.0,0.0,1.0,0.0,0.0,0.0,1.0,0.0,0.0,0.0,0.0,0.0,0.0,-1.0,1.3980511177857962e-05,1.0,0.0,0.0
arsenic-female-bladder_949,0.9107142857142856,0.0015418529510498,0.0001134872436523,0.0,1.0,0.0,1.0,0.0,0.0,0.0,0.0,0.0,0.0,0.0,0.0,0.0,0.0,1.0,0.0,0.0,0.0,0.0,1.0,0.0,0.0,0.0,0.0,0.0,0.0,0.0002003515858394,0.0,0.0,1.0
arsenic-female-bladder_949,0.9107142857142856,0.0017879009246826,0.0001428127288818,1.0,0.0,0.0,0.0,1.0,0.0,0.0,0.0,0.0,1.0,0.0,0.0,0.0,0.0,0.0,0.0,0.0,0.0,0.0,0.0,0.0,1.0,0.0,0.0,0.0,0.0,1.1727177834510216e-05,0.0,1.0,0.0
arsenic-female-bladder_949,0.9107142857142856,0.0015766620635986,0.0001134872436523,1.0,0.0,1.0,0.0,0.0,0.0,0.0,0.0,0.0,0.0,0.0,0.0,0.0,0.0,1.0,0.0,0.0,0.0,0.0,1.0,0.0,0.0,0.0,0.0,0.0,0.0,0.0006456149970685,0.0,1.0,0.0
arsenic-female-bladder_949,0.9107142857142856,0.0015017986297607,0.0001418590545654,0.0,1.0,0.0,0.0,1.0,0.0,0.0,0.0,0.0,0.0,0.0,0.0,0.0,1.0,0.0,0.0,0.0,0.0,0.0,0.0,0.0,1.0,0.0,0.0,0.0,0.0,0.0003608526259186,0.0,0.0,1.0
PizzaCutter3_1444,0.8995215311004785,0.0017769336700439,0.0001091957092285,0.0,1.0,1.0,0.0,0.0,0.0,0.0,0.0,1.0,0.0,0.0,0.0,0.0,0.0,0.0,0.0,0.0,0.0,0.0,0.0,1.0,0.0,0.0,0.0,0.0,0.0,0.0002810495381802,0.0,1.0,0.0
PizzaCutter3_1444,0.8995215311004785,0.0015013217926025,0.0001046657562255,0.0,1.0,0.0,0.0,1.0,0.0,0.0,0.0,1.0,0.0,0.0,0.0,0.0,0.0,0.0,0.0,0.0,0.0,0.0,0.0,0.0,0.0,1.0,0.0,0.0,-1.0,3.0089719829595327e-05,1.0,0.0,0.0
PizzaCutter3_1444,0.8995215311004785,0.0018904209136962,0.0001251697540283,1.0,0.0,0.0,1.0,0.0,0.0,0.0,0.0,0.0,0.0,0.0,0.0,0.0,0.0,0.0,0.0,0.0,1.0,0.0,0.0,0.0,0.0,1.0,0.0,0.0,-1.0,0.0009443129853529,0.0,1.0,0.0
PizzaCutter3_1444,0.8995215311004785,0.0015912055969238,0.0001077651977539,0.0,1.0,1.0,0.0,0.0,0.0,0.0,1.0,0.0,0.0,0.0,0.0,0.0,0.0,0.0,0.0,0.0,0.0,0.0,0.0,1.0,0.0,0.0,0.0,0.0,-1.0,0.0007057219253792,0.0,1.0,0.0
PizzaCutter3_1444,0.8995215311004785,0.0023539066314697,0.0001285076141357,0.0,1.0,0.0,0.0,1.0,0.0,0.0,0.0,0.0,0.0,0.0,0.0,0.0,0.0,0.0,0.0,0.0,1.0,1.0,0.0,0.0,0.0,0.0,0.0,0.0,-1.0,9.54658037013472e-05,1.0,0.0,0.0
PizzaCutter3_1444,0.8995215311004785,0.0777151584625244,0.0002095699310302,1.0,0.0,1.0,0.0,0.0,0.0,0.0,0.0,0.0,0.0,0.0,0.0,1.0,0.0,0.0,0.0,0.0,0.0,0.0,1.0,0.0,0.0,0.0,0.0,0.0,0.0,1.1732117027929904e-05,0.0,0.0,1.0
PizzaCutter3_1444,0.8995215311004785,0.0018563270568847,0.0001130104064941,1.0,0.0,0.0,1.0,0.0,0.0,0.0,1.0,0.0,0.0,0.0,0.0,0.0,0.0,0.0,0.0,0.0,0.0,0.0,0.0,0.0,0.0,1.0,0.0,0.0,0.0,0.0001053856373761,0.0,0.0,1.0
PizzaCutter3_1444,0.8995215311004785,0.0016584396362304,0.0001122951507568,1.0,0.0,0.0,1.0,0.0,0.0,0.0,0.0,1.0,0.0,0.0,0.0,0.0,0.0,0.0,0.0,0.0,0.0,0.0,0.0,0.0,0.0,1.0,0.0,0.0,0.0,2.0321470654849537e-05,0.0,0.0,1.0
PizzaCutter3_1444,0.8995215311004785,0.0015275478363037,0.0001053810119628,0.0,1.0,1.0,0.0,0.0,0.0,0.0,0.0,1.0,0.0,0.0,0.0,0.0,0.0,0.0,0.0,0.0,0.0,0.0,0.0,0.0,1.0,0.0,0.0,0.0,0.0,0.0001532480792544,0.0,0.0,1.0
PizzaCutter3_1444,0.8995215311004785,0.001570701599121,0.0001056194305419,1.0,0.0,0.0,1.0,0.0,0.0,0.0,1.0,0.0,0.0,0.0,0.0,0.0,0.0,0.0,0.0,0.0,0.0,0.0,0.0,1.0,0.0,0.0,0.0,0.0,0.3233754210894546,0.0009400948876907,1.0,0.0,0.0
PizzaCutter3_1444,0.8995215311004785,0.0015499591827392,0.0001137256622314,1.0,0.0,0.0,0.0,1.0,0.0,0.0,0.0,1.0,0.0,0.0,0.0,0.0,0.0,0.0,0.0,0.0,0.0,0.0,0.0,0.0,0.0,1.0,0.0,0.0,0.0,0.0003264732539046,0.0,0.0,1.0
PizzaCutter3_1444,0.8995215311004785,0.0016884803771972,0.0002045631408691,1.0,0.0,1.0,0.0,0.0,0.0,0.0,1.0,0.0,0.0,0.0,0.0,0.0,0.0,0.0,0.0,0.0,0.0,0.0,1.0,0.0,0.0,0.0,0.0,0.0,0.0,4.4108007972417945e-05,0.0,0.0,1.0
PizzaCutter3_1444,0.8995215311004785,0.0789971351623535,0.0002131462097167,0.0,1.0,1.0,0.0,0.0,0.0,0.0,0.0,0.0,0.0,0.0,0.0,1.0,0.0,0.0,0.0,0.0,0.0,0.0,1.0,0.0,0.0,0.0,0.0,0.0,0.0,6.142125114564185e-05,0.0,1.0,0.0
PizzaCutter3_1444,0.8995215311004785,0.0017635822296142,0.0001161098480224,1.0,0.0,1.0,0.0,0.0,0.0,0.0,0.0,0.0,0.0,0.0,0.0,0.0,0.0,0.0,0.0,0.0,1.0,0.0,0.0,0.0,0.0,1.0,0.0,0.0,0.5153221751603188,0.0007747298081574,1.0,0.0,0.0
PizzaCutter3_1444,0.8995215311004785,0.0022106170654296,0.0001375675201416,1.0,0.0,0.0,0.0,1.0,0.0,0.0,0.0,0.0,0.0,0.0,0.0,0.0,0.0,0.0,0.0,0.0,1.0,0.0,0.0,1.0,0.0,0.0,0.0,0.0,0.0,1.6608483981418667e-05,0.0,0.0,1.0
PizzaCutter3_1444,0.8995215311004785,0.0022680759429931,0.0001933574676513,1.0,0.0,0.0,1.0,0.0,0.0,0.0,0.0,0.0,0.0,0.0,0.0,0.0,0.0,0.0,0.0,0.0,1.0,1.0,0.0,0.0,0.0,0.0,0.0,0.0,0.0,0.0006030121539882,0.0,0.0,1.0
PizzaCutter3_1444,0.8995215311004785,0.0020778179168701,0.0001225471496582,1.0,0.0,1.0,0.0,0.0,0.0,0.0,0.0,0.0,0.0,0.0,0.0,0.0,0.0,0.0,0.0,0.0,1.0,1.0,0.0,0.0,0.0,0.0,0.0,0.0,0.0,1.4095049978628849e-05,0.0,0.0,1.0
PizzaCutter3_1444,0.8995215311004785,0.0014951229095458,0.000105857849121,1.0,0.0,1.0,0.0,0.0,0.0,0.0,0.0,1.0,0.0,0.0,0.0,0.0,0.0,0.0,0.0,0.0,0.0,0.0,0.0,0.0,0.0,1.0,0.0,0.0,-1.0,6.750005352214985e-05,0.0,1.0,0.0
PizzaCutter3_1444,0.8995215311004785,0.0021839141845703,0.0001254081726074,0.0,1.0,1.0,0.0,0.0,0.0,0.0,0.0,0.0,0.0,0.0,0.0,0.0,0.0,0.0,0.0,0.0,1.0,0.0,0.0,1.0,0.0,0.0,0.0,0.0,0.0,0.0003096718061273,0.0,0.0,1.0
PizzaCutter3_1444,0.8995215311004785,0.0015487670898437,0.0001046657562255,1.0,0.0,1.0,0.0,0.0,0.0,0.0,1.0,0.0,0.0,0.0,0.0,0.0,0.0,0.0,0.0,0.0,0.0,0.0,0.0,1.0,0.0,0.0,0.0,0.0,0.479200244920704,6.167849737714883e-05,1.0,0.0,0.0
robot-failures-lp5_1520,0.75,0.0198128223419189,0.0002126693725585,0.0,1.0,0.0,0.0,1.0,0.0,0.0,0.0,0.0,0.0,0.0,0.0,1.0,0.0,0.0,0.0,0.0,0.0,0.0,0.0,1.0,0.0,0.0,0.0,0.0,0.0,0.000138752331703,0.0,0.0,1.0
robot-failures-lp5_1520,0.75,0.0194990634918212,0.0002012252807617,0.0,1.0,0.0,1.0,0.0,0.0,0.0,0.0,0.0,0.0,0.0,0.0,1.0,0.0,0.0,0.0,0.0,0.0,0.0,0.0,1.0,0.0,0.0,0.0,0.0,0.0,9.584281152716404e-05,0.0,0.0,1.0
robot-failures-lp5_1520,0.75,0.028318166732788,0.0001842975616455,1.0,0.0,1.0,0.0,0.0,0.0,0.0,0.0,0.0,0.0,0.0,0.0,1.0,0.0,0.0,0.0,0.0,0.0,0.0,0.0,1.0,0.0,0.0,0.0,0.0,-1.0,0.0001619152187936,1.0,0.0,0.0
robot-failures-lp5_1520,0.75,0.0183792114257812,0.0001745223999023,0.0,1.0,1.0,0.0,0.0,0.0,0.0,0.0,0.0,0.0,0.0,0.0,1.0,0.0,0.0,0.0,0.0,0.0,0.0,0.0,1.0,0.0,0.0,0.0,0.0,0.0,2.1972307718762207e-05,0.0,0.0,1.0
robot-failures-lp5_1520,0.75,0.077826976776123,0.0002074241638183,1.0,0.0,0.0,0.0,1.0,0.0,0.0,0.0,0.0,0.0,0.0,0.0,1.0,0.0,0.0,0.0,0.0,0.0,0.0,0.0,1.0,0.0,0.0,0.0,0.0,0.0,0.0001432791700776,0.0,1.0,0.0
robot-failures-lp5_1520,0.75,0.0561907291412353,0.0002129077911376,1.0,0.0,0.0,1.0,0.0,0.0,0.0,0.0,0.0,0.0,0.0,0.0,1.0,0.0,0.0,0.0,0.0,0.0,0.0,0.0,1.0,0.0,0.0,0.0,0.0,0.0,0.0009430370337587,0.0,0.0,1.0
robot-failures-lp5_1520,0.71875,0.0009868144989013,0.0001099109649658,0.0,1.0,0.0,0.0,1.0,0.0,0.0,1.0,0.0,0.0,0.0,0.0,0.0,0.0,0.0,0.0,0.0,0.0,0.0,0.0,1.0,0.0,0.0,0.0,0.0,0.0,2.442204789624197e-05,0.0,0.0,1.0
robot-failures-lp5_1520,0.71875,0.0015139579772949,0.0001242160797119,1.0,0.0,0.0,0.0,1.0,1.0,0.0,0.0,0.0,0.0,0.0,0.0,0.0,0.0,0.0,0.0,0.0,0.0,0.0,0.0,1.0,0.0,0.0,0.0,0.0,0.0,1.3611251280205764e-05,0.0,0.0,1.0
robot-failures-lp5_1520,0.71875,0.0010597705841064,0.0001146793365478,0.0,1.0,1.0,0.0,0.0,0.0,0.0,1.0,0.0,0.0,0.0,0.0,0.0,0.0,0.0,0.0,0.0,0.0,0.0,0.0,1.0,0.0,0.0,0.0,0.0,-1.0,6.075485469029512e-05,1.0,0.0,0.0
robot-failures-lp5_1520,0.71875,0.0015041828155517,0.0001223087310791,0.0,1.0,0.0,0.0,1.0,1.0,0.0,0.0,0.0,0.0,0.0,0.0,0.0,0.0,0.0,0.0,0.0,0.0,0.0,0.0,1.0,0.0,0.0,0.0,0.0,-1.0,5.6069204519445855e-05,0.0,1.0,0.0
robot-failures-lp5_1520,0.71875,0.0014832019805908,0.0001227855682373,1.0,0.0,1.0,0.0,0.0,1.0,0.0,0.0,0.0,0.0,0.0,0.0,0.0,0.0,0.0,0.0,0.0,0.0,0.0,0.0,1.0,0.0,0.0,0.0,0.0,0.0803394552849914,1.7843267364039587e-05,0.0,1.0,0.0
robot-failures-lp5_1520,0.71875,0.0014591217041015,0.0001232624053955,1.0,0.0,0.0,1.0,0.0,1.0,0.0,0.0,0.0,0.0,0.0,0.0,0.0,0.0,0.0,0.0,0.0,0.0,0.0,0.0,1.0,0.0,0.0,0.0,0.0,-1.0,0.0001389796361422,1.0,0.0,0.0
robot-failures-lp5_1520,0.71875,0.0009751319885253,0.000112771987915,0.0,1.0,0.0,1.0,0.0,0.0,0.0,1.0,0.0,0.0,0.0,0.0,0.0,0.0,0.0,0.0,0.0,0.0,0.0,0.0,1.0,0.0,0.0,0.0,0.0,0.0,7.502128637068773e-05,0.0,0.0,1.0
robot-failures-lp5_1520,0.71875,0.0010695457458496,0.0001251697540283,1.0,0.0,0.0,1.0,0.0,0.0,0.0,1.0,0.0,0.0,0.0,0.0,0.0,0.0,0.0,0.0,0.0,0.0,0.0,0.0,1.0,0.0,0.0,0.0,0.0,0.0,0.0004718160404565,0.0,0.0,1.0
robot-failures-lp5_1520,0.71875,0.0014832019805908,0.0001225471496582,0.0,1.0,0.0,1.0,0.0,1.0,0.0,0.0,0.0,0.0,0.0,0.0,0.0,0.0,0.0,0.0,0.0,0.0,0.0,0.0,1.0,0.0,0.0,0.0,0.0,0.0,7.013173026236457e-05,0.0,0.0,1.0
robot-failures-lp5_1520,0.71875,0.000986099243164,0.0001130104064941,1.0,0.0,0.0,0.0,1.0,0.0,0.0,1.0,0.0,0.0,0.0,0.0,0.0,0.0,0.0,0.0,0.0,0.0,0.0,0.0,1.0,0.0,0.0,0.0,0.0,0.0,0.0009361086086138,0.0,0.0,1.0
robot-failures-lp5_1520,0.71875,0.0014691352844238,0.0001220703125,0.0,1.0,1.0,0.0,0.0,1.0,0.0,0.0,0.0,0.0,0.0,0.0,0.0,0.0,0.0,0.0,0.0,0.0,0.0,0.0,1.0,0.0,0.0,0.0,0.0,0.0,0.0003628254059485,0.0,0.0,1.0
robot-failures-lp5_1520,0.71875,0.0010633468627929,0.0001168251037597,1.0,0.0,1.0,0.0,0.0,0.0,0.0,1.0,0.0,0.0,0.0,0.0,0.0,0.0,0.0,0.0,0.0,0.0,0.0,0.0,1.0,0.0,0.0,0.0,0.0,-1.0,9.438459418545246e-05,1.0,0.0,0.0
robot-failures-lp5_1520,0.696969696969697,0.0009105205535888,0.0001063346862792,0.0,1.0,1.0,0.0,0.0,0.0,0.0,0.0,1.0,0.0,0.0,0.0,0.0,0.0,0.0,0.0,0.0,0.0,0.0,0.0,1.0,0.0,0.0,0.0,0.0,-1.0,0.000127171459276,0.0,1.0,0.0
robot-failures-lp5_1520,0.696969696969697,0.0009353160858154,0.000110387802124,1.0,0.0,0.0,0.0,1.0,0.0,0.0,0.0,1.0,0.0,0.0,0.0,0.0,0.0,0.0,0.0,0.0,0.0,0.0,0.0,1.0,0.0,0.0,0.0,0.0,0.0,0.0005413787647466,0.0,0.0,1.0
satimage_182,0.895800933125972,0.3288671970367431,0.0005042552947998,1.0,0.0,1.0,0.0,0.0,0.0,0.0,0.0,0.0,0.0,0.0,0.0,1.0,0.0,0.0,0.0,0.0,0.0,0.0,0.0,1.0,0.0,0.0,0.0,0.0,-1.0,0.0003534337975534,1.0,0.0,0.0
satimage_182,0.895800933125972,0.3313021659851074,0.0005881786346435,0.0,1.0,0.0,1.0,0.0,0.0,0.0,0.0,0.0,0.0,0.0,0.0,1.0,0.0,0.0,0.0,0.0,0.0,0.0,0.0,1.0,0.0,0.0,0.0,0.0,0.0,0.0002067622437447,0.0,0.0,1.0
satimage_182,0.895800933125972,0.3265511989593506,0.0005009174346923,0.0,1.0,1.0,0.0,0.0,0.0,0.0,0.0,0.0,0.0,0.0,0.0,1.0,0.0,0.0,0.0,0.0,0.0,0.0,0.0,1.0,0.0,0.0,0.0,0.0,0.0,3.416802316939943e-05,0.0,0.0,1.0
satimage_182,0.895800933125972,0.3963751792907715,0.0005066394805908,0.0,1.0,0.0,0.0,1.0,0.0,0.0,0.0,0.0,0.0,0.0,0.0,1.0,0.0,0.0,0.0,0.0,0.0,0.0,0.0,1.0,0.0,0.0,0.0,0.0,0.4419666637524629,6.617500341270393e-05,1.0,0.0,0.0
satimage_182,0.895800933125972,0.322969913482666,0.0005512237548828,1.0,0.0,0.0,0.0,1.0,0.0,0.0,0.0,0.0,0.0,0.0,0.0,1.0,0.0,0.0,0.0,0.0,0.0,0.0,0.0,1.0,0.0,0.0,0.0,0.0,0.0,0.0003752922220016,0.0,0.0,1.0
satimage_182,0.895800933125972,0.4933922290802002,0.0029716491699218,1.0,0.0,0.0,1.0,0.0,0.0,0.0,0.0,0.0,0.0,0.0,0.0,1.0,0.0,0.0,0.0,0.0,0.0,0.0,0.0,1.0,0.0,0.0,0.0,0.0,0.0,0.0001798583297511,0.0,0.0,1.0
satimage_182,0.8911353032659409,0.5698957443237305,0.0028655529022216,1.0,0.0,0.0,0.0,1.0,0.0,0.0,0.0,0.0,0.0,0.0,0.0,0.0,0.0,0.0,1.0,0.0,0.0,1.0,0.0,0.0,0.0,0.0,0.0,0.0,0.0,0.0008184622520372,0.0,0.0,1.0
satimage_182,0.8911353032659409,0.5387492179870605,0.0032641887664794,1.0,0.0,1.0,0.0,0.0,0.0,0.0,0.0,0.0,0.0,0.0,0.0,0.0,0.0,0.0,1.0,0.0,0.0,1.0,0.0,0.0,0.0,0.0,0.0,0.0,0.0,0.0005568888514385,0.0,1.0,0.0
satimage_182,0.8911353032659409,0.6298806667327881,0.0005397796630859,0.0,1.0,1.0,0.0,0.0,0.0,0.0,0.0,0.0,0.0,0.0,0.0,0.0,0.0,0.0,1.0,0.0,0.0,1.0,0.0,0.0,0.0,0.0,0.0,0.0,0.0,7.148038480379511e-05,0.0,0.0,1.0
satimage_182,0.8911353032659409,0.5083465576171875,0.0005550384521484,0.0,1.0,0.0,1.0,0.0,0.0,0.0,0.0,0.0,0.0,0.0,0.0,0.0,0.0,0.0,1.0,0.0,0.0,1.0,0.0,0.0,0.0,0.0,0.0,0.0,0.0,3.86932174077819e-05,0.0,0.0,1.0
satimage_182,0.8911353032659409,0.7051339149475098,0.0015861988067626,0.0,1.0,0.0,0.0,1.0,0.0,0.0,0.0,0.0,0.0,0.0,0.0,0.0,0.0,0.0,1.0,0.0,0.0,1.0,0.0,0.0,0.0,0.0,0.0,0.0,0.0,1.770668530189253e-05,0.0,0.0,1.0
satimage_182,0.8911353032659409,0.5642244815826416,0.0057387351989746,1.0,0.0,0.0,1.0,0.0,0.0,0.0,0.0,0.0,0.0,0.0,0.0,0.0,0.0,0.0,1.0,0.0,0.0,1.0,0.0,0.0,0.0,0.0,0.0,0.0,0.0,6.535155912926787e-05,1.0,0.0,0.0
satimage_182,0.8888024883359253,0.4812211990356445,0.001824140548706,0.0,1.0,1.0,0.0,0.0,0.0,0.0,0.0,0.0,0.0,0.0,0.0,1.0,0.0,0.0,0.0,0.0,0.0,0.0,0.0,0.0,1.0,0.0,0.0,0.0,0.0,2.8403030518871747e-05,1.0,0.0,0.0
satimage_182,0.8888024883359253,0.4984469413757324,0.000500202178955,1.0,0.0,1.0,0.0,0.0,0.0,0.0,0.0,0.0,0.0,0.0,0.0,1.0,0.0,0.0,0.0,0.0,0.0,0.0,0.0,0.0,0.0,0.0,0.0,1.0,0.0,1.0799702963445091e-05,0.0,0.0,1.0
satimage_182,0.8888024883359253,0.6581768989562988,0.0029606819152832,0.0,1.0,0.0,0.0,1.0,0.0,0.0,0.0,0.0,0.0,0.0,0.0,1.0,0.0,0.0,0.0,0.0,0.0,0.0,0.0,0.0,1.0,0.0,0.0,0.0,0.0,1.889854703260442e-05,0.0,0.0,1.0
satimage_182,0.8888024883359253,0.3289477825164795,0.0005621910095214,1.0,0.0,0.0,0.0,1.0,0.0,0.0,0.0,0.0,0.0,0.0,0.0,1.0,0.0,0.0,0.0,0.0,0.0,0.0,0.0,0.0,0.0,0.0,0.0,1.0,-1.0,8.054211383313476e-05,0.0,1.0,0.0
satimage_182,0.8888024883359253,0.5219376087188721,0.0005190372467041,1.0,0.0,0.0,1.0,0.0,0.0,0.0,0.0,0.0,0.0,0.0,0.0,1.0,0.0,0.0,0.0,0.0,0.0,0.0,0.0,0.0,1.0,0.0,0.0,0.0,0.0,0.0006093027531277,0.0,0.0,1.0
satimage_182,0.8888024883359253,0.3486485481262207,0.0005829334259033,0.0,1.0,0.0,0.0,1.0,0.0,0.0,0.0,0.0,0.0,0.0,0.0,1.0,0.0,0.0,0.0,0.0,0.0,0.0,0.0,0.0,0.0,0.0,0.0,1.0,-1.0,4.384488507271562e-05,1.0,0.0,0.0
satimage_182,0.8888024883359253,0.6951725482940674,0.0005974769592285,1.0,0.0,0.0,0.0,1.0,0.0,0.0,0.0,0.0,0.0,0.0,0.0,1.0,0.0,0.0,0.0,0.0,0.0,0.0,0.0,0.0,1.0,0.0,0.0,0.0,-1.0,7.625008319549706e-05,0.0,1.0,0.0
satimage_182,0.8888024883359253,0.3421275615692138,0.0215210914611816,0.0,1.0,0.0,1.0,0.0,0.0,0.0,0.0,0.0,0.0,0.0,0.0,1.0,0.0,0.0,0.0,0.0,0.0,0.0,0.0,0.0,0.0,0.0,0.0,1.0,0.0,5.863347563869716e-05,0.0,0.0,1.0
fri_c4_500_50_805,0.71,0.0012295246124267,0.0001072883605957,1.0,0.0,0.0,1.0,0.0,0.0,0.0,0.0,1.0,0.0,0.0,0.0,0.0,0.0,0.0,0.0,0.0,0.0,0.0,0.0,0.0,1.0,0.0,0.0,0.0,0.0,5.469525471555685e-05,0.0,0.0,1.0
fri_c4_500_50_805,0.71,0.0013892650604248,0.0001053810119628,0.0,1.0,0.0,0.0,1.0,0.0,0.0,0.0,1.0,0.0,0.0,0.0,0.0,0.0,0.0,0.0,0.0,0.0,0.0,0.0,1.0,0.0,0.0,0.0,0.0,0.0798613125497388,0.000278790332511,1.0,0.0,0.0
fri_c4_500_50_805,0.71,0.0011701583862304,0.0001025199890136,0.0,1.0,0.0,0.0,1.0,0.0,0.0,0.0,1.0,0.0,0.0,0.0,0.0,0.0,0.0,0.0,0.0,0.0,1.0,0.0,0.0,0.0,0.0,0.0,0.0,0.0,0.0001028164407348,0.0,0.0,1.0
fri_c4_500_50_805,0.71,0.0011744499206542,0.0001041889190673,0.0,1.0,0.0,1.0,0.0,0.0,0.0,0.0,1.0,0.0,0.0,0.0,0.0,0.0,0.0,0.0,0.0,0.0,1.0,0.0,0.0,0.0,0.0,0.0,0.0,0.0,6.559725704558628e-05,0.0,0.0,1.0
fri_c4_500_50_805,0.71,0.001155138015747,0.0001046657562255,1.0,0.0,1.0,0.0,0.0,0.0,0.0,0.0,1.0,0.0,0.0,0.0,0.0,0.0,0.0,0.0,0.0,0.0,0.0,0.0,0.0,0.0,0.0,0.0,1.0,0.0,0.0007702734173307,0.0,0.0,1.0
fri_c4_500_50_805,0.71,0.0011851787567138,0.0001678466796875,1.0,0.0,0.0,1.0,0.0,0.0,0.0,0.0,1.0,0.0,0.0,0.0,0.0,0.0,0.0,0.0,0.0,0.0,0.0,1.0,0.0,0.0,0.0,0.0,0.0,0.0,3.569233479122942e-05,0.0,0.0,1.0
fri_c4_500_50_805,0.71,0.0011708736419677,0.0001382827758789,1.0,0.0,0.0,0.0,1.0,0.0,0.0,0.0,1.0,0.0,0.0,0.0,0.0,0.0,0.0,0.0,0.0,0.0,0.0,1.0,0.0,0.0,0.0,0.0,0.0,0.0,0.0004631265218505,0.0,0.0,1.0
fri_c4_500_50_805,0.71,0.0013420581817626,0.0001130104064941,1.0,0.0,1.0,0.0,0.0,0.0,0.0,0.0,1.0,0.0,0.0,0.0,0.0,0.0,0.0,0.0,0.0,0.0,1.0,0.0,0.0,0.0,0.0,0.0,0.0,-1.0,0.0001071548102899,1.0,0.0,0.0
fri_c4_500_50_805,0.71,0.001129150390625,0.0001039505004882,0.0,1.0,0.0,1.0,0.0,0.0,0.0,0.0,1.0,0.0,0.0,0.0,0.0,0.0,0.0,0.0,0.0,0.0,0.0,0.0,0.0,1.0,0.0,0.0,0.0,0.7699853028936046,7.645003427019553e-05,0.0,1.0,0.0
fri_c4_500_50_805,0.71,0.0013189315795898,0.0001142024993896,0.0,1.0,0.0,1.0,0.0,0.0,0.0,0.0,1.0,0.0,0.0,0.0,0.0,0.0,0.0,0.0,0.0,0.0,0.0,0.0,0.0,0.0,1.0,0.0,0.0,0.7938760738032343,1.3363849783258937e-05,0.0,1.0,0.0
fri_c4_500_50_805,0.71,0.0011029243469238,0.0001006126403808,0.0,1.0,0.0,1.0,0.0,0.0,0.0,0.0,1.0,0.0,0.0,0.0,0.0,0.0,0.0,0.0,0.0,0.0,0.0,0.0,0.0,0.0,0.0,0.0,1.0,0.0,0.0005211764130332,0.0,0.0,1.0
fri_c4_500_50_805,0.71,0.0011641979217529,0.0001049041748046,0.0,1.0,0.0,1.0,0.0,0.0,0.0,0.0,1.0,0.0,0.0,0.0,0.0,0.0,0.0,0.0,0.0,0.0,0.0,1.0,0.0,0.0,0.0,0.0,0.0,0.0,3.477963025303624e-05,0.0,0.0,1.0
fri_c4_500_50_805,0.71,0.0013973712921142,0.0001182556152343,1.0,0.0,0.0,0.0,1.0,0.0,0.0,0.0,1.0,0.0,0.0,0.0,0.0,0.0,0.0,0.0,0.0,0.0,0.0,0.0,0.0,0.0,1.0,0.0,0.0,-1.0,0.0002284083852275,1.0,0.0,0.0
fri_c4_500_50_805,0.71,0.001258373260498,0.0001046657562255,0.0,1.0,1.0,0.0,0.0,0.0,0.0,0.0,1.0,0.0,0.0,0.0,0.0,0.0,0.0,0.0,0.0,0.0,1.0,0.0,0.0,0.0,0.0,0.0,0.0,0.0,0.0005609917882319,0.0,0.0,1.0
fri_c4_500_50_805,0.71,0.0011744499206542,0.0001161098480224,0.0,1.0,1.0,0.0,0.0,0.0,0.0,0.0,1.0,0.0,0.0,0.0,0.0,0.0,0.0,0.0,0.0,0.0,0.0,0.0,0.0,1.0,0.0,0.0,0.0,0.9314870214521036,0.0001181065876234,1.0,0.0,0.0
fri_c4_500_50_805,0.71,0.00128173828125,0.0001075267791748,1.0,0.0,0.0,0.0,1.0,0.0,0.0,0.0,1.0,0.0,0.0,0.0,0.0,0.0,0.0,0.0,0.0,0.0,0.0,0.0,0.0,0.0,0.0,1.0,0.0,0.1989272044780135,0.0001911328914644,0.0,1.0,0.0
fri_c4_500_50_805,0.71,0.0011882781982421,0.0001027584075927,1.0,0.0,1.0,0.0,0.0,0.0,0.0,0.0,1.0,0.0,0.0,0.0,0.0,0.0,0.0,0.0,0.0,0.0,0.0,0.0,1.0,0.0,0.0,0.0,0.0,0.0,4.790315942877978e-05,0.0,1.0,0.0
fri_c4_500_50_805,0.71,0.0013813972473144,0.0001070499420166,1.0,0.0,0.0,1.0,0.0,0.0,0.0,0.0,1.0,0.0,0.0,0.0,0.0,0.0,0.0,0.0,0.0,0.0,1.0,0.0,0.0,0.0,0.0,0.0,0.0,0.0,0.0002838429426304,0.0,0.0,1.0
fri_c4_500_50_805,0.71,0.0012845993041992,0.0001113414764404,0.0,1.0,0.0,0.0,1.0,0.0,0.0,0.0,1.0,0.0,0.0,0.0,0.0,0.0,0.0,0.0,0.0,0.0,0.0,1.0,0.0,0.0,0.0,0.0,0.0,0.0,0.0002056870559752,0.0,1.0,0.0
fri_c4_500_50_805,0.71,0.0011496543884277,0.000101089477539,0.0,1.0,0.0,1.0,0.0,0.0,0.0,0.0,1.0,0.0,0.0,0.0,0.0,0.0,0.0,0.0,0.0,0.0,0.0,0.0,1.0,0.0,0.0,0.0,0.0,0.0,7.754827845695572e-05,1.0,0.0,0.0
SPECT_336,0.9056603773584906,0.0787496566772461,0.0002088546752929,1.0,0.0,0.0,0.0,1.0,0.0,0.0,0.0,0.0,0.0,0.0,0.0,1.0,0.0,0.0,0.0,0.0,0.0,0.0,0.0,0.0,0.0,0.0,0.0,1.0,0.0,0.0001858678656475,0.0,0.0,1.0
SPECT_336,0.9056603773584906,0.1959025859832763,0.0002014636993408,0.0,1.0,0.0,0.0,1.0,0.0,0.0,0.0,0.0,0.0,0.0,0.0,1.0,0.0,0.0,0.0,0.0,0.0,0.0,0.0,0.0,1.0,0.0,0.0,0.0,0.0,3.3521176910092735e-05,0.0,0.0,1.0
SPECT_336,0.9056603773584906,0.017937421798706,0.0001935958862304,1.0,0.0,0.0,1.0,0.0,0.0,0.0,0.0,0.0,0.0,0.0,0.0,1.0,0.0,0.0,0.0,0.0,0.0,0.0,0.0,0.0,0.0,0.0,0.0,1.0,-1.0,0.000206843013095,0.0,1.0,0.0
SPECT_336,0.9056603773584906,0.01530122756958,0.0002121925354003,1.0,0.0,1.0,0.0,0.0,0.0,0.0,0.0,0.0,0.0,0.0,0.0,1.0,0.0,0.0,0.0,0.0,0.0,0.0,0.0,0.0,0.0,0.0,0.0,1.0,0.3994433219482525,0.0002215557418948,0.0,1.0,0.0
SPECT_336,0.9056603773584906,0.0209319591522216,0.0001976490020751,1.0,0.0,0.0,1.0,0.0,0.0,0.0,0.0,0.0,0.0,0.0,0.0,1.0,0.0,0.0,0.0,0.0,0.0,0.0,0.0,0.0,1.0,0.0,0.0,0.0,-1.0,7.758458533063404e-05,0.0,1.0,0.0
SPECT_336,0.9056603773584906,0.0814809799194336,0.0002052783966064,0.0,1.0,0.0,0.0,1.0,0.0,0.0,0.0,0.0,0.0,0.0,0.0,1.0,0.0,0.0,0.0,0.0,0.0,0.0,0.0,0.0,0.0,0.0,0.0,1.0,0.0,3.153166739605494e-05,0.0,0.0,1.0
SPECT_336,0.9056603773584906,0.0165305137634277,0.0002360343933105,1.0,0.0,0.0,0.0,1.0,0.0,0.0,0.0,0.0,0.0,0.0,0.0,1.0,0.0,0.0,0.0,0.0,0.0,0.0,0.0,0.0,1.0,0.0,0.0,0.0,0.0,0.0004037680308526,0.0,0.0,1.0
SPECT_336,0.9056603773584906,0.0631334781646728,0.0001957416534423,0.0,1.0,0.0,1.0,0.0,0.0,0.0,0.0,0.0,0.0,0.0,0.0,1.0,0.0,0.0,0.0,0.0,0.0,0.0,0.0,0.0,1.0,0.0,0.0,0.0,0.0,0.0003222955851147,0.0,0.0,1.0
SPECT_336,0.9056603773584906,0.0775179862976074,0.0002131462097167,0.0,1.0,1.0,0.0,0.0,0.0,0.0,0.0,0.0,0.0,0.0,0.0,1.0,0.0,0.0,0.0,0.0,0.0,0.0,0.0,0.0,0.0,0.0,0.0,1.0,0.0,1.3007196706851184e-05,0.0,0.0,1.0
SPECT_336,0.9056603773584906,0.0710241794586181,0.0002384185791015,0.0,1.0,0.0,1.0,0.0,0.0,0.0,0.0,0.0,0.0,0.0,0.0,1.0,0.0,0.0,0.0,0.0,0.0,0.0,0.0,0.0,0.0,0.0,0.0,1.0,-1.0,9.73949494648309e-05,1.0,0.0,0.0
SPECT_336,0.9056603773584906,0.1022319793701171,0.000197410583496,0.0,1.0,1.0,0.0,0.0,0.0,0.0,0.0,0.0,0.0,0.0,0.0,1.0,0.0,0.0,0.0,0.0,0.0,0.0,0.0,0.0,1.0,0.0,0.0,0.0,0.0,1.528346809270342e-05,0.0,0.0,1.0
SPECT_336,0.9056603773584906,0.0181484222412109,0.000201940536499,1.0,0.0,1.0,0.0,0.0,0.0,0.0,0.0,0.0,0.0,0.0,0.0,1.0,0.0,0.0,0.0,0.0,0.0,0.0,0.0,0.0,1.0,0.0,0.0,0.0,-1.0,4.356377603168762e-05,1.0,0.0,0.0
SPECT_336,0.8867924528301887,0.0010509490966796,0.0001096725463867,1.0,0.0,0.0,1.0,0.0,0.0,0.0,1.0,0.0,0.0,0.0,0.0,0.0,0.0,0.0,0.0,0.0,0.0,0.0,0.0,1.0,0.0,0.0,0.0,0.0,0.0,6.990018050038893e-05,1.0,0.0,0.0
SPECT_336,0.8867924528301887,0.0009665489196777,0.00010347366333,0.0,1.0,0.0,1.0,0.0,0.0,0.0,0.0,0.0,0.0,0.0,0.0,0.0,0.0,0.0,0.0,0.0,1.0,0.0,0.0,0.0,1.0,0.0,0.0,0.0,0.0,2.2582522214154327e-05,0.0,0.0,1.0
SPECT_336,0.8867924528301887,0.0012013912200927,0.0001192092895507,1.0,0.0,0.0,0.0,1.0,1.0,0.0,0.0,0.0,0.0,0.0,0.0,0.0,0.0,0.0,0.0,0.0,0.0,0.0,0.0,0.0,1.0,0.0,0.0,0.0,-1.0,8.665722570721471e-05,1.0,0.0,0.0
SPECT_336,0.8867924528301887,0.0009734630584716,0.0001096725463867,0.0,1.0,0.0,1.0,0.0,0.0,0.0,0.0,0.0,0.0,0.0,0.0,0.0,0.0,0.0,0.0,0.0,1.0,0.0,0.0,1.0,0.0,0.0,0.0,0.0,0.0,0.0002584891956412,1.0,0.0,0.0
SPECT_336,0.8867924528301887,0.0011422634124755,0.0001153945922851,1.0,0.0,1.0,0.0,0.0,1.0,0.0,0.0,0.0,0.0,0.0,0.0,0.0,0.0,0.0,0.0,0.0,0.0,0.0,0.0,0.0,0.0,1.0,0.0,0.0,-1.0,7.480506049557204e-05,0.0,1.0,0.0
SPECT_336,0.8867924528301887,0.0010809898376464,0.0001082420349121,0.0,1.0,1.0,0.0,0.0,1.0,0.0,0.0,0.0,0.0,0.0,0.0,0.0,0.0,0.0,0.0,0.0,0.0,0.0,0.0,0.0,0.0,0.0,1.0,0.0,0.0,2.939541408580448e-05,0.0,0.0,1.0
SPECT_336,0.8867924528301887,0.0011484622955322,0.0001101493835449,0.0,1.0,0.0,1.0,0.0,1.0,0.0,0.0,0.0,0.0,0.0,0.0,0.0,0.0,0.0,0.0,0.0,0.0,0.0,0.0,0.0,0.0,0.0,1.0,0.0,-1.0,6.755173800030872e-05,1.0,0.0,0.0
SPECT_336,0.8867924528301887,0.0010600090026855,0.0001096725463867,1.0,0.0,0.0,1.0,0.0,1.0,0.0,0.0,0.0,0.0,0.0,0.0,0.0,0.0,0.0,0.0,0.0,0.0,0.0,0.0,0.0,0.0,0.0,0.0,1.0,0.0,0.0001530430444575,1.0,0.0,0.0
LED-display-domain-7digit_40496,0.81,0.0011887550354003,0.0001132488250732,1.0,0.0,0.0,0.0,1.0,0.0,0.0,0.0,0.0,0.0,0.0,0.0,0.0,1.0,0.0,0.0,0.0,0.0,0.0,0.0,0.0,1.0,0.0,0.0,0.0,0.0,0.0007460786876763,0.0,0.0,1.0
LED-display-domain-7digit_40496,0.81,0.001127004623413,0.0001132488250732,1.0,0.0,0.0,0.0,1.0,0.0,1.0,0.0,0.0,0.0,0.0,0.0,0.0,0.0,0.0,0.0,0.0,0.0,0.0,0.0,0.0,1.0,0.0,0.0,0.0,-1.0,9.974464390020468e-05,0.0,1.0,0.0
LED-display-domain-7digit_40496,0.81,0.0012698173522949,0.0001146793365478,0.0,1.0,0.0,0.0,1.0,0.0,0.0,0.0,0.0,0.0,0.0,0.0,0.0,1.0,0.0,0.0,0.0,0.0,0.0,0.0,0.0,0.0,0.0,0.0,1.0,-1.0,0.000596658719672,0.0,1.0,0.0
LED-display-domain-7digit_40496,0.81,0.001249074935913,0.0001177787780761,0.0,1.0,0.0,0.0,1.0,0.0,1.0,0.0,0.0,0.0,0.0,0.0,0.0,0.0,0.0,0.0,0.0,0.0,0.0,0.0,0.0,0.0,0.0,0.0,1.0,0.0,0.0009313479019414,0.0,0.0,1.0
LED-display-domain-7digit_40496,0.81,0.001326560974121,0.0001368522644042,1.0,0.0,1.0,0.0,0.0,0.0,1.0,0.0,0.0,0.0,0.0,0.0,0.0,0.0,0.0,0.0,0.0,0.0,0.0,0.0,0.0,0.0,1.0,0.0,0.0,-1.0,0.0001312311274431,1.0,0.0,0.0
LED-display-domain-7digit_40496,0.81,0.0011727809906005,0.000115156173706,0.0,1.0,0.0,0.0,1.0,0.0,1.0,0.0,0.0,0.0,0.0,0.0,0.0,0.0,0.0,0.0,0.0,0.0,1.0,0.0,0.0,0.0,0.0,0.0,0.0,0.374142410493653,1.968510849245076e-05,1.0,0.0,0.0
LED-display-domain-7digit_40496,0.81,0.0012025833129882,0.0001180171966552,0.0,1.0,0.0,0.0,1.0,0.0,0.0,0.0,0.0,0.0,0.0,0.0,0.0,1.0,0.0,0.0,0.0,0.0,1.0,0.0,0.0,0.0,0.0,0.0,0.0,0.0,0.0005631523313743,0.0,0.0,1.0
LED-display-domain-7digit_40496,0.81,0.001127004623413,0.0001511573791503,1.0,0.0,1.0,0.0,0.0,0.0,1.0,0.0,0.0,0.0,0.0,0.0,0.0,0.0,0.0,0.0,0.0,0.0,0.0,0.0,0.0,1.0,0.0,0.0,0.0,0.6431631736425639,0.0005305332513235,0.0,1.0,0.0
LED-display-domain-7digit_40496,0.81,0.0012347698211669,0.0001196861267089,1.0,0.0,1.0,0.0,0.0,0.0,0.0,0.0,0.0,0.0,0.0,0.0,0.0,1.0,0.0,0.0,0.0,0.0,0.0,0.0,0.0,1.0,0.0,0.0,0.0,0.0,0.0005459101308825,0.0,0.0,1.0
LED-display-domain-7digit_40496,0.81,0.007803201675415,0.0001564025878906,0.0,1.0,0.0,0.0,1.0,0.0,0.0,0.0,0.0,1.0,0.0,0.0,0.0,0.0,0.0,0.0,0.0,0.0,1.0,0.0,0.0,0.0,0.0,0.0,0.0,0.0,0.0007963392849721,0.0,0.0,1.0
LED-display-domain-7digit_40496,0.81,0.0011529922485351,0.0001153945922851,1.0,0.0,0.0,0.0,1.0,0.0,0.0,0.0,0.0,0.0,0.0,1.0,0.0,0.0,0.0,0.0,0.0,0.0,0.0,0.0,0.0,1.0,0.0,0.0,0.0,0.1899451983126551,3.571666633420513e-05,1.0,0.0,0.0
LED-display-domain-7digit_40496,0.81,0.0016901493072509,0.0001387596130371,0.0,1.0,0.0,0.0,1.0,0.0,0.0,0.0,0.0,1.0,0.0,0.0,0.0,0.0,0.0,0.0,0.0,0.0,0.0,1.0,0.0,0.0,0.0,0.0,0.0,0.0,4.643667456243527e-05,0.0,0.0,1.0
LED-display-domain-7digit_40496,0.81,0.0012080669403076,0.0001213550567626,0.0,1.0,0.0,0.0,1.0,0.0,0.0,0.0,0.0,0.0,0.0,1.0,0.0,0.0,0.0,0.0,0.0,0.0,0.0,0.0,0.0,0.0,0.0,0.0,1.0,0.0,0.0002366976698857,0.0,0.0,1.0
LED-display-domain-7digit_40496,0.81,0.0050477981567382,0.0001671314239501,0.0,1.0,1.0,0.0,0.0,0.0,0.0,0.0,0.0,1.0,0.0,0.0,0.0,0.0,0.0,0.0,0.0,0.0,0.0,0.0,0.0,0.0,0.0,1.0,0.0,-1.0,0.0001342167429236,1.0,0.0,0.0
LED-display-domain-7digit_40496,0.81,0.0021941661834716,0.0008728504180908,1.0,0.0,0.0,1.0,0.0,0.0,0.0,0.0,0.0,0.0,0.0,1.0,0.0,0.0,0.0,0.0,0.0,0.0,0.0,1.0,0.0,0.0,0.0,0.0,0.0,0.0,0.0005454289774388,0.0,0.0,1.0
LED-display-domain-7digit_40496,0.81,0.0013179779052734,0.0001270771026611,1.0,0.0,0.0,1.0,0.0,0.0,0.0,0.0,0.0,0.0,0.0,0.0,0.0,1.0,0.0,0.0,0.0,0.0,0.0,1.0,0.0,0.0,0.0,0.0,0.0,0.0,3.228587709944737e-05,0.0,1.0,0.0
LED-display-domain-7digit_40496,0.81,0.001596450805664,0.0001819133758544,1.0,0.0,1.0,0.0,0.0,0.0,0.0,0.0,0.0,1.0,0.0,0.0,0.0,0.0,0.0,0.0,0.0,0.0,0.0,0.0,0.0,0.0,1.0,0.0,0.0,0.0,0.0002074048264266,1.0,0.0,0.0
LED-display-domain-7digit_40496,0.81,0.0013320446014404,0.0001251697540283,1.0,0.0,1.0,0.0,0.0,0.0,0.0,0.0,0.0,0.0,0.0,0.0,0.0,1.0,0.0,0.0,0.0,0.0,0.0,0.0,0.0,0.0,1.0,0.0,0.0,0.0,0.0007600107028385,0.0,0.0,1.0
LED-display-domain-7digit_40496,0.81,0.0021815299987792,0.0008800029754638,0.0,1.0,0.0,1.0,0.0,0.0,0.0,0.0,0.0,0.0,0.0,1.0,0.0,0.0,0.0,0.0,0.0,0.0,0.0,1.0,0.0,0.0,0.0,0.0,0.0,0.0,2.7023630481094323e-05,0.0,0.0,1.0
LED-display-domain-7digit_40496,0.81,0.0013003349304199,0.0001215934753417,0.0,1.0,0.0,1.0,0.0,0.0,0.0,0.0,0.0,0.0,0.0,0.0,0.0,1.0,0.0,0.0,0.0,0.0,0.0,0.0,0.0,0.0,0.0,1.0,0.0,0.0,4.109218893580463e-05,0.0,0.0,1.0
Mammographic-Mass-Data-Set_45557,0.8341968911917098,0.0010969638824462,0.0001111030578613,0.0,1.0,1.0,0.0,0.0,1.0,0.0,0.0,0.0,0.0,0.0,0.0,0.0,0.0,0.0,0.0,0.0,0.0,0.0,0.0,0.0,0.0,1.0,0.0,0.0,0.0,6.528832874321187e-05,1.0,0.0,0.0
Mammographic-Mass-Data-Set_45557,0.8341968911917098,0.000983715057373,0.0001466274261474,0.0,1.0,1.0,0.0,0.0,0.0,0.0,0.0,0.0,0.0,0.0,0.0,0.0,0.0,0.0,0.0,0.0,1.0,1.0,0.0,0.0,0.0,0.0,0.0,0.0,0.0,1.4934447708278096e-05,0.0,0.0,1.0
Mammographic-Mass-Data-Set_45557,0.8341968911917098,0.0012409687042236,0.0001089572906494,0.0,1.0,0.0,0.0,1.0,0.0,0.0,0.0,0.0,0.0,0.0,0.0,0.0,0.0,0.0,0.0,0.0,1.0,1.0,0.0,0.0,0.0,0.0,0.0,0.0,0.0,2.258080494609409e-05,0.0,1.0,0.0
Mammographic-Mass-Data-Set_45557,0.8341968911917098,0.0009801387786865,0.0001072883605957,0.0,1.0,0.0,1.0,0.0,0.0,0.0,0.0,0.0,0.0,0.0,0.0,0.0,0.0,0.0,0.0,0.0,1.0,0.0,0.0,0.0,0.0,0.0,1.0,0.0,0.0,5.810148860696967e-05,0.0,0.0,1.0
Mammographic-Mass-Data-Set_45557,0.8341968911917098,0.0010526180267333,0.0001313686370849,0.0,1.0,1.0,0.0,0.0,0.0,0.0,0.0,0.0,0.0,0.0,0.0,0.0,0.0,0.0,0.0,0.0,1.0,0.0,0.0,0.0,0.0,0.0,1.0,0.0,-1.0,1.4085969985050116e-05,1.0,0.0,0.0
Mammographic-Mass-Data-Set_45557,0.8341968911917098,0.0010914802551269,0.0001115798950195,0.0,1.0,0.0,0.0,1.0,1.0,0.0,0.0,0.0,0.0,0.0,0.0,0.0,0.0,0.0,0.0,0.0,0.0,0.0,0.0,0.0,0.0,1.0,0.0,0.0,-1.0,5.312382219718516e-05,0.0,1.0,0.0
Mammographic-Mass-Data-Set_45557,0.8341968911917098,0.001194953918457,0.0001115798950195,0.0,1.0,0.0,0.0,1.0,0.0,0.0,0.0,0.0,0.0,0.0,0.0,0.0,0.0,0.0,0.0,0.0,1.0,0.0,0.0,0.0,0.0,0.0,1.0,0.0,-1.0,3.078106019501083e-05,0.0,1.0,0.0
Mammographic-Mass-Data-Set_45557,0.8341968911917098,0.0010764598846435,0.0001263618469238,0.0,1.0,0.0,1.0,0.0,0.0,0.0,0.0,0.0,0.0,1.0,0.0,0.0,0.0,0.0,0.0,0.0,0.0,0.0,0.0,0.0,0.0,1.0,0.0,0.0,-1.0,0.0005358228396334,0.0,1.0,0.0
Mammographic-Mass-Data-Set_45557,0.8341968911917098,0.0011675357818603,0.0001158714294433,0.0,1.0,0.0,1.0,0.0,1.0,0.0,0.0,0.0,0.0,0.0,0.0,0.0,0.0,0.0,0.0,0.0,0.0,0.0,0.0,0.0,0.0,1.0,0.0,0.0,-1.0,0.0001648113372517,1.0,0.0,0.0
Mammographic-Mass-Data-Set_45557,0.8341968911917098,0.0011894702911376,0.0001213550567626,0.0,1.0,0.0,0.0,1.0,0.0,0.0,0.0,0.0,0.0,1.0,0.0,0.0,0.0,0.0,0.0,0.0,0.0,0.0,0.0,0.0,0.0,1.0,0.0,0.0,0.0,0.000626585092984,0.0,0.0,1.0
Mammographic-Mass-Data-Set_45557,0.8341968911917098,0.0010077953338623,0.0001084804534912,0.0,1.0,0.0,1.0,0.0,0.0,0.0,0.0,0.0,0.0,0.0,0.0,0.0,0.0,0.0,0.0,0.0,1.0,1.0,0.0,0.0,0.0,0.0,0.0,0.0,-1.0,2.5455050015298983e-05,1.0,0.0,0.0
Mammographic-Mass-Data-Set_45557,0.8341968911917098,0.0011017322540283,0.0001132488250732,0.0,1.0,1.0,0.0,0.0,0.0,0.0,0.0,0.0,0.0,1.0,0.0,0.0,0.0,0.0,0.0,0.0,0.0,0.0,0.0,0.0,0.0,1.0,0.0,0.0,0.0,1.4565154094965356e-05,0.0,0.0,1.0
Mammographic-Mass-Data-Set_45557,0.8290155440414507,0.0011134147644042,0.0001120567321777,0.0,1.0,1.0,0.0,0.0,0.0,0.0,0.0,0.0,0.0,0.0,0.0,0.0,0.0,0.0,0.0,0.0,1.0,0.0,0.0,0.0,0.0,1.0,0.0,0.0,0.0,5.106159761845253e-05,0.0,0.0,1.0
Mammographic-Mass-Data-Set_45557,0.8290155440414507,0.0009548664093017,0.0001060962677001,0.0,1.0,0.0,1.0,0.0,0.0,0.0,0.0,0.0,0.0,0.0,0.0,0.0,0.0,0.0,0.0,0.0,1.0,0.0,0.0,0.0,0.0,1.0,0.0,0.0,0.0,1.2967325531018016e-05,0.0,0.0,1.0
Mammographic-Mass-Data-Set_45557,0.8290155440414507,0.0009946823120117,0.0001077651977539,0.0,1.0,0.0,0.0,1.0,0.0,0.0,0.0,0.0,0.0,0.0,0.0,0.0,0.0,0.0,0.0,0.0,1.0,0.0,0.0,0.0,0.0,1.0,0.0,0.0,0.0,0.0005848279367209,0.0,0.0,1.0
Mammographic-Mass-Data-Set_45557,0.8238341968911918,0.0011582374572753,0.0001115798950195,0.0,1.0,1.0,0.0,0.0,0.0,0.0,0.0,0.0,0.0,0.0,0.0,0.0,1.0,0.0,0.0,0.0,0.0,0.0,0.0,0.0,0.0,1.0,0.0,0.0,0.0,2.378504959733393e-05,0.0,0.0,1.0
Mammographic-Mass-Data-Set_45557,0.8238341968911918,0.0010745525360107,0.0001125335693359,0.0,1.0,1.0,0.0,0.0,0.0,1.0,0.0,0.0,0.0,0.0,0.0,0.0,0.0,0.0,0.0,0.0,0.0,0.0,0.0,0.0,0.0,1.0,0.0,0.0,0.0,1.9148951641782263e-05,0.0,0.0,1.0
Mammographic-Mass-Data-Set_45557,0.8238341968911918,0.0012125968933105,0.0001108646392822,0.0,1.0,1.0,0.0,0.0,0.0,0.0,0.0,0.0,0.0,0.0,0.0,0.0,0.0,0.0,0.0,0.0,1.0,0.0,0.0,0.0,1.0,0.0,0.0,0.0,0.0,0.0003763256905168,0.0,0.0,1.0
Mammographic-Mass-Data-Set_45557,0.8238341968911918,0.0012366771697998,0.0001120567321777,0.0,1.0,0.0,0.0,1.0,0.0,1.0,0.0,0.0,0.0,0.0,0.0,0.0,0.0,0.0,0.0,0.0,0.0,0.0,0.0,0.0,0.0,1.0,0.0,0.0,0.0,0.0002659587738295,1.0,0.0,0.0
Mammographic-Mass-Data-Set_45557,0.8238341968911918,0.0011391639709472,0.0001106262207031,0.0,1.0,0.0,0.0,1.0,0.0,0.0,0.0,0.0,0.0,0.0,0.0,0.0,0.0,0.0,0.0,0.0,1.0,0.0,0.0,0.0,1.0,0.0,0.0,0.0,-1.0,1.299906322728003e-05,1.0,0.0,0.0
vote_56,0.9885057471264368,0.0204870700836181,0.0001568794250488,1.0,0.0,0.0,1.0,0.0,0.0,0.0,0.0,0.0,0.0,0.0,0.0,1.0,0.0,0.0,0.0,0.0,0.0,1.0,0.0,0.0,0.0,0.0,0.0,0.0,0.0,0.0001045034163872,0.0,0.0,1.0
vote_56,0.9885057471264368,0.0659558773040771,0.0001952648162841,0.0,1.0,0.0,0.0,1.0,0.0,0.0,0.0,0.0,0.0,0.0,0.0,1.0,0.0,0.0,0.0,0.0,0.0,0.0,0.0,0.0,0.0,1.0,0.0,0.0,0.0,7.901322321773874e-05,0.0,0.0,1.0
vote_56,0.9885057471264368,0.0784177780151367,0.0002257823944091,0.0,1.0,0.0,1.0,0.0,0.0,0.0,0.0,0.0,0.0,0.0,0.0,1.0,0.0,0.0,0.0,0.0,0.0,0.0,0.0,1.0,0.0,0.0,0.0,0.0,0.0,5.939025151377397e-05,0.0,0.0,1.0
vote_56,0.9885057471264368,0.0740630626678466,0.0001876354217529,0.0,1.0,0.0,0.0,1.0,0.0,0.0,0.0,0.0,0.0,0.0,0.0,1.0,0.0,0.0,0.0,0.0,0.0,0.0,1.0,0.0,0.0,0.0,0.0,0.0,-1.0,1.7922571273592344e-05,1.0,0.0,0.0
vote_56,0.9885057471264368,0.0794289112091064,0.0002028942108154,0.0,1.0,0.0,0.0,1.0,0.0,0.0,0.0,0.0,0.0,0.0,0.0,1.0,0.0,0.0,0.0,0.0,0.0,1.0,0.0,0.0,0.0,0.0,0.0,0.0,0.0,0.0003755813696163,0.0,0.0,1.0
vote_56,0.9885057471264368,0.0851325988769531,0.0002346038818359,0.0,1.0,0.0,1.0,0.0,0.0,0.0,0.0,0.0,0.0,0.0,0.0,1.0,0.0,0.0,0.0,0.0,0.0,0.0,0.0,0.0,0.0,0.0,1.0,0.0,0.0,3.0193370043225385e-05,0.0,1.0,0.0
vote_56,0.9885057471264368,0.0855813026428222,0.0001897811889648,0.0,1.0,0.0,1.0,0.0,0.0,0.0,0.0,0.0,0.0,0.0,0.0,1.0,0.0,0.0,0.0,0.0,0.0,0.0,1.0,0.0,0.0,0.0,0.0,0.0,0.0,8.25031666632619e-05,0.0,0.0,1.0
vote_56,0.9885057471264368,0.0134475231170654,0.0001928806304931,0.0,1.0,0.0,0.0,1.0,0.0,0.0,0.0,0.0,0.0,0.0,0.0,0.0,0.0,1.0,0.0,0.0,0.0,0.0,0.0,1.0,0.0,0.0,0.0,0.0,0.0,0.0005782672695426,1.0,0.0,0.0
vote_56,0.9885057471264368,0.0760395526885986,0.000197410583496,0.0,1.0,0.0,0.0,1.0,0.0,0.0,0.0,0.0,0.0,0.0,0.0,1.0,0.0,0.0,0.0,0.0,0.0,0.0,0.0,1.0,0.0,0.0,0.0,0.0,0.0,4.329970205943239e-05,0.0,1.0,0.0
vote_56,0.9885057471264368,0.0828776359558105,0.0001978874206542,1.0,0.0,0.0,1.0,0.0,0.0,0.0,0.0,0.0,0.0,0.0,0.0,1.0,0.0,0.0,0.0,0.0,0.0,0.0,1.0,0.0,0.0,0.0,0.0,0.0,0.0,1.1788659330002206e-05,0.0,0.0,1.0
vote_56,0.9885057471264368,0.0782132148742675,0.0001914501190185,0.0,1.0,0.0,0.0,1.0,0.0,0.0,0.0,0.0,0.0,0.0,0.0,1.0,0.0,0.0,0.0,0.0,0.0,0.0,0.0,0.0,1.0,0.0,0.0,0.0,0.0,0.0006001570126998,0.0,0.0,1.0
vote_56,0.9885057471264368,0.0655779838562011,0.0001916885375976,0.0,1.0,0.0,0.0,1.0,0.0,0.0,0.0,0.0,0.0,0.0,0.0,1.0,0.0,0.0,0.0,0.0,0.0,0.0,0.0,0.0,1.0,0.0,0.0,0.0,0.0,9.722575137227187e-05,1.0,0.0,0.0
vote_56,0.9885057471264368,0.0700075626373291,0.0002162456512451,0.0,1.0,0.0,0.0,1.0,0.0,0.0,0.0,0.0,0.0,0.0,0.0,1.0,0.0,0.0,0.0,0.0,0.0,0.0,1.0,0.0,0.0,0.0,0.0,0.0,0.0,9.865652847530202e-05,0.0,0.0,1.0
vote_56,0.9885057471264368,0.075352668762207,0.000190258026123,0.0,1.0,0.0,0.0,1.0,0.0,0.0,0.0,0.0,0.0,0.0,0.0,1.0,0.0,0.0,0.0,0.0,0.0,0.0,0.0,0.0,0.0,0.0,1.0,0.0,0.0,0.0001267160145657,0.0,0.0,1.0
vote_56,0.9885057471264368,0.0827298164367675,0.0002093315124511,1.0,0.0,0.0,1.0,0.0,0.0,0.0,0.0,0.0,0.0,0.0,0.0,1.0,0.0,0.0,0.0,0.0,0.0,0.0,0.0,0.0,0.0,1.0,0.0,0.0,0.0,2.290171311341604e-05,0.0,0.0,1.0
vote_56,0.9885057471264368,0.0664949417114257,0.0001800060272216,0.0,1.0,0.0,0.0,1.0,0.0,0.0,0.0,0.0,0.0,0.0,0.0,1.0,0.0,0.0,0.0,0.0,0.0,0.0,0.0,0.0,0.0,0.0,1.0,0.0,-1.0,0.0002690123656249,0.0,1.0,0.0
vote_56,0.9885057471264368,0.0725290775299072,0.0001919269561767,0.0,1.0,0.0,1.0,0.0,0.0,0.0,0.0,0.0,0.0,0.0,0.0,1.0,0.0,0.0,0.0,0.0,0.0,0.0,0.0,0.0,0.0,1.0,0.0,0.0,-1.0,2.902436144023976e-05,0.0,1.0,0.0
vote_56,0.9885057471264368,2.606952667236328,0.0002539157867431,0.0,1.0,0.0,1.0,0.0,0.0,0.0,0.0,0.0,0.0,0.0,0.0,1.0,0.0,0.0,0.0,0.0,0.0,1.0,0.0,0.0,0.0,0.0,0.0,0.0,0.0,4.0021774974297593e-05,0.0,0.0,1.0
vote_56,0.9885057471264368,0.1664972305297851,0.0001933574676513,0.0,1.0,0.0,0.0,1.0,0.0,0.0,0.0,0.0,0.0,0.0,0.0,1.0,0.0,0.0,0.0,0.0,0.0,0.0,0.0,0.0,0.0,1.0,0.0,0.0,0.0,0.0001829691887126,0.0,0.0,1.0
vote_56,0.9885057471264368,0.0728013515472412,0.000199556350708,0.0,1.0,0.0,0.0,1.0,0.0,0.0,0.0,0.0,0.0,0.0,0.0,1.0,0.0,0.0,0.0,0.0,0.0,0.0,0.0,0.0,0.0,0.0,0.0,1.0,0.0,0.0003158729240582,0.0,0.0,1.0
chscase_census2_909,0.65,0.0012178421020507,0.0001354217529296,0.0,1.0,0.0,1.0,0.0,0.0,0.0,0.0,0.0,0.0,1.0,0.0,0.0,0.0,0.0,0.0,0.0,0.0,0.0,0.0,0.0,1.0,0.0,0.0,0.0,0.8685198281354841,0.0002892236205812,0.0,1.0,0.0
chscase_census2_909,0.65,0.0013067722320556,0.0001201629638671,0.0,1.0,0.0,0.0,1.0,0.0,0.0,0.0,0.0,0.0,1.0,0.0,0.0,0.0,0.0,0.0,0.0,0.0,0.0,0.0,0.0,1.0,0.0,0.0,0.0,-1.0,1.466556183815287e-05,1.0,0.0,0.0
chscase_census2_909,0.65,0.0012140274047851,0.000117540359497,1.0,0.0,1.0,0.0,0.0,0.0,0.0,0.0,0.0,0.0,1.0,0.0,0.0,0.0,0.0,0.0,0.0,0.0,0.0,0.0,0.0,1.0,0.0,0.0,0.0,0.0,0.0003229640630573,0.0,0.0,1.0
chscase_census2_909,0.65,0.0011610984802246,0.0001118183135986,1.0,0.0,0.0,0.0,1.0,0.0,0.0,0.0,0.0,0.0,1.0,0.0,0.0,0.0,0.0,0.0,0.0,0.0,0.0,0.0,0.0,1.0,0.0,0.0,0.0,0.0,0.0002115684334827,0.0,1.0,0.0
chscase_census2_909,0.65,0.0012726783752441,0.0001132488250732,0.0,1.0,1.0,0.0,0.0,0.0,0.0,0.0,0.0,0.0,1.0,0.0,0.0,0.0,0.0,0.0,0.0,0.0,0.0,0.0,0.0,1.0,0.0,0.0,0.0,0.0,0.0001622527074745,0.0,0.0,1.0
chscase_census2_909,0.65,0.0012738704681396,0.0001132488250732,1.0,0.0,0.0,1.0,0.0,0.0,0.0,0.0,0.0,0.0,1.0,0.0,0.0,0.0,0.0,0.0,0.0,0.0,0.0,0.0,0.0,1.0,0.0,0.0,0.0,-1.0,0.0008585162203479,0.0,1.0,0.0
chscase_census2_909,0.6375,0.001223087310791,0.0001130104064941,0.0,1.0,1.0,0.0,0.0,0.0,0.0,1.0,0.0,0.0,0.0,0.0,0.0,0.0,0.0,0.0,0.0,0.0,0.0,1.0,0.0,0.0,0.0,0.0,0.0,-1.0,4.939140091658615e-05,0.0,1.0,0.0
chscase_census2_909,0.6375,0.0013036727905273,0.0001144409179687,0.0,1.0,0.0,1.0,0.0,0.0,0.0,1.0,0.0,0.0,0.0,0.0,0.0,0.0,0.0,0.0,0.0,0.0,0.0,1.0,0.0,0.0,0.0,0.0,0.0,-1.0,0.0002323659209478,0.0,1.0,0.0
chscase_census2_909,0.6375,0.0012855529785156,0.0001146793365478,0.0,1.0,1.0,0.0,0.0,0.0,0.0,0.0,0.0,0.0,0.0,0.0,0.0,0.0,0.0,0.0,0.0,1.0,0.0,1.0,0.0,0.0,0.0,0.0,0.0,0.0,0.0001401095772089,0.0,0.0,1.0
chscase_census2_909,0.6375,0.0012807846069335,0.0001161098480224,0.0,1.0,0.0,1.0,0.0,0.0,0.0,0.0,0.0,0.0,0.0,0.0,0.0,0.0,0.0,0.0,0.0,1.0,0.0,1.0,0.0,0.0,0.0,0.0,0.0,0.0,5.969251317520452e-05,0.0,0.0,1.0
chscase_census2_909,0.6375,0.0012094974517822,0.000112771987915,1.0,0.0,1.0,0.0,0.0,0.0,0.0,1.0,0.0,0.0,0.0,0.0,0.0,0.0,0.0,0.0,0.0,0.0,0.0,1.0,0.0,0.0,0.0,0.0,0.0,0.0,0.0003771197060894,0.0,0.0,1.0
chscase_census2_909,0.6375,0.0013253688812255,0.0001130104064941,0.0,1.0,0.0,0.0,1.0,0.0,0.0,0.0,0.0,0.0,1.0,0.0,0.0,0.0,0.0,0.0,0.0,0.0,0.0,0.0,0.0,0.0,1.0,0.0,0.0,0.0,6.401702155085997e-05,0.0,0.0,1.0
chscase_census2_909,0.6375,0.0012280941009521,0.0001132488250732,0.0,1.0,0.0,0.0,1.0,0.0,0.0,1.0,0.0,0.0,0.0,0.0,0.0,0.0,0.0,0.0,0.0,0.0,0.0,1.0,0.0,0.0,0.0,0.0,0.0,0.0,0.0001309517783882,0.0,0.0,1.0
chscase_census2_909,0.6375,0.0012605190277099,0.0001161098480224,1.0,0.0,0.0,1.0,0.0,0.0,0.0,1.0,0.0,0.0,0.0,0.0,0.0,0.0,0.0,0.0,0.0,0.0,0.0,1.0,0.0,0.0,0.0,0.0,0.0,-1.0,0.0001322069997422,1.0,0.0,0.0
chscase_census2_909,0.6375,0.0011730194091796,0.0001108646392822,1.0,0.0,0.0,1.0,0.0,0.0,0.0,0.0,0.0,0.0,1.0,0.0,0.0,0.0,0.0,0.0,0.0,0.0,0.0,0.0,0.0,0.0,1.0,0.0,0.0,0.0,0.0001053550323113,0.0,0.0,1.0
chscase_census2_909,0.6375,0.0013248920440673,0.0001137256622314,1.0,0.0,0.0,1.0,0.0,0.0,0.0,0.0,0.0,0.0,0.0,0.0,0.0,0.0,0.0,0.0,0.0,1.0,0.0,1.0,0.0,0.0,0.0,0.0,0.0,0.0,8.218724797122102e-05,0.0,1.0,0.0
chscase_census2_909,0.6375,0.0014469623565673,0.0001165866851806,1.0,0.0,1.0,0.0,0.0,0.0,0.0,0.0,0.0,0.0,1.0,0.0,0.0,0.0,0.0,0.0,0.0,0.0,0.0,0.0,0.0,0.0,1.0,0.0,0.0,0.0,2.1655001874805973e-05,0.0,0.0,1.0
chscase_census2_909,0.6375,0.0012075901031494,0.0001130104064941,0.0,1.0,0.0,1.0,0.0,0.0,0.0,0.0,0.0,0.0,1.0,0.0,0.0,0.0,0.0,0.0,0.0,0.0,0.0,0.0,0.0,0.0,1.0,0.0,0.0,0.0,3.0317370124789685e-05,0.0,0.0,1.0
chscase_census2_909,0.6375,0.0012247562408447,0.0001137256622314,1.0,0.0,0.0,0.0,1.0,0.0,0.0,1.0,0.0,0.0,0.0,0.0,0.0,0.0,0.0,0.0,0.0,0.0,0.0,1.0,0.0,0.0,0.0,0.0,0.0,0.0,1.7660616789608144e-05,0.0,1.0,0.0
chscase_census2_909,0.6375,0.001183271408081,0.000112771987915,0.0,1.0,1.0,0.0,0.0,0.0,0.0,0.0,0.0,0.0,1.0,0.0,0.0,0.0,0.0,0.0,0.0,0.0,0.0,0.0,0.0,0.0,1.0,0.0,0.0,0.0,0.0002798867541278,0.0,0.0,1.0
autoPrice_756,1.0,0.0012156963348388,0.0001134872436523,1.0,0.0,0.0,1.0,0.0,0.0,0.0,0.0,0.0,0.0,0.0,1.0,0.0,0.0,0.0,0.0,0.0,0.0,0.0,0.0,0.0,1.0,0.0,0.0,0.0,0.6595765417989541,0.0003080273611801,1.0,0.0,0.0
autoPrice_756,1.0,0.0012195110321044,0.0001344680786132,0.0,1.0,0.0,0.0,1.0,0.0,1.0,0.0,0.0,0.0,0.0,0.0,0.0,0.0,0.0,0.0,0.0,0.0,0.0,0.0,0.0,1.0,0.0,0.0,0.0,-1.0,0.0001892596117216,1.0,0.0,0.0
autoPrice_756,1.0,0.001246690750122,0.0001113414764404,0.0,1.0,0.0,0.0,1.0,0.0,0.0,0.0,0.0,0.0,0.0,1.0,0.0,0.0,0.0,0.0,0.0,0.0,0.0,0.0,0.0,1.0,0.0,0.0,0.0,-1.0,0.0006843626240034,1.0,0.0,0.0
autoPrice_756,1.0,0.0012390613555908,0.0001404285430908,1.0,0.0,1.0,0.0,0.0,0.0,1.0,0.0,0.0,0.0,0.0,0.0,0.0,0.0,0.0,0.0,0.0,0.0,0.0,0.0,0.0,1.0,0.0,0.0,0.0,-1.0,3.3878818994112264e-05,1.0,0.0,0.0
autoPrice_756,1.0,0.0010721683502197,0.0001027584075927,0.0,1.0,1.0,0.0,0.0,1.0,0.0,0.0,0.0,0.0,0.0,0.0,0.0,0.0,0.0,0.0,0.0,0.0,0.0,1.0,0.0,0.0,0.0,0.0,0.0,-1.0,0.000438578977192,0.0,1.0,0.0
autoPrice_756,1.0,0.0010905265808105,0.0001449584960937,0.0,1.0,0.0,0.0,1.0,0.0,0.0,0.0,0.0,0.0,1.0,0.0,0.0,0.0,0.0,0.0,0.0,0.0,0.0,0.0,0.0,0.0,1.0,0.0,0.0,0.2557342951304235,2.3532461409362592e-05,1.0,0.0,0.0
autoPrice_756,1.0,0.0011100769042968,0.0001096725463867,1.0,0.0,1.0,0.0,0.0,0.0,0.0,0.0,0.0,0.0,1.0,0.0,0.0,0.0,0.0,0.0,0.0,0.0,0.0,0.0,0.0,0.0,1.0,0.0,0.0,0.7356176975784086,1.3666122748756058e-05,0.0,1.0,0.0
autoPrice_756,1.0,0.0011055469512939,0.0001330375671386,0.0,1.0,0.0,1.0,0.0,0.0,0.0,0.0,0.0,0.0,0.0,0.0,0.0,0.0,0.0,0.0,0.0,1.0,0.0,1.0,0.0,0.0,0.0,0.0,0.0,0.0,1.0005934358343832e-05,0.0,0.0,1.0
autoPrice_756,1.0,0.0011310577392578,0.0001120567321777,1.0,0.0,1.0,0.0,0.0,1.0,0.0,0.0,0.0,0.0,0.0,0.0,0.0,0.0,0.0,0.0,0.0,0.0,0.0,0.0,0.0,0.0,0.0,1.0,0.0,0.0,0.0001449661911712,1.0,0.0,0.0
autoPrice_756,1.0,0.001131534576416,0.000112771987915,0.0,1.0,1.0,0.0,0.0,0.0,0.0,0.0,0.0,0.0,1.0,0.0,0.0,0.0,0.0,0.0,0.0,0.0,0.0,0.0,0.0,0.0,1.0,0.0,0.0,0.0,0.0003609778969446,0.0,0.0,1.0
autoPrice_756,1.0,0.0012872219085693,0.0001106262207031,0.0,1.0,0.0,1.0,0.0,0.0,1.0,0.0,0.0,0.0,0.0,0.0,0.0,0.0,0.0,0.0,0.0,0.0,0.0,0.0,0.0,1.0,0.0,0.0,0.0,0.5029588109446261,0.0004425606100519,0.0,1.0,0.0
autoPrice_756,1.0,0.0014293193817138,0.0001184940338134,0.0,1.0,0.0,1.0,0.0,1.0,0.0,0.0,0.0,0.0,0.0,0.0,0.0,0.0,0.0,0.0,0.0,0.0,0.0,0.0,0.0,0.0,0.0,1.0,0.0,-1.0,8.735927951333853e-05,0.0,1.0,0.0
autoPrice_756,1.0,0.0011727809906005,0.0001111030578613,0.0,1.0,1.0,0.0,0.0,1.0,0.0,0.0,0.0,0.0,0.0,0.0,0.0,0.0,0.0,0.0,0.0,0.0,0.0,0.0,0.0,0.0,0.0,1.0,0.0,0.0,1.3105120728283974e-05,0.0,1.0,0.0
autoPrice_756,1.0,0.0011401176452636,0.0001349449157714,1.0,0.0,1.0,0.0,0.0,1.0,0.0,0.0,0.0,0.0,0.0,0.0,0.0,0.0,0.0,0.0,0.0,0.0,1.0,0.0,0.0,0.0,0.0,0.0,0.0,-1.0,1.1790296318370156e-05,0.0,1.0,0.0
autoPrice_756,1.0,0.0011780261993408,0.0001111030578613,0.0,1.0,0.0,1.0,0.0,0.0,0.0,0.0,0.0,0.0,0.0,1.0,0.0,0.0,0.0,0.0,0.0,0.0,0.0,0.0,0.0,1.0,0.0,0.0,0.0,0.0,0.0006834443478028,0.0,0.0,1.0
autoPrice_756,1.0,0.0012030601501464,0.0001156330108642,1.0,0.0,0.0,1.0,0.0,1.0,0.0,0.0,0.0,0.0,0.0,0.0,0.0,0.0,0.0,0.0,0.0,0.0,0.0,0.0,0.0,0.0,0.0,1.0,0.0,0.0,1.534195562781772e-05,1.0,0.0,0.0
autoPrice_756,1.0,0.001157522201538,0.0001146793365478,1.0,0.0,0.0,0.0,1.0,1.0,0.0,0.0,0.0,0.0,0.0,0.0,0.0,0.0,0.0,0.0,0.0,0.0,0.0,1.0,0.0,0.0,0.0,0.0,0.0,0.8980615712425501,0.0003709621066821,1.0,0.0,0.0
autoPrice_756,1.0,0.0011215209960937,0.0001111030578613,1.0,0.0,0.0,1.0,0.0,1.0,0.0,0.0,0.0,0.0,0.0,0.0,0.0,0.0,0.0,0.0,0.0,0.0,0.0,0.0,0.0,0.0,0.0,0.0,1.0,0.0,1.3776350081023156e-05,0.0,0.0,1.0
autoPrice_756,1.0,0.0011477470397949,0.0001084804534912,0.0,1.0,0.0,1.0,0.0,1.0,0.0,0.0,0.0,0.0,0.0,0.0,0.0,0.0,0.0,0.0,0.0,0.0,0.0,1.0,0.0,0.0,0.0,0.0,0.0,0.0,2.326465833257913e-05,0.0,0.0,1.0
autoPrice_756,1.0,0.0011107921600341,0.0001258850097656,0.0,1.0,0.0,1.0,0.0,0.0,0.0,0.0,0.0,0.0,1.0,0.0,0.0,0.0,0.0,0.0,0.0,0.0,0.0,0.0,0.0,0.0,1.0,0.0,0.0,0.1827961366754688,2.1170609195533776e-05,0.0,1.0,0.0
