{
  "algorithm": "adaboost",
  "target_task": 9957,
  "n_trials": 30,
  "n_init": 5,
  "best_y": 0.9285874962806702,
  "y_pool_best": 0.9285874962806702,
  "regret": 0.0,
  "normalized_regret": 0.0,
  "best_y_history": [
    0.9079577326774597,
    0.9079577326774597,
    0.9079577326774597,
    0.9079577326774597,
    0.9079577326774597,
    0.9079577326774597,
    0.9285874962806702,
    0.9285874962806702,
    0.9285874962806702,
    0.9285874962806702,
    0.9285874962806702,
    0.9285874962806702,
    0.9285874962806702,
    0.9285874962806702,
    0.9285874962806702,
    0.9285874962806702,
    0.9285874962806702,
    0.9285874962806702,
    0.9285874962806702,
    0.9285874962806702,
    0.9285874962806702,
    0.9285874962806702,
    0.9285874962806702,
    0.9285874962806702,
    0.9285874962806702,
    0.9285874962806702,
    0.9285874962806702,
    0.9285874962806702,
    0.9285874962806702,
    0.9285874962806702
  ],
  "checkpoint": "fsbo_adaboost_20260107_151935.pt",
  "seed": 42
}