{
  "algorithm": "adaboost",
  "timestamp": "20260108_012523",
  "config": {
    "algorithm": "adaboost",
    "n_trials": 20,
    "n_init": 5,
    "n_seeds": 3,
    "methods": [
      "fsbo",
      "random",
      "gp-rs"
    ],
    "train_ratio": 0.7,
    "val_ratio": 0.15,
    "seed": 42,
    "train_tasks": [
      14969,
      146817,
      3,
      9978,
      15,
      9946,
      45,
      31,
      3549,
      146821,
      146195,
      23,
      9964,
      32,
      7592,
      14954,
      12,
      49,
      14952,
      22,
      16,
      3918,
      14,
      10093,
      219,
      125920,
      9971,
      125922,
      3913,
      3904,
      146819,
      146820,
      43,
      3573,
      3560,
      3481,
      9985,
      29,
      3917,
      146800,
      9981,
      9952,
      3903,
      9977
    ],
    "val_tasks": [
      10101,
      6,
      2079,
      11,
      146824,
      9960,
      9910,
      3022,
      14970
    ],
    "test_tasks": [
      28,
      3021,
      53,
      167125,
      2074,
      18,
      9976,
      37,
      3902,
      14965,
      9957
    ]
  },
  "results": {
    "fsbo": {
      "normalized_regret": {
        "mean": 0.1998109131500281,
        "std": 0.18535768138609873,
        "median": 0.12302366135025003
      },
      "simple_regret": {
        "mean": 0.04765569080005993,
        "std": 0.047533971376250664
      },
      "auc": {
        "mean": 0.7245527694172076,
        "std": 0.1739121074696756
      },
      "time_to_95": {
        "mean": 3.409090909090909,
        "std": 3.3528697465290955
      },
      "n_experiments": 33,
      "convergence_mean": [
        0.7581195795174801,
        0.7831502791607019,
        0.7929313200892825,
        0.7962547594850714,
        0.804559467416821,
        0.8067579883517642,
        0.8070658300862168,
        0.8070789503328728,
        0.8088219346422137,
        0.8102924299962593,
        0.8105181780728427,
        0.8116163755908157,
        0.8116163755908157,
        0.8129430684176359,
        0.8139761740511114,
        0.8145204656051866,
        0.8145204656051866,
        0.8145204656051866,
        0.8149785670367155,
        0.8149785670367155
      ],
      "convergence_std": [
        0.08664235989968022,
        0.07654313063338733,
        0.07295448666840461,
        0.07084495028750012,
        0.06970632059479955,
        0.06732405560854296,
        0.06778632465269732,
        0.06777322238284418,
        0.06544458871045328,
        0.06672958793588038,
        0.06647393495925488,
        0.06604108597502453,
        0.06604108597502453,
        0.06581250241369642,
        0.06622559207350505,
        0.06586993380905368,
        0.06586993380905368,
        0.06586993380905368,
        0.06565210427833554,
        0.06565210427833554
      ]
    },
    "random": {
      "normalized_regret": {
        "mean": 0.2208546740572965,
        "std": 0.19654861645509952,
        "median": 0.13401907973348698
      },
      "simple_regret": {
        "mean": 0.052958027883009476,
        "std": 0.04969242631307106
      },
      "auc": {
        "mean": 0.6821169032518213,
        "std": 0.17060223649725514
      },
      "time_to_95": {
        "mean": 7.090909090909091,
        "std": 5.290721646164168
      },
      "n_experiments": 33,
      "convergence_mean": [
        0.7385110006187902,
        0.7622125401641383,
        0.775580310460293,
        0.7793963479273247,
        0.7839573766245986,
        0.7910828138842727,
        0.7938581470287207,
        0.7983351494326736,
        0.7992114316333424,
        0.8008802406715624,
        0.8008802406715624,
        0.8031484954284899,
        0.8046060367064043,
        0.8051806471564553,
        0.8051806471564553,
        0.8051806471564553,
        0.806569926666491,
        0.8096215905565204,
        0.8096762299537659,
        0.8096762299537659
      ],
      "convergence_std": [
        0.07297330675007783,
        0.0702239842363892,
        0.06512700664480772,
        0.06650035490034811,
        0.06814532688776029,
        0.07083826246555727,
        0.07193273778829164,
        0.07392183238333787,
        0.07285471322898221,
        0.07207622045261619,
        0.07207622045261619,
        0.07423444730013107,
        0.07446067443902261,
        0.07381646537065131,
        0.07381646537065131,
        0.07381646537065131,
        0.07347988823395679,
        0.07350287379884272,
        0.0735386628034978,
        0.0735386628034978
      ]
    },
    "gp-rs": {
      "normalized_regret": {
        "mean": 0.21396278415862405,
        "std": 0.16908515354875986,
        "median": 0.13401907973348698
      },
      "simple_regret": {
        "mean": 0.05098008206396392,
        "std": 0.04207344668751013
      },
      "auc": {
        "mean": 0.67378412498085,
        "std": 0.15868250369571632
      },
      "time_to_95": {
        "mean": 6.333333333333333,
        "std": 5.099019513592785
      },
      "n_experiments": 33,
      "convergence_mean": [
        0.7385110006187902,
        0.7622125401641383,
        0.775580310460293,
        0.7793963479273247,
        0.7839573766245986,
        0.7889611034682302,
        0.7909222136844288,
        0.792248906511249,
        0.7953590353329977,
        0.7977471459995616,
        0.7989042527747877,
        0.8003330068154768,
        0.8027331522016814,
        0.8027331522016814,
        0.8027331522016814,
        0.8055307214910333,
        0.8055307214910333,
        0.8096438447634379,
        0.8111098842187361,
        0.8116541757728114
      ],
      "convergence_std": [
        0.07297330675007783,
        0.0702239842363892,
        0.06512700664480772,
        0.06650035490034811,
        0.06814532688776029,
        0.0681975847420342,
        0.0676494798898831,
        0.0678323091076843,
        0.06599240497059443,
        0.06857341111166625,
        0.07000719659189716,
        0.0689339839561342,
        0.06730766928612308,
        0.06730766928612308,
        0.06730766928612308,
        0.06519689074941135,
        0.06519689074941135,
        0.06641891736844158,
        0.06537286498901314,
        0.06503653439482414
      ]
    }
  },
  "comparisons": [
    {
      "method1": "FSBO",
      "method2": "RANDOM",
      "normalized_regret": {
        "method1_mean": 0.1998109131500281,
        "method2_mean": 0.2208546740572965,
        "statistic": 65.0,
        "p_value": 0.3717469127071449,
        "significant": false,
        "winner": "tie"
      },
      "auc": {
        "method1_mean": 0.7245527694172076,
        "method2_mean": 0.6821169032518213,
        "statistic": 139.0,
        "p_value": 0.019420084811665867,
        "significant": true,
        "winner": "FSBO"
      }
    },
    {
      "method1": "FSBO",
      "method2": "GP-RS",
      "normalized_regret": {
        "method1_mean": 0.1998109131500281,
        "method2_mean": 0.21396278415862405,
        "statistic": 107.5,
        "p_value": 0.7808201866411022,
        "significant": false,
        "winner": "tie"
      },
      "auc": {
        "method1_mean": 0.7245527694172076,
        "method2_mean": 0.67378412498085,
        "statistic": 150.0,
        "p_value": 0.03303323305084945,
        "significant": true,
        "winner": "FSBO"
      }
    },
    {
      "method1": "RANDOM",
      "method2": "GP-RS",
      "normalized_regret": {
        "method1_mean": 0.2208546740572965,
        "method2_mean": 0.21396278415862405,
        "statistic": 49.0,
        "p_value": 0.5317988106355197,
        "significant": false,
        "winner": "tie"
      },
      "auc": {
        "method1_mean": 0.6821169032518213,
        "method2_mean": 0.67378412498085,
        "statistic": 145.0,
        "p_value": 0.8864030063670636,
        "significant": false,
        "winner": "tie"
      }
    }
  ]
}