{
  "algorithm": "autosklearn",
  "timestamp": "20260108_020007",
  "config": {
    "k_folds": 5,
    "n_seeds": 3,
    "n_trials": 30,
    "n_init": 5,
    "methods": [
      "fsbo",
      "random",
      "gp-rs"
    ],
    "n_total_tasks": 64
  },
  "fold_results": [
    {
      "fold": 1,
      "train_tasks": [
        6,
        11,
        12,
        14,
        16,
        18,
        22,
        28,
        29,
        32,
        37,
        43,
        49,
        53,
        219,
        2074,
        2079,
        3021,
        3022,
        3481,
        3560,
        3573,
        3902,
        3903,
        3904,
        3913,
        3917,
        3918,
        7592,
        9910,
        9952,
        9957,
        9960,
        9971,
        9976,
        9977,
        9981,
        9985,
        10093,
        10101,
        14952,
        14954,
        14965,
        14970,
        125920,
        125922,
        146800,
        146819,
        146820,
        146824,
        167125
      ],
      "test_tasks": [
        3,
        15,
        23,
        31,
        45,
        3549,
        9946,
        9964,
        9978,
        14969,
        146195,
        146817,
        146821
      ],
      "results": {
        "fsbo": {
          "normalized_regret": {
            "mean": 0.3033454297325253,
            "std": 0.16803647931513224
          },
          "auc": {
            "mean": 0.6282606242219969,
            "std": 0.158669075243656
          }
        },
        "random": {
          "normalized_regret": {
            "mean": 0.3113155869038505,
            "std": 0.16469213129777346
          },
          "auc": {
            "mean": 0.6230722667204034,
            "std": 0.15790331103870653
          }
        },
        "gp-rs": {
          "normalized_regret": {
            "mean": 0.3040972608138574,
            "std": 0.16391098114980193
          },
          "auc": {
            "mean": 0.6212612159155932,
            "std": 0.16258883234133717
          }
        }
      }
    },
    {
      "fold": 2,
      "train_tasks": [
        3,
        6,
        11,
        15,
        18,
        23,
        28,
        29,
        31,
        37,
        43,
        45,
        53,
        2074,
        2079,
        3021,
        3022,
        3481,
        3549,
        3560,
        3573,
        3902,
        3903,
        3904,
        3913,
        3917,
        9910,
        9946,
        9952,
        9957,
        9960,
        9964,
        9971,
        9976,
        9977,
        9978,
        9981,
        9985,
        10101,
        14965,
        14969,
        14970,
        125922,
        146195,
        146800,
        146817,
        146819,
        146820,
        146821,
        146824,
        167125
      ],
      "test_tasks": [
        12,
        14,
        16,
        22,
        32,
        49,
        219,
        3918,
        7592,
        10093,
        14952,
        14954,
        125920
      ],
      "results": {
        "fsbo": {
          "normalized_regret": {
            "mean": 0.4687095379064566,
            "std": 0.2638711889978806
          },
          "auc": {
            "mean": 0.5057043338419537,
            "std": 0.25127681040948846
          }
        },
        "random": {
          "normalized_regret": {
            "mean": 0.4740775553144393,
            "std": 0.2561338550709319
          },
          "auc": {
            "mean": 0.4807805324175842,
            "std": 0.2335902290496366
          }
        },
        "gp-rs": {
          "normalized_regret": {
            "mean": 0.4467437499057098,
            "std": 0.2396767225082318
          },
          "auc": {
            "mean": 0.4953947934349627,
            "std": 0.22021501858873774
          }
        }
      }
    },
    {
      "fold": 3,
      "train_tasks": [
        3,
        6,
        11,
        12,
        14,
        15,
        16,
        18,
        22,
        23,
        28,
        31,
        32,
        37,
        45,
        49,
        53,
        219,
        2074,
        2079,
        3021,
        3022,
        3549,
        3902,
        3903,
        3918,
        7592,
        9910,
        9946,
        9952,
        9957,
        9960,
        9964,
        9976,
        9977,
        9978,
        9981,
        10093,
        10101,
        14952,
        14954,
        14965,
        14969,
        14970,
        125920,
        146195,
        146800,
        146817,
        146821,
        146824,
        167125
      ],
      "test_tasks": [
        29,
        43,
        3481,
        3560,
        3573,
        3904,
        3913,
        3917,
        9971,
        9985,
        125922,
        146819,
        146820
      ],
      "results": {
        "fsbo": {
          "normalized_regret": {
            "mean": 0.2849738456983085,
            "std": 0.15431422845342482
          },
          "auc": {
            "mean": 0.6611075651613422,
            "std": 0.1500545896161177
          }
        },
        "random": {
          "normalized_regret": {
            "mean": 0.29148477673414785,
            "std": 0.15135423940090595
          },
          "auc": {
            "mean": 0.670057141749471,
            "std": 0.14533018149554627
          }
        },
        "gp-rs": {
          "normalized_regret": {
            "mean": 0.29444910464139423,
            "std": 0.15145176668805593
          },
          "auc": {
            "mean": 0.6720918412744077,
            "std": 0.14669756887347649
          }
        }
      }
    },
    {
      "fold": 4,
      "train_tasks": [
        3,
        12,
        14,
        15,
        16,
        18,
        22,
        23,
        28,
        29,
        31,
        32,
        37,
        43,
        45,
        49,
        53,
        219,
        2074,
        3021,
        3481,
        3549,
        3560,
        3573,
        3902,
        3904,
        3913,
        3917,
        3918,
        7592,
        9946,
        9957,
        9964,
        9971,
        9976,
        9978,
        9985,
        10093,
        14952,
        14954,
        14965,
        14969,
        14970,
        125920,
        125922,
        146195,
        146817,
        146819,
        146820,
        146821,
        167125
      ],
      "test_tasks": [
        6,
        11,
        2079,
        3022,
        3903,
        9910,
        9952,
        9960,
        9977,
        9981,
        10101,
        146800,
        146824
      ],
      "results": {
        "fsbo": {
          "normalized_regret": {
            "mean": 0.29980115128030366,
            "std": 0.12777030287871102
          },
          "auc": {
            "mean": 0.6383443359704228,
            "std": 0.1324132101662863
          }
        },
        "random": {
          "normalized_regret": {
            "mean": 0.3169786435370921,
            "std": 0.1589569909677073
          },
          "auc": {
            "mean": 0.6284524361678276,
            "std": 0.13189772330916993
          }
        },
        "gp-rs": {
          "normalized_regret": {
            "mean": 0.31276287748941906,
            "std": 0.12958150302831156
          },
          "auc": {
            "mean": 0.6296080058750652,
            "std": 0.11760687379448051
          }
        }
      }
    },
    {
      "fold": 5,