{
  "algorithm": "adaboost",
  "timestamp": "20260108_013623",
  "config": {
    "k_folds": 5,
    "n_seeds": 3,
    "n_trials": 30,
    "n_init": 5,
    "methods": [
      "fsbo",
      "random",
      "gp-rs"
    ],
    "n_total_tasks": 64
  },
  "fold_results": [
    {
      "fold": 1,
      "train_tasks": [
        6,
        11,
        12,
        14,
        16,
        18,
        22,
        28,
        29,
        32,
        37,
        43,
        49,
        53,
        219,
        2074,
        2079,
        3021,
        3022,
        3481,
        3560,
        3573,
        3902,
        3903,
        3904,
        3913,
        3917,
        3918,
        7592,
        9910,
        9952,
        9957,
        9960,
        9971,
        9976,
        9977,
        9981,
        9985,
        10093,
        10101,
        14952,
        14954,
        14965,
        14970,
        125920,
        125922,
        146800,
        146819,
        146820,
        146824,
        167125
      ],
      "test_tasks": [
        3,
        15,
        23,
        31,
        45,
        3549,
        9946,
        9964,
        9978,
        14969,
        146195,
        146817,
        146821
      ],
      "results": {
        "fsbo": {
          "normalized_regret": {
            "mean": 0.21900430867494586,
            "std": 0.11799193378280967
          },
          "auc": {
            "mean": 0.7080502707436596,
            "std": 0.09962500814519604
          }
        },
        "random": {
          "normalized_regret": {
            "mean": 0.22679831927345598,
            "std": 0.1000519085548739
          },
          "auc": {
            "mean": 0.703725218025699,
            "std": 0.10338730930936282
          }
        },
        "gp-rs": {
          "normalized_regret": {
            "mean": 0.22391947156824385,
            "std": 0.13758526791862344
          },
          "auc": {
            "mean": 0.7031008587878593,
            "std": 0.13060542432193223
          }
        }
      }
    },
    {
      "fold": 2,
      "train_tasks": [
        3,
        6,
        11,
        15,
        18,
        23,
        28,
        29,
        31,
        37,
        43,
        45,
        53,
        2074,
        2079,
        3021,
        3022,
        3481,
        3549,
        3560,
        3573,
        3902,
        3903,
        3904,
        3913,
        3917,
        9910,
        9946,
        9952,
        9957,
        9960,
        9964,
        9971,
        9976,
        9977,
        9978,
        9981,
        9985,
        10101,
        14965,
        14969,
        14970,
        125922,
        146195,
        146800,
        146817,
        146819,
        146820,
        146821,
        146824,
        167125
      ],
      "test_tasks": [
        12,
        14,
        16,
        22,
        32,
        49,
        219,
        3918,
        7592,
        10093,
        14952,
        14954,
        125920
      ],
      "results": {
        "fsbo": {
          "normalized_regret": {
            "mean": 0.15743738388876993,
            "std": 0.15236343175097233
          },
          "auc": {
            "mean": 0.7781847338756064,
            "std": 0.15713378083748944
          }
        },
        "random": {
          "normalized_regret": {
            "mean": 0.14196908722610438,
            "std": 0.15884243254762273
          },
          "auc": {
            "mean": 0.7589029152920996,
            "std": 0.16042724800295655
          }
        },
        "gp-rs": {
          "normalized_regret": {
            "mean": 0.1548338297589899,
            "std": 0.15797593875909546
          },
          "auc": {
            "mean": 0.7590892673876581,
            "std": 0.162981769873696
          }
        }
      }
    },
    {
      "fold": 3,
      "train_tasks": [
        3,
        6,
        11,
        12,
        14,
        15,
        16,
        18,
        22,
        23,
        28,
        31,
        32,
        37,
        45,
        49,
        53,
        219,
        2074,
        2079,
        3021,
        3022,
        3549,
        3902,
        3903,
        3918,
        7592,
        9910,
        9946,
        9952,
        9957,
        9960,
        9964,
        9976,
        9977,
        9978,
        9981,
        10093,
        10101,
        14952,
        14954,
        14965,
        14969,
        14970,
        125920,
        146195,
        146800,
        146817,
        146821,
        146824,
        167125
      ],
      "test_tasks": [
        29,
        43,
        3481,
        3560,
        3573,
        3904,
        3913,
        3917,
        9971,
        9985,
        125922,
        146819,
        146820
      ],
      "results": {
        "fsbo": {
          "normalized_regret": {
            "mean": 0.19165125312563286,
            "std": 0.1063109959693755
          },
          "auc": {
            "mean": 0.7481299590938462,
            "std": 0.10392068097844778
          }
        },
        "random": {
          "normalized_regret": {
            "mean": 0.19526039638725048,
            "std": 0.0991254813503879
          },
          "auc": {
            "mean": 0.7338898815405197,
            "std": 0.10287049995366362
          }
        },
        "gp-rs": {
          "normalized_regret": {
            "mean": 0.18462692890052035,
            "std": 0.1167048037753302
          },
          "auc": {
            "mean": 0.7432136199818431,
            "std": 0.10512381969120481
          }
        }
      }
    },
    {
      "fold": 4,
      "train_tasks": [
        3,
        12,
        14,
        15,
        16,
        18,
        22,
        23,
        28,
        29,
        31,
        32,
        37,
        43,
        45,
        49,
        53,
        219,
        2074,
        3021,
        3481,
        3549,
        3560,
        3573,
        3902,
        3904,
        3913,
        3917,
        3918,
        7592,
        9946,
        9957,
        9964,
        9971,
        9976,
        9978,
        9985,
        10093,
        14952,
        14954,
        14965,
        14969,
        14970,
        125920,
        125922,
        146195,
        146817,
        146819,
        146820,
        146821,
        167125
      ],
      "test_tasks": [
        6,
        11,
        2079,
        3022,
        3903,
        9910,
        9952,
        9960,
        9977,
        9981,
        10101,
        146800,
        146824
      ],
      "results": {
        "fsbo": {
          "normalized_regret": {
            "mean": 0.19898819285017685,
            "std": 0.16647017103640566
          },
          "auc": {
            "mean": 0.7386537290641412,
            "std": 0.15832671576367846
          }
        },
        "random": {
          "normalized_regret": {
            "mean": 0.22157599054753171,
            "std": 0.16150633410452211
          },
          "auc": {
            "mean": 0.6995328205499981,
            "std": 0.1443813280532404
          }
        },
        "gp-rs": {
          "normalized_regret": {
            "mean": 0.22091523323276205,
            "std": 0.18166470534291612
          },
          "auc": {
            "mean": 0.7099265026400782,
            "std": 0.16454520239291423
          }
        }
      }
    },
    {
      "fold": 5,