{
  "algorithm": "libsvm_svc",
  "timestamp": "20260108_015410",
  "config": {
    "k_folds": 5,
    "n_seeds": 3,
    "n_trials": 30,
    "n_init": 5,
    "methods": [
      "fsbo",
      "random",
      "gp-rs"
    ],
    "n_total_tasks": 64
  },
  "fold_results": [
    {
      "fold": 1,
      "train_tasks": [
        6,
        11,
        12,
        14,
        16,
        18,
        22,
        28,
        29,
        32,
        37,
        43,
        49,
        53,
        219,
        2074,
        2079,
        3021,
        3022,
        3481,
        3560,
        3573,
        3902,
        3903,
        3904,
        3913,
        3917,
        3918,
        7592,
        9910,
        9952,
        9957,
        9960,
        9971,
        9976,
        9977,
        9981,
        9985,
        10093,
        10101,
        14952,
        14954,
        14965,
        14970,
        125920,
        125922,
        146800,
        146819,
        146820,
        146824,
        167125
      ],
      "test_tasks": [
        3,
        15,
        23,
        31,
        45,
        3549,
        9946,
        9964,
        9978,
        14969,
        146195,
        146817,
        146821
      ],
      "results": {
        "fsbo": {
          "normalized_regret": {
            "mean": 0.22402470916642342,
            "std": 0.15564246962618106
          },
          "auc": {
            "mean": 0.6855793791142415,
            "std": 0.14804430868344617
          }
        },
        "random": {
          "normalized_regret": {
            "mean": 0.28444030918583935,
            "std": 0.16086143558587962
          },
          "auc": {
            "mean": 0.6524311501628924,
            "std": 0.15955838892596858
          }
        },
        "gp-rs": {
          "normalized_regret": {
            "mean": 0.23488478165889817,
            "std": 0.14221365659718455
          },
          "auc": {
            "mean": 0.6663997857603254,
            "std": 0.15783401917513085
          }
        }
      }
    },
    {
      "fold": 2,
      "train_tasks": [
        3,
        6,
        11,
        15,
        18,
        23,
        28,
        29,
        31,
        37,
        43,
        45,
        53,
        2074,
        2079,
        3021,
        3022,
        3481,
        3549,
        3560,
        3573,
        3902,
        3903,
        3904,
        3913,
        3917,
        9910,
        9946,
        9952,
        9957,
        9960,
        9964,
        9971,
        9976,
        9977,
        9978,
        9981,
        9985,
        10101,
        14965,
        14969,
        14970,
        125922,
        146195,
        146800,
        146817,
        146819,
        146820,
        146821,
        146824,
        167125
      ],
      "test_tasks": [
        12,
        14,
        16,
        22,
        32,
        49,
        219,
        3918,
        7592,
        10093,
        14952,
        14954,
        125920
      ],
      "results": {
        "fsbo": {
          "normalized_regret": {
            "mean": 0.19815650477685048,
            "std": 0.1045203105958966
          },
          "auc": {
            "mean": 0.7488399329232412,
            "std": 0.10727899152126105
          }
        },
        "random": {
          "normalized_regret": {
            "mean": 0.19124150702939607,
            "std": 0.09870863509013218
          },
          "auc": {
            "mean": 0.7498628606966914,
            "std": 0.09721982420404872
          }
        },
        "gp-rs": {
          "normalized_regret": {
            "mean": 0.19306507152336996,
            "std": 0.11486650286888389
          },
          "auc": {
            "mean": 0.7444760558577492,
            "std": 0.10069824872763547
          }
        }
      }
    },
    {
      "fold": 3,
      "train_tasks": [
        3,
        6,
        11,
        12,
        14,
        15,
        16,
        18,
        22,
        23,
        28,
        31,
        32,
        37,
        45,
        49,
        53,
        219,
        2074,
        2079,
        3021,
        3022,
        3549,
        3902,
        3903,
        3918,
        7592,
        9910,
        9946,
        9952,
        9957,
        9960,
        9964,
        9976,
        9977,
        9978,
        9981,
        10093,
        10101,
        14952,
        14954,
        14965,
        14969,
        14970,
        125920,
        146195,
        146800,
        146817,
        146821,
        146824,
        167125
      ],
      "test_tasks": [
        29,
        43,
        3481,
        3560,
        3573,
        3904,
        3913,
        3917,
        9971,
        9985,
        125922,
        146819,
        146820
      ],
      "results": {
        "fsbo": {
          "normalized_regret": {
            "mean": 0.19455639619331724,
            "std": 0.12473640169401279
          },
          "auc": {
            "mean": 0.7429463780116407,
            "std": 0.12275845725367013
          }
        },
        "random": {
          "normalized_regret": {
            "mean": 0.19635603011634137,
            "std": 0.13464534173962156
          },
          "auc": {
            "mean": 0.7352762862731276,
            "std": 0.13420303185438265
          }
        },
        "gp-rs": {
          "normalized_regret": {
            "mean": 0.17238891751532717,
            "std": 0.14121747756782915
          },
          "auc": {
            "mean": 0.7518029590163149,
            "std": 0.12943945262954282
          }
        }
      }
    },
    {
      "fold": 4,
      "train_tasks": [
        3,
        12,
        14,
        15,
        16,
        18,
        22,
        23,
        28,
        29,
        31,
        32,
        37,
        43,
        45,
        49,
        53,
        219,
        2074,
        3021,
        3481,
        3549,
        3560,
        3573,
        3902,
        3904,
        3913,
        3917,
        3918,
        7592,
        9946,
        9957,
        9964,
        9971,
        9976,
        9978,
        9985,
        10093,
        14952,
        14954,
        14965,
        14969,
        14970,
        125920,
        125922,
        146195,
        146817,
        146819,
        146820,
        146821,
        167125
      ],
      "test_tasks": [
        6,
        11,
        2079,
        3022,
        3903,
        9910,
        9952,
        9960,
        9977,
        9981,
        10101,
        146800,
        146824
      ],
      "results": {
        "fsbo": {
          "normalized_regret": {
            "mean": 0.17322028984732216,
            "std": 0.11801782084174736
          },
          "auc": {
            "mean": 0.76162632831162,
            "std": 0.11163141817776236
          }
        },
        "random": {
          "normalized_regret": {
            "mean": 0.20935214731518892,
            "std": 0.12133545280769235
          },
          "auc": {
            "mean": 0.7137992571365106,
            "std": 0.11164483542666973
          }
        },
        "gp-rs": {
          "normalized_regret": {
            "mean": 0.18835686324608442,
            "std": 0.12305595027559145
          },
          "auc": {
            "mean": 0.742585120051452,
            "std": 0.11151466065776695
          }
        }
      }
    },
    {
      "fold": 5,