{
  "algorithm": "random_forest",
  "timestamp": "20260108_014841",
  "config": {
    "k_folds": 5,
    "n_seeds": 3,
    "n_trials": 30,
    "n_init": 5,
    "methods": [
      "fsbo",
      "random",
      "gp-rs"
    ],
    "n_total_tasks": 64
  },
  "fold_results": [
    {
      "fold": 1,
      "train_tasks": [
        6,
        11,
        12,
        14,
        16,
        18,
        22,
        28,
        29,
        32,
        37,
        43,
        49,
        53,
        219,
        2074,
        2079,
        3021,
        3022,
        3481,
        3560,
        3573,
        3902,
        3903,
        3904,
        3913,
        3917,
        3918,
        7592,
        9910,
        9952,
        9957,
        9960,
        9971,
        9976,
        9977,
        9981,
        9985,
        10093,
        10101,
        14952,
        14954,
        14965,
        14970,
        125920,
        125922,
        146800,
        146819,
        146820,
        146824,
        167125
      ],
      "test_tasks": [
        3,
        15,
        23,
        31,
        45,
        3549,
        9946,
        9964,
        9978,
        14969,
        146195,
        146817,
        146821
      ],
      "results": {
        "fsbo": {
          "normalized_regret": {
            "mean": 0.22779012858399397,
            "std": 0.12204261843597922
          },
          "auc": {
            "mean": 0.7077830064423372,
            "std": 0.11777342057687447
          }
        },
        "random": {
          "normalized_regret": {
            "mean": 0.2399408346781078,
            "std": 0.12856207727201652
          },
          "auc": {
            "mean": 0.6797317055273328,
            "std": 0.11832160313115532
          }
        },
        "gp-rs": {
          "normalized_regret": {
            "mean": 0.2553736818895626,
            "std": 0.13491760404820874
          },
          "auc": {
            "mean": 0.6794413362376605,
            "std": 0.11757742948640003
          }
        }
      }
    },
    {
      "fold": 2,
      "train_tasks": [
        3,
        6,
        11,
        15,
        18,
        23,
        28,
        29,
        31,
        37,
        43,
        45,
        53,
        2074,
        2079,
        3021,
        3022,
        3481,
        3549,
        3560,
        3573,
        3902,
        3903,
        3904,
        3913,
        3917,
        9910,
        9946,
        9952,
        9957,
        9960,
        9964,
        9971,
        9976,
        9977,
        9978,
        9981,
        9985,
        10101,
        14965,
        14969,
        14970,
        125922,
        146195,
        146800,
        146817,
        146819,
        146820,
        146821,
        146824,
        167125
      ],
      "test_tasks": [
        12,
        14,
        16,
        22,
        32,
        49,
        219,
        3918,
        7592,
        10093,
        14952,
        14954,
        125920
      ],
      "results": {
        "fsbo": {
          "normalized_regret": {
            "mean": 0.18245302942709107,
            "std": 0.14255135336039565
          },
          "auc": {
            "mean": 0.7444728022056345,
            "std": 0.14107314977615112
          }
        },
        "random": {
          "normalized_regret": {
            "mean": 0.23677318352655718,
            "std": 0.16208767300618426
          },
          "auc": {
            "mean": 0.6959943709277515,
            "std": 0.15479590300456758
          }
        },
        "gp-rs": {
          "normalized_regret": {
            "mean": 0.22741160184181375,
            "std": 0.18069157870213537
          },
          "auc": {
            "mean": 0.7092477744916836,
            "std": 0.16518477453282215
          }
        }
      }
    },
    {
      "fold": 3,
      "train_tasks": [
        3,
        6,
        11,
        12,
        14,
        15,
        16,
        18,
        22,
        23,
        28,
        31,
        32,
        37,
        45,
        49,
        53,
        219,
        2074,
        2079,
        3021,
        3022,
        3549,
        3902,
        3903,
        3918,
        7592,
        9910,
        9946,
        9952,
        9957,
        9960,
        9964,
        9976,
        9977,
        9978,
        9981,
        10093,
        10101,
        14952,
        14954,
        14965,
        14969,
        14970,
        125920,
        146195,
        146800,
        146817,
        146821,
        146824,
        167125
      ],
      "test_tasks": [
        29,
        43,
        3481,
        3560,
        3573,
        3904,
        3913,
        3917,
        9971,
        9985,
        125922,
        146819,
        146820
      ],
      "results": {
        "fsbo": {
          "normalized_regret": {
            "mean": 0.23252902194985559,
            "std": 0.10833997065141504
          },
          "auc": {
            "mean": 0.7094941742369002,
            "std": 0.11093067068820739
          }
        },
        "random": {
          "normalized_regret": {
            "mean": 0.23371142599684214,
            "std": 0.12535684586107027
          },
          "auc": {
            "mean": 0.7074014283524486,
            "std": 0.11307885723681667
          }
        },
        "gp-rs": {
          "normalized_regret": {
            "mean": 0.245873570515771,
            "std": 0.12796335534825953
          },
          "auc": {
            "mean": 0.7054935876742159,
            "std": 0.11461609741806097
          }
        }
      }
    },
    {
      "fold": 4,
      "train_tasks": [
        3,
        12,
        14,
        15,
        16,
        18,
        22,
        23,
        28,
        29,
        31,
        32,
        37,
        43,
        45,
        49,
        53,
        219,
        2074,
        3021,
        3481,
        3549,
        3560,
        3573,
        3902,
        3904,
        3913,
        3917,
        3918,
        7592,
        9946,
        9957,
        9964,
        9971,
        9976,
        9978,
        9985,
        10093,
        14952,
        14954,
        14965,
        14969,
        14970,
        125920,
        125922,
        146195,
        146817,
        146819,
        146820,
        146821,
        167125
      ],
      "test_tasks": [
        6,
        11,
        2079,
        3022,
        3903,
        9910,
        9952,
        9960,
        9977,
        9981,
        10101,
        146800,
        146824
      ],
      "results": {
        "fsbo": {
          "normalized_regret": {
            "mean": 0.2629239247863464,
            "std": 0.1330404018289061
          },
          "auc": {
            "mean": 0.6542243632026407,
            "std": 0.11934460023676134
          }
        },
        "random": {
          "normalized_regret": {
            "mean": 0.31487693592011146,
            "std": 0.16404887985308564
          },
          "auc": {
            "mean": 0.6151858420117823,
            "std": 0.15791680748331308
          }
        },
        "gp-rs": {
          "normalized_regret": {
            "mean": 0.32018020679473336,
            "std": 0.14314069389919526
          },
          "auc": {
            "mean": 0.6177945924238168,
            "std": 0.1397220197825353
          }
        }
      }
    },
    {
      "fold": 5,